tieu_de,gia,dia_chi,dien_tich_dat,phong_ngu,phong_tam,so_tang,phap_ly,ngay_dang
"Chính chủ nhờ đăng tin bán nhà hẻm xe hơi 94/8 Trần Khắc Chân, P. Tân Định, Quận 1",21.5,"94/8 Đường Trần Khắc Chân, Phường Tân Định, Quận 1, Hồ Chí Minh",32.0,3.0,3.0,3.0,Sổ hồng,2025-11-22
"Nhà 2 mặt tiền 15 Phan Tôn, P. Tân Định Quận 1",16.5,"15, Đường Phan Tôn, Phường Đa Kao, Quận 1, Hồ Chí Minh",55.0,3.0,2.0,2.0,Sổ hồng,2025-11-26
"Bán nhà trung tâm q1 hẻm 457 Nguyễn Cảnh Chân, Cầu Kho, Q1, HCM, giá 17,5 tỷ, 66m2 có thương lượng",17.5,"Đường Nguyễn Cảnh Chân, Phường Cầu Kho, Quận 1, Hồ Chí Minh",66.0,5.0,6.0,4.0,Sổ hồng,2025-11-21
"Bán gấp giảm nhanh 1,5 tỷ còn 16 tỷ nhà Nguyễn Thái Bình, Quận 1, 8PN - 4 tầng, 73m2 DTSD 258m2",16.0,"Đường Nguyễn Thái Bình, Phường Nguyễn Thái Bình, Quận 1, Hồ Chí Minh",73.0,8.0,8.0,5.0,Sổ hồng,2025-11-19
THẬT 100% THU 250 TRIỆU/THÁNG 46 PHÒNG 10mx17m. 160m² HẺM 10m GẦN BÙI THỊ XUÂN- NGUYỄN TRÃI QUẬN 1,49.9,"Đường Bùi Thị Xuân, Phường Bến Thành, Quận 1, Hồ Chí Minh",160.0,46.0,46.0,8.0,Sổ hồng,2025-11-23
"Bán nhà riêng view đẹp tại Lê Thị Riêng, 7,6 tỷ, 36m2, 4PN, 4WC, Q1, HCM",7.6,"Đường Lê Thị Riêng, Phường Bến Thành, Quận 1, Hồ Chí Minh",36.0,4.0,4.0,4.0,Sổ hồng,2025-11-22
"HẺM XE HƠI TRẦN KHÁNH DƯ, TÂN ĐỊNH QUẬN 1, NHÀ 40M2, 3 TẦNG BTCT, 4PN, CHỈ NHỈNH 6 TỶ.LH0967 678 ***",6.5,"Đường Trần Khánh Dư, Phường Tân Định, Quận 1, Hồ Chí Minh",41.0,3.0,3.0,4.0,Sổ hồng,2025-11-27
NHÀ ĐẸP HIẾM Q.1 - BẾN CHƯƠNG DƯƠNG - VÕ VĂN KIỆT - 4 TẦNG - 27M2 - KHU DÂN TRÍ CAO - CHỈ 6.7 TỶ,6.7,"Đường Võ Văn Kiệt, Phường Cầu Kho, Quận 1, Hồ Chí Minh",26.0,5.0,6.0,4.0,Sổ hồng,2025-11-27
"Chính chủ bán Nhà đẹp 106/4/3 Nguyễn Văn Cừ, Quận 1, 3 lầu, Giá 6,3 tỷ TL",6.3,"Đường Nguyễn Văn Cừ, Phường Cầu Ông Lãnh, Quận 1, Hồ Chí Minh",24.0,3.0,4.0,4.0,Sổ hồng,2025-11-27
"BÁN GẤP NHÀ 2 TẦNG - CHỈ 6.8 TỶ - NGUYỄN TRÃI, QUẬN 1",7.0,"Đường Nguyễn Trãi, Phường Nguyễn Cư Trinh, Quận 1, Hồ Chí Minh",32.0,2.0,2.0,2.0,Sổ hồng,2025-11-16
"CHDV VIP gần Trần Hưng Đạo - Lê Thị Riêng,Quận 1 nhà mới 4 tầng,dòng tiền 80tr/tháng,full nội thất",25.0,"Đường Lê Thị Riêng, Phường Bến Thành, Quận 1, Hồ Chí Minh",110.0,6.0,6.0,4.0,Sổ hồng,2025-11-26
"Bán gấp nhà Đề Thám, P. Cầu Ông Lãnh, Q. 1 - sau MT, 4 tầng, ngang 4.1m - chỉ 13.1 tỷ",13.1,"Đường Đề Thám, Phường Cầu Ông Lãnh, Quận 1, Hồ Chí Minh",42.0,5.0,5.0,4.0,Sổ hồng,2025-11-27
"CHDV cao cấp Lê Thị Riêng, sát Trần Hưng Đạo, Quận 1 - DT 110m², 6 PN, 6WC, dòng tiền 80tr/tháng",25.0,"Đường Lê Thị Riêng, Phường Bến Thành, Quận 1, Hồ Chí Minh",110.0,6.0,6.0,4.0,Sổ hồng,2025-11-25
"Bán Nhà VIP Tôn Thất Tùng, Quận 1 - 71.5m², 13 CHDV, thang máy, dòng tiền 95tr/tháng - giá 35 tỷ",35.0,"Đường Tôn Thất Tùng, Phường Nguyễn Cư Trinh, Quận 1, Hồ Chí Minh",71.0,13.0,13.0,5.0,Sổ hồng,2025-11-27
"Nhà Nguyễn Trãi - 60m 16tỷ - trung tâm quận 1. 4 lầu, 4 PN, 5WC, hoàn công đủ, SHR, HXH",16.0,"Hẻm 263 Đường Nguyễn Trãi, Phường Nguyễn Cư Trinh, Quận 1, Hồ Chí Minh",60.0,4.0,5.0,4.0,Sổ hồng,2025-11-27
Phạm Viết Chánh Quận 1 - 50m2 cách ô tô đỗ 5m - nhà mới đẹp giá tốt,13.0,"Đường Phạm Viết Chánh, Phường Nguyễn Cư Trinh, Quận 1, Hồ Chí Minh",50.0,4.0,5.0,4.0,Sổ hồng,2025-11-25
"Nhà hẻm xe hơi gần Trần Hưng Đạo, Trần Đình Xu Quận 1, 60.9m², 4phòng, tiện mở văn phòng & cho thuê",18.0,"Đường Trần Đình Xu, Phường Cầu Kho, Quận 1, Hồ Chí Minh",60.0,4.0,2.0,2.0,Sổ hồng,2025-11-27
"Hàng hót CHDV cao cấp góc 2 mặt tiền 40A Tôn Thất Tùng, P. Bến Thành, Quận 1 TP. HCM",35.0,"40A, Đường Tôn Thất Tùng, Phường Bến Thành, Quận 1, Hồ Chí Minh",78.0,13.0,13.0,5.0,Sổ hồng,2025-11-27
"Bán nhà hẻm xe hơi Nguyễn Trãi Quận 1, gần Trần Hưng Đạo - DT 53.8m², 4PN, đầu tư & cho thuê ngay",15.7,"Đường Nguyễn Trãi, Phường Nguyễn Cư Trinh, Quận 1, Hồ Chí Minh",53.0,4.0,5.0,3.0,Sổ hồng,2025-11-27
Quận 1 Nguyễn Văn Nguyễn 8.5 tỷ - Căn hiếm chốt nhanh,8.5,"Đường Nguyễn Văn Nguyễn, Phường Tân Định, Quận 1, Hồ Chí Minh",50.0,5.0,5.0,3.0,Sổ hồng,2025-11-27
"Quận 1 - HXH Trần Đình Xu - ô tô đỗ cửa - 3 tầng - dòng tiền 20tr/tháng - 48,4m2 - 11.2 tỷ!",11.2,"Đường Trần Đình Xu, Phường Cầu Ông Lãnh, Quận 1, Hồ Chí Minh",48.0,4.0,3.0,3.0,Sổ hồng,2025-11-27
"Cực hiếm! Toà nhà 5 tầng (10x8m) HXH đường Trần Hưng Đạo, Q1. Chỉ 25,8 tỷ TL",25.8,"Đường Trần Hưng Đạo, Phường Phạm Ngũ Lão, Quận 1, Hồ Chí Minh",63.0,7.0,8.0,5.0,Sổ hồng,2025-11-25
"Bán nhà góc 3 mặt thoáng Trần Hưng Đạo, Quận 1 - hẻm ô tô thẳng, tiềm năng cho thuê cao - chỉ 8,5tỷ",8.5,"Đường Trần Hưng Đạo, Phường Cầu Kho, Quận 1, Hồ Chí Minh",49.0,2.0,2.0,2.0,Sổ hồng,2025-11-27
"AirBNB & CHDV Đề Thám, gần Trần Hưng Đạo Quận 1 - 5 PN, dòng tiền 40~60tr/tháng - giá chỉ 13,5 tỷ",13.5,"Đường Đề Thám, Phường Cầu Ông Lãnh, Quận 1, Hồ Chí Minh",42.0,5.0,6.0,4.0,Sổ hồng,2025-11-25
"Bán nhà hẻm xe hơi Lê Thị Riêng, gần Trần Hưng Đạo Quận 1 - 5PN, 4WC, sổ hồng, giá 23 tỷ",23.0,"Đường Lê Thị Riêng, Phường Bến Thành, Quận 1, Hồ Chí Minh",62.0,5.0,4.0,4.0,Sổ hồng,2025-11-27
Bán nhà đường Trần Đình Xu Quận 1 cách 1 căn là HXH - 3 tầng BTCT nhà mới đẹp chỉ 5.7 tỷ,5.7,"Hẻm 19, Đường Trần Đình Xu, Phường Cầu Kho, Quận 1, Hồ Chí Minh",21.0,3.0,2.0,3.0,Sổ hồng,2025-11-26
"Bán nhà đường Nguyễn Trãi Quận 1 nhà 2 tầng 60m2 cách MT 20m giá chỉ 9,8 tỷ",9.8,"Đường Nguyễn Trãi, Phường Nguyễn Cư Trinh, Quận 1, Hồ Chí Minh",42.0,3.0,2.0,2.0,Sổ hồng,2025-11-26
"Bán nhà HXH góc 3MT đường Trần Hưng Đạo Q1, KC: 2 tầng chỉ 8.5 tỷ pháp lý sạch mua có thể ở ngay",8.5,"Đường Trần Hưng Đạo, Phường Cầu Kho, Quận 1, Hồ Chí Minh",25.0,2.0,2.0,2.0,Sổ hồng,2025-11-26
"Bán nhà 1/ Trần Đình Xu, Quận 1 gần mặt tiền, hẻm xe hơi",3.89,"Đường Trần Đình Xu, Phường Nguyễn Cư Trinh, Quận 1, Hồ Chí Minh",10.0,3.0,2.0,3.0,Sổ hồng,2025-11-26
"Bán nhà 3 tầng Trần Hưng Đạo Quận 1 - Hẻm xe hơi thông Nguyễn Trãi, nội thất nhập Đức, giá 19 tỷ",19.0,"Đường Trần Hưng Đạo, Phường Nguyễn Cư Trinh, Quận 1, Hồ Chí Minh",51.0,2.0,3.0,3.0,Sổ hồng,2025-11-26
"CHDV cao cấp Thạch Thị Thanh, Q1. Ngang 6m x dài 20m, 6 tầng có thang máy TN 120tr/th, giá chỉ 19tỷ",19.0,"Đường Thạch Thị Thanh, Phường Tân Định, Quận 1, Hồ Chí Minh",120.0,16.0,16.0,6.0,Sổ hồng,2025-11-24
Chủ nhà decor thẩm mỹ Spa và đẹp lung linh gần 1tỷ- Giá dưới 250tr/1m2 Có sẵn dòng tiền 40tr/1th,18.9,"Đường Cống Quỳnh, Phường Nguyễn Cư Trinh, Quận 1, Hồ Chí Minh",80.0,6.0,6.0,5.0,Sổ hồng,2025-11-26
Hẻm xe hơi 8m Trần Hưng Đạo Quận 1. Bề ngang 8m căn góc 4 lầu giá 25.8 tỷ TL,25.8,"Đường Trần Hưng Đạo, Phường Phạm Ngũ Lão, Quận 1, Hồ Chí Minh",63.0,7.0,8.0,5.0,Sổ hồng,2025-11-15
"Bán nhà hẻm đẹp! Trần Khánh Dư P. Tân Định Q.1 (3,2 x 12 m)2 tầng nhà đẹp ở ngay giá 6.9 tỷ TL",6.9,"Đường Trần Khánh Dư, Phường Tân Định, Quận 1, Hồ Chí Minh",36.0,2.0,2.0,2.0,Sổ hồng,2025-11-26
BÁN NHÀ CHỢ BẾN THÀNH NGAY CÔNG VIÊN 23/9 - Đ.LÊ LAI Q1,21.0,"Đường Lê Lai, Phường Bến Thành, Quận 1, Hồ Chí Minh",63.0,5.0,5.0,6.0,Sổ hồng,2025-11-13
Hẻm xe hơi 1 trục ra Hoàng Sa nhà BTCT 4 tầng,5.89,"Đường Nguyễn Văn Nguyễn, Phường Tân Định, Quận 1, Hồ Chí Minh",25.0,3.0,4.0,4.0,Sổ hồng,2025-11-24
"Nhà mới phố tây - Bùi Viện - 3.4x8 (25m2), 2tầng - nhỉnh 3tỷ",3.95,"Đường Bùi Viện, Phường Phạm Ngũ Lão, Quận 1, Hồ Chí Minh",25.0,2.0,2.0,2.0,Sổ hồng,2025-11-26
3TỶ350 BÁN NHÀ QUẬN 1 NGAY LÝ TỰ TRỌNG | DT: 48M2 | TẶNG FULL NỘI THẤT | HẺM RỘNG 5M | GIẢM 100TR,3.35,"Đường Lý Tự Trọng, Phường Bến Nghé, Quận 1, Hồ Chí Minh",48.0,4.0,4.0,3.0,Sổ hồng,2025-11-14
Quận 1 Trần Đình Xu 5.7 tỷ - HXH - Căn hiếm chốt nhanh,5.7,"Đường Trần Đình Xu, Phường Cầu Kho, Quận 1, Hồ Chí Minh",21.0,2.0,2.0,3.0,Sổ hồng,2025-11-26
"NHÀ 115/ TRẦN ĐÌNH XU Q1, 2 MẶT HẺM 4M, 4 TẦNG, 6PN, GIÁ CHỈ 7.5 TỶ TL",7.5,"115/ Đường Trần Đình Xu, Phường Nguyễn Cư Trinh, Quận 1, Hồ Chí Minh",31.0,5.0,6.0,5.0,Sổ hồng,2025-11-23
"Nhà nở hậu đẹp, ko LG QH - Nguyễn Văn Cừ - 3.1x8(24m2), 3tầng - 5.35tỷ",5.35,"Đường Nguyễn Văn Cừ, Phường Nguyễn Cư Trinh, Quận 1, Hồ Chí Minh",24.0,3.0,2.0,3.0,Sổ hồng,2025-11-26
Quận 1 Bùi Viện 5.75 tỷ - Giá mềm tài lộc hanh thông,5.75,"Đường Bùi Viện, Phường Nguyễn Thái Bình, Quận 1, Hồ Chí Minh",22.0,2.0,3.0,3.0,Sổ hồng,2025-11-26
"4TỶ180 [ HÀNG ĐỘC QUYỀN, QUẬN 1 ] ngay Trần Quý Khoách, Q.1 đang sẳn dòng tiền cho thuê 1200 usd",4.18,"Đường Trần Quý Khoách, Phường Tân Định, Quận 1, Hồ Chí Minh",63.0,4.0,5.0,3.0,Sổ hồng,2025-11-07
"Bán nhà hẻm xe hơi Nguyễn Trãi Quận 1, gần Trần Hưng Đạo - 53.8m², 4PN, tiện ở ngay - Giá 15,7 tỷ",15.7,"Đường Nguyễn Trãi, Phường Nguyễn Cư Trinh, Quận 1, Hồ Chí Minh",53.0,4.0,5.0,5.0,Sổ hồng,2025-11-16
"Nhà đường Nguyễn Trãi 6x18m, hầm 5 lầu ngay Landcaster cho thuê 150tr/th, giá 36 tỷ TL",36.0,"Đường Nguyễn Trãi, Phường Nguyễn Cư Trinh, Quận 1, Hồ Chí Minh",109.0,14.0,15.0,6.0,Sổ hồng,2025-11-21
"Nhà HXH 8m đường Nguyễn Cảnh Chân 5x14m, nhà 3 lầu ST gần Nguyễn Trãi giá 16.8 tỷ TL",16.8,"Đường Nguyễn Cảnh Chân, Phường Nguyễn Cư Trinh, Quận 1, Hồ Chí Minh",60.0,5.0,6.0,3.0,Sổ hồng,2025-11-19
"Bán nhà hẻm ô tô, Q.1, Trần Khắc Chân",11.6,"Đường Trần Khắc Chân, Phường Tân Định, Quận 1, Hồ Chí Minh",52.0,3.0,3.0,3.0,Sổ hồng,2025-11-25
"Bán nhà HXH 150 Nguyễn Trãi, Bến Thành Q1 4.3x22m, nhà 4 tầng giá 25.5 tỷ TL",25.5,"HXH 150, Đường Nguyễn Trãi, Phường Bến Thành, Quận 1, Hồ Chí Minh",92.0,5.0,6.0,4.0,Sổ hồng,2025-11-15
"Kiệt tác kiến trúc Quận 1 - view bờ kè Hoàng Sa, 3 lầu BTCT, dòng tiền 39tr/tháng - giá 15 tỷ",15.0,"Đường Nguyễn Văn Nguyễn, Phường Tân Định, Quận 1, Hồ Chí Minh",52.0,3.0,4.0,4.0,Sổ hồng,2025-11-16
"Nhà đường Trần Hưng Đạo, Quận 1, hẻm xe hơi, mặt tiền 10m, phù hợp kinh doanh, 49m2 giá chỉ 8,5 tỷ",8.5,"Đường Trần Hưng Đạo, Phường Cầu Kho, Quận 1, Hồ Chí Minh",49.0,2.0,2.0,2.0,Sổ hồng,2025-11-15
"Nhà đường Nguyễn Bỉnh Khiêm, Quận 1, 4 tầng mới đẹp, 2 mặt thoáng, 3x9 vuông vức, giá chỉ 7,2 tỷ",7.2,"Đường Nguyễn Bỉnh Khiêm, Phường Đa Kao, Quận 1, Hồ Chí Minh",27.0,2.0,2.0,3.0,Sổ hồng,2025-11-18
"Nhà Trần Khắc Chân, Tân Định, Quận 1, hẻm oto, căn góc, nở hậu, hoàn công đủ, chỉ 4,68 tỷ",4.68,"Đường Trần Khắc Chân, Phường Tân Định, Quận 1, Hồ Chí Minh",25.0,2.0,2.0,2.0,Sổ hồng,2025-11-20
"Nhà Đẹp + Siêu Thoáng | 2 Mặt Hẻm Bùi Viện, Quận 1| DT: 30m2 - 4 Tầng full nội thất| Giá chỉ 8,3 tỷ",8.3,"Đường Bùi Viện, Phường Phạm Ngũ Lão, Quận 1, Hồ Chí Minh",30.0,4.0,3.0,4.0,Sổ hồng,2025-11-26
"Bán nhà trung tâm Q. 1, đường Nguyễn Bỉnh Khiêm, P. Bến Nghé Q1 (ngang 5m) 3 tầng. Giá chỉ 8,7 tỷ",8.7,"25, Đường Nguyễn Bỉnh Khiêm, Phường Bến Nghé, Quận 1, Hồ Chí Minh",40.0,2.0,3.0,3.0,Sổ hồng,2025-11-06
Bán gấp trong tháng - Bán nhà Lê Thị Riêng 110m² - 4 tầng - 25 tỷ,25.0,"Đường Lê Thị Riêng, Phường Bến Thành, Quận 1, Hồ Chí Minh",110.0,6.0,6.0,4.0,Sổ hồng,2025-11-26
"Hẻm Xe Hơi Nguyễn Hữu Cầu. Tân Định. Q1 - 5 Tầng ( 4 x 20m ) - 10 Phòng CHDV : 90 Triệu - 19,8 Tỷ",19.8,"Đường Nguyễn Hữu Cầu, Phường Tân Định, Quận 1, Hồ Chí Minh",80.0,9.0,9.0,5.0,Sổ hồng,2025-11-21
"HIẾM!!! Bán nhà hẻm Hoàng Sa, Phường Tân Định, Quận 1, 3 tầng, lô góc, hẻm thông, 50 m2 chỉ 8,5 tỷ",8.5,"Đường Nguyễn Văn Nguyễn, Phường Tân Định, Quận 1, Hồ Chí Minh",50.0,5.0,5.0,3.0,Sổ hồng,2025-11-18
"Nhà đẹp đường Trần Đình Xu, Quận 1, hẻm xe hơi, vuông vức, BĐS dòng tiền, 21m2 giá 5,7 tỷ",5.7,"Đường Trần Đình Xu, Phường Cầu Kho, Quận 1, Hồ Chí Minh",21.0,2.0,2.0,3.0,Sổ hồng,2025-11-18
"Nhà cũ đường Đề Thám, gần Bùi Viện, cách đường 1 căn, tiện xây mới, 3x6 nở hậu nhẹ, giá chỉ 3,8 tỷ",3.8,"Đường Đề Thám, Phường Cầu Ông Lãnh, Quận 1, Hồ Chí Minh",17.0,1.0,1.0,1.0,Sổ hồng,2025-11-12
KHU VIP -NGAY BỘ CÔNG AN -HXT 8m THÔNG - DT 43M2 - 6 TẦNG -4 PN -NGUYỄN CẢNH CHÂN Q.1 - 12TỶ7 TL!,12.7,"Đường Nguyễn Cảnh Chân, Phường Nguyễn Cư Trinh, Quận 1, Hồ Chí Minh",43.0,4.0,5.0,6.0,Sổ hồng,2025-11-11
"TT Quận 1, nhà đẹp hẻm rộng ngay Thảo Cầm Viên. 40m2 - 3 tầng BTCT chỉ 8,8 tỷ",8.8,"Đường Nguyễn Bỉnh Khiêm, Phường Bến Nghé, Quận 1, Hồ Chí Minh",40.0,2.0,2.0,3.0,Sổ hồng,2025-11-26
"Nhà đẹp cực hiếm tại con đường xưa nhất nhì ở Sài Gòn - Nguyễn Bỉnh Khiêm, Quận 1 - Giá 8,7 tỷ đồng",8.7,"Đường Nguyễn Bỉnh Khiêm, Phường Bến Nghé, Quận 1, Hồ Chí Minh",37.0,2.0,2.0,2.0,Sổ hồng,2025-11-26
"Bán CHDV Quận 1 - thu nhập 95tr/tháng; đường Tôn Thất Tùng Q1 (ngang 7,5x10,5m) CN: 71,5m2, 13 CHDV",34.8,"Đường Tôn Thất Tùng, Phường Bến Thành, Quận 1, Hồ Chí Minh",71.0,13.0,13.0,5.0,Sổ hồng,2025-11-10
"HIẾM - CHỈ 8.XTY CÓ NHÀ 4 TẦNG NGAY PHỐ ĐI BỘ BÙI VIỆN , NGANG 3- 25m2.",8.45,"Đường Bùi Viện, Phường Cầu Ông Lãnh, Quận 1, Hồ Chí Minh",25.0,2.0,3.0,4.0,Sổ hồng,2025-11-26
BÁN NHÀ CHÍNH CHỦ HẺM XE HƠI TRẦN ĐÌNH XU QUẬN 1,3.89,"Đường Trần Đình Xu, Phường Nguyễn Cư Trinh, Quận 1, Hồ Chí Minh",15.0,2.0,2.0,3.0,Sổ hồng,2025-11-26
"Nhà đẹp gần chợ Bến Thành, 4x13m, 4 tầng, hẻm xe hơi 4m. Giá chỉ nhỉnh 12 tỉ",12.5,"Đường Calmette, Phường Nguyễn Thái Bình, Quận 1, Hồ Chí Minh",50.0,4.0,4.0,4.0,Sổ hồng,2025-11-19
Bán nhà HXH P.Dakao Nguyễn Bỉnh Khiêm 6m x 12m tặng mô hình khai thác 120tr/tháng giá 16 tỷ,16.0,"Đường Nguyễn Bỉnh Khiêm, Phường Đa Kao, Quận 1, Hồ Chí Minh",68.0,5.0,5.0,4.0,Sổ hồng,2025-11-24
"Vị Trí Số 1 ! Dân trí cao ở ngay hẻm 6m Thạch Thị Thanh, TĐ,Q1 (6,4 x 18m-115m2)4 tầng. Chỉ 28 tỷTL",28.0,"Đường Thạch Thị Thanh, Phường Tân Định, Quận 1, Hồ Chí Minh",115.0,6.0,6.0,4.0,Sổ hồng,2025-11-20
"Bán nhà 3 tầng hẻm xe hơi Trần Đình Xu, trung tâm Quận 1 - full nội thất, giá chỉ 5,7 tỷ",5.7,"Đường Trần Đình Xu, Phường Cầu Kho, Quận 1, Hồ Chí Minh",20.0,2.0,2.0,3.0,Sổ hồng,2025-11-16
Bán nhà riêng trung tâm Quận 3,18.6,"Đường Nguyễn Đình Chiểu, Phường 5, Quận 3, Hồ Chí Minh",72.0,3.0,2.0,3.0,Sổ hồng,2025-11-24
"Chính chủ bán nhà riêng tại TT Q.3, giá tốt 6,15 tỷ. Thương lượng thiện chí. Miễn tiếp môi giới",6.15,"Đường Lý Chính Thắng, Phường 9, Quận 3, Hồ Chí Minh",27.0,3.0,4.0,3.0,Sổ hồng,2025-11-24
"18,8 tỷ * Chính chủ bán nhà 453/3 Lê Văn Sỹ, Q3 * DT: 360m2. 1 trệt, 4 lầu, 9PN, 7WC",18.8,"453/5, Đường Lê Văn Sỹ, Phường 12, Quận 3, Hồ Chí Minh.",72.0,9.0,7.0,5.0,Sổ hồng,2025-11-23
"Khu VIP MTNB Phạm Ngọc Thạch, Quận 3. DT: 25x30m. DTCN: ~600m2 đất. GPXD: 3000m2 sàn. Giá: 145 tỷ",145.0,"Đường Phạm Ngọc Thạch, Phường Võ Thị Sáu, Quận 3, Hồ Chí Minh",600.0,5.0,5.0,2.0,Sổ hồng,2025-11-22
"NHÀ HẺM ĐẸP XE HƠI NGANG LỚN 5,7m DÂN TRÍ CAO CMT8 P10 Q3",6.5,"Đường Cách Mạng Tháng Tám, Phường 10, Quận 3, Hồ Chí Minh",32.0,3.0,2.0,2.0,Sổ hồng,2025-11-22
"Nhà ngộp cần bán nhà Nguyễn Thiện Thuật, Q3, DT 54m2, 4PN, 3ty850 sổ hồng riêng",3.85,"Đường  Nguyễn Thiện Thuật, Phường 1, Quận 3, Hồ Chí Minh",54.0,4.0,4.0,2.0,Sổ hồng,2025-11-22
Siêu phẩm không còn căn thứ 2. Căn góc sát MT CMT8 Q3 - 4 tầng. Chỉ 13.X tỷ TL chính chủ,13.5,"Đường Cách Mạng Tháng Tám, Phường 10, Quận 3, Hồ Chí Minh",53.0,4.0,5.0,5.0,Sổ hồng,2025-11-21
"Nhà riêng 5 tầng cực chất, mới tinh với 6PN, 7WC, diện tích 50m², 216 m2 DTSD chỉ 8 tỉ. TL nhẹ",8.0,"Đường Cách Mạng Tháng Tám, Phường 11, Quận 3, Hồ Chí Minh",50.0,6.0,7.0,5.0,Sổ hồng,2025-11-18
"Bán nhà hẻm xe hơi đường Lê Văn Sỹ, P. 14, Q. 3 chỉ 17,6 tỷ (TL)",17.6,"Đường Lê Văn Sỹ, Phường 14, Quận 3, Hồ Chí Minh",86.0,3.0,3.0,2.0,Sổ hồng,2025-11-14
Quận 3 - CMT8 - Căn hộ dịch vụ - 6 tầng thang máy - dòng tiền 60tr/th - 69.5m2 - 12.7 tỷ,12.7,"Đường Cách Mạng Tháng Tám, Phường 10, Quận 3, Hồ Chí Minh",69.0,9.0,9.0,6.0,Sổ đỏ,2025-11-27
"VIP!! Kỳ Đồng Quận 3, 2 tầng, 45m2, nhỉnh 7T",7.6,"Đường  Kỳ Đồng, Phường 1, Quận 3, Hồ Chí Minh",45.0,2.0,2.0,2.0,Sổ hồng,2025-11-27
"Bán nhà góc Nguyễn Thị Minh Khai, trung tâm Quận 3 - 4 tầng, 4PN, 4WC và sân thượng - Giá 11 tỷ",11.0,"Đường Nguyễn Thị Minh Khai, Phường Võ Thị Sáu, Quận 3, Hồ Chí Minh",48.0,4.0,4.0,4.0,Sổ đỏ,2025-11-26
"Nhà 3 tầng Cách Mạng Tháng Tám, 4x8m, 3PN 3WC, hẻm thoáng - chỉ 4.3 tỷ",4.3,"Đường Cách Mạng Tháng Tám, Phường 11, Quận 3, Hồ Chí Minh",28.0,4.0,3.0,3.0,Sổ hồng,2025-11-26
"HẺM 6M XE HƠI THÔNG ĐƯỜNG TRẦN VĂN ĐANG TTQ3- NHÀ 1 ĐỜI CHỦ- NGANG KHỦNG 6,5M- 6,2 TỶ",6.2,"Đường Trần Văn Đang, Phường 13, Quận 3, Hồ Chí Minh",30.0,2.0,2.0,2.0,Sổ hồng,2025-11-26
"Hiếm, bán nhà hẻm 7m CMT8, P.12, Q3. DT: 4x20m nở hậu, CN: 80m2, KC 4 lầu. Giá: 13,99 tỷ",13.99,"Đường Cách Mạng Tháng Tám, Phường 12, Quận 3, Hồ Chí Minh",80.0,3.0,3.0,3.0,Sổ hồng,2025-11-21
"Nhà xinh, mặt tiền hẻm HTC ND - Lý Chính Thắng - 4X12m (29/43m2) - 3.9 tỷ",3.9,"Đường Lý Chính Thắng, Phường Võ Thị Sáu, Quận 3, Hồ Chí Minh.",29.0,2.0,1.0,2.0,Sổ hồng,2025-11-27
"Bán nhà HXH 6m Lê Văn Sỹ, Phường Nhiêu Lộc, Quận 3 giá 17,5 tỷ",17.5,"Đường Lê Văn Sỹ, Phường 13, Quận 3, Hồ Chí Minh",77.0,7.0,5.0,5.0,Sổ hồng,2025-11-24
"BÁN NHÀ 513/ ĐIỆN BIÊN PHỦ Q3, TRỆT 3 LẦU, 4PN, 4WC, GIÁ 7.8 TỶ HOT",7.8,"513/1L, Đường Điện Biên Phủ, Phường 3, Quận 3, Hồ Chí Minh",40.0,4.0,4.0,4.0,Sổ hồng,2025-11-22
"Đẳng cấp Lê Văn Sỹ, Quận 3 - Xây mới 100% - 55m2 (5 x 11) x 5 tầng - 5PN, 6WC - 8.9 tỷ TL",8.9,"Đường Lê Văn Sỹ, Phường 12, Quận 3, Hồ Chí Minh",56.0,5.0,6.0,5.0,Sổ hồng,2025-11-25
"Bán nhà khu Vip Nam Kỳ Khởi Nghĩa 31m2 (3.8x8)m, 1PN 2WC - 4.9 tỷ",4.9,"Đường Lý Chính Thắng, Phường Võ Thị Sáu, Quận 3, Hồ Chí Minh",31.0,1.0,2.0,4.0,Sổ hồng,2025-11-27
"Nhà mới ở ngay - Lê Văn Sỹ - 3.5x15.5m (53.1m2), 4 tầng - nhỉnh 6 tỷ",6.8,"Đường Lê Văn Sỹ, Phường 14, Quận 3, Hồ Chí Minh",53.0,5.0,6.0,4.0,Sổ hồng,2025-11-27
"CHDV, nở hậu, không LG QH - Trần Quang Diệu - 46m2, 3 tầng - 6.4 tỷ",6.4,"Đường Trần Quang Diệu, Phường 13, Quận 3, Hồ Chí Minh",46.0,7.0,3.0,3.0,Sổ hồng,2025-11-27
Nhà nở hậu - Huỳnh Tịnh Của - 3.7X11m (43m2) - 6 tỷ,6.0,"Đường Huỳnh Tịnh Của, Phường Võ Thị Sáu, Quận 3, Hồ Chí Minh",43.0,2.0,1.0,2.0,Sổ hồng,2025-11-27
"Nhà nở hậu, không LG QH - Cách Mạng Tháng 8 - 4.3X8m (33.3m2) - nhỉnh 3 tỷ",3.9,"Đường Cách Mạng Tháng Tám, Phường 11, Quận 3, Hồ Chí Minh.",33.0,2.0,2.0,2.0,Sổ hồng,2025-11-27
"Sát mặt tiền! Nhà view bờ kè mát mẻ, Hoàng Sa (đoạn 2 chiều), P.VTS, Q3 - 4 tầng, 4.2x15, nở hậu",12.9,"Đường Hoàng Sa, Phường Võ Thị Sáu, Quận 3, Hồ Chí Minh",62.0,4.0,4.0,4.0,Sổ hồng,2025-11-24
"HXH HOÀNG SA 2 TẦNG CĂN GÓC, 49M2 (6X8) 3PN 1WC - 7.3 TỶ",7.3,"Đường Trần Văn Đang, Phường 11, Quận 3, Hồ Chí Minh",48.0,2.0,1.0,2.0,Sổ hồng,2025-11-25
"Giảm 2 tỷ bán gấp nhà hẻm xe hơi Quận 3 - CN 110m2 (4.5x20)m - Hẻm nhựa thẳng 1 trục, gần mặt tiền",16.5,"Đường Lê Văn Sỹ, Phường 12, Quận 3, Hồ Chí Minh",110.0,4.0,5.0,3.0,Sổ hồng,2025-11-20
"GẤP NHÀ Ô TÔ 7 CHỖ TỚI CỬA DT 54M2, LÊ VĂN SỸ, QUẬN 3, GIÁ NHỈNH 9 TỶ. NHÀ VỪA Ở + KD ONLINE ĐƯỢC.",9.3,"Đường Lê Văn Sỹ, Phường 13, Quận 3, Hồ Chí Minh",53.0,4.0,6.0,4.0,Sổ hồng,2025-11-27
"Nhà nội thất mới đẹp CMT8 Q3, ngang 4m, DT 42m2, 2 tầng, 3PN 3WC - Ở ngay - 4.95 tỷ",4.95,"Đường Cách Mạng Tháng Tám, Phường 11, Quận 3, Hồ Chí Minh",42.0,3.0,3.0,2.0,Sổ hồng,2025-11-15
"Bán nhà HXH Huỳnh Tịnh Của, trung tâm Quận 3, 15x14m, 4 tầng, chỉ 25 tỷ (206tr/m2)",25.0,"Đường Huỳnh Tịnh Của, Phường Võ Thị Sáu, Quận 3, Hồ Chí Minh",121.0,5.0,5.0,4.0,Sổ hồng,2025-11-25
"Nguyễn Đình Chiểu, Quận 3 - Hẻm ô tô 4m thông, 4 tầng mới đẹp",8.3,"Đường Nguyễn Đình Chiểu, Phường 4, Quận 3, Hồ Chí Minh",36.0,4.0,5.0,4.0,Sổ hồng,2025-11-26
"Mặt tiền nội bộ, đường nhựa 10m Điện Biên Phủ, Quận 3. DT 57.2m2 ngang 4,2m",12.95,"Đường Điện Biên Phủ, Phường 2, Quận 3, Hồ Chí Minh",57.0,4.0,2.0,4.0,Sổ hồng,2025-11-25
"Chính chủ bán nhà trung tâm Quận 3 hẻm 328 Nguyễn Thị Minh Khai, P5, Q3",6.8,"Hẻm 306 Nguyễn Thị Minh Khai, Phường 5, Quận 3, Hồ Chí Minh",27.0,5.0,3.0,3.0,Sổ hồng,2025-11-14
"Nguyễn Đình Chiểu Quận 3, hẻm ô tô 5m, DT 55.3m2 ngang 4,5m, cấp 4 tiện xây",11.2,"Đường Nguyễn Đình Chiểu, Phường 5, Quận 3, Hồ Chí Minh",55.0,2.0,2.0,2.0,Sổ hồng,2025-11-25
Siêu hiếm Quận 3 - 1 căn duy nhất! Nhà 3 tầng - 2 phòng ngủ - Cách Mạng Tháng Tám - Chỉ 1.9 tỷ,1.9,"Đường Cách Mạng Tháng Tám, Phường 11, Quận 3, Hồ Chí Minh",13.0,2.0,2.0,3.0,Sổ hồng,2025-11-26
"Bán gấp nhà nở hậu 6m hẻm 240 Cách Mạng Tháng 8, Quận 3",6.5,"Hẻm 240, Đường Cách Mạng Tháng Tám, Phường 10, Quận 3, Hồ Chí Minh",53.0,2.0,2.0,2.0,Sổ hồng,2025-11-26
"Ngộp bank gấp bán nhà chính chủ thiện chí bán CMT8, Q3 - 29m2 công nhận đủ 2 tầng",3.99,"Đường Cách Mạng Tháng Tám, Phường 10, Quận 3, Hồ Chí Minh",29.0,2.0,2.0,2.0,Sổ hồng,2025-11-25
"Nhà 3 tầng Cách Mạng Tháng Tám, 4x8m, 3PN 3WC, hẻm thoáng - Chỉ 4.3 tỷ",4.3,"Đường Cách Mạng Tháng Tám, Phường 11, Quận 3, Hồ Chí Minh",28.0,4.0,3.0,3.0,Sổ hồng,2025-11-25
Nhà đẹp CMT8 3 tầng - Quận 3 - chỉ 1.95 tỷ,1.95,"Đường Cách Mạng Tháng Tám, Phường 11, Quận 3, Hồ Chí Minh",8.0,2.0,2.0,3.0,Sổ hồng,2025-11-26
"Chỉ 4,69 tỷ - nhà lung linh 4 tầng 3PN 3WC full nội thất như hình",4.69,"Đường Cách Mạng Tháng Tám, Phường 11, Quận 3, Hồ Chí Minh",20.0,3.0,3.0,4.0,Sổ hồng,2025-11-24
"Giảm 200tr, chỉ 4 tỷ, 29m2, nhà TT Q3 - CMT8, 2 tầng, ban công thoáng mát, ra hẻm xe hơi chỉ 15m",4.0,"Đường Cách Mạng Tháng Tám, Phường 10, Quận 3, Hồ Chí Minh",29.0,1.0,2.0,2.0,Sổ hồng,2025-11-26
Chỉ 5.7 Tỷ - NHÀ KHU VIP NAM KỲ KHỞI NGHĨA 30M2 (3X10) 2PN 2WC (Nở hậu 5m),5.7,"Đường Nam Kỳ Khởi Nghĩa, Phường Võ Thị Sáu, Quận 3, Hồ Chí Minh",30.0,2.0,2.0,2.0,Sổ hồng,2025-11-18
Góc 2 MT 8.3x23m tiện xây mới hầm+ 6 tầng hẻm 10m Cách Mạng Tháng 8 Quận 3 ngay Lan Anh giá 39.9 tỷ,39.9,"210/12, Đường Cách Mạng Tháng Tám, Phường 10, Quận 3, Hồ Chí Minh",180.0,3.0,3.0,2.0,Sổ hồng,2025-11-27
"Bán nhà sát MT Trung tâm Q3, 20M2, 3 tầng, NT đẹp, 2PN 3WC, PLô, 1 trục, Ở ngay - 4.35 TỶ",4.35,"Đường Cách Mạng Tháng Tám, Phường 11, Quận 3, Hồ Chí Minh",20.0,2.0,3.0,3.0,Sổ hồng,2025-11-16
"Bán nhà HXH 16 Nguyễn Thiện Thuật, Quận 3 hẻm nhựa 6m - 5 tấm hoàn công đủ - khu vip chỉ 8.5 tỷ",8.5,"HXH 16, Phố Nguyễn Thiện Thuật, Phường 2, Quận 3, Hồ Chí Minh",26.0,4.0,4.0,3.0,Sổ đỏ,2025-11-26
"Bán nhà Quận 3 HXH 50m2 x 3 tầng nở hậu 5.5m, 4 PN sát MT Trần Văn Đang, 6 tỷ",6.0,"Đường Trần Văn Đang, Phường 9, Quận 3, Hồ Chí Minh",50.0,4.0,3.0,3.0,Sổ hồng,2025-11-27
"SIÊU PHẨM LÊ VĂN SỸ NHÀ MỚI ĐẸP 1 ĐỜI CHỦ GÓC 2 MẶT HẺM- HẺM XE TẢI-CHỐT CỨNG KHÔNG TL 6,19 TỶ",6.19,"Đường Lê Văn Sỹ, Phường 12, Quận 3, Hồ Chí Minh",28.0,2.0,2.0,2.0,Sổ hồng,2025-11-25
Bank dí - 8.3 tỷ giảm còn 6.8 tỷ - 3.5x16m (53m2) - 4 tầng BTCT,6.8,"Đường Lê Văn Sỹ, Phường 14, Quận 3, Hồ Chí Minh",53.0,5.0,6.0,4.0,Sổ hồng,2025-11-25
"Tòa nhà văn phòng 6 tầng đường CMT8- Cư Xá Bắc Hải khu nội bộ (5.2x19m) TDTSD: 433m2, giá: 23.5 tỷ",23.5,"Đường Cách Mạng Tháng Tám, Phường 11, Quận 3, Hồ Chí Minh",93.0,13.0,11.0,6.0,Sổ hồng,2025-11-25
"Nhà hiếm Q3, CMT8 138m2 ngang 10m HXH ô tô ngủ nhà, giá chỉ 13.5 tỷ",13.5,"Đường Cách Mạng Tháng Tám, Phường 10, Quận 3, Hồ Chí Minh",138.0,3.0,5.0,2.0,Sổ hồng,2025-11-26
"Bán nhà riêng HXH 6m Cách Mạng Tháng 8, Quận 3, 96m2 5 tầng, ngang 5.2m, 7PN, Giá 25.6 Tỷ TL",25.6,"Đường Cách Mạng Tháng Tám, Phường 11, Quận 3, Hồ Chí Minh",96.0,7.0,7.0,5.0,Sổ hồng,2025-11-25
"Nhà mới 4 tầng DTSD 81m2 gần vòng xoay Lý Thái Tổ, Q3 hẻm 4m, nhà đẹp vào ở ngay giá 6,5 tỷ TL",6.5,"Đường Lý Thái Tổ, Phường 1, Quận 3, Hồ Chí Minh",24.0,2.0,3.0,4.0,Sổ hồng,2025-11-14
"SIÊU PHẨM LÊ VĂN SỸ NHÀ MỚI ĐẸP 1 ĐỜI CHỦ GÓC 2 MẶT HẺM- HẺM XE TẢI- GIÁ CHỐT KHÔNG TL 6,19 TỶ",6.19,"Đường Lê Văn Sỹ, Phường 12, Quận 3, Hồ Chí Minh",28.0,2.0,2.0,2.0,Sổ hồng,2025-11-25
Nhà 4 Tầng Cách Mạng Tháng 8 Q3,5.7,"Đường Cách Mạng Tháng Tám, Phường 11, Quận 3, Hồ Chí Minh",36.0,4.0,3.0,4.0,Sổ hồng,2025-11-26
"NHÀ MỚI, LÔ GÓC, KO LG QH - TRẦN QUỐC TOẢN - 3X5M2 (DTSD 75M2) - 4.48TỶ",4.48,"Đường Trần Quốc Toản, Phường Võ Thị Sáu, Quận 3, Hồ Chí Minh",15.0,2.0,3.0,3.0,Sổ hồng,2025-11-26
"Siêu phẩm bán nhanh - Nam Kỳ Khởi Nghĩa, Quận 3 - DT: 8,7m x 20m. Giá tốt nhất khu vực",36.0,"Đường Nam Kỳ Khởi Nghĩa, Phường Võ Thị Sáu, Quận 3, Hồ Chí Minh",170.0,4.0,4.0,3.0,Sổ hồng,2025-11-26
"BÁN NHÀ QUẬN 3, NGUYỄN THÔNG, 4x11, 2 TẦNG, HẺM 3M, KHU DÂN TRÍ, NHÀ 2 MẶT HẺM",5.6,"Đường Nguyễn Thông, Phường 9, Quận 3, Hồ Chí Minh",41.0,2.0,2.0,2.0,Sổ hồng,2025-11-16
"ĐI LÀM Q1,Q3 CHƯA ĐẾN 5 PHÚT !! SÁT MẶT TIỀN LÊ VĂN SỸ NHÀ 5 TẦNG BTCT 60m2 NHÀ ĐẸP KHANG TRANG",8.99,"Đường Lê Văn Sỹ, Phường 14, Quận 3, Hồ Chí Minh",60.0,5.0,6.0,5.0,Sổ hồng,2025-11-26
"Bán gấp nhà mới đường Lý Thái Tổ, 4,88 tỷ, dtsd 49m2, 2PN + 3WC + 3 tầng",4.88,"Đường Lý Thái Tổ, Phường 2, Quận 3, Hồ Chí Minh",18.0,2.0,3.0,3.0,Sổ hồng,2025-11-26
"NHÀ MỚI ĐẸP, NỞ HẬU, HẺM 6M XH ĐẬU CỬA - NGUYỄN THIỆN THUẬT - 3.6/4.1X9 (35M2), 5TẦNG - NHỈNH 11TỶ",11.9,"Đường  Nguyễn Thiện Thuật, Phường 2, Quận 3, Hồ Chí Minh",35.0,3.0,4.0,5.0,Sổ hồng,2025-11-26
"5TỶ200 | BÀN CỜ - NGUYỄN THIỆN THUẬT, Q.3 | Chính chủ giảm sâu 200 tr - cách mặt tiền 2 căn",5.2,"Đường  Nguyễn Thiện Thuật, Phường 3, Quận 3, Hồ Chí Minh",50.0,4.0,5.0,3.0,Sổ hồng,2025-11-07
"NHÀ MỚI, LÔ GÓC THOÁNG - NAM KỲ KHỞI NGHĨA - 4.8X8 (30/36M2), 5TẦNG - 7.9TỶ",7.9,"Đường Nam Kỳ Khởi Nghĩa, Phường Võ Thị Sáu, Quận 3, Hồ Chí Minh",30.0,3.0,3.0,5.0,Sổ hồng,2025-11-26
"BÁN GẤP TRONG TUẦN NHÀ 3 TẦNG HẺM VIP 6M NGUYỄN ĐÌNH CHIỂU, QUẬN 3, CHỈ 19.5 TỶ.",19.5,"Đường Nguyễn Đình Chiểu, Phường 5, Quận 3, Hồ Chí Minh",80.0,4.0,3.0,3.0,Sổ hồng,2025-11-26
"CỰC GẤP BÁN, GIÁ ĐẦU TƯ, NHÀ 3 TẦNG CŨ, QUẬN 3 , CHỈ 13.5 TỶ.",13.5,"Đường Điện Biên Phủ, Phường 1, Quận 3, Hồ Chí Minh",76.0,3.0,3.0,3.0,Sổ hồng,2025-11-26
Bán nhà riêng chính chủ gần 20m2 quận 3,2.5,"Đường Hoàng Sa, Phường 11, Quận 3, Hồ Chí Minh",18.0,2.0,2.0,2.0,Sổ hồng,2025-11-26
[QUẬN 3] BÁN NHÀ 5 TẦNG HXH 6M THÔNG GẦN MẶT TIỀN LÝ THÁI TỔ 4PN CHỈ HƠN 10 TỶ!,10.3,"Đường Nguyễn Đình Chiểu, Phường 2, Quận 3, Hồ Chí Minh",32.0,4.0,4.0,5.0,Sổ hồng,2025-11-26
[QUẬN 3] BÁN NHÀ SIÊU PHẨM 6 TẦNG ĐƯỜNG HXH NHỰA 10M TẶNG FULL NỘI THẤT CHỈ 15.95 TỶ,15.95,"Đường Điện Biên Phủ, Phường 1, Quận 3, Hồ Chí Minh",56.0,4.0,4.0,6.0,Sổ hồng,2025-11-26
"[QUẬN 3] BÁN NHÀ MỚI ĐẸP 5 TẦNG HXH GẦN CHỢ BÀN CỜ - XE HƠI NGỦ TRONG NHÀ, CHỈ 11.8 TỶ",11.8,"Đường Bàn Cờ, Phường 2, Quận 3, Hồ Chí Minh",35.0,3.0,4.0,5.0,Sổ hồng,2025-11-26
"Bán nhà mặt tiền hẻm xe tải Nguyễn Thiện Thuật, P. 1, Q3, (DT: 5x17m), HĐT 85 tr, giá 26 tỷ TL",26.0,"Đường  Nguyễn Thiện Thuật, Phường 1, Quận 3, Hồ Chí Minh",84.0,8.0,8.0,6.0,Sổ hồng,2025-11-15
"Siêu hiếm tài sản mặt tiền hẻm xe hơi Hai Bà Trưng, P8, Quận 3 (DT: 5x21m. CN 107m2) giá 31,5 tỷ",31.5,"Đường  Hai Bà Trưng, Phường Võ Thị Sáu, Quận 3, Hồ Chí Minh",107.0,7.0,7.0,4.0,Sổ hồng,2025-11-25
"Bán nhà mặt tiền hẻm xe hơi Lê Văn Sỹ, P.12, Quận 3 (DT:4,45x16m, hậu 10m, cn110m2) 18 Tỷ",18.0,"Đường Lê Văn Sỹ, Phường 12, Quận 3, Hồ Chí Minh",110.0,4.0,4.0,2.0,Sổ hồng,2025-11-25
"Giảm 4 tỷ bán biệt thự mặt tiền hẻm xe hơi Lê Văn Sỹ, P.14, Quận 3 (DT: 8,8x20m, 176m2) 39 tỷ",39.0,"Đường Lê Văn Sỹ, Phường 14, Quận 3, Hồ Chí Minh",176.0,5.0,5.0,3.0,Sổ hồng,2025-11-25
"Căn góc 2 mặt tiền HXH vip 7m Nam Kỳ Khởi Nghĩa, Q3. Giá 24 tỷ. DT: 95.5m2. HĐT: 75 triệu/tháng",24.0,"Đường Nam Kỳ Khởi Nghĩa, Phường Võ Thị Sáu, Quận 3, Hồ Chí Minh",95.0,4.0,5.0,3.0,Sổ hồng,2025-11-21
"Nhà đẹp Nguyễn Định Chiểu, khu Vườn Chuối, Quận 3, nở hậu, nội thất xịn, cho thuê 20 triệu, 8,5 tỷ",8.5,"Đường Nguyễn Đình Chiểu, Phường 4, Quận 3, Hồ Chí Minh",46.0,4.0,3.0,4.0,Sổ hồng,2025-11-21
"Bán nhà hẻm xe hơi trải nhựa 8m Quận 3 Nguyễn Đình Chiểu 6.5 x 16m, 3 lầu vị trí đẹp giá 33,9 tỷ TL",33.9,"Đường Nguyễn Đình Chiểu, Phường 5, Quận 3, Hồ Chí Minh",100.0,5.0,6.0,4.0,Sổ hồng,2025-11-20
"Bán nhà HXH 16 Nguyễn Thiện Thuật, Quận 3 hẻm nhựa 6m - 5 tấm hoàn công đủ - khu vip chỉ 8.5 tỷ",8.5,"16 Nguyễn Thiện Thuật, Phường 2, Quận 3, Hồ Chí Minh",26.0,4.0,4.0,3.0,Sổ hồng,2025-11-24
"Nhà Lý Chính Thắng, Quận 3, giá dưới 3 tỷ, 2 tầng, 1 phòng ngủ",2.9,"Đường Lý Chính Thắng, Phường Võ Thị Sáu, Quận 3, Hồ Chí Minh",14.0,1.0,2.0,2.0,Sổ hồng,2025-11-21
"Nhà hẻm Trường Sa, 3 tầng 4 phòng ngủ, 5m ra mặt tiền bờ kè, 3,7m x 8,3m, giá chỉ 5,9 tỷ",5.9,"Đường Trường Sa, Phường 12, Quận 3, Hồ Chí Minh",31.0,4.0,3.0,4.0,Sổ hồng,2025-11-21
TRUNG TÂM Q3 - HẺM 4M - NHỈNH 3 TỶ,3.95,"Đường  Nguyễn Thiện Thuật, Phường 2, Quận 3, Hồ Chí Minh",15.0,2.0,2.0,3.0,Sổ hồng,2025-11-26
"Bán nhà Huỳnh Tịnh Của, Quận 3, kế bên chợ Tân Định, đã xây lên 3 tầng, 2,7 x 12 giá chỉ 5,4 tỷ",5.4,"Đường Huỳnh Tịnh Của, Phường Võ Thị Sáu, Quận 3, Hồ Chí Minh",32.0,4.0,3.0,3.0,Sổ hồng,2025-11-18
"Bán nhà cũ Lê Văn Sỹ, Quận 3, hẻm xe hơi, gần chợ Nguyễn Văn Trỗi, mặt tiền 6m, giá chỉ 8,9 tỷ",8.9,"Đường Lê Văn Sỹ, Phường 13, Quận 3, Hồ Chí Minh",58.0,2.0,2.0,2.0,Sổ hồng,2025-11-18
"Bán nhà cũ đường Kỳ Đồng, Quận 3, khu hẻm thông, ngang lớn gần 4m, 35m2 giá chỉ 4,6 tỷ.",4.6,"Đường  Kỳ Đồng, Phường 9, Quận 3, Hồ Chí Minh.",35.0,3.0,2.0,2.0,Sổ hồng,2025-11-18
"Nhà hẻm 290/x Nam Kỳ Khởi Nghĩa Q3 - 8,5x20 - 170m2 - 5 Tầng - Hđt: 105 triệu/th - 29 Tỷ",29.0,"Đường Nam Kỳ Khởi Nghĩa, Phường Võ Thị Sáu, Quận 3, Hồ Chí Minh",170.0,8.0,8.0,5.0,Sổ hồng,2025-11-14
Bán gấp nhà Nguyễn Gia Trí Bthanh.Gia 1ty550. DT 40m2 (4mx10m) 1trệt 2lầu 3phòngngủ 3WC. Hẻm ô tô,1.55,"Đường  Nguyễn Gia Trí, phường 25 Bình Thạnh Hồ Chí Minh.",40.0,3.0,3.0,3.0,Sổ hồng,2025-11-16
"Bán nhà 230E Pastuer, P.6, Quận 3. DT: 15x30m. DTCN: ~400m2 đất. 1 hầm 4 tầng. Giá: 8x tỷ",80.0,"230E, Đường Pasteur, Phường Võ Thị Sáu, Quận 3, Hồ Chí Minh",400.0,7.0,8.0,5.0,Sổ hồng,2025-11-20
"Bán nhà Trần Quang Diệu, Q3 6x18m nở hậu 8m (108m2) nhà cấp 4, giá 13.5 tỷ TL",13.5,"Đường Trần Quang Diệu, Phường 14, Quận 3, Hồ Chí Minh",108.0,3.0,2.0,5.0,Sổ hồng,2025-11-12
"LÊ VĂN SỸ - TRẦN QUỐC THẢO5m X 13m 3 tầng NỞ HẬU TÀI LỘC,CỬA HẬU PCCCCÔNG TY THUÊ 3O TRIỆU",13.88,"Đường Lê Văn Sỹ, Phường 12, Quận 3, Hồ Chí Minh",65.0,4.0,3.0,3.0,Sổ hồng,2025-11-25
"NGAY GA SÀI GÒN, VỊ TRÍ TUYỆT VỜI, HẺM TRẦN VĂN ĐANG THÔNG VỚI KHU ẨM THỰC BẬC NHẤT",4.4,"Đường Trần Văn Đang, Phường 9, Quận 3, Hồ Chí Minh",29.0,2.0,2.0,2.0,Sổ hồng,2025-11-21
"Cực ngon! Hẻm 5m kinh doanh Lý Chính Thắng Quận 3 - SD 43m2 ngang 4m, 2 tầng",3.9,"Hẻm 60, Đường Lý Chính Thắng, Phường Võ Thị Sáu, Quận 3, Hồ Chí Minh",28.0,2.0,2.0,2.0,Sổ hồng,2025-11-26
Bán gấp trong tuần - bán nhà Lê Văn Sỹ 213.5m² - 2 tầng - 26.5 tỷ - 124.12 triệu/m²,26.5,"Đường Lê Văn Sỹ, Phường 14, Quận 3, Hồ Chí Minh",214.0,3.0,3.0,2.0,Sổ hồng,2025-11-26
Bán gấp trong tuần - Bán nhà Lê Văn Sỹ 58.5m² - 2 tầng - 8.9 tỷ - 152.14 triệu/m²,8.9,"Đường Lê Văn Sỹ, Phường 13, Quận 3, Hồ Chí Minh",58.0,2.0,2.0,2.0,Sổ hồng,2025-11-26
"Bán biệt thự Đường số 9, Q4, 123m2, 6m x 20m, 5 tầng chỉ 11,9 tỷ!",11.9,"Đường Số 9, Phường 8, Quận 4, Hồ Chí Minh",123.0,5.0,6.0,5.0,Sổ hồng,2025-11-23
"Định cư nước ngoài, bán nhà 4 tầng, full nội thất, Q4 giá 7,9 tỷ",7.9,"Đường Xóm Chiếu, Phường 14, Quận 4, Hồ Chí Minh",56.0,6.0,7.0,4.0,Sổ hồng,2025-11-27
"Bán NR 2PN, 3WC, 23m2 tại Tôn Đản, Q4, HCM giá siêu hời 3,999 tỷ",4.0,"Đường Tôn Đản, Phường 4, Quận 4, Hồ Chí Minh",23.0,2.0,3.0,4.0,Sổ hồng,2025-11-27
"Bán nhà 4 tầng cho thuê quận 4 - 4 p. Ngủ, hẻm ô tô, gần ĐH Nguyễn Tất Thành, dòng tiền ổn định",5.85,"Đường Đoàn Văn Bơ, Phường 14, Quận 4, Hồ Chí Minh",46.0,4.0,3.0,4.0,Sổ hồng,2025-11-26
"Nhà 3 tầng 4PN - sổ 46m² - 1 sẹc Tôn Đản. Chỉ 3,95 tỷ",3.95,"Đường Tôn Đản, Phường 13, Quận 4, Hồ Chí Minh",46.0,4.0,5.0,3.0,Sổ hồng,2025-11-24
Bán nhà 4 tầng đường truớc nhà 4m rộng rãi. Khu dân cư hiên hữu.,4.1,"Đường Nguyễn Thần Hiến, Phường 18, Quận 4, Hồ Chí Minh",30.0,2.0,3.0,4.0,Sổ hồng,2025-11-27
"Bán dãy trọ ngang lớn 5.9m nở hậu 8.1m DT lớn 110.5m2, kế MT xe hơi Đoàn Văn Bơ- ra Xóm Chiếu 30m",7.86,"Đường Đoàn Văn Bơ, Phường 18, Quận 4, Hồ Chí Minh",110.0,5.0,5.0,1.0,Sổ hồng,2025-11-26
NHÀ PHỐ ĐẸP 03 TẤM - KHU DÂN CƯ HIỆN HỮU - KHÔNG CÓ CĂN THỨ 2 giá này,4.5,"Đường Đoàn Văn Bơ, Phường 14, Quận 4, Hồ Chí Minh",51.0,5.0,4.0,3.0,Sổ hồng,2025-11-13
"Bán nhà HXH, 4 tầng Hoàng Diệu Q4 giá 6,5 tỷ",6.5,"Đường Hoàng Diệu, Phường 8, Quận 4, Hồ Chí Minh",36.0,4.0,3.0,4.0,Sổ hồng,2025-11-26
"BÁN NHÀ KHU VIP HOÀNG DIỆU  NHÀ MỚI ĐẸP, HOÀN CÔNG ĐẦY ĐỦ",6.5,"Đường Hoàng Diệu, Phường 9, Quận 4, Hồ Chí Minh",35.0,4.0,3.0,3.0,Sổ hồng,2025-11-14
"Biệt thự mini khu đường số, quận 4 khu dân cư hiện hữu không lo giải tỏa",8.19,"Đường 43, Phường 4, Quận 4, Hồ Chí Minh",40.0,4.0,3.0,3.0,Sổ hồng,2025-11-17
Bán nhà Q4 kèo thơm khu hai mươi thướt hẻm truớc nhà 4m,4.2,"Đường 20 Thước, Phường 9, Quận 4, Hồ Chí Minh",21.0,2.0,2.0,3.0,Sổ hồng,2025-11-18
BÁN NHÀ Q4 : Khu Vực hiếm hẻm 120 LÊ QUỐC HƯNG - KHU PHÂN LÔ ĐỒNG BỘ,3.8,"Đường Lê Quốc Hưng, Phường 13, Quận 4, Hồ Chí Minh",22.0,1.0,1.0,2.0,Sổ hồng,2025-11-23
BÁN NHÀ 05 TẤM -KHU VIP BẾN VÂN ĐỒN Quận 4,3.8,"Phường 6, Quận 4, Hồ Chí Minh",15.0,2.0,3.0,5.0,Sổ hồng,2025-11-23
"Bán nhà 4 tầng, sát mặt tiền Q4 giá 4,75 tỷ",4.75,"Đường Hoàng Diệu, Phường 8, Quận 4, Hồ Chí Minh",27.0,2.0,3.0,4.0,Sổ hồng,2025-11-21
"Bán nhà Khánh Hội, Q4 giá 6,7 tỷ",6.7,"Đường Khánh Hội, Phường 4, Quận 4, Hồ Chí Minh",45.0,3.0,3.0,3.0,Sổ hồng,2025-11-24
Vị trí cách mặt tiền đúng 30 m bán nhà mới khu dân cư hiện hữu,3.0,"Đường Đoàn Văn Bơ, Phường 16, Quận 4, Hồ Chí Minh",21.0,2.0,2.0,2.0,Sổ hồng,2025-11-16
"Ngang 3*9,75m xe tải 2,5 tấn đến nhà mặt tiền nội khu Tân Vĩnh, SD 94m2, Quận 4",9.2,"Đường Tân Vĩnh, Phường 4, Quận 4, Hồ Chí Minh",33.0,4.0,3.0,3.0,Sổ hồng,2025-11-26
"Bán nhà riêng Đoàn Văn Bơ, 1,99 tỷ, 9m2, 2PN, 2WC, Quận 4, TP.HCM",1.99,"Đường Đoàn Văn Bơ, Phường 16, Quận 4, Hồ Chí Minh",9.0,2.0,2.0,4.0,Sổ hồng,2025-11-26
"Bến Vân Đồn, SD 83m2, sổ hồng riêng KDC, lửng 2 lầu Quận 4",4.65,"303/ Đường Bến Vân Đồn, Phường 2, Quận 4, Hồ Chí Minh",22.0,3.0,2.0,3.0,Sổ hồng,2025-11-26
"4,2 tỷ Nhà BẾN VÂN ĐỒN _ SD 59m _ Sổ Hồng Riêng _ Quận 4",4.2,"303 Đường Bến Vân Đồn, Phường 2, Quận 4, Hồ Chí Minh",30.0,2.0,2.0,2.0,Sổ hồng,2025-11-26
"Bán nhà hẽm chính 538 đoàn văn bơ 84m2 2 tầng 7,9ty TL",7.9,"Đường Đoàn Văn Bơ, Phường 14, Quận 4, Hồ Chí Minh",84.0,3.0,2.0,2.0,Sổ hồng,2025-11-26
"Bán NR tại Đoàn Văn Bơ, 3,89 tỷ, 28m2, 2PN, 2WC, 2 tầng, mặt tiền 4m",3.89,"Đường Đoàn Văn Bơ, Phường 16, Quận 4, Hồ Chí Minh",28.0,2.0,2.0,2.0,Sổ hồng,2025-11-26
Q4 siêu phẩm 1/ Tôn Thất Thuyết - Xóm Chiếu - 50m2 - 4 tỷ 850 CTL- HĐT: 13tr/tháng LH:0787 782 ***,4.85,"Đường Tôn Thất Thuyết, Phường 16, Quận 4, Hồ Chí Minh",50.0,4.0,4.0,3.0,Sổ hồng,2025-11-25
Cực xịn chủ bán căn nhà tâm huyết Đoàn Văn Bơ - 50m2 - 4 tỷ 750 - bao sang tên SHR,4.75,"Đường Đoàn Văn Bơ, Phường 1, Quận 4, Hồ Chí Minh",50.0,3.0,2.0,3.0,Sổ hồng,2025-11-25
"Tôi thiện chí bán nhà đang cho thuê 20triệu Đoàn Văn Bơ - Q4,Giá 3Tỷ060/ 71,5m2. Gần chợ Xóm Chiếu",3.06,"Đường Đoàn Văn Bơ, Phường 4, Quận 4, Hồ Chí Minh",71.0,2.0,3.0,3.0,Sổ hồng,2025-11-25
"NHÀ HẺM 2 tầng, 31m2, cách Tôn Đản 50m, chính chủ",3.75,"Đường Tôn Đản, Phường 8, Quận 4, Hồ Chí Minh",31.0,1.0,2.0,2.0,Sổ hồng,2025-11-25
"Bán nhà 4 tầng,khu 20 thước Quận 4 giá 5 tỷ",5.0,"Đường Hoàng Diệu, Phường 9, Quận 4, Hồ Chí Minh",22.0,2.0,3.0,4.0,Sổ hồng,2025-11-21
"nhà CHDV Tôn Thất Thuyết Q 4, DT 6.1 x 26. DT 158m. GIÁ 15 TỶ. HXH . Xóm Chiếu, ĐH NGUYỄN TẤT THÀNH",15.0,"Đường Tôn Thất Thuyết, Phường 16, Quận 4, Hồ Chí Minh",158.0,5.0,6.0,4.0,Sổ hồng,2025-11-17
"Bán nhà hẻm 1/ 57m2 gần MT Tôn Thất Thuyết, P3, Q4 không quy hoạch giải toả",4.8,"Đường Tôn Thất Thuyết, Phường 3, Quận 4, Hồ Chí Minh",57.0,3.0,2.0,2.0,Sổ hồng,2025-11-21
"Hết khả năng trả lãi, đường Đoàn Văn Bơ mấy bước ra Hoàng Diệu, nhà 2 lầu + sân thượng, quận 4.",4.8,"Đường Đoàn Văn Bơ, Phường 8, Quận 4, Hồ Chí Minh",38.0,2.0,2.0,3.0,Sổ hồng,2025-11-25
NHÀ MỚI ĐẸP SÁT Q1 - KHÁNH HỘI - PHƯỜNG 4 QUẬN 4 - BTCT 4 TẦNG - 40M2 (3.8X12M) - 5PN 4WC,6.35,"Đường Khánh Hội, Phường 4, Quận 4, Hồ Chí Minh",40.0,5.0,4.0,4.0,Sổ hồng,2025-11-25
Vài bước ra mặt tiền Q4 - 40m2 - 2 tầng - không QH - chỉ 4 tỷ nhỉnh,4.5,"Đường Bến Vân Đồn, Phường 6, Quận 4, Hồ Chí Minh",40.0,2.0,3.0,2.0,Sổ hồng,2025-11-25
Chính chủ bán nhà xóm đạo Q. 4 diện tích khủng 101m2 hẻm xe hơi chỉ 7 tỷ 690 TL chính chủ,7.69,"Đường Tôn Thất Thuyết, Phường 16, Quận 4, Hồ Chí Minh",101.0,3.0,2.0,2.0,Sổ hồng,2025-11-25
CHÍNH CHỦ TRANG BÌA BÁN NHÀ 4 TẤM HOÀNG DIỆU P.9 Q.4 DTSD 160M2 CHỈ HƠN 6TỶ HẺM 4M,6.8,"Đường Đoàn Văn Bơ, Phường 9, Quận 4, Hồ Chí Minh",40.0,5.0,4.0,4.0,Sổ hồng,2025-11-25
"Bán nhà 4 tầng Khánh Hội, quận 4 - vị trí vàng trung tâm, dòng tiền 20~25 triệu/tháng - giá 6,35 tỷ",6.35,"Đường Khánh Hội, Phường 4, Quận 4, Hồ Chí Minh",42.0,5.0,4.0,4.0,Sổ hồng,2025-11-23
"Bán nhà mới, Nguyễn Khoái, P.2, Q4, 32m2, 3 lầu, chỉ 4,75 tỷ!",4.75,"Đường Nguyễn Khoái, Phường 2, Quận 4, Hồ Chí Minh",32.0,3.0,3.0,4.0,Sổ hồng,2025-11-24
"Bán nhà riêng 4PN 4WC tại Khánh Hội, Q4, TP. HCM, 7 tỷ, 43m2 siêu hot!",7.0,"Đường Khánh Hội, Phường 13, Quận 4, Hồ Chí Minh",43.0,4.0,4.0,4.0,Sổ hồng,2025-11-24
"Căn duy nhất nhà bán Đ. Bến Vân Đồn, xe hơi đậu cửa, thông Khánh hội, Hoàng Diệu 2 phút qua Q1",19.5,"Đường Bến Vân Đồn, Phường 6, Quận 4, Hồ Chí Minh",86.0,6.0,8.0,6.0,Sổ hồng,2025-11-24
BÁN NHÀ 4 PHÒNG NGỦ HẺM 266 TÔN ĐẢN QUẬN 4,5.4,"Đường Tôn Đản, Phường 8, Quận 4, Hồ Chí Minh",47.0,4.0,3.0,4.0,Sổ hồng,2025-11-24
Toà Lâu Đài 5 Tầng Vip Đường Số Q.4 - Giá : 10.9 Tỏii **********************,10.9,"Đường Số 18, Phường 4, Quận 4, Hồ Chí Minh",35.0,4.0,5.0,5.0,Sổ hồng,2025-11-19
"Nhà đường số ngay Vĩnh Hội - 4 tầng HC đủ - dtsd 77m2. Chỉ 5,6 tỷ",5.6,"Đường Số 4, Phường 4, Quận 4, Hồ Chí Minh",21.0,2.0,3.0,4.0,Sổ hồng,2025-11-24
"Bán nhà quận 4, giao dịch chính chủ, không qua trung gian",4.5,"86/31  Đường Tôn Đản, Phường 10, Quận 4, Hồ Chí Minh",32.0,2.0,2.0,2.0,Sổ hồng,2025-11-24
Bán nhà hẻm 49 Khánh Hội 2 Phòng Ngủ Quận 4,4.7,"Hẻm 49, Đường Khánh Hội, Phường 3, Quận 4, Hồ Chí Minh",40.0,2.0,2.0,2.0,Sổ hồng,2025-11-24
Bán căn góc đường nhựa xe hơi tránh ngang 5m,9.2,"Đường Vĩnh Hội, Phường 4,  Quận 4, Hồ Chí Minh",52.0,2.0,2.0,1.0,Sổ hồng,2025-11-19
Bán nhà mặt hẻm xe hơi thông thương Tôn Thất Thuyết,8.6,"Đường Tôn Thất Thuyết, Phường 18, Quận 4, Hồ Chí Minh",100.0,2.0,2.0,1.0,Sổ hồng,2025-11-22
"Nhà bán quận 4, 3 tầng, 50m2 đất, hẻm xe hơi, thông Đoàn Văn Bơ ra Tôn Thất Thuyết !",4.69,"Đường Đoàn Văn Bơ, Phường 16, Quận 4, Hồ Chí Minh",50.0,5.0,4.0,3.0,Sổ hồng,2025-11-24
"Xoay vốn bán gấp nhà HXH thông Tôn Thất Thuyết, Quận 4, 60m2 full thổ cư, SHR giá 3 tỷ 550 TL",3.55,"Đường Tôn Thất Thuyết, Phường 16, Quận 4, Hồ Chí Minh",60.0,2.0,3.0,2.0,Sổ hồng,2025-11-24
Bán nhà 5 tấm kiên cố Vĩnh Khánh DTSD 120m2 hẻm 4m sát mặt tiền chỉ nhỉnh 4tỷ,4.5,"Đường Vĩnh Khánh, Phường 10, Quận 4, Hồ Chí Minh",30.0,5.0,4.0,5.0,Sổ hồng,2025-11-24
Biệt thự châu Á kiến trúc châu Âu hẻm thông tứ tung sang khu Đ. số phố ẩm thực Vĩnh Khánh SD 500m2,12.3,"Đường Tôn Đản, Phường 8, Quận 4, Hồ Chí Minh",124.0,5.0,6.0,5.0,Sổ hồng,2025-11-24
"MẶT TIỀN HẺM Đoàn VĂN BƠ 4M KINH DOANH BUÔN BÁN 3PN , 3WC GIÁ NHỈNH 4TY",4.69,"Đường Đoàn Văn Bơ, Phường 14, Quận 4, Hồ Chí Minh",40.0,3.0,3.0,2.0,Sổ hồng,2025-11-24
BÁN NHÀ 5 TẦNG 3 PHÒNG NGỦ 5 TẦNG QUẬN 4,5.25,"Đường Đoàn Văn Bơ, Phường 10, Quận 4, Hồ Chí Minh",23.0,3.0,4.0,5.0,Sổ hồng,2025-11-24
BÁN NHÀ HẺM 78 KHÁNH HỘI CĂN GÓC 3 MẶT TIỀN QUẬN 4,8.7,"Đường Khánh Hội, Phường 4, Quận 4, Hồ Chí Minh",34.0,3.0,3.0,3.0,Sổ hồng,2025-11-24
"Bán nhà trọ Đ.Đoàn văn bơ, có 15 Phòng về thì 45 tr/ th- lưu thông Tôn Đản, Hoàng Diệu, qua Q1 5P.",10.6,"Đường Đoàn Văn Bơ, Phường 14, Quận 4, Hồ Chí Minh",98.0,15.0,15.0,5.0,Sổ hồng,2025-11-24
"Bán nhà ngang lớn 8.5m Đ.Hoàng Diệu thông ra Đ số, đến Khánh hội, Nguyễn Tất Thành.",5.7,"Đường Hoàng Diệu, Phường 4, Quận 4, Hồ Chí Minh",56.0,3.0,3.0,1.0,Sổ hồng,2025-11-23
"Nhà mới, Đoàn Như Hài, Q4, 12m2, 3 lầu, 2PN, chỉ 2,58 tỷ!",2.58,"Đường Đoàn Như Hài, Phường 13, Quận 4, Hồ Chí Minh",12.0,2.0,2.0,3.0,Sổ hồng,2025-11-23
"Nhà KHÁNH HỘI QUẬN 4, DT 72m . 6.8mx12m. GIÁ 20TỶ. 3 TẦNG, GẦN KHÁNH HỘI, VĨNH HỘI, HOÀN DIỆU",20.0,"Đường Khánh Hội, Phường 4, Quận 4, Hồ Chí Minh",72.0,4.0,6.0,4.0,Sổ hồng,2025-11-23
Bán CHDV mới tinh 10 phòng vừa ở vừa có thu nhập,9.3,"Đường Xóm Chiếu, Phường 16, Quận 4, Hồ Chí Minh",88.0,10.0,11.0,4.0,Sổ hồng,2025-11-23
"Bán nhà nát 36m2, khánh hội , Q4 giá 3,8 tỷ",3.8,"Đường Khánh Hội, Phường 3, Quận 4, Hồ Chí Minh",36.0,2.0,2.0,1.0,Sổ hồng,2025-11-23
Nhà riêng 12m2 nguyễn khoái .p2.q4 TP.HCM,0.11,"Đường Nguyễn Khoái, Phường 2, Quận 4, Hồ Chí Minh",12.0,2.0,1.0,1.0,Giấy tờ không xác định,2025-11-23
Bán nhà đường nhựa xe hơi tránh Vĩnh Hội - 4 tầng ngang 5 dài 8,8.2,"Đường Vĩnh Hội, Phường 4, Quận 4, Hồ Chí Minh",40.0,4.0,4.0,4.0,Sổ hồng,2025-11-17
CẦN TIỀN BÁN NHANH NHÀ 5 TẦNG BẾN VÂN ĐỒN Q.4 - HẺM 4M THẲNG 1 TRỤC GIÁ 3TY8 TL,3.8,"Đường Bến Vân Đồn, Phường 6, Quận 4, Hồ Chí Minh",17.0,3.0,3.0,5.0,Sổ hồng,2025-11-23
(Full video) bán nhà đẹp 3 tầng tại Hoàng Diệu. 40m2. 3.7mx13m. Cách Q1 chỉ 500m. Xung quanh là chợ,4.5,"Đường Hoàng Diệu, Phường 8, Quận 4, Hồ Chí Minh",40.0,3.0,2.0,3.0,Sổ hồng,2025-11-14
BÁN NHÀ 5 LẦU BÊ TÔNG TÔN ĐẢN SÁT MẶT TIỀN HẺM 3M DTSD 125M2 CHỈ CÓ 5Tỷ3 TL KHU DÂN CƯ HIỆN HỮU,5.3,"Đường Tôn Đản, Phường 10, Quận 4, Hồ Chí Minh",40.0,5.0,4.0,5.0,Sổ hồng,2025-11-23
"Sở hữu nhà 70m2 Đường Đoàn Văn Bơ - Q4, gần cầu Khánh Hội. Cho thuê 20tr/tháng, hẻm ô tô.Giá 3TỶ990",3.99,"Đường Đoàn Văn Bơ, Phường 9, Quận 4, Hồ Chí Minh",70.0,4.0,4.0,3.0,Sổ hồng,2025-11-23
"Nhà CHDV Q4, Thu nhập 40 triệu. giá 7 tỷ 5, 4.5m x 16m. 68M2. GẦN ĐH Nguyễn Tất Thành, ĐH LUẬT",8.0,"Đường Đoàn Văn Bơ, Phường 14, Quận 4, Hồ Chí Minh",68.0,6.0,7.0,3.0,Sổ hồng,2025-11-22
"Bán nhà Đ.Đoàn văn bơ, ngang 4.1 nở hậu 7.9 nhỉnh 6T- thông xóm chiếu,Tôn đản, Nguyễn Tất Thành.",6.1,"Đường Đoàn Văn Bơ, Phường 14, Quận 4, Hồ Chí Minh",68.0,2.0,2.0,1.0,Sổ hồng,2025-11-22
"Bán nhà ra MT xe hơi Đ.Đoàn Văn Bơ chỉ 10m, đi Vĩnh khánh ,Hoàng Diệu gần ĐH Nguyễn Tất Thành.",5.4,"Đường Đoàn Văn Bơ, Phường 10, Quận 4, Hồ Chí Minh",46.0,4.0,3.0,2.0,Sổ hồng,2025-11-22
"Bán nhà 2 MT- Đ.Bến Vân Đồn, xe hơi cách 10m, nhà đẹp thiết kế thông minh, Qua Q1, Q8 chưa đến 2p.",12.0,"Đường Bến Vân Đồn, Phường 1, Quận 4, Hồ Chí Minh",57.0,4.0,3.0,4.0,Sổ hồng,2025-11-22
"Bán nhanh nhà phố Q4 - giá mềm 5TỶ550 Đoàn Văn Bơ 48,5m2 nhà đẹp bất ngờ",5.55,"Đường Đoàn Văn Bơ, Phường 13, Quận 4, Hồ Chí Minh",48.0,3.0,3.0,2.0,Sổ hồng,2025-11-22
"Chính chủ cần bán nhà cấp 4, Tôn Đản, Quận 4. Ngang 4,4m(bụng nở hậu 8m) dài 22m. Giá 9.5 tỷ(TL)",9.5,"Đường Tôn Đản, Phường 15, Quận 4, Hồ Chí Minh",149.0,4.0,2.0,2.0,Sổ hồng,2025-11-22
"Nhà đẹp Tôn Đản, Q4 - 2 tầng đúc - 73m2 - 6x12m - không QH chỉ 5 tỷ hơn",5.8,"Đường Tôn Đản, Phường 15, Quận 4, Hồ Chí Minh",73.0,2.0,3.0,2.0,Sổ hồng,2025-11-22
"Cần bán gấp nhà riêng tại Đ. Tôn Đản, Q4, giá 4,7 tỷ, 47m2, 3PN, 3WC",4.7,"148/12/20 Đường Tôn Đản, Phường 10, Quận 4, Hồ Chí Minh",47.0,3.0,3.0,3.0,Sổ hồng,2025-11-16
Nhà Tôn Đản Q4 - 4 tầng đúc - 32m2 - ko qh - chỉ 4.5 tỷ,4.5,"Đường Tôn Đản, Phường 8, Quận 4, Hồ Chí Minh",32.0,4.0,4.0,3.0,Sổ hồng,2025-11-22
NHÀ ĐẸP TÔN ĐẢN Q4- 60m2 - 5 TẦNG- KO QH- CHỈ 6 TỶ NHỈNH,6.46,"Đường Tôn Đản, Phường 8, Quận 4, Hồ Chí Minh",60.0,4.0,4.0,5.0,Sổ hồng,2025-11-22
NHÀ TÂN VĨNH Q4- SÁT MT- 30m2 - 3 TẦNG ĐÚC - KO QH- GIÁ 4.9 TỶ,4.9,"Đường Tân Vĩnh, Phường 4, Quận 4, Hồ Chí Minh",30.0,3.0,3.0,3.0,Sổ hồng,2025-11-22
NHÀ VĨNH KHÁNH Q4- 4 LẦU ĐÚC - 32m2 VUÔNG VỨC- KO QH- CHỈ 4.8 TỶ,4.8,"Đường Vĩnh Khánh, Phường 10, Quận 4, Hồ Chí Minh",32.0,4.0,4.0,4.0,Sổ hồng,2025-11-22
"Bán nhà riêng tại Vĩnh Khánh, P8,Quận 4. Giá chỉ 4,3 tỷ, 42 m2, view đẹp",4.3,"Đường Vĩnh Khánh, Phường 8, Quận 4, Hồ Chí Minh",42.0,3.0,3.0,3.0,Sổ hồng,2025-11-22
Nhà Q4 - hẻm 1 sẹc - sân rộng - 45m2 - 1 lầu - không quy hoạch - chỉ 4 tỷ hơn,4.7,"Đường Đoàn Văn Bơ, Phường 18, Quận 4, Hồ Chí Minh",45.0,3.0,2.0,2.0,Sổ hồng,2025-11-22
Nhà đẹp Q4 - 2 lầu đúc - 46m2 - 3PN - full NT - giá 4.3 tỷ TL,4.3,"Đường Đoàn Văn Bơ, Phường 15, Quận 4, Hồ Chí Minh",46.0,3.0,3.0,3.0,Sổ hồng,2025-11-22
"Qua trung tâm không lo kẹt xe. Bán nhà 3 tầng đẹp như hình, đường Khánh Hội, Quận 4.",6.8,"Đường Khánh Hội, Phường 3, Quận 4, Hồ Chí Minh",46.0,4.0,2.0,3.0,Sổ hồng,2025-11-18
"Bán nhà mới, hẻm 5m, Hoàng Diệu, Q.4, DTSD 66m2, 3 lầu, 2PN, chỉ 3,45 tỷ!",3.45,"Đường Hoàng Diệu, Phường 8, Quận 4, Hồ Chí Minh",20.0,3.0,3.0,4.0,Sổ hồng,2025-11-22
NHÀ TÔN ĐẢN Q4-HẺM 3m- 46m2 - 3 TẦNG ĐÚC - 5PN- CHỈ 3.95 TỶ,3.95,"Đường Tôn Đản, Phường 14, Quận 4, Hồ Chí Minh",46.0,4.0,4.0,3.0,Sổ hồng,2025-11-22
"Cần bán gấp nhà Đ. Tân Vĩnh, Q4, 66m2, giá 3,2 tỷ, gần công viên Khánh Hội, còn HĐ thuê 27tr/tháng",3.2,"Đường Tân Vĩnh, Phường 9, Quận 4, Hồ Chí Minh",66.0,3.0,4.0,4.0,Sổ hồng,2025-11-22
NHÀ VĨNH HỘI Q4- HẺM 3m- 40m2 - 3 LẦU- KO QH- CHỈ 4 TỶ NHỈNH,4.5,"Đường Vĩnh Hội, Phường 3, Quận 4, Hồ Chí Minh",40.0,3.0,3.0,3.0,Sổ hồng,2025-11-22
Nhà Khánh Hội Q4- hẻm otô - 43m2 - 4 tầng đúc - chỉ 7 tỷ,7.0,"Đường Khánh Hội, Phường 3, Quận 4, Hồ Chí Minh",43.0,3.0,3.0,4.0,Sổ hồng,2025-11-22
GẤP BÁN NHÀ ĐẸP 3 TẤM ĐÚC HOÀNG DIỆU Q.4 HẺM XE HƠI GIÁ NHỈNH 6 ĐỒNG,6.5,"Đường Hoàng Diệu, Phường 9, Quận 4, Hồ Chí Minh",36.0,4.0,3.0,4.0,Sổ hồng,2025-11-14
"Bán nhà HXH, Hoàng Diệu, Quận giá 6,6 tỷ",6.6,"Đường Hoàng Diệu, Phường 8, Quận 4, Hồ Chí Minh",34.0,2.0,3.0,3.0,Sổ hồng,2025-11-22
HOÀNG DIỆU Q4- HẺM 3m- 40m2 - 3 LẦU ĐÚC CHỈ 4 TỶ NHỈNH,4.5,"Đường Hoàng Diệu, Phường 8, Quận 4, Hồ Chí Minh",40.0,2.0,3.0,3.0,Sổ hồng,2025-11-22
NHÀ ĐẸP NGUYỄN KHOÁI Q4- 3 TẦNG- 32m2 - KO QH - CHỈ 4.9 TỶ,4.9,"Đường Nguyễn Khoái, Phường 2, Quận 4, Hồ Chí Minh",32.0,3.0,3.0,3.0,Sổ hồng,2025-11-22
"CHỦ GẤP BÁN NHÀ MỚI 4 TẦNG ĐÚC KHU 20 THƯỚC HOÀNG DIỆU 3PN , 3WC , HẺM 4M CHỈ 4TY9999",4.99,"Đường Hoàng Diệu, Phường 9, Quận 4, Hồ Chí Minh",21.0,3.0,3.0,4.0,Sổ hồng,2025-11-16
TRUNG TÂM QUẬN 4 - KHU ẨM THỰC 20 THƯỚC - VÀI BƯỚC CHÂN RA MẶT TIỀN - 21.2m -3 TẦNG - Giá NHỈNH 4TY,4.35,"Phường 8, Quận 4, Hồ Chí Minh",21.0,2.0,2.0,3.0,Sổ hồng,2025-11-21
"Bán nhà đẹp Khánh Hội, Quận 4 - 42m², 5 P.Ngủ, gần chợ 200 và ĐH Luật, cho thuê nhanh - Giá 6,35 tỷ",6.35,"Đường Khánh Hội, Phường 4, Quận 4, Hồ Chí Minh",42.0,5.0,4.0,4.0,Sổ hồng,2025-11-14
"Chỉ 1,5 tỷ - nhà 2 tầng 2 PN riêng - ngay Tôn Đản - sổ hồng riêng, đất dân cư",1.5,"Đường Tôn Đản, Phường 8, Quận 4, Hồ Chí Minh",9.0,2.0,1.0,2.0,Sổ hồng,2025-11-20
"Bán nhà Hoàng Diệu, Quận 4, 55m2, ngang hiếm 5.5m, nhích 5 tỷ",5.89,"Đường Hoàng Diệu, Phường 4, Quận 4, Hồ Chí Minh",55.0,3.0,2.0,2.0,Sổ hồng,2025-11-21
"BÁN NHÀ 3 TẦNG - GẦN BẾN VÂN ĐỒN , HOÀNG DIỆU - XE HƠI TẬN NHÀ - ĐẦU TƯ CHO THUÊ CHỈ 2.58 TỶ.",2.58,"Đường Đoàn Như Hài, Phường 12, Quận 4, Hồ Chí Minh",11.0,2.0,2.0,3.0,Sổ hồng,2025-11-21
"BÁN NHÀ ĐẸP NGUYỄN TẤT THÀNH QUẬN 4 - SÂN THƯỢNG - 5 TẦNG - MUA 1 ĐƯỢC 2 - GIÁ 7,5TY TL",7.5,"Đường Nguyễn Thần Hiến, Phường 16, Quận 4, Hồ Chí Minh",58.0,6.0,8.0,5.0,Sổ hồng,2025-11-21
"Bán nhà 5 lầu, 40m2, Tôn Đản, P.Khánh Hội, Q4, chỉ 5,3 tỷ!",5.3,"Đường Tôn Đản, Phường 10, Quận 4, Hồ Chí Minh",40.0,3.0,3.0,5.0,Sổ hồng,2025-11-19
BÁN NHÀ HẺM 49 KHÁNH HỘI 2 PHÒNG NGỦ NHÀ MỚI ĐẸP VÀO Ở LIỀN,4.7,"Đường Khánh Hội, Phường 3, Quận 4, Hồ Chí Minh",40.0,2.0,2.0,2.0,Sổ hồng,2025-11-21
"BÁN NHÀ Q4 KÈO THƠM NHÀ 4 TẦNG GIÁ 3,49 TỶ",3.49,"Đường Đoàn Văn Bơ, Phường 14, Quận 4, Hồ Chí Minh",26.0,2.0,2.0,4.0,Sổ hồng,2025-11-21
Trung tâm đường số quận 4 (hẻm 6m),5.6,"Đường Số 4, Phường 4, Quận 4, Hồ Chí Minh",21.0,2.0,3.0,4.0,Sổ hồng,2025-11-21
"Bán nhà HXH. Hoàng Diệu, Quận 4 giá 6,6 tỷ",6.6,"Đường Hoàng Diệu, Phường 8, Quận 4, Hồ Chí Minh",35.0,2.0,3.0,3.0,Sổ hồng,2025-11-21
Bán nhà mặt tiền hẻm Tôn Đản tiện kinh doanh buôn bán sát mặt tiền DT sổ 55m2 giá hơn 5 tỷ,5.85,"Đường Tôn Đản, Phường 4, Quận 4, Hồ Chí Minh",55.0,3.0,2.0,2.0,Sổ hồng,2025-11-21
"Gấp bán nhà Hoàng Diệu, Q.4 khu dân cư hiện hữu",6.5,"Đường Hoàng Diệu, Phường 4, Quận 4, Hồ Chí Minh",55.0,3.0,2.0,2.0,Sổ hồng,2025-11-21
Tôi cần bán biệt thự cổ sân vườn Q4 - DT 18x15 ~ 309m2 giá chỉ 17 tỷ call0909 227 ***,17.0,"Đường Nguyễn Khoái, Phường 2, Quận 4, Hồ Chí Minh",309.0,3.0,4.0,1.0,Sổ hồng,2025-11-21
"Mua bán nhà quận 4, trục đường Khánh Hội, 4 Tầng hoàn công, nở hậu L vuông vắn !",6.9,"Đường Khánh Hội, Phường 3, Quận 4, Hồ Chí Minh",42.0,3.0,3.0,4.0,Sổ hồng,2025-11-21
Chính chủ bán nhà Lê Quốc Hưng gần Hoàng Diệu hẻm 4m khu dân cư hiện hữu,3.8,"Đường Lê Quốc Hưng, Phường 12, Quận 4, Hồ Chí Minh",24.0,2.0,2.0,2.0,Sổ hồng,2025-11-21
"Bán nhà hẻm 368 Tôn Đản 2 phòng ngủ, quận 4",3.99,"Hẻm 368 Đường Tôn Đản, Phường 4, Quận 4, Hồ Chí Minh",37.0,2.0,3.0,4.0,Sổ hồng,2025-11-21
"Mua bán nhà quận 4, 55m2 đất, nhà mới đẹp, gần chợ, gần trường, đường Đoàn Văn Bơ !",5.1,"Đường Đoàn Văn Bơ, Phường 14, Quận 4, Hồ Chí Minh",55.0,3.0,2.0,2.0,Sổ hồng,2025-11-20
"Mua bán nhà quận 4, 68m2 đất, 3 tầng chia thành 2 căn cho thuê, hoàn công",5.95,"Đường Tôn Đản, Phường 14, Quận 4, Hồ Chí Minh",68.0,4.0,4.0,3.0,Sổ hồng,2025-11-20
"Mua bán nhà quận 4, chính chủ bán nhà nhỏ giá nho nhỏ, 3 tầng, 2 phòng, hẻm xe hơi !",1.99,"Đường Vĩnh Hội, Phường 4, Quận 4, Hồ Chí Minh",8.0,2.0,2.0,3.0,Sổ hồng,2025-11-20
"Mua bán nhà quận 4, 46m2 đất, dân cư hiện hữu chỉnh trang, hoàn công đủ, hẻm thông Tôn Thất Thuyết",4.45,"Phường 3, Quận 4, Hồ Chí Minh",46.0,3.0,3.0,3.0,Sổ hồng,2025-11-20
"Mua bán nhà quận 4, 100m2 đất, ngang 5m khu dân cư chỉnh trang, xây 5 tầng và hoàn công, Khánh Hội",7.8,"Đường Tôn Thất Thuyết, Phường 4, Quận 4, Hồ Chí Minh",100.0,2.0,2.0,2.0,Sổ hồng,2025-11-20
"Mua bán nhà quận 4, 5 tầng hoàn công, dân cư hiện hữu, hẻm 4m, sát MT Đoàn Văn Bơ !",4.99,"Đường Đoàn Văn Bơ, Phường 9, Quận 4, Hồ Chí Minh",21.0,3.0,3.0,5.0,Sổ hồng,2025-11-20
"Mua bán nhà quận 4, 27,5m2 đất, dân cư hiện hữu, gần mặt tiền đường Tôn Thất Thuyết !",2.7,"Đường Tôn Thất Thuyết, Phường 15, Quận 4, Hồ Chí Minh",27.0,2.0,2.0,2.0,Sổ hồng,2025-11-20
"Bán nhà đẹp 1 sẹc đường Phan Văn Trị, P2, quận 5, cách mặt tiền chỉ 30m, đủ tiện ích, chỉ hơn 7 tỷ",7.5,"387.20A, Đường Phan Văn Trị, Phường 2, Quận 5, Hồ Chí Minh",62.0,3.0,2.0,2.0,Sổ hồng,2025-11-27
"Bán nhà 417/33A An Dương Vương, 3,2x12m, 2 lầu, 5,75 tỷ",5.75,"413/33A Đường An Dương Vương, Phường 3, Quận 5, Hồ Chí Minh",36.0,3.0,3.0,3.0,Sổ hồng,2025-11-21
Nhà mặt tiền hẻm xe hơi đỗ cửa đường An Dương Vương P9 Q5,13.6,"Đường An Dương Vương, Phường 9, Quận 5, Hồ Chí Minh",52.0,5.0,5.0,4.0,Sổ hồng,2025-11-16
"Bán nhà 4x12m nở hậu 5m4, 4 lầu 5PN 6WC, Trần Hưng Đạo P7 Q5 giá 9 tỷ",9.0,"Đường Trần Hưng Đạo, Phường 7, Quận 5, Hồ Chí Minh",53.0,5.0,6.0,4.0,Sổ hồng,2025-11-27
"Nhà C3, 1/ Sẹc - Trần Bình Trọng - 11x18m (163/202m2) - 15tỷ",15.0,"Đường Trần Bình Trọng, Phường 2, Quận 5, Hồ Chí Minh",163.0,5.0,3.0,2.0,Sổ hồng,2025-11-27
"Nhà c4, 1 sẹc - Nguyễn Văn Cừ - 3.6x15m (49.2/53m2) - nhỉnh 5tỷ",5.9,"Đường Nguyễn Văn Cừ, Phường 1, Quận 5, Hồ Chí Minh",53.0,5.0,2.0,1.0,Sổ hồng,2025-11-27
"BÁN NHÀ 387/ PHAN VĂN TRỊ Q5, 3 MẶT HẺM 4M, TRỆT 2 LẦU ST, 8.35 TỶ",8.35,"387/5, Đường Phan Văn Trị, Phường 2, Quận 5, Hồ Chí Minh",52.0,4.0,3.0,3.0,Sổ hồng,2025-11-21
"Trần Phú, Quận 5, ngay An Đông DT 62m2 CN 56m2, hẻm 4m thông",8.5,"Đường Trần Phú, Phường 7, Quận 5, Hồ Chí Minh",56.0,2.0,1.0,1.0,Sổ hồng,2025-11-26
"Võ Văn Kiệt, Quận 5, hẻm xe hơi 5m, cách MT 30m, 2 tầng tặng nội thất",4.5,"Đường Võ Văn Kiệt, Phường 5, Quận 5, Hồ Chí Minh",26.0,2.0,2.0,2.0,Sổ hồng,2025-11-25
NHÀ HIẾM QUẬN 5 SÁT Q 1 XE 7 CHỖ VÀO NHÀ SỔ VUÔNG 45M HOÀN CÔNG ĐỦ -NHỈNH 8 TỶ -0949 757 ***,8.8,"Đường Phan Văn Trị, Phường 2, Quận 5, Hồ Chí Minh",48.0,2.0,1.0,2.0,Sổ hồng,2025-11-27
"Bán gấp HXH Nguyễn Trãi 4.8x20m, nhà 3 lầu mới đẹp giá 20.5 tỷ TL",20.5,"Đường Nguyễn Trãi, Phường 2, Quận 5, Hồ Chí Minh",92.0,5.0,6.0,3.0,Sổ hồng,2025-11-17
"Bán nhà riêng tại An Dương Vương, 13,3 tỷ, 55m2, 5PN, 4WC, Quận 5, HCM, giá ưu đãi",13.3,"Đường An Dương Vương, Phường 4, Quận 5, Hồ Chí Minh",55.0,5.0,4.0,3.0,Sổ hồng,2025-11-26
"2 căn liền kề, hẻm 4m, sổ đẹp - Nguyễn Trãi - 6x12m (61/72m2), 3 tầng - nhích 10 tỷ",10.5,"Đường Nguyễn Trãi, Phường 2, Quận 5, Hồ Chí Minh",61.0,6.0,3.0,3.0,Sổ hồng,2025-11-26
"Bán Nhà Hiếm An Dương Vương, Trung Tâm Quận 5- 3 Tầng, 4.3m Nở Hậu, HĐ Thuê 23tr/Tháng- Chỉ 13,3 Tỷ",13.3,"Đường An Dương Vương, Phường 3, Quận 5, Hồ Chí Minh",55.0,5.0,4.0,2.0,Sổ hồng,2025-11-25
"Bán nhà Q5 ngay Trần Hưng Đạo, hẻm xe hơi đường An Bình Quận 5",13.2,"Phường 6, Quận 5, Hồ Chí Minh",68.0,6.0,6.0,5.0,Sổ hồng,2025-11-26
"Quận 5, nhà mới tinh 56m2 (4x14m), 4 tầng - hẻm xe hơi 4m, không quy hoạch",10.95,"Đường Nguyễn Văn Đừng, Phường 6, Quận 5, Hồ Chí Minh",56.0,4.0,5.0,4.0,Sổ hồng,2025-11-26
"Duy nhất 1 căn biệt thự hiện đại, hẻm 2 xe hơi, ra Nguyễn Tri Phương, P9, Q5, 8x20m 4 lầu thang máy",31.0,"Đường Nguyễn Chí Thanh, Phường 9, Quận 5, Hồ Chí Minh",154.0,4.0,4.0,3.0,Sổ hồng,2025-11-26
"Nhà mới hẻm 3m / An Dương Vương, gần chợ An Đông, 36m2, 3 lầu BTCT",5.75,"Đường An Dương Vương, Phường 3, Quận 5, Hồ Chí Minh",36.0,3.0,3.0,3.0,Sổ hồng,2025-11-21
"Bán Nhà Đẹp 4 Tầng, Nguyễn Văn Đừng, Trần Hưng Đạo Quận 5, 56M2(4x14) Sổ vuông đẹp, 4PN-5WC",10.9,"Đường Nguyễn Văn Đừng, Phường 6, Quận 5, Hồ Chí Minh",56.0,4.0,5.0,4.0,Sổ hồng,2025-11-26
CẦN BÁN GĂP NHÀ HẺM XE HƠI - TRUNG TÂM QUẬN 5,10.8,"Đường Nguyễn Trãi, Phường 7, Quận 5, Hồ Chí Minh",44.0,5.0,4.0,4.0,Sổ hồng,2025-11-26
TTQ5 Nhà đẹp ngang khủng 6m Trần Bình Trọng Quận 5 giáp Quận 1 khu dân trí cao,9.9,"Đường Trần Bình Trọng, Phường 3, Quận 5, Hồ Chí Minh",72.0,4.0,3.0,3.0,Sổ hồng,2025-11-26
Bán nhà HXH ngang 8 dài 10 sát Q1,19.5,"Đường Trần Hưng Đạo, Phường 2, Quận 5, Hồ Chí Minh",80.0,5.0,2.0,3.0,Sổ hồng,2025-11-26
"Bán gấp HXH VIP 322/ An Dương Vương - Trần Bình Trọng P. 4 Q. 5 (5,3x20m) giá 25 Tỷ",25.0,"322/ Đường An Dương Vương, Phường 4, Quận 5, Hồ Chí Minh",88.0,6.0,6.0,4.0,Sổ hồng,2025-11-26
"Bán nhà căn góc 2 MT hẻm 4m đường Nguyễn Biểu - Quận 5. DT: 3,3x11m (2 tầng). Giá: 6,48 tỷ",6.48,"Đường Nguyễn Biểu, Phường 1, Quận 5, Hồ Chí Minh",36.0,2.0,1.0,2.0,Sổ hồng,2025-11-26
"Bán nhà Trần Phú, P. 7, Q. 5 - 4 tầng, DT 57m2, ngang 4.8m - chỉ 9.7 tỷ",9.7,"Đường Trần Phú, Phường 7, Quận 5, Hồ Chí Minh",57.0,3.0,3.0,4.0,Sổ hồng,2025-11-21
"Bán nhà Đỗ Ngọc Thạnh, P. 14, Q. 5 - đối diện chợ Kim Biên - chỉ 8.4 tỷ",8.4,"Đường Đỗ Ngọc Thạnh, Phường 14, Quận 5, Hồ Chí Minh",34.0,2.0,1.0,3.0,Sổ hồng,2025-11-16
"Nhà hẻm xe hơi An Dương Vương 4.6x20m, trệt 3 lầu ST mới đẹp gần mặt tiền đường giá 17.8 tỷ TL",17.8,"Đường An Dương Vương, Phường 4, Quận 5, Hồ Chí Minh",93.0,7.0,8.0,5.0,Sổ hồng,2025-11-17
"Bán nhà mặt tiền HXH đường Nguyễn Trãi, P3, Quận 5 (DT: 4,8x21,5m, hậu 5,6m) HĐT 30 triệu. 23,5Tỷ",23.5,"Đường Nguyễn Trãi, Phường 3, Quận 5, Hồ Chí Minh",115.0,3.0,3.0,3.0,Sổ hồng,2025-11-25
"Bán nhà riêng 67m2, 9,9 tỷ tại Trần Bình Trọng, P. 1, Q. 5, TP. HCM, tiện đi lại 3 quận Trung tâm",9.9,"Đường Trần Bình Trọng, Phường 1, Quận 5, Hồ Chí Minh",67.0,5.0,4.0,3.0,Sổ hồng,2025-11-25
"Bán nhà HXH Võ Văn Kiệt, Q5, 9,9 tỷ, 68m2, 7PN, 5WC, view đẹp, khu dân cư văn minh, thân thiện",9.9,"Đường Võ Văn Kiệt, Phường 1, Quận 5, Hồ Chí Minh",68.0,7.0,5.0,5.0,Sổ hồng,2025-11-25
"Chủ cần tiền, giảm giá mạnh nhà 68m2 Học Lạc, Q5, chỉ 7tỷ4/ 6,8x10m. Cung đường buôn bán sầm uất",7.4,"Đường Học Lạc, Phường 14, Quận 5, Hồ Chí Minh",68.0,6.0,4.0,5.0,Sổ hồng,2025-11-25
"Nhà quận 5, 1 trệt 1 lầu chỉ 5 tỷ 600 thương lượng, dọn vào ở ngay. LH xem nhà0876 410 ***",5.6,"Đường Cao Đạt, Phường 1, Quận 5, Hồ Chí Minh",22.0,2.0,3.0,2.0,Sổ hồng,2025-11-25
Bán nhà HXH Nguyễn Tri Phương Quận 5. Nhà 4 tầng. Gía 12.5 tỷ TL,12.5,"Đường Nguyễn Tri Phương, Phường 9, Quận 5, Hồ Chí Minh",57.0,5.0,4.0,4.0,Sổ hồng,2025-11-25
Nhà phố 3 lầu HXT 7m đường Nguyễn Trãi Quận 5 (6.5 x 21m) GPXD mới: 7 lầu. Giá bán: 24.5 tỷ,24.5,"Đường Nguyễn Trãi, Phường 3, Quận 5, Hồ Chí Minh",131.0,6.0,5.0,3.0,Sổ hồng,2025-11-16
"Chính chủ bán nhà phố HXH 8m ngay Nguyễn Chí Thanh - Nguyễn Tri Phương (8x19m) Q5, giá: 32.5 tỷ",32.5,"Đường Nguyễn Chí Thanh, Phường 9, Quận 5, Hồ Chí Minh",150.0,5.0,5.0,4.0,Sổ hồng,2025-11-16
8.x TỶ - XE 7 CHỖ TỚI NHÀ  NGANG GẦN 4M VUÔNG VỨC - DT 46m2 SÁT MẶT TIỀN GẦN NGUYỄN VĂN CỪ Q.5,8.8,"Đường Nguyễn Văn Cừ, Phường 3, Quận 5, Hồ Chí Minh",46.0,2.0,1.0,2.0,Sổ hồng,2025-11-25
"Trần Phú Quận 5, hẻm ô tô, cách đường lớn 10m DT 57m2 ngang 4m, 4 tầng",9.2,"Đường Trần Phú, Phường 7, Quận 5, Hồ Chí Minh",57.0,4.0,4.0,4.0,Sổ hồng,2025-11-21
Vị trí vàng trong làng bds - Trần Hưng Đạo P.1Q.5 - dòng tiền 35t/th - nhỉnh 13ty,13.94,"Đường Trần Hưng Đạo, Phường 1, Quận 5, Hồ Chí Minh",60.0,6.0,6.0,4.0,Sổ hồng,2025-11-25
Vị trí đắc địa - Nguyễn Trãi Q.5 - 60m2 - 5 tầng đúc chắc chắn - giá nhỉnh 9ty,9.4,"Đường Nguyễn Trãi, Phường 7, Quận 5, Hồ Chí Minh",60.0,6.0,5.0,5.0,Sổ hồng,2025-11-24
"Giá tốt 2.95 tỷ (TL nhẹ) | Trần Hưng Đạo Quận 5 kết cấu: 1 trệt 2 lầu, 2PN 3WC",2.95,"Đường Trần Hưng Đạo, Phường 1, Quận 5, Hồ Chí Minh",18.0,2.0,3.0,3.0,Sổ hồng,2025-11-24
"Hẻm 4m Cao Đạt, P.2, Q.5, 20m ra mặt tiền, dt: 3,8 X 9m, hai tầng, giá 5 tỷ 4.",5.4,"Đường Cao Đạt, Phường 2, Quận 5, Hồ Chí Minh",30.0,2.0,3.0,2.0,Sổ hồng,2025-11-24
"Bán NR đẹp xuất sắc tại Lê Hồng Phong, 6,8 tỷ, 38m2, 4 tầng, 3PN, 4WC, Q5, HCM",6.8,"Đường Lê Hồng Phong, Phường 2, Quận 5, Hồ Chí Minh",38.0,3.0,4.0,4.0,Sổ hồng,2025-11-24
Bán nhà thiết kế đẹp ngang trên 5m - căn góc MT Trần Phú-P4-Q.5-66m²-4tầng-chỉ nhỉnh 9 tỷ-7PN - 8WC,9.3,"Đường Trần Phú, Phường 4, Quận 5, Hồ Chí Minh",66.0,7.0,8.0,4.0,Sổ hồng,2025-11-24
"Bán nhà HXH 52 Gia Phú, P Chợ Lớn (mới), TPHCM, kêu 13,8 tỷ nay xuống 12,3 tỷ, 64,78m2, 4,5 tấm",12.3,"Hẻm 52, Đường Gia Phú, Phường 13, Quận 5, Hồ Chí Minh",64.0,5.0,4.0,4.0,Sổ hồng,2025-11-24
"Siêu phẩm tòa nhà CHDV An Dương Vương, Q.5 dòng tiền cao, vị trí trung tâm, giá cực tốt",35.0,"Đường An Dương Vương, Phường 3, Quận 5, Hồ Chí Minh",106.0,33.0,35.0,7.0,Sổ hồng,2025-11-19
NHÀ 3 TẦNG - 56M2-XE HƠI VÀO NHÀ - ĐƯỜNG TRẦN BÌNH TRỌNG QUẬN 5 - VUÔNG VỨC - HC ĐỦ - NHỈNH 8 TỶ TL,8.5,"Đường Trần Bình Trọng, Phường 2, Quận 5, Hồ Chí Minh",56.0,4.0,3.0,3.0,Sổ hồng,2025-11-24
Giá Cực Tốt - HXH Vào Nhà Cạnh MT Trần Phú Quận 5 - 57m2 Ngang 4m 4 Tầng Nở Hậu - Chỉ 9 Tỷ 2,9.2,"Đường Trần Phú, Phường 7, Quận 5, Hồ Chí Minh",57.0,4.0,3.0,4.0,Sổ hồng,2025-11-24
HXH Tới Nhà - Trần Nhân Tôn Quận 5 - 50m2 5 Tầng 4 PN Còn Mới Ở Ngay - 11 Tỷ 5 TL,11.5,"Đường Trần Nhân Tôn, Phường 9, Quận 5, Hồ Chí Minh",50.0,4.0,5.0,5.0,Sổ hồng,2025-11-24
"BÁN CĂN GÓC HẺM- CAO ĐẠT, Q5- 5 TỶ 680",5.68,"Đường Cao Đạt, Phường 1, Quận 5, Hồ Chí Minh",31.0,2.0,3.0,2.0,Sổ hồng,2025-11-23
"Q5-hẻm Võ Văn Kiệt, F6- 3 tầng BTCT-5tỷ680",5.68,"Đường Võ Văn Kiệt, Phường 6, Quận 5, Hồ Chí Minh",23.0,4.0,3.0,3.0,Sổ hồng,2025-11-23
"Nhà Q5 - Huỳnh Mẫn Đạt - 3 tầng BTCT - 5,880 tỷ",5.88,"Hẻm 80/, Đường Huỳnh Mẫn Đạt, Phường 2, Quận 5, Hồ Chí Minh",31.0,3.0,2.0,3.0,Sổ hồng,2025-11-23
Khu VIP Q. 5 - Trần Nhân Tôn - HXH - Ngộp Bank - 8tỷ5 - nhà nát tiện xây mới,8.5,"Đường Trần Nhân Tôn, Phường 9, Quận 5, Hồ Chí Minh",50.0,2.0,2.0,2.0,Sổ hồng,2025-11-24
"Bán tòa nhà CHDV Nguyễn Trãi, Phường 03, Quận 5, Hầm, 7 lầu, 32P, 140tr, giá: 39.8 tỷ BL",39.8,"Đường Nguyễn Trãi, Phường 3, Quận 5, Hồ Chí Minh",110.0,32.0,32.0,8.0,Sổ hồng,2025-11-24
Gấp bán! nhà hẻm Lê Hồng Phong Q5 DT 3.4x11.8m giảm sâu còn 6.8 tỷ,6.8,"Đường Lê Hồng Phong, Phường 2, Quận 5, Hồ Chí Minh",40.0,3.0,3.0,4.0,Sổ hồng,2025-11-24
Nhà mới ở ngay - Nguyễn Văn Đừng Quận 5 - 55m2 4 tầng BTCT 4 PN - 11 tỷ TL,11.0,"Đường Nguyễn Văn Đừng, Phường 6, Quận 5, Hồ Chí Minh",55.0,4.0,5.0,4.0,Sổ hồng,2025-11-23
"Nhà bán khu vip Trần Bình Trọng ,1 đời chủ ,6PN ,DTS 211m2 , SHR nở hậu , hoàn công đủ .",17.9,"Đường Trần Bình Trọng, Phường 2, Quận 5, Hồ Chí Minh",70.0,6.0,4.0,4.0,Sổ hồng,2025-11-23
"Hiếm Quận 5 Phan Văn Trị, DTS 106.4m2, nở hậu, 1 đời chủ chưa qua đầu tư, tiện xây mới CHDV",6.5,"Đường Phan Văn Trị, Phường 2, Quận 5, Hồ Chí Minh",42.0,3.0,2.0,3.0,Sổ hồng,2025-10-31
Bán gấp trong tuần để xuất cảnh - Bán nhà Huỳnh Mẫn Đạt 41m² - 5 tầng - 10 tỷ - siêu rẻ,10.0,"Đường Huỳnh Mẫn Đạt, Phường 7, Quận 5, Hồ Chí Minh",41.0,7.0,4.0,5.0,Sổ hồng,2025-11-23
Bán gấp trong tháng - Bán nhà Cao Đạt 22m² 2 tầng - 5.6 tỷ,5.6,"Đường Cao Đạt, Phường 1, Quận 5, Hồ Chí Minh",22.0,2.0,3.0,2.0,Sổ hồng,2025-11-23
Hẻm ô tô vào nhà Trần Bình Trọng Quận 5 - 76 m² 4 tầng BTCT - 1 đời chủ - hồ bơi Lam Sơn - 17 tỷ,17.0,"Đường Trần Bình Trọng, Phường 4, Quận 5, Hồ Chí Minh",76.0,4.0,4.0,4.0,Sổ hồng,2025-11-23
NHÀ MỚI Ở NGAY TRUNG TÂM QUẬN 5 Trân hưng đạo -Q5,5.98,"Đường Trần Hưng Đạo, Phường 11, Quận 5, Hồ Chí Minh",30.0,2.0,2.0,3.0,Sổ hồng,2025-11-23
Bán gấp trong tuần để xuất cảnh - Bán nhà An Dương Vương 51m² - 2 tầng - 10.3 tỷ - siêu rẻ,10.3,"Đường An Dương Vương, Phường 4, Quận 5, Hồ Chí Minh",51.0,2.0,2.0,2.0,Sổ hồng,2025-11-23
"Bán nhà 4 tầng Huỳnh Mẫn Đạt trung tâm Quận 5 - sát MT Phan Văn Trị, ở ngay hoặc cho thuê - 5.88 tỷ",5.88,"Đường Huỳnh Mẫn Đạt, Phường 2, Quận 5, Hồ Chí Minh",28.0,2.0,3.0,4.0,Sổ hồng,2025-11-20
"Bán nhà Nguyễn Văn Cừ, P.1, Q.5 - 4 tầng, hẻm xe hơi 1 trục - 9.7 tỷ",9.7,"Đường Nguyễn Văn Cừ, Phường 1, Quận 5, Hồ Chí Minh",55.0,4.0,4.0,4.0,Sổ hồng,2025-11-20
8.x TỶ - 30M MẶT TIỀN - GẦN 50M2 HẺM 4M - 4 TẦNG - PHAN VĂN TRỊ Q.5,8.99,"Đường Phan Văn Trị, Phường 7, Quận 5, Hồ Chí Minh",50.0,4.0,4.0,4.0,Sổ hồng,2025-11-22
9.X tỷ - 1 căn ra mặt tiền - oto tới cửa - 5 tầng Nguyễn Trãi Q. 5 - nở hậu - 44m2,9.4,"Đường Nguyễn Trãi, Phường 9, Quận 5, Hồ Chí Minh",44.0,6.0,4.0,5.0,Sổ hồng,2025-11-22
"Bán nhà đường Nguyễn Trãi, Q5. (3.4x12,90) 4 tầng, SHR, hoàn công, gần Đại Thế Giới, chỉ 10 tỷ",10.0,"Đường Nguyễn Trãi, Phường 7, Quận 5, Hồ Chí Minh",43.0,5.0,4.0,4.0,Sổ hồng,2025-11-22
Nhà góc 2 mặt hẻm Trần Phú Q5 Ngang 5.1m 4 tầng Chỉ 9.3 Tỷ,9.3,"Đường Trần Phú, Phường 4, Quận 5, Hồ Chí Minh",44.0,7.0,8.0,4.0,Sổ hồng,2025-11-22
"Bán Nhà Riêng 40 tỷ, 110m2, 9 tầng tại Nguyễn Trãi, p 3, Q5, TP.HCM, Chính chủ giá tốt",40.0,"Đường Nguyễn Trãi, Phường 3, Quận 5, Hồ Chí Minh",110.0,35.0,36.0,9.0,Sổ hồng,2025-11-22
"Nhà 2 mặt hẻm rộng 4m, địa chỉ 357/59/8 Hậu Giang, P.11, Q.6, HCM, 3,95 tỷ, 36m2",3.95,"Đường Hậu Giang, Phường 11, Quận 6, Hồ Chí Minh",36.0,3.0,2.0,2.0,Sổ hồng,2025-11-25
"Bán nhà đẹp, căn góc 2 mặt hẻm tại Tân Hòa Đông, 3,98 tỷ, 43 m2, view đẹp, Chính chủ.",3.98,"Đường Tân Hòa Đông, Phường 14, Quận 6, Hồ Chí Minh",43.0,2.0,2.0,2.0,Sổ hồng,2025-11-17
"Bán nhà Mặt Tiền Đường số 6, Cổng Trường Tiểu Học Him Lam P.13 Q.6",11.0,"Số 16, Đường Số 6, Phường 13, Quận 6, Hồ Chí Minh",64.0,4.0,3.0,3.0,Sổ hồng,2025-11-22
"Quận 6, Tân Hoà Đông, chủ đang gấp 4x12m, 2 tầng BTCT đẹp mời ở ngay chỉ 5 đồng hơn",5.35,"Đường Tân Hòa Đông, Phường 14, Quận 6, Hồ Chí Minh",48.0,3.0,3.0,2.0,Sổ hồng,2025-11-27
"NHÀ 3 TẦNG BTCT TRUNG TÂM QUẬN 6 HẺM Ô TÔ NGỦ NHÀ CHỈ 6,5 TỶ Diện tích: 4,5 x 16m",6.5,"Đường Hậu Giang, Phường 12, Quận 6, Hồ Chí Minh",65.0,4.0,3.0,4.0,Sổ hồng,2025-11-25
Hoa hồng 50tr - Bán nhà 78/9/7 Tân Hoà Đông - Giá 3.75 tỷ,3.75,"Đường Tân Hòa Đông, Phường 14, Quận 6, Hồ Chí Minh",24.0,2.0,2.0,2.0,Sổ hồng,2025-11-24
Bán nhà + Quận 6 khối phố bừng sáng giữa nét sống hiện đại - Hậu Giang,8.8,"Hẻm 489B, Đường Hậu Giang, Phường 11, Quận 6, Hồ Chí Minh",40.0,3.0,3.0,5.0,Sổ hồng,2025-11-19
"Bán nhà riêng giá siêu hời tại Tân Hòa Đông, 3,93 tỷ, 43,1 m2",3.93,"Đường Tân Hòa Đông, Phường 14, Quận 6, Hồ Chí Minh",43.0,3.0,2.0,2.0,Sổ hồng,2025-11-27
Bán nhà Tân Hòa Đông - nhà đẹp 3 tầng - 47m2 - khu an ninh dân trí tốt - chỉ 5. x tỷ,5.7,"Đường Tân Hòa Đông, Phường 14, Quận 6, Hồ Chí Minh",47.0,4.0,4.0,3.0,Sổ hồng,2025-11-27
"Khu compound Hậu Giang giáp Quận 5, Quận 10, 5 tầng, ô tô ngủ trong nhà",8.8,"Đường Hậu Giang, Phường 11, Quận 6, Hồ Chí Minh",39.0,3.0,3.0,5.0,Sổ hồng,2025-11-19
"Bán nhà Quận 6, DT lớn giá hạt dẻ",3.99,"Đường Tân Hòa Đông, Phường 14, Quận 6, Hồ Chí Minh",55.0,3.0,1.0,2.0,Sổ hồng,2025-11-27
Bán nhà + quận 6 mặt tiền hẻm kinh doanh 9m thông vị trí vip gần Minh Phụng giá 6.9 tỷ,6.9,"Đường Phan Văn Khỏe, Phường 5, Quận 6, Hồ Chí Minh",47.0,2.0,2.0,2.0,Sổ hồng,2025-11-21
"Nhà cực đẹp, thiết kế riêng hiện đại (6x13)4 tấm đường Bà Hom",9.4,"Đường Bà Hom, Phường 13, Quận 6, Hồ Chí Minh",82.0,4.0,5.0,4.0,Sổ hồng,2025-11-26
Nhà Hẻm 3m Cư Xá Phú Lâm A . P12 . Q6,5.5,"Đường Cư Xá Phú Lâm A, Phường 12, Quận 6, Hồ Chí Minh",36.0,4.0,5.0,5.0,Sổ hồng,2025-11-21
Bán nhà mới đúc 3 tấm hẻm 5m đường Kinh Dương Vương,6.5,"Đường Kinh Dương Vương, Phường 12, Quận 6, Hồ Chí Minh",46.0,4.0,3.0,3.0,Sổ hồng,2025-11-26
Bán nhà tặng hết NTCC đường Tân Hòa Đông (4x12) 1 lầu đúc,5.15,"Đường Tân Hòa Đông, Phường 14, Quận 6, Hồ Chí Minh",48.0,3.0,2.0,1.0,Sổ hồng,2025-11-26
Nhà 2MT Hẻm 8m sát đường Bà Hom Quận 6 - DT: 4x10 - Nhà đẹp 4 lầu. Hướng Tây và Nam. Giá: 6.5 Tỷ TL,6.5,"Đường Bà Hom, Phường 13, Quận 6, Hồ Chí Minh",40.0,4.0,4.0,4.0,Sổ hồng,2025-11-26
"BÁN NHÀ 3 TẦNG ĐÚC 54M2 _ HẺM 5M GẦN MẶT TIỀN MAI XUÂN THƯỜNG _ SỔ MỚI NỞ HẬU GIÁ 7,8 TỶ.",7.8,"Đường Mai Xuân Thưởng, Phường 1, Quận 6, Hồ Chí Minh",54.0,4.0,3.0,3.0,Sổ hồng,2025-11-26
Bán Nhà riêng 50m2 giá tốt ở Bình Phú 3 tầng BTCT chỉ 8 tỷ nhỉnh,8.6,"Đường Bình Phú, Phường 10, Quận 6, Hồ Chí Minh",50.0,3.0,3.0,3.0,Sổ hồng,2025-11-19
Chỉ 7tỷ450 - nhà ngang 4 dài 15 - hẻm xe hơi - Cư Xá Phú Lâm D khu vip Q6,7.45,"Đường Cư Xá Phú Lâm D, Phường 10, Quận 6, Hồ Chí Minh",56.0,4.0,3.0,3.0,Sổ hồng,2025-11-24
Nhà Hẻm 3m Đuờng Lý Chiêu Hoàng . P10 . Q6,3.6,"Đường Lý Chiêu Hoàng, Phường 10, Quận 6, Hồ Chí Minh",24.0,3.0,3.0,3.0,Sổ hồng,2025-11-20
68m2 - 6 tỷ 550 - khu nội bộ Bình Phú (4x17m) - 2 tầng - chủ bán đất tặng nhà,6.55,"Đường Trần Văn Kiểu, Phường 10, Quận 6, Hồ Chí Minh",68.0,4.0,3.0,2.0,Sổ hồng,2025-11-16
7tỷ2 - 48m2 - 2PN - 2WC - hẻm xe hơi nội khu bình phú,7.2,"Đường Bình Phú, Phường 10, Quận 6, Hồ Chí Minh",48.0,2.0,2.0,2.0,Sổ hồng,2025-11-14
4 tỷ 650 - 45m2 - 2PN - 2WC - nhà mới ở ngay - khu nội bộ Bình Phú,4.65,"Đường Bình Phú, Phường 10, Quận 6, Hồ Chí Minh",45.0,2.0,2.0,2.0,Sổ hồng,2025-11-24
Nhỉnh 6 tỷ - ngay vòng xoay Phú Lâm - hẻm ô tô thông - 4 tầng - vị trí kinh doanh sầm uất,6.9,"Đường Nguyễn Văn Luông, Phường 12, Quận 6, Hồ Chí Minh",54.0,4.0,3.0,4.0,Sổ hồng,2025-11-21
47m2 (N3.7 * D 12) - 4.3 tỷ Cư Xá Phú Lâm A Q6,4.3,"Đường Cư Xá Phú Lâm A, Phường 12, Quận 6, Hồ Chí Minh",47.0,2.0,2.0,1.0,Sổ hồng,2025-11-14
42m2 - 4tỷ45 - nở hậu - 4.2*10.8- Cư Xá Phú Lâm A - Q6,4.45,"Đường Cư Xá Phú Lâm A, Phường 12, Quận 6, Hồ Chí Minh",42.0,3.0,2.0,2.0,Sổ hồng,2025-11-24
SIÊU PHẨM TT QUẬN 6 - NGAY HỒNG BÀNG - HẺM XE HƠI THÔNG - 51M2 - 3 TẦNG BTCT - 5PN - NHỈNH 7T,7.5,"Đường Hồng Bàng, Phường 5, Quận 6, Hồ Chí Minh",51.0,5.0,5.0,3.0,Sổ hồng,2025-11-26
"Bán nhà chính chủ hẻm 1025/9 Hậu Giang, 4.5 x 7m, 2 tấm, 3.2 tỷ. HHGT 1%",3.2,"Hẻm 1025, Đường Hậu Giang, Phường 11, Quận 6, Hồ Chí Minh",32.0,3.0,2.0,2.0,Sổ hồng,2025-11-15
"Khu vip Hậu Giang Q.6 - Cạnh HXH - 4 tầng BTCT - 5PN - DTSD 145m2 HC đủ - Dòng tiền sẵn - 5,x tỷ",5.6,"Đường Hậu Giang, Phường 11, Quận 6, Hồ Chí Minh",45.0,5.0,3.0,4.0,Sổ hồng,2025-11-26
"Bán nhanh nhà Q6, hẻm đẹp gần Chợ Lớn 4.9 tỷ",4.9,"Đường Bình Tiên, Phường 7, Quận 6, Hồ Chí Minh",38.0,3.0,3.0,3.0,Sổ hồng,2025-11-26
"Nhà HXH mới xây Nguyễn Văn Luông 48m2, 4 tầng BTCT, 4PN 5WC, có hẻm hậu sau nhà, ngay CV Bình Phú",5.7,"Đường Nguyễn Văn Luông, Phường 11, Quận 6, Hồ Chí Minh",48.0,4.0,4.0,4.0,Giấy tờ không xác định,2025-11-26
NHÀ ĐẸP - HẺM XE HƠI KHU AN NINH - DÂN TRÍ - SÁT MẶT TIỀN - 82M2 - BÀ HOM Q6,9.4,"Đường Bà Hom, Phường 14, Quận 6, Hồ Chí Minh",82.0,4.0,5.0,4.0,Sổ hồng,2025-11-26
Nhà 3.7m x 13m đúc 2 tầng hẻm 3m sát mặt tiền đường Bà Hom,4.65,"Đường Bà Hom, Phường 13, Quận 6, Hồ Chí Minh",46.0,5.0,5.0,3.0,Sổ hồng,2025-11-25
"Ngay vòng xoay Phú Lâm, nhà cấp 4, 73m2, 5x15m, Hậu Giang, Quận 6, giá chỉ 8.4 tỷ",8.4,"Đường Hậu Giang, Phường 11, Quận 6, Hồ Chí Minh",73.0,2.0,2.0,1.0,Sổ hồng,2025-11-26
Nhà Cư Xá Phú Lâm D sát chợ 4x16 1 lửng 2 lầu 1T,9.6,"Đường Cư Xá Phú Lâm D, Phường 10, Quận 6, Hồ Chí Minh",64.0,5.0,5.0,3.0,Sổ hồng,2025-11-26
"Nhà Khá Rộng mà Giá thì Nhỏ - Trung Tâm Q.6, gần chợ Phú Lâm",4.75,"Đường Bà Hom, Phường 13, Quận 6, Hồ Chí Minh",46.0,2.0,2.0,2.0,Sổ hồng,2025-11-26
"Bán nhà 357/59/8 Hậu Giang,1 PK,2PN,2WC,Bếp,sân phơi, dt 35,7m2, dtsd 65,1 m2 giá 3,9 tỷ VND, Hot!",3.9,"357/59/8 Đường Hậu Giang, Phường 11, Quận 6, Hồ Chí Minh",35.0,2.0,2.0,2.0,Sổ hồng,2025-11-17
Hàng Thơm Quận 6 Nở Hậu Chỉ Hơn 2 Tỷ - 30m2 -6.3 X 11 - 2PN - 2WC - Không Lộ Giới - Không Quy Hoạch,2.85,"Đường Hậu Giang, Phường 12, Quận 6, Hồ Chí Minh",30.0,2.0,2.0,3.0,Sổ hồng,2025-11-26
"Nhà Bến Phú Lâm Quận 6 trệt 1 lầu 2PN 2WC DT 2,7x6. Sổ hồng riêng. Giá 2tỷ480tr",2.48,"Đường Bến Phú Lâm, Phường 9, Quận 6, Hồ Chí Minh",16.0,2.0,2.0,2.0,Sổ hồng,2025-11-26
"Bán gấp nhà Mai Xuân Thưởng, 44m2, 3 tầng BTCT, 3PN 4WC, gần Uỷ ban Q6, liền kề Quận 5",5.1,"Đường Mai Xuân Thưởng, Phường 4, Quận 6, Hồ Chí Minh",44.0,3.0,4.0,3.0,Sổ hồng,2025-11-26
"Chính chủ cần bán nhà HXH Phạm Văn Chí 44m2, 3 PN 3 WC xây ở kiên cố chắc chắn",4.9,"Đường Phạm Văn Chí, Phường 5, Quận 6, Hồ Chí Minh",44.0,3.0,3.0,3.0,Sổ hồng,2025-11-26
Nhà đẹp giá rẻ 3 tầng BTCT Văn Thân chỉ 1.9 tỷ,1.9,"Đường Văn Thân, Phường 8, Quận 6, Hồ Chí Minh",21.0,3.0,2.0,3.0,Sổ hồng,2025-11-15
"Biệt thự 3 tầng - KDC Bình Phú, 128m2 (8x16m), giá 16.8 tỷ",16.8,"Phường 10, Quận 6, Hồ Chí Minh",128.0,4.0,3.0,3.0,Sổ hồng,2025-11-26
"Bán nhà mới xây 3 tầng đầy đủ nội thất đường Bến Phú Lâm, phường 9, Quận 6",7.5,"Đường Bến Phú Lâm, Phường 9, Quận 6, Hồ Chí Minh",50.0,4.0,3.0,3.0,Sổ hồng,2025-11-26
Chỉ còn sót căn nhà sát mặt tiền đường Q6,5.5,"Đường Lê Quang Sung, Phường 10, Quận 6, Hồ Chí Minh",50.0,3.0,3.0,3.0,Sổ hồng,2025-11-26
"Bán nhà riêng 12.8 m2, Tân Hòa Đông, Quận 6, TP.HCM, view đẹp, nhiều tiện ích chỉ 2 tỷ",2.0,"Đường Tân Hòa Đông, Phường 14, Quận 6, Hồ Chí Minh",12.0,2.0,2.0,3.0,Sổ hồng,2025-11-17
Nhà Hẻm Lò Gốm . Phường 8 . Q6,4.4,"Đường Lò Gốm, Phường 8, Quận 6, Hồ Chí Minh",35.0,2.0,2.0,2.0,Sổ hồng,2025-11-26
"Bán nhà đất đường 55, P. 10, Q. 6 - KDC Bình Phú, ngang 4m - 6.8 tỷ",6.8,"Đường 55, Phường 10, Quận 6, Hồ Chí Minh",48.0,2.0,2.0,2.0,Sổ hồng,2025-11-16
Nhà đẹp HXH 6m hiếm - 5 tầng ngay Hậu Giang - Giá chỉ 8.8 tỷ còn TL,8.8,"Đường Hậu Giang, Phường 11, Quận 6, Hồ Chí Minh",38.0,3.0,3.0,5.0,Sổ hồng,2025-11-19
"BÁN NHÀ HẬU GIANG QUẬN 6, HẺM RỘNG RÃI THÔNG TỨ TUNG, CÁCH HẺM XE TĂNG 10M CHỈ hơn 2 tỷTL.",2.85,"Đường Hậu Giang, Phường 12, Quận 6, Hồ Chí Minh",31.0,2.0,2.0,3.0,Sổ hồng,2025-11-25
NHÀ MỚI 100% 3 LẦU (4.5x18) KDC LÝ CHIÊU HOÀNG Q.6,9.8,"Đường Lý Chiêu Hoàng, Phường 10, Quận 6, Hồ Chí Minh",80.0,5.0,6.0,5.0,Sổ hồng,2025-11-25
NHÀ 3 TẦNG KHÔNG LỘ GIỚI NGAY TÂN HOÁ Q6 HẺM 4M - CHỈ NHỈNH 2 TỶ,2.58,"Đường Tân Hóa, Phường 14, Quận 6, Hồ Chí Minh",17.0,3.0,3.0,3.0,Sổ hồng,2025-11-25
"Bán nhà HXM Hồng Bàng, (NH 7,95 x 16m), 2 tầng, 2 sân vườn, 2 ban công, hàng hiếm giá chỉ 7.2 tỷ BL",7.2,"Đường Hồng Bàng, Phường 12, Quận 6, Hồ Chí Minh",78.0,2.0,1.0,2.0,Sổ hồng,2025-11-25
Nhà Hẻm Ô Tô đường Tân Hòa Đông Quận 6. DT 3mX15m. 4 Tầng. Chỉ 5.6 Tỷ TL.,5.6,"Đường Tân Hòa Đông, Phường 13, Quận 6, Hồ Chí Minh",45.0,4.0,3.0,4.0,Sổ hồng,2025-11-19
"NHÀ 4 TẦNG BTCT 2PN, SÂN THƯỢNG THOÁNG SẠCH GẦN BÌNH TIÊN Q6 4.2x8m GIÁ 4.49 TỶ",4.49,"Phường 8, Quận 6, Hồ Chí Minh",31.0,2.0,3.0,4.0,Sổ hồng,2025-11-18
Bán nhà 1 lầu mới tinh 1 sẹc 63m2 Tỉnh Lộ 10 giáp Q.6,5.2,"Đường Tỉnh Lộ 10, Phường 13, Quận 6, Hồ Chí Minh",63.0,2.0,3.0,2.0,Sổ hồng,2025-11-25
"Nhà MT đường gần Bình Phú, 4 tầng BTCT 4PN 5WC, sân thượng thoáng mát, kế bên Mega maket",6.7,"Đường 41, Phường 10, Quận 6, Hồ Chí Minh",64.0,4.0,5.0,4.0,Sổ hồng,2025-11-25
"Nhà HXH 8m Kinh Dương Vương  CXPL A (8*20m, 2 lầu st), Quận 6 chỉ: 16.2 tỷ TL",16.2,"Đường Kinh Dương Vương, Phường 12, Quận 6, Hồ Chí Minh",163.0,5.0,5.0,4.0,Sổ hồng,2025-11-25
Lò Gốm Q6 - sát view sông thoáng mát - 6.5x14.5m - 4 tầng - với giá 12 tỷ,12.0,"Đường Lò Gốm, Phường 9, Quận 6, Hồ Chí Minh",94.0,4.0,4.0,4.0,Sổ hồng,2025-11-25
NHÀ ĐẸP MỚI TINH 5 LẦU ĐƯỜNG SỐ 9 KHU BÌNH PHÚ Q.6,8.5,"Đường Số 72, Phường 10, Quận 6, Hồ Chí Minh",43.0,4.0,4.0,5.0,Sổ hồng,2025-11-22
"Bán nhà hẻm 3m Bình Tiên, 2 lầu, 3 phòng giá 3.3 tỷ!",3.3,"Đường Bình Tiên, Phường 8, Quận 6, Hồ Chí Minh",26.0,3.0,3.0,3.0,Sổ hồng,2025-11-25
BÁN NHANH CĂN GÓC CƯ XÁ A - 4.2x19m 5 Tầng - bề thế vào ở ngay,10.5,"Đường Cư Xá Phú Lâm A, Phường 12, Quận 6, Hồ Chí Minh",75.0,5.0,5.0,5.0,Sổ hồng,2025-11-25
BÁN NHÀ 2 TẦNG - 3PN - 48M2 - PHAN VĂN KHOẺ - GIÁ 6.9 TỶ - SỔ RIÊNG HOÀN CÔNG ĐỦ,6.9,"Đường Phan Văn Khỏe, Phường 5, Quận 6, Hồ Chí Minh",48.0,3.0,2.0,2.0,Sổ hồng,2025-11-25
Bán nhà q6 - diện tích to - giá hạt dẻ,3.99,"Đường Tân Hòa Đông, Phường 14, Quận 6, Hồ Chí Minh",55.0,3.0,1.0,2.0,Sổ hồng,2025-11-25
Nhà đẹp giá rẻ 2 tầng BTCT Bà Hom xách vali ở ngay chỉ 2.35 Tỷ,2.35,"Đường Bà Hom, Phường 13, Quận 6, Hồ Chí Minh",19.0,1.0,2.0,2.0,Sổ hồng,2025-11-16
"Bán nhà Quận 6, Tân Hoà Đông, 5 tầng, dt 57m2, Hẻm 4m, Nhỉnh 6 Tỷ",6.8,"Đường Tân Hòa Đông, Phường 14, Quận 6, Hồ Chí Minh",57.0,5.0,3.0,5.0,Sổ hồng,2025-11-17
"Bán nhà Quận 6, Hậu Giang, 4 tầng, Sát Hẻm Xe Tải 8m, 4x19m, Nhỉnh 7 Tỷ.",7.5,"Đường Hậu Giang, Phường 11, Quận 6, Hồ Chí Minh",80.0,4.0,5.0,4.0,Sổ hồng,2025-11-18
"Bán nhà Quận 6, gần Minh Phụng, 4 tầng, Hẻm 5m, 4x13m, Chỉ 6.X Tỷ",6.6,"Đường Bình Tiên, Phường 6, Quận 6, Hồ Chí Minh",49.0,4.0,5.0,4.0,Sổ hồng,2025-11-20
"Nhà HXH CX Phú Lâm A, 44m2 2 tầng BTCT, 3 PN 2WC, khu an ninh cao",5.5,"Đường Cư Xá Phú Lâm A, Phường 12, Quận 6, Hồ Chí Minh",44.0,3.0,2.0,2.0,Sổ hồng,2025-11-25
"Bán nhà Quận 6, Tân Hoà Đông, 3 tầng, hẻm 4m, DT 47m2, chỉ 5. x tỷ",5.7,"Đường Tân Hòa Đông, Phường 14, Quận 6, Hồ Chí Minh",47.0,4.0,4.0,3.0,Sổ hồng,2025-11-15
"Bán nhà Quận 6, Khu Vip Phú Lâm, Hẻm xe hơi 6m, 3 tầng, 4x16m, Nhỉnh 7 Tỷ.",7.1,"Đường Cư Xá Phú Lâm D, Phường 9, Quận 6, Hồ Chí Minh",64.0,5.0,3.0,3.0,Sổ hồng,2025-11-15
"Bán nhà riêng tại Chu Văn An, 3,2 tỷ, 23m2, 2PN, 2WC, Q6, HCM",3.2,"Đường Chu Văn An, Phường 1, Quận 6, Hồ Chí Minh",23.0,2.0,2.0,2.0,Sổ hồng,2025-11-23
"Bán nhà 4 tầng BTCT đường Hậu Giang Phường 11, Quận 6",5.6,"Đường Hậu Giang, Phường 11, Quận 6, Hồ Chí Minh",51.0,5.0,3.0,4.0,Sổ hồng,2025-11-25
Bán nhà Hậu Giang quận 6 - nhà ngon 29.9m2 sân riêng 3 tầng hẻm xe hơi - ba gác tận nhà 2 tỷ hơn,2.85,"Đường Hậu Giang, Phường 12, Quận 6, Hồ Chí Minh",29.0,2.0,2.0,3.0,Sổ hồng,2025-11-24
NHÀ VỊ TRÍ VIP 2 MẶT HẺM TIỆN KINH DOANH TRUNG TÂM QUẬN 6 CHỈ NHỈNH 6 TỶ,6.9,"Đường Phan Văn Khỏe, Phường 2, Quận 6, Hồ Chí Minh",48.0,2.0,2.0,2.0,Sổ hồng,2025-11-24
"HXH 7m Gia Phú (4*17m, hầm 3 lầu) sát mặt tiền, F1, Quận 6, chỉ: 13.5 tỷ TL",13.5,"Đường Gia Phú, Phường 1, Quận 6, Hồ Chí Minh",68.0,6.0,5.0,4.0,Sổ hồng,2025-11-22
8tỷ450 - 48m2 - nhà kiên cố nội khu Bình Phú view công viên,8.45,"Đường Bình Phú, Phường 10, Quận 6, Hồ Chí Minh",48.0,3.0,3.0,2.0,Sổ hồng,2025-11-14
Chưa đến 4 tỷ có ngay nhà Quận 6 diện tích khủng,3.99,"Đường Tân Hòa Đông, Phường 14, Quận 6, Hồ Chí Minh",55.0,3.0,1.0,2.0,Sổ hồng,2025-11-24
"Bán nhà hẻm 3.5m Hậu Giang, 24m2, 1 trệt 1 lầu!",3.0,"Đường Hậu Giang, Phường 12, Quận 6, Hồ Chí Minh",24.0,1.0,2.0,2.0,Sổ hồng,2025-11-24
"Bán nhà MT nội bộ CXPL B, 86.8m2, nhà cấp 4, chỉ nhỉnh 8 tỷ",8.2,"Đường Cư Xá Phú Lâm B, Phường 13, Quận 6, Hồ Chí Minh",87.0,1.0,1.0,1.0,Sổ hồng,2025-11-13
"Khu phân lô đường Phạm Văn Chí Hẻm nhựa 10M, to như mặt tiền - 4T 4PN 4WC - Nhỉnh 5 Đồng.",5.7,"Đường Phạm Văn Chí, Phường 7, Quận 6, Hồ Chí Minh",32.0,4.0,4.0,4.0,Sổ hồng,2025-11-24
"Bán nhà view đẹp công viên - Đường Số 66, quận 6 - giá tốt",6.2,"Đường Số 66, Phường 10, Quận 6, Hồ Chí Minh",40.0,2.0,2.0,2.0,Sổ hồng,2025-11-13
"Nhà đẹp Cư Xá Phú Lâm D, P10, Q6, giá 8.7 tỷ",8.7,"Đường Cư Xá Phú Lâm D, Phường 10, Quận 6, Hồ Chí Minh",36.0,5.0,3.0,5.0,Sổ hồng,2025-11-24
"Đổi nhà mới cần bán nhà Hậu Giang 48m2, 2 tầng BTCT, 2 mắt thoáng hẻm xe hơi thông",5.2,"Đường Hậu Giang, Phường 12, Quận 6, Hồ Chí Minh",48.0,2.0,2.0,2.0,Sổ hồng,2025-11-24
Bán gấp nhà HXH 9m tại Phan Văn Khỏe - 47m2 giá chỉ 6.9 tỷ còn thương lượng,6.9,"Đường Phan Văn Khỏe, Phường 5, Quận 6, Hồ Chí Minh",47.0,2.0,2.0,2.0,Sổ hồng,2025-11-22
Bán nhà 5 tầng BTCT đường Tân Hòa Đông phường 14 quận 6,6.9,"Đường Tân Hòa Đông, Phường 14, Quận 6, Hồ Chí Minh",52.0,5.0,3.0,5.0,Sổ hồng,2025-11-24
Bán nhà 3 tầng sát mặt tiền hẻm xe hơi 10m đường Số 2 Cư Xá Ra Đa phường 13 quận 6,7.9,"Đường Số 2 Cư Xá Đài Ra Đa, Phường 13, Quận 6, Hồ Chí Minh",59.0,3.0,4.0,3.0,Sổ hồng,2025-11-24
BÁN NHÀ HẺM 4M HẬU GIANG 4.2 x 14M ( 55M2 CN) 2 TẦNG GIÁ 5.4 TỶ BỚT LỘC.,5.4,"Đường Hậu Giang, Phường 12, Quận 6, Hồ Chí Minh",55.0,2.0,2.0,2.0,Sổ hồng,2025-11-24
Bán nhà hẻm xe hơi 4 tầng BTCT đường Nguyễn Văn Luông phường 12 quận 6,6.9,"Đường Nguyễn Văn Luông, Phường 12, Quận 6, Hồ Chí Minh",54.0,4.0,3.0,4.0,Sổ hồng,2025-11-24
Bán nhà mới 100% đường 55 KDC Bình Phú,8.8,"Đường 55, Phường 10, Quận 6, Hồ Chí Minh",64.0,4.0,4.0,3.0,Sổ hồng,2025-11-24
Bán nhà đường 74 KDC Bình Phú 4x15 2 lầu 1T,8.2,"Đường Số 74, Phường 10, Quận 6, Hồ Chí Minh",60.0,4.0,4.0,3.0,Sổ hồng,2025-11-24
Bán nhà đường 24 KDC Bình Phú 5x24 4 lầu mới tinh có thang máy,16.9,"Đường  24, Phường 11, Quận 6, Hồ Chí Minh",120.0,6.0,6.0,5.0,Sổ hồng,2025-11-24
Quận 6 - siêu phẩm góc 2 mặt tiền 5 tầng BTCT 5 phòng ngủ 75m2 - Hoàn công đầy đủ - chỉ 10 tỷ,10.0,"Đường Cư Xá Phú Lâm A, Phường 12, Quận 6, Hồ Chí Minh",75.0,5.0,5.0,5.0,Sổ hồng,2025-11-15
Nhà đẹp giá rẻ 2 tầng BTCT PHẠM VĂN CHÍ tiện sửa chữa chỉ 5 Tỷ,5.0,"Đường Phạm Văn Chí, Phường 7, Quận 6, Hồ Chí Minh",43.0,2.0,2.0,2.0,Sổ hồng,2025-11-16
Quận 6 - Siêu phẩm nhà đẹp Cư Xá Phú Lâm A - Gần chợ Phú Định - 2 tầng BTCT - Chỉ 5.15 tỷ,5.15,"Đường Cư Xá Phú Lâm A, Phường 12, Quận 6, Hồ Chí Minh",33.0,2.0,2.0,2.0,Sổ hồng,2025-11-13
Quận 6 - Hiếm có nhà đẹp Kinh Dương Vương - Hẻm xe tải đỗ cửa - 46m2 - 3 tầng - 4PN - Chỉ 6.65 tỷ,6.65,"Đường Kinh Dương Vương, Phường 12, Quận 6, Hồ Chí Minh",46.0,4.0,3.0,3.0,Sổ hồng,2025-11-13
QUẬN 6 - HẬU GIANG KẾ MẶT TIỀN - HẺM 3 GÁC THÔNG - NỞ HẬU TÀI LỘC - 38M - 2 TẦNG - CHỈ 4.6 TỶ,4.6,"Đường Hậu Giang, Phường 11, Quận 6, Hồ Chí Minh",38.0,2.0,2.0,2.0,Sổ hồng,2025-11-15
"BÁN NHÀ HẺM ĐƯỜNG BÀ HOM 1 TRỆT 1 LẦU, NỞ HẬU RỘNG RÃI, GIÁ CHỈ 4,65 tỷ",4.65,"Đường Bà Hom, Phường 13, Quận 6, Hồ Chí Minh",74.0,2.0,2.0,2.0,Sổ hồng,2025-11-24
Quận 6 hẻm xe hơi 6m khu phân lô đồng bộ yên tĩnh - 5 tầng siêu đẹp - 40m2 chỉ 8.8 tỷ TL,8.8,"Đường Hậu Giang, Phường 11, Quận 6, Hồ Chí Minh",40.0,3.0,3.0,5.0,Sổ hồng,2025-11-20
Nhà đôi ngay phố ẩm thực (7.5x8) 1 lầu vị trí kinh doanh,8.5,"Đường Cư Xá Phú Lâm B, Phường 13, Quận 6, Hồ Chí Minh",60.0,2.0,2.0,2.0,Sổ hồng,2025-11-24
"Nhà MT khu Bình Phú đường nhựa 6m có lề 3 tầng giá 7,25 tỷ",7.25,"Đường 48, Phường 10, Quận 6, Hồ Chí Minh",40.0,4.0,3.0,3.0,Sổ hồng,2025-11-24
"Bán nhà Phan Văn Khỏe (4 x 16) hẻm 6m gần mặt tiền, 3 tầng vừa ở kinh doanh giá 9,5 tỷ",9.5,"Đường Phan Văn Khỏe, Phường 5, Quận 6, Hồ Chí Minh",57.0,3.0,3.0,3.0,Sổ hồng,2025-11-24
"Bán nhà đẹp hiếm có tại Cư Xá Đài Ra Đa Phú Lâm, P. 13, Q6",7.99,"104/A6, Đường Số 2, Phường 13, Quận 6, Hồ Chí Minh",59.0,3.0,4.0,3.0,Sổ hồng,2025-11-24
"Bán nhà riêng 40m2, 4PN, 4WC tại Cư Xá Phú Lâm B, Q6, HCM chỉ với 8,25 tỷ",8.25,"Đường Cư Xá Phú Lâm B, Phường 13, Quận 6, Hồ Chí Minh",40.0,4.0,4.0,5.0,Sổ hồng,2025-11-24
"Nhà đẹp Tân Hòa Đông - Phú Lâm Quận 6 - giá 5,7 tỷ",5.7,"Đường Tân Hòa Đông, Phường 13, Quận 6, Hồ Chí Minh",45.0,4.0,4.0,3.0,Sổ hồng,2025-11-24
"Cần bán căn nhà đẹp, vị trí đắc địa tại đường 2C, khu dân cư Phú Mỹ Gần khu Belleza, Quận 7",13.0,"Dự án KDC Phú Mỹ, Đường 2C, Phường Phú Mỹ, Quận 7, Hồ Chí Minh",72.0,4.0,5.0,4.0,Sổ hồng,2025-11-22
"Bán nhà Bình Tiên quận 6 giá 5,65 Tỷ thương lượng",5.65,"Đường Bình Tiên, Phường 7, Quận 6, Hồ Chí Minh",54.0,2.0,2.0,1.0,Sổ hồng,2025-11-23
"Bán nhà Bình Tiên 4 tầng mới tinh ( 4 x 13 ) hẻm xe hơi thông, không lộ giới giá 6,55 tỷ.",6.55,"Đường Bình Tiên, Phường 7, Quận 6, Hồ Chí Minh",52.0,4.0,5.0,4.0,Sổ hồng,2025-11-23
Nhà đường nhựa 16m vị trí đẹp view thoáng có thang máy Gara ô tô ngang 5m dài 18m,17.9,"Đường D4, Phường Phú Mỹ, Quận 7, Hồ Chí Minh",90.0,4.0,5.0,4.0,Sổ hồng,2025-11-18
Nhà đẹp 4x15m sạch sẽ 4 tầng cách Nguyễn Thị Thập vài bước chân tiện đi lại,12.39,"Đường Nguyễn Thị Thập, Phường Tân Phú, Quận 7, Hồ Chí Minh",60.0,4.0,5.0,4.0,Sổ hồng,2025-11-27
"7 TỶ CÓ NHÀ 4 TẦNG HẺM XE HƠI THÔNG TỨ PHÍA , 90M2 NGANG 5M, LÝ PHỤC MAN Q7",7.6,"Đường Lý Phục Man, Phường Phú Thuận, Quận 7, Hồ Chí Minh",90.0,4.0,4.0,4.0,Sổ hồng,2025-11-27
"5 TỶ CÓ NHÀ 3 TẦNG HẺM XE HƠI , SÁT PHÚ MỸ HƯNG , LOTTE MART Q7",5.8,"Đường Lý Phục Man, Phường Phú Thuận, Quận 7, Hồ Chí Minh",65.0,4.0,4.0,4.0,Sổ hồng,2025-11-27
DUY NHẤT 1 CĂN HẺM XE HƠI Ở Q7 CHỈ VỚI 5 TỶ - 65M2,5.5,"Đường Nguyễn Thị Thập, Phường Tân Phú, Quận 7, Hồ Chí Minh",65.0,4.0,4.0,4.0,Sổ hồng,2025-11-24
"Bán tòa nhà dòng tiền 4.2 tỷ. Năm đường số Lâm Văn Bền hầm, 7 tầng có gác từng phòng nhỉnh 69.99 tỷ",69.99,"Đường Mai Văn Vĩnh, Phường Tân Quy, Quận 7, Hồ Chí Minh",260.0,72.0,72.0,7.0,Sổ hồng,2025-11-25
"Cơ Hội Sở Hữu Nhà Mặt Đất diện tích 34.4m2 ở P. Tân Thuận Đông, Quận 7 Chỉ với 3Tỷ9",3.9,"Đường Huỳnh Tấn Phát, Phường Tân Thuận Đông, Quận 7, Hồ Chí Minh",34.0,2.0,2.0,2.0,Sổ hồng,2025-11-25
HIẾM 1 CĂN NHÀ HẺM XE HƠI Ở Q7 CHỈ VỚI 5 TỶ 5 - CÓ NGAY 60M2,5.5,"Đường Lý Phục Man, Phường Bình Thuận, Quận 7, Hồ Chí Minh",60.0,3.0,3.0,5.0,Sổ hồng,2025-11-24
"TÀI CHÍNH 5 TỶ NHÀ 3 TẦNG 65M2 HẺM XE HƠI , NGUYỄN THỊ THẬP QUẬN 7",5.5,"Đường Nguyễn Thị Thập, Phường Tân Phú, Quận 7, Hồ Chí Minh",60.0,4.0,4.0,4.0,Sổ hồng,2025-11-26
"Bán nhà đẹp, hiếm, khu dân trí Tân Hưng, gần Lotte, Him Lam _ Ô tô thông _60m2. Giá chỉ 7 tỷ",7.0,"Phường Tân Hưng, Quận 7, Hồ Chí Minh",60.0,2.0,2.0,2.0,Sổ hồng,2025-11-24
"Bán Nhà riêng Trần Xuân Soạn, Tân Hưng, Q7, Sổ hồng riêng 33m2, giá 3,78 tỷ .",3.78,"997 Trần Xuân Soạn, Phường Tân Hưng, Quận 7, Hồ Chí Minh",33.0,2.0,2.0,2.0,Sổ hồng,2025-11-24
4 tầng ST - xe hơi đổ cửa - 70m2 - Huỳnh Tấn Phát kế Phú Mỹ Hưng - 8 phòng - chỉ 6 tỷ nhỏ TL,6.5,"Đường Huỳnh Tấn Phát, Phường Phú Thuận, Quận 7, Hồ Chí Minh",70.0,8.0,6.0,4.0,Sổ hồng,2025-11-24
"NR ĐƯỜNG NHỰA 12M HUỲNH TẤN PHÁT, BÌNH THUẬN. Q7 , TPHCM .(4X17) 3 TẦNG. 12,2TỶ . SHR HOÀN CÔNG.",12.2,"412, Đường Huỳnh Tấn Phát, Phường Bình Thuận, Quận 7, Hồ Chí Minh",70.0,4.0,4.0,3.0,Sổ hồng,2025-11-23
"Bán nhà riêng tại Đường Huỳnh Tấn Phát, Phú Thuận, Quận 7, Hồ Chí Minh, 4,25 tỷ, 57 m2",4.25,"Đường Huỳnh Tấn Phát, Phường Phú Thuận, Quận 7, Hồ Chí Minh",57.0,3.0,2.0,2.0,Sổ hồng,2025-11-24
"Bán NR HẺM 7m đường nhựa Lâm Văn Bền, Q7, TPHCM. (4x20)m, 2 tầng. 8,6 tỷ. SHR hoàn công",8.6,"Đường Lâm Văn Bền, Phường Tân Hưng, Quận 7, Hồ Chí Minh",80.0,2.0,3.0,2.0,Sổ hồng,2025-11-23
Bán căn hộ dịch vụ đường 27 bên cạnh dự án Cityland. Riviera Cappland. Chỉ 16 tỷ,16.0,"Đường 27, Phường Tân Phú, Quận 7, Hồ Chí Minh",70.0,10.0,11.0,4.0,Sổ hồng,2025-11-22
Chuyên bán tòa nhà căn hộ dịch vụ khu vực Quận 7 giá từ 20 tỷ đến 100 tỷ. Bấm để xem,28.5,"Đường Số 43, Phường Tân Quy, Quận 7, Hồ Chí Minh",150.0,20.0,20.0,7.0,Sổ hồng,2025-11-21
"Bán CHDV Lâm Văn Bền, Q7 giá 7,6 tỷ",7.6,"Đường Lâm Văn Bền, Phường Tân Kiểng, Quận 7, Hồ Chí Minh",60.0,7.0,8.0,4.0,Sổ hồng,2025-11-27
"Nhà 268 m2 chỉ 60 triệu/m Không còn căn thứ 2, Phú Thuận hẻm xe tải 6m",15.0,"Hẻm 77, Đường Chuyên Dùng Chính, Phường Phú Mỹ, Quận 7, Hồ Chí Minh",268.0,6.0,6.0,1.0,Sổ hồng,2025-11-21
"CHDV 5 tầng Bùi Văn Ba ô tô đỗ cửa thu nhập 800tr/năm chỉ 11tỷ99 vị trí: Bùi Văn Ba, P. Tân Thuận",11.99,"Đường Bùi Văn Ba, Phường Tân Thuận Đông, Quận 7, Hồ Chí Minh",84.0,13.0,14.0,5.0,Sổ hồng,2025-11-20
"Nhà phố xây dựng mới mặt đường 12m KDC Công Ích ngay Phú Mỹ Hưng Quận 7 - 5m x 16m giá 16,99 tỷ",16.99,"Đường Phạm Hữu Lầu, Phường Phú Mỹ, Quận 7, Hồ Chí Minh",80.0,4.0,5.0,4.0,Sổ hồng,2025-11-26
Nhà 3 tầng - Nguyễn Thị Thập Quận 7,7.5,"Đường Nguyễn Thị Thập, Phường Tân Hưng, Quận 7, Hồ Chí Minh",96.0,4.0,3.0,3.0,Sổ hồng,2025-11-27
Nhà đẹp hẻm ô tô vào ở ngay 4x16,7.45,"Đường Huỳnh Tấn Phát, Phường Phú Mỹ, Quận 7, Hồ Chí Minh",64.0,5.0,5.0,4.0,Sổ hồng,2025-11-19
"HOT!! NHÀ 2 TẦNG KẾ HIMLAM - 6x5.5 - SHR - CÁCH MT 50M - CHỈ 3.7 TỶ, HIẾM Ở Q7. LH0933 316 ***",3.7,"Đường  Trần Xuân Soạn, Phường Tân Hưng, Quận 7, Hồ Chí Minh",33.0,2.0,2.0,2.0,Sổ hồng,2025-11-21
"Bán nhà Huỳnh Tấn Phát, Phú Thuận, Quận 7, giá 3,4 tỷ, 50m2",3.4,"Huỳnh Tấn Phát, Phú Thuận, Quận 7, Hồ Chí Minh",50.0,2.0,1.0,1.0,Sổ hồng,2025-11-27
Biệt thự tân cổ điển full nội thất đầy đủ công năng sử dụng,8.38,"Đường Huỳnh Tấn Phát, Phường Phú Mỹ, Quận 7, Hồ Chí Minh",90.0,4.0,5.0,4.0,Sổ hồng,2025-11-19
"NHÀ CHÍNH CHỦ- BÁN GẤP NHÀ 1 TRỆT 1 LẦU ĐƯỜNG TRẦN XUÂN SOẠN, PHƯỜNG TÂN HƯNG, QUẬN 7",4.99,"Đường  Trần Xuân Soạn, Phường Tân Hưng, Quận 7, Hồ Chí Minh",44.0,2.0,2.0,2.0,Sổ hồng,2025-11-15
Nhà phố lô nhì Đ. Huỳnh Tấn Phát - cách MT chỉ 15m,4.3,"Đường Huỳnh Tấn Phát, Phường Tân Thuận Đông, Quận 7, Hồ Chí Minh",26.0,2.0,2.0,2.0,Sổ hồng,2025-11-26
"Hẻm xe hơi, nhà 3 tầng, kiên cố, 4 PN, nhà thoáng, nở hậu, hợp nhu cầu GĐ thích rộng rãi, gần TT",4.8,"Đường  Trần Xuân Soạn, Phường Tân Hưng, Quận 7, Hồ Chí Minh",64.0,4.0,4.0,3.0,Sổ hồng,2025-11-27
"35m2, (3mx12m) 2Tầng,Hẻm 3M Thông Lâm Văn Bền- P. Tân Kiểng- Quận 7- Cách HXH 100m, Nhỉnh 4tê",4.5,"Đường Lâm Văn Bền, Phường Tân Kiểng, Quận 7, Hồ Chí Minh",35.0,3.0,2.0,2.0,Sổ hồng,2025-11-27
NHÀ ĐẸP CẦN BÁN NHÀ 1 TRỆT 1 LẦU 3 PHÒNG NGỦ.HUỲNH TẤN PHÁT P TÂN THUÂN QUẬN 7,4.99,"Đường Huỳnh Tấn Phát, Phường Tân Thuận Đông, Quận 7, Hồ Chí Minh",44.0,3.0,2.0,2.0,Sổ hồng,2025-11-15
Nhà hẻm xe hơi - 2 lầu full nội thất - Huỳnh Tấn Phát - Q7 - Hẻm thông,7.49,"Đường Huỳnh Tấn Phát, Phường Phú Thuận, Quận 7, Hồ Chí Minh",60.0,4.0,4.0,3.0,Sổ hồng,2025-11-16
"Nhà phố hiện đại hẻm 3m Nguyễn Thị Thập - Gần Đại Học Tôn Đức Thắng - Lotte Mart - 4x13m giá 5,8 tỷ",5.8,"Đường Nguyễn Thị Thập, Phường Bình Thuận, Quận 7, Hồ Chí Minh",52.0,2.0,3.0,2.0,Sổ hồng,2025-11-27
"NHÀ PHỐ FULL NỘI THẤT GẦN VINCOM NAM LONG, KHU DCVEN SÔNG, TRƯỜNG EMASI(4.45mx 14m).4p ra Q4. 6,25T",6.25,"Phường Tân Thuận Tây,  Quận 7, Hồ Chí Minh",62.0,3.0,3.0,2.0,Sổ hồng,2025-11-26
"Nhà phố hiện đại 4 tầng hẻm 3,5m Chuyên Dùng 9, Phú Mỹ, Q7, DT 4m x 15m, giá 7,45 tỷ",7.45,"Đường Chuyên Dùng 9, Phường Phú Mỹ, Quận 7, Hồ Chí Minh",61.0,4.0,5.0,4.0,Sổ hồng,2025-11-27
"Quận 7, nhà mới xách vali về ở luôn, phù hợp giới trẻ, 60m2, 3 tầng, pháp lý chuẩn, p. Tân Mỹ",6.48,"Phường Tân Phú, Quận 7, Hồ Chí Minh",60.0,4.0,5.0,3.0,Sổ hồng,2025-11-26
"Nhà phố thiết kế có thang máy - mặt tiền hẻm 8m 1365 Huỳnh Tấn Phát Q7 DT 5,5m x 12m giá 13,5 tỷ",13.5,"1365, Đường Huỳnh Tấn Phát, Phường Phú Thuận, Quận 7, Hồ Chí Minh",72.0,4.0,5.0,4.0,Sổ hồng,2025-11-27
"Nhà phố mặt tiền hẻm 1056 Huỳnh Tấn Phát gần Đại Học RMIT, Tôn Đức Thắng - 4,5m x 12,5m Giá 5,6 tỷ",5.6,"Hẻm 1056, Đường Huỳnh Tấn Phát, Phường Tân Phú, Quận 7, Hồ Chí Minh",63.0,2.0,2.0,2.0,Sổ hồng,2025-11-27
"Nhà chính chủ trang bìa - DT khủng 131m2 ngang 6,5m - thích hợp xây CHDV có dòng tiền - giá 9,7tỷ",9.7,"Đường Nguyễn Văn Quỳ, Phường Phú Thuận, Quận 7, Hồ Chí Minh",131.0,6.0,6.0,2.0,Sổ hồng,2025-11-27
"NHÀ 3 TẦNG - CHỦ XÂY DỰNG KIÊN CỐ - HẺM 458 Ô TÔ - 75,3M2 CHỈ 6,4 TỶ",6.4,"Đường Huỳnh Tấn Phát, Phường Bình Thuận, Quận 7, Hồ Chí Minh",75.0,4.0,3.0,3.0,Sổ hồng,2025-11-27
"Bán nhà riêng đẹp tại đường 283 Huỳnh Tấn Phát - Nguyễn Văn Linh, 7,2 tỷ vnd, STSD 149,6 m2",7.2,"283 Huỳnh Tấn Phát, Phường Tân Thuận Đông, Quận 7, Hồ Chí Minh",74.0,3.0,2.0,1.0,Sổ hồng,2025-11-27
BÁN NHÀ 1 LẦU SỔ HỒNG RIÊNG - 4X11 - HUỲNH TẤN PHÁT - QUẬN 7,4.99,"Đường Huỳnh Tấn Phát, Phường Tân Thuận Đông, Quận 7, Hồ Chí Minh",44.0,3.0,2.0,2.0,Sổ hồng,2025-11-16
Bán nhà mặt tiền hẻm dân cư đông - có thể kinh doanh mọi ngành nghề - quận 7,1.55,"749/ Đường Huỳnh Tấn Phát, Phường Phú Thuận, Quận 7, Hồ Chí Minh",23.0,2.0,1.0,2.0,Giấy tờ không xác định,2025-11-15
Bán nhà đẹp - 3.6x10m - không sông rạch - Đ. Trần Xuân Soạn - Q7,1.95,"Đường  Trần Xuân Soạn, Phường Tân Hưng, Quận 7, Hồ Chí Minh",36.0,2.0,2.0,2.0,Giấy tờ không xác định,2025-11-15
Bán nhà đẹp cách MT đường lớn chỉ 10m - Đào Trí - Quận 7,0.738,"Đường Đào Trí, Phường Phú Thuận, Quận 7, Hồ Chí Minh",15.0,1.0,1.0,2.0,Giấy tờ không xác định,2025-11-17
BÁN NHÀ CĂN GÓC - SÁT HẺM XE HƠI - VỊ TRÍ ĐẮC ĐỊA - QUẬN 7,1.88,"Đường  Trần Xuân Soạn, Phường Tân Hưng, Quận 7, Hồ Chí Minh",23.0,2.0,2.0,2.0,Giấy tờ không xác định,2025-11-25
Bán nhà diện tích lớn - 4mx18m- giá tốt - Quận 7 - Có Sân Rộng Để Được nhiều xe.,2.6,"Hẻm 1115, Đường Huỳnh Tấn Phát, Phường Phú Thuận, Quận 7, Hồ Chí Minh",72.0,3.0,2.0,2.0,Giấy tờ không xác định,2025-11-16
Căn hộ dv mini 9 phòng ngang 11m đang khai thác ổn định sổ hoàn công đủ,5.9,"Hẻm 1428, Đường Huỳnh Tấn Phát, Phường Phú Mỹ, Quận 7, Hồ Chí Minh",71.0,9.0,9.0,4.0,Sổ hồng,2025-11-27
Bán nhà đẹp diện tích lớn - nở hậu - hẻm thẳng 1 trục - Chuyên Dùng Chính - Q7,2.99,"Hẻm 25, Đường Chuyên Dùng 9, Phường Phú Mỹ, Quận 7, Hồ Chí Minh",52.0,3.0,3.0,2.0,Giấy tờ không xác định,2025-11-25
Bán nhà đẹp căn góc - 5.5x10m - Đ. Chuyên Dùng 9 - Quận 7,2.65,"77, Đường Chuyên Dùng 9, Phường Phú Mỹ, Quận 7, Hồ Chí Minh",55.0,3.0,2.0,2.0,Sổ hồng,2025-11-20
"Bán nhà 3 tầng, hẻm xe hơi gần mặt tiền Huỳnh Tấn Phát, Quận 7-Giá 9,2 tỷ (thương lượng)",9.2,"Đường Huỳnh Tấn Phát, Phường Tân Thuận Đông, Quận 7, Hồ Chí Minh",79.0,10.0,9.0,3.0,Sổ hồng,2025-11-15
"Bán nhà chợ Tân Mỹ, Quận 7-3 tầng-Giá nhỉnh 7 tỷ",7.7,"Đường Nguyễn Thị Thập, Phường Tân Phú, Quận 7, Hồ Chí Minh",52.0,3.0,3.0,3.0,Sổ hồng,2025-11-18
Bán nhà mặt tiền hẻm xe hơi - nở hậu - cách đường HTP chỉ 30m - Quận 7,1.75,"Hẻm 1627, Đường Huỳnh Tấn Phát, Phường Phú Mỹ, Quận 7, Hồ Chí Minh",25.0,2.0,1.0,2.0,Giấy tờ không xác định,2025-11-25
Bán CHDV Lâm Văn Bền - Quận 7- Ngang 5m- 4 Tầng- Thu Nhập 30tr/th- Không QH- Cách 50m Ra Hẻm Xe Hơi,7.6,"Đường Lâm Văn Bền, Phường Tân Kiểng, Quận 7, Hồ Chí Minh",60.0,7.0,8.0,3.0,Sổ hồng,2025-11-27
"Bán nhà 3 tầng 6PN, 48m2 tại Nguyễn Thị Thập, Q7, HCM, giá 7,9 tỷ",7.9,"Đường Nguyễn Thị Thập, Phường Tân Phong, Quận 7, Hồ Chí Minh",48.0,6.0,5.0,3.0,Sổ hồng,2025-11-27
BÁN NHÀ 3 TẦNG - SÂN THƯỢNG THOÁNG MÁT - Đ.TRẦN XUÂN SOẠN - QUẬN 7,3.05,"Đường  Trần Xuân Soạn, Phường Tân Kiểng, Quận 7, Hồ Chí Minh",21.0,2.0,2.0,3.0,Sổ hồng,2025-11-20
Siêu phẩm nhà đẹp Quận 7 - Tặng Full nội thất cao cấp - SHR - Chỉ xách vali vào ở,6.3,"Đường Huỳnh Tấn Phát, Phường Tân Thuận Đông, Quận 7, Hồ Chí Minh",55.0,3.0,3.0,2.0,Sổ hồng,2025-11-16
Nhà mới đẹp 1 lầu hẻm 391 Huỳnh Tấn Phát - P. Tân Thuận Đông - Q7,4.99,"Hẻm 391, Đường Huỳnh Tấn Phát, Phường Tân Thuận Đông, Quận 7, Hồ Chí Minh",42.0,3.0,2.0,2.0,Sổ hồng,2025-11-24
Nhà phố hiện đại full nội thất cao Cấp - Cạnh Phú Mỹ Hưng - Q7,7.95,"Hẻm 935, Đường Huỳnh Tấn Phát, Phường Phú Thuận, Quận 7, Hồ Chí Minh",70.0,4.0,5.0,3.0,Sổ hồng,2025-11-24
Nhà 2 tầng mới đẹp 3 phòng ngủ - Hẻm 3.5m - Huỳnh Tấn Phát - Q7,4.79,"Đường Huỳnh Tấn Phát, Phường Phú Thuận, Quận 7, Hồ Chí Minh",39.0,3.0,2.0,2.0,Sổ hồng,2025-11-18
"Nhà phố sân vườn đang thu nhập 30 triệu tháng - hẻm 1387 Huỳnh Tấn Phát 6mx25m sổ hồng giá 14,5 tỷ",14.5,"Hẻm 1387, Đường Huỳnh Tấn Phát, Phường Phú Thuận, Quận 7, Hồ Chí Minh",150.0,4.0,4.0,3.0,Sổ hồng,2025-11-26
Nhà 2 mặt tiền Tân Mỹ Q7 - 4 x 10m vuông vức - chỉ 10m ra mặt tiền - giá 7.199 tỷ (TL),7.2,"Đường Tân Mỹ, Phường Tân Thuận Tây, Quận 7, Hồ Chí Minh",40.0,3.0,3.0,3.0,Sổ hồng,2025-11-25
Bán nhà mới đẹp cạnh Phú Mỹ Hưng Quận 7 - 70m2 - 4 tầng - full nội thất - sổ hồng riêng,7.5,"Đường Huỳnh Tấn Phát, Phường Tân Phú, Quận 7, Hồ Chí Minh",70.0,3.0,3.0,4.0,Sổ hồng,2025-11-27
"3.9 tỷ nhà đẹp Lâm Văn Bền, Quận 7, DT 6x8m, full nội thất cao cấp",3.9,"Đường Lâm Văn Bền, Phường Tân Kiểng, Quận 7, Hồ Chí Minh",43.0,2.0,2.0,2.0,Sổ hồng,2025-11-26
"Bán NR siêu hiếm đẹp, 04 PN, 03 tầng, DT 4x16",6.5,"Phường Phú Thuận, Quận 7, Hồ Chí Minh",51.0,4.0,3.0,3.0,Sổ hồng,2025-11-27
"Nhà mới đẹp hiện đại đầy đủ nội thất sang trọng vào ở ngay Phú Mỹ Quận 7 - Giá 7.45 tỷ, 4x16m",7.45,"Đường Chuyên Dùng 9, Phường Phú Mỹ, Quận 7, Hồ Chí Minh",61.0,4.0,5.0,3.0,Sổ hồng,2025-11-25
"Nhà Bùi Văn Ba, Quận 7 | Giá tốt 2 tỷ 950 triệu (TL) - Diện tích: 4,2m x 5m, 2PN 2WC",2.95,"Đường Bùi Văn Ba, Phường Tân Thuận Đông, Quận 7, Hồ Chí Minh",22.0,2.0,2.0,2.0,Sổ hồng,2025-11-26
SIÊU PHẨM 4 TẦNG FULL NỘI THẤT XỊN XÒ ĐẸP MÊ LY - MẶT TIỀN HẺM XE HƠI NGUYỄN THỊ THẬP- 5M X 12M,12.59,"Đường Nguyễn Thị Thập, Phường Tân Thuận Tây, Quận 7, Hồ Chí Minh",55.0,4.0,3.0,4.0,Sổ hồng,2025-11-20
"Trung tâm Quận 7 | DT: 6 x 5m, gồm 2PN 2WC | Nhà 2 mặt hẻm thông thoáng |Hẻm 4m Trần Xuân Soạn",3.69,"Đường  Trần Xuân Soạn, Phường Tân Hưng, Quận 7, Hồ Chí Minh",30.0,2.0,2.0,2.0,Sổ hồng,2025-11-21
"Bán nhà đất mặt tiền hẻm thông. Cách Huỳnh Tấn Phát 100m. Ngang 6,5 dài 28m - chỉ 13.8 tỷ",13.8,"Đường Huỳnh Tấn Phát, Phường Tân Thuận Tây, Quận 7, Hồ Chí Minh",212.0,6.0,4.0,2.0,Sổ hồng,2025-11-27
"Bán Nhà Ngang Lớn Kế KDC HimLam, 02 Tầng, DT 6x11",5.7,"Trần Xuân Soạn, Tân Hưng, Quận 7, Hồ Chí Minh",66.0,3.0,2.0,2.0,Sổ hồng,2025-11-26
"Bán Nhà Kiều Đàm một đời chủ, DT 4x16m chỉ với 4,8 tỷ",4.8,"Đường  Trần Xuân Soạn, Phường Tân Hưng, Quận 7, Hồ Chí Minh",56.0,2.0,1.0,2.0,Sổ hồng,2025-11-25
"Bán NR Căn Góc Thoáng - Hẻm Thẳng Một Trục, DT 4x9m",4.3,"Trần Xuân Soạn, Tân Hưng, Quận 7, Hồ Chí Minh",36.0,2.0,1.0,2.0,Sổ hồng,2025-11-26
"Bán Nhà KDC Hiện Hữu - Nở Hậu, 02 Tầng, DT 4,1x12m",5.3,"Trần Xuân Soạn, Tân Hưng, Quận 7, Hồ Chí Minh",51.0,2.0,2.0,2.0,Sổ hồng,2025-11-25
Nhà phố phong cách homestay mini hẻm 4m ngay phố Trần Xuân Soạn Q7 - cách Q4 chỉ 500m,3.2,"Hẻm KC32, Phường Tân Thuận Tây, Quận 7, Hồ Chí Minh",15.0,2.0,3.0,3.0,Sổ hồng,2025-11-26
"Bán Nhà Một Đời Chủ - Nhà Vào Ở Ngay, 02 Tầng, DT 4,2x15m",5.3,"Trần Xuân Soạn, Tân Hưng, Quận 7, Hồ Chí Minh",60.0,3.0,2.0,2.0,Sổ hồng,2025-11-26
"Bán Nhà Tân Hưng Vị Trí Siêu Vip, 02 Tầng, DT 3,5x12m",5.2,"Trần Xuân Soạn, Tân Hưng, Quận 7, Hồ Chí Minh",40.0,2.0,2.0,2.0,Sổ hồng,2025-11-26
Nhà phố 1 lầu hẻm 3m liền kề khu Nam Long Trần Trọng Cung,4.75,"Đường Nguyễn Văn Quỳ, Phường Tân Thuận Đông, Quận 7, Hồ Chí Minh",60.0,3.0,2.0,2.0,Sổ hồng,2025-11-26
Nha nát- Đường số - tân quy q7 80m2 nhinh 10 tỷ .,10.3,"Đường 43, Phường Tân Quy, Quận 7, Hồ Chí Minh",80.0,2.0,2.0,2.0,Sổ hồng,2025-11-27
"Chỉ 5.3 tỷ nhà đẹp sát mặt tiền Lâm Văn Bền, Tân Kiểng, Quận 7 - DT 5x10m - 3 PN",5.3,"Đường Lâm Văn Bền, Phường Tân Kiểng, Quận 7, Hồ Chí Minh",47.0,3.0,3.0,2.0,Sổ hồng,2025-11-25
"Bán nhà hẻm ô tô, P.Phú Thuận, Q7, 134m2, 10m x 14m, 3 lầu chỉ 12,5 tỷ!",12.5,"Đường Huỳnh Tấn Phát, Phường Phú Thuận, Quận 7, Hồ Chí Minh",134.0,3.0,3.0,2.0,Sổ hồng,2025-11-26
Nhà 2 tầng Nguyễn Thị Thập - 40m2 - VF3 đậu - nhỉnh 6 tỷ,6.3,"Đường Nguyễn Thị Thập, Phường Tân Phú, Quận 7, Hồ Chí Minh",40.0,2.0,2.0,2.0,Sổ hồng,2025-11-27
Bán nhà nhỏ sổ hồng riêng Trần Xuân soạn,2.15,"Đường  Trần Xuân Soạn, Phường Tân Hưng, Quận 7, Hồ Chí Minh",15.0,2.0,1.0,2.0,Sổ hồng,2025-11-26
"Bán Nhà riêng CHDV tại Đường Chuyên Dùng 9, Phú Mỹ, Quận 7, TP.HCM, giá ưu đãi chỉ với 9 tỷ, 89m2",9.0,"Đường Chuyên Dùng 9, Phường Phú Mỹ, Quận 7, Hồ Chí Minh",89.0,12.0,13.0,3.0,Sổ hồng,2025-11-27
Nhà 2 tầng - 88m2 - dòng tiền 200tr/năm - sát Phú Mỹ Hưng - nhỉnh 6 tỷ,6.59,"Phường Tân Phú, Quận 7, Hồ Chí Minh",88.0,4.0,4.0,2.0,Sổ hồng,2025-11-27
"(Video) bán nhà sát cầu Nguyễn Khoái ~60m2 3 tầng hẻm thông 4m. Ngang 3.6m, nở hậu. Chỉ 1km tới Q1",4.75,"Đường  Trần Xuân Soạn, Phường Tân Hưng, Quận 7, Hồ Chí Minh",57.0,4.0,3.0,3.0,Sổ hồng,2025-11-27
"Bán nhà riêng 2PN, 2WC, 26m2 tại Phú Thuận, Q7, HCM chỉ với 3,69 tỷ",3.69,"Phường Phú Thuận,  Quận 7, Hồ Chí Minh",26.0,2.0,2.0,2.0,Sổ hồng,2025-11-27
"Chính chủ bán nhà 1 trệt + 3 lầu đường số 49, Tân quy, Quận 7, sổ hồng chính chủ. Giá: 15 tỷ 8",15.8,"Đường Số 49, Phường Tân Quy, Quận 7, Hồ Chí Minh",71.0,4.0,5.0,3.0,Sổ hồng,2025-11-27
Bán nhà 2 tầng - 60m2 - ngay ĐH Marketing Q7 - nhỉnh 4tỷ,4.55,"Phường Tân Thuận Tây, Quận 7, Hồ Chí Minh",60.0,2.0,2.0,2.0,Sổ hồng,2025-11-27
BÁN NHÀ SỔ RIÊNG-HẺM 167 HUỲNH TẤN PHÁT- QUẬN 7..! Full Nội Thất.,4.2,"Đường Huỳnh Tấn Phát, Phường Tân Thuận Đông, Quận 7, Hồ Chí Minh",30.0,2.0,2.0,2.0,Sổ hồng,2025-11-23
"Nhà 4PN - 4 tầng - Huỳnh Tấn Phát, Quận 7 - Sổ riêng, Vào ở ngay",6.4,"Đường Huỳnh Tấn Phát, Phường Phú Thuận, Quận 7, Hồ Chí Minh",47.0,4.0,3.0,4.0,Sổ hồng,2025-11-24
"Bán Nhà Riêng tại Lâm Văn Bền, 12,5 tỷ, 116m2, 5PN, 6WC",12.5,"Đường Lâm Văn Bền, Phường Bình Thuận, Quận 7, Hồ Chí Minh",116.0,5.0,6.0,3.0,Sổ hồng,2025-11-27
"Hàng thơm - nhà 1 lầu 5x20m mặt tiền hẻm 3m Nguyên Thị Thập, Q7",9.5,"Đường Nguyễn Thị Thập, Phường Tân Phú, Quận 7, Hồ Chí Minh",100.0,4.0,5.0,2.0,Sổ hồng,2025-11-27
"BÁN NHÀ MỚI 2 TẦNG ĐƯỜNG TÂN MỸ- XE HƠI TỚI NHÀ- 4,2 X10-- SHR- P TÂN THUẬN TÂY -Q7",7.2,"Đường Tân Mỹ, Phường Tân Thuận Tây, Quận 7, Hồ Chí Minh",41.0,2.0,2.0,2.0,Sổ hồng,2025-11-27
"Nhà phố hiện đại - đủ nội thất - hẻm 167 huỳnh tấn phát - sổ hồng riêng hỗ trợ ngân hàng giá 4,2 tỷ",4.2,"Hẻm 167, Đường Huỳnh Tấn Phát, Phường Tân Thuận Đông, Quận 7, Hồ Chí Minh",26.0,2.0,3.0,2.0,Sổ hồng,2025-11-27
CẦN TIỀN BÁN GẤP NHÀ QUẬN 7 NGAY CẦU PHÚ MỸ GIÁ RẺ,6.0,"Đường Nguyễn Văn Quỳ, Phường Phú Thuận, Quận 7, Hồ Chí Minh",44.0,4.0,3.0,3.0,Sổ hồng,2025-11-27
Nhà đẹp hiện đại xây mới 100% - hẻm 47 đường Võ Thị Nhờ - cạnh Vincom Nam Long,8.5,"Đường Võ Thị Nhờ, Phường Tân Thuận Đông, Quận 7, Hồ Chí Minh",65.0,3.0,4.0,3.0,Sổ hồng,2025-11-14
"Nhà đẹp 3 tầng sát mặt tiền Đường Số P. Tân Quy, Quận 7 - DT 5x15m - 4PN - chỉ 9 tỷ x",9.5,"Phường Tân Quy, Quận 7, Hồ Chí Minh",75.0,3.0,4.0,3.0,Sổ hồng,2025-11-21
Nhà phố hiện đại HXH 458 Huỳnh Tấn Phát - Q7 - cạnh Lý Phục Man,7.2,"Đường Huỳnh Tấn Phát, Phường Bình Thuận, Quận 7, Hồ Chí Minh",35.0,4.0,3.0,2.0,Sổ hồng,2025-11-20
NHÀ 2 TẦNG HXH LÝ PHỤC MAN - 45M - 3.96 TỶ,3.96,"Đường Lý Phục Man, Phường Bình Thuận, Quận 7, Hồ Chí Minh",45.0,2.0,2.0,2.0,Sổ hồng,2025-11-27
"Bán Nhà Mới Đẹp 4PN, 4WC tại Nguyễn Thị Thập, Tân Phú, Q7, 6,75 tỷ, 63m2",6.75,"Đường Nguyễn Thị Thập, Phường Tân Phú, Quận 7, Hồ Chí Minh",63.0,4.0,4.0,3.0,Sổ hồng,2025-11-27
Nhà vuông vứt quận 7 sổ hồng riêng trong khu dân cư không ngập nước,5.5,"Đường Tân Mỹ, Phường Tân Thuận Tây, Quận 7, Hồ Chí Minh",47.0,2.0,2.0,2.0,Sổ hồng,2025-11-25
"Nhà vuông vứt Quận 7, khu dân cư, đầy đủ tiện ích",5.6,"Đường Tân Mỹ, Phường Tân Thuận Tây, Quận 7, Hồ Chí Minh",47.0,2.0,2.0,2.0,Sổ hồng,2025-11-25
"Nhà phố vị trí đắc địa - ngay KDC Nam Long Quận 07 - Hẻm 3m 123 Nguyễn Văn Quỳ - 4x15m Giá 4,75 tỷ",4.75,"Hẻm 123, Đường Nguyễn Văn Quỳ, Phường Tân Thuận Đông, Quận 7, Hồ Chí Minh",60.0,3.0,3.0,2.0,Sổ hồng,2025-11-26
"Bán Nhà 4 Tầng Đường Phạm Hữu Lầu Phường Phú Mỹ Quận 7, DT: 75m2, Giá: 7,x tỷ Shr",7.0,"Đường Phạm Hữu Lầu, Phường Phú Mỹ, Quận 7, Hồ Chí Minh",75.0,3.0,3.0,4.0,Sổ hồng,2025-11-27
"SD 105m, KDC sổ hồng cạnh Kiều Đàm, tặng nội thất 350 triệu, Tân Hưng Quận 7",6.3,"Đường  Trần Xuân Soạn, Phường Tân Hưng, Quận 7, Hồ Chí Minh",59.0,3.0,3.0,2.0,Sổ hồng,2025-11-26
Đậu ViSa cần bán nhà đường Trần Xuân Soạn P.Tân Hưng Quận 7 Giá 4tỷ860/88m2 nhà 3 lầu-sổ sẵn-hẻm 6m,4.85,"Đường  Trần Xuân Soạn, Phường Tân Hưng, Quận 7, Hồ Chí Minh",88.0,4.0,5.0,4.0,Sổ hồng,2025-11-20
"Bán nhà riêng tại Tân Thuận Tây, Q7, TP. HCM, 94m2, 8 tỷ",8.0,"Phường Tân Thuận Tây, Quận 7, Hồ Chí Minh",94.0,2.0,1.0,2.0,Sổ hồng,2025-11-25
"Bán nhà 4 tầng - xe hơi vào nhà - gần Phú Mỹ Hưng - nhà mới ở ngay - đường Nguyễn Thị Thập, quận 7",12.59,"Đường Nguyễn Thị Thập, Phường Bình Thuận, Quận 7, Hồ Chí Minh",54.0,4.0,3.0,4.0,Sổ hồng,2025-11-18
"Quận7_ P. tân kiểng, 58m2, 4 Tầng BTCT 5PN, kế bên Lotte Mart, chợ Tân Quy, 20m ra Lê Văn lương",8.0,"Đường Lê Văn Lương, Phường Tân Kiểng, Quận 7, Hồ Chí Minh",58.0,5.0,4.0,4.0,Sổ hồng,2025-11-27
"Bán nhà sổ riêng lô nhì đường Nguyễn Thị Thập, trung tâm Quận 7",12.39,"Đường Nguyễn Thị Thập, Phường Tân Phú, Quận 7, Hồ Chí Minh",54.0,4.0,5.0,4.0,Sổ hồng,2025-11-25
NHÀ ĐẸP VÀO Ớ NGAY XE MONING ĐỖ CỬA - HUỲNH TẤN PHÁT - TÂN MỸ - NHỈNH 6TYX VỊ TRÍ : cách mặt t,6.5,"Đường Huỳnh Tấn Phát, Phường Tân Phú, Quận 7, Hồ Chí Minh",57.0,4.0,3.0,3.0,Sổ hồng,2025-11-27
CHDV GÓC 2MT HẺM THÔNG ĐÀO TRÍ - 83M2 - 3TẦNG 6PHÒNG - DÒNG TIỀN 25TR/TH - NHỈN 7 TỶ.,7.65,"Đường Huỳnh Tấn Phát, Phường Phú Thuận, Quận 7, Hồ Chí Minh",83.0,6.0,6.0,3.0,Sổ hồng,2025-11-27
"HẺM XE TẢI QUAY ĐẦU VÔ TƯ NGAY NGUYỄN VĂN LINH-DUY NHẤT 1 CĂN VỊ TRÍ CỰC ĐẸP CHỈ 13,4 TỶ",13.0,"Đường Nguyễn Văn Linh, Phường Tân Thuận Tây, Quận 7, Hồ Chí Minh",88.0,5.0,5.0,4.0,Sổ hồng,2025-11-18
"Nhà phố hiện đại hẻm 4m 1422 Huỳnh Tấn Phát Phường Phú Mỹ, Quận 7, DT 4m x 15m, giá 4,99 tỷ",4.99,"Hẻm 1422, Đường Huỳnh Tấn Phát, Phường Phú Mỹ, Quận 7, Hồ Chí Minh",60.0,4.0,3.0,3.0,Sổ hồng,2025-11-27
"Nhà phố hiện đại sang trọng - Hẻm rộng 4m Lý Phục Man ngay KDC Nam Long Quận 07 - 4x17m Giá 9,5 tỷ",9.5,"Hẻm 21, Đường Lý Phục Man, Phường Bình Thuận, Quận 7, Hồ Chí Minh",63.0,4.0,5.0,4.0,Sổ hồng,2025-11-26
"Nhà mới, HXH, 128m2, 7m x 19m, 3 tầng, chỉ 9,9 tỷ, Nam Long, Phú Thuận, Q7!",9.9,"Đường Phú Thuận, Phường Phú Thuận, Quận 7, Hồ Chí Minh",128.0,6.0,7.0,3.0,Sổ hồng,2025-11-24
"Nhà phố hiện đại - Mặt tiền hẻm 3,5m 156 Tân Mỹ ngay Khu Cư Xá Ngân Hàng - 4m x 10m - Giá 6,95 tỷ",6.95,"Đường Tân Mỹ, Phường Tân Thuận Tây, Quận 7, Hồ Chí Minh",40.0,4.0,3.0,3.0,Sổ hồng,2025-11-26
"Bán nhà Quận 7 Nguyễn Thị Thập, nhà 5 tầng, 55m2, 5 phòng ngủ, chỉ 5 tỷ nhỉnh, duy nhất một căn bán",5.9,"Đường Nguyễn Thị Thập, Phường Tân Quy, Quận 7, Hồ Chí Minh",55.0,5.0,5.0,5.0,Sổ hồng,2025-11-27
"NHÀ PHỐ HIỆN ĐẠI , CHỦ GẤP BÁN , DT 90m2 ĐẦY ĐỦ NỘI THẤT - CHỈ 8.6 TỶ NGAY TT QUẬN 7",9.5,"Phường Tân Phú, Quận 7, Hồ Chí Minh",90.0,4.0,4.0,4.0,Sổ hồng,2025-11-27
Nhà mới 3PN - thông Võ Thị Nhờ - cạnh khu Nam Long - vào ở ngay,6.3,"Đường Huỳnh Tấn Phát, Phường Tân Thuận Đông, Quận 7, Hồ Chí Minh",56.0,3.0,3.0,2.0,Sổ hồng,2025-11-24
"Chủ bán gấp nhà đẹp q7, chuyển về Phú Mỹ Hưng, DT 92m2, giá tốt chỉ 10 tỷ",9.5,"Đường Nguyễn Thị Thập, Phường Bình Thuận, Quận 7, Hồ Chí Minh",92.0,5.0,5.0,5.0,Sổ hồng,2025-11-27
"Nhà Trần Xuân Soạn - DT 96m2 công nhận đủ, nở hậu đẹp - hẻm xe hơi - chỉ 8.9 tỷ",8.9,"Phường Tân Kiểng, Quận 7, Hồ Chí Minh",97.0,6.0,4.0,3.0,Sổ hồng,2025-11-27
BÁN NHÀ QUẬN 7 HẺM XE HƠI HUỲNH TẤN PHÁT- DIỆN TÍCH 100m2 - CHỈ 9 TỶ,9.0,"Đường Huỳnh Tấn Phát, Phường Phú Thuận, Quận 7, Hồ Chí Minh",100.0,4.0,4.0,4.0,Sổ hồng,2025-11-27
Bán nhà phố 3 tầng thông hẻm 935 Huỳnh Tấn Phát - Phú Thuận - cách xe hơi 30m,7.95,"Hẻm 28, Đường Phú Thuận, Phường Phú Thuận, Quận 7, Hồ Chí Minh",70.0,4.0,5.0,3.0,Sổ hồng,2025-11-25
"Bán nhà đường số 37 đoạn xung nhất Quận 7, sát mặt tiền 5.85 tỷ nhà 2 tầng ngang 4x10m",5.85,"Đường Số 37, Phường Tân Kiểng, Quận 7, Hồ Chí Minh",39.0,2.0,2.0,2.0,Sổ hồng,2025-11-23
"ĐẤT CHDV Lê Văn Lương Q 7. DT 17mx12m. 175m2.GIÁ 16.5 TỶ.GPXD 5 tầng, Lotte, ĐH Tôn Đức Thắng,RMIT",16.5,"Đường Lê Văn Lương, Phường Tân Kiểng, Quận 7, Hồ Chí Minh",175.0,6.0,6.0,2.0,Sổ hồng,2025-11-13
"BÁN NHÀ CHDV dòng tiền 50 triệu quận 7. Giá 13 tỷ. 5 tầng thang máy. gần LOTTE MART, ĐH RMIT, BIGC",13.5,"Đường Số 79, Phường Tân Phong, Quận 7, Hồ Chí Minh",60.0,9.0,10.0,5.0,Sổ hồng,2025-11-25
"ĐẤT Nguyễn Thị Thập QUẬN 7. DT 142M. 5mx28m.Giá 16tỷ. 4 tầng. Gần Phú Mỹ Hưng, Lotte Mart",16.0,"Đường Nguyễn Thị Thập, Phường Bình Thuận, Quận 7, Hồ Chí Minh",142.0,4.0,6.0,4.0,Sổ hồng,2025-11-13
"Nhà biệt thự Nguyễn Thị Thập quận 7. DT 8m x 18m, giá 16 tỷ 138m2, 3 tầng. GPXD 5 tầng Phú Mỹ Hưng",16.0,"Đường Nguyễn Thị Thập, Phường Tân Phú, Quận 7, Hồ Chí Minh",138.0,5.0,6.0,3.0,Sổ hồng,2025-11-25
Bán nhà cách đường xe hơi chỉ vài bước - hẻm 77 Chuyên Dùng Chính - Quận 7,2.35,"Hẻm 77, Đường Chuyên Dùng 9, Phường Phú Mỹ, Quận 7, Hồ Chí Minh",36.0,2.0,1.0,2.0,Giấy tờ không xác định,2025-11-21
Nhà phố 1 trệt 1 lửng 2 lầu chỉ 6ty390/căn 174m2 sử dụng ngay Cầu Lò Gốm cách Võ Văn Kiệt 500m,6.39,"Đường Phú Định, Phường 16, Quận 8, Hồ Chí Minh",50.0,4.0,5.0,3.0,Giấy tờ không xác định,2025-11-23
BÁN NHÀ 2 LẦU SỔ HỒNG RIÊNG - HẺM NỘI BỘ 2.5M - TRẦN XUÂN SOẠN - QUẬN 7,1.67,"Đường  Trần Xuân Soạn, Phường Tân Hưng, Quận 7, Hồ Chí Minh",14.0,2.0,1.0,3.0,Sổ hồng,2025-11-24
"Nhà vuông vức 3,5 x 20m, lô góc mát mẻ, xe tải đến nhà, sát chợ và trung tâm hành chính Q8",7.0,"Hẻm 1199, Đường Phạm Thế Hiển, Phường 5, Quận 8, Hồ Chí Minh",70.0,4.0,3.0,2.0,Sổ hồng,2025-11-24
"Nhà Phố Xây Mới Q8 - 1 Trệt, 1 Lửng, 2 Lầu, Giá 6,39 Tỷ, Sổ Hồng Riêng",6.39,"60 Đường Phú Định, Phường 16, Quận 8, Hồ Chí Minh",60.0,4.0,4.0,4.0,Sổ hồng,2025-11-14
"Nhà Bán 7 tỷ 7 193/27/35 Đường Phú Định, phường 16, Quận 8, TP. HCM",7.7,"193/*/*, Đường Bến Phú Định, Phường 16, Quận 8, Hồ Chí Minh",79.0,2.0,2.0,2.0,Sổ hồng,2025-11-24
"NHÀ BÁN GẦN MẶT TIỀN HƯNG PHÚ P10 Q8, 2 TẦNG, (3x12.6m), GẦN CẦU NGUYỄN TRI PHƯƠNG",5.05,"Đường Hưng Phú, Phường 10, Quận 8, Hồ Chí Minh",36.0,2.0,2.0,2.0,Sổ hồng,2025-11-27
"Bán nhà Võ Trứ, P.9, Q.8 - 3 tầng, mới đẹp, di chuyển Q.1, Q.5 nhanh - chỉ 5.2 tỷ",5.2,"Đường Võ Trứ, Phường 9, Quận 8, Hồ Chí Minh",24.0,2.0,3.0,3.0,Sổ hồng,2025-11-24
"Bán nhà riêng tại Bình Đông, 4 tỷ, 35.1 m2, 3PN, 3WC, 4m mặt tiền",4.0,"Đường Bình Đông, Phường 15, Quận 8, Hồ Chí Minh",35.0,3.0,3.0,3.0,Sổ hồng,2025-11-27
"Bán NR 5PN, 3WC, 130m2, 9,2 tỷ tại Bùi Minh Trực, Q8, HCM",9.2,"Đường Bùi Minh Trực, Phường 5, Quận 8, Hồ Chí Minh",130.0,5.0,3.0,2.0,Sổ hồng,2025-11-27
"BÁN NHÀ DƯỜNG 8M DƯƠNG BÁ TRẠC- 2 TẦNG- KDC ĐÔNG ĐÚC, VỪA Ở VỪA KINH DOANH- CHỈ 5.35 TỶ",5.35,"Đường Dương Bá Trạc, Phường 1, Quận 8, Hồ Chí Minh",33.0,2.0,2.0,2.0,Sổ hồng,2025-11-27
"Nhà mới, đẹp, Tạ Quang Bửu, Cao Lỗ, gần siêu thị Parc Mall Q8, 3 tầng, DTSD 48m2, 4PN, nhà mới",2.55,"Đường  Tạ Quang Bửu, Phường 5, Quận 8, Hồ Chí Minh",20.0,4.0,3.0,3.0,Sổ hồng,2025-11-27
"Nhà Bán Đường Hẻm8m Dương Bá Trạc P1,Q8",5.35,"Đường Dương Bá Trạc, Phường 1, Quận 8, Hồ Chí Minh",31.0,2.0,2.0,2.0,Sổ hồng,2025-11-27
"Nhà đẹp vào ở ngay Dương Bá Trạc, 2 tầng, 39m Chốt nhanh chỉ hơn 4 tỷ",4.58,"Đường Dương Bá Trạc, Phường 1, Quận 8, Hồ Chí Minh",39.0,2.0,2.0,2.0,Sổ hồng,2025-11-27
LÂU RỒI MỚI VỀ NGAY TRUNG TÂM QUẬN 8 - 2 TẦNG HOÀN CÔNG ĐỦ - GIÁ NHỈNH 2 TỶ Dương Bá Trạc,2.54,"Đường Dương Bá Trạc, Phường 1, Quận 8, Hồ Chí Minh",20.0,2.0,2.0,2.0,Sổ hồng,2025-11-27
"Bán nhà hẻm 4m trước nhà Bùi Minh Trực (4x13.7 )5 lầu phường 5 quận 8 chỉ 7,9 tỷ ctl",7.9,"Bùi Minh Trực, 5, Quận 8, Hồ Chí Minh",55.0,4.0,4.0,5.0,Sổ hồng,2025-11-27
"Nhà Hẻm xe hơi đường Hoài Thanh, P14, Q8",4.45,"Đường Hoài Thanh, Phường 14, Quận 8, Hồ Chí Minh",24.0,3.0,4.0,4.0,Sổ hồng,2025-11-27
"Mở bán nhà phố Phú Định Q8 1 trệt 1 lửng 2 lầu mới 100%, thiết kế hiện đại, thanh toán từng đợt",6.1,"Đường Phú Định, Phường 16, Quận 8, Hồ Chí Minh",55.0,4.0,4.0,3.0,Sổ hồng,2025-11-21
"Bán nhà 3 tầng gần Aeon Mall, P4, Q8",6.1,"Đường Tám Danh, Phường 4, Quận 8, Hồ Chí Minh",62.0,2.0,2.0,3.0,Sổ hồng,2025-11-27
"Nhà Xây Mới 100% 3 Tầng- Hẻm Xe Hơi Thông Âu Dương Lân P3 , Q8",6.49,"Đường Âu Dương Lân, Phường 3, Quận 8, Hồ Chí Minh",36.0,3.0,3.0,3.0,Sổ hồng,2025-11-27
Nhà Lương Văn Can P15 Q8 giá 2ty680 TL. DT 4x6. 1trệt 1lầu 2PN 2WC sổ hồng riêng. Hẻm 3m. Hoàn công,2.68,"Đường Lương Văn Can, Phường 15, Quận 8, Hồ Chí Minh",24.0,2.0,2.0,2.0,Sổ hồng,2025-11-27
"6Tỷ500 (TL) Nhà hẻm xe tải Âu Dương Lân, Phường 3, Quận 8 | DT: 3.3m (nở hậu 3.94m) x 10.1m",6.5,"Đường Âu Dương Lân, Phường 3, Quận 8, Hồ Chí Minh",36.0,3.0,3.0,5.0,Sổ hồng,2025-11-27
"Cực rẻ! Nhà vườn Phú Định Q8, 4.15x30m, 2 tầng 5PN - sân sau rộng, chỉ hơn 40tr/m2 - Xem ngay",5.6,"Đường Phú Định, Phường 16, Quận 8, Hồ Chí Minh",126.0,5.0,3.0,2.0,Sổ hồng,2025-11-25
"Bán nhà phố Phú Định Quận 8 mới xây, 1 trệt lửng 2 lầu,sổ hồng, cách Võ Văn Kiệt 300m, giá 6.39ty",6.39,"Đường Phú Định, Phường 16, Quận 8, Hồ Chí Minh",50.0,3.0,3.0,3.0,Sổ hồng,2025-11-20
Nhanh mới kịp! Nhà Phú Định Q8 3 tầng - 4PN 3WC - Hẻm thông - 51m2 chỉ 4.4 tỷ - Xem ngay,4.4,"Đường Phú Định, Phường 16, Quận 8, Hồ Chí Minh",51.0,4.0,3.0,3.0,Sổ hồng,2025-11-17
Phạm Thế Hiển quận 8 - hẻm ô tô 6m - DT 90m2 (5x18) vuông vức. 5.8 tỷ,5.8,"Đường Phạm Thế Hiển, Phường 7, Quận 8, Hồ Chí Minh",90.0,2.0,2.0,2.0,Sổ hồng,2025-11-24
"Nhà hẻm 1 sẹc gần đường, 2 tầng kiên cố, DT: 37.8m2, sổ hồng riêng, đường Phạm Thế Hiển",3.65,"Đường Phạm Thế Hiển, Phường 7, Quận 8, Hồ Chí Minh",37.0,2.0,1.0,2.0,Sổ hồng,2025-11-25
"Bán nhà đẹp 3 tầng - KDC Hiện Hữu, DT 4x16m",7.6,"Đường Dương Bá Trạc, Phường 1, Quận 8, Hồ Chí Minh",60.0,3.0,3.0,3.0,Sổ hồng,2025-11-26
48m2 hẻm 3 gác nhà 2 tầng BTCT đường Tạ Quang Bửu phường Chánh Hưng mới chỉ 3.5 tỷ,3.5,"Đường  Tạ Quang Bửu, Phường 4, Quận 8, Hồ Chí Minh",48.0,3.0,2.0,2.0,Sổ hồng,2025-11-27
"Tạ Quang Bửu - P4, Q8, 87m2, 5 x 17m, 6.9tỷ",6.9,"Đường  Tạ Quang Bửu, Phường 4, Quận 8, Hồ Chí Minh",87.0,3.0,3.0,3.0,Sổ hồng,2025-11-27
Nhà hẻm 1 sẹc Hưng Phú P10 Q8 trệt 1 lầu chỉ 5 tỷ 080 triệu TL,5.08,"Đường Hưng Phú, Phường 10, Quận 8, Hồ Chí Minh",36.0,2.0,2.0,2.0,Sổ hồng,2025-11-27
"Bán nhà 4 tầng sau căn mặt tiền Dương Bá Trạc P1. Q8, giá chỉ 6,7 tỷ (TL)",6.7,"Đường Dương Bá Trạc, Phường 1, Quận 8, Hồ Chí Minh",53.0,4.0,4.0,4.0,Sổ hồng,2025-11-27
"NHÀ BÁN P3 Q8 HẺM 154 ÂU DƯƠNG LÂN - 58m2 (4x14.5) - 4 TẦNG BTCT - RA PARCMALL, AEON Q8 CHỈ 1km.",6.8,"Âu Dương Lân, 3, Quận 8, Hồ Chí Minh",58.0,4.0,3.0,4.0,Sổ hồng,2025-11-27
Nhà bán P14 Q8 Bình Đông-3.6x 9.5-4 tầng BTCT- Hẻm trước nhà 4m-Kế bên CC cao cấp D Aqua Bình Đông,5.3,"Đường Bến Bình Đông, Phường 14, Quận 8, Hồ Chí Minh",68.0,4.0,3.0,4.0,Sổ hồng,2025-11-27
"Bán nhà phố sổ hồng riêng, 55m2 xây 1 trệt 1 lừ về, 2 lầu, có sân đậu ô tô, LH0909 948 ***",6.39,"Phú Định Riverside, Bến Phú Định, 16, Quận 8, Hồ Chí Minh",55.0,4.0,3.0,3.0,Sổ hồng,2025-11-27
"Bán nhà hẻm xe hơi Tám Danh, Q.8 - Sổ hồng riêng - 5x tỷ",5.8,"Đường Tám Danh, Phường 4, Quận 8, Hồ Chí Minh",31.0,2.0,2.0,4.0,Sổ hồng,2025-11-23
"Giảm giá 5.9 tỷ Quận 8 giáp Q5 Q6, hẻm ô tô 51m2 ngang 4.5m",5.9,"Đường An Dương Vương, Phường 16, Quận 8, Hồ Chí Minh",51.0,4.0,4.0,4.0,Sổ hồng,2025-11-26
"Nhà P13 Q8 ngang 8,5 x 5,5m, trệt lầu nhà cũ có hiện trạng, SHR hoàn công 4tỷ350 TL",4.35,"Đường Cao Xuân Dục, Phường 13, Quận 8, Hồ Chí Minh",45.0,2.0,2.0,2.0,Sổ hồng,2025-11-22
Nhà Xây Mới hẻm xe tải ADL P3Q8 35m2 trệt 2 lầu đúc SHR 2025 6ty5 còn tl,6.5,"Đường Âu Dương Lân, Phường 3, Quận 8, Hồ Chí Minh",35.0,3.0,3.0,3.0,Sổ hồng,2025-11-27
"Nhà đẹp 2 tầng, chỉ 4.2 tỷ Phú Định, hẻm 80 Hoàng Ngân giáp quận 6",4.2,"Đường Phú Định, Phường 16, Quận 8, Hồ Chí Minh",35.0,2.0,3.0,2.0,Sổ hồng,2025-11-20
"Nhà bán 5 Tầng -3,8 x 14,5-50m2-Dt sàn: 170m-4Pn,4 Wc- Hẻm thẳng 4m Bùi Minh Trực P5Q8,SHH công",7.96,"Đường Bùi Minh Trực, Phường 5, Quận 8, Hồ Chí Minh",50.0,4.0,3.0,5.0,Sổ hồng,2025-11-15
"Nhà bán trệt, lửng-71,5m2(3,56 x 20) NH: 3,72m - 3PN,2WC - Hẻm gần 6m Âu Dương Lân P3Q8 cũ - 6,97tỷ",6.97,"Đường Âu Dương Lân, Phường 3, Quận 8, Hồ Chí Minh",71.0,3.0,2.0,2.0,Sổ hồng,2025-11-14
"Bán nhà Âu Dương Lân quận 8 giáp q5, Q1, hẻm ô tô 4m 50m2, 4 tầng",6.8,"Đường Âu Dương Lân, Phường 3, Quận 8, Hồ Chí Minh",50.0,4.0,4.0,4.0,Sổ hồng,2025-11-25
"Bán nhà lô góc 140m2 SHR, hẻm nhựa 12m đường Tạ Quang Bửu, Q8",11.5,"Đường  Tạ Quang Bửu, Phường 5, Quận 8, Hồ Chí Minh",140.0,6.0,4.0,4.0,Sổ hồng,2025-11-18
"Hàng hiếm hẻm Chánh Hưng| Nhà cấp 4 hẻm xe hơi đậu cửa| 66,8m2 đất| Ngay nhà thờ Nam Hải",7.2,"Đường Chánh Hưng, Phường 4, Quận 8, Hồ Chí Minh",66.0,1.0,1.0,1.0,Sổ hồng,2025-11-26
"Bán nhà (6mx20m) DT 120m2 ngay chợ Bình Điền Quận 8 sổ hồng riêng, đang cho thuê 15tr, giá 1,7 tỷ",1.7,"Đường Quản Trọng Linh, Phường 7, Quận 8, Hồ Chí Minh",120.0,5.0,3.0,3.0,Sổ hồng,2025-11-17
Bán Nhà Quận 8 Dương Bá Trạc 110m2 nhỉnh 15 tỷ thang máy dòng tiền cố định 90tr/ tháng,15.0,"Đường Dương Bá Trạc, Phường 1, Quận 8, Hồ Chí Minh",110.0,16.0,17.0,5.0,Sổ hồng,2025-11-27
"Bán Nhà Quận 8, Âu Dương Lân, HXH ngang lớn 6m 4pn cách mặt tiền 20m nhỉnh 7 tỷ Nhà mới kiên cố",7.0,"Đường Âu Dương Lân, Phường 3, Quận 8, Hồ Chí Minh",48.0,4.0,3.0,4.0,Sổ hồng,2025-11-17
"Bán Nhà Quận 8, Dương Bá Trạc, 71m2 5 tầng 6 phòng ngủ Wc khép kín xe tải chánh , nhỉnh 9 tỷ",9.0,"Đường Dương Bá Trạc, Phường 1, Quận 8, Hồ Chí Minh",71.0,6.0,6.0,5.0,Sổ hồng,2025-11-17
"Bán Nhà Quận 8, Bùi Minh Trực, 105m2 Ngang lớn 5m2 12tỷ dòng tiền gần 50/tháng, sổ đẹp nở hậu nhẹ",12.0,"Đường Bùi Minh Trực, Phường 5, Quận 8, Hồ Chí Minh",105.0,10.0,11.0,5.0,Sổ hồng,2025-11-24
"Bán nhà, Tạ Quang Bửu, Quận 8, mặt tiền đường Số 4 tầng, ngang 4 x20, 80m2, chỉ 9,8tỷ",9.8,"Đường Số 4 Tạ Quang Bửu, Phường 5, Quận 8, Hồ Chí Minh",80.0,3.0,4.0,4.0,Sổ hồng,2025-11-24
"Nhà đẹp 3 tầng, Phạm Thế Hiển, Bùi Minh Trực P5, Q8, 37m2(3.8x10) không LG, 4PN - 3WC, 5.6 Tỷ",5.6,"Đường Phạm Thế Hiển, Phường 5, Quận 8, Hồ Chí Minh",37.0,4.0,3.0,3.0,Sổ hồng,2025-11-25
"Bán nhà Âu Dương Lân, P. 3, Q. 8 - 4 tầng, hẻm 6m ôtô, giáp Q. 1 - Chỉ 8 tỷ",8.0,"Đường Âu Dương Lân, Phường 3, Quận 8, Hồ Chí Minh",54.0,3.0,3.0,4.0,Sổ hồng,2025-11-27
"Lưu Hữu Phước P15. Q8 trệt 1 lầu + lửng, 2 PN, 2 WC. 2 tỷ 550 DT: 3,8mx5,2m sổ hồng riêng",2.55,"Đường Lưu Hữu Phước, Phường 15, Quận 8, Hồ Chí Minh",20.0,2.0,2.0,3.0,Sổ hồng,2025-11-27
"Bán nhà Âu Dương Lân Phường 3, Quận 8 hẻm 4m, xe hơi tới cửa",7.9,"Đường Âu Dương Lân, Phường 3, Quận 8, Hồ Chí Minh",46.0,4.0,3.0,4.0,Sổ hồng,2025-11-19
"Bán NR đẹp tại Phạm Thế Hiển, 5,569 tỷ, 38m2, 4PN, 3WC, Q8, HCM",5.57,"Đường Phạm Thế Hiển, Phường 5, Quận 8, Hồ Chí Minh",38.0,4.0,3.0,3.0,Sổ hồng,2025-11-24
"Nhà bán trệt, lầu-36m2-3,1x13,6-2PN, 2WC - hẻm thông 3m, ô tô đậu 20m Hưng Phú P10 Q8 cũ SHHC",5.05,"Đường Hưng Phú, Phường 10, Quận 8, Hồ Chí Minh",36.0,2.0,2.0,2.0,Sổ hồng,2025-11-23
"Bán nhà Phạm Thế Hiển, P. 4, Q. 8 - sát Parc Mall, 4pn master, nhà mới - chỉ 7.1 tỷ",7.1,"Đường Phạm Thế Hiển, Phường 4, Quận 8, Hồ Chí Minh",58.0,4.0,4.0,4.0,Sổ hồng,2025-11-27
Nhà mới 3 tầng xe hơi ngủ trong nhà - ngay chung cƯ Pegasuite - DTSD 175m2,8.4,"Đường Quốc Lộ 50, Phường 6, Quận 8, Hồ Chí Minh",58.0,4.0,3.0,3.0,Sổ hồng,2025-11-26
"Nhà mới 4 tầng - 6PN - 52,4m2 - cách mặt tiền Võ Văn Kiệt 50m - cạnh chung cư carina - nhỉnh 7tỷ",7.5,"Đường An Dương Vương, Phường 16, Quận 8, Hồ Chí Minh",52.0,6.0,5.0,4.0,Sổ hồng,2025-11-26
"QUẬN 8 - BÁN NHÀ MỚI 3 TẦNG 4 PN KHU VIP PHẠM THẾ HIỂN VÀO Ở NGAY - CHỈ 5,57 TỶ",5.57,"Đường Phạm Thế Hiển, Phường 5, Quận 8, Hồ Chí Minh",36.0,4.0,3.0,2.0,Sổ hồng,2025-11-26
"Bán nhà hẻm xe tải Bình Đông Quận 8 - 84m2, ngang 4.6x20m, sổ hồng riêng, Chỉ 7.2 tỷ",7.2,"Đường Bình Đông, Phường 15, Quận 8, Hồ Chí Minh",84.0,2.0,2.0,1.0,Sổ hồng,2025-11-26
BÁN NHÀ GẦN CAO LỔ PHẠM THẾ HIỂN- QUẬN 8 - NHÀ 4 TẦNG NỞ HẬU - 58M2 - 7.1 TỶ,7.1,"Đường Phạm Thế Hiển, Phường 4, Quận 8, Hồ Chí Minh",58.0,4.0,5.0,4.0,Sổ hồng,2025-11-26
"BÁN GẤP! NHÀ PHỐ 4 TẦNG, 5 PHÒNG NGỦ - TÙNG THIỆN VƯƠNG, QUẬN 8 - GIÁ SỐC 4.78 TỶ (CÒN TL)",4.78,"Đường Tùng Thiện Vương, Phường 12, Quận 8, Hồ Chí Minh",27.0,5.0,4.0,4.0,Sổ hồng,2025-11-26
"Bán nhà riêng tại Phạm Thế Hiển, 7.x tỷ, 85m2, 3PN, 3WC, có chỗ để xe hơi",7.5,"Đường Phạm Thế Hiển, Phường 5, Quận 8, Hồ Chí Minh",85.0,3.0,3.0,3.0,Sổ hồng,2025-11-26
"Bán nhà Phạm Thế Hiển, Quận 8, 86m2, diện tích khủng, giá 8.95 tỷ",8.95,"Đường Phạm Thế Hiển, Phường 3, Quận 8, Hồ Chí Minh",86.0,6.0,5.0,3.0,Sổ hồng,2025-11-26
"Bán nhà hẻm Võ Trứ, Q. 8, P. 9. DT 57m2, 2 tầng, 2PN, sổ đỏ. Giá 6.2 tỷ",6.2,"Đường Võ Trứ, Phường 9, Quận 8, Hồ Chí Minh",57.0,2.0,2.0,2.0,Sổ hồng,2025-11-26
"Bán nhà 3 tầng BTCT Dương Bá Trạc, 60m2, KDC hiện hữu, nhỉnh 7T",7.6,"Đường Dương Bá Trạc, Phường 1, Quận 8, Hồ Chí Minh",60.0,3.0,3.0,3.0,Sổ hồng,2025-11-26
"Bán nhà Âu Dương Lân, Quận 8, 72m2, hẻm xe hơi, giá 6.7 tỷ",6.7,"Đường Âu Dương Lân, Phường 3, Quận 8, Hồ Chí Minh",72.0,4.0,2.0,2.0,Sổ hồng,2025-11-26
Hiếm! Nhà hẻm oto sát MT - Phạm Đức Sơn- khu an ninh- 5 tỷ 35 còn thương lượng- 4PN 3WC- Xem ngay,5.35,"Đường Phạm Đức Sơn, Phường 16, Quận 8, Hồ Chí Minh",38.0,4.0,3.0,3.0,Sổ hồng,2025-11-24
"Nhà đẹp Tám Danh, P4, Q8, DT: 4 x 15,5m, hai lầu, giảm mạnh 500 triệu còn 6 tỷ.",6.0,"Đường Tám Danh, Phường 4, Quận 8, Hồ Chí Minh",62.0,4.0,3.0,3.0,Sổ hồng,2025-11-14
"Bán nhà riêng 4PN, 4WC tại Phú Lợi, 110m2, giá siêu hời 8,6 tỷ",8.6,"Phú Lợi, Đường Phạm Thế Hiển, Phường 7, Quận 8, Hồ Chí Minh",110.0,4.0,4.0,3.0,Sổ hồng,2025-11-26
"Bán nhà Phạm Thế Hiển P6, Quận 8. (3.9m x 17m) 4tầng, SHR, đường nhựa 8m, mới đẹp, nhỉnh 7 tỷ",7.5,"Đường Phạm Thế Hiển, Phường 6, Quận 8, Hồ Chí Minh",62.0,4.0,4.0,4.0,Sổ hồng,2025-11-19
"Bán gấp nhà 3 tầng Mai Hắc Đế, Quận 8, hẻm xe hơi (4,1m x 25m) CN 103.4m2 hiếm 5.3 tỷ",5.3,"Đường  Mai Hắc Đế, Phường 15, Quận 8, Hồ Chí Minh",103.0,4.0,4.0,3.0,Sổ hồng,2025-11-16
"BÁN NHÀ ĐẸP 3 TẦNG DƯƠNG BÁ TRẠC - 60M2 - KHU HIỆN HỮU - HẺM THÔNG SÁT MẶT TIỀN - 7,6 TỶ TL",7.6,"Đường Dương Bá Trạc, Phường 1, Quận 8, Hồ Chí Minh",60.0,3.0,3.0,3.0,Sổ hồng,2025-11-26
"Bán nhà 1 trệt 2 lầu Lưu Hữu Phước, Phường 15 Quận 8  3PN, sổ hồng riêng, giá chỉ 3.5 tỷ",3.5,"Đường Lưu Hữu Phước, Phường 15, Quận 8, Hồ Chí Minh",44.0,3.0,2.0,3.0,Sổ hồng,2025-11-26
"Bán nhà mặt tiền 4 tầng xe hơi Nguyễn Thị Tần, ngang 5m, tặng nội thất hơn 2 tỷ, Quận 8 giáp Quận 5",8.5,"Đường Nguyễn Thị Tần, Phường 2, Quận 8, Hồ Chí Minh",90.0,4.0,5.0,4.0,Sổ hồng,2025-11-16
"GIÁP QUẬN 5, QUẬN 1 - HẺM NHỰA 6M XE TẢI THÔNG - GẦN 40M2 4 TẦNG MỚI XÂY Ở NGAY.",6.6,"Đường Âu Dương Lân, Phường 3, Quận 8, Hồ Chí Minh",36.0,3.0,4.0,4.0,Sổ hồng,2025-11-26
NHÀ BÁN Q8 P3 - MỚI ĐẸP Ở NGAY ĐÓN TẾT - XE HƠI TẬN CỬA - 36m2 - 4 TẦNG BTCT - 3PN 3WC.,6.5,"Đường Âu Dương Lân, Phường 3, Quận 8, Hồ Chí Minh",36.0,3.0,3.0,4.0,Sổ hồng,2025-11-26
"Hình ảnh thực tế, nhà cách Chợ Bến Thành 4km giá 2 tỷ 550 cho thuê tháng 8 triệu. Thương lượng",2.55,"Đường Âu Dương Lân, Phường Rạch Ông, Quận 8, Hồ Chí Minh",24.0,3.0,2.0,2.0,Sổ hồng,2025-11-26
"Nhà ngang 5m38, Bùi Minh Trực, P5, Q8",9.2,"Đường Bùi Minh Trực, Phường 5, Quận 8, Hồ Chí Minh",108.0,5.0,3.0,2.0,Sổ hồng,2025-11-26
"Nhà Phố 3 Lầu Hẽm 6m xe hơi tới nhà An Dương Vương, cách ngả tư V.V.Kiệt 500m",4.2,"Đường An Dương Vương, Phường 16, Quận 8, Hồ Chí Minh",33.0,2.0,3.0,4.0,Sổ hồng,2025-11-19
"NHÀ MỚI, 4 TẦNG, HẺM 4m, SÁT BÊN MẶT TIỀN ÂU DƯƠNG LÂN, ngang đẹp 5.7m",7.5,"Đường Âu Dương Lân, Phường 3, Quận 8, Hồ Chí Minh",46.0,3.0,3.0,4.0,Sổ hồng,2025-11-26
"BÁN NHÀ ĐẸP 4 TẦNG, HẺM Ô TÔ ÂU DƯƠNG LÂN - THÔNG RA DẠ NAM- P3 QUẬN 8",6.5,"Đường Âu Dương Lân, Phường 3, Quận 8, Hồ Chí Minh",36.0,3.0,3.0,4.0,Sổ hồng,2025-11-26
Nhà mới 3 tầng sát mặt tiền đường Dương Bá Trạc - 60m2 - nhỉnh 7tỷ,7.6,"Đường Dương Bá Trạc, Phường 1, Quận 8, Hồ Chí Minh",60.0,4.0,3.0,3.0,Sổ hồng,2025-11-26
"Nhỉnh 4 tỷ, sở hữu nhà Hoài Thanh Q8. 3 tầng SHR, (5mx6m, nở hậu 9m) 5PN, mới đẹp vào ở ngay",4.18,"Đường Hoài Thanh, Phường 14, Quận 8, Hồ Chí Minh",30.0,5.0,3.0,3.0,Sổ hồng,2025-11-26
"Ba Đình 88m2, chỉ 9.2 tỷ, P10, Q8, gần Hưng Phú & Cầu Nguyễn Tri Phương",9.2,"Đường Ba Đình, Phường 10, Quận 8, Hồ Chí Minh",88.0,4.0,3.0,2.0,Sổ hồng,2025-11-26
"Bán nhà đường Nguyễn Duy, Phường 9, Quận 8. 2 tầng, SHR - hoàn công, mới đẹp, nhỉnh 2 tỷ",2.28,"Đường Nguyễn Duy, Phường 9, Quận 8, Hồ Chí Minh",12.0,1.0,2.0,2.0,Sổ hồng,2025-11-26
"Mặt tiền đường số, ô tô ngủ nhà, 4 tầng, 4mx22m, quận 8, nhỉnh 6, x tỷ",6.8,"Đường Phạm Thế Hiển, Phường 7, Quận 8, Hồ Chí Minh",88.0,5.0,6.0,4.0,Sổ hồng,2025-11-26
"Nhà đẹp Phú Định Tùng Thiện Vương Quận 8, 4 tầng, 5 phòng ngủ, 36m2, SHR chỉ hơn 4 tỷ",4.75,"Đường Tùng Thiện Vương, Phường 12, Quận 8, Hồ Chí Minh",36.0,5.0,4.0,4.0,Sổ hồng,2025-11-26
VIEW SÔNG - NHÀ 2 MẶT TIỀN - NGAY CHỢ BÌNH ĐÔNG - NHÀ 4 TẦNG - DT ĐẤT 110M2,9.9,"Đường Hoàng Sĩ Khải, Phường 14, Quận 8, Hồ Chí Minh",110.0,5.0,3.0,4.0,Sổ hồng,2025-11-26
VÀI CĂN NHÀ ĐẸP TRÊN DƯỚI 5 TỶ TRUNG TÂM QUẬN 8 - TPHCM,4.58,"Đường Dương Bá Trạc, Phường 2, Quận 8, Hồ Chí Minh",38.0,2.0,2.0,2.0,Sổ hồng,2025-11-26
"Nhà bán mới đẹp 3 tầng-3,97 x 9,7- 4 PN, 3 WC-Hẻm 3,5m-1225 Phạm Thế Hiển 5Q8 - Giá: 5tỷ570 TL",5.57,"Đường Phạm Thế Hiển, Phường 5, Quận 8, Hồ Chí Minh",36.0,4.0,3.0,3.0,Sổ hồng,2025-11-24
"Nhà đẹp 3 tầng Dương Bá Trạc, P1, 72m2, SHR, hẻm thông gần mặt tiền, nhỉnh 7 tỷ",7.6,"Đường Dương Bá Trạc, Phường 1, Quận 8, Hồ Chí Minh",72.0,3.0,3.0,3.0,Sổ hồng,2025-11-26
Bán nhà đường Quận 8 đường Cao Lỗ 4mx20m giá chỉ 13.5 tỷ,13.5,"Đường Cao Lỗ, Phường 4, Quận 8, Hồ Chí Minh",80.0,5.0,5.0,4.0,Sổ hồng,2025-11-25
"Hh 70tr Chợ Bùi Minh Trực P5Q8, Dt 3x10 2Tầng SHR Giá 4tỷ480 TL.",4.48,"Đường Bùi Minh Trực, Phường 5, Quận 8, Hồ Chí Minh",30.0,2.0,2.0,2.0,Sổ hồng,2025-11-26
"BÁN NHÀ RIÊNG HẺM XE HƠI 159 DẠ NAM ĐỐI DIỆN CÔNG VIÊN, P. CHÁNH HƯNG (P.3, Q.8 CŨ)",6.2,"Hẻm 159 Dạ Nam, Phường 3, Quận 8, Hồ Chí Minh",44.0,3.0,1.0,2.0,Sổ hồng,2025-11-22
"Nhà đẹp, phường 12, quận 10, hẻm XH ra 3/2, Thành Thái, SVH, 3,7m x 17m x 5 tầng",18.2,"436B/123 Đường 3/2, Phường 12, Quận 10, Hồ Chí Minh",65.0,6.0,6.0,5.0,Sổ hồng,2025-11-25
Xe hơi vào nhà - KDC cao tầng - cách mặt tiền 20m - nhà 2 tầng - SHR chính chủ,7.0,"Đường Hoài Thanh, Phường 14, Quận 8, Hồ Chí Minh",83.0,5.0,2.0,2.0,Sổ hồng,2025-11-26
"Cần bán nhà hẻm 284 Lý Thường Kiệt. Đối diện SVĐ Phú Thọ. DT: 4,2 x 14m, 5 tầng. LH: 0901, 383, 038",13.5,"Hẻm 284, Phố Lý Thường Kiệt, Phường 14, Quận 10, Hồ Chí Minh",58.0,7.0,7.0,5.0,Sổ hồng,2025-11-26
"Nhà bán trung tâm quận 10, cách mặt tiền vài căn. Hẻm 7m .Giá 22tỷ thương lượng khách thiện chí .",22.0,"Đường Tô Hiến Thành, Phường 13, Quận 10, Hồ Chí Minh",105.0,5.0,6.0,3.0,Sổ hồng,2025-11-22
"Bán gấp nhà 4 tầng 10 phòng. 4,5x16m. HDT 50tr/tháng. Đường nhựa 8m sát mặt tiền Sư Vạn Hạnh",18.5,"Đường Sư Vạn Hạnh, Phường 12, Quận 10, Hồ Chí Minh",72.0,10.0,10.0,4.0,Sổ hồng,2025-11-22
"Bán Villa Phố 24/1- 3 Hoàng Dư Khương.. .DT: 13,5m x 20m, hầm, 2 lầu, ST. LH: 0901, 383, 038 Trường",64.0,"24/1-3, Đường Hoàng Dư Khương, Phường 2, Quận 10, Hồ Chí Minh",270.0,10.0,6.0,3.0,Sổ hồng,2025-11-21
Bán gấp Thành Thái - P. Diên Hồng - Q10 - hẻm 3m thông - 41m2 - 3 tầng BTCT - 4PN - 3WC giá 6.9 tỷ,6.9,"Đường Thành Thái, Phường 14, Quận 10, Hồ Chí Minh",41.0,4.0,3.0,3.0,Sổ hồng,2025-11-24
"Cần bán nhà hẻm 5,5m 290/131 Lý thái tổ - 3x16m,48m2,1trệt 1lầu,nở hậu,đang thuê 16 tr,giá 5,5 tỷ !",5.5,"Đường Hồ Thị Kỷ, Phường 1, Quận 10, Hồ Chí Minh",48.0,3.0,3.0,2.0,Sổ hồng,2025-11-19
"Hẻm 1 sẹc CMT8 Q.10, DT 63m2 giá 7 tỷ 7",7.7,"Đường Cách Mạng Tháng Tám, Phường 13, Quận 10, Hồ Chí Minh",63.0,2.0,3.0,2.0,Sổ hồng,2025-11-27
"Ngon - 4x12m nở nhẹ 4,3m - hẻm thông - Tô Hiến Thành P15 Q10 - 6,3 tỷ",6.3,"Đường Tô Hiến Thành, Phường 15, Quận 10, Hồ Chí Minh",50.0,2.0,2.0,2.0,Sổ hồng,2025-11-27
Ngộp bank bán gấp nhà 5 tầng đúc Lý Thái Tổ 7PN 7WC đang cho thuê 25tr/ tháng,5.8,"Đường Lý Thái Tổ, Phường 10, Quận 10, Hồ Chí Minh",35.0,7.0,7.0,5.0,Sổ hồng,2025-11-21
Nhà mới ở ngay Bà Hạt 42m2 2 tầng 4 phòng ngủ tặng nội thất chỉ 5.3 tỷ,5.3,"Đường Bà Hạt, Phường 9, Quận 10, Hồ Chí Minh",42.0,4.0,2.0,2.0,Sổ hồng,2025-11-22
"Nhà 3 tầng hẻm 6 m gần mặt tiền Ba Tháng Hai P11 Q10, giá 3.8 tỷ TL",3.8,"Đường 3/2, Phường 11, Quận 10, Hồ Chí Minh",20.0,3.0,3.0,3.0,Sổ hồng,2025-11-21
BÁN NHÀ HÒA HƯNG. QUẬN 10. 50M RA MẶT TIỀN HÒA HƯNG. GIÁ 6.7 TỶ,6.7,"Đường Hòa Hưng, Phường 13, Quận 10, Hồ Chí Minh",39.0,3.0,3.0,3.0,Sổ hồng,2025-11-27
"Bán nhà Quận 10, nhà đẹp Hòa Hưng CMT8 hẻm thông 3m 4 tầng BTCT, giá chỉ 8 tỷ",8.0,"Đường Hòa Hưng, Phường 13, Quận 10, Hồ Chí Minh",41.0,4.0,3.0,4.0,Sổ hồng,2025-11-25
"Hòa Hưng, P.13, Q.10, gần mặt tiền, DT: 3,6 X 9m, 3 tầng, giá 5 tỷ 75.",5.75,"Đường Hòa Hưng, Phường 13, Quận 10, Hồ Chí Minh",36.0,2.0,2.0,3.0,Sổ hồng,2025-11-27
"Bán nhà HXH 8m Sư Vạn Hạnh 4.8x17m, nhà trệt 3 lầu giá 18.6 tỷ TL vị trí đẹp",18.6,"Đường Sư Vạn Hạnh, Phường 12, Quận 10, Hồ Chí Minh",75.0,6.0,7.0,4.0,Sổ hồng,2025-11-26
"Trung tâm Quận 10 Bà Hạt 42m2, 3 tầng mới đẹp tiện ích bủa vây chỉ 5.x tỷ đồng",5.18,"Đường Bà Hạt, Phường 9, Quận 10, Hồ Chí Minh",42.0,5.0,3.0,3.0,Sổ hồng,2025-11-27
Nhà đẹp vị trí vip Thành Thái trung tâm giá tốt nhất Quận 10,6.9,"Đường Thành Thái, Phường 14, Quận 10, Hồ Chí Minh",41.0,4.0,3.0,4.0,Sổ hồng,2025-11-27
"Nhà 3 tầng kiên cố trung tâm Quận 10 cách Ngô Quyền 10 căn giá chỉ 5,8 tỷ",5.8,"Đường 3/2, Phường 8, Quận 10, Hồ Chí Minh",28.0,2.0,3.0,3.0,Sổ hồng,2025-11-26
"Nhà lô góc ngang 5m, 32m2, 2 tầng 2PN. Đang cho thuê. Pháp lý chuẩn",6.5,"Đường Bà Hạt, Phường 9, Quận 10, Hồ Chí Minh",32.0,2.0,2.0,2.0,Sổ hồng,2025-11-27
"Bán nhà Lý Thái Tổ, P. 9, Q. 10 - 5 tầng, sát MT - 8.9 tỷ",8.9,"Đường Lý Thái Tổ, Phường 9, Quận 10, Hồ Chí Minh",32.0,4.0,4.0,5.0,Sổ hồng,2025-11-24
Siêu Phẩm Nhà Mới Đón Tết Sát Mặt Tiền Q10 DT 4 x 13 ( cn 54m ) 4 Tầng giá nhỉnh 10 tỷ còn bớt,10.9,"Đường Nguyễn Duy Dương, Phường 3, Quận 10, Hồ Chí Minh",54.0,4.0,5.0,4.0,Sổ hồng,2025-11-25
"Bán nhà Nguyễn Tri Phương, Quận 10 - 3 tầng full nội thất - giá 5,1 tỷ",5.1,"Đường Nguyễn Tri Phương, Phường 4, Quận 10, Hồ Chí Minh",18.0,2.0,3.0,3.0,Sổ hồng,2025-11-26
"Bán nhà HXH Hoà Hảo, Quận 10, 41m2 x 5 tầng, 6PN chỉ 8,6 tỷ",8.6,"Đường Hòa Hảo, Phường 4, Quận 10, Hồ Chí Minh",41.0,6.0,6.0,5.0,Sổ hồng,2025-11-27
"Hẻm thoáng sát mặt tiền Hòa Hưng - nhà 4 tầng BTCT HC đủ. 7,45 tỷ",7.45,"Đường Hòa Hưng, Phường 13, Quận 10, Hồ Chí Minh",32.0,4.0,3.0,4.0,Sổ hồng,2025-11-26
"Bán nhà 5 tầng mới, ngang 12.1m, hẻm xe hơi, gần mặt tiền Ngô Gia Tự, Quận 10",13.0,"Đường Nguyễn Duy Dương, Phường 2, Quận 10, Hồ Chí Minh",55.0,5.0,5.0,4.0,Sổ hồng,2025-11-27
Giảm giá 17 tỷ còn 15tỷ8 nhà hẻm xe tải Thành Thái P14 Q10 4x20 nở hậu gần 7m 15tỷ8,15.8,"Đường Thành Thái, Phường 14, Quận 10, Hồ Chí Minh",91.0,2.0,2.0,2.0,Sổ hồng,2025-11-27
"Chủ bán 740/9C Sư Vạn Hạnh. DT: 4 x 19m, 4 tầng, 7PN, 8WC. Nhà hẻm 7m thông. LH:0901 383 ***",18.0,"740/9C, Đường Sư Vạn Hạnh, Phường 12, Quận 10, Hồ Chí Minh",76.0,7.0,8.0,4.0,Sổ hồng,2025-11-25
"Nhà mới, 1/ sẹc, sổ đẹp - Ngô Quyền - 15m2, 4 tầng - 3.68 tỷ",3.68,"Đường Ngô Quyền, Phường 5, Quận 10, Hồ Chí Minh",15.0,2.0,3.0,4.0,Sổ hồng,2025-11-27
"Nguyễn Tri Phương, Quận 10 - DT 52m2 (4m x 13m) - 3 tầng - 6.8 tỷ",6.8,"Đường Nguyễn Tri Phương, Phường 4, Quận 10, Hồ Chí Minh",52.0,4.0,4.0,3.0,Sổ hồng,2025-11-27
Căn góc 2 MT hẻm vip 10m Sư Vạn Hạnh - Giá: 24.5 tỷ. DT: 9x11m. HĐT: 60 triệu/tháng,24.5,"Đường Sư Vạn Hạnh, Phường 12, Quận 10, Hồ Chí Minh",74.0,12.0,12.0,4.0,Sổ hồng,2025-11-19
"Rẻ hơn chung cư Hà Đô - 3/2, Q10 - nhà phố 5 tầng chỉ có 8 tỷ - 40m2 đất, tổng DTSD 140m2",8.0,"Đường 3/2, Phường 12, Quận 10, Hồ Chí Minh",35.0,3.0,4.0,5.0,Sổ hồng,2025-11-23
[BÁN NHÀ + QUẬN 10] VỊ TRÍ VÀNG HIẾM CÓ GIỮA TRUNG TÂM  Đường 3 Tháng 2  diện tích 39m²,7.99,"Đường 3/2, Phường 12, Quận 10, Hồ Chí Minh",40.0,3.0,4.0,5.0,Sổ hồng,2025-11-22
"Quận 10, hẻm ô tô 6m thông, 74m2 ngang 6.2m, 5 tầng cách MT 30m",18.95,"Đường Nguyễn Tiểu La, Phường 8, Quận 10, Hồ Chí Minh",74.0,7.0,7.0,5.0,Sổ hồng,2025-11-27
"Nhà nhỏ nở hậu, sổ đẹp, Ko LG QH - Hồ Thị Kỷ - 3.2x6 (18m2) - 3 tỷ",3.0,"Đường Hồ Thị Kỷ, Phường 1, Quận 10, Hồ Chí Minh",18.0,1.0,1.0,2.0,Sổ hồng,2025-11-27
"Bán nhà! HXH Thành Thái, P14, Q10 - dòng tiền cao 70tr/ tháng - giá 17,5 tỷ",17.5,"Đường Thành Thái, Phường 14, Quận 10, Hồ Chí Minh",97.0,11.0,11.0,5.0,Sổ hồng,2025-11-19
"Bán nhà HXH 6m Lý Thường Kiệt, Q10. 5x17m. Sát mặt tiền đường, gần Xi Grand Court - 15,5 tỷ TL",15.5,"Đường  Lý Thường Kiệt, Phường 14, Quận 10, Hồ Chí Minh",88.0,5.0,6.0,2.0,Sổ hồng,2025-11-21
"Bán nhà Ô tô 7 chỗ để trong nhà khu Cư Xá Bắc Hải, Quận 10 - 4 tầng 66m2 (4.1 x 16) sổ vuông",14.5,"Đường Đồng Nai, Phường 15, Quận 10, Hồ Chí Minh",66.0,6.0,6.0,4.0,Sổ hồng,2025-11-24
"Nhà Bán Hẽm Trước Nhà 6m đường Nguyễn Tri Phương, 4 Tầng đẹp",7.3,"Đường Nguyễn Tri Phương, Phường 4, Quận 10, Hồ Chí Minh",30.0,4.0,3.0,4.0,Sổ hồng,2025-11-24
"Bán nhà Cao Thắng, Quận 10 - hẻm xe hơi 6m2 - 6 PN - ngang 5,2m - 59.6m2 - chỉ 12,5 tỷ",12.5,"Đường Cao Thắng, Phường 12, Quận 10, Hồ Chí Minh",59.0,6.0,7.0,4.0,Sổ hồng,2025-11-14
"BÁN NHÀ ĐƯỜNG ĐIỆN BIÊN PHỦ QUẬN 10-HẺM XE HƠI-NGANG 4m, DÀI 18m- 5TẦNG BTCT MỚI ĐẸP-GIÁ CHỈ 11 tỷ.",11.0,"Đường Điện Biên Phủ, Phường 10, Quận 10, Hồ Chí Minh",68.0,5.0,4.0,5.0,Sổ hồng,2025-11-26
BÁN NHANH CHDV HẺM XE TẢI NGUYỄN TIỂU LA - Q.10 - 57M - 5 TẦNG - THU 300TR/NĂM. CHỈ 8.X TỶ. TL.,8.9,"Đường Nguyễn Tiểu La, Phường 5, Quận 10, Hồ Chí Minh",57.0,12.0,13.0,5.0,Sổ hồng,2025-11-27
Bán nhanh nhà Nguyễn Tri Phương - Q10 - hẻm 4m thông - 5 tầng - chỉ 7.2 tỷ,7.2,"Đường Nguyễn Tri Phương, Phường 4, Quận 10, Hồ Chí Minh",28.0,4.0,4.0,5.0,Sổ hồng,2025-11-27
"Thành Thái, Quận 10 - DT 41m2 x 3 tầng 4PN, hẻm trước nhà hơn 3m",6.9,"Đường Thành Thái, Phường 14, Quận 10, Hồ Chí Minh",41.0,4.0,4.0,3.0,Sổ hồng,2025-11-26
"Bán nhà đẹp 4 tầng BTCT Nguyễn Duy Dương, Quận 10, tặng full nội thất xịn sò, giá 10.9 tỷ TL",10.9,"Đường Nguyễn Duy Dương, Phường 3, Quận 10, Hồ Chí Minh",55.0,4.0,4.0,4.0,Sổ hồng,2025-11-26
"Gấp bán nhà Ngô Gia Tự, 34m2, 3 căn ra mặt tiền, hẻm văn hoá 3m thông, không quy hoạch, chỉ 5.499tỷ",5.5,"Đường Ngô Gia Tự, Phường 4, Quận 10, Hồ Chí Minh",34.0,2.0,2.0,2.0,Sổ hồng,2025-11-25
Bán nhà đẹp ở ngay hẻm 3m sát mặt tiền Sư Vạn Hanh 3 phòng ngủ chỉ 4.85 tỷ,4.85,"Đường Sư Vạn Hạnh, Phường 10, Quận 10, Hồ Chí Minh",30.0,3.0,2.0,3.0,Sổ hồng,2025-11-21
Ngộp bank bán gấp nhà đẹp Nguyễn Tiểu La 5 tầng đúc hẻm 3m chỉ 5.8 tỷ,5.8,"Đường Nguyễn Tiểu La, Phường 5, Quận 10, Hồ Chí Minh",30.0,3.0,4.0,4.0,Sổ hồng,2025-11-24
BÁN NHÀ ĐẸP Ở NGAY LÝ THÁI TỔ -4 TẦNG ĐÚC TIỆN Ở VÀ KINH DOANH -DÒNG TIỀN 16TR/ THÁNG CHỈ HƠN 5 TỶ,5.3,"Đường Lý Thái Tổ, Phường 5, Quận 10, Hồ Chí Minh",24.0,2.0,3.0,4.0,Sổ hồng,2025-11-26
Bán nhà đẹp Nguyễn Tri Phương 3 tầng full nội thất cao cấp 3 phòng ngủ chỉ 5 tỷ,5.0,"Đường Nguyễn Tri Phương, Phường 9, Quận 10, Hồ Chí Minh",30.0,3.0,3.0,3.0,Sổ hồng,2025-11-21
"Bán nhà đường 252 Cao Thắng khu Thẩm Mỹ Viện, DT: 3.5 x 15. 5 Tầng. Hướng: Bắc. Giá: 14.2 Tỷ Có Bớt",14.2,"252 Đường Cao Thắng, Phường 12, Quận 10, Hồ Chí Minh",50.0,6.0,6.0,5.0,Sổ hồng,2025-11-26
Bán nhà Quận 10 - 2 mặt thoáng - gần mặt tiền - diện tích lớn - chỉ 6 tỷ nhỉnh,6.5,"Đường Lê Hồng Phong, Phường 3, Quận 10, Hồ Chí Minh",44.0,3.0,4.0,4.0,Sổ hồng,2025-11-26
"BÁN NHÀ ĐIỆN BIÊN PHỦ, 60M2, CÓ DÒNG TIỀN SẴN, HẺM 3M, SỔ VUÔNG A4, GẦN TRƯỜNG, CHỢ, CHỈ 6.X TỶ",6.7,"Đường Điện Biên Phủ, Phường 11, Quận 10, Hồ Chí Minh",60.0,3.0,2.0,2.0,Sổ hồng,2025-11-19
"Chủ kẹt tiền bán nhà Thành Thái, 62m2, nở hậu 8m, sát mặt tiền, 3 tầng, gần trường học, siêu thị",6.35,"Đường Thành Thái, Phường 12, Quận 10, Hồ Chí Minh",62.0,3.0,3.0,3.0,Sổ hồng,2025-11-24
"Bán nhà Ngô Gia Tự, Quận 10, 110m2 DTSD, hẻm 4m, 2 tầng, chủ ở lâu đời, 4PN cho thuê, chỉ 7.x tỷ",7.19,"Đường Ngô Gia Tự, Phường 9, Quận 10, Hồ Chí Minh",56.0,4.0,2.0,2.0,Sổ hồng,2025-11-26
"Nhà hẻm 5m, sổ đẹp - Nguyễn Tiểu La - 28/30m2, 5 tầng - nhích 7 tỷ",7.5,"Đường Nguyễn Tiểu La, Phường 8, Quận 10, Hồ Chí Minh",28.0,4.0,5.0,5.0,Sổ hồng,2025-11-26
"Nhà 613/ Ba Tháng Hai Q10, trệt 2 lầu thật, 3m x 10m, giá chỉ 5.7 tỷ TL",5.7,"613/ Đường 3/2, Phường 8, Quận 10, Hồ Chí Minh",27.0,3.0,3.0,3.0,Sổ hồng,2025-11-23
"NHÀ LÔ GÓC, KO LG QH - HOÀ HƯNG - 4X8(36.1M2), 3TẦNG - 5.8TỶ",5.8,"Đường Hòa Hưng, Phường 13, Quận 10, Hồ Chí Minh",36.0,2.0,2.0,3.0,Sổ hồng,2025-11-26
4 TẦNG 64M2 HẺM 10M KINH DOANH CƯ XÁ BẮC HẢI NHỈNH 18 TỶ,18.0,"Đường Trường Sơn, Phường 15, Quận 10, Hồ Chí Minh",60.0,4.0,4.0,4.0,Sổ hồng,2025-11-26
"Bán nhà Nguyễn Lâm, Q.10, gần Q1, tiện kinh doanh, 9.x tỷ",9.5,"Đường Nguyễn Lâm, Phường 6, Quận 10, Hồ Chí Minh",75.0,3.0,2.0,3.0,Sổ hồng,2025-11-26
"Bán nhà khu siêu sang Sư Vạn Hạnh. DT: 7,15x14,96m, giá: 24,8 tỷ",24.8,"Đường Sư Vạn Hạnh, Phường 12, Quận 10, Hồ Chí Minh",107.0,5.0,5.0,3.0,Sổ đỏ,2025-11-20
"Bán nhà hẻm xe hơi đường Sư Vạn Hạnh, P12, Q. 10, nhà 2 lầu (DT: 4,2x17m) HĐT 45tr, giá 16 tỷ",16.0,"Đường Sư Vạn Hạnh, Phường 12, Quận 10, Hồ Chí Minh",72.0,10.0,10.0,3.0,Sổ hồng,2025-11-14
"Siêu phẩm!! Cần bán gấp căn Vĩnh Viễn, p 8, Q10, HCM giá cực tốt 3tỷ150",3.15,"Đường Vĩnh Viễn, Phường 8, Quận 10, Hồ Chí Minh",52.0,3.0,4.0,2.0,Sổ hồng,2025-11-19
"Nhà hẻm xe hơi 449 Sư Vạn Hạnh 7.5x16m, 3 lầu HĐ thuê 65tr/th giá 24.8 tỷ TL",24.8,"449, Đường Sư Vạn Hạnh, Phường 12, Quận 10, Hồ Chí Minh",109.0,5.0,6.0,4.0,Sổ hồng,2025-11-17
"Nhà đẹp 282A/ Nguyễn Tri Phương Q10, 3 tầng, hẻm 4m, giá 4.98 tỷ",4.98,"282a/41, Đường Nguyễn Tri Phương, Phường 4, Quận 10, Hồ Chí Minh",20.0,2.0,3.0,3.0,Sổ hồng,2025-11-23
"SÁT MẶT TIỀN + 2 XE HƠI TRÁNH NHAU Đ.Điện Biên Phủ, Q10 - DT: 4 x 20m - XD Hầm 5 tầng - chỉ 16,5 tỷ",16.5,"Đường Điện Biên Phủ, Phường 11, Quận 10, Hồ Chí Minh",80.0,2.0,2.0,2.0,Sổ hồng,2025-11-26
Khuôn đất xây CHDV đường Cách Mạng Tháng Tám - Quận 10 - DT 9 x25m - CTXD hầm 6 tầng - giá 21 tỷ,21.0,"Đường Cách Mạng Tháng Tám, Phường 15, Quận 10, Hồ Chí Minh",200.0,1.0,1.0,1.0,Sổ hồng,2025-11-26
"BÁN NHÀ THÀNH THÁI, 41M2, 3 TẦNG, HẺM 3M, 4PN, KHU DÂN TRÍ CAO, SỔ A4, KHÔNG QUY HOẠCH, 6.X TỶ",6.9,"Đường Thành Thái, Phường 14, Quận 10, Hồ Chí Minh",41.0,4.0,3.0,3.0,Sổ hồng,2025-11-26
"Bán nhà Tô Hiến Thành, Quận 10, diện tích 6 x 14m, ngang khủng 6m, giá 11 tỷ",11.0,"Đường Tô Hiến Thành, Phường 13, Quận 10, Hồ Chí Minh",77.0,5.0,5.0,4.0,Sổ hồng,2025-11-22
"Giá cực sốc Lý Thái Tổ, P. 10, Quận 10, hẻm xe hơi 64m2/3 tỷ 750 đang cho thuê 24 triệu/tháng SHR",3.75,"Hẻm 384, Đường Lý Thái Tổ, Phường 10, Quận 10, Hồ Chí Minh",64.0,5.0,5.0,4.0,Sổ hồng,2025-11-24
"SIÊU HIẾM 292/ BÀ HẠT Q10, NHÀ 3 TẦNG, 2PN, HẺM 3M, GIÁ CHỈ 2.6 TỶ",2.6,"292/2/2, Đường Bà Hạt, Phường 9, Quận 10, Hồ Chí Minh",15.0,2.0,3.0,3.0,Sổ hồng,2025-11-26
"SIÊU HIẾM 128A/ NGUYỄN CHÍ THANH Q10, NHÀ 3 TẦNG, GIÁ CHỈ 3.2 T",3.2,"128A/ Đường Nguyễn Chí Thanh, Phường 3, Quận 10, Hồ Chí Minh",18.0,2.0,3.0,3.0,Sổ hồng,2025-11-26
Lý Thái Tổ P9 Q10 3 tầng 4PN 3WC chỉ 5tỷ880,5.88,"Đường Lý Thái Tổ, Phường 9, Quận 10, Hồ Chí Minh",26.0,4.0,3.0,3.0,Giấy tờ không xác định,2025-11-19
"Bán nhà hẻm 3m Đường Nguyễn Tri Phương P4 Q10 3,6x6m 1 trệt 2 lầu 2PN 3WC giá 5,1 tỷ (TL)",5.1,"Đường Nguyễn Tri Phương, Phường 4, Quận 10, Hồ Chí Minh",19.0,2.0,3.0,3.0,Sổ hồng,2025-11-26
"SIÊU HIẾM 227/ LÝ THÁI TỔ Q10, TRỆT 2 LẦU ST, 26M, CHỈ 5.8 TỶ TL",5.8,"227/ Đường Lý Thái Tổ, Phường 9, Quận 10, Hồ Chí Minh",26.0,4.0,3.0,3.0,Sổ hồng,2025-11-26
"Nhà 3 tầng Cách Mạng Tháng 8, P13, Q10",8.5,"Đường Cách Mạng Tháng Tám, Phường 13, Quận 10, Hồ Chí Minh",52.0,4.0,3.0,3.0,Sổ hồng,2025-11-22
"Cần tiền bán gấp nhà Nguyễn Tiểu La-P8-Q10 gần mầm non phường 8. Giá 3tỷ2/67,5m2 đang cho thuê 23tr",3.2,"Đường Nguyễn Tiểu La, Phường 8, Quận 10, Hồ Chí Minh",67.0,3.0,3.0,2.0,Sổ hồng,2025-11-26
"Bán nhà quận 10, giáp Nguyễn Tri Phương, 49m2, chỉ 7 tỷ x",7.5,"Đường Nguyễn Tri Phương, Phường 5, Quận 10, Hồ Chí Minh",49.0,3.0,2.0,3.0,Sổ hồng,2025-11-26
"Bán nhà 4 tầng, hẻm xe hơi thông,Lê Hồng Phong,p1,Q10.Diện tích 40 m2,giá nhỉnh 9 tỷ",9.8,"Đường Lê Hồng Phong, Phường 1, Quận 10, Hồ Chí Minh",40.0,4.0,4.0,4.0,Sổ hồng,2025-11-26
"Bán nhà gần tòa nhà Viettel CMT8, 46.4m2 (3.1x13m) 2 tầng 2PN - chỉ 4.2 tỷ",4.2,"Đường Cách Mạng Tháng Tám, Phường 12, Quận 10, Hồ Chí Minh",46.0,2.0,1.0,2.0,Sổ hồng,2025-11-26
"CHÍNH CHỦ BÁN NHÀ 3 TẦNG  1 SẸC ĐƯỜNG NGUYỄN CHÍ THANH, QUẬN 10. GIÁ 6,8 TỶ TL",6.8,"Đường Nguyễn Chí Thanh, Phường 2, Quận 10, Hồ Chí Minh",36.0,3.0,3.0,3.0,Sổ hồng,2025-11-18
"Nhà giá siêu ngộp ngay Cách Mạng Tháng 8 Quận 10, 4PN 5WC full nội thất, SHR giá 4 tỷ 100 TL",4.1,"Đường Cách Mạng Tháng Tám, Phường 15, Quận 10, Hồ Chí Minh",58.0,4.0,5.0,3.0,Sổ hồng,2025-11-26
"Đi Mỹ gia đình bán lại căn nhà CMT8 quận 10 giá 12tỷ380. Dt:4,5x21m thổ cư full. Tặng full nội thất",12.38,"Đường Cách Mạng Tháng Tám, Phường 13, Quận 10, Hồ Chí Minh",95.0,4.0,5.0,2.0,Sổ hồng,2025-11-20
"CHỦ GIẢM SÂU 500tr, CHỈ CÒN 6 TỶ (TL), nhà đẹp 52.5m2, 2 tầng, HXH 7C, Lạc Long Quân",6.0,"7C Đường Lạc Long Quân, Phường 3, Quận 11, Hồ Chí Minh",52.0,2.0,2.0,2.0,Sổ hồng,2025-11-21
"Bán nhà 6 tầng thang máy Quận 11, hẻm 8m ô tô, nội thất siêu đẹp, 4x11m, vuông A4.Chỉ 9.99 tỷ",10.0,"Đường Lạc Long Quân, Phường 3, Quận 11, Hồ Chí Minh",44.0,4.0,4.0,6.0,Sổ hồng,2025-11-21
"12,8 tỷ - Đường 10m, nhà mới đẹp ngay 3/2 gần Minh Phụng (3,6X18 nở hậu 4,7 - 5 tầng)",12.8,"Đường 3/2, Phường 16, Quận 11, Hồ Chí Minh",66.0,4.0,6.0,5.0,Sổ hồng,2025-11-12
"Hạ giá bán rẻ nhất khu vực không có căn thứ 2, nhà hẻm 254, Thái Phiên, P8, Q11, TP. Hồ Chí Minh",12.5,"Hẻm 254, Đường Thái Phiên, Phường 8, Quận 11, Hồ Chí Minh",65.0,10.0,6.0,5.0,Sổ hồng,2025-11-25
"GẤP LẮM RỒI! GIẢM 300tr, CHỈ 6.2 TỶ (TL MẠNH), NHÀ ĐẸP 53M2, 2 TẦNG, HXH 7C, Lạc Long Quân-Quận 11.",6.2,"Đường Lạc Long Quân, Phường 3, Quận 11, Hồ Chí Minh",53.0,2.0,2.0,2.0,Sổ đỏ,2025-11-14
CHÍNH CHỦ CẦN TIỀN BÁN GẤP NHÀ HẺM OTO ĐƯỜNG 100 BÌNH THỚI DIỆN TÍCH 81M2 CHỈ 8.9 TỶ TL MẠNH,8.9,"Đường 100 Bình Thới, Phường 14, Quận 11, Hồ Chí Minh",81.0,2.0,1.0,1.0,Sổ hồng,2025-11-24
NHÀ SIÊU ĐẸP LÊ ĐẠI HÀNH XE HƠI TỚI NHÀ 5 TẦNG ĐÚC NỞ HẬU L NỘI THẤT CAO CẤP 6.9 TỶ,6.9,"Đường Lê Đại Hành, Phường 4, Quận 11, Hồ Chí Minh",30.0,4.0,3.0,5.0,Sổ hồng,2025-11-21
"Bán nhà Quận 11, lô góc hiếm sát mặt tiền giảm ngay 500 triệu xe hơi tới tận cửa",5.99,"Đường Lạc Long Quân, Phường 3, Quận 11, Hồ Chí Minh",36.0,2.0,2.0,2.0,Sổ hồng,2025-11-25
"Bán nhà hẻm 22 Lữ Gia đường thông 8m. .DT: 4 x 15m, 3 lầu. LH: 0901, 383, 038 Trường( khu Vip. Q11)",13.0,"Đường Lữ Gia, Phường 15, Quận 11, Hồ Chí Minh",60.0,4.0,4.0,3.0,Sổ hồng,2025-11-25
"Hẻm nhựa 8m, 2 ô tô tránh, đường 3/2 giáp Quận 10, DT 66m2, cách mặt tiền 5m",12.8,"Đường 3/2, Phường 16, Quận 11, Hồ Chí Minh",66.0,6.0,6.0,5.0,Sổ hồng,2025-11-15
"NHÀ 2 MẶT TIỀN TRỊNH ĐÌNH TRỌNG, P5, QUẬN 11",6.5,"Đường Trịnh Đình Trọng, Phường 5, Quận 11, Hồ Chí Minh",56.0,3.0,2.0,1.0,Sổ hồng,2025-11-20
"Nhà bán hẻm xe tải Lạc Long Quân, P5. Diện tích: 4 x 16,5m",9.68,"Đường Lạc Long Quân, Phường 5, Quận 11, Hồ Chí Minh",62.0,4.0,4.0,4.0,Sổ hồng,2025-11-24
"Nhà bán hẽm 8m đường 3/2, P16. Dt : 3,5 x 20m. 5 tầng",12.3,"Đường 3/2, Phường 16, Quận 11, Hồ Chí Minh",70.0,6.0,6.0,5.0,Sổ hồng,2025-11-15
"Nhà bán hẻm Nguyễn Chí Thanh, Phường 16, Q11. Nhà 4 tầng kiên cố",7.3,"Đường Nguyễn Chí Thanh, Phường 16, Quận 11, Hồ Chí Minh",52.0,4.0,4.0,4.0,Sổ hồng,2025-11-24
Nhà bán Hẽm 4m XH Trần Quý. 5 Tầng đẹp,6.68,"Đường Trần Quý, Phường 4, Quận 11, Hồ Chí Minh",30.0,3.0,3.0,5.0,Sổ hồng,2025-11-15
"Nhà bán hẽm 8m đường Lạc Long Quân, P5. Dt : 3,6 x 16m",8.5,"Đường Lạc Long Quân, Phường 5, Quận 11, Hồ Chí Minh",58.0,6.0,6.0,4.0,Sổ hồng,2025-11-15
Nhà bán hẻm Bình Thới - Ngay vòng xoay Lê Đại Hành. 4 tầng,7.69,"Đường Bình Thới, Phường 14, Quận 11, Hồ Chí Minh",52.0,4.0,4.0,4.0,Sổ hồng,2025-11-24
"NHÀ MỚI 2 TẦNG ĐƯỜNG LÊ ĐẠI HÀNH, QUẬN 11",2.75,"Đường Lê Đại Hành, Phường 11, Quận 11, Hồ Chí Minh",21.0,2.0,2.0,2.0,Sổ hồng,2025-11-27
"Bán nhà Xóm Đất 3 tầng ( 4,2 x 12 ) hẻm xe hơi sát mặt tiền 3 tháng 2, giá 8,4 tỷ.",8.4,"Đường Xóm Đất, Phường 8, Quận 11, Hồ Chí Minh",46.0,4.0,3.0,3.0,Sổ hồng,2025-11-26
"BÁN NHÀ QUẬN 11, 2 TẦNG, GẦN 3/2, 29m2, SÁT HẺM ÔTÔ, HƠN 4 TỶ",4.8,"Đường Tân Khai, Phường 4, Quận 11, Hồ Chí Minh",29.0,1.0,1.0,2.0,Sổ hồng,2025-11-26
"Bán nhà HXT Trần Quý - Tạ Uyên. Nhà 4 tầng, 2MT trước sau, hướng Bắc. Giá: 7.2 tỷ TL",7.2,"Đường Trần Quý, Phường 4, Quận 11, Hồ Chí Minh",40.0,4.0,4.0,4.0,Sổ hồng,2025-11-26
Nhà bán Hoà Bình - Luỹ Bán Bích 55m2 2.5 tấm đúc BTCT góc 2MT hẻm xe tải quận Tân Phú giáp Quận 11,5.0,"Đường Hòa Bình, Phường 5, Quận 11, Hồ Chí Minh",55.0,3.0,3.0,3.0,Sổ hồng,2025-11-26
"Bán nhà riêng tại Đường Hòa Bình, Phường 5, Quận 11, Hồ Chí Minh, 5,3 tỷ, 72 m2",5.3,"Đường Hòa Bình, Phường 5, Quận 11, Hồ Chí Minh",72.0,3.0,2.0,2.0,Sổ hồng,2025-11-26
"Nhà 3,2 tỷ ngay Đầm Sen 2PN 3WC công năng 72m2 sử dụng đủ đẹp ở liền SHCC đường Hòa Bình, Quận 11",3.2,"1/, Đường Hòa Bình, Phường 5, Quận 11, Hồ Chí Minh",25.0,3.0,3.0,3.0,Sổ hồng,2025-11-26
Bán nhà Nguyễn Chí Thanh P4 Quận 11 cực hiếm 48m2 vuông vức sát Quận 5 Quận 6,5.8,"Đường Nguyễn Chí Thanh, Phường 4, Quận 11, Hồ Chí Minh",48.0,4.0,2.0,2.0,Sổ hồng,2025-11-26
"Bán nhà 4.5x13.5 hẻm 4m 5tấm ngay đường Lê Đại Hành Quận 11 thông đường 3/2 gần Quận 10, Quận 1.3.5",6.6,"Đường Công Chúa Ngọc Hân, Phường 13, Quận 11, Hồ Chí Minh",60.0,4.0,4.0,5.0,Sổ hồng,2025-11-26
"Nhà Góc 2 mặt tiền HXH đường Ông Ích Khiêm (8*19m, 2 tầng), Quận 11, chỉ: 15 tỷ TL.",15.0,"Đường Ông Ích Khiêm, Phường 5, Quận 11, Hồ Chí Minh",150.0,4.0,4.0,2.0,Sổ hồng,2025-11-22
"Bán nhà hẻm đường Thái Phiên P. 2 Q. 11, 65m2 giá chỉ 6.5 tỷ TL nhẹ",6.5,"Đường Thái Phiên, Phường 2, Quận 11, Hồ Chí Minh",65.0,2.0,2.0,2.0,Sổ hồng,2025-11-13
"Bán nhà MT hẻm xe tăng Âu Cơ quận 11, 3 tầng, ngang 4,6m2, khu buôn bán sầm uất giá chỉ nhỉnh 6 tỷ",6.9,"Đường Âu Cơ, Phường 14, Quận 11, Hồ Chí Minh",30.0,2.0,2.0,3.0,Sổ hồng,2025-11-26
"Nhà gần chợ Thiếc đang cho thuê 22tr/th đường Tân Phước-Quận 11 diện tích lớn 85,6m2 giá chỉ 3tỷ65",3.65,"Đường Tân Phước, Phường 7, Quận 11, Hồ Chí Minh",85.0,4.0,5.0,4.0,Sổ hồng,2025-11-26
"Bán nhà + Quận 11 - Hàn Hải Nguyên gần trường Lê Anh Xuân 2 mặt hẻm ô tô chỉ 5,6 tỷ",5.6,"Đường Hàn Hải Nguyên, Phường 1, Quận 11, Hồ Chí Minh",49.0,3.0,2.0,1.0,Sổ hồng,2025-11-24
"Nhà mặt tiền kinh doanh gần đường 3/2, Lê Đại Hành quận 11. 90m2 chỉ nhỉnh 200tr /m2",19.5,"Đường 3/2, Phường 4, Quận 11, Hồ Chí Minh",90.0,4.0,4.0,4.0,Sổ hồng,2025-11-04
"ĐƯỜNG 10m CÓ LỀ ""LẠC LONG QUÂN"" 5 TẦNG ĐẸP Ở NGAY- 56m2 CHỈ HƠN 9 TỶ",9.6,"Đường Lạc Long Quân, Phường 5, Quận 11, Hồ Chí Minh",56.0,7.0,7.0,5.0,Sổ hồng,2025-11-26
"Q11 hẻm Trần Quý- 3 lầu, sân thượng-5,2 tỷ",5.2,"Đường Trần Quý, Phường 6, Quận 11, Hồ Chí Minh",25.0,4.0,2.0,3.0,Sổ hồng,2025-11-26
"Nhà ngay HXH Hàn Hải Nguyên chỉ nhỉnh 4tỷ, 1 căn duy nhất Q11, DT 40m2 3 Tầng, có sổ, không QH",4.6,"Đường Hàn Hải Nguyên, Phường 1, Quận 11, Hồ Chí Minh",40.0,3.0,3.0,3.0,Sổ hồng,2025-11-17
ÂU CƠ RA VÒNG XOAY LÊ ĐẠI HÀNH 48M2 NHÀ 5 TẦNG - CHỈ 10 TỶ,10.0,"Đường Âu Cơ, Phường 14, Quận 11, Hồ Chí Minh",48.0,5.0,4.0,5.0,Sổ hồng,2025-11-26
BÁN GẤP NHÀ HXH. NGAY VÒNG XOAY LÊ ĐẠI HÀNH. P14. Q11. GIÁ 10 TỶ.,10.0,"Đường Âu Cơ, Phường 14, Quận 11, Hồ Chí Minh",66.0,5.0,4.0,5.0,Sổ hồng,2025-11-26
Hẻm 10m! Sát Đầm Sen! Nhà cấp 4 đường Hòa Bình P5. DT: (4x23)m. Giá: 9 tỷ (TL),9.0,"Đường Hòa Bình, Phường 5, Quận 11, Hồ Chí Minh",92.0,3.0,2.0,1.0,Sổ hồng,2025-11-19
"Sát chợ Hoa Lạc Long Quân! Nhà cấp 4 hẻm 7m Lạc Long Quân P5. DT: (3,6x16)m Giá: 7,5 tỷ",7.5,"Đường Lạc Long Quân, Phường 5, Quận 11, Hồ Chí Minh",60.0,2.0,1.0,1.0,Sổ hồng,2025-11-19
"Gần Đầm Sen! Nhà mới đẹp 4 tấm hẻm 6m Hồng Bàng P1. DT: (3,8x14)m Giá: 8,5 tỷ(TL)",8.5,"Đường Hồng Bàng, Phường 1, Quận 11, Hồ Chí Minh",51.0,4.0,5.0,4.0,Sổ hồng,2025-11-19
"Gần Đầm Sen! Nhà 4 tấm đường nội bộ 8m Lạc Long Quân P5. DT: (3,6x16)m Giá: 8,7 tỷ (TL)",8.7,"Đường Lạc Long Quân, Phường 5, Quận 11, Hồ Chí Minh",60.0,6.0,6.0,4.0,Sổ hồng,2025-11-19
"Giáp Q5 Q10! Nhà mới đẹp 4 tấm 3/2 P16. DT: (4x13)m Giá: 7,3 tỷ(TL)",7.3,"Đường Lò Siêu, Phường 12, Quận 11, Hồ Chí Minh",53.0,5.0,4.0,4.0,Sổ hồng,2025-11-19
"Hoa hồng môi giới 1%. Cách Mặt tiền 30m! Nhà 3 tấm Minh Phụng P9. DT: (3,7x10)m Giá: 5,2 tỷ (TL)",5.2,"Đường Minh Phụng, Phường 9, Quận 11, Hồ Chí Minh",37.0,5.0,4.0,4.0,Sổ hồng,2025-11-19
"Sát Cư Xá Lữ Gia! Nhà 2 tấm hẻm 7m Nguyễn Thị Nhỏ. DT: (5,5x10)m giá: 7,5 tỷ (TL)",7.5,"Đường Nguyễn Thị Nhỏ, Phường 15, Quận 11, Hồ Chí Minh",55.0,2.0,2.0,2.0,Sổ hồng,2025-11-19
"Bán Nhà 4 Tầng BTCT, 64m2, Nở Hậu, Hẻm Xe Hơi, Đường Hồng Bàng, Quận 11, Chỉ 8.9 Tỷ",8.9,"Đường Hồng Bàng, Phường 1, Quận 11, Hồ Chí Minh",64.0,5.0,5.0,4.0,Sổ hồng,2025-11-26
"Quận 11 - Bán nhà 3 tầng 2,7 tỷ (2pn - 2wc) Bình Thới",2.7,"Đường Bình Thới, Phường 14, Quận 11, Hồ Chí Minh",12.0,2.0,2.0,3.0,Sổ hồng,2025-11-26
"NHÀ C4 HẺM NHỰA 8M THÔNG, ĐƯỜNG 100 BÌNH THỚI QUẬN 11 - DT 65M2 (5x13).",8.95,"Đường 100 Bình Thới, Phường 14, Quận 11, Hồ Chí Minh",65.0,2.0,2.0,2.0,Sổ hồng,2025-11-26
Bán nhà Lê Đại Hành q11 dt 2.2 m* 11 m trệt lầu nhà đẹp hẻm thông SHR giá 2 tỷ750,2.75,"Phường 11, Quận 11, Hồ Chí Minh",21.0,2.0,2.0,2.0,Sổ hồng,2025-11-20
"Bán nhà dòng tiền gần 20 triệu/tháng - giá 8,7 tỷ - mặt tiền Ông Ích Khiêm Q11 kinh doanh đỉnh cao",8.7,"Đường Ông Ích Khiêm, Phường 5, Quận 11, Hồ Chí Minh",45.0,3.0,2.0,3.0,Sổ hồng,2025-11-26
"Bán nhà HXH (8m) 32/19 Ông Ích Khiêm, P,14 Q,11, 3,3m x 11m, 1T-1L, trung tâm Q,11, giá 6,5 tỷ",6.5,"Đường Ông Ích Khiêm, Phường 14, Quận 11, Hồ Chí Minh",36.0,2.0,2.0,1.0,Sổ hồng,2025-11-21
Bán nhà 69m2 ngay đường Bình Thới chỉ hơn 4 tỷ,4.3,"Đường Bình Thới, Phường 10, Quận 11, Hồ Chí Minh",69.0,2.0,1.0,2.0,Sổ hồng,2025-11-14
"Bán nhà Lý Nam Đế, P. 7, Q. 11 - 4 tầng, ra MT 30 giây - 5.8 tỷ",5.8,"Đường Lý Nam Đế, Phường 7, Quận 11, Hồ Chí Minh",38.0,2.0,3.0,4.0,Sổ hồng,2025-11-21
"Nhà phố xây mới ngay Lạc Long Quân, Phường 5, Quận 11 - gần công viên nước Đầm Sen, khu sầm uất",4.79,"Đường Lạc Long Quân, Phường 5, Quận 11, Hồ Chí Minh",60.0,3.0,4.0,3.0,Sổ hồng,2025-11-25
"BÁN NHÀ HÒA BÌNH, QUẬN 11, 2 TẦNG, 33m2, GẦN KDL ĐẦM SEN, HẺM 4m, HƠN 3 TỶ",3.95,"Đường Hòa Bình, Phường 5, Quận 11, Hồ Chí Minh",33.0,2.0,2.0,2.0,Sổ hồng,2025-11-19
"Đậu Visa bán gấp nhà đường Hàn Hải Nguyên, Quân Sự, Q11 - Giá:5,2Tỷ/ 76,5m2 (4,5x17m). Nhà 3 tầng",5.2,"Đường Hàn Hải Nguyên, Phường 11, Quận 11, Hồ Chí Minh",76.0,4.0,5.0,3.0,Sổ hồng,2025-11-25
"Chính chủ bán BĐS 40 triệu/tháng, nhà 6 tầng, 15 phòng, đường Âu Cơ, P14, Q11, kế bên chợ Tân Phước",9.9,"Đường Âu Cơ, Phường 14, Quận 11, Hồ Chí Minh",71.0,15.0,15.0,6.0,Sổ hồng,2025-11-25
Nhà Lô E Cư Xá Phú Bình . P5 . Q11,6.9,"Đường Cư Xá Phú Bình, Phường 5, Quận 11, Hồ Chí Minh",48.0,4.0,3.0,3.0,Sổ hồng,2025-11-20
"Bán gấp nhà 2 mặt tiền hẻm xe hơi Bình Thới, Quận 11",7.3,"Đường Bình Thới, Phường 9, Quận 11, Hồ Chí Minh",37.0,3.0,3.0,3.0,Sổ hồng,2025-11-25
"Siêu hot - chủ kẹt hàng, giảm sâu 1 tỷ còn 9,5 tỷ TL",9.5,"Đường Ông Ích Khiêm, Phường 14, Quận 11, Hồ Chí Minh",50.0,5.0,6.0,3.0,Sổ hồng,2025-11-25
Bán gấp nhà 2 mặt tiền hẻm xe hơi 8m đường Hòa Bình  Quận 11,4.9,"Đường Hòa Bình, Phường 5, Quận 11, Hồ Chí Minh",32.0,2.0,2.0,1.0,Sổ hồng,2025-11-25
"Bán nhà đường Bình Thới, 4,6 tỷ VND, 29,2m2 - giá siêu hời",4.6,"Đường Bình Thới, Phường 14, Quận 11, Hồ Chí Minh",29.0,2.0,3.0,2.0,Sổ hồng,2025-11-25
"Nhà bán trung tâm quận 11, đường Minh Phụng. DT 3.5*11m. KC 5 tầng kiên cố (6 PN, 3 WC). HXH",7.9,"Đường Minh Phụng, Phường 9, Quận 11, Hồ Chí Minh",38.0,6.0,3.0,5.0,Sổ hồng,2025-11-25
"Bán nhà Quận 11, gần Lê Đại Hành, hẻm 5m thông, 4x23m, chỉ 6.x tỷ",6.35,"Đường Tôn Thất Hiệp, Phường 12, Quận 11, Hồ Chí Minh",94.0,2.0,2.0,1.0,Sổ hồng,2025-11-16
"Bán nhà riêng tại Đường Bình Thới, Phường 14, Quận 11, Hồ Chí Minh, giá cực chất 2,79 tỷ, 12,4 m2",2.79,"Đường Bình Thới, Phường 14, Quận 11, Hồ Chí Minh",12.0,2.0,2.0,3.0,Sổ hồng,2025-11-23
"Bán nhà quận 11 - Lạc Long Quân, 2 tầng, hẻm xe hơi 6m, 4x15,5m, Nhỉnh 6 Tỷ",6.8,"Đường Lạc Long Quân, Phường 10, Quận 11, Hồ Chí Minh",57.0,2.0,2.0,2.0,Sổ hồng,2025-11-12
"Gía bán 13.5 tỷ, giảm còn 11.8 tỷ, hẻm 7m Bình Thới, Q11, 65m2, 3L, NTCC",11.8,"Đường Bình Thới, Phường 14, Quận 11, Hồ Chí Minh",65.0,5.0,5.0,4.0,Sổ hồng,2025-11-19
"Bán nhà MT nội bộ 81 đường 702 Hồng Bàng Quận 11. DT: 3,4mx15m, DT: 51m2, DTSD: 180m 2 lầu đúc BT",8.3,"Số 81, Đường 702, Phường 1, Quận 11, Hồ Chí Minh",51.0,4.0,3.0,3.0,Giấy tờ không xác định,2025-11-21
"Nhà phố 3 tầng hẻm xe hơi 6m Âu Cơ P14 Q11, tiện KD đa ngành, 4PN, SHR hoàn công đủ, giá 6,9 tỷ TL",6.9,"Đường Âu Cơ, Phường 14, Quận 11, Hồ Chí Minh",30.0,4.0,2.0,3.0,Sổ hồng,2025-11-25
Nhà bán diện tích: 120m2 đất. Hẻm 10m đường Xóm Đất,11.0,"Đường Xóm Đất, Phường 8, Quận 11, Hồ Chí Minh",120.0,2.0,2.0,3.0,Sổ hồng,2025-11-25
"Hẻm 8m 60m2(4.2x15.5m) 2 tầng btct 3PN Lạc Long Quân, p10, Quận 11",8.99,"Đường Lạc Long Quân, Phường 10, Quận 11, Hồ Chí Minh",60.0,3.0,2.0,2.0,Sổ hồng,2025-11-25
"Nhà bán hẽm 3,5m Đường Lê Thị Bạch Cát . Diện tích : 3,8 x 10m.",6.5,"Đường Lê Thị Bạch Cát, Phường 13, Quận 11, Hồ Chí Minh",36.0,4.0,3.0,4.0,Sổ hồng,2025-11-25
Bán nhà siêu đẹp hẻm xe hơi sát mặt tiền Lê Đại Hành 5 tầng full nội thất cao cấp chỉ 6.79 tỷ,6.79,"Đường Lê Đại Hành, Phường 4, Quận 11, Hồ Chí Minh",32.0,3.0,3.0,5.0,Sổ hồng,2025-11-24
"Nhà riêng tại Đường Hòa Bình, Phường 9, Quận 11, Hồ Chí Minh, 6,3 tỷ, 63 m2",6.3,"Đường Hòa Bình, Phường 9, Quận 11, Hồ Chí Minh",63.0,3.0,3.0,2.0,Sổ hồng,2025-11-24
3 Toà nhà riêng biệt mỗi toà 5 tấm kiên cố DT 360m2 chưa tính DT sân chung chủ bán hết 48 tỷ,48.0,"Đường Lê Đại Hành, Phường 6, Quận 11, Hồ Chí Minh",360.0,45.0,46.0,5.0,Sổ hồng,2025-11-18
"Cư Xá Lữ Gia, đường rộng 8m có lề hẻm thông, sát quận 10, nhà 4 tầng, vị trí sát mặt tiền, Q11",15.5,"Đường Cư Xá Lữ Gia, Phường 15, Quận 11, Hồ Chí Minh",60.0,6.0,6.0,4.0,Sổ hồng,2025-11-19
"1/ Lạc Long Quân - hẻm xe hơi tránh nhau - DT(4x16m) công nhận 62m2 - 4 tầng BTCT - giá chỉ 10,9 tỷ",10.9,"Đường Lạc Long Quân, Phường 5, Quận 11, Hồ Chí Minh",62.0,5.0,4.0,4.0,Sổ hồng,2025-11-24
"Bán nhà 5 tầng BTCT 3.9x12m, ngay ngã tư Âu Cơ - Lạc Long Quân, Quận 11, chỉ 8.8 tỷ",8.8,"Đường Trịnh Đình Trọng, Phường 5, Quận 11, Hồ Chí Minh",47.0,5.0,6.0,5.0,Sổ hồng,2025-11-24
"Nhà 3 tầng, diện tích sàn 40m2, 2 PN, 2 WC, nhà mới đẹp ở ngay, sát mặt tiền, hẻm 3m, ko quy hoạch",2.79,"144/20, Đường Bình Thới, Phường 14, Quận 11, Hồ Chí Minh",15.0,2.0,2.0,3.0,Sổ hồng,2025-11-24
Lô góc hiếm gần Đầm Sen - Hẻm 6m oto tới nhà - 53m² giá chỉ 6.5 tỷ còn TL,6.5,"Đường Lạc Long Quân, Phường 3, Quận 11, Hồ Chí Minh",53.0,2.0,2.0,2.0,Sổ hồng,2025-11-22
"Chính chủ bán nhà riêng, hoàn công 2023, SHR, miễn môi giới, giảm 1% cho khách mua thiện chí",12.7,"Đường Tân Thới Nhất 17, Phường Tân Thới Nhất, Quận 12, Hồ Chí Minh",84.0,4.0,4.0,3.0,Sổ hồng,2025-11-17
"NHÀ SHR HẺM 4M, XE 7 CHỖ ĐẬU CỬA, SÁT TRẦN THỊ CỜ - THỚI AN, QUẬN 12 - GIÁ 3.95 TỶ",3.95,"Đường Thới An 13, Phường Thới An, Quận 12, Hồ Chí Minh",41.0,2.0,2.0,2.0,Sổ hồng,2025-11-20
"Nhà mới đẹp full nội thất 4PN 3WC tại Xóm Đất, Q11, HCM, giá siêu hời 5,98 tỷ",5.98,"Đường Xóm Đất, Phường 8, Quận 11, Hồ Chí Minh",30.0,4.0,3.0,4.0,Sổ hồng,2025-11-22
"NHÀ PHỐ, GIÁ RẺ - 51M2 (4T) - 5.4 TỶ - FULL NỘI THẤT GỖ - HẺM NHỰA 6M - THẠNH XUÂN 22, Q.12",5.4,"Đường Thạnh Xuân 22, Phường Thạnh Xuân, Quận 12, Hồ Chí Minh",51.0,3.0,5.0,4.0,Sổ hồng,2025-11-25
Chính chủ cần bán nhà 1 trệt 3 lầu hẻm xe hơi,6.85,"Đường Nguyễn Thị Sáu, Phường Thạnh Lộc, Quận 12, Hồ Chí Minh",72.0,4.0,5.0,3.0,Sổ hồng,2025-11-25
Bán CHDV Quận 11 - Dòng tiền 216 triệu/năm-khu vip số 341 Lạc Long Quân - Khuông Việt (57m2*4tầng),8.6,"Đường Lạc Long Quân, Phường 5, Quận 11, Hồ Chí Minh",57.0,6.0,6.0,4.0,Sổ hồng,2025-11-24
"Dãy nhà phố đẹp, nội thất xịn xò, đường 8m, 4x20m 1 lững 3 lầu Thạnh Lộc 37 gần ủy ban Phường, Q12",7.8,"Đường Thạnh Lộc 37, Phường Thạnh Lộc, Quận 12, Hồ Chí Minh",80.0,5.0,5.0,4.0,Sổ hồng,2025-11-25
"Siêu Phẩm 3 Tầng- Biệt thự phố- Góc 2MT- Hẻm xe hơi 10m Nguyễn Ảnh Thủ - Trung Mỹ Tây - Chỉ 11,5 tỷ",11.5,"Đường Nguyễn Ảnh Thủ, Phường Trung Mỹ Tây, Quận 12, Hồ Chí Minh",125.0,7.0,4.0,3.0,Sổ hồng,2025-11-24
"Bán nhà hẻm Nguyễn văn quá phường đông Hưng thuận quận 12 ,4m x11m",3.38,"Đường Nguyễn Văn Quá, Phường Đông Hưng Thuận, Quận 12, Hồ Chí Minh",44.0,2.0,2.0,1.0,Sổ hồng,2025-11-23
"Cần tiền giảm giá 200 tr giá củ 3 tỷ 690 gia mới 3 tỷ 490 nhà HT 07 Q12(3,7-11 đúc 1 lầu hẻm xe hơi",3.59,"Đường Hiệp Thành 7, Phường Hiệp Thành, Quận 12, Hồ Chí Minh",40.0,2.0,2.0,1.0,Sổ hồng,2025-11-23
"Bộ 6 căn rộng rẻ nhất phường Ạ. Từ 3,6T, 4,63 T 4,85 T và 5,05 T xây mới cực hiếm",4.85,"Đường Hà Huy Giáp, Phường Thạnh Lộc, Quận 12, Hồ Chí Minh",56.0,3.0,3.0,3.0,Sổ hồng,2025-11-22
HIẾM -NHÀ NGUYỄN VĂN QUÁ- GẦN CHỢ CẦU -2PHUT QUA GÒ VẤP- 52m2- 4PN,5.38,"Đường Nguyễn Văn Quá, Phường Đông Hưng Thuận, Quận 12, Hồ Chí Minh",52.0,4.0,3.0,3.0,Sổ hồng,2025-11-22
Nhà mặt tiền NB Tân Thới Nhất 12 - Đông Hưng Thuận - Q12 khu vip nhất phường,8.5,"Đường Tân Thới Nhất 12, Phường Đông Hưng Thuận, Quận 12, Hồ Chí Minh",95.0,2.0,3.0,3.0,Sổ hồng,2025-11-21
"Nhà thật, ko ảo! Nhà hẻm ngắn ở Phan Văn Hớn, Quận 12. Gần chung cư Tecco. Giá 980tr còn bớt",0.98,"Đường Phan Văn Hớn, Phường Tân Thới Nhất, Quận 12, Hồ Chí Minh",19.0,2.0,1.0,2.0,Giấy tờ không xác định,2025-11-21
"Q12 sát Gò Vấp giá từ 5 tỷ đến 9 tỷ tuỳ vị trí, diện tích. Công năng thang máy",6.98,"Phường Thạnh Lộc, Quận 12, Hồ Chí Minh",64.0,5.0,7.0,4.0,Sổ hồng,2025-11-21
"Bán nhà đẹp giá rẻ 1 sẹc đường Lê Văn Khương, phường Thới An, Quận 12",7.65,"Đường Lê Văn Khương, Phường Thới An, Quận 12, Hồ Chí Minh",60.0,4.0,6.0,4.0,Sổ hồng,2025-11-21
"Bán nhà riêng 2 lầu đường xe hơi Nguyễn văn quá, P. Đông Hưng Thuận Quận 12",5.38,"Đường Nguyễn Văn Quá, Phường Đông Hưng Thuận, Quận 12, Hồ Chí Minh",52.0,4.0,3.0,3.0,Sổ hồng,2025-11-21
"Bán gấp Nhà riêng 3PN, 2WC tại Thạnh Xuân, 64m2, 4,35 tỷ, Q12, HCM",4.35,"Phường Thạnh Xuân, Quận 12, Hồ Chí Minh",64.0,3.0,2.0,2.0,Sổ hồng,2025-11-27
"Nhà + dãy trọ ngay ngã 4 Ga, liền kề QL1A",8.0,"Đường Thạnh Lộc 4, Phường Thạnh Lộc, Quận 12, Hồ Chí Minh",136.0,6.0,4.0,1.0,Sổ hồng,2025-11-21
"Nhà liền kề, nhà Q.12 chỉ hơn 1tỷ",1.75,"Phường Hiệp Thành, Quận 12, Hồ Chí Minh",28.0,3.0,2.0,2.0,Giấy tờ không xác định,2025-11-27
Nhà đẹp ngay trung tâm đường liên phường TX25 Q12 full nội thất giá đầu 7 đồng,7.3,"Đường Thạnh Xuân 25, Phường Thạnh Xuân, Quận 12, Hồ Chí Minh",72.0,4.0,6.0,5.0,Sổ hồng,2025-11-27
SIÊU PHẨM NHÀ 4 TẦNG MỚI ĐẸP  CÁCH LÊ VĂN KHƯƠNG 50M  GIÁ CHỈ 5.79 TỶ,5.79,"Đường Lê Văn Khương, Phường Hiệp Thành, Quận 12, Hồ Chí Minh",59.0,4.0,5.0,4.0,Sổ hồng,2025-11-27
"Bán Nhà 4x20m 1lững 3lầu có thang máy đường 6m, 1/ Thạnh Lộc 37 gần cấp 2 Trần Hưng Đạo, Q12",7.69,"Đường Thạnh Lộc 37, Phường Thạnh Lộc, Quận 12, Hồ Chí Minh",80.0,5.0,5.0,4.0,Sổ hồng,2025-11-27
"Nhà 1/ Nguyễn Thị Đặng hẻm 6m vị trí siêu vip sát Bên Cấp 3 Võ Trường Toản 4,2x15m nở hậu 5m",5.95,"Đường Nguyễn Thị Đặng, Phường Hiệp Thành, Quận 12, Hồ Chí Minh",65.0,4.0,3.0,3.0,Sổ hồng,2025-11-27
Bán nhà đẹp đường Trung Mỹ Tây 9 phường Trung Mỹ Tây Quận 12,8.65,"Đường Trung Mỹ Tây 9, Phường Trung Mỹ Tây, Quận 12, Hồ Chí Minh",72.0,4.0,6.0,4.0,Sổ hồng,2025-11-25
"Bán nhà Đông Hưng Thuận Quận 12, cạnh khu dự án An Sương - 5m x 21m - 4 tỷ 880",4.88,"Đường Đông Hưng Thuận, Phường Tân Hưng Thuận, Quận 12, Hồ Chí Minh",102.0,2.0,2.0,1.0,Sổ hồng,2025-11-27
[ QUẬN 12 ] HXH 5 M  CÓ 7 PHÒNG CHO THUÊ  90 M2 - THỚI AN LÊ VĂN KHƯƠNG  CHỈ 6 TỶ,6.0,"Phường Thới An, Quận 12, Hồ Chí Minh",90.0,11.0,11.0,3.0,Sổ hồng,2025-11-26
"NHÀ 2 TẦNG 95M (4.2 x 23) HẺM 5M NHỰA NGUYỄN ẢNH THỦ, Q12",5.68,"Đường Nguyễn Ảnh Thủ, Phường Hiệp Thành, Quận 12, Hồ Chí Minh",95.0,5.0,3.0,2.0,Sổ hồng,2025-11-27
"Nhà 91.5m2 4,15tỷ hẻm ô tô ngay Hiệp Thành 13, 2PN - 3WC 1 trệt 1 lửng, phù hợp để ở và kinh doanh",4.15,"Đường Bùi Văn Ngữ, Phường Hiệp Thành, Quận 12, Hồ Chí Minh",91.0,2.0,3.0,1.0,Sổ hồng,2025-11-27
"Cần bán gấp nhà phố 1trệt 1lầu diện tích 20m2, đường Nguyễn Văn Quá ,giá 1tỷ950,sổ hồng riêng.",1.95,"Đường Nguyễn Văn Quá, Phường Đông Hưng Thuận, Quận 12, Hồ Chí Minh",20.0,2.0,1.0,2.0,Sổ hồng,2025-11-13
Bán nhà thạnh lộc 15 ngay ngã tư ga quận 12 giá rẻ,4.6,"Đường Thạnh Lộc 15, Phường Thạnh Lộc, Quận 12, Hồ Chí Minh",72.0,3.0,3.0,2.0,Sổ hồng,2025-11-27
Nhà mới ngang 5m Tân Thới Nhất 11 15m ra trường chinh bên lạc quang an sương,6.6,"Đường Tân Thới Nhất 11, Phường Tân Thới Nhất, Quận 12, Hồ Chí Minh",65.0,5.0,4.0,4.0,Sổ hồng,2025-11-27
"BÁN NHÀ MỚI 2 TẦNG HXH LÂM THỊ HỐ, TCH, Q12 - CHỈ 4.33 TỶ",4.33,"Đường Lâm Thị Hố, Phường Tân Chánh Hiệp, Quận 12, Hồ Chí Minh",48.0,2.0,2.0,2.0,Sổ hồng,2025-11-27
4.35 tỷ - Nhà lầu TL19- 4.25m* 15m- Ngã Tư ga - phường Thạnh Lộc - Quận 12,4.35,"Đường Thạnh Lộc 19, Phường Thạnh Lộc, Quận 12, Hồ Chí Minh",62.0,2.0,2.0,2.0,Sổ hồng,2025-11-24
"Nhà 3 tầng Thạnh Lộc 37 / P. Thạnh Lộc, Quận 12 DT 109m2 (5mx22m) giá chỉ 5,2tỷ",5.2,"Đường Thạnh Lộc 37, Phường Thạnh Lộc, Quận 12, Hồ Chí Minh",109.0,3.0,3.0,3.0,Sổ hồng,2025-11-27
"Nhà bán vip đẹp đường Nguyễn Ảnh Thủ, Phường Hiệp Thành, Quận 12, Hồ Chí Minh",5.7,"Đường Nguyễn Ảnh Thủ, Phường Hiệp Thành, Quận 12, Hồ Chí Minh",64.0,4.0,4.0,3.0,Sổ hồng,2025-11-27
"Bán gấp Nhà riêng 4PN, 4WC, 52m2 tại Thạnh Xuân 52, Q12, HCM, giá 4,65 tỷ",4.65,"Đường Thạnh Xuân 52, Phường Thạnh Xuân, Quận 12, Hồ Chí Minh",52.0,4.0,4.0,2.0,Sổ hồng,2025-11-27
"Nhà đẹp Tân Chánh Hiệp, SHR, quận 12, Hồ Chí Minh",5.25,"Đường Lâm Thị Hố, Phường Tân Chánh Hiệp, Quận 12, Hồ Chí Minh",50.0,4.0,4.0,3.0,Sổ hồng,2025-11-27
"3,68 tỷ- Nhà tl29- Ngã Tư ga 1km- phường Thạnh Lộc- Quận 12",3.68,"Đường Thạnh Lộc 29, Phường Thạnh Lộc, Quận 12, Hồ Chí Minh",34.0,2.0,2.0,2.0,Sổ hồng,2025-11-17
"BÁN GẤP NHÀ GÓC 2 MẶT TIỀN, KHU ĐỒNG BỘ, 5 TẦNG, HÀ HUY GIÁP, QUẬN 12, HXH THÔNG, SHR, 6 TỶ HƠN TL",6.95,"Đường Hà Huy Giáp, Phường Thới An, Quận 12, Hồ Chí Minh",56.0,4.0,6.0,5.0,Sổ hồng,2025-11-27
Nhà phố TX25 full nội thất - phường Thạnh Xuân - Quận 12 - HCM,6.45,"Đường Thạnh Xuân 25, Phường Thạnh Xuân, Quận 12, Hồ Chí Minh",53.0,4.0,5.0,4.0,Sổ hồng,2025-11-20
Bán căn nha diện tích khung 4x28 ngay đường Trần Thị Năm full nội thất nhập khẩu Tân Chánh Hiệp Q12,7.8,"Đường Trần Thị Năm, Phường Tân Chánh Hiệp, Quận 12, Hồ Chí Minh",115.0,5.0,6.0,5.0,Sổ hồng,2025-11-22
"Bán Nhà Riêng giá tốt 6,49 tỷ tại Nguyễn Thị Sáu, Đường Hà Huy Giáp Vào 69,7m2, 5PN, 5WC, Q12, HCM",6.49,"Đường Nguyễn Thị Sáu, Phường Thạnh Lộc, Quận 12, Hồ Chí Minh",69.0,5.0,5.0,4.0,Sổ hồng,2025-11-27
"Bán nhà Sổ Hồng riêng hàng hiếm tại Thạnh Lộc 15, 3,78 tỷ, 31m2, 4PN, 3WC, Q12, HCM",3.78,"Đường Thạnh Lộc 15, Phường Thạnh Lộc, Quận 12, Hồ Chí Minh",31.0,4.0,3.0,3.0,Sổ hồng,2025-11-27
"NHÀ ĐẸP 5 TẦNG FULL NỘI THẤT HẺM Ô TÔ 2 CHIỀU NGUYỄN ẢNH THỦ, Q12",6.45,"Đường Trần Thị Năm, Phường Tân Chánh Hiệp, Quận 12, Hồ Chí Minh",50.0,4.0,4.0,4.0,Sổ hồng,2025-11-22
6.49 tỷ - Nhà phố TX24 - Tô Ngọc vân- phường Thạnh Xuân - Q12 (Gò Vấp 4km),6.49,"Đường Thạnh Xuân 24, Phường Thạnh Xuân, Quận 12, Hồ Chí Minh",50.0,4.0,5.0,5.0,Sổ hồng,2025-11-24
Bán căn nhảy ngay 1/ Nguyễn thi kiểu doi diện Truong học lê văn thọ,5.98,"Đường Nguyễn Thị Kiểu, Phường Tân Thới Hiệp, Quận 12, Hồ Chí Minh",52.0,4.0,4.0,4.0,Sổ hồng,2025-11-22
Siêu phẩm hiệp thanh 13 đẹp lòng lanh vào o ngay full đầy đủ nội thất,5.67,"Đường Hiệp Thành 13, Phường Hiệp Thành, Quận 12, Hồ Chí Minh",50.0,4.0,4.0,4.0,Sổ hồng,2025-11-22
Bán căn nhà phố ngay 1/ Huỳnh Thị Hai thông ra Nguyễn Ảnh Thủ Q12,6.19,"Đường Huỳnh Thị Hai, Phường Tân Chánh Hiệp, Quận 12, Hồ Chí Minh",55.0,4.0,4.0,4.0,Sổ hồng,2025-11-23
Bán căn nhà ngay HL80B hiệp thành Quan 12 Gia siêu tốt dg thong 8m,5.99,"Đường Hương Lộ 80B, Phường Hiệp Thành, Quận 12, Hồ Chí Minh",96.0,4.0,4.0,3.0,Sổ hồng,2025-11-23
Bán căn nhà cho thu nhập ngang 5m ngay Hiệp Thành Q12,5.0,"Đường Bùi Văn Ngữ, Phường Hiệp Thành, Quận 12, Hồ Chí Minh",97.0,3.0,2.0,2.0,Sổ hồng,2025-11-24
"Bán nhà cấp 4 SHR - hẻm xe hơi 5m cực hiếm Hiệp Thành, Q12",3.85,"Đường Lê Văn Khương, Phường Hiệp Thành, Quận 12, Hồ Chí Minh",53.0,2.0,1.0,1.0,Sổ hồng,2025-11-25
"Siêu phẩm nhà phố 1/ thông Huỳnh Thi Hai, Trung Mỹ Tây, nhỉnh 6 tỷ",6.2,"1/, Đường Huỳnh Thị Hai, Phường Trung Mỹ Tây, Quận 12, Hồ Chí Minh",55.0,4.0,5.0,4.0,Sổ hồng,2025-11-25
"Bán nhà phố sân vườn mới full nội thất Thạnh Xuân 22, Q12. DT: 7,7x19 khu đồng bộ đường 8m, 8tỷ3",8.3,"Đường Thạnh Xuân 22, Phường Thạnh Xuân, Quận 12, Hồ Chí Minh",120.0,4.0,5.0,3.0,Sổ hồng,2025-11-27
"Bán nhà riêng quận 12 full nội thất 4PN, 5WC, 72m2 CN 70m2 tại An Phú Đông, giá siêu hời 7,35 tỷ",7.35,"Đường An Phú Đông 35, Phường An Phú Đông, Quận 12, Hồ Chí Minh",72.0,4.0,5.0,4.0,Sổ hồng,2025-11-27
4.35tỷ - Nhà phố - TX40 - Hà Huy Giáp 300m - phường Thạnh Xuân - Q12 (3 P. Ngủ - Ngã tư Ga 2.5km),4.35,"Đường Thạnh Xuân 40, Phường Thạnh Xuân, Quận 12, Hồ Chí Minh",66.0,3.0,2.0,2.0,Sổ hồng,2025-11-17
"Bán nhà mặt tiền hẻm kinh doanh Tô Ngọc Vân, 3 tầng ngang 4.6m, chỉ 6.29 tỷ TL",6.29,"Đường Tô Ngọc Vân, Phường Thới An, Quận 12, Hồ Chí Minh",71.0,3.0,4.0,3.0,Sổ hồng,2025-11-17
"Siêu phẩm nhà phố Thanh Xuân 25, full nội thất Thanh Xuân - Quận 12",6.49,"Đường Thạnh Xuân 25, Phường Thạnh Xuân, Quận 12, Hồ Chí Minh",56.0,4.0,6.0,5.0,Sổ hồng,2025-11-26
"Bán nhà SHR mặt tiền đường 362 Hiệp Thành 13 P. Hiệp Thành Q12 - DT 110,6m2 - giá chỉ 6 tỷ 250tr TL",6.25,"Đường 362 Hiệp Thành 13, Phường Hiệp Thành, Quận 12, Hồ Chí Minh",110.0,2.0,2.0,1.0,Sổ hồng,2025-11-21
Nhà trệt lầu TX33 - Ngã Tư Ga 2km - phường Thạnh xuân - Q12 (4m* 15m),4.3,"Đường Thạnh Xuân 33, Phường Thạnh Xuân, Quận 12, Hồ Chí Minh",55.0,2.0,2.0,2.0,Sổ hồng,2025-11-19
"Bán căn nhà cấp 4 rộng rãi đường Thới An 20 P. Thới An Quận 12 - DT đất rộng 62m2 - giá chỉ 3,1 tỷ",3.1,"Đường Thới An 20, Phường Thới An, Quận 12, Hồ Chí Minh",62.0,4.0,2.0,2.0,Sổ hồng,2025-11-19
"Nhà phố 4,5x19m 1lững 3 lầu đường 6m , 1/ ngắn Thạnh xuân 25, gần ủy ban Phường",7.59,"Đường Thạnh Xuân 25, Phường Thạnh Xuân, Quận 12, Hồ Chí Minh",85.0,5.0,5.0,4.0,Sổ hồng,2025-11-27
Bán nhà phố đồng bộ 4x12m 1lửng 3 lầu đường 8m thông Tân Thới Hiệp 13 gần Toà án Viện Kiểm soát Q12,6.49,"Đường Tân Thới Hiệp 13, Phường Tân Thới Hiệp, Quận 12, Hồ Chí Minh",47.0,5.0,5.0,4.0,Sổ hồng,2025-11-25
"Bán nhà SHR 2 lầu đúc BTCT đường Đông Bắc P. Tân Chánh Hiệp Quận 12 thông tứ tung giá 5,69 tỷ TL",5.69,"Đường Đông Bắc, Phường Tân Chánh Hiệp, Quận 12, Hồ Chí Minh",53.0,3.0,3.0,3.0,Sổ hồng,2025-11-25
"Siêu phẩm chân dài 4x28m sân vườn đẹp, chil chill thư giản, thang máy+ full nội thất Thạnh Xuân 25",9.89,"Đường Thạnh Xuân 25, Phường Thạnh Xuân, Quận 12, Hồ Chí Minh",110.0,4.0,6.0,5.0,Sổ hồng,2025-11-27
"BÁN NHÀ DT 4x25 1TR 3LẦU SÂN XE HƠI 1/NGẮN THẠNH LỘC 37, QUẬN 12. NHÀ FULL NỘI THẤT GIÁ CHỈ 6TỶ480",6.48,"Đường Thạnh Lộc 37, Phường Thạnh Lộc, Quận 12, Hồ Chí Minh",91.0,4.0,5.0,3.0,Sổ hồng,2025-11-27
"Nhà 4x14m 1/ ngắn hẻm 5m xe hơi Lâm Thị Hố, Tân chánh hiệp, sát bên Hiêp thành city , Q12",5.49,"Đường Lâm Thị Hố, Phường Tân Chánh Hiệp, Quận 12, Hồ Chí Minh",51.0,4.0,3.0,3.0,Sổ hồng,2025-11-22
"BÁN NHÀ 2 TẦNG HẺM XE HƠI HUỲNH THỊ HAI Q12 GIÁ RẺ 3,8 TỶ DIỆN TÍCH 60M2 (4x15)",3.8,"Đường Huỳnh Thị Hai, Phường Tân Chánh Hiệp, Quận 12, Hồ Chí Minh",60.0,2.0,2.0,2.0,Sổ hồng,2025-11-27
"Nhà 125 m2, chỉ 7 tỷ 5 , đường Nguyễn ánh Thủ, gọi ngay Ngà nhà phố Q 12",7.5,"Đường Nguyễn Ảnh Thủ, Phường Trung Mỹ Tây, Quận 12, Hồ Chí Minh",125.0,4.0,6.0,4.0,Sổ hồng,2025-11-27
"Bán nhà 2 tầng hẻm xe hơi Lê Văn Khương Quận 12 giá rẻ 5,5 tỷ, diện tích 110m2 (4x27) nở hậu 4,2m",5.5,"Đường Lê Văn Khương, Phường Thới An, Quận 12, Hồ Chí Minh",110.0,3.0,2.0,2.0,Sổ hồng,2025-11-27
Nhà đẹp nhựa hiệp thành 45 quan 12 gần ngay nha may bia tiger,5.69,"Đường Hiệp Thành 45, Phường Hiệp Thành, Quận 12, Hồ Chí Minh",50.0,4.0,4.0,3.0,Sổ hồng,2025-11-27
1/ Lâm Thị Hố - Ngay Hiệp Thành City,2.75,"Đường Lâm Thị Hố, Phường Tân Chánh Hiệp, Quận 12, Hồ Chí Minh",40.0,2.0,2.0,2.0,Sổ hồng,2025-11-26
Nhà mới xây full nội thất cách chợ Cầu Đồng khoảng 70m. Cách Gò Vấp 5p đi xe,7.15,"Đường Thạnh Lộc 27, Phường Thạnh Lộc, Quận 12, Hồ Chí Minh",62.0,4.0,6.0,4.0,Sổ hồng,2025-11-26
"Bán nhà 4x10m, 1 lầu, hẻm 3m, sát Galaxy Nguyễn Văn Quá, Q12",3.4,"Hẻm 715, Đường Nguyễn Văn Quá, Phường Đông Hưng Thuận, Quận 12, Hồ Chí Minh",38.0,2.0,1.0,1.0,Sổ hồng,2025-11-21
"Biệt thự mini 5 tầng có thang máy nội thất cao cấp Tân Chánh Hiệp, Q12",11.45,"Đường Trần Thị Năm, Phường Tân Chánh Hiệp, Quận 12, Hồ Chí Minh",88.0,6.0,8.0,5.0,Sổ hồng,2025-11-27
6.55 tỷ - Nhà phố - TL37 - 4.9m*17m - phường Thạnh Lộc - quận 12 (trệt lửng 2 lầu - có sân thượng),6.55,"Đường Thạnh Lộc 37, Phường Thạnh Lộc, Quận 12, Hồ Chí Minh",80.0,3.0,4.0,4.0,Sổ hồng,2025-11-19
Mặt tiền hẻm thông tứ tung cách chợ 03 - 07 chỉ 100m,6.45,"Đường Nguyễn Thị Búp, Phường Tân Chánh Hiệp, Quận 12, Hồ Chí Minh",75.0,3.0,4.0,3.0,Sổ hồng,2025-11-26
"Nhà Trường Chinh thông ra Song Hành Q12 - đường nhựa hẻm xe hơi - cách Song Hành, 20m ra",6.49,"Đường Trường Chinh, Phường Tân Hưng Thuận, Quận 12, Hồ Chí Minh",73.0,2.0,2.0,2.0,Sổ hồng,2025-11-27
Giảm 300tr bán nhà 4*22m(sổ vuông vức) 2 mặt tiền hẻm. Gần BV quận 12 - Mega Hiệp Phú - Hẻm xe tải,5.6,"Đường Tân Chánh Hiệp 13, Phường Tân Chánh Hiệp, Quận 12, Hồ Chí Minh",88.0,3.0,2.0,2.0,Sổ hồng,2025-11-25
"Nhà 4 lầu hẻm 8m khu dân cư đồng bộ sát MT đường Hà Huy Giáp Quận 12 - DT 63m2 - 5,78 tỷ",5.78,"Đường Hà Huy Giáp, Phường An Phú Đông, Quận 12, Hồ Chí Minh",63.0,5.0,4.0,5.0,Sổ hồng,2025-11-27
"Ngộp bank chỉ 28tr/m2 CHDV 4 tầng, 21x70m DT sàn 2.100m2, hoàn công, vị trí đẹp giá siêu tôt",42.0,"Đường Thạnh Lộc 15, Phường Thạnh Lộc, Quận 12, Hồ Chí Minh",1.5,100.0,101.0,4.0,Sổ hồng,2025-11-17
"BÁN NHÀ HXH NGỦ TRONG NHÀ - 57M2 - PHAN VĂN HỚN TTN Q12 - GIÁ CHỈ 5,9TỶ",5.9,"Đường Tân Thới Nhất, Phường Tân Thới Nhất, Quận 12, Hồ Chí Minh",57.0,3.0,2.0,3.0,Sổ hồng,2025-11-15
"BÁN NHÀ HXH - 4X21M - TRƯỜNG CHINH GẦN AN SƯƠNG - GIÁ CHỈ 5,2TỶ",5.2,"Đường Trường Chinh, Phường Tân Thới Nhất, Quận 12, Hồ Chí Minh",84.0,3.0,2.0,2.0,Sổ hồng,2025-11-12
"BÁN NHÀ HXT - 40M2 - TTN RA PHAN VĂN HỚN - GIÁ CHỈ 5,2TỶ",5.2,"Đường Tân Thới Nhất, Phường Tân Thới Nhất, Quận 12, Hồ Chí Minh",40.0,2.0,2.0,2.0,Sổ hồng,2025-11-18
Bán nhà đẹp đường Trương Thị Hoa phường Tân Thới Hiệp Quận 12,7.69,"Đường Trương Thị Hoa, Phường Tân Thới Hiệp, Quận 12, Hồ Chí Minh",56.0,4.0,5.0,4.0,Sổ hồng,2025-11-24
Nhà phố khu Vip TX25 - Ủy ban phường Thạnh Xuân - Ngã Tư Ga 2km - Quận 12 - Hồ Chí Minh,6.3,"Đường Thạnh Xuân 25, Phường Thạnh Xuân, Quận 12, Hồ Chí Minh",55.0,5.0,4.0,4.0,Sổ hồng,2025-11-17
Căn hộ dịch vụ Vườn Lài (23 phòng) thu nhập 92tr/tháng,16.5,"Đường Vườn Lài, Phường An Phú Đông, Quận 12, Hồ Chí Minh",167.0,23.0,23.0,5.0,Sổ hồng,2025-11-27
"Siêu phẩm 4m x 18m, full nội thất ô thang máy, 1/ hẻm nhựa 8m thông Trung Mỹ Tây 9",8.59,"1/, Đường Trung Mỹ Tây 9, Phường Trung Mỹ Tây, Quận 12, Hồ Chí Minh",72.0,4.0,6.0,4.0,Sổ hồng,2025-11-21
"Bán nhà Hẻm xe hơi, Đông Hưng Thuận 15, Quận 12 DT : 4x16 4 tầng mát mẻ và an ninh",6.95,"Đường Đông Hưng Thuận 15, Phường Đông Hưng Thuận, Quận 12, Hồ Chí Minh",64.0,3.0,2.0,3.0,Sổ hồng,2025-11-17
Nhà phố 4m x 16m. Xây 1 lửng 3 lầu Full Nội Thất. 1/ Hẻm 6m thông Đường Tân Chánh Hiệp 18,6.65,"Đường Tân Chánh Hiệp 18, Phường Tân Chánh Hiệp, Quận 12, Hồ Chí Minh",60.0,4.0,5.0,5.0,Sổ hồng,2025-11-19
Nhà phố 4 tầng Full Nội Thất Hẻm nhựa 7m Đường Dương Thị Mười,6.98,"Đường Dương Thị Mười, Phường Tân Chánh Hiệp, Quận 12, Hồ Chí Minh",52.0,4.0,5.0,4.0,Sổ hồng,2025-11-23
"Nhà phố 5m x 20m, đúc 3 lầu hẻm 6m thông Thới An 13",6.45,"Đường Thới An 13, Phường Thới An, Quận 12, Hồ Chí Minh",93.0,5.0,4.0,3.0,Sổ hồng,2025-11-20
Nhà đẹp SHR 5m x 10m. Đúc 1 Lầu Tặng full Nội Thất 1/ Ngắn Đường Thới An 11,4.57,"Đường Thới An 11, Phường Thới An, Quận 12, Hồ Chí Minh",48.0,2.0,2.0,2.0,Sổ hồng,2025-11-25
Nhà phố 3 tầng Hẻm 7m Đường Thới An 16. Ngay Ngã ba Lê Văn Khương,5.68,"Đường Thới An 16, Phường Thới An, Quận 12, Hồ Chí Minh",51.0,4.0,3.0,3.0,Sổ hồng,2025-11-18
"Nhà phố 3 tầng 4m Nở hậu 5,5m x 15m. 1/ Hẻm 6m Đường Nguyễn Thị Đặng",5.89,"Đường Nguyễn Thị Đặng, Phường Hiệp Thành, Quận 12, Hồ Chí Minh",63.0,4.0,3.0,3.0,Sổ hồng,2025-11-26
Nhà Khu Phân Lô-Bùi Văn Ngữ Q12-6m x 14m-96m2 - Nhỉnh 5 ty thương lượng,5.6,"Đường Bùi Văn Ngữ, Phường Hiệp Thành, Quận 12, Hồ Chí Minh",84.0,4.0,4.0,3.0,Sổ hồng,2025-11-27
Nhà phố 3 tầng hẻm 6m Đường Nguyễn Thị Kiểu. Ngay Trường Lê Văn Thọ,5.95,"Đường Nguyễn Thị Kiểu, Phường Hiệp Thành, Quận 12, Hồ Chí Minh",52.0,4.0,3.0,3.0,Sổ hồng,2025-11-23
"Nhà phố diện tích khủng 4,7m x 33m. 3 tầng hẻm nhựa 12m đường Nguyễn Ảnh Thủ",6.48,"Đường Nguyễn Ảnh Thủ, Phường Hiệp Thành, Quận 12, Hồ Chí Minh",86.0,4.0,5.0,3.0,Sổ hồng,2025-11-23
Biệt thự mini 9m x 19m 2 lầu đường 10m thông khu biệt thự Lê Văn Khương. Sát bia Tiger,12.99,"Đường Lê Văn Khương, Phường Hiệp Thành, Quận 12, Hồ Chí Minh",171.0,3.0,4.0,3.0,Sổ hồng,2025-11-20
"Siêu phẩm 5 tầng 4m x 28m. Có thang máy, sân vườn chill Đường Thạnh Xuân 25",9.98,"Đường Thạnh Xuân 25, Phường Thạnh Xuân, Quận 12, Hồ Chí Minh",110.0,4.0,6.0,5.0,Sổ hồng,2025-11-16
Lên sóng siêu phẩm 4 tầng full nội thất đường nhựa 8m đường Huỳnh Thị Hai,6.25,"Đường Huỳnh Thị Hai, Phường Tân Chánh Hiệp, Quận 12, Hồ Chí Minh",57.0,4.0,4.0,4.0,Sổ hồng,2025-11-15
Siêu phẩm 4 tầng full nội thất hẻm nhựa 6m thông đường Tân Chánh Hiệp 10,7.5,"Hẻm 403, Đường Tân Chánh Hiệp 10, Phường Tân Chánh Hiệp, Quận 12, Hồ Chí Minh",55.0,4.0,5.0,4.0,Sổ hồng,2025-11-20
Lên sóng 05 căn siêu phẩm 4 tầng có thang máy hẻm nhựa 8m thông Lê Thị Riêng,7.68,"Đường Lê Thị Riêng, Phường Thới An, Quận 12, Hồ Chí Minh",68.0,4.0,6.0,4.0,Sổ hồng,2025-11-14
Siêu phẩm 4m x 25m. Có sần vườn 4 tầng full nội thất 1/ hẻm nhựa 8m đường TCH 18,7.59,"Đường Tân Chánh Hiệp 18, Phường Tân Chánh Hiệp, Quận 12, Hồ Chí Minh",100.0,4.0,6.0,5.0,Sổ hồng,2025-11-18
"Nhà phố 4,2m nở hậu 5,2m x 17m. Đúc 3 lầu 1/ Hẻm nhựa 7m đường Hiệp Thành 07",5.79,"Đường Hiệp Thành 7, Phường Hiệp Thành, Quận 12, Hồ Chí Minh",74.0,4.0,5.0,3.0,Sổ hồng,2025-11-19
Siêu phẩm 4m x 20m. 5 tầng Ô thang máy Full Nội Thất Hẻm nhựa 10m Đường Trần Thị Năm ( TCH 10),7.78,"Đường Trần Thị Năm, Phường Tân Chánh Hiệp, Quận 12, Hồ Chí Minh",80.0,4.0,6.0,5.0,Sổ hồng,2025-11-16
"Nhà phố 1 lửng 3 lầu, full nội thất hẻm 8m thông Nguyễn Ảnh Thủ",6.15,"Đường Nguyễn Ảnh Thủ, Phường Hiệp Thành, Quận 12, Hồ Chí Minh",55.0,4.0,5.0,4.0,Sổ hồng,2025-11-19
Nhà phố 1 lửng 2 lầu Full nội thất 1/ Hẻm nhựa 7m KDC đồng Bộ Hiệp Thành 05,4.85,"Đường Hiệp Thành 5, Phường Hiệp Thành, Quận 12, Hồ Chí Minh",45.0,3.0,3.0,3.0,Sổ hồng,2025-11-20
"Bán nhà hẻm xe hơi 1 / đường Phan Văn Hớn gần Cầu Tham Lương Q12, giá: 979tr",0.979,"Đường Phan Văn Hớn, Phường Tân Thới Nhất, Quận 12, Hồ Chí Minh",24.0,2.0,1.0,2.0,Sổ hồng,2025-11-25
"Nhà Đẹp SHR 4,2m x 11m, 46,2m2, đúc 1 lầu 1/ ngắn hẻm xe hơi Tân Thới Hiệp 9",4.58,"Đường Tân Thới Hiệp 9, Phường Tân Thới Hiệp, Quận 12, Hồ Chí Minh",46.0,2.0,2.0,2.0,Sổ hồng,2025-11-26
Bán nhà cấp 4 tạm hẻm 5m thông hai mặt diện tích 6x15 hướng Đông giá 5.750ty LH0919 147 ***,5.75,"Đường Lâm Thị Hố, Phường Tân Chánh Hiệp, Quận 12, Hồ Chí Minh",90.0,1.0,1.0,1.0,Sổ hồng,2025-11-27
"Bán SH riêng 264m2, giá 12,55 tỷ, Hương Lộ 80, Hiệp Thành, Q12, HCM, đường 8m, LH0919 147 ***",12.55,"Đường Hương lộ  80, Phường Hiệp Thành, Quận 12, Hồ Chí Minh",264.0,2.0,1.0,1.0,Sổ hồng,2025-11-27
"Bán gấp nhà riêng tại Tân Chánh Hiệp 13, Huỳnh thị hai 3,85 tỷ, 59m2, 3PN, 2WC kh0919 147 ***",3.85,"Đường Tân Chánh Hiệp 13, Phường Tân Chánh Hiệp, Quận 12, Hồ Chí Minh",59.0,3.0,2.0,2.0,Sổ hồng,2025-11-17
Nhà sổ hồng riêng đường Tô Ký - Giá tốt,3.35,"Đường Tô Ký, Phường Trung Mỹ Tây, Quận 12, Hồ Chí Minh",38.0,2.0,2.0,2.0,Sổ hồng,2025-11-18
"Bán NR 3 tầng 4PN, 3WC ở Trần Thị Năm, Tân Chánh Hiệp, Q12, HCM chỉ với 1,688 tỷ",1.69,"Đường Trần Thị Năm, Phường Tân Chánh Hiệp, Quận 12, Hồ Chí Minh",78.0,4.0,3.0,3.0,Giấy tờ không xác định,2025-11-27
Chính chủ bán nhà trệt lầu gần Gò Vấp,0.5,"Đường Thới An 35, Phường Thới An, Quận 12, Hồ Chí Minh",20.0,1.0,1.0,2.0,Giấy tờ không xác định,2025-11-11
"Nhà nở hậu 118m2, 3 tầng, hẻm xe hơi, giá nhỉnh 6 tỷ",6.5,"Trường Chinh, Đông Hưng Thuận, Quận 12, Hồ Chí Minh",120.0,4.0,5.0,3.0,Sổ hồng,2025-11-22
5.4 tỷ - Căn góc TL26 (7m* 12m) - Ngã tư Ga 500m - phường Thạnh Lộc - Quận 12,5.4,"Đường Thạnh Lộc 26, Phường Thạnh Lộc, Quận 12, Hồ Chí Minh",85.0,3.0,4.0,3.0,Sổ hồng,2025-11-26
"BÁN NHÀ ĐẸP 1/ LÊ VĂN KHƯƠNG, FUN NỘI THẤT,NHÀ 3 LẦU , 4 PN DT:4*14",6.0,"Đường Lê Văn Khương, Phường Thới An, Quận 12, Hồ Chí Minh",54.0,4.0,5.0,4.0,Sổ hồng,2025-11-24
Bán Nhà 75m2 - 4 tầng - TCH35 - P. Trung Mỹ Tây - Quận 12,5.8,"Đường Tân Chánh Hiệp 35, Phường Trung Mỹ Tây, Quận 12, Hồ Chí Minh",75.0,5.0,4.0,4.0,Sổ hồng,2025-11-27
"Nhà 2 tầng HXH ở ngay khỏi sữa giá mềm trong khu đường Số 15, Q. Bình Tân, vị trí đẹp",3.58,"Đường Số 15, Phường Bình Hưng Hòa, Bình Tân, Hồ Chí Minh",32.0,2.0,2.0,2.0,Sổ hồng,2025-11-26
Chính chủ cần bán nhà 1 trệt 2 lầu mặt tiền đường Liên Khu 2 - 10 ngay Gò Xoài. LH0785 299 ***,7.5,"Đường Liên Khu 2-10, Phường Bình Hưng Hòa A, Bình Tân, Hồ Chí Minh",60.0,5.0,4.0,3.0,Giấy tờ không xác định,2025-11-21
"Bán nhà riêng HXH 267 Lê Đình CẩnBán nhà riêng HXH 267 Lê Đình Cẩn, Tân Tạo, Bình Tân - 66m2",5.6,"HXH 267// đường Lê Đình Cẩn, Phường Tân Tạo, Bình Tân, Hồ Chí Minh",66.0,3.0,2.0,2.0,Sổ hồng,2025-11-24
"Bán nhà đường số 3, phường BHH, Bình Tân, gần siêu thị Aeon mall Tân Phú",5.95,"Số 3, Bình Hưng Hòa, Bình Tân, Hồ Chí Minh",60.0,3.0,4.0,2.0,Sổ hồng,2025-11-25
"Bán nhà Phan Anh giáp Tân Phú. Đầm Sen, 40m2 kế hẻm xe hơi thông tứ tung. Giá 3.6 tỷ",3.6,"Đường Phan Anh, Phường Bình Trị Đông, Bình Tân, Hồ Chí Minh",40.0,2.0,2.0,2.0,Sổ hồng,2025-11-24
Căn góc 2 mặt tiền đường nội bộ 8m giá chỉ 3.75 tỷ sát khu nam hùng vương,3.75,"Đường Số 4, Phường An Lạc, Bình Tân, Hồ Chí Minh",64.0,1.0,1.0,2.0,Sổ hồng,2025-11-25
"Bán gấp nhà hẻm xe tải, 1 sẹc, B. T. Đông, Bình Tân, 5x22 - sát chợ, nhà đẹp ở ngay! Chỉ 5,29 tỷ",5.29,"Phường Bình Trị Đông, Bình Tân, Hồ Chí Minh",115.0,5.0,4.0,3.0,Sổ hồng,2025-11-25
"Bán nhà Hương Lộ 2 - Gần chợ Ngã Tư Bốn Xã - 54m - Trệt lầu, 2PN, Hẻm 4m tiện đi về các quận TT",5.0,"Đường Hương lộ 2, Phường Bình Trị Đông, Bình Tân, Hồ Chí Minh",54.0,2.0,3.0,2.0,Sổ hồng,2025-11-23
Bán nhà 65m2 2 tầng full nội thất - Hồ Học Lãm - Gần chợ - Dọn vô ở ngay chỉ 4.088 tỷ,4.09,"Phường An Lạc, Bình Tân, Hồ Chí Minh",65.0,3.0,2.0,2.0,Sổ hồng,2025-11-20
"Bán nhà mặt tiền hẻm 8m Võ Văn Kiệt, hẻm thông 173 An Dương Vương, vừa ở vừa có phòng trọ cho thuê",11.5,"Đường Võ Văn Kiệt, Phường An Lạc, Bình Tân, Hồ Chí Minh",145.0,15.0,14.0,2.0,Sổ hồng,2025-11-22
"Cơ hội hiếm có: Nhà + 4 căn trọ, hẻm xe hơi, vị trí vàng Quận Bình Tân",14.8,"Phường An Lạc, Bình Tân, Hồ Chí Minh",137.0,4.0,4.0,2.0,Sổ hồng,2025-11-24
SIÊU PHẨM HXH 7M - 5 TẦNG ( 84M2 ) - NGANG 4M ( NỞ HẬU 7.5M ) - CẠNH BÊN AEON - GIÁ : 9 TỶ 5,9.5,"Đường Hương lộ 2, Phường Bình Trị Đông A, Bình Tân, Hồ Chí Minh",84.0,5.0,6.0,5.0,Sổ hồng,2025-11-18
Nhà lung linh chờ chủ xinh rước về đón tết,8.4,"Đường Tân Kỳ Tân Quý, Phường Bình Hưng Hòa, Bình Tân, Hồ Chí Minh",56.0,4.0,4.0,5.0,Sổ hồng,2025-11-21
"Vừa Ở, Làm Cty, KD, 5 Tầng, Thang Máy, Full nội thất, Đường Hương Lộ 2, Sổ hồng hoàn công đủ",7.6,"Đường Hương lộ 2, Phường Bình Trị Đông, Bình Tân, Hồ Chí Minh",75.0,5.0,5.0,5.0,Sổ hồng,2025-11-21
"Bán nhà hẻm 700/ Tỉnh Lộ 10, DT 4.6 x 17m, 2 tấm, 5.6 tỷ. Gần Aeon Mall",5.6,"Hẻm 700/, Đường Tỉnh Lộ 10, Phường Bình Trị Đông, Bình Tân, Hồ Chí Minh",75.0,3.0,3.0,2.0,Sổ hồng,2025-11-20
"SIÊU PHẨM 3PN GIÁP QUẬN 6 DIỆN TÍCH KHỦNG 64,5m² HẺM Ô TÔ QUAY ĐẦU- NHÀ MỚI DỌN VÔ Ở NGAY",5.55,"Đường Chiến Lược, Phường Bình Trị Đông, Bình Tân, Hồ Chí Minh",65.0,3.0,2.0,2.0,Sổ hồng,2025-11-18
"Nhà Bình Tân, Hương Lộ 2. Khu phân lô đồng bộ. Ô tô đậu cửa",7.2,"Đường Hương lộ 2, Phường Bình Trị Đông, Bình Tân, Hồ Chí Minh",51.0,5.0,5.0,5.0,Sổ hồng,2025-11-18
BÌNH TÂN BÙI TƯ TOÀN - HẺM ÔTO THÔNG - NHÀ ĐẸP 4 TẦNG (68m2) 4PN Chỉ : 6.6 TỶ (TL) SHR,6.6,"Đường Bùi Tư Toàn, Phường An Lạc, Bình Tân, Hồ Chí Minh",68.0,4.0,3.0,4.0,Sổ hồng,2025-11-20
NGỘP BANK GIẢM MẠNH 900TR - 81M (4x20) - 4 TẦNG - 5PN - HẺM XE TẢI QUAY ĐẦU - HOÀN CÔNG ĐỦ,7.59,"Đường Lê Đình Cẩn, Phường Tân Tạo, Bình Tân, Hồ Chí Minh",81.0,5.0,4.0,4.0,Sổ hồng,2025-11-27
"Bán nhà 5 tầng, 4x15, hẻm xe tải 8m thông, đường Hương Lộ 2, Giá Nhỉnh 7 Tỷ xíu ( thươg lượng)",7.0,"Đường Hương lộ 2, Phường Bình Trị Đông, Bình Tân, Hồ Chí Minh",60.0,7.0,4.0,5.0,Sổ hồng,2025-11-21
"Bán nhà Hẻm xe tải 12m, 4.5x12 - Ngay Đại Lộ Võ Văn Kiệt - Nguyễn Quý Yêm, Giá chỉ nhỉnh 4 tỷ xíu",4.0,"Phường An Lạc, Bình Tân, Hồ Chí Minh",53.0,2.0,2.0,2.0,Sổ hồng,2025-11-19
"Siêu Phẩm HXH 8m Có Lề - Hương Lộ 2 - Bình Tân - 5 Tầng - 4x15 - Hướng Đông - Chỉ 7,8T(TL)",7.8,"Đường Hương lộ 2, Phường Bình Trị Đông A, Bình Tân, Hồ Chí Minh",59.0,6.0,6.0,5.0,Sổ hồng,2025-11-27
"Bán nhà phố căn góc tại đường Hương Lộ 2) 5,96 tỷ, DT 60m2, 3,5 tấm 5PN, 3WC, hẻm 8m thông",5.96,"1/, Đường Hương lộ 2, Phường Bình Trị Đông A, Bình Tân, Hồ Chí Minh",60.0,5.0,3.0,3.0,Sổ hồng,2025-11-24
Nhà Phan Anh - 3 Tầng (72M2) 4PN - Giáp Tân Phú - Đường Ôtô- Nội thất cao cấp Chỉ:9.99 TỶ (TL) shr,9.99,"Đường Phan Anh, Phường Bình Trị Đông, Bình Tân, Hồ Chí Minh",72.0,4.0,4.0,3.0,Sổ hồng,2025-11-18
"Bán Nhà riêng 3 mặt hẻm dt 182m2, 16 tỷ tại Đường Số 4, Bình Hưng Hòa A, Bình Tân, HCM",16.0,"Đường Số 4, Phường Bình Hưng Hòa A, Bình Tân, Hồ Chí Minh",182.0,2.0,2.0,2.0,Sổ hồng,2025-11-24
HÀNG HIẾM! NHÀ ĐẸP NHẤT TẦM GIÁ 5 TỶ 888 TL - 4PN 4WC - NỘI THẤT CAO CẤP - HƯỚNG TÂY,5.89,"Đường Mã Lò, Phường Bình Hưng Hòa A, Bình Tân, Hồ Chí Minh",56.0,4.0,4.0,3.0,Sổ hồng,2025-11-26
NHÀ MỚI 2 TẦNG DỌN VÀO Ở NGAY GẦN TRUNG TÂM GẦN CHỢ GẦN TRƯỜNG HỌC KHU DÂN TRÍ CAO,4.4,"Đường Liên khu 4-5, Phường Bình Hưng Hòa B, Bình Tân, Hồ Chí Minh",60.0,2.0,2.0,2.0,Sổ hồng,2025-11-27
"Nhà bán khu phân lô hẻm xe hơi thông, 5 tầng đẹp lung linh, 4,2m X 15m (62m2)khu vip Lê Văn Quới",7.1,"Đường Lê Văn Quới, Phường Bình Hưng Hòa A, Bình Tân, Hồ Chí Minh",62.0,5.0,5.0,5.0,Sổ hồng,2025-11-27
"Siêu phẩm 688 Hương Lộ 2 - DT 4 x 14m, XD 5lầu chỉ nhỉnh 7tỷ",7.5,"Đường 688, Đường Hương lộ 2, Phường Bình Trị Đông A, Bình Tân, Hồ Chí Minh",56.0,5.0,5.0,4.0,Sổ hồng,2025-11-15
"Biệt thự đẹp 4 tầng, 355m2 - hẻm 6m Phan Anh - giá 24 tỷ",24.0,"Đường Phan Anh, Phường Bình Trị Đông, Bình Tân, Hồ Chí Minh",355.0,9.0,9.0,4.0,Sổ hồng,2025-11-27
"CHDV 5 tầng Liên Khu 4 - 5, 104m2 (8x13) HXH 1 trục - doanh thu 40tr/th",8.8,"Đường Liên khu 4-5, Phường Bình Hưng Hòa B, Bình Tân, Hồ Chí Minh",104.0,15.0,15.0,5.0,Sổ hồng,2025-11-27
Căn góc hẻm xe hơi đường Nguyễn Thị Tú 5x13.1m gác lửng,3.78,"Đường Nguyễn Thị Tú, Phường Bình Hưng Hòa B, Bình Tân, Hồ Chí Minh",65.0,2.0,2.0,2.0,Sổ hồng,2025-11-26
BÁN NHÀ LUNG LINH TẶNG FULL NỘI THẤT- 4x14 - 4 TẦNG - LÊ VĂN QUỚI + HL2 - DƯỚI 6TỶ,5.9,"Đường Lê Văn Quới, Phường Bình Trị Đông A, Bình Tân, Hồ Chí Minh",56.0,4.0,4.0,4.0,Sổ hồng,2025-11-27
"Nhà mới 100% full nội thất 5 tầng, hẻm xe tải 7m Hương Lộ 2  Lê Văn Quới, vào ở ngay",7.7,"Bình Trị Đông A, Bình Tân, Hồ Chí Minh",57.0,5.0,6.0,5.0,Sổ hồng,2025-11-27
"Bán villa Bình Tân, Lê Văn Quới - nhà 4 tầng - diện tích 88m2 - xe hơi ngủ trong nhà",7.7,"Đường Lê Văn Quới, Phường Bình Hưng Hòa A, Bình Tân, Hồ Chí Minh",88.0,4.0,2.0,4.0,Sổ hồng,2025-11-25
Bán nhà hẻm 3m Bùi Hữu Diện 4.6x9 1 lầu giá 4.7 tỷ TL,4.7,"Phường An Lạc A, Bình Tân, Hồ Chí Minh",41.0,2.0,2.0,1.0,Sổ hồng,2025-11-27
"Bán nhà 2 mặt tiền hẻm Lê Công Phép, P. An Lạc, BT giáp Q6 ( có sân riêng trước nhà )",5.4,"Đường Lê Công Phép, Phường An Lạc, Bình Tân, Hồ Chí Minh",47.0,4.0,3.0,4.0,Sổ hồng,2025-11-27
"Lê Văn Quới - Bình Tân, nhà 3 tầng, DT 8x12, sổ vuông, đường 6m, giá 8.x tỷ",8.0,"Đường Lê Văn Quới, Phường Bình Hưng Hòa, Bình Tân, Hồ Chí Minh",96.0,5.0,6.0,3.0,Sổ hồng,2025-11-27
"Ngay Mã Lò- Lê văn Quới, 64m2, 4 tầng, tặng nội thất, hẻm 6m, giáp tân phú, cửa bằng gỗ căm xe",5.89,"Đường Mã Lò, Phường Bình Hưng Hòa A, Bình Tân, Hồ Chí Minh",64.0,4.0,5.0,4.0,Sổ hồng,2025-11-27
Nhà 6.3x12m 1 trệt lửng 2 lầu st 4PN 5WC HXH Đường Số 8 - BHHA - Bình Tân,7.5,"Đường Số 8, Phường Bình Hưng Hòa A, Bình Tân, Hồ Chí Minh",67.0,4.0,5.0,4.0,Sổ hồng,2025-11-25
Siêu phẩm nhà phố 4 tầng (64m2) BTCT kiên cố - đường ô tô 8m - 5PN - giá: Chỉ 7.9 tỷ,7.9,"Đường Nguyễn Quý Yêm, Phường An Lạc, Bình Tân, Hồ Chí Minh",64.0,5.0,4.0,4.0,Sổ hồng,2025-11-27
GIẢM SỐC 300 TRIỆU- NHÀ 3 TẦNG- HẺM XE HƠI -GẦN LÊ TRỌNG TẤN- GẦN 90M NGANG KHỦNG 6M- NHỈNH 7T,7.2,"Đường Phạm Đăng Giảng, Phường Bình Hưng Hòa, Bình Tân, Hồ Chí Minh",88.0,4.0,3.0,3.0,Sổ hồng,2025-11-27
BIỆT THỰ MINI - 5 TẦNG MỚI - GÒ XOÀI - ĐƯỜNG 10M (64M2) 4PN : Chỉ 9.7 Tỷ Chính chủ đang ở - SHR,9.7,"Đường Gò Xoài, Phường Bình Trị Đông, Bình Tân, Hồ Chí Minh",64.0,5.0,4.0,5.0,Sổ hồng,2025-11-24
"Hot, Bán gấp nhà riêng Phan Anh, BTân, 44m2, 4 tầng mới đẹp, hẻm xe hơi đỗ cửa, nhỉnh 5 tỷ xíu.",5.2,"Đường Phan Anh, Phường Bình Trị Đông, Bình Tân, Hồ Chí Minh",44.0,4.0,3.0,4.0,Sổ hồng,2025-11-25
"Bán Nhà riêng tại Đường Tân Hòa Đông, Bình Trị Đông, Bình Tân, TP.HCM, 4xxt, 40 m2 giá ưu đãi",4.01,"Đường Tân Hòa Đông, Phường Bình Trị Đông, Bình Tân, Hồ Chí Minh",40.0,2.0,2.0,2.0,Sổ hồng,2025-11-27
"CHỈ 5.05 TỶ - NHÀ 2 TẦNG MỚI ĐẸP 2PN 4X13M-HẺM 3M SÁT ĐƯỜNG XE HƠI - GIÁP ĐƯỜNG 29, VÀNH ĐAI TRONG",5.05,"Đường Tỉnh Lộ 10, Phường An Lạc, Bình Tân, Hồ Chí Minh",52.0,2.0,2.0,2.0,Sổ hồng,2025-11-27
"Biệt thự góc 2 mặt tiền đường khu Ao Sen Tên Lửa, khu Biệt thự an ninh sang trọng",34.0,"Đường Số 32, Phường Bình Trị Đông B, Bình Tân, Hồ Chí Minh",200.0,5.0,6.0,3.0,Sổ hồng,2025-11-27
"Nhà đẹp Bình Hưng Hoà B 1 trệt 2 lầu, hẻm ô tô, giá chỉ 5.35 tỷ",5.35,"Đường Liên Khu 5-6, Phường Bình Hưng Hòa B, Bình Tân, Hồ Chí Minh",72.0,4.0,4.0,3.0,Sổ hồng,2025-11-27
"Mặt phố Phan Anh 96m2 xe tải tránh, lô góc 2 mặt thoáng 8m mặt đường 5 tầng ngang hiếm 9. xtỷ",9.6,"Đường Phan Anh, Phường Bình Trị Đông, Bình Tân, Hồ Chí Minh",96.0,7.0,6.0,5.0,Sổ hồng,2025-11-27
"Nhà đẹp đường Gò Xoài, P Bình Hưng Hòa A Bình Tân 5 tầng có thang máy, giá 9.5 tỷ thương lượng",9.5,"Đường Gò Xoài, Phường Bình Hưng Hòa A, Bình Tân, Hồ Chí Minh",58.0,4.0,2.0,5.0,Sổ hồng,2025-11-26
"Nhà đẹp ở ngay Tỉnh lộ 10, DT 53m2 - 5tầng - 4PN. Giá 7.2 tỷ. Khu phân lô, an ninh tốt, dân trí cao",7.2,"Đường Tỉnh Lộ 10, Phường Tân Tạo, Bình Tân, Hồ Chí Minh",53.0,4.0,5.0,5.0,Sổ hồng,2025-11-27
"Bán gấp nhà riêng 100m2, 8,8 tỷ, 7PN, 7WC tại Lê Công Phép, Bình Tân, TP.HCM",8.8,"Đường Lê Công Phép, Phường An Lạc, Bình Tân, Hồ Chí Minh",100.0,7.0,7.0,5.0,Sổ hồng,2025-11-27
"Bán nhà 1/ đường Tân Hoà Đông, diện tích: 10m * 28m, hẻm 8m",17.2,"Đường Tân Hòa Đông, Phường Bình Trị Đông, Bình Tân, Hồ Chí Minh",280.0,1.0,1.0,1.0,Sổ hồng,2025-11-25
"Bán nhà 2 mặt tiền đường 12m, An Lạc, Bình Tân",6.95,"Đường Nguyễn Quý Yêm, Phường An Lạc, Bình Tân, Hồ Chí Minh",98.0,5.0,5.0,3.0,Sổ hồng,2025-11-27
"Chỉ 4,98 tỷ nhà 2 tầng đẹp lung linh HXH vài bước ra mặt tiền 48m2 (4x12)m 2PN, 2WC",4.98,"Đường Số 5A, Phường Bình Hưng Hòa A, Bình Tân, Hồ Chí Minh",48.0,2.0,2.0,2.0,Sổ hồng,2025-11-27
"Chỉ 6 tỷ nhà mới ngay công viên, trường học KDC Vĩnh Lộc, Bình Tân",6.6,"Đường Bình Thành, Phường Bình Hưng Hòa B, Bình Tân, Hồ Chí Minh",60.0,4.0,5.0,5.0,Sổ hồng,2025-11-27
"Bán nhà đường Mã Lò, Bình Tân  diện tích 4x14m  hướng Tây  giá 7.6 tỷ thương lượng",7.6,"Mã Lò, Bình Trị Đông, Bình Tân, Hồ Chí Minh",56.0,4.0,5.0,5.0,Sổ hồng,2025-11-24
Bán 4x14m Hẻm 5m thông ngay ngã 4 gò mây - lê trọng tấn,4.5,"Đường Bình Thành, Phường Bình Hưng Hòa B, Bình Tân, Hồ Chí Minh",56.0,3.0,3.0,3.0,Sổ hồng,2025-11-20
"Bán nhà 2 mặt tiền hẻm xe hơi Tân Tạo, Bình Tân",5.7,"Đường Quốc lộ 1A, Phường Tân Tạo, Bình Tân, Hồ Chí Minh",81.0,4.0,2.0,2.0,Sổ hồng,2025-11-27
"Bán 3 căn nhà phố DT 4x18,5m đường Nguyễn Cửu Phú, 3PN, 3WC, giá 4 tỷ 500tr, SHR. LH0931 502 ***",4.5,"Đường Nguyễn Cửu Phú, Phường Tân Tạo A, Bình Tân, Hồ Chí Minh",74.0,3.0,3.0,2.0,Sổ hồng,2025-11-13
"Ngang lớn 7m (61m2) 4 tầng, nở hậu đẹp - Cạnh Lê Văn Quới, giá: 6 tỷ nhỉnh",6.8,"Đường Mã Lò, Phường Bình Trị Đông, Bình Tân, Hồ Chí Minh",61.0,5.0,3.0,4.0,Sổ hồng,2025-11-17
"Bán nhà 2 tầng, 4.5x15, hẻm 6m, Bình Trị Đông, sát Tên Lửa, Bình Tân, nhỉnh 5 tỷ",5.23,"Phường Bình Trị Đông, Bình Tân, Hồ Chí Minh",68.0,2.0,2.0,2.0,Sổ hồng,2025-11-27
"Chuyển công tác,bán nhà phố sân vườn mới xây 5 tầng,TK đẹp tinh tế, sang trọng,xanh,thoáng,mát,SHR",6.98,"14/1/2A, Đường Bia Truyền Thống, Phường Tân Tạo, Bình Tân, Hồ Chí Minh",55.0,5.0,6.0,5.0,Sổ hồng,2025-11-25
"BÁN NHÀ HẺM XE HƠI NGAY KHU TÊN LỬA, BÌNH TÂN",7.5,"Đường Tỉnh Lộ 10, Phường An Lạc, Bình Tân, Hồ Chí Minh",68.0,4.0,5.0,4.0,Sổ hồng,2025-11-27
"Chính chủ bán gấp nhà Tỉnh Lộ 10 giáp Tên Lửa AEON MALL [5.2m x 6.8m] 1 lầu nở hậu 2PN, 3WC",5.2,"Đường Tỉnh Lộ 10, Phường Tân Tạo, Bình Tân, Hồ Chí Minh",63.0,2.0,3.0,2.0,Sổ hồng,2025-11-25
Ngay Aeonmall Bình Tân 4 tầng (80m2) 4PN - MT nội bộ view công viên - ở và KD - chỉ: 14.8 tỷ SHR,14.8,"Đường Số 26, Phường Bình Trị Đông B, Bình Tân, Hồ Chí Minh",80.0,4.0,4.0,4.0,Sổ hồng,2025-11-20
"Nhà Lê Văn Quới hẻm thông giá chỉ 7,2 tỷ TL chính chủ",7.2,"Đường Lê Văn Quới, Phường Bình Hưng Hòa A, Bình Tân, Hồ Chí Minh",62.0,5.0,5.0,4.0,Sổ hồng,2025-11-25
NHÀ RẺ RẺ ƠI LÀ RẺ CÓ NGAY SANG XIN MỊN GIÁ SÓC 4180,4.18,"Đường Số 8, Phường Bình Hưng Hòa B, Bình Tân, Hồ Chí Minh",40.0,2.0,2.0,2.0,Sổ hồng,2025-11-25
"Bán nhà hẻm 131 đường 26/3 phường Bình Hưng Hoà, Quận Bình Tân (5mx10m - giá 4.25 tỷ)",4.25,"Hẻm 131, Đường 26/3, Phường Bình Hưng Hòa, Bình Tân, Hồ Chí Minh",50.0,1.0,1.0,3.0,Sổ hồng,2025-11-27
Mã Lò - Chủ tự xây tâm huyết - 51m2 (4.2x12) 3 tầng BTCT - 4.275 tỷ xíu nhỏ,4.28,"Đường Mã Lò, Phường Bình Trị Đông A, Bình Tân, Hồ Chí Minh",51.0,2.0,2.0,3.0,Sổ hồng,2025-11-26
"Bán nhà Bình Tân - Ngang 6.5m. HH 60 triệu nhận đủ. Bán nhà 2 mặt tiền hẻm Lê Công Phép, P. An lạc",5.4,"Đường Lê Công Phép, Phường An Lạc, Bình Tân, Hồ Chí Minh",47.0,4.0,3.0,3.0,Sổ hồng,2025-11-24
Siêu phẩm biệt thự mini ngang 8m giá chỉ 7 tỷ,7.0,"Đường 6, Phường Bình Hưng Hòa B, Bình Tân, Hồ Chí Minh",97.0,7.0,4.0,3.0,Sổ hồng,2025-11-25
"Bán Nhà 2 Tầng Hương Lộ 2 Đường 20m 2 Sổ Riêng 8x20m Giá Tốt 10,9 Tỷ SHR",10.9,"Đường Hương lộ 2, Phường Bình Trị Đông A, Bình Tân, Hồ Chí Minh",160.0,2.0,3.0,2.0,Sổ hồng,2025-11-15
"Giá tốt 4,44 tỷ nhà mới xây khu phân lô đường Võ Trần Chí gần khu Tên Lửa 50m2 4 tầng SHR",4.44,"Đường Võ Trần Chí, Phường Tân Tạo, Bình Tân, Hồ Chí Minh",50.0,4.0,5.0,4.0,Sổ hồng,2025-11-23
"Giảm Mạnh 4 Tỷ Bán Nhanh Biệt thự Nguyễn Thị Tú 10x25m Hầm 5 Tầng Hồ Bơi Thang Máy Giá Tốt 17,9 Tỷ",17.9,"Đường Nguyễn Thị Tú, Phường Bình Hưng Hòa B, Bình Tân, Hồ Chí Minh",250.0,4.0,6.0,5.0,Sổ hồng,2025-11-15
"Nhà góc 2 mặt tiền khu phân lô đường Lê Đình Cẩn 55m2 5 tầng full nội thất giá tốt 7,8 tỷ SHR",7.8,"Đường Lê Đình Cẩn, Phường Tân Tạo, Bình Tân, Hồ Chí Minh",55.0,4.0,5.0,5.0,Sổ hồng,2025-11-17
"Mới xây 5 tầng, 79m2 (5.7x14), 6PN, hẻm xe tải 1/ thông, sát MT HL2 Bình Tân, kế Bốn Xã - BV quận",8.1,"Đường Hương lộ 2, Phường Bình Trị Đông, Bình Tân, Hồ Chí Minh",79.0,6.0,5.0,5.0,Sổ hồng,2025-11-27
"Nhà mới xây HXH gần Aeon Tân Phú khu đồng bộ 55m2 4 tầng giá tốt 5,99 tỷ SHR",5.99,"Đường 26/3, Phường Bình Hưng Hòa, Bình Tân, Hồ Chí Minh",55.0,4.0,5.0,4.0,Sổ hồng,2025-11-16
"Nhà Sổ hồng riêng chính chủ gần Nhà thiếu nhi Bình Tân giá 3 tỷ thương lượng, cho thuê 9tr/tháng",3.0,"Đường Lê Cơ, Phường An Lạc, Bình Tân, Hồ Chí Minh",42.0,3.0,3.0,2.0,Sổ hồng,2025-11-17
"Nhà mới xây HXH đường số 11 liền kề Aeon Tân Phú 56m2 5 tầng giá tốt 6,25 tỷ SHR",6.25,"Đường Số 11, Phường Bình Hưng Hòa, Bình Tân, Hồ Chí Minh",56.0,4.0,5.0,5.0,Sổ hồng,2025-11-17
"Nhà đường thông ra Kinh Dương Vương gần siêu thị GO giá 2 tỷ 890 thương lượng. Sổ riêng, hoàn công",2.89,"Đường Lê Tấn Bê, Phường An Lạc, Bình Tân, Hồ Chí Minh",40.0,3.0,3.0,2.0,Sổ hồng,2025-11-18
Chủ gửi nhà Sổ hồng riêng ngay Toà Án nhân dân Bình Tân giá 3 tỷ 300 thương lượng,3.3,"Đường Hồ Ngọc Lãm, Phường An Lạc, Bình Tân, Hồ Chí Minh",45.0,3.0,2.0,2.0,Sổ hồng,2025-11-26
"Nhà cho thuê 8tr/tháng, đường 5M thông sát bên Trường Trung học Tân Tạo giá 3 tỷ 350. Sổ hồng riêng",3.35,"Đường 10B, Phường Tân Tạo A, Bình Tân, Hồ Chí Minh",57.0,3.0,2.0,2.0,Sổ hồng,2025-11-25
"Nhà hẻm 5m, sổ hồng chuẩn riêng, giá 3 tỷ 200, nhà sát bên Nhà thờ thánh Phaolo, hỗ trợ vay 80%",3.2,"Đường Lâm Hoành, Phường An Lạc, Bình Tân, Hồ Chí Minh",46.0,3.0,3.0,2.0,Sổ hồng,2025-11-25
"Bán nhà 83m2 đường Tỉnh Lộ 10, Quận Bình Tân, 2 tầng, 4. x tỷ",4.95,"Đường Tỉnh Lộ 10, Phường An Lạc, Bình Tân, Hồ Chí Minh",83.0,3.0,3.0,2.0,Sổ hồng,2025-11-27
Cần bán nhà 4x15m 1 trệt 1 lầu đúc gác giả giá 3.8 tỷ có thương lượng đường Hương Lộ 2,3.8,"Đường Hương lộ 2, Phường Bình Trị Đông A, Bình Tân, Hồ Chí Minh",60.0,1.0,1.0,2.0,Sổ hồng,2025-11-27
"Nhà riêng tại Miếu Bình Đông, Bình Hưng Hòa A, Bình Tân, Hồ Chí Minh, 5,68 tỷ, 48m2, hot!",5.68,"Đường Miếu Bình Đông, Phường Bình Hưng Hòa A, Bình Tân, Hồ Chí Minh",48.0,5.0,4.0,4.0,Sổ hồng,2025-11-27
"Bán nhà còn mới 4 tầng, HXH, Bình Trị Đông, gần Aeon Tên Lửa, 36m², sổ 2024, giá tốt 4tỷ",4.8,"Phường Bình Trị Đông A, Bình Tân, Hồ Chí Minh",36.0,3.0,3.0,4.0,Sổ hồng,2025-11-27
"Bán Nhà Hẻm Ô Tô Hương Lộ 2, 5 Tầng Thang Máy, Full Nội Thất Nhỉnh 7 Tỷ TL",7.75,"Đường Hương lộ 2, Phường Bình Trị Đông A, Bình Tân, Hồ Chí Minh",76.0,4.0,4.0,5.0,Sổ hồng,2025-11-27
"Bán nhà hẻm ô tô Lê Văn Quới, 5 tầng hiện đại, 5PN nhỉnh 7 tỷ Tl",7.7,"Đường Hương lộ 2, Phường Bình Trị Đông A, Bình Tân, Hồ Chí Minh",57.0,5.0,4.0,5.0,Sổ hồng,2025-11-27
"BÁN TOÀ NHÀ CHDV GỒM 36P, HXH Thông Lê Đình Cẩn, DT 8x22m2, Chỉ 13,5Tỷ",13.5,"Đường Lê Đình Cẩn, Phường Tân Tạo, Bình Tân, Hồ Chí Minh",172.0,36.0,36.0,6.0,Sổ hồng,2025-11-27
"Đường xe hơi 6m - Nhà đúc 3 tầng - Cạnh Đầm Sen - DT: 4x14 (56m2) - chỉ 5,9 tỷ",5.9,"Đường Liên Khu 1-6, Phường Bình Trị Đông, Bình Tân, Hồ Chí Minh",56.0,4.0,3.0,3.0,Sổ hồng,2025-11-24
Liên Khu 4 - 5 hẻm 6m 4x11 không lộ giới không quy hoạch sổ đẹp,3.7,"Đường Liên khu 4-5, Phường Bình Hưng Hòa B, Bình Tân, Hồ Chí Minh",42.0,2.0,1.0,2.0,Sổ hồng,2025-11-27
Căn góc 2 mặt tiền đường (34) 5 tầng Khu Vip Tên Lửa 6x20m vị trí vàng đường rộng kinh doanh,22.6,"Đường Tên Lửa, Phường Bình Trị Đông B, Bình Tân, Hồ Chí Minh",120.0,5.0,6.0,5.0,Sổ hồng,2025-11-27
"Nhà hẻm 6m khu dân cư vip 688 Hương Lộ 2, 4x14m, đúc 4 tấm nội thất cao cấp",5.8,"Đường Hương lộ 2, Phường Bình Trị Đông, Bình Tân, Hồ Chí Minh",56.0,4.0,4.0,4.0,Sổ hồng,2025-11-12
"Ngộp cần bán gấp nhà 5 tầng góc đường 18b BHHA đang có dòng tiền chỉ 5,65 tỷ",5.65,"Đường 18B, Phường Bình Hưng Hòa A, Bình Tân, Hồ Chí Minh",53.0,6.0,7.0,5.0,Sổ hồng,2025-11-20
"Nhà hẻm thông một sẹc 8m đường Tên Lửa, 8x16m, 1 trệt 2 lầu đúc sân thượng",11.5,"Đường Tên Lửa, Phường Bình Trị Đông, Bình Tân, Hồ Chí Minh",128.0,5.0,4.0,3.0,Sổ hồng,2025-11-12
"Nhà hẻm một sẹc 5m gần đường Lê Văn Quới, 4x11m, 1 trệt 3 lầu đúc sân thượng",6.35,"Đường Lê Văn Quới, Phường Bình Hưng Hòa A, Bình Tân, Hồ Chí Minh",44.0,4.0,4.0,4.0,Sổ hồng,2025-11-25
"Bán nhà đường Tỉnh Lộ 10, chợ Bà Hom, tổng 60m2, giá 1,750 tỷ, Quận Bình Tân",1.75,"Đường Tỉnh Lộ 10, Phường Tân Tạo, Bình Tân, Hồ Chí Minh",30.0,2.0,2.0,2.0,Sổ hồng,2025-11-27
"BT - Bán đất 64m2(4x14) - Tặng nhà KDC Nam Long khu vip hiểm nhà bán, hẻm 2 ô tô tránh, Võ Văn Kiệt",5.39,"Phường An Lạc, Bình Tân, Hồ Chí Minh",60.0,2.0,2.0,2.0,Giấy tờ không xác định,2025-11-26
"Bán nhà riêng Đường Tỉnh Lộ 10, Tân Tạo, Bình Tân, Hồ Chí Minh.",1.75,"Đường Tỉnh Lộ 10, Phường Tân Tạo, Bình Tân, Hồ Chí Minh",30.0,2.0,2.0,2.0,Sổ hồng,2025-11-27
"BÁN NHÀ 4 TẦNG TỈNH LỘ 10 - (68m2) 4PN - HXH 6M Giáp khu Tên Lửa, Aeon Mall - Chỉ: 7.5 TỶ (TL)",7.5,"Đường Tỉnh Lộ 10, Phường Bình Trị Đông B, Bình Tân, Hồ Chí Minh",68.0,4.0,4.0,4.0,Sổ hồng,2025-11-20
NHÀ MỚI 5 TẦNG BTCT - (63m2) 6PN - 1 TRỤC LÊ VĂN QUỚI - KHU ĂN UỐNG SẦM UẤT - Chỉ : 8.7 tỷ (TL nhẹ),8.7,"Đường Lê Văn Quới, Phường Bình Hưng Hòa A, Bình Tân, Hồ Chí Minh",63.0,6.0,5.0,5.0,Sổ hồng,2025-11-25
"Nhà Nguyễn Quý Yêm(4x20)Đường 10m,KDC Nam Hùng Vương,Võ Văn Kiệt, Q6 ,Eaon .Giá giảm chỉ còn 6,9Tỷ",6.99,"Đường Nguyễn Quý Yêm, Phường An Lạc, Bình Tân, Hồ Chí Minh",80.0,3.0,3.0,2.0,Sổ hồng,2025-11-27
"Nhà hẻm thông 6m khu Lê Văn Quới, 4x17m, đúc 3,5 tấm",7.2,"Đường Mã Lò, Phường Bình Trị Đông, Bình Tân, Hồ Chí Minh",68.0,5.0,4.0,4.0,Sổ hồng,2025-11-27
Novaland Sài Gòn - 4m x 19m - thang máy 450kg - full nội thất - có sân oto - có phòng ngủ dưới trệt,6.6,"Đường Hương lộ 2, Phường Bình Trị Đông A, Bình Tân, Hồ Chí Minh",76.0,5.0,6.0,4.0,Sổ hồng,2025-11-25
"Hàng hiếm nhà góc 2 Mặt tiền KDC ngay chợ Bình Thành - Nguyễn Thị Tú - 4,5m x 15m - đường 6m thông",6.6,"Đường Nguyễn Thị Tú, Phường Bình Hưng Hòa B, Bình Tân, Hồ Chí Minh",68.0,4.0,5.0,4.0,Sổ hồng,2025-11-25
"HXH 7m thông ngay An Dương Vương, P. An Lạc - 80m2 ( 2 tầng ) không lộ giới - giả: 6 tỷ 8",6.8,"Đường Nguyễn Quý Yêm, Phường An Lạc, Bình Tân, Hồ Chí Minh",80.0,3.0,3.0,2.0,Sổ hồng,2025-11-21
"Bán biệt thự phố + CHDV Phan Anh, Bình Trị Đông, Bình Tân",24.0,"Đường Phan Anh, Phường Bình Trị Đông, Bình Tân, Hồ Chí Minh",355.0,20.0,20.0,4.0,Sổ hồng,2025-11-19
"4 TẦNG, HẺM XE HƠI HƯƠNG LỘ 2, LÊ VĂN QUỚI, NGANG LỚN 5,1x12, 4PN, PHÁP LÝ CHUẨN CHỈNH",6.39,"Đường Hương lộ 2, Phường Bình Trị Đông, Bình Tân, Hồ Chí Minh",60.0,4.0,4.0,4.0,Sổ hồng,2025-11-25
Nhanh! Nhà 1/ An Dương Vương-Khu cao cấp sang trọng-4.5x12-Trệt lửng 2 lầu sân thượng - Chỉ 7.1tỷ,7.1,"1/, Đường An Dương Vương, Phường An Lạc, Bình Tân, Hồ Chí Minh",51.0,4.0,3.0,4.0,Sổ hồng,2025-11-19
CHÍNH CHỦ TRANG BÌA SỔ NHÀ 3 TẦNG MỚI Ở NGAY SỔ VUÔNG A4 KHÔNG LỘ GIỚI - NGAY AEON TÂN PHÚ -80M,8.8,"Đường Hương Lộ 3, Phường Bình Hưng Hòa, Bình Tân, Hồ Chí Minh",80.0,4.0,3.0,3.0,Sổ hồng,2025-11-19
"Nhà 2 mặt hẻm xe hơi thông, ngay Bình Trị Đông, Lê Văn Quới, 4x22 vuông A4, giữ tiền dòng tiền đỉnh",6.8,"Đường Bình Trị Đông, Phường Bình Trị Đông, Bình Tân, Hồ Chí Minh",88.0,2.0,2.0,2.0,Sổ hồng,2025-11-26
"Hẻm xe tải sát MT Tỉnh Lộ 10, khu chợ Da Sà, 4,1x24m, sẵn dòng tiền, được xây 6T giữ tiền đỉnh",5.89,"Phường Bình Trị Đông, Bình Tân, Hồ Chí Minh",98.0,6.0,6.0,1.0,Sổ hồng,2025-11-26
"Hẻm xe hơi 1/ Tân Hoà Đông, giáp Q6, Tân Phú, 6x18m vuông, sẵn dòng tiền 15tr/th, giữ tiền đỉnh",7.49,"1/, Đường Tân Hòa Đông, Phường Bình Trị Đông, Bình Tân, Hồ Chí Minh",108.0,6.0,6.0,1.0,Sổ hồng,2025-11-26
"Lê Trọng Tấn - Bình Tân, nhà 5 tầng, DT 4x14, đường 6m, giá 7.x tỷ",7.0,"Đường Lê Trọng Tấn, Phường Bình Hưng Hòa, Bình Tân, Hồ Chí Minh",56.0,4.0,5.0,5.0,Sổ hồng,2025-11-17
"Bán gấp NR mặt tiền 5,5m, 4PN, 5WC, 74m2 tại Bình Thành, Bình Tân, 7,6 tỷ",7.6,"Đường Bình Thành, Phường Bình Hưng Hòa B, Bình Tân, Hồ Chí Minh",74.0,4.0,5.0,5.0,Sổ hồng,2025-11-14
"Hot! bán NR 5PN, 5WC, 64m2 tại Bình Thành, Bình Tân, 6 tỷ VND",6.0,"Đường Bình Thành, Phường Bình Hưng Hòa B, Bình Tân, Hồ Chí Minh",64.0,5.0,5.0,4.0,Sổ hồng,2025-11-16
"Tôi cần bán căn nhà đường Tăng Bạt Hổ, P11, Bình Thạnh, 78m2, sổ tôi đứng tên",3.79,"Đường Tăng Bạt Hổ, Phường 11, Bình Thạnh, Hồ Chí Minh, Giá 3Tỷ790",78.0,4.0,5.0,3.0,Sổ hồng,2025-11-23
"Bán nhà 1trệt 2lầu xây mới hẻm 1/ Phan Văn Trị, P. 11, Bình Thạnh, 51,2m2,4PN 4WC, HXH, 2tỉ550. SHR",2.55,"Hẻm 1/, Đường Phan Văn Trị, Phường 11, Bình Thạnh, Hồ Chí Minh",51.0,4.0,4.0,3.0,Sổ hồng,2025-11-22
Hiếm! Siêu phẩm ngay CX Công An tại Bùi Đình Túy - Ngang lớn 6x17m - HXH 6m - Giá đầu tư,12.7,"Đường Bùi Đình Túy, Phường 12, Bình Thạnh, Hồ Chí Minh",96.0,2.0,2.0,2.0,Sổ hồng,2025-11-22
"Bán nhà mới đẹp Xô Viết Nghệ Tĩnh, Bình Thạnh, 2PN, 2WC, giá chỉ 2,65 tỷ bớt lộc",2.65,"Đường Xô Viết Nghệ Tĩnh, Phường 19, Bình Thạnh, Hồ Chí Minh",20.0,2.0,2.0,3.0,Sổ hồng,2025-11-18
HXH 7 chỗ cách MT Lê Quang Định 1 căn nhà 93m2 chỉ 10 tỷ TL DT: 4.5mx19m nở hậu 6.7m giá đầu tư!,10.0,"Đường Lê Quang Định, Phường 7, Bình Thạnh, Hồ Chí Minh",93.0,4.0,3.0,2.0,Sổ hồng,2025-11-26
SIÊU PHẨM ĐƯỜNG 12M ĐẶNG THUỲ TRÂM P13 BÌNH THẠNH (4x20M) 2 TẦNG 3PN. GIÁ 13 TỶ THƯƠNG LƯỢNG MẠNH,13.0,"Đường Đặng Thùy Trâm, Phường 13, Bình Thạnh, Hồ Chí Minh",80.0,3.0,2.0,2.0,Sổ hồng,2025-11-26
"Căn góc không lộ giới hẻm 8m sát MT, 5 tầng sẵn 8PN full HĐT 40tr/th",11.2,"Đường Nơ Trang Long, Phường 13, Bình Thạnh, Hồ Chí Minh",60.0,8.0,8.0,5.0,Sổ hồng,2025-11-26
Siêu Phẩm 5 tầng - Sát Quận 1 - Căn góc 2MT - Hẻm xe hơi - 3PN - Full Nội Thất ở liền - Chỉ 7.66 tỷ,7.66,"Đường Xô Viết Nghệ Tĩnh, Phường 25, Bình Thạnh, Hồ Chí Minh",55.0,3.0,3.0,5.0,Sổ hồng,2025-11-21
39.9 tỷ - gần 100 triệu/m2 - hẻm xe hơi - Lê Quang Định - 15x25m/CN: 410m2 cấp 4 - CPXD: Hầm 6 tầng,39.9,"Đường Lê Quang Định, Phường 11, Bình Thạnh, Hồ Chí Minh",410.0,3.0,3.0,1.0,Sổ hồng,2025-11-25
Bán nhà 3 tầng hẻm 6m căn góc 2MT Bùi Đình Tuý- 11x30m)20phòng thu nhập 86tr/th. GPXD mới hầm 7tầng,37.5,"Đường Bùi Đình Túy, Phường 24, Bình Thạnh, Hồ Chí Minh",330.0,20.0,20.0,3.0,Sổ hồng,2025-11-25
"Bán nhà Chu Văn An, Bình Thạnh, 80m2, 3 lầu, 5 phòng đang cho thuê 30tr/tháng, 15 tỷ giảm 14.5Tỷ",15.0,"Đường Chu Văn An, Phường 26, Bình Thạnh, Hồ Chí Minh",80.0,5.0,5.0,3.0,Sổ hồng,2025-11-24
"BÁN NHÀ, NGANG 6M X 15,5M, KHU VÍP CAO CẤP, XÂY DỰNG KIỂU BIỆT THỰ, SINH KHÍ ĐÓN TÀI LỘC,",17.58,"Đường Đặng Thùy Trâm, Phường 13, Bình Thạnh, Hồ Chí Minh",93.0,5.0,5.0,4.0,Sổ hồng,2025-11-25
SÁT MẶT TIỀN - HẺM 6m TĂNG BẠT HỔ P11 BÌNH THẠNH - 2 MẶT TRƯỚC SAU - DT 5x11m -4 TẦNG- CHỈ 10 TỶ TL,10.0,"Đường Tăng Bạt Hổ, Phường 11, Bình Thạnh, Hồ Chí Minh",55.0,4.0,5.0,4.0,Sổ hồng,2025-11-24
"Bán gấp nhà cấp 4 HXH 150m2 không bị quy hoạch Vũ Tùng Bình Thạnh 12,5 tỷ ngộp bank 6 tỷ",12.5,"146, Đường Vũ Tùng, Phường 2, Bình Thạnh, Hồ Chí Minh",150.0,3.0,3.0,1.0,Sổ hồng,2025-11-24
"VỊ TRÍ TRUNG TÂM - KHU ĐỒNG BỘ ! BÁN NHÀ HXH NGAY PHAN ĐĂNG LƯU P6 Q.BT 5 TẦNG 4X15M CHỈ 10,8 TỶ TL",10.8,"Đường  Phan Đăng Lưu, Phường 6, Bình Thạnh, Hồ Chí Minh",60.0,7.0,6.0,5.0,Sổ hồng,2025-11-23
"Bán gấp nhà góc 2 mặt tiền ngõ Vũ Huy Tấn, P3, Bình Thạnh, giá chỉ 2,79 tỷ kinh doanh tốt",2.79,"Đường Vũ Huy Tấn, Phường 3, Bình Thạnh, Hồ Chí Minh",46.0,3.0,3.0,2.0,Sổ hồng,2025-11-23
Chính chủ đăng bán - 180/76A Xô Viết Nghệ Tĩnh - Bình Thạnh,4.9,"180/76A, Đường Xô Viết Nghệ Tĩnh, Phường 21, Bình Thạnh, Hồ Chí Minh",50.0,2.0,2.0,2.0,Sổ hồng,2025-11-17
"Chính chủ bán 186/34 Phan Văn Trị ~ 23m2, giá 2.5 tỷ TL",2.5,"186/34, Đường Phan Văn Trị, Phường 12, Bình Thạnh, Hồ Chí Minh",22.0,2.0,1.0,2.0,Sổ hồng,2025-11-21
Chủ Bán Gấp! Siêu Phẩm Nhà Phố - Khu Đồng Bộ - Ô Tô Đỗ Ngày Đêm - Nhà 5 Tầng 52m2 - Chỉ 10 Tỷ TL,10.0,"Phường 22, Bình Thạnh, Hồ Chí Minh",52.0,4.0,5.0,5.0,Sổ hồng,2025-11-22
"Bán nhà khu đường D làng đại học Bình Thạnh - phù hợp ở, cho thuê, làm văn phòng hoặc xây mới CHDV",9.9,"Đường Nguyễn Văn Thương, Phường 25, Bình Thạnh, Hồ Chí Minh",61.0,3.0,3.0,2.0,Sổ hồng,2025-11-22
"Bán Nhà Khu D(Nguyễn Gia Trí)-Võ Oanh P.25 BT (4,2x16,2m)68m2,3 Tầng Giá 15,2 tỷ TL(Hiếm nhà bán)",15.2,"Đường Nguyễn Gia Trí, Phường 25, Bình Thạnh, Hồ Chí Minh",68.0,5.0,4.0,3.0,Sổ hồng,2025-11-20
"Cực hiếm! Bán nhà HXH 6m Bùi Đình Tuý (6,6x21m) hẻm 1 sẹc, sát MT đường. Giá chỉ 11,9 tỷ",11.9,"Đường Bùi Đình Túy, Phường 12, Bình Thạnh, Hồ Chí Minh",107.0,1.0,1.0,2.0,Sổ hồng,2025-11-22
Siêu hiếm ngay Vincom Plaza - Bán gấp CHDV 4 tầng 52m2 - Ngang 8.5m dòng tiền siêu tốt 35tr/tháng,7.99,"Đường  Nguyễn Xí, Phường 26, Bình Thạnh, Hồ Chí Minh",52.0,6.0,7.0,4.0,Sổ hồng,2025-11-21
"Bán CHDV 75tr/th sát Quận 1 ,có tháng máy 80m2 hẻm oto tại Lê Văn Duyệt full nội thất chỉ 20,9ty",20.9,"Đường Lê Văn Duyệt, Phường 1, Bình Thạnh, Hồ Chí Minh",80.0,11.0,11.0,7.0,Sổ hồng,2025-11-22
"NHÀ 2 MT ĐƯỜNG , 5 TẦNG , OTO NGỦ NHÀ , GẦN TTTM , CÔNG VIÊN , HXH THUẬN TIỆN SANG Q1/3/10",7.0,"Đường Xô Viết Nghệ Tĩnh, Phường 25, Bình Thạnh, Hồ Chí Minh",28.0,4.0,4.0,5.0,Sổ hồng,2025-11-22
"( GẦN MẬT TIỀN - GIÁ TỐT ) Bán nhà mới cứng Đinh Bộ Lĩnh gần Hàng Xanh 88 m2, 3 tầng, giá 10,5 tỷ",10.9,"Đường Đinh Bộ Lĩnh, Phường 26, Bình Thạnh, Hồ Chí Minh",88.0,4.0,4.0,3.0,Sổ hồng,2025-11-21
"Bán nhà HXH tới cửa Lê Quang Định ngang (hiếm) 4.5m DTCN đủ 88m2 giá 16,8ty TL chính chủ",16.8,"Đường Lê Quang Định, Phường 1, Bình Thạnh, Hồ Chí Minh",88.0,4.0,4.0,5.0,Sổ hồng,2025-11-22
SÁT MẶT TIỀN! BÁN NHÀ 3 TẤM 4x12m XÔ VIẾT NGHỆ TĨNH P.25 BÌNH THẠNH - HẺM 5m THÔNG. GIÁ 8TỶ6,8.6,"Đường Xô Viết Nghệ Tĩnh, Phường 25, Bình Thạnh, Hồ Chí Minh",48.0,3.0,4.0,3.0,Sổ hồng,2025-11-18
CHÍNH CHỦ BÁN 108/27/ Võ Duy Ninh 4.86 tỷ hh 50 tr,4.86,"Đường Võ Duy Ninh, Phường 22, Bình Thạnh, Hồ Chí Minh",31.0,3.0,4.0,3.0,Sổ hồng,2025-11-21
"CHÍNH CHỦ, Q.Bình Thạnh, đường nhựa 8m, View công viên, 14,9 tỷ *4 tầng Đ.Bình Lợi, P.13",14.9,"Đường Bình Lợi, Phường 13, Bình Thạnh, Hồ Chí Minh",80.0,6.0,5.0,4.0,Sổ hồng,2025-11-16
Bán nhà trung tâm gần Hàng Xanh - hẻm rộng xe hơi vào tận nhà - trước nhà có công viên,16.0,"118/83G3 Đường Bạch Đằng, Phường 24, Bình Thạnh, Hồ Chí Minh",65.0,5.0,3.0,3.0,Sổ hồng,2025-11-16
"Hẻm xe hơi bán nhà Bình Thạnh, Nguyễn Văn Đậu 4x14m trệt + lửng + 2 lầu nội thất đẹp",10.8,"Đường Nguyễn Văn Đậu, Phường 5, Bình Thạnh, Hồ Chí Minh",56.0,4.0,4.0,4.0,Sổ hồng,2025-11-20
"CHÍNH CHỦ GỬI BÁN NHÀ GIÁ RẺ VIEW LANDMARK - 4 Tầng, 4x11m Sổ Vuông vức - Giá chỉ Nhỉnh 7 Tỷ",7.0,"Đường Nguyễn Hữu Cảnh, Phường 22, Bình Thạnh, Hồ Chí Minh",44.0,2.0,2.0,2.0,Sổ hồng,2025-11-17
"Thu nhập 40tr/tháng! 2 mặt hẻm ô tô Nơ Trang Long Q. BT - 5 tầng - 5x24m sổ A4, chỉ 13,99 tỷ TL",13.99,"Đường Nơ Trang Long, Phường 11, Bình Thạnh, Hồ Chí Minh",115.0,7.0,6.0,5.0,Sổ hồng,2025-11-17
"Bán nhà ngay Cư Xá Nguyên Hông, Bình Thạnh - Nhà mới 5 tầng kế bên Công Viên - Đường trước nhà 12m.",12.8,"Đường Nguyên Hồng, Phường 11, Bình Thạnh, Hồ Chí Minh",70.0,5.0,6.0,5.0,Sổ hồng,2025-11-27
Bán nhà Ngay ngã Tư Hàng Xanh - Xô Viết Nghệ Tĩnh - Hẻm trước nhà hơn 4m - 5 Tầng có sân thượng,7.5,"Đường Xô Viết Nghệ Tĩnh, Phường 25, Bình Thạnh, Hồ Chí Minh",38.0,3.0,3.0,5.0,Sổ hồng,2025-11-27
Bán căn hộ dịch vụ mặt tiền Rạch Xuyên Tâm - Đường Bùi Đình Tuý 6 tầng 25 phòng HĐT 750tr/năm,18.0,"Đường Bùi Đình Túy, Phường 24, Bình Thạnh, Hồ Chí Minh",84.0,23.0,25.0,6.0,Sổ hồng,2025-11-18
Bán nhà hẻm Oto - BTCT 4 tầng - Ngay D5 - 8 PN - 38 Triệu / tháng - Nhỉnh 7 tỷ,7.4,"Đường D5, Phường 25, Bình Thạnh, Hồ Chí Minh",32.0,8.0,7.0,4.0,Sổ hồng,2025-11-27
"Bán nhà hẻm xe hơi BTCT 5 Tầng - 60m2 - 4 x 15m - Hoàng Hoa Thám, Bình Thạnh - Chỉ 9 tỷ hơn",9.8,"Đường Hoàng Hoa Thám, Phường 7, Bình Thạnh, Hồ Chí Minh",60.0,5.0,6.0,5.0,Sổ hồng,2025-11-27
"Hxh Ôtô Vào nhà, Quay Đầu, Gần Mặt tiền, Gần Nguyễn Xí, Phạm Văn Đồng, 64m2 x 3Tầng * Giá 10,99 tỷ",10.99,"Đường Nơ Trang Long, Phường 13, Bình Thạnh, Hồ Chí Minh",64.0,4.0,3.0,3.0,Sổ hồng,2025-11-27
"Bán nhà riêng 110m2, 11,6 tỷ tại Điện Biên Phủ, P15, đẹp, nhiều tiện ích, zalo/SDT:0978 529 ***",11.6,"Đường Điện Biên Phủ, Phường 15, Bình Thạnh, Hồ Chí Minh",110.0,16.0,16.0,4.0,Sổ hồng,2025-11-27
"Hàng hiếm tại Nơ Trang Long, Bình Thạnh, 20 tỷ, 150m2, 6 tầng, 20PN, 20WC, 2 Mặt hẻm xe hơi",20.0,"Đường Nơ Trang Long, Phường 7, Bình Thạnh, Hồ Chí Minh",150.0,20.0,20.0,6.0,Sổ hồng,2025-11-27
Bán nhanh nhà hẻm 69 Nguyễn Gia Trí ( D2) P25 Bình Thạnh ( 9x20m) 3 tầng vị trí đẹp giá chỉ 31 tỷ,31.0,"Đường Nguyễn Gia Trí, Phường 25, Bình Thạnh, Hồ Chí Minh",180.0,3.0,3.0,3.0,Sổ hồng,2025-11-26
BÁN GẤP NHÀ NGAN 8M X 20M NGAY ĐH HUTECH - TÒA NHÀ TTC TẠI UNG VĂN KHIÊM GIÁ CHỈ 33 TỶ,33.0,"Đường Ung Văn Khiêm, Phường 25, Bình Thạnh, Hồ Chí Minh",160.0,5.0,6.0,4.0,Sổ hồng,2025-11-27
"Bán nhà riêng 30PN, 30WC, 208m2 tại Lê Quang Định, Q. Bình Thạnh, HCM, 35 tỷ VND",35.0,"Đường Lê Quang Định, Phường 14, Bình Thạnh, Hồ Chí Minh",208.0,30.0,30.0,5.0,Sổ hồng,2025-11-27
"Bán đất tặng nhà đường Phan Văn Hân giáp Q1 quy hoạch tương lai thành mặt tiền 40m2 chỉ 6,2 tỉ TL",6.2,"Đường Phan Văn Hân, Phường 17, Bình Thạnh, Hồ Chí Minh",40.0,2.0,2.0,2.0,Sổ hồng,2025-11-27
Hẻm ôtô ngay Vincom Nguyễn Xí - 3tầng - 52m2 - chỉ 9 tỷ TL,9.0,"Phường 13, Bình Thạnh, Hồ Chí Minh",52.0,4.0,4.0,3.0,Sổ hồng,2025-11-24
"Bán nhà riêng tại Đường Nguyên Hồng, Phường 11, Bình Thạnh, Hồ Chí Minh, giá cực chất 8,75 tỷ, 87m2",8.75,"Đường Nguyên Hồng, Phường 11, Bình Thạnh, Hồ Chí Minh",87.0,12.0,12.0,4.0,Sổ hồng,2025-11-27
"Bán nhà Điện Biên Phủ_Bình Thạnh Ngang 5m/nở hậu. Tiện xây mới CHDV hoặc ở, diện tích 87m2 5pn...",10.0,"Đường Điện Biên Phủ, Phường 15, Bình Thạnh, Hồ Chí Minh",87.0,5.0,2.0,2.0,Sổ hồng,2025-11-27
"Bán nhà ngang 6m ngay đại học Văn Lang P. 13 Bình Thạnh, 6x18m, GPXD mới hầm 4 tầng",12.0,"Đường Đặng Thùy Trâm, Phường 13, Bình Thạnh, Hồ Chí Minh.",100.0,2.0,2.0,1.0,Sổ hồng,2025-11-21
"Định cư nước ngoài cần bán gấp nhà góc 2MT hẻm 12m Bình Lợi, P13, Bình Thạnh ngay bờ sông Sài Gòn",18.0,"Đường Bình Lợi, Phường 13, Bình Thạnh, Hồ Chí Minh",150.0,4.0,5.0,3.0,Sổ hồng,2025-11-21
"Bán nhà hẻm xe hơi tránh 3 tầng 4x17m, hợp làm vp mở cty gần Hàng Xanh. Sổ vuông, giá 12,3 tỷ",12.3,"Đường Đinh Bộ Lĩnh, Phường 26, Bình Thạnh, Hồ Chí Minh",74.0,4.0,4.0,3.0,Sổ hồng,2025-11-25
Nhà mới toanh khu phố ăn uống Bùi Đình Tuý Bình Thạnh hẻm 3m DT: 4.6 x 7.5 CN 33m² DTSD 70m²,5.79,"Đường Bùi Đình Túy, Phường 12, Bình Thạnh, Hồ Chí Minh",33.0,3.0,2.0,2.0,Sổ hồng,2025-11-27
"Bán nhà hẻm xe hơi Nguyễn Xí (đoạn 2 chiều)cách mặt tiền 1 căn 5PN 7WC. Ngang 8,3m chỉ 8.1 tỷ",8.1,"Đường  Nguyễn Xí, Phường 13, Bình Thạnh, Hồ Chí Minh",50.0,5.0,7.0,4.0,Sổ hồng,2025-11-19
"Nhà Điện Biên Phủ - Bình Thạnh, 62m2, hẻm ô tô, giá chỉ 6.5 tỷ",6.5,"Đường Điện Biên Phủ, Phường 17, Bình Thạnh, Hồ Chí Minh",62.0,6.0,6.0,2.0,Sổ hồng,2025-11-14
"TUYỆT PHẨM NHÀ ĐẸP - KHU ĐỒNG BỘ VINCOM NGUYỄN XÍ (2 CHIỀU), BÌNH THẠNH - ÔTÔ NGỦ NHÀ - 42M2 5 TẦNG",9.5,"Đường  Nguyễn Xí, Phường 13, Bình Thạnh, Hồ Chí Minh",42.0,4.0,5.0,5.0,Sổ hồng,2025-11-27
Bán gấp nhà Nơ Trang Long 82m2 - hẻm oto thẳng 1 trục - gần cầu Bình Lợi - nhỉnh 9 tỷ,9.5,"Đường Nơ Trang Long, Phường 13, Bình Thạnh, Hồ Chí Minh",82.0,4.0,5.0,3.0,Sổ hồng,2025-11-27
HẺM XE HƠI VIP PHƯỜNG 7 - 251/ LÊ QUANG ĐỊNH (5.1X14) TRỆT 1 LẦU TIỆN XÂY MỚI CÓ GIÁ TỐT,9.0,"Đường Lê Quang Định, Phường 7, Bình Thạnh, Hồ Chí Minh",70.0,2.0,2.0,2.0,Sổ hồng,2025-11-27
Hẻm xe hơi vào nhà - Khu nội bộ Nơ Trang Long - Bình Thạnh - 5.2x11m nở hậu - 10.9 Tỷ TL,10.9,"Đường Nơ Trang Long, Phường 13, Bình Thạnh, Hồ Chí Minh",56.0,8.0,8.0,5.0,Sổ hồng,2025-11-26
"Bán nhà xây biệt thự hoặc làm CHDV hẻm 6m Bùi Đình Túy P24 Bình Thạnh (6.6x21m) giá chỉ 11,9 tỷ",11.9,"Đường Bùi Đình Túy, Phường 24, Bình Thạnh, Hồ Chí Minh",107.0,3.0,3.0,2.0,Sổ hồng,2025-11-24
"[hẻm 6m]Bán nhà Bình Thạnh Bùi Đình Túy, 9,8 tỷ, 4,5x15 DT 61,6 m² , 3PN, 3WC",9.8,"Đường Bùi Đình Túy, Phường 12, Bình Thạnh, Hồ Chí Minh",61.0,3.0,3.0,2.0,Sổ hồng,2025-11-27
"Hiếm! Bán nhà siêu đẹp khu vip Đặng Thùy Trâm - Bình Lợi, Bình Thạnh (6x16m) 4 tầng, giá 17.8 tỷ",17.8,"Đường Đặng Thùy Trâm, Phường 13, Bình Thạnh, Hồ Chí Minh",90.0,5.0,5.0,4.0,Sổ hồng,2025-11-25
Hiếm! 5 tầng BTCT sát MT Hoàng Hoa Thám - hẻm xe hơi - xây kiên cố nhà ngay trường học,7.59,"Đường Hoàng Hoa Thám, Phường 6, Bình Thạnh, Hồ Chí Minh",44.0,4.0,5.0,5.0,Sổ hồng,2025-11-25
"Bán nhà sát mặt tiền Nguyễn Xí. Bình Thạnh (5x20m)kế Rạch Xuyên Tâm xây mới hầm 6 tầng, chỉ 11.8 tỷ",11.8,"Đường  Nguyễn Xí, Phường 13, Bình Thạnh, Hồ Chí Minh",94.0,2.0,2.0,2.0,Sổ hồng,2025-11-26
"Bán Nhà Mới Xây Siêu Hiếm, Diện Tích 36m2",4.95,"Đường Xô Viết Nghệ Tĩnh, Phường 19, Bình Thạnh, Hồ Chí Minh",36.0,2.0,2.0,2.0,Sổ hồng,2025-11-15
"Bán Nhà Nơ Trang Long, Bình Thạnh - 55m2, 7.9 TỶ TL, 2 Tầng, 3PN, hẻm xe hơi, SHR CC.",7.9,"Đường Nơ Trang Long, Phường 14, Bình Thạnh, Hồ Chí Minh",55.0,3.0,3.0,1.0,Sổ hồng,2025-11-14
"Tận 69m2 Bạch Đằng, gần Hàng Xanh, mà chỉ nhỉnh 6 tỷ - cho thuê 12,5tr/tháng - xem ngay và luôn ạ",6.05,"Đường Bạch Đằng, Phường 2, Bình Thạnh, Hồ Chí Minh",69.0,3.0,3.0,2.0,Sổ hồng,2025-11-27
Bán nhà Bình Thạnh - mặt tiền Cư Xá Nguyên Hồng đường 12m đối diện công viên 5 tầng (4x17) 12.8 tỷ,12.8,"Hẻm 62L/, Đường Nguyên Hồng, Phường 11, Bình Thạnh, Hồ Chí Minh",64.0,7.0,8.0,5.0,Sổ hồng,2025-11-27
"Hạ 200tr Bán nhanh nhà 2 mặt hẻm Nguyễn Thượng Hiền P6 Bình Thạnh, Có sổ hồng riêng",1.59,"Đường Nguyễn Thượng Hiền, Phường 6, Bình Thạnh, Hồ Chí Minh",10.0,1.0,1.0,1.0,Sổ hồng,2025-11-27
"XVNT P21 - nhà 2 tầng - DT 42,8M2 - nhà mới đẹp - 2PN - Giá 5.28 tỷ",5.28,"Đường Xô Viết Nghệ Tĩnh, Phường 21, Bình Thạnh, Hồ Chí Minh",42.0,3.0,2.0,2.0,Sổ hồng,2025-11-26
"Nhà Mới 100% Chủ Xây Ở Tâm Huyết Ô Tô Vào Nhà HXH Lê Quang Định, 4x20M 4 Tầng - Vuông A4 - 4PN/5WC",12.2,"Phường 7, Bình Thạnh, Hồ Chí Minh",80.0,4.0,5.0,4.0,Sổ hồng,2025-11-26
"Bán nhà C4 khuôn đất lớn HXH 6m Xô Viết Nghệ Tĩnh P25 BT 4,87x30m (150m2) CTXD hầm 6 tầng giá 20 tỷ",20.0,"Đường Xô Viết Nghệ Tĩnh, Phường 25, Bình Thạnh, Hồ Chí Minh",150.0,2.0,2.0,1.0,Sổ hồng,2025-11-27
"Bán nhà đẹp gần mặt tiền Lê Quang Định P.5- 87m2, xe hơi ngủ nhà-3 lầu-sổ vuông giá tốt chỉ 12.9 tỷ",12.9,"Đường Lê Quang Định, Phường 5, Bình Thạnh, Hồ Chí Minh",87.0,4.0,5.0,4.0,Sổ hồng,2025-11-26
Siêu phẩm CHDV Bùi Đình Túy - Đang khai thác full 10p cao cấp dòng tiền 65tr/tháng - Hẻm xe hơi,12.5,"Đường Bùi Đình Túy, Phường 12, Bình Thạnh, Hồ Chí Minh",82.0,10.0,10.0,4.0,Sổ hồng,2025-11-13
KHU CƯ XÁ NGUYÊN HỒNG ĐƯỜNG XE HƠI 12M KDC ĐÁNG SỐNG (4X16) 5 TẦNG GẦN CÔNG VIÊN GIÁ TỐT,12.8,"Đường Nguyên Hồng, Phường 11, Bình Thạnh, Hồ Chí Minh",64.0,6.0,7.0,5.0,Sổ hồng,2025-11-27
"Chủ Ngộp! Bán gấp CHDV Phan Đăng Lưu, thu nhập 1 tỷ/năm - hẻm oto - 70m2/6 tầng/14p - nhỉnh 16 tỷ",16.5,"Đường  Phan Đăng Lưu, Phường 1, Bình Thạnh, Hồ Chí Minh",70.0,14.0,14.0,6.0,Sổ hồng,2025-11-27
"CỰC HIẾM ! Bán nhà gần Công Viên khu Cư Xá Nguyễn Hồng,P11,Bình Thạnh(4x18m)5 tầng chỉ 12.8 tỷ TL",12.8,"Đường Nguyên Hồng, Phường 11, Bình Thạnh, Hồ Chí Minh",70.0,5.0,5.0,4.0,Sổ hồng,2025-11-27
Ô tô ngủ trong nhà - 88m2 - Chu Văn An - Bình Thạnh - 11.9 tỷ,11.9,"Đường Chu Văn An, Phường 12, Bình Thạnh, Hồ Chí Minh",88.0,4.0,4.0,3.0,Sổ hồng,2025-11-21
"Khu D2, Nguyễn Gia Trí - 71m2 - 3 tầng - Bình Thạnh - nhỉnh 7 tỷ",7.5,"Đường Nguyễn Gia Trí, Phường 25, Bình Thạnh, Hồ Chí Minh",71.0,4.0,4.0,3.0,Sổ hồng,2025-11-24
"Nhà 102m2, HXH 5m, Nguyễn Cửu Vân P17, BT giáp Q1. Kết cấu 3 tầng, 5 phòng ngủ. Chỉ 12.9 tỷ",12.9,"Đường Nguyễn Cửu Vân, Phường 17, Bình Thạnh, Hồ Chí Minh",102.0,5.0,6.0,3.0,Sổ hồng,2025-11-26
"[VIEW CÔNG VIÊN]Bán nhà riêng tại Nguyên Hồng, 12,8 tỷ, 4x16, 6PN, 6WC, 4 tầng [HẺM 12m]",12.8,"Đường Nguyên Hồng, Phường 11, Bình Thạnh, Hồ Chí Minh",64.0,6.0,6.0,4.0,Sổ hồng,2025-11-27
Giá tốt - hẻm 3m - 15m ra xe hơi tránh - gần MT - Đinh Bộ Lĩnh - Bình Thạnh - 60m2 - chỉ 6.4tỷ TL,6.4,"Đường Đinh Bộ Lĩnh, Phường 26, Bình Thạnh, Hồ Chí Minh",60.0,2.0,2.0,2.0,Sổ hồng,2025-11-27
"NHÀ ĐẸP 5 TẦNG HẺM XE HƠI THÔNG HOÀNG HOA THÁM, BÌNH THẠNH 40M2 (4X10) 4PN - DÂN TRÍ Chỉ 8.5 TỶ TL",8.5,"Đường Hoàng Hoa Thám, Phường 5, Bình Thạnh, Hồ Chí Minh",40.0,4.0,5.0,5.0,Sổ hồng,2025-11-27
Hẻm ô tô đậu cửa - 74m2 - Chu Văn An - Bình Thạnh - 9.7 tỷ,9.7,"Đường Chu Văn An, Phường 12, Bình Thạnh, Hồ Chí Minh",74.0,4.0,5.0,3.0,Sổ hồng,2025-11-20
"SIÊU PHẨM HXH 482 LÊ QUANG ĐỊNH P11 (6,2X16m) XÂY MỚI TRỆT 3 LẦU SÂN THƯỢNG GIÁ 13.6 TỶ TL MẠNH",13.5,"Đường Lê Quang Định, Phường 11, Bình Thạnh, Hồ Chí Minh",100.0,2.0,2.0,2.0,Sổ hồng,2025-11-25
Giảm sâu 500tr! 58 m2 ngang khủng 7m - Hẻm xe hơi - Nơ Trang Long-Bán đất tặng nhà có sẵn dòng tiền,7.39,"Đường Nơ Trang Long, Phường 13, Bình Thạnh, Hồ Chí Minh",58.0,3.0,2.0,2.0,Giấy tờ không xác định,2025-11-13
"Nhà mới cứng đường Nguyễn Văn Đậu (4,2x16,5). Vị trí Bình Thạnh sát Phú Nhuận, giá chỉ 11,8tỷ TL",11.8,"Đường Nguyễn Văn Đậu, Phường 6, Bình Thạnh, Hồ Chí Minh",70.0,5.0,6.0,4.0,Sổ hồng,2025-11-27
"BÁN NHÀ 1 TRỆT 1 LẦU HẺM XE HƠI 6M BÙI ĐÌNH TÚY P12 (6X17) GIÁ TỐT CUỐI NĂM CHỈ 12,8 TỶ TL",12.8,"Đường Bùi Đình Túy, Phường 12, Bình Thạnh, Hồ Chí Minh",100.0,2.0,2.0,2.0,Sổ hồng,2025-11-25
"NHÀ MỚI BÙI ĐÌNH TÚY FULL NỘI THẤT, 33m2, 3 PN, chỉ 5,79 tỷ",5.79,"Đường Bùi Đình Túy, Phường 12, Bình Thạnh, Hồ Chí Minh",33.0,3.0,2.0,2.0,Sổ hồng,2025-11-27
Bán nhà 2 mặt tiền - hẻm xe hơi - Lê Quang Định P11 Bình Thạnh - 5 x 11 nở hậu - 3 tầng - 10.5 tỷ,10.5,"Đường Lê Quang Định, Phường 11, Bình Thạnh, Hồ Chí Minh",50.0,3.0,3.0,3.0,Sổ hồng,2025-11-19
"Bán nhà quận Bình Thạnh, căn hộ dịch vụ đường Bạch Đằng, 29 CHDV thu nhập 2 tỷ 1 năm, giá 28 tỷ",28.0,"Đường Vũ Tùng, Phường 2, Bình Thạnh, Hồ Chí Minh",159.0,28.0,29.0,6.0,Sổ hồng,2025-11-26
"Giảm 400tr nhà 1T 1L Đường Bạch Đằng, Bình Thạnh",3.9,"Đường Bạch Đằng, Phường 15, Bình Thạnh, Hồ Chí Minh",36.0,2.0,2.0,2.0,Sổ hồng,2025-11-21
"Chủ bán gấp nhà CN 59m2 x 2 tầng - 4*15m 3 phòng ngủ chỉ 5,45 tỷ bớt lộc, ACE nhanh tay",5.45,"Hẻm 113/, Đường Võ Duy Ninh, Phường 22, Bình Thạnh, Hồ Chí Minh",59.0,4.0,3.0,2.0,Sổ hồng,2025-11-27
"Bán nhà phố mới xinh chỉ xách vali vào ở, 2 tầng 2 mặt hẻm HXH Đinh Tiên Hoàng, DTSD 60m2, 6.1 tỷ",6.1,"Đường Đinh Tiên Hoàng, Phường 1, Bình Thạnh, Hồ Chí Minh",30.0,2.0,2.0,2.0,Sổ hồng,2025-11-27
"Bán nhà phố đẹp 3 tầng giáp quận 1, HXH Võ Duy Ninh, DT 45m2 chỉ hơn 7 tỷ",7.3,"Đường Võ Duy Ninh, Phường 22, Bình Thạnh, Hồ Chí Minh",45.0,4.0,3.0,3.0,Sổ hồng,2025-11-22
"Bán nhà 2 tầng, 3PN, ngay Xô Viết Nghệ Tĩnh - Nguyễn Văn Lạc, DT 55m2, 4.5 tỷ (80 triệu/m2)",4.5,"Đường Xô Viết Nghệ Tĩnh, Phường 21, Bình Thạnh, Hồ Chí Minh",55.0,3.0,3.0,2.0,Sổ hồng,2025-11-22
"Bán nhà phố 3 tầng BTCT chắc chắn Nơ Trang Long P. Bình Lợi Trung (P13 cũ), DT 71m2 chỉ 94 triệu/m2",6.7,"Đường Nơ Trang Long, Phường 13, Bình Thạnh, Hồ Chí Minh",71.0,4.0,5.0,3.0,Sổ hồng,2025-11-22
"Bán nhà HXH Nguyễn Cửu Vân P. 17 BT hầm trệt lửng 3 lầu 4x17m (68m2) giá: 17,5 tỷ khu hiếm nhà bán",17.5,"Đường Nguyễn Cửu Vân, Phường 17, Bình Thạnh, Hồ Chí Minh",68.0,5.0,5.0,5.0,Sổ hồng,2025-11-27
"Bán nhà 3 tầng, DTSD 94m2, 4PN, tương lai ra MT Võ Duy Ninh, P22, giá 4,85 tỷ TL",4.85,"Đường Võ Duy Ninh, Phường 22, Bình Thạnh, Hồ Chí Minh",30.0,4.0,3.0,3.0,Sổ hồng,2025-11-22
Bán nhà 5 tầng làm CHDV khai thác 45triệu/th Đặng Thùy Trâm - Bình Lợi P13 Bình Thạnh chỉ 10.5tỷ TL,10.5,"Đường Đặng Thùy Trâm, Phường 13, Bình Thạnh, Hồ Chí Minh",50.0,7.0,7.0,5.0,Sổ hồng,2025-11-25
Bán nhà hẻm nhựa 10m Bình Thạnh 65m2 chỉ 9 tỷ hơn nhà 4 tầng,9.9,"Đường Đặng Thùy Trâm, Phường 13, Bình Thạnh, Hồ Chí Minh",65.0,5.0,3.0,4.0,Sổ hồng,2025-11-27
XE HƠI VÀO NHÀ- HẺM 5M- NHÀ BÌNH THẠNH- BÙI ĐÌNH TUÝ- 50M- 4X12.5- 9.5T,9.5,"Đường Bùi Đình Túy, Phường 12, Bình Thạnh, Hồ Chí Minh",50.0,4.0,3.0,4.0,Sổ hồng,2025-11-26
NHÀ 2 TẦNG NGAY NGÃ TƯ NGUYỄN XÍ -ĐINH BỘ LĨNH BÌNH THẠNH -HẺM XE HƠI NHỈNH 6 TỶ,6.5,"Đường  Nguyễn Xí, Phường 26, Bình Thạnh, Hồ Chí Minh",45.0,2.0,2.0,2.0,Sổ hồng,2025-11-20
Căn đẹp nhất Bình Thạnh hiện tại! Hẻm xe hơi Nguyễn Xí (4.2x16m) 4 tầng mới cứng ô tô ngủ trong nhà,11.6,"Đường  Nguyễn Xí, Phường 26, Bình Thạnh, Hồ Chí Minh",67.0,4.0,6.0,4.0,Sổ hồng,2025-11-26
"Nhà đẹp vào ở ngay đường Nơ Trang Long (4x16m), sát bệnh viện Gia Định, vị trí đắc địa chỉ 11 tỷ TL",11.0,"Đường Nơ Trang Long, Phường 13, Bình Thạnh, Hồ Chí Minh",65.0,5.0,5.0,4.0,Sổ hồng,2025-11-27
"Hiếm! Siêu phẩm ngay CX công an tại Bùi Đình Túy - Ngang lớn 6x17m - HXH 6m - Giá đầu tư 12,7ty TL",12.7,"Đường Bùi Đình Túy, Phường 12, Bình Thạnh, Hồ Chí Minh",96.0,3.0,3.0,2.0,Sổ hồng,2025-11-25
"Nhà phố kế Richmond City - Hẻm 5m, xe tải chạy - Nguyễn Xí - 59m2 - 4 tầng - 7.9 tỷ",7.9,"Đường  Nguyễn Xí, Phường 26, Bình Thạnh, Hồ Chí Minh",59.0,6.0,7.0,4.0,Sổ hồng,2025-11-25
Cần bán gấp nhà 1 trệt 3 lầu đang có nguồn thu 45 triệu/ tháng ở Gò Vấp,11.5,"Đường Quang Trung, Phường 10, Gò Vấp, Hồ Chí Minh",98.0,11.0,5.0,4.0,Sổ hồng,2025-11-25
"NGANG LỚN! Nhà hẻm nhựa xe hơi Chu Văn An - Học viện cán bộ, 6x16m, Trệt lầu, 3 phòng, giá 12.8 tỷ",12.8,"Đường Chu Văn An, Phường 12, Bình Thạnh, Hồ Chí Minh",97.0,3.0,2.0,2.0,Sổ hồng,2025-11-22
Bán nhà đẹp giá rẻ sát bên trường học trục đường phạm văn chiêu thông tây hội( p8 cũ),5.95,"Đường Phạm Văn Chiêu, Phường 8, Gò Vấp, Hồ Chí Minh",46.0,3.0,3.0,4.0,Sổ hồng,2025-11-20
QUÁ RẺ CẢ NHÀ ƠI LÊN SÓNG CĂN MINI HOUSE CÓ 4 PHÒNG NGỦ - GẦN SIÊU THỊ EMART2,5.15,"Đường Phan Huy Ích, Phường 12, Gò Vấp, Hồ Chí Minh",43.0,4.0,2.0,1.0,Sổ hồng,2025-11-21
CHDV cao cấp 6 tầng - Thang máy - Hẻm oto / Doanh thu 60Tr/ tháng - Gò Vấp CV Làng Hoa 14.76 Tỷ,14.76,"518 Phạm Văn Chiêu, 8, Gò Vấp, Hồ Chí Minh",86.0,11.0,11.0,6.0,Sổ hồng,2025-11-24
"Kẹt tiền bán gấp, nhà full nội thất, ngay chợ Thạch Đà Gò Vấp",3.95,"Đường Số 59, Phường 14, Gò Vấp, Hồ Chí Minh",32.0,2.0,2.0,2.0,Sổ hồng,2025-11-21
Biệt thự mini thiết kế tân cổ điển đẹp lung linh mặt tiền thụt (sát và LK mặt tiền) Đoàn Thị Điểm,8.3,"Đường Quang Trung, Phường 10, Gò Vấp, Hồ Chí Minh",41.0,4.0,3.0,4.0,Sổ hồng,2025-11-22
Bán gấp bộ ba nhà phố đẹp đường Huỳnh Văn Nghệ p12 giá 7 tỷ hơn,7.95,"Đường Huỳnh Văn Nghệ, Phường 12, Gò Vấp, Hồ Chí Minh",40.0,3.0,5.0,5.0,Sổ hồng,2025-11-26
"Bán nhà 3PN, nhà đẹp full nội thất đường Phan Huy Ích, P12, Gò Vấp gần Emart. có hoa hồng môi giới",6.1,"256/70/33E, Đường Phan Huy Ích, Phường 12, Gò Vấp, Hồ Chí Minh",45.0,3.0,3.0,3.0,Sổ hồng,2025-11-25
"Bán gấp nhà riêng mới xây 3 tầng. 4 phòng ngủ, 3 WC. Tặng full nội thất. Nguyễn Thái Sơn Gò Vấp",4.47,"Đường Nguyễn Thái Sơn, Phường 4, Gò Vấp, Hồ Chí Minh",28.0,4.0,3.0,3.0,Sổ hồng,2025-11-24
"Bán tòa nhà CHDV 3 tầng đường Dương Quảng Hàm, P. 5, Q. Gò Vấp, TP. HCM - doanh thu 720tr/năm",22.5,"Đường Dương Quảng Hàm, Phường 5, Gò Vấp, Hồ Chí Minh",152.0,24.0,24.0,3.0,Sổ hồng,2025-11-26
"Bán nhà 5 tầng, Gò Vấp, đường Trần Bá Giao, 50m2, hẻm xe hơi, chỉ 7.9 tỷ",7.9,"Đường Trần Bá Giao, Phường 5, Gò Vấp, Hồ Chí Minh",50.0,4.0,4.0,5.0,Sổ hồng,2025-11-25
"85m2, bán gấp nhà 6 tầng, đường 10m KD, thang máy, Phan Huy Ích, P12 Gò Vấp, 12.89 tỷ TL",12.89,"Đường Phan Huy Ích, Phường 12, Gò Vấp, Hồ Chí Minh",85.0,5.0,5.0,6.0,Sổ hồng,2025-11-25
"nhà mới xây theo thiết kế hiện đại lửng 3 lầu Hẻm xe hơi đậu trong nhà chỉ 8,2 tỷ TL P11 GV",8.2,"Đường Nguyễn Văn Khối, Phường 11, Gò Vấp, Hồ Chí Minh",50.0,4.0,4.0,4.0,Sổ hồng,2025-11-25
CHDV 25P Phạm Văn Chiêu- Quang Trung P14 GV,22.5,"Đường Phạm Văn Chiêu, Phường 14, Gò Vấp, Hồ Chí Minh",123.0,25.0,26.0,5.0,Sổ hồng,2025-11-25
Chính chủ cần bán cặp nhà đẹp ngay trục đường Thống Nhất phường 15 gò vấp,7.9,"Đường Thống Nhất, Phường 15, Gò Vấp, Hồ Chí Minh",52.0,4.0,5.0,4.0,Sổ hồng,2025-11-25
SIÊU HIẾM NHÀ NHỎ SIÊU KẾT CẤU- 1 TRỆT 3 LẦU -4PN NHỈNH 3TỶ,3.45,"Đường Quang Trung, Phường 11, Gò Vấp, Hồ Chí Minh",20.0,4.0,3.0,4.0,Sổ hồng,2025-11-23
"Bán tòa nhà CHDV 6 tầng đường Dương Quảng Hàm, P.5, Q.Gò Vấp, TP.HCM - doanh thu 1,2tỷ/năm",26.5,"Đường Dương Quảng Hàm, Phường 5, Gò Vấp, Hồ Chí Minh",135.0,16.0,18.0,6.0,Sổ hồng,2025-11-24
"Bán nhanh CHDV 16 phòng full nội thất doanh thu 1,1 tỷ/năm (~ 5,8%/năm) giá chỉ 18.8tỷ thương lượng",18.8,"Phường 14, Gò Vấp, Hồ Chí Minh",88.0,16.0,16.0,5.0,Sổ hồng,2025-11-21
Giá 6.68 tỉ - Mặt tiền đường số LÊ ĐỨC THỌ - GÒ VẤP - NHÀ MỚI Ở NGAY - 45m2 - 4 TẦNG - 3PN,6.68,"Đường Lê Đức Thọ, Phường 11, Gò Vấp, Hồ Chí Minh",45.0,3.0,4.0,4.0,Sổ hồng,2025-11-24
"Bán nhà 246/ Nguyễn Thái Sơn, 4.68 tỷ HH 50 triệu",4.68,"246/, Đường Nguyễn Thái Sơn, Phường 4, Gò Vấp, Hồ Chí Minh",27.0,3.0,2.0,3.0,Sổ hồng,2025-11-24
"Bán nhà đẹp giá rẻ sát bên siêu thị Emart, trục đường Quang Trung p14 gò vấp",6.95,"Đường Quang Trung, Phường 14, Gò Vấp, Hồ Chí Minh",60.0,4.0,6.0,4.0,Sổ hồng,2025-11-21
Siêu phẩm 1 sẹc nguyễn Nguyễn Văn Khối xe hơi ngủ trong nhà DT 100m2 đất,13.5,"Đường Nguyễn Văn Khối, Phường 8, Gò Vấp, Hồ Chí Minh",100.0,4.0,6.0,4.0,Sổ hồng,2025-11-21
"Bán nhà 53/17/2 đường Số 7, giá 4.15 tỷ, HH 50 triệu",4.15,"53/17/2, Đường Số 7, Phường 3, Gò Vấp, Hồ Chí Minh",29.0,2.0,2.0,2.0,Sổ hồng,2025-11-21
Bán nhà đẹp ngay trung tâm sát bên siêu thị trục đường Nguyễn Văn Lượng p16 gò vấp,7.95,"Đường Nguyễn Văn Lượng, Phường 16, Gò Vấp, Hồ Chí Minh",53.0,3.0,5.0,4.0,Sổ hồng,2025-11-21
BÁN GẤP TÒA NHÀ CĂN HỘ DỊCH VỤ 12X22 - DÒNG TIỀN ỔN ĐỊNH 77 TRIỆU - GIÁ SỐC 28 TỶ - PHÁP LÝ CHUẨN,28.0,"Hẻm 1180 Đường Quang Trung, Phường 8, Gò Vấp, Hồ Chí Minh",250.0,52.0,52.0,5.0,Sổ hồng,2025-11-16
"Bán nhà riêng 107/49/4 đường 11, Gò Vấp, 12 tỷ, 400m2, giá siêu hời uy tín",12.0,"107/49/4 đường 11, phường 11, Gò Vấp",105.0,6.0,5.0,3.0,Sổ hồng,2025-11-18
"LÊ VĂN THỌ - NHÀ 4 TẦNG BTCT - 75M2 NGANG GẦN 5M - HXH THÔNG - OTO ĐỂ NHÀ - GẦN CV LÀNG HOA- 8,X TY",8.95,"Đường Lê Văn Thọ, Phường 8, Gò Vấp, Hồ Chí Minh",75.0,5.0,4.0,4.0,Sổ hồng,2025-11-27
"Ngay khu Cityland - Lottemart nhà 4 tầng - oto vào nhà - sát mặt tiền - 140m2 - 5,5 x 25m nở hậu",11.0,"Đường Thống Nhất, Phường 10, Gò Vấp, Hồ Chí Minh",140.0,4.0,5.0,4.0,Sổ hồng,2025-11-15
"Bán nhà riêng 148.2 Đường số 1, 11,5 tỷ, 103m2, 5PN, 5WC, Gò Vấp, HCM hàng hot chính chủ",11.5,"148/2 Đường Số 1, Phường 16, Gò Vấp, Hồ Chí Minh",103.0,5.0,5.0,3.0,Sổ hồng,2025-11-18
"Chình chủ bán tòa nhà chdv 19,8 tỷ Phạm Huy Thông ,P07 ,Gò Vấp",19.8,"32/3/24 Phạm Huy Thông, Phường 7, Gò Vấp, Hồ Chí Minh",105.0,15.0,15.0,5.0,Sổ hồng,2025-11-19
"Hàng hiếm - 5 Tầng - ngang 6m, gần ngay Emart Phan Huy Ích, sân bay T3, Metro- DT: 72m2 -Chỉ 9.2 Tỷ",9.2,"Đường Nguyễn Tư Giản, Phường 12, Gò Vấp, Hồ Chí Minh",72.0,5.0,5.0,5.0,Sổ hồng,2025-11-27
"Bán nhà riêng, DTSD 85m2, giá hợp lý, gần trường học, Bùi Quang Là, Phường 12, Gò Vấp",6.05,"Đường Bùi Quang Là, Phường 12, Gò Vấp, Hồ Chí Minh",46.0,2.0,2.0,1.0,Sổ hồng,2025-11-27
"BÁN NHÀ PHAN HUY ÍCH, P.12, GÒ VẤP - 4 TẦNG THANG MÁY - ""HẺM LỚN"" Ô TÔ ĐỖ CỬA",13.0,"Hẻm như Mặt Tiền, Đường Phan Huy Ích, Phường 12, Gò Vấp, Hồ Chí Minh",80.0,5.0,6.0,4.0,Sổ hồng,2025-11-27
"Bán đất: Tặng CHDV 13 phòng / Phạm Văn Đồng, P3, Q. GV",9.88,"Đường Phạm Văn Đồng, Phường 3, Gò Vấp, Hồ Chí Minh",79.0,13.0,14.0,5.0,Sổ hồng,2025-11-24
Nhà đẹp - hẻm ô tô sạch sẽ - khu đồng bộ - nhà ngang rộng - đường Phạm Văn Chiêu - 2 tầng,3.89,"Đường Phạm Văn Chiêu, Phường 9, Gò Vấp, Hồ Chí Minh",21.0,2.0,2.0,2.0,Sổ hồng,2025-11-27
Nhà đang khai thác thuê 21 tr/tháng hẻm 6m khu phân lô đồng bộ,8.5,"Đường Quang Trung, Phường 8, Gò Vấp, Hồ Chí Minh",50.0,9.0,9.0,5.0,Sổ hồng,2025-11-25
"Hẻm trước nhà 4m đường số 3 p9GV 3,3x11,3 cn36,4m2 lầu 2pn2vs KLG KQH giá 4,5tỷ TL LH0786 555 ***",4.5,"Đường Số 3, Phường 9, Gò Vấp, Hồ Chí Minh",36.0,2.0,2.0,2.0,Sổ hồng,2025-11-27
"NHÀ BÙI QUANG LÀ, P.AHT, GÒ VẤP TP HCM.",6.78,"Đường Bùi Quang Là, Phường 12, Gò Vấp, Hồ Chí Minh",36.0,4.0,5.0,4.0,Sổ hồng,2025-11-27
"Nhà CHDV hẻm xe hơi 6m - Quang Trung - 21tr/tháng - Khu đồng bộ - an ninh - 8,8 Tỷ - 2 ô tô né nhau",8.8,"Phường 8, Gò Vấp, Hồ Chí Minh",80.0,9.0,9.0,5.0,Sổ hồng,2025-11-26
Xây mới 100% - khu phân lô đồng bộ - DT 4 x 13.7 nở hậu nhẹ - HXH tới cửa - 4 tầng - 4PN - full NT,7.95,"Đường Lê Văn Thọ, Phường 11, Gò Vấp, Hồ Chí Minh",54.0,4.0,5.0,4.0,Sổ hồng,2025-11-26
2 Mặt Hẻm Xe Tải 1 sẹc đường Quang Trung - 4 Tầng - 6 PN - 7 t.ỷ x,7.87,"Đường Quang Trung, Phường 8, Gò Vấp, Hồ Chí Minh",70.0,6.0,6.0,4.0,Sổ hồng,2025-11-27
"BÁN ĐẤT TẶNG NHÀ 2 TẦNG-KHU PHÂN LÔ - LÊ VĂN THỌ- DT: 48M2, GIÁ: 5 TỶ 4",5.4,"Đường Lê Văn Thọ, Phường 11, Gò Vấp, Hồ Chí Minh",48.0,2.0,2.0,2.0,Sổ hồng,2025-11-27
58.2m2 - ngang 4.8m - nở hậu - HXH ngủ tại Q. Gò Vấp chỉ 9.980 tỷ,9.98,"Đường Nguyễn Văn Khối, Phường 9, Gò Vấp, Hồ Chí Minh",58.0,4.0,6.0,5.0,Sổ hồng,2025-11-26
"Bán gấp nhà 4 tấm đường Nguyễn Thái Sơn cạnh BV175 Q. Gò Vấp - giá chỉ 7,6 tỷ",7.6,"Đường Nguyễn Thái Sơn, Phường 4, Gò Vấp, Hồ Chí Minh",48.0,4.0,4.0,4.0,Sổ hồng,2025-11-27
"Chính chủ cần bán căn nhà HXH, gần đường lớn. Nguyễn Văn Khối, Gò Vấp, nhà 2 tầng, 118m Chỉ 77tr/m2",9.09,"Đường Nguyễn Văn Khối, Phường 8, Gò Vấp, Hồ Chí Minh",118.0,3.0,3.0,2.0,Sổ hồng,2025-11-27
Bán nhà hẻm xe hơi Vip nhà đẹp trệt 3 lầu Lê Văn Thọ P11 Gò Vấp cách mặt tiền 100m,8.6,"Đường Lê Văn Thọ, Phường 11, Gò Vấp, Hồ Chí Minh",56.0,4.0,3.0,4.0,Sổ hồng,2025-11-27
Bán nhà chính chủ Nguyễn Thái Sơn phường 5 Gò Vấp,5.85,"Phường 5, Gò Vấp, Hồ Chí Minh",44.0,5.0,4.0,3.0,Sổ hồng,2025-11-27
"Giảm sốc 1 Tỷ nhà 5 tầng, 77m2 , thang máy, ngay Mặt Tiền Quang Trung, Phường 10",13.0,"Đường Quang Trung, Phường 10, Gò Vấp, Hồ Chí Minh",77.0,4.0,5.0,4.0,Sổ hồng,2025-11-25
"Bán nhà HXH 4x16/ Dương Quảng Hàm P5 Gò Vấp, giá 14tỷ5, 4*15m, 5 tầng",14.5,"Hẻm 416, Đường Dương Quảng Hàm, Phường 5, Gò Vấp, Hồ Chí Minh",60.0,5.0,5.0,5.0,Sổ hồng,2025-11-27
Siêu phẩm phân lô - 5 tầng - hẻm xe hơi gần Quang Trung - 4x15 - chỉ 7.2 tỷ,7.2,"Đường Quang Trung, Phường 12, Gò Vấp, Hồ Chí Minh",60.0,4.0,4.0,5.0,Sổ hồng,2025-11-25
"Bán nhà siêu phẩm 16 căn hộ đang cho thuê đường Phan Huy ích, Gò Vấp. Rẻ hơn thị trường 1.2 tỷ",16.6,"448, Đường Phan Huy Ích, Phường 15, Gò Vấp, Hồ Chí Minh",77.0,16.0,16.0,5.0,Sổ hồng,2025-11-27
"Bán nhà riêng 90m2, 1T1L, DT sàn 150m2, 3PN 3WC 1 PK+PB, 14,5 tỷ, đường Hạnh Thông, P. 3, Gò Vấp",14.5,"Đường Hạnh Thông, Phường 3, Gò Vấp, Hồ Chí Minh",90.0,3.0,3.0,2.0,Sổ hồng,2025-11-21
"2 mặt Hẻm Xe Hơi, 15m ra MT Phan Văn Trị, Cityland, 70m² - 4 tầng - 7 T.ỷ 5",7.5,"Đường Phan Văn Trị, Phường 10, Gò Vấp, Hồ Chí Minh",70.0,4.0,4.0,4.0,Sổ hồng,2025-11-27
"Bán nhà ở đường Thống Nhất 4*20m, 2 tầng, hẻm xe ô tô, giá chỉ 7.5 tỷ, dọn vào ở ngay",7.5,"Đường Thống Nhất, Phường 17, Gò Vấp, Hồ Chí Minh",80.0,3.0,4.0,3.0,Sổ hồng,2025-11-17
"Bán nhà mặt tiền 4 tầng, Thích Bửu Đăng, giá chỉ 9,68 tỷ, Nhà mới dọn vào ở ngay đón tết",9.68,"Đường Thích Bửu Đăng, Phường 1, Gò Vấp, Hồ Chí Minh",60.0,3.0,4.0,4.0,Sổ hồng,2025-11-26
"Bán gấp nhà đường Quang Trung, 4*14 hẻm xe tải thông giá chỉ 5,7 nhà đẹp, ở ngay, nhanh tay mới còn",5.7,"Đường Quang Trung, Phường 10, Gò Vấp, Hồ Chí Minh",56.0,3.0,3.0,1.0,Sổ hồng,2025-11-23
"Chính chủ bán gấp nhà 4 tầng hẻm xe tải, hẻm Vip đường Dương Quảng Hàm, P6, GV, ở ngay giá 14,5 tỷ",14.5,"Đường Dương Quảng Hàm, Phường 6, Gò Vấp, Hồ Chí Minh",64.0,3.0,4.0,4.0,Sổ hồng,2025-11-24
"CHDV đường 12m Nguyễn Oanh ngay trường ĐH công Nghiệp đct 35 triệu Gía chỉ 12,8 tỷ TL",12.8,"Đường Nguyễn Oanh, Phường 6, Gò Vấp, Hồ Chí Minh",80.0,13.0,13.0,5.0,Sổ hồng,2025-11-27
"Bán gấp căn nhà 3 tầng góc 2 mặt tiền,hẻm 10m,đường Dương Quảng Hàm, hiếm 6.14x17m giá chỉ 16,5tỷ,",16.5,"Đường Dương Quảng Hàm, Phường 6, Gò Vấp, Hồ Chí Minh",103.0,6.0,6.0,3.0,Sổ hồng,2025-11-18
"Nhà đẹp lung linh 3 bước ra Emart, HXH Phan Huy Ích, P. 12, Gò Vấp, 3 tầng, 4mx15m5, giá 6 tỷ 8",6.8,"Đường Phan Huy Ích, Phường 12, Gò Vấp, Hồ Chí Minh",62.0,4.0,3.0,3.0,Sổ hồng,2025-11-25
"Nhà 4 tầng, 4x15m. HXH sát MT Phạm Văn Chiêu, P9, Gò Vấp. Chỉ 7tỷ3. Gần chợ Thạch Đà, công viên",7.3,"Đường Phạm Văn Chiêu, Phường 9, Gò Vấp, Hồ Chí Minh",60.0,4.0,5.0,4.0,Sổ hồng,2025-11-27
"Chính chủ cần bán nhà 44m2, 4 tầng, HXH, tiện kinh doanh, 4.6 tỷ Tl.",4.6,"Đường Thống Nhất, Phường 11, Gò Vấp, Hồ Chí Minh",45.0,4.0,3.0,4.0,Sổ hồng,2025-11-27
"BÁN NHÀ TP HCM, GÒ VẤP, PHẠM VĂN CHIÊU, 61M2, 5 TẦNG, HẺM Ô TÔ, GIÁ 7.3 TỶ",7.3,"Đường Phạm Văn Chiêu, Phường 8, Gò Vấp, Hồ Chí Minh",61.0,4.0,4.0,5.0,Sổ hồng,2025-11-27
Bùi Quang Là Gò Vấp - 4m x 15m Nở Hậu nhẹ - 4 Tầng - Chính Chủ - 7 Tỷ hơn Thương Lượng,7.2,"Đường Bùi Quang Là, Phường 12, Gò Vấp, Hồ Chí Minh",62.0,4.0,4.0,4.0,Sổ hồng,2025-11-27
"Bán nhà HXH Quang Trung, Gò Vấp, 76m², 4 tầng BTCT, Ô tô để trong nhà, chỉ 6.85 tỷ TL",6.85,"Đường Quang Trung, Phường 8, Gò Vấp, Hồ Chí Minh",76.0,4.0,5.0,4.0,Sổ hồng,2025-11-27
"Nhà 2 mặt tiền hẻm Dương Quảng Hàm 4,3x16m công nhận 60m2 giáp Bình Thạnh",7.8,"Đường Dương Quảng Hàm, Phường 6, Gò Vấp, Hồ Chí Minh",60.0,4.0,3.0,2.0,Sổ hồng,2025-11-25
"Căn duy nhất gần Dương Quảng Hàm 2 tầng, 5x15m, hẻm 4m, gần khu ăn uống giá 7.2 tỷ, ở ngay",7.2,"Đường Dương Quảng Hàm, Phường 6, Gò Vấp, Hồ Chí Minh",75.0,3.0,3.0,2.0,Sổ hồng,2025-11-22
Siêu phẩm tháng máy- 6 tầng-đón Tết- vị trí đẹp- Đ. Quang Trung- hẻm ô tô- ngay chợ Hạnh Thông Tây,8.49,"Đường Quang Trung, Phường 11, Gò Vấp, Hồ Chí Minh",43.0,3.0,4.0,6.0,Sổ hồng,2025-11-20
"6.8 tỉ - LÊ ĐỨC THỌ, P16, GÒ VẤP - HẺM 1 SẸC ÔTÔ - NHÀ CỨNG-GIÁ MỀM - 45m2 - 5 TẦNG - 4PN - NỞ HẬU",6.8,"Đường Lê Đức Thọ, Phường 16, Gò Vấp, Hồ Chí Minh",45.0,4.0,4.0,5.0,Sổ hồng,2025-11-27
"Bán Gấp TÒA CHDV LÊ VĂN THỌ Q. Gò Vấp 6M X 26M 136M2 CN HĐT Khoán 60tr/tháng GIÁ CHỈ 15,7 TỶ",15.7,"Đường Lê Văn Thọ, Phường 16, Gò Vấp, Hồ Chí Minh",136.0,15.0,15.0,4.0,Sổ hồng,2025-11-26
245m2 Nhà rẻ nhất P. 17 GV ngay Nguyễn Văn Lượng chỉ 77tr/m2 giá 19 tỷ TL0932 119 ***,19.0,"Đường Nguyễn Văn Lượng, Phường 17, Gò Vấp, Hồ Chí Minh",245.0,1.0,1.0,1.0,Sổ hồng,2025-11-26
"Định cư bán gấp nhà 198m2 NH 16,5m 4 tầng HXH P. 11 Gò Vấp giá 13,4 tỷ TL",13.4,"Đường Lê Văn Thọ, Phường 11, Gò Vấp, Hồ Chí Minh",198.0,9.0,6.0,4.0,Sổ hồng,2025-11-26
"Nhà phố 4PN, MT 6m, Phan Huy Ích Gò Vấp - dòng tiền ổn định - chỉ hơn 5 tỷ x",5.15,"Đường Phan Huy Ích, Phường 12, Gò Vấp, Hồ Chí Minh",48.0,4.0,2.0,2.0,Sổ hồng,2025-11-27
Bán căn nhà đẹp SHR đúc lửng 3 phòng ngủ Đường Phan Huy Ích P. 12 Quận Gò Vấp giá chỉ 4 tỷ 350tr TL,4.35,"Đường Phan Huy Ích, Phường 12, Gò Vấp, Hồ Chí Minh",40.0,3.0,2.0,2.0,Sổ hồng,2025-11-24
"Đón Tết cùng nhà mới tinh 5 tầng tại Quang Trung, P10, Gò Vấp",7.9,"Đường Quang Trung, Phường 10, Gò Vấp, Hồ Chí Minh",48.0,4.0,4.0,5.0,Sổ hồng,2025-11-24
Nhà đẹp ở ngay mặt tiền đường HXH DT 4x13m chỉ việc dọn vào ở ngay,7.99,"Đường Phạm Văn Chiêu, Phường 9, Gò Vấp, Hồ Chí Minh",50.0,4.0,4.0,4.0,Sổ hồng,2025-11-27
Nhà 50m2 đất trệt lầu 3 PN Quang Trung F11 GV. Vị trí đẹp,4.89,"Đường Quang Trung, Phường 11, Gò Vấp, Hồ Chí Minh",50.0,3.0,2.0,2.0,Sổ hồng,2025-11-19
"Mặt tiền hẻm đường 7m Số 5, Lê Đức Thọ, F15, Gò Vấp. 4x6.2m trệt lầu đang cho thuê",3.48,"Đường Số 5, Phường 15, Gò Vấp, Hồ Chí Minh",25.0,1.0,1.0,2.0,Sổ hồng,2025-11-27
Bùi Quang Là - GV - chỉ hơn 40tr/m2 - HXH vô nhà - 130m2 (8x17m) - gần Tân Sơn - Phạm Văn Bạch,6.2,"Đường Bùi Quang Là, Phường 12, Gò Vấp, Hồ Chí Minh",130.0,5.0,5.0,1.0,Sổ hồng,2025-11-22
BÁN NHÀ GÒ VẤP - 2 MẶT TIỀN - 2 HXH THÔNG - GẦN BV 175 - PHẠM VĂN ĐỒNG - SHR NỞ HẬU - NHỈNH 8TỶ TL,8.5,"Đường Lê Lợi, Phường 3, Gò Vấp, Hồ Chí Minh",75.0,3.0,2.0,2.0,Sổ hồng,2025-11-25
Nhà 2 tầng xây mới Bùi Quang Là P12 GV. 3x7.25m công nhận đủ không lộ giới,3.16,"Đường Bùi Quang Là, Phường 12, Gò Vấp, Hồ Chí Minh",21.0,2.0,2.0,2.0,Sổ hồng,2025-11-20
"BÁN NHÀ PHẠM VĂN CHIÊU P9 GV-ĐẸP Ở NGAY-61M2-NGANG 4,5M-4TẦNG-5PN-CHỈ 7TỶ5 TL",7.5,"Đường Phạm Văn Chiêu, Phường 9, Gò Vấp, Hồ Chí Minh",61.0,5.0,6.0,4.0,Sổ hồng,2025-11-27
3 lầu hẻm 4m Đường số 2 F16 GV. 3.5x6 nhà đẹp mới,3.6,"Đường Số 2, Phường 16, Gò Vấp, Hồ Chí Minh",20.0,2.0,2.0,3.0,Sổ hồng,2025-11-19
"Căn Hô DV, ở + Cho Thuê, Doanh Thu 40tr/1th, Tiện Kinh doanh, Hẻm 8m Thông, 80m2 X5 Tầng, giá 15x t",15.68,"Đường Nguyễn Oanh, Phường 17, Gò Vấp, Hồ Chí Minh",80.0,8.0,9.0,5.0,Sổ hồng,2025-11-27
"Bán nhà hẻm xe hơi Nguyễn Văn Khối 4x18 CN 70m2 nhà 1 trệt 1 lầu giá 4, x tỷ thương lượng thiện chí",4.6,"Đường Nguyễn Văn Khối, Phường 8, Gò Vấp, Hồ Chí Minh",70.0,3.0,2.0,2.0,Sổ hồng,2025-11-27
Mặt tiền kinh doanh Đường số 4 P13 GV. 3.4x11m trệt lầu đường 6m,4.47,"Hẻm 1414, Đường Lê Đức Thọ, Phường 13, Gò Vấp, Hồ Chí Minh",37.0,2.0,2.0,2.0,Sổ hồng,2025-11-19
"Bán Nhà đẹp thang máy 5 lầu Nguyễn văn công GV giá 9,4 tỷ",9.4,"Đường Nguyễn Văn Công, Phường 3, Gò Vấp, Hồ Chí Minh",60.0,5.0,6.0,5.0,Sổ hồng,2025-11-16
FULL NỘI THẤT- HẺM XE TẢI- Ô TÔ NGỦ TRONG NHÀ- SỔ VUÔNG- 66M- 5 TẦNG- 10.x tỷ,10.9,"Đường Dương Quảng Hàm, Phường 16, Gò Vấp, Hồ Chí Minh",66.0,5.0,6.0,5.0,Sổ hồng,2025-11-26
Nhà 30m ra MT Phần Huy Ích p14GV hxh6m lầu 3x17 2PN 3vs tiện KD đa nghề tặng nt h.đn LH0786 555 ***,5.38,"Đường Phan Huy Ích, Phường 14, Gò Vấp, Hồ Chí Minh",51.0,2.0,3.0,2.0,Sổ hồng,2025-11-27
CHDV 14P đường 12m thông nhỉnh 10 tỷ Gò Vấp,10.9,"Đường Phạm Văn Chiêu, Phường 14, Gò Vấp, Hồ Chí Minh",75.0,14.0,15.0,5.0,Sổ hồng,2025-11-22
"CHDV 39P, doanh thu 180tr/tháng, Lê Văn Thọ, P11, Gò Vấp",49.0,"Đường Lê Văn Thọ, Phường 11, Gò Vấp, Hồ Chí Minh",252.0,39.0,40.0,6.0,Sổ hồng,2025-11-22
"Villa 6,5x15m, 4 tầng gần Công Viên VH Gò Vấp, Lê Đức Thọ - Nguyễn Văn Lượng",12.0,"Đường Lê Đức Thọ, Phường 17, Gò Vấp, Hồ Chí Minh",97.0,4.0,5.0,4.0,Sổ hồng,2025-11-22
"Dãy trọ 269m2, 8x34m, đường 16m Phạm Văn Chiêu Gò Vấp",21.0,"Đường Phạm Văn Chiêu, Phường 14, Gò Vấp, Hồ Chí Minh",269.0,16.0,16.0,8.0,Sổ hồng,2025-11-19
CHDV 22P doanh thu 145tr ngay Lotte Mart Gò Vấp,25.0,"Đường Nguyễn Văn Lượng, Phường 16, Gò Vấp, Hồ Chí Minh",127.0,22.0,23.0,6.0,Sổ hồng,2025-11-17
"Bán khách sạn mới 18P, khoán 110tr Phạm Văn Chiêu P9 Gò Vấp",26.0,"Đường Phạm Văn Chiêu, Phường 9, Gò Vấp, Hồ Chí Minh",88.0,16.0,17.0,6.0,Sổ hồng,2025-11-17
"Chính chủ 30 năm bán nhà 2 tầng Lê Tự Tài, Phú Nhuận, HXH 16 chỗ, 46m2, cho thuê được 20tr/th",7.2,"Đường Lê Tự Tài, Phường 4, Phú Nhuận, Hồ Chí Minh",46.0,2.0,2.0,2.0,Sổ hồng,2025-11-20
"CHDV 55P, ngang 10mx44m, khoán 200tr, Phạm Văn Chiêu, P16, Gò Vấp",59.0,"Đường Phạm Văn Chiêu, Phường 16, Gò Vấp, Hồ Chí Minh",440.0,55.0,56.0,6.0,Sổ hồng,2025-11-22
"Bán nhà góc 2 mặt hẻm 46m² 2 căn liền kề có dòng tiền Thích Quảng Đức, Phú Nhuận, 6.5 tỷ",6.5,"Đường Thích Quảng Đức, Phường 5, Phú Nhuận, Hồ Chí Minh",46.0,5.0,6.0,3.0,Sổ hồng,2025-11-25
HÀNG VIP PHÚ NHUẬN - 100M2 - HXH TRÁNH - BAO ĐẦU TƯ - GPXD HẦM + 6 TẦNG - NGANG 4.5 - VUÔNG VỨC,14.3,"Đường Nguyễn Kiệm, Phường 4, Phú Nhuận, Hồ Chí Minh",99.0,4.0,2.0,2.0,Sổ hồng,2025-11-22
"CẦN BÁN  GẤP TOÀ NHÀ CĂN HỘ CHO THUÊ . 145/12A NGUYỄN ĐÌNH CHÍNH, P11, PHÚ NHUẬN. GIÁ GIẢM 31 TỶ",31.0,"145/12A, Đường Nguyễn Đình Chính, Phường 11, Phú Nhuận, Hồ Chí Minh",90.0,14.0,16.0,8.0,Sổ hồng,2025-11-16
Siêu phẩm 5 lầu - sát Quận 1 - 5 phòng ngủ - Phan Xích Long - full nội thất vào ở ngay - nhỉnh 7 tỷ,7.35,"Đường Phan Xích Long, Phường 2, Phú Nhuận, Hồ Chí Minh",54.0,5.0,4.0,5.0,Sổ hồng,2025-11-22
Siêu Phẩm 3 lầu - Hẻm Lê Văn Sỹ- Phú Nhuận - 3 Phòng ngủ - full nội thất - vào ở liền - chỉ 6.85 tỷ,6.85,"Đường Lê Văn Sỹ, Phường 13, Phú Nhuận, Hồ Chí Minh",47.0,3.0,3.0,3.0,Sổ hồng,2025-11-26
Lên sóng nhà mới & đẹp - 3 tầng trung tâm Phú Nhuận,6.85,"489/24/76 Huỳnh Văn Bánh, 13, Phú Nhuận, Hồ Chí Minh",33.0,3.0,3.0,3.0,Sổ hồng,2025-11-26
"Hẻm Nhựa 7 chỗ ngủ trong nhà - Phú Nhuận - 100m2 ngang 4.3m, Chỉ 130tr/m2 đất.",14.3,"Đường Nguyễn Kiệm, Phường 4, Phú Nhuận, Hồ Chí Minh",98.0,2.0,2.0,2.0,Sổ hồng,2025-11-24
"Chính chủ bán nhà 5 Tầng Hẻm xe hơi Phan Đăng Lưu - Đoàn Thị Điểm, P.1 ( Cầu Kiệu) chỉ 9T",9.0,"Đường Đoàn Thị Điểm, Phường 1, Phú Nhuận, Hồ Chí Minh",40.0,4.0,5.0,5.0,Sổ hồng,2025-11-27
"Bán nhà riêng 4 tầng tại Nguyễn Kiệm, 15 tỷ VND, DTSD 235.5m2, P4, Q. Phú Nhuận, HCM",15.0,"778/1F, Đường Nguyễn Kiệm, Phường 4, Phú Nhuận, Hồ Chí Minh",76.0,5.0,4.0,4.0,Sổ hồng,2025-11-09
"NHÀ HXH HOÀNG VĂN THỤ - TRẦN HUY LIỆU, P15, PHÚ NHUẬN  DT 4x16  NHÀ 3 LẦU, 7PN, GIÁ 14.9 TỶ",14.9,"Đường Hoàng Văn Thụ, Phường 15, Phú Nhuận, Hồ Chí Minh",65.0,7.0,7.0,4.0,Sổ hồng,2025-11-21
"Chính chủ cần bán gấp nhà 5 tầng Xe hơi đỗ cửa Lê Văn Sỹ - Huỳnh Văn Bánh, P. 11",7.9,"Đường Huỳnh Văn Bánh, Phường 11, Phú Nhuận, Hồ Chí Minh",32.0,3.0,4.0,5.0,Sổ hồng,2025-11-27
"Kẹt tiền bán gấp trả nợ nhà 4 tầng mới Lung linh khu VIP Đoàn Thị Điểm, P. 1",8.3,"Đường Đoàn Thị Điểm, Phường 1, Phú Nhuận, Hồ Chí Minh",41.0,4.0,5.0,4.0,Sổ hồng,2025-11-27
HẺM BA GÁC - HUỲNH VĂN BÁNH - TT PHÚ NHUẬN - 3 TẦNG x 35M2 - 6.X TỶ,6.85,"Phường 11, Phú Nhuận, Hồ Chí Minh",35.0,3.0,2.0,3.0,Sổ hồng,2025-11-27
SIÊU PHẨM HẺM LỚN CẦU KIỆU PHÚ NHUẬN - 6tỷ2 NHÀ MỚI KIẾN TRÚC HIỆN ĐẠI 5 PHÒNG NGỦ,6.2,"Đường Duy Tân, Phường 15, Phú Nhuận, Hồ Chí Minh",28.0,5.0,3.0,4.0,Sổ hồng,2025-11-27
"Kẹt cần bán gấp nhà 4 tầng Siêu vị trí - Cách 1 căn ra Mặt Tiền Trường Sa, Phú Nhuận",5.85,"Đường Trường Sa, Phường 2, Phú Nhuận, Hồ Chí Minh",31.0,4.0,3.0,4.0,Sổ hồng,2025-11-27
"Siêu phẩm! Bán CHDV ngay Phan Xích LOng, PN( 5.4x23m- Hầm, 5 Tầng) HĐT 90tr/th- 22.8 tỷ TL",22.8,"Phường 2, Phú Nhuận, Hồ Chí Minh",127.0,15.0,16.0,5.0,Sổ hồng,2025-11-19
"Bán nhà mới 100% - hẻm xe hơi - Đặng Văn Ngữ - Phú Nhuận - 3 tầng có sân thượng - giá chỉ 7,3 tỷ",7.3,"Đường Đặng Văn Ngữ, Phường 10, Phú Nhuận, Hồ Chí Minh",34.0,3.0,4.0,3.0,Sổ hồng,2025-11-26
"Bán nhà hẻm xe hơi Trần Kế Xương, P7 Phú Nhuận, sát Khu Vạn Kiếp - Phan Xích Long",5.6,"Đường Trần Kế Xương, Phường 7, Phú Nhuận, Hồ Chí Minh",27.0,2.0,3.0,3.0,Sổ hồng,2025-11-27
"Bán Nhà Thích Quảng Đức, P5, Phú Nhuận, 66m2, 2 tầng, nhà trống sạch sẽ, giá 8.8 tỷ TL",8.8,"Đường Thích Quảng Đức, Phường 5, Phú Nhuận, Hồ Chí Minh",66.0,3.0,2.0,2.0,Sổ hồng,2025-11-21
5 tầng - 3 mặt tiền hiếm - cứng cáp ở ngay - an ninh tốt - View Landmark 81 và Bitexco,6.5,"Đường Phan Đình Phùng, Phường 1, Phú Nhuận, Hồ Chí Minh",45.0,3.0,4.0,5.0,Sổ hồng,2025-11-26
"Hẻm 3m giáp Q3 - nhà lung linh 3PN full nội thất xịn. Chỉ 6,85 tỷ",6.85,"Đường Huỳnh Văn Bánh, Phường 13, Phú Nhuận, Hồ Chí Minh",32.0,3.0,3.0,3.0,Sổ hồng,2025-11-25
"Chính chủ bán gấp. Nhà hẻm 414. P14, Phú Nhuận. Giá 10 tỷ",10.0,"414, Đường Huỳnh Văn Bánh, Phường 14, Phú Nhuận, Hồ Chí Minh",41.0,4.0,3.0,4.0,Sổ hồng,2025-11-27
"Vị trí vip, ô tô tới cửa, DT 45m2, Lê Văn Sỹ, Phú Nhuận mua ở, làm MBKD, spa giá 9,9 tỷ (TL)",9.9,"Đường Lê Văn Sỹ, Phường 11, Phú Nhuận, Hồ Chí Minh",45.0,3.0,2.0,2.0,Sổ hồng,2025-11-21
"Hẻm ô tô thông - 81m2 - 4 tầng - Huỳnh Văn Bánh - P.17, Phú Nhuận - 14,5 tỷ",14.5,"Đường Huỳnh Văn Bánh, Phường 17, Phú Nhuận, Hồ Chí Minh",81.0,6.0,5.0,4.0,Sổ hồng,2025-11-19
"Hiếm có: hơn 9 tỷ; mặt tiền hẻm Huỳnh Văn Bánh; Phú nhuận; DT: 4,35x13m; 2Lầu; Vừa ở vừa kinh doanh",9.8,"Đường Huỳnh Văn Bánh, Phường 17, Phú Nhuận, Hồ Chí Minh",45.0,3.0,3.0,2.0,Sổ hồng,2025-11-21
"Nhà 5 tầng BTCT Phan Xích Long, Phú Nhuận DT 3x12m giá 6,45 Tỷ TL",6.45,"Đường Phan Xích Long, Phường 2, Phú Nhuận, Hồ Chí Minh",34.0,4.0,5.0,5.0,Sổ hồng,2025-11-27
"Nhà đẹp 4 tầng khu Phan Xích Long 4PN có sân thượng, chỉ 7.25 tỷ nhà còn mới",7.25,"Đường Nhiêu Tứ, Phường 7, Phú Nhuận, Hồ Chí Minh",34.0,4.0,3.0,4.0,Sổ hồng,2025-11-18
Hẻm 7m kinh doanh - 1 căn ra MT 85m2 - 4 tầng - 16.5 tỷ,16.5,"Đường Trần Huy Liệu, Phường 15, Phú Nhuận, Hồ Chí Minh",85.0,5.0,5.0,4.0,Sổ hồng,2025-11-25
"Bán nhà Phú Nhuận 75m2 Huỳnh Văn Bánh giao Phan Đình Phùng, chính chủ chỉ 8 tỷ 9 còn bớt",8.9,"Đường Huỳnh Văn Bánh, Phường 15, Phú Nhuận, Hồ Chí Minh",75.0,5.0,5.0,4.0,Sổ hồng,2025-11-27
Bán nhà chính chủ - vào ở ngay - Gần Phan Xích Long,25.2,"Đường Hoa Hồng, Phường 1, Phú Nhuận, Hồ Chí Minh",64.0,4.0,6.0,3.0,Sổ hồng,2025-11-27
"Bán nhà hẻm đẹp, 3 tầng Phan Tây Hồ - Trần Kế Xương, gần 50m2 chỉ hơn 6 tỷ",6.2,"Đường Phan Tây Hồ, Phường 7, Phú Nhuận, Hồ Chí Minh",48.0,3.0,3.0,3.0,Sổ hồng,2025-11-22
Chủ ĐỊNH CƯ gửi Bán Nhà Villa HOÀNG VĂN THỤ ngay Khách Sạn Tân Sơn Nhất,29.4,"Đường Hoàng Văn Thụ, Phường 8, Phú Nhuận, Hồ Chí Minh",162.0,7.0,8.0,4.0,Sổ hồng,2025-11-22
90m2 - 5 tầng - hẻm xe hơi - Phú Nhuận - chính chủ lâu đời - 18 tỷ,18.0,"Đường Hoàng Hoa Thám, Phường 5, Phú Nhuận, Hồ Chí Minh",90.0,6.0,6.0,5.0,Sổ hồng,2025-11-26
"Bán nhà mặt phố 33m2, 6,5 tỷ, Phan Tây Hồ, P. 7, Q. Phú Nhuận, HCM giá siêu hời",6.5,"Đường Phan Tây Hồ, Phường 7, Phú Nhuận, Hồ Chí Minh",33.0,3.0,4.0,4.0,Sổ hồng,2025-10-31
Dòng tiền 100tr/tháng - hẻm 8m - 98m2 đất - giá bèo 17.5 tỷ,17.5,"Đường Nguyễn Kiệm, Phường 3, Phú Nhuận, Hồ Chí Minh",98.0,8.0,8.0,5.0,Sổ hồng,2025-11-25
"Vip! Căn góc 2MT! 42m2 Nguyễn Thượng Hiền, ngang 4m, hợp ở/làm Vp Cty. Đang cho thuê 20 tr/th",9.25,"Đường Nguyễn Thượng Hiền, Phường 5, Phú Nhuận, Hồ Chí Minh",42.0,4.0,4.0,4.0,Sổ hồng,2025-11-25
Bán nhà đẹp Nguyễn Trọng Tuyển P15 Phú Nhuận 58m2 (3.8x15m) nở hậu 4 tầng - giá 10.4tỷ (TL),10.4,"Đường Nguyễn Trọng Tuyển, Phường 15, Phú Nhuận, Hồ Chí Minh",58.0,4.0,5.0,4.0,Sổ hồng,2025-11-27
"Siêu vị trí, HXH quay đầu Nguyễn Văn Trỗi - Nguyễn Trọng Tuyển, PN 4 x 20m - 5 tầng - chỉ 15,9 tỷ",15.9,"Đường Nguyễn Trọng Tuyển, Phường 8, Phú Nhuận, Hồ Chí Minh",70.0,5.0,6.0,5.0,Sổ hồng,2025-11-26
"Bán nhà hẻm ô tô Phan Xích Long Phú Nhuận 73m2 5 tầng, 8pn, 8wc chỉ 11,6 tỷ.TL",11.6,"Đường Phan Xích Long, Phường 7, Phú Nhuận, Hồ Chí Minh",73.0,8.0,8.0,5.0,Sổ hồng,2025-11-26
"Gấp giảm 200tr - sát Phan Xích Long - Nhà đẹp 4tầng (3.3 x 12.5) nở 4.2m, hẻm 4m - chỉ 7,35 tỷ",7.35,"Đường Phan Tây Hồ, Phường 7, Phú Nhuận, Hồ Chí Minh",34.0,5.0,5.0,4.0,Sổ hồng,2025-11-26
"8 CHDV Luxury - hẻm ô tô dòng tiền 100tr/th - Phan Xích Long 4 tầng - 66m2 (5.2mx13m) 13,686 tỷ",13.69,"Đường Phan Xích Long, Phường 3, Phú Nhuận, Hồ Chí Minh",66.0,8.0,9.0,4.0,Sổ đỏ,2025-11-26
"Đào Duy Anh - Hồ Văn Huê - Phú Nhuận - 86m2 - ngang 4m x dài 22m - 4 tầng - 15,5 tỷ",15.5,"Đường Hồ Văn Huê, Phường 9, Phú Nhuận, Hồ Chí Minh",86.0,4.0,4.0,4.0,Sổ hồng,2025-11-26
Bán nhà đường Duy Tân - Huỳnh Văn Bánh - Q. Phú Nhuận - 31m2 (3x11) - 2 tầng - 2PN - 5.15 tỷ,5.15,"Đường Duy Tân, Phường 15, Phú Nhuận, Hồ Chí Minh",31.0,2.0,2.0,2.0,Sổ hồng,2025-11-26
"Nhà Trung Tâm Phú Nhuận hẻm thông, 2PN, 2WC giá mềm 5.15 tỷ",5.15,"Đường Duy Tân, Phường 15, Phú Nhuận, Hồ Chí Minh",31.0,2.0,2.0,2.0,Sổ hồng,2025-11-27
"Bán Gấp Nhà Nguyễn Trọng Tuyển - hẻm xe hơi thông ngang 4,3m sổ A4 - kinh doanh tốt chỉ 10. X tỷ",10.4,"Đường Nguyễn Trọng Tuyển, Phường 10, Phú Nhuận, Hồ Chí Minh",38.0,2.0,2.0,2.0,Sổ hồng,2025-11-27
Mua 1 được 3 (3 căn) - 2 tầng - 77m2 - ngang lớn 6m - trước nhà rộng 5m - hẻm thông - sổ nở hậu,12.29,"Đường Đặng Văn Ngữ, Phường 10, Phú Nhuận, Hồ Chí Minh",77.0,3.0,3.0,2.0,Sổ hồng,2025-11-26
"Bán gấp nhà CHDV - dòng tiền rất cao, 6 tầng, gồm 8 phòng full nội thất, thang máy xịn sò",20.0,"Đường Phan Tây Hồ, Phường 7, Phú Nhuận, Hồ Chí Minh",69.0,8.0,8.0,6.0,Sổ hồng,2025-11-27
"Bán nhà Huỳnh Văn Bánh Phú Nhuận - 4 tầng 7PN 4,5x14m - thu nhập 300tr/năm - giá 9,1 tỷ",9.1,"Đường Huỳnh Văn Bánh, Phường 13, Phú Nhuận, Hồ Chí Minh",48.0,7.0,6.0,4.0,Sổ hồng,2025-11-26
"Nhà đẹp 3 tầng full nội thất hẻm xe hơi Thích Quảng Đức, Phú Nhuận",6.15,"Hẻm 86, Đường Thích Quảng Đức, Phường 5, Phú Nhuận, Hồ Chí Minh",27.0,4.0,3.0,3.0,Sổ hồng,2025-11-25
"Huỳnh Văn Bánh - 3 tầng mới 100% - gần bờ kè Trường Sa - full nội thất - chỉ 6,8 tỷ",6.8,"Đường Huỳnh Văn Bánh, Phường 13, Phú Nhuận, Hồ Chí Minh",33.0,3.0,3.0,3.0,Sổ hồng,2025-11-26
Nhà đẹp full nội thất cao cấp - 2 tầng 3 PN 3 WC - Trung Tâm quận Phú Nhuận - chỉ hơn 6 tỷ,6.85,"Đường Huỳnh Văn Bánh, Phường 13, Phú Nhuận, Hồ Chí Minh",32.0,3.0,3.0,4.0,Sổ hồng,2025-11-27
Chủ ngộp bank - 48.8m2 4 tầng - 6.6 tỷ - 135.2 tr/m2,6.6,"Đường Trần Kế Xương, Phường 7, Phú Nhuận, Hồ Chí Minh",48.0,4.0,6.0,4.0,Sổ đỏ,2025-11-21
KHU VIP PHAN XÍCH LONG 24M2 (3.6X8) NT ĐẸP - CHỈ 4.1 TỶ,4.1,"Đường Phan Xích Long, Phường 7, Phú Nhuận, Hồ Chí Minh",24.0,2.0,2.0,2.0,Sổ hồng,2025-11-21
Siêu Phẩm 3 tầng - sát Quận 1 - Hẻm xe hơi Trần Kế Xương - 3 Phòng ngủ - Giá chỉ 5.6 tỷ,5.6,"Đường Trần Kế Xương, Phường 7, Phú Nhuận, Hồ Chí Minh",41.0,3.0,3.0,3.0,Sổ hồng,2025-11-26
Siêu phẩm 3 tầng - sát Quận 1 - Hẻm xe hơi Phan Đăng Lưu - 3 phòng ngủ - giá chỉ 5.6 tỷ,5.6,"Đường  Phan Đăng Lưu, Phường 7, Phú Nhuận, Hồ Chí Minh",40.0,3.0,3.0,3.0,Sổ hồng,2025-11-26
Thu nhập 130tr/tháng hầm 7 tầng đường Lê Văn Sỹ Phú Nhuận giá 39 tỷ,39.0,"Đường Lê Văn Sỹ, Phường 10, Phú Nhuận, Hồ Chí Minh",144.0,18.0,20.0,8.0,Sổ hồng,2025-11-27
"66m2, bán nhà 2 tầng, 3pn, hxh, Thích Quảng Đức, P5 Phú Nhuận, 8 tỷ nhỉnh TL",8.7,"Đường Thích Quảng Đức, Phường 5, Phú Nhuận, Hồ Chí Minh",66.0,3.0,3.0,2.0,Sổ hồng,2025-11-25
"NGAY ĐƯỜNG HOA SỨ PHAN XÍCH LONG, CẠNH CHUNG CƯ NHIÊU TỨ - 4 TẦNG MỚI ĐẸP VÀO Ở NGAY",7.5,"Đường Hoa Sứ, Phường 7, Phú Nhuận, Hồ Chí Minh",39.0,4.0,4.0,4.0,Sổ hồng,2025-11-22
Quận Phú Nhuận - Lê Văn Sỹ - HXH tận nhà - 4 tầng - 6PN master - 79.8m2 - 12.9 tỷ,12.9,"Đường Lê Văn Sỹ, Phường 11, Phú Nhuận, Hồ Chí Minh",79.0,6.0,6.0,4.0,Sổ hồng,2025-11-27
"Phan Đăng Lưu - Khu vip phân lô - ôtô đỗ cửa - 5 tầng - Ngay ngã tư Phú Nhuận - chỉ 8,8 tỷ",8.8,"Đường  Phan Đăng Lưu, Phường 3, Phú Nhuận, Hồ Chí Minh",43.0,4.0,4.0,5.0,Sổ hồng,2025-11-22
"Bán gấp nhà hẻm ô tô 7m đường Lê Văn Sỹ, Phú Nhuận - DTCN 101m2 (5 x 20m) - Nhà cũ tiện xây mới",14.0,"Đường Lê Văn Sỹ, Phường 10, Phú Nhuận, Hồ Chí Minh",101.0,4.0,2.0,2.0,Sổ hồng,2025-11-20
"Hàng hiếm nhà đường Phan Đăng Lưu, Q. Phú Nhuận, 3.8 tỷ, 2 tầng, sổ hồng trao tay ở ngay",3.8,"Đường  Phan Đăng Lưu, Phường 7, Phú Nhuận, Hồ Chí Minh",30.0,2.0,1.0,2.0,Sổ hồng,2025-11-26
"Gấp bán! Cách MT 1 căn, DT 4x20m - 77m2 (vuông vức), 3 tầng kiên cố Huỳnh Văn Bánh, PN chỉ 11,8 tỷ",11.8,"Đường Huỳnh Văn Bánh, Phường 14, Phú Nhuận, Hồ Chí Minh",77.0,4.0,5.0,3.0,Sổ hồng,2025-11-20
"Nhà mới! Ô tô ngủ trong nhà, HXH 6m Hoàng Văn Thụ, PN. DT 4x19m - 72m2, 4 tầng + TM chỉ 21 tỷ TL",21.0,"Đường Hoàng Văn Thụ, Phường 8, Phú Nhuận, Hồ Chí Minh",72.0,6.0,8.0,4.0,Sổ hồng,2025-11-20
Bán nhà HXH Hoàng Hoa Thám Phú Nhuận - 3 tầng 67m2 - giá 9 tỷ,9.0,"Đường Hoàng Hoa Thám, Phường 5, Phú Nhuận, Hồ Chí Minh",67.0,4.0,4.0,3.0,Sổ hồng,2025-11-25
"HXH Hoàng Hoa Thám 51.2m2 4 tầng gara oto, chỉ 8.8 tỷ nhà mới 4PN có sân thượng",8.8,"Đường Hoàng Hoa Thám, Phường 5, Phú Nhuận, Hồ Chí Minh",51.0,4.0,6.0,4.0,Sổ hồng,2025-11-25
"Tin thật! Giảm 1 tỷ nhà HXH Nguyễn Công Hoan, P7 PN - DT: 59.1m2 (3,3x16m) giá chỉ còn 9,9 tỷ BL",9.9,"Đường Nguyễn Công Hoan, Phường 7, Phú Nhuận, Hồ Chí Minh",59.0,3.0,3.0,3.0,Sổ hồng,2025-11-27
"Siêu phẩm Phú Nhuận! Nhà Mới kiến trúc hiện đại đường Duy Tân, 5PN giá chỉ 6,6 tỷ",6.6,"Đường Duy Tân, Phường 15, Phú Nhuận, Hồ Chí Minh",28.0,5.0,3.0,4.0,Sổ hồng,2025-11-25
"Tòa nhà văn phòng - HXH sát mặt tiền Phan Đăng Lưu, PN - 4,2 x 20m - 4 tầng chỉ 17 tỷ còn 14,8 tỷ",14.8,"Đường  Phan Đăng Lưu, Phường 7, Phú Nhuận, Hồ Chí Minh",74.0,5.0,5.0,4.0,Sổ hồng,2025-11-24
"Khu Hiếm Nhà Bán, Nhiêu Tứ, Gần Phan Xích Long, Ngang lớn 6.1 m ,Giá Chỉ 7.5 Tỷ",7.5,"Đường Nhiêu Tứ, Phường 7, Phú Nhuận, Hồ Chí Minh",37.0,5.0,4.0,4.0,Sổ hồng,2025-11-26
"67m2! Bán nhà 3 tầng HXH Hoàng Hoa Thám, P5. Phan Đăng Lưu, Phan Xích Long, BV Gia Định, Hoàn Mỹ.",9.5,"Đường Hoàng Hoa Thám, Phường 5, Phú Nhuận, Hồ Chí Minh",67.0,3.0,4.0,3.0,Sổ hồng,2025-11-26
"80M2- HẺM XE HƠI NGỦ NHÀ PHAN ĐĂNG LƯU PHÚ NHUẬN - 5 TẦNG CỰC ĐẸP GẤP BÁN GIẢM SÂU 2 TỶ CHỈ 15,5 TỶ",15.5,"Đường  Phan Đăng Lưu, Phường 7, Phú Nhuận, Hồ Chí Minh",78.0,4.0,4.0,5.0,Sổ hồng,2025-11-26
Siêu Phẩm 5 Lầu - sát Quận 1 - 5 phòng ngủ - Phan Tây Hồ - full nội thất vào ở ngay - nhỉnh 7 tỷ,7.35,"Đường Phan Tây Hồ, Phường 7, Phú Nhuận, Hồ Chí Minh",40.0,5.0,4.0,5.0,Sổ hồng,2025-11-26
"Giá rẻ! Huỳnh văn bánh P 13, Q. PHÚ NHUẬN -DT:3,2 x 6-18 m2- 3 Tầng - Giá giảm chỉ 4,8 tỷ Bớt Lộc !",4.8,"Đường Huỳnh Văn Bánh, Phường 13, Phú Nhuận, Hồ Chí Minh",18.0,2.0,2.0,3.0,Sổ hồng,2025-11-26
"113m2! Bán nhà 3 tầng trục Nguyễn Văn Trỗi - Mai Văn Ngọc, P10. Ngay Huỳnh Văn Bánh, Lê Văn Sỹ, Q1",15.0,"Đường Nguyễn Văn Trỗi, Phường 10, Phú Nhuận, Hồ Chí Minh",113.0,4.0,4.0,3.0,Sổ hồng,2025-11-26
"Chính chủ bán nhà hẻm 8m Quận Phú Nhuận, xe hơi đậu ngay cửa nhà không bao giờ ngập nước mùa mưa",3.65,"19/25 Đường Lam Sơn, Phường 5, Phú Nhuận, Hồ Chí Minh",18.0,1.0,1.0,1.0,Sổ hồng,2025-11-09
"Chủ mất khả năng thanh toán NH cần bán nhanh. Nhà 3 tấm góc hai mặt tiền, giá 5,95tỷ còn bớt lộc lá",5.95,"Đường Thích Quảng Đức, Phường 4, Phú Nhuận, Hồ Chí Minh",29.0,2.0,3.0,3.0,Sổ hồng,2025-11-20
Bán nhà đẹp Phú Nhuận Thích Quảng Đức 70m - 4.6x15 - 4 tầng BTCT - Sát HXH - Nhỉnh 9 tỷ,9.3,"Đường Thích Quảng Đức, Phường 5, Phú Nhuận, Hồ Chí Minh",70.0,5.0,4.0,4.0,Sổ hồng,2025-11-13
"2TỶ350 1 Căn duy nhất đường Trần Cao Vân, Phú Nhuận nhỉnh 2 đồng - hẻm xe hơi - Nhà xây mới",2.35,"Đường Trần Cao Vân, Phường 12, Phú Nhuận, Hồ Chí Minh",53.0,4.0,5.0,3.0,Sổ hồng,2025-11-07
"Chính chủ cần bán gấp nhà đẹp Đoàn Thị Điểm, Phú Nhuận 26m², full nội thất, giá cực tốt 4.35 tỷ",4.35,"Đường Đoàn Thị Điểm, Phường 2, Phú Nhuận, Hồ Chí Minh",26.0,1.0,2.0,2.0,Sổ hồng,2025-11-17
"Nhà C4, Phú Nhuận, hẻm ba gác, đường Chiến Thắng, 63m2 chỉ 6.1 tỷ",6.1,"Đường Chiến Thắng, Phường 7, Phú Nhuận, Hồ Chí Minh",63.0,2.0,2.0,1.0,Sổ hồng,2025-11-26
"Chỉ Với 3,8 tỷ đã sở hữu nhà ngay trung tâm Q. Phú Nhuận, nhà 2 tầng mới đẹp, khu an ninh sạch đẹp",3.8,"Đường  Phan Đăng Lưu, Phường 7, Phú Nhuận, Hồ Chí Minh",30.0,2.0,1.0,2.0,Sổ đỏ,2025-11-24
Gấp bán! Giảm sock 1tỷ! Nhà 5 tầng BTCT có phòng dưới trệt cách MT 3 căn - hoàn công đủ Lê Văn Sỹ,8.98,"Đường Lê Văn Sỹ, Phường 11, Phú Nhuận, Hồ Chí Minh",54.0,6.0,5.0,5.0,Sổ hồng,2025-11-25
Siêu Phẩm Đầu Tư Hiếm. Hẻm Xe Hơi Phú Nhuận. DT 72m2 5 Tầng Vuông Vức,11.6,"Đường Phùng Văn Cung, Phường 7, Phú Nhuận, Hồ Chí Minh",72.0,8.0,8.0,5.0,Sổ hồng,2025-11-25
Tòa nhà 9x12m. 5 tầng 16 phòng có thang máy. Đường nhựa 7m sát mặt tiền Hoàng Văn Thụ - 23 tỷ TL,23.0,"Đường Hoàng Văn Thụ, Phường 8, Phú Nhuận, Hồ Chí Minh",123.0,16.0,16.0,5.0,Sổ hồng,2025-11-19
"Bán nhà đẹp Phan Đăng Lưu, Phú Nhuận - 4 tầng, hẻm xe hơi tránh, gần Phan Xích Long - giá chỉ 17 tỷ",17.0,"Đường  Phan Đăng Lưu, Phường 7, Phú Nhuận, Hồ Chí Minh",75.0,4.0,4.0,4.0,Sổ hồng,2025-11-19
"NHÀ PHÚ NHUẬN 6 tỷ KIẾN TRÚC HIỆN ĐẠI VÀO Ở NGAY 5 PHÒNG NGỦ GIÁ CHỈ 6,6 TỶ. LH Ms Tâm0932 723 ***",6.2,"Đường Duy Tân, Phường 15, Phú Nhuận, Hồ Chí Minh",28.0,5.0,4.0,3.0,Sổ hồng,2025-11-26
"Bán nhà đường Nhiêu Tứ, khu Phan Xích Long, Phú Nhuận, nhà mới, 1 đời chủ, 5 tầng 34 m2 giá 7,3 tỷ",7.3,"Đường Nhiêu Tứ, Phường 7, Phú Nhuận, Hồ Chí Minh",34.0,4.0,4.0,5.0,Sổ hồng,2025-11-21
"""HIẾM"" TRẦN HUY LIỆU (PN) - DT 70M2 - HXH TRÁNH. CHỈ NHỈNH 15 TỶ TL",15.8,"Đường Trần Huy Liệu, Phường 15, Phú Nhuận, Hồ Chí Minh",70.0,4.0,3.0,3.0,Sổ hồng,2025-11-12
"Bán nhà Huỳnh Văn Bánh, gần chợ Phú Nhuận, 2 tầng 43m2, giá tốt đầu tư chỉ 9,7 tỷ.",9.7,"Đường Huỳnh Văn Bánh, Phường 15, Phú Nhuận, Hồ Chí Minh",43.0,2.0,2.0,2.0,Sổ hồng,2025-11-18
"Nhà khu Phan Xích Long, Quận Phú Nhuận, hẻm thông, hẻm xe hơi, nhà mới, 3x13m, giá chỉ 7,9 tỷ",7.9,"Đường Phan Tây Hồ, Phường 7, Phú Nhuận, Hồ Chí Minh",39.0,5.0,5.0,4.0,Sổ hồng,2025-11-15
"Bán nhà Hoàng Hoa Thám, Phú Nhuận, hẻm ô tô, vuông vức, giá tốt, 4x15m chỉ 9,6 tỷ",9.6,"211, Đường Hoàng Hoa Thám, Phường 5, Phú Nhuận, Hồ Chí Minh",67.0,4.0,3.0,3.0,Sổ hồng,2025-11-15
"Nhà dưới 4 tỷ, Phan Đăng Lưu, Quận Phú Nhuận, 2 tầng, 2 mặt hẻm, 30m2 giá chỉ 3,8 tỷ",3.8,"Đường  Phan Đăng Lưu, Phường 7, Phú Nhuận, Hồ Chí Minh",30.0,2.0,1.0,2.0,Sổ hồng,2025-11-19
"1 Căn Duy Nhất - Phan Đăng Lưu, Phú Nhuận - Hẻm nhựa đồng bộ xe hơi tránh - xe hơi ngủ trong nhà",14.5,"Đường  Phan Đăng Lưu, Phường 9, Phú Nhuận, Hồ Chí Minh",44.0,4.0,5.0,5.0,Sổ hồng,2025-11-26
"Căn duy nhất - Khu Đường Hoa| HXH 8m Phan Xích Long, P. 07, PN | 4,2x13m - 4 Tầng| Giá Chỉ 16,5 tỷ",16.5,"Đường Phan Xích Long, Phường 7, Phú Nhuận, Hồ Chí Minh",54.0,4.0,4.0,4.0,Sổ hồng,2025-11-26
"Bán nhà 3 tầng 38m2 Duy Tân, P15, Phú Nhuận khu Huỳnh Văn Bánh - Nguyễn Văn Trỗi",5.3,"Đường Duy Tân, Phường 15, Phú Nhuận, Hồ Chí Minh",38.0,3.0,2.0,3.0,Sổ hồng,2025-11-13
"9,4 TỶ - TÒA NHÀ CHDV - NGAY BỜ KÈ HOÀNG SA - PHÚ NHUẬN - GIÁP QUẬN 1",9.4,"Đường Phan Đình Phùng, Phường 9, Phú Nhuận, Hồ Chí Minh",44.0,6.0,6.0,5.0,Sổ hồng,2025-11-26
"Gấp! Chủ ngộp bank bán lỗ trước tết - nhà mới keng sát MT Âu Cơ, 3 lầu, full NT. Giá 4 tỷ 75",4.75,"Đường Âu Cơ, Phường 10, Tân Bình, Hồ Chí Minh",35.0,3.0,3.0,3.0,Sổ hồng,2025-11-22
"BÁN NHÀ ĐẸP ĐƯỜNG PHẠM VĂN HAI , PHƯỜNG 2, QUẬN TÂN BÌNH. Dt 42.7m², 4PN 3WC. Đang cho thuê 14tr/th",2.5,"Đường Phạm Văn Hai, Phường 2, Tân Bình, Hồ Chí Minh",42.0,4.0,4.0,3.0,Sổ hồng,2025-11-26
HXH CÁCH 1 CĂN - 5 TẦNG BTCT -DT 35M2- CÙ LAO-F2 (cũ) -PHÚ NHUẬN,6.87,"Đường Cù Lao, Phường 2, Phú Nhuận, Hồ Chí Minh",35.0,4.0,5.0,3.0,Sổ hồng,2025-11-26
"Chính chủ bán nhà đường Nhiêu Tứ, P. 7, Phú Nhuận 4 lầu 82m2/3 tỷ 400 hẻm xe hơi sổ riêng chính chủ",3.4,"Hẻm 66, Đường Nhiêu Tứ, Phường 7, Phú Nhuận, Hồ Chí Minh",82.0,4.0,4.0,4.0,Sổ đỏ,2025-11-26
"Nhà mới ngang 6mx11m 4 tầng phường Tân Hòa Q.Tân Bình gần chợ Tân Bình,Thiên Phước Lữ Gia 8,5tỷ TL",8.5,"Đường  Lý Thường Kiệt, Phường 8, Tân Bình, Hồ Chí Minh",66.0,4.0,4.0,4.0,Sổ hồng,2025-11-25
TÂN BÌNH GIÁ 8.9 TỶ MẶT TIỀN ĐƯỜNG TRẦN VĂN HOÀNG .P9.TÂN BÌNH ĐƯỜNG TRƯỚC NHÀ7M .GẦN CHỢ ÔNG HOÀNG,8.9,"Đường Trần Văn Hoàng, Phường 9, Tân Bình, Hồ Chí Minh",64.0,2.0,2.0,2.0,Sổ hồng,2025-11-22
GIẢM 200TR ..TRƯỚC BÁN 3 TỶ950 GIỜ GIẢM 3 TỶ750 THƯƠNG LƯỢNG,3.75,"985/8/20, Đường Lạc Long Quân, Phường 11, Tân Bình, Hồ Chí Minh",21.0,2.0,3.0,3.0,Sổ hồng,2025-11-22
"Bán căn nhà tâm huyết chủ xây để ở, cần tiền bán lõ. nhà khu vực đẹp phú nhuận chỉ 13,5tỷ(m4)",13.5,"Đường Nguyễn Trọng Tuyển, Phường 15, Phú Nhuận, Hồ Chí Minh",53.0,4.0,5.0,4.0,Sổ hồng,2025-11-26
(Tài Chính 8tỷ thì đừng bỏ lỡ) nhà 5 tầng BTCT - 57.2m2 - Ngã Tư Bảy Hiền - oto ngủ trong nhà,8.5,"Đường Năm Châu, Phường 12, Tân Bình, Hồ Chí Minh",57.0,5.0,4.0,5.0,Sổ hồng,2025-11-25
"Bán nhà hẻm xe hơi thông , đường Trần Thị Trọng p15 tân bình ( p Tân Sơn mới)",7.8,"Đường Trần Thị Trọng, Phường 15, Tân Bình, Hồ Chí Minh",55.0,8.0,8.0,4.0,Sổ hồng,2025-11-24
Tòa nhà 62 phòng doanh thu 153triệu/tháng Trường Chinh P13 Tân Bình gần sân bay ~310m2 -0949 351 ***,36.0,"Đường Trường Chinh, Phường 13, Tân Bình, Hồ Chí Minh",309.0,62.0,20.0,7.0,Sổ hồng,2025-11-23
"Bán nhà hẻm 5/ Lý Thường Kiệt , Phường 9 . DT: 4x15,5m CN 62m2 , 2 Lầu -9tỷ TL",9.0,"Đường  Lý Thường Kiệt, Phường 9, Tân Bình, Hồ Chí Minh",62.0,7.0,5.0,2.0,Sổ hồng,2025-11-24
"Tôi bán căn nhà ngõ hẻm 57/20 Bùi Thị Xuân, Tân Bình, ô tô ra vào thông với các hẻm",8.6,"Hẻm 57/20, Đường Bùi Thị Xuân, Phường 5, Tân Bình, Hồ Chí Minh",65.0,2.0,2.0,2.0,Sổ hồng,2025-11-21
NHÀ MỚI ĐẸP DÀI CÓ P. NGỦ TẦNG TRỆT GẦN CHỢ TÂN BÌNH,5.95,"Đường Lạc Long Quân, Phường 11, Tân Bình, Hồ Chí Minh",49.0,3.0,2.0,2.0,Sổ hồng,2025-11-22
"Chính chủ bán CHDV 5 tầng 90tr/th, gần khách sạn Đệ Nhất, Út Tịch, có thang máy, hẻm oto chỉ 16,5tỷ",16.5,"50/4 Đường Hiệp Nhất, Phường 4, Tân Bình, Hồ Chí Minh",90.0,15.0,15.0,5.0,Sổ hồng,2025-11-22
"Bán CHDV dòng tiền 70tr/th tại phố oto Võ Thành Trang, ngay Ngã Tư Bẩy Hiền, full nội thất cao cấp",14.2,"84, Đường Võ Thành Trang, Phường 11, Tân Bình, Hồ Chí Minh",63.0,7.0,8.0,4.0,Sổ hồng,2025-11-22
"73tr/m2 là có thể đầu tư CHDV ở Lê Văn Huân, P13, TB, DT: 4.5 x 30m - 127m2, giá chỉ 9.4 tỷ TL",9.4,"Đường Lê Văn Huân, Phường 13, Tân Bình, Hồ Chí Minh",128.0,2.0,3.0,2.0,Sổ hồng,2025-11-20
"Nhà mới full nội thất, DT 4x13, trệt, 2 lầu, 3PN, 3WC, hẻm 3,5m 1 trục ngắn, giá 6,35 tỷ TL",6.35,"Đường Cống Lở, Phường 15, Tân Bình, Hồ Chí Minh",51.0,3.0,3.0,3.0,Sổ hồng,2025-11-22
"Bán nhà 2 tầng đường nhánh Phan Huy Ích rộng 6m, 150m2 ngang 8mx18",18.9,"Đường Phan Huy Ích, Phường 15, Tân Bình, Hồ Chí Minh",150.0,2.0,2.0,2.0,Sổ hồng,2025-11-22
"Bán nhà Hẻm xe Hơi 1219/43 Hoàng Sa , Tân Bình 4,3x15 1 lầu , giá 8,7 tỉ .lh :0911 039 ***",8.7,"Đường Hoàng Sa, Phường 5, Tân Bình, Hồ Chí Minh",64.0,3.0,3.0,2.0,Sổ hồng,2025-11-20
"Bán gấp nhà đường Bàu Cát, 60m2(5x12m) vuông A4, 3 tầng hẻm 6m thông, KTS thiết kế đẹp. Chỉ 12.2 tỷ",12.2,"Đường Bàu Cát, Phường 12, Tân Bình, Hồ Chí Minh",60.0,3.0,4.0,3.0,Sổ hồng,2025-11-20
"Bán nhà riêng, chính chủ, sổ hồng",11.5,"Đường Bế Văn Đàn, Phường 14, Tân Bình, Hồ Chí Minh",62.0,4.0,5.0,3.0,Sổ hồng,2025-11-18
"Chính chủ Bán gấp nhà căn góc 86m2, 2 lầu, hẻm 8m & 6m ngay Bàu Cát. SHR",10.9,"Đường Phan Sào Nam, Phường 11, Tân Bình, Hồ Chí Minh",86.0,3.0,4.0,2.0,Sổ hồng,2025-11-17
"CHỦ ĐANG NGỘP BANK GIÁ CỰC SỐC 8T SỞ HỮU NHÀ 62M2 NGAY CHỢ VÕ THÀNH TRANG 3PN, 3WC.",8.0,"Đường Âu Cơ, Phường 14, Tân Bình, Hồ Chí Minh",62.0,3.0,3.0,2.0,Sổ hồng,2025-11-15
"Bán nhà 4 tầng, 65m2 ngang 4.5m, khu đồng bộ hẻm 10m Cống Lở, gara oto, 7.25 tỷ",7.25,"Đường Cống Lở, Phường 15, Tân Bình, Hồ Chí Minh",65.0,4.0,4.0,4.0,Sổ hồng,2025-11-20
"(HOT) NHÀ DT KHỦNG 4.3X28 YÊN THẾ, TÂN BÌNH - CHÍNH CHỦ CẦN BÁN GẤP, CHỈ CÒN 1 CĂN KHU VỰC SÂN BAY",17.5,"Đường Yên Thế, Phường 2, Tân Bình, Hồ Chí Minh",120.0,3.0,2.0,2.0,Sổ hồng,2025-11-27
"**Bán nhà HXH Âu Cơ, phường 10, Tân Bình; 4x18m - 3 tầng mới chỉ 8,3 tỷ",8.3,"Đường Âu Cơ, Phường 10, Tân Bình, Hồ Chí Minh",64.0,5.0,5.0,3.0,Sổ hồng,2025-11-27
"Phạm Văn Bạch - P15 - Tân Bình, Diện Tích 5.2m x 20m,Nhà đúc 1trệt , 1lửng, 2lầu sân thượng-",10.0,"Đường Phạm Văn Bạch, Phường 15, Tân Bình, Hồ Chí Minh",104.0,13.0,13.0,4.0,Sổ hồng,2025-11-27
(Hàng hiếm) bán nhà hẻm xe hơi Cửu Long 4x23m 1 lầu tiện xây mới giá tốt 14 tỷ tl khu sân bay,14.0,"Đường Cửu Long, Phường 2, Tân Bình, Hồ Chí Minh",92.0,3.0,2.0,2.0,Sổ hồng,2025-11-27
"Bán NR 4PN, 4WC, 51m2 tại Lạc Long Quân, p6, Tân Bình, 12,9 tỷ giá cực chất",12.9,"Đường Lạc Long Quân, Phường 6, Tân Bình, Hồ Chí Minh",51.0,4.0,4.0,4.0,Sổ hồng,2025-11-27
"(Hot) Cần bán nhà hxh Nhất Chi Mai 4,2mx20m 3 tầng giá 13,5 tỷ ngay nhà ga T3",13.5,"Đường Nhất Chi Mai, Phường 13, Tân Bình, Hồ Chí Minh",82.0,4.0,5.0,3.0,Sổ hồng,2025-11-27
"CHDV 5 tầng HXH 30tr/th chỉ với 10.9 tỷ TL tại khu sân bay đường Ba Vì, P4, TB, 5 x 10m - 45.3m2",10.9,"Đường Ba Vì, Phường 4, Tân Bình, Hồ Chí Minh",45.0,8.0,8.0,5.0,Sổ hồng,2025-11-25
"**Bán nhà CHDV Hiệp Nhất, phường 4 Tân Bình; dòng tiền 80tr/tháng (6x15) 15PN",16.2,"Đường Hiệp Nhất, Phường 4, Tân Bình, Hồ Chí Minh",91.0,15.0,15.0,5.0,Sổ hồng,2025-11-17
"Tòa nhà 5 tầng thang máy (7x20m). Đường nhựa 8m, khu biệt thự sang trọng - 23,5 tỷ",23.5,"Đường Phổ Quang, Phường 2, Tân Bình, Hồ Chí Minh",124.0,10.0,10.0,5.0,Sổ hồng,2025-11-23
"Tòa nhà 4 tầng 12 phòng (5x20m), có thang máy. Dòng tiền 1,2 tỷ/năm. Cách sân bay 600m - 21,5 tỷ",21.5,"Đường Hồng Hà, Phường 2, Tân Bình, Hồ Chí Minh",95.0,12.0,12.0,4.0,Sổ hồng,2025-11-27
"Chỉ 9.5 tỷ TL (74tr/m2) có nhà 2 tầng Lê Văn Huân - Cộng Hòa - Ga T3, P13, 4.5 x 31m, DTSD 128m2",9.5,"Đường Lê Văn Huân, Phường 13, Tân Bình, Hồ Chí Minh",115.0,2.0,3.0,2.0,Sổ hồng,2025-11-27
"Bán gấp NR 4PN, 4WC, 109m2, Phổ Quang, p2, Tân Bình, HCM, giá 19,7 tỷ dt 4,5x26m vuông vức",19.7,"Đường Phổ Quang, Phường 2, Tân Bình, Hồ Chí Minh",109.0,4.0,4.0,4.0,Sổ hồng,2025-11-27
"**Bán nhà hẻm 107 Phạm Văn Hai ** phường 3, Tân Bình; 5x24 - biệt thự 3 tầng",18.82,"Đường Phạm Văn Hai, Phường 3, Tân Bình, Hồ Chí Minh",138.0,5.0,4.0,3.0,Sổ hồng,2025-11-27
"Siêu phẩm HXH cấp 4 tiện xây mới tại Hậu Giang, P4, TB, gần sân bay TSN - 50m2 - giá chỉ 7 Tỷ TL",7.0,"Đường Hậu Giang, Phường 4, Tân Bình, Hồ Chí Minh",50.0,2.0,2.0,1.0,Sổ hồng,2025-11-27
"Bán nhanh TOÀ NHÀ CHDV nằm ngay trục Cộng Hoà, TB(11x22-Hầm, 7 Tầng) HĐT 320 triệu/th- 63 tỷ",63.0,"Đường Cộng Hòa, Phường 13, Tân Bình, Hồ Chí Minh",222.0,77.0,77.0,7.0,Sổ hồng,2025-11-22
"16 tỷ, đối diện Etown, hẻm Cộng Hòa 10m, nhà 4 tầng, 6x15m, vị trí hot ngay ga T3",16.0,"Đường Cộng Hòa, Phường 13, Tân Bình, Hồ Chí Minh",85.0,5.0,6.0,4.0,Sổ hồng,2025-11-27
"bán nhà HXH 5 x 20 , 5 tầng , nội thất gỗ đường trường chinh .Q tân bình",13.9,"Đường Trường Chinh, Phường 11, Tân Bình, Hồ Chí Minh",100.0,5.0,6.0,4.0,Sổ hồng,2025-11-27
"Bán nhà biệt thự cực đẹp Bành Văn Trân P7 Tân Bình 75m2 2 tầng chỉ 12,5 tỷ.",12.5,"Đường Bành Văn Trân, Phường 7, Tân Bình, Hồ Chí Minh",75.0,3.0,4.0,2.0,Sổ hồng,2025-11-27
"Bán nhà hẻm tô cách ngã tư Bảy Hiền 300m, 85m2 9tỷ.",9.0,"Đường Trường Chinh, Phường 14, Tân Bình, Hồ Chí Minh",85.0,3.0,3.0,2.0,Sổ hồng,2025-11-25
"CẦN BÁN GẤP CĂN NHÀ ĐANG CHO THUÊ CMT8, P. 6, TÂN BÌNH, GIÁ: 3,58 TỶ/68M2 (5M X 13,6M) 1 TRỆT 4 LẦU",3.58,"Đường Cách Mạng Tháng Tám, Phường 6, Tân Bình, Hồ Chí Minh",68.0,6.0,7.0,5.0,Sổ hồng,2025-11-27
"Bán nhà hẻm 7m đường Nghĩa Phát, P6, Tân Bình, thông ra đường Đất Thánh, DT: 4m x 15m x 2 tầng đẹp",9.5,"Hẻm 181, Đường Nghĩa Phát, Phường 6, Tân Bình, Hồ Chí Minh",60.0,3.0,2.0,2.0,Sổ hồng,2025-11-27
"Chính chủ bán nhà đẹp cư xá tự do khu biệt lập giữa lòng Q. TB, 5 x 22m CN đủ",23.0,"Hẻm 1073, Đường Cách Mạng Tháng Tám, Phường 7, Tân Bình, Hồ Chí Minh",110.0,5.0,6.0,4.0,Sổ hồng,2025-11-12
"18.6 tỷ căn góc khu K300 - Cộng Hòa, 6 x 13,5m, 3 lầu đường thông kinh doanh đa ngành!",18.6,"Đường Nguyễn Thái Bình, Phường 12, Tân Bình, Hồ Chí Minh",81.0,5.0,6.0,4.0,Sổ hồng,2025-11-04
"KHU PHÂN LÔ ĐỒNG BỘ, SÁT MẶT TIỀN - Hẻm 6m XE HƠI NGỦ trong nhà - 2 TẦNG - 48.8m ( 4 x 12.2 )",7.4,"Đường Phan Huy Ích, Phường 15, Tân Bình, Hồ Chí Minh",49.0,2.0,3.0,2.0,Sổ hồng,2025-11-27
"Cần bán gấp nhà riêng trong tuần sát Cộng Hòa P13 TB, 53m2 (5.3x10) nở hậu 3PN, 6.75 tỷ",6.75,"Đường Đồng Xoài, Phường 13, Tân Bình, Hồ Chí Minh",53.0,3.0,3.0,2.0,Sổ hồng,2025-11-20
"Bán nhà đường Trần Thái Tông, Tân Bình, 34m2, 2 tầng, giá 3.97 tỷ",3.97,"Đường Trần Thái Tông, Phường 15, Tân Bình, Hồ Chí Minh",34.0,2.0,2.0,2.0,Sổ hồng,2025-11-27
"Chỉ 9.6 tỷ - nhà ga T3 - đường Lê Văn Huân, P. 13, Tân Bình - DTSD 127m2 [4.5x31]m, 2 tầng",9.6,"Đường Lê Văn Huân, Phường 13, Tân Bình, Hồ Chí Minh",115.0,3.0,2.0,2.0,Sổ hồng,2025-11-26
Bán nhà 4x10m 1 trệt 2 lầu st 2PN 3WC Hẻm 108 Trần Văn Quang - Tân Bình,5.95,"Đường Trần Văn Quang, Phường 10, Tân Bình, Hồ Chí Minh",40.0,2.0,3.0,4.0,Sổ hồng,2025-11-20
Nhà bán 4x10m 1 trệt 2 lầu 2PN 3WC Hẻm 175 Ni Sư Huỳnh Liên - Tân Bình,5.65,"Đường Ni Sư Huỳnh Liên, Phường 10, Tân Bình, Hồ Chí Minh",40.0,2.0,3.0,3.0,Sổ hồng,2025-11-20
Nhà mới full nội thất 4.2x8m 1 trệt 1 lầu 2PN 2WC - Giá 4.58 tỷ,4.58,"68//, Đường Đồng Đen, Phường 14, Tân Bình, Hồ Chí Minh",33.0,2.0,2.0,2.0,Sổ hồng,2025-11-24
"Bán nhà khu siêu hiếm - chính chủ! HXH, Cống Lở, P.15, 5 tầng, ngang khủng 5m, SD 63m2, giá 7 tỷ",7.0,"Đường Trần Thị Trọng, Phường 15, Tân Bình, Hồ Chí Minh",51.0,4.0,4.0,5.0,Sổ hồng,2025-11-15
GẤP BÁN QUA NHÀ MỚI HẺM XE HƠI ~ 50M 3 TẦNG CHỈ 6.9 TỶ TL,6.9,"Đường Phạm Văn Hai, Phường 3, Tân Bình, Hồ Chí Minh",50.0,4.0,4.0,3.0,Sổ hồng,2025-11-20
"NHÀ ĐẸP  HẺM 3M TRẦN VĂN QUANG - 40M2 - 3 TẦNG + ST - 2PN, 3WC - FULL NỘI THẤT - CHỈ 5.95 TỶ TL",5.95,"Đường Trần Văn Quang, Phường 10, Tân Bình, Hồ Chí Minh",40.0,2.0,3.0,3.0,Sổ hồng,2025-11-27
"Bán nhà Lạc Long Quân hẻm 8m - 60m2 - sổ A4 - chính chủ giá 7,2 tỷ (còn thương lượng)",7.2,"Đường Lạc Long Quân, Phường 8, Tân Bình, Hồ Chí Minh",60.0,4.0,3.0,3.0,Sổ hồng,2025-11-19
"BÁN NHÀ ÂU CƠ TÂN BÌNH 46M2(4,1 X 11,3)M2- SỔ VUÔNG A4 - GIÁ 4,95 TỶ.",4.95,"Đường Âu Cơ, Phường 10, Tân Bình, Hồ Chí Minh",46.0,2.0,2.0,2.0,Sổ hồng,2025-11-22
"Nhà 5 tầng 4PN hẻm oto 8m thông Khu Đồng Bộ VIP giá chào 8,5 tỷ sổ đẹp vuông vức hoàn công đủ",8.5,"Đường Hoàng Bật Đạt, Phường 15, Tân Bình, Hồ Chí Minh",54.0,4.0,4.0,5.0,Sổ hồng,2025-11-27
"Bán nhà HXH 6m Đồng Đen, P14 - DT: 4.5x17.2m vuông vức 4 tầng nhà đẹp. Giá 12.6 tỷ TL",12.6,"Đường Đồng Đen, Phường 14, Tân Bình, Hồ Chí Minh",69.0,4.0,5.0,4.0,Sổ hồng,2025-11-26
"Nhà dòng tiền 60 triệu/tháng 4 tầng 13 phòng full Bùi Thị Xuân P5 Tân Bình, gần sân bay0949 351 ***",11.5,"Đường Bùi Thị Xuân, Phường 5, Tân Bình, Hồ Chí Minh",94.0,13.0,8.0,4.0,Sổ hồng,2025-11-21
"Bán nhà riêng tại Trần Văn Dư, 22,9 tỷ, 107m2, 5PN, 5WC, Tân Bình, HCM, giá siêu hời",22.9,"Đường Trần Văn Dư, Phường 13, Tân Bình, Hồ Chí Minh",107.0,5.0,5.0,3.0,Sổ hồng,2025-11-17
"Bán nhà HXH, đường Hoàng Bật Đạt, một trệt hai lầu, hẻm thông",6.2,"Đường Hoàng Bật Đạt, Phường 15, Tân Bình, Hồ Chí Minh",44.0,4.0,5.0,3.0,Sổ hồng,2025-11-24
"Bán nhà đường Hoàng Văn Thụ, Tân Bình, 6,45 tỷ - 3.7x13m, 4 tầng, 4PN, 3WC",6.45,"Đường Hoàng Văn Thụ, Phường 4, Tân Bình, Hồ Chí Minh",46.0,4.0,3.0,4.0,Sổ hồng,2025-11-27
"Định cư nước ngoài cần bán nhanh nhà khu Bàu cát - dt 4,2x16m - 5 tầng - 15 tỷ TL",15.0,"Đường Trường Chinh, Phường 14, Tân Bình, Hồ Chí Minh",67.0,5.0,6.0,5.0,Sổ hồng,2025-11-12
"BÁN NHÀ 4 TẦNG. HẺM NHỰA 8m 4PN, 4WC, 60m2, giá cực chất tại Trần Thị Trọng, Tân Bình, HCM",9.9,"Đường Trần Thị Trọng, Phường 15, Tân Bình, Hồ Chí Minh",60.0,4.0,4.0,4.0,Sổ hồng,2025-11-27
"Bán nhà hxh Trương Công Định P14( P Tân Bình) 3 tầng 5*15m giá 9,5 tỷ",9.5,"Đường Trương Công Định, Phường 14, Tân Bình, Hồ Chí Minh",70.0,4.0,5.0,3.0,Sổ hồng,2025-11-27
"CHDV góc 2MT ngang 6,5m ngay cổng sân bay Tân Sơn Nhất, 117m2, 5 tầng, TN 100tr/th, bán 23 tỷ TL",23.0,"Đường Bạch Đằng, Phường 2, Tân Bình, Hồ Chí Minh",117.0,10.0,10.0,5.0,Sổ hồng,2025-11-26
"Chính chủ bán nhà HXH Nhất Chi Mai P.13 Tân Bình 4*15m, 3 lầu, giá 11,5 tỷ",11.5,"Đường Nhất Chi Mai, Phường 13, Tân Bình, Hồ Chí Minh",60.0,4.0,5.0,4.0,Sổ hồng,2025-11-24
"Bán Siêu Phẩm Nhà Phố Đường Phan Huy ích, Phường 15, Quận Tân Bình, Hồ chí Minh",9.9,"Đường Phan Huy Ích, Phường 15, Tân Bình, Hồ Chí Minh",60.0,3.0,4.0,4.0,Sổ hồng,2025-11-25
"Bán nhà Nhà một đời chủ lâu năm HXH Ba Vân, P14, Tân Bình cực đẹp, DT 5x15m, 3 tầng, giá 9,6 tỷ",9.6,"Đường Ba Vân, Phường 14, Tân Bình, Hồ Chí Minh",70.0,3.0,4.0,3.0,Sổ hồng,2025-11-27
Ngay trung tâm Lạc Long Quân thuận tiện đi lại dòng tiên ổn định hiếm nhà bán,7.0,"Đường Lạc Long Quân, Phường 8, Tân Bình, Hồ Chí Minh",45.0,5.0,6.0,3.0,Sổ hồng,2025-11-27
"Nhà đẹp bán gấp, hẻm ô tô, đường Phạm Văn Bạch, P.15, Tân Bình, chỉ 6,9 tỷ Thương Lượng",6.9,"Đường Phạm Văn Bạch, Phường 15, Tân Bình, Hồ Chí Minh",75.0,2.0,2.0,2.0,Sổ hồng,2025-11-27
Căn hộ dịch vụ đường Hoàng Hoa Thám - 6 x 30m - hầm 6 tầng - HĐ thuê 130tr - 28 tỷ,28.0,"Đường Hoàng Hoa Thám, Phường 13, Tân Bình, Hồ Chí Minh",180.0,32.0,32.0,7.0,Sổ hồng,2025-11-24
"Bán nhà riêng tại Phan Huy Ích, 3,9 tỷ, 32 m2, hàng hiếm view đẹp",3.9,"Đường Phan Huy Ích, Phường 15, Tân Bình, Hồ Chí Minh",32.0,2.0,2.0,2.0,Sổ hồng,2025-11-26
"Bán nhà mới đẹp 4 tầng HXH 6m, đường Giải Phóng - Tân Bình DT: 3.7x15m, 11.5 tỷ TL",11.5,"Đường Giải Phóng, Phường 4, Tân Bình, Hồ Chí Minh",55.0,4.0,4.0,4.0,Sổ hồng,2025-11-18
"BÁN NHÀ TP HCM, TÂN BÌNH NGAY PHẠM VĂN BẠCH, 35M2, 2 TẦNG, HẺM Ô TÔ, GIÁ 4.65 TỶ",4.65,"Đường Trần Thị Trọng, Phường 15, Tân Bình, Hồ Chí Minh",35.0,2.0,2.0,2.0,Sổ hồng,2025-11-27
"CHDV cao cấp, doanh thu 140tr, Bùi Thị Xuân, Q. Tân Bình",26.5,"Đường Bùi Thị Xuân, Phường 3, Tân Bình, Hồ Chí Minh",120.0,20.0,21.0,7.0,Sổ hồng,2025-11-22
"Nhà mới 4 tầng, HXH 6m Lê Văn Sỹ, P1, thông khu bàn cờ 281 LVS, 3.4x18m, 60m2, 13.6 tỷ TL",13.6,"Đường Lê Văn Sỹ, Phường 1, Tân Bình, Hồ Chí Minh",60.0,5.0,6.0,4.0,Sổ hồng,2025-11-25
"Khu phân lô đồng bộ, sát mặt tiền - hẻm xe hơi ngủ trong nhà - 2 tầng - 48.8m2 (4 x 12.2m)",7.4,"Đường Trần Thánh Tông, Phường 15, Tân Bình, Hồ Chí Minh",48.0,2.0,2.0,2.0,Sổ hồng,2025-11-27
"Nhà đẹp full nội thất HXH Tân Bình 2 tầng chỉ 4.55 tỷ - sổ riêng không lộ giới, lỗi phong thuỷ",4.55,"98/, Đường Cống Lở, Phường 15, Tân Bình, Hồ Chí Minh",32.0,2.0,2.0,2.0,Sổ hồng,2025-11-27
"BÁN NHÀ TP HCM, TÂN BÌNH, TRẦN THÁNH TÔNG, GẦN 50M2, 2 TẦNG, HẺM 8M. GIÁ 7.4 TỶ",7.4,"Phường 15, Tân Bình, Hồ Chí Minh",49.0,2.0,2.0,2.0,Sổ hồng,2025-11-27
Bán biệt thự mini siêu đẹp . Full nội thất.hẻm xe hơi vô nhà... bành Văn trân p7 TB.,12.5,"Đường Bành Văn Trân, Phường 7, Tân Bình, Hồ Chí Minh",74.0,3.0,3.0,2.0,Sổ hồng,2025-11-27
"Giảm 200tr bán nhà đẹp 1 trệt 1 lầu - đường Lạc Long Quân, Phường 10, Quận Tân Bình giá bán 2,4 tỷ",2.4,"Đường Lạc Long Quân, Phường 10, Tân Bình, Hồ Chí Minh",12.0,2.0,2.0,2.0,Sổ hồng,2025-11-27
"Bán nhà ngay nhà ga T3 đường Nhất Chi Mai, P13, Tân Bình - 54m2, 4 tấm - giá chào 11 tỷ",11.0,"Đường Nhất Chi Mai, Phường 13, Tân Bình, Hồ Chí Minh",54.0,5.0,4.0,4.0,Sổ hồng,2025-11-19
"Giảm 300tr. Nhà đẹp 2 tầng Nguyễn Sỹ Sách gần chợ Tân Trụ 40m2. Chỉ 4,2 tỷ. Sổ hoàn công đầy đủ",4.2,"Đường Nguyễn Sỹ Sách, Phường 15, Tân Bình, Hồ Chí Minh",40.0,2.0,2.0,2.0,Sổ hồng,2025-11-27
"Nhà 3 tầng hẻm 6m Nguyễn Sỹ Sách P15 Tân Bình 4x13 giá chỉ 5,95 tỷ còn TL sổ vuông hoàn công đủ",5.95,"Đường Nguyễn Sỹ Sách, Phường 15, Tân Bình, Hồ Chí Minh",52.0,3.0,3.0,3.0,Sổ hồng,2025-11-27
"NHÀ MỚI 5 TẦNG, GARA Ô TÔ, FULL NỘI THẤT, HẺM Ô TÔ NHỰA THÔNG  PHAN HUY ÍCH, TÂN BÌNH",9.99,"Phường 15, Tân Bình, Hồ Chí Minh",60.0,4.0,4.0,5.0,Sổ hồng,2025-11-27
Chính Chủ Bán Gấp Nhà HXH 4m Ni Sư Huỳnh Liên ( 4 x10m ) - 3 Tầng Đẹp - Gía 5.65 Tỷ TL,5.65,"Bàu Cát II, Ni Sư Huỳnh Liên, 10, Tân Bình, Hồ Chí Minh",40.0,3.0,3.0,3.0,Sổ hồng,2025-11-27
"Bán nhà 2.19tỷ 2 tầng hẻm 3 gác thông, ngay chợ Phạm Văn Hai, phường 3, Tân Bình, sổ hồng riêng",2.19,"Đường Phạm Văn Hai, Phường 3, Tân Bình, Hồ Chí Minh",13.0,1.0,1.0,2.0,Sổ hồng,2025-11-26
"Bán nhà hẻm 737// đường Lạc Long Quân, P.10, Tân Bình - 42m2 - giá chào 4.05 tỷ",4.05,"737//, Đường Lạc Long Quân, Phường 10, Tân Bình, Hồ Chí Minh",42.0,2.0,2.0,2.0,Sổ hồng,2025-11-27
NHÀ MẶT HẺM KINH DOANH - LÝ THƯỜNG KIỆT - GIÁP Q10 - HXH TRÁNH - 4 TẦNG -,6.5,"Đường  Lý Thường Kiệt, Phường 9, Tân Bình, Hồ Chí Minh",30.0,4.0,4.0,4.0,Sổ hồng,2025-11-27
"Bán nhà gần ngã 3 Ông Tạ - đường CMT8, P7, Tân Bình, DT: 9m x 4m, nhà 2 tầng cực đẹp sát MT đường",5.68,"Đường Cách Mạng Tháng Tám, Phường 7, Tân Bình, Hồ Chí Minh",33.0,2.0,2.0,2.0,Sổ hồng,2025-11-15
"KHU PHÂN LÔ ĐỒNG BỘ. ĐƯỜNG NHỰA 6m 50m2, 2PN, 2WC tại Trần Thánh Tông, p15, Tân Bình, HCM, 7,6 tỷ",7.4,"Đường Trần Thánh Tông, Phường 15, Tân Bình, Hồ Chí Minh",50.0,2.0,2.0,2.0,Sổ hồng,2025-11-27
"Hàng hiếm 60m2 HXH, Đ. Trường Chinh, P.14, Q. Tân Bình, Giá chỉ 8,5 tỷ TL",8.5,"Đường Trường Chinh, Phường 14, Tân Bình, Hồ Chí Minh",60.0,3.0,3.0,3.0,Sổ hồng,2025-11-27
NHANH TAY LIÊN HỆ EM NGAY ĐỂ SỞ HỮU NHÀ GIÁ TỐT KHU VỰC TÂN BÌNH CHỈ VỚI 4 TỶ XX - SHR -HẺM XE TẢI,4.99,"Đường Nguyễn Sỹ Sách, Phường 15, Tân Bình, Hồ Chí Minh",48.0,2.0,2.0,2.0,Sổ hồng,2025-11-20
"HOT - Chỉ 7.2 tỷ TL, nhà mới 4 tầng, 3.6 x 11m, 37m2, Nguyễn Bặc, chợ Phạm Văn Hai, P3, TB",7.2,"Đường Nguyễn Bặc, Phường 3, Tân Bình, Hồ Chí Minh",37.0,5.0,6.0,4.0,Sổ hồng,2025-11-18
Chủ gửi nhờ bán gấp đêm khuya đẹp không tỳ vết. Mặt tiền đường Cách Mạng Tháng 8 vào nhà 250m,12.5,"Đường Bành Văn Trân, Phường 7, Tân Bình, Hồ Chí Minh",97.0,4.0,4.0,2.0,Sổ hồng,2025-11-27
Bán nhà + Tân Bình hẻm kinh doanh nhộn nhịp vài bước ra mặt tiền - hẻm nhựa xe hơi tránh nhau,6.0,"Đường  Lý Thường Kiệt, Phường 9, Tân Bình, Hồ Chí Minh",27.0,2.0,3.0,3.0,Sổ hồng,2025-11-22
"Bán Nhà mới đẹp, HXH Trường Chinh [gần chợ Hoàng Hoa Thám] - DT: 4.2 x 16m [ 4 Tầng ] - 9.5 Tỷ TL",9.5,"Đường Trường Chinh, Phường 14, Tân Bình, Hồ Chí Minh",59.0,4.0,4.0,4.0,Sổ hồng,2025-11-16
Chỉ 5.650 tỷ - Bán nhà HXH 4m đường Ni Sư Huỳnh Liên - DT 38.5m2 (4x10)m - 2 lầu,5.65,"Đường Ni Sư Huỳnh Liên, Phường 10, Tân Bình, Hồ Chí Minh",38.0,2.0,3.0,3.0,Sổ hồng,2025-11-14
Chỉ 7.99 tỷ - bán nhà HXH 5M Lê Văn Huân thông Cộng Hòa - Cách Mặt Tiền 30m - DT 47m2 - 2 tầng Đẹp,7.99,"Đường Lê Văn Huân, Phường 13, Tân Bình, Hồ Chí Minh",47.0,2.0,3.0,2.0,Sổ hồng,2025-11-18
Cần bán gấp hẻm xe hơi Lạc Long Quân - Tân Bình,12.9,"Đường Lạc Long Quân, Phường 9, Tân Bình, Hồ Chí Minh",54.0,5.0,6.0,5.0,Sổ hồng,2025-11-27
Nhà Chính Chủ Xây Mới 100% 2 Lầu ST - đường Ni Sư Huỳnh Liên - DT [3.7x13]m - Chỉ 7.680 Tỷ TL,7.68,"Đường Ni Sư Huỳnh Liên, Phường 10, Tân Bình, Hồ Chí Minh",49.0,4.0,4.0,4.0,Sổ hồng,2025-11-24
Nhà Chính Chủ Xây Mới 100% 2 Lầu ST - đường Lạc Long Quân - DT 49m2 [3.7x13]m - Chỉ 7.680 Tỷ TL,7.68,"Đường Lạc Long Quân, Phường 10, Tân Bình, Hồ Chí Minh",49.0,4.0,3.0,4.0,Sổ hồng,2025-11-25
NHÀ 4 TẦNG PHƯỜNG TÂN SƠN NHẤT 48M2 CHỈ 4.X T.Ỷ - XE HƠI TỚI TRƯỚC CỔNG NỘI THẤT NHƯ HÌNH,4.8,"Đường Chử Đồng Tử, Phường 7, Tân Bình, Hồ Chí Minh",48.0,3.0,4.0,4.0,Sổ hồng,2025-11-17
"Bán nhà 4 tầng thang máy căn góc hẻm xe hơi Lý Thường Kiệt, Phường 6, quận Tân Bình",12.5,"Đường  Lý Thường Kiệt, Phường 6, Tân Bình, Hồ Chí Minh",58.0,12.0,12.0,4.0,Sổ hồng,2025-11-24
"Bán nhà ngay Cư Xá Lữ Gia, 12x12m, 5 tầng nhà mới đẹp có thang máy, giá chỉ 18 tỷ",18.0,"Đường Ni Sư Huỳnh Liên, Phường 10, Tân Bình, Hồ Chí Minh",112.0,8.0,8.0,5.0,Sổ hồng,2025-11-25
Bán nhà hẻm 405 Trường Chinh - HXH 5m gần UBND Tân Bình - DT 51m2 [4x12.5]m - 2 lầu ST - Chỉ 8.4 tỷ,8.4,"Hẻm 405, Đường Trường Chinh, Phường 14, Tân Bình, Hồ Chí Minh",51.0,4.0,4.0,4.0,Sổ hồng,2025-11-27
"Bán nhà 4 tầng Lê Thúc Hoạch, Tân Phú, 5.5x15m, oto ngủ trong nhà, gần uỷ ban, nhỉnh 9Tỷ.",9.7,"Đường Lê Thúc Hoạch, Phường Phú Thọ Hòa, Tân Phú, Hồ Chí Minh",78.0,4.0,6.0,4.0,Sổ hồng,2025-11-25
"Nhà 2 tầng mới đẹp dọn vào ở ngay. Ngang 5.5m gần mặt tiền Tây Thạnh tiện để ở, kinh doanh mua bán",5.79,"Đường Tây Thạnh, Phường Tây Thạnh, Tân Phú, Hồ Chí Minh",43.0,2.0,2.0,2.0,Sổ hồng,2025-11-24
"Hẻm 8m Tân Kỳ Tân Quý ngay Aeon Mall Tân Phú. DT: 4x14m, vuông, nhà 3 lầu mới. Khu Vip có công viên",9.9,"Đường Tân Kỳ Tân Quý, Phường Tân Quý, Tân Phú, Hồ Chí Minh",56.0,6.0,7.0,4.0,Sổ hồng,2025-11-22
Siêu phẩm 2 lầu - 4PN - Hẻm xe hơi 8m - Khu VIP Hoà Bình - full nội thất - Vào ở liền - Chỉ 8.4 tỷ,8.4,"Đường Hòa Bình, Phường Hiệp Tân, Tân Phú, Hồ Chí Minh",96.0,4.0,5.0,3.0,Sổ hồng,2025-11-26
"Cân bán nhanh nhà hẻm 583/15 Tân Kỳ Tân Quý, Tân Phú. DT 4x16 (1 trệt, 1 lầu)",7.0,"583/15 Đường Tân Kỳ Tân Quý, Phường Tân Quý, Tân Phú, Hồ Chí Minh",64.0,2.0,2.0,2.0,Sổ hồng,2025-11-25
"Tôi chính chủ Bán nhà riêng tại Nguyễn Quý Anh, Tân Sơn Nhì, Tân Phú, giá ưu đãi 5,799 tỷ, 78m2",5.8,"Đường Nguyễn Quý Anh, Phường Tân Sơn Nhì, Tân Phú, Hồ Chí Minh",78.0,2.0,1.0,1.0,Sổ hồng,2025-11-22
Bán Nhà Hẻm 10m đường Tân Sơn Nhì Quận Tân Phú Dt:4x12.5m 3 lầu giá 7.7tỷ TL Liên Hệ:0936 359 ***,7.7,"Đường Tân Sơn Nhì, Phường Tân Sơn Nhì, Tân Phú, Hồ Chí Minh",50.0,4.0,5.0,4.0,Sổ hồng,2025-11-24
"Tân Thành - TT Tân Phú. Bán nhà HXH đường Vườn Lài 78m2 - 3 tầng, BTCT, 3PN - nhỉnh 6 tỷ",6.2,"Đường Vườn Lài, Phường Tân Thành, Tân Phú, Hồ Chí Minh",78.0,3.0,3.0,3.0,Sổ hồng,2025-11-23
CHDV 32 phòng khép kín - dòng tiền 140tr/tháng - thang máy,21.5,"Đường Vườn Lài, Phường Phú Thọ Hòa, Tân Phú, Hồ Chí Minh",191.0,32.0,32.0,4.0,Sổ hồng,2025-11-21
SIÊU PHẨM NHÀ ĐẸP KHU CHỢ VÃI PHÚ THỌ HOÀ 4 TẤM 62m2 CHỈ 7 TỶ,7.2,"Đường Phú Thọ Hòa, Phường Phú Thọ Hòa, Tân Phú, Hồ Chí Minh",62.0,8.0,5.0,4.0,Sổ hồng,2025-11-27
"8,9 Tỷ! HXH 6m đường Nguyễn Súy - Gò Dầu. Q Tân Phú. DT: 4,2x20m",8.9,"Đường Nguyễn Súy, Phường Tân Quý, Tân Phú, Hồ Chí Minh",84.0,4.0,4.0,3.0,Sổ hồng,2025-11-25
BÁN NHÀ MỚI ĐẸP 4x13 HẺM NHỰA 7M THÔNG XE HƠI NGỦ NHÀ CHỈ 8.4 TỶ,8.4,"Đường Phan Anh, Phường Hiệp Tân, Tân Phú, Hồ Chí Minh",54.0,4.0,5.0,3.0,Sổ hồng,2025-11-27
Giá tốt Tô Hiệu - Tân Phú 120m2 6tỷ8 TL,6.8,"Đường Tô Hiệu, Phường Hiệp Tân, Tân Phú, Hồ Chí Minh",120.0,8.0,8.0,2.0,Sổ hồng,2025-11-26
"Nhà mới 4tầng, full NTCC, hẻm 6m thông, giá chỉ: 8,39tỷ ngay Phan Anh, Hiệp Tân, Tân Phú, TP HCM",8.39,"Đường Phan Anh, Phường Hiệp Tân, Tân Phú, Hồ Chí Minh",56.0,4.0,5.0,4.0,Sổ hồng,2025-11-27
"Bán nhà đường Trịnh Đình Trọng (112m2 + 4 Tầng) Hẻm 6m Thông , Q. Tân Phú -0978 032 ***",10.0,"Đường Trịnh Đình Trọng, Phường Hiệp Tân, Tân Phú, Hồ Chí Minh",111.0,3.0,3.0,4.0,Sổ hồng,2025-11-27
"Bán Nhà Đường Lê Trọng Tấn + Tân Kỳ Tân Quý , 32m2 + 4 Tầng - Giá : 4,95 Tỷ -0978 032 ***",4.95,"Đường Lê Trọng Tấn, Phường Sơn Kỳ, Tân Phú, Hồ Chí Minh",32.0,3.0,4.0,4.0,Sổ hồng,2025-11-27
"Hiếm Có nhà Trịnh Đình Trọng Lô Gốc , DT Ngang 5M x13 ,4 Tầng , 4PN, 3WC , Xe Hơi thông Q11, TB",9.89,"Đường Trịnh Đình Trọng, Phường Phú Trung, Tân Phú, Hồ Chí Minh",59.0,4.0,3.0,4.0,Sổ hồng,2025-11-27
"Chỉ 7.2 tỷ, ngang 4x14m, 60m2, nhà 4 tầng, 2 mặt HXH thông thoáng ngay Đại Lộ Lê Trọng Tấn",7.2,"Đường Lê Trọng Tấn, Phường Tây Thạnh, Tân Phú, Hồ Chí Minh",60.0,4.0,4.0,4.0,Sổ hồng,2025-11-27
"BÁN RẺ: Nhà Oto ngủ trong nhà 88m2/5 tầng(5PN/6WC) giá 12,5 tỷ( nhà thang máy) gần Luỹ Bán Bích.",12.5,"Đường Trịnh Đình Trọng, Phường Phú Trung, Tân Phú, Hồ Chí Minh",88.0,5.0,5.0,5.0,Sổ hồng,2025-11-15
"Bán nhà 64m2, 3 tầng, 4PN - Nguyễn Minh Châu, sau Bệnh Viện Tân Phú + ĐH Văn Hiến - Chỉ 6.8 tỷ TL",6.8,"Đường Nguyễn Minh Châu, Phường Phú Trung, Tân Phú, Hồ Chí Minh",64.0,4.0,3.0,3.0,Sổ hồng,2025-11-14
Nhà đẹp HXH 5m Sơn Kỳ - 90m2(4x23m) - 4tầng BTCT - 5PN 6WC - sát AeonMall - chủ gấp bán,6.9,"Đường Sơn Kỳ, Phường Sơn Kỳ, Tân Phú, Hồ Chí Minh",90.0,5.0,6.0,4.0,Sổ hồng,2025-11-23
Nhà mới 4x10m 1 trệt 2 lầu st hẻm Hiền Vương - Tân Phú. Giá 5.55 tỷ,5.55,"Đường Hiền Vương, Phường Phú Thạnh, Tân Phú, Hồ Chí Minh",40.0,4.0,5.0,4.0,Sổ hồng,2025-11-27
Nhà CHDV 4x15m 1 trệt 3 lầu 7PN 7WC full nội thất HXH Trần Văn Cẩn - Doanh thu 40tr,8.3,"Đường Trần Văn Cẩn, Phường Tân Thới Hòa, Tân Phú, Hồ Chí Minh",60.0,7.0,7.0,4.0,Sổ hồng,2025-11-24
NH HỖ TRỢ VAY 2-2.3tỷ- SIÊU PHẨM KHU TÂN SƠN NHÌ- 4M x 8M - 32M2 - 2 TẦNG- CÔNG NHẬN ĐỦ,3.7,"Đường Tân Kỳ Tân Quý, Phường Tân Sơn Nhì, Tân Phú, Hồ Chí Minh",32.0,2.0,2.0,2.0,Sổ hồng,2025-11-12
Nhà CHDV 1 trệt 3 lầu 9PN 9WC doanh thu 40tr/tháng hẻm Tân Thành,8.3,"Đường Tân Thành, Phường Tân Thành, Tân Phú, Hồ Chí Minh",59.0,9.0,9.0,4.0,Sổ hồng,2025-11-24
Bán nhà mới 4x13m 1 trệt 2 lầu 4PN 5WC full nội thất cao cấp,8.4,"Đường Phan Anh, Phường Hiệp Tân, Tân Phú, Hồ Chí Minh",54.0,4.0,5.0,3.0,Sổ hồng,2025-11-25
Bán nhà 5x14m 1 trệt 2 lầu ST 3PN 5WC HXH Nguyễn Sơn - Tân Phú,11.0,"Đường Nguyễn Sơn, Phường Phú Thọ Hòa, Tân Phú, Hồ Chí Minh",70.0,3.0,5.0,3.0,Sổ hồng,2025-11-14
"HIẾM TÂN PHÚ-MẶT TIỀN KINH DOANH-ĐƯỜNG 12M XE TẢI ĐỔ CỬA 3 TẦNG, 50M (4x13),3PN",6.5,"Đường B3, Phường Tây Thạnh, Tân Phú, Hồ Chí Minh",52.0,3.0,3.0,3.0,Sổ hồng,2025-11-27
Bán nhà mới 4x16m 1 trệt 3 lầu ST 4PN 5WC HXH Phú Thọ Hoà - Tân Phú,7.2,"Đường Phú Thọ Hòa, Phường Phú Thọ Hòa, Tân Phú, Hồ Chí Minh",64.0,4.0,5.0,4.0,Sổ hồng,2025-11-24
"NHÀ HẺM 6M VƯỜN LÀI,TÂN PHÚ,DT 4.1X12M ĐÚC 5 TẤM,GIÁ HOT 7.8 TỶ TL",7.8,"Đường Vườn Lài, Phường Tân Thành, Tân Phú, Hồ Chí Minh",50.0,5.0,4.0,4.0,Sổ hồng,2025-11-27
"Bán nhà 2 tầng, đường Lê Trọng Tấn, Tân Phú, DT 92m2 (4x23m), giá 7,5 tỷ",7.5,"Đường Lê Trọng Tấn, Phường Sơn Kỳ, Tân Phú, Hồ Chí Minh",92.0,4.0,3.0,2.0,Sổ hồng,2025-11-21
"Bán nhà khu VIP 337 Tân Kỳ Tân Quý (4x14m vuông) Trệt - 3 Lầu Mới Đẹp, Cạnh AEON Mall, Giá 9.8 tỷ",9.8,"Đường Tân Kỳ Tân Quý, Phường Tân Sơn Nhì, Tân Phú, Hồ Chí Minh",58.0,4.0,4.0,4.0,Sổ hồng,2025-11-27
"Siêu phẩm mới cứng 4x15m 4 lầu sân thượng hẻm 8m thông Vườn Lài giá chỉ 7.3 tỷ, LH0936 999 ***",7.3,"Đường Vườn Lài, Phường Phú Thọ Hòa, Tân Phú, Hồ Chí Minh",60.0,5.0,5.0,4.0,Sổ đỏ,2025-11-27
"Nhà hẻm 6m phường Tân Sơn Nhì,Tân Phú,Dt 4x20m 1 lầu đúc,giá siêu rẻ 7.9 tỷ TL",7.9,"Đường Nguyễn Văn Săng, Phường Tân Sơn Nhì, Tân Phú, Hồ Chí Minh",79.0,3.0,2.0,2.0,Sổ hồng,2025-11-27
"Khu VIP Phú Thọ Hòa, hẻm thông, 25m2 nở hậu chỉ 3.3 tỷ",3.3,"Đường Phú Thọ Hòa, Phường Phú Thọ Hòa, Tân Phú, Hồ Chí Minh",25.0,2.0,2.0,2.0,Sổ hồng,2025-11-23
Nhà nát hẻm xe hơi 5m Tô Hiệu cách mặt tiền chỉ 2 căn 4x20m CN 80m2 giá 6.1 tỷ LH0936 999 ***,6.1,"Đường Tô Hiệu, Phường Hiệp Tân, Tân Phú, Hồ Chí Minh",80.0,1.0,1.0,1.0,Sổ hồng,2025-11-14
"Chỉ cần có 3 tỷ hơn có ngay nhà 76M2 - 4 tầng đẹp ngay Tân Sơn Nhì, Tân Phú - NH hỗ trợ vay 70%",8.5,"Đường Tân Sơn Nhì, Phường Tân Sơn Nhì, Tân Phú, Hồ Chí Minh",76.0,4.0,5.0,4.0,Sổ hồng,2025-11-24
"Nhà đẹp ở liền. Hẻm 5m Trần Văn Ơn. DT: 4mx15.5m, 2 lầu, ST. 4PN. Giá 8.2 tỷ TL",8.2,"Đường Trần Văn Ơn, Phường Tân Sơn Nhì, Tân Phú, Hồ Chí Minh",62.0,4.0,5.0,4.0,Sổ hồng,2025-11-27
"Cần bán gấp nhà đẹp 6 tầng, có thang máy - 4x18m - đường 10m thông ngay Nguyễn Sơn - Thoại Ngọc Hầu",11.99,"Đường Nguyễn Sơn, Phường Phú Thọ Hòa, Tân Phú, Hồ Chí Minh",72.0,7.0,7.0,6.0,Sổ hồng,2025-11-24
"CHỈ HƠN 3 TỶ CÓ NGAY CĂN NHÀ GẦN AEON MALL TÂN PHÚ, 30M2 , 2 TẦNG NỘI THẤT XỊN XÒ, Ở NGAY",3.6,"Đường Đỗ Công Tường, Phường Tân Quý, Tân Phú, Hồ Chí Minh",30.0,2.0,2.0,2.0,Sổ hồng,2025-11-27
"Bán nhà Đường 6m Tân Kỳ Tân Quý, Quận Tân Phú (6.3m x 18.5m) nhà 1 trệt 1 lầu",9.5,"Đường Tân Kỳ Tân Quý, Phường Sơn Kỳ, Tân Phú, Hồ Chí Minh",116.0,3.0,3.0,2.0,Sổ hồng,2025-11-27
1 ngôi nhà vị trí đẹp ngay trường học chợ ngần Aeon Tân Phú phường vip sân bay 15 phúc,5.68,"Phường Tân Sơn Nhì, Tân Phú, Hồ Chí Minh",56.0,3.0,2.0,2.0,Sổ hồng,2025-11-27
Bán Nhà ngay ngã tư 4 xã. Sầm uất. Hẻm xe hơi thông tứ tung. 4 tầng lầu. Nhỉnh 6 tỷ,6.01,"Đường Thoại Ngọc Hầu, Phường Hiệp Tân, Tân Phú, Hồ Chí Minh",56.0,4.0,3.0,4.0,Sổ hồng,2025-11-27
"CHỢ VẢI PHÚ THỌ HOÀ. NHÀ ĐẸP XE HƠI TỚI CỬA, BÁN GIÁ 4.1 TỶ. DT 4 x 10.2m. Q TÂN PHÚ.",4.1,"Đường Phú Thọ Hòa, Phường Phú Thọ Hòa, Tân Phú, Hồ Chí Minh",40.0,2.0,2.0,2.0,Sổ hồng,2025-11-27
NHÀ ĐẸP 4 TẦNG HUỲNH THIỆN LỘC HẺM NHỰA XE TẢI 8Tỷ còn TL,8.0,"Đường Huỳnh Thiện Lộc, Phường Hòa Thạnh, Tân Phú, Hồ Chí Minh",64.0,5.0,4.0,4.0,Sổ hồng,2025-11-12
"Bán nhà hẻm thông 40 Tô Hiệu, Quận Tân Phú (diện tích khủng 3.7mx20m) (5 tầng) + Thang Máy",8.8,"Hẻm 57 Đường Tô Hiệu, Phường Hiệp Tân, Tân Phú, Hồ Chí Minh",72.0,7.0,7.0,6.0,Sổ hồng,2025-11-17
Nhà bán Tân Phú Tây Sơn kế chợ Tân Hương - 54m2 - ngang đẹp 4.9x11m -2tầng- Giá 4.xtỷ lớn,4.8,"Đường Tây Sơn, Phường Phú Thọ Hòa, Tân Phú, Hồ Chí Minh",54.0,2.0,2.0,2.0,Sổ hồng,2025-11-27
2 mặt tiền kinh doanh lô góc - Tân Phú - vị trí siêu đẹp - đã có giấy phép xây 6 tầng - ngộp bank,12.5,"Đường Gò Dầu, Phường Tân Quý, Tân Phú, Hồ Chí Minh",109.0,4.0,2.0,2.0,Sổ hồng,2025-11-26
"Hẻm 6m thông ra đường Cầu Xéo , Diện tích : 5m * 20m , 2 lầu + ST chỉ 10,5 tỷ , gần ngay công viên",10.5,"Đường Cầu Xéo, Phường Tân Sơn Nhì, Tân Phú, Hồ Chí Minh",100.0,4.0,3.0,3.0,Sổ hồng,2025-11-23
"Bán nhà hẻm 5m - đường Chế Lan Viên, Tây Thạnh, Tân Phú",8.5,"Đường Chế Lan Viên, Phường Tây Thạnh, Tân Phú, Hồ Chí Minh",75.0,4.0,4.0,2.0,Giấy tờ không xác định,2025-11-27
"Bán nhà đường 10m Nguyễn Sơn, Phường Phú Thọ Hoà, Quận Tân Phú (4mx18m)(5 tấm)(11.7 tỷ)(Thang máy)",11.7,"Đường Nguyễn Sơn, Phường Phú Thọ Hòa, Tân Phú, Hồ Chí Minh",72.0,5.0,6.0,5.0,Sổ hồng,2025-11-27
Bán nhà quận Tân Phú nhà mới full nội thất xe hơi thông khu phân lô ngay Tô Hiệu,8.4,"Hẻm 262, Đường Phan Anh, Phường Hiệp Tân, Tân Phú, Hồ Chí Minh",54.0,4.0,5.0,3.0,Sổ hồng,2025-11-25
Bán nhà mới Tân Phú full nội thất - hẻm nhựa xe tải - 4PN view đẹp - giá 8.4 ty,8.4,"Đường Phan Anh, Phường Hiệp Tân, Tân Phú, Hồ Chí Minh",54.0,4.0,5.0,3.0,Sổ hồng,2025-11-26
"Bán nhà Tân Kỳ Tân Quý, phường Tân Sơn Nhì, 64m2, 3 tầng, gần ĐH Công Thương, nhỉnh 5 tỷ",5.3,"Đường Tân Kỳ Tân Quý, Phường Tân Sơn Nhì, Tân Phú, Hồ Chí Minh",64.0,4.0,3.0,3.0,Sổ hồng,2025-11-27
Ngay mặt tiền Gò Dầu - gần Aeon Mall Tân Phú - nhà 6 tầng 6*13m - đường thông xe tải,14.2,"Đường Gò Dầu, Phường Tân Quý, Tân Phú, Hồ Chí Minh",74.0,6.0,7.0,6.0,Sổ hồng,2025-11-24
"Nhà 4 tầng 4PN Nguyễn Hữu Tiến Hẻm Oto DT 40m2 giá 5,6 tỷ sổ đẹp hoàn công đủ vào ở ngay",5.6,"Đường Nguyễn Hữu Tiến, Phường Tây Thạnh, Tân Phú, Hồ Chí Minh",40.0,4.0,3.0,4.0,Sổ hồng,2025-11-27
"Cực ngon chủ gấp bán giảm mạnh 1 tỷ Dương Đức Hiền 120m2 2tầng (5/6)x22m 8,55tỷ Tây Thạnh, Tân Phú",8.55,"Đường Dương Đức Hiền, Phường Tây Thạnh, Tân Phú, Hồ Chí Minh",120.0,5.0,5.0,2.0,Sổ hồng,2025-11-27
"BÁN NHÀ TÂY THẠNH, 2 MẶT TIỀN, 3 TẦNG BTCT , 50M2 , CHỈ NHỈNH 6 TỶ",6.55,"Đường B3, Phường Tây Thạnh, Tân Phú, Hồ Chí Minh",50.0,3.0,3.0,3.0,Sổ hồng,2025-11-27
"Bán nhà riêng 4 tầng, 4PN, 5WC, 70.3m2 tại đường Gò Dầu, Phú Thọ Hòa, Tân Phú, 10 tỷ",10.0,"Đường Gò Dầu, Phường Tân Quý, Tân Phú, Hồ Chí Minh",70.0,4.0,5.0,4.0,Sổ hồng,2025-11-26
"Bán nhà Thoại Ngọc Hầu Ngay UBND - HXH 8m - 4x14,1m - 4 tầng xe hơi vô nhà",8.28,"Đường Thoại Ngọc Hầu, Phường Hòa Thạnh, Tân Phú, Hồ Chí Minh",56.0,4.0,4.0,4.0,Sổ hồng,2025-11-25
"Bán nhà 3 tầng, 4PN, 3WC, ngay Aeon, sổ vuông đẹp, không lộ giới, đường xe KIA, chỉ 4 tỷ",4.0,"Đường Bờ Bao Tân Thắng, Phường Sơn Kỳ, Tân Phú, Hồ Chí Minh",36.0,4.0,3.0,3.0,Sổ hồng,2025-11-27
Nhà đẹp hẻm 7m Nguyễn Súy cách MT chỉ 30m | DT 4.2x13m | 3 tầng ST | 4PN | giá 7.2 tỷ LH0936 999 ***,7.2,"Đường Nguyễn Súy, Phường Tân Quý, Tân Phú, Hồ Chí Minh",60.0,4.0,4.0,3.0,Sổ hồng,2025-11-27
"Bán nhà hẻm Tân Sơn Nhì, Phường Tân Sơn Nhì, Quận Tân Phú - nhà 5 Tấm - giá 6.9 tỷ",6.9,"Đường Tân Sơn Nhì, Phường Tân Sơn Nhì, Tân Phú, Hồ Chí Minh",50.0,4.0,4.0,4.0,Sổ hồng,2025-11-27
"Nhà hẻm xe Tải tránh thông Đỗ Thừa Luông Tân Phú DT 4x21 Giá chỉ 7,9 tỷ. Sổ đẹp nở hậu",7.9,"Đường Đỗ Thừa Luông, Phường Tân Quý, Tân Phú, Hồ Chí Minh",84.0,2.0,2.0,2.0,Sổ hồng,2025-11-27
"Chính chủ cần bán nhà đẹp giá rẻ, khu dân cư an ninh, đường Tân Kỳ Tân Quý, giá chỉ 4.9 tỷ",4.9,"Đường Tân Kỳ Tân Quý, Phường Tân Sơn Nhì, Tân Phú, Hồ Chí Minh",53.0,2.0,2.0,2.0,Sổ hồng,2025-11-25
"Bán nhà Hẻm 6m thông đường Phan Anh_P.Hiệp Tân_Tân Phú, 2 lầu ST, DT: 4x14m, Giá: 7.5 tỷ bớt lộc",7.5,"Đường Phan Anh, Phường Hiệp Tân, Tân Phú, Hồ Chí Minh",56.0,4.0,4.0,3.0,Sổ hồng,2025-11-27
"Khu vip Tân Phú - hẻm nhựa xe tải 6m - kế bên khu chợ Vải, Lê Thúc Hoạch - 4 tầng",9.7,"Đường Vườn Lài, Phường Phú Thọ Hòa, Tân Phú, Hồ Chí Minh",76.0,4.0,6.0,4.0,Sổ hồng,2025-11-27
Khu nhà đồng bộ - cao cấp Nguyễn Văn Yến (dt 4x15m)_ 2 lầu ST Giá chỉ 8.6 tỷ TL,8.6,"Đường Nguyễn Văn Yến, Phường Hiệp Tân, Tân Phú, Hồ Chí Minh",60.0,4.0,3.0,4.0,Sổ hồng,2025-11-27
Nhà Đẹp Lý Thánh Tông Tân Phú-ngang hiếm 5x16 - 2 tầng-nhỉnh 7tỷ xíu-vị trí trung tâm kế Đầm sen,7.65,"Đường Lý Thánh Tông, Phường Tân Thới Hòa, Tân Phú, Hồ Chí Minh",80.0,3.0,2.0,2.0,Sổ hồng,2025-11-27
Bán Nhà quận Tân Phú đường Phan Anh ngang (4 X 14mét ) còn thương lượng,8.4,"Đường Phan Anh, Phường Hiệp Tân, Tân Phú, Hồ Chí Minh",54.0,4.0,5.0,3.0,Sổ hồng,2025-11-25
"Bán nhà Lê Thúc Hoạch - 5,5 x 16m - 4 tầng - hẻm xe hơi 7 chỗ - nội thất xịn - giá chỉ 9,65 tỷ",9.65,"Đường Lê Thúc Hoạch, Phường Phú Thọ Hòa, Tân Phú, Hồ Chí Minh",78.0,4.0,6.0,4.0,Sổ hồng,2025-11-26
"Mình bán nhà đẹp, rẻ, đường ô tô, Gò Dầu, Q. Tân Phú, chỉ 6.1 tỷ, alo0877 737 ***",6.1,"Đường Gò Dầu, Phường Tân Quý, Tân Phú, Hồ Chí Minh",66.0,4.0,4.0,3.0,Sổ hồng,2025-11-27
"Bán nhà HXH 345 Tân Kỳ Tân Quý,P.Tân Quý 4x19m đúc BTCT hướng Đông Nam",8.5,"Đường Tân Kỳ Tân Quý, Phường Tân Quý, Tân Phú, Hồ Chí Minh",77.0,5.0,3.0,2.0,Sổ hồng,2025-11-27
Nhà đẹp ở ngay hẻm 6m thông khu bàn cờ đường Lê Thúc Hoạch 4m x12.5m 2 tầng - 3PN,6.45,"127/, Đường Lê Thúc Hoạch, Phường Phú Thọ Hòa, Tân Phú, Hồ Chí Minh",49.0,3.0,2.0,2.0,Sổ hồng,2025-11-26
"Chủ mới gửi - cực hot, Lê Trọng Tấn 73m2 4T BTCT 5x14.8m, 5.8tỷ Sơn Kỳ, Tân Phú. Ngộp bán gấp",5.8,"Đường Lê Trọng Tấn, Phường Sơn Kỳ, Tân Phú, Hồ Chí Minh",73.0,6.0,6.0,4.0,Sổ hồng,2025-11-27
"Bán nhà riêng 4 tầng tại Nguyễn Hữu Tiến, 78,9m2, 5PN, 5WC, xe hơi tránh nhau thông thoáng",12.9,"Đường Nguyễn Hữu Tiến, Phường Tây Thạnh, Tân Phú, Hồ Chí Minh",78.0,5.0,5.0,4.0,Sổ hồng,2025-11-26
HẺM XE HƠI THÔNG PHAN ANH HÒA BÌNH 3 TẦNG 4M x 14M Sát BỐN XÃ Hơn 8 TY,8.0,"Đường Phan Anh, Phường Hiệp Tân, Tân Phú, Hồ Chí Minh",56.0,4.0,5.0,3.0,Sổ hồng,2025-11-27
"Nhà phố như Biệt thự, 4 tầng mới xây, đối diện Chung cư Sơn Kỳ. 12.5 tỷ",12.5,"Đường CN1, Phường Sơn Kỳ, Tân Phú, Hồ Chí Minh",104.0,4.0,5.0,4.0,Sổ hồng,2025-11-22
"NHÀ MỚI 4 TẦNG 6TỶ15 40M2, TÔ HIỆU PHAN ANH TÂN PHÚ",6.15,"Đường Trần Thị Báo, Phường Hiệp Tân, Tân Phú, Hồ Chí Minh",40.0,5.0,4.0,4.0,Sổ hồng,2025-11-27
"NHÀ MỚI 5 TẦNG 5TỶ7 40M2, HIỀN VƯƠNG TÂN PHÚ",5.7,"Đường Hiền Vương, Phường Phú Thạnh, Tân Phú, Hồ Chí Minh",40.0,4.0,5.0,4.0,Sổ hồng,2025-11-27
"Nhà đẹp gấp bán giá tốt Gò Dầu 54m2 4 tầng BTCT (4x13.5) 5PN chỉ 5.1 tỷ Tân Quý, Tân Phú",5.1,"Đường Gò Dầu, Phường Tân Quý, Tân Phú, Hồ Chí Minh",54.0,5.0,4.0,4.0,Sổ hồng,2025-11-15
VƯỜN LÀI HXH THÔNG 73M NHÀ MỚI 2 TẦNG 4PN DÒNG T.IỀN 15TR CHỈ 7.X TỶ,7.5,"Đường Vườn Lài, Phường Phú Thọ Hòa, Tân Phú, Hồ Chí Minh",73.0,4.0,4.0,2.0,Sổ hồng,2025-11-27
"Hẻm 6m Nguyễn Cửu Đàm 6x25m, vuông đẹp không lỗi, cấp 4 công nhận đủ 150m2. Ngay ngã 4 Tân Sơn Nhì",13.5,"Đường Nguyễn Cửu Đàm, Phường Tân Sơn Nhì, Tân Phú, Hồ Chí Minh",150.0,2.0,2.0,1.0,Sổ hồng,2025-11-22
Siêu phẩm Tân Phú - khu VIP Tân Hương - 64m2(4 x 16)A4 - 4 tầng mới 100% tặng nội thất,9.79,"Đường Tân Hương, Phường Tân Quý, Tân Phú, Hồ Chí Minh",64.0,4.0,5.0,4.0,Giấy tờ không xác định,2025-11-23
Bán nhà HXH 6m - Tây Thạnh - Tân Phú - gần Aeon Mall - trệt lầu - giá 5.79 tỷ,5.79,"Đường Tây Thạnh, Phường Tây Thạnh, Tân Phú, Hồ Chí Minh",41.0,2.0,2.0,2.0,Sổ hồng,2025-11-25
MT nội bộ vip đường Gò Dầu Tân Phú 4x22m đúc 1 lầu 7.95 tỷ,7.95,"Đường Gò Dầu, Phường Tân Quý, Tân Phú, Hồ Chí Minh",84.0,3.0,3.0,2.0,Sổ hồng,2025-11-26
BÁN NHÀ HẺM XE HƠI GẦN MẶT TIỀN ÂU CƠ 50 M2 - Sổ A4- NHỈNH 5 TỶ!,5.5,"Đường Âu Cơ, Phường Phú Trung, Tân Phú, Hồ Chí Minh",50.0,2.0,2.0,2.0,Sổ hồng,2025-11-25
"Bán nhà đường Dương Đức Hiền, P. Tây Thạnh, Tân Phú, DT 120 m2 (5x22m), giá 8,55 tỷ",8.55,"Đường Dương Đức Hiền, Phường Tây Thạnh, Tân Phú, Hồ Chí Minh",120.0,5.0,5.0,2.0,Sổ hồng,2025-11-24
Nhà Nguyễn Sơn Tân Phú- 55m2-Giá Mềm 6.xTy-Hẻm Xe Hơi-ngang lớn 4.7M-Vừa Ở Vừa Kinh Doanh online.,6.3,"Đường Nguyễn Sơn, Phường Phú Thọ Hòa, Tân Phú, Hồ Chí Minh",55.0,2.0,2.0,2.0,Sổ hồng,2025-11-21
NHÀ MỚI GIÁ 6.Tỷ 3TẦNG TRẦN THỦ ĐÔ Trung Tâm TÂN PHÚ -50m2 - ngang hiếm 5M -Tiện ích đầy đủ.,6.0,"Đường Trần Thủ Độ, Phường Phú Thọ Hòa, Tân Phú, Hồ Chí Minh",50.0,2.0,2.0,3.0,Sổ hồng,2025-11-21
Bán Nhà TÂN PHÚ-VƯỜN LÀI 2tầng 7.2TỶ 4.1x15 nhà 2 mặt hẻm tiện ích xung quanh đầy đủ.,7.0,"Đường Vườn Lài, Phường Phú Thọ Hòa, Tân Phú, Hồ Chí Minh",63.0,3.0,2.0,2.0,Sổ hồng,2025-11-23
"(Hiếm) hẻm xe hơi 8m - Lý Tuệ - Tân Phú - 200m ra Tân Kỳ Tân Quý, 50m2 - nhỉnh 5 tỷ",5.15,"Đường Lý Tuệ, Phường Tân Quý, Tân Phú, Hồ Chí Minh",55.0,3.0,2.0,2.0,Sổ hồng,2025-11-26
Siêu Phẩm 2 Tầng - Lô Góc 2 Mặt Tiền - 60m2 - Tân Sơn Nhì - Tân Phú- Vừa Ở Vừa KD Văn Phòng Công Ty,8.5,"Phường Tân Sơn Nhì, Tân Phú, Hồ Chí Minh",60.0,2.0,2.0,2.0,Sổ hồng,2025-11-26
Nhà Bán Trung Tâm ngay khu họ lê Tân Phú-4x15-3tầng BTCT-Mặt Tiền Đường Cực Rộng 12m-Nở Hậu-Giá7TỶX,7.7,"Đường Lê Lâm, Phường Phú Thạnh, Tân Phú, Hồ Chí Minh",60.0,3.0,2.0,3.0,Sổ hồng,2025-11-25
Bán gấp trong tuần - Bán nhà Lũy Bán Bích 55m² 2 tầng - 5.15 tỷ,5.15,"Đường Lũy Bán Bích, Phường Hòa Thạnh, Tân Phú, Hồ Chí Minh",55.0,2.0,2.0,2.0,Sổ hồng,2025-11-26
"Nhà 2 mặt tiền trước sau, xe hơi đỗ cửa",6.5,"Đường Tây Thạnh, Phường Tây Thạnh, Tân Phú, Hồ Chí Minh",50.0,3.0,3.0,3.0,Sổ hồng,2025-11-26
"Nhà hẻm 8m thông P. Tân Sơn Nhì, DT: 4x15m, 3 lầu. Ngay công viên, cách Aeon 500m. Giá: 9.4 tỷ TL",9.4,"Đường Cầu Xéo, Phường Tân Sơn Nhì, Tân Phú, Hồ Chí Minh",60.0,4.0,5.0,4.0,Sổ hồng,2025-11-26
Bán gấp trong tuần - Bán nhà Tân Kỳ Tân Quý 55m² 2 tầng - 5.68 tỷ,5.68,"Đường Tân Kỳ Tân Quý, Phường Tân Sơn Nhì, Tân Phú, Hồ Chí Minh",55.0,3.0,2.0,2.0,Sổ hồng,2025-11-26
Bán nhà 72m2 - HXH thông - 4 tầng - 4x18m - Đô Đốc Long - Tân Phú - giá 8x tỷ,8.0,"Đường Đô Đốc Long, Phường Tân Quý, Tân Phú, Hồ Chí Minh",72.0,4.0,3.0,4.0,Sổ hồng,2025-11-19
"Nhà 5 tầng, mới tinh như biệt thự, ngay Aeon Tân Phú",8.8,"Đường Tân Quý, Phường Tân Quý, Tân Phú, Hồ Chí Minh",62.0,5.0,6.0,5.0,Sổ hồng,2025-11-26
"Nhà đẹp, HXH thông, Asiana Wedding, chợ Tân Hương, CĐ GTVT, 80m2, 8Đ6",8.6,"Đường Vườn Lài, Phường Phú Thọ Hòa, Tân Phú, Hồ Chí Minh",80.0,4.0,5.0,4.0,Sổ hồng,2025-11-26
"Lê Trọng Tấn, Tân Sơn Nhì, nhà 2 tầng, DT 7x13, đường nhựa 7m, giá 11.x tỷ, Tân Phú",11.3,"Đường Lê Trọng Tấn, Phường Tân Sơn Nhì, Tân Phú, Hồ Chí Minh",91.0,3.0,4.0,2.0,Sổ hồng,2025-11-16
"Mình bán nhà đẹp, giá rẻ đường oto Lũy Bán Bích, Q. Tân Phú, chỉ 7.9 tỷ, alo0877 737 ***",7.9,"Đường Lũy Bán Bích, Phường Hòa Thạnh, Tân Phú, Hồ Chí Minh",78.0,4.0,3.0,4.0,Giấy tờ không xác định,2025-11-23
NHÀ ĐẸP VƯỜN LÀI 73M HXH 5 TẦNG BTCT 5PN FULL NỘI THẤT CAO CẤP HOÀN CÔNG ĐỦ,9.3,"Đường Vườn Lài, Phường Phú Thọ Hòa, Tân Phú, Hồ Chí Minh",73.0,5.0,6.0,5.0,Sổ hồng,2025-11-26
"Bán nhà 125m2, 2 tầng - Bờ Bao Tân Thắng, sát AEON Tân Phú - Giá chỉ 7.9 tỷ",7.9,"Đường Bờ Bao Tân Thắng, Phường Sơn Kỳ, Tân Phú, Hồ Chí Minh",125.0,3.0,4.0,2.0,Sổ hồng,2025-11-24
RỘNG ĐẸP-ĐƯƠNG TO-GIÁ RẺ- BÁN NHÀ HẺM 7M THÔNG- CHỢ TÂN HƯƠNG- VƯỜN LÀI- TÂN PHÚ-DT 73M2,7.5,"Đường Vườn Lài, Phường Phú Thọ Hòa, Tân Phú, Hồ Chí Minh",73.0,4.0,4.0,2.0,Sổ hồng,2025-11-26
Bán nhà Thoại Ngọc Hầu Phú Thạnh Tân Phú HXH 3PN 2 tầng 48m 4.8t TL,4.8,"Đường Thoại Ngọc Hầu, Phường Phú Thạnh, Tân Phú, Hồ Chí Minh",48.0,3.0,2.0,2.0,Sổ hồng,2025-11-26
