tieu_de,gia,dia_chi,dien_tich_dat,phong_ngu,phong_tam,so_tang,phap_ly,ngay_dang
Bán nhà 6 tầng ngõ ô tô đường Hoàng Hoa Thám,42.0,"Đường Hoàng Hoa Thám, Phường Liễu Giai, Quận Ba Đình, Hà Nội",140.0,9,11,6,Sổ đỏ,2025-11-25
"Bán nhà 6t MP Nguyễn Thái Học DT 80m2 MT4,2m sđcc bán 35 tỷ",35.0,"Đường Nguyễn Thái Học, Phường Điện Biên, Quận Ba Đình, Hà Nội",80.0,6,7,7,Sổ đỏ,2025-11-28
"Bán nhà 8t Thang Máy MP Nguyễn Thái Học- Điện Biên Phủ DT 92m2 MT4,15m",89.99,"68, Đường Nguyễn Thái Học, Phường Điện Biên, Quận Ba Đình, Hà Nội",92.0,16,17,8,Sổ đỏ,2025-11-28
Bán nhà nhỏ phố Sơn Tây-Ba Đình 26m/2 tầng .Gía 5.7 tỷ,5.7,"Đường Sơn Tây, Phường Kim Mã, Quận Ba Đình, Hà Nội",26.0,2,2,2,Sổ đỏ,2025-11-28
"BÁN BT KHU PL Vip Giảng Võ-  BA ĐÌNH ,OTO TRÁNH 136M2X3,5T - 66 TỶ",66.0,"66, Đường Giảng Võ, Phường Giảng Võ, Quận Ba Đình, Hà Nội",136.8,5,3,35,Sổ đỏ,2025-11-28
"Bán BT Vip Phố Liễu Giai, Ba Đình DT190m2 Mt 15m Đường oto gia 76,6ty",76.6,"68, Đường Liễu Giai, Phường Liễu Giai, Quận Ba Đình, Hà Nội",190.0,4,4,3,Sổ đỏ,2025-11-28
VẠN BẢO - LIỄU GIAI - 70M - 7 TẦNG - MT 6.6M - ĐƯỜNG HÈ 10M,36.0,"Đường Liễu Giai, Phường Liễu Giai, Quận Ba Đình, Hà Nội",70.0,9,7,7,Sổ đỏ,2025-11-27
"Chính chủ bán nhà 35m2 x 5 tầng ngõ 6 phố Vĩnh Phúc, Ba Đình",8.1,"Phường Vĩnh Phúc, Quận Ba Đình, Hà Nội",35.0,3,4,4,Giấy tờ không xác định,2025-11-28
bán gấp căn nhà khu plô VIP Vĩnh Phúc. Giáp khu 72ha  BA Đình DT 50M,29.0,"Đường Bưởi, Phường Vĩnh Phúc, Quận Ba Đình, Hà Nội",50.0,7,7,9,Sổ đỏ,2025-11-27
"Bán nhà mặt phố Vạn Phúc, Ba Đình, 105m2, mặt tiền 7.6m chỉ 41.5 tỷ",41.5,"Đường Vạn Phúc, Phường Kim Mã, Quận Ba Đình, Hà Nội",105.0,2,2,2,Sổ đỏ,2025-11-16
Đội Cấn – MẶt Phố - 63 M2 – 6 Tầng – Mặt Tiền  4.3 M – Giá 24.3 Tỷ.,24.3,"Đường Đội Cấn, Phường Đội Cấn, Quận Ba Đình, Hà Nội",63.0,6,6,6,Sổ đỏ,2025-11-27
"Bán nhà phố Điện Biên Phủ, 65m2, lô góc 8 tầng mặt tiền 8m, 33.5 tỷ",33.5,"Đường Điện Biên Phủ, Phường Điện Biên, Quận Ba Đình, Hà Nội",65.0,12,8,8,Sổ đỏ,2025-11-17
Mặt Ngõ 55 Hoàng Hoa Thám –  Ô TÔ - 71 M- 3 T – MT 6 M – Giá 20.8 Tỷ.,20.8,"Đường Hoàng Hoa Thám, Phường Ngọc Hà, Quận Ba Đình, Hà Nội",71.0,5,4,3,Sổ đỏ,2025-11-26
LÔ GÓC 2 THOÁNG  – FULL NỘI THẤT VIP – TRUNG TÂM BA ĐÌNH,10.95,"Phường Ngọc Hà, Quận Ba Đình, Hà Nội",50.0,3,3,5,Giấy tờ không xác định,2025-11-26
HIẾM - CẦU GIẤY - XUÂN THUỶ - 60M - 7 TẦNG - MT 4.1 - phân Lô Ô Tô,27.8,"Đường Cầu Giấy, Phường Cống Vị, Quận Ba Đình, Hà Nội",60.0,5,5,7,Sổ đỏ,2025-11-26
Ngõ 55 Hoàng Hoa Thám – Ba Đình – 55 M2 – 4 T – MT 3.6 M – Giá 14.3 Tỷ,14.3,"Đường Hoàng Hoa Thám, Phường Ngọc Hà, Quận Ba Đình, Hà Nội",55.0,4,4,4,Sổ đỏ,2025-11-26
"Chính Chủ Bán nhà 5 Tầng ĐC 128 Ngõ 639 Đường Hoàng Hoa Thám, BĐ, HN",30.5,"128/639, Đường Hoàng Hoa Thám, Phường Vĩnh Phúc, Quận Ba Đình, Hà Nội",121.9,26,26,5,Sổ đỏ,2025-11-26
"GẤP - Ba Đình - 50M - 7 Tầng - Mt 4,5M - đường hè 10M - Kd đỉnh",17.8,"Đường Vĩnh Phúc, Phường Vĩnh Phúc, Quận Ba Đình, Hà Nội",50.0,7,6,7,Sổ đỏ,2025-11-26
TRUNG TÂM QUẬN BA ĐÌNH – BÁN NHÀ MỚI 6 TẦNG THANG MÁY – LÔ GÓC,12.1,"Phường Vĩnh Phúc, Quận Ba Đình, Hà Nội",50.0,4,4,6,Giấy tờ không xác định,2025-11-26
"Cực hiếm, nhà 2 tầng phố Đội Cấn, 10m ra mặt phố 58m2 giá chỉ 9.1 tỷ",9.1,"Phường Liễu Giai, Quận Ba Đình, Hà Nội",58.0,4,2,2,Giấy tờ không xác định,2025-11-25
Bán Nhà Phố Giang Văn Minh- Trung Tâm Ba Đình 145m2 Mt8.3m Đg hè 30m.,56.0,"43, Đường Giang Văn Minh, Phường Đội Cấn, Quận Ba Đình, Hà Nội",142.0,5,5,9,Sổ đỏ,2025-11-25
Bán nhà Dòng tiền thu 40tr/ 1 tháng địa chỉ số 18 ngõ 162/22 Đội Cấn,12.8,"18 ngo 162/22, Đường Đội Cấn, Phường Đội Cấn, Quận Ba Đình, Hà Nội",51.0,11,11,6,Sổ đỏ,2025-11-25
💥HOT – HOÀNG HOA THÁM – 30M – 5 TẦNG – KD – LÔ GÓC – Ở NGAY💥,10.8,"173, Đường Hoàng Hoa Thám, Phường Ngọc Hà, Quận Ba Đình, Hà Nội",30.0,3,4,5,Sổ đỏ,2025-11-25
Ba Đình - Mặt Phố 7T Thang Máy - 2 Thoáng Cho Thuê 720Tr - 29.9Tỷ,29.9,"Đường Linh Lang, Phường Liễu Giai, Quận Ba Đình, Hà Nội",52.0,5,7,7,Sổ đỏ,2025-11-25
"Bán nhà Kim Mã, Ba Đình vài bước ra phố, 74m2, 6t, mt 4.3m, đẹp ở ngay",21.9,"Đường Kim Mã, Phường Kim Mã, Quận Ba Đình, Hà Nội",74.0,5,5,6,Sổ hồng,2025-11-25
"VĨNH PHÚC - BA ĐÌNH - PHÂN LÔ VỈA HÈ – Ô TÔ TRÁNH -KD 55M2*5T 19,6TY.",19.6,"Phường Vĩnh Phúc, Quận Ba Đình, Hà Nội",55.0,5,5,5,Giấy tờ không xác định,2025-11-25
BÁN NHÀ ĐỘI CẤN – BA ĐÌNH - VIEW HỒ - 5 TẦNG ĐẸP Ở NGAY,8.2,"Phường Đội Cấn, Quận Ba Đình, Hà Nội",38.0,3,4,5,Giấy tờ không xác định,2025-11-25
"Cần bán hà riêng 91m chính chủ phường Kim Mã, phố Kim Mã quận Ba Đình",22.0,"Đường Kim Mã, Phường Kim Mã, Quận Ba Đình, Hà Nội",91.0,4,3,4,Sổ đỏ,2025-11-24
"Bán gấp nhà 4 tầng Ngọc Hà Ba Đình 8,15 tỷ",8.15,"Phường Ngọc Hà, Quận Ba Đình, Hà Nội",40.0,3,3,5,Sổ đỏ,2025-11-21
Lô góc 5T đẹp ngõ Đào Tấn ngõ ba gác cách Mp 40m cách oto 10m,13.4,"Đường Đào Tấn, Phường Cống Vị, Quận Ba Đình, Hà Nội",40.0,4,4,5,Sổ đỏ,2025-11-24
"Bán nhà Đội Cấn. Giang Văn Minh. Ba Đình. Hà Nội 20m x 5 tầng 4,9 tỷ.",4.9,"Phường Đội Cấn, Quận Ba Đình, Hà Nội",20.0,3,4,5,Sổ đỏ,2025-11-24
GẤP - MẶT PHỐ VĨNH PHÚC - BA ĐÌNH - 60M - 5 TẦNG - VỈA HÈ 10M,26.5,"Đường Vĩnh Phúc, Phường Vĩnh Phúc, Quận Ba Đình, Hà Nội",60.0,6,4,5,Sổ đỏ,2025-11-24
"Đất 38m² HOÀNG HOA THÁM, ngõ nông, trước nhà thoáng sáng.",7.75,"Đường Hoàng Hoa Thám, Phường Ngọc Hà, Quận Ba Đình, Hà Nội",38.0,4,4,5,Sổ đỏ,2025-11-24
VIP - PHÂN LÔ 2 Ô TÔ - PHỐ VĨNH PHÚC - BA ĐÌNH -55M - 5 TẦNG - MT 4M,19.7,"Đường Vĩnh Phúc, Phường Vĩnh Phúc, Quận Ba Đình, Hà Nội",55.0,5,4,5,Sổ đỏ,2025-11-23
"Bán nhà mặt phố Phạm Hồng Thái, BD,DT:55 m / 60 m x5 TG, GIÁ: 32 TY",32.0,"Đường Phạm Hồng Thái, Phường Quán Thánh, Quận Ba Đình, Hà Nội",55.0,4,5,5,Sổ đỏ,2025-11-23
Dòng Tiền Ba Đình 60m2 - 7 Tầng Thang Máy - 17 Phòng KK - Gần Phố,15.0,"Phường Đội Cấn, Quận Ba Đình, Hà Nội",60.0,11,7,7,Giấy tờ không xác định,2025-11-23
SIÊU PHẨM VIEW HỒ NGỌC HÀ – NGÕ THÔNG  – Ở SƯỚNG KINH DOANH ĐỈNH,7.2,"Phường Ngọc Hà, Quận Ba Đình, Hà Nội",32.0,3,3,5,Giấy tờ không xác định,2025-11-22
"Chính chủ bán nhà Văn Cao Liễu Giai. Ba Đình. Hà Nội. 19m x 5 tầng 4,9",4.95,"Phường Liễu Giai, Quận Ba Đình, Hà Nội",19.0,3,4,5,Sổ đỏ,2025-11-22
"(HOT)  Liễu Giai – Đội Cấn 45m², MT 5.3m, Ngõ Rộng, Vừa Ở Vừa Cho Thuê",10.5,"Phường Cống Vị, Quận Ba Đình, Hà Nội",45.0,3,5,4,Giấy tờ không xác định,2025-11-22
"Cực hiếm nhỉnh 3 tỷ có nhà 19m2 x 4 tầng, Tân Ấp, Ba Đình, Hà Nội",3.48,"Phường Phúc Xá, Quận Ba Đình, Hà Nội",19.0,3,3,4,Giấy tờ không xác định,2025-11-22
Bán nhà Kim Mã. Thông Núi Trúc. Ba Đình. Hà Nội 18'5m x 6 tầng ô tô 30,4.9,"Đường Kim Mã, Phường Giảng Võ, Quận Ba Đình, Hà Nội",19.0,3,4,6,Sổ đỏ,2025-11-22
BÁN Nhà Nghĩa Dũng Ba Đình Ô Tô Tránh 50m2 4 Tầng Nhỉnh 9 Tỷ,9.0,"Phường Phúc Xá, Quận Ba Đình, Hà Nội",50.0,4,2,4,Giấy tờ không xác định,2025-11-21
"Bán nhà mặt ngõ 135 đội Cấn ,BD,dt:30 m x 5 tg, mt:6m, giá :15 tỷ",15.0,"Đường Đội Cấn, Phường Đội Cấn, Quận Ba Đình, Hà Nội",30.0,3,4,5,Sổ đỏ,2025-11-21
BÁN NHÀ PHAN KẾ BÍNH —BA ĐÌNH – OTO ĐỖ CỔNG – 10M RA PHỐ,12.0,"Phường Cống Vị, Quận Ba Đình, Hà Nội",46.0,4,4,6,Giấy tờ không xác định,2025-11-21
"Bán nhà mặt phố thụy Khuê, bd,dt :80 m x 5 tg,mt:4m, giá: 34,5 tỷ",34.5,"Đường Thụy Khuê, Phường Quán Thánh, Quận Ba Đình, Hà Nội",80.0,4,4,5,Sổ đỏ,2025-11-21
SIÊU HIẾM TRUNG TÂM BA ĐÌNH – VÀI BƯỚC RA PHỐ KIM MÃ – NGÕ RỘNG THOÁNG,8.2,"Phường Kim Mã, Quận Ba Đình, Hà Nội",40.0,4,4,5,Giấy tờ không xác định,2025-11-21
"BÁN NHÀ ĐỘI CẤN – BA ĐÌNH – 5 TẦNG ĐẸP  – GẦN PHỐ, TIỆN ÍCH BỦA VÂY",6.0,"Phường Ngọc Hà, Quận Ba Đình, Hà Nội",32.0,3,4,5,Giấy tờ không xác định,2025-11-20
"VIP - HOÀNG HOA THÁM - VĨNH PHÚC - BA ĐÌNH - 45M - 4 TẦNG - MT 4,7M",13.3,"Đường Hoàng Hoa Thám, Phường Vĩnh Phúc, Quận Ba Đình, Hà Nội",45.0,4,3,4,Sổ đỏ,2025-11-20
NHÀ HIẾM LÁNG HẠ – BA ĐÌNH – THIẾT KẾ HIỆN ĐẠI – THOÁNG TRƯỚC SAU,7.1,"Phường Thành Công, Quận Ba Đình, Hà Nội",38.0,3,4,5,Giấy tờ không xác định,2025-11-20
"MẶT NGÕ THÔNG - KINH DOANH ĐỈNH- HOÀNG HOA THÁM GẦN NGỌC HÀ, ĐỘI CẤN",10.8,"Phường Ngọc Hà, Quận Ba Đình, Hà Nội",30.0,3,4,6,Giấy tờ không xác định,2025-11-20
"Ban nhà mặt phố hang than,dt 25mx5 tg, giá :15 ty",15.0,"Đường Hàng Than, Phường Quán Thánh, Quận Ba Đình, Hà Nội",25.0,4,4,5,Sổ đỏ,2025-11-20
"Bán nhà ngõ 23 Tôn thất thiệp ,Bd,dt:60 m x 5 tg,mt:5 m, giá 26 tỷ",26.0,"Đường Tôn Thất Thiệp, Phường Điện Biên, Quận Ba Đình, Hà Nội",60.0,4,4,5,Sổ đỏ,2025-11-20
❌   Hàng cực hiếm ❌ Ba đình - mặt ngõ thông-KD-su cóc đỗ cửa- nở hậu,13.9,"Phường Đội Cấn, Quận Ba Đình, Hà Nội",39.0,3,3,4,Giấy tờ không xác định,2025-11-19
BÁN NHÀ KIM MÃ – BA ĐÌNH — 5 TẦNG ĐẸP – NGÕ THÔNG GIANG VĂN MINH,7.7,"Phường Kim Mã, Quận Ba Đình, Hà Nội",38.0,4,4,6,Giấy tờ không xác định,2025-11-19
"KV hiếm nhà bán !!! Linh Lang – Đào Tấn 38m² x 5T, sát phố, chỉ 7.9 tỷ",7.9,"Phường Cống Vị, Quận Ba Đình, Hà Nội",38.0,4,5,5,Giấy tờ không xác định,2025-11-19
"Bán Căn nhà ngõ phố Văn Cao - Ba Đình , sát hồ Tây",2.2,"188d, Đường Văn Cao, Phường Liễu Giai, Quận Ba Đình, Hà Nội",14.0,3,3,5,Giấy tờ không xác định,2025-11-19
GẤP - NHÀ PHỐ PHAN KẾ BÍNH - ĐÀO TẤN - 50M - 6 TẦNG - MT 5M,12.9,"Phường Cống Vị, Quận Ba Đình, Hà Nội",50.0,6,5,6,Sổ đỏ,2025-11-19
"Hiếm! Nhà Đào Tấn - Linh Lang 40m², ngõ nông, thoáng đẹp, chỉ 8.5 tỷ",8.5,"Phường Cống Vị, Quận Ba Đình, Hà Nội",40.0,4,5,5,Giấy tờ không xác định,2025-11-19
BÁN NHÀ HOÀNG HOA THÁM – TRUNG TÂM BA ĐÌNH--50M RA Ô TÔ TRÁNH,14.5,"Phường Ngọc Hà, Quận Ba Đình, Hà Nội",53.0,4,3,4,Giấy tờ không xác định,2025-11-19
Tôi cần bán nhà Tiểu Khu Ngọc Khánh 5tầng thang máy full nội thất,26.0,"Phường Ngọc Khánh, Quận Ba Đình, Hà Nội",85.0,6,6,5,Giấy tờ không xác định,2025-11-19
"Bán nhà măt hồ ngõ 135 đội Cấn,dt: 80 x 5 tg, mt:5 m, giá : 35,5 tỷ",35.0,"Đường Đội Cấn, Phường Đội Cấn, Quận Ba Đình, Hà Nội",80.0,5,5,5,Sổ đỏ,2025-11-18
"Chính chủ bán nhà Phố Đào Tấn, 55M x 6 Tầng, ô tô qua 17,9 tỷ",17.9,"Đường Đào Tấn, Phường Cống Vị, Quận Ba Đình, Hà Nội",55.0,6,6,6,Sổ đỏ,2025-11-17
chính chủ bán nhà hoàng hoa thám,14.5,"40A ngõ 55/24 , Đường Hoàng Hoa Thám, Phường Ngọc Hà, Quận Ba Đình, Hà Nội",53.0,4,3,4,Sổ đỏ,2025-11-16
"Cực hiếm! Nhà đẹp Giang Văn Minh – Kim Mã, 32m² x5T, ở ngay chỉ 7,6 tỷ",7.6,"Phường Giảng Võ, Quận Ba Đình, Hà Nội",32.0,3,5,5,Giấy tờ không xác định,2025-11-16
Chính Chủ Cần Bán Nhà Kim Mã - 35m2 - 1 nhà ra mặt phố - sổ vuông đẹp,9.5,"Phường Kim Mã, Quận Ba Đình, Hà Nội",35.0,3,4,5,Giấy tờ không xác định,2025-11-16
"Tôi cần bán nhà mặt ngõ ô tô Đào Tấn, 6tầng thang máy full nội thất",17.96,"Phường Liễu Giai, Quận Ba Đình, Hà Nội",50.0,6,6,6,Giấy tờ không xác định,2025-11-16
"Mặt Phố Lô góc Phan Huy Ích Ba Đình 55m2 6 tầng mặt 14m 43,3 Tỷ",43.3,"Phường Nguyễn Trung Trực, Quận Ba Đình, Hà Nội",55.0,11,7,6,Giấy tờ không xác định,2025-11-16
"Hiếm Hot BA ĐÌNH! HÀNG SIÊU QUÝ HIẾM, LÔ GÓC - CẢ PHỐ CHỈ CÓ 1 NHÀ BÁN",40.0,"Phường Điện Biên, Quận Ba Đình, Hà Nội",52.0,3,5,6,Giấy tờ không xác định,2025-11-16
"SỔ 37M2x6T THANG MÁY, 15M RA PHỐ HOÀNG HOA THÁM, BA ĐÌNH",11.3,"Đường Hoàng Hoa Thám, Phường Ngọc Hà, Quận Ba Đình, Hà Nội",37.0,4,4,6,Sổ đỏ,2025-11-15
"bán nhà 6 tầng, thang máy, nhà xây dựng mới, đầy đủ nội thất cơ bản",8.8,"10, ngách 109 D, ngõ 409 Kim Mã, Đường Kim Mã, Phường Ngọc Khánh, Quận Ba Đình, Hà Nội",40.0,4,5,6,Sổ hồng,2025-11-15
Bán nhà 124 mặt phố Thụy Khuê 200 m xây mới 9 tầng,85.0,"124, Đường Thụy Khuê, Phường Trúc Bạch, Quận Ba Đình, Hà Nội",200.0,3,2,9,Sổ đỏ,2025-11-14
Tân Ấp – Ba Đình  – Ô Tô Tránh – KD – 61 M – 5 T – MT 5 M – Giá 20.1 T,20.1,"Phường Phúc Xá, Quận Ba Đình, Hà Nội",61.0,5,5,5,Sổ đỏ,2025-11-18
Nguyên Hồng – Ba Đình – Ô TÔ Tránh – 67 M2 – 3 T – MT 5.4 M – Giá 15.7,15.7,"Đường Nguyên Hồng, Phường Thành Công, Quận Ba Đình, Hà Nội",67.0,4,3,5,Sổ đỏ,2025-11-18
"💥 Bán gấp nhà 5 tầng Kim Mã - đẹp gần phố đi lại tiện, giá cả hợp lý",8.08,"Phường Kim Mã, Quận Ba Đình, Hà Nội",30.0,3,3,5,Giấy tờ không xác định,2025-11-14
SIÊU PHẨM ĐÀO TẤN – NHÀ ĐẸP DÂN XÂY – 3 THOÁNG – GIÁ CỰC,12.9,"Phường Cống Vị, Quận Ba Đình, Hà Nội",54.0,4,3,6,Giấy tờ không xác định,2025-11-13
Mặt Phố Hoàng Hao Thám – Ba Đình = 207 M – 4T – MT 6.8 M – Giá 64.8 Tỷ,64.8,"Đường Hoàng Hoa Thám, Phường Ngọc Hà, Quận Ba Đình, Hà Nội",207.0,5,5,4,Sổ đỏ,2025-11-17
Siêu Phẩm Ba Đình Đón Tết 42m2 - 5 Tầng - Sát Phố - Ngõ Nông - 10 Tỷ,10.0,"Phường Đội Cấn, Quận Ba Đình, Hà Nội",42.0,5,4,5,Giấy tờ không xác định,2025-11-13
"Bán nhà Lê Hồng Phong. Ngọc Hà. Ba Đình Hà Nội 19m x 6 tầng 4,89 tỷ. C",4.88,"Phường Quán Thánh, Quận Ba Đình, Hà Nội",19.0,3,4,6,Sổ đỏ,2025-11-12
TOÀ CCMN RẺ NHẤT PHÂN KHÚC DÒNG TIỀN!,20.6,"Đường Đội Cấn, Phường Đội Cấn, Quận Ba Đình, Hà Nội",88.0,15,15,7,Sổ đỏ,2025-11-16
"Chính chủ bán nhà Ngọc Hà- Hoàng Hoa Thám. Ba Đình. Hà Nội 21m x 5,5 t",4.85,"Phường Giảng Võ, Quận Ba Đình, Hà Nội",21.0,3,4,6,Sổ đỏ,2025-11-12
NHÀ 2 MẶT NGÕ GIANG VĂN MINH - VỪA Ở VỪA CHO THUÊ,14.8,"Phường Đội Cấn, Quận Ba Đình, Hà Nội",50.0,5,3,5,Giấy tờ không xác định,2025-11-12
⚠️KHU VỰC CẢ NĂM MỚI CÓ 1 NHÀ BÁN -Bán Nhà - Mặt Hồ - Đội Cấn Ba Đình,25.9,"Phường Ngọc Hà, Quận Ba Đình, Hà Nội",57.0,4,5,5,Giấy tờ không xác định,2025-11-12
"Hiếm phân khúc Kim Mã, ngõ nông thoáng sáng, cách phố 60m, chỉ 6.6 Tỷ",6.6,"Phường Kim Mã, Quận Ba Đình, Hà Nội",27.0,3,3,4,Giấy tờ không xác định,2025-11-11
Bán Nhà Mặt Phố Linh Lang - 105M2* 9 Tầng - Cho Thuê 200Tr/ Tháng,65.0,"Đường Linh Lang, Phường Liễu Giai, Quận Ba Đình, Hà Nội",105.0,13,14,9,Sổ đỏ,2025-11-11
"Chính chủ nhờ bán gấp căn nhà 4,5 tầng 65m hơn 30 tỷ Ba Đình",31.0,"Đường Nguyễn Công Hoan, Phường Giảng Võ, Quận Ba Đình, Hà Nội",65.0,6,4,5,Sổ đỏ,2025-11-11
"Hiếm nhà Kim Mã –35m²x5t, ngõ nông rộng, 3 mặt thoáng, giá chỉ 7,6 tỷ",7.4,"Phường Giảng Võ, Quận Ba Đình, Hà Nội",38.0,3,5,5,Giấy tờ không xác định,2025-11-11
"Nhà Ngọc Khánh,35m2x5t, sát Vinhomes Giảng Võ, Giá trị tăng tương lai",8.0,"Phường Ngọc Khánh, Quận Ba Đình, Hà Nội",35.0,3,4,5,Giấy tờ không xác định,2025-11-11
Tân Ấp Ba ĐÌnh – 84 M2 – 3 Tầng – MT 7.3 M – Giá 8.2 Tỷ,8.2,"Đường Tân Ấp, Phường Phúc Xá, Quận Ba Đình, Hà Nội",83.0,3,3,3,Sổ đỏ,2025-11-15
"Chính chủ Bán Nhà 10m ra phố Kim Mã, 36m² x 4T, cạnh Lotte Liễu Giai",6.2,"Phường Kim Mã, Quận Ba Đình, Hà Nội",36.0,3,5,4,Giấy tờ không xác định,2025-11-11
"Phân lô Ba Đình 52m2*5T,mt 4m,vỉa hè,kd,oto tránh,nhà mới,giá 20.5tỷ.",20.5,"Đường Vĩnh phúc, Phường Đội Cấn, Quận Ba Đình, Hà Nội",52.0,7,4,5,Sổ hồng,2025-11-10
Cần chuyển nhượng nhà trung tâm phố cổ,7.8,"Phường Quán Thánh, Quận Ba Đình, Hà Nội",29.0,3,3,4,Giấy tờ không xác định,2025-11-10
BÁN NHÀ ĐẸP BA ĐÌNH – FULL NỘI THẤT – GẦN Ô TÔ – GIÁ TỐT,11.5,"Phường Phúc Xá, Quận Ba Đình, Hà Nội",40.0,2,3,4,Giấy tờ không xác định,2025-11-10
Bán nhà trong ngõ 25 phan đình Phùng,13.5,"25, Đường Phan Đình Phùng, Phường Quán Thánh, Quận Ba Đình, Hà Nội",47.0,5,3,5,Sổ đỏ,2025-11-09
Cực hiếm!  Bán Nhà ba đình – đào tấn 41m2 x4 tầng ngõ thông kinh doanh,14.65,"Đường Đào Tấn, Phường Đội Cấn, Quận Ba Đình, Hà Nội",41.0,4,3,4,Sổ đỏ,2025-11-13
GIÁ NÀO CŨNG BÁN NHÀ PHỐ HOÀNG HOA THÁM – BA ĐÌNH 55m 3 TẦNG MẶT TIỀN,13.0,"Đường Hoàng Hoa Thám, Phường Ngọc Hà, Quận Ba Đình, Hà Nội",55.0,4,4,3,Sổ đỏ,2025-11-13
"Lô Góc Ba Đình 35m2 - 5 Tầng - Gần Phố - Ở Ngay - Giá 7,6 Tỷ",7.6,"Phường Giảng Võ, Quận Ba Đình, Hà Nội",35.0,3,4,5,Giấy tờ không xác định,2025-11-09
🏡 TÂN ẤP – BA ĐÌNH | NHÀ ĐẸP DÂN XÂY – FULL NỘI THẤT – GẦN Ô TÔ,11.5,"Phường Phúc Xá, Quận Ba Đình, Hà Nội",40.0,4,3,4,Giấy tờ không xác định,2025-11-09
Lô Góc Ba Đình 45m2 - 6 Tầng Thang Máy - Ngõ Thông - Ô Tô - Giá 12 Tỷ,12.0,"Phường Vĩnh Phúc, Quận Ba Đình, Hà Nội",45.0,3,4,6,Giấy tờ không xác định,2025-11-09
"Bán nhà khu 28 Ông ích Khiêm ,dt :85m² x 5 tg,mt : 6m, giá:28,5 ty",28.5,"Đường Ông Ích Khiêm, Phường Đội Cấn, Quận Ba Đình, Hà Nội",85.0,6,7,4,Sổ đỏ,2025-11-08
💥  NHÀ ĐẸP TRUNG TÂM BA ĐÌNH – Ở NGAY – CÁCH Ô TÔ VÀI BƯỚC 💥,8.6,"612, Đường Đê La Thành, Phường Giảng Võ, Quận Ba Đình, Hà Nội",41.3,4,3,4,Sổ đỏ,2025-11-12
Đội Cấn 29m2-6 tầng-mt 5m-ô tô tránh đỗ 14.5 tỷ(Có thương lượng),14.5,"279, Đường Đội Cấn, Phường Ngọc Hà, Quận Ba Đình, Hà Nội",29.0,3,5,6,Sổ đỏ,2025-11-12
Phố Tân Ấp – Ba Đình – Ô Tô Tránh – 61 M – 5 T – MT 5 M – Giá 19.5 Tỷ.,19.5,"Đường Tân Ấp, Phường Phúc Xá, Quận Ba Đình, Hà Nội",61.0,5,4,5,Sổ đỏ,2025-11-12
"HIẾM !!! BÁN NHÀ GIANG VĂN MINH–KIM MÃ–42M²x 5T–GẦN PHỐ–CHỈ 9,8 TỶ",9.8,"Phường Kim Mã, Quận Ba Đình, Hà Nội",42.0,3,5,5,Giấy tờ không xác định,2025-11-08
"Mặt ngõ kinh doanh Núi Trúc - 38m2-10m ra phố -Ngõ thông, Chỉ 9,2 Tỷ",9.2,"Phường Giảng Võ, Quận Ba Đình, Hà Nội",38.0,3,5,4,Giấy tờ không xác định,2025-11-08
"Đội Cấn 27m² 5T 4PN 8.8 Tỷ Ba Đình – TRUNG TÂM, VÀI BƯỚC RA PHỐ",8.8,"Phường Đội Cấn, Quận Ba Đình, Hà Nội",27.0,2,3,5,Giấy tờ không xác định,2025-11-08
"🇻🇳Nhà mới kính koong #Ba_Đình, 22m2, 5 tầng, mt 3.5, Giá chỉ 5.9 tỷ",5.9,"Phường Phúc Xá, Quận Ba Đình, Hà Nội",22.0,3,3,5,Giấy tờ không xác định,2025-11-08
NHÀ ĐẸP TRUNG TÂM BA ĐÌNH – VÀI BƯỚC RA PHỐ – 5 TẦNG FULL CÔNG NĂNG,8.8,"Phường Đội Cấn, Quận Ba Đình, Hà Nội",27.0,2,3,5,Giấy tờ không xác định,2025-11-08
PHÂN LÔ – NỞ HẬU – 2 MẶT THOÁNG – LÕI BA ĐÌNH,7.8,"Phường Cống Vị, Quận Ba Đình, Hà Nội",29.0,4,3,4,Giấy tờ không xác định,2025-11-08
HÓT BA ĐÌNH – GIÁ ĐẦU TƯ – SỔ ĐỎ CHÍNH CHỦ,7.5,"Phường Vĩnh Phúc, Quận Ba Đình, Hà Nội",34.0,2,3,3,Giấy tờ không xác định,2025-11-08
Vĩnh Phúc – Ba Đình – Ô Tô tránh – 123 m2 – 5 T – MT 4.5 m – Giá 30.3,30.3,"Đường Vĩnh Phúc, Phường Cống Vị, Quận Ba Đình, Hà Nội",123.0,7,7,5,Sổ đỏ,2025-11-11
Bán gấp nhà 6 tầng sát phố Giảng Võ hơn 6 tỷ,6.86,"Đường Giảng Võ, Phường Giảng Võ, Quận Ba Đình, Hà Nội",30.0,3,3,6,Sổ đỏ,2025-11-11
"HIẾM - BÁN NHÀ PHỐ NGỌC HÀ - GẦN LĂNG BÁC - 40M - 4,5 TẦNG - MT 5,2M",13.5,"Đường Ngọc Hà, Phường Ngọc Hà, Quận Ba Đình, Hà Nội",40.0,5,4,4,Sổ đỏ,2025-11-11
Phân Lô Ô Tô Ngọc Khánh - Vỉa Hè 3m - Kinh Doanh - 45M2* 5T - 19.2 Tỷ.,19.2,"Đường Ngọc Khánh, Phường Ngọc Khánh, Quận Ba Đình, Hà Nội",45.0,5,5,5,Sổ hồng,2025-11-11
CỰC ĐẸP - ĐÀO TẤN - LINH LANG - 70M - 4 TẦNG - 2 THOÁNG - chỉ 22 tỷ,22.0,"Đường Đào Tấn, Phường Cống Vị, Quận Ba Đình, Hà Nội",70.0,5,4,4,Sổ đỏ,2025-11-10
BÁN NHÀ NGỌC HÀ  – TRUNG TÂM BA ĐÌNH– 3 BƯỚC RA PHỐ –DÂN XÂY CHẮC NỊCH,5.88,"Phường Ngọc Hà, Quận Ba Đình, Hà Nội",24.0,2,3,4,Giấy tờ không xác định,2025-11-06
"NHÀ MỚI TRUNG TÂM BA ĐÌNH - 40m2 7 TẦNG THANG MÁY CHỈ 11,8 TỶ",11.8,"Phường Ngọc Hà, Quận Ba Đình, Hà Nội",40.0,7,7,7,Giấy tờ không xác định,2025-11-06
NHÀ MỚI TRUNG TÂM ĐỐNG ĐA - 22M2 4 TẦNG CHỈ 7.3 TỶ,7.3,"Phường Liễu Giai, Quận Ba Đình, Hà Nội",22.0,2,3,4,Giấy tờ không xác định,2025-11-06
"SIÊU RẺ TRUNG TÂM BA ĐÌNH - 51M2 - 5PN - 5 TẦNG CHỈ 10,5 TỶ",10.5,"Phường Liễu Giai, Quận Ba Đình, Hà Nội",51.0,5,6,5,Giấy tờ không xác định,2025-11-06
CÁCH MẶT PHỐ HOÀNG HOA THÁM 50M - NHÀ ĐẸP - VỪA TIỀN - SỔ ĐỎ CHÍNH CHỦ,7.3,"Phường Liễu Giai, Quận Ba Đình, Hà Nội",25.0,2,2,4,Giấy tờ không xác định,2025-11-06
"BÁN NHÀ ĐẸP  – LÔ GÓC SIÊU THOÁNG – 5 NHÀ RA Ô TÔ – NGỌC HÀ, BA ĐÌNH",11.5,"Phường Ngọc Hà, Quận Ba Đình, Hà Nội",42.0,5,5,4,Giấy tờ không xác định,2025-11-06
"BÁN NHÀ ĐỘI CẤN - VỪA Ở VỪA SINH LỜI - 55M2X4T MẶT TIỀN 5,5M, NGÕ RỘNG",10.5,"Phường Đội Cấn, Quận Ba Đình, Hà Nội",55.0,3,5,5,Giấy tờ không xác định,2025-11-06
"HIẾM VỊ TRÍ !!! NHÀ KIM MÃ–38M²–CÁCH PHỐ 50M –2 MẶT THOÁNG–CHỈ 7,3 TỶ",7.3,"Phường Kim Mã, Quận Ba Đình, Hà Nội",38.0,3,4,4,Giấy tờ không xác định,2025-11-06
"NHÀ MỚI TRUNG TÂM BA ĐÌNH - 40M2 6 TẦNG THANG MÁY CHỈ 12,1 TỶ",12.1,"Phường Liễu Giai, Quận Ba Đình, Hà Nội",40.0,3,4,6,Giấy tờ không xác định,2025-11-06
Bán nhà 4 tầng ngõ 379 Đội Cấn,17.13,"Đường Đội Cấn, Phường Liễu Giai, Quận Ba Đình, Hà Nội",68.5,4,3,4,Sổ đỏ,2025-11-05
"Bán nhà ngõ 112 Ngọc Khánh, bd, dt: 60 m 6 tg,mt:4,5m, giá 18,5 tỷ",18.5,"Đường Ngọc Khánh, Phường Ngọc Khánh, Quận Ba Đình, Hà Nội",60.0,5,5,6,Sổ đỏ,2025-11-05
"Bán nhà mặt ngõ Giang Văn Minh, BD, dt::50 m x 5 tg,mt:4m, giá 18,8 tỷ",18.8,"Đường Giang Văn Minh, Phường Kim Mã, Quận Ba Đình, Hà Nội",50.0,4,5,5,Sổ đỏ,2025-11-05
HIẾM CÓ KHÓ TÌM - 8x TỶ SỞ HỮU TRUNG TÂM QUẬN BA ĐÌNH - VÀI BƯỚC RA NG,8.6,"Phường Kim Mã, Quận Ba Đình, Hà Nội",42.0,4,3,4,Sổ đỏ,2025-11-09
"🏡 BÁN NHÀ ĐẸP – HOÀNG HOA THÁM– LÔ GÓC, GẦN HỒ, TRUNG TÂM, DÂN TRÍ CAO",11.8,"Phường Ngọc Hà, Quận Ba Đình, Hà Nội",45.0,3,3,4,Giấy tờ không xác định,2025-11-05
BÁN LÔ ĐẤT LỚN TRUNG TÂM BA ĐÌNH - VÔ ĐỊCH VỀ GIÁ - BA GÁC ĐỖ CỬA 685M,46.9,"Phường Ngọc Hà, Quận Ba Đình, Hà Nội",683.0,11,7,2,Giấy tờ không xác định,2025-11-05
"🏡 BÁN NHÀ MỚI XÂY – HOÀNG HOA THÁM – THANG MÁY, TRUNG TÂM CỦA  PHỐ",11.7,"Phường Ngọc Hà, Quận Ba Đình, Hà Nội",39.0,4,3,5,Giấy tờ không xác định,2025-11-05
Bán gấp chdv 7 tầng 17 phòng khép kín full khách Ngọc Khánh,22.5,"6, Đường Ngọc Khánh, Phường Giảng Võ, Quận Ba Đình, Hà Nội",70.0,17,17,7,Sổ đỏ,2025-11-11
"Khách sạn 9 tầng phố Liễu Giai, 100m2,dòng tiền 200 triệu,nhỉnh 60 tỷ",68.0,"Đường Liễu Giai, Phường Liễu Giai, Quận Ba Đình, Hà Nội",100.0,13,15,9,Sổ đỏ,2025-11-04
Vị trí vàng Toà 5T Mp Văn Cao-Liễu Giai vỉa hè 6m đường 42m kd sầm uất,65.0,"Đường Liễu Giai, Phường Liễu Giai, Quận Ba Đình, Hà Nội",95.0,4,4,5,Sổ đỏ,2025-11-03
"TRUNG TÂM BA ĐÌNH 39M2 - 5 TẦNG - THANG MÁY CHỈ 11,7 TỶ",11.7,"Phường Liễu Giai, Quận Ba Đình, Hà Nội",39.0,3,4,5,Giấy tờ không xác định,2025-11-04
GIẢM 5 TỶ...! MẶT PHỐ MẶT TIỀN 10M - 9 TẦNG CHO THUÊ 2.2 TỶ - 105M2,65.0,"Đường Đào Tấn, Phường Liễu Giai, Quận Ba Đình, Hà Nội",105.0,10,11,9,Sổ đỏ,2025-11-08
"BÁN GẤP NHÀ PHAN KẾ BÍNH - BA ĐÌNH, 4 TẦNG 4PN, NGÕ THẲNG GIÁ HƠN 7 TỶ",7.7,"Phường Liễu Giai, Quận Ba Đình, Hà Nội",30.0,4,3,4,Giấy tờ không xác định,2025-11-04
"Nhà Nghĩa Dũng - Phúc Xá - 28 m * 2 tầng -4,5 tỷ",4.5,"Phường Phúc Xá, Quận Ba Đình, Hà Nội",25.0,2,2,2,Giấy tờ không xác định,2025-11-04
Nhà Phân lô Phúc Xá - 52 m- 6 tầng -23 tỷ,23.0,"Phường Phúc Xá, Quận Ba Đình, Hà Nội",52.0,5,5,6,Giấy tờ không xác định,2025-11-04
BÁN NHÀ HOÀNG HOA THÁM – 3 TẦNG – NGÕ THOÁNG – BA ĐÌNH,7.5,"Phường Vĩnh Phúc, Quận Ba Đình, Hà Nội",34.0,2,2,3,Giấy tờ không xác định,2025-11-04
"Nhà 4T ngõ 612 La Thành-94 Ngọc Khánh cách oto 20m ngõ 2,5m dt 75m",15.5,"Đường La Thành, Phường Giảng Võ, Quận Ba Đình, Hà Nội",69.2,4,4,4,Sổ đỏ,2025-11-03
"BÁN GẤP NHÀ MP ĐÊ LA THÀNH, 40M2×5T, MT 3.5M, 19 TỶ",19.0,"Đường Đê La Thành, Phường Giảng Võ, Quận Ba Đình, Hà Nội",40.0,5,4,5,Sổ đỏ,2025-11-03
"Ngọc Hà, Ba Đình, Hà Nội  37m² x 6 tầng thang máy, giá 11.3 tỷ",11.3,"Đường Ngọc Hà, Phường Ngọc Hà, Quận Ba Đình, Hà Nội",37.0,4,5,6,Sổ đỏ,2025-11-02
BÁN GẤP - TOÀ CĂN HỘ PHỐ VĨNH PHÚC - BA ĐÌNH,19.4,"Đường Vĩnh phúc, Phường Vĩnh Phúc, Quận Ba Đình, Hà Nội",50.0,11,11,7,Sổ đỏ,2025-11-07
"Có việc bán gấp nhà trung tâm Kim Mã, Ba Đình - 31m 5 tầng 7,98tỷ",7.98,"Phường Kim Mã, Quận Ba Đình, Hà Nội",31.0,3,3,5,Giấy tờ không xác định,2025-11-03
"CẦN BÁN NHÀ VĨNH PHÚC , BA ĐÌNH , KHU PHỐ CỰC HIẾM NHÀ BÁN . NGÕ THÔNG",11.1,"Đường Vĩnh Phúc, Phường Vĩnh Phúc, Quận Ba Đình, Hà Nội",40.0,3,5,6,Sổ hồng,2025-11-06
Mặt Phố - Vĩnh Phúc Ba Đình – 98 M2 – 5 T – MT 6.2 M – Giá 36.5 Tỷ,36.5,"Đường Vĩnh phúc, Phường Vĩnh Phúc, Quận Ba Đình, Hà Nội",98.0,9,7,5,Sổ đỏ,2025-11-07
Nghĩa Dũng – Ba Đình – 179 m2 – 3 Tầng – Mặt Tiền 4 m – Giá 18.5 Tỷ.,18.5,"Đường Nghĩa Dũng, Phường Phúc Xá, Quận Ba Đình, Hà Nội",179.0,2,1,3,Sổ đỏ,2025-11-06
BÁN NHÀ  LÔ GÓC HOÀNG HOA THÁM - NGỌC HÀ– LÕI BA ĐÌNH-CHỈ 100M RA Ô TÔ,11.8,"Phường Vĩnh Phúc, Quận Ba Đình, Hà Nội",45.0,4,3,4,Giấy tờ không xác định,2025-11-02
BÁN NHÀ NGỌC HÀ  – THANG MÁY – DÒNG TIỀN 50TR/THÁNG  – BA ĐÌNH,19.0,"Phường Ngọc Hà, Quận Ba Đình, Hà Nội",40.0,4,5,6,Giấy tờ không xác định,2025-11-02
BÁN NHÀ BA ĐÌNH - NHÀ MỚI - THIẾT KẾ HIỆN ĐẠI - KINH DOANH ĐỈNH,19.9,"Phường Ngọc Khánh, Quận Ba Đình, Hà Nội",49.0,11,7,7,Giấy tờ không xác định,2025-11-02
Chính chủ bán nhà mặt phố Lý Thường Kiệt 86 m xây 7 tầng,61.0,"50, Đường Quán Thánh, Phường Quán Thánh, Quận Ba Đình, Hà Nội",86.0,5,4,7,Sổ đỏ,2025-07-10
"Bán nhà mặt phố Linh Lang 84m x 5T, mặt tiền7m, giá 62,8 tỷ",62.8,"80, Đường Linh Lang, Phường Liễu Giai, Quận Ba Đình, Hà Nội",85.0,5,5,5,Sổ hồng,2025-11-01
"Bán nhà phố TRÚC BẠCH, BD. Dt: 60m2 x 5 , giá 19 ty",19.0,"Đường Phó Đức Chính, Phường Trúc Bạch, Quận Ba Đình, Hà Nội",60.0,5,5,5,Sổ đỏ,2025-11-01
"Ban nhà măt ngõ phố giang văn minh , bd, dt:42 mx 5 tg, giá: 13,5 ty",13.5,"Đường Giang Văn Minh, Phường Kim Mã, Quận Ba Đình, Hà Nội",42.0,4,5,5,Sổ đỏ,2025-11-01
Mặt Phố Sơn Tây – Ba Đình – 66 M2 – 7 Tầng – MT 3.5 M – Giá 26.8 Tỷ,26.8,"Đường Sơn Tây, Phường Nguyễn Trung Trực, Quận Ba Đình, Hà Nội",66.0,5,4,7,Sổ đỏ,2025-11-06
Đội Cấn – Ba Đình – Ô Tô – 74 m2 – 3 Tâmgf – MT 5.4 m – Giá 20.9 Tỷ.,20.9,"Đường Đội Cấn, Phường Đội Cấn, Quận Ba Đình, Hà Nội",74.0,3,3,3,Sổ đỏ,2025-11-05
"bán tòa nhà APARTMENT phố Phan Kế Bính 120m2 x 10tầng lô góc giá 48,8",48.8,"22, Đường Phan Kế Bính, Phường Cống Vị, Quận Ba Đình, Hà Nội",120.0,29,30,9,Sổ hồng,2025-10-31
ĐỘI CẤN MẶT NGÕ Ô TÔ-2THOÁNG -MẶT TIỀN ĐẸP-NGÕ NÔNG -DT49M*5T-10.5TỶ,10.5,"Phường Đội Cấn, Quận Ba Đình, Hà Nội",49.0,4,4,5,Giấy tờ không xác định,2025-11-01
Liễu Giai phố VIP trung tâm-nhà dòng tiền 7p cho thuê ngõ ô tô giá đẹp,29.3,"Phường Liễu Giai, Quận Ba Đình, Hà Nội",60.0,7,7,5,Giấy tờ không xác định,2025-11-01
HOÀNG HOA THÁM-2THOÁNG-NGÕ NÔNG - MẶT TIỀN RỘNG-DT35M*5T-11.6 Tỷ,11.6,"Phường Đội Cấn, Quận Ba Đình, Hà Nội",35.0,3,4,5,Giấy tờ không xác định,2025-11-01
"Bán Nhà Mặt Phố Trung Tâm Ba Đình 10 Tầng Xây Mới Văn Phòng MT 7,65M",62.0,"Đường Đội Cấn, Phường Đội Cấn, Quận Ba Đình, Hà Nội",82.0,4,12,10,Sổ đỏ,2025-10-31
BÁN TÒA NHÀ VP MẶT PHỐ VĂN CAO DT 101 m x 10 TẦNG -MT 6M - GIÁ 79 TỶ,79.0,"Đường Văn cao, Phường Liễu Giai, Quận Ba Đình, Hà Nội",101.0,6,9,10,Sổ đỏ,2025-10-31
Bán tòa Apartment cao cấp Liễu Giai 8 tầng 1 tum 13 Căn Hộ 1 Penthouse,68.0,"Đường Liễu Giai, Phường Liễu Giai, Quận Ba Đình, Hà Nội",100.0,15,16,9,Sổ đỏ,2025-10-31
Bán TOÀ NHÀ APARTMENT CAO CẤP Phan Kế Bính 8 Tầng 1 Hầm 28 Căn Hộ Víp,48.0,"Đường Phan Kế Bính, Phường Liễu Giai, Quận Ba Đình, Hà Nội",119.0,40,29,8,Sổ đỏ,2025-10-31
"Mảnh đất mặt phố Ngũ Xã, 88m2, xây toà 7 tầng kinh doanh, nhỉnh 34 tỷ",34.0,"Đường Ngũ Xã, Phường Trúc Bạch, Quận Ba Đình, Hà Nội",88.0,3,4,4,Sổ đỏ,2025-11-04
"Bán  biêt thự ngõ 445 đội cấn, dt 150 m x 5tg,mt:9 m, giá : 80 ty",80.0,"Phường Cống Vị, Quận Ba Đình, Hà Nội",150.0,5,7,4,Sổ đỏ,2025-10-30
"Phố Liễu Giai- Đào Tân- 60M, ô tô qua 29 tỷ",29.0,"Phường Liễu Giai, Quận Ba Đình, Hà Nội",60.0,5,5,5,Sổ đỏ,2025-10-30
Ô TÔ VÀO NHÀ 110m RỘNG 5m NHÀ 6 TẦNG ĐỘI CẤN 181 TR/M,19.9,"21, Đường Đội Cấn, Phường Đội Cấn, Quận Ba Đình, Hà Nội",110.0,6,7,6,Sổ đỏ,2025-10-30
"Cực hiếm Nhà Đào Tấn ngõ thông ô tô  đỗ cửa,mặt tiền khủng, kinh doanh",14.65,"Đường Đào Tấn, Phường Cống Vị, Quận Ba Đình, Hà Nội",48.0,4,3,5,Sổ đỏ,2025-11-03
"CỰC HIẾM - MẶT PHỐ VĨNH PHÚC - ĐỘI NHÂN - BA ĐÌNH chỉ 17,8 tỷ",17.8,"Đường Đội Nhân, Phường Vĩnh Phúc, Quận Ba Đình, Hà Nội",45.0,5,5,7,Sổ đỏ,2025-11-03
HIẾM - TOÀ VĂN PHÒNG MẶT PHỐ - TRUNG TÂM BA ĐÌNH,42.0,"Đường Đào Tấn, Phường Cống Vị, Quận Ba Đình, Hà Nội",65.0,7,6,9,Sổ đỏ,2025-11-03
HẠ GIÁ-TÒA VP 7 TẦNG PHỐ LIỄU GIAI-VẠN BẢO DT66/70M2-MT8.65M-33 TỶ,33.0,"Đường Liễu Giai, Phường Liễu Giai, Quận Ba Đình, Hà Nội",66.0,6,6,7,Sổ đỏ,2025-11-03
"Bán nhà Đội Cấn, diện tích 25m2, 5 tầng, 3 ngủ, giá 6 tỷ",6.0,"Phường Đội Cấn, Quận Ba Đình, Hà Nội",25.0,3,4,5,Giấy tờ không xác định,2025-10-30
"BÁN NHÀ ĐÀO TẤN – 35M² GIÁ CHỈ 6,9TỶ NGÕ THÔNG – GẦN PHỐ – SỔ NỞ HẬU",6.9,"Phường Cống Vị, Quận Ba Đình, Hà Nội",35.0,3,3,3,Giấy tờ không xác định,2025-10-30
"30M, trung tâm ba đình văn cao, hoàng hoa thám đầy đủ công năng",7.98,"Phường Ngọc Hà, Quận Ba Đình, Hà Nội",30.0,3,2,5,Giấy tờ không xác định,2025-10-30
SIÊU PHẨM ĐỘI CẤN - NGÕ RỘNG - MẶT TIỀN KHỦNG  - VỪA Ở VỪA SINH LỜI,10.2,"Phường Ngọc Hà, Quận Ba Đình, Hà Nội",55.0,4,3,4,Giấy tờ không xác định,2025-10-30
Bán nhà dân xây 5t Liễu Giai - Văn Cao 7.98ty,7.98,"Phường Liễu Giai, Quận Ba Đình, Hà Nội",35.0,3,4,5,Giấy tờ không xác định,2025-10-30
"HIẾM! ĐỘI CẤN–32M²–MẶT TIỀN 6M–50M RA Ô TÔ–2 THOÁNG–CHỈ 7,3 TỶ",7.3,"Phường Đội Cấn, Quận Ba Đình, Hà Nội",32.0,3,3,3,Giấy tờ không xác định,2025-10-29
HOT NHẤT BA ĐÌNH – NHÀ MỚI ĐỘI CẤN 5 TẦNG – NGÕ GẦN PHỐ,7.2,"Phường Ngọc Hà, Quận Ba Đình, Hà Nội",35.0,3,3,5,Giấy tờ không xác định,2025-10-29
BÁN NHÀ LA THÀNH – 30M² x 6 TẦNG – 15M RA PHỐ – MẶT TIỀN 7.5M – CHỈ 7,7.6,"Phường Ngọc Khánh, Quận Ba Đình, Hà Nội",33.0,3,5,6,Giấy tờ không xác định,2025-10-29
Bán nhà 7 tầng diện tích 60m2  mặt tiền 5m khu  phố Hồng Hà - Hà Nội,26.5,"Đường Hồng Hà, Phường Phúc Xá, Quận Ba Đình, Hà Nội",60.0,6,7,7,Sổ đỏ,2025-11-09
"Tôi cần bán nhà căn góc, 8tầng thang máy full nội thất, mặt ngõ ô tô",67.9,"Phường Giảng Võ, Quận Ba Đình, Hà Nội",104.0,8,7,8,Giấy tờ không xác định,2025-10-29
"HIẾM! BÁN NHÀ ĐẸP ĐỘI CẤN 33m2 x4T- NGÕ THOÁNG- GẦN PHỐ- GIÁ CHỈ 6,9TỶ",6.9,"Phường Đội Cấn, Quận Ba Đình, Hà Nội",33.0,3,4,4,Giấy tờ không xác định,2025-10-29
Phân Lô Vĩnh Phúc Ba Đình 125M- 5T- ô tô qua 29 tỷ,29.9,"Đường Bưởi, Phường Cống Vị, Quận Ba Đình, Hà Nội",125.0,5,6,5,Sổ đỏ,2025-10-28
"Bán nhà 9 tầng APARTMENT phố đào tấn, Phan Kế Bính 120m2 lô góc giá 48",44.8,"26, Đường Đào Tấn, Phường Liễu Giai, Quận Ba Đình, Hà Nội",120.0,29,29,10,Sổ hồng,2025-10-28
"VIP - ĐÀO TẤN - BA ĐÌNH - PHÂN LÔ Ô TÔ - MT 5,2M - 5 TẦNG",14.65,"Đường Đào Tấn, Phường Cống Vị, Quận Ba Đình, Hà Nội",43.0,4,4,5,Sổ đỏ,2025-11-01
"VĂN CAO, TRUNG TÂM BA ĐÌNH - NHÀ MỚI ĐẸP Ở NGAY- CỰC GẦN Ô TÔ, GIÁ TỐT",7.85,"Phường Liễu Giai, Quận Ba Đình, Hà Nội",31.0,3,4,5,Giấy tờ không xác định,2025-10-28
NHÀ ĐẸP Ở LUÔN - ĐỘI CẤN - BA ĐÌNH - TIỆN ÍCH - GẦN PHỐ,8.9,"Phường Đội Cấn, Quận Ba Đình, Hà Nội",40.0,3,3,4,Giấy tờ không xác định,2025-10-28
NHÀ ĐỘI CẤN GẦN PHỐ - Ô TÔ 7 CHỖ QUA - Ở NGAY - KD NHỎ SIÊU TIỆN,14.6,"Phường Ngọc Hà, Quận Ba Đình, Hà Nội",48.0,3,4,4,Giấy tờ không xác định,2025-10-28
"HIẾM!!! 1CĂN PHÂN LÔ LÁNG HẠ–33M²x5T–THOÁNG SÁNG TRƯỚC NHÀ –CHỈ 7,1TỶ",7.1,"Phường Giảng Võ, Quận Ba Đình, Hà Nội",33.0,3,4,5,Giấy tờ không xác định,2025-10-28
"VIP Đào Tấn,Lô Góc ,khu đông dân cư nước ngoài, kinh doanh và ở",12.0,"Phường Cống Vị, Quận Ba Đình, Hà Nội",35.0,3,4,5,Giấy tờ không xác định,2025-10-28
Bán Nhà Giảng Võ Ba Đình S52m 5T Giá 12.77 Tỷ Có Thương Lượng,12.77,"Phường Giảng Võ, Quận Ba Đình, Hà Nội",47.0,4,5,5,Giấy tờ không xác định,2025-10-28
"CHỦ NHỜ BÁN NHÀ ĐÀO TẤN - LÔ GÓC 3 THOÁNG, MẶT NGÕ THÔNG - KD, 11.X TỶ",11.78,"Phường Liễu Giai, Quận Ba Đình, Hà Nội",35.0,3,4,5,Giấy tờ không xác định,2025-10-27
"Nhà Đẹp Văn Cao 35m2 - 5 Tầng - Gần Phố - Tiện Ích - Giá 7,8 Tỷ - Hiếm",7.8,"Phường Liễu Giai, Quận Ba Đình, Hà Nội",35.0,3,4,5,Giấy tờ không xác định,2025-10-28
ĐÀO TẤN - LÔ GÓC - NHÀ MỚI ĐẸP Ở NGAY - MẶT TIỀN RỘNG,11.8,"Phường Cống Vị, Quận Ba Đình, Hà Nội",42.0,3,4,5,Giấy tờ không xác định,2025-10-27
BÁN NHÀ BA ĐÌNH - VỊ TRÍ ĐẸP - 3 BƯỚC RA PHỐ - Ở NGAY,10.5,"Phường Đội Cấn, Quận Ba Đình, Hà Nội",31.0,5,4,5,Giấy tờ không xác định,2025-10-27
"Bán nhà mặt phố giảng Võ, bd,dt: 60 m x 5 tg ,mt:4 m, giá 28,5 tỷ",30.0,"Đường Giảng Võ, Phường Giảng Võ, Quận Ba Đình, Hà Nội",60.0,4,5,5,Sổ đỏ,2025-07-29
BÁN NHÀ  BA ĐÌNH – MÓNG 10 TẦNG – NHÀ ĐẸP Ở NGAY – GẦN LĂNG BÁC,10.5,"Phường Đội Cấn, Quận Ba Đình, Hà Nội",31.0,6,5,5,Giấy tờ không xác định,2025-10-27
"TT BA ĐÌNH - THANG MÁY - DT 39m - MT 4,6m- 5 TẦNG",11.7,"Phường Vĩnh Phúc, Quận Ba Đình, Hà Nội",39.0,3,4,5,Giấy tờ không xác định,2025-10-27
NGỌC HÀ 37M² – 6 TẦNG – MẶT TIỀN 7M – GIÁ 9.15 TỶ – BA ĐÌNH,9.15,"Phường Ngọc Hà, Quận Ba Đình, Hà Nội",37.0,5,4,6,Giấy tờ không xác định,2025-10-27
"BÁN NHÀ 5 TẦNG BA ĐÌNH, DT 66M², MT 3.5M, Ô TÔ VÀO NHÀ, GIÁ 11 TỶ",11.0,"Phường Ngọc Khánh, Quận Ba Đình, Hà Nội",67.0,6,3,5,Giấy tờ không xác định,2025-10-27
"HOÀNG HOA THÁM - NHÀ ĐẸP DÂN XÂY, NGÕ THÔNG RỘNG THOÁNG - 42M2X4T -",9.6,"Đường Hoàng Hoa Thám, Phường Vĩnh Phúc, Quận Ba Đình, Hà Nội",42.0,4,3,4,Sổ đỏ,2025-10-26
"Bán nhà 5T 36m2 MT 3,6m hai mặt ngõ , phố Kim Mã cạnh CV hồ Thủ Lệ",11.65,"Đường Kim Mã, Phường Kim Mã, Quận Ba Đình, Hà Nội",36.0,6,4,5,Sổ đỏ,2025-11-06
Siêu Phẩm Ba Đình 40m2 - 5 Tầng - Ô Tô - Kinh Doanh - Giá 10 Tỷ ( TL ),10.0,"Phường Đội Cấn, Quận Ba Đình, Hà Nội",40.0,3,4,5,Giấy tờ không xác định,2025-10-26
CCMN BA ĐÌNH - DOANH THU KHỦNG - BA GÁC NÉ XE MÁY - DT 73M,13.8,"Phường Đội Cấn, Quận Ba Đình, Hà Nội",73.0,7,7,4,Giấy tờ không xác định,2025-10-26
Cần bán gấp căn nhà gần bệnh viện Hòe Nhai 18m 3 tầng 3mt giá 3.3 tỷ,3.3,"Phường Phúc Xá, Quận Ba Đình, Hà Nội",18.0,2,3,2,Giấy tờ không xác định,2025-10-26
TT BA ĐÌNH - LÔ GÓC - NGÕ BA GÁC - Ô TÔ 15M,5.1,"Phường Ngọc Hà, Quận Ba Đình, Hà Nội",18.0,3,3,3,Giấy tờ không xác định,2025-10-26
BÁN NHÀ-LÔ GÓ-3 THOÁNG-MẶT TIỀN BỀ THẾ,13.0,"Phường Ngọc Hà, Quận Ba Đình, Hà Nội",30.3,3,3,7,Giấy tờ không xác định,2025-10-26
BÁN NHÀ HOÀNG HOA THÁM--GÓC LÕI BA ĐÌNH – NHÀ ĐẸP NHƯ HOA KHÔI PHỐ CỔ,11.7,"Phường Ngọc Hà, Quận Ba Đình, Hà Nội",39.0,3,4,5,Giấy tờ không xác định,2025-10-26
"NHÀ 3 TẦNG - 50 M RA MẶT PHỐ - BA ĐÌNH - 68 M2 - MT 3,5 M- GIÁ 10.5 TỶ",10.5,"Phường Ngọc Hà, Quận Ba Đình, Hà Nội",68.0,3,2,3,Giấy tờ không xác định,2025-10-26
"Bán nhà mặt phố linh lang, BD,dt::60 m x 7 tg,mt:4 m, giá: 28,5 ty",28.5,"Đường Linh Lang, Phường Cống Vị, Quận Ba Đình, Hà Nội",60.0,6,6,7,Sổ đỏ,2025-10-25
BÁN NHÀ NGỌC KHÁNH - GIẢNG VÕ - NHÀ ĐẸP DÂN XÂY - 42M2X5T - 9.85 TỶ,9.85,"Đường La Thành, Phường Giảng Võ, Quận Ba Đình, Hà Nội",42.0,3,4,5,Sổ đỏ,2025-10-25
BÁN NHÀ PHÂN LÔ KIM MÃ - GẦN CÔNG VIÊN THỦ LỆ - 2 THOÁNG - GIÁ 11.9 TỶ,11.9,"Đường Kim Mã, Phường Ngọc Khánh, Quận Ba Đình, Hà Nội",40.0,7,4,5,Sổ đỏ,2025-10-25
Bán Nhà Mặt Ngõ Vĩnh Phúc Ba Đình 33m2 Hơn 7 Tỷ,7.0,"Phường Vĩnh Phúc, Quận Ba Đình, Hà Nội",33.0,3,4,5,Giấy tờ không xác định,2025-10-25
BÁN NHÀ KIM MÃ 31M2 -4T -MẶT TIỀN 4M -50M RA PHỐ -SỔ VUÔNG -CHỈ 6.5 TỶ,6.5,"Phường Kim Mã, Quận Ba Đình, Hà Nội",31.0,3,3,4,Giấy tờ không xác định,2025-10-25
BÁN NHÀ ĐỘI CẤN - 5 TẦNG - CHỦ THIỆN CHÍ - Ở NGAY,5.5,"Phường Đội Cấn, Quận Ba Đình, Hà Nội",23.0,3,4,5,Giấy tờ không xác định,2025-10-25
BA ĐÌNH – LÔ GÓC 3 THOÁNG – KHU  DÂN TRÍ CAO,12.5,"Phường Ngọc Hà, Quận Ba Đình, Hà Nội",64.0,4,3,4,Giấy tờ không xác định,2025-10-25
GIÁ NÀO CŨNG BÁN NHÀ PHỐ HOÀNG HOA THÁM – BA ĐÌNH 55m 3 TẦNG MẶT TIỀN,13.0,"Đường Hoàng Hoa Thám, Phường Ngọc Khánh, Quận Ba Đình, Hà Nội",55.0,4,3,3,Sổ đỏ,2025-10-28
"BÁN NHÀ ĐẸP KIM MÃ, BA ĐÌNH 48M 5 TÀNG 5 NGỦ 12.9 TỶ",12.9,"Phường Đội Cấn, Quận Ba Đình, Hà Nội",48.0,5,4,5,Giấy tờ không xác định,2025-10-24
BÁN NHÀ BA ĐÌNH - VỊ TRÍ TRUNG TÂM - DÂN XÂY - PHÂN KHÚC HIẾM CÓ,6.0,"Phường Đội Cấn, Quận Ba Đình, Hà Nội",19.0,3,4,5,Giấy tờ không xác định,2025-10-24
TT BA ĐÌNH - LÔ GÓC - BA GÁC QUA NHÀ - 4 TẦNG DÂN XÂY,5.5,"Phường Vĩnh Phúc, Quận Ba Đình, Hà Nội",28.0,4,3,4,Giấy tờ không xác định,2025-10-23
BÁN NHÀ KIM MÃ – 37m² – 6 TẦNG – MT 5.5m – GIÁ 8.8 TỶ – BA ĐÌNH,8.8,"Phường Kim Mã, Quận Ba Đình, Hà Nội",37.0,6,6,6,Giấy tờ không xác định,2025-10-23
BÁN NHÀ BA ĐÌNH - DÂN XÂY - 3 BƯỚC RA PHỐ - GIÁ TỐT,5.88,"Phường Ngọc Hà, Quận Ba Đình, Hà Nội",16.0,2,3,3,Giấy tờ không xác định,2025-10-23
Ngọc Hà 16m² (SD 24m²) – 4 tầng – 3.5m mặt tiền – 5.88 Tỷ – Ba Đình,5.88,"Phường Ngọc Hà, Quận Ba Đình, Hà Nội",16.0,2,3,4,Giấy tờ không xác định,2025-10-23
TT BA ĐÌNH - NGÕ THÔNG KINH DOANH - GẦN Ô TÔ - DÂN XÂY CHẮC CHẮN,5.88,"Phường Đội Cấn, Quận Ba Đình, Hà Nội",16.0,2,3,4,Giấy tờ không xác định,2025-10-23
"BÁN NHÀ PHỐ GIẢNG VÕ 17,8TỶ THÔNG TẦNG THOÁNG TRƯỚC XAU, NỘI THẤT SỊN",17.8,"Phường Giảng Võ, Quận Ba Đình, Hà Nội",53.0,8,7,7,Giấy tờ không xác định,2025-10-23
"KIM MÃ  – 5 TẦNG MỚI ĐẸP, Ở NGAY – NGÕ THOÁNG",9.2,"Phường Kim Mã, Quận Ba Đình, Hà Nội",40.0,3,3,5,Giấy tờ không xác định,2025-10-23
Nhà Mới Ba Đình 40m2 - 5 Tầng - Ngõ Thông - Kinh Doanh - Gần Ô Tô,10.5,"Phường Đội Cấn, Quận Ba Đình, Hà Nội",40.0,4,4,5,Giấy tờ không xác định,2025-10-23
Bán nhà 689 đường hoàng hoa thám,18.0,"689, 689, Quận Ba Đình, Hà Nội",41.0,5,4,5,Sổ đỏ,2025-10-27
"Cần tiền bán gấp căn Kim Mã – rẻ hơn thị trường 10%, trung tâm Ba Đình",36.2,"Đường Kim Mã, Phường Ngọc Khánh, Quận Ba Đình, Hà Nội",102.0,13,13,8,Sổ hồng,2025-10-27
"Bán nhà mặt đường Hoàng Hoa Thám, Ba Đình, HN",10.35,"515, Đường Hoàng Hoa Thám, Phường Vĩnh Phúc, Quận Ba Đình, Hà Nội",24.0,3,3,4,Sổ đỏ,2025-10-27
"Bán nhà Nghĩa Dũng, dân xây 5 tầng, 20m2, 5.7tỷ",5.7,"Phường Phúc Xá, Quận Ba Đình, Hà Nội",20.0,3,4,4,Giấy tờ không xác định,2025-10-22
VĂN CAO 40M2 – NGÕ Ô TÔ – NHÀ ĐẸP 3 TẦNG – GIÁ MỀM TRUNG TÂM BA ĐÌNH,7.6,"Phường Liễu Giai, Quận Ba Đình, Hà Nội",41.0,2,3,3,Giấy tờ không xác định,2025-10-22
Bán Nhà Phân Lô Hoàng Hoa Thám- 45m - 5 Phòng Ngủ - Full Nội Thất,14.9,"Phường Ngọc Hà, Quận Ba Đình, Hà Nội",45.0,5,5,5,Giấy tờ không xác định,2025-10-22
CHI 180 TRIỆU/ MET ĐỘI CẤN - BA ĐÌNH - Ô TÔ VÀO NHÀ NÓI KHÔNG VỚI QUY,19.9,"279, Đường Đội Cấn, Phường Đội Cấn, Quận Ba Đình, Hà Nội",110.0,6,7,6,Sổ đỏ,2025-10-26
"Cần bán căn nhà số 7 Ngõ 12/85 Đào Tấn, nhà xây mới 7  tầng thang máy",19.5,"07, Đường Đào Tấn, Phường Cống Vị, Quận Ba Đình, Hà Nội",40.0,5,6,7,Sổ đỏ,2025-07-27
Kim Mã - Nhà gần ô tô 7 phòng ở và cho thuê - dòng tiền 30triệu/tháng,11.7,"Phường Kim Mã, Quận Ba Đình, Hà Nội",40.0,7,4,6,Giấy tờ không xác định,2025-10-21
"Nhà mới - Trung tâm KIM MÃ - 32m2 - 5 tầng - CHỈ 8,25 TỶ",8.25,"Phường Kim Mã, Quận Ba Đình, Hà Nội",32.0,3,4,5,Giấy tờ không xác định,2025-10-21
SIÊU PHẨM TRUNG TÂM BA ĐÌNH – NHÀ ĐẸP 5 TẦNG – NGÕ THÔNG,8.9,"Phường Đội Cấn, Quận Ba Đình, Hà Nội",36.0,4,4,4,Giấy tờ không xác định,2025-10-21
Bán Căn Hộ TT Thành Công Đẹp Như Chung Cư - 85m2 - Tầng 2 - 3 ngủ,4.85,"Phường Thành Công, Quận Ba Đình, Hà Nội",85.0,3,2,2,Giấy tờ không xác định,2025-10-21
BÁN NHÀ BA ĐÌNH - LÔ GÓC 3 THOÁNG - OTO ĐỖ CỬA,13.0,"Phường Ngọc Hà, Quận Ba Đình, Hà Nội",30.3,3,5,7,Giấy tờ không xác định,2025-10-21
BÁN NHÀ BA ĐÌNH - DÂN XÂY CHẮC CHẮN - NHÀ ĐẸP Ở NGAY,8.25,"Phường Kim Mã, Quận Ba Đình, Hà Nội",32.0,3,4,5,Giấy tờ không xác định,2025-10-21
"Tôi cần bán nhà mặt phố Nguyễn Khắc Hiếu,10tầng thangmáy full nội thất",157.9,"Phường Trúc Bạch, Quận Ba Đình, Hà Nội",217.0,11,7,10,Giấy tờ không xác định,2025-10-21
SIÊU PHẨM ĐỘI CẤN - 10M RA Ô TÔ - DT SIÊU TO 44M - Ô CHỜ THANG MÁY,10.8,"Phường Đội Cấn, Quận Ba Đình, Hà Nội",43.4,6,4,5,Giấy tờ không xác định,2025-10-21
Tôi cần bán nhà Đào Tấn mặt ngõ ô tô chánh kinh doanh sầm uất.,25.45,"Phường Ngọc Khánh, Quận Ba Đình, Hà Nội",53.0,6,4,4,Giấy tờ không xác định,2025-10-21
BÁN NHÀ BA ĐÌNH - FULL NỘI THẤT - 10M RA PHỐ,7.85,"Phường Đội Cấn, Quận Ba Đình, Hà Nội",23.0,3,4,5,Giấy tờ không xác định,2025-10-21
"🏡 Nhà đẹp Đội Cấn Ba Đình, 5 tầng, 3 ngủ, full nội thất, 4.95 tỷ",4.95,"Phường Đội Cấn, Quận Ba Đình, Hà Nội",19.0,3,2,5,Giấy tờ không xác định,2025-10-20
BÁN NHÀ ĐỘI CẤN - 6 TẦNG FULL NỘI THẤT - TRUNG TÂM BA ĐÌNH,4.98,"Phường Đội Cấn, Quận Ba Đình, Hà Nội",18.0,3,5,6,Giấy tờ không xác định,2025-10-20
"BÁN GẤP - PL 2 Ô TÔ - PHỐ ĐÀO TẤN - LINH LANG - 55M - 4 TẦNG -MT 5,2M",24.5,"Đường Đào Tấn, Phường Cống Vị, Quận Ba Đình, Hà Nội",55.0,6,4,4,Sổ đỏ,2025-10-22
"Bán nhà mặt ngõ 34 vạn bảo ,Bd,dt:80 m x 7 tg , mt; 8m, giá 39 ty",39.0,"Đường Đội Cấn, Phường Đội Cấn, Quận Ba Đình, Hà Nội",80.0,6,6,7,Sổ đỏ,2025-10-21
Nhà 5T vị trí đẹp khu P/Lô Víp Đào Tấn - Linh Lang đường rộng 6m,24.0,"Đường Đào Tấn, Phường Cống Vị, Quận Ba Đình, Hà Nội",55.0,4,4,5,Sổ đỏ,2025-10-23
KIM MÃ BA ĐÌNH - NHÀ ĐẸP Ở NGAY - 35M - 5 TẦNG - NỘI THẤT SANG TRỌNG -,8.0,"Phường Kim Mã, Quận Ba Đình, Hà Nội",35.0,4,5,5,Giấy tờ không xác định,2025-10-16
"Siêu rẻ Trung tâm Ba Đình - 58m2 chỉ 8,6 tỷ - Mặt tiền rộng",8.6,"Phường Ngọc Hà, Quận Ba Đình, Hà Nội",58.0,3,4,3,Giấy tờ không xác định,2025-10-16
BÁN NHÀ ĐỘI CẤN – 25m² – 5 TẦNG – MT 3.3M – GIÁ 7.36 TỶ – BA ĐÌNH,7.36,"Phường Đội Cấn, Quận Ba Đình, Hà Nội",25.0,3,3,5,Giấy tờ không xác định,2025-10-16
"Bán nhà phân lô mặt ngõ kinh doanh ,lô góc TT ba đình .",15.1,"Phường Ngọc Hà, Quận Ba Đình, Hà Nội",43.0,4,4,5,Giấy tờ không xác định,2025-10-16
🌟BÁN NHÀ ĐỘI CẤN – 40m² – 5 TẦNG – MT 5M – GIÁ 8.5 TỶ – BA ĐÌNH 🌟,8.5,"Phường Đội Cấn, Quận Ba Đình, Hà Nội",40.0,3,3,5,Giấy tờ không xác định,2025-10-16
Nhà 5 Tầng 32m2 Mới Xây Ngõ 290 Kim Mã,7.8,"Phường Kim Mã, Quận Ba Đình, Hà Nội",32.0,3,4,5,Giấy tờ không xác định,2025-10-16
Cực hiếm phân khúc dưới 5 tỷ Đội Cấn - 6 tầng,4.98,"Phường Đội Cấn, Quận Ba Đình, Hà Nội",18.0,3,5,6,Giấy tờ không xác định,2025-10-16
ĐỘI CẤN 6 TỶ - 5 TẦNG MỚI ĐẸP - TRUNG TÂM BA ĐÌNH - GẦN LĂNG BÁC - HỒ,6.0,"Phường Đội Cấn, Quận Ba Đình, Hà Nội",25.0,3,4,5,Giấy tờ không xác định,2025-10-16
"Siêu hiếm, bán nhà khu Đào Tấn, 50m², 6 tầng thang máy, ô tô vào, 19",18.0,"Phường Ngọc Khánh, Quận Ba Đình, Hà Nội",50.0,5,5,6,Giấy tờ không xác định,2025-10-16
BÁN NHÀ HOÀNG HOA THÁM – 30.3M² – OTO ĐỖ CỬA  – MT 8.8M – 13 TỶ,13.0,"Phường Ngọc Hà, Quận Ba Đình, Hà Nội",30.3,3,3,7,Giấy tờ không xác định,2025-10-16
"Siêu rẻ - Ba Đình trung tâm 5 tầng CHỈ 6,9 tỷ",6.9,"Phường Ngọc Hà, Quận Ba Đình, Hà Nội",29.0,3,3,5,Giấy tờ không xác định,2025-10-15
"🏡☘️ Phố Nguyễn Công Hoan 
SIÊU PHẨM BA ĐÌNH - NGÕ TO NHƯ PHỐ, KD ĐỈNH",16.4,"Phường Ngọc Khánh, Quận Ba Đình, Hà Nội",42.0,4,6,5,Giấy tờ không xác định,2025-10-15
"Nhà đẹp full nội thất, chỉ việc ở",7.95,"Phường Ngọc Hà, Quận Ba Đình, Hà Nội",45.0,4,3,3,Giấy tờ không xác định,2025-10-15
"Trung Tâm Ba Đình 45m2 - 4 tầng CHỈ 8,5 tỷ",8.5,"Phường Ngọc Hà, Quận Ba Đình, Hà Nội",45.0,3,3,4,Giấy tờ không xác định,2025-10-15
Cần bán gấp nhà phố Lý Nam Đế 25m  5 tầng 3.8mt  5.5 Tỷ Hoàn Kiếm,5.5,"Phường Quán Thánh, Quận Ba Đình, Hà Nội",25.0,3,3,5,Giấy tờ không xác định,2025-10-15
"Bán nhà mặt ngõ 55 Hoàng Hoa thám , Bd,dt:58m x 6 tầng, giá 15 tỷ",15.0,"Đường Hoàng Hoa Thám, Phường Ngọc Hà, Quận Ba Đình, Hà Nội",58.0,5,5,5,Sổ đỏ,2025-10-19
BÁN NHÀ HOÀNG HOA THÁM - LÔ GÓC 3 THOÁNG  – Ô TÔ DỪNG ĐỖ NGÀY ĐÊM,13.0,"Phường Ngọc Hà, Quận Ba Đình, Hà Nội",30.0,3,5,7,Giấy tờ không xác định,2025-10-15
"Chính chủ bán nhà Lạc Long Quân, tiện ích xung quanh đầy đủ .",17.0,"Đường Lạc Long Quân, Phường Nghĩa Đô, Quận Cầu Giấy, Hà Nội",50.0,4,3,4,Sổ đỏ,2025-11-25
"Cần Bán Căn Nhà PLô  Trung Kính Mạc Thái Tổ Yên Hòa  DT 55 M  34,9 TỶ",34.9,"Đường Trung Kính, Phường Yên Hòa, Quận Cầu Giấy, Hà Nội",55.0,7,5,7,Sổ đỏ,2025-11-27
Chính chủ bán nhà phân lô ô tránh ngõ 106 Hoàng Quốc Việt-55m2x 5 tầng,22.8,"106, Đường Hoàng Quốc Việt, Phường Nghĩa Đô, Quận Cầu Giấy, Hà Nội",55.0,6,6,6,Sổ đỏ,2025-11-26
"Siêu Hiếm_ Phân Lô Phố Xuân Thuỷ_38m x 6 Tầng_2 Mặt Tiền, KD",13.5,"Phường Dịch Vọng Hậu, Quận Cầu Giấy, Hà Nội",38.0,4,4,6,Giấy tờ không xác định,2025-11-28
"Đẹp, Hiếm, Bán Gấp! Mặt Phố Nguyễn Chánh - KD Nhà Hàng - 100M2* 54Tỷ",54.0,"Đường Nguyễn Chánh, Phường Yên Hòa, Quận Cầu Giấy, Hà Nội",100.0,4,4,4,Sổ đỏ,2025-11-24
TRUNG TÂM CẦU GIẤY - NGÕ THÔNG OTO QUA NHÀ - 50M RA MẶT PHỐ KINH DOANH,15.2,"Phường Dịch Vọng Hậu, Quận Cầu Giấy, Hà Nội",45.0,4,4,4,Giấy tờ không xác định,2025-11-28
"Hồ Tùng Mậu, Ô tô Vào Nhà, Ngõ Thông, 30m x 5 Tầng,  Gần Phố",8.0,"Phường Dịch Vọng Hậu, Quận Cầu Giấy, Hà Nội",30.0,3,4,5,Giấy tờ không xác định,2025-11-28
Bán Nhà Lô Góc Hoàng Quốc Việt - Mặt Tiền 8.5m - 7 Tầng Thang Máy,30.0,"41A, Đường Hoàng Quốc Việt, Phường Nghĩa Đô, Quận Cầu Giấy, Hà Nội",60.0,4,3,7,Giấy tờ không xác định,2025-11-28
C.CHỦ BÁN CCMN NGÕ 195 TRẦN CUNG 50M - THANG MÁY - PCCC FULL,13.79,"Đường Trần Cung, Phường Nghĩa Đô, Quận Cầu Giấy, Hà Nội",50.0,10,10,7,Sổ hồng,2025-11-28
Trung Kính Cầu Gấy – Ô TÔ Tránh – 125 M – 4 T – MT 5.7 M – Giá 46.3 Tỷ,46.3,"Đường Trung Kính, Phường Dịch Vọng, Quận Cầu Giấy, Hà Nội",125.0,6,6,4,Sổ đỏ,2025-11-28
BÁN NHÀ NGÕ CẦU GIẤY DIỆN TÍCH RỘNG GIẤ RẺ 60M X 4 tầng Giá 14.4 tỷ,14.4,"Đường Cầu Giấy, Phường Quan Hoa, Quận Cầu Giấy, Hà Nội",60.0,7,4,4,Sổ đỏ,2025-11-27
CÓ 102 - 45M - 6 TẦNG- MT 4M - cách Mặt Phố 5M - chỉ 15 tỷ,15.0,"Đường Trần Thái Tông, Phường Dịch Vọng, Quận Cầu Giấy, Hà Nội",45.0,6,5,6,Sổ đỏ,2025-11-27
NGHĨA TÂN- OTO ĐỖ CỬA VÀO NHÀ- SÁT MẶT PHỐ- 3 NGỦ FULL NỘI THẤT- SĐCC,10.7,"Phường Nghĩa Đô, Quận Cầu Giấy, Hà Nội",30.0,3,4,5,Giấy tờ không xác định,2025-11-27
"BÁN NHÀ PHÂN LÔ CÁN BỘ SỔ VUÔNG Ô TÔ VÀO NHÀ , PHỐ DƯƠNG KHUÊ, 15TỶ",15.5,"Đường Cầu Giấy, Phường Dịch Vọng, Quận Cầu Giấy, Hà Nội",45.0,4,4,5,Sổ hồng,2025-11-27
"NHà Phố Trần Duy Hưng DT 48.6M2 Mặt tiền dài tới 11M, Giá Chỉ 14 TỶ",14.0,"Phường Trung Hòa, Quận Cầu Giấy, Hà Nội",48.6,5,4,5,Sổ đỏ,2025-11-27
"Trần Thái Tông_Xây Mới_40m 7 Tầng Thang Máy_Ngõ Nông, 30m ra Ô Tô",11.57,"Phường Dịch Vọng Hậu, Quận Cầu Giấy, Hà Nội",43.0,4,5,7,Giấy tờ không xác định,2025-11-27
"Ô tô đỗ cửa, qua nhà- trung tâm cầu giấy- xây mới- ở ngay",8.0,"Phường Nghĩa Đô, Quận Cầu Giấy, Hà Nội",25.0,3,4,5,Giấy tờ không xác định,2025-11-27
Siêu Phẩm Tây Hồ 50m2 - 4 Tầng - Gần Phố - Ngõ Thông - Giá 10 Tỷ,10.0,"Phường Nghĩa Đô, Quận Cầu Giấy, Hà Nội",50.0,4,3,4,Giấy tờ không xác định,2025-11-27
Bán Tòa Dòng Tiền Nguyễn Thị Định Lô Góc Ô Tô 7 Tầng 24 Căn Hộ Cao Cấp,58.0,"Đường Nguyễn Thị Định, Phường Trung Hòa, Quận Cầu Giấy, Hà Nội",131.0,26,25,7,Sổ đỏ,2025-11-27
"Bán Tòa Văn Phòng Phố Trần Thái Tông, Xuân Thủy 9 Tầng 1 Hầm Lô Góc",290.0,"Đường Xuân Thủy, Phường Dịch Vọng Hậu, Quận Cầu Giấy, Hà Nội",300.0,3,10,9,Sổ đỏ,2025-11-27
⭐ ANH CHỊ TÌM NHÀ TÀI CHÍNH 9–10 TỶ CẦU GIẤY – THANG MÁY – VÀO ĐÂY VỚI,9.0,"Phường Quan Hoa, Quận Cầu Giấy, Hà Nội",42.0,3,5,6,Giấy tờ không xác định,2025-11-27
BÁN NHÀ NGÕ 132 CẦU GIẤY Ô TÔ CÁCH NHÀ 40M DIỆN TÍCH RỘNG 60M GIÁ 14.Ỷ,14.4,"Đường Cầu Giấy, Phường Quan Hoa, Quận Cầu Giấy, Hà Nội",60.0,7,4,4,Sổ đỏ,2025-11-27
BÁN NHÀ 5 TẦNG – 36M² – 1 PHÚT RA HỒ TÂY LỘNG GIÓ,9.0,"Đường Lạc Long Quân, Phường Quan Hoa, Quận Cầu Giấy, Hà Nội",36.0,3,3,5,Sổ đỏ,2025-11-27
"Bán Nhà ĐẤT MẶT NGÕ 22  TRUNG KÍNH. TRẦN DUY HƯNG CẦU GIẤY DT 50,74 M",17.5,"Đường Trung Kính, Phường Trung Hòa, Quận Cầu Giấy, Hà Nội",50.7,5,3,14,Sổ đỏ,2025-11-27
Siêu Biệt Thự 270M2 x 15M Mặt Tiền Phố Hàm Nghi + Nguyễn Hoàng - GẤP.,105.0,"Đường Nguyễn Hoàng, Phường Dịch Vọng Hậu, Quận Cầu Giấy, Hà Nội",270.0,5,5,1,Sổ hồng,2025-11-27
BÁN NHÀ NGUYỄN KHANG – CẦU GIẤY--OTO –  KHAI THÁC DÒNG TIỀN NGAY,18.2,"Phường Yên Hòa, Quận Cầu Giấy, Hà Nội",41.0,4,5,6,Giấy tờ không xác định,2025-11-26
NHÀ ĐẸP VÕ CHÍ CÔNG - HOÀNG QUỐC VIỆT Ô TÔ ĐỖ CỬA 5 TẦNG GIÁ HƠN 7 TỶ.,7.9,"Phường Nghĩa Đô, Quận Cầu Giấy, Hà Nội",30.0,3,4,5,Giấy tờ không xác định,2025-11-26
"BÁN NHÀ VÕ CHÍ CÔNG CẦU GIẤY 25m x5T PHÂN LÔ,ÔTÔ ĐỖ CỬA,VIEW CÔNG VIÊN",7.95,"Phường Nghĩa Đô, Quận Cầu Giấy, Hà Nội",25.0,4,4,5,Giấy tờ không xác định,2025-11-26
Nguyễn Khang – Cầu Giấy – Ô TÔ – 85 M2 – 4 T – MT 4.3 M – Giá 17.8 Tỷ.,17.8,"Đường Nguyễn Khang, Phường Trung Hòa, Quận Cầu Giấy, Hà Nội",85.0,4,3,4,Sổ đỏ,2025-11-25
BÁN NHÀ KHU PHÂN LÔ ĐƯỜNG 800A DIỆN TÍCH 52M GIÁ 18TY Ô TÔ ĐỖ CỬA,18.0,"Phường Nghĩa Đô, Quận Cầu Giấy, Hà Nội",52.0,6,5,5,Giấy tờ không xác định,2025-11-25
GẤP - PHÂN LÔ 2 Ô TÔ - MẠC THÁI TỔ - TRUNG KÍNH - 66M - 7 TẦNG - MT 5M,36.0,"Đường Mạc Thái Tổ, Phường Trung Hòa, Quận Cầu Giấy, Hà Nội",66.0,6,5,7,Sổ đỏ,2025-11-25
GẤP - MẠC THÁI TỔ - TRUNG KÍNH - 55M - 7 TẦNG - THANG MÁY - PCCC,33.9,"Đường Mạc Thái Tổ, Phường Trung Hòa, Quận Cầu Giấy, Hà Nội",54.0,8,8,7,Sổ đỏ,2025-11-25
NHÀ MỚI NỘI THẤT SANG TRỌNG KHU PHÂN LÔ CẦU GIẤY DIỆN TÍCH 60M 6T 18TỶ,24.5,"Phường Nghĩa Đô, Quận Cầu Giấy, Hà Nội",60.0,9,7,6,Giấy tờ không xác định,2025-11-25
"Nhà Đẹp Thang Máy, Trần Duy Hưng, Cầu Giấy 44m, 6 tầng, giá 17.8 tỷ",17.8,"Đường Trần Duy Hưng, Phường Trung Hòa, Quận Cầu Giấy, Hà Nội",44.0,3,5,6,Sổ đỏ,2025-11-16
ĐẸP - Phân Lô Ngõ 89 Lạc long quân - Tây Hồ - Hà nội,15.0,"Phường Nghĩa Đô, Quận Cầu Giấy, Hà Nội",40.0,6,5,6,Sổ đỏ,2025-11-25
Tài Chính 9-10 Tỷ Tìm Nhà Cầu Giấy Thang Máy Gọi Ngay Em Nhé,10.0,"Phường Quan Hoa, Quận Cầu Giấy, Hà Nội",42.0,3,4,6,Giấy tờ không xác định,2025-11-25
Nhà Đẹp Ở Ngay Hoàng Đạo Thuý - LVL - Căn Góc 250M2 Vỉa Hè To - KD,86.0,"Đường Lê Văn Lương, Phường Trung Hòa, Quận Cầu Giấy, Hà Nội",250.0,5,5,4,Sổ đỏ,2025-11-24
Nguyễn Ngọc Vũ – Cầu Giấy – 108 M – 2 Tầng – MT 9.3 M – Giá 32.6 Tỷ.,32.6,"Đường Nguyễn Ngọc Vũ, Phường Trung Hòa, Quận Cầu Giấy, Hà Nội",108.0,3,3,2,Sổ đỏ,2025-11-24
Bán nhà 5 tầng 40m2 PL ô tô đỗ cửa cách phố 50m cạnh Lotte L L Quân,13.8,"Đường Lạc Long Quân, Phường Nghĩa Đô, Quận Cầu Giấy, Hà Nội",40.0,4,4,5,Sổ đỏ,2025-11-24
Cần bán gấp căn nhà Nguyễn Thị Định Đỗ Quang của chị gái 90m2 7 tầng,43.0,"Đường Hoàng Ngân, Phường Trung Hòa, Quận Cầu Giấy, Hà Nội",90.0,8,7,7,Sổ đỏ,2025-11-24
"💥💥💥 TRẦN DUY HƯNG - 6 TẦNG THANG MÁY, XÂY MỚI - ÔTÔ ĐỖ CỔNG -",15.0,"Đường Trần Duy Hưng, Phường Trung Hòa, Quận Cầu Giấy, Hà Nội",48.0,8,3,6,Sổ hồng,2025-11-24
Phố Xuân Thuỷ Cầu Giấy – Ô Tô – 158 M2 – 4 T– MT 25 M – Giấ 39.3 Tỷ.,39.3,"Đường Xuân Thủy, Phường Dịch Vọng Hậu, Quận Cầu Giấy, Hà Nội",158.0,6,6,4,Sổ đỏ,2025-11-24
"BÁN TOÀ CCMN HỒ TÙNG MẬU, 55M2×5T, 9 PHÒNG KK, DT 50TR/THÁNG, 12.8 TỶ",12.8,"Đường Hồ Tùng Mậu, Phường Mai Dịch, Quận Cầu Giấy, Hà Nội",55.0,9,9,5,Sổ đỏ,2025-11-24
Bán Nhà Phân Lô Ngõ Hoàng Quốc Việt Ô Tô Vào Nhà Có Thang Máy 18 tỷ,18.3,"Đường Hoàng Quốc Việt, Phường Nghĩa Tân, Quận Cầu Giấy, Hà Nội",37.0,5,6,7,Sổ hồng,2025-11-24
Phố Cầu Giấy – Ô Tô Tránh – 135 M2 – 4 Tầng – MT 7.2 M – Giá 43.7 Tỷ.,43.7,"Đường Cầu Giấy, Phường Dịch Vọng, Quận Cầu Giấy, Hà Nội",135.0,5,5,4,Sổ đỏ,2025-11-23
"CHÍNH CHỦ BÁN NHÀ DƯƠNG QUẢNG HÀM - CG, SÁT PHỐ, DT 54m,18.9 tỷ",18.9,"Phường Quan Hoa, Quận Cầu Giấy, Hà Nội",52.0,5,5,6,Giấy tờ không xác định,2025-11-23
Hoàng Quốc Việt – Cầu Giấy – Ô Tô – 71 M2 – 4 T – MT 10 M – Giấ 22.3 T,22.3,"Đường Hoàng Quốc Việt, Phường Dịch Vọng, Quận Cầu Giấy, Hà Nội",71.0,6,4,4,Sổ đỏ,2025-11-23
Trần Bình – Cầu Giấy – Ô Tô KD – 71 M2 – 4 T – MT 4.5 M – Giá 18.3 Tỷ.,18.3,"Đường Trần Bình, Phường Mai Dịch, Quận Cầu Giấy, Hà Nội",71.0,4,4,4,Sổ đỏ,2025-11-23
"GẤP - NHÀ PHỐ ĐẶNG THUỲ TRÂM - PHẠM TUẤN TÀI CẦU GIẤY - 60M - MT 4,5M",22.5,"Đường Đặng Thùy Trâm, Phường Nghĩa Đô, Quận Cầu Giấy, Hà Nội",60.0,6,5,4,Sổ đỏ,2025-11-22
"Nhà Đẹp Kinh Doanh, Ô TÔ, Mạc Thái Tổ, 50m, 7 tầng, mt 4.2m, 34.9 tỷ",34.9,"Đường Mạc Thái Tổ, Phường Trung Hòa, Quận Cầu Giấy, Hà Nội",50.0,3,4,7,Sổ đỏ,2025-11-22
HIẾM - BÁN NHÀ NGUYỄN KHÁNH TOÀN - PHÙNG CHÍ KIÊN - CẦU GIẤY,20.5,"Đường Phùng Chí Kiên, Phường Quan Hoa, Quận Cầu Giấy, Hà Nội",59.0,5,4,4,Sổ đỏ,2025-11-22
YÊN HÒA - CẦU GIẤY – NHÀ ĐẸP DÂN XÂY 5 TẦNG  HAI THOÁNG,7.2,"Phường Yên Hòa, Quận Cầu Giấy, Hà Nội",32.0,3,4,5,Giấy tờ không xác định,2025-11-22
"Bán nhà phân lô 52 Quan Nhân 45m2,oto vào nhà,kinh doanh,17.5tỷ.",17.5,"Ngõ 52, Đường Quan Nhân, Phường Trung Hòa, Quận Cầu Giấy, Hà Nội",45.0,4,3,4,Sổ đỏ,2025-11-17
"Bán nhà ngõ 193 Trung Kính 86m2,lô góc 15m,kinh doanh,oto tránh,35tỷ.",35.0,"Ngõ 193, Đường Trung Kính, Phường Trung Hòa, Quận Cầu Giấy, Hà Nội",86.0,4,3,6,Sổ hồng,2025-11-10
VIP - MẠC THÁI TỔ - TRUNG KÍNH - 86M - 5 TẦNG - MT 15M chỉ 35 tỷ,35.0,"Đường Trung Kính, Phường Yên Hòa, Quận Cầu Giấy, Hà Nội",86.0,6,5,5,Sổ đỏ,2025-11-21
"HIẾM - BÁN NHÀ KHÚC THỪA DỤ - CẦU GIẤY - 45M - 7 TẦNG - MT 4,7M",13.5,"Đường Khúc Thừa Dụ, Phường Dịch Vọng Hậu, Quận Cầu Giấy, Hà Nội",45.0,5,4,7,Sổ đỏ,2025-11-21
"CỰC HIẾM, HOÀNG QUỐC VIỆT, CẦU GIẤY, 55M2 CĂN GÓC, XE TẢI TRÁNH, 16.5",16.5,"Đường Hoàng Quốc Việt, Phường Nghĩa Đô, Quận Cầu Giấy, Hà Nội",55.0,10,10,5,Sổ đỏ,2025-11-21
BÁN NHÀ VÕ CHÍ CÔNG –– CÁCH PHỐ CHỈ 15M – NGÕ 4M SIÊU TIỆN KINH DOANH,7.0,"Phường Nghĩa Đô, Quận Cầu Giấy, Hà Nội",23.0,7,6,4,Giấy tờ không xác định,2025-11-21
"GẤP - TRUNG KÍNH - 80M - 6 TẦNG - MT 4,5M - Ô TÔ 7 chỗ - hơn 22 tỷ",22.8,"Đường Trung Kính, Phường Yên Hòa, Quận Cầu Giấy, Hà Nội",80.0,6,4,6,Sổ đỏ,2025-11-21
BÁN NHÀ LẠC LONG QUÂN – TÒA CĂN HỘ DỊCH VỤ   – OTO ĐỖ CỬA,28.0,"Phường Nghĩa Đô, Quận Cầu Giấy, Hà Nội",104.0,11,7,42,Giấy tờ không xác định,2025-11-21
"Nhà 60m2,ngã tư Khuất Duy Tiến-TDH, gần ga Metro,BigC,Vincom,Công viên",25.0,"Phường Trung Hòa, Quận Cầu Giấy, Hà Nội",60.0,6,1,4,Giấy tờ không xác định,2025-11-21
Bán Gấp Nhà xuân Thuỷ - Cầu Giấy - hà nội,15.6,"Đường Cầu Giấy, Phường Dịch Vọng, Quận Cầu Giấy, Hà Nội",46.0,5,4,4,Sổ đỏ,2025-11-21
Siêu Biệt Thự 400M2 Cầu Giấy - 18M MT - Kinh Doanh Bất Chấp: 120 Tỷ,120.0,"Đường Trần Kim Xuyến, Phường Trung Hòa, Quận Cầu Giấy, Hà Nội",400.0,4,4,4,Sổ hồng,2025-11-20
CCMN HẠNG SANG– CĂN CUỐI CÙNG TẠI QUẬN CẦU GIẤY - NHỈNH 22 TỶ,22.0,"Phường Yên Hòa, Quận Cầu Giấy, Hà Nội",68.0,11,7,7,Giấy tờ không xác định,2025-11-20
"Bán Nhà Hoàng Quốc Việt, Cầu Giấy, 90m2 = 22,6 Tỷ, 5 Tầng, Oto Đỗ 24h",22.6,"Đường Hoàng Quốc Việt, Phường Nghĩa Đô, Quận Cầu Giấy, Hà Nội",90.0,6,5,5,Sổ đỏ,2025-11-20
Bán Nhà PHố Trần Quốc Vượng - Cầu giấy,15.5,"Đường Trần Quốc Vượng, Phường Dịch Vọng Hậu, Quận Cầu Giấy, Hà Nội",50.0,6,5,7,Sổ đỏ,2025-11-20
BÁN NHÀ TRUNG TÂM CẦU GIẤY – NGÕ Ô TÔ – THANG MÁY – CHO THUÊ ĐỈNH,15.4,"Phường Dịch Vọng, Quận Cầu Giấy, Hà Nội",62.0,4,5,7,Giấy tờ không xác định,2025-11-20
Chính Chủ Bán Biệt Thự VIMECO Trần Duy Hưng - Giáp BigC - 130M2 54 TỶ,54.0,"Đường Trần Duy Hưng, Phường Trung Hòa, Quận Cầu Giấy, Hà Nội",130.0,4,5,4,Sổ đỏ,2025-11-20
"Bán Nhà Phố Nguyễn Chánh, Ô Tô Cất Trong Nhà 246M2 x 11m MT - 40 Tỷ.",40.0,"Đường Nguyễn Chánh, Phường Trung Hòa, Quận Cầu Giấy, Hà Nội",246.0,4,4,4,Sổ hồng,2025-11-20
Biệt Thự Vũ Phạm Hàm 165M2 Kinh Doanh -  Đầu Tư - 55 Tỷ.,55.0,"Đường Vũ Phạm Hàm, Phường Trung Hòa, Quận Cầu Giấy, Hà Nội",165.0,5,5,4,Sổ đỏ,2025-11-19
NHà Nguyễn Khang Cầu Giấy- Phân khúc nhiều khách tìm - Căn duy hơn 8Tỉ,8.2,"Đường Nguyễn Khang, Phường Yên Hòa, Quận Cầu Giấy, Hà Nội",51.0,4,4,5,Sổ đỏ,2025-11-19
yên hòa full nội thất-ở ngay-gần phố-ngõ oto-2 thoáng vĩnh viễn,13.5,"Phường Yên Hòa, Quận Cầu Giấy, Hà Nội",39.0,3,3,5,Giấy tờ không xác định,2025-11-19
BÁN NHÀ PHÂN LÔ VIP – PHẠM TUẤN TÀI – 7 TẦNG THANG MÁY – Ô TÔ TRÁNH,26.5,"Phường Nghĩa Tân, Quận Cầu Giấy, Hà Nội",46.0,4,5,7,Giấy tờ không xác định,2025-11-19
"BÁN NHÀ PHỐ PHÙNG CHÍ KIÊN, KINH DOANH,  50M2x4T, MT 4M, 23 TỶ",23.0,"Đường 800A, Phường Nghĩa Đô, Quận Cầu Giấy, Hà Nội",50.0,4,4,4,Sổ đỏ,2025-11-19
BÁN NHÀ ĐẸP CẦU GIẤY – GẦN OTO  – SỔ VUÔNG  – HIẾM TRONG TẦM TIỀN,9.7,"Phường Quan Hoa, Quận Cầu Giấy, Hà Nội",35.0,3,5,6,Giấy tờ không xác định,2025-11-19
Nhà phố Yên Hoà-2 mặt tiền-oto đỗ cửa-kinh doanh tốt-6 tầng xịn đẹp,12.5,"Phường Yên Hòa, Quận Cầu Giấy, Hà Nội",34.0,3,5,6,Giấy tờ không xác định,2025-11-19
Biệt Thự Căn Góc 3 Mặt Thoáng Phố Trần Kim Xuyến - 165M2* 75 Tỷ,75.0,"Đường Trần Kim Xuyến, Phường Yên Hòa, Quận Cầu Giấy, Hà Nội",165.0,5,5,4,Sổ đỏ,2025-11-19
BÁN NHÀ YÊN HOÀ-CĂN GÓC 2 MẶT NGÕ THOÁNG RỘNG-5 TẦNG ĐẸP-GẦN ĐƯỜNG OTO,8.0,"Phường Yên Hòa, Quận Cầu Giấy, Hà Nội",32.0,6,3,5,Giấy tờ không xác định,2025-11-19
BÁN NHÀ HOÀNG QUỐC VIỆT – PHÂN LÔ ĐẸP – 7 TẦNG THANG MÁY – NGÕ THÔNG,18.5,"Phường Nghĩa Tân, Quận Cầu Giấy, Hà Nội",31.0,3,6,7,Giấy tờ không xác định,2025-11-18
Bán nhà trung tâm Cầu Giấy – diện tích 60m² – 6 tầng — 20m ra Phố Lớn,14.3,"Phường Quan Hoa, Quận Cầu Giấy, Hà Nội",60.0,6,5,6,Giấy tờ không xác định,2025-11-18
HIẾM - PHÂN LÔ HOÀNG QUỐC VIỆT DT 65 * 5 TẦNG *THÔNG Ô TÔ GARA - 21 TỶ,21.0,"Phường Nghĩa Đô, Quận Cầu Giấy, Hà Nội",65.0,6,4,5,Giấy tờ không xác định,2025-11-18
"Bán Nhà 5T Nguyễn Khang, Cầu Giấy, Dt 85M2 = 19,8 Tỷ, Oto 7c Vào Nhà.",19.8,"Đường Nguyễn Khang, Phường Yên Hòa, Quận Cầu Giấy, Hà Nội",85.0,4,4,5,Sổ đỏ,2025-11-18
"Nhà Đẹp Kinh Doanh Mặt Phố, Q. Cầu Giấy 76/90m, 9 tầng, mt 4m, 64.8 tỷ",64.8,"Đường Trần Tử Bình, Phường Nghĩa Tân, Quận Cầu Giấy, Hà Nội",76.0,6,6,9,Sổ đỏ,2025-11-18
BÁN NHÀ XUÂN THUỶ – LÔ GÓC 3THOÁNG – Ô TÔ ĐỖ CỬA – KINH DOANH SẦM UẤT,15.6,"Phường Dịch Vọng, Quận Cầu Giấy, Hà Nội",42.0,5,4,4,Giấy tờ không xác định,2025-11-18
Bán nhà xây thô 5 tầng 120m2 MT 5m đường 7m ô tô cách phố 20m,31.5,"Đường Doãn Kế Thiện, Phường Mai Dịch, Quận Cầu Giấy, Hà Nội",120.0,16,16,5,Sổ đỏ,2025-11-17
Bán Gấp Căn Biệt Thự Villa Siêu Đẹp Trung Tâm Quận Cầu Giấy DT 135M,44.9,"Đường Cầu Giấy, Phường Yên Hòa, Quận Cầu Giấy, Hà Nội",135.0,6,5,4,Sổ đỏ,2025-11-17
"CẦU GIẤY NHÀ PHÂN LÔ Ô TÔ KD 1 NHÀ RA PHỐ, DÂN XÂY SỔ VUÔNG - 20 TỶ TL",20.0,"Phường Nghĩa Đô, Quận Cầu Giấy, Hà Nội",53.0,4,3,5,Giấy tờ không xác định,2025-11-17
"🏡 Nhà đẹp trung tâm Cầu Giấy – An cư đẳng cấp, cuộc sống viên mãn 🌿",10.0,"Phường Yên Hòa, Quận Cầu Giấy, Hà Nội",40.0,4,5,5,Giấy tờ không xác định,2025-11-17
"CC bán nhà 7 tầng 60m2 ngõ ô tô sát phố Xuân Thuỷ ,full nội thất",28.6,"Đường Xuân Thủy, Phường Dịch Vọng Hậu, Quận Cầu Giấy, Hà Nội",60.0,5,7,7,Sổ đỏ,2025-11-17
"Bán nhà Hoàng Quốc Việt P/Lô ô tô tránh vỉa hè, Dt 65m2, 7t, mt 4.5m,",28.8,"Đường Hoàng Quốc Việt, Phường Nghĩa Đô, Quận Cầu Giấy, Hà Nội",65.0,6,5,7,Sổ hồng,2025-11-16
"Bán nhà Hoàng Quốc Việt P/Lô ô tô tránh, Dt 55m2, 5t, mt 5m, mới đẹp.",21.0,"Đường Hoàng Quốc Việt, Phường Nghĩa Đô, Quận Cầu Giấy, Hà Nội",55.0,4,4,5,Sổ hồng,2025-11-16
Nguyễn Khang - Ô Tô Vào Nhà - Kinh doanh - Sát Phố - 4 Tầng 9.6 Tỷ,9.6,"Phường Trung Hòa, Quận Cầu Giấy, Hà Nội",30.0,3,3,4,Giấy tờ không xác định,2025-11-15
"Bán nhà phân lô Vip Cầu Giấy 7 tầng thang máy ô tô, thông sàn KD đỉnh",33.29,"Phường Trung Hòa, Quận Cầu Giấy, Hà Nội",51.0,4,4,7,Giấy tờ không xác định,2025-11-15
Bán nhà Nguyễn Khang - Cầu Giấy - full nội thất đẹp - gần ô tô tránh,8.8,"Phường Yên Hòa, Quận Cầu Giấy, Hà Nội",31.0,3,3,5,Giấy tờ không xác định,2025-11-15
🎈CẦU GIẤY - THANG MÁY - Ô TÔ GẦN - 38M NHỈNH 9 TỶ HIẾM CẦU GIẤY,9.5,"Phường Quan Hoa, Quận Cầu Giấy, Hà Nội",38.0,4,5,6,Giấy tờ không xác định,2025-11-15
Ccmn  xây mới-thang máy full nội thất-10 phòng cho thuê -dòng tiền,13.8,"Phường Yên Hòa, Quận Cầu Giấy, Hà Nội",40.0,10,7,6,Giấy tờ không xác định,2025-11-15
"Nhà Đẹp Kinh Doanh, Ô TÔ, Mạc Thái Tổ, Cầu Giấy 50m, 7 tầng, 34.9 tỷ",34.9,"Đường Mạc Thái Tổ, Phường Yên Hòa, Quận Cầu Giấy, Hà Nội",50.0,3,5,7,Sổ đỏ,2025-11-15
"Bán Tòa Nhà Trần Thái Tông, Cầu Giấy 125m, 9 tầng, mt 8.1m, 89.9 tỷ",89.9,"Đường Trần Thái Tông, Phường Dịch Vọng Hậu, Quận Cầu Giấy, Hà Nội",125.0,7,8,9,Sổ đỏ,2025-11-15
"Bán Tòa CCMN Cầu Giấy 45m, 9 Phòng Khép Kín Cho Thuê",10.8,"Phường Trung Hòa, Quận Cầu Giấy, Hà Nội",38.0,9,7,5,Giấy tờ không xác định,2025-11-15
Chính Chủ Bán Nhà Cầu Giấy 6 Tầng Thang Máy 38m2 Hơn 10 Tỷ Oto đỗ cổng,10.0,"Phường Mai Dịch, Quận Cầu Giấy, Hà Nội",38.0,3,5,6,Giấy tờ không xác định,2025-11-15
"Bán gấp nhà Cầu Giấy để mua biệt thự, 50m2, 6 tầng, giá nhỉnh 15 tỷ",15.8,"Đường Cầu Giấy, Phường Dịch Vọng, Quận Cầu Giấy, Hà Nội",52.0,5,5,6,Sổ hồng,2025-11-14
"Bán gấp  nhà Cầu giấy, HQV, 52m2 ngõ ô tô, phân lô, giá nhỉnh 14 tỷ",14.5,"Đường Hoàng Quốc Việt, Phường Dịch Vọng, Quận Cầu Giấy, Hà Nội",52.0,5,5,6,Sổ hồng,2025-11-14
"Bán nhà 5 tầng ô bàn cờ - ô tô tránh, khu dân cư yên tĩnh, nhỉnh 15 ty",15.9,"Đường Phạm Tuấn Tài, Phường Nghĩa Tân, Quận Cầu Giấy, Hà Nội",38.0,4,4,5,Sổ hồng,2025-11-18
"Biệt Thự Hoàng Minh Giám, VinCom Trần Duy Hưng 135M2* 8M  - Kinh Doanh",54.5,"Đường Hoàng Minh Giám, Phường Trung Hòa, Quận Cầu Giấy, Hà Nội",135.0,4,5,4,Sổ hồng,2025-11-18
Biệt Thự Siêu Đẹp Phố Nguyễn Chánh - 135m2  - Đường To Vỉa Hè KD,54.5,"Đường Nguyễn Chánh, Phường Trung Hòa, Quận Cầu Giấy, Hà Nội",135.0,5,5,4,Sổ hồng,2025-11-18
Toà Văn Phòng View Vườn Hoa Công Viên Phố Tôn Thất Thuyết - 300m2* 9 T,190.0,"Đường Tôn Thất Thuyết, Phường Dịch Vọng Hậu, Quận Cầu Giấy, Hà Nội",300.0,6,7,9,Sổ hồng,2025-11-18
BÁN GẤP..! BIỆT THỰ NGUYỄN CHÁNH 163M2* 55 TỶ - VỈA HÈ 4M - KD.,55.0,"Đường Nguyễn Chánh, Phường Trung Hòa, Quận Cầu Giấy, Hà Nội",163.0,5,5,4,Sổ hồng,2025-11-18
"Bán nhà Lê Văn Lương, Cầu Giấy lô góc ô tô 35m 10 tỷ",10.0,"Phường Trung Hòa, Quận Cầu Giấy, Hà Nội",35.0,3,4,4,Giấy tờ không xác định,2025-11-14
"Tôi cần bán nhà mặt phố Cầu Giấy, nhà 5tầng full nội thất.",29.86,"Phường Dịch Vọng, Quận Cầu Giấy, Hà Nội",40.0,4,5,5,Giấy tờ không xác định,2025-11-14
HOÀNG QUỐC VIỆT – VỈA HÈ RỘNG – KINH DOANH – Ở SƯỚNG,15.8,"Phường Nghĩa Đô, Quận Cầu Giấy, Hà Nội",56.0,3,4,5,Giấy tờ không xác định,2025-11-14
DÒNG TIỀN CẦU GIẤY 70m2 - 5 TẦNG KIÊN CỐ - GẦN PHỐ - NGÕ THÔNG - HIẾM,12.0,"Phường Yên Hòa, Quận Cầu Giấy, Hà Nội",70.0,8,7,5,Giấy tờ không xác định,2025-11-14
"Nhà Đẹp Cầu Giấy 45m2 - 4 Tầng - Vừa Ở - Cho Thuê - Gần Phố - 9,5 Tỷ",9.5,"Phường Yên Hòa, Quận Cầu Giấy, Hà Nội",45.0,4,3,4,Giấy tờ không xác định,2025-11-14
"Chính chủ cần bán nhà số 20/1/643 Phạm Văn Đồng, phường Nghĩa Đô",11.2,"Phường Nghĩa Đô, Quận Cầu Giấy, Hà Nội",61.0,3,2,2,Sổ đỏ,2025-11-13
Bán nhà đất 3 tầng 79m2 MT ~5m MP Nghĩa Tân - Cầu Giấy - KD sầm uất,45.0,"Đường Nghĩa Tân, Phường Nghĩa Tân, Quận Cầu Giấy, Hà Nội",79.0,3,3,3,Sổ đỏ,2025-11-24
"CC bán nhà 7 tầng 65m2 ,9p kk , lô góc 3 mặt tiền 15m , ô tô đỗ cửa",18.6,"Đường Hoàng Quốc Việt, Phường Nghĩa Tân, Quận Cầu Giấy, Hà Nội",65.0,10,10,7,Sổ đỏ,2025-11-24
"Bán nhà mặt phố 8T 65m2  Nguyễn Xiển làm VP, Cty, Spa",35.0,"Đường Khuất Duy Tiến, Phường Trung Hòa, Quận Cầu Giấy, Hà Nội",65.0,6,8,8,Sổ đỏ,2025-11-24
BÁN NHÀ LÔ GÓC 3 THOÁNG – NGÕ THÔNG KD – MẶT TIỀN 5M  – DT 78M2,21.0,"Đường Trung Kính, Phường Yên Hòa, Quận Cầu Giấy, Hà Nội",78.0,4,4,4,Sổ đỏ,2025-11-17
"ĐÔNG QUAN - PHÙNG CHÍ KIÊN - 88M - 3 TẦNG - Ô TÔ 7 CHỖ - chỉ 16,9 tỷ",16.9,"Đường Đông Quan, Phường Quan Hoa, Quận Cầu Giấy, Hà Nội",88.0,4,4,3,Sổ đỏ,2025-11-17
Nhà Đẹp Võ Chí Công 40m2 - 5 Tầng Thang Máy - Gần Phố - Ở Sướng,9.0,"Phường Nghĩa Đô, Quận Cầu Giấy, Hà Nội",40.0,3,4,5,Giấy tờ không xác định,2025-11-13
Lô Góc Cầu Giấy 40m2 - 6 Tầng Thang Máy - Gần Phố - Ở Ngay - 11 Tỷ,11.0,"Phường Mai Dịch, Quận Cầu Giấy, Hà Nội",40.0,4,5,6,Giấy tờ không xác định,2025-11-13
BÁN NHÀ CẦU GIẤY – MẶT NGÕ THÔNG – KINH DOANH,9.5,"Phường Yên Hòa, Quận Cầu Giấy, Hà Nội",48.0,4,3,4,Giấy tờ không xác định,2025-11-13
Lô Góc Cầu Giấy 60m2 - 5 Tầng - Ngõ Thông - Kinh Doanh - Giá 11 Tỷ TL,11.0,"Phường Quan Hoa, Quận Cầu Giấy, Hà Nội",60.0,6,4,5,Giấy tờ không xác định,2025-11-13
Dòng Tiền Cầu Giấy 60m2 - 6 Tầng Thang Máy - Ngõ Thông - Giá 15 Tỷ,15.0,"Phường Yên Hòa, Quận Cầu Giấy, Hà Nội",60.0,10,7,6,Giấy tờ không xác định,2025-11-13
"Tôi Chính Chủ Cần Bán Nhà Khu Phố Trung Kính Đường Đôi . 66,5m2 Xây 7T",33.5,"Đường Trung Kính, Phường Yên Hòa, Quận Cầu Giấy, Hà Nội",66.5,7,8,7,Sổ đỏ,2025-11-16
Chính Chủ Bán Biệt Thự KĐT Dịch Vọng . Mặt Phố Chính Thọ Tháp,87.0,"Đường Thọ Tháp, Phường Dịch Vọng, Quận Cầu Giấy, Hà Nội",199.0,6,8,4,Sổ đỏ,2025-11-16
"22 TỶ NHÀ PHÂN LÔ 2 MẶT NGÕ – OTO VÀO NHÀ – 74M2, 5T  HOÀNG QUỐC VIỆT",22.0,"Đường Phùng Chí Kiên, Phường Nghĩa Đô, Quận Cầu Giấy, Hà Nội",74.0,5,4,5,Sổ đỏ,2025-11-11
SIÊU PHẨM MẶT NGÕ _ OTO ĐỖ CỬA _ KINH DOANH _ THANG MÁY _Ở NGAY,21.0,"ngõ 5, Đường Hoàng Quốc Việt, Phường Quan Hoa, Quận Cầu Giấy, Hà Nội",50.0,4,4,5,Sổ đỏ,2025-11-16
PHÂN LÔ NGUYỄN KHÁNH TOÀN_ 6T THANG MÁY_ GARA Ô TÔ_NGÕ THÔNG KD_,15.5,"Phường Nghĩa Đô, Quận Cầu Giấy, Hà Nội",55.0,6,6,6,Giấy tờ không xác định,2025-11-12
"Bán nhà Phố Hoàng Ngân, 52m2, ô tô đỗ cửa, kinh doanh, 13.3 tỷ!",13.3,"Phường Trung Hòa, Quận Cầu Giấy, Hà Nội",52.0,4,4,4,Giấy tờ không xác định,2025-11-12
"Bán nhà Chính Chủ Yên Hoà Cầu Giấy, 36m2, 80m ra phố, 10.2 tỷ!",10.2,"Phường Yên Hòa, Quận Cầu Giấy, Hà Nội",36.0,4,4,5,Giấy tờ không xác định,2025-11-12
🔥 SIÊU PHẨM CẦU GIẤY – Ô TÔ ĐỖ CỬA – LÔ GÓC 3 THOÁNG,15.2,"Phường Dịch Vọng, Quận Cầu Giấy, Hà Nội",55.0,4,3,5,Giấy tờ không xác định,2025-11-12
"Lưu Quang Vũ, Cầu Giấy, ô tô đỗ cửa 60m, 6t, 30 tỷ",30.0,"Đường Lưu Quang Vũ, Phường Dịch Vọng, Quận Cầu Giấy, Hà Nội",55.0,6,6,7,Sổ đỏ,2025-11-11
"Phân lô Trung Kính 59m2*5T,50m ra phố,oto tránh,3thoáng,lô góc,19,3tỷ.",19.3,"Đường Trung Kính, Phường Trung Hòa, Quận Cầu Giấy, Hà Nội",59.0,4,3,5,Sổ hồng,2025-11-10
Tin Chuẩn..! Liền Kề Tôn Thất Thuyết 110m2 * 6 Tầng Thang Máy - KD,55.0,"Đường Tôn Thất Thuyết, Phường Yên Hòa, Quận Cầu Giấy, Hà Nội",110.0,5,5,6,Sổ đỏ,2025-11-15
"Bán nhà Cầu Giấy 30m2, ngay mặt đường Cầu Giấy, nhỉnh 8 tỷ",8.4,"Đường Cầu Giấy, Phường Dịch Vọng, Quận Cầu Giấy, Hà Nội",30.0,3,4,4,Sổ đỏ,2025-11-15
Bán nhà Trần Cung -mới đẹp full nội thất 3pn Ở NGAY giá chỉ nhỉnh 8 tỷ,8.39,"Phường Nghĩa Tân, Quận Cầu Giấy, Hà Nội",31.0,4,4,5,Giấy tờ không xác định,2025-11-11
"BÁN NHÀ PHỐ TRẦN DUY HƯNG. 44/52 M. NHÀ MỚI 6 TẦNG THANG MÁY. 17,8 TỶ",17.8,"Phường Trung Hòa, Quận Cầu Giấy, Hà Nội",52.0,3,4,6,Giấy tờ không xác định,2025-11-11
"Nhà đẹp phố Dương Quảng Hàm, 2 thoáng, gần công viên Nghĩa Đô, 11.5 tỷ",11.5,"Phường Quan Hoa, Quận Cầu Giấy, Hà Nội",40.0,6,4,6,Giấy tờ không xác định,2025-11-11
TRẦN DUY HƯNG-MỚI -Ở NGAY-FULL NỘI THẤT-6T THANG MÁY,17.8,"Phường Trung Hòa, Quận Cầu Giấy, Hà Nội",44.0,3,4,6,Giấy tờ không xác định,2025-11-11
PHỐ HOA BẰNG - XÂY MỚI THANG MÁY - 10 PHÒNG THUÊ - GPXD PHÒNG CHÁY ĐỦ,13.95,"Phường Yên Hòa, Quận Cầu Giấy, Hà Nội",40.0,10,7,6,Giấy tờ không xác định,2025-11-11
BÁN NHÀ LẠC LONG QUÂN – 12 PHÒNG KHÉP KÍN – 2 MẶT THOÁNG –Ô TÔ ĐỖ CỬA,28.0,"Phường Nghĩa Đô, Quận Cầu Giấy, Hà Nội",104.0,11,7,6,Giấy tờ không xác định,2025-11-11
"*** 1 CĂN CCMN DÒNG TIỀN CẦU GIẤY 66M -6 TẦNG-MT 5,5M  CHỈ 1 NGOẶ",18.3,"Phường Nghĩa Đô, Quận Cầu Giấy, Hà Nội",66.0,11,7,6,Giấy tờ không xác định,2025-11-11
Trần Duy Hưng lô góc-thang máy -full nội thất-ngõ ôtô-ở ngay,13.3,"Phường Trung Hòa, Quận Cầu Giấy, Hà Nội",48.6,3,4,5,Giấy tờ không xác định,2025-11-11
💥 NGUYỄN KHÁNH TOÀN - NGÕ THÔNG - CÁCH Ô TÔ 10M,11.6,"Phường Quan Hoa, Quận Cầu Giấy, Hà Nội",52.0,6,4,5,Giấy tờ không xác định,2025-11-11
PHỐ NGUYỄN VĂN HUYÊN - THANG MÁY - 2 MẶT TIỀN - Ô TÔ ĐỖ CỬA - NGÕ RỘNG,13.9,"Phường Quan Hoa, Quận Cầu Giấy, Hà Nội",40.0,4,5,6,Giấy tờ không xác định,2025-11-11
"BÁN NHANH TOÀ NHÀ KHU NGHĨA TÂN HOÀNG Q VIỆT, MẶT PHỐ Ô TÔ, KD ĐỈNH",62.8,"Phường Nghĩa Tân, Quận Cầu Giấy, Hà Nội",76.0,8,7,9,Giấy tờ không xác định,2025-11-11
Chính chủ bán liền kề Nghĩa Đô cạnh Starlake Tây Hồ 121m2x4t giá tốt,55.0,"Đường Hoàng Quốc Việt, Phường Nghĩa Đô, Quận Cầu Giấy, Hà Nội",121.0,5,5,4,Sổ đỏ,2025-11-10
BÁN NHÀ NGUYỄN VĂN HUYÊN – CẦU GIẤY – DIỆN TÍCH 67 M2 – 5 TẦNG/6 NGỦ -,18.6,"Đường Nguyễn Văn Huyên, Phường Quan Hoa, Quận Cầu Giấy, Hà Nội",67.0,6,5,5,Sổ đỏ,2025-11-09
"BÁN NHÀ NGUYỄN KHÁNH TOÀN 68M2 - OTO ĐỖ CỬA - GIÁ 18,8 TỶ - 5 TẦNG",18.8,"Đường Nguyễn Khánh Toàn, Phường Quan Hoa, Quận Cầu Giấy, Hà Nội",68.0,6,5,5,Sổ đỏ,2025-11-09
"Hiếm - 9,5 tỷ - Dương quảng hàm - Cầu giấy - 6 tầng - Thang máy -mt 8m",9.5,"Đường Dương Quảng Hàm, Phường Dịch Vọng Hậu, Quận Cầu Giấy, Hà Nội",40.0,6,4,6,Sổ đỏ,2025-11-14
Hàng Hiếm - Bán nhà Ngõ 68 Cầu giấy - 10M ra ô tô tránh - cực đẹp,12.2,"Đường Cầu Giấy, Phường Quan Hoa, Quận Cầu Giấy, Hà Nội",35.0,4,3,5,Sổ đỏ,2025-11-14
"Biệt Thự Căn Góc Vườn Hoa - Khu VIP Đường To, Vỉa Hè To - 270M2* 110ty",110.0,"Đường Nguyễn Chánh, Phường Yên Hòa, Quận Cầu Giấy, Hà Nội",270.0,5,5,4,Sổ hồng,2025-11-14
"BÁN NHÀ PHỐ TRẦN DUY HƯNG CẦU GIẤY. DT 40M, 5 TẦNG. GIÁ 13,4 TỈ",13.4,"Phường Trung Hòa, Quận Cầu Giấy, Hà Nội",40.0,6,4,5,Giấy tờ không xác định,2025-11-09
"GẤP - Nhà Ngõ 79 Cầu Giấy - 40M - 4 tầng - MT 3,5M - lô góc - 11.5 tỷ",11.5,"Đường Cầu Giấy, Phường Quan Hoa, Quận Cầu Giấy, Hà Nội",40.0,5,3,4,Sổ đỏ,2025-11-12
"Bán Nhanh - Nhà Ngõ 79 Cầu Giấy - hà nội - 50M - 5 Tầng - Mt 4,5M",13.0,"Phường Quan Hoa, Quận Cầu Giấy, Hà Nội",50.0,5,4,5,Sổ đỏ,2025-11-12
"Tôi cần bán nhà mặt ngõ Trần Duy Hưng, 6tầng thang máy full nội thất",17.79,"Phường Trung Hòa, Quận Cầu Giấy, Hà Nội",45.0,4,6,6,Giấy tờ không xác định,2025-11-08
Bán Gấp - Nhà Ngõ 175 Lạc long quân - Cầu giấy - Hà nội,17.9,"Đường Lạc Long Quân, Phường Nghĩa Đô, Quận Cầu Giấy, Hà Nội",55.0,5,4,5,Sổ đỏ,2025-11-12
BÁN NHÀ – NGUYỄN KHANG -CẦU GIẤY 44m2 – Gần Phố - NHỈNH 11 TỶ.,11.5,"Đường Nguyễn Khang, Phường Yên Hòa, Quận Cầu Giấy, Hà Nội",44.0,6,4,5,Sổ đỏ,2025-11-07
BÁN ĐẤT TẶNG NHÀ CẦU GIẤY_60M_CÓ 7P KK_DÂN XÂY_NGÕ THÔNG_20M RA OTO,14.5,"Phường Dịch Vọng, Quận Cầu Giấy, Hà Nội",60.0,7,7,44,Giấy tờ không xác định,2025-11-08
"Bán gấp ngay nhà phố Cầu Giấy, phân lô ô tô đỗ, lô góc MT 8m, giá nhỉn",14.2,"Đường Cầu Giấy, Phường Nghĩa Đô, Quận Cầu Giấy, Hà Nội",36.0,5,4,6,Sổ hồng,2025-11-11
"Bán gấp nhà Xuân thủy, Cầu giấy thang máy gần ngõ ô tô giá nhỉnh 12tỷ",12.5,"Phường Dịch Vọng, Quận Cầu Giấy, Hà Nội",38.0,6,5,6,Sổ hồng,2025-11-11
"Bán nhà Nguyễn Văn Huyên Cầu Giấy 38m² 6 tầng thang máy mới giá 9,5 t",9.5,"Đường Nguyễn Văn Huyên, Phường Quan Hoa, Quận Cầu Giấy, Hà Nội",38.0,4,6,6,Sổ đỏ,2025-11-11
Nguyễn Khánh Toàn – Cầu Giấy Ô tô – 65 m2 -5 Tầng – Mặt Tiền 9.9 m,18.6,"Đường Nguyễn Khánh Toàn, Phường Nghĩa Đô, Quận Cầu Giấy, Hà Nội",65.0,16,8,5,Sổ đỏ,2025-11-11
"Bán nhà LƯU QUANG VŨ  DT 50M2, 6 TẦNG",32.0,"Đường Lưu Quang Vũ, Phường Trung Hòa, Quận Cầu Giấy, Hà Nội",50.0,6,5,6,Sổ đỏ,2025-11-11
"PHÂN LÔ TRUNG KÍNH, MẠC THÁI TỔ, 50M 7T THANG MÁY – NỘI THẤT SANG, SỊN",22.5,"Đường Trung Kính, Phường Yên Hòa, Quận Cầu Giấy, Hà Nội",50.0,3,5,7,Sổ đỏ,2025-11-11
NHÀ ĐẸP LẠC LONG QUÂN – HỘ KHẨU CẦU GIẤY – NGÕ BA GÁC – NỞ HẬU,8.2,"Phường Nghĩa Đô, Quận Cầu Giấy, Hà Nội",27.0,5,3,4,Giấy tờ không xác định,2025-11-07
NHÀ NGÕ QUẬN ỦY – CẦU GIẤY – 5 TẦNG – 2 MẶT THOÁNG – ĐANG CHO THUÊ TỐT,8.25,"Phường Quan Hoa, Quận Cầu Giấy, Hà Nội",30.0,3,4,5,Giấy tờ không xác định,2025-11-07
NHÀ ĐẸP – 2 MẶT THOÁNG VĨNH VIỄN – 15M RA Ô TÔ – 50M RA PHỐ XUÂN THUỶ,8.9,"Phường Dịch Vọng Hậu, Quận Cầu Giấy, Hà Nội",30.0,3,4,6,Giấy tờ không xác định,2025-11-07
HOÀNG QUỐC VIỆT - NGHĨA ĐÔ - CẦU GIẤY - 80M - 7 TẦNG - 3 MT - KD ĐỈNH,30.5,"Đường Hoàng Quốc Việt, Phường Nghĩa Đô, Quận Cầu Giấy, Hà Nội",80.0,10,7,7,Sổ đỏ,2025-11-10
Bán Nhà Phố Tú Mỡ - Cầu Giấy - 83m2 x 8m MT - 30m Ra Phố KD - 21.9 Tỷ,21.99,"Đường Tú Mỡ, Phường Trung Hòa, Quận Cầu Giấy, Hà Nội",83.0,5,5,4,Sổ hồng,2025-11-10
NHÀ CẦU GIẤY – NGÕ THÔNG – 10M RA Ô TÔ TRÁNH,6.1,"Phường Dịch Vọng, Quận Cầu Giấy, Hà Nội",21.0,3,4,4,Giấy tờ không xác định,2025-11-06
Bán nhà dân xây 4t - Quan Hoa - Nguyễn Khánh Toàn 6.1ty,6.1,"Phường Quan Hoa, Quận Cầu Giấy, Hà Nội",25.0,3,3,4,Giấy tờ không xác định,2025-11-06
CẦN BÁN GẤP NHÀ PHẠM VĂN ĐỒNG - CẦU GIẤY,11.5,"Phường Mai Dịch, Quận Cầu Giấy, Hà Nội",35.0,3,3,6,Giấy tờ không xác định,2025-11-06
BÁN NHÀ ĐẸP – LÔ GÓC 3 THOÁNG – Ô TÔ ĐỖ CỬA  – CẦU GIẤY,15.6,"Phường Dịch Vọng Hậu, Quận Cầu Giấy, Hà Nội",42.0,5,5,4,Giấy tờ không xác định,2025-11-06
NHÀ MỚI ĐẸP DƯƠNG QUẢNG HÀM - CỰC THOÁNG- ÔTÔ VÀO NHÀ-VỊ TRÍ KIM CƯƠNG,18.5,"Phường Quan Hoa, Quận Cầu Giấy, Hà Nội",55.0,4,5,6,Giấy tờ không xác định,2025-11-06
Tôi cần bán nhà 5tầng mặt phố Hoa Bằng Cầu Giấy.,24.86,"Phường Yên Hòa, Quận Cầu Giấy, Hà Nội",61.0,4,5,5,Giấy tờ không xác định,2025-11-06
PHỐ DOÃN KẾ THIỆN - 8 TẦNG XÂY MỚI THANG MÁY–4 Ô TÔ TRÁNH–VỈA HÈ RỘNG,42.5,"Phường Mai Dịch, Quận Cầu Giấy, Hà Nội",80.0,10,7,8,Giấy tờ không xác định,2025-11-06
"Bán nhà Hoàng Quốc Việt đường vào to như phố, DT 85m2, 5t, mt 5.9m.",33.3,"Đường Hoàng Quốc Việt, Phường Nghĩa Đô, Quận Cầu Giấy, Hà Nội",85.0,5,4,5,Sổ hồng,2025-11-05
Tôi cần bán nhà 4tầng mặt ngõ Hoàng Quốc Việt ô tô chánh đỗ.,15.6,"Phường Nghĩa Đô, Quận Cầu Giấy, Hà Nội",41.0,4,4,4,Giấy tờ không xác định,2025-11-06
Phố Xuân Thuỷ - Cầu Giấy – 218 M2 – 4 Tầng -MT 14 M – Giá 38.3 Tỷ.,38.3,"Đường Xuân Thủy, Phường Dịch Vọng, Quận Cầu Giấy, Hà Nội",218.0,5,5,4,Sổ đỏ,2025-11-09
"Nhà quận Cầu Giấy, ô tô tránh, 3 thoáng, 6 tầng, thang máy, 13.5 tỷ",13.5,"Phường Nghĩa Đô, Quận Cầu Giấy, Hà Nội",40.0,4,5,6,Giấy tờ không xác định,2025-11-05
PHÂN LÔ NGUYỄN VĂN HUYÊN - Ô TÔ - KD - THANG MÁY 13tỷ,13.0,"Phường Nghĩa Đô, Quận Cầu Giấy, Hà Nội",40.0,4,5,6,Giấy tờ không xác định,2025-11-05
Bán nhà phố Nguyễn Quốc Trị  - Vỉa Hè 3 Ô Tô Tránh - 140m2 - 54 Tỷ.,54.0,"Đường Nguyễn Quốc Trị, Phường Trung Hòa, Quận Cầu Giấy, Hà Nội",140.0,4,4,4,Sổ hồng,2025-11-08
Chính Chủ Bán Đất Tặng Nhà 4 tầng Cầu Giấy . Giá 14.5tỷ,14.5,"Đường Cầu Giấy, Phường Quan Hoa, Quận Cầu Giấy, Hà Nội",60.0,7,4,4,Sổ đỏ,2025-11-08
"Chính chủ cần bán nhà số 20/1/643 Phạm Văn Đồng, phường Nghĩa Đô, ô ô,",11.2,"20/1/643, Đường Phạm Văn Đồng, Phường Nghĩa Đô, Quận Cầu Giấy, Hà Nội",61.0,3,2,2,Sổ đỏ,2025-11-08
PHÂN LÔ_HỒ TÙNG MẠUA_5 TẦNG DÂN XÂY_Ô TÔ TRÁNH_NGAY ĐH THƯƠNG MẠI,8.4,"Phường Mai Dịch, Quận Cầu Giấy, Hà Nội",30.0,3,4,5,Giấy tờ không xác định,2025-11-04
TRẦN THÁI TÔNG – 6 TẦNG – 2 THOÁNG – CHỈ 8.9 TỶ – CẦU GIẤY,8.9,"Phường Dịch Vọng Hậu, Quận Cầu Giấy, Hà Nội",30.0,3,3,6,Giấy tờ không xác định,2025-11-04
BÁN NHÀ VÕ CHÍ CÔNG – 5T THANG MÁY – 50M RA MẶT PHỐ – CHỈ 8.9 TỶ,8.9,"Phường Nghĩa Đô, Quận Cầu Giấy, Hà Nội",35.0,3,4,5,Giấy tờ không xác định,2025-11-04
BÁN BIỆT THƯ Ở CẦU GIẤY - DIỆN TÍCH 222M2 THỔ CƯ - NGÕ RỘNG THOÁNG,38.5,"Phường Dịch Vọng Hậu, Quận Cầu Giấy, Hà Nội",222.0,4,4,4,Giấy tờ không xác định,2025-11-03
"🏡☘️ Bán nhà Hoàng Quốc Việt, Cầu Giấy 7 tầng thang máy, gara ôtô, 65m",27.9,"Phường Nghĩa Tân, Quận Cầu Giấy, Hà Nội",65.0,4,5,7,Giấy tờ không xác định,2025-11-04
Bán Nhà Phân Lô Ngõ Trần Quốc Hoàn Ô Tô Vào. 41m x 7 Tầng thang máy,24.3,"Đường Trần Quốc Hoàn, Phường Dịch Vọng Hậu, Quận Cầu Giấy, Hà Nội",41.0,6,6,77,Sổ hồng,2025-11-07
Chính Chủ Bán Toà Nhà VP 9 Tầng Mặt Phố Quận Cầu Giấy,110.0,"Phường Quan Hoa, Quận Cầu Giấy, Hà Nội",150.0,11,10,9,Sổ đỏ,2025-11-07
NHÀ PHÂN LÔ 2 MẶT NGÕ – OTO VÀO NHÀ – 76 M2 x 5 TẦNG – HOÀNG QUỐC VIỆT,21.9,"Đường Hoàng Quốc Việt, Phường Nghĩa Đô, Quận Cầu Giấy, Hà Nội",76.0,5,4,5,Sổ đỏ,2025-11-10
"Cầu giấy - 50M - 6 Tầng - Ô Tô - kinh doanh - Chỉ 15,8 tỷ",15.8,"Đường Cầu Giấy, Phường Quan Hoa, Quận Cầu Giấy, Hà Nội",50.0,5,4,6,Sổ đỏ,2025-11-07
HIẾM - HOÀNG QUỐC VIỆT - NGUYỄN VĂN HUYÊN- 70M - 5 TẦNG - MT 5M,23.0,"Đường Hoàng Quốc Việt, Phường Nghĩa Đô, Quận Cầu Giấy, Hà Nội",70.0,9,8,5,Sổ đỏ,2025-11-07
Nhà dòng tiền-căn hộ cho thuê  74mx  thang máy Trung kính 20.5 tỷ,20.5,"Phường Yên Hòa, Quận Cầu Giấy, Hà Nội",74.0,10,7,66,Giấy tờ không xác định,2025-11-03
Tôi cần bán nhà Trần Quốc Hoàn 4tầng mặt ngõ ô tô chánh đỗ kinh doanh,19.89,"Phường Dịch Vọng Hậu, Quận Cầu Giấy, Hà Nội",52.6,4,4,4,Giấy tờ không xác định,2025-11-03
Tậu nhà Mặt ngõ oto tránh-ngõ thôngTrung Kính 57mx6T KD đa dạng-22.5tỷ,22.5,"Phường Yên Hòa, Quận Cầu Giấy, Hà Nội",57.0,5,5,5,Giấy tờ không xác định,2025-11-03
BÁN NHÀ CẦU GIẤY - NHÀ MỚI - NGÕ THÔNG - OTO VỈA HÈ - NỘI THẤT CAO CẤP,21.7,"Phường Dịch Vọng Hậu, Quận Cầu Giấy, Hà Nội",40.0,3,5,7,Giấy tờ không xác định,2025-11-02
BÁN NHÀ CẦU GIẤY - CĂN HỘ DỊCH VỤ - DÒNG TIỀN KHỦNG,23.5,"Phường Dịch Vọng, Quận Cầu Giấy, Hà Nội",77.0,11,7,6,Giấy tờ không xác định,2025-11-02
"MẶT PHỐ GẦN NGÃ 3 KHÚC THỪA DỤ, CẦU GIẤY, 5T THANG MÁY, LÔ GÓC. 70M",48.9,"Đường Cầu Giấy, Phường Dịch Vọng, Quận Cầu Giấy, Hà Nội",70.0,5,5,5,Sổ đỏ,2025-11-06
CỰC HIẾM - NHÀ CẦU GIẤY - MẶT NGÕ Ô TÔ - 50M - 6 TẦNG - KD ĐỈNH,15.8,"Đường Cầu Giấy, Phường Quan Hoa, Quận Cầu Giấy, Hà Nội",50.0,5,3,6,Sổ đỏ,2025-11-06
BÁN NHÀ LẠC LONG QUÂN – CĂN GÓC 3 MẶT THOÁNG – GẦN HỒ TÂY,11.9,"Phường Nghĩa Đô, Quận Cầu Giấy, Hà Nội",39.0,5,4,5,Giấy tờ không xác định,2025-11-02
BÁN BIỆT THỰ CẦU GIẤY  – FULL THỔ CƯ – CHIA LÔ XÂY TÒA ĐẲNG CẤP,38.5,"Phường Dịch Vọng Hậu, Quận Cầu Giấy, Hà Nội",222.0,4,4,4,Giấy tờ không xác định,2025-11-02
BÁN NHÀ CẦU GIẤY - GẦN PHỐ - 30M RA OTO TRÁNH,11.9,"Phường Nghĩa Đô, Quận Cầu Giấy, Hà Nội",39.0,5,4,6,Giấy tờ không xác định,2025-11-02
BÁN NHÀ CẦU GIẤY - NHÀ MẶT PHỐ - VỊ TRÍ VÀNG - KINH DOANH ĐỈNH,29.8,"Phường Dịch Vọng, Quận Cầu Giấy, Hà Nội",40.0,5,5,5,Giấy tờ không xác định,2025-11-02
BÁN NHÀ CẦU GIẤY - BIỆT THỰ SÂN VƯỜN - NHÀ ĐẸP RỰC RỠ - CƠ HỘI ĐẦU TƯ,38.5,"Phường Dịch Vọng Hậu, Quận Cầu Giấy, Hà Nội",222.0,4,4,4,Giấy tờ không xác định,2025-11-02
BÁN CCMN DÒNG TIỀN - DOANH THU KHỦNG - 3 GÁC ĐỖ CỬA,40.5,"Phường Quan Hoa, Quận Cầu Giấy, Hà Nội",126.0,11,7,7,Giấy tờ không xác định,2025-11-02
"Nhà đẹp đón Tết - Cạnh Hoàng Quốc Việt - 40m2,6 tầng thang máy 11.4tỷ",11.4,"Phường Dịch Vọng Hậu, Quận Cầu Giấy, Hà Nội",40.0,5,4,6,Giấy tờ không xác định,2025-11-02
"NHÀ MẶT NGÕ THÔNG, GARA ÔTÔ - KINH DOANH - THANG MÁY, CẠNH HỒ ĐIỀU HÒA",16.0,"Phường Nghĩa Đô, Quận Cầu Giấy, Hà Nội",35.0,4,5,6,Giấy tờ không xác định,2025-11-02
"CẦN TIỀN BÁN GẤP NHÀ NGÕ 78 VÕ CHÍ CÔNG GIÁ 8,9 TỶ DT 35M NHÀ MỚI",8.9,"Phường Nghĩa Đô, Quận Cầu Giấy, Hà Nội",35.0,4,5,5,Giấy tờ không xác định,2025-11-02
BÁN NHÀ LẠC LONG QUÂN – 39M – 5 TẦNG – CẦU GIẤY – CHỈ 11.9 TỶ,11.9,"Phường Nghĩa Đô, Quận Cầu Giấy, Hà Nội",39.0,5,4,5,Giấy tờ không xác định,2025-11-02
Tôi cần bán nhà 7tầng thang máy full nội thất mặt ngõ ô tô chánh đỗ,25.45,"Phường Nghĩa Tân, Quận Cầu Giấy, Hà Nội",52.0,8,7,7,Giấy tờ không xác định,2025-11-02
"Bán Nhà Mặt Phố Kinh Doanh Trần Tử Bình 76/90m, 9 tầng, mt 4m, 64.8 tỷ",64.8,"Đường Trần Tử Bình, Phường Nghĩa Tân, Quận Cầu Giấy, Hà Nội",76.0,6,4,9,Sổ đỏ,2025-11-01
"Hoàng Quốc Việt, Cầu Giấy 2 mặt tiền, 85M, 4T, 35 tỷ",35.0,"Đường Hoàng Quốc Việt, Phường Nghĩa Đô, Quận Cầu Giấy, Hà Nội",85.0,6,5,4,Sổ đỏ,2025-11-01
"Trần Quốc Vượng- Dịch Vọng Hậu- Cầu Giấy- 130M, 10T, 86 tỷ",86.9,"Đường Trần quốc vượng, Phường Dịch Vọng Hậu, Quận Cầu Giấy, Hà Nội",131.0,9,9,9,Sổ đỏ,2025-11-01
"Bán nhà Võ Chí Công. 1 nhà ra ô tô, vài bước ra mặt đường. 65m- 13 tỷ",13.0,"Đường Võ Chí Công, Phường Nghĩa Đô, Quận Cầu Giấy, Hà Nội",65.0,3,2,3,Sổ hồng,2025-11-06
HIẾM - NGUYỄN VĂN HUYÊN - CẦU GIẤY - 40M - 6 TẦNG - THANG MÁY - Ô TÔ,13.5,"Đường Nguyễn Văn Huyên, Phường Nghĩa Đô, Quận Cầu Giấy, Hà Nội",40.0,5,6,6,Sổ đỏ,2025-11-05
"CHỦ CẦN BÁN GẤP NHÀ PHỐ QUAN HOA 50M GIÁ 11,5 TỶ CÓ THƯƠNG LƯỢNG",11.5,"Phường Quan Hoa, Quận Cầu Giấy, Hà Nội",47.0,10,7,6,Giấy tờ không xác định,2025-11-01
"PHÂN LÔ, GARA ÔTÔ- 7 TẦNG THANG MÁY- 13 PHÒNG NGỦ KHÉP KÍN- KINH DOANH",26.5,"Phường Nghĩa Đô, Quận Cầu Giấy, Hà Nội",52.0,11,7,7,Giấy tờ không xác định,2025-11-01
"Bán Nhà Đẹp - Hoàng Quốc Việt chính chủ, giao dịch ngay",10.0,"Đường Hoàng Quốc Việt, Phường Nghĩa Đô, Quận Cầu Giấy, Hà Nội",31.0,4,5,6,Sổ đỏ,2025-11-11
ĐỈNH - HOÀNG QUỐC VIỆT - NGHĨA TÂN - CẦU GIẤY - HÀ NỘI,28.8,"Đường Hoàng Quốc Việt, Phường Dịch Vọng, Quận Cầu Giấy, Hà Nội",65.0,6,6,7,Sổ đỏ,2025-11-04
CỰC RẺ - PHÙNG CHÍ KIÊN - CẦU GIẤY - 85M - 5 Tầng,24.0,"Phường Nghĩa Đô, Quận Cầu Giấy, Hà Nội",85.0,7,6,6,Sổ đỏ,2025-11-04
"Chính chủ bán nhà 4T DT 60m² ngõ 132 Cầu Giấy, cho thuê 35tr/tháng",15.0,"Phường Quan Hoa, Quận Cầu Giấy, Hà Nội",60.0,7,7,4,Giấy tờ không xác định,2025-10-31
"Bán nhà phân lô phùng chí kiên Cầu Giấy, Hà Nội 72m2 xây 4,5tầng giá 2",21.8,"5, Đường Phùng Chí Kiên, Phường Nghĩa Đô, Quận Cầu Giấy, Hà Nội",72.0,5,5,5,Sổ hồng,2025-10-30
Cc Bán nhà Phố Quan Hoa_40m 6 Tầng _Ngõ Ô tô 15M_2 Thoáng_Full Nội Thấ,9.3,"Phường Nghĩa Đô, Quận Cầu Giấy, Hà Nội",40.0,3,4,6,Giấy tờ không xác định,2025-10-31
BÁN NHÀ CẦU GIẤY - MẶT PHỐ - KINH DOANH - THANG MÁY - OTO TRÁNH,29.8,"Phường Dịch Vọng, Quận Cầu Giấy, Hà Nội",40.0,4,4,5,Giấy tờ không xác định,2025-10-31
BÁN NHÀ LẠC LONG QUÂN –TRUNG TÂM TÂY HỒ– NGÕ BA GÁC – KINH DOANH ĐỈNH,13.5,"Phường Nghĩa Đô, Quận Cầu Giấy, Hà Nội",50.0,1,1,1,Giấy tờ không xác định,2025-10-31
BÁN CCMN CẦU GIẤY – THANG MÁY – FULL NỘI THẤT – DÒNG TIỀN 50TR/THÁNG,21.0,"Phường Yên Hòa, Quận Cầu Giấy, Hà Nội",75.0,10,7,7,Giấy tờ không xác định,2025-10-31
BÁN NHÀ LẠC LONG QUÂN  – VÀI BƯỚC LÀ RA HỒ TÂY – KINH DOANH ĐỈNH,32.0,"Phường Nghĩa Đô, Quận Cầu Giấy, Hà Nội",45.0,1,1,1,Giấy tờ không xác định,2025-10-31
"Bán căn nhà liền kề  ngõ 196 Hồ Tùng Mậu, 80m² 6 tầng, thang máy",28.8,"15, Đường Hồ Tùng Mậu, Phường Mai Dịch, Quận Cầu Giấy, Hà Nội",80.0,6,3,6,Sổ hồng,2025-10-30
"Bán nhà Phùng Chí Kiên, Cầu Giấy - 105m2 - 5 tầng - Ô tô - Kinh doanh",29.8,"Đường Phùng Chí Kiên, Phường Nghĩa Đô, Quận Cầu Giấy, Hà Nội",105.0,6,6,5,Sổ đỏ,2025-10-30
"Bán Tổ Ấm Vàng - Phân lô Hoàng Quốc Việt, Cầu Giấy - ÔTÔ, K/Doanh Đỉnh",29.5,"Đường Hoàng Quốc Việt, Phường Nghĩa Tân, Quận Cầu Giấy, Hà Nội",68.0,6,8,7,Sổ đỏ,2025-10-30
"Chính chủ, Mặt Phố Nguyễn Bá Khoản, Cầu Giấy 85M, ô tô, 45 tỷ",46.0,"Đường Nguyễn Bá Khoản, Phường Dịch Vọng Hậu, Quận Cầu Giấy, Hà Nội",85.0,5,6,6,Sổ đỏ,2025-10-30
"Bán nhà 6 tầng thang máy, P/Lô phố Hoàng Quốc Viêt, Dt 65m2, Mt 5m.",26.5,"Đường Hoàng Quốc Việt, Phường Nghĩa Đô, Quận Cầu Giấy, Hà Nội",65.0,7,6,6,Sổ hồng,2025-10-29
"Bán Nhà 7 Tầng Thang Máy ,Phân Lô Đường 800A Ô Tô Vào. Giá 27 tỷ",27.0,"Đường 800A, Phường Nghĩa Đô, Quận Cầu Giấy, Hà Nội",64.0,10,7,7,Sổ đỏ,2025-11-03
Phố Cầu Giấy – 139 m2 – 3 Tầng – Mặt Tiền 8.6 m – Giá 40.8 Tỷ. 💥,40.8,"Đường Cầu Giấy, Phường Trung Hòa, Quận Cầu Giấy, Hà Nội",139.0,3,3,3,Sổ đỏ,2025-11-03
"Mặt Phố Quận Cầu Giấy Nhà Dân Xây 40m, 4 Tầng Kinh Doanh Sầm Uất",15.0,"Phường Yên Hòa, Quận Cầu Giấy, Hà Nội",40.0,3,3,4,Giấy tờ không xác định,2025-10-30
"Nhà đẹp Lạc Long Quân, DT30m², 5 tầng, 3P.ngủ, ô chờ thang máy (11 tỷ)",11.0,"Phường Nghĩa Đô, Quận Cầu Giấy, Hà Nội",30.0,3,4,5,Giấy tờ không xác định,2025-10-30
BÁN NHÀ TRẦN QUỐC HOÀN CẦU GIẤY PHÂN LÔ Ô TÔ VÀO NHÀ 2 THOÁNG 7 TẦNG,21.0,"Phường Dịch Vọng Hậu, Quận Cầu Giấy, Hà Nội",40.0,4,5,7,Giấy tờ không xác định,2025-10-30
"Trung tâm cầu giấy 36m2,4 phòng ngủ, 5 tầng giá siêu hời",10.2,"Phường Yên Hòa, Quận Cầu Giấy, Hà Nội",36.0,4,5,5,Giấy tờ không xác định,2025-10-30
"Bán nhà Vũ Phạm Hàm, Yên Hòa, Cầu Giấy, VỊ TRÍ ĐẮC ĐỊA, nhà đẹp bề thế",42.0,"Phường Yên Hòa, Quận Cầu Giấy, Hà Nội",100.0,5,5,5,Giấy tờ không xác định,2025-10-30
BÁN NHÀ CẦU GIẤY – 2 MẶT THOÁNG VĨNH VIỄN – 5 TẦNG – 15 TỶ 🏡,15.0,"Phường Dịch Vọng, Quận Cầu Giấy, Hà Nội",50.0,4,2,5,Giấy tờ không xác định,2025-10-30
"BÁN GẤP NHÀ  NGÕ 89 LẠC LONG QUÂN , TÂY HỒ .  NGÕ OTO ĐỖ CỬA",16.5,"Phường Nghĩa Đô, Quận Cầu Giấy, Hà Nội",45.0,3,4,4,Giấy tờ không xác định,2025-10-30
"Chính chủ, Building Trần Đăng Ninh, Cầu Giấy, 100m, MT 7,5, 10T, 86 ty",86.0,"Đường Trần Đăng Ninh, Phường Nghĩa Tân, Quận Cầu Giấy, Hà Nội",100.0,9,9,9,Sổ đỏ,2025-10-29
Bán Nhà Ngõ 132 Cầu Giấy Diện Tích Rộng Còn Sót Lại. Giá 14.5 tỷ,14.5,"Đường Cầu Giấy, Phường Quan Hoa, Quận Cầu Giấy, Hà Nội",60.0,6,4,4,Sổ đỏ,2025-11-02
BÁN NHÀ RẺ NHẤT YÊN HOÀ-5 TẦNG Ở LUÔN-10M RA ĐƯỜNG OTO-NGÕ RỘNG THOÁNG,8.8,"Phường Yên Hòa, Quận Cầu Giấy, Hà Nội",40.0,4,4,5,Giấy tờ không xác định,2025-10-29
"Bán nhà Nguyễn Khánh Toàn, Cầu giấy, Ô tô đỗ, kinh doanh, 2 thoáng",21.0,"Phường Quan Hoa, Quận Cầu Giấy, Hà Nội",90.0,5,5,5,Giấy tờ không xác định,2025-10-29
✨ NHÀ ĐẸP LÔ GÓC – HỒ TÙNG MẬU,8.7,"Phường Mai Dịch, Quận Cầu Giấy, Hà Nội",42.0,2,2,3,Giấy tờ không xác định,2025-10-29
"Nhà đẹp ở ngay, giá tốt, khu vực sầm uất",7.7,"Phường Quan Hoa, Quận Cầu Giấy, Hà Nội",29.0,3,4,5,Giấy tờ không xác định,2025-10-29
BÁN NHÀ LẠC LONG QUÂN – 30M² – 5 TẦNG – MT 3M – GIÁ 11.5 TỶ – CẦU GIẤY,11.5,"Phường Nghĩa Đô, Quận Cầu Giấy, Hà Nội",30.0,3,4,5,Giấy tờ không xác định,2025-10-29
SIÊU PHẨM KHUẤT DUY TIẾN - PHÂN LÔ - OTO TRÁNH - DÂN TRÍ CAO,17.0,"Phường Trung Hòa, Quận Cầu Giấy, Hà Nội",38.0,5,1,6,Giấy tờ không xác định,2025-10-29
"Bán nhà Trần Cung, Cầu Giấy, Nhà dân xây, ngõ nông rộng, thoáng sáng",7.3,"Phường Nghĩa Đô, Quận Cầu Giấy, Hà Nội",38.0,4,4,5,Giấy tờ không xác định,2025-10-29
"Bán nhà mặt phố Tô Hiệu, Cầu Giấy, kinh doanh, mặt tiền khủng, sầm uất",115.0,"Phường Nghĩa Tân, Quận Cầu Giấy, Hà Nội",268.0,5,4,4,Giấy tờ không xác định,2025-10-29
"Bán nhà Nguyễn Khang-40m ra đường oto tránh-nhà 5 tầng-mới đẹp,NT xịn",7.0,"Phường Yên Hòa, Quận Cầu Giấy, Hà Nội",33.0,3,3,5,Giấy tờ không xác định,2025-10-29
BÁN NHÀ CẦU GIẤY - NHÀ ĐẸP - NGÕ THÔNG - 20M RA PHỐ,15.5,"Phường Trung Hòa, Quận Cầu Giấy, Hà Nội",44.0,6,4,5,Giấy tờ không xác định,2025-10-29
"Bán nhà Trần Kim Xuyến, Yên Hòa, Cầu Giấy, Mặt phố, kinh doanh, lô góc",45.0,"Phường Yên Hòa, Quận Cầu Giấy, Hà Nội",110.0,6,6,5,Giấy tờ không xác định,2025-10-29
"Bán nhà Mai Dịch, Cầu giấy, Phân lô tô tô tránh, kinh doanh,2 mặt tiền",26.0,"Phường Mai Dịch, Quận Cầu Giấy, Hà Nội",110.0,5,5,4,Giấy tờ không xác định,2025-10-28
"Chính chủ, Mặt Phố Cầu Giấy, 70m, 6t, 2 mặt tiền 50 tỷ",50.0,"Đường Cầu Giấy, Phường Dịch Vọng, Quận Cầu Giấy, Hà Nội",70.0,6,6,6,Sổ đỏ,2025-10-28
"( BÁN NHÀ ) XUÂN THỦY - CẦU GIẤY 89 M2 = 21,8 TỶ - 5 TẦNG - OTO VÀO NH",21.8,"Đường Xuân Thủy, Phường Dịch Vọng Hậu, Quận Cầu Giấy, Hà Nội",89.0,6,5,5,Sổ đỏ,2025-11-02
HIẾM – MẶT PHỐ CẦU GIẤY – GIÁ RẺ NGANG PHÂN LÔ – 2 THOÁNG – KINH DOANH,24.9,"Đường Hồ Tùng Mậu, Phường Mai Dịch, Quận Cầu Giấy, Hà Nội",52.0,6,4,6,Sổ đỏ,2025-11-08
"Lô Góc Cầu Giấy 35m2 - 5 Tầng Thang Máy - Ô Tô - Ngõ Thông - 9,5 Tỷ",9.5,"Phường Nghĩa Đô, Quận Cầu Giấy, Hà Nội",35.0,3,4,5,Giấy tờ không xác định,2025-10-28
"Mặt tiền Vàng đường Lạc Long Quân, ô tô vào nhà, kinh doanh ngày đêm",16.5,"Phường Nghĩa Đô, Quận Cầu Giấy, Hà Nội",40.0,3,4,4,Giấy tờ không xác định,2025-10-28
"Bán nhà Dịch Vọng Hậu, Cầu Giấy, Biệt thự sân vườn, Diện tích rộng",36.0,"Phường Dịch Vọng Hậu, Quận Cầu Giấy, Hà Nội",230.0,5,5,4,Giấy tờ không xác định,2025-10-28
"Lô Góc Cầu Giấy 40m2 - 5 Tầng - Gần Phố - Ở Ngay - Giá 9,8 Tỷ ( TL )",9.8,"Phường Yên Hòa, Quận Cầu Giấy, Hà Nội",40.0,4,4,5,Giấy tờ không xác định,2025-10-28
BÁN NHÀ CẦU GIẤY – 52/60M² – 5 TẦNG – MT 4M – OTO ĐỖ CỬA – GIÁ 18.5 TỶ,18.0,"Phường Nghĩa Đô, Quận Cầu Giấy, Hà Nội",52.0,6,3,5,Giấy tờ không xác định,2025-10-28
GIẢM 500TR - NHÀ PHÂN LÔ QUÂN ĐỘI – Ô TÔ TRÁNH – SAU NHÀ VIEW BẢO TÀNG,18.0,"Phường Mai Dịch, Quận Cầu Giấy, Hà Nội",52.0,6,6,5,Giấy tờ không xác định,2025-10-28
"Bán Nhà Mới Xây , Ngõ 89 Lạc Long Quân , 15m Ra Ngõ Oto tránh",11.5,"Phường Nghĩa Đô, Quận Cầu Giấy, Hà Nội",35.0,3,4,5,Giấy tờ không xác định,2025-10-28
Siêu phẩm dòng tiền 203 Trần Duy Hưng 72m2 5 tầng 11 phòng khép kín,14.0,"Phường Trung Hòa, Quận Cầu Giấy, Hà Nội",65.0,11,7,5,Giấy tờ không xác định,2025-10-28
"Bán nhà Phố Hoàng Quốc Việt, 8 tầng thang máy,  122m2, 70 tỷ",77.0,"Phường Nghĩa Đô, Quận Cầu Giấy, Hà Nội",122.0,11,7,8,Giấy tờ không xác định,2025-10-28
"Phân lô Thọ Tháp - 56m2 x 7 tầng, MT4.2m, kinh doanh chỉ hơn 18tỷ",18.95,"Phường Dịch Vọng Hậu, Quận Cầu Giấy, Hà Nội",56.0,6,5,7,Giấy tờ không xác định,2025-10-28
Siêu Phẩm Cầu Giấy 40m2 - 6 Tầng Thang Máy - Ô Tô - Ngõ Thông - Hiếm,12.5,"Phường Nghĩa Đô, Quận Cầu Giấy, Hà Nội",40.0,3,5,6,Giấy tờ không xác định,2025-10-28
"Bán nhà Phố Cầu Giấy, ô tô đỗ cổng, nhà ngõ riêng ,giá nhinh 9 tỷ",8.5,"Đường Cầu Giấy, Phường Dịch Vọng, Quận Cầu Giấy, Hà Nội",34.0,3,4,6,Sổ hồng,2025-07-24
TT CẦU GIẤY - NHÀ 2 MẶT NGÕ THANG MÁY - KINH DOANH - CÁCH Ô TÔ 5M,20.5,"Phường Nghĩa Tân, Quận Cầu Giấy, Hà Nội",65.0,8,7,6,Giấy tờ không xác định,2025-10-28
"BÁN NHÀ HOÀNG QUỐC VIỆT 91 M2 = 22 TỶ – 5 TẦNG - MT 5,6M  – HAI THOÁNG",22.0,"Đường Hoàng Quốc Việt, Phường Nghĩa Đô, Quận Cầu Giấy, Hà Nội",91.0,5,5,5,Sổ đỏ,2025-10-31
"Bán nhà phân lô Trung Hòa 100m2 x 8 tầng, MT 7m giá 53.8",53.8,"26, Đường Nam Trung Yên, Phường Trung Hòa, Quận Cầu Giấy, Hà Nội",100.0,9,9,8,Sổ hồng,2025-10-26
Lạc Long Quân – Cầu Giấy – 95 M2 -4 T – MT 9 M – Giá 34.2 Tỷ. 💥 VỊ TR,34.2,"Đường Lạc Long Quân, Phường Nghĩa Tân, Quận Cầu Giấy, Hà Nội",300.0,5,4,4,Sổ đỏ,2025-10-31
"BÁN GẤP NHÀ DT 80M2 ,, CẦU GIẤY, SỔ NỞ HẬU, GIÁ NHỈNH 14 TỶ",14.5,"Đường Hoàng Quốc Việt, Phường Dịch Vọng, Quận Cầu Giấy, Hà Nội",80.0,4,4,5,Sổ hồng,2025-10-31
Mặt phố trung tâm Cầu Giấy - Phạm Thận Duật - 55m2x5 tầng nhinh 22tỷ,22.4,"Phường Mai Dịch, Quận Cầu Giấy, Hà Nội",55.0,6,5,5,Giấy tờ không xác định,2025-10-27
BÁN NHÀ DƯƠNG QUẢNG HÀM – Ô TÔ VF3 VÀO NHÀ – NGÕ THÔNG – SỔ HOA KHÔI,17.0,"Phường Quan Hoa, Quận Cầu Giấy, Hà Nội",51.0,5,4,5,Giấy tờ không xác định,2025-10-27
Bán nhà dân xây Hoàng Quốc Việt 7.35ty,7.35,"Phường Nghĩa Tân, Quận Cầu Giấy, Hà Nội",38.0,4,3,4,Giấy tờ không xác định,2025-10-27
"Siêu Phẩm Cầu Giấy 40m2 - 5 Tầng - Gần Phố - Ở Ngay - Giá 9,5 Tỷ",9.5,"Phường Yên Hòa, Quận Cầu Giấy, Hà Nội",40.0,3,4,5,Giấy tờ không xác định,2025-10-27
"Nhà đẹp đón Tết - 45m2x6 tầng thang máy, MT đẹp chỉ hơn 9tỷ, gần phố",9.38,"Phường Quan Hoa, Quận Cầu Giấy, Hà Nội",45.0,6,5,6,Giấy tờ không xác định,2025-10-27
BÁN NHÀ HOÀNG QUỐC VIỆT– 7 TẦNG THANG MÁY– 3 MẶT THOÁNG,32.5,"Phường Nghĩa Đô, Quận Cầu Giấy, Hà Nội",59.0,8,7,7,Giấy tờ không xác định,2025-10-27
"Phân lô Vip Phạm Tuấn Tài - 55m2 x 5 tầng thang máy,MT5m nhỉnh 22tỷ",22.5,"Phường Dịch Vọng Hậu, Quận Cầu Giấy, Hà Nội",55.0,5,4,5,Giấy tờ không xác định,2025-10-27
"10 tầng Hồ Tùng Mậu Cầu Giấy 39,3 Tỷ 150m2 mặt 5,5m 2 thoáng trước sau",39.3,"Phường Mai Dịch, Quận Cầu Giấy, Hà Nội",150.0,8,7,2,Giấy tờ không xác định,2025-10-27
"Nhà đẹp Yên Hoà - 42m2 x 5 tầng x mt4.4m, ngõ nông, full đồ dưới 10tỷ",9.98,"Phường Yên Hòa, Quận Cầu Giấy, Hà Nội",42.0,6,5,5,Giấy tờ không xác định,2025-10-27
"Bá.n nhà Lạc Long Quân, DT35m2, 6 tầng, thang máy, ngõ thông (12.8 tỷ)",12.8,"Phường Nghĩa Đô, Quận Cầu Giấy, Hà Nội",35.0,3,5,6,Giấy tờ không xác định,2025-10-27
🏠 PHÂN LÔ CẦU GIẤY 40M – Ô TÔ VÀO NHÀ NGÕ THÔNG – KHU CÁN BỘ 🍀,9.9,"Phường Nghĩa Đô, Quận Cầu Giấy, Hà Nội",40.0,4,5,4,Giấy tờ không xác định,2025-10-27
"Bán Kiệt tác Hiện đại – Nhà 7 Tầng TM, Gara Ô TÔ - NGUYỄN PHONG SẮC",29.5,"Đường Nguyễn Phong Sắc, Phường Nghĩa Tân, Quận Cầu Giấy, Hà Nội",66.0,6,8,7,Sổ đỏ,2025-10-30
"BÁN TÒA NHÀ 7 TẦNG, TRẦN CUNG, PHƯỜNG NGHĨA ĐÔ,  HÀ NỘI",18.0,"Đường Trần Cung, Phường Nghĩa Đô, Quận Cầu Giấy, Hà Nội",75.0,18,18,7,Sổ đỏ,2025-10-30
"Siêu phầm Hoàng Quốc Việt, ô tô tránh, lô góc, thang máy 55m2 21 tỷ",21.0,"Phường Nghĩa Đô, Quận Cầu Giấy, Hà Nội",55.0,5,5,5,Giấy tờ không xác định,2025-10-26
"Bán nhà Hoàng Quốc Việt, Cầu Giấy, CC.MN dòng tiền, 8 tầng thang máy",32.0,"Phường Nghĩa Đô, Quận Cầu Giấy, Hà Nội",120.0,11,7,8,Giấy tờ không xác định,2025-10-26
Ị TRÍ ĐỈNH - NHÀ ĐẸP MÊ LI -CÁCH Ô TÔ 30M - NGÕ THÔNG - NỞ HẬU,12.8,"Phường Trung Hòa, Quận Cầu Giấy, Hà Nội",52.0,6,4,6,Giấy tờ không xác định,2025-10-26
BÁN  NHÀ TRẦN DUY HƯNG --VỊ TRÍ ĐỈNH  – NGÕ THÔNG – NỞ HẬU,12.8,"Phường Trung Hòa, Quận Cầu Giấy, Hà Nội",52.0,6,5,5,Giấy tờ không xác định,2025-10-26
"Bán nhà Doãn Kế Thiện - 41m - dân xây, ngõ nông, lô góc - nhỉnh 8 tỷ",8.0,"Phường Mai Dịch, Quận Cầu Giấy, Hà Nội",41.0,4,5,3,Giấy tờ không xác định,2025-10-26
"Bán CCMN, Mai Dịch, thang máy, ngõ nông, GPXD, PCCC đủ : 67/91m, 7T",14.3,"Phường Mai Dịch, Quận Cầu Giấy, Hà Nội",67.0,11,7,7,Giấy tờ không xác định,2025-10-26
BÁN NHÀ-CẦU GIẤY-GIÁ ĐẸP BẤT NGỜ-VÀO Ở LUÔN,12.8,"Phường Trung Hòa, Quận Cầu Giấy, Hà Nội",52.0,6,4,5,Giấy tờ không xác định,2025-10-26
CỐT LÕI CẦU GIẤY - DÂN XÂY - NGÕ THÔNG KINH DOANH - Ô TÔ TRÁNH 30M,12.8,"Phường Trung Hòa, Quận Cầu Giấy, Hà Nội",52.0,6,4,5,Giấy tờ không xác định,2025-10-26
NHÀ MỚI ĐẸP – Ô TÔ VÀO NHÀ – GẦN PHỐ – VỊ TRÍ KIM CƯƠNG – SỔ HOA HẬU,20.2,"Phường Quan Hoa, Quận Cầu Giấy, Hà Nội",55.0,4,5,6,Giấy tờ không xác định,2025-10-26
BÁN NHÀ-PHÙNG CHÍ KIÊN- PHÂN LÔ OTO TRÁNH -GIÁ ĐẸP BẤT NGỜ,25.85,"Phường Nghĩa Đô, Quận Cầu Giấy, Hà Nội",55.0,8,7,7,Giấy tờ không xác định,2025-10-26
CẦU GIẤY - LÔ GÓC - DÂN XÂY 5 TẦNG - DT 36M - MT 7M,7.2,"Phường Nghĩa Đô, Quận Cầu Giấy, Hà Nội",36.0,4,3,5,Giấy tờ không xác định,2025-10-25
HÀNG SIÊU HIẾM CẦU GIẤY KHÔNG CÓ CĂN THỨ 2,7.0,"Đường Cầu Giấy, Phường Quan Hoa, Quận Cầu Giấy, Hà Nội",35.0,4,5,5,Sổ đỏ,2025-10-25
Cần Bán Gấp Nhà Ngõ Oto Tránh Phố Lạc Long Quân,9.7,"Phường Nghĩa Đô, Quận Cầu Giấy, Hà Nội",40.0,3,4,5,Giấy tờ không xác định,2025-10-25
BÁN NHÀ DƯƠNG QUẢNG HÀM – 51/55M² – 6 TẦNG – MT 4.3M – GIÁ 20.2 TỶ,20.2,"Phường Quan Hoa, Quận Cầu Giấy, Hà Nội",51.0,4,4,6,Giấy tờ không xác định,2025-10-25
BÁN NHÀ NGÕ 79 CẦU GIẤY - LÔ GÓC - ĐƯỜNG TO 3M,7.5,"Phường Dịch Vọng, Quận Cầu Giấy, Hà Nội",30.0,4,3,3,Giấy tờ không xác định,2025-10-25
Nhà mới Cầu Giấy - Xe hơi đỗ cửa - 31m2 CHỈ 10 tỷ - Có tháng máy,10.0,"Phường Nghĩa Đô, Quận Cầu Giấy, Hà Nội",31.0,3,4,5,Giấy tờ không xác định,2025-10-25
"Bán nhà Lạc Long Quân - Tây Hồ, DT72m2, MT5m, gần Hồ Tây(11.3 tỷ)",11.3,"Phường Nghĩa Đô, Quận Cầu Giấy, Hà Nội",72.0,3,4,5,Giấy tờ không xác định,2025-10-25
"Lạc Long Quân - NHÀ MỚI, NGÕ 3M - 15M RA Ô TÔ TRÁNH - PHÂN LÔ GIÁ 9.X",9.55,"Phường Nghĩa Đô, Quận Cầu Giấy, Hà Nội",31.0,3,4,5,Giấy tờ không xác định,2025-10-25
Ô tô đỗ cửa - 80m2 - 7 tầng - Trung tâm Cầu Giấy - Rẻ trong phân,32.5,"Phường Nghĩa Đô, Quận Cầu Giấy, Hà Nội",80.0,8,4,6,Giấy tờ không xác định,2025-10-25
"Bán nhà Nguyễn Khánh Toàn, DT60m2, 5 tầng, 8P.ngủ, ngõ thông(14.75 tỷ)",14.75,"Phường Nghĩa Đô, Quận Cầu Giấy, Hà Nội",60.0,8,4,5,Giấy tờ không xác định,2025-10-25
"💥 BÁN NHÀ PHÂN LÔ – TRẦN QUỐC HOÀN, NGHĨA TÂN, CẦU GIẤY – 7 TẦNG THANG",24.5,"Phường Nghĩa Tân, Quận Cầu Giấy, Hà Nội",77.0,3,6,7,Giấy tờ không xác định,2025-10-25
BÁN NHÀ NGHĨA ĐÔ – Ô TÔ TRÁNH – GẦN PHỐ – 5 TẦNG – THANG MÁY,16.5,"Phường Nghĩa Đô, Quận Cầu Giấy, Hà Nội",44.0,8,5,5,Giấy tờ không xác định,2025-10-25
"BÁN NHÀ CẦU GIẤY - VF3 ĐỖ CỬA - 10,5M MẶT TIỀN -  30M - GIÁ 7,5 TỶ",7.5,"Phường Quan Hoa, Quận Cầu Giấy, Hà Nội",30.3,4,3,3,Giấy tờ không xác định,2025-10-25
"Nhà Đẹp Cầu Giấy 40m2 - 5 Tầng - Gần Phố - Ở Sướng - Giá 7,5 Tỷ (TL)",7.5,"Phường Nghĩa Đô, Quận Cầu Giấy, Hà Nội",40.0,3,4,5,Giấy tờ không xác định,2025-10-24
"Phạm Tuấn Tài_Toà nhà 7 tầng Dòng tiền, sinh lời ngay khi mua vào, VIP",25.5,"88, Đường Phạm Tuấn Tài, Phường Dịch Vọng Hậu, Quận Cầu Giấy, Hà Nội",52.0,10,10,7,Sổ đỏ,2025-10-31
Lô Góc Cầu Giấy 38m2 - 5 Tầng - Sổ Vuông - Gần Phố - Ở Ngay - 8 Tỷ,8.0,"Phường Nghĩa Đô, Quận Cầu Giấy, Hà Nội",38.0,3,4,5,Giấy tờ không xác định,2025-10-24
BÁN NHÀ CẦU GIẤY - NHÀ ĐẸP GẦN PHỐ - VỊ TRÍ VÀNG - DÒNG TIỀN ỔN ĐỊNH,8.3,"Phường Mai Dịch, Quận Cầu Giấy, Hà Nội",33.0,5,5,6,Giấy tờ không xác định,2025-10-24
BÁN NHÀ CẦU GIẤY - VỊ TRÍ VÀNG - 2 OTO TRÁNH - 3 MẶT THOÁNG - Ở NGAY,32.5,"Phường Nghĩa Đô, Quận Cầu Giấy, Hà Nội",58.0,8,7,7,Giấy tờ không xác định,2025-10-24
MẶT PHỐ HỒ TÙNG MẬU CẦU GIẤY 100m MT4.5m GIA 33 Ty5,33.5,"Phường Mai Dịch, Quận Cầu Giấy, Hà Nội",100.0,2,2,2,Giấy tờ không xác định,2025-10-24
"💎 BÁN NHÀ MỚI KOONG – XUÂN THỦY, CẦU GIẤY – 6 TẦNG THANG MÁY, FULL NỘI",12.95,"Phường Dịch Vọng Hậu, Quận Cầu Giấy, Hà Nội",34.0,3,4,6,Giấy tờ không xác định,2025-10-24
"Lô Góc 2 Thoáng Cầu Giấy 40m2 - 5 Tầng - Ngõ Thông - Gần Phố - 8,8 Tỷ",8.8,"Phường Nghĩa Đô, Quận Cầu Giấy, Hà Nội",40.0,3,4,5,Giấy tờ không xác định,2025-10-24
BÁN NHÀ CẦU GIẤY - LÔ GÓC 2 MẶT - OTO CON ĐỖ CỬA - VÀI PHÚT RA PHỐ,7.5,"Phường Dịch Vọng, Quận Cầu Giấy, Hà Nội",30.0,2,2,3,Giấy tờ không xác định,2025-10-24
BÁN NHÀ CẦU GIẤY - 7 TẦNG - OTO ĐỖ CỬA - NỘI THẤT CAO CẤP - Ở NGAY,25.85,"Phường Nghĩa Đô, Quận Cầu Giấy, Hà Nội",50.0,8,7,7,Giấy tờ không xác định,2025-10-24
CC cần bán nhà MP Tô Hiệu - Cầu Giấy. DT 90m2X5T MT 6m đường hè 15m,46.8,"Đường Tô Hiệu, Phường Nghĩa Tân, Quận Cầu Giấy, Hà Nội",90.0,5,4,5,Sổ đỏ,2025-07-12
BÁN NHÀ-CẦU GIẤY-NGÕ THÔNG KINH DOANH-VÀO Ở LUÔN,19.8,"Phường Nghĩa Tân, Quận Cầu Giấy, Hà Nội",35.0,3,4,7,Giấy tờ không xác định,2025-10-23
Siêu Phẩm Trần Quốc Hoàn – Phân Lô – Vỉa Hè – Ô Tô Vào Nhà,17.0,"Phường Dịch Vọng Hậu, Quận Cầu Giấy, Hà Nội",52.0,4,4,5,Giấy tờ không xác định,2025-10-23
CẦN BÁN NHÀ PHỐ TRẦN THÁI TÔNG-09 PHÒNG CCMN KHÉP KÍN-DÒNG TIỀN 50T/th,15.0,"Phường Dịch Vọng Hậu, Quận Cầu Giấy, Hà Nội",52.0,9,7,5,Giấy tờ không xác định,2025-10-23
CẦU GIẤY – NHÀ MỚI 6 TẦNG – Ô TÔ NGỦ TRONG NHÀ,19.2,"Phường Quan Hoa, Quận Cầu Giấy, Hà Nội",70.0,6,4,6,Giấy tờ không xác định,2025-10-23
SIÊU PHẨM HOÀNG QUỐC VIỆT - Ô TÔ VÀO NHÀ - 7 TẦNG - DT 60M - THANG MÁY,29.8,"Phường Nghĩa Đô, Quận Cầu Giấy, Hà Nội",60.0,2,5,7,Giấy tờ không xác định,2025-10-23
Phùng Chí Kiên - Hoàng Quốc Việt 5 TẦNG PHÂN LÔ Ô TÔ - CHỈ NHỈNH 8TỶ,8.7,"Phường Nghĩa Đô, Quận Cầu Giấy, Hà Nội",33.0,4,4,5,Giấy tờ không xác định,2025-10-23
BÁN NHÀ CẦU GIẤY - NGÕ THÔNG - OTO ĐỖ CỬA - KINH DOANH - 7X THANG MÁY,29.8,"Phường Nghĩa Đô, Quận Cầu Giấy, Hà Nội",57.4,6,6,7,Giấy tờ không xác định,2025-10-23
NHÀ ĐẸP TT CẦU GIẤY – 6T THANG MÁY – 2 MẶT THOÁNG – KINH DOANH ĐỈNH,9.35,"Phường Yên Hòa, Quận Cầu Giấy, Hà Nội",34.0,4,5,6,Giấy tờ không xác định,2025-10-23
Cần bán nhà rộng nhất phố Yên Hoà 64m2 - 5 Tầng thang máy,18.2,"Phường Yên Hòa, Quận Cầu Giấy, Hà Nội",64.0,11,7,5,Giấy tờ không xác định,2025-10-23
SIÊU PHẨM NGUYỄN KHANG – 8T TM – THÔNG SÀN – PCCC FULL – VỈA HÈ RỘNG,69.6,"Phường Yên Hòa, Quận Cầu Giấy, Hà Nội",79.0,6,6,8,Giấy tờ không xác định,2025-10-23
BÁN NHÀ NGÕ 389 HOÀNG QUỐC VIỆT- PHÂN LÔ- Ô TÔ - 7 TẦNG - THANG MÁY,19.8,"Phường Nghĩa Tân, Quận Cầu Giấy, Hà Nội",31.0,3,4,7,Giấy tờ không xác định,2025-10-23
"Lô Góc Cầu Giấy 32m2 - 5 Tầng - Gần Phố - Tiện Ích - Giá 7,8 Tỷ",7.8,"Phường Quan Hoa, Quận Cầu Giấy, Hà Nội",32.0,3,4,5,Giấy tờ không xác định,2025-10-23
"Lô Góc Cầu Giấy 40m2 - 4 Tầng - Gần Phố - Ngõ Thông - Giá 8,3 Tỷ",8.3,"Phường Mai Dịch, Quận Cầu Giấy, Hà Nội",40.0,4,3,4,Giấy tờ không xác định,2025-10-23
"Bán nhà Đường Võ Chí Công , 40m tặng full nội thất cao cấp",8.0,"Phường Nghĩa Đô, Quận Cầu Giấy, Hà Nội",40.0,4,5,5,Giấy tờ không xác định,2025-10-23
🏡☘️ TOÀ CCMN 5 TẦNG - NGÕ NÔNG THOÁNG - 9 PHÒNG  FULL NỘI THẤT 12 Tỷ,12.5,"Phường Mai Dịch, Quận Cầu Giấy, Hà Nội",54.0,9,7,5,Giấy tờ không xác định,2025-10-23
Liền Kề Cao Cấp Phố Nguyễn Chánh - 120m2 View Công Viên - Bảo Vệ 24/7,63.0,"Đường Nguyễn Chánh, Phường Trung Hòa, Quận Cầu Giấy, Hà Nội",120.0,5,5,5,Sổ đỏ,2025-10-26
"Bán nhà Dịch Vọng,Cầu Giấy,7tầng,ô tô, kinhdoanh,thoáng sáng,50m²,18tỷ",18.0,"Phường Dịch Vọng, Quận Cầu Giấy, Hà Nội",50.0,5,5,7,Giấy tờ không xác định,2025-10-22
BÁN NHÀ PHẠM VĂN ĐỒNG NGÕ THÔNG - LÔ GÓC -SÁT PHỐ HOÀNG QUỐC VIỆT KÉO,13.5,"Phường Mai Dịch, Quận Cầu Giấy, Hà Nội",44.0,4,4,6,Giấy tờ không xác định,2025-10-22
"Nhà 6 tầng thang máy Hoàng Quốc Việt, ô tô vào tận nhà",17.0,"Phường Nghĩa Tân, Quận Cầu Giấy, Hà Nội",58.0,4,4,6,Giấy tờ không xác định,2025-10-22
BÁN NHÀ CẦU GIẤY NGÕ THÔNG - KINH DOANH NHỎ - 10M RA Ô TÔ,10.6,"Phường Quan Hoa, Quận Cầu Giấy, Hà Nội",32.0,3,4,6,Giấy tờ không xác định,2025-10-22
TRUNG TÂM CẦU GIẤY - NHÀ ĐẸP CHỦ XÂY TÂM HUYẾT - 5 TẦNG ĐỦ CÔNG NĂNG,7.0,"Phường Quan Hoa, Quận Cầu Giấy, Hà Nội",30.0,3,4,5,Giấy tờ không xác định,2025-10-22
BÁN TOÀ NHÀ DÒNG TIỀN CẦU GIẤY - LÔ GÓC - 14 PHÒNG KHÉP KÍN,15.9,"Phường Quan Hoa, Quận Cầu Giấy, Hà Nội",56.0,11,7,6,Giấy tờ không xác định,2025-10-22
BÁN NHÀ CẦU GIẤY - NGÕ RỘNG - VỊ TRỊ ĐẸP - GIÁ ĐẦU TƯ,6.5,"Phường Nghĩa Đô, Quận Cầu Giấy, Hà Nội",36.0,3,4,5,Giấy tờ không xác định,2025-10-22
BÁN NHÀ VÕ CHÍ CÔNG GẦN PHỐ - NGÕ RỘNG GẦN 3M THOÁNG SÁNG,9.5,"Phường Nghĩa Đô, Quận Cầu Giấy, Hà Nội",31.0,3,4,6,Giấy tờ không xác định,2025-10-22
SIÊU PHẨM NHÀ XÂY MỚI CẦU GIẤY - THANG MÁY,9.0,"Phường Quan Hoa, Quận Cầu Giấy, Hà Nội",38.0,3,5,6,Giấy tờ không xác định,2025-10-22
🔥TRUNG TÂM CẦU GIẤY - NHÀ ĐẸP LỘNG LẪY - LÔ GÓC THOÁNG SÁNG,8.0,"Phường Quan Hoa, Quận Cầu Giấy, Hà Nội",35.0,3,4,5,Giấy tờ không xác định,2025-10-22
SIÊU PHẨM TRUNG TÂM CẦU GIẤY – NHÀ ĐẸP NHƯ MƠ–SÂN RỘNG–GIÁ CHỈ 11.5 TỶ,11.5,"Phường Dịch Vọng, Quận Cầu Giấy, Hà Nội",38.0,4,2,4,Giấy tờ không xác định,2025-10-22
Tôi cần bán nhà mặt ngõ ô tô chánh Hoàng Quốc Việt 6tầng thang máy .,26.45,"Phường Nghĩa Đô, Quận Cầu Giấy, Hà Nội",60.0,8,6,6,Giấy tờ không xác định,2025-10-22
PHỐ DOÃN KẾ THIỆN -NHÀ MỚI- NÔI THẤT XỊN -VÀI BƯỚC CHÂN RA Ô TÔ TRÁNH,8.6,"Phường Mai Dịch, Quận Cầu Giấy, Hà Nội",43.0,4,5,5,Giấy tờ không xác định,2025-10-22
MẶT TIỀN KINH DOANH-TRUNG TÂM CẦU GIẤY - NHÀ ĐẸP Ở NGAY - ÔTÔ VÀO NHÀ,15.8,"Phường Quan Hoa, Quận Cầu Giấy, Hà Nội",46.0,5,4,6,Giấy tờ không xác định,2025-10-22
BÁN NHÀ CẦU GIẤY -VUÔNG VỨC NỞ HẬU,11.5,"Phường Nghĩa Tân, Quận Cầu Giấy, Hà Nội",38.0,4,2,4,Giấy tờ không xác định,2025-10-21
BÁN  NHÀ DÒNG TIỀN KHỦNG – LÔ GÓC--CÁCH PHỐ VÕ CHÍ CÔNG 10M,79.0,"Phường Nghĩa Đô, Quận Cầu Giấy, Hà Nội",176.0,11,7,9,Giấy tờ không xác định,2025-10-21
SIÊU PHẨM TRẦN DUY HƯNG - PHÂN LÔ - NGÕ THÔNG - KINH DOANH ĐỈNH,15.2,"Phường Trung Hòa, Quận Cầu Giấy, Hà Nội",43.8,7,2,5,Giấy tờ không xác định,2025-10-21
"BÁN NHÀ CẦU GIẤY DÂN XÂY LÔ GÓC, MẶT NGÕ BA GÁC 100M RA PHỐ",7.8,"Phường Dịch Vọng, Quận Cầu Giấy, Hà Nội",27.0,3,4,5,Giấy tờ không xác định,2025-10-21
BÁN NHÀ 7 TẦNG CẦU GIẤY– PHÂN LÔ – Ô TÔ TRÁNH – KINH DOANH - VĂN PHÒNG,24.0,"Phường Dịch Vọng Hậu, Quận Cầu Giấy, Hà Nội",45.0,4,7,7,Giấy tờ không xác định,2025-10-21
"BÁN NHÀ CẦU GIẤY DÂN XÂY GẦN PHỐ, Ô TÔ, BA GÁC ĐỖ CỬA, FULL NỘI THẤT",10.6,"Phường Dịch Vọng, Quận Cầu Giấy, Hà Nội",42.0,4,3,4,Giấy tờ không xác định,2025-10-21
NHÀ CẠNH MẶT PHỐ - NGÕ THÔNG - THOÁNG SÁNG - 3 BƯỚC RA MẶT ĐƯỜNG,9.8,"Phường Trung Hòa, Quận Cầu Giấy, Hà Nội",35.0,3,4,5,Giấy tờ không xác định,2025-10-21
PHÂN LÔ QUÂN ĐỘI - Ô TÔ TRÁNH - DIỆN TÍCH RỘNG -VIEW BẢO TẦNG DÂN TỘC.,18.5,"Phường Nghĩa Đô, Quận Cầu Giấy, Hà Nội",60.0,6,7,5,Giấy tờ không xác định,2025-10-21
"HÀNG ĐỘC! VIP CẦU GIẤY, 52m2, MT 4.3m, GẦN PHỐ, 2 THOÁNG, Ở SƯỚNG",9.4,"Phường Yên Hòa, Quận Cầu Giấy, Hà Nội",52.0,4,4,4,Giấy tờ không xác định,2025-10-21
BÁN NHÀ CẦU GIẤY - DÂN XÂY CHẮC CHẮN - 4 TẦNG - NỞ HẬU - Ở NGAY,11.5,"Phường Quan Hoa, Quận Cầu Giấy, Hà Nội",38.0,4,3,4,Giấy tờ không xác định,2025-10-21
"145m2 9 tầng mặt 7,1m 109 Tỷ Quan Hoa Cầu Giấy",109.0,"Phường Quan Hoa, Quận Cầu Giấy, Hà Nội",145.0,11,7,9,Giấy tờ không xác định,2025-10-21
NHÀ ĐẸP LỘNG LẪY CẦU GIẤY - LÔ GÓC THOÁNG SÁNG - DÂN XÂY CHẮC CHẮN,11.5,"Phường Quan Hoa, Quận Cầu Giấy, Hà Nội",45.0,4,4,4,Giấy tờ không xác định,2025-10-21
BÁN NHANH NHÀ NGÕ 79 CẦU GIẤY - DT38m - GẦN Ô TÔ,11.5,"Phường Dịch Vọng, Quận Cầu Giấy, Hà Nội",38.0,4,3,4,Giấy tờ không xác định,2025-10-21
BÁN NHÀ-CẦU GIẤY-NGÕ ĐẸP-VÀO Ở LUÔN,11.5,"Phường Quan Hoa, Quận Cầu Giấy, Hà Nội",38.0,4,3,4,Giấy tờ không xác định,2025-10-21
SIÊU PHẨM TRẦN CUNG - 37M - NHỈNH 7 TỶ - DÂN XÂY CHẮC CHẮN - Ở/ THUÊ,7.4,"Phường Nghĩa Tân, Quận Cầu Giấy, Hà Nội",37.0,3,4,5,Giấy tờ không xác định,2025-10-21
BÁN NHÀ TRUNG TÂM CẦU GIẤY – NHÀ ĐẸP LỘNG LẪY – NỞ HẬU TÀI LỘC,11.5,"Phường Quan Hoa, Quận Cầu Giấy, Hà Nội",38.0,4,4,4,Giấy tờ không xác định,2025-10-21
BÁN NHÀ HOÀNG QUỐC VIỆT-  PHÂN LÔ  – 7 TẦNG THANG MÁY – NGÕ THÔNG,19.8,"Phường Nghĩa Đô, Quận Cầu Giấy, Hà Nội",35.0,4,5,7,Giấy tờ không xác định,2025-10-20
CC bán BT lô góc 3 mặt thoáng 240m2 MT 20m phố Trần Thái Tông,127.0,"Đường Trần Thái Tông, Phường Dịch Vọng Hậu, Quận Cầu Giấy, Hà Nội",236.0,6,6,5,Sổ đỏ,2025-10-24
BÁN NHÀ YÊN HOÀ – 43M² GẦN PHỐ ÔTÔ– VỪA Ở VỪA KINH DOANH DÒNG TIỀN,8.8,"Đường Yên Hòa, Phường Yên Hòa, Quận Cầu Giấy, Hà Nội",40.0,4,5,5,Sổ đỏ,2025-10-24
NHÀ NGHĨA ĐÔ- HQV- TRẦN CUNG - 40Mx5T-MT3.9M 4 NGỦ-3 GÁC ĐUA - GẦN PHỐ,7.4,"Phường Nghĩa Đô, Quận Cầu Giấy, Hà Nội",40.0,4,5,5,Giấy tờ không xác định,2025-10-20
BÁN NHÀ HOÀNG QUỐC VIỆT – PHÂN LÔ KINH DOANH – 7 TẦNG THANG MÁY,19.8,"Phường Nghĩa Đô, Quận Cầu Giấy, Hà Nội",35.0,4,5,7,Giấy tờ không xác định,2025-10-20
"NHÀ MỚI NGUYỄN ĐÌNH HOÀN, Ô TÔ THANG MÁY 6 TẦNG NGÕ THÔNG, 45M2 18.5TỶ",18.5,"Phường Nghĩa Đô, Quận Cầu Giấy, Hà Nội",45.0,5,6,6,Giấy tờ không xác định,2025-10-20
"HIẾM, MẶT PHỐ CẦU GIẤY - KINH DOANH - MẶT TIỀN 5,2M CHO THUÊ ĐỈNH CAO",20.38,"Phường Dịch Vọng, Quận Cầu Giấy, Hà Nội",25.0,2,2,3,Giấy tờ không xác định,2025-10-20
BÁN NHÀ HOÀNG QUỐC VIỆT - Ô TÔ VÒNG QUANH -PHÂN LÔ-7 TẦNG THANG MÁY,29.8,"Phường Nghĩa Đô, Quận Cầu Giấy, Hà Nội",60.0,6,7,7,Giấy tờ không xác định,2025-10-20
BÁN NHÀ-CẦU GIẤY-NGÕ TRƯỚC NHÀ RỘNG-XÁCH VALI VÀO Ở LUÔN,14.8,"Phường Nghĩa Đô, Quận Cầu Giấy, Hà Nội",40.0,3,4,5,Giấy tờ không xác định,2025-10-20
Bán nhà Hồ Tùng Mậu - 40m2 - 4 tầng - dân xây - 7 phòng cho thuê,7.9,"Phường Mai Dịch, Quận Cầu Giấy, Hà Nội",40.0,7,6,4,Giấy tờ không xác định,2025-10-20
Bán nhà dân xây 5t Ngõ 155 Cầu Giấy 7.7ty,7.7,"Phường Yên Hòa, Quận Cầu Giấy, Hà Nội",35.0,3,3,5,Giấy tờ không xác định,2025-10-20
🔥 TRUNG TÂM CẦU GIẤY - Nhà Đẹp Ở Ngay-Tiện Ích Phủ Kín-An sinh,15.0,"Phường Yên Hòa, Quận Cầu Giấy, Hà Nội",75.0,8,3,5,Giấy tờ không xác định,2025-10-20
SIÊU PHẨM NGHĨA ĐÔ- NGÕ BA GÁC ĐUA - 1 NGOẶT ĐẾN NHÀ - HX KĐT NAM,7.4,"Phường Nghĩa Đô, Quận Cầu Giấy, Hà Nội",37.0,3,4,5,Giấy tờ không xác định,2025-10-20
"Bán nhà phân lô ô tô, Gara,Cầu Giấy, D/T: 51m2,6T thang máy, ở tốt K/D",23.6,"Phường Nghĩa Đô, Quận Cầu Giấy, Hà Nội",51.0,5,5,6,Giấy tờ không xác định,2025-10-20
Tôi cần bán nhà mới koong 6tầng thang máy mặt ngõ ô tô chánh đỗ.,18.56,"Phường Quan Hoa, Quận Cầu Giấy, Hà Nội",40.0,6,6,6,Giấy tờ không xác định,2025-10-20
Phố Nguyễn Khang - Cần Bán luôn - Nhà 7 tầng Có thang máy - Kinh doanh,15.0,"Phường Yên Hòa, Quận Cầu Giấy, Hà Nội",51.4,2,5,7,Giấy tờ không xác định,2025-10-20
HOÀNG QUỐC VIỆT – MẶT PHỐ – 7 TẦNG THANG MÁY – MT 4.36M – GIÁ 29.8 TỶ,29.8,"Phường Nghĩa Tân, Quận Cầu Giấy, Hà Nội",60.0,5,5,7,Giấy tờ không xác định,2025-10-20
BÁN  NHÀ 7 TẦNG THANG MÁY- NGHĨA ĐÔ - Ô TÔ VÀO NHÀ -KINH DOANH ĐỈNH,25.85,"Phường Nghĩa Đô, Quận Cầu Giấy, Hà Nội",55.0,8,6,6,Giấy tờ không xác định,2025-10-20
"BÁN NHÀ CẦU GIẤY, GẦN HỒ TÂY, NHÀ XÂY TÂM HUYẾT, FULL NỘI THẤT Ở NGAY",8.25,"Phường Nghĩa Tân, Quận Cầu Giấy, Hà Nội",32.0,4,3,5,Giấy tờ không xác định,2025-10-20
BÁN NHÀ TRẦN CUNG – 37M² – 5 TẦNG – MT 3.9M – GIÁ 7.4 TỶ – CẦU GIẤY,7.4,"Phường Nghĩa Đô, Quận Cầu Giấy, Hà Nội",37.0,3,3,5,Giấy tờ không xác định,2025-10-20
BÁN NHÀ PHÙNG CHÍ KIÊN – 7 TẦNG THANG MÁY – KINH DOANH  – GARA Ô TÔ,25.85,"Phường Nghĩa Đô, Quận Cầu Giấy, Hà Nội",55.0,8,7,7,Giấy tờ không xác định,2025-10-20
"BÁN NHÀ NGUYỄN KHANG NGÕ NÔNG GẦN PHỐ, SÁT HỒ TẶNG NỘI THẤT Ở NGAY",7.9,"Phường Quan Hoa, Quận Cầu Giấy, Hà Nội",30.1,4,3,4,Giấy tờ không xác định,2025-10-20
PHÙNG CHÍ KIÊN - 50M2 - 7 TẦNG THANG MÁY - MT 3.68M - GIÁ 25.85 TỶ,25.85,"Phường Nghĩa Đô, Quận Cầu Giấy, Hà Nội",55.0,8,7,7,Giấy tờ không xác định,2025-10-20
PHÂN LÔ - OTO TRÁNH - KD SẦM UẤT– SIÊU VĂN PHÒNG,16.0,"Đường Vũ Phạm Hàm, Phường Trung Hòa, Quận Cầu Giấy, Hà Nội",60.0,6,5,5,Sổ đỏ,2025-07-21
"Bán nhà phân lô mặt ngõ Nguyễn Phong Sắc 100m2, mt 6m đường ôtô dừng",41.3,"2, Đường Nguyễn Phong Sắc, Phường Dịch Vọng Hậu, Quận Cầu Giấy, Hà Nội",100.0,2,2,1,Sổ hồng,2025-10-23
"CC bán nhà 5T 75m2 Mt 6m mặt phố Đặng Thuỳ Trâm - Cầu Giấy làm VP, Cty",28.3,"Đường Phạm Tuấn Tài, Phường Nghĩa Tân, Quận Cầu Giấy, Hà Nội",75.0,5,5,5,Sổ đỏ,2025-10-29
TÒA NHÀ VIP - SIÊU VĂN PHÒNG - KD SẦM UẤT – THANG MÁY,22.0,"Đường Trần Duy Hưng, Phường Trung Hòa, Quận Cầu Giấy, Hà Nội",70.0,7,6,7,Sổ đỏ,2025-10-22
Bán Nhà Căn Hộ Cao Cấp Phân Lô Hoàng Quốc Việt 8 Tầng 1 Hầm Ngay Phố,40.5,"Đường Hoàng Quốc Việt, Phường Nghĩa Đô, Quận Cầu Giấy, Hà Nội",91.0,18,22,9,Sổ đỏ,2025-10-17
BIỆT THỰ SÂN VƯỜN KIỂU PHÁP GIỮA TRUNG TAM CẦÙ GIẤY (CHÍNH CHỦ),43.0,"Đường Xuân Thủy, Phường Dịch Vọng Hậu, Quận Cầu Giấy, Hà Nội",220.0,4,3,4,Sổ đỏ,2025-10-22
Bán nhà ngõ 5 Hoàng Quốc Việt quy hoạch mặt phố vuông chằn chặn 9m MT,10.0,"Đường Hoàng Quốc Việt, Phường Nghĩa Đô, Quận Cầu Giấy, Hà Nội",54.0,8,5,5,Sổ đỏ,2025-10-21
BÁN NHÀ NGUYỄN KHANG - 79M2 - 8 TẦNG THANG MÁY - MT 4.5M - GIÁ 69.6TỶ,69.6,"Phường Yên Hòa, Quận Cầu Giấy, Hà Nội",80.0,7,7,8,Giấy tờ không xác định,2025-10-17
VÕ CHÍ CÔNG - 5 TẦNG - MẶT TIỀN 4.2M - GIÁ 9.5 TỶ - TRÁI TIM CẦU GIẤY,9.5,"Phường Nghĩa Đô, Quận Cầu Giấy, Hà Nội",31.0,4,4,6,Giấy tờ không xác định,2025-10-17
BÁN NHÀ DƯƠNG QUẢNG HÀM – 51m² – 5 TẦNG – MT 5.15m – GIÁ 17 TỶ,17.0,"Phường Quan Hoa, Quận Cầu Giấy, Hà Nội",51.0,5,3,5,Giấy tờ không xác định,2025-10-17
"Lô góc, Dịch Vọng Hậu Cầu Giấy, ngõ thông, 39m2, mặt tiền 5.9m, 9.5 tỷ",9.5,"Phường Dịch Vọng Hậu, Quận Cầu Giấy, Hà Nội",38.0,4,3,5,Giấy tờ không xác định,2025-10-16
Chính chủ bán nhà phân lô 2 mặt tiền đường oto ngõ 106 Hoàng Quốc Việt,28.9,"Đường Hoàng Quốc Việt, Phường Nghĩa Đô, Quận Cầu Giấy, Hà Nội",78.0,5,5,5,Sổ đỏ,2025-10-27
Bán nhà số 21 ngõ 342/38 Hồ Tùng Mậu,7.25,"Đường Hồ Tùng Mậu, Phường Mai Dịch, Quận Cầu Giấy, Hà Nội",33.0,3,4,5,Sổ đỏ,2025-10-20
"Cần bán gấp nhà Cầu Giấy, mặt tiền Gần 4 m, ô tô đỗ cổng, giá 8.6 tỷ",8.6,"Đường Cầu Giấy, Phường Trung Hòa, Quận Cầu Giấy, Hà Nội",30.0,3,4,5,Sổ hồng,2025-10-20
SIÊU HIẾM PHỐ YÊN HÒA -  NHÀ XÂY MỚI 7 TẦNG - DÒNG TIỀN TỐT,15.6,"Phường Yên Hòa, Quận Cầu Giấy, Hà Nội",53.0,10,7,7,Giấy tờ không xác định,2025-10-16
"SIÊU PHẨM HIẾM PHỐ DOÃN KẾ THIỆN – NHÀ MỚI LONG LANH, NỘI THẤT XỊN SÒ",8.6,"Phường Mai Dịch, Quận Cầu Giấy, Hà Nội",30.0,4,5,4,Giấy tờ không xác định,2025-10-16
"BÁN NHÀ VÕ CHÍ CÔNG, NHÀ ĐẸP FULL NỘI THẤT, NGÕ THÔNG, SÁT PHỐ",8.8,"Phường Nghĩa Đô, Quận Cầu Giấy, Hà Nội",30.0,3,4,5,Giấy tờ không xác định,2025-10-16
"Bán nhà phố Cầu Giấy, ngõ rộng thoáng, trung tâm quận 30m2, 7.7 tỷ",7.7,"Phường Yên Hòa, Quận Cầu Giấy, Hà Nội",30.0,4,4,5,Giấy tờ không xác định,2025-10-16
BÁN NHÀ DOÃN KẾ THIỆN – 30/43m² – 5 TẦNG – GIÁ 8.6 TỶ – CẦU GIẤY 🌟,8.6,"Phường Mai Dịch, Quận Cầu Giấy, Hà Nội",30.0,4,3,4,Giấy tờ không xác định,2025-10-16
"CẦN BÁN GẤP NHÀ MẶT NGÕ VÕNG THỊ , DT 54M2  MẶT TIỀN 5M2",4.0,"Phường Nghĩa Đô, Quận Cầu Giấy, Hà Nội",54.0,3,2,2,Giấy tờ không xác định,2025-10-16
OTO VÀO NHÀ QUAY ĐẦU - PHỐ LẠC LONG QUÂN - THANG MÁY - 52M,13.8,"Phường Nghĩa Đô, Quận Cầu Giấy, Hà Nội",52.0,7,7,1,Giấy tờ không xác định,2025-10-16
TRUNG TÂM CẦU GIẤY - BÁN NHÀ ĐẸP 9P CHO THUÊ DÒNG TIỀN CAO - GẦN Ô TÔ,10.3,"Phường Yên Hòa, Quận Cầu Giấy, Hà Nội",38.0,9,7,5,Giấy tờ không xác định,2025-10-16
"LÔ GÓC, NGÕ THÔNG, KD TRẦN DUY HƯNG, CẦU GIẤY",8.6,"Phường Yên Hòa, Quận Cầu Giấy, Hà Nội",35.0,4,5,5,Giấy tờ không xác định,2025-10-16
Tôi cần bán nhà Đỗ Quang 5tầng full nội thất cao cấp .,33.79,"Phường Trung Hòa, Quận Cầu Giấy, Hà Nội",56.0,4,5,5,Giấy tờ không xác định,2025-10-16
"Bán gấp nhà Cầu Giấy, HQV phân lô ô tô đỗ,mặt tiền 4m, giá nhỉnh 13 tỷ",13.5,"Đường Cầu Giấy, Phường Dịch Vọng, Quận Cầu Giấy, Hà Nội",38.0,4,4,4,Sổ hồng,2025-10-15
"Chính chủ bán nhà mặt phố Nguyễn Phong Sắc, 58m2 mặt tiền 5m giá 35,8t",36.0,"26, Đường Nguyễn Phong Sắc, Phường Dịch Vọng Hậu, Quận Cầu Giấy, Hà Nội",58.0,5,5,5,Sổ hồng,2025-10-20
"Chính chủ bán nhà ngõ 61 Phùng Chí Kiên, giá 10 tỷ miễn trung gian",10.0,"Đường Phùng Chí Kiên, Phường Nghĩa Đô, Quận Cầu Giấy, Hà Nội",30.0,5,4,4,Sổ đỏ,2025-10-20
Yên Hòa - Cầu Giấy - Mặt Tiền Rộng - Full Nội Thất - Nhà Đẹp,7.7,"Phường Yên Hòa, Quận Cầu Giấy, Hà Nội",35.0,3,3,5,Giấy tờ không xác định,2025-10-15
BÁN NHÀ LẠC LONG QUÂN - VỊ TRÍ VÀNG Ô TÔ TRÁNH - VÀI PHÚT RA HỒ TÂY,16.5,"Phường Nghĩa Đô, Quận Cầu Giấy, Hà Nội",40.0,3,4,4,Giấy tờ không xác định,2025-10-15
"🆘 CẦU GIẤY - CHỦ CẦN THANH KHOẢN GẤP, HẠ CHÀO TIẾP 400TR BÁN 7,5 TỶ",7.5,"Phường Dịch Vọng Hậu, Quận Cầu Giấy, Hà Nội",27.0,3,3,5,Giấy tờ không xác định,2025-10-15
Siêu Phẩm Yên Hòa 34m2 - Ô TÔ vào tận nhà 6 Tầng,12.5,"Phường Yên Hòa, Quận Cầu Giấy, Hà Nội",34.0,3,3,6,Giấy tờ không xác định,2025-10-15
Tôi cần bán nhà Nguyễn Thị Định mặt ngõ ô tô chánh đỗ kinh doanh,42.9,"Phường Trung Hòa, Quận Cầu Giấy, Hà Nội",96.0,11,7,8,Giấy tờ không xác định,2025-10-15
Chính chủ bán nhà 9 tầng ngõ ô tô tránh Thái Hà 70m2 với 9 tầng có hầm,36.0,"Đường Thái hà, Phường Láng Hạ, Quận Đống Đa, Hà Nội",70.0,22,22,9,Sổ đỏ,2025-11-26
"Chính chủ bán nhà Vũ Ngọc Phan, đường ô tô 2 mặt tiền 5m nhà 8 tầng",42.0,"Đường Vũ Ngọc Phan, Phường Láng Hạ, Quận Đống Đa, Hà Nội",90.0,19,19,8,Sổ đỏ,2025-11-25
"BÁN NHÀ PHÂN LÔ THÀNH ỦY HÀ NỘI 60M2 5T MT4,5M",20.0,"Đường Trần Quý Cáp, Phường Văn Miếu, Quận Đống Đa, Hà Nội",60.0,4,4,5,Sổ hồng,2025-11-27
CẦN BÁN NHÀ PHÂN LÔ NGÕ VIP PHỐ LÁNG HẠ,68.0,"Đường Láng Hạ, Phường Láng Hạ, Quận Đống Đa, Hà Nội",103.0,6,7,8,Sổ đỏ,2025-11-15
"Bán nhà ngõ 20 phố Cát Linh, gần Quốc Tử Giám, DTSD 90m2, 3 tầng",5.8,"Ngõ 20, Đường Cát Linh, Phường Cát Linh, Quận Đống Đa, Hà Nội",90.0,3,2,3,Sổ đỏ,2025-11-05
"Bán Nhà Pháo Đài Láng, Huỳnh Thúc Kháng S41m 5t giá 10.1 tỷ",10.1,"Phường Láng Thượng, Quận Đống Đa, Hà Nội",38.0,5,5,5,Giấy tờ không xác định,2025-11-28
Bán nhà đẹp ở ngay Phố Khâm Thiên Đống Đa,7.48,"Phường Khâm Thiên, Quận Đống Đa, Hà Nội",35.0,3,4,4,Giấy tờ không xác định,2025-11-28
"BÁN NHÀ PHỐ AN TRẠCH-CÁT LINH. DTSD 60m, 7T, MT 5.5m, OTO VÀO NHÀ",18.5,"Phường Cát Linh, Quận Đống Đa, Hà Nội",50.0,5,5,7,Giấy tờ không xác định,2025-11-28
⚡️bỎ tIẾc hÙI hỤI!: Ô TÔ 15M - LÔ GÓC - KHU CÁN BỘ - Bán nhà ĐỐNG ĐA,3.58,"Phường Quang Trung, Quận Đống Đa, Hà Nội",19.0,3,3,5,Giấy tờ không xác định,2025-11-28
🎈SIÊU PHẨM ĐỐNG ĐA- NHÀ ĐẸP GẦN Ô TÔ - 4 TẦNG THANG MÁY XỊN SÒ,8.68,"Phường Phương Mai, Quận Đống Đa, Hà Nội",33.0,3,3,4,Giấy tờ không xác định,2025-11-28
Chinh Chủ Bán Khâm Thiên 35m x 4 tầng -Full Nội Thất -Ngõ Rộng,7.4,"Phường Khâm Thiên, Quận Đống Đa, Hà Nội",35.0,3,4,4,Giấy tờ không xác định,2025-11-28
🔥 BÁN NHÀ PHÁO ĐÀI LÁNG – LÔ GÓC – 2 THOÁNG – DÂN XÂY – CHỈ NHỈNH 8 TỶ,8.0,"Phường Láng Thượng, Quận Đống Đa, Hà Nội",38.0,3,4,5,Giấy tờ không xác định,2025-11-28
"Rẻ nhất Đống Đa, 26m2 5 tầng, full nội thất, siêu đẹp, chỉ 5.65 tỷ",5.65,"Đường Tôn Đức Thắng, Phường Cát Linh, Quận Đống Đa, Hà Nội",26.0,3,1,5,Sổ đỏ,2025-11-28
BÁN NHÀ XÃ ĐÀN – TRUNG TÂM ĐỐNG ĐA – NGÕ THÔNG – 20M RA PHỐ,12.7,"Phường Nam Đồng, Quận Đống Đa, Hà Nội",48.0,4,4,5,Giấy tờ không xác định,2025-11-28
💥💥NỞ HẬU - LÔ GÓC - NHÀ MỚI - TRUNG TÂM ĐỐNG ĐA - GẦN PHỐ 💥💥💥,4.2,"Phường Khâm Thiên, Quận Đống Đa, Hà Nội",16.0,4,4,5,Giấy tờ không xác định,2025-11-28
THÁI HÀ - 13 TỶ - 6 TẦNG THANG MÁY - MẶT TIỀN 5M,13.0,"Đường Thái Hà, Phường Trung Liệt, Quận Đống Đa, Hà Nội",40.0,3,5,6,Sổ đỏ,2025-11-28
"Bán nhà 65 ngõ 98 Thái Hà DT: 33m², 4 tầng, MT 3,9m, hướng TB, 14,9 tỷ",14.99,"65, Đường Thái Hà, Phường Trung Liệt, Quận Đống Đa, Hà Nội",33.0,3,2,4,Sổ hồng,2025-11-28
"Bán Nhà Bt 3,5T P.Lô VPCP Hồ Phương Mai- Kim liên, HN 110m2 MT8,5m .",41.66,"Đường Phương Mai, Phường Phương Mai, Quận Đống Đa, Hà Nội",109.0,4,3,4,Sổ đỏ,2025-11-28
"Bán Tòa Nhà Ngõ 29 Xã Đàn 70m2 x7T Thang máy 16 căn, 22,5 ty.",22.5,"68, Đường Tôn Thất Tùng, Phường Khương Thượng, Quận Đống Đa, Hà Nội",70.0,16,16,7,Sổ đỏ,2025-11-28
Bán BT Vip Thái Hà 250m oto giá 75 tỷ .,75.0,"68, Đường Thái Hà, Phường Trung Liệt, Quận Đống Đa, Hà Nội",250.0,5,4,3,Sổ đỏ,2025-11-28
"Bán Nhà 5 tầng Mới Đẹp Văn Miếu- Tôn Đức Thắng 45m2 MT6m ngõ 4m 12,8ty",12.88,"66, Đường Tôn Đức Thắng, Phường Quốc Tử Giám, Quận Đống Đa, Hà Nội",45.0,4,5,5,Sổ đỏ,2025-11-28
"Bán Nhà 8 Tầng Thang Máy Giảng võ 50m mt 5m oto sân rộng 22,99  tỷ.",22.99,"Đường Giảng Võ, Phường Cát Linh, Quận Đống Đa, Hà Nội",50.0,5,4,8,Sổ đỏ,2025-11-28
"Bán Nhà Văn Miếu, gần phố cổ, 46m*6,5T thang máy,  6 ngủ Mới, 16,5 tỷ.",16.5,"68, Đường Văn Miếu, Phường Văn Miếu, Quận Đống Đa, Hà Nội",46.0,6,7,6,Sổ đỏ,2025-11-28
"Bán Nhà PLo 49 Huỳnh Thúc Kháng 44m Lo góc5T oto 15,99 tỷ.",15.9,"88, Đường Huỳnh Thúc Kháng, Phường Láng Thượng, Quận Đống Đa, Hà Nội",32.8,4,5,5,Sổ đỏ,2025-11-28
"10,5 tỷ nhà kinh doanh sầm uất ngõ oto 5 tạ đỗ cửa phố Trường Chinh",10.5,"Đường Trường Chinh, Phường Khương Thượng, Quận Đống Đa, Hà Nội",30.0,4,3,4,Sổ đỏ,2025-11-23
"Bán nhà 2c Thổ Quan (ô tô đỗ cửa, Kinh doanh sầm uất) - Chính chủ",11.0,"2c, Đường Ngõ Thổ Quan, Phường Thổ Quan, Quận Đống Đa, Hà Nội",30.0,2,2,3,Sổ đỏ,2025-10-27
Láng Hạ Thương Lượng Sâu-  Phân Lô Kinh Doanh - Ô Tô - 100M2* 34 Tỷ.,34.0,"Đường Láng Hạ, Phường Láng Hạ, Quận Đống Đa, Hà Nội",100.0,5,5,5,Sổ hồng,2025-11-27
"NHỈNH 3 TỶ CÓ NHÀ 6 TẦNG ĐẸP, PHỐ PHƯƠNG MAI, ĐỐNG ĐA, HÀ NỘI",3.45,"Phường Phương Mai, Quận Đống Đa, Hà Nội",12.0,3,3,6,Giấy tờ không xác định,2025-11-27
"Nhà Đẹp Kinh Doanh, Chùa Bộc, Đống Đa 46m, 7 tầng, mt 5m, giá 19.3 tỷ",19.3,"Đường Chùa Bộc, Phường Kim Liên, Quận Đống Đa, Hà Nội",46.0,5,5,7,Sổ đỏ,2025-11-27
"Hiếm 36m2 MT 4,3m khổ đất đẹp mà có 9,8 tỷ nhà 5T thang máy VănChuong",9.8,"Đường Hồ Văn Chương, Phường Văn Chương, Quận Đống Đa, Hà Nội",36.0,3,4,5,Sổ đỏ,2025-11-27
Căn góc vị trí đẹp Mp Trung Phụng - Xã Đàn vỉa hè rộng đường oto tránh,26.5,"Đường Trung Phụng, Phường Nam Đồng, Quận Đống Đa, Hà Nội",56.7,4,4,5,Sổ đỏ,2025-11-27
"Nhà 4,5 tầng ngõ oto 167 Hào Nam, oto vào nhà, 4 ngủ, sát ga Cát Linh",14.0,"167, Đường Hào Nam, Phường Ô Chợ Dừa, Quận Đống Đa, Hà Nội",44.0,4,4,4,Sổ đỏ,2025-11-27
Phố Nguyễn Như Đổ - Đống Đa – 81 M2 – 5 T – MT 6 M – Giá 19.3 Tỷ.,19.3,"Đường Nguyễn Như Đổ, Phường Cát Linh, Quận Đống Đa, Hà Nội",81.0,9,9,5,Sổ đỏ,2025-11-27
Thịnh Quang – Đống Đa – Kinh Doanh – 38 M2 – 6 T – MT 3.6 M – Giá 10.7,10.7,"Đường Thịnh Quang, Phường Ngã Tư Sở, Quận Đống Đa, Hà Nội",38.0,10,10,6,Sổ đỏ,2025-11-27
"Bán nhà 4 tầng mới, có sổ đỏ 15m, 2 tỷ 8 Khâm Thiên Hà Nội",2.8,"Đường Chợ Khâm Thiên, Phường Trung Phụng, Quận Đống Đa, Hà Nội",15.0,2,2,4,Sổ đỏ,2025-11-27
"Bán nhà gấp phố Tây Sơn ô tô 2 thoáng, Dt 25m2, 5t, mới đẹp ở ngay.",6.68,"Đường Phố Tây Sơn, Phường Quang Trung, Quận Đống Đa, Hà Nội",25.0,3,4,5,Sổ hồng,2025-11-27
"BÁN TOÀ APARAMENT GẦN PHỐ CHÙA LÁNG, 140M2x7T, DT 170TR/THÁNG, 37.5 TỶ",37.5,"Đường Chùa Láng, Phường Láng Thượng, Quận Đống Đa, Hà Nội",140.0,28,29,7,Sổ đỏ,2025-11-27
Căn Góc Thái Hà 8 Tầng - Vỉa Hè Ô Tô Đỗ Tránh - Kinh Doanh - 39.9 tỷ,39.9,"Đường Thái Hà, Phường Trung Liệt, Quận Đống Đa, Hà Nội",50.0,5,8,8,Sổ đỏ,2025-11-27
"BÁN GẤP NHÀ MP GIẢNG VÕ, 120M2×3T, MT 6.5M, 69 TỶ - 0987104878",69.0,"Đường Giảng Võ, Phường Cát Linh, Quận Đống Đa, Hà Nội",120.0,5,5,3,Sổ đỏ,2025-11-27
"Bán nhà phố Tam Khương, Đống Đa 42m, 8 tầng. Giá: 18.5 tỷ",18.5,"Phường Khương Thượng, Quận Đống Đa, Hà Nội",42.0,8,8,8,Sổ đỏ,2025-11-27
"Tôi cần bán nhà mặt ngõ ô tô chánh đỗ kinh doanh Trường Chinh, 5tầng",16.79,"Phường Ngã Tư Sở, Quận Đống Đa, Hà Nội",40.0,4,5,5,Giấy tờ không xác định,2025-11-26
ĐÊ LA THÀNH NHÀ ĐẸP–DÂN XÂY–FULL NỘI THẤT–15M RA PHỐ- 31M2- NHỈNH 7 TỶ,7.0,"Đường Đê La Thành, Phường Ô Chợ Dừa, Quận Đống Đa, Hà Nội",31.0,3,4,6,Sổ đỏ,2025-11-26
"Bán nhà Tây Sơn, 30m ra mặt phố, đường ô tô, ngõ 3 gác thẳng tắp, ở lu",5.7,"Phường Ngã Tư Sở, Quận Đống Đa, Hà Nội",25.0,3,3,4,Giấy tờ không xác định,2025-11-26
NHÀ ĐẸP ĐÓN TẾT – 3 BƯỚC RA PHỐ – DÂN XÂY  FULL NỘI THẤT – TRUNG TÂM Đ,7.45,"Phường Khâm Thiên, Quận Đống Đa, Hà Nội",35.0,3,3,4,Giấy tờ không xác định,2025-11-26
"Bán nhà Khương Thượng, gần phố, ngõ 3 gác, 150m ra đường ô tô, lô góc",5.3,"Phường Khương Thượng, Quận Đống Đa, Hà Nội",23.0,2,2,3,Giấy tờ không xác định,2025-11-26
Khâm Thiên - 30mx 5 Tầng - Nhà Mới - Nở Hậu - Thoáng 2 Đầu,7.2,"Phường Khâm Thiên, Quận Đống Đa, Hà Nội",30.0,3,4,5,Giấy tờ không xác định,2025-11-26
"BÁN TOÀ CCMN ĐÊ LA THÀNH, 58M2x6T, 9 PHÒNG KK, DT 60TR/THÁNG, 13.9 TỶ",13.9,"Đường Đê La Thành, Phường Ô Chợ Dừa, Quận Đống Đa, Hà Nội",58.0,10,10,6,Sổ đỏ,2025-11-26
"Cc Bán nhà Ngõ 38 Phương mai dt 35m2 Mt 3,6m xây 3 tầng khung 4,65 tỷ.",4.65,"10, Đường Phương Mai, Phường Phương Mai, Quận Đống Đa, Hà Nội",32.8,3,3,3,Giấy tờ không xác định,2025-11-24
"Bán Nhà MP Cát Linh - Hào Nam - Phan Văn trị 150m2 Mt 7,5m đg hè 35m.",76.0,"68, Đường Cát Linh, Phường Ô Chợ Dừa, Quận Đống Đa, Hà Nội",150.0,8,6,5,Sổ đỏ,2025-11-24
⚡️bỎ lÀ tIẾc!: Ô TÔ VÀI BƯỚC - NGÕ THÔNG  - CÔNG VIÊN - Bán nhà ĐỐNG,3.58,"Phường Quang Trung, Quận Đống Đa, Hà Nội",19.0,3,3,5,Giấy tờ không xác định,2025-11-24
Thái HÀ – Đống Đa – 65 M2 – 4 Tầng – MT 5.47 M – Giá 18.1 Tỷ.,18.1,"Đường Thái Hà, Phường Trung Liệt, Quận Đống Đa, Hà Nội",65.0,4,3,4,Sổ đỏ,2025-11-24
"Bán nhà ngõ 4 phương mai Dt 45m x4T mt4 oto giá 17,6 tỷ",17.6,"6, Đường Phương Mai, Phường Phương Mai, Quận Đống Đa, Hà Nội",45.0,4,3,3,Sổ hồng,2025-11-24
"BÁN NHÀ 4 TẦNG KHU ĐÔ THỊ MECO COMPLEX, TRƯỜNG CHINH, ĐỐNG ĐA 88M .",35.99,"68, Đường Trường Chinh, Phường Phương Mai, Quận Đống Đa, Hà Nội",88.0,5,4,4,Sổ đỏ,2025-11-23
Bán nhà 7 tầng  Hào Nam- Cát Linh 55m2 Mới oto đỗ giá 22 tỷ,22.0,"9, 9, Phường Ô Chợ Dừa, Quận Đống Đa, Hà Nội",47.8,6,7,7,Sổ đỏ,2025-11-23
Nguyễn Chí Thanh – Đống Đa Ô Tô Tránh – 94 M2 – 2 Tầng – Giá 27.8 Tỷ.,27.8,"Đường Nguyễn Chí Thanh, Phường Láng Hạ, Quận Đống Đa, Hà Nội",94.0,3,2,2,Sổ đỏ,2025-11-23
"Nhà Đẹp Gần Phố, Tây Sơn, Đống Đa 28/30m, 6 tầng, mt 3.5m, giá 9.1 tỷ.",9.1,"Đường Tây Sơn, Phường Ngã Tư Sở, Quận Đống Đa, Hà Nội",28.0,3,5,6,Sổ đỏ,2025-11-23
"CHÍNH CHỦ BÁN NHÀ LÊ DUẨN 22m2, 4 TẦNG, 4.3 TỶ, CÓ SỔ KHÔNG QH",4.3,"Phường Khâm Thiên, Quận Đống Đa, Hà Nội",22.0,3,3,4,Giấy tờ không xác định,2025-11-23
"BÁN NHÀ PHỐ THÁI HÀ – 60M², 4 TẦNG, GIÁ 16,5 TỶ",16.5,"Phường Láng Hạ, Quận Đống Đa, Hà Nội",60.0,4,4,4,Giấy tờ không xác định,2025-11-23
"Bán nhà ngõ Thông Phong,dd, dt,: 45x 5 tg, giá:13,5 ty",13.5,"Đường Ngõ Thông Phong, Phường Hàng Bột, Quận Đống Đa, Hà Nội",45.0,5,5,5,Sổ đỏ,2025-11-23
Tôi cần bán nhà mặt ngõ ô tô Trường Chinh 5tầng full nội thất,13.2,"Phường Ngã Tư Sở, Quận Đống Đa, Hà Nội",42.0,7,7,5,Giấy tờ không xác định,2025-11-21
"Bán nhà riêng 66m2 ở Thái Hà,lô góc 3thoáng,phân lô oto đỗ cổng,18.2tỷ",18.2,"Ngõ 198 Thái Hà, Đường Thái Hà, Phường Quang Trung, Quận Đống Đa, Hà Nội",66.0,5,4,5,Sổ hồng,2025-11-13
"Bán nhà riêng 55m2 ngõ 178 Thái Hà, kinh doanh, oto tránh,vỉa hè, 22tỷ",22.0,"Ngõ 178 Thái Hà, Đường Thái Hà, Phường Láng Hạ, Quận Đống Đa, Hà Nội",55.0,6,4,5,Sổ đỏ,2025-11-21
"BÁN NHÀ TẬP THỂ TẦNG 1 (KHÔNG XÂY LÊN ĐƯỢC) ngõ 165 Thái Hà, HÀ NỘI",12.0,"Phường Láng Hạ, Quận Đống Đa, Hà Nội",90.0,2,1,1,Giấy tờ không xác định,2025-11-21
"Bán nhà phố Tây Sơn 44m2,6T thang máy,40m ra phố,oto đỗ cổng,14.5tỷ",14.5,"Ngõ 167 Tây Sơn, Đường Tây Sơn, Phường Quang Trung, Quận Đống Đa, Hà Nội",44.0,4,4,6,Sổ đỏ,2025-11-21
Nhà rộng 40m2 x 4 tầng_SĐCC trung tâm phố Lê Duẩn chỉ hơn 5 tỷ,5.6,"Phường Văn Chương, Quận Đống Đa, Hà Nội",40.0,3,3,4,Sổ đỏ,2025-11-21
"Bán nhà mặt phố Đoàn Thị điểm, đd, dt: 20mx 5 tg,giá: 4,65 tỷ",4.65,"Đường Đoàn Thị Điểm, Phường Cát Linh, Quận Đống Đa, Hà Nội",20.0,3,3,5,Sổ đỏ,2025-11-21
"Tôn Đức Thắng, Đống Đa, 28m2, 3 tầng, 3 ngủ, full, 5.5 tỷ",5.5,"Đường Tôn Đức Thắng, Phường Khâm Thiên, Quận Đống Đa, Hà Nội",28.0,3,3,3,Sổ đỏ,2025-11-21
"Bán nhà phân lô Hoàng Cầu 63m2,oto tránh,2thoáng,kinh doanh, 26.5tỷ.",26.5,"Ngõ 61, Đường Hoàng Cầu, Phường Ô Chợ Dừa, Quận Đống Đa, Hà Nội",63.0,4,3,5,Sổ hồng,2025-11-13
"Bán nhà dân xây Thái Hà 60m2,oto đỗ cổng,ở ngay, kinh doanh, 16.8tỷ",16.8,"Đường Thái Hà, Phường Trung Liệt, Quận Đống Đa, Hà Nội",60.0,4,3,5,Sổ hồng,2025-11-10
"BÁN TÒA NHÀ MỚI ĐẸP , THANG MÁY Ở THỊNH QUANG - ĐỐNG ĐA, DÒNG TIỀN 50T",13.68,"Đường Thịnh Quang, Phường Thịnh Quang, Quận Đống Đa, Hà Nội",50.0,11,11,6,Sổ đỏ,2025-11-20
BÁN NHÀ XÃ ĐÀN – CĂN HỘ CHO THUÊ 6 TẦNG – 20M RA PHỐ TÔN ĐỨC THẮNG,14.2,"Phường Hàng Bột, Quận Đống Đa, Hà Nội",70.0,11,7,6,Giấy tờ không xác định,2025-11-20
Tôi cần bán nhà Ngõ Đường Láng 5tầng thang máy full nội thất,15.79,"Phường Láng Thượng, Quận Đống Đa, Hà Nội",38.0,6,5,5,Giấy tờ không xác định,2025-11-20
NGÕ NGÔ SĨ LIÊN – TRUNG TÂM HÀ NỘI – CỰC HỢP XÂY CHO TÂY THUÊ,7.5,"Phường Khâm Thiên, Quận Đống Đa, Hà Nội",42.0,1,2,3,Giấy tờ không xác định,2025-11-20
"Mặt phố, 92,8m2, 9 tầng, mặt tiền 5,5m Ngã Tư Sở, Đống Đa, 39 tỷ 750.",39.75,"Phường Thịnh Quang, Quận Đống Đa, Hà Nội",93.0,13,13,9,Sổ hồng,2025-11-20
Siêu hiếm – Nhà lô góc Nguyễn Chí Thanh 58m2 – Mặt tiền 4.5m– ô tô vào,26.0,"Đường Nguyễn Chí Thanh, Phường Láng Thượng, Quận Đống Đa, Hà Nội",54.0,6,7,5,Sổ đỏ,2025-11-20
"86 Hào Nam - Đống Đa 33m2 4 Tầng 8,7ty",8.7,"Phường Ô Chợ Dừa, Quận Đống Đa, Hà Nội",33.0,4,3,4,Giấy tờ không xác định,2025-11-20
"Nhà Mới 5 Tầng – Full Nội Thất – Ở Ngay – Chợ Khâm Thiên, Đống Đa",5.15,"Phường Khâm Thiên, Quận Đống Đa, Hà Nội",19.0,3,4,5,Giấy tờ không xác định,2025-11-20
Đê La Thành – Đống Đa - Ô Tô Trnh – 79 M2 – 5 T – MT 7 M – Giá 20.9 Tỷ,20.9,"Đường Đê La Thành, Phường Ngã Tư Sở, Quận Đống Đa, Hà Nội",79.0,8,6,5,Sổ đỏ,2025-11-19
"Phân Lô Tôn Đức Thắng 31m2, Nhà 5 T, Nở Hậu Gần Phố,Gần Hồ Văn Chương",7.65,"Phường Cát Linh, Quận Đống Đa, Hà Nội",31.0,3,1,5,Giấy tờ không xác định,2025-11-19
"Phân Lô Hồ Ba Mẫu, Nhà Nở Hậu 5 Tầng Chắc Chắn, Gần Công Viên",7.55,"Phường Trung Liệt, Quận Đống Đa, Hà Nội",29.0,3,3,5,Giấy tờ không xác định,2025-11-19
"Phân Lô Linh Quang Gần Hồ Văn Chương, Nhà Nở Hậu 5 Tầng Đẹp Long Lanh",7.6,"Phường Văn Chương, Quận Đống Đa, Hà Nội",30.0,4,1,5,Giấy tờ không xác định,2025-11-19
Bán Tòa Nhà Mặt Phố Xã Đàn - Ô Chợ Dừa - Đống Đa 320M 9 T Giá 240 tỷ,240.0,"Đường Xã Đàn, Phường Ô Chợ Dừa, Quận Đống Đa, Hà Nội",350.0,5,8,9,Sổ đỏ,2025-11-19
"Bán nhà phố Chùa Láng ô tô thang máy thoáng trước sau, 43m2, 5t.",15.8,"Đường Chùa Láng, Phường Láng Thượng, Quận Đống Đa, Hà Nội",43.0,6,4,5,Sổ hồng,2025-11-19
"Hạ chào 15 tỷ, mặt phố Trung Phụng hàng xóm Xã Đàn, Dt 100m2, 8t, 7m.",81.0,"Đường Trung Phụng, Phường Thổ Quan, Quận Đống Đa, Hà Nội",100.0,8,8,8,Sổ hồng,2025-11-19
"Bán nhà phố Hoàng Cầu, Đống Đa 54m, 5 tầng, mt 5m. Giá: 16.9 tỷ.",16.9,"Đường Hoàng Cầu, Phường Ô Chợ Dừa, Quận Đống Đa, Hà Nội",54.0,5,4,5,Sổ đỏ,2025-11-19
"Bán nhà phố Chùa Bộc thoáng trước sau, dt 50m2, 5t, mt 4m. đẹp ở ngay.",12.8,"Đường Chùa Bộc, Phường Kim Liên, Quận Đống Đa, Hà Nội",50.0,6,4,5,Sổ hồng,2025-11-19
"Bán nhà phố Tây Sơn, Đống Đa 50m, 6 tầng, mt 4,5m. Giá: 15.5 tỷ",15.5,"Đường Tây Sơn, Phường Quang Trung, Quận Đống Đa, Hà Nội",50.0,4,5,6,Sổ đỏ,2025-11-19
Không gian sống đầy đủ tiện ích tại Đống Đa – 41m – 8.8 tỷ,8.8,"Phường Ngã Tư Sở, Quận Đống Đa, Hà Nội",41.0,4,3,4,Giấy tờ không xác định,2025-11-19
Nhà phố ngay Trung Tâm Hà Nội gần Quốc Tử Giám 3 phòng ngủ,9.85,"Phường Văn Miếu, Quận Đống Đa, Hà Nội",38.0,3,4,4,Giấy tờ không xác định,2025-11-18
🔥SIÊU HIẾM - NHỈNH 3 TỶ NHÀ FULL NỘI THẤT - 20M RA MẶT PHỐ,3.38,"Phường Khâm Thiên, Quận Đống Đa, Hà Nội",16.0,2,2,4,Giấy tờ không xác định,2025-11-18
"- Bán nhà ngõ Trường Chinh, Thanh Xuân, Siêu đẹp, 77.5m2, 23.5 tỷ",23.5,"Đường Trường Chinh, Phường Kim Liên, Quận Đống Đa, Hà Nội",77.5,8,1,7,Sổ đỏ,2025-11-18
LÔ GÓC – DÒNG TIỀN 20TR/THÁNG – TRUNG TÂM ĐỐNG ĐA,12.2,"Phường Cát Linh, Quận Đống Đa, Hà Nội",42.0,5,4,4,Giấy tờ không xác định,2025-11-18
Bán nhà Ngõ Linh Quang - Đống Đa,4.75,"Phường Văn Miếu, Quận Đống Đa, Hà Nội",15.0,2,2,4,Giấy tờ không xác định,2025-11-18
SIÊU PHẨM THÁI HÀ – Ô TÔ ĐỖ CỬA – VỈA HÈ – Ở & KINH DOANH ĐỈNH CAO,15.8,"Phường Láng Hạ, Quận Đống Đa, Hà Nội",30.0,4,5,4,Giấy tờ không xác định,2025-11-18
"HIẾM! MẶT NGÕ ĐỐNG ĐA, CÁCH PHỐ 50M, 3 NGỦ FULL NỘI THẤT, CHỈ 3,38 TỶ",3.38,"Đường Khâm Thiên, Phường Khâm Thiên, Quận Đống Đa, Hà Nội",16.0,3,3,4,Sổ đỏ,2025-11-17
"Tôi chính chủ cần bán nhà Ngõ Phổ Giác, Phố Ngô Sĩ Liên 10m x 5 tầng,",1.5,"53B, Đường Ngõ Phổ Giác, Phường Quốc Tử Giám, Quận Đống Đa, Hà Nội",8.0,3,1,5,Sổ đỏ,2025-11-17
"CẦN BÁN NHÀ 34M² GẦN HỒ LINH QUANG, CÁCH 10M Ô TÔ TRÁNH, PHỐ LINH QUAN",8.7,"Phường Quốc Tử Giám, Quận Đống Đa, Hà Nội",34.0,3,3,4,Giấy tờ không xác định,2025-11-17
"Cần bán nhà ở Phố Tôn Đức Thắng , 15m2, 2 tầng , 15m ra phố",2.5,"Phường Hàng Bột, Quận Đống Đa, Hà Nội",15.0,1,1,2,Sổ hồng,2025-11-16
⚡️BỎ LÀ TIẾCi: Ô TÔ 10M - NGÕ THÔNG - CÔNG VIÊN - Bán nhà ĐỐNG ĐA,3.19,"Phường Quang Trung, Quận Đống Đa, Hà Nội",19.0,3,3,4,Giấy tờ không xác định,2025-11-16
BIỆT THỰ MINI THỊNH QUANG - Ô TÔ QUA NHÀ - VƯỜN NƯỚNG BBQ - HỒ CÁ KOI,18.0,"Phường Thịnh Quang, Quận Đống Đa, Hà Nội",65.0,4,2,5,Giấy tờ không xác định,2025-11-15
"Bán nhà phố Huỳnh Thúc Kháng, Đống Đa 38m, 5 tầng. Giá: 16.5 tỷ",16.5,"Phường Láng Hạ, Quận Đống Đa, Hà Nội",38.0,3,4,5,Sổ đỏ,2025-11-14
"Bán Nhà 6T Thang Máy Mp Hoàng cầu- Hào Nam 66m2 Mt4,5m đường hè 40m .",36.68,"66, Đường Hào Nam, Phường Ô Chợ Dừa, Quận Đống Đa, Hà Nội",66.0,6,6,6,Sổ đỏ,2025-11-14
"Bán nhà phố Thái Hà, Đống Đa 56m, 6 tầng. Giá: 20.5 tỷ",20.5,"Phường Trung Liệt, Quận Đống Đa, Hà Nội",56.0,4,5,6,Sổ đỏ,2025-11-14
"NHANH! NHÀ MỚI TINH 7 TẦNG THANG MÁY HỒ BA MẪU - MẶT NGÕ THÔNG, GẦN HỒ",9.8,"Đường Hồ Ba Mẫu, Phường Phương Liên, Quận Đống Đa, Hà Nội",39.0,3,6,7,Sổ đỏ,2025-11-14
"Bán nhà mặt phố 119 Thái Thịnh,43,5 m xây 4 tầng",31.0,"Phường Phương Liên, Quận Đống Đa, Hà Nội",45.0,6,2,4,Sổ đỏ,2025-11-14
Bán nhà phân lô Nguyên Hồng  - huỳnh thúc kháng - đống đa,24.5,"47, Đường Nguyên Hồng, Phường Láng Thượng, Quận Đống Đa, Hà Nội",42.0,6,5,6,Sổ đỏ,2025-11-17
"Bán đất tặng nhà cũ 3 tầng kiểu biệt thự, mặt hồ Linh Quang Khâm Thiên",63.0,"686, Đường Hồ Văn Chương, Phường Văn Miếu, Quận Đống Đa, Hà Nội",140.0,5,3,3,Sổ đỏ,2025-11-13
"🏠 BÁN NHÀ MỚI – THIẾT KẾ HIỆN ĐẠI – TRUNG PHỤNG, ĐỐNG ĐA, HÀ NỘI",5.5,"140, Đường Trung Phụng, Phường Văn Miếu, Quận Đống Đa, Hà Nội",25.0,3,3,5,Sổ đỏ,2025-11-21
Bán Nhà Xã Đàn Đống Đa 36m 5 tầng 6 ngủ Ngõ đều Rộng 3m 130m Ra Phố,9.45,"Đường Xã Đàn, Phường Ô Chợ Dừa, Quận Đống Đa, Hà Nội",36.0,6,4,5,Sổ đỏ,2025-11-21
Bán Nhà MP Tôn Đức Thắng - Đống Đa- Độc Tôn- Giữ Tiền-_Lô Góc,31.8,"Đường Tôn Đức Thắng, Phường Hàng Bột, Quận Đống Đa, Hà Nội",45.0,4,3,5,Sổ đỏ,2025-11-18
Bán nhà ngõ phố trường chinh vị trí đẹp,25.0,"Đường Trường Chinh, Phường Khương Thượng, Quận Đống Đa, Hà Nội",105.0,2,2,2,Sổ đỏ,2025-11-17
"Bán Nhà Khu Vực Vip Đống Đa, Gần Phố Bố Làm To",13.6,"Phường Láng Thượng, Quận Đống Đa, Hà Nội",49.0,6,4,5,Giấy tờ không xác định,2025-11-14
"Chính chù bán nhà cực đẹp đường Láng:25m2, 4 tầng,full nội tất, 5,6 tỷ",5.6,"Đường Láng, Phường Láng Hạ, Quận Đống Đa, Hà Nội",25.0,3,3,4,Sổ đỏ,2025-11-24
"BÁN NHÀ TÔN ĐỨC THẮNG, Ô TÔ ĐỖ CỬA, 3 THOÁNG, 56M2x3T, MT 8M, 9.7 TỶ",9.7,"Đường Tôn Đức Thắng, Phường Láng Thượng, Quận Đống Đa, Hà Nội",56.0,4,4,3,Sổ đỏ,2025-11-12
"Nhà Mới Thang Máy Phố Xã Đà, Nguồn Kín, Giá Thương Lượng Tốt",15.75,"215, Đường Xã Đàn, Phường Nam Đồng, Quận Đống Đa, Hà Nội",45.0,4,5,6,Sổ đỏ,2025-11-24
Chính chủ cần bán nhà gấp ngõ 221 tôn đức thắng,14.2,"221, Đường Tôn Đức Thắng, Phường Hàng Bột, Quận Đống Đa, Hà Nội",29.0,4,3,5,Sổ đỏ,2025-11-17
"Bán nhà 5 tầng mới ! Xã Đàn 2 26mx5T, MT3,3 giá 7,6 tỷ . cách ô tô 5m",7.6,"Ngõ 101, Đường Xã Đàn 2, Phường Nam Đồng, Quận Đống Đa, Hà Nội",26.0,4,4,5,Sổ đỏ,2025-11-20
Nha Phố Khâm Thiên thiết kế đỉnh cao bàn giao ngay,13.5,"Đường Chợ Khâm Thiên, Phường Khâm Thiên, Quận Đống Đa, Hà Nội",42.0,4,3,5,Sổ đỏ,2025-11-17
"Bán nhà mặt ngõ, đang kinh doanh, khu vực sầm uất gần trường, chợ, bv",4.2,"1, Đường Phương mai, Phường Phương Mai, Quận Đống Đa, Hà Nội",20.0,2,3,4,Giấy tờ không xác định,2025-11-17
"Vị trí đắc địa nhất trung tâm đống đa 58,5m 3 tầng mới đẹp 17,8 tỷ",18.0,"Phường Láng Hạ, Quận Đống Đa, Hà Nội",59.0,2,2,3,Sổ đỏ,2025-11-17
GĐ Cần bán nhà riêng TÔN ĐỨC THẮNG 5T DT 27M 90M ra phố bán nhỉnh 6 tỷ,6.18,"Phường Văn Miếu, Quận Đống Đa, Hà Nội",26.0,3,4,5,Giấy tờ không xác định,2025-11-13
"Bán nhà ngõ 65 Ô Đồng Lầm, 34.4 m2x2T,ấm cúng hài hoà,70m ra Hồ Ba Mẫu",8.6,"Phường Phương Liên, Quận Đống Đa, Hà Nội",34.4,2,1,2,Giấy tờ không xác định,2025-11-13
NGÕ VĂN HƯƠNG - VỊ TRÍ ĐẸP - HAI MẶT NGÕ • GẦN PHỐ • MỚI ĐẸP Ở NGAY,6.98,"Phường Hàng Bột, Quận Đống Đa, Hà Nội",26.0,2,3,3,Giấy tờ không xác định,2025-11-13
NHÀ VĂN CHƯƠNG - TÔN ĐỨC THẮNG - GẦN HỒ -  RA PHỐ GẦN - VUÔNG ĐẸP,8.35,"Phường Văn Chương, Quận Đống Đa, Hà Nội",40.0,4,3,4,Giấy tờ không xác định,2025-11-13
"Bán nhà Chính Chủ ngõ Văn Chương, Đống Đa, 3 phòng ngủ, 5.48 tỷ!",5.48,"Phường Khâm Thiên, Quận Đống Đa, Hà Nội",23.0,3,4,5,Giấy tờ không xác định,2025-11-13
"Tôi cần bán nhà 4tầng full nội thất, mặt ngõ ô tô Thái Hà",16.45,"Phường Láng Hạ, Quận Đống Đa, Hà Nội",60.0,4,4,4,Giấy tờ không xác định,2025-11-13
Mặt phố Tôn Đức Thắng phường Cát Linh 45m 6 tầng chính chủ cần bán,31.0,"Đường Tôn Đức Thắng, Phường Cát Linh, Quận Đống Đa, Hà Nội",40.0,4,5,6,Sổ đỏ,2025-11-12
"Nguyễn Chí Thanh, Ba Đình, Đống Đa 1,2 tỷ/ năm giá 25 tỷ 80M-8T",25.0,"Đường Nguyễn Chí Thanh, Phường Láng Thượng, Quận Đống Đa, Hà Nội",80.0,22,22,7,Sổ đỏ,2025-11-11
Mặt Phố Láng Hạ - Đống Đa – 131 M2 – 4 Tầng – MT 5.9 M – Giá 64.8 Tỷ.,64.8,"Đường Láng Hạ, Phường Láng Hạ, Quận Đống Đa, Hà Nội",131.0,4,4,4,Sổ đỏ,2025-11-16
"📢NHÀ Siêu Đẹp, 3 Ngủ, 4 wc, Gần Phố, 2 Thoáng Trước Sau",7.6,"Phường Khâm Thiên, Quận Đống Đa, Hà Nội",34.0,3,4,4,Giấy tờ không xác định,2025-11-12
⚡️Bỏ Lỡ Tiếc Hùi Hụi: Ô TÔ 10M - NGÕ THÔNG - GIÁ RẺ BẤT NGỜ - Bán nhà,3.1,"Phường Quang Trung, Quận Đống Đa, Hà Nội",19.0,3,3,4,Giấy tờ không xác định,2025-11-12
"Chính chủ bán nhà Vũ Ngọc Phan, đường ô tô 2 mặt tiền 5m nhà 8 tầng",42.0,"Phường Láng Hạ, Quận Đống Đa, Hà Nội",90.0,11,7,8,Giấy tờ không xác định,2025-11-12
Chính chủ bán nhà 9 tầng ngõ ô tô tránh Thái Hà 70m2 với 9 tầng có hầm,36.0,"Phường Láng Hạ, Quận Đống Đa, Hà Nội",70.0,11,7,4,Giấy tờ không xác định,2025-11-12
"Bán nhà Đống Đa, ô tô đỗ cửa, kinh doanh, 38m2, chỉ 12.8 tỷ!",12.8,"Phường Khương Thượng, Quận Đống Đa, Hà Nội",38.0,3,4,4,Giấy tờ không xác định,2025-11-12
"Bán nhà phân lô Thái Hà – 41m² – 5 tầng – MT 4.1m – ô tô tránh – 22,5",22.5,"Phường Trung Liệt, Quận Đống Đa, Hà Nội",42.0,3,4,5,Giấy tờ không xác định,2025-11-12
"Nhà gần phố Tôn Đức Thắng – 5 tầng đẹp – cách ô tô 20m – 5,85 tỷ",5.85,"Phường Hàng Bột, Quận Đống Đa, Hà Nội",20.0,2,3,5,Giấy tờ không xác định,2025-11-12
"BÁN NHÀ MP PHƯỜNG LÁNG, LÔ GÓC, 95M2×3T, MT 4M NỞ HẬU, 38 TỶ",38.0,"Phường Láng Thượng, Quận Đống Đa, Hà Nội",95.0,4,4,3,Sổ đỏ,2025-11-11
"Phố Láng Hạ, Đống Đa, Ô tô trong nhà, 8Tầng 35 tỷ",35.0,"Đường Láng Hạ, Phường Láng Hạ, Quận Đống Đa, Hà Nội",60.0,8,8,9,Sổ đỏ,2025-11-11
Bán nhà khu vực đặng văn ngữ - trung tự - kim liên  4 tầng,6.99,"Đường Đặng Văn Ngữ, Phường Kim Liên, Quận Đống Đa, Hà Nội",21.0,3,3,4,Sổ đỏ,2025-11-11
Bán nhà phân lô ngõ phố Láng Hạ - đống đa - hn,68.0,"59, Đường Láng Hạ, Phường Láng Hạ, Quận Đống Đa, Hà Nội",110.0,8,8,8,Sổ đỏ,2025-11-15
"Nhỉnh 23tỷ nhà đẹp Tôn Đức Thắng 48m2,7T thang máy, oto đỗ cửa,kd đỉnh",23.2,"Đường Tôn Đức Thắng, Phường Khâm Thiên, Quận Đống Đa, Hà Nội",48.0,6,5,7,Sổ hồng,2025-11-10
Tôi cần bán nhà 5tầng Thái Hà mặt ngõ ô tô chánh đỗ kinh doanh vỉa hè,22.48,"Phường Láng Hạ, Quận Đống Đa, Hà Nội",41.0,4,5,5,Giấy tờ không xác định,2025-11-11
TOÀ KÍNH PHỐ THÁI HÀ - 8 TẦNG THANG MÁY - KINH DOANH ĐỈNH CAO,47.48,"Phường Trung Liệt, Quận Đống Đa, Hà Nội",78.0,4,6,8,Giấy tờ không xác định,2025-11-11
"Bán tòa kính mặt phố Chùa Láng 136m², 8 tầng + hầm, MT 6.2m, 115 tỷ",114.5,"Phường Láng Thượng, Quận Đống Đa, Hà Nội",136.0,1,6,8,Giấy tờ không xác định,2025-11-11
NHÀ PHỐ PHƯƠNG MAI - VF3 ĐỖ CỬA-2 THOÁNG-GẦN TT-BỆNH VIỆN - TRƯỜNG ĐH,13.5,"Phường Phương Mai, Quận Đống Đa, Hà Nội",45.0,3,4,4,Giấy tờ không xác định,2025-11-11
BÁN NHÀ – ĐỐNG ĐA – 38M2- 6 TẦNG – THANG MÁY – NHỈNH 11 TỶ,11.4,"Đường Trần Hữu Tước, Phường Nam Đồng, Quận Đống Đa, Hà Nội",39.0,3,5,6,Sổ đỏ,2025-11-10
"Chính chủ bán nhà 5 tầng, phố Xã Đàn - Đê La Thành, sổ đỏ chính chủ.",7.1,"Đường Xã Đàn, Phường Văn Miếu, Quận Đống Đa, Hà Nội",31.1,4,3,5,Sổ đỏ,2025-11-21
"CC bán nhà số 2 ngõ 41 Thái Hà - Lô góc 118mx7 tầng , KD, VP (MTG)",43.5,"Đường Thái Hà, Phường Trung Liệt, Quận Đống Đa, Hà Nội",118.0,12,12,7,Sổ đỏ,2025-11-17
"Bán nhà 5,5T mặt Hồ Hoàng Cầu DTXD 48m2 MT 3.5m đường hè 6m 22,8ty.",22.8,"68, Đường Mai Anh Tuấn, Phường Ô Chợ Dừa, Quận Đống Đa, Hà Nội",48.0,4,3,6,Sổ đỏ,2025-11-14
"💥 Nhà gì mà khu tướng tá ở, full nội thất xịn thế này?",15.2,"Đường Thịnh Quang, Phường Thịnh Quang, Quận Đống Đa, Hà Nội",40.0,4,4,7,Sổ đỏ,2025-11-13
"Bán nhà phố Thịnh Quang 6 tầng thang máy , 40m2 , Mt 6.5m",9.9,"Phường Thịnh Quang, Quận Đống Đa, Hà Nội",40.0,3,4,6,Giấy tờ không xác định,2025-11-10
SIÊU PHẨM NHÀ MỚI TINH FULL NỘI THẤT - PHÂN LÔ CÁN BỘ - GARA Ô TÔ - VÀ,16.0,"Phường Trung Liệt, Quận Đống Đa, Hà Nội",40.0,4,4,5,Giấy tờ không xác định,2025-11-10
"Nhà Mới Đẹp Trung Tâm Quận Đống Đa, 30m Ra Ô Tô, 4 Phòng Ngủ",8.8,"Đường Yên Lãng, Phường Thịnh Quang, Quận Đống Đa, Hà Nội",34.0,4,5,6,Sổ đỏ,2025-11-20
"Bán nhà ngõ, vị trí sát mặt phố Tây Sơn, MB 48m2x 6 tầng có thang máy",20.0,"Đường Phố Tây Sơn, Phường Ngã Tư Sở, Quận Đống Đa, Hà Nội",48.0,4,5,6,Sổ đỏ,2025-11-13
BÁN NHÀ MỚI LÁNG HẠ – 3 NGỦ KHÉP KÍN – TRUNG TÂM BA ĐÌNH,8.6,"Phường Láng Hạ, Quận Đống Đa, Hà Nội",31.0,3,4,5,Giấy tờ không xác định,2025-11-09
MẶT PHỐ TRẦN HỮU TƯỚC - 30m2 x 5 - KINH DOANH - Ô TÔ - NHỈNH 7 TỶ,7.5,"Phường Nam Đồng, Quận Đống Đa, Hà Nội",30.0,3,4,5,Giấy tờ không xác định,2025-11-09
"Bán Nhà Ngay Công Viên Trân Quang Diệu 50m Ô Tô Tránh 35m2 6T 9,78ty",9.78,"Phường Quang Trung, Quận Đống Đa, Hà Nội",35.0,3,5,6,Giấy tờ không xác định,2025-11-09
"Bán Nhà Ngõ 2 Tây Sơn Đống Đa 33m2 6T 9,8ty",9.8,"Phường Quang Trung, Quận Đống Đa, Hà Nội",33.0,3,5,6,Giấy tờ không xác định,2025-11-09
"Nhà mới Đặng Văn Ngữ lô góc gần ô tô, Dt 25m2, 4t, mt 3.5m, 6.95 tỷ.",6.95,"Đường Đặng Văn Ngữ, Phường Kim Liên, Quận Đống Đa, Hà Nội",25.0,3,4,4,Sổ hồng,2025-11-08
Bán nhà chính chủ Ngọc 79 Nguyễn chí thanh,2.3,"2, Đường Nguyễn Chí Thanh, Phường Láng Thượng, Quận Đống Đa, Hà Nội",32.0,1,1,3,Giấy tờ không xác định,2025-11-12
"SIÊU PHẨM PHẠM NGỌC THẠCH, 37M2, THANG MÁY, NGÕ THÔNG, SÁT PHỐ, 8,2 TỶ",8.2,"Đường Phạm Ngọc Thạch, Phường Kim Liên, Quận Đống Đa, Hà Nội",37.0,2,3,4,Sổ đỏ,2025-11-12
98 Thái Hà Nhà Phân Lô- Gara Oto Vào Nhà,22.5,"98, Đường Thái Hà, Phường Quang Trung, Quận Đống Đa, Hà Nội",44.0,4,4,5,Sổ đỏ,2025-11-12
"Biệt thự căn góc 4,5T đẹp  Ô Đồng Lâm-Hồ Ba Mẫu cách ô tô 30m sát Hồ",20.0,"Đường Ô Đồng Lầm, Phường Phương Liên, Quận Đống Đa, Hà Nội",96.0,4,4,4,Sổ đỏ,2025-11-12
"Bán nhà phố Khâm Thiên - 5 tầng 42m2, Mt 5m, ô chờ thang máy",13.9,"Phường Khâm Thiên, Quận Đống Đa, Hà Nội",42.0,3,4,5,Giấy tờ không xác định,2025-11-08
BÁN NHÀ TÔN ĐỨC THẮNG – NHÀ MỚI FULL NỘI THẤT – TRUNG TÂM ĐỐNG ĐA,7.95,"Phường Khâm Thiên, Quận Đống Đa, Hà Nội",38.0,4,3,4,Giấy tờ không xác định,2025-11-08
"Nhà đẹp-Mặt ngõ-Ngõ thông-Gần phố oto-Xã Đàn 37mx4T- ở,thuê,KD-12.85tỷ",12.85,"Phường Kim Liên, Quận Đống Đa, Hà Nội",37.0,3,4,4,Giấy tờ không xác định,2025-11-08
"Bán tòa căn hộ dịch vụ Trung Phụng thoáng trước sau, Dt 70m2, 8t,mt 5m",22.5,"Đường phố trung phụng, Phường Trung Phụng, Quận Đống Đa, Hà Nội",70.0,18,18,8,Sổ hồng,2025-11-07
"Bán tòa căn hộ dịch vụ Đặng Văn Ngữ, Dt 70m2, 7t, mt 5.3m, 1.5 tỷ/năm.",24.5,"Đường Đặng Văn Ngữ, Phường Trung Tự, Quận Đống Đa, Hà Nội",70.0,21,21,7,Sổ hồng,2025-11-07
"BÁN GẤP NHÀ MẶT PHỐ PHÁO ĐÀI LÁNG, 59M2x4T, MT 4M, 23.5 TỶ",23.5,"Đường Pháo Đài Láng, Phường Láng Thượng, Quận Đống Đa, Hà Nội",59.0,4,4,4,Sổ đỏ,2025-11-07
"BÁN KHÁCH SẠN PHÁO ĐÀI LÁNG, 70M2x9T THANG MÁY, 18 PHÒNG, 37 TỶ",37.0,"Đường Pháo Đài Láng, Phường Láng Thượng, Quận Đống Đa, Hà Nội",70.0,18,19,9,Sổ đỏ,2025-11-06
Bán Tòa Nhà Mặt Phố Hoàng Cầu - Đống Đa - 410M Giá 240 tỷ Giá Tốt,240.0,"Đường hoàng cầu, Phường Trung Liệt, Quận Đống Đa, Hà Nội",410.0,8,12,10,Sổ đỏ,2025-11-18
"Nhà siêu hiếm phố Tôn Đức Thắng – 25m², 5 tầng, xây mới hiện đại",7.2,"Phường Hàng Bột, Quận Đống Đa, Hà Nội",25.0,3,4,5,Giấy tờ không xác định,2025-11-07
"Nhà Thái Hà - 63m2 | 6 tầng 7 ngủ | Ngõ nông, ô tô cách 30m | 16.x tỷ",16.5,"Phường Trung Liệt, Quận Đống Đa, Hà Nội",63.0,7,5,6,Giấy tờ không xác định,2025-11-07
SIÊU PHẨM NHỎ TIỀN – TRUNG TÂM ĐỐNG ĐA – NGÕ RỘNG – FULL NỘI THẤT,5.85,"Phường Hàng Bột, Quận Đống Đa, Hà Nội",18.0,3,4,5,Giấy tờ không xác định,2025-11-07
"Căn hộ dòng tiền Đặng Văn Ngữ, 24 phòng, dòng tiền khủng, 85m2 24.5 tỷ",24.5,"Phường Trung Tự, Quận Đống Đa, Hà Nội",85.0,11,7,7,Giấy tờ không xác định,2025-11-07
"Chính chủ bán nhà Thái Thịnh, 43m2, 6 tầng thang máy, nhà mới ở luôn",10.0,"Phường Thịnh Quang, Quận Đống Đa, Hà Nội",43.0,4,5,6,Giấy tờ không xác định,2025-11-07
GIÁ MỚI CHỈ 7.98 TỶ – NHÀ MỚI ĐẸP TT ĐỐNG ĐA – FULL NỘI THẤT – GẦN PHỐ,7.98,"Phường Thổ Quan, Quận Đống Đa, Hà Nội",46.0,2,3,3,Giấy tờ không xác định,2025-11-07
"NHÀ MỚI ĐỐNG ĐA 10M Ô TÔ TRÁNH - 38M2 6 TẦNG THANG MÁY CHỈ 13,8 TỶ",13.8,"Phường Thổ Quan, Quận Đống Đa, Hà Nội",38.0,3,5,6,Giấy tờ không xác định,2025-11-06
"Nhà Đẹp Ô TÔ Vào Nhà Trần Quang Diệu 48/67m, 7 tầng, mt 6m, 33.5 tỷ",33.5,"Đường Trần Quang Diệu, Phường Ô Chợ Dừa, Quận Đống Đa, Hà Nội",48.0,5,5,7,Sổ đỏ,2025-11-06
"Bán Nhà Mặt Phố Nguyễn Chí Thanh,Đống Đa.38m.Mặt tiền 4.5m.KD đỉnh cao",14.6,"Đường Nguyễn Chí Thanh, Phường Láng Hạ, Quận Đống Đa, Hà Nội",38.0,4,5,5,Sổ đỏ,2025-11-06
Chính chủ cần bán gấp nhà mặt ngõ kinh doanh,13.0,"90, Đường Ngõ Văn Chương, Phường Văn Chương, Quận Đống Đa, Hà Nội",45.0,6,4,5,Sổ đỏ,2025-11-10
NHỈNH 10 TỶ Ô TÔ QUA NHÀ TRUNG LIỆT THÁI HÀ 25M2X6T THANG M ÁY,10.35,"Đường Trung Liệt, Phường Trung Liệt, Quận Đống Đa, Hà Nội",25.0,4,5,6,Sổ đỏ,2025-11-10
NHÀ LÔ GÓC TRUNG TÂM ĐỐNG ĐA – 10M RA PHỐ XÃ ĐÀN – NGÕ 3 GÁC TRÁNH,3.99,"Phường Nam Đồng, Quận Đống Đa, Hà Nội",11.0,3,3,5,Giấy tờ không xác định,2025-11-06
Tôi cần bán nhà Mặt phố Thổ Quan 1 nhà 4tầng full nội thất.,15.26,"Phường Ô Chợ Dừa, Quận Đống Đa, Hà Nội",44.0,4,4,4,Giấy tờ không xác định,2025-11-06
"TRUNG TÂM ĐỐNG ĐA - 36M2 4 TẦNG CHỈ 9,6 TỶ HIẾM TRONG PHÂN KHÚC",9.6,"Phường Láng Hạ, Quận Đống Đa, Hà Nội",36.0,4,3,4,Giấy tờ không xác định,2025-11-06
Thái Thịnh -Thịnh Quang 27m 4 tầng đẹp ở ngay 5.95 tỷ.,5.95,"Phường Ngã Tư Sở, Quận Đống Đa, Hà Nội",27.0,3,3,4,Giấy tờ không xác định,2025-11-06
🔥KHÔNG THỂ TIN!💥 GẦN BẠCH MAI - SỔ NỞ HẬU - 3 NGỦ 🛌. Bán nhà,4.5,"Phường Phương Mai, Quận Đống Đa, Hà Nội",22.0,3,3,3,Giấy tờ không xác định,2025-11-06
"HIẾM! NHÀ MỚI TRUNG TÂM ĐỐNG ĐA - 30M2 - 6 TẦNG THANG MÁY CHỈ 9,85 TỶ",9.85,"Phường Ô Chợ Dừa, Quận Đống Đa, Hà Nội",30.0,3,5,6,Giấy tờ không xác định,2025-11-06
NHÀ MẶT PHỐ TRUNG TÂM ĐỐNG ĐA - 60M2 - Ô TÔ ĐỖ CỬA CHỈ 25 TỶ,25.0,"Phường Kim Liên, Quận Đống Đa, Hà Nội",60.0,5,7,4,Giấy tờ không xác định,2025-11-05
"Bán nhà mặt phố An Trạch,cat linh,dt: 30m,5 tg, mt:6m, giá 15 tỷ",15.0,"Đường An Trạch, Phường Cát Linh, Quận Đống Đa, Hà Nội",30.0,4,5,5,Sổ đỏ,2025-11-05
"Bán nhà mặt phố Văn miếu , đd ,dt:60 m x 5 tg , mt :5,5_ giá :40 tỷ",40.0,"Đường Văn Miếu, Phường Quốc Tử Giám, Quận Đống Đa, Hà Nội",60.0,4,4,5,Sổ đỏ,2025-11-05
Nhà phố ô chợ dừa chung cư mini 7 tầng thang máy giá 24.5 tỷ,24.5,"Đường Đê La Thành nhỏ, Phường Ô Chợ Dừa, Quận Đống Đa, Hà Nội",52.0,6,7,7,Sổ đỏ,2025-11-05
Bán nhà phân lô nguyễn phúc lai - hoàng cầu,12.5,"Đường Nguyễn Phúc Lai, Phường Ô Chợ Dừa, Quận Đống Đa, Hà Nội",40.0,6,5,5,Sổ đỏ,2025-11-12
Bán nhà Hào Nam Đống Đa S59m 5T Mt6m Giá 13.47 tỷ,13.47,"Phường Ô Chợ Dừa, Quận Đống Đa, Hà Nội",55.0,4,5,5,Giấy tờ không xác định,2025-11-05
"Tôi cần bán nhà 3tầng,mặt ngõ ô tô chánh đỗ ngày đêm",15.79,"Phường Láng Hạ, Quận Đống Đa, Hà Nội",45.0,3,3,3,Giấy tờ không xác định,2025-11-05
"TRUNG TÂM ĐỐNG ĐA - 46,2M2 5 TẦNG - THANG MÁY CHỈ 14,8 TỶ",14.8,"Phường Quốc Tử Giám, Quận Đống Đa, Hà Nội",47.0,9,7,6,Giấy tờ không xác định,2025-11-05
"Bán nhà 6 tầng thang máy , 33,7m2 , Mt 6m - phố Khâm Thiên - Đống Đa",12.0,"Phường Khâm Thiên, Quận Đống Đa, Hà Nội",33.7,3,4,6,Giấy tờ không xác định,2025-11-05
"TRUNG TÂM ĐỐNG ĐA - 42M2 7 TẦNG THANG MÁY CHỈ 11,4 TỶ",11.4,"Phường Văn Miếu, Quận Đống Đa, Hà Nội",42.0,4,5,7,Giấy tờ không xác định,2025-11-05
"CCMN TRUNG TÂM ĐỐNG ĐA - 40M2 7 TẦNG THANG MÁY CHỈ 11,6 TỶ",11.6,"Phường Ô Chợ Dừa, Quận Đống Đa, Hà Nội",40.0,10,7,6,Giấy tờ không xác định,2025-11-05
"BÁN TOÀ CCMN XÃ ĐÀN, LÔ GÓC, 50M2×7T, 16PKK, MT 5M,85TR/THÁNG, 17.9 TỶ",17.9,"Đường Xã Đàn, Phường Phương Liên, Quận Đống Đa, Hà Nội",50.0,17,17,7,Sổ đỏ,2025-11-04
"BÁN NHÀ TÔN ĐỨC THẮNG 60m2 MT RỘNG, KINH DOANH NHỎ, CÁCH ÔTÔ TRÁNH 30M",11.6,"Đường Tôn Đức Thắng, Phường Văn Miếu, Quận Đống Đa, Hà Nội",60.0,3,3,3,Sổ đỏ,2025-11-08
BÁN NHÀ TRUNG TÂM QUẬN ĐỐNG ĐA,5.85,"Phường Trung Phụng, Quận Đống Đa, Hà Nội",25.0,3,4,5,Giấy tờ không xác định,2025-11-04
BÁN NHÀ ĐỐNG ĐA  – 7T THANG MÁY – TT PHƯỜNG KHÂM THIÊN – GIÁ 14.5 TỶ,14.5,"Phường Khâm Thiên, Quận Đống Đa, Hà Nội",44.0,9,7,7,Giấy tờ không xác định,2025-11-04
Tôi cần bán nhà 7tầng thang máy full nộithất mặt ngõ Huỳnh Thúc kháng,64.45,"Phường Láng Hạ, Quận Đống Đa, Hà Nội",73.0,6,7,7,Giấy tờ không xác định,2025-11-04
Cần bán toà nhà dòng tiền vị trí cực víp tại Đống Đa,16.0,"Phường Khương Thượng, Quận Đống Đa, Hà Nội",50.0,11,7,8,Giấy tờ không xác định,2025-11-04
"TRUNG TÂM ĐỐNG ĐA - 31M2 - MẶT TIỀN RỘNG 5M CHỈ 6,45",6.45,"Phường Phương Liên, Quận Đống Đa, Hà Nội",31.0,3,4,4,Giấy tờ không xác định,2025-11-04
"Siêu hiếm! Bán nhà Đặng Tiến Đông 63m2, 6T thang máy, MT 5.8m, 16.5 tỷ",16.5,"Phường Trung Liệt, Quận Đống Đa, Hà Nội",63.0,8,5,5,Giấy tờ không xác định,2025-11-04
"Mặt phố Vip-KD đỉnh  Pháo Đài Láng 62mx4T-oto,dòng tiền tốt  23.5 tỷ",23.5,"Phường Láng Thượng, Quận Đống Đa, Hà Nội",62.0,4,4,4,Giấy tờ không xác định,2025-11-04
Tậu nhà dòng tiền CCMN-đẹp mới coong 11 Phòng-TM 60mx7T Xã Đàn 18.3 tỷ,18.3,"Phường Ô Chợ Dừa, Quận Đống Đa, Hà Nội",60.0,11,7,7,Giấy tờ không xác định,2025-11-03
"Bán nhà Tây Sơn, 40m2, 6 tầng thang máy, ngõ rộng, trung tâm Đống Đa",9.99,"Phường Thịnh Quang, Quận Đống Đa, Hà Nội",40.0,4,5,6,Giấy tờ không xác định,2025-11-03
"Bán nhà phố Đặng Văn Ngữ, Đống Đa 56m, 5 tầng. Giá: 17.5 tỷ",17.5,"Đường Đặng Văn Ngữ, Phường Trung Tự, Quận Đống Đa, Hà Nội",56.0,5,4,5,Sổ đỏ,2025-11-03
"Bán nhà phố Thái Hà, Đống Đa 68m, 7 tầng, mt 4.4m. Giá: 37.5 tỷ",37.5,"Đường Thái hà, Phường Trung Liệt, Quận Đống Đa, Hà Nội",68.0,10,11,7,Sổ đỏ,2025-11-03
"Bán nhà phố Thái Hà, Đống Đa 123m, 7 tầng, mt 5.4m. Giá: 47 tỷ",47.0,"Đường Thái hà, Phường Trung Liệt, Quận Đống Đa, Hà Nội",123.0,7,7,7,Sổ đỏ,2025-11-03
Bán nhà mặt hồ Hoàng Cầu - Mai Anh Tuấn,23.0,"Phường Ô Chợ Dừa, Quận Đống Đa, Hà Nội",45.0,6,5,5,Sổ đỏ,2025-10-18
14 tỷ nhà căn góc Mp Kim Hoa - Xã Đàn vỉa hè kinh doanh sầm uất oto do,14.0,"Đường Kim Hoa, Phường Phương Liên, Quận Đống Đa, Hà Nội",36.0,4,3,4,Sổ đỏ,2025-11-01
Cần bán nhà ngõ Văn Hương diện tích 44m2 xây 2 nhà riêng biệt.,11.0,"1, Đường Tôn Đức Thắng, Phường Hàng Bột, Quận Đống Đa, Hà Nội",44.0,4,4,5,Sổ đỏ,2025-11-07
Nhà đẹp bán gấp phố Thông Phong 6 tầng 93m2 giá 28.5 tỷ thang máy,28.5,"Đường Tôn Đức Thắng, Phường Hàng Bột, Quận Đống Đa, Hà Nội",93.0,8,8,6,Sổ đỏ,2025-11-07
"NHÀ MỚI TRUNG TÂM ĐỐNG ĐA - 5 TẦNG - 33m2 CHỈ 7,1 TỶ",7.1,"Phường Láng Hạ, Quận Đống Đa, Hà Nội",33.0,3,4,5,Giấy tờ không xác định,2025-11-03
BÁN NHÀ ĐỐNG ĐA - 8 TẦNG THANG MÁY - GẦN PHỐ - OTO ĐỖ CỬA,24.5,"Phường Phương Mai, Quận Đống Đa, Hà Nội",65.0,6,5,8,Giấy tờ không xác định,2025-11-03
BÁN NHÀ KIM HOA – 4 TẦNG – MẶT TIỀN 5M – CHỈ 6.45 TỶ,6.45,"Phường Phương Liên, Quận Đống Đa, Hà Nội",31.0,3,3,5,Giấy tờ không xác định,2025-11-03
"Bán nhà phố Vũ Thạnh – Lô góc 3 thoáng, 7 tầng thang máy, nội thất hiệ",10.0,"Phường Cát Linh, Quận Đống Đa, Hà Nội",32.0,4,5,7,Giấy tờ không xác định,2025-11-03
"SIÊU RẺ TRUNG TÂM ĐỐNG ĐA - 38M2 CHỈ 7,95 TỶ - 4PN",7.95,"Phường Văn Chương, Quận Đống Đa, Hà Nội",38.0,4,5,4,Giấy tờ không xác định,2025-11-03
"Bán nhà vị trí đẹp nhất Hồ Văn Chương, 1 nhà ra phố, thông tứ tung, ki",12.0,"Phường Hàng Bột, Quận Đống Đa, Hà Nội",51.0,4,4,5,Giấy tờ không xác định,2025-11-03
"Tôi cần bán gấp nhà mặt phố Trường Chinh căn góc, 5tầng full nội thất",29.45,"Phường Ngã Tư Sở, Quận Đống Đa, Hà Nội",41.0,4,5,5,Giấy tờ không xác định,2025-11-03
Nhà phố Hồ Văn Chương chuyển nhượng 62m2 8 tầng giá 38 tỷ,38.0,"Phường Văn Chương, Quận Đống Đa, Hà Nội",62.0,12,11,8,Sổ đỏ,2025-11-02
"Bán nhà phố Hào Nam ngõ thông kinh doanh, Dt 50m2, 5t, mt 4.5m, ở ngay",12.9,"Đường Hào Nam, Phường Ô Chợ Dừa, Quận Đống Đa, Hà Nội",50.0,6,4,5,Sổ hồng,2025-11-06
"chính chủ cần bán nhanh sổ đỏ riêng xây 20mét , 4 tầng mặt tiền 4 mét",4.9,"Phường Khâm Thiên, Quận Đống Đa, Hà Nội",20.0,3,4,4,Giấy tờ không xác định,2025-11-02
BÁN NHÀ ĐỐNG ĐA - NHÀ ĐẸP - GẦN PHỐ - Ở NGAY,29.6,"Phường Hàng Bột, Quận Đống Đa, Hà Nội",58.0,4,3,5,Giấy tờ không xác định,2025-11-02
BÁN NHÀ ĐỐNG ĐA - 6 TẦNG THANG MÁY - NHÀ ĐẸP Ở NGAY,13.8,"Phường Thổ Quan, Quận Đống Đa, Hà Nội",38.0,3,5,6,Giấy tờ không xác định,2025-11-02
BÁN NHÀ ĐỐNG ĐA - GẦN PHỐ - SỔ VUÔNG ĐẸP - Ở NGAY,7.95,"Phường Văn Chương, Quận Đống Đa, Hà Nội",38.0,4,3,4,Giấy tờ không xác định,2025-11-02
BÁN NHÀ ĐỐNG ĐA - NHÀ ĐẸP DÂN XÂY - OTO ĐỖ CỬA,21.9,"Phường Khương Thượng, Quận Đống Đa, Hà Nội",60.0,11,7,6,Giấy tờ không xác định,2025-11-02
BÁN NHÀ ĐỐNG ĐA - 7 TẦNG THANG MÁY - SIÊU PHẨM DÒNG TIỀN,11.8,"Phường Văn Chương, Quận Đống Đa, Hà Nội",35.0,5,5,7,Giấy tờ không xác định,2025-11-02
BÁN NHÀ ĐỐNG ĐA - NHÀ MỚI - THIẾT KẾ HIỆN ĐẠI - Ở NGAY,7.1,"Phường Láng Hạ, Quận Đống Đa, Hà Nội",33.0,3,4,5,Giấy tờ không xác định,2025-11-02
"PHỐ HÀO NAM 5 TẦNG KHUNG CỘT CHẮC CHẮN – TRUNG TÂM ĐỐNG ĐA - GẦN PHỐ,",6.0,"Phường Ô Chợ Dừa, Quận Đống Đa, Hà Nội",25.0,4,4,5,Giấy tờ không xác định,2025-11-02
Chính chủ bán nhà dòng tiền Xã Đàn 7 tầng thang máy giá siêu hợp lý,15.08,"Phường Ô Chợ Dừa, Quận Đống Đa, Hà Nội",50.0,11,7,7,Giấy tờ không xác định,2025-11-02
"Bán nhà mặt phố Thái Thịnh,DD, DT:55 m x 5 tg , giá 28 ty",28.0,"Đường Thái Thịnh, Phường Thịnh Quang, Quận Đống Đa, Hà Nội",55.0,4,5,5,Sổ đỏ,2025-11-01
BÁN NHÀ ĐỐNG ĐA - NHÀ OTO - MẶT NGÕ KINH DOANH - 2 THOÁNG,15.5,"Phường Láng Thượng, Quận Đống Đa, Hà Nội",52.0,4,3,4,Giấy tờ không xác định,2025-11-02
"CHỈ 14,5 TỶ SỞ HỮU SIÊU PHẨM PHÂN LÔ THÁI HÀ – Ô TÔ TRÁNH – LÔ GÓC",14.5,"Đường Thái hà, Phường Trung Liệt, Quận Đống Đa, Hà Nội",35.0,5,4,5,Sổ đỏ,2025-11-06
"NHANH! NGÕ 360 XÃ ĐÀN - 6 TẦNG, 42M2 THANG MÁY MỚI TINH, CHỈ 9,5 TỶ",9.5,"Đường Xã Đàn, Phường Trung Phụng, Quận Đống Đa, Hà Nội",42.0,4,5,6,Sổ đỏ,2025-11-01
chính chủ cần bán nhanh nhà đẹp,3.95,"Phường Khâm Thiên, Quận Đống Đa, Hà Nội",12.0,3,2,6,Giấy tờ không xác định,2025-11-01
Siêu phẩm Thịnh Quang - 100m- 9 tầng- thang máy- ngõ ô tô- kinh doanh,41.0,"Phường Thịnh Quang, Quận Đống Đa, Hà Nội",93.0,11,7,9,Giấy tờ không xác định,2025-11-01
Nhà thang máy phố Cát Linh 45m2 x 7 t cách phố 20 m giá bán 16 tỷ,16.0,"3, Đường Cát Linh, Phường Cát Linh, Quận Đống Đa, Hà Nội",45.0,5,5,7,Sổ đỏ,2025-11-05
BÁN NHÀ LÁNG HẠ – NHÀ MỚI 5T – TRUNG TÂM ĐỐNG ĐA – GIÁ CHỈ 7.1 TỶ,7.1,"Phường Láng Hạ, Quận Đống Đa, Hà Nội",30.0,3,4,5,Giấy tờ không xác định,2025-11-01
"Văn Chương 38m² 4T 3PN 7.95 Tỷ Đống Đa – NHÀ ĐẸP GẦN HỒ, FULL NỘI THẤT",7.95,"Phường Văn Chương, Quận Đống Đa, Hà Nội",38.0,4,2,4,Giấy tờ không xác định,2025-11-01
Nhà 4T P/Lô Víp Nguyễn Chí Thanh-Huỳnh Thúc Kháng vỉa hè ngõ kd 6m,18.5,"Đường Nguyễn Chí Thanh, Phường Láng Thượng, Quận Đống Đa, Hà Nội",38.5,4,3,5,Sổ đỏ,2025-10-31
"Nhà ĐẸP, Lô Góc, Thang Máy, Ô Tô tránh, Ô tô ngủ trong nhà, Kinh Doanh",21.0,"Đường Trường Chinh, Phường Khương Thượng, Quận Đống Đa, Hà Nội",60.0,10,11,6,Sổ đỏ,2025-10-31
"Bán nhà 5,5T mặt Hồ Hoàng Cầu DTXD 48m2 MT 3.5m đường hè 6m 20,9ty.",20.9,"60, Đường Hoàng Cầu, Phường Ô Chợ Dừa, Quận Đống Đa, Hà Nội",48.0,5,4,6,Sổ đỏ,2025-07-31
TRUNG TÂM ĐỐNG ĐA – LÔ GÓC 3 THOÁNG – OTO ĐỖ CỬA – 70M² CHỈ 18 Tỷ.,18.2,"Đường Thái hà, Phường Trung Liệt, Quận Đống Đa, Hà Nội",66.0,6,6,5,Sổ đỏ,2025-10-16
"Tòa CCM Mới Koong, Nguồn Kín Giá Tốt Đầu Tư, Ngõ Thông - Chùa Láng",14.75,"Đường Chùa Láng, Phường Láng Thượng, Quận Đống Đa, Hà Nội",51.0,11,12,7,Sổ đỏ,2025-11-11
"Bán nhà 5 tầng, phố Xã Đàn -Đê La Thành, P.Văn Miếu Quốc Tử Giám",7.2,"Đường Xã Đàn, Phường Phương Liên, Quận Đống Đa, Hà Nội",31.0,4,3,5,Sổ đỏ,2025-11-04
Tôi cần bán nhà mặt ngõ Lương Định Của 9tầng thang máy full nội thất,24.45,"Phường Phương Mai, Quận Đống Đa, Hà Nội",61.0,6,7,9,Giấy tờ không xác định,2025-10-31
🔥CÓ 102! bán nhà Đống Đa. MẶT PHỐ - GÓC VIEW VƯỜN HOA 🌷 - VỊ TRÍ,10.75,"Phường Phương Mai, Quận Đống Đa, Hà Nội",30.0,3,4,5,Giấy tờ không xác định,2025-10-31
"Bán nhà ngõ ô tô tránh Đặng Văn Ngữ , Trung Tự , Đống Đa, Hà Nội.",34.5,"Phường Trung Tự, Quận Đống Đa, Hà Nội",106.0,9,4,4,Giấy tờ không xác định,2025-10-31
TÂY SƠN 50m RỘNG 5m NHÀ 5 TẦNG GẦN PHỐ 10 Ty 9,10.9,"72, Đường Phố Tây Sơn, Phường Khương Thượng, Quận Đống Đa, Hà Nội",50.0,3,5,5,Sổ đỏ,2025-10-30
NHÀ MỚI ĐÓN TẾT - LÔ GÓC - NGÕ RỘNG - 3 NGỦ ĐỦ CÔNG NĂNG - GẦN Ô TÔ,6.98,"Phường Trung Tự, Quận Đống Đa, Hà Nội",25.0,3,3,4,Giấy tờ không xác định,2025-10-30
Bán nhà ngõ 5 tầng gần hồ ba mẫu,13.5,"ngõ 378 , Đường Lê Duẩn, Phường Phương Liên, Quận Đống Đa, Hà Nội",40.0,5,2,5,Sổ đỏ,2025-11-03
"CHÍNH CHỦ BÁN NHÀ MẶT PHỐ LA THÀNH 30M², 5 TẦNG, KINH DOANH XỊN",13.1,"Phường Ô Chợ Dừa, Quận Đống Đa, Hà Nội",30.0,2,4,5,Giấy tờ không xác định,2025-10-30
Mặt ngõ-Phân lô-Đặng Tiến Đông65mx5T-oto tránh-dòng tiền 25tr-19.2tỷ,19.2,"Phường Kim Liên, Quận Đống Đa, Hà Nội",65.0,6,5,5,Giấy tờ không xác định,2025-10-30
BÁN NHÀ MỚI 6 TẦNG – NGÕ 48 LINH QUANG – VĂN MIẾU – ĐỐNG ĐA,12.9,"Phường Quốc Tử Giám, Quận Đống Đa, Hà Nội",63.0,4,5,6,Giấy tờ không xác định,2025-10-30
HIẾM CÓ PHÂN KHÚC 4 TỶ ĐỐNG ĐA - LÔ GÓC THOÁNG SÁNG - 20M RA OTO TRÁNH,4.8,"Phường Văn Chương, Quận Đống Đa, Hà Nội",25.0,3,4,5,Giấy tờ không xác định,2025-10-30
"PHÁO ĐÀI LÁNG 36M2 - NGÕ RỘNG FULL NỘI THẤT CHỈ 9,6 TỶ",9.6,"Phường Láng Thượng, Quận Đống Đa, Hà Nội",36.0,4,3,4,Giấy tờ không xác định,2025-10-30
PHÁO ĐÀI LÁNG - KINH DOANH - NGÕ THÔNG - GẦN PHỐ - GẦN Ô TÔ,9.5,"Phường Láng Hạ, Quận Đống Đa, Hà Nội",40.0,4,4,4,Giấy tờ không xác định,2025-10-30
BÁN NHÀ MẶT PHỐ ĐƯỜNG LÁNG – LÔ GÓC – 2 MẶT THOÁNG – GIÁ 15.5 TỶ,15.5,"Phường Láng Hạ, Quận Đống Đa, Hà Nội",52.0,4,5,4,Giấy tờ không xác định,2025-10-30
"Cực hiếm! Nhà có thang máy Lương Đình Của – trung tâm Đống Đa, 8,2 tỷ",8.2,"Phường Kim Liên, Quận Đống Đa, Hà Nội",33.0,3,3,4,Giấy tờ không xác định,2025-10-30
Bán Nhà Dòng Tiền CCMN Ngõ Chợ Khâm Thiên Xã Đàn 7 Tầng 24 Phòng KK,24.5,"Đường Chợ Khâm Thiên, Phường Ô Chợ Dừa, Quận Đống Đa, Hà Nội",80.0,24,25,7,Sổ đỏ,2025-10-29
bán toà dòng tiền 780tr/năm tại đường Láng,19.9,"Đường Láng, Phường Ngã Tư Sở, Quận Đống Đa, Hà Nội",62.5,13,13,6,Sổ đỏ,2025-11-03
"Phân lô Huỳnh Thúc Kháng-Nguyên Hồng 45m2x4 tầng, vỉa hè,kd chỉ 18.2ty",18.15,"Phường Láng Hạ, Quận Đống Đa, Hà Nội",45.0,6,5,4,Giấy tờ không xác định,2025-10-29
HÀNG HIẾM ĐỐNG ĐA – NGÕ NÔNG – NHÀ ĐẸP Ở LUÔN,10.2,"Phường Trung Liệt, Quận Đống Đa, Hà Nội",51.0,4,3,4,Giấy tờ không xác định,2025-10-29
"Bán nhà phân lô Văn Chương - 6 tầng thang máy , ô tô đỗ cửa - 10,4tỷ",10.4,"Phường Khâm Thiên, Quận Đống Đa, Hà Nội",30.0,3,4,6,Giấy tờ không xác định,2025-10-29
Một mặt phố một mặt ngõ-Khương Thượng-45mx4T-MT4.3m-KD sầm uất- 20 tỷ,20.0,"Phường Khương Thượng, Quận Đống Đa, Hà Nội",45.0,4,4,4,Giấy tờ không xác định,2025-10-29
"Văn Chương, diện tích 15/20m2, 5 tầng, 3 ngủ, giá 4,8 tỷ",4.8,"Phường Văn Chương, Quận Đống Đa, Hà Nội",20.0,3,4,5,Giấy tờ không xác định,2025-10-29
"Cực hiếm! Tây Sơn, 50m ô tô tránh, 2 thoáng, nhà dân. 28mx4T. Chỉ 6,2t",6.2,"Phường Quang Trung, Quận Đống Đa, Hà Nội",28.0,3,3,4,Giấy tờ không xác định,2025-10-29
CẦN BÁN-NGÕ RỘNG-GẦN Ô TÔ-VÀO Ở LUÔN,15.0,"Phường Ô Chợ Dừa, Quận Đống Đa, Hà Nội",33.0,3,4,6,Giấy tờ không xác định,2025-10-29
"Nguyên Hồng, diện tích 36/40m2, 5 tầng, mặt tiền 5,2m, giá 18 tỷ",18.0,"Phường Láng Hạ, Quận Đống Đa, Hà Nội",40.0,4,4,5,Giấy tờ không xác định,2025-10-29
"Bán nhà lô góc hai mặt thoáng – Ngõ Linh Quang, gần hồ – Nhà đẹp có th",11.0,"Phường Văn Miếu, Quận Đống Đa, Hà Nội",39.0,5,5,7,Giấy tờ không xác định,2025-10-29
"Tôi bán nhà phố Đặng Văn Ngữ, diện tích 21/24m2, 4 tầng, giá 6,98 tỷ",6.98,"Phường Trung Tự, Quận Đống Đa, Hà Nội",24.0,3,3,4,Giấy tờ không xác định,2025-10-29
"Nhà ngõ Văn Chương, diện tích 28m2, 4 tầng, mặt tiền 3,2m, giá 7,95 tỷ",7.95,"Phường Văn Chương, Quận Đống Đa, Hà Nội",28.0,3,2,4,Giấy tờ không xác định,2025-10-29
"Bán nhà Pháo đài láng 45m2 x5T nhà đẹp dân xây chắc chắn, ở ngay.",13.0,"Phường Láng Thượng, Quận Đống Đa, Hà Nội",45.0,4,4,5,Giấy tờ không xác định,2025-10-29
"Bán căn dòng tiền Trường Chinh, diện tích 45m2, 7 tầng, giá 12,8 tỷ",12.8,"Phường Kim Liên, Quận Đống Đa, Hà Nội",45.0,11,7,7,Giấy tờ không xác định,2025-10-29
"Tôi cần bán nhà mặt phố Yên Lãng căn góc, 5tầng thang máy full",41.0,"Phường Láng Hạ, Quận Đống Đa, Hà Nội",59.0,4,5,5,Giấy tờ không xác định,2025-10-29
Cần bán nhà phố Võ Văn Dũng - Khu phân lô - Ô tô đỗ - Kinh doanh tốt,13.0,"Phường Ô Chợ Dừa, Quận Đống Đa, Hà Nội",30.0,3,4,5,Giấy tờ không xác định,2025-10-29
"Mặt ngõ oto tránh đường Nguyễn Phúc Lai-Đống đa-54mx4T ở thuê,KD 22 tỷ",22.0,"Phường Ô Chợ Dừa, Quận Đống Đa, Hà Nội",54.0,4,4,4,Giấy tờ không xác định,2025-10-29
"Thái Hà , Ngõ nông gần phố, 6 Tầng thang máy, 40m2 chỉ 12tỷ",12.0,"Đường Thái Hà, Phường Láng Hạ, Quận Đống Đa, Hà Nội",40.0,4,6,6,Sổ đỏ,2025-10-28
"NHÀ MỚI ĐÊ LA THÀNH - 32M2 - THANG MÁY 6 TẦNG CHỈ 7,8 TỶ",7.8,"Phường Láng Thượng, Quận Đống Đa, Hà Nội",32.0,4,5,6,Giấy tờ không xác định,2025-10-28
"Nhà 6T đẹp ngõ Tôn Đức Thắng ngõ 2,5m cách Mp 100m hai ngoặt tới nhà",11.2,"Đường Tôn Đức Thắng, Phường Hàng Bột, Quận Đống Đa, Hà Nội",46.6,4,4,6,Sổ đỏ,2025-11-01
"Pháo Đài Láng, diện tích 40m2, 4 tầng, mặt tiền 3,5m, giá 9,6 tỷ",9.6,"Phường Láng Thượng, Quận Đống Đa, Hà Nội",40.0,4,3,4,Giấy tờ không xác định,2025-10-28
BÁN NHÀ 5 TẦNG 3PN MẶT PHỐ PHƯƠNG MAI,8.3,"Phường Phương Mai, Quận Đống Đa, Hà Nội",20.0,3,4,5,Giấy tờ không xác định,2025-10-28
NHÀ ĐẸP ĐÓN TẾT! PHÂN LÔ THÀNH CÔNG –35M²x5TẦNG – NGÕ NÔNG -CHỈ 7TỶ,7.1,"Phường Láng Hạ, Quận Đống Đa, Hà Nội",33.0,3,4,5,Giấy tờ không xác định,2025-10-28
BÁN SIÊU PHẨM CCMN ĐỐNG ĐA 7 TẦNG THANG MÁY GẦN PHỐ 50M DÒNG TIỀN 70,14.5,"Phường Láng Thượng, Quận Đống Đa, Hà Nội",50.0,11,7,7,Giấy tờ không xác định,2025-10-28
Văn Chương- Văn Miếu- Linh Quang. 20m 4 tầng sổ đỏ hơn 4.x tỷ,4.8,"Phường Văn Chương, Quận Đống Đa, Hà Nội",20.0,3,3,4,Giấy tờ không xác định,2025-10-28
CÒN 1 LÔ *** F0 – NHÀ PHÂN LÔ TẠI 248 VĂN CHƯƠNG – CƠ HỘI HIẾM 🔥,10.0,"Phường Văn Chương, Quận Đống Đa, Hà Nội",30.0,4,4,6,Giấy tờ không xác định,2025-10-28
"TRUNG TÂM ĐỐNG ĐA - LÔ GÓC NỞ HẬU - 43M2 CHỈ 7,5 TỶ",7.5,"Phường Khâm Thiên, Quận Đống Đa, Hà Nội",43.0,4,5,6,Giấy tờ không xác định,2025-10-28
"HÓT HIỂM NHỈNH 4 TỶ CÓ NHÀ 5 TẦNG ĐẸP LONG LANH, ĐỐNG ĐA, HÀ NỘI",4.8,"Phường Quốc Tử Giám, Quận Đống Đa, Hà Nội",20.0,3,4,5,Giấy tờ không xác định,2025-10-28
BÁN NHÀ  KINH DOANH SIÊU ĐỈNH  GIÁ NHỈNH 8 TỶ,8.0,"Đường Phan Phù Tiên, Phường Cát Linh, Quận Đống Đa, Hà Nội",16.0,3,1,3,Sổ đỏ,2025-11-07
"Phân lô ô tô tránh Nguyễn Lương Bằng, 55m2, 7 tầng thang máy, 30,8 tỷ",30.8,"Phường Ô Chợ Dừa, Quận Đống Đa, Hà Nội",55.0,8,7,7,Giấy tờ không xác định,2025-10-27
"VIP Nguyễn Lương Bằng, diện tích 33m2, 6 tầng, mặt tiền 4m, giá 15 tỷ",15.0,"Phường Ô Chợ Dừa, Quận Đống Đa, Hà Nội",33.0,3,5,6,Giấy tờ không xác định,2025-10-27
BÁN NHÀ ĐỐNG ĐA - NHÀ MỚI FULL NỘI THẤT - GẦN PHỐ - Ở NGAY,8.15,"Phường Ô Chợ Dừa, Quận Đống Đa, Hà Nội",46.0,3,4,3,Giấy tờ không xác định,2025-10-27
"Trung tâm Đống Đa - 46m2 - CHỈ 8,15 tỷ LH ngay",8.15,"Phường Thổ Quan, Quận Đống Đa, Hà Nội",46.0,3,3,3,Giấy tờ không xác định,2025-10-27
BÁN NHÀ ĐỐNG ĐA - PHÂN KHÚC HIẾM - OTO ĐỖ CỬA,7.29,"Phường Hàng Bột, Quận Đống Đa, Hà Nội",19.0,5,4,6,Giấy tờ không xác định,2025-10-27
Hòa Bình 46m² – 3T – MT 3.2m – 8.15 Tỷ – Nhà Full Nội Thất – Đống Đa,8.15,"Phường Văn Miếu, Quận Đống Đa, Hà Nội",46.0,2,3,3,Giấy tờ không xác định,2025-10-27
"NHÀ MỚI TRUNG TÂM ĐỐNG ĐA - 6 TẦNG - Ô TÔ ĐỖ CỬA CHỈ 7,29 TỶ",7.29,"Phường Văn Miếu, Quận Đống Đa, Hà Nội",24.0,4,4,6,Giấy tờ không xác định,2025-10-27
NHÀ ĐẸP TÔN ĐỨC THẮNG – 5 TẦNG FULL NỘI THẤT – Ở NGAY,7.3,"Phường Văn Chương, Quận Đống Đa, Hà Nội",34.0,3,4,5,Giấy tờ không xác định,2025-10-27
BÁN NHÀ ĐỐNG ĐA - NGÕ NÔNG - GẦN PHỐ - CHO THUÊ CỰC ĐỈNH,8.9,"Phường Khương Thượng, Quận Đống Đa, Hà Nội",37.0,9,5,5,Giấy tờ không xác định,2025-10-27
Tôn Đức Thắng 19/24m² – 6 tầng – MT 3m– 7.29 Tỷ –Ô tô đỗ cửa – Đống Đa,7.29,"Phường Văn Miếu, Quận Đống Đa, Hà Nội",24.0,4,4,6,Giấy tờ không xác định,2025-10-27
BÁN NHÀ ĐỐNG ĐA - NHỎ XINH - GẦN PHỔ,2.85,"Phường Cát Linh, Quận Đống Đa, Hà Nội",12.7,2,2,4,Giấy tờ không xác định,2025-10-27
"Nhà Đẹp Thang Máy Thịnh Quang 40m, 7 tầng, mt 5.5m,  giá 15.2 tỷ.",15.2,"Đường Thịnh Quang, Phường Thịnh Quang, Quận Đống Đa, Hà Nội",40.0,4,4,7,Sổ đỏ,2025-10-26
"🔥 Tôn Đức Thắng, Ngõ Ba Gác Tránh, Gần Phố, 22m2, 5 Tầng, Giá 6.28 Tỷ",6.28,"Phường Hàng Bột, Quận Đống Đa, Hà Nội",22.0,3,4,5,Giấy tờ không xác định,2025-10-26
"PHỐ TAM KHƯƠNG, NHÀ MỚI 5 TẦNG, 44M2, MẶT NGÕ THÔNG, SÁT PHỐ, 10,2 TỶ",10.2,"Đường Tam Khương, Phường Khương Thượng, Quận Đống Đa, Hà Nội",44.0,3,4,5,Sổ đỏ,2025-10-26
Nhà đẹp 3 tầng ở luôn phố Thái Hà giá chỉ 984 triệu,984.0,"Đường Thái Hà, Phường Trung Phụng, Quận Đống Đa, Hà Nội",11.0,2,2,3,Giấy tờ không xác định,2025-10-31
TÂY SƠN – ĐỐNG ĐA – Ô TÔ KINH DOANH – 83 M2 – 4 TẦNG – MẶT TIỀN 4 M –,19.8,"Đường Tây Sơn, Phường Ngã Tư Sở, Quận Đống Đa, Hà Nội",83.0,8,8,4,Sổ đỏ,2025-10-31
"Bán nhà mặt phố Tôn Đức Thắng, dt: 55 m x5 tg, mt 5,5 m, giá :31,5 ty",31.5,"Phường Hàng Bột, Quận Đống Đa, Hà Nội",50.0,4,4,5,Sổ đỏ,2025-10-30
Nhà Đầu Ngõ Phố Tây Sơn – Thang Máy – 6 Tầng Mới – Trung Tâm Đống Đa,10.0,"Phường Quang Trung, Quận Đống Đa, Hà Nội",39.0,4,5,6,Giấy tờ không xác định,2025-10-26
🏠ĐỐNG ĐA NHÀ 2 MẶT NGÕ TRƯỚC SAU – 38M – NGÕ RỘNG – NỘI THẤT HIỆN ĐẠI🌟,9.8,"Phường Phương Liên, Quận Đống Đa, Hà Nội",38.0,5,6,4,Giấy tờ không xác định,2025-10-26
"Cực hiếm Trung tâm Đống Đa, 18 phòng khép kín, 75m2 8 tầng giá 12.9 tỷ",12.9,"Phường Phương Liên, Quận Đống Đa, Hà Nội",75.0,11,7,8,Giấy tờ không xác định,2025-10-26
"Siêu phẩm nhà Linh Quang, gần hồ, full nội thất, 30m2 5 tầng 7.38 tỷ",7.38,"Phường Văn Chương, Quận Đống Đa, Hà Nội",30.0,3,5,5,Giấy tờ không xác định,2025-10-26
"Bán Nhà Dòng Tiền CCMN Trường Chinh 7 Tầng 36 Phòng Khép Kín MT 8,5M",41.5,"Đường Trường Chinh, Phường Phương Mai, Quận Đống Đa, Hà Nội",102.0,36,37,7,Sổ đỏ,2025-10-25
CẦN BÁN GẤP NHÀ MẶT PHỐ TRƯỜNG TRINH NGÃ TƯ SỞ,38.0,"Đường Khương Thượng, Phường Ngã Tư Sở, Quận Đống Đa, Hà Nội",79.0,3,2,2,Sổ đỏ,2025-10-25
"Bán nhà ngõ Thông Phong, dd,dt: 40 m x 4 tg ,mt:5 m, giá 8,5 ty",8.5,"Phường Văn Miếu, Quận Đống Đa, Hà Nội",40.0,3,3,4,Sổ đỏ,2025-10-25
"🔥 Tôn Đức Thắng, Dân Xây, 2 Thoáng, KCBT, DT 27m2, 5 Tầng, Giá 6.9 Tỷ",6.9,"Phường Hàng Bột, Quận Đống Đa, Hà Nội",27.0,4,3,5,Giấy tờ không xác định,2025-10-25
"Tòa Căn Hộ DV Kim Hoa, Đống Đa, 60m2x 8T Thang Máy, 18 Phòng, Full NT,",19.5,"Đường Hồ Ba Mẫu, Phường Văn Miếu, Quận Đống Đa, Hà Nội",60.0,18,19,8,Sổ đỏ,2025-10-30
TRUNG TÂM ĐỐNG ĐA – NHÀ ĐẸP 7 TẦNG – CÓ Ô CHỜ THANG MÁY,11.5,"Phường Hàng Bột, Quận Đống Đa, Hà Nội",50.0,5,5,7,Giấy tờ không xác định,2025-10-25
Bán Nhà Đẹp Pháo Đài Láng - Lô Góc Ngõ Thông - 5 tầng Ở Luôn,8.6,"Phường Láng Thượng, Quận Đống Đa, Hà Nội",31.0,4,4,5,Giấy tờ không xác định,2025-10-25
hiếm Trường Chinh - Ngã tư sở ngõ trước nhà 3m gần phố mới đẹp 35m,8.3,"Phường Khương Thượng, Quận Đống Đa, Hà Nội",35.0,4,4,5,Giấy tờ không xác định,2025-10-25
Bán Nhà Ngõ Phố Khâm Thiên( có thể bán 1/2),12.3,"Phường Khâm Thiên, Quận Đống Đa, Hà Nội",59.0,11,7,4,Giấy tờ không xác định,2025-10-25
Nhà thái hà - 30m -3 tầng- dân xây - ô tô đỗ cổng,3.28,"Phường Thịnh Quang, Quận Đống Đa, Hà Nội",30.0,2,2,3,Giấy tờ không xác định,2025-10-25
Bán Nhà 3T Plo Bộ Nông Nghiệp Phương Mai  - Dt65m2 Mt 4m oto 18 tỷ.,18.0,"68, Đường Xã Đàn, Phường Nam Đồng, Quận Đống Đa, Hà Nội",60.0,4,3,4,Sổ đỏ,2025-10-24
NHỈNH 11 TỶ CÓ NGAY SIÊU PHẨM ĐỐNG ĐA 42M - 3 BƯỚC RA Ô TÔ - NGÕ THÔNG,11.6,"1/33, Đường Khâm Thiên, Phường Khâm Thiên, Quận Đống Đa, Hà Nội",42.0,9,9,6,Sổ đỏ,2025-10-28
BÁN NHÀ ĐẸP TRUNG TÂM ĐỐNG ĐA - FULL NỘI THẤT - Ở NGAY,4.15,"Phường Văn Chương, Quận Đống Đa, Hà Nội",28.0,2,2,3,Giấy tờ không xác định,2025-10-24
"Thái Hà – PHÂN LÔ, LÔ GÓC, Ô TÔ TRÁNH - KINH DOANH ĐỈNH",13.8,"Phường Trung Liệt, Quận Đống Đa, Hà Nội",48.0,4,4,5,Giấy tờ không xác định,2025-10-24
BÁN NHÀ PHỐ TRẦN QUANG DIỆU. ĐĐ. DT 44M2.* 6 T.* TM 4.2M * GIÁ 21.8 TỶ,21.8,"Phường Ô Chợ Dừa, Quận Đống Đa, Hà Nội",44.0,7,5,6,Giấy tờ không xác định,2025-10-24
Trung tâm Đống Đa - Mặt tiền 6m - 4 tầng - Nhà mới lô góc thoáng,4.55,"Phường Văn Chương, Quận Đống Đa, Hà Nội",19.0,3,3,4,Giấy tờ không xác định,2025-10-24
Đặng Tiến Đông – 2 MẶT THOÁNG – CHO THUÊ HÁI RA TIỀN,14.2,"Phường Trung Liệt, Quận Đống Đa, Hà Nội",65.0,6,5,6,Giấy tờ không xác định,2025-10-24
NHÀ MỚI ĐỐNG ĐA - DT 25m2 - 5 tầng - Nhà sổ riêng - 5m ra oto tránh,5.3,"Phường Thịnh Quang, Quận Đống Đa, Hà Nội",20.0,3,3,5,Giấy tờ không xác định,2025-10-24
"Trường Chinh - Đống Đa | 5 Tầng, 41/ 50M | Giá 8.68 Tỷ",8.68,"Phường Khương Thượng, Quận Đống Đa, Hà Nội",41.0,3,3,5,Giấy tờ không xác định,2025-10-23
"16TỶ85 NHÀ ĐẸP 5 TẦNG THANG MÁY, NGÕ OTO, 20M RA MẶT PHỐ THÁI HÀ",16.85,"Phường Trung Liệt, Quận Đống Đa, Hà Nội",40.0,4,4,5,Giấy tờ không xác định,2025-10-23
Bán nhà đẹp ở ngay full nội thất Đống Đa,6.9,"Phường Hàng Bột, Quận Đống Đa, Hà Nội",40.0,3,4,5,Giấy tờ không xác định,2025-10-23
"Văn Chương Khâm Thiên - 19m2,  5 tầng , MT 2,6 , 5,4tỷ",5.4,"Phường Khâm Thiên, Quận Đống Đa, Hà Nội",19.0,3,3,5,Giấy tờ không xác định,2025-10-23
PHÂN LÔ TRẦN QUANG DIỆU ĐỐNG ĐA -Ô TÔ TRÁNH -KD 50M-6 TẦNG,21.5,"Phường Ô Chợ Dừa, Quận Đống Đa, Hà Nội",55.0,5,6,6,Giấy tờ không xác định,2025-10-23
Siêu phẩm Đông Tác - 5 tầng thang máy - ngõ nông,10.7,"Phường Kim Liên, Quận Đống Đa, Hà Nội",57.0,3,4,5,Giấy tờ không xác định,2025-10-23
HOÀNG CẦU– 5 TẦNG THANG MÁY – NHÀ MỚI ĐẸP  – Ở NGAY,11.2,"Phường Ô Chợ Dừa, Quận Đống Đa, Hà Nội",48.0,3,4,5,Giấy tờ không xác định,2025-10-23
Bán nhà đẹp ở ngay gần chợ Khâm Thiên Đống Đa,5.55,"Phường Khâm Thiên, Quận Đống Đa, Hà Nội",20.0,3,3,4,Giấy tờ không xác định,2025-10-23
"THÁI HÀ ĐỐNG ĐA - SIÊU PHẨM PHÂN LÔ - 55M -6 T -MT 4,5 TRUNG TÂM ĐỐNG",18.8,"Phường Trung Liệt, Quận Đống Đa, Hà Nội",55.0,6,6,6,Giấy tờ không xác định,2025-10-23
"Bán nhà Văn Chương - 4 tầng 38m2 , Mt 3m , 10m ra ôtô , 7,9 tỷ",7.9,"Phường Khâm Thiên, Quận Đống Đa, Hà Nội",38.0,4,3,4,Giấy tờ không xác định,2025-10-23
"Hiếm ! 18m2 - 6,4tỷ 2 mặt thoáng Tôn Đức Thắng",6.4,"Phường Hàng Bột, Quận Đống Đa, Hà Nội",18.2,3,4,5,Giấy tờ không xác định,2025-10-23
"BÁN NHÀ PHỐ KHƯƠNG THƯỢNG DT 35M "" 5 TẦNG",8.0,"Phường Khương Thượng, Quận Đống Đa, Hà Nội",35.0,4,3,5,Giấy tờ không xác định,2025-10-22
SIÊU PHẨM ĐẦU TƯ - Ô TÔ VÀO NHÀ - LÔ GÓC - MT 6M - DT70M,18.0,"Phường Láng Thượng, Quận Đống Đa, Hà Nội",70.0,2,2,2,Giấy tờ không xác định,2025-10-22
"Lô Góc Pháo Đài Láng , 31mx5t , Mt 4,2m ngõ thông ,8,6tỷ",8.6,"Phường Láng Thượng, Quận Đống Đa, Hà Nội",31.0,3,4,5,Giấy tờ không xác định,2025-10-22
Bán Nhà chính chủ quận đống đa  hà nội,2.65,"29/191/2, Đường Ngõ Chợ Khâm Thiên, Phường Văn Miếu, Quận Đống Đa, Hà Nội",15.0,2,2,4,Giấy tờ không xác định,2025-10-26
"Phạm Ngọc Thạch - 40m2 - Mt 3,5m - oto đỗ cửa - 15tỷ",15.0,"Phường Kim Liên, Quận Đống Đa, Hà Nội",40.0,4,5,5,Giấy tờ không xác định,2025-10-22
Bán nhà Láng Hạ 35m2 chỉ 7.4 tỷ Đống Đa,7.4,"Phường Láng Hạ, Quận Đống Đa, Hà Nội",35.0,4,3,4,Giấy tờ không xác định,2025-10-22
NGÕ THÔNG KINH DOANH - Ô TÔ - MỚI ĐẸP Ở NGAY - TIỀM NĂNG TĂNG GIÁ,5.9,"Phường Kim Liên, Quận Đống Đa, Hà Nội",23.0,2,3,4,Giấy tờ không xác định,2025-10-22
SIÊU PHẨM TRUNG TÂM – LÔ GÓC 2 MẶT THOÁNG – Ô TÔ ĐỖ CỬA – ĐỐNG ĐA,12.2,"Phường Khương Thượng, Quận Đống Đa, Hà Nội",60.0,2,3,4,Giấy tờ không xác định,2025-10-22
HƠN 4 TỶ CÓ NHÀ SỔ RIÊNG - GẦN PHỐ,4.25,"Phường Kim Liên, Quận Đống Đa, Hà Nội",16.6,2,3,4,Giấy tờ không xác định,2025-10-21
🌟THÁI HÀ – 44M - 8 TẦNG THANG MÁY – KINH DOANH – GẦN ÔTÔ TRÁNH,10.9,"Phường Trung Liệt, Quận Đống Đa, Hà Nội",44.0,4,5,8,Giấy tờ không xác định,2025-10-21
Bán nhà mặt phố Thái Hà - Đống Đa - DT 30m - 4 Tầng - Vỉa Hè KDVP Cho,45.0,"Phường Trung Liệt, Quận Đống Đa, Hà Nội",30.0,11,7,4,Giấy tờ không xác định,2025-10-21
Bán nhà phố Thái Hà 36m2 chỉ hơn 7 Tỷ Gần Phố,7.3,"Phường Láng Hạ, Quận Đống Đa, Hà Nội",36.0,3,4,5,Giấy tờ không xác định,2025-10-21
"Xã đàn 23m 4 tầng nhỉnh 4đ ở ngay, nội thất đẹp",4.2,"Phường Nam Đồng, Quận Đống Đa, Hà Nội",23.0,3,3,4,Giấy tờ không xác định,2025-10-21
"Nhà mới ở ngay Thịnh Hào - 20m2 , MT 3,2m - ngõ thông ,2 thoáng",6.8,"Phường Hàng Bột, Quận Đống Đa, Hà Nội",20.0,2,3,4,Giấy tờ không xác định,2025-10-21
TRƯỜNG CHINH 6 Tầng THANG MÁY VIP,12.8,"Phường Khương Thượng, Quận Đống Đa, Hà Nội",39.0,3,4,6,Giấy tờ không xác định,2025-10-21
"Bán nhà Đồng Đa, gần phố, 2 mặt thoáng,S: 48m2 x 5tầng, Giá 12,9 tỷ",12.9,"Đường Hào Nam, Phường Cát Linh, Quận Đống Đa, Hà Nội",48.0,4,5,5,Sổ đỏ,2025-10-27
Căn Góc Mặt Hồ Phương Mai 35m2 - Vỉa Hè Rộng - Kinh Doanh Cà Phê,14.5,"Đường Phương mai, Phường Phương Mai, Quận Đống Đa, Hà Nội",35.0,8,8,6,Sổ đỏ,2025-10-24
"Cần tuền bán gấp căn 48/52mx7t thang máy, oto  25,8 tỷ Hoàng cầu",25.8,"Đường Hoàng Cầu, Phường Ô Chợ Dừa, Quận Đống Đa, Hà Nội",48.0,8,7,7,Sổ đỏ,2025-10-24
"NHÀ ĐẸP PHỐ TÂY SƠN ĐỐNG ĐA - 50M² x 5 TẦNG –MT; 5M ,11.5 Tỷ )",11.5,"Đường Phố Tây Sơn, Phường Ngã Tư Sở, Quận Đống Đa, Hà Nội",50.0,3,4,5,Sổ đỏ,2025-10-23
"Khâm Thiên, Đống Đa, Nhà Đẹp, Ở Ngay,  47m2. Giá Tốt 8.15 Tỷ",8.15,"Đường Khâm Thiên, Phường Khâm Thiên, Quận Đống Đa, Hà Nội",47.0,2,3,3,Sổ đỏ,2025-10-24
"🏡💥 HẠ CHÀO HƠN 2 TỶ CHỈ CÒN 22,35 TỶ - MẶT PHỐ THÁI HÀ, MT CỰC ĐẸP",22.35,"Phường Láng Hạ, Quận Đống Đa, Hà Nội",30.0,3,3,5,Giấy tờ không xác định,2025-10-20
"Bán nhà ngõ TOÀN THẮNG X 5 tầng 33m2 ,2 thoáng , sổ nở hậu",7.0,"Phường Thổ Quan, Quận Đống Đa, Hà Nội",29.7,3,4,5,Giấy tờ không xác định,2025-10-20
Tôi cần bán nhà mặt ngõ Trần Quang Diệu ô tô chánh kinh doanh.,19.18,"Phường Trung Liệt, Quận Đống Đa, Hà Nội",52.0,6,5,5,Giấy tờ không xác định,2025-10-20
NHÀ 5 TẦNG THANG MÁY - 2 MẶT THOÁNG - ĐÊ LA THÀNH TRUNG TÂM ĐỐNG ĐA,18.98,"Phường Ô Chợ Dừa, Quận Đống Đa, Hà Nội",42.0,3,4,55,Giấy tờ không xác định,2025-10-20
Nhà 6tầng lê văn lương vuông đẹp  ở sướng yên tĩnh,10.5,"Phường Láng Hạ, Quận Đống Đa, Hà Nội",43.0,6,5,6,Giấy tờ không xác định,2025-10-20
"Bán Nhà Cát Linh 20M x 3T, MT: 3,8M Giá 4,8 Tỷ. Dân xây, 30m ra phố",4.8,"Phường Quốc Tử Giám, Quận Đống Đa, Hà Nội",20.0,2,2,3,Giấy tờ không xác định,2025-10-20
"Bán Lô Góc Yên Lãng - 30m2 ,4 tầng Mt 3,4m , sổ nở hậu 7,5tỷ",7.5,"Phường Láng Hạ, Quận Đống Đa, Hà Nội",24.0,4,3,4,Giấy tờ không xác định,2025-10-20
"Hiếm ! Bán Nhà trung tâm Đống Đa,Lô góc ngõ nông gần ph",8.35,"Phường Hàng Bột, Quận Đống Đa, Hà Nội",25.0,4,3,4,Giấy tờ không xác định,2025-10-20
Bán nhà Thịnh Hào 1 - Kinh Doanh - Ô tô tránh - lô góc 41m2 giá 23 tỷ,23.0,"Phường Hàng Bột, Quận Đống Đa, Hà Nội",41.0,7,7,7,Giấy tờ không xác định,2025-10-20
cần bán gấp nhà gần ĐH Thủy LợiGIẢM 150TR  DT 16M 4 tâng 3mt giá 2.69,2.69,"Phường Khâm Thiên, Quận Đống Đa, Hà Nội",16.0,3,2,4,Giấy tờ không xác định,2025-10-20
"Ngõ 88 Trần Quý Cáp, lô góc, ô tô tránh, kinh doanh đỉnh 40m2 11.9",11.9,"Phường Văn Chương, Quận Đống Đa, Hà Nội",40.0,5,5,4,Giấy tờ không xác định,2025-10-20
🏠 NHÀ ĐẸP TRUNG TÂM ĐỐNG ĐA – Ô TÔ ĐỖ CỔNG – 2 THOÁNG TRƯỚC SAU – Ở NG,4.1,"Phường Phương Liên, Quận Đống Đa, Hà Nội",20.0,2,3,4,Giấy tờ không xác định,2025-10-20
"BÁN NHÀ ĐẸP TRUNG TÂM ĐỐNG ĐA – NGÕ THÔNG, XE BA GÁC ĐỖ CỬA – 3 TẦNG C",4.15,"Phường Cát Linh, Quận Đống Đa, Hà Nội",18.0,2,2,3,Giấy tờ không xác định,2025-10-20
Tôi cần bán nhà mặt phố Khương Thượng 7tầng thang máy full nội thất,26.86,"Phường Khương Thượng, Quận Đống Đa, Hà Nội",54.0,11,7,7,Giấy tờ không xác định,2025-10-20
Tôi cần bán nhà 2 mặt ngõ ô tô chánh đỗ kinh doanh Hoàng Cầu.,26.45,"Phường Ô Chợ Dừa, Quận Đống Đa, Hà Nội",56.0,4,4,4,Giấy tờ không xác định,2025-10-20
"Bán nhà Văn Chương Đống Đa , 4 tầng 21m2, mặt tiền 3,2m, 4 ngủ ,5,6tỷ",5.6,"Phường Văn Chương, Quận Đống Đa, Hà Nội",21.0,4,3,4,Giấy tờ không xác định,2025-10-20
"Bán nhà phố Kim Hoa - 4 tầng, 27m2 ,mặt tiền 6,4m, 7tỷ",7.0,"Phường Phương Liên, Quận Đống Đa, Hà Nội",27.0,2,3,4,Giấy tờ không xác định,2025-10-20
CHỦ VỠ NỢ – BÁN GẤP NHÀ MỚI 6 TẦNG THANG MÁY – TRUNG TÂM ĐỐNG ĐA,9.85,"Phường Quang Trung, Quận Đống Đa, Hà Nội",30.0,3,5,6,Giấy tờ không xác định,2025-10-20
BÁN NHÀ TRƯỜNG CHINH-55M2*6T NHỈNH 12đ-THANG MÁY-GẦN Ô TÔ-NGÕ THOÁNG,12.0,"Phường Ngã Tư Sở, Quận Đống Đa, Hà Nội",55.0,3,3,6,Giấy tờ không xác định,2025-10-20
"Bán nhà Tây Sơn, 45m2, 6 tầng thang máy, ô tô, ngõ gần 4m, 2 thoáng",12.98,"Phường Trung Liệt, Quận Đống Đa, Hà Nội",45.0,3,4,6,Giấy tờ không xác định,2025-10-20
💥 PHÁO ĐÀI LÁNG - LÔ GÓC THOÁNG SÁNG - NGÕ THÔNG - NỘI THẤT ĐẸP,8.6,"Phường Láng Thượng, Quận Đống Đa, Hà Nội",35.0,3,4,5,Giấy tờ không xác định,2025-10-20
🏠 NHÀ ĐẸP TRUNG TÂM ĐỐNG ĐA – FULL NỘI THẤT – GIÁ HIẾM TRONG TẦM TÀI C,4.9,"Phường Trung Phụng, Quận Đống Đa, Hà Nội",20.0,3,3,4,Giấy tờ không xác định,2025-10-20
"Bán nhà phố Trường Chinh - 5 tầng 50m2 , Mt 4,5m ,ngõ thông , nở hậu",8.6,"Phường Ngã Tư Sở, Quận Đống Đa, Hà Nội",50.0,3,4,5,Giấy tờ không xác định,2025-10-20
Nhà Ngõ 34 Hoàng Cầu - Gần Hồ Ô Tô Đỗ Cửa - 55m2* 4 tầng - Kinh Doanh,21.0,"Đường Hoàng Cầu, Phường Ô Chợ Dừa, Quận Đống Đa, Hà Nội",55.0,4,4,4,Sổ hồng,2025-10-23
"Chùa Bộc, Đống Đa, Phân Lô, Ô Tô, Dân Xây  35m2x 4T, Nhỉnh 12 Tỷ",12.3,"Đường Chùa Bộc, Phường Khương Thượng, Quận Đống Đa, Hà Nội",35.0,3,4,4,Sổ đỏ,2025-10-23
"Khương Thượng, Đống Đa,  Nhà Mới Đẹp, Full Nội Thất, 35m2x5T. 8.xx Tỷ",8.5,"Đường Khương Thượng, Phường Khương Thượng, Quận Đống Đa, Hà Nội",35.0,3,5,5,Sổ đỏ,2025-10-23
TRUNG TÂM ĐỐNG ĐA- ĐÔNG TÁC 32M - THANG MÁY - FULL ĐỒ,10.8,"Đường Đông Tác, Phường Kim Liên, Quận Đống Đa, Hà Nội",32.0,5,5,5,Sổ đỏ,2025-10-18
Chính chủ bán nhà số 2 ngõ 17 Quốc Tử Giám >>4 tỷ-5 tầng !!,4.33,"Đường Quốc Tử Giám, Phường Văn Chương, Quận Đống Đa, Hà Nội",10.0,3,2,5,Sổ đỏ,2025-10-22
Bán nhà Đặng Văn Ngữ 4 tầng giá 18 tỷ,18.0,"Đường Đặng Văn Ngữ, Phường Trung Tự, Quận Đống Đa, Hà Nội",59.0,4,3,4,Sổ đỏ,2025-10-22
"Khương Thượng, ngõ thông, kinh doanh, 20m ra phố, nhà dân xây. 8,6tỷ",8.6,"Phường Khương Thượng, Quận Đống Đa, Hà Nội",36.0,4,3,4,Giấy tờ không xác định,2025-10-17
Bán căn hộ liền kề Meco complex Trường Chinh 4 tầng giá 36 tỷ,36.0,"Phường Phương Mai, Quận Đống Đa, Hà Nội",90.0,4,4,4,Sổ đỏ,2025-10-22
"Bán nhà Chùa Bộc thoáng trước sau, Dt 50m2, 5t, mt 4m, vài bước ra phố",14.3,"Đường Chùa Bộc, Phường Kim Liên, Quận Đống Đa, Hà Nội",50.0,6,4,5,Sổ hồng,2025-10-21
TÒA NHÀ MẶT PHỐ SIÊU ĐẸP - KD ĐỈNH - HIẾM CÓ,43.0,"Đường Xã Đàn, Phường Nam Đồng, Quận Đống Đa, Hà Nội",95.0,9,9,9810,Sổ đỏ,2025-07-23
BÁN NHÀ ĐỐNG ĐA - LÔ GÓC - GẦN HỒ 3 MẪU - Ở NGAY,6.35,"Phường Khâm Thiên, Quận Đống Đa, Hà Nội",29.0,3,5,5,Giấy tờ không xác định,2025-10-17
Tôi cần bán nhà Thái Hà 2 mặt ngõ ô tô chánh đỗ kinh doanh sầm uất .,17.79,"Phường Láng Hạ, Quận Đống Đa, Hà Nội",58.5,3,3,3,Giấy tờ không xác định,2025-10-17
"Bán nhà phố Trần Quang Diệu 66m, 6 tầng, mt 6m. Giá: 30 tỷ",30.0,"Đường Trần Quang Diệu, Phường Ô Chợ Dừa, Quận Đống Đa, Hà Nội",66.0,4,5,6,Sổ đỏ,2025-10-20
"Bán nhà  phố Nguyễn Thái học, dt :65 mx 5 tầng ,mt :4 m ,giá :8 tỷ",8.0,"Đường Lê Duẩn, Phường Quốc Tử Giám, Quận Đống Đa, Hà Nội",65.0,4,4,5,Sổ đỏ,2025-10-20
ĐỐNG ĐA - CÁCH MẶT PHỐ 20M - NGÕ THẲNG - 6 TẦNG 8 NGỦ KHÉP KÍN HIỆN,7.5,"Đường Ngõ Thịnh Hào 1, Phường Thịnh Quang, Quận Đống Đa, Hà Nội",41.0,8,8,6,Sổ đỏ,2025-10-20
TRUNG TÂM ĐỐNG ĐA 6 TẦNG THANG MÁY - VỊ TRÍ SIÊU ĐẸP - NHÀ THOÁNG SÁNG,9.8,"Phường Khâm Thiên, Quận Đống Đa, Hà Nội",40.0,3,4,6,Giấy tờ không xác định,2025-10-16
CHÍNH CHỦ BÁN CĂN TRƯỜNG CHINH 77m - 18.5tỷ - PHÂN LÔ - KINH DOANH - O,18.5,"Phường Khương Thượng, Quận Đống Đa, Hà Nội",73.0,4,5,4,Giấy tờ không xác định,2025-10-16
CHỈ BÁN TRONG THÁNG 10 nhà phố Lệnh Cư-Đống Đa 126m2 MT-4m 17.65 tỷ,17.65,"Phường Thổ Quan, Quận Đống Đa, Hà Nội",126.0,6,6,8,Giấy tờ không xác định,2025-10-16
"CỰC HIẾM – Nhà mới 3 mặt ngõ , trung tâm đống đa",8.0,"Phường Hàng Bột, Quận Đống Đa, Hà Nội",25.0,3,4,5,Giấy tờ không xác định,2025-10-16
TRẦN QUANG DIỆU - ĐỐNG ĐA 9.8tỷ THANG MÁY - PHÂN LÔ - GẦN OTO,9.8,"Phường Ô Chợ Dừa, Quận Đống Đa, Hà Nội",30.0,3,5,6,Giấy tờ không xác định,2025-10-16
"Bán nhà La Thành, 67 m2, 7 phòng, dòng tiền, ô tô, thang máy, 2 thoáng",19.3,"Phường Ô Chợ Dừa, Quận Đống Đa, Hà Nội",67.0,7,4,5,Giấy tờ không xác định,2025-10-16
"GIẢM BÁN NHÀ MỚI ĐẸP ĐỐNG ĐA, SÁT HỒ LINH QUANG, 8 PHÒNG NGÕ THÔNG 8TỶ",8.3,"Phường Quốc Tử Giám, Quận Đống Đa, Hà Nội",36.0,8,5,6,Giấy tờ không xác định,2025-10-16
"Nhà Đất ngõ cụt, cách mặt đường Khâm Thiên chục bước chân, sdcc + gdcc",3.2,"Phường Khâm Thiên, Quận Đống Đa, Hà Nội",32.0,2,2,5,Giấy tờ không xác định,2025-10-16
"SIÊU PHẨM MẶT PHỐ ĐÊ LA THÀNH TO, L.GÓC, Ô TÔ, KD,  42M2, MT 5M, 18,9T",18.9,"Phường Ô Chợ Dừa, Quận Đống Đa, Hà Nội",42.0,2,4,5,Giấy tờ không xác định,2025-10-16
"Bán nhà măt ngõ ngô tât tố,văn miếu,dt: 50mx 5 tg , giá: 17,1 ty",17.1,"Đường Ngô Tất Tố, Phường Văn Miếu, Quận Đống Đa, Hà Nội",50.0,4,4,5,Sổ đỏ,2025-10-19
"TRUNG TÂM ĐỐNG ĐA NGÃ 4 SỞ - 5 Tầng ngõ thông, 2 mặt thoáng",7.7,"Phường Thịnh Quang, Quận Đống Đa, Hà Nội",31.0,3,4,5,Giấy tờ không xác định,2025-10-15
"LÔ GÓC Đống Đa - Nhà đẹp dân xây, vài bước ra ô tô ,9tỷ5",9.5,"Phường Thịnh Quang, Quận Đống Đa, Hà Nội",32.0,3,4,5,Giấy tờ không xác định,2025-10-15
"Lô góc Trường Chinh, 2 thoáng, ngõ ba gác, nhà dân xây. 46mx5T. 8,3 ty",8.3,"Phường Khương Thượng, Quận Đống Đa, Hà Nội",46.0,4,4,5,Giấy tờ không xác định,2025-10-15
"Nhà đẹp Thịnh Quang! 2 thoáng, 40m ra ô tô, ngõ rộng. 31mx5T. Chỉ 7,4t",7.4,"Phường Thịnh Quang, Quận Đống Đa, Hà Nội",31.0,3,4,5,Giấy tờ không xác định,2025-10-15
"NHÀ DÒNG TIỀN TRUNG TÂM ĐỐNG ĐA  - 8 phòng thang máy, sổ đỏ chính chủ",16.5,"Phường Trung Liệt, Quận Đống Đa, Hà Nội",62.5,8,5,5,Giấy tờ không xác định,2025-10-15
"Nguyễn Lương Bằng, 2 thoáng, ngõ thông, nhà đẹp. 32mx4T. Chỉ 6,5 tỷ",6.5,"Phường Nam Đồng, Quận Đống Đa, Hà Nội",32.0,4,3,4,Giấy tờ không xác định,2025-10-15
BÁN NHÀ KHÂM THIÊN – NGÕ THÔNG – DÒNG TIỀN KHỦNG– CĂN HỘ DỊCH VỤ 7TẦNG,22.0,"Phường Khâm Thiên, Quận Đống Đa, Hà Nội",90.0,11,7,7,Giấy tờ không xác định,2025-10-15
"NHÀ ĐẸP 5 TẦNG, 35M2 TAM KHƯƠNG, VIEW TRƯỜNG TH, 3 GÁC ĐỖ CỬA, 8,5 TỶ",8.5,"Đường Tam Khương, Phường Khương Thượng, Quận Đống Đa, Hà Nội",35.0,3,4,5,Sổ đỏ,2025-10-19
"Nhà ngõ Hoà Bình 7 Minh Khai-Bạch Mai. MB42m2*5T mới. 5p,4WC",9.65,"Ngõ hòa bình 7, Đường Minh Khai, Phường Bạch Mai, Quận Hai Bà Trưng, Hà Nội",42.0,6,4,5,Sổ đỏ,2025-11-19
6.35 TỶ-25M2- 5 TẦNG NGÕ NÔNG-BẠCH MAI-CHÙA LIÊN PHÁI-PHỐ HUỂ,6.35,"Đường Bạch Mai, Phường Bạch Mai, Quận Hai Bà Trưng, Hà Nội",25.0,3,4,5,Sổ đỏ,2025-11-28
"Bán Nhà 5,5T MP Thanh Nhàn- Kim Ngưu Dt60m mt4,5m hè 4m giá 27,88tỷ",27.88,"168, Đường Thanh nhàn, Phường Thanh Nhàn, Quận Hai Bà Trưng, Hà Nội",58.5,5,4,6,Sổ đỏ,2025-11-28
Bán gấp nhà ngõ phố Bạch Mai – vị trí đắc địa,11.2,"Đường Bạch Mai, Phường Bạch Mai, Quận Hai Bà Trưng, Hà Nội",47.0,5,4,4,Sổ đỏ,2025-11-27
"Bán gấp nhà ngõ phố Bạch Mai – ngõ rộng, xe Lam ra vào thoải mái",15.95,"Đường Bạch Mai, Phường Bạch Mai, Quận Hai Bà Trưng, Hà Nội",60.0,4,4,4,Sổ đỏ,2025-11-27
"Bán gấp nhà khu phố Trần Khát Chân – ngõ đẹp, cách phố chỉ 50m",6.3,"Đường Trần Khát Chân, Phường Thanh Nhàn, Quận Hai Bà Trưng, Hà Nội",32.0,3,3,4,Sổ đỏ,2025-11-27
Bán gấp nhà ngõ phố Bạch Mai – gần ngã 5 Phố Huế – Đại Cồ Việt.,7.75,"Đường Bạch Mai, Phường Bạch Mai, Quận Hai Bà Trưng, Hà Nội",32.0,6,5,5,Sổ đỏ,2025-11-27
"BÁN ĐẤT MP TRẦN KHÁT CHÂN,2 LÀN OTO TRÁNH,DT 83M,MT 5.2M,GIÁ 32 TỶ",32.0,"Đường Trần Khát Chân, Phường Thanh Lương, Quận Hai Bà Trưng, Hà Nội",83.0,2,2,1,Sổ đỏ,2025-11-24
NHÀ ĐẸP VÀNH ĐAI 2.5 – 33M – 5 TẦNG – GIÁ 7.35 TỶ,7.35,"Phường Vĩnh Tuy, Quận Hai Bà Trưng, Hà Nội",33.0,4,3,5,Giấy tờ không xác định,2025-11-28
"Bán gấp nhà ngõ 105 phố Bạch Mai, cách phố 50m, diện tích 48m2, 4,5T",11.19,"07, Đường Bạch Mai, Phường Bạch Mai, Quận Hai Bà Trưng, Hà Nội",48.0,4,4,5,Sổ đỏ,2025-11-28
"Bán Nhà 3T lo Góc Minh Khai- Ngõ Hoà Bình 35m2 7,88 tỷ",7.88,"10, Đường Minh Khai, Phường Bạch Mai, Quận Hai Bà Trưng, Hà Nội",29.2,4,3,3,Sổ đỏ,2025-11-28
6.5 TỶ - NHÀ ĐẸP BẠCH MAI 5 TẦNG FULL NỘI THẤT CỰC ĐẸP,6.5,"Phường Bạch Mai, Quận Hai Bà Trưng, Hà Nội",25.0,4,4,5,Giấy tờ không xác định,2025-11-27
"Nhà 6T vị trí vàng Mp Bạch Mai vỉa hè kd sầm uất dt 40m mt 5,5m",34.5,"Đường Bạch Mai, Phường Bạch Mai, Quận Hai Bà Trưng, Hà Nội",37.0,4,5,6,Sổ đỏ,2025-11-27
Bán nhà ngõ 31/20 Nguyễn Cao..,19.0,"27, Đường Nguyễn Cao, Phường Đống Mác, Quận Hai Bà Trưng, Hà Nội",65.0,3,3,3,Sổ đỏ,2025-11-27
"BẠCH MAI 56M, LÔ GÓC, 5T THANGMÁY, NGÕ RỘNG THÔNG KD TỐT, 7PN, 15.5 TỶ",15.5,"Đường Bạch Mai, Phường Bạch Mai, Quận Hai Bà Trưng, Hà Nội",54.0,7,5,5,Sổ đỏ,2025-11-27
Nhà 6T khu P/Lô Víp Tạ Quang Bửu-Bách Khoa vỉa hè ôtô tránh KD tốt,30.0,"Đường Tạ Quang Bửu, Phường Bách Khoa, Quận Hai Bà Trưng, Hà Nội",70.5,8,5,6,Sổ đỏ,2025-11-27
"45m² MINH KHAI TIMECITY, nhà mới đẹp ở ngay; 4PN thoáng sáng.",8.0,"Đường Minh Khai, Phường Vĩnh Tuy, Quận Hai Bà Trưng, Hà Nội",45.0,4,3,4,Sổ đỏ,2025-11-26
"Bán Nhà Dòng Tiền Minh Khai, Hai Bà 110m, 7 tầng, mt 8.9m, giá 38.6 tỷ",38.6,"Đường Minh Khai, Phường Minh Khai, Quận Hai Bà Trưng, Hà Nội",110.0,21,22,7,Sổ đỏ,2025-11-26
"CHÍNH CHỦ bán nhà phố Bạch Mai. Diện tích 39m2, 3,5 tầng, lô góc.",6.9,"Đường Bạch Mai, Phường Bạch Mai, Quận Hai Bà Trưng, Hà Nội",39.0,4,3,4,Sổ đỏ,2025-11-26
"Bán nhà phố 8/3 ngõ thông kinh doanh, Dt 38m2, 5t, mt 4.1m, đẹp ở ngay",6.9,"Đường Phố 8/3, Phường Quỳnh Lôi, Quận Hai Bà Trưng, Hà Nội",38.0,3,4,5,Sổ hồng,2025-11-25
"Bán nhà Ngõ Quỳnh Bạch Mai, Lô góc, Dt 42m2, 5t mt 5m, 7.8 tỷ.",7.8,"Đường Ngõ Quỳnh, Phường Cầu Dền, Quận Hai Bà Trưng, Hà Nội",42.0,3,4,5,Sổ hồng,2025-11-25
"Nhà Đẹp, Gần Phố, Vân Đồn, Hai Bà Trưng 33m, 5 tầng, mt 3.9m, 7.5 tỷ",7.5,"Đường Vân Đồn, Phường Bạch Đằng, Quận Hai Bà Trưng, Hà Nội",33.0,3,4,5,Sổ đỏ,2025-11-25
"Bán nhà phố Minh Khai, Dt 45m2, 5t, mt 4m, mới đẹp ở ngay.",9.8,"Đường Minh Khai, Phường Minh Khai, Quận Hai Bà Trưng, Hà Nội",45.0,5,4,5,Sổ hồng,2025-11-25
"Bán nhà gấp Trần Khát Chân ngõ thông 3 bước ra phố, Dt 55m2, 2t, mt 4m",13.5,"Đường Trần Khát Chân, Phường Đống Mác, Quận Hai Bà Trưng, Hà Nội",55.0,2,2,2,Sổ hồng,2025-11-25
"Bán nhà Minh Khai ngõ thoáng mới đẹp ở ngay, Dt 41m2, 4t, mt 3.7m.",7.6,"Đường Minh Khai, Phường Minh Khai, Quận Hai Bà Trưng, Hà Nội",41.0,4,3,4,Sổ hồng,2025-11-25
"Bán nhà phố Minh Khai, Hai Bà Trưng 102m, 7 tầng. Giá: 26.5 tỷ",26.5,"Phường Minh Khai, Quận Hai Bà Trưng, Hà Nội",102.0,21,21,7,Sổ đỏ,2025-11-25
"Bán Nhà, Xây Mới, Hoa Lư, Vân Hồ, Hai Bà 38m, 5 tầng, mt 4.5m, 14.2 tỷ",14.2,"Đường Hoa Lư, Phường Lê Đại Hành, Quận Hai Bà Trưng, Hà Nội",38.0,3,4,5,Sổ đỏ,2025-11-25
CHÍNH CHỦ BÁN NHÀ TRUNG TÂM HAI BÀ TRƯNG,8.65,"Đường Hoa Lư, Phường Lê Đại Hành, Quận Hai Bà Trưng, Hà Nội",25.0,4,3,5,Sổ đỏ,2025-11-24
TRUNG TAM-QUẬN HAI BÀ TRƯNG- NGÕ THÔNG- BÁN ĐẤT TẶNG NHÀ.,7.7,"Phường Cầu Dền, Quận Hai Bà Trưng, Hà Nội",30.0,3,2,3,Giấy tờ không xác định,2025-11-24
"Bán nhà mặt phố Hàn Thuyên cực đẹp, 291m2, mặt tiền 12m chỉ 135 tỷ",135.0,"Đường Hàn Thuyên, Phường Phạm Đình Hổ, Quận Hai Bà Trưng, Hà Nội",291.0,8,8,3,Sổ đỏ,2025-11-16
"Nhà Đẹp Gần Phố, Minh Khai, Hai Bà Trưng 21m, 5 tầng, mt 4.8m, 6.72 tỷ",6.72,"Đường Minh Khai, Phường Minh Khai, Quận Hai Bà Trưng, Hà Nội",21.0,3,3,5,Sổ đỏ,2025-11-24
"Nhà Đẹp Thanh Nhàn, Hai Bà Trưng 38m, 5 tầng, mt 3.1m, giá 8.8 tỷ.",8.8,"Đường Thanh Nhàn, Phường Thanh Nhàn, Quận Hai Bà Trưng, Hà Nội",38.0,5,4,5,Sổ đỏ,2025-11-24
"Nhà Đẹp Gần Phố, Duơng Văn Bé, Hai Bà Trưng 33m, 5 tầng, giá 8.45 tỷ",8.45,"Đường Dương Văn Bé, Phường Vĩnh Tuy, Quận Hai Bà Trưng, Hà Nội",33.0,3,4,5,Sổ đỏ,2025-11-24
"Bán Nhà Gần Đường Ô Tô Bùi Ngọc Dương, Hai Bà Trưng 65m, giá 3.95 tỷ",3.95,"Đường Bùi Ngọc Dương, Phường Bạch Mai, Quận Hai Bà Trưng, Hà Nội",65.0,2,1,1,Sổ đỏ,2025-11-15
Bán nhà 3 tầng Cách công viên Thống Nhất 100 m,3.86,"Phường Lê Đại Hành, Quận Hai Bà Trưng, Hà Nội",20.0,3,2,3,Giấy tờ không xác định,2025-11-24
"Nhà Đẹp Gần Phố, Bùi Ngọc Dương, Hai Bà Trưng 90m, giá 4.28 tỷ.",4.28,"Đường Bùi Ngọc Dương, Phường Bạch Mai, Quận Hai Bà Trưng, Hà Nội",90.0,3,2,1,Sổ đỏ,2025-11-23
"Nhà Đẹp Ở Luôn Phố Quỳnh Mai, Hai Bà Trưng 85m, tầng 3, giá 4.8 tỷ.",4.8,"Đường Quỳnh Mai, Phường Quỳnh Mai, Quận Hai Bà Trưng, Hà Nội",85.0,3,2,1,Sổ đỏ,2025-11-23
Bán nhà 6 tầng xây mới phố Nguyễn công trứ _ Đỗ ngọc du,10.9,"Phường Đồng Nhân, Quận Hai Bà Trưng, Hà Nội",44.0,4,5,6,Sổ đỏ,2025-11-22
"Hiếm nhà bán - Nhỏ xinh 20m2 x 4T phố Bạch Mai, sổ đỏ vuông đẹp",4.5,"Phường Bạch Mai, Quận Hai Bà Trưng, Hà Nội",20.0,3,3,4,Giấy tờ không xác định,2025-11-22
Nhỉnh 6Tỷ-Nhà Phố Bạch Mai-Ngõ Rộng-Gần ÔTÔ-27m2 x 5Tầng (3Ngủ)-Sổ Đỏ,6.35,"Đường Bạch Mai, Phường Bạch Mai, Quận Hai Bà Trưng, Hà Nội",27.0,3,4,5,Sổ hồng,2025-11-22
Bán Nhà Hai Bà Trưng 68m²–6 Tầng – MT 6.2m – Dòng Tiền 60 Triệu/Tháng,14.5,"Đường Trương Định, Phường Trương Định, Quận Hai Bà Trưng, Hà Nội",68.0,13,13,6,Sổ đỏ,2025-11-22
"Nhà Ngõ Hoà Bình 7 Minh Khai, Bạch Mai. MB42*4T mới, Full nội thất",9.65,"Hòa bình 7, Đường Minh Khai, Phường Minh Khai, Quận Hai Bà Trưng, Hà Nội",170.0,5,4,4,Sổ đỏ,2025-11-21
30m Ra Phố Võ Thị Sáu-View Hồ-Sát Công Viên-72m2-5Tầng Đẳng Cấp-18Tỷ6,18.6,"Đường Võ Thị Sáu, Phường Thanh Nhàn, Quận Hai Bà Trưng, Hà Nội",72.0,6,4,5,Sổ đỏ,2025-11-21
"Bán Nhà 5 tầng  88 võ thị sáu gần hồ 55m2 XD giá 18,99 tỷ.",18.99,"68, Đường Võ Thị Sáu, Phường Quỳnh Lôi, Quận Hai Bà Trưng, Hà Nội",46.0,6,5,5,Sổ hồng,2025-11-21
"Trần Đại Nghĩa mặt ngõ 3m, thông tứ phía,nhà đẹp mê ly,nội thất xịn sò",6.95,"Phường Bách Khoa, Quận Hai Bà Trưng, Hà Nội",32.0,3,4,5,Giấy tờ không xác định,2025-11-21
"Căn hộ Tập thể mặt phố Thi Sách, 70m2, 2 ngủ 2WC, 4.8 tỷ!",4.8,"Đường Thi Sách, Phường Ngô Thì Nhậm, Quận Hai Bà Trưng, Hà Nội",70.0,2,2,1,Sổ đỏ,2025-11-21
"Bán nhà phân lô ngõ 230 Lạc Trung 78m2*8T,oto tránh,MT:5.4m,KD,29.8tỷ.",29.8,"Ngõ 230 , Đường Lạc Trung, Phường Thanh Lương, Quận Hai Bà Trưng, Hà Nội",78.0,8,7,8,Sổ hồng,2025-11-11
Bán Nhà Phố Trần Khát Chân quận Hai Bà Trưng 55m 5 Tầng Mặt Tiền 5.1m,13.73,"Đường Trần Khát Chân, Phường Đống Mác, Quận Hai Bà Trưng, Hà Nội",55.0,5,6,5,Sổ hồng,2025-11-21
"Bán Nhà Kinh Doanh, Ô TÔ, Quỳnh Mai 140m, giá 8,9 tỷ.",8.9,"Đường Quỳnh Mai, Phường Quỳnh Mai, Quận Hai Bà Trưng, Hà Nội",140.0,4,3,1,Sổ đỏ,2025-11-21
"Nhà đẹp Lạc Trung-20m ra oto, full nội thất, ở ngay 53m x 5T, nở hậu",9.5,"Phường Thanh Lương, Quận Hai Bà Trưng, Hà Nội",53.0,6,5,5,Giấy tờ không xác định,2025-11-21
"Bán Nhà Phố Lê Thanh Nghị-Trần Đại Nghĩa,hè Dt 95m2 Mt 6.5m, 28,99Ty.",28.99,"Đường Lê Thanh Nghị, Phường Bách Khoa, Quận Hai Bà Trưng, Hà Nội",95.0,10,7,4,Sổ đỏ,2025-11-21
"Nhà Đẹp Gần Đường Ô Tô Quỳnh Mai - Kim Ngưu, Hai Bà Trưng 90m, 5.09 tỷ",5.09,"Đường Quỳnh Mai, Phường Quỳnh Mai, Quận Hai Bà Trưng, Hà Nội",90.0,3,2,1,Sổ đỏ,2025-11-21
Bán nhà để ở hoặc làm văn phòng công ty,7.95,"9b ngõ 22, Đường Đại La, Phường Bạch Mai, Quận Hai Bà Trưng, Hà Nội",20.0,2,2,4,Sổ đỏ,2025-11-19
"Nhà Đẹp, Phố 8 - 3, Hai Bà Trưng 65m, tầng 2, giá 3.98 tỷ.",3.98,"Đường Phố 8-3, Phường Quỳnh Mai, Quận Hai Bà Trưng, Hà Nội",65.0,2,1,1,Sổ đỏ,2025-11-20
"Dương Văn Bé, nhà dân xây, bền đẹp, bán nhanh giá rẻ nhất thị trường!",6.7,"Phường Vĩnh Tuy, Quận Hai Bà Trưng, Hà Nội",40.0,3,3,4,Giấy tờ không xác định,2025-11-20
"nhà mặt phố Tạ Quang Bửu, Hai Bà Trưng 68m, 6t, mt 5.5m. Giá: 59.9 tỷ",59.9,"Phường Bạch Mai, Quận Hai Bà Trưng, Hà Nội",68.0,4,5,6,Sổ đỏ,2025-11-20
Bán Nhà-Phân Lô-Ngõ ÔTÔ-Phố Hồng Mai-Hai Bà Trưng-35m x 4Tầng-Hơn 10Tỷ,10.5,"Đường Hồng Mai, Phường Bạch Mai, Quận Hai Bà Trưng, Hà Nội",35.0,3,4,4,Sổ hồng,2025-11-20
"Minh Khai, nhà đẹp, chất lượng, xem là thích, giá hợp lý! Mua là thắng",6.8,"Phường Vĩnh Tuy, Quận Hai Bà Trưng, Hà Nội",38.0,4,3,5,Giấy tờ không xác định,2025-11-20
"Bán nhà Bạch Mai, 36m x 5T, nhà đang cho thuê 18tr/th giá bán hợp lý",7.3,"Phường Bạch Mai, Quận Hai Bà Trưng, Hà Nội",36.0,7,5,5,Giấy tờ không xác định,2025-11-20
PHỐ VÕ THỊ SÁU - TT QUẬN HAI BÀ - GẦN HỒ - SÁT PHỐ - NGÕ RỘNG BA G,18.5,"Phường Thanh Nhàn, Quận Hai Bà Trưng, Hà Nội",70.0,6,7,5,Giấy tờ không xác định,2025-11-20
NGÕ THÔNG MINH KHAI - KINH DOANH - NGÕ BA GÁC - 39m2 - NHỈNH 6 TỶ,6.85,"Phường Minh Khai, Quận Hai Bà Trưng, Hà Nội",39.0,3,3,4,Giấy tờ không xác định,2025-11-20
BÁN NHÀ  PHỐ PHỐ VỌNG – GIẢI PHÓNG – TRUNG TÂM HÀ NỘI – 54M² – 22.5 tỷ,22.5,"Phường Đồng Tâm, Quận Hai Bà Trưng, Hà Nội",54.0,4,4,4,Sổ đỏ,2025-11-19
"nhà phố Trần Đại Nghĩa, Hai Bà Trưng 110m, 7t, mt 5.3m. Giá: 38 tỷ",38.0,"Đường Trần Đại Nghĩa, Phường Bách Khoa, Quận Hai Bà Trưng, Hà Nội",110.0,27,27,7,Sổ đỏ,2025-11-19
BÁN NHÀ MẶT PHỐ PHỐ VỌNG – GIẢI PHÓNG – TRUNG TÂM HÀ NỘI – 54M² – GIÁ,22.5,"Phường Đồng Tâm, Quận Hai Bà Trưng, Hà Nội",54.0,4,3,4,Sổ đỏ,2025-11-19
"Bán nhà phố Bạch Mai thoáng trước sau, Dt 50m2, 5t, Mt 4.5m, ở ngay.",11.2,"Đường Bạch Mai, Phường Cầu Dền, Quận Hai Bà Trưng, Hà Nội",50.0,5,4,5,Sổ hồng,2025-11-19
"Bán nhà phố Lạc Trung, Hai Bà Trưng 73m, 4 tầng, mt 4.5m. Giá: 28.5 tỷ",28.5,"Đường Lạc Trung, Phường Vĩnh Tuy, Quận Hai Bà Trưng, Hà Nội",73.0,4,3,4,Sổ đỏ,2025-11-19
"bán nhà phố Thanh Nhàn, Hai Bà Trưng 88m, 6 tầng. Giá: 18.5 tỷ",18.5,"Đường Thanh Nhàn, Phường Quỳnh Lôi, Quận Hai Bà Trưng, Hà Nội",88.0,10,10,6,Sổ đỏ,2025-11-19
"🔥 HÀNG HIẾM MINH KHAI – NHÀ LÔ GÓC – MẶT TIỀN RỘNG ,4 TẦNG ,GIÁ 5,38 T",5.38,"Phường Minh Khai, Quận Hai Bà Trưng, Hà Nội",25.0,3,3,4,Giấy tờ không xác định,2025-11-19
Bán  nhà 30m² x 2T nhà mới đủ đồ ngõ 219 Đê Tô Hoàng HBT - HN,3.0,"33, 33, Phường Bạch Mai, Quận Hai Bà Trưng, Hà Nội",30.0,2,2,2,Giấy tờ không xác định,2025-11-19
"Bán nhà mặt phố Lạc Trung, Hai Bà Trưng 51m, 4t, mt 4.5m. Giá: 29.6 tỷ",29.6,"Đường Lạc Trung, Phường Thanh Lương, Quận Hai Bà Trưng, Hà Nội",51.0,3,3,4,Sổ đỏ,2025-11-19
"Bán Nhà Dòng Tiền Nguyễn An Ninh 42m, 5 tầng, mt 3,5m, giá 10.6 tỷ.",10.6,"Đường Trương Định, Phường Trương Định, Quận Hai Bà Trưng, Hà Nội",42.0,8,9,5,Sổ đỏ,2025-11-18
Bán Nhà Minh Khai-Đối Diện TimeCity-ÔTÔ Thông-37m2 x 4Tầng-Chỉ 7Tỷ18,7.18,"Đường Minh Khai, Phường Vĩnh Tuy, Quận Hai Bà Trưng, Hà Nội",37.0,3,3,4,Sổ hồng,2025-11-17
"Bán Nhà Ô Tô Trong Nhà, Kim Ngưu, 30/35m, 5 tầng, mt 5m, giá 14.85 tỷ",14.85,"Đường Kim Ngưu, Phường Thanh Lương, Quận Hai Bà Trưng, Hà Nội",30.0,3,4,5,Sổ đỏ,2025-11-17
PHÂN LÔ => Ô TÔ ĐỖ CỬA => THANG MÁY => HBT.,12.8,"Phường Vĩnh Tuy, Quận Hai Bà Trưng, Hà Nội",39.0,3,4,5,Giấy tờ không xác định,2025-11-17
NHÀ RIÊNG MINH KHAI-ĐỐI DIỆN TIMECITY-ÔTÔ ĐỖ CỬA-22m2-4TẦNG-CHỈ 3TỶ500,3.5,"Đường Minh Khai, Phường Vĩnh Tuy, Quận Hai Bà Trưng, Hà Nội",22.0,2,3,4,Sổ đỏ,2025-11-17
Phố Hiếm Nhà Bán_Khu VIP Hai Bà Trưng-Giáp VinCom Bà Triệu_Công Viên,14.8,"Đường Thể Giao, Phường Lê Đại Hành, Quận Hai Bà Trưng, Hà Nội",45.0,3,3,4,Sổ hồng,2025-11-17
"Bán Nhà, Phố VIP Bạch Mai 50m, tầng 1, mt 4,3m, giá 4,35 tỷ.",4.35,"Đường Bạch Mai, Phường Bạch Mai, Quận Hai Bà Trưng, Hà Nội",50.0,3,2,1,Sổ đỏ,2025-11-17
"9,25 tỷ-38M2-5 TẦNG THANG MÁY-MỚI GẦN PHỐ -ĐẠI LA-PHỐ VỌNG-HBT",9.25,"Phường Đồng Tâm, Quận Hai Bà Trưng, Hà Nội",38.0,3,4,5,Giấy tờ không xác định,2025-11-17
"Nhà Mặt Phố, Ô tô 2 chiều, Vỉa hè, Vừa ở vừa Kinh doanh",15.0,"Đường Nguyễn An Ninh, Phường Trương Định, Quận Hai Bà Trưng, Hà Nội",36.0,4,4,4,Sổ đỏ,2025-11-17
Cảnh báo cho nguời mua nhà 325/72 thanh lương có 6 ngôi mộ sau nhà,6.2,"Phường Thanh Lương, Quận Hai Bà Trưng, Hà Nội",22.0,2,3,5,Giấy tờ không xác định,2025-11-16
"Nhà Đẹp Thang Máy, Dương Văn Bé 39/43m, 5  tầng, mt 3.4m, giá 12.8 tỷ",12.8,"Đường Bạch Mai, Phường Bạch Mai, Quận Hai Bà Trưng, Hà Nội",39.0,3,4,5,Sổ đỏ,2025-11-16
"Nhà Đẹp Phố VIP Bạch Mai, Hai Bà Trưng 42m, 6 tầng, mt 4.1m, 13.3 tỷ",13.3,"Đường Bạch Mai, Phường Bạch Mai, Quận Hai Bà Trưng, Hà Nội",42.0,3,4,6,Sổ đỏ,2025-11-16
Bán nhà phố Minh Khai DT 85 m2 x 7 tầng thang máy x VP - CTy,24.5,"Đường Minh Khai, Phường Minh Khai, Quận Hai Bà Trưng, Hà Nội",85.0,6,6,7,Sổ đỏ,2025-11-15
🔥🔥🔥 TRUNG TÂM QUẬN – OTO ĐỖ CỔNG – 2 MẶT THOÁNG SÁNG VĨNH VIỄN,4.8,"Phường Quỳnh Mai, Quận Hai Bà Trưng, Hà Nội",22.0,2,1,1,Giấy tờ không xác định,2025-11-16
Hơn 12Tỷ-Nhà Mới-43m2 / 5Tầng-Thang Máy-ÔTÔ Đỗ Cửa-Q. Hai Bà Trưng,12.8,"Đường Dương Văn Bé, Phường Vĩnh Tuy, Quận Hai Bà Trưng, Hà Nội",43.0,3,4,5,Sổ hồng,2025-11-16
"Nhà đẹp ngõ 105 Bạch Mai, giá 6.9 tỷ, 39m2x4T, lô góc, ngõ thông",6.9,"Đường Bạch Mai, Phường Bạch Mai, Quận Hai Bà Trưng, Hà Nội",39.0,4,3,3,Sổ đỏ,2025-11-16
BÁN NHÀ MINH KHAI – GẦN TIMES CITY – 60M² – 5 TẦNG THANG MÁY – 6 PHÒNG,14.5,"Đường Minh Khai, Phường Minh Khai, Quận Hai Bà Trưng, Hà Nội",60.0,6,5,5,Sổ đỏ,2025-11-16
"Bán Nhà Kinh Doanh, Ô TÔ, Yên Lạc, Hai Bà Trưng 51m, 7 tâng, giá 28 tỷ",28.0,"Đường Yên Lạc, Phường Vĩnh Tuy, Quận Hai Bà Trưng, Hà Nội",51.0,4,5,7,Sổ đỏ,2025-11-15
BÁN NHÀ TRUNG TÂM HAI BÀ TRƯNG - 5 TẦNG - FULL NỘI THẤT XỊN SÒ,8.3,"Phường Bạch Mai, Quận Hai Bà Trưng, Hà Nội",38.0,3,4,5,Giấy tờ không xác định,2025-11-15
"Nhà Đẹp Dòng Tiền Nguyễn An Ninh, Hai Bà Trưng 42 m, 5 tầng, 12.6 tỷ",12.6,"Đường Nguyễn An Ninh, Phường Trương Định, Quận Hai Bà Trưng, Hà Nội",42.0,7,8,5,Sổ đỏ,2025-11-15
"Nhà Đẹp Ô TÔ Vào Nhà, Lạc Trung, Hai Bà Trưng 70m, 8 tầng, giá 29.8 tỷ",29.8,"Đường Lạc Trung, Phường Vĩnh Tuy, Quận Hai Bà Trưng, Hà Nội",70.0,10,8,8,Sổ đỏ,2025-11-15
"Trần Khát Chân-43m -nhà mới , gần ô tô 10m, vị trí trung tâm",6.7,"Phường Thanh Lương, Quận Hai Bà Trưng, Hà Nội",37.0,4,4,5,Giấy tờ không xác định,2025-11-15
"Bán nhà TT Minh Khai 80m2, 3 ngủ, ngõ ô tô tránh đỗ, giá 4,35 tỷ",4.35,"Phường Bạch Mai, Quận Hai Bà Trưng, Hà Nội",33.0,3,2,1,Giấy tờ không xác định,2025-11-15
"Bán nhà phố Minh Khai, Hai Bà Trưng 93m, 7 tầng, mt 5.2m. Giá: 25.5 tỷ",25.5,"Đường Minh Khai, Phường Minh Khai, Quận Hai Bà Trưng, Hà Nội",93.0,18,19,7,Sổ đỏ,2025-11-14
"Nhà mặt phố Trần Đại Nghĩa, Hai Bà Trưng 78m ,6t, mt 11m. Giá: 67 tỷ",67.0,"Phường Bách Khoa, Quận Hai Bà Trưng, Hà Nội",78.0,3,6,6,Sổ đỏ,2025-11-14
Bán Nhà Bạch Mai-Đẳng Cấp Quý Phái-DT65m2 x 4Tầng x MT5m-Hơn 17Tỷ,17.9,"Đường Bạch Mai, Phường Bạch Mai, Quận Hai Bà Trưng, Hà Nội",65.0,4,4,4,Sổ đỏ,2025-11-14
Bán Nhà Đường Kim Ngưu - Minh Khai về ở ngay giá hơn 5 tỷ,5.2,"559, Đường Đông Kim Ngưu, Phường Minh Khai, Quận Hai Bà Trưng, Hà Nội",19.0,3,4,5,Sổ đỏ,2025-11-13
Cần Bán Cực Gấp Nhà Phố Minh Khai Hai Bà Trưng Dòng tiền 50tr/tháng,11.85,"Đường Minh Khai, Phường Minh Khai, Quận Hai Bà Trưng, Hà Nội",50.0,8,8,5,Sổ đỏ,2025-11-21
Nhà ngõ Chùa Hưng Ký 26m2 mặt tiền 4.2m 5 tầng 5.25 tỷ.,5.25,"Đường Minh Khai, Phường Minh Khai, Quận Hai Bà Trưng, Hà Nội",26.0,3,4,5,Sổ đỏ,2025-11-13
NHÀ MINH KHAI 20m Ra Phố Mới Keeng,8.0,"Phường Minh Khai, Quận Hai Bà Trưng, Hà Nội",32.0,3,4,5,Giấy tờ không xác định,2025-11-14
"TRUNG TÂM HBT, PHÂN LÔ, Ô TÔ ĐỖ CỬA, KHU VỰC HIẾM NHÀ BÁN.",9.6,"Phường Bạch Mai, Quận Hai Bà Trưng, Hà Nội",32.0,3,3,3,Giấy tờ không xác định,2025-11-14
"Nhà nhỏ đủ công năng giá shock, phố Hồng Mai, Hai Bà Trưng",3.55,"Phường Quỳnh Lôi, Quận Hai Bà Trưng, Hà Nội",15.0,3,2,5,Giấy tờ không xác định,2025-11-14
Phố Bạch Mai - vài bước mặt phố - 45m2 - 4 tầng - 8 tỷ,8.0,"Phường Bạch Mai, Quận Hai Bà Trưng, Hà Nội",45.0,4,3,4,Giấy tờ không xác định,2025-11-14
"Bán nhà phố Hồng Mai, Hai Bà Trưng 56m, 5 tầng. Giá: 16.5 tỷ",16.5,"Phường Quỳnh Lôi, Quận Hai Bà Trưng, Hà Nội",56.0,4,4,5,Sổ đỏ,2025-11-13
🔥NHÀ ĐẸP Ở LUÔN-CÁCH 10M RA ĐƯỜNG MINH KHAI - HAI ÔTÔ TRÁNH - THÔNG SỐ,8.0,"Phường Minh Khai, Quận Hai Bà Trưng, Hà Nội",33.0,3,3,5,Giấy tờ không xác định,2025-11-13
✅ Bán nhà Ngõ Quỳnh – 35m² – 5 tầng – MT 5.3m – Ô tô – Kinh doanh – 8.,8.67,"Phường Bạch Mai, Quận Hai Bà Trưng, Hà Nội",35.0,3,3,4,Giấy tờ không xác định,2025-11-13
Bán nhà Đại La 54m² – 4 tầng – MT 4.5m – cách phố 20m – full nội thất,12.65,"Phường Trương Định, Quận Hai Bà Trưng, Hà Nội",55.0,4,3,4,Giấy tờ không xác định,2025-11-13
"🌹🌹🌹 BÁN NHÀ HOÀNG MAI: 19M/ 4 TẦNG/ 3 NGỦ/ 5,95 TỶ",5.95,"Phường Minh Khai, Quận Hai Bà Trưng, Hà Nội",19.0,3,3,4,Giấy tờ không xác định,2025-11-13
GĐ CẦN BÁN NHÀ PHỐ HUẾ - LÒ ĐÚC 39m2 5T 30m ra phố nhỉnh 8 Tỷ,8.98,"Phường Phố Huế, Quận Hai Bà Trưng, Hà Nội",38.0,3,4,5,Giấy tờ không xác định,2025-11-13
"Bán nhà măt phố HOÀ MÃ, HBT, dt: 120 mx 10 tg, giá :105 tỷ",105.0,"Đường Hòa Mã, Phường Nguyễn Du, Quận Hai Bà Trưng, Hà Nội",120.0,8,10,9,Sổ đỏ,2025-11-12
Phố Hiếm Nhà Bán-Khu VIP Q.Hai Bà Trưng-Giáp VinCom Bà Triệu-Công Viên,14.8,"Đường Thể Giao, Phường Lê Đại Hành, Quận Hai Bà Trưng, Hà Nội",45.0,3,3,4,Sổ đỏ,2025-11-12
Bán nhà Mặt Phố Đồng Nhân quận hai bà trưng,16.85,"30, Đường Đồng Nhân, Phường Đồng Nhân, Quận Hai Bà Trưng, Hà Nội",30.5,3,3,4,Sổ đỏ,2025-11-16
NHÀ TRUNG TÂM HAI BÀ TRƯNG 4 TẦNG 3 NGỦ 3 VỆ SINH,5.93,"Phường Bạch Mai, Quận Hai Bà Trưng, Hà Nội",22.0,3,3,4,Giấy tờ không xác định,2025-11-12
Hiếm! Hơn 12 tỷ Hai Bà Trưng 60m² MT 4.2m 10m ô tô tiện ích ngập tràn,12.68,"Phường Đồng Nhân, Quận Hai Bà Trưng, Hà Nội",60.0,2,1,2,Giấy tờ không xác định,2025-11-12
"4 Tầng trung tâm Hai Bà Trưng – 43m² –, 2 Thoáng – Gần Bách Khoa",9.8,"Phường Quỳnh Lôi, Quận Hai Bà Trưng, Hà Nội",43.0,5,4,4,Giấy tờ không xác định,2025-11-12
💥💥 HIẾM!! NHỈNH 1 TỶ NHÀ 4 TẦNG ĐẦY ĐỦ CÔNG NĂNG_ TT QUẬN HAI BÀ,1.9,"Phường Vĩnh Tuy, Quận Hai Bà Trưng, Hà Nội",14.0,2,3,4,Giấy tờ không xác định,2025-11-12
Nhà đẹp dân xây trương định Bạch Mai,5.65,"Phường Trương Định, Quận Hai Bà Trưng, Hà Nội",25.0,3,4,5,Giấy tờ không xác định,2025-11-11
Bán nhà số 66 Ngõ 121 Kim Ngưu mặt Ngõ to vừa ở và kinh doanh đa ngành,10.3,"66/121 Kim ngưu, Đường Phố Kim Ngưu, Phường Thanh Lương, Quận Hai Bà Trưng, Hà Nội",54.0,7,3,4,Sổ đỏ,2025-11-11
"Bán nhà Ngõ Quỳnh DT 125m2, 2T, Mt 6.7m, kinh doanh dòng tiền.",22.2,"Đường Quỳnh Lôi, Phường Quỳnh Lôi, Quận Hai Bà Trưng, Hà Nội",125.0,5,3,2,Sổ hồng,2025-11-11
Chỉ 6Tỷ25-Nhà Riêng 24m2-Xây Mới 5Tầng-Full Nội Thất-Cạnh KĐT TimeCity,6.25,"Đường Tam Trinh, Phường Vĩnh Tuy, Quận Hai Bà Trưng, Hà Nội",24.0,3,4,5,Sổ hồng,2025-11-11
TT HAI BÀ TRƯNG _ THÔNG CÁC PHỐ_ 5 tầng _ 6 phòng ngủ,8.8,"Phường Quỳnh Lôi, Quận Hai Bà Trưng, Hà Nội",42.0,6,4,5,Giấy tờ không xác định,2025-11-11
ĐÊ TRẦN KHÁT CHÂN 61M2 – Ô TÔ TRÁNH – MẶT NGÕ KINH DOANH – 15.6 TỶ,15.6,"Phường Thanh Nhàn, Quận Hai Bà Trưng, Hà Nội",61.0,4,4,4,Giấy tờ không xác định,2025-11-11
"Chỉ 5,3tỷ có nhà phố Lê Ngọc Hân Hai Bà Trưng cách phố 15m",5.3,"Phường Phạm Đình Hổ, Quận Hai Bà Trưng, Hà Nội",22.0,2,2,4,Giấy tờ không xác định,2025-11-11
"Bán gấp giảm 2 tỷ, nhà dòng tiền Trương Định 17P 90m2 7 tầng 13.5 tỷ",13.5,"Phường Trương Định, Quận Hai Bà Trưng, Hà Nội",90.0,11,7,7,Giấy tờ không xác định,2025-11-11
#TRUNG TÂM HAI BÀ TRƯNG - #GIÁP ĐH BÁCH KINH XÂY  - #THOÁNG TRƯỚC SAU,9.85,"Phường Trương Định, Quận Hai Bà Trưng, Hà Nội",61.0,6,6,4,Giấy tờ không xác định,2025-11-11
Bán Nhà Phố Chùa Quỳnh-ÔTÔ Đỗ Cửa-2Mặt Ngõ Thông-50m2/4Tầng-Hơn 13Tỷ,13.8,"Đường Phố Chùa Quỳnh, Phường Quỳnh Lôi, Quận Hai Bà Trưng, Hà Nội",50.0,3,3,4,Sổ hồng,2025-11-10
Mặt Phố Lãng Yên-Giáp Trần khát Chân-DT52m2 x 4Tầng x MT4m-Hơn 19Tỷ,19.8,"Đường Lãng Yên, Phường Thanh Lương, Quận Hai Bà Trưng, Hà Nội",52.0,4,3,4,Sổ hồng,2025-11-10
"Bán Nhà Kinh Doanh, Ô TÔ, Yên Lạc, 51m, 7 tầng, mt 4.8m, giá 28 tỷ",28.0,"Đường Yên Lạc, Phường Vĩnh Tuy, Quận Hai Bà Trưng, Hà Nội",51.0,7,4,7,Sổ đỏ,2025-11-10
"Bán nhà quận Hai Bà Trưng, 30m ra mặt phố, sân để xe riêng, 35m,5 tầng",7.5,"Đường Phố Vân Đồn, Phường Bạch Đằng, Quận Hai Bà Trưng, Hà Nội",35.0,3,3,5,Sổ đỏ,2025-11-10
"Bán Nhà Ô TÔ, Kim Ngưu, Hai Bà Trưng 80m, 5 tầng, mt 5.3m, giá 18 tỷ.",18.0,"Đường Kim Ngưu, Phường Vĩnh Tuy, Quận Hai Bà Trưng, Hà Nội",80.0,3,4,5,Sổ đỏ,2025-11-10
"Bán gấp nhà lô góc mặt phố Kim Ngưu, diện tích 30m2, 5 tầng",12.5,"Đường Kim Ngưu, Phường Quỳnh Mai, Quận Hai Bà Trưng, Hà Nội",30.0,4,4,5,Sổ đỏ,2025-11-14
"NHÀ ĐẸP NGÕ QUỲNH , MT 4,2m ,5 TẦNG CÓ THANG MÁY - 13,5 tỷ",13.5,"224, Đường Ngõ Quỳnh, Phường Thanh Nhàn, Quận Hai Bà Trưng, Hà Nội",200.0,5,5,5,Sổ đỏ,2025-11-17
Bán gấp nhà 2 tầng cũ lô góc tại ngõ phố Dương Văn Bé,10.9,"Đường Dương Văn Bé, Phường Vĩnh Tuy, Quận Hai Bà Trưng, Hà Nội",65.0,4,4,2,Sổ đỏ,2025-11-14
"Nhà đẹp long lanh ngõ Hoà Bình 7, giá 9.9 tỷ, 42m2x5T, ở luôn",9.9,"Đường Hòa Bình 7, Phường Minh Khai, Quận Hai Bà Trưng, Hà Nội",42.0,2,4,4,Sổ đỏ,2025-11-09
"9,25 tỷ-38M2 - 5 TẦNG THANG MÁY - NHÀ MỚI GẦN PHỐ -ĐẠI LA-PHỐ VỌNG",9.25,"Đường Đại La, Phường Đồng Tâm, Quận Hai Bà Trưng, Hà Nội",38.0,3,4,5,Sổ đỏ,2025-11-16
"Bán tòa nhà văn phòng phố Lạc Trung, P/Lô, vỉa hè ô tô tránh, 78m2, 8t",29.8,"Đường Lạc Trung, Phường Vĩnh Tuy, Quận Hai Bà Trưng, Hà Nội",70.0,7,7,8,Sổ hồng,2025-11-09
"BÁN NHÀ MP TUỆ TĨNH 200M RA CV THỐNG NHẤT, 100M2×3T, MT 5M, 95 TỶ",95.0,"Đường Tuệ Tĩnh, Phường Nguyễn Du, Quận Hai Bà Trưng, Hà Nội",100.0,4,4,3,Sổ đỏ,2025-11-13
"""GÀ ĐẺ TRỨNG VÀNG""  TRUNG TÂM #HAI_BÀ_TRƯNG – GIÁ CỰC MỀM CHỈ 11.5 TỶ",11.8,"Phường Bạch Mai, Quận Hai Bà Trưng, Hà Nội",45.0,11,7,6,Giấy tờ không xác định,2025-11-09
BÁN NHÀ NGÕ THÔNG MINH KHAI – NHÀ MỚI KOONG – NGÕ BA GÁC TRÁNH XE MÁY,7.5,"Phường Minh Khai, Quận Hai Bà Trưng, Hà Nội",39.0,4,3,2,Giấy tờ không xác định,2025-11-09
"NHÀ ĐẸP PHỐ THỌ LÃO - ÔTÔ ĐỖ CÁCH 10M, 100M RA TRUNG TÂM HAI BÀ TRƯNG",12.68,"Phường Đồng Nhân, Quận Hai Bà Trưng, Hà Nội",61.0,3,2,2,Giấy tờ không xác định,2025-11-09
CẦN bán nhà MINH KHAI - DƯƠNG VĂN BÉ 29m2 4T 10m ra phố SĐCC,6.28,"Phường Vĩnh Tuy, Quận Hai Bà Trưng, Hà Nội",29.0,3,3,4,Giấy tờ không xác định,2025-11-09
BÁN NHÀ MINH KHAI – DƯƠNG VĂN BÉ – HAI BÀ TRƯNG 30.5m² – 5 TẦNG,7.59,"Phường Minh Khai, Quận Hai Bà Trưng, Hà Nội",33.5,3,4,5,Giấy tờ không xác định,2025-11-09
"Bán nhà phố Bạch Mai ngõ nông thoáng sáng, Dt 32m2, 5t, đẹp ở ngay.",7.2,"Đường Pho Bạch Mai, Phường Bách Khoa, Quận Hai Bà Trưng, Hà Nội",32.0,3,4,5,Sổ hồng,2025-11-08
"Bán nhà mặt phố Võ Thị Sáu, dt 70m2, mt 18m, giá 21 tỷ.",21.0,"Đường Võ Thị Sáu, Phường Thanh Nhàn, Quận Hai Bà Trưng, Hà Nội",70.0,3,3,1,Sổ hồng,2025-11-08
12.78 TỶ-39M2-Ô TÔ ĐỖ-THANG MÁY-DƯƠNG VĂN BÉ-HBT-GẦN PHỐ,12.78,"Đường Dương Văn Bé, Phường Vĩnh Tuy, Quận Hai Bà Trưng, Hà Nội",39.0,3,4,5,Sổ đỏ,2025-11-15
Chính chủ bán nhà minh khai diện tích 18m sổ riêng,3.75,"Phường Minh Khai, Quận Hai Bà Trưng, Hà Nội",18.0,2,2,3,Sổ hồng,2025-11-12
"Chính chủ bán nhà ngõ 559 Kim Ngưu, HBT, 5 tầng, 3 ngủ, chỉ 5 tỷ!",5.0,"Ngõ 559, Đường Phố Kim Ngưu, Phường Vĩnh Tuy, Quận Hai Bà Trưng, Hà Nội",20.0,3,4,5,Sổ đỏ,2025-11-12
"Nhà 4 tầng, 44m2 gần Dương Văn Bé, ô tô đỗ cổng",5.0,"Phường Vĩnh Tuy, Quận Hai Bà Trưng, Hà Nội",44.0,3,3,4,Giấy tờ không xác định,2025-11-08
"MẶT NGÕ Ô TÔ TRÁNH, MẶT TIỀN ĐẸP - KINH DOANH, KHU VỰC HIẾM NHÀ BÁN.",20.5,"Đường Quỳnh Lôi, Phường Bạch Mai, Quận Hai Bà Trưng, Hà Nội",50.0,5,6,6,Sổ đỏ,2025-11-12
Nhà đẹp Minh khai Hòa Bình 7 - ngõ quỳnh.,8.6,"Phường Minh Khai, Quận Hai Bà Trưng, Hà Nội",35.0,4,4,5,Giấy tờ không xác định,2025-11-08
Chính chủ bán nhà tại đê Trần Khát Chân ngõ cách ô tô 30m,7.25,"Phường Thanh Lương, Quận Hai Bà Trưng, Hà Nội",38.0,4,4,4,Giấy tờ không xác định,2025-11-08
CHÍNH CHỦ BÁN NHÀ KHÔNG QUA TRUNG GIAN,6.2,"Phường Vĩnh Tuy, Quận Hai Bà Trưng, Hà Nội",24.0,3,4,5,Giấy tờ không xác định,2025-11-08
NHÀ ĐƯỜNG MINH KHAI-CẠNH CHỢ MƠ-NGÕ ÔTÔ-GẦN PHỐ-60m2 x 4TẦNG-CHỈ 9TỶ3,9.3,"Đường Minh Khai, Phường Minh Khai, Quận Hai Bà Trưng, Hà Nội",60.0,6,6,4,Sổ hồng,2025-11-07
"NHÀ ĐẸP PHỐ THỌ LÃO - ÔTÔ ĐỖ CÁCH 10M, 100M RA TRUNG TÂM HAI BÀ TRƯNG.",12.68,"130, Đường Dốc Thọ Lão, Phường Đồng Nhân, Quận Hai Bà Trưng, Hà Nội",41.0,3,2,2,Sổ hồng,2025-11-07
"Nhà Mới Thang Máy, 20m Ra Phố - Ngõ Thông, Nguồn Kín Giá Tốt",13.47,"Đường Minh Khai, Phường Vĩnh Tuy, Quận Hai Bà Trưng, Hà Nội",40.0,3,5,6,Sổ đỏ,2025-11-18
"Nhà phố TRẦN KHÁT CHÂN.. sát cạnh phố Huế, chợ trời..38m2, 5 tầng...",8.9,"Phường Bạch Mai, Quận Hai Bà Trưng, Hà Nội",31.0,4,3,5,Sổ đỏ,2025-11-11
6.35 TỶ-25M2- 5 TẦNG NGÕ NÔNG-BẠCH MAI-CHÙA LIÊN PHÁI-PHỐ HUỂ,6.35,"Phường Bạch Mai, Quận Hai Bà Trưng, Hà Nội",25.0,3,4,5,Giấy tờ không xác định,2025-11-07
Mặt phố siêu VIP thi sách Hai Bà Trưng,117.5,"Phường Phạm Đình Hổ, Quận Hai Bà Trưng, Hà Nội",110.0,11,7,10,Giấy tờ không xác định,2025-11-07
"PHÂN LÔ Ô TÔ TRÁNH - Ô TÔ ĐỖ CỬA VỪA Ở VỪA KINH DOANH - CHỈ 17,7 TỶ",17.7,"Phường Vĩnh Tuy, Quận Hai Bà Trưng, Hà Nội",60.0,6,1,5,Giấy tờ không xác định,2025-11-07
"8,2 TỶ-5 TẦNG MỚI-THANG MÁY-THANH NHÀN-HBT",8.2,"Phường Thanh Nhàn, Quận Hai Bà Trưng, Hà Nội",30.0,3,4,5,Giấy tờ không xác định,2025-11-07
Rất Hiếm-Hơn 5Tỷ-Nhà 3Tầng-21m2-Mặt Ngõ ÔTÔ-Thẳng 30m Ra Phố Bạch Mai,5.99,"Đường Bạch Mai, Phường Cầu Dền, Quận Hai Bà Trưng, Hà Nội",21.0,2,3,3,Sổ đỏ,2025-11-06
"Nhà Đẹp Ô Tô Đỗ Cửa, Phố 8- 3 , Hai Bà Trưng 50/80m, giá 5.85 tỷ",5.85,"Đường Phố 8/3, Phường Quỳnh Mai, Quận Hai Bà Trưng, Hà Nội",80.0,2,2,1,Sổ đỏ,2025-11-06
"Nhà Đẹp Ô TÔ Vào Nhà, Lạc Trung, 70/78m, 8 tầng, mt 5,4m, giá 29.8 tỷ",29.8,"Đường Lạc Trung, Phường Vĩnh Tuy, Quận Hai Bà Trưng, Hà Nội",70.0,10,10,8,Sổ đỏ,2025-11-06
"8,2 TỶ-5 TẦNG MỚI-THANG MÁY-THANH NHÀN-HAI BÀ TRƯNG",8.2,"Đường Thanh nhàn, Phường Thanh Nhàn, Quận Hai Bà Trưng, Hà Nội",30.0,3,4,5,Sổ đỏ,2025-11-13
SỔ RIÊNG . 18 m x 4 TẦNG  . 3 TỶ 55 . LƯƠNG YÊN . hai bà,3.55,"Phường Thanh Lương, Quận Hai Bà Trưng, Hà Nội",18.0,2,2,4,Giấy tờ không xác định,2025-11-06
"BÁN NHÀ KIM NGƯU - DÂN XÂY - NGÕ THÔNG - Ô TÔ ĐỖ GẦN - CHỈ 10,4 TỶ",10.4,"Phường Vĩnh Tuy, Quận Hai Bà Trưng, Hà Nội",39.0,4,1,4,Giấy tờ không xác định,2025-11-06
Nhà chính chủ Kim Ngưu - ngõ thông - ở ngay - chỉ 5 tỷ,5.0,"Đường Phố Kim Ngưu, Phường Vĩnh Tuy, Quận Hai Bà Trưng, Hà Nội",20.0,3,4,5,Sổ đỏ,2025-11-05
Bán Nhà Phố Vân Đồn-Hai Bà Trưng-Giáp Hoàn Kiếm-34m Xây Mới 5Tầng-7Tỷ5,7.5,"Đường Phố Vân Đồn, Phường Bạch Đằng, Quận Hai Bà Trưng, Hà Nội",34.0,3,4,5,Sổ hồng,2025-11-05
Bán Nhà Phố Minh Khai-2Mặt Ngõ Thông-ÔTÔ Tránh-Phân Lô-60m 5Tầng-17Tỷ9,17.9,"Đường Minh Khai, Phường Thanh Lương, Quận Hai Bà Trưng, Hà Nội",60.0,4,4,5,Sổ hồng,2025-11-05
NHÀ ĐẸP NGÕ QUỲNH - Ô TÔ ĐỖ CỬA - NỘI THẤT HIỆN ĐẠI -  CHỦ TỰ THIẾT KẾ,8.68,"Phường Bạch Mai, Quận Hai Bà Trưng, Hà Nội",35.0,3,4,5,Giấy tờ không xác định,2025-11-06
BÁN NHÀ PHỐ BẠCH MAI - Q.HAI BÀ TRƯNG - HÀ NỘI DT45M,13.3,"19, Đường Bạch Mai, Phường Bách Khoa, Quận Hai Bà Trưng, Hà Nội",45.0,4,4,6,Sổ đỏ,2025-11-16
"Lô góc 3T ngõ Minh Khai ngõ 2,5m cách Mp 60m hai ngoặt tới nhà",7.9,"Đường Minh Khai, Phường Minh Khai, Quận Hai Bà Trưng, Hà Nội",29.5,3,3,3,Sổ đỏ,2025-11-09
"NHÀ NGÕ TRẠI CÁ, TRƯƠNG ĐỊNH – 50M2 x 4,5 TẦNG –BA GÁC ĐỖ CỬA 17,8 tỷ",18.8,"Đường Trương Định, Phường Trương Định, Quận Hai Bà Trưng, Hà Nội",50.0,6,4,4,Sổ đỏ,2025-11-09
🏦#G TRUNG TÂM #HAI #BÀ #TRƯNG- NGÕ THÔNG THOÁNG -4 TẦNG- FULL NỘI THẤT,3.92,"Phường Bạch Mai, Quận Hai Bà Trưng, Hà Nội",19.0,3,2,4,Giấy tờ không xác định,2025-11-05
💥 Bán nhà phố Minh Khai – 33m² x 5 tầng – gần Times City – thiết kế đẹ,7.8,"Phường Minh Khai, Quận Hai Bà Trưng, Hà Nội",33.0,3,4,5,Giấy tờ không xác định,2025-11-05
"BÁN NHÀ chỉ 2.6 tỷ 15m x 4 tầng Lương Yên, Hai Bà Trưng",2.6,"Phường Bạch Đằng, Quận Hai Bà Trưng, Hà Nội",15.0,2,3,4,Giấy tờ không xác định,2025-11-05
"Bán nhà mới tinh Lương Yên , HBT: 18m2, 4 tầng, full nội thất, 2,6 tỷ",2.6,"Đường Lương Yên, Phường Bạch Đằng, Quận Hai Bà Trưng, Hà Nội",18.0,3,3,4,Giấy tờ không xác định,2025-11-15
Bán Nhà Dòng Tiền 180tr/tháng Ở phố Minh Khai Hai quận Bà Trưng Hà Nội,29.89,"Đường Minh Khai, Phường Vĩnh Tuy, Quận Hai Bà Trưng, Hà Nội",90.0,28,29,7,Sổ đỏ,2025-11-11
"Bán Nhà Trần Khát Chân Hai Bà Trưng 35m 5 tầng sổ Riêng Nhà Mới 7,05Tỷ",7.19,"Đường Đê Trần Khát Chân, Phường Thanh Lương, Quận Hai Bà Trưng, Hà Nội",35.0,3,4,5,Sổ đỏ,2025-11-11
"Bán nhà phố Lò Đúc, 25m2, 4 tầng, 3 phòng ngủ riêng biệt, gần mặt phố",3.2,"Đường Lò Đúc, Phường Đồng Nhân, Quận Hai Bà Trưng, Hà Nội",25.0,3,4,4,Sổ đỏ,2025-11-08
"Siêu Hot! Chính chủ bán nhà Trương Định, 20m ra phố, 18m2, 5T, 4,85 tỷ",4.85,"Phường Trương Định, Quận Hai Bà Trưng, Hà Nội",18.0,3,4,5,Giấy tờ không xác định,2025-11-04
"Bán nhà phố Minh Khai, Hai Bà Trưng 96m, 7 tầng. Giá: 28.5 tỷ",28.5,"Phường Vĩnh Tuy, Quận Hai Bà Trưng, Hà Nội",96.0,26,26,7,Sổ đỏ,2025-11-03
"Bán nhà phố Minh Khai, Hai Bà Trưng 72m, 5 tầng, mt 5.5m. Giá: 21.8 tỷ",21.8,"Đường Minh Khai, Phường Thanh Lương, Quận Hai Bà Trưng, Hà Nội",72.0,6,4,5,Sổ đỏ,2025-11-03
BÁN NHÀ PHỐ MINH KHAI – 30m Ô TÔ TRÁNH – NHÀ MỚI 5 TẦNG – 48M²,8.5,"Đường Minh Khai, Phường Minh Khai, Quận Hai Bà Trưng, Hà Nội",48.0,4,4,5,Sổ đỏ,2025-11-07
🏙 #G TRUNG TÂM #HAI #BÀ #TRƯNG - SỔ NỞ HẬU - CỰC HIẾM -0M2 -CHỈ 3.92Tỷ,3.92,"Phường Bạch Mai, Quận Hai Bà Trưng, Hà Nội",20.0,2,3,5,Giấy tờ không xác định,2025-11-03
CHÍNH CHỦ BÁN NHÀ PHỐ MINH KHAI.DIỆN TÍCH 55M2 XÂY 4 TẦNG Ở LUÔN,10.3,"Phường Minh Khai, Quận Hai Bà Trưng, Hà Nội",55.0,4,3,4,Giấy tờ không xác định,2025-11-03
"Bán Nhà Ngõ Quỳnh 25M x 5T Chỉ 5,4 Tỷ.Lô góc, 20m ra phố,full nội thất",5.4,"Phường Thanh Nhàn, Quận Hai Bà Trưng, Hà Nội",16.0,3,3,5,Giấy tờ không xác định,2025-11-03
Nhà đẹp Ngõ Gốc Đề – Minh Khai – Hai Bà Trưng – 30m² – giá 6.95 tỷ,6.95,"Phường Minh Khai, Quận Hai Bà Trưng, Hà Nội",41.0,4,4,5,Giấy tờ không xác định,2025-11-03
"Bán Nhà Hồng Mai 23M x 5T Chỉ 4,5 Tỷ.10m ô tô, full nội thất, ở luôn",4.5,"Phường Bạch Mai, Quận Hai Bà Trưng, Hà Nội",23.0,3,3,5,Giấy tờ không xác định,2025-11-03
"🏠🏠VĨNH TUY-DƯƠNG VĂN BÉ NHÀ MỚI 50m2 * 2 TẦNG *3 NGỦ  2,8 Tỷ",2.8,"Phường Vĩnh Tuy, Quận Hai Bà Trưng, Hà Nội",50.0,3,2,2,Giấy tờ không xác định,2025-11-01
"Nhà Đẹp Gần Đường Ô TÔ Lạc Trung, Hai Bà Trưng 70m, tầng 1, 4.55 tỷ",4.55,"Đường Lạc Trung, Phường Vĩnh Tuy, Quận Hai Bà Trưng, Hà Nội",70.0,3,1,1,Sổ đỏ,2025-10-31
"Nhà Đẹp Như Khách Sạn 5*, Phố Lạc Trung, Hai Bà Trưng 90m, giá 5.4 tỷ.",5.4,"Đường Lạc Trung, Phường Vĩnh Tuy, Quận Hai Bà Trưng, Hà Nội",90.0,3,2,1,Sổ đỏ,2025-10-31
"Nhà Đẹp Ô Tô,  Dốc Thọ Lão 26m, 4  tầng,  mt 4m, 8.2 tỷ",8.2,"Phường Đồng Nhân, Quận Hai Bà Trưng, Hà Nội",25.0,3,3,4,Sổ đỏ,2025-10-31
Chính chủ cần bán nhà 33/85 chua lien Bach mai,6.9,"33/85 ngo chùa liên , Đường Pho Bạch Mai, Phường Bách Khoa, Quận Hai Bà Trưng, Hà Nội",45.0,2,2,3,Sổ đỏ,2025-11-07
Nhà hiếm - Quận Hai Bà Trưng – cần bán - Siêu nhiều tiện ích – Cực Gần,3.0,"Phường Bạch Mai, Quận Hai Bà Trưng, Hà Nội",40.0,2,1,2,Sổ đỏ,2025-11-04
"Nhà đẹp ngõ 315 Trần Đại Nghĩa, chợ Đồng Tâm– 55m² x 4,5t – 21,5 tỷ",21.5,"315 Phố Trần Đại Nghĩa, Phường Trương Định, Quận H, Đường Trần Đại Nghĩa, Phường Trương Định, Quận Hai Bà Trưng, Hà Nội",55.0,6,4,5,Sổ đỏ,2025-11-04
BÁN NHÀ ĐẠI LA HAI BÀ TRƯNG VF3 ĐỖ CỬA KINH DOANH THOÁNG SÁNG 4 TẦNG,8.4,"Phường Bạch Mai, Quận Hai Bà Trưng, Hà Nội",21.0,2,3,4,Giấy tờ không xác định,2025-10-31
Đất 165m xây 2 toà CCMN phố Minh Khai ngõ oto tránh cách Mp 30m,23.5,"Đường Minh Khai, Phường Bách Khoa, Quận Hai Bà Trưng, Hà Nội",165.0,4,4,2,Sổ đỏ,2025-10-30
Nhà 4T P/Lô Võ Thị Sáu sát Hồ gần Mp vỉa hè oto tránh kd sầm uất,19.0,"Đường Võ Thị Sáu, Phường Thanh Nhàn, Quận Hai Bà Trưng, Hà Nội",46.0,4,3,5,Sổ đỏ,2025-10-30
NHÀ ĐẸP MINH KHAI 4T 4 PN- THOÁNG TRƯỚC  - NGÕ TO  - GẦN OTO - T.TÂM H,9.9,"Đường Minh Khai, Phường Minh Khai, Quận Hai Bà Trưng, Hà Nội",45.0,4,3,4,Sổ đỏ,2025-11-04
"Bán nhà 20,8 tỷ - 80m2 Thanh Nhàn, ngõ ô tô tránh",20.8,"Đường Thanh nhàn, Phường Thanh Nhàn, Quận Hai Bà Trưng, Hà Nội",80.0,4,3,3,Sổ đỏ,2025-11-10
"Bán nhà Kim Ngưu ngõ ô tô thông, Dt 48m2, 5t, giá 11.7 tỷ, kinh doanh.",11.7,"Đường Phố Kim Ngưu, Phường Vĩnh Tuy, Quận Hai Bà Trưng, Hà Nội",240.0,8,8,5,Sổ hồng,2025-10-29
LÔ GÓC 2 MẶT THOÁNG_ FULL NỘI THẤT_ NGÕ THÔNG_ RA PHỐ MINH KHAI 50M GI,9.5,"Đường Hồng mai, Phường Minh Khai, Quận Hai Bà Trưng, Hà Nội",40.0,4,3,4,Sổ đỏ,2025-11-03
"Mặt phố quy hoạch ổn định, Vỉa hè rộng Ô tô đỗ thoải mái, Kinh doanh",25.0,"Đường Thanh nhàn, Phường Bạch Mai, Quận Hai Bà Trưng, Hà Nội",42.0,7,7,7,Sổ đỏ,2025-11-03
"🌟 Bán nhà phố Kim Ngưu 41m² x 6 tầng thang máy ,ô tô tránh cách 40m",13.8,"Phường Thanh Lương, Quận Hai Bà Trưng, Hà Nội",41.0,4,5,6,Giấy tờ không xác định,2025-10-30
"Nhà phân lô phố Kim Ngưu,54m² x 5 tầng ,thang máy ,lô góc,ô tô  cửa",15.6,"Phường Thanh Lương, Quận Hai Bà Trưng, Hà Nội",54.0,4,4,5,Giấy tờ không xác định,2025-10-30
Nhà phố Trần Khát Chân 37m² x 5 tầng – full nội thất sổ đỏ chính chủ,8.9,"Phường Đống Mác, Quận Hai Bà Trưng, Hà Nội",37.0,3,4,5,Giấy tờ không xác định,2025-10-30
Bán nhà gần trường đại học Kinh tế quốc Dân  hơn 4 tỷ 21m  5 tầng 3 ng,4.8,"Phường Bạch Mai, Quận Hai Bà Trưng, Hà Nội",21.0,3,3,5,Giấy tờ không xác định,2025-10-29
"Bán Nhà Dương Văn Bé 25M x 5T Chỉ 5,98 Tỷ. Lô góc 3 thoáng, 30m ra phố",5.98,"Phường Vĩnh Tuy, Quận Hai Bà Trưng, Hà Nội",25.0,3,3,5,Giấy tờ không xác định,2025-10-29
🌟 Bán nhà thổ cư phố Nguyễn An Ninh – 23m² x 4 tầng – ô tô đỗ cổng –,3.76,"Phường Trương Định, Quận Hai Bà Trưng, Hà Nội",23.0,2,3,4,Giấy tờ không xác định,2025-10-29
"NHÀ MẶT NGÕ, SÁT PHỐ] MINH KHAI - 55M2 x 5 TẦNG - MT 4M - 10.9 TỶ",10.9,"Đường Minh Khai, Phường Vĩnh Tuy, Quận Hai Bà Trưng, Hà Nội",55.0,6,4,5,Sổ đỏ,2025-11-02
BÁN NHÀ 5 TẦNG THANG MÁY TRẦN KHÁT CHÂN - 41m2 - GIÁ CHỈ 10TY400,10.4,"16, Đường Đê Trần Khát Chân, Phường Thanh Nhàn, Quận Hai Bà Trưng, Hà Nội",41.0,5,5,5,Sổ đỏ,2025-11-04
DƯƠNG VĂN BÉ NHÀ ĐẸP Ở NGAY GIÁ CHẤT,5.98,"Phường Vĩnh Tuy, Quận Hai Bà Trưng, Hà Nội",19.0,3,4,4,Giấy tờ không xác định,2025-10-28
🌟 Bán nhà phố Hồng Mai – 40m² x 4 tầng – nội thất 5★ – sổ đỏ chính chủ,8.8,"Phường Quỳnh Mai, Quận Hai Bà Trưng, Hà Nội",40.0,4,4,5,Giấy tờ không xác định,2025-10-28
"Bán Nhà Kinh Doanh VP Phố Vọng 80m, 7 tầng, mt 5m, giá 40.2 tỷ.",40.2,"Đường Phố Vọng, Phường Đồng Tâm, Quận Hai Bà Trưng, Hà Nội",80.0,6,6,7,Sổ đỏ,2025-10-27
10 tỷ - 6 tầng - THANG MÁY NHẬP- 15M RA MẶT PHỐ,10.0,"Phường Minh Khai, Quận Hai Bà Trưng, Hà Nội",36.0,4,5,6,Giấy tờ không xác định,2025-10-27
"Nhà Nguyễn An Ninh, diện tích 15/18m2, 4 tầng, 2 ngủ, giá 3,76 tỷ",3.76,"Phường Trương Định, Quận Hai Bà Trưng, Hà Nội",15.0,2,3,4,Giấy tờ không xác định,2025-10-27
Nhà đẹp phố Minh khai -Bạch Mai,4.29,"Phường Bạch Mai, Quận Hai Bà Trưng, Hà Nội",17.0,3,4,5,Giấy tờ không xác định,2025-10-27
"BÁN NHÀ DƯƠNG VĂN BÉ , NGÕ 3 GÁC ĐỖ CỬA , HÀG XÓM TIME CITY DTSD 48M",8.5,"Phường Minh Khai, Quận Hai Bà Trưng, Hà Nội",33.0,3,4,5,Giấy tờ không xác định,2025-10-27
Trực tiếp chủ nhà giao bán không qua trung gian,16.2,"115, Đường Phố Kim Ngưu, Phường Thanh Lương, Quận Hai Bà Trưng, Hà Nội",41.0,4,3,4,Sổ đỏ,2025-10-26
"Bán Nhà Kinh Doanh, Mặt Phố Quỳnh Mai 98m, tầng 1, mt 4.4m, 10.5 tỷ",10.5,"Đường Quỳnh Mai, Phường Quỳnh Mai, Quận Hai Bà Trưng, Hà Nội",98.0,2,1,1,Sổ đỏ,2025-10-26
📌TUYỆT PHẨM DƯƠNG VĂN BÉ - NHÀ MỚI KOONG - 6 TẦNG THANG MÁY HIỆN ĐẠI,15.0,"Đường Dương Văn Bé, Phường Vĩnh Tuy, Quận Hai Bà Trưng, Hà Nội",50.0,3,3,6,Sổ đỏ,2025-10-30
PHỐ LẠC TRUNG 2BT - MẶT NGÕ OTO TRÁNH  -6 TẦNG THANG MÁY NHẬP KHẨU XỊN,16.2,"Phường Minh Khai, Quận Hai Bà Trưng, Hà Nội",44.0,3,5,6,Giấy tờ không xác định,2025-10-26
"BÁN NHÀ CẢM HỘI , DTSD 30M . NGÕ 3 GÁC , GẦN CHỢ VS TRƯỜG HỌC",8.5,"Phường Đống Mác, Quận Hai Bà Trưng, Hà Nội",26.0,3,4,5,Giấy tờ không xác định,2025-10-26
"BÁN NHÀ BẠCH ĐẰNG , NGÕ NÔNG GẦN CHỢ , DTSD 30M . 4 TẦNG . FUL NỘITHAT",7.25,"Phường Bạch Đằng, Quận Hai Bà Trưng, Hà Nội",24.0,2,3,4,Giấy tờ không xác định,2025-10-26
Phố Vọng - TT HAI BÀ TRƯNG _ 5 tầng 8 ngủ NGÕ THÔNG,13.3,"Phường Đồng Tâm, Quận Hai Bà Trưng, Hà Nội",45.0,8,7,5,Giấy tờ không xác định,2025-10-26
"Bán Nhà TT Hàn Thuyên 30M x 2 Tầng Giá 6 Tỷ. 50m ra phố, Full nội thất",6.0,"Phường Phạm Đình Hổ, Quận Hai Bà Trưng, Hà Nội",30.0,2,2,2,Giấy tờ không xác định,2025-10-25
💥 NHÀ ĐẸP GẦN PHỐ MINH KHAI – 40M RA Ô TÔ TRÁNH – BA GÁC VÀO TẬN NHÀ,8.4,"Phường Minh Khai, Quận Hai Bà Trưng, Hà Nội",42.0,5,4,5,Giấy tờ không xác định,2025-10-25
Tòa CHDV lô góc Minh Khai – 7 tầng – 11 phòng – dòng tiền 65tr/tháng,13.5,"Phường Minh Khai, Quận Hai Bà Trưng, Hà Nội",60.0,11,7,7,Giấy tờ không xác định,2025-10-25
"Bán nhà Hoa Lư - Hai Bà Trưng, Dt 46m2, 4t, mt 4m, 12.8 tỷ, kinh doanh",12.8,"Đường Hoa Lư, Phường Lê Đại Hành, Quận Hai Bà Trưng, Hà Nội",736.0,4,4,4,Sổ hồng,2025-07-16
"Bán nhà MInh Khai DT 60m2, 5t, Mt 4.1m, giá 12.5 tỷ, kinh doanh dòng t",12.5,"Đường Ngõ Quỳnh, Phường Quỳnh Lôi, Quận Hai Bà Trưng, Hà Nội",60.0,9,6,5,Sổ hồng,2025-10-24
Trần Khát Chân-Gần ÔTÔ-Xây Mới-35m x 6Tầng-Thang Máy-Nội Thất Đẹp-9Tỷ3,9.3,"Đường Trần Khát Chân, Phường Thanh Lương, Quận Hai Bà Trưng, Hà Nội",35.0,3,4,6,Sổ hồng,2025-10-24
"Bán gấp nhà ngõ phố Bạch Mai, ngõ to đẹp, gần TTTM Chợ Mơ",5.5,"Đường Bạch Mai, Phường Bạch Mai, Quận Hai Bà Trưng, Hà Nội",37.0,3,3,4,Sổ đỏ,2025-10-28
🏙 MẶT PHỐ ĐẠI LA - KHU VỰC SẦM UẤT - SÁT ĐH BÁCH- Kinh - Xây,5.5,"Phường Bạch Mai, Quận Hai Bà Trưng, Hà Nội",15.0,3,3,5,Giấy tờ không xác định,2025-10-24
"Bán Nhà Tô Hoàng 15M x 4 Tầng Chỉ 2,1 Tỷ. Nhà mới, ở luôn, 30m ra ô tô",2.1,"Phường Cầu Dền, Quận Hai Bà Trưng, Hà Nội",15.0,2,2,4,Giấy tờ không xác định,2025-10-24
"BÁN NHÀ BÙI NGỌC DƯƠNG, HAI BÀ TRƯNG 20/90M GIÁ CHỈ 3.6 TỶ",3.6,"Phường Bạch Mai, Quận Hai Bà Trưng, Hà Nội",20.0,2,2,2,Giấy tờ không xác định,2025-10-24
"Hiếm! Nhà dân xây 40m Minh Khai, lô góc, 4 tầng, 4 ngủ, giá nhỉnh 7 tỷ",7.0,"Phường Minh Khai, Quận Hai Bà Trưng, Hà Nội",40.0,4,4,4,Giấy tờ không xác định,2025-10-24
Bán Nhà Hồng Mai-Ngõ ÔTÔ Tránh-Vỉa Hè-Kinh Doanh-52m2 x 5Tầng-16Tỷ500,16.5,"Đường Hồng Mai, Phường Bạch Mai, Quận Hai Bà Trưng, Hà Nội",52.0,4,5,5,Sổ hồng,2025-10-23
"Bán nhanh nhà dòng tiền phố Trần Đại Nghĩa,DT 56m, 9 phòng kk,hơn 9tỷ",9.8,"Đường Lê Thanh Nghị, Phường Bách Khoa, Quận Hai Bà Trưng, Hà Nội",56.0,9,9,6,Sổ đỏ,2025-10-27
"CHÍNH CHỦ BÁN NHÀ HAI BÀ TRƯNG ĐẸP NỘI THẤT XỊN 4PN,NGÕ THÔNG, 20M OTO",8.8,"Đường Hồng Mai, Phường Quỳnh Lôi, Quận Hai Bà Trưng, Hà Nội",40.0,4,3,4,Sổ hồng,2025-10-27
BÁN NHÀ HAI BÀ TRƯNG - PHÂN LÔ CÁN BỘ - 5 TẠ ĐỖ CỬA - SIÊU HIẾM,10.5,"Phường Bạch Mai, Quận Hai Bà Trưng, Hà Nội",35.0,5,3,4,Giấy tờ không xác định,2025-10-23
"Bán Nhà Chùa Liên Phái 25M x 4T Chỉ 5,8 Tỷ.Dân xây, 2 thoáng, 30m ô tô",5.8,"Phường Cầu Dền, Quận Hai Bà Trưng, Hà Nội",20.0,3,2,4,Giấy tờ không xác định,2025-10-23
"CHƯA ĐẾN 2 TỶ, CÓ CĂN NHÀ HỘ KHẨU MINH KHAI",1.83,"Phường Minh Khai, Quận Hai Bà Trưng, Hà Nội",16.0,2,1,3,Giấy tờ không xác định,2025-10-23
"HIẾM! CHỦ NHÀ CÁN BỘ BÁCH KHOA VỀ HƯU, BÁN GẤP NHÀ TẠ QUANG BỬU, 45M2x",7.5,"Đường Tạ Quang Bửu, Phường Bạch Mai, Quận Hai Bà Trưng, Hà Nội",45.0,4,4,5,Sổ đỏ,2025-10-26
"Bán Nhà Minh Khai 16M x 3T Chỉ 1,85 Tỷ.Ngõ thông, 30m ra ô tô, gần phố",1.85,"Phường Minh Khai, Quận Hai Bà Trưng, Hà Nội",16.0,2,2,3,Sổ hồng,2025-10-23
Hiếm nhà Dương Văn Bé 44m2 xây mới 6 tầng thang máy view hồ dân sinh,14.86,"Phường Vĩnh Tuy, Quận Hai Bà Trưng, Hà Nội",44.0,4,3,4,Giấy tờ không xác định,2025-10-22
"Bán Nhà Kim Ngưu 20M x 5T, MT: 4,4M Giá 5,2 Tỷ. Full nội thất, Ở ngay.",5.2,"Phường Vĩnh Tuy, Quận Hai Bà Trưng, Hà Nội",20.0,3,3,5,Giấy tờ không xác định,2025-10-22
CCMN MINH KHAI RẺ NHẤT CHUẨN PCCC - 43M 5 TẦNG - MẶT TIỀN 5M - 8 TỶ 2,8.2,"Phường Minh Khai, Quận Hai Bà Trưng, Hà Nội",43.0,7,6,5,Giấy tờ không xác định,2025-10-22
MẶT PHỐ TT 2 BÀ Ô TÔ VÀO NHÀ - LÔ GÓC - 7 TẦNG THANG MÁY - KINH DOANH,28.0,"Phường Vĩnh Tuy, Quận Hai Bà Trưng, Hà Nội",51.0,4,7,7,Giấy tờ không xác định,2025-10-22
Hai bà trưng Nhà đẹp thang máy nhập khẩu. tặng nội thất cao cấp,18.3,"Phường Vĩnh Tuy, Quận Hai Bà Trưng, Hà Nội",72.0,4,5,6,Giấy tờ không xác định,2025-10-22
TRUNG TÂM HAI BÀ TRƯNG - NHỎ TIỀN - NỘI THẤT ĐẸP Ở LUÔN,3.9,"Phường Minh Khai, Quận Hai Bà Trưng, Hà Nội",18.0,3,4,4,Giấy tờ không xác định,2025-10-22
HỒNG MAI NHÀ MỚI 4 TẦNG – FULL NỘI THẤT Ở LUÔN – GẦN Ô TÔ,8.8,"Phường Bạch Mai, Quận Hai Bà Trưng, Hà Nội",40.0,4,4,4,Giấy tờ không xác định,2025-10-22
MINH KHAI - HAI BÀ TRƯNG - 16M 4 TẦNG - 3.95 TỶ -SỔ ĐỎ RIÊNG CHÍNH CHỦ,3.95,"Phường Minh Khai, Quận Hai Bà Trưng, Hà Nội",16.0,3,3,4,Giấy tờ không xác định,2025-10-22
BÁN NHÀ BẠCH MAI - TT.HAI BÀ TRƯNG - 15M RA Ô TÔ - GẦN PHỐ,2.6,"Phường Bạch Mai, Quận Hai Bà Trưng, Hà Nội",22.0,3,4,4,Giấy tờ không xác định,2025-10-22
NHÀ PHỐ LÒ ĐÚC - TRẦN KHÁT CHÂN - Phường Hai Bà Trưng - 32m2 x 5 Tầng,8.0,"Phường Bùi Thị Xuân, Quận Hai Bà Trưng, Hà Nội",32.0,4,4,5,Giấy tờ không xác định,2025-10-21
"Bán Nhà Phố 8/3 20M x 4T Giá 5,5 Tỷ. Lô góc, 2 thoáng, 1 nhà ra ô tô",5.5,"Phường Quỳnh Mai, Quận Hai Bà Trưng, Hà Nội",20.0,3,3,4,Giấy tờ không xác định,2025-10-21
"Bán nhà mặt phố Hàng Chuối , Hai Bà Trưng Hà Nội",19.5,"Phường Phạm Đình Hổ, Quận Hai Bà Trưng, Hà Nội",25.0,3,3,4,Giấy tờ không xác định,2025-10-21
"GÀ ĐẺ TRỨNG VÀNG CCMN MINH KHAI- 65M2 X 7 TẦNG, 13 PHÒNG, CHỈ 14.5 TỶ",14.5,"Phường Minh Khai, Quận Hai Bà Trưng, Hà Nội",65.0,11,7,7,Giấy tờ không xác định,2025-10-21
BÁN CCMN MINH KHAI - HAI BÀ TRƯNG - NGÕ OTO THÔNG KINH DOANH,26.5,"Phường Minh Khai, Quận Hai Bà Trưng, Hà Nội",81.0,11,7,8,Giấy tờ không xác định,2025-10-21
"PHỐ VIP, HIẾM NHÀ BÁN, Ô TÔ LÙI CỬA, HÀNG XÓM TIMECITY.",7.35,"Phường Minh Khai, Quận Hai Bà Trưng, Hà Nội",36.0,3,4,5,Giấy tờ không xác định,2025-10-21
💥 TRUNG TÂM HAI BÀ TRƯNG NHÀ XÂY MỚI TINH 5 TẦNG THANG MÁY – TẦM TIỀN,9.3,"Phường Bạch Mai, Quận Hai Bà Trưng, Hà Nội",38.0,3,4,5,Giấy tờ không xác định,2025-10-21
BÁN NHÀ HAI BÀ TRƯNG - THOÁNG TRƯỚC SAU - OTO ĐỖ CỬA - DÂN XÂY,10.5,"Phường Bạch Mai, Quận Hai Bà Trưng, Hà Nội",35.0,5,6,4,Giấy tờ không xác định,2025-10-21
"TRUNG TÂM QUẬN HAI BÀ - 5 TẦNG XÂY MỚI - NGÕ NÔNG, GẦN PHỐ - AN SNH ĐỈ",7.2,"Phường Minh Khai, Quận Hai Bà Trưng, Hà Nội",35.0,4,4,5,Giấy tờ không xác định,2025-10-21
"Bán Nhà Đê Tô Hoàng 25M x 4T Giá 5,72 Tỷ. Mặt ngõ thông, 30m ra phố",5.72,"Phường Cầu Dền, Quận Hai Bà Trưng, Hà Nội",25.0,2,2,4,Giấy tờ không xác định,2025-10-20
TT HAI BÀ TRƯNG _ 43m2 LÔ GÓC _ 5 NGỦ FULL CÔNG NĂNG,9.5,"Phường Bạch Mai, Quận Hai Bà Trưng, Hà Nội",43.0,5,4,4,Giấy tờ không xác định,2025-10-21
Tòa VP hạng A giữa trung tâm Kim Ngưu /Lạc Trung 78 m 8 tầng thang máy,29.8,"Phường Thanh Lương, Quận Hai Bà Trưng, Hà Nội",78.0,7,7,8,Giấy tờ không xác định,2025-10-20
nhà mới 42m2 phố Dương Văn Bé-oto đỗ-6 tầng thang máy nhập-view hồ,14.86,"Phường Vĩnh Tuy, Quận Hai Bà Trưng, Hà Nội",42.0,4,4,6,Giấy tờ không xác định,2025-10-20
"Do chuyển đổi công viêc GĐ cần bán căn nhà 5tầng xây mới, diện tích 30",7.59,"Phường Đồng Nhân, Quận Hai Bà Trưng, Hà Nội",30.0,3,4,5,Giấy tờ không xác định,2025-10-20
BÁN NHÀ RẺ NHẤT QUẬN HAI BÀ 41M2 X 4 TẦNG XÂY MỚI 3 BƯỚC RA Ô TÔ TRÁNH,6.1,"Phường Trương Định, Quận Hai Bà Trưng, Hà Nội",41.0,3,3,4,Giấy tờ không xác định,2025-10-20
"Bán Nhà Lò Đúc 15M x 4T Giá 4,5 Tỷ. Ngõ nông, 15m ra ô tô, 2 thoáng",4.5,"Phường Phạm Đình Hổ, Quận Hai Bà Trưng, Hà Nội",15.0,3,2,4,Giấy tờ không xác định,2025-10-20
"Nhà ngõ Trại Cá đường Trương Định DT 45m2 x 2t  mt 3,5  giá 13xx tỷ",13.9,"118, Đường Trương Định, Phường Trương Định, Quận Hai Bà Trưng, Hà Nội",45.0,2,2,2,Sổ đỏ,2025-10-23
"Bán nhà phố Bạch Mai , ngõ Ba gác thông 15m, 4 tầng giá 2,1 tỷ",2.1,"Đường Bạch Mai, Phường Bạch Mai, Quận Hai Bà Trưng, Hà Nội",70.0,2,2,4,Giấy tờ không xác định,2025-10-23
"Bán nhà Mạc Thị Bưởi ô tô đỗ cửa, dt 38m2, 4t, giá 7.35 tỷ.",7.35,"Đường Mạc Thị Bưởi, Phường Vĩnh Tuy, Quận Hai Bà Trưng, Hà Nội",38.0,3,3,4,Sổ hồng,2025-10-23
"Chính chủ bán nhà Lò Đúc,  Nguyễn Cao, Lương Yên ngõ Nông và Thông",3.55,"Đường Lò Đúc, Phường Bạch Đằng, Quận Hai Bà Trưng, Hà Nội",18.0,2,2,4,Sổ đỏ,2025-10-23
Vị Trí VIP-Võ Thị Sáu-Sát Hồ-View Công Viên-ÔTÔ Tránh-50m x 4Tầng-19Tỷ,19.0,"Đường Võ Thị Sáu, Phường Thanh Nhàn, Quận Hai Bà Trưng, Hà Nội",50.0,4,4,4,Sổ hồng,2025-10-22
"Bán nhà Minh Khai đường ô tô tránh 5 tầng thang máy, Dt 52m2, mt 4.6m.",13.8,"Đường Minh Khai, Phường Vĩnh Tuy, Quận Hai Bà Trưng, Hà Nội",52.0,3,4,5,Sổ hồng,2025-10-22
BÁN NHÀ VIEW HỒ HAI BÀ TRƯNG – 74M² – 5 TẦNG THANG MÁY – 27.5 TỶ,27.5,"Đường Đồng Nhân, Phường Đồng Nhân, Quận Hai Bà Trưng, Hà Nội",75.0,4,2,6,Sổ đỏ,2025-10-22
"Bán nhà mặt phố Minh Khai vỉa hè mênh mông, DT 55m2, 6t, mt 6m.",39.0,"Đường Minh Khai, Phường Vĩnh Tuy, Quận Hai Bà Trưng, Hà Nội",55.0,5,5,6,Sổ hồng,2025-10-24
Bán Nhà phố yên lạc - vĩnh tuy - Hai Bà Trưng,28.0,"Phường Vĩnh Tuy, Quận Hai Bà Trưng, Hà Nội",56.0,3,5,7,Giấy tờ không xác định,2025-10-16
"CHỈ 6,6 TỶ CÓ NHÀ 5 TẦNG XÂY MỚI ĐẸP ĐƯỜNG DƯƠNG VĂN BÉ, HAI BÀ TRƯNG,",6.6,"Đường Dương Văn Bé, Phường Vĩnh Tuy, Quận Hai Bà Trưng, Hà Nội",31.0,3,4,5,Sổ đỏ,2025-10-21
BÁN NHÀ HỒNG MAI_BÙI NGỌC DƯƠNG-HAI BÀ TRƯNG- NGÕ Ô TÔ-HAI MẶT NGÕ,10.5,"Đường Bùi Ngọc Dương, Phường Bạch Mai, Quận Hai Bà Trưng, Hà Nội",35.0,4,4,4,Sổ đỏ,2025-10-20
"Bán nhà phố Kim Ngưu, Hai Bà Trưng 86m, 7 tầng. Giá: 19.8 tỷ",19.8,"Đường Kim Ngưu, Phường Thanh Nhàn, Quận Hai Bà Trưng, Hà Nội",86.0,16,16,7,Sổ đỏ,2025-10-20
"Bán nhà phố Minh Khai, Hai Bà Trưng 53m, 7 tầng, mt 4.6m. Giá: 25.5 tỷ",25.5,"Đường Minh Khai, Phường Minh Khai, Quận Hai Bà Trưng, Hà Nội",53.0,3,6,7,Sổ đỏ,2025-10-20
"Bán Nhà Mặt Phố KD, Thanh Nhàn, Hai Bà Trưng 80m, mt 4.2m, 9,3 tỷ",9.3,"Đường Thanh Nhàn, Phường Thanh Nhàn, Quận Hai Bà Trưng, Hà Nội",80.0,2,2,1,Sổ đỏ,2025-10-20
"Bán nhà phố Trần Đại Nghĩa, Hai Bà Trưng 42m, 5 tầng. Giá: 15 tỷ",15.0,"Đường Trần Đại Nghĩa, Phường Bách Khoa, Quận Hai Bà Trưng, Hà Nội",42.0,3,4,5,Sổ đỏ,2025-10-20
Minh Khai-Đối Diện TimeCity-Ngõ ÔTÔ Thông-DT37m2 x 4Tầng-Giá 7Tỷ350,7.35,"Đường Minh Khai, Phường Vĩnh Tuy, Quận Hai Bà Trưng, Hà Nội",37.0,2,3,4,Sổ đỏ,2025-10-19
MINH KHAI - VÀI CHỤC MÉT Ô TÔ TRÁNH - MỚI - 47m2 - 5 Tầng - Nhỉnh 8 tỷ,8.5,"Phường Minh Khai, Quận Hai Bà Trưng, Hà Nội",47.0,4,4,5,Giấy tờ không xác định,2025-10-16
"Nhà mặt phố Đại Cồ Việt, Hai Bà Trưng 62m, 6t, mt 4.5m. Giá: 26.8 tỷ",26.8,"Đường Đại Cồ Việt, Phường Lê Đại Hành, Quận Hai Bà Trưng, Hà Nội",62.0,11,12,6,Sổ đỏ,2025-10-20
MINH KHAI - HAI BÀ TRƯNG 65m x 4 tầng x mt 4.3 - GIÁ : 13.9tỷ,13.9,"Phường Minh Khai, Quận Hai Bà Trưng, Hà Nội",65.0,4,4,4,Giấy tờ không xác định,2025-10-16
"Nhà mặt phố khu vực Đại La 70m2, 6 tầng tm, giá nhỉnh 25 tỷ (có TL)",25.0,"Phường Bạch Đằng, Quận Hai Bà Trưng, Hà Nội",70.0,5,6,6,Giấy tờ không xác định,2025-10-16
"Bán Nhà Nguyễn Công Trứ 25M x 4T Giá 6,2 Tỷ. Ngõ thông, 30m ra phố",6.2,"Phường Phạm Đình Hổ, Quận Hai Bà Trưng, Hà Nội",25.0,3,3,4,Giấy tờ không xác định,2025-10-16
"Siêu phẩm nha mặt phố Trần Đại Nghĩa bờ sông Sét lô góc, mặt tiền rộng",27.0,"Phường Trương Định, Quận Hai Bà Trưng, Hà Nội",55.0,3,4,5,Giấy tờ không xác định,2025-10-16
"Bán nhà ô tô đỗ cửa, phố Tây Kết, Hai Bà Trưng, Hà Nội",10.26,"Phường Bạch Đằng, Quận Hai Bà Trưng, Hà Nội",44.8,3,3,4,Giấy tờ không xác định,2025-10-16
BÁN TẬP THỂ MINH KHAI-HAI BÀ TRƯNG-50m2-2N1WC,2.5,"Phường Minh Khai, Quận Hai Bà Trưng, Hà Nội",50.0,2,1,5,Giấy tờ không xác định,2025-10-16
"Lò Đúc Nhà mới tinh, ở Ngay Hai Bai Trưng, 3 PN,30m x 5 Tầng, 7.65 tỷ",7.65,"Phường Đồng Nhân, Quận Hai Bà Trưng, Hà Nội",30.0,3,4,5,Giấy tờ không xác định,2025-10-16
"BÁN NHÀ MẶT PHỐ QUẬN HBT , DT 51M , MT 4.8M",28.0,"Phường Minh Khai, Quận Hai Bà Trưng, Hà Nội",51.0,3,4,7,Giấy tờ không xác định,2025-10-16
🌟 HAI BÀ TRƯNG – Ô TÔ TRÁNH – 2 THOÁNG – 60M² – NHÀ ĐẸP – 15 TỶ 6 🌟,15.6,"Phường Vĩnh Tuy, Quận Hai Bà Trưng, Hà Nội",60.0,4,4,4,Giấy tờ không xác định,2025-10-16
"Nhà đẹp ở ngay phố Kim Ngưu ngõ 3 gác tránh xe máy ,sổ đỏ đẹp nở hậu",9.95,"Phường Thanh Lương, Quận Hai Bà Trưng, Hà Nội",50.0,3,3,3,Giấy tờ không xác định,2025-10-16
"Bán Nhà Đại Cồ Việt 16M x 4T Giá 3,96 Tỷ. Lô góc, 30m ra phố.",3.98,"Phường Lê Đại Hành, Quận Hai Bà Trưng, Hà Nội",16.0,3,2,4,Giấy tờ không xác định,2025-10-16
"Bán nhà phố Bạch Mai, Hai Bà Trưng 68m, 6 tầng. Giá: 17.9 tỷ",17.9,"Đường Bạch Mai, Phường Bạch Mai, Quận Hai Bà Trưng, Hà Nội",68.0,13,13,6,Sổ đỏ,2025-10-20
Nhà Đẹp Đại La-Ngõ Nông Rộng-2Thoáng-DT38m2 x 5Tầng-Thang Máy-Hơn 9Tỷ,9.3,"Đường Đại La, Phường Đồng Tâm, Quận Hai Bà Trưng, Hà Nội",38.0,3,4,5,Sổ đỏ,2025-10-19
1NHÀ RA PHỐ LÊ THANH NGHỊ-ĐH BÁCH KHOA-ÔTÔ ĐỖ CỬA-56m2-4TẦNG-16TỶ500,16.5,"Đường Lê Thanh Nghị, Phường Đồng Tâm, Quận Hai Bà Trưng, Hà Nội",56.0,4,3,4,Sổ đỏ,2025-10-19
Siêu Phẩm-Lô Góc 53m2-5Tầng-Thang Máy-Mặt Ngõ Thông-Phố Hồng Mai-16Tỷ8,16.8,"Đường Hồng Mai, Phường Bạch Mai, Quận Hai Bà Trưng, Hà Nội",53.0,4,4,5,Sổ đỏ,2025-10-19
BÁN NHÀ NGÕ THÔNG KIM NGƯU - BA GÁC TRÁNH XE MÁY - LÔ GÓC - 36m2 - 5T,7.35,"Phường Thanh Lương, Quận Hai Bà Trưng, Hà Nội",36.0,4,4,5,Giấy tờ không xác định,2025-10-15
"Bán nhà Lê Thanh Nghị –10m ra mặt phố, thang máy, 42m x5T - hơn 10 tỷ",10.5,"Phường Bách Khoa, Quận Hai Bà Trưng, Hà Nội",42.0,4,4,5,Giấy tờ không xác định,2025-10-15
"Bán Nhà Trương Định 25M x 5T Chỉ 5,85 Tỷ.Lô góc 2 thoáng full nội thất",5.85,"Phường Trương Định, Quận Hai Bà Trưng, Hà Nội",25.0,3,3,5,Giấy tờ không xác định,2025-10-15
CHINH CHỦ CẦN BÁN CCMN FULL ĐỒ - 7 PHÒNG KHÉP KÍN ĐANG CHO THUÊ,8.2,"Phường Thanh Lương, Quận Hai Bà Trưng, Hà Nội",43.0,7,7,5,Giấy tờ không xác định,2025-10-15
Bán nhà phố cổ Hoàn Kiếm - Đường Lý Nam Đế -106m - 5 tầng -oto - 50 tỷ,50.0,"Đường Lý Nam Đế, Phường Cửa Nam, Quận Hoàn Kiếm, Hà Nội",106.0,7,5,5,Sổ đỏ,2025-11-24
Cần bán nhà 6 tầng ngõ lý Nam Đế DT60m2 MT4.5 bán 25ty.,25.0,"Đường Lý Nam Đế, Phường Cửa Đông, Quận Hoàn Kiếm, Hà Nội",60.0,10,10,5,Sổ đỏ,2025-11-28
"Bán nhà  phố hai bà trưng, hk, dt : 25 m x 5 tg, giá : 4,8 ty",4.8,"Đường Hai Bà Trưng, Phường Tràng Tiền, Quận Hoàn Kiếm, Hà Nội",25.0,4,4,5,Sổ đỏ,2025-11-28
Phân lô Lý Nam Đế 60m2*3T cũ giá 19 tỷ.,19.0,"66, Đường Lý Nam Đế, Phường Cửa Nam, Quận Hoàn Kiếm, Hà Nội",55.0,2,2,3,Sổ đỏ,2025-11-28
"Bán nhà mặt phố Lý Thường Kiệt, 221m2, mặt tiền siêu đẹp 11.6m, 109 tỷ",109.0,"Đường Lý Thường Kiệt, Phường Hàng Bài, Quận Hoàn Kiếm, Hà Nội",221.0,3,3,3,Sổ đỏ,2025-11-16
"Bán nhà mặt phố Tràng Thi VIP, lô góc 219m2, mặt tiền 19.8m, 215 tỷ",215.0,"Đường Tràng Thi, Phường Hàng Bông, Quận Hoàn Kiếm, Hà Nội",219.0,8,8,3,Sổ đỏ,2025-11-17
Phố Phúc Tân – Hoàn Kiếm- Ô Tô – 61 M2 – 3 T – MT 3.5 M – Giá 12.4 Tỷ.,12.4,"Đường Phúc Tân, Phường Phúc Tân, Quận Hoàn Kiếm, Hà Nội",61.0,2,3,3,Sổ đỏ,2025-11-23
"Bán nhà mặt phố hang bồ , HK, dt 60 m x6 tg, mt: 5, giá 48 ty",48.0,"Đường Hàng Bồ, Phường Hàng Bồ, Quận Hoàn Kiếm, Hà Nội",60.0,5,8,6,Sổ đỏ,2025-11-23
Mặt Phố Phúc Tân – Hoàn Kiếm – 81 M2 – 4 T – MT 3.8M – Giá 23.8 Tỷ.,23.8,"Đường Phúc Tân, Phường Phúc Tân, Quận Hoàn Kiếm, Hà Nội",81.0,5,4,4,Sổ đỏ,2025-11-23
NHÀ PHỐ HÀNG BÔNG NHUỘM - CHÍNH CHỦ TÊN SỔ BÁN!,3.95,"Đường Thợ Nhuộm, Phường Cửa Nam, Quận Hoàn Kiếm, Hà Nội",20.0,2,1,2,Sổ đỏ,2025-11-21
"Bán nhà ngõ phố tràng tiền ,Hai Bà Trưng, dt:60,4 tg, giá 14 tỷ",14.0,"Đường Hai Bà Trưng, Phường Hàng Bài, Quận Hoàn Kiếm, Hà Nội",60.0,4,4,4,Sổ đỏ,2025-11-21
"Bán nhà KS phố  Nguyễn Quang Bích , dt:67mx 8 tg, mt :4 m, giá 51,5 t",51.5,"Phường Hàng Mã, Quận Hoàn Kiếm, Hà Nội",67.0,5,8,8,Sổ đỏ,2025-11-18
"50m² PHÚC TÂN HỒNG HÀ_5 tầng 1 tum, NGÕ THÔNG, thoáng sáng",9.0,"Đường Phúc Tân, Phường Phúc Tân, Quận Hoàn Kiếm, Hà Nội",47.0,5,4,5,Sổ đỏ,2025-11-19
Bán nhà mặt phố lý quốc sư 240 m  mặt tiền 9 m 4 tầng,126.5,"39 , Đường Ngõ Huyện, Phường Hàng Bông, Quận Hoàn Kiếm, Hà Nội",240.0,7,4,4,Sổ đỏ,2025-11-14
"Bán nhà mặt phố Nhà Chung , 89 m2 xây 4 tầng",53.0,"O, Đường Lý Quốc Sư, Phường Hàng Bông, Quận Hoàn Kiếm, Hà Nội",89.0,6,4,5,Sổ đỏ,2025-11-14
"Chính chủ bán nhà mặt phố nam Ngư 60 m 3,5 Tầng",25.0,"Đường Nam Ngư, Phường Cửa Nam, Quận Hoàn Kiếm, Hà Nội",60.0,3,2,3,Sổ đỏ,2025-11-14
Bán nhà mặt phố hàng bè 65 m 4 tầng kinh doanh tốt,36.0,"Đường Hàng Vải, Phường Hàng Mã, Quận Hoàn Kiếm, Hà Nội",65.0,5,5,4,Sổ đỏ,2025-11-14
Chính chủ bán nhà mặt phố Nguyễn khắc cần,280.0,"Đường Nguyễn Khắc Cần, Phường Phan Chu Trinh, Quận Hoàn Kiếm, Hà Nội",500.0,3,2,5,Sổ đỏ,2025-11-14
Bán nhà mặt phố Cổng Đục .Hàng Mã,16.5,"Đường Cổng Đục, Phường Hàng Bồ, Quận Hoàn Kiếm, Hà Nội",65.0,2,2,4,Sổ đỏ,2025-11-14
Bán tổng thể nhà mặt phố Cầu gỗ số nhà 96,123.05,"96, Đường Cầu Gỗ, Phường Hàng Bạc, Quận Hoàn Kiếm, Hà Nội",150.0,2,1,3,Sổ đỏ,2025-11-14
"bán nhà mặt phố hàng Hành 31 m2 mặt tiền 5,3 m 3,5 tầng",19.0,"O, Đường Hàng Bông, Phường Hàng Bông, Quận Hoàn Kiếm, Hà Nội",31.0,4,3,4,Sổ đỏ,2025-11-14
"Bán nhà lô góc 4 tầng mặt phố Hàng Buồm, quận Hoàn Kiếm 👉🏻Diện tích",21.5,"Phường Đồng Xuân, Quận Hoàn Kiếm, Hà Nội",70.0,2,1,4,Sổ hồng,2025-11-14
Gia đình tôi cần bán nhà mặt phố Bát đàn Hoàn Kiếm Hà Nội. - DT 100,46.0,"Đường Bát Sứ, Phường Cửa Đông, Quận Hoàn Kiếm, Hà Nội",100.0,3,2,5,Sổ hồng,2025-11-14
Chính chủ bán nhà mặt phố đường thành 44 m2 4 tầng,28.0,"Đường Dã Tượng, Phường Phan Chu Trinh, Quận Hoàn Kiếm, Hà Nội",45.0,3,2,5,Sổ đỏ,2025-11-14
"Bán nhà trong ngõ 36 Phan Đình Phùng 11,5 tỷ",11.5,"36 , Đường Phan Đình Phùng, Phường Cửa Đông, Quận Hoàn Kiếm, Hà Nội",45.0,4,2,7,Sổ đỏ,2025-11-14
Nhà ngõ 12 phố lý nam đế.60 m2 xây 5 tầng,11.0,"Đường Lý Nam Đế, Phường Cửa Đông, Quận Hoàn Kiếm, Hà Nội",60.0,5,3,5,Sổ đỏ,2025-11-06
BÁN NHÀ mặt phố Hàng Cót 56 m2. 4 tầng. Đang cần tiền,26.0,"Đường Hàng Cót, Phường Cửa Nam, Quận Hoàn Kiếm, Hà Nội",56.0,5,3,5,Sổ đỏ,2025-11-01
"Bán nhà mặt phố 104 hàng bạc 40 m 3 tầng 17,5 tỷ",17.5,"104 , Đường Hàng Bạc, Phường Hàng Bạc, Quận Hoàn Kiếm, Hà Nội",40.0,4,3,3,Sổ đỏ,2025-11-01
Bán nhà mặt phố Quang Trung gần Lý Thường Kiệt,17.5,"Đường Quang Trung, Phường Tràng Tiền, Quận Hoàn Kiếm, Hà Nội",20.0,4,4,5,Sổ đỏ,2025-11-11
"Bán nhà đẹp mặt phố Hàng Thùng, DT 60 m2, mặt tiền rộng, vị trí đẹp!",75.0,"Đường Hàng Thùng, Phường Hàng Bạc, Quận Hoàn Kiếm, Hà Nội",60.0,4,3,4,Sổ hồng,2025-11-15
Cần bán gấp nhà mặt phố Hàng Gai .phường Hàng Gai .,90.0,"Đường Hàng Gai, Phường Hàng Gai, Quận Hoàn Kiếm, Hà Nội",126.0,2,2,4,Sổ hồng,2025-11-14
Nhà mặt phố hàng điếu 78 m2 xây 6 Kinh doanh cực kỳ đắc địa,39.0,"Đường Hàng Điếu, Phường Hàng Bồ, Quận Hoàn Kiếm, Hà Nội",78.0,4,3,5,Sổ đỏ,2025-07-18
"Nhà Hàng Đậu -22m -5 tầng -5,8 tỷ",5.8,"Phường Đồng Xuân, Quận Hoàn Kiếm, Hà Nội",22.0,3,3,5,Giấy tờ không xác định,2025-11-06
Bán nhà Bạch Đằng ngõ to cách Bờ Hồ 600m,9.5,"9A, Đường Ngõ 23 Bạch Đằng, Phường Chương Dương, Quận Hoàn Kiếm, Hà Nội",31.0,5,4,5,Sổ đỏ,2025-11-05
"Tôi cần bán nhà mặt phố Hàm Tử Quan, nhà 3tầng mặt phố kinh doanh",22.98,"Phường Phúc Tân, Quận Hoàn Kiếm, Hà Nội",69.0,3,3,3,Giấy tờ không xác định,2025-11-06
MẶT ĐƯỜNG HÀNG MÃ - TRUNG TÂM HOÀN KIẾM - MẶT PHỐ - NỞ HẬU- KINH DOANH,58.0,"Phường Hàng Mã, Quận Hoàn Kiếm, Hà Nội",55.0,6,6,5,Giấy tờ không xác định,2025-11-06
"Bán nhà 38m2, 5 tầng thang máy tại phố Bạch Đằng, Hoàn Kiếm",15.8,"Đường Bạch Đằng, Phường Chương Dương, Quận Hoàn Kiếm, Hà Nội",38.0,6,4,5,Sổ đỏ,2025-11-10
"Bán nhà mặt phố Lãn Ông, Hk,dt: 90 m x 2 tg, mt:5m, giá:53 ty",53.0,"Đường Lãn Ông, Phường Hàng Bạc, Quận Hoàn Kiếm, Hà Nội",90.0,3,3,2,Sổ đỏ,2025-11-01
Bán nhà mặt phố hàng Ngang Hoàn kiếm hà nội,60.0,"Đường Hàng Ngang, Phường Hàng Bạc, Quận Hoàn Kiếm, Hà Nội",150.0,4,2,4,Sổ hồng,2025-07-10
"Bán nhà mặt Ngõ Lý thường kiệt- Quán sứ dt xd 50m mt 4,6 m x3t 17,2 ty",15.0,"68, Đường Lý Thường Kiệt, Phường Trần Hưng Đạo, Quận Hoàn Kiếm, Hà Nội",43.6,3,3,3,Sổ đỏ,2025-07-24
"BÁN GẤP NHÀ MẶT PHỐ HAI BÀ TRƯNG P HOÀN KIẾM, 125M×6T, MT 5.5M, 1 TỶ/M",122.0,"Đường Hai Bà Trưng, Phường Cửa Nam, Quận Hoàn Kiếm, Hà Nội",125.0,8,8,6,Sổ đỏ,2025-10-31
Bán nhà ngay sau lưng căn mặt tiền phố cổ,6.0,"9, Đường Nguyễn Siêu, Phường Hàng Buồm, Quận Hoàn Kiếm, Hà Nội",20.0,2,1,2,Sổ hồng,2025-07-16
"Bán nhà mặt phố mã mây , hk, dt 200m, mt :8m ,giá 140 ty",140.0,"Đường Hàng Đậu, Phường Đồng Xuân, Quận Hoàn Kiếm, Hà Nội",200.0,4,4,4,Sổ đỏ,2025-07-29
"💎 11,3 TỶ – LÝ THƯỜNG KIỆT – TRUNG TÂM HOÀN KIẾM 💎",11.3,"Phường Trần Hưng Đạo, Quận Hoàn Kiếm, Hà Nội",25.0,2,3,4,Giấy tờ không xác định,2025-10-29
"BÁN NHÀ MẶT PHỐ LƯƠNG NGỌC QUYẾN TRÁI TIM PHỐ CỔ, SẢN PHẨM VIP HIẾM CÓ",150.0,"Đường Lương Ngọc Quyến, Phường Hàng Buồm, Quận Hoàn Kiếm, Hà Nội",230.0,3,3,3,Sổ đỏ,2025-10-28
SIÊU PHẨM LÔ GÓC 3 MẶT THOÁNG – PHAN CHU TRINH – CÁCH HỒ GƯƠM 5P,140.0,"Phường Phan Chu Trinh, Quận Hoàn Kiếm, Hà Nội",160.0,4,4,5,Giấy tờ không xác định,2025-10-27
"Bán nhà mặt phố cầu gỗ, Hk,dt:55m x  5Tg, giá: 62 tỷ ,",62.0,"Phường Hàng Bạc, Quận Hoàn Kiếm, Hà Nội",52.0,4,4,5,Sổ đỏ,2025-10-31
"Bán nhà ngõ phô hai bà trưng , hk ,dt: 40 mx 5 tg, mt:4m. Giá:10,5 ty",10.5,"Đường Hai Bà Trưng, Phường Cửa Nam, Quận Hoàn Kiếm, Hà Nội",40.0,5,5,5,Sổ đỏ,2025-10-24
Bán nhà trong Ngõ Phố hàng đậu,7.6,"Phường Đồng Xuân, Quận Hoàn Kiếm, Hà Nội",46.0,4,2,3,Giấy tờ không xác định,2025-10-24
"Bán Nhà Thợ Nhuộm 20M, MT: 3,5M Giá 4 Tỷ. 1 nhà ra phố, nhà mới ở luôn",4.0,"Phường Cửa Nam, Quận Hoàn Kiếm, Hà Nội",20.0,2,1,1,Giấy tờ không xác định,2025-10-22
NHÀ TRUNG TÂM HOÀN KIẾM – HIẾM CÓ KHÓ TÌM!,5.1,"Phường Hàng Bông, Quận Hoàn Kiếm, Hà Nội",12.0,2,2,4,Giấy tờ không xác định,2025-10-22
Bán Nhà Đẹp Phố Cổ Quận Hoàn Kiếm Hà Nội,13.0,"Phường Hàng Trống, Quận Hoàn Kiếm, Hà Nội",23.0,3,3,4,Giấy tờ không xác định,2025-10-21
"VÍP PHỐ CỔ , NƠI HỘI TỤ CỦA KHÁCH NƯỚC NGOÀI , KINH DOANH SẦM UẤT .",32.0,"Phường Hàng Buồm, Quận Hoàn Kiếm, Hà Nội",30.0,2,3,4,Giấy tờ không xác định,2025-10-20
"Bán Căn Hộ Duplex 2PN  2Vs Mặt phố Nguyễn Siêu, Sổ đỏ, Dtsd 60m2",5.19,"Phường Hàng Buồm, Quận Hoàn Kiếm, Hà Nội",36.0,2,2,3,Giấy tờ không xác định,2025-10-20
"Bán nhà măt phố hàng buồm, hàng giầy,dt : 25 m x 5 tg, giá : 20 ty",20.0,"Đường Phố Hàng Giầy, Phường Hàng Buồm, Quận Hoàn Kiếm, Hà Nội",25.0,4,4,5,Sổ đỏ,2025-10-22
Duy nhất Mặt phố Hoàn Kiếm Một chủị trí tốt Kinh doanh đỉnh - tầm tiền,40.0,"Đường Hàng Điếu, Phường Cửa Đông, Quận Hoàn Kiếm, Hà Nội",44.0,3,4,5,Sổ đỏ,2025-10-21
"Bán nhà mặt phố Chân Cầm, 120m2 x 3T, MT: 6m",75.0,"Đường Chân Cầm, Phường Hàng Trống, Quận Hoàn Kiếm, Hà Nội",120.0,6,3,3,Sổ đỏ,2025-10-21
Chính chủ bán nhà ngõ 72 nguyễn trãi lô góc oto đỗ,6.0,"Đường Nguyễn Trãi, Phường Thượng Đình, Quận Thanh Xuân, Hà Nội",24.6,3,2,3,Giấy tờ không xác định,2025-11-28
"BÁN NHÀ MẶT TIỀN PHỐ TRƯỜNG CHINH, 5 TẦNG THANG MÁY",32.5,"Đường Trường Chinh, Phường Khương Mai, Quận Thanh Xuân, Hà Nội",35.0,3,3,5,Sổ hồng,2025-09-22
"Bán Nhà MP LÊ TRỌNG TẤN-HOÀNG VĂN THÁI 80m2 x3 tầng hai thoáng 27,38ty",27.36,"68, Đường Lê Trọng Tấn, Phường Khương Mai, Quận Thanh Xuân, Hà Nội",79.6,3,3,3,Sổ đỏ,2025-11-28
BÁN NHÀ MẶT PHỐ NGUYỄN NGỌC NẠI – 4 TẦNG – KHU QUÂN ĐỘI – GIÁ ***,42.0,"Phường Khương Mai, Quận Thanh Xuân, Hà Nội",103.0,3,3,4,Giấy tờ không xác định,2025-11-28
"Ô tô đỗ cửa, nhà Lê Văn Lương - Nhân Hoà, lô góc, dòng tiền tốt",9.99,"Phường Nhân Chính, Quận Thanh Xuân, Hà Nội",45.0,5,3,4,Giấy tờ không xác định,2025-11-28
HÀNG HIẾM - KHUONG TRUNG - GẦN Ô TÔ - NGÕ TO THẰNG TẮP SU CÓC ĐỖ CỬA,6.39,"Phường Khương Trung, Quận Thanh Xuân, Hà Nội",20.0,3,3,5,Giấy tờ không xác định,2025-11-28
Bán căn hộ tại 376 Khương Đình,3.2,"Phường Khương Đình, Quận Thanh Xuân, Hà Nội",49.0,2,1,1,Giấy tờ không xác định,2025-11-28
BÁN NHÀ MẶT PHỐ HOÀNG VĂN THÁI – THANH XUÂN. DT: 80M². GIÁ 24 TỶ,24.0,"Đường Hoàng Văn Thái, Phường Khương Mai, Quận Thanh Xuân, Hà Nội",80.0,4,3,4,Sổ đỏ,2025-11-27
"Bán nhà Phân lô Quân Đội Lê Trọng Tấn 73m²,Ngõ ô tô  – Giá 16.8 tỷ",16.8,"Đường Lê Trọng Tấn, Phường Khương Mai, Quận Thanh Xuân, Hà Nội",73.0,4,3,4,Sổ đỏ,2025-11-27
"27,5 tỷ mà nhà 4T vị trí đẹp Mp Hoàng Văn Thái-Lê Trọng Tấn vỉa hè kd",27.5,"Đường Hoàng Văn Thái, Phường Khương Mai, Quận Thanh Xuân, Hà Nội",74.5,4,4,4,Sổ đỏ,2025-11-27
Bán Nhà Nguỵ Như Kom Tum Thanh Xuân S55m 4t Mt4.2m Giá 17.3 Tỷ,17.36,"Phường Thanh Xuân Trung, Quận Thanh Xuân, Hà Nội",50.0,4,5,4,Giấy tờ không xác định,2025-11-27
NHÀ ĐẸP KHƯƠNG ĐÌNH THANH XUÂN,8.4,"Phường Khương Đình, Quận Thanh Xuân, Hà Nội",32.0,4,3,5,Giấy tờ không xác định,2025-11-27
Bán nhà ngõ 111 phố Trường Chinh,13.5,"Ngõ 111, Đường Trường Chinh, Phường Phương Liệt, Quận Thanh Xuân, Hà Nội",69.2,12,10,4,Sổ đỏ,2025-11-27
⚡️S.O.C!!: bán nhà LÔ GÓC- 15m ra OTO TRÁNH🚘- NHỈNH 6 TỶ🎯THANH XUÂN!,6.5,"Phường Thanh Xuân Bắc, Quận Thanh Xuân, Hà Nội",30.0,4,5,4,Giấy tờ không xác định,2025-11-26
Chính Chủ Cần Bán Biệt Thự Lô Góc Dự Án HDI Mạc Thái Tông DT 160M2,54.0,"Đường Nguyễn Tuân, Phường Nhân Chính, Quận Thanh Xuân, Hà Nội",160.0,6,4,4,Sổ đỏ,2025-11-26
🔥 LÔ GÓC – Ô TÔ TRÁNH – KINH DOANH CỰC ĐỈNH | HÀNG SIÊU HIẾM CỰC HOT🔥,9.8,"Phường Khương Trung, Quận Thanh Xuân, Hà Nội",35.0,3,4,6,Giấy tờ không xác định,2025-11-25
"Bán nhà phố Trường Chinh, Thanh Xuân 43m, 5 tầng. Giá: 16.8 tỷ",16.8,"Phường Khương Mai, Quận Thanh Xuân, Hà Nội",43.0,3,4,5,Sổ đỏ,2025-11-25
⚡️BẤt ngỜ!: Ô TÔ 40M🚘 - VUÔNG VẮN - DÂN XÂY BỀN ĐẸP. Bán nhà THANH,5.2,"Phường Thanh Xuân Nam, Quận Thanh Xuân, Hà Nội",30.0,3,4,5,Giấy tờ không xác định,2025-11-25
Tôi cần bán nhà mặt phố Lê Trọng Tấn Thanh Xuân 5tầng full nội thất.,41.87,"Phường Phương Liệt, Quận Thanh Xuân, Hà Nội",68.0,6,5,5,Giấy tờ không xác định,2025-11-25
✅ bẤt ngỜ!: Ô TÔ 35M🚘 - DÂN XÂY BỀN CHẮC - PHÂN LÔ CÁN BỘ - bán nhà,5.2,"Phường Khương Trung, Quận Thanh Xuân, Hà Nội",31.0,4,5,4,Giấy tờ không xác định,2025-11-25
Cơ Hội Hiếm: Nhà Chuẩn 5 Sao – Nội Thất Cao Cấp – Giá Tốt,15.5,"20, Đường Nguyễn Viết Xuân, Phường Khương Đình, Quận Thanh Xuân, Hà Nội",45.0,5,4,4,Sổ đỏ,2025-11-24
"Bán nhà Q.Thanh Xuân, oto tránh ,KD,dân xây,113m2, mặt tiền 10m, 31tỷ",31.0,"Đường Bùi Xương Trạch, Phường Khương Đình, Quận Thanh Xuân, Hà Nội",113.0,8,6,5,Sổ đỏ,2025-11-24
BÁN NHÀ RIÊNG PHÓI VŨ TÔNG PHAN - 4 TẦNG - 33M2 -FULL NỘI THẤT XỊN SÒ,7.8,"Phường Khương Đình, Quận Thanh Xuân, Hà Nội",33.0,3,3,4,Giấy tờ không xác định,2025-11-24
"31.5 tỷ cho 150m2 đất tặng nhà 2 tầng phố Phương Liệt, oto vào nhà",31.5,"Đường Phương Liệt, Phường Phương Liệt, Quận Thanh Xuân, Hà Nội",150.0,3,2,2,Sổ đỏ,2025-11-24
BÁN NHÀ RIÊNG VTP - 35M2 - 5 TẦNG - FULL NỘI THẤT XỊN SÒ - Ô TÔ ĐỖ CỬA,10.0,"Phường Khương Đình, Quận Thanh Xuân, Hà Nội",35.0,3,4,5,Giấy tờ không xác định,2025-11-23
SIÊU PHẨM MẶT NGÕ LÔ GÓC –KINH DOANH ĐỈNH–Ô TÔ TRÁNH–THANG MÁY,9.8,"Phường Khương Trung, Quận Thanh Xuân, Hà Nội",34.0,3,4,5,Giấy tờ không xác định,2025-11-23
"BÁN NHÀ LÊ TRỌNG TẤN, DIỆN TÍCH, 35.M2.. XD. 8.TẦNG. GIÁ. 14.3 TỶ",14.3,"Phường Phương Liệt, Quận Thanh Xuân, Hà Nội",35.0,6,6,8,Giấy tờ không xác định,2025-11-23
GIA ĐÌNH CẦN BÁN CĂN NHÀ LÔ GÓC 7 TẦNG CỰC ĐẸP KHU PHÂN LÔ VŨ HỮU – TH,19.9,"Phường Thanh Xuân Bắc, Quận Thanh Xuân, Hà Nội",60.0,7,6,7,Giấy tờ không xác định,2025-11-23
⚡️A NHÀ ĐÂY!: Ô TÔ 40M🚘 - ĐẤT VUÔNG - DÂN XÂY BỀN ĐẸP. bán nhà,5.2,"Phường Khương Trung, Quận Thanh Xuân, Hà Nội",30.0,4,5,4,Giấy tờ không xác định,2025-11-22
[ 6 Tầng - Chỉ 7.5 tỷ ] Bán Nhà Khuất Duy Tiến - 5m ra Oto,7.5,"Phường Thanh Xuân Bắc, Quận Thanh Xuân, Hà Nội",27.0,4,3,6,Giấy tờ không xác định,2025-11-22
"🏡 BÁN NHÀ VŨ TÔNG PHAN: 23/30M* 3 TẦNG* 3,5 TỶ",3.5,"Phường Khương Đình, Quận Thanh Xuân, Hà Nội",30.0,2,2,3,Giấy tờ không xác định,2025-11-22
"CCMN 11 Phòng, Dòng Tiền 480 Triệu/Năm,Gần Vin Nguyễn Trãi,Ngõ Rộng 3m",11.4,"Phường Thanh Xuân Trung, Quận Thanh Xuân, Hà Nội",48.8,11,6,3,Giấy tờ không xác định,2025-11-22
"BÙI XƯƠNG TRẠCH 30M2x3 TẦNG MẶT TIỀN 5.3M, GẦN NGÕ Ô TÔ GIÁ 6.9 TỶ",6.9,"Phường Khương Đình, Quận Thanh Xuân, Hà Nội",30.0,3,3,3,Giấy tờ không xác định,2025-11-22
Nhà đẹp Khương Đình vừa hoàn thiện,8.4,"Phường Khương Đình, Quận Thanh Xuân, Hà Nội",32.0,3,4,5,Giấy tờ không xác định,2025-11-22
"Bán nhà lô góc 45m2 ngõ 192 Lê Trọng Tấn,6T thang máy,20m oto,14.5tỷ.",14.5,"Ngõ 192 Lê Trọng Tấn, Đường Lê Trọng Tấn, Phường Khương Mai, Quận Thanh Xuân, Hà Nội",45.0,3,4,6,Sổ đỏ,2025-11-17
⚡️H!ẾM!: 50M RA PHỐ - SỔ ĐẸP - DÂN XÂY 🏡bán nhà THANH XUÂN 4.7 Tỷ,4.79,"Phường Hạ Đình, Quận Thanh Xuân, Hà Nội",30.0,3,3,4,Giấy tờ không xác định,2025-11-21
"Phân lô Quân Đội Hoàng Văn Thái 49m2,2thoáng,nở hậu,13.6tỷ,ở ngay.",13.6,"Ngõ 69A Hoàng Văn Thái, Đường Hoàng Văn Thái, Phường Khương Mai, Quận Thanh Xuân, Hà Nội",49.0,5,4,6,Sổ hồng,2025-11-13
[SIÊU PHẨM] BÁN NHÀ NGUYỄN NGỌC VŨ – 38M² – 6T THANG MÁY– Ô TÔ – 10.5Đ,10.5,"Phường Nhân Chính, Quận Thanh Xuân, Hà Nội",38.0,4,4,6,Giấy tờ không xác định,2025-11-21
Tôi cần bán nhà Liền Kề Nguyễn Tuân 6tầng thang máy full nội thất,47.45,"Phường Nhân Chính, Quận Thanh Xuân, Hà Nội",72.0,8,7,6,Giấy tờ không xác định,2025-11-21
✨ hIẾm!: LÔ GÓC - GẦN Ô TÔ 🚘- HỒ SINH THÁI - DÂN XÂY BÁN NHÀ KHƯƠNG,7.95,"Phường Khương Trung, Quận Thanh Xuân, Hà Nội",50.0,6,6,5,Giấy tờ không xác định,2025-11-21
"Bán nhà Thanh Xuân, hơn 9tỷ ngõ ô tô, 5 tầng thang máy",9.8,"Phường Khương Trung, Quận Thanh Xuân, Hà Nội",35.0,3,4,5,Giấy tờ không xác định,2025-11-21
"Bán nhà Thanh Xuân 36m², thang máy, 10m ra ô tô, trước nhà SH quay",9.6,"Phường Khương Đình, Quận Thanh Xuân, Hà Nội",36.0,3,4,5,Giấy tờ không xác định,2025-11-21
"Bán nhà dân xây khung cột , mặt ngõ xe con vào .",2.7,"Phường Thanh Xuân Nam, Quận Thanh Xuân, Hà Nội",15.0,3,3,5,Giấy tờ không xác định,2025-11-21
🔥 KHƯƠNG TRUNG - THANG MÁY - NHÀ 5 TẦNG MỚI - NGÕ Ô TÔ TRÁNH - 34M²,9.8,"Phường Khương Trung, Quận Thanh Xuân, Hà Nội",34.0,3,3,5,Giấy tờ không xác định,2025-11-20
LÔ GÓC – NGUYỄN XIỂN – CÁCH Ô TÔ 2M – 6 TẦNG THANG MÁY – DTSD 62M²,12.86,"Phường Khương Đình, Quận Thanh Xuân, Hà Nội",42.0,3,3,6,Giấy tờ không xác định,2025-11-20
Tôi cần bán tòa nhà mặt phố Quan Nhân 8tầng thang máy full nội thất,46.79,"Phường Nhân Chính, Quận Thanh Xuân, Hà Nội",123.0,6,7,8,Giấy tờ không xác định,2025-11-20
Em bán nhà mặt phố Khuất Duy Tiến Thanh Xuân,6.5,"114, Đường Khuất Duy Tiến, Phường Thanh Xuân Bắc, Quận Thanh Xuân, Hà Nội",32.0,1,1,1,Sổ đỏ,2025-11-19
NHÀ ĐWPJ Ở NGAY - 6 TẦNG - FULL NỘI THẤT - NGÕ NÔNG - AN NINH TỐT.,7.1,"Phường Khương Đình, Quận Thanh Xuân, Hà Nội",32.0,3,4,6,Giấy tờ không xác định,2025-11-19
NHÀ ĐẸP LUNG LINH - 5 TẦNG - FULL NỘI THẤT XỊN SÒ -KCBT CHẮC CHẮN 35M2,8.5,"Phường Khương Đình, Quận Thanh Xuân, Hà Nội",35.0,3,4,5,Giấy tờ không xác định,2025-11-19
"Nhà Đẹp Hoàng Văn Thái, Thanh Xuân 50m, 6 tầng, mt 8.4m, giá 15.3 tỷ.",15.3,"Đường Hoàng Văn Thái, Phường Khương Mai, Quận Thanh Xuân, Hà Nội",50.0,3,4,6,Sổ đỏ,2025-11-19
"Bán nhà phố Hoàng Văn Thái, Thanh Xuân. Nhà mới đẹp sáng chói loá",17.5,"Phường Phương Liệt, Quận Thanh Xuân, Hà Nội",47.0,4,3,4,Giấy tờ không xác định,2025-11-19
NHÀ PHỐ HOÀNG VĂN THÁI - THANH XUÂN - ÔTÔ ĐỖ CỔNG,7.95,"Phường Khương Trung, Quận Thanh Xuân, Hà Nội",51.0,3,2,3,Giấy tờ không xác định,2025-11-19
"Cc bán nhà lô góc Khương Đình 58m, 6 tầng, 10.8 tỷ",10.8,"Đường Khương Đình, Phường Khương Đình, Quận Thanh Xuân, Hà Nội",58.0,6,5,6,Sổ đỏ,2025-11-19
Bán nhà mặt ngõ kinh doanh Thanh Xuân,9.2,"Phường Nhân Chính, Quận Thanh Xuân, Hà Nội",25.0,3,4,5,Giấy tờ không xác định,2025-11-19
"Bán nhà đẹp thang máy, Ô tô, kinh doanh Thanh Xuân",9.8,"Phường Khương Trung, Quận Thanh Xuân, Hà Nội",35.0,3,4,5,Giấy tờ không xác định,2025-11-19
NHÀ ĐẸP Ở NGAY - 6 TẦNG - THANG MÁY - Ô TÔ ĐỖ CỬA - 48M2 -NGUYỄN XIỂN,13.5,"Phường Hạ Đình, Quận Thanh Xuân, Hà Nội",48.0,4,5,6,Giấy tờ không xác định,2025-11-18
Nhà rộng ở sướng 45m cầu thang bê tông 4 ngủ 3wc,3.98,"Phường Khương Đình, Quận Thanh Xuân, Hà Nội",45.0,4,3,6,Giấy tờ không xác định,2025-11-18
Bán nhà 2 tầng Thanh Xuân Bắc – mặt ngõ ô tô – giá 2.15 tỷ,2.15,"Phường Thanh Xuân Bắc, Quận Thanh Xuân, Hà Nội",24.0,2,1,2,Giấy tờ không xác định,2025-11-18
"Bán nhà phố Khương Hạ, full nội thất sịn đẹp, view hồ",15.5,"Phường Khương Đình, Quận Thanh Xuân, Hà Nội",46.0,6,4,5,Giấy tờ không xác định,2025-11-18
"Bán nhà Vũ Tông Phan 30m2 mặt tiền 5.5m,lô góc giá 3,5 tỷ thương lượng",3.5,"Phường Khương Đình, Quận Thanh Xuân, Hà Nội",24.0,2,2,3,Sổ hồng,2025-11-17
"Bán nhà Khương Trung, 20m ra Đầm Hồng",7.95,"Phường Khương Trung, Quận Thanh Xuân, Hà Nội",32.0,4,4,5,Giấy tờ không xác định,2025-11-17
"ĐẦU TƯ CỰC HOT! Nhà 3 Tầng Cũ, 71m2 Ngõ 3m Khu Vực Tiềm Năng Xây CCMN",12.8,"Phường Khương Đình, Quận Thanh Xuân, Hà Nội",71.0,3,3,3,Giấy tờ không xác định,2025-11-17
🔥Không Thể Tin : Ô TÔ ĐỖ CỬA - 40M RA PHỐ - DÂN XÂY - Bán nhà KHƯƠNG,4.95,"Phường Khương Đình, Quận Thanh Xuân, Hà Nội",24.0,4,4,5,Giấy tờ không xác định,2025-11-17
"Khương Đình, 2 thoáng, 50m ra  phố, nhà dân xây. 34mx4T. Chỉ 6,2 tỷ",6.2,"Phường Hạ Đình, Quận Thanh Xuân, Hà Nội",34.0,4,3,4,Giấy tờ không xác định,2025-11-17
"Lô góc Khương Đình, 6 tầng, thang máy, ngõ rộng, 60m ra phố. Chỉ 8,9ty",8.9,"Phường Hạ Đình, Quận Thanh Xuân, Hà Nội",36.0,3,4,6,Giấy tờ không xác định,2025-11-17
"Hot! Khương Trung, ô tô đỗ cửa, kinh doanh, nhà dân xây. 36mx4T. 8,2ty",8.2,"Phường Khương Trung, Quận Thanh Xuân, Hà Nội",36.0,4,3,4,Giấy tờ không xác định,2025-11-17
⚡️Hiếm Có: CẠNH HỒ SINH THÁI - NGÕ BÀN CỜ - TỰ XÂY CHẮC CHẮN. Bán nhà,7.95,"Phường Khương Đình, Quận Thanh Xuân, Hà Nội",33.0,4,4,5,Giấy tờ không xác định,2025-11-17
"( NHÀ MỚI ĂN TẾT )   Y HÌNH  NHÀ BÁN PHỐ NGUYỄN XIỂN 38/42M, 6T 13,9 T",13.9,"168, 168, Phường Hạ Đình, Quận Thanh Xuân, Hà Nội",42.0,4,5,6,Sổ đỏ,2025-11-16
⚡️BẤT NGỜ: LÔ GÓC - Ô TÔ🚘 CÁCH 15M - MT RỘNG - Bán nhà THANH XUÂN,5.7,"Phường Kim Giang, Quận Thanh Xuân, Hà Nội",32.0,3,2,4,Giấy tờ không xác định,2025-11-17
"Bán Nhà Dòng Tiền Khương Đình, 69m, 7 tầng, mt 4.3m, giá 24 tỷ",24.5,"Đường Khương Đình, Phường Khương Đình, Quận Thanh Xuân, Hà Nội",69.0,21,22,7,Sổ đỏ,2025-11-16
"Tôi cần bán nhà NguyễnNgọc Nại ngõ ô tô, 6tầng thang máy full nộithất",16.79,"Phường Khương Trung, Quận Thanh Xuân, Hà Nội",46.0,4,6,6,Giấy tờ không xác định,2025-11-16
Tôi cần bán nhà mặt phố Khuất Duy Tiến 7tầng thang máy full nội thất,31.45,"Phường Nhân Chính, Quận Thanh Xuân, Hà Nội",51.0,6,7,7,Giấy tờ không xác định,2025-11-16
"AN CƯ LẬP NGHIỆP -Ô TÔ ĐỖ CỬA -CĂN HỘ 3N, 60M2 -2.58 TỶ - THANH XUÂN",2.58,"Phường Hạ Đình, Quận Thanh Xuân, Hà Nội",60.0,3,1,1,Giấy tờ không xác định,2025-11-15
⚡️Hiếm Có: GẦN PHỐ - KHÔNG QUY HOẠCH - NỞ HẬU. Bán nhà THANH XUÂN,5.6,"Phường Thanh Xuân Nam, Quận Thanh Xuân, Hà Nội",30.0,3,4,5,Giấy tờ không xác định,2025-11-15
BÁN NHÀ 6 TẦNG BÙI XƯƠNG TRẠCH - FULL NỘI THẤT XỊN SÒ - NGÕ NÔNG,8.2,"Phường Khương Đình, Quận Thanh Xuân, Hà Nội",32.0,4,5,6,Giấy tờ không xác định,2025-11-15
"⚡️Hiếm có: LÔ GÓC - Ô TÔ CÁCH 5M 🚘 - MT RỘNG, KD - bán nhà THANH XUÂN",5.75,"Phường Kim Giang, Quận Thanh Xuân, Hà Nội",32.0,3,2,4,Giấy tờ không xác định,2025-11-15
Nhà Riêng Phố Vũ Tông Phan 35m 5T Mt3.6m Giá 6.6Tỷ Cạnh Ngã Tư Sở Sổ V,6.6,"Phường Khương Đình, Quận Thanh Xuân, Hà Nội",35.0,4,3,5,Giấy tờ không xác định,2025-11-15
Bùi Xương Trạch vừa ở vừa kinh doanh siêu đỉnh. DT 36m2 ô tô tránh,9.8,"Phường Khương Đình, Quận Thanh Xuân, Hà Nội",36.0,3,4,6,Giấy tờ không xác định,2025-11-15
Tôi cần bán nhà mặt phố Hoàng Văn Thái 5tầng thang máy full nội thất.,38.46,"Phường Khương Trung, Quận Thanh Xuân, Hà Nội",69.2,6,5,5,Giấy tờ không xác định,2025-11-15
MẶT PHỐ HIẾM - KINH DOANH - VỈA HÈ - TRUNG TÂM THỦ ĐÔ,29.0,"Đường Lê Văn Lương, Phường Nhân Chính, Quận Thanh Xuân, Hà Nội",120.0,10,8,8,Sổ đỏ,2025-11-14
TRUNG TÂM THANH XUÂN - 6 TẦNG - 8 NGỦ - 40M2 - FULL NỘI THẤT XỊN SÒ,8.2,"Phường Khương Trung, Quận Thanh Xuân, Hà Nội",35.0,8,7,6,Giấy tờ không xác định,2025-11-14
"Bán nhà phân lô Bùi Xương Trạch, ô tô, kinh doanh. 40m2 5 tầng ở sướng",12.6,"Phường Khương Đình, Quận Thanh Xuân, Hà Nội",40.0,5,5,5,Giấy tờ không xác định,2025-11-14
CHỈ 7.5 TỶ - CÓ NGAY NHÀ 4 TẦNG - KHƯƠNG ĐÌNH - THANH XUÂN - 4 NGỦ.,7.5,"Phường Khương Trung, Quận Thanh Xuân, Hà Nội",48.0,4,4,4,Giấy tờ không xác định,2025-11-14
Tôi cần bán nhà mặt phố Cự Lộc 7tầng tầng thang máy full nội thất.,19.95,"Phường Nhân Chính, Quận Thanh Xuân, Hà Nội",45.0,5,7,7,Giấy tờ không xác định,2025-11-14
Mặt Phố Vương Thừa Vũ vỉa hè kinh doanh 52m/4 tầng 23.5 tỷ,23.5,"Đường Vương Thừa Vũ, Phường Khương Mai, Quận Thanh Xuân, Hà Nội",52.0,4,4,4,Sổ đỏ,2025-11-13
"Hàng hiếm,Chia lô Nguyễn xiển TX-51 m2x4,5 tầng ô tô tránh kinh doanh",19.9,"Đường Nguyễn Xiển, Phường Hạ Đình, Quận Thanh Xuân, Hà Nội",51.0,7,4,4,Sổ đỏ,2025-11-13
Hoàng Văn Thái Gara Ô TÔ Tránh 50m/5 tầng chỉ 18.5 tỷ,18.5,"Đường Hoàng Văn Thái, Phường Khương Mai, Quận Thanh Xuân, Hà Nội",50.0,6,4,5,Sổ đỏ,2025-11-13
Hàng hiếm mặt phố Nguyễn Tuân,14.8,"Đường Nguyễn Tuân, Phường Hạ Đình, Quận Thanh Xuân, Hà Nội",28.8,2,1,25,Sổ đỏ,2025-11-13
"BÁN CĂN TẬP THỂ GIẢI PHÓNG – THANH XUÂN, 80m² – 2 NGỦ, 2WC – Ở NGAY 🔥",5.8,"Phường Phương Liệt, Quận Thanh Xuân, Hà Nội",80.0,2,2,2,Giấy tờ không xác định,2025-11-13
"Hot! Khương Trung, ngõ ba gác, nhà dân xây, 5 ngủ. 40mx4T. Chỉ 7,2 tỷ",7.2,"Phường Khương Trung, Quận Thanh Xuân, Hà Nội",40.0,5,4,4,Giấy tờ không xác định,2025-11-13
"Bán Nhà 35m, 4 Tầng, Giá 5 Tỷ Phố Bùi Xương Trạch - Thanh Xuâb",5.0,"Phường Khương Đình, Quận Thanh Xuân, Hà Nội",35.0,4,3,4,Sổ hồng,2025-11-13
⚡️Đỉnh Của Chóp: ĐẤT ĐẸP - 3 GÁC ĐỖ CỬA - TĂNG GIÁ CAO bán nhà THANH,4.6,"Phường Khương Đình, Quận Thanh Xuân, Hà Nội",22.0,2,2,2,Giấy tờ không xác định,2025-11-13
"⚡️Giá Tuyệt Chủng: GẦN PHỐ - KHÔNG QUY HOẠCH - NỞ HẬU, bán nhà THANH",5.6,"Phường Thanh Xuân Trung, Quận Thanh Xuân, Hà Nội",30.0,3,4,5,Giấy tờ không xác định,2025-11-13
TÔI CẦN BÁN NHÀ VŨ TÔNG PHAN - 4 TẦNG  FULL NỘI THẤT - Ô TÔ CÁCH 10MI.,7.3,"Phường Khương Đình, Quận Thanh Xuân, Hà Nội",33.0,3,3,4,Giấy tờ không xác định,2025-11-13
"Bán nhà chính chủ Quan Nhân, 28m2 ngõ thông chỉ 7.3 tỷ!",7.3,"Phường Nhân Chính, Quận Thanh Xuân, Hà Nội",28.0,3,4,5,Giấy tờ không xác định,2025-11-13
QUAN NHÂN – MẶT PHỐ 73.5M² – ĐƯỜNG 8M – Ô CHỜ THANG MÁY – KHAI THÁC DÒ,16.5,"Đường Phố Quan Nhân, Phường Thanh Xuân Trung, Quận Thanh Xuân, Hà Nội",69.0,6,5,5,Sổ đỏ,2025-11-16
⚡️Không Còn Căn Thứ 2: LÔ GÓC - 5M RA Ô TÔ🚘 - GIÁ ĐẦU 5 🎯. Bán nhà,5.7,"Phường Kim Giang, Quận Thanh Xuân, Hà Nội",33.0,3,2,4,Giấy tờ không xác định,2025-11-12
Tôi cần bán nhà Khuất Duy Tiến 6tầng thang máy full nội thất .,27.79,"Phường Nhân Chính, Quận Thanh Xuân, Hà Nội",53.0,4,7,6,Giấy tờ không xác định,2025-11-11
"Bán nhà nguyên căn Nguyễn Tuân 54m*5T, mt 4m, oto ,10m ra phố,19.6tỷ.",19.6,"Đường Nguyễn Tuân, Phường Thanh Xuân Trung, Quận Thanh Xuân, Hà Nội",54.0,4,3,5,Sổ hồng,2025-11-10
"Lô Góc 3 Thoáng, Thang Máy, Gần Sân Chơi, Ô Tô 20m,Ở Ngay Khu Quân Đội",14.6,"Phường Khương Mai, Quận Thanh Xuân, Hà Nội",41.0,3,5,6,Giấy tờ không xác định,2025-11-11
"Bán nhà 178 Quan Nhân 35m² x 5T – gần trường học,  chỉ 7.9 tỷ!",7.9,"Phường Nhân Chính, Quận Thanh Xuân, Hà Nội",35.0,4,4,5,Giấy tờ không xác định,2025-11-11
"BÁN NHÀ VŨ TÔNG PHAN, NGÕ NÔNG, BA GÁC TRÁNH 35m2, 5 tầng, giá 7.9 tỷ",7.9,"Đường Vũ Tông Phan, Phường Khương Đình, Quận Thanh Xuân, Hà Nội",35.0,3,4,5,Sổ hồng,2025-11-10
"Nhà Mới 6 Tầng Thang Máy, 15 Bước Ra Phố Trường Chinh, Ngõ Nông Ba Gác",12.8,"Phường Khương Mai, Quận Thanh Xuân, Hà Nội",40.0,3,5,6,Giấy tờ không xác định,2025-11-10
CHÍNH CHỦ BÁN NHÀ HOÀNG VĂN THÁI Ô TÔ THANG MÁY,23.8,"Phường Khương Trung, Quận Thanh Xuân, Hà Nội",55.0,8,6,6,Giấy tờ không xác định,2025-11-10
Tôi cần bán nhà 4tầng Vũ Hữu mặt ngõ ô tô chánh đỗ kinh doanh,24.86,"Phường Nhân Chính, Quận Thanh Xuân, Hà Nội",108.0,4,4,4,Giấy tờ không xác định,2025-11-10
💥Hiếm Có: HỒ SINH THÁI - 🚘 Ô TÔ ĐỖ CỬA - KINH DOANH - bán nhà THANH,7.95,"Phường Khương Đình, Quận Thanh Xuân, Hà Nội",38.0,6,3,4,Giấy tờ không xác định,2025-11-10
CẦN BÁN NHÀ VŨ TÔNG PHAN - 2 THOÁNG - ÔTÔ - CÁCH PHỐ 10M -40M - 5 TẦNG,12.3,"Đường Vũ Tông Phan, Phường Khương Trung, Quận Thanh Xuân, Hà Nội",40.0,6,4,5,Sổ đỏ,2025-11-13
Bán nhà lô góc dân xây gần phố Khương Đình Thanh Xuân,10.25,"Phường Hạ Đình, Quận Thanh Xuân, Hà Nội",66.0,4,3,4,Giấy tờ không xác định,2025-11-10
Bán tòa chung cư 123m2 mt 8mx7t trung tâm quận thanh xuân,31.0,"Đường Phố Quan Nhân, Phường Nhân Chính, Quận Thanh Xuân, Hà Nội",123.0,24,10,7,Sổ đỏ,2025-11-13
"Bán nhà phố Khương Đình - 30m2, Mt 3.2m, hàng xóm Vinhome Galaxy",8.5,"Phường Khương Đình, Quận Thanh Xuân, Hà Nội",30.0,3,4,5,Giấy tờ không xác định,2025-11-09
🔥Chỉ 1 Căn: THỂ ĐẤT ĐẸP - NGÕ 3 GÁC - GPXD 5 TẦNG. bán nhà THANH XUÂN,4.55,"Phường Khương Đình, Quận Thanh Xuân, Hà Nội",25.0,2,2,2,Giấy tờ không xác định,2025-11-08
Tôi cần bán nhà Nguyễn Tuân căn góc mặt ngõ ô tô chánh đỗ kinh doanh,19.79,"Phường Nhân Chính, Quận Thanh Xuân, Hà Nội",41.0,6,5,5,Giấy tờ không xác định,2025-11-08
"Khương Trung - Thanh Xuân 32m x 4 tầng mới đẹp, trước nhà thoáng 6 tỷ",6.0,"Phường Khương Trung, Quận Thanh Xuân, Hà Nội",30.0,3,4,4,Giấy tờ không xác định,2025-11-08
KHƯƠNG ĐÌNH TOÀ CĂN HỘ CAO CẤP 120 Củ/THÁNG – 7 TẦNG – THANG MÁY,24.5,"Phường Hạ Đình, Quận Thanh Xuân, Hà Nội",70.0,11,7,7,Giấy tờ không xác định,2025-11-08
"Gấp! Bán Nhà Hoàng Đạo Thành, 12.5 tỉ, DT 71 m2, 4 tầng, Phân lô QĐ.",12.5,"Phường Khương Đình, Quận Thanh Xuân, Hà Nội",71.0,3,4,4,Giấy tờ không xác định,2025-11-08
Binhbds bán chung cư mini vũ tông phan 80m2 x 7 tầng dòng tiền 90tr,25.5,"Đường Vũ Tông Phan, Phường Khương Trung, Quận Thanh Xuân, Hà Nội",80.0,13,13,7,Sổ đỏ,2025-11-07
"Bán nhà riêng 63m mặt phố Giải Phóng, phường Phương Liệt quận Thanh Xu",9.2,"Đường Giải Phóng, Phường Phương Liệt, Quận Thanh Xuân, Hà Nội",63.0,4,4,3,Sổ đỏ,2025-11-07
"Cần bán nhà ngõ phố Lê Trọng Tấn, ngõ oto tránh, 60m2, 5 tầng, MT 5m.",11.9,"Đường Lê Trọng Tấn, Phường Khương Mai, Quận Thanh Xuân, Hà Nội",60.0,6,4,5,Sổ đỏ,2025-11-11
🎈THANH XUÂN - 52M - Ô TÔ - THOÁNG TRƯỚC SAU - SÁT PHỐ - KINH DOANH 💥,10.2,"Phường Khương Đình, Quận Thanh Xuân, Hà Nội",52.5,5,5,5,Giấy tờ không xác định,2025-11-07
HOÀNG VĂN THÁI  LÔ GÓC NGÕ BA GÁC GẦN PHỐ THÔNG VƯƠNG THỪA VŨ 6.7T,6.75,"Phường Khương Trung, Quận Thanh Xuân, Hà Nội",35.0,3,4,4,Giấy tờ không xác định,2025-11-07
💥 MẶT NGÁCH Ô TÔ – 46M – KINH DOANH ĐỈNH – BAY NHANH 💥💥💥,10.6,"Phường Khương Đình, Quận Thanh Xuân, Hà Nội",46.0,5,4,5,Giấy tờ không xác định,2025-11-07
"VŨ TÔNG PHAN,THANH XUÂN, NGÕ NÔNG, KCBT  48M2, MT4m, giá 8,29 tỷ",8.29,"Đường Vũ Tông Phan, Phường Khương Đình, Quận Thanh Xuân, Hà Nội",48.0,4,4,4,Sổ hồng,2025-11-06
BÁN NHÀ KHƯƠNG TRUNG – 5 TẦNG – NGÕ RỘNG THOÁNG – 35M² – 8.3 tỷ,8.3,"Đường Khương Trung, Phường Khương Trung, Quận Thanh Xuân, Hà Nội",35.0,3,3,5,Sổ hồng,2025-11-06
BÁN NHÀ – HOÀNG VĂN THÁI – THANH XUÂN-6 TẦNG – THANG MÁY– Ô TÔ,15.8,"Đường Hoàng Văn Thái, Phường Khương Trung, Quận Thanh Xuân, Hà Nội",50.0,3,5,6,Sổ đỏ,2025-11-06
Chính chủ bán nhà trục chính đường Lạc Hồng trước cổng trường học,1.65,"16, Đường Lạc Hồng, Phường Khương Đình, Quận Thanh Xuân, Hà Nội",42.0,1,1,1,Giấy tờ không xác định,2025-11-13
"BÁN NHÀ 6 TẦNG MẶT PHỐ PHƯƠNG LIỆT – TRƯỜNG CHINH, NHỈNH 20 T",20.8,"Đường Phương Liệt, Phường Phương Liệt, Quận Thanh Xuân, Hà Nội",66.0,6,6,6,Sổ đỏ,2025-11-10
"NHÀ 5 TẦNG NGUYỄN TRÃI, THANH XUÂN. 5 PHÚT RA PHỐ ĐI BỘ CHỢ ĐÊM",15.5,"Đường Nguyễn Trãi, Phường Thượng Đình, Quận Thanh Xuân, Hà Nội",65.0,5,4,5,Sổ đỏ,2025-11-10
"GIÁ 7.9 TỶ! NHÀ NGUYỄN TRÃI - THANH XUÂN: 42M², 50M RA OTO KINH DOANH!",7.9,"Phường Khương Đình, Quận Thanh Xuân, Hà Nội",42.0,4,3,3,Giấy tờ không xác định,2025-11-06
Thanh Xuân _  HOA HẬU THANH XUÂN - GẦN Ô TÔ _ 5 Tầng,8.6,"Phường Phương Liệt, Quận Thanh Xuân, Hà Nội",35.0,3,4,5,Giấy tờ không xác định,2025-11-06
🔥NHANH TAY: GẦN PHỐ ‍♀️- NHÀ CHẮC - GIÁ HIẾM🏡 bán nhà THANH XUÂN.,5.62,"Phường Thanh Xuân Nam, Quận Thanh Xuân, Hà Nội",30.0,3,4,5,Giấy tờ không xác định,2025-11-06
"Bán Nhà Lê Trọng Tấn, Giá rẻ 12.9 tỉ, DT 59 m2, 5 tầng, Ngõ ô tô",12.9,"Phường Khương Đình, Quận Thanh Xuân, Hà Nội",59.0,3,4,5,Giấy tờ không xác định,2025-11-06
NGÕ 236 KHƯƠNG ĐÌNH - NHÀ GẦN MẶT PHỐ - NHIỀU TIỆN ÍCH - XE BA GÁC ĐỖ,8.5,"Phường Khương Đình, Quận Thanh Xuân, Hà Nội",30.0,3,4,5,Giấy tờ không xác định,2025-11-06
Cần thanh khoản nhanh căn nhà phố Bùi Xương Trạch,9.0,"Đường Bùi Xương Trạch, Phường Khương Đình, Quận Thanh Xuân, Hà Nội",42.0,4,3,6,Sổ hồng,2025-11-09
CẦN BÁN NHÀ 4 TÀNG ĐẸP NGÕ 509 Vũ Tông Phan,4.2,"Phường Khương Đình, Quận Thanh Xuân, Hà Nội",31.0,4,3,4,Giấy tờ không xác định,2025-11-05
BÁN NHÀ 62M2 – 4 TẦNG -THANG MÁY – Ô TÔ – QUAN NHÂN – THANH XUÂN .,16.3,"Đường Phố Quan Nhân, Phường Nhân Chính, Quận Thanh Xuân, Hà Nội",62.0,5,6,4,Sổ đỏ,2025-11-04
"Cần bán nhà ngõ 210 Lê Trọng Tấn, ngõ oto tránh, 60m2, 5 tầng, MT 5m.",11.9,"Đường Lê Trọng Tấn, Phường Khương Mai, Quận Thanh Xuân, Hà Nội",60.0,6,4,4,Sổ đỏ,2025-11-08
🔥HÀNG HIẾM! bán nhà THANH XUÂN - 50M RA PHỐ ‍♀️- KHÔNG QUY HOẠCH⛔ -,5.6,"Phường Thanh Xuân Nam, Quận Thanh Xuân, Hà Nội",28.0,3,4,5,Giấy tờ không xác định,2025-11-04
Nhà đẹp Mặt phố-Nguyễn Ngọc Nại 63mx4T-KD đa dạng-dòng tiền tốt23.5 tỷ,23.5,"Phường Khương Mai, Quận Thanh Xuân, Hà Nội",63.0,4,4,4,Giấy tờ không xác định,2025-11-04
🏡 NHÀ ĐẸP PHÂN LÔ – MẶT NGÕ LÊ TRỌNG TẤN – Ô TÔ TRÁNH – Ô CHỜ TM,16.3,"Phường Khương Mai, Quận Thanh Xuân, Hà Nội",46.0,4,4,4,Giấy tờ không xác định,2025-11-04
"Mặt ngõ lô góc ngõ thông-Vũ Tông Phan 45mx4T ở cho thuê,KD tốt 11.5tỷ",11.5,"Phường Khương Đình, Quận Thanh Xuân, Hà Nội",45.0,4,4,4,Giấy tờ không xác định,2025-11-04
"LÔ GÓC,PHÂN LÔ - GẦN Ô TÔ - HOÀNG ĐẠO THÀNH, 30M²,4T, MT 3.6M - SỔ ĐẸP",7.2,"Phường Kim Giang, Quận Thanh Xuân, Hà Nội",30.0,3,4,4,Giấy tờ không xác định,2025-11-04
Chìa khóa trao tay  33mx6T Khương Hạ oto đỗ cổng  ở thuê- 9.9  tỷ,9.9,"Phường Khương Đình, Quận Thanh Xuân, Hà Nội",33.0,5,5,6,Giấy tờ không xác định,2025-11-04
"Nhà  chắc chắn- gần oto -ngõ Ba gác KIm Giang 42mx 2T  ở ,thuê -8.9 tỷ",8.9,"Phường Khương Đình, Quận Thanh Xuân, Hà Nội",42.0,2,2,2,Giấy tờ không xác định,2025-11-04
"Bán nhà phố Lê Trọng Tấn, Thanh Xuân 63m, 5 tầng, mt 5m. Giá: 20 tỷ",20.0,"Đường Lê Trọng Tấn, Phường Khương Mai, Quận Thanh Xuân, Hà Nội",63.0,4,4,6,Sổ đỏ,2025-11-03
"TRUNG TÂM THANH XUÂN, 6 TẦNG THANG MÁY, Ô TÔ ĐỖ CỬA, FULL NỘI THẤT.",15.8,"Phường Khương Mai, Quận Thanh Xuân, Hà Nội",50.0,3,5,6,Giấy tờ không xác định,2025-11-03
🔥ĐỪNG LỠ! bán nhà THANH XUÂN 🚗Ô TÔ GẦN - 🏞️HỒ SINH THÁI- 🛣️CỰC,6.35,"Phường Khương Trung, Quận Thanh Xuân, Hà Nội",34.0,2,2,2,Giấy tờ không xác định,2025-11-03
"🏡 Nhà Đẹp Khương Đình – 5 Tầng Hiện Đại, Nội Thất Sang Trọng",8.5,"Phường Khương Đình, Quận Thanh Xuân, Hà Nội",32.0,3,4,5,Giấy tờ không xác định,2025-11-03
"BÁN NHÀ NGÕ 211 KHƯƠNG TRUNG –THANH XUÂN, 50M ,4 TẦNG ,LÔ GÓC 3 THOÁNG",9.95,"Phường Khương Trung, Quận Thanh Xuân, Hà Nội",50.0,6,4,4,Giấy tờ không xác định,2025-11-02
"NHÀ ĐẤT HỘ KHẨU THANH XUÂN 5 TẦNG 3PN GIÁ RẺ,MUA LÀ CÓ LÃI",5.66,"Phường Thanh Xuân Nam, Quận Thanh Xuân, Hà Nội",30.0,3,3,5,Giấy tờ không xác định,2025-11-02
"Nhà Đẹp Thang Máy Trường Chinh 39/43m, 6 tầng, mt 7.3m, giá 12.8 tỷ.",12.8,"Đường Trường Chinh, Phường Khương Mai, Quận Thanh Xuân, Hà Nội",39.0,3,4,6,Sổ đỏ,2025-11-01
"Bán nhà ở Nguyễn Thị Định- Lê Văn Lương, mặt tiền rộng thoáng.",14.3,"Đường Nguyễn Thị Định, Phường Nhân Chính, Quận Thanh Xuân, Hà Nội",36.8,4,4,5,Sổ đỏ,2025-11-06
🔥CÒN 1 CĂN! bán nhà THANH XUÂN - 50M RA PHỐ ‍♀️ - KHÔNG QUY HOẠCH⛔ -,5.73,"Phường Thanh Xuân Nam, Quận Thanh Xuân, Hà Nội",31.0,3,4,5,Giấy tờ không xác định,2025-11-01
CĂN HỘ TẬP THỂ THANH XUÂN BẮC – TẦNG 2,4.8,"Phường Thanh Xuân Trung, Quận Thanh Xuân, Hà Nội",28.0,2,2,1,Giấy tờ không xác định,2025-11-01
HIẾM 7.4T DÂN XÂY THIẾT KẾ HIỆN ĐẠI VÀI MÉT RA OTO NGÕ THÔNG,7.4,"Phường Khương Đình, Quận Thanh Xuân, Hà Nội",45.0,4,4,5,Giấy tờ không xác định,2025-11-01
Nhà đẹp ở ngay lô góc sổ vuông 38mx5T Kim giang ở cho thuê đỉnh 9.5 tỷ,9.5,"Phường Thượng Đình, Quận Thanh Xuân, Hà Nội",38.0,3,4,5,Giấy tờ không xác định,2025-11-01
BÁN gẤP CCMN Ngã Tư Sở 10 phòng dòng tiền gần 700 triệu/năm,14.5,"Phường Khương Trung, Quận Thanh Xuân, Hà Nội",46.2,10,7,6,Giấy tờ không xác định,2025-11-01
BÁN NHÀ VƯƠNG THỪA VŨ 4 TẦNG LÔ GÓC NGÕ Ô TÔ,14.5,"Đường Vương Thừa Vũ, Phường Khương Mai, Quận Thanh Xuân, Hà Nội",37.0,2,1,4,Sổ đỏ,2025-10-31
"Bán nhà phân lô 6 tầng thang máy Bùi Xương Trạch 35m2 9,8 tỷ",9.8,"Đường Bùi Xương Trạch, Phường Khương Đình, Quận Thanh Xuân, Hà Nội",35.5,3,5,6,Sổ đỏ,2025-10-31
BÁN NHÀ -49M2-4 TẦNG –6 NGỦ -LÔ GÓC – NGUYỄN TRÃI – THANH XUÂN –CHÀO,9.0,"Đường Nguyễn Trãi, Phường Khương Trung, Quận Thanh Xuân, Hà Nội",49.0,6,6,4,Sổ đỏ,2025-11-04
BÁN NHÀ NGUYỄN TRÃI – 5 TẦNG – GIÁ CHỈ 2.75 TỶ,2.75,"Phường Nhân Chính, Quận Thanh Xuân, Hà Nội",20.0,4,3,5,Giấy tờ không xác định,2025-10-31
"GIÁ 4.7 TỶ! TẬP THỂ THANH XUÂN - TX: 110M², TẦNG 2 - FULL NỘI THẤT!",4.7,"Phường Thanh Xuân Bắc, Quận Thanh Xuân, Hà Nội",110.0,2,2,1,Giấy tờ không xác định,2025-10-30
CƠ HỘI HIẾM CÓ! NHÀ 71M² Ô TÔ ĐỖ CỬA - NHẬN FULL NỘI THẤT- Nhỉnh 12tỷ,12.9,"Phường Khương Đình, Quận Thanh Xuân, Hà Nội",71.0,3,1,3,Giấy tờ không xác định,2025-10-30
"Nhanh! Khương Trung, 30m ra ô tô, ngõ ba gác, nhà dân. 31m. Chỉ 6,3 ty",6.3,"Phường Khương Trung, Quận Thanh Xuân, Hà Nội",31.0,3,2,3,Giấy tờ không xác định,2025-10-30
"📌 Nhà Lô Góc 3 Thoáng Ở Khương Trung 50m2, 60m ra Oto, Giá 10.5 Tỷ",10.5,"Phường Thanh Xuân Trung, Quận Thanh Xuân, Hà Nội",50.0,4,3,4,Giấy tờ không xác định,2025-10-30
BÁN ĐẤT - PHỐ CHÍNH KINH - CẠNH TIỆM VÀNG - AN NINH TỐT - KINH DOANH,37.9,"Phường Thanh Xuân Trung, Quận Thanh Xuân, Hà Nội",85.0,1,1,1,Giấy tờ không xác định,2025-10-30
NHÀ GẦN MẶT PHỐ NGUYỄN TRÃI - HÀNG HIẾM NHÀ RIÊNG MẶT NGÕ KINH DOANH,2.75,"Phường Thượng Đình, Quận Thanh Xuân, Hà Nội",20.0,2,2,5,Giấy tờ không xác định,2025-10-30
HÀNG HIẾM! bán nhà THANH XUÂN - 50M RA PHỐ‍♀️- KHÔNG QUY HOẠCH⛔ - GIÁ,5.75,"Phường Thanh Xuân Nam, Quận Thanh Xuân, Hà Nội",32.0,3,4,5,Giấy tờ không xác định,2025-10-30
"Phân lô mặt ngõ vip Nguyễn Tuân-TX- oto tránh 52mx4T ở thuê,KD 22.9 tỷ",22.9,"Phường Thanh Xuân Nam, Quận Thanh Xuân, Hà Nội",52.0,5,4,4,Giấy tờ không xác định,2025-10-30
"NHÀ MỚI KHƯƠNG ĐÌNH – LÔ GÓC – 35Mx6T THANG MÁY – CÁCH PHỐ 70M, SỔ ĐẸP",9.3,"Phường Khương Đình, Quận Thanh Xuân, Hà Nội",35.0,3,5,6,Giấy tờ không xác định,2025-10-29
TRUNG TÂM THANH XUÂN - NÓI KHÔNG VỚI NGẬP LỤT - Cần Bán nhà Mới đẹp,11.9,"Đường Khương Đình, Phường Khương Đình, Quận Thanh Xuân, Hà Nội",42.0,5,4,5,Sổ đỏ,2025-11-03
"Hot! Khương Trung, 2 thoáng, ngõ ba gác, nhà dân đẹp. 30mx4T. Chỉ 6,2t",6.2,"Phường Khương Trung, Quận Thanh Xuân, Hà Nội",30.0,3,3,4,Giấy tờ không xác định,2025-10-29
CHDV DÒNG TIỀN   -23 KHÉP KÍN FULL ĐỒ - LÔ GÓC 2 MẶT TIỀN - Ô TÔ 7 CHỖ,28.0,"Phường Khương Đình, Quận Thanh Xuân, Hà Nội",80.0,11,7,7,Giấy tờ không xác định,2025-10-29
"Phân Lô Quân Đội - Dòng Tiền 1,2 Tỏi/Năm - Ô Tô Tránh Cách Nhà 5m",20.5,"Phường Khương Mai, Quận Thanh Xuân, Hà Nội",61.0,11,7,7,Giấy tờ không xác định,2025-10-29
Gà Đẻ Trứng Vàng 11P Khép Kín Phố Nguyễn Trãi - Thanh Xuân,11.9,"Phường Thanh Xuân Trung, Quận Thanh Xuân, Hà Nội",50.0,11,7,5,Giấy tờ không xác định,2025-10-29
Tôi cần bán nhà 6tầng mặt ngõ ô tô chánh đỗ kinh doanh vỉa hè rộngrãi.,24.45,"Phường Thanh Xuân Trung, Quận Thanh Xuân, Hà Nội",50.0,6,6,6,Giấy tờ không xác định,2025-10-29
CCMN VƯƠNG THỪA VŨ - 7 TẦNG THANG MÁY - 10 PHÒNG XỊN - DT 70m/THÁNG,14.5,"Phường Khương Mai, Quận Thanh Xuân, Hà Nội",47.0,11,7,7,Giấy tờ không xác định,2025-10-28
Siêu phẩm Chân Dài siêu mới Bùi Xương Trạch 46mx5 chỉ nhỉnh nhẹ 8đồng,7.9,"Phường Khương Đình, Quận Thanh Xuân, Hà Nội",45.8,4,4,5,Giấy tờ không xác định,2025-10-28
NHÀ PHÂN LÔ - Ô TÔ TRÁNH - CÓ SÂN ĐỖ Ô TÔ,27.5,"Phường Khương Mai, Quận Thanh Xuân, Hà Nội",81.6,8,4,4,Giấy tờ không xác định,2025-10-28
Bán nhà lô góc gần phố Vũ Tông Phan Thanh Bình,6.9,"Phường Khương Đình, Quận Thanh Xuân, Hà Nội",34.0,6,4,5,Giấy tờ không xác định,2025-10-28
LÊ TRỌNG TẤN MẶT NGÕ THÔNG OTO LÔ GÓC DÂN XÂY VỪA Ở VỪA KINH DOANH 10T,10.3,"Phường Khương Đình, Quận Thanh Xuân, Hà Nội",45.0,3,3,3,Giấy tờ không xác định,2025-10-28
"Nhà đẹp Phố Khương Hạ, Quận Thanh Xuân. DT:34m, 5 tầng. Giá:7,8 tỷ",7.8,"8, Đường Khương Hạ, Phường Hạ Đình, Quận Thanh Xuân, Hà Nội",34.0,3,3,5,Sổ đỏ,2025-11-01
45m2*4 tầng- 2 thoáng cửa sổ-có ban công 11.6 tỷ ngõ 142 Khương Đình,11.6,"142, Đường Khương Đình, Phường Khương Đình, Quận Thanh Xuân, Hà Nội",45.0,5,4,4,Sổ đỏ,2025-11-07
Thanh Xuân 31m/5 tầng ô tô đỗ cổng chỉ 7.3 tỷ,7.3,"Đường Vũ Tông Phan, Phường Khương Đình, Quận Thanh Xuân, Hà Nội",31.0,3,3,5,Sổ đỏ,2025-10-31
"Hàng hiếm, ngõ ô tô thông, nhà đẹp Hoàng Văn Thái, Thanh Xuân, Hà Nội",4.25,"Phường Khương Trung, Quận Thanh Xuân, Hà Nội",86.0,2,2,2,Giấy tờ không xác định,2025-10-27
"Nhà phân lô 6 tầng thang máy - Bùi Xương Trạch 35m2 ,Mt 3m giá 9,8 tỷ",9.8,"Phường Khương Đình, Quận Thanh Xuân, Hà Nội",35.5,3,5,6,Giấy tờ không xác định,2025-10-27
"Nhà Đẹp Gần Phố, Phan Đình Giót, Thanh Xuân  80m, mt 4m, giá 4.85 tỷ.",4.85,"Đường Phan Đình Giót, Phường Phương Liệt, Quận Thanh Xuân, Hà Nội",80.0,2,2,1,Sổ đỏ,2025-10-26
"HÀNG HIẾM HOÀNG VĂN THÁI,PHÂN LÔ QUÂN ĐỘI, Ô TÔ TRÁNH,NGÕ THÔNG,Ở SƯỚN",20.8,"Đường Lê Trọng Tấn, Phường Khương Trung, Quận Thanh Xuân, Hà Nội",55.0,4,4,5,Sổ đỏ,2025-10-30
"Nhà Mới Thang Máy Full Nội Thất, Giá Tốt, Chủ Thiện Chí",9.47,"Đường Khương Đình, Phường Hạ Đình, Quận Thanh Xuân, Hà Nội",35.0,4,5,6,Sổ đỏ,2025-11-06
"Bán Nhà Dòng Tiền Vương Thừa Vũ 65m, 8 tầng, mt 3.9m, giá 30 tỷ.",30.0,"Đường Vương Thừa Vũ, Phường Khương Mai, Quận Thanh Xuân, Hà Nội",65.0,14,14,8,Sổ đỏ,2025-10-26
"Nhà Đẹp Phố Phan Đình Giót - Thanh Xuân 32m, 5 tầng, mt 3.7m, nhỉnh 8",8.6,"Phường Khương Mai, Quận Thanh Xuân, Hà Nội",34.0,4,4,5,Giấy tờ không xác định,2025-10-26
Bán nhà TT Quận Thanh Xuân :DT 50m: 5 tầng .ngõ 3 gác,8.6,"Phường Khương Đình, Quận Thanh Xuân, Hà Nội",50.0,3,3,5,Giấy tờ không xác định,2025-10-26
"CC Cần bán Nhà: Phân lô, Ôtô , Dân trí cao, Kinh doanh, Gần phố",14.0,"Phường Thanh Xuân Bắc, Quận Thanh Xuân, Hà Nội",50.0,4,4,4,Sổ đỏ,2025-10-25
"Bán Nhà Hoàng Văn Thái 6 Tầng Xây Mới Mặt Tiền 8,4M ( Cách Ô Tô 5M )",15.6,"Đường Hoàng Văn Thái, Phường Khương Trung, Quận Thanh Xuân, Hà Nội",50.0,3,6,6,Sổ đỏ,2025-10-25
Bán nhà đẹp ở ngay cách ô tô 10m Phố Khương Trung Thanh Xuân,8.95,"Phường Khương Đình, Quận Thanh Xuân, Hà Nội",30.0,3,4,4,Giấy tờ không xác định,2025-10-25
SIÊU PHẨM KHUẤT DUY TIẾN  OTO THÔNG SÀN THANG MÁY NHẬP KHẨU SỊN SÒ,20.95,"Phường Thanh Xuân Bắc, Quận Thanh Xuân, Hà Nội",51.0,5,5,7,Giấy tờ không xác định,2025-10-25
"QUAN NHÂN nhà mới 36mx5– LÔ GÓC 2 THOÁNG,chỉ 7 đồng bay nhanh luôn",7.0,"Phường Nhân Chính, Quận Thanh Xuân, Hà Nội",35.0,4,5,5,Giấy tờ không xác định,2025-10-25
BÁN NHÀ MẶT TIỀN KINH DOANH Ở KHƯƠNG TRUNG 7PN MT 3.4M2,12.5,"Phường Khương Trung, Quận Thanh Xuân, Hà Nội",33.0,7,5,5,Giấy tờ không xác định,2025-10-25
Bán nhà gần phố gần ô tô Phố Chính Kinh Thanh Xuân,12.5,"Phường Nhân Chính, Quận Thanh Xuân, Hà Nội",55.0,2,3,4,Giấy tờ không xác định,2025-10-25
Bán nhà phố Nhân Hoà ô tô chạy qua nhà vị trí vip cực hiếm nhà bán,13.25,"Phường Nhân Chính, Quận Thanh Xuân, Hà Nội",40.0,3,4,6,Giấy tờ không xác định,2025-10-24
Siêu hiếm phố Nhân Hoà chưa đến 5 tỷ ô tô đỗ - kinh doanh 10m ra phố,4.85,"Phường Nhân Chính, Quận Thanh Xuân, Hà Nội",80.0,3,2,1,Giấy tờ không xác định,2025-10-24
BÁN NHÀ VŨ TÔNG PHAN – 38M² – 6T THANG MÁY – NHÀ MỚI ĐẸP – 15M RA Ô TÔ,9.5,"Phường Khương Đình, Quận Thanh Xuân, Hà Nội",38.0,4,4,6,Giấy tờ không xác định,2025-10-24
"BÁN NHÀ LÊ TRỌNG TẤN GẦN Ô TÔ, 4 NGỦ, MẶT TIỀN HƠN 4M",11.5,"Phường Khương Mai, Quận Thanh Xuân, Hà Nội",46.0,4,3,4,Giấy tờ không xác định,2025-10-24
"NguyễnViết Xuân 36mx4 Nhà đẹp này,nyc có quaylại cũng không cho ở nhờ.",6.85,"Phường Khương Mai, Quận Thanh Xuân, Hà Nội",36.0,4,3,4,Giấy tờ không xác định,2025-10-24
"SIÊU PHẨM HOÀNG VĂN THÁI - 6 TẦNG 1 TUM XÂY MỚI, NỘI THẤT HIỆN ĐẠI",15.6,"Phường Khương Mai, Quận Thanh Xuân, Hà Nội",50.0,4,4,7,Giấy tờ không xác định,2025-10-24
BÁN NHÀ VŨ TÔNG PHAN GẦN NGÃ TƯ SỞ NGÕ TO GẦN Ô TÔ DT: 31m2*5 Tầng,7.3,"Phường Khương Đình, Quận Thanh Xuân, Hà Nội",31.0,4,4,5,Giấy tờ không xác định,2025-10-24
"QUAN NHÂN nhà mới siêu đẹp 35mx5–LÔ GÓC 2THOÁNG, nhỉnh nhẹ 7 đồng thoi",7.25,"Phường Nhân Chính, Quận Thanh Xuân, Hà Nội",34.0,4,4,5,Giấy tờ không xác định,2025-10-24
KHƯƠNG TRUNG 30M MẶT PHỐ 6 TẦNG–8 NGỦ- CHO THUÊ ĐUỔI MÃI KO HẾT KHÁCH,8.7,"Phường Khương Mai, Quận Thanh Xuân, Hà Nội",34.0,8,4,6,Giấy tờ không xác định,2025-10-24
"BAY QUAN NHÂN 6 ngủ nhỉnh 6 đồng,vừa ở vừa cho thuê đuổi khách ko hết",6.85,"Phường Nhân Chính, Quận Thanh Xuân, Hà Nội",31.0,6,4,6,Giấy tờ không xác định,2025-10-24
Trục chính đường Lạc Hồng 34m ô tô tránh,1.65,"Phường Khương Đình, Quận Thanh Xuân, Hà Nội",34.0,1,1,1,Giấy tờ không xác định,2025-10-24
13TỶ25 40M2 NHÂN HOÀ TXUÂN- NHÀ ĐẸP 6 TẦNG - GARA OTO - KDOANH TẤP NẬP,13.25,"Phường Nhân Chính, Quận Thanh Xuân, Hà Nội",34.0,3,4,6,Giấy tờ không xác định,2025-10-24
"chính chủ cần bán na 30,4m2 gia 7ty5",750.0,"Phường Hạ Đình, Quận Thanh Xuân, Hà Nội",30.4,4,2,3,Giấy tờ không xác định,2025-10-23
"Bán Nhà Hoàng Văn Thái Cực Hiếm, diện tích 50m2 4 tầng chỉ nhô 12 tỷ",12.5,"Phường Khương Trung, Quận Thanh Xuân, Hà Nội",50.0,3,3,4,Giấy tờ không xác định,2025-10-23
"Toà nhà VP mới đẹp, vỉa hè, kinh doanh, ô tô tránh, thang máy xịn",25.8,"Đường Phan Đình Giót, Phường Phương Liệt, Quận Thanh Xuân, Hà Nội",68.0,7,7,7,Sổ đỏ,2025-10-23
BÁN NHÀ THANH XUÂN - MẶT PHỐ - VIEW HỒ - OTO TRÁNH - Ở NGAY,23.0,"Phường Khương Đình, Quận Thanh Xuân, Hà Nội",63.0,4,3,4,Giấy tờ không xác định,2025-10-23
"bán nhà KhươngTrung, 4 tầng, 60m2,chỉ nhô 13 tỷ.tránh ô tô, kinh doanh",13.8,"Phường Khương Trung, Quận Thanh Xuân, Hà Nội",60.0,5,3,4,Giấy tờ không xác định,2025-10-23
"🏡 nhà mới Kim Giang- Thanh Xuân ,ở ngay",3.6,"Phường Kim Giang, Quận Thanh Xuân, Hà Nội",40.0,3,3,5,Sổ đỏ,2025-10-27
"MẶT NGÕ – PHAN ĐÌNH GIÓT – NHÀ ĐẸP, GẦN Ô TÔ FULL NỘI THẤT",8.6,"Phường Phương Liệt, Quận Thanh Xuân, Hà Nội",36.0,3,4,5,Giấy tờ không xác định,2025-10-23
63m2 nhà cấp 4 ngõ oto Nguyễn Xiển giá chỉ 2.3 tỷ,2.25,"Phường Hạ Đình, Quận Thanh Xuân, Hà Nội",63.0,2,1,1,Sổ hồng,2025-10-23
💎 SIÊU PHẨM VƯƠNG THỪA VŨ – 50m CHỈ 21.2 TỶ,21.2,"Phường Khương Trung, Quận Thanh Xuân, Hà Nội",50.0,4,6,7,Giấy tờ không xác định,2025-10-23
"GIÁ 5.75 TỶ! NHÀ TRIỀU KHÚC - THANH XUÂN: 30M², 5 TẦNG - 50M RA PHỐ!",5.75,"Phường Phương Liệt, Quận Thanh Xuân, Hà Nội",30.0,3,3,5,Giấy tờ không xác định,2025-10-23
"Chính chủ cần bán nhà 6 tầng lầu, thang máy ở ngã tư sở",9.3,"Đường Khương Đình, Phường Khương Đình, Quận Thanh Xuân, Hà Nội",32.0,4,5,6,Sổ đỏ,2025-10-26
Bán Nhà Khương Hạ chưa đến 10 tỷ. 31 met 6 tâng ngõ thông,9.9,"Phường Khương Trung, Quận Thanh Xuân, Hà Nội",31.0,3,3,6,Giấy tờ không xác định,2025-10-22
Bán nhà phương liệt thanh xuân diện tích. 65.m2 xây dựng. 5 tầng.,19.8,"Phường Phương Liệt, Quận Thanh Xuân, Hà Nội",65.0,5,4,5,Giấy tờ không xác định,2025-10-22
Bán nhà lô góc 3 thoáng Lương Thế Vinh Nguyễn Trãi S80m 5T giá 22 tỷ,22.0,"Phường Thanh Xuân Nam, Quận Thanh Xuân, Hà Nội",74.0,8,7,5,Giấy tờ không xác định,2025-10-22
"BÁN CCMN THANH XUÂN - NGÃ TƯ SỞ - Ô TÔ THÔNG - DÒNG TIỀN 1,3 tỷ/Năm",25.0,"Phường Khương Mai, Quận Thanh Xuân, Hà Nội",87.0,11,7,7,Giấy tờ không xác định,2025-10-21
15TỶ5 CẦN BÁN GẤP N.ĐẸP KHƯƠNG HẠ 46M2-GARA 7 CHỖ-VIEW HỒ-NỘI THẤT VIP,15.5,"Phường Khương Đình, Quận Thanh Xuân, Hà Nội",46.0,6,4,5,Giấy tờ không xác định,2025-10-21
"Giá giật mình! Chính Kinh, 40m ra phố, ngõ ba gác, dân xây. Chỉ 6 tỷ",6.0,"Phường Nhân Chính, Quận Thanh Xuân, Hà Nội",37.0,4,4,4,Giấy tờ không xác định,2025-10-21
💥SIÊU PHẨM PHÂN LÔ QUÂN ĐỘI – Ô TÔ VÀO NHÀ – 7 TẦNG THANG MÁY – FULL N,21.2,"Phường Khương Trung, Quận Thanh Xuân, Hà Nội",47.0,4,4,7,Giấy tờ không xác định,2025-10-21
"GIÁ 7.85 TỶ! NHÀ LÊ TRỌNG TẤN - ĐỐNG ĐA: 38M², 5 TẦNG - MT 7M!",7.85,"Phường Hạ Đình, Quận Thanh Xuân, Hà Nội",38.0,5,4,5,Giấy tờ không xác định,2025-10-21
"Bán nhà Bùi Xương Trạch, Thanh Xuân, Ô tô, Kinh doanh, 39m2, 8.99",8.99,"Phường Khương Đình, Quận Thanh Xuân, Hà Nội",39.0,4,4,5,Giấy tờ không xác định,2025-10-21
"Như cung điện!Khương Trung, 2 thoáng, 30m ra ô tô, ngõ 2,5m. Chỉ 10,2t",10.2,"Phường Khương Trung, Quận Thanh Xuân, Hà Nội",53.0,6,4,5,Giấy tờ không xác định,2025-10-21
BÁN NHÀ MẶT NGÕ KINH DOANH ĐƯỜNG TRIỀU KHÚC. 5 TẦNG. 4.92 TỶ.,4.92,"Phường Thanh Xuân Trung, Quận Thanh Xuân, Hà Nội",28.0,4,5,5,Giấy tờ không xác định,2025-10-20
"Nhà đẹp Phan Đình Giót! 50m ra ô tô, ngõ ba gác. 35mx5T. Chỉ 8,5 tỷ",8.5,"Phường Phương Liệt, Quận Thanh Xuân, Hà Nội",35.0,3,4,5,Giấy tờ không xác định,2025-10-20
"Chỉ 6,5 tỷ! Nhà đẹp Khương Trung, 40m ra ô tô, ngõ ba gác. 34mx4 ngủ",6.5,"Phường Khương Trung, Quận Thanh Xuân, Hà Nội",34.0,4,3,4,Giấy tờ không xác định,2025-10-20
BÁN NHÀ TÔ VĨNH DIỆN THANH XUÂN KHU PHÂN LÔ KINH DOANH ONLAI DT36m2,8.8,"Phường Khương Trung, Quận Thanh Xuân, Hà Nội",36.0,4,5,6,Giấy tờ không xác định,2025-10-20
"Siêu đẹp! Lô góc Khương Trung, 40m ra phố, ngõ 3m, nhà đẹp. Chỉ 8,2 ty",8.2,"Phường Khương Trung, Quận Thanh Xuân, Hà Nội",38.0,4,4,5,Giấy tờ không xác định,2025-10-20
"Nhà đẹp Nguyễn Trãi! 30m ra phố, ngõ nông thẳng, dân xây. 39mx4T. 8,5t",8.5,"Phường Thanh Xuân Nam, Quận Thanh Xuân, Hà Nội",39.0,4,3,4,Giấy tờ không xác định,2025-10-20
"Phân lô Hoàng Văn Thái, 40m ra phố, ngõ rộng, nhà đẹp. 27mx4T. Chi 6,5",6.5,"Phường Khương Trung, Quận Thanh Xuân, Hà Nội",27.0,3,3,4,Giấy tờ không xác định,2025-10-20
NGÕ NÔNG THÔNG GẦN OTO DÂN XÂY KHUNG CỘT CHẮC CHẮN LÔ GÓC,8.99,"Phường Khương Đình, Quận Thanh Xuân, Hà Nội",45.0,4,4,4,Giấy tờ không xác định,2025-10-20
"THANH XUAN 46M ,5 TANG ,NHA MOI FULL NOI THAT",8.3,"Phường Khương Đình, Quận Thanh Xuân, Hà Nội",46.0,3,4,5,Giấy tờ không xác định,2025-10-20
🔥! bán nhà THANH XUÂN - 🚗Ô TÔ 50M - SỔ VUÔNG - GẦN HỒ 🏞️!,7.9,"Phường Khương Trung, Quận Thanh Xuân, Hà Nội",44.0,3,3,4,Giấy tờ không xác định,2025-10-20
"Nhà đẹp Tô Vĩnh Diện, 2 thoáng, 50m ra ô tô, gần gửi ô tô. Chỉ 7,8 ty",7.8,"Phường Khương Trung, Quận Thanh Xuân, Hà Nội",37.0,3,4,5,Giấy tờ không xác định,2025-10-20
"Mặt phố Khương Đình, kinh doanh, 2 ô tô tránh. 38m/sau QH còn 31m.7,5t",7.5,"Phường Hạ Đình, Quận Thanh Xuân, Hà Nội",38.0,3,3,3,Giấy tờ không xác định,2025-10-20
"Hot!Nguyễn Trãi, 2 thoáng, 50m ra phố, nhà dân xây. 42mx3T. Chỉ 6,8 tỷ",6.8,"Phường Thanh Xuân Bắc, Quận Thanh Xuân, Hà Nội",42.0,3,3,3,Giấy tờ không xác định,2025-10-20
"Nhanh! Hà Kế Tấn, 50m ra ô tô, ngõ ba gác, nhà dân xây. 45mx4T. 8,4 ty",8.4,"Phường Phương Liệt, Quận Thanh Xuân, Hà Nội",45.0,4,3,4,Giấy tờ không xác định,2025-10-20
"Phân lô Tô Vĩnh Diện, 20m ra ô tô, nhà đẹp, ngõ rộng. 36mx6T. Chỉ 8,6t",8.6,"Phường Khương Trung, Quận Thanh Xuân, Hà Nội",36.0,4,5,6,Giấy tờ không xác định,2025-10-20
"LÔ GÓC Bùi Xương Trạch , 37m2 mặt tiền 3m ,9tỷ",9.0,"Phường Khương Đình, Quận Thanh Xuân, Hà Nội",37.0,5,4,4,Giấy tờ không xác định,2025-10-20
BÁN NHÀ NGUYỄN TRÃI LÔ GÓC THANH XUÂN NGÕ THÔNG KINH DOANH ONLAI DT32m,9.8,"Phường Thượng Đình, Quận Thanh Xuân, Hà Nội",32.0,3,4,5,Giấy tờ không xác định,2025-10-20
"Nhanh! Chính Kinh, ngõ 2,5m, 50m ra phố, nhà dân xây. 42mx4T. Chỉ 7,2t",7.2,"Phường Nhân Chính, Quận Thanh Xuân, Hà Nội",42.0,3,3,4,Giấy tờ không xác định,2025-10-20
"💥NHÀ 3 TẦNG - CÓ THỂ KINH DOANH - ÔTÔ TRÁNH TRƯỚC CỬA - GIÁ 3,8 TỶ💥",3.8,"Phường Thanh Xuân Bắc, Quận Thanh Xuân, Hà Nội",36.0,4,2,3,Giấy tờ không xác định,2025-10-20
Lô góc Vũ Tông Phan. rất gần phố ngõ to rộng. 30m 3 tầng nhỉnh 3.x tỷ,3.5,"Phường Khương Đình, Quận Thanh Xuân, Hà Nội",30.0,4,3,3,Giấy tờ không xác định,2025-10-20
"Hiếm! Khương Trung, 30m ra ô tô, nhà đẹp dân xây, 4 ngủ. 32mx4T. 6,5ty",6.5,"Phường Khương Trung, Quận Thanh Xuân, Hà Nội",32.0,4,3,4,Giấy tờ không xác định,2025-10-20
"Bán nhà 5 tầng 52m2 phố Khương Trung, Khương Đình nhà đẹp, giá tốt",10.5,"Đường Khương Trung, Phường Khương Trung, Quận Thanh Xuân, Hà Nội",51.0,6,4,5,Sổ đỏ,2025-10-24
"Bùi Xương Trạch - 32m2 , 5 tầng , MT 6m , ngõ thông , 8,3tỷ",8.3,"Phường Khương Đình, Quận Thanh Xuân, Hà Nội",45.8,3,4,5,Giấy tờ không xác định,2025-10-20
"Bán nhà cực đẹp mặt ngõ Nguỵ Như Kon Tum: 30m2, 5 tầng",6.0,"Đường Ngụy Như Kon Tum, Phường Nhân Chính, Quận Thanh Xuân, Hà Nội",30.0,3,4,5,Sổ đỏ,2025-10-30
Nhà 45m² x 4 tầng | 11.6 tỷ- Khương Đình Thanh Xuân- có ban công thoán,11.6,"Đường Khương Đình, Phường Khương Đình, Quận Thanh Xuân, Hà Nội",45.0,4,3,4,Sổ đỏ,2025-10-30
"Nhà Đẹp Phan Đình Giót, Thanh Xuân 32m, 5 tầng, mt 3.7m, giá 8.6 tỷ",8.6,"Phường Phương Liệt, Quận Thanh Xuân, Hà Nội",32.0,3,4,5,Sổ đỏ,2025-10-23
"Nhà Đẹp  Phan Đình Giót, Thanh Xuân 32m, 5 tầng, mt 3.7m, giá 8.6 tỷ",8.6,"Đường Phan Đình Giót, Phường Khương Mai, Quận Thanh Xuân, Hà Nội",32.0,3,4,5,Sổ đỏ,2025-10-23
NHÀ DÒNG TIỀN - KHƯƠNG TRUNG - THANH XUÂN - DOANH THU 720TR/NĂM,8.0,"Đường Khương Trung, Phường Khương Trung, Quận Thanh Xuân, Hà Nội",50.0,2,3,7,Sổ đỏ,2025-10-23
"Bán nhà 5 tầng tại Vũ Hữu Thanh Xuân Hà Nội giá 17,5 tỷ",17.8,"Đường Vũ Hữu, Phường Thanh Xuân Bắc, Quận Thanh Xuân, Hà Nội",54.0,4,5,5,Sổ đỏ,2025-10-21
Bán nhà mặt phố Khuất Duy Tiến,49.0,"147, Đường Khuất Duy Tiến, Phường Nhân Chính, Quận Thanh Xuân, Hà Nội",69.0,4,2,4,Sổ hồng,2025-10-20
"Bán nhà lô góc khu Vương Thừa Vũ, 54m2, 4 tầng, mặt tiền",13.8,"Đường Vương Thừa Vũ, Phường Khương Trung, Quận Thanh Xuân, Hà Nội",54.0,4,3,4,Sổ đỏ,2025-10-20
Phố QUAN NHÂN BÁN NHÀ LÔ GÓC OTO ĐỂ CỬA - Thiện chí bán sang tên NHANH,10.2,"Phường Nhân Chính, Quận Thanh Xuân, Hà Nội",35.0,5,3,3,Giấy tờ không xác định,2025-10-16
NHÀ ĐẸP PHAN ĐÌNH GIÓT - 30M RA Ô TÔ - 5 TẦNG FULL NỘI THẤT - 8.6 TỶ,8.6,"Phường Phương Liệt, Quận Thanh Xuân, Hà Nội",32.0,3,4,5,Giấy tờ không xác định,2025-10-16
"CHÍNH CHỦ BÁN GẤP NHÀ 4 TẦNG ĐẸP – TÔ VĨNH DIỆN, THANH XUÂN, HÀ NỘI",15.7,"Phường Khương Trung, Quận Thanh Xuân, Hà Nội",60.0,4,3,4,Giấy tờ không xác định,2025-10-16
SIÊU HIẾM! Nhà lô góc 2 mặt ngõ – ô tô tải đỗ cửa – Vương Thừa Vũ,14.5,"Phường Khương Trung, Quận Thanh Xuân, Hà Nội",37.0,4,3,4,Giấy tờ không xác định,2025-10-16
Bán ccmn 3ngủ giáp nhất thanh xuân full đồ sổ đỏ phôi riêng ngõ oto,2.59,"Phường Nhân Chính, Quận Thanh Xuân, Hà Nội",68.0,3,1,1,Giấy tờ không xác định,2025-10-16
"Anh họ mình nhờ bán nhà Hoàng Văn Thái, 48m2, 4 tầng, ô tô đỗ, kd",22.0,"Phường Khương Mai, Quận Thanh Xuân, Hà Nội",48.0,4,3,4,Giấy tờ không xác định,2025-10-16
"Nhà Nguyễn Trãi, ngõ rộng, lô góc, gần ô tô, 42m2 7.5 tỷ",7.5,"Phường Thanh Xuân Trung, Quận Thanh Xuân, Hà Nội",42.0,5,4,5,Giấy tờ không xác định,2025-10-16
Nhà PL 45m2*5 Tầng|| Oto lùi cửa 2 thoáng-20m ra phố Nguyễn Ngọc Nại,14.6,"59, Đường Nguyễn Ngọc Nại, Phường Khương Mai, Quận Thanh Xuân, Hà Nội",45.0,6,4,5,Sổ đỏ,2025-10-20
"Nhà mặt Phố, 51m2, 4 tầng, kinh doanh",16.5,"Phường Khương Đình, Quận Thanh Xuân, Hà Nội",51.0,3,3,4,Giấy tờ không xác định,2025-10-15
!!!GIÁ SỐC!!! Bán nhà THANH XUÂN  - GIÁ TUYỆT CHỦNG - HIẾM NHÀ BÁN -,6.18,"Phường Phương Liệt, Quận Thanh Xuân, Hà Nội",32.0,3,3,3,Giấy tờ không xác định,2025-10-15
"Ko QH! Khương Trung, 30m ra phố, ngõ rộng, nhà đẹp. 50mx2T. Chỉ 6,3 ty",6.3,"Phường Khương Trung, Quận Thanh Xuân, Hà Nội",50.0,3,2,2,Giấy tờ không xác định,2025-10-15
Nhà gần phố vũ tông phan 6 tầng thang máy xây mới,9.4,"Phường Khương Đình, Quận Thanh Xuân, Hà Nội",36.0,4,5,6,Giấy tờ không xác định,2025-10-15
CHÍNH CHỦ BÁN TẬP THỂ NGUYỄN TRÃI-THANH XUÂN-65m2-NHÀ ĐẸP Ở NGAY,2.89,"Phường Khương Trung, Quận Thanh Xuân, Hà Nội",65.0,2,1,3,Giấy tờ không xác định,2025-10-15
HÀNG HIẾM! Bán nhà THANH XUÂN - LÔ GÓC - Ô TÔ VÀO - PHONG THỦY TỐT,6.21,"Phường Phương Liệt, Quận Thanh Xuân, Hà Nội",33.0,3,3,3,Giấy tờ không xác định,2025-10-15
"BÁN NHÀ PHỐ QUAN NHÂN – 5 TẦNG – FULL NỘI THẤT- Ở NGAY – GIÁ 10,6 TỶ",10.6,"Phường Nhân Chính, Quận Thanh Xuân, Hà Nội",44.0,4,4,5,Giấy tờ không xác định,2025-10-15
"Sốc! Khương Đình, ngõ 2,5m, nhà dân xây rộng thoáng. 42mx4T. Chỉ 7,8ty",7.8,"Phường Hạ Đình, Quận Thanh Xuân, Hà Nội",42.0,4,3,4,Giấy tờ không xác định,2025-10-15
BÁ.N NHÀ TRUNG TÂM QUẬN THANH XUÂN - 80M RA Ô TÔ - 4 TẦNG - 3 NGỦ,5.05,"Phường Khương Đình, Quận Thanh Xuân, Hà Nội",24.7,3,3,4,Giấy tờ không xác định,2025-10-15
BÁ.N NHÀ TRUNG TÂM QUẬN THANH XUÂN - 10M RA Ô TÔ - 4 TẦNG FULL CÔNG NĂ,7.8,"Phường Khương Trung, Quận Thanh Xuân, Hà Nội",30.0,4,3,4,Giấy tờ không xác định,2025-10-15
Siêu Phẩm Nhà Đẹp Khương Trung . Ngõ 211,6.9,"Phường Khương Đình, Quận Thanh Xuân, Hà Nội",28.0,2,2,4,Giấy tờ không xác định,2025-10-15
