tieu_de,gia,dia_chi,dien_tich_dat,phong_ngu,phong_tam,so_tang,phap_ly,ngay_dang
"Bán Nhà riêng tạiĐường Ngọc Thụy, Phường Bồ Đề, Quận Long Biên, Hà Nội",29.9,"Đường Ngọc Thụy, Phường Bồ Đề, Quận Long Biên, Hà Nội",160.0,2.0,2.0,2.0,Sổ hồng,2025-11-27
"Bán Nhà riêng tạiĐường Vũ Đức Thận, Phường Việt Hưng, Quận Long Biên, Hà Nội",26.8,"Đường Vũ Đức Thận, Phường Việt Hưng, Quận Long Biên, Hà Nội",100.0,4.0,6.0,7.0,Sổ hồng,2025-11-27
"Bán Nhà biệt thự, liền kề theo dự ánAn Vượng Villa tại An Vượng Villa, Phường Dương Nội, Quận Hà Đông, Hà Nội",89.0,"An Vượng Villa, Phường Dương Nội, Quận Hà Đông, Hà Nội",180.0,6.0,3.0,4.0,Sổ hồng,2025-11-27
"Bán Nhà riêng tạiTô Hiệu , Phường Nguyễn Trãi, Quận Hà Đông, Hà Nội",11.5,"Tô Hiệu , Phường Nguyễn Trãi, Quận Hà Đông, Hà Nội",40.0,6.0,4.0,5.0,Sổ hồng,2025-11-27
"Bán Nhà riêng tạiPhường Định Công, Quận Hoàng Mai, Hà Nội",9.35,"Phường Định Công, Quận Hoàng Mai, Hà Nội",49.0,4.0,4.0,4.0,Giấy tờ không xác định,2025-11-26
"Bán Nhà riêng tạiĐịnh Công, Phường Định Công, Quận Hoàng Mai, Hà Nội",9.35,"Định Công, Phường Định Công, Quận Hoàng Mai, Hà Nội",49.0,4.0,3.0,4.0,Sổ hồng,2025-11-26
"Bán Nhà riêng tạinguyên xá, Phường Minh Khai, Quận Bắc Từ Liêm, Hà Nội",6.6,"nguyên xá, Phường Minh Khai, Quận Bắc Từ Liêm, Hà Nội",37.0,4.0,4.0,4.0,Sổ hồng,2025-11-26
"Bán Nhà riêng tạiPhạm Văn Nghị, Phường Cổ Nhuế 2, Quận Bắc Từ Liêm, Hà Nội",7.5,"Phạm Văn Nghị, Phường Cổ Nhuế 2, Quận Bắc Từ Liêm, Hà Nội",37.0,3.0,4.0,5.0,Giấy tờ không xác định,2025-11-26
"Bán Nhà riêng tạiĐường Nguyễn Văn Linh, Phường Phúc Lợi, Quận Long Biên, Hà Nội",21.5,"Đường Nguyễn Văn Linh, Phường Phúc Lợi, Quận Long Biên, Hà Nội",55.0,4.0,5.0,7.0,Sổ hồng,2025-11-26
"Bán Nhà riêng tạiHoàng Mai, Phường Hoàng Văn Thụ, Quận Hoàng Mai, Hà Nội",8.8,"Hoàng Mai, Phường Hoàng Văn Thụ, Quận Hoàng Mai, Hà Nội",38.0,3.0,4.0,5.0,Sổ hồng,2025-11-26
"Bán Nhà riêng tạivăn phú, Phường Phú La, Quận Hà Đông, Hà Nội",8.6,"văn phú, Phường Phú La, Quận Hà Đông, Hà Nội",32.0,3.0,4.0,5.0,Sổ hồng,2025-11-26
"Bán Nhà biệt thự, liền kề theo dự ánKiến Hưng Luxury tại Kiến Hưng Luxury, Phúc La , Phường Kiến Hưng, Quận Hà Đông, Hà Nội",21.0,"Kiến Hưng Luxury, Phúc La , Phường Kiến Hưng, Quận Hà Đông, Hà Nội",73.0,4.0,4.0,5.0,Sổ hồng,2025-11-26
"Bán Nhà mặt phố tạixuân phương, Phường Xuân Phương, Quận Nam Từ Liêm, Hà Nội",46.0,"xuân phương, Phường Xuân Phương, Quận Nam Từ Liêm, Hà Nội",41.0,4.0,4.0,8.0,Sổ hồng,2025-11-26
"Bán Nhà riêng tạihòe thị, Phường Phương Canh, Quận Nam Từ Liêm, Hà Nội",8.0,"hòe thị, Phường Phương Canh, Quận Nam Từ Liêm, Hà Nội",44.0,3.0,3.0,3.0,Sổ hồng,2025-11-25
"Bán Nhà riêng tạiTam Trinh, Phường Hoàng Văn Thụ, Quận Hoàng Mai, Hà Nội",7.95,"Tam Trinh, Phường Hoàng Văn Thụ, Quận Hoàng Mai, Hà Nội",39.0,3.0,4.0,5.0,Sổ hồng,2025-11-26
"Bán Nhà riêng tạiĐường Phan Đình Giót, Phường La Khê, Quận Hà Đông, Hà Nội",8.0,"Đường Phan Đình Giót, Phường La Khê, Quận Hà Đông, Hà Nội",35.0,3.0,4.0,5.0,Sổ hồng,2025-11-25
"Bán Nhà mặt phố tạiBắc Cầu, Phường Ngọc Thụy, Quận Long Biên, Hà Nội",15.0,"Bắc Cầu, Phường Ngọc Thụy, Quận Long Biên, Hà Nội",114.0,3.0,3.0,4.0,Sổ hồng,2025-11-25
"Bán Nhà riêng tạiĐường Nguyễn Sơn, Phường Bồ Đề, Quận Long Biên, Hà Nội",10.75,"Đường Nguyễn Sơn, Phường Bồ Đề, Quận Long Biên, Hà Nội",43.2,3.0,3.0,5.0,Sổ hồng,2025-11-25
"Bán Nhà mặt phố tạiVõng thị, Phường Thụy Khuê, Quận Tây Hồ, Hà Nội",7.9,"Võng thị, Phường Thụy Khuê, Quận Tây Hồ, Hà Nội",30.0,3.0,4.0,5.0,Sổ hồng,2025-11-25
"Bán Nhà mặt phố tạiPhường Đại Mỗ, Quận Nam Từ Liêm, Hà Nội",5.9,"Phường Đại Mỗ, Quận Nam Từ Liêm, Hà Nội",33.0,3.0,3.0,5.0,Sổ hồng,2025-11-25
"Bán Nhà riêng tạiPhường Tây Mỗ, Quận Nam Từ Liêm, Hà Nội",6.6,"Phường Tây Mỗ, Quận Nam Từ Liêm, Hà Nội",34.0,3.0,4.0,6.0,Sổ hồng,2025-11-25
"Bán Nhà mặt phố tạiĐường Nguyễn Văn Cừ, Phường Bồ Đề, Quận Long Biên, Hà Nội",260.0,"Đường Nguyễn Văn Cừ, Phường Bồ Đề, Quận Long Biên, Hà Nội",440.0,3.0,3.0,3.0,Sổ hồng,2025-11-25
"Bán Nhà riêng tạiLạc long quân, Phường Bưởi, Quận Tây Hồ, Hà Nội",12.0,"Lạc long quân, Phường Bưởi, Quận Tây Hồ, Hà Nội",38.0,5.0,5.0,5.0,Sổ hồng,2025-11-25
"Bán Nhà riêng tạiPhường Xuân Phương, Quận Nam Từ Liêm, Hà Nội",6.0,"Phường Xuân Phương, Quận Nam Từ Liêm, Hà Nội",40.0,4.0,3.0,6.0,Sổ hồng,2025-11-24
"Bán Nhà riêng tạiPhường Phương Canh, Quận Nam Từ Liêm, Hà Nội",5.25,"Phường Phương Canh, Quận Nam Từ Liêm, Hà Nội",33.0,4.0,3.0,5.0,Sổ hồng,2025-11-24
"Bán Nhà riêng tạiPhường Đại Mỗ, Quận Nam Từ Liêm, Hà Nội",6.0,"Phường Đại Mỗ, Quận Nam Từ Liêm, Hà Nội",40.0,4.0,3.0,6.0,Sổ hồng,2025-11-24
"Bán Nhà riêng tạiMỹ đình, Phường Mỹ Đình 1, Quận Nam Từ Liêm, Hà Nội",8.8,"Mỹ đình, Phường Mỹ Đình 1, Quận Nam Từ Liêm, Hà Nội",38.0,4.0,5.0,5.0,Sổ hồng,2025-11-24
"Bán Nhà riêng tạilê đức thọ, Phường Mỹ Đình 2, Quận Nam Từ Liêm, Hà Nội",7.6,"lê đức thọ, Phường Mỹ Đình 2, Quận Nam Từ Liêm, Hà Nội",33.0,3.0,4.0,5.0,Sổ hồng,2025-11-24
"Bán Nhà riêng tạixuân phương, Phường Xuân Phương, Quận Nam Từ Liêm, Hà Nội",7.65,"xuân phương, Phường Xuân Phương, Quận Nam Từ Liêm, Hà Nội",35.0,4.0,6.0,7.0,Giấy tờ không xác định,2025-11-24
"Bán Nhà riêng tạiĐường Hà Trì, Phường Kiến Hưng, Quận Hà Đông, Hà Nội",9.0,"Đường Hà Trì, Phường Kiến Hưng, Quận Hà Đông, Hà Nội",45.0,4.0,4.0,5.0,Sổ hồng,2025-11-24
"Bán Nhà riêng tạiĐường Ngọc Thụy, Phường Bồ Đề, Quận Long Biên, Hà Nội",19.4,"Đường Ngọc Thụy, Phường Bồ Đề, Quận Long Biên, Hà Nội",100.0,3.0,3.0,3.0,Sổ hồng,2025-11-24
"Bán Nhà riêng tạiPhường Tây Mỗ, Quận Nam Từ Liêm, Hà Nội",5.0,"Phường Tây Mỗ, Quận Nam Từ Liêm, Hà Nội",33.0,3.0,4.0,5.0,Sổ hồng,2025-11-23
"Bán Nhà riêng tạiNgọc trục, Phường Đại Mỗ, Quận Nam Từ Liêm, Hà Nội",10.3,"Ngọc trục, Phường Đại Mỗ, Quận Nam Từ Liêm, Hà Nội",60.0,3.0,3.0,4.0,Sổ hồng,2025-11-24
"Bán Nhà riêng tạiPhường Xuân Phương, Quận Nam Từ Liêm, Hà Nội",5.0,"Phường Xuân Phương, Quận Nam Từ Liêm, Hà Nội",33.0,3.0,4.0,5.0,Sổ hồng,2025-11-23
"Bán Nhà mặt phố tạiQuang trung, Phường Quang Trung, Quận Hà Đông, Hà Nội",39.5,"Quang trung, Phường Quang Trung, Quận Hà Đông, Hà Nội",120.0,4.0,4.0,5.0,Sổ hồng,2025-11-23
"Bán Nhà biệt thự, liền kề theo dự ánVinhomes Riverside tại Đường Chu Huy Mân, Phường Phúc Lợi, Quận Long Biên, Hà Nội",92.0,"Đường Chu Huy Mân, Phường Phúc Lợi, Quận Long Biên, Hà Nội",206.0,5.0,6.0,4.0,Sổ hồng,2025-11-24
"Bán Nhà riêng tạiĐường Bùi Huy Bích, Phường Thịnh Liệt, Quận Hoàng Mai, Hà Nội",1.9,"Đường Bùi Huy Bích, Phường Thịnh Liệt, Quận Hoàng Mai, Hà Nội",21.0,1.0,1.0,1.0,Giấy tờ không xác định,2025-11-23
"Bán Nhà riêng tạiPhường Đại Mỗ, Quận Nam Từ Liêm, Hà Nội",5.0,"Phường Đại Mỗ, Quận Nam Từ Liêm, Hà Nội",34.0,3.0,4.0,5.0,Sổ hồng,2025-11-23
"Bán Nhà riêng tạiPhường Xuân Phương, Quận Nam Từ Liêm, Hà Nội",5.65,"Phường Xuân Phương, Quận Nam Từ Liêm, Hà Nội",37.0,4.0,3.0,5.0,Sổ hồng,2025-11-23
"Bán Nhà riêng tạiPhường Tây Mỗ, Quận Nam Từ Liêm, Hà Nội",5.15,"Phường Tây Mỗ, Quận Nam Từ Liêm, Hà Nội",33.0,4.0,4.0,5.0,Sổ hồng,2025-11-23
"Bán Nhà riêng tạiPhường Tây Mỗ, Quận Nam Từ Liêm, Hà Nội",6.0,"Phường Tây Mỗ, Quận Nam Từ Liêm, Hà Nội",40.0,4.0,3.0,6.0,Sổ hồng,2025-11-23
"Bán Nhà riêng tạiĐường Hoàng Như Tiếp, Phường Bồ Đề, Quận Long Biên, Hà Nội",13.5,"Đường Hoàng Như Tiếp, Phường Bồ Đề, Quận Long Biên, Hà Nội",38.0,3.0,5.0,7.0,Sổ hồng,2025-11-23
"Bán Nhà riêng tạiĐường Cổ Linh, Phường Long Biên, Quận Long Biên, Hà Nội",20.5,"Đường Cổ Linh, Phường Long Biên, Quận Long Biên, Hà Nội",55.0,3.0,5.0,8.0,Sổ hồng,2025-11-23
"Bán Nhà riêng tạiĐường Mậu Lương, Phường Kiến Hưng, Quận Hà Đông, Hà Nội",7.0,"Đường Mậu Lương, Phường Kiến Hưng, Quận Hà Đông, Hà Nội",38.0,3.0,4.0,5.0,Sổ hồng,2025-11-22
"Bán Nhà riêng tạiĐường Thanh Bình, Phường Mộ Lao, Quận Hà Đông, Hà Nội",6.4,"Đường Thanh Bình, Phường Mộ Lao, Quận Hà Đông, Hà Nội",31.0,4.0,4.0,3.0,Sổ hồng,2025-11-22
"Bán Nhà biệt thự, liền kề tạilê trọng tấn , Phường Dương Nội, Quận Hà Đông, Hà Nội",23.5,"lê trọng tấn , Phường Dương Nội, Quận Hà Đông, Hà Nội",123.0,4.0,4.0,3.0,Sổ hồng,2025-11-22
"Bán Nhà riêng tạiPhường Đại Mỗ, Quận Nam Từ Liêm, Hà Nội",5.2,"Phường Đại Mỗ, Quận Nam Từ Liêm, Hà Nội",33.0,3.0,4.0,5.0,Sổ hồng,2025-11-23
"Bán Nhà biệt thự, liền kề theo dự ánKhu nhà ở V5 V6 tại Khu nhà ở V5 V6, Văn phú, Phường Phú La, Quận Hà Đông, Hà Nội",27.0,"Khu nhà ở V5 V6, Văn phú, Phường Phú La, Quận Hà Đông, Hà Nội",90.0,7.0,7.0,7.0,Sổ hồng,2025-11-22
"Bán Nhà riêng tạiĐường Mậu Lương, Phường Kiến Hưng, Quận Hà Đông, Hà Nội",7.0,"Đường Mậu Lương, Phường Kiến Hưng, Quận Hà Đông, Hà Nội",38.0,3.0,4.0,5.0,Sổ hồng,2025-11-22
"Bán Nhà riêng tạiMễ trì Hạ, Phường Mễ Trì, Quận Nam Từ Liêm, Hà Nội",16.6,"Mễ trì Hạ, Phường Mễ Trì, Quận Nam Từ Liêm, Hà Nội",55.0,4.0,5.0,5.0,Sổ hồng,2025-11-22
"Bán Nhà biệt thự, liền kề theo dự ánKhu đô thị Geleximco - Lê Trọng Tấn tại Khu đô thị Geleximco - Lê Trọng Tấn, Lê trọng tấn , Phường Dương Nội, Quận Hà Đông, Hà Nội",29.6,"Khu đô thị Geleximco - Lê Trọng Tấn, Lê trọng tấn , Phường Dương Nội, Quận Hà Đông, Hà Nội",160.0,6.0,4.0,4.0,Sổ hồng,2025-11-22
"Bán Nhà riêng tạiPhùng Hưng, Phường Phúc La, Quận Hà Đông, Hà Nội",11.0,"Phùng Hưng, Phường Phúc La, Quận Hà Đông, Hà Nội",39.0,4.0,4.0,5.0,Sổ hồng,2025-11-22
"Bán Nhà biệt thự, liền kề theo dự ánRoman Plaza tại Tố hữu, Phường Mộ Lao, Quận Hà Đông, Hà Nội",48.6,"Tố hữu, Phường Mộ Lao, Quận Hà Đông, Hà Nội",200.0,5.0,4.0,4.0,Sổ hồng,2025-11-22
"Bán Nhà riêng tạiđặng thai mai, Phường Quảng An, Quận Tây Hồ, Hà Nội",26.0,"đặng thai mai, Phường Quảng An, Quận Tây Hồ, Hà Nội",80.0,6.0,6.0,6.0,Sổ hồng,2025-11-22
"Bán Nhà biệt thự, liền kề theo dự ánKhu đô thị mới Văn Phú tại Khu đô thị mới Văn Phú, Văn phú, Phường Phú La, Quận Hà Đông, Hà Nội",1.95,"Khu đô thị mới Văn Phú, Văn phú, Phường Phú La, Quận Hà Đông, Hà Nội",63.0,4.0,4.0,5.0,Sổ hồng,2025-11-22
"Bán Nhà biệt thự, liền kề tạiĐường Huỳnh Văn Nghệ, Phường Phúc Lợi, Quận Long Biên, Hà Nội",39.37,"Đường Huỳnh Văn Nghệ, Phường Phúc Lợi, Quận Long Biên, Hà Nội",155.0,4.0,5.0,4.0,Sổ hồng,2025-11-22
"Bán Nhà riêng tạiĐường Tố Hữu, Phường Mộ Lao, Quận Hà Đông, Hà Nội",6.5,"Đường Tố Hữu, Phường Mộ Lao, Quận Hà Đông, Hà Nội",31.0,4.0,4.0,3.0,Sổ hồng,2025-11-21
"Bán Nhà riêng tạiphùng khoang, Phường Trung Văn, Quận Nam Từ Liêm, Hà Nội",10.7,"phùng khoang, Phường Trung Văn, Quận Nam Từ Liêm, Hà Nội",37.0,4.0,5.0,5.0,Sổ hồng,2025-11-21
"Bán Nhà riêng tạixuân la, Phường Xuân Đỉnh, Quận Bắc Từ Liêm, Hà Nội",9.3,"xuân la, Phường Xuân Đỉnh, Quận Bắc Từ Liêm, Hà Nội",38.0,4.0,5.0,5.0,Sổ hồng,2025-11-21
"Bán Nhà riêng tạiTây Mỗ, Phường Tây Mỗ, Quận Nam Từ Liêm, Hà Nội",7.7,"Tây Mỗ, Phường Tây Mỗ, Quận Nam Từ Liêm, Hà Nội",40.0,4.0,5.0,5.0,Sổ hồng,2025-11-21
"Bán Nhà riêng tạiLa Nội , Phường Dương Nội, Quận Hà Đông, Hà Nội",27.0,"La Nội , Phường Dương Nội, Quận Hà Đông, Hà Nội",90.0,6.0,6.0,5.0,Sổ hồng,2025-11-21
"Bán Nhà riêng tạiLê quang đạo, Phường Phú Đô, Quận Nam Từ Liêm, Hà Nội",16.6,"Lê quang đạo, Phường Phú Đô, Quận Nam Từ Liêm, Hà Nội",80.0,4.0,5.0,5.0,Sổ hồng,2025-11-21
"Bán Nhà riêng tạixuân la, Phường Xuân La, Quận Tây Hồ, Hà Nội",9.0,"xuân la, Phường Xuân La, Quận Tây Hồ, Hà Nội",37.0,3.0,4.0,5.0,Sổ hồng,2025-11-21
"Bán Nhà biệt thự, liền kề tạiĐường Thạch Bàn, Phường Thạch Bàn, Quận Long Biên, Hà Nội",41.9,"Đường Thạch Bàn, Phường Thạch Bàn, Quận Long Biên, Hà Nội",145.0,5.0,5.0,5.0,Sổ hồng,2025-11-21
"Bán Nhà riêng tạiXuân la, Phường Xuân La, Quận Tây Hồ, Hà Nội",12.5,"Xuân la, Phường Xuân La, Quận Tây Hồ, Hà Nội",48.0,6.0,6.0,5.0,Sổ hồng,2025-11-21
"Bán Nhà riêng tạiĐường Ngọc Thụy, Phường Bồ Đề, Quận Long Biên, Hà Nội",16.1,"Đường Ngọc Thụy, Phường Bồ Đề, Quận Long Biên, Hà Nội",90.0,4.0,4.0,5.0,Sổ hồng,2025-11-21
"Bán Nhà mặt phố tạiTam Trinh, Phường Hoàng Văn Thụ, Quận Hoàng Mai, Hà Nội",19.5,"Tam Trinh, Phường Hoàng Văn Thụ, Quận Hoàng Mai, Hà Nội",52.0,4.0,6.0,8.0,Sổ hồng,2025-11-21
"Bán Nhà riêng tạiKim Đồng, Phường Giáp Bát, Quận Hoàng Mai, Hà Nội",8.99,"Kim Đồng, Phường Giáp Bát, Quận Hoàng Mai, Hà Nội",40.1,4.0,3.0,4.0,Sổ hồng,2025-11-21
"Bán Nhà riêng tạiĐường Nguyễn Văn Lộc, Phường Mộ Lao, Quận Hà Đông, Hà Nội",6.5,"Đường Nguyễn Văn Lộc, Phường Mộ Lao, Quận Hà Đông, Hà Nội",31.0,4.0,4.0,3.0,Sổ hồng,2025-11-20
"Bán Nhà riêng tạiHoàng hoa Thám, Phường Bưởi, Quận Tây Hồ, Hà Nội",7.9,"Hoàng hoa Thám, Phường Bưởi, Quận Tây Hồ, Hà Nội",30.0,4.0,3.0,4.0,Sổ hồng,2025-11-20
"Bán Nhà riêng tạiỶ la, Phường Dương Nội, Quận Hà Đông, Hà Nội",6.2,"Ỷ la, Phường Dương Nội, Quận Hà Đông, Hà Nội",31.0,3.0,4.0,1.0,Sổ hồng,2025-11-20
"Bán Nhà riêng tạimậu lương, Phường Kiến Hưng, Quận Hà Đông, Hà Nội",7.6,"mậu lương, Phường Kiến Hưng, Quận Hà Đông, Hà Nội",31.0,3.0,4.0,5.0,Sổ hồng,2025-11-20
"Bán Nhà riêng tạiPhú Diễn, Phường Phú Diễn, Quận Bắc Từ Liêm, Hà Nội",6.3,"Phú Diễn, Phường Phú Diễn, Quận Bắc Từ Liêm, Hà Nội",36.0,3.0,3.0,5.0,Sổ hồng,2025-11-20
"Bán Nhà riêng tạiTrung Tựu, Phường Tây Tựu, Quận Bắc Từ Liêm, Hà Nội",5.99,"Trung Tựu, Phường Tây Tựu, Quận Bắc Từ Liêm, Hà Nội",31.0,3.0,3.0,5.0,Sổ hồng,2025-11-20
"Bán Nhà biệt thự, liền kề theo dự ánAn Khang Villa tại An Khang Villa, Phường La Khê, Quận Hà Đông, Hà Nội",48.0,"An Khang Villa, Phường La Khê, Quận Hà Đông, Hà Nội",185.0,6.0,3.0,4.0,Sổ hồng,2025-11-18
"Bán Nhà biệt thự, liền kề theo dự ánAn Quý Villa - KĐT Dương Nội tại An Quý Villa - KĐT Dương Nội, Phường Dương Nội, Quận Hà Đông, Hà Nội",55.0,"An Quý Villa - KĐT Dương Nội, Phường Dương Nội, Quận Hà Đông, Hà Nội",195.0,5.0,3.0,4.0,Sổ hồng,2025-11-19
"Bán Nhà riêng tạiHà Trì, Phường Hà Cầu, Quận Hà Đông, Hà Nội",8.6,"Hà Trì, Phường Hà Cầu, Quận Hà Đông, Hà Nội",32.0,4.0,4.0,5.0,Sổ hồng,2025-11-18
"Bán Nhà riêng tạiThụy Khuê, Phường Bưởi, Quận Tây Hồ, Hà Nội",11.9,"Thụy Khuê, Phường Bưởi, Quận Tây Hồ, Hà Nội",52.0,3.0,3.0,5.0,Sổ hồng,2025-11-18
"Bán Nhà riêng tạithanh lân, Phường Thanh Trì, Quận Hoàng Mai, Hà Nội",6.8,"thanh lân, Phường Thanh Trì, Quận Hoàng Mai, Hà Nội",48.0,3.0,3.0,5.0,Sổ hồng,2025-11-18
"Bán Nhà riêng tạiLa dương , Phường Dương Nội, Quận Hà Đông, Hà Nội",7.0,"La dương , Phường Dương Nội, Quận Hà Đông, Hà Nội",31.0,3.0,4.0,5.0,Sổ hồng,2025-11-15
"Bán Nhà riêng tạiNgọc Thụy, Phường Ngọc Thụy, Quận Long Biên, Hà Nội",7.7,"Ngọc Thụy, Phường Ngọc Thụy, Quận Long Biên, Hà Nội",38.0,3.0,3.0,5.0,Sổ hồng,2025-11-15
"Bán Nhà riêng tạiPhường Văn Quán, Quận Hà Đông, Hà Nội",13.9,"Phường Văn Quán, Quận Hà Đông, Hà Nội",45.0,4.0,5.0,5.0,Sổ hồng,2025-11-16
"Bán Nhà riêng tạiPhố Ngọc Lâm, Phường Ngọc Lâm, Quận Long Biên, Hà Nội",9.0,"Phố Ngọc Lâm, Phường Ngọc Lâm, Quận Long Biên, Hà Nội",33.0,3.0,3.0,6.0,Sổ hồng,2025-11-15
"Bán Nhà riêng tạiNguyễn Sơn, Phường Bồ Đề, Quận Long Biên, Hà Nội",10.75,"Nguyễn Sơn, Phường Bồ Đề, Quận Long Biên, Hà Nội",43.2,3.0,3.0,5.0,Sổ hồng,2025-11-15
"Bán Nhà riêng tạiNgõ 206, Đường Cổ Linh, Phường Long Biên, Quận Long Biên, Hà Nội",19.0,"Ngõ 206, Đường Cổ Linh, Phường Long Biên, Quận Long Biên, Hà Nội",55.0,3.0,4.0,7.0,Sổ hồng,2025-11-14
"Bán Nhà mặt phố tạiLạc long quân, Phường Xuân La, Quận Tây Hồ, Hà Nội",52.6,"Lạc long quân, Phường Xuân La, Quận Tây Hồ, Hà Nội",68.0,5.0,6.0,6.0,Sổ hồng,2025-11-14
"Bán Nhà riêng tạibồ đề, Phường Bồ Đề, Quận Long Biên, Hà Nội",7.8,"bồ đề, Phường Bồ Đề, Quận Long Biên, Hà Nội",31.0,2.0,2.0,4.0,Sổ hồng,2025-11-12
"Bán Nhà mặt phố tạiNguyễn Văn Cừ, Phường Gia Thụy, Quận Long Biên, Hà Nội",6.6,"Nguyễn Văn Cừ, Phường Gia Thụy, Quận Long Biên, Hà Nội",28.6,2.0,2.0,4.0,Sổ hồng,2025-11-12
"Bán Nhà mặt phố tạiLạc long quân, Phường Xuân La, Quận Tây Hồ, Hà Nội",30.8,"Lạc long quân, Phường Xuân La, Quận Tây Hồ, Hà Nội",93.0,6.0,4.0,5.0,Sổ hồng,2025-11-11
"Bán Nhà biệt thự, liền kề theo dự ánKiến Hưng Luxury tại Kiến Hưng Luxury, Phúc La, Phường Kiến Hưng, Quận Hà Đông, Hà Nội",22.0,"Kiến Hưng Luxury, Phúc La, Phường Kiến Hưng, Quận Hà Đông, Hà Nội",67.0,3.0,3.0,5.0,Sổ hồng,2025-11-11
"Bán Nhà mặt phố tạiNguyễn Văn Hưởng, Phường Giang Biên, Quận Long Biên, Hà Nội",16.5,"Nguyễn Văn Hưởng, Phường Giang Biên, Quận Long Biên, Hà Nội",55.0,4.0,3.0,4.0,Sổ hồng,2025-11-12
"Bán Nhà biệt thự, liền kề tạiTô ngọc vân, Phường Quảng An, Quận Tây Hồ, Hà Nội",53.6,"Tô ngọc vân, Phường Quảng An, Quận Tây Hồ, Hà Nội",101.0,4.0,4.0,4.0,Sổ hồng,2025-11-11
"Bán Nhà mặt phố tạiNhật chiêu, Phường Tứ Liên, Quận Tây Hồ, Hà Nội",203.0,"Nhật chiêu, Phường Tứ Liên, Quận Tây Hồ, Hà Nội",220.0,6.0,8.0,6.0,Sổ hồng,2025-11-11
"Bán Nhà biệt thự, liền kề theo dự ánKhu đô thị mới Văn Quán tại Nguyễn Khuyến, Phường Văn Quán, Quận Hà Đông, Hà Nội",50.0,"Nguyễn Khuyến, Phường Văn Quán, Quận Hà Đông, Hà Nội",230.0,5.0,5.0,4.0,Sổ hồng,2025-11-10
"Bán Nhà riêng tạiPhường Thụy Khuê, Quận Tây Hồ, Hà Nội",7.2,"Phường Thụy Khuê, Quận Tây Hồ, Hà Nội",30.0,3.0,3.0,6.0,Sổ hồng,2025-11-05
"Bán Nhà riêng tạiTân Thụy, Phường Phúc Đồng, Quận Long Biên, Hà Nội",15.0,"Tân Thụy, Phường Phúc Đồng, Quận Long Biên, Hà Nội",43.0,3.0,5.0,6.0,Sổ hồng,2025-11-05
"Bán Nhà riêng tạiĐa Sĩ, Phường Kiến Hưng, Quận Hà Đông, Hà Nội",5.65,"Đa Sĩ, Phường Kiến Hưng, Quận Hà Đông, Hà Nội",37.0,3.0,3.0,4.0,Sổ hồng,2025-11-03
"Bán Nhà riêng tạiXuân đỗ, Phường Long Biên, Quận Long Biên, Hà Nội",9.5,"Xuân đỗ, Phường Long Biên, Quận Long Biên, Hà Nội",42.0,3.0,5.0,6.0,Sổ hồng,2025-11-02
"Bán Nhà riêng tạiThanh Bình, Phường Mộ Lao, Quận Hà Đông, Hà Nội",7.8,"Thanh Bình, Phường Mộ Lao, Quận Hà Đông, Hà Nội",40.0,4.0,3.0,4.0,Sổ hồng,2025-11-03
"Bán Nhà riêng tạiNgọc Thuỵ, Phường Ngọc Thụy, Quận Long Biên, Hà Nội",10.8,"Ngọc Thuỵ, Phường Ngọc Thụy, Quận Long Biên, Hà Nội",41.0,3.0,4.0,6.0,Sổ hồng,2025-11-01
"Bán Nhà biệt thự, liền kề tạixuân đỉnh, Phường Xuân Đỉnh, Quận Bắc Từ Liêm, Hà Nội",34.5,"xuân đỉnh, Phường Xuân Đỉnh, Quận Bắc Từ Liêm, Hà Nội",124.0,5.0,4.0,5.0,Sổ hồng,2025-10-29
"Bán Nhà riêng tạiPhường Ngọc Thụy, Quận Long Biên, Hà Nội",12.95,"Phường Ngọc Thụy, Quận Long Biên, Hà Nội",53.0,4.0,5.0,6.0,Giấy tờ không xác định,2025-10-31
"Bán Nhà riêng tạiNgọc Lâm, Phường Ngọc Lâm, Quận Long Biên, Hà Nội",13.65,"Ngọc Lâm, Phường Ngọc Lâm, Quận Long Biên, Hà Nội",55.0,3.0,5.0,6.0,Sổ hồng,2025-10-31
"Bán Nhà riêng tạiPhố Trạm, Phường Long Biên, Quận Long Biên, Hà Nội",12.5,"Phố Trạm, Phường Long Biên, Quận Long Biên, Hà Nội",53.0,5.0,2.0,5.0,Sổ hồng,2025-10-31
"Bán Nhà riêng tạiKim Giang, Phường Đại Kim, Quận Hoàng Mai, Hà Nội",8.6,"Kim Giang, Phường Đại Kim, Quận Hoàng Mai, Hà Nội",47.0,2.0,4.0,5.0,Sổ hồng,2025-10-31
"Bán Nhà biệt thự, liền kề tạiĐường Bát Khối, Phường Thạch Bàn, Quận Long Biên, Hà Nội",19.2,"Đường Bát Khối, Phường Thạch Bàn, Quận Long Biên, Hà Nội",90.0,4.0,3.0,5.0,Giấy tờ không xác định,2025-11-25
"Bán Nhà riêng tạiCầu Diễn, Phường Phúc Diễn, Quận Bắc Từ Liêm, Hà Nội",6.9,"Cầu Diễn, Phường Phúc Diễn, Quận Bắc Từ Liêm, Hà Nội",35.0,3.0,3.0,5.0,Sổ hồng,2025-10-29
"Bán Nhà riêng tạiĐường Cổ Linh, Phường Thạch Bàn, Quận Long Biên, Hà Nội",7.4,"Đường Cổ Linh, Phường Thạch Bàn, Quận Long Biên, Hà Nội",52.0,4.0,4.0,5.0,Sổ hồng,2025-11-25
"Bán Nhà riêng tạiPhố Yên Lộ, Phường Yên Nghĩa, Quận Hà Đông, Hà Nội",4.5,"Phố Yên Lộ, Phường Yên Nghĩa, Quận Hà Đông, Hà Nội",55.0,3.0,3.0,4.0,Sổ hồng,2025-11-24
"Bán Nhà riêng tạiYên NGhĩa, Hà Đông, Hà Nội",5.2,"Yên NGhĩa, Hà Đông, Hà Nội",33.0,4.0,3.0,4.0,Sổ hồng,2025-11-25
"Bán Nhà riêng tạiĐường Cổ Linh, Phường Long Biên, Quận Long Biên, Hà Nội",7.95,"Đường Cổ Linh, Phường Long Biên, Quận Long Biên, Hà Nội",32.0,3.0,4.0,5.0,Sổ hồng,2025-11-24
"Bán Nhà riêng tạiPhố Hoa Lâm, Phường Việt Hưng, Quận Long Biên, Hà Nội",8.4,"Phố Hoa Lâm, Phường Việt Hưng, Quận Long Biên, Hà Nội",33.0,3.0,4.0,6.0,Sổ hồng,2025-11-24
"Bán Nhà riêng tạiPhố Vũ Xuân Thiều, Phường Sài Đồng, Quận Long Biên, Hà Nội",8.5,"Phố Vũ Xuân Thiều, Phường Sài Đồng, Quận Long Biên, Hà Nội",40.0,3.0,4.0,6.0,Sổ hồng,2025-11-24
"Bán Nhà riêng theo dự ánKhu đô thị mới Pháp Vân - Tứ Hiệp tại Đường Ngọc Hồi, Hoàng Liệt, Hoàng Mai, Hà Nội",8.8,"Đường Ngọc Hồi, Hoàng Liệt, Hoàng Mai, Hà Nội",42.0,4.0,4.0,5.0,Sổ hồng,2025-11-03
"Bán Nhà riêng tạiphúc lợi, Phường Phúc Lợi, Quận Long Biên, Hà Nội",5.5,"phúc lợi, Phường Phúc Lợi, Quận Long Biên, Hà Nội",32.0,5.0,5.0,5.0,Sổ hồng,2025-05-12
"Bán Nhà biệt thự, liền kề theo dự ánFLC Premier Parc Đại Mỗ tại FLC Premier Parc Đại Mỗ, Đường 70, Phường Đại Mỗ, Nam Từ Liêm, Hà Nội",24.5,"FLC Premier Parc Đại Mỗ, Đường 70, Phường Đại Mỗ, Nam Từ Liêm, Hà Nội",90.0,4.0,5.0,5.0,Giấy tờ không xác định,2025-10-29
"Bán Nhà riêng tạiĐường Ngô Quyền, Nguyễn Trãi, Hà Đông, Hà Nội",8.6,"Đường Ngô Quyền, Nguyễn Trãi, Hà Đông, Hà Nội",30.0,3.0,4.0,5.0,Sổ hồng,2025-10-29
"Bán Nhà riêng tạiNgõ 6 Miêu nha, Phường Tây Mỗ, Quận Nam Từ Liêm, Hà Nội",5.1,"Ngõ 6 Miêu nha, Phường Tây Mỗ, Quận Nam Từ Liêm, Hà Nội",30.0,3.0,4.0,5.0,Sổ hồng,2025-03-31
"Bán Nhà riêng tạiĐường Cự Khối, Phường Cự Khối, Quận Long Biên, Hà Nội",16.0,"Đường Cự Khối, Phường Cự Khối, Quận Long Biên, Hà Nội",56.0,5.0,5.0,7.0,Sổ hồng,2025-11-24
"Bán Nhà riêng tạiphúc lợi, Phường Phúc Lợi, Quận Long Biên, Hà Nội",4.6,"phúc lợi, Phường Phúc Lợi, Quận Long Biên, Hà Nội",30.0,4.0,4.0,4.0,Sổ hồng,2025-05-12
"Bán Nhà riêng tạiNgõ 121 Tây Mỗ, Phường Đại Mỗ, Quận Nam Từ Liêm, Thành phố Hà Nội",5.0,"Ngõ 121 Tây Mỗ, Phường Đại Mỗ, Quận Nam Từ Liêm, Thành phố Hà Nội",42.0,4.0,3.0,4.0,Sổ hồng,2025-02-10
"Bán Nhà riêng tạiMỹ Đình, Phường Mỹ Đình 1, Quận Nam Từ Liêm, Hà Nội",5.45,"Mỹ Đình, Phường Mỹ Đình 1, Quận Nam Từ Liêm, Hà Nội",52.0,3.0,3.0,5.0,Sổ hồng,2025-02-10
"Bán Nhà riêng tại268 Ngọc Thụy, Phường Ngọc Thụy, Quận Long Biên, Thành phố Hà Nội",14.0,"268 Ngọc Thụy, Phường Ngọc Thụy, Quận Long Biên, Thành phố Hà Nội",39.0,3.0,3.0,4.0,Sổ hồng,2025-02-11
"Bán Nhà riêng tạiNgõ 136, Phường Minh Khai, Quận Bắc Từ Liêm, Hà Nội",11.0,"Ngõ 136, Phường Minh Khai, Quận Bắc Từ Liêm, Hà Nội",60.0,4.0,4.0,4.0,Sổ hồng,2025-04-08
"Bán Nhà riêng tạinhà Việt Hưng LB, Phường Việt Hưng, Quận Long Biên, Thành phố Hà Nội",5.0,"nhà Việt Hưng LB, Phường Việt Hưng, Quận Long Biên, Thành phố Hà Nội",38.0,3.0,3.0,5.0,Sổ hồng,2025-02-11
"Bán Nhà riêng tạiĐường Xuân Đỉnh, Phường Xuân Đỉnh, Quận Bắc Từ Liêm, Thành phố Hà Nội",5.95,"Đường Xuân Đỉnh, Phường Xuân Đỉnh, Quận Bắc Từ Liêm, Thành phố Hà Nội",36.0,3.0,3.0,5.0,Giấy tờ không xác định,2025-02-11
"Bán Nhà riêng tạiToà Thiên Niên kỷ, đường Quang Trung, Phường Quang Trung, Quận Hà Đông, Thành phố Hà Nội",3.6,"Toà Thiên Niên kỷ, đường Quang Trung, Phường Quang Trung, Quận Hà Đông, Thành phố Hà Nội",54.0,1.0,1.0,18.0,Sổ hồng,2025-02-10
"Bán Nhà riêng tạido nha, Phường Tây Mỗ, Quận Nam Từ Liêm, Hà Nội",8.15,"do nha, Phường Tây Mỗ, Quận Nam Từ Liêm, Hà Nội",86.0,3.0,2.0,2.0,Sổ hồng,2025-05-12
"Bán Nhà riêng tạicổ nhuế, Phường Cổ Nhuế 1, Quận Bắc Từ Liêm, Hà Nội",12.8,"cổ nhuế, Phường Cổ Nhuế 1, Quận Bắc Từ Liêm, Hà Nội",60.0,6.0,4.0,6.0,Sổ hồng,2025-04-09
"Bán Nhà mặt phố tạiThạch Bàn , Phường Thạch Bàn, Quận Long Biên, Hà Nội",13.5,"Thạch Bàn , Phường Thạch Bàn, Quận Long Biên, Hà Nội",60.0,4.0,4.0,6.0,Sổ hồng,2025-11-04
"Bán Nhà riêng tạingô gia tự, Phường Đức Giang, Quận Long Biên, Hà Nội",43.75,"ngô gia tự, Phường Đức Giang, Quận Long Biên, Hà Nội",175.0,4.0,2.0,9.0,Sổ hồng,2025-10-18
"Bán Nhà riêng tạiQuyết thắng, Phường Yên Nghĩa, Quận Hà Đông, Hà Nội",8.8,"Quyết thắng, Phường Yên Nghĩa, Quận Hà Đông, Hà Nội",35.0,4.0,3.0,5.0,Sổ hồng,2025-06-10
"Bán Nhà riêng tạiPhố Quang Tiến, Phường Đại Mỗ, Quận Nam Từ Liêm, Hà Nội",8.5,"Phố Quang Tiến, Phường Đại Mỗ, Quận Nam Từ Liêm, Hà Nội",45.0,4.0,3.0,4.0,Sổ hồng,2025-04-19
"Bán Nhà riêng tạiĐịnh công thượng, Phường Định Công, Quận Hoàng Mai, Hà Nội",12.5,"Định công thượng, Phường Định Công, Quận Hoàng Mai, Hà Nội",64.0,6.0,5.0,5.0,Sổ hồng,2025-08-22
"Bán Nhà mặt phố tạiPhố Quang Tiến, Phường Đại Mỗ, Quận Nam Từ Liêm, Hà Nội",7.5,"Phố Quang Tiến, Phường Đại Mỗ, Quận Nam Từ Liêm, Hà Nội",36.0,3.0,4.0,23.0,Sổ hồng,2025-04-19
"Bán Nhà riêng tạiDo nha, Phường Tây Mỗ, Quận Nam Từ Liêm, Hà Nội",5.9,"Do nha, Phường Tây Mỗ, Quận Nam Từ Liêm, Hà Nội",50.0,4.0,4.0,4.0,Sổ hồng,2025-05-10
"Bán Nhà riêng tạiphúc lợi, Phường Phúc Lợi, Quận Long Biên, Hà Nội",4.9,"phúc lợi, Phường Phúc Lợi, Quận Long Biên, Hà Nội",32.0,3.0,4.0,5.0,Sổ hồng,2025-05-20
"Bán Nhà riêng tạiphúc lợi, Phường Phúc Lợi, Quận Long Biên, Hà Nội",5.5,"phúc lợi, Phường Phúc Lợi, Quận Long Biên, Hà Nội",36.0,4.0,4.0,5.0,Sổ hồng,2025-05-21
"Bán Nhà riêng tạiĐường Thanh Bình, Phường Mộ Lao, Quận Hà Đông, Hà Nội",13.0,"Đường Thanh Bình, Phường Mộ Lao, Quận Hà Đông, Hà Nội",82.0,4.0,2.0,4.0,Sổ hồng,2025-11-20
"Bán Nhà mặt phố tạiĐường Cổ Linh, Phường Long Biên, Quận Long Biên, Hà Nội",59.0,"Đường Cổ Linh, Phường Long Biên, Quận Long Biên, Hà Nội",118.0,3.0,6.0,8.0,Sổ hồng,2025-11-20
"Bán Nhà riêng tạiMỹ đình, Phường Mỹ Đình 1, Quận Nam Từ Liêm, Hà Nội",10.6,"Mỹ đình, Phường Mỹ Đình 1, Quận Nam Từ Liêm, Hà Nội",38.0,6.0,7.0,6.0,Sổ hồng,2025-11-20
"Bán Nhà riêng tạimậu lương, Phường Kiến Hưng, Quận Hà Đông, Hà Nội",7.1,"mậu lương, Phường Kiến Hưng, Quận Hà Đông, Hà Nội",31.0,3.0,4.0,5.0,Sổ hồng,2025-11-20
"Bán Nhà riêng tạiĐường Nguyễn Văn Linh, Phường Phúc Lợi, Quận Long Biên, Hà Nội",21.5,"Đường Nguyễn Văn Linh, Phường Phúc Lợi, Quận Long Biên, Hà Nội",55.0,4.0,5.0,7.0,Sổ hồng,2025-11-19
"Bán Nhà riêng tạiĐường Nguyễn Văn Lộc, Phường Mộ Lao, Quận Hà Đông, Hà Nội",6.5,"Đường Nguyễn Văn Lộc, Phường Mộ Lao, Quận Hà Đông, Hà Nội",30.0,4.0,4.0,3.0,Sổ hồng,2025-11-18
"Bán Nhà riêng tạiĐường Nguyễn Văn Linh, Phường Long Biên, Quận Long Biên, Hà Nội",16.0,"Đường Nguyễn Văn Linh, Phường Long Biên, Quận Long Biên, Hà Nội",87.0,7.0,4.0,3.0,Sổ hồng,2025-11-18
"Bán Nhà riêng tạiĐường Ngọc Lâm, Phường Bồ Đề, Quận Long Biên, Hà Nội",16.8,"Đường Ngọc Lâm, Phường Bồ Đề, Quận Long Biên, Hà Nội",70.0,4.0,5.0,5.0,Sổ hồng,2025-11-19
"Bán Nhà riêng tạiPhú diễn, Phường Phú Diễn, Quận Bắc Từ Liêm, Hà Nội",13.0,"Phú diễn, Phường Phú Diễn, Quận Bắc Từ Liêm, Hà Nội",85.0,4.0,4.0,7.0,Sổ hồng,2025-11-19
"Bán Nhà mặt phố tạiao sen, Phường Văn Quán, Quận Hà Đông, Hà Nội",15.6,"ao sen, Phường Văn Quán, Quận Hà Đông, Hà Nội",50.0,8.0,6.0,6.0,Sổ hồng,2025-11-18
"Bán Nhà riêng tạicầu diễn, Phường Cầu Diễn, Quận Nam Từ Liêm, Hà Nội",7.95,"cầu diễn, Phường Cầu Diễn, Quận Nam Từ Liêm, Hà Nội",39.0,4.0,5.0,5.0,Sổ hồng,2025-11-18
"Bán Nhà riêng tạiđa sỹ, Phường Kiến Hưng, Quận Hà Đông, Hà Nội",6.9,"đa sỹ, Phường Kiến Hưng, Quận Hà Đông, Hà Nội",31.0,3.0,3.0,4.0,Sổ hồng,2025-11-18
"Bán Nhà riêng tạiĐường Trung Văn, Phường Trung Văn, Quận Nam Từ Liêm, Hà Nội",6.5,"Đường Trung Văn, Phường Trung Văn, Quận Nam Từ Liêm, Hà Nội",31.0,4.0,4.0,5.0,Sổ hồng,2025-11-17
"Bán Nhà riêng tạiđa sỹ, Phường Kiến Hưng, Quận Hà Đông, Hà Nội",6.95,"đa sỹ, Phường Kiến Hưng, Quận Hà Đông, Hà Nội",30.0,3.0,4.0,5.0,Sổ hồng,2025-11-17
"Bán Nhà riêng tạiĐường Trung Văn, Phường Trung Văn, Quận Nam Từ Liêm, Hà Nội",6.5,"Đường Trung Văn, Phường Trung Văn, Quận Nam Từ Liêm, Hà Nội",32.0,4.0,4.0,5.0,Sổ hồng,2025-11-16
"Bán Nhà tái định cư tạiĐường Ngọc Thụy, Phường Bồ Đề, Quận Long Biên, Hà Nội",25.7,"Đường Ngọc Thụy, Phường Bồ Đề, Quận Long Biên, Hà Nội",58.0,3.0,5.0,7.0,Sổ hồng,2025-11-16
"Bán Nhà mặt phố tạiĐường Ngô Gia Khảm, Phường Bồ Đề, Quận Long Biên, Hà Nội",14.5,"Đường Ngô Gia Khảm, Phường Bồ Đề, Quận Long Biên, Hà Nội",35.0,4.0,6.0,7.0,Sổ hồng,2025-11-15
"Bán Nhà riêng tạiĐường Vũ Xuân Thiều, Phường Sài Đồng, Quận Long Biên, Hà Nội",14.65,"Đường Vũ Xuân Thiều, Phường Sài Đồng, Quận Long Biên, Hà Nội",46.0,3.0,3.0,7.0,Sổ hồng,2025-11-14
"Bán Nhà riêng tạitrần phú, Phường Văn Quán, Quận Hà Đông, Hà Nội",7.15,"trần phú, Phường Văn Quán, Quận Hà Đông, Hà Nội",23.0,3.0,4.0,6.0,Sổ hồng,2025-11-14
"Bán Nhà riêng tạiPhố Đại Từ , Phường Đại Kim, Quận Hoàng Mai, Hà Nội",12.5,"Phố Đại Từ , Phường Đại Kim, Quận Hoàng Mai, Hà Nội",44.0,4.0,4.0,5.0,Sổ hồng,2025-11-14
"Bán Nhà biệt thự, liền kề theo dự ánLàng Việt Kiều Châu Âu Euroland tại Làng việt kiều châu âu, Phường Mộ Lao, Quận Hà Đông, Hà Nội",56.0,"Làng việt kiều châu âu, Phường Mộ Lao, Quận Hà Đông, Hà Nội",144.0,5.0,4.0,3.0,Sổ hồng,2025-11-12
"Bán Nhà biệt thự, liền kề tạiĐường Ngọc Lâm, Phường Bồ Đề, Quận Long Biên, Hà Nội",55.5,"Đường Ngọc Lâm, Phường Bồ Đề, Quận Long Biên, Hà Nội",280.0,5.0,7.0,4.0,Sổ hồng,2025-11-12
"Bán Nhà riêng tạiĐường Xa La, Phường Phúc La, Quận Hà Đông, Hà Nội",8.2,"Đường Xa La, Phường Phúc La, Quận Hà Đông, Hà Nội",35.0,4.0,4.0,5.0,Sổ hồng,2025-11-12
"Bán Nhà riêng tạiYên Bình, Phường Văn Quán, Quận Hà Đông, Hà Nội",13.9,"Yên Bình, Phường Văn Quán, Quận Hà Đông, Hà Nội",40.0,3.0,4.0,5.0,Sổ hồng,2025-11-13
"Bán Nhà mặt phố tạiĐường Nguyễn Văn Cừ, Phường Bồ Đề, Quận Long Biên, Hà Nội",58.5,"Đường Nguyễn Văn Cừ, Phường Bồ Đề, Quận Long Biên, Hà Nội",130.0,6.0,9.0,12.0,Sổ hồng,2025-11-11
"Bán Nhà riêng tạiBa La, Phường Phú La, Quận Hà Đông, Hà Nội",7.85,"Ba La, Phường Phú La, Quận Hà Đông, Hà Nội",35.0,3.0,2.0,3.0,Sổ hồng,2025-11-12
"Bán Nhà riêng tạivạn phúc, Phường Vạn Phúc, Quận Hà Đông, Hà Nội",7.6,"vạn phúc, Phường Vạn Phúc, Quận Hà Đông, Hà Nội",32.0,3.0,4.0,5.0,Sổ hồng,2025-11-11
"Bán Nhà riêng tạiQuang Trung, Phường La Khê, Quận Hà Đông, Hà Nội",5.9,"Quang Trung, Phường La Khê, Quận Hà Đông, Hà Nội",25.0,3.0,4.0,5.0,Sổ hồng,2025-11-10
"Bán Nhà biệt thự, liền kề tạiTố Hữu, Phường Vạn Phúc, Quận Hà Đông, Hà Nội",22.5,"Tố Hữu, Phường Vạn Phúc, Quận Hà Đông, Hà Nội",55.0,5.0,6.0,7.0,Sổ hồng,2025-11-11
"Bán Nhà riêng tạiĐường Xa La, Phường Phúc La, Quận Hà Đông, Hà Nội",8.2,"Đường Xa La, Phường Phúc La, Quận Hà Đông, Hà Nội",30.0,5.0,5.0,6.0,Sổ hồng,2025-11-08
"Bán Nhà riêng tạiHà trì 3, Phường Hà Cầu, Quận Hà Đông, Hà Nội",7.45,"Hà trì 3, Phường Hà Cầu, Quận Hà Đông, Hà Nội",31.0,3.0,4.0,5.0,Sổ hồng,2025-11-10
"Bán Nhà riêng tạiĐường Ngọc Thụy, Phường Bồ Đề, Quận Long Biên, Hà Nội",17.3,"Đường Ngọc Thụy, Phường Bồ Đề, Quận Long Biên, Hà Nội",50.0,3.0,4.0,7.0,Sổ hồng,2025-11-09
"Bán Nhà riêng tạimậu lương, Phường Kiến Hưng, Quận Hà Đông, Hà Nội",7.08,"mậu lương, Phường Kiến Hưng, Quận Hà Đông, Hà Nội",31.0,3.0,4.0,5.0,Sổ hồng,2025-11-08
"Bán Nhà riêng tạimậu lương, Phường Kiến Hưng, Quận Hà Đông, Hà Nội",7.6,"mậu lương, Phường Kiến Hưng, Quận Hà Đông, Hà Nội",31.0,3.0,4.0,5.0,Sổ hồng,2025-11-08
"Bán Nhà mặt phố tạiĐường Bồ Đề, Phường Bồ Đề, Quận Long Biên, Hà Nội",85.5,"Đường Bồ Đề, Phường Bồ Đề, Quận Long Biên, Hà Nội",226.0,4.0,3.0,3.0,Sổ hồng,2025-11-08
"Bán Nhà mặt phố tạiĐường Đàm Quang Trung, Phường Long Biên, Quận Long Biên, Hà Nội",26.2,"Đường Đàm Quang Trung, Phường Long Biên, Quận Long Biên, Hà Nội",75.0,6.0,6.0,8.0,Sổ hồng,2025-11-07
"Bán Nhà riêng tạiđa sỹ, Phường Kiến Hưng, Quận Hà Đông, Hà Nội",6.95,"đa sỹ, Phường Kiến Hưng, Quận Hà Đông, Hà Nội",30.0,3.0,3.0,5.0,Sổ hồng,2025-11-07
"Bán Nhà riêng tạiđa sỹ, Phường Kiến Hưng, Quận Hà Đông, Hà Nội",6.9,"đa sỹ, Phường Kiến Hưng, Quận Hà Đông, Hà Nội",33.0,5.0,3.0,5.0,Sổ hồng,2025-11-07
"Bán Nhà mặt phố tạiĐường Hoàng Như Tiếp, Phường Bồ Đề, Quận Long Biên, Hà Nội",43.5,"Đường Hoàng Như Tiếp, Phường Bồ Đề, Quận Long Biên, Hà Nội",84.0,4.0,6.0,8.0,Sổ hồng,2025-11-07
"Bán Nhà riêng tạivạn phúc, Phường Vạn Phúc, Quận Hà Đông, Hà Nội",7.96,"vạn phúc, Phường Vạn Phúc, Quận Hà Đông, Hà Nội",34.0,3.0,3.0,4.0,Sổ hồng,2025-11-06
"Bán Nhà riêng tạiTrương Định , Phường Tương Mai, Quận Hoàng Mai, Hà Nội",16.5,"Trương Định , Phường Tương Mai, Quận Hoàng Mai, Hà Nội",80.0,3.0,3.0,3.0,Sổ hồng,2025-11-05
"Bán Nhà riêng tạimậu lương, Phường Kiến Hưng, Quận Hà Đông, Hà Nội",7.3,"mậu lương, Phường Kiến Hưng, Quận Hà Đông, Hà Nội",33.0,3.0,4.0,5.0,Sổ hồng,2025-11-04
"Bán Nhà riêng tạiPhố Lụa, Vạn Phúc, Phường Vạn Phúc, Quận Hà Đông, Hà Nội",6.9,"Phố Lụa, Vạn Phúc, Phường Vạn Phúc, Quận Hà Đông, Hà Nội",40.0,3.0,3.0,3.0,Sổ hồng,2025-11-03
"Bán Nhà riêng tạiPhố Lụa, Phường Vạn Phúc, Quận Hà Đông, Hà Nội",8.3,"Phố Lụa, Phường Vạn Phúc, Quận Hà Đông, Hà Nội",30.0,3.0,3.0,5.0,Sổ hồng,2025-11-04
"Bán Nhà riêng tạiĐường Vạn Phúc, Phường Vạn Phúc, Quận Hà Đông, Hà Nội",8.5,"Đường Vạn Phúc, Phường Vạn Phúc, Quận Hà Đông, Hà Nội",40.0,3.0,4.0,4.0,Sổ hồng,2025-11-01
"Bán Nhà riêng tạiPhường Vĩnh Hưng, Quận Hoàng Mai, Hà Nội",8.8,"Phường Vĩnh Hưng, Quận Hoàng Mai, Hà Nội",40.0,3.0,3.0,5.0,Sổ hồng,2025-11-02
"Bán Nhà biệt thự, liền kề theo dự ánKhu đô thị Geleximco - Lê Trọng Tấn tại Khu đô thị Geleximco - Lê Trọng Tấn, Lê trọng Tấn, Phường Dương Nội, Quận Hà Đông, Hà Nội",22.0,"Khu đô thị Geleximco - Lê Trọng Tấn, Lê trọng Tấn, Phường Dương Nội, Quận Hà Đông, Hà Nội",120.0,5.0,5.0,4.0,Sổ hồng,2025-10-29
"Bán Nhà mặt phố tạiĐường Xuân Diệu, Phường Quảng An, Quận Tây Hồ, Hà Nội",85.0,"Đường Xuân Diệu, Phường Quảng An, Quận Tây Hồ, Hà Nội",139.0,7.0,7.0,8.0,Sổ hồng,2025-10-30
"Bán Nhà biệt thự, liền kề theo dự ánKhu đô thị mới Xa La tại Khu đô thị mới Xa La, Hạnh hoa, Phường Phúc La, Quận Hà Đông, Hà Nội",41.0,"Khu đô thị mới Xa La, Hạnh hoa, Phường Phúc La, Quận Hà Đông, Hà Nội",120.0,4.0,5.0,4.0,Sổ hồng,2025-10-29
"Bán Nhà riêng tạiPhan Đình Giót, Phường La Khê, Quận Hà Đông, Hà Nội",7.35,"Phan Đình Giót, Phường La Khê, Quận Hà Đông, Hà Nội",35.0,3.0,4.0,4.0,Sổ hồng,2025-10-30
"Bán Nhà riêng tạimậu lương, Phường Kiến Hưng, Quận Hà Đông, Hà Nội",7.3,"mậu lương, Phường Kiến Hưng, Quận Hà Đông, Hà Nội",33.0,3.0,4.0,5.0,Sổ hồng,2025-10-28
"Bán Nhà riêng tạiTrần Phú, Phường Văn Quán, Quận Hà Đông, Hà Nội",10.6,"Trần Phú, Phường Văn Quán, Quận Hà Đông, Hà Nội",32.0,3.0,4.0,6.0,Sổ hồng,2025-10-29
"Bán Nhà riêng tạimậu lương, Phường Kiến Hưng, Quận Hà Đông, Hà Nội",7.3,"mậu lương, Phường Kiến Hưng, Quận Hà Đông, Hà Nội",35.0,3.0,4.0,5.0,Sổ hồng,2025-10-29
"Bán Nhà riêng tạiĐường Hồng Tiến, Phường Bồ Đề, Quận Long Biên, Hà Nội",18.5,"Đường Hồng Tiến, Phường Bồ Đề, Quận Long Biên, Hà Nội",65.0,3.0,4.0,5.0,Sổ hồng,2025-10-29
"Bán Nhà riêng tạimậu lương, Phường Kiến Hưng, Quận Hà Đông, Hà Nội",7.1,"mậu lương, Phường Kiến Hưng, Quận Hà Đông, Hà Nội",30.0,3.0,4.0,5.0,Sổ hồng,2025-10-29
"Bán Nhà riêng tạimậu lương, Phường Kiến Hưng, Quận Hà Đông, Hà Nội",7.1,"mậu lương, Phường Kiến Hưng, Quận Hà Đông, Hà Nội",30.0,3.0,4.0,5.0,Sổ hồng,2025-10-28
"Bán Nhà biệt thự, liền kề tạiBắc Cầu, Phường Ngọc Thụy, Quận Long Biên, Hà Nội",13.9,"Bắc Cầu, Phường Ngọc Thụy, Quận Long Biên, Hà Nội",250.0,4.0,3.0,4.0,Sổ hồng,2025-10-28
"Bán Nhà riêng tạiĐường Ngọc Lâm, Phường Bồ Đề, Quận Long Biên, Hà Nội",27.0,"Đường Ngọc Lâm, Phường Bồ Đề, Quận Long Biên, Hà Nội",71.0,4.0,5.0,5.0,Sổ hồng,2025-10-28
"Bán Nhà riêng tạiĐường Bế Văn Đàn, Phường Quang Trung, Quận Hà Đông, Hà Nội",6.0,"Đường Bế Văn Đàn, Phường Quang Trung, Quận Hà Đông, Hà Nội",20.0,4.0,4.0,5.0,Sổ hồng,2025-10-27
"Bán Nhà mặt phố tạiĐường Tân Thụy, Phường Phúc Đồng, Quận Long Biên, Hà Nội",21.5,"Đường Tân Thụy, Phường Phúc Đồng, Quận Long Biên, Hà Nội",65.0,6.0,6.0,8.0,Sổ hồng,2025-10-28
"Bán Nhà riêng tạiTân Mai, Phường Tân Mai, Quận Hoàng Mai, Hà Nội",3.2,"Tân Mai, Phường Tân Mai, Quận Hoàng Mai, Hà Nội",60.0,2.0,1.0,1.0,Sổ hồng,2025-10-28
"Bán Nhà riêng tạiĐường Thanh Bình, Phường Mộ Lao, Quận Hà Đông, Hà Nội",7.7,"Đường Thanh Bình, Phường Mộ Lao, Quận Hà Đông, Hà Nội",51.0,4.0,4.0,4.0,Sổ hồng,2025-10-27
"Bán Nhà riêng tạiKim Đồng, Phường Tân Mai, Quận Hoàng Mai, Hà Nội",3.95,"Kim Đồng, Phường Tân Mai, Quận Hoàng Mai, Hà Nội",30.0,3.0,2.0,4.0,Giấy tờ không xác định,2025-10-27
"Bán Nhà mặt phố tạiLương Ngọc Quyến, Phường Văn Quán, Quận Hà Đông, Hà Nội",16.9,"Lương Ngọc Quyến, Phường Văn Quán, Quận Hà Đông, Hà Nội",46.0,6.0,4.0,5.0,Sổ hồng,2025-10-27
"Bán Nhà riêng tạiĐường Hà Trì, Phường Hà Cầu, Quận Hà Đông, Hà Nội",7.65,"Đường Hà Trì, Phường Hà Cầu, Quận Hà Đông, Hà Nội",35.0,4.0,4.0,5.0,Sổ hồng,2025-10-25
"Bán Nhà mặt phố tạiNgô Gia Tự, Phường Đức Giang, Quận Long Biên, Hà Nội",6.2,"Ngô Gia Tự, Phường Đức Giang, Quận Long Biên, Hà Nội",43.0,4.0,4.0,5.0,Sổ hồng,2025-10-25
"Bán Nhà riêng tạiĐường Nguyễn Văn Cừ, Phường Bồ Đề, Quận Long Biên, Hà Nội",12.9,"Đường Nguyễn Văn Cừ, Phường Bồ Đề, Quận Long Biên, Hà Nội",60.0,6.0,5.0,5.0,Sổ hồng,2025-10-26
"Bán Nhà biệt thự, liền kề theo dự ánVinhomes Riverside tại Hoa Phượng, Việt Hưng, Long Biên, Hà Nội",95.0,"Hoa Phượng, Việt Hưng, Long Biên, Hà Nội",257.0,4.0,5.0,3.0,Sổ hồng,2025-10-25
"Bán Nhà riêng tạiVĩnh Hưng, Vĩnh Hưng, Hoàng Mai, Hà Nội",5.5,"Vĩnh Hưng, Vĩnh Hưng, Hoàng Mai, Hà Nội",55.0,6.0,4.0,5.0,Sổ hồng,2025-10-25
"Bán Nhà riêng tạiPhùng Hưng, Phường Phúc La, Quận Hà Đông, Hà Nội",9.0,"Phùng Hưng, Phường Phúc La, Quận Hà Đông, Hà Nội",45.0,2.0,2.0,3.0,Sổ hồng,2025-10-25
"Bán Nhà biệt thự, liền kề tạimậu lương, Phường Kiến Hưng, Quận Hà Đông, Hà Nội",25.5,"mậu lương, Phường Kiến Hưng, Quận Hà Đông, Hà Nội",72.0,21.0,21.0,7.0,Sổ hồng,2025-10-25
"Bán Nhà riêng tạiĐường Bát Khối, Phường Long Biên, Quận Long Biên, Hà Nội",16.8,"Đường Bát Khối, Phường Long Biên, Quận Long Biên, Hà Nội",95.0,9.0,5.0,7.0,Sổ hồng,2025-10-25
"Bán Nhà mặt phố theo dự ánKĐT Tây Hồ Tây - Starlake Hà Nội tại Nguyễn Văn Huyên Kéo Dài, Xuân La, Tây Hồ, Hà Nội",368.0,"Nguyễn Văn Huyên Kéo Dài, Xuân La, Tây Hồ, Hà Nội",478.0,5.0,5.0,5.0,Sổ hồng,2025-10-25
"Bán Nhà riêng tạiVũ Xuân Thiều, Phường Phúc Lợi, Quận Long Biên, Hà Nội",12.8,"Vũ Xuân Thiều, Phường Phúc Lợi, Quận Long Biên, Hà Nội",47.0,4.0,5.0,7.0,Giấy tờ không xác định,2025-10-24
"Bán Nhà riêng tạiĐàm Quang Trung, Phường Long Biên, Quận Long Biên, Hà Nội",5.6,"Đàm Quang Trung, Phường Long Biên, Quận Long Biên, Hà Nội",32.0,3.0,4.0,5.0,Giấy tờ không xác định,2025-10-24
"Bán Nhà riêng tạiPhố Lụa, Phường Vạn Phúc, Quận Hà Đông, Hà Nội",7.85,"Phố Lụa, Phường Vạn Phúc, Quận Hà Đông, Hà Nội",31.0,3.0,4.0,5.0,Sổ hồng,2025-10-24
"Bán Nhà riêng tạiPhường Thạch Bàn, Quận Long Biên, Hà Nội",5.9,"Phường Thạch Bàn, Quận Long Biên, Hà Nội",39.0,3.0,4.0,5.0,Giấy tờ không xác định,2025-10-24
"Bán Nhà riêng tạiĐàm Quang Trung, Phường Long Biên, Quận Long Biên, Hà Nội",6.15,"Đàm Quang Trung, Phường Long Biên, Quận Long Biên, Hà Nội",30.0,3.0,4.0,6.0,Giấy tờ không xác định,2025-10-24
"Bán Nhà biệt thự, liền kề theo dự ánKĐT Tây Hồ Tây - Starlake Hà Nội tại Starlake Tây Hồ Tây, Xuân La, Tây Hồ, Hà Nội",102.0,"Starlake Tây Hồ Tây, Xuân La, Tây Hồ, Hà Nội",270.0,4.0,6.0,4.0,Sổ hồng,2025-10-25
"Bán Nhà riêng tạiPhường Cự Khối, Quận Long Biên, Hà Nội",7.9,"Phường Cự Khối, Quận Long Biên, Hà Nội",52.0,4.0,4.0,5.0,Sổ hồng,2025-10-24
"Bán Nhà riêng tạiGia Quất, Phường Thượng Thanh, Quận Long Biên, Hà Nội",5.9,"Gia Quất, Phường Thượng Thanh, Quận Long Biên, Hà Nội",30.0,3.0,4.0,5.0,Sổ hồng,2025-10-24
"Bán Nhà riêng tạiPhường Ngọc Thụy, Quận Long Biên, Hà Nội",13.0,"Phường Ngọc Thụy, Quận Long Biên, Hà Nội",94.0,3.0,3.0,3.0,Sổ hồng,2025-10-24
"Bán Nhà riêng tạiPhường Ngọc Lâm, Quận Long Biên, Hà Nội",43.5,"Phường Ngọc Lâm, Quận Long Biên, Hà Nội",134.0,5.0,6.0,6.0,Sổ hồng,2025-10-24
"Bán Nhà riêng tạiPhường Long Biên, Quận Long Biên, Hà Nội",12.9,"Phường Long Biên, Quận Long Biên, Hà Nội",49.0,4.0,5.0,6.0,Giấy tờ không xác định,2025-10-24
"Bán Nhà riêng tạiVăn Phú, Hà Đông, Phường Quang Trung, Quận Hà Đông, Hà Nội",8.0,"Văn Phú, Hà Đông, Phường Quang Trung, Quận Hà Đông, Hà Nội",35.0,3.0,3.0,4.0,Sổ hồng,2025-10-24
"Bán Nhà riêng tạiĐường Nguyễn Sơn, Phường Bồ Đề, Quận Long Biên, Hà Nội",12.9,"Đường Nguyễn Sơn, Phường Bồ Đề, Quận Long Biên, Hà Nội",60.0,6.0,5.0,6.0,Sổ hồng,2025-10-23
"Bán Nhà riêng tạiPhường Mễ Trì, Quận Nam Từ Liêm, Hà Nội",20.6,"Phường Mễ Trì, Quận Nam Từ Liêm, Hà Nội",75.0,4.0,4.0,3.0,Sổ hồng,2025-10-23
"Bán Nhà biệt thự, liền kề tạiĐường Ngô Thì Nhậm, Phường La Khê, Quận Hà Đông, Hà Nội",17.0,"Đường Ngô Thì Nhậm, Phường La Khê, Quận Hà Đông, Hà Nội",50.0,5.0,5.0,6.0,Sổ hồng,2025-10-24
"Bán Nhà mặt phố tạiĐường Ngọc Lâm, Phường Bồ Đề, Quận Long Biên, Hà Nội",29.0,"Đường Ngọc Lâm, Phường Bồ Đề, Quận Long Biên, Hà Nội",60.0,4.0,3.0,4.0,Sổ hồng,2025-10-23
"Bán Nhà riêng tạiđa sỹ, Phường Kiến Hưng, Quận Hà Đông, Hà Nội",7.1,"đa sỹ, Phường Kiến Hưng, Quận Hà Đông, Hà Nội",30.0,3.0,4.0,5.0,Sổ hồng,2025-10-23
"Bán Nhà riêng tạivăn phú, hà đông, Phường Quang Trung, Quận Hà Đông, Hà Nội",11.3,"văn phú, hà đông, Phường Quang Trung, Quận Hà Đông, Hà Nội",34.0,4.0,4.0,5.0,Sổ hồng,2025-10-23
"Bán Nhà riêng tạiĐường 1, Phường Văn Quán, Quận Hà Đông, Hà Nội",9.8,"Đường 1, Phường Văn Quán, Quận Hà Đông, Hà Nội",34.0,3.0,3.0,5.0,Sổ hồng,2025-10-23
"Bán Nhà riêng tạiĐường Phúc Lợi, Phường Phúc Lợi, Quận Long Biên, Hà Nội",8.3,"Đường Phúc Lợi, Phường Phúc Lợi, Quận Long Biên, Hà Nội",72.0,4.0,4.0,4.0,Sổ hồng,2025-10-22
"Bán Nhà biệt thự, liền kề tạiĐường Đức Giang, Phường Việt Hưng, Quận Long Biên, Hà Nội",31.6,"Đường Đức Giang, Phường Việt Hưng, Quận Long Biên, Hà Nội",147.0,5.0,5.0,5.0,Sổ hồng,2025-10-22
"Bán Nhà riêng tạitrần phú, Phường Văn Quán, Quận Hà Đông, Hà Nội",9.6,"trần phú, Phường Văn Quán, Quận Hà Đông, Hà Nội",32.0,3.0,4.0,5.0,Sổ hồng,2025-10-22
"Bán Nhà riêng tạiAo Sen, Phường Mộ Lao, Quận Hà Đông, Hà Nội",2.5,"Ao Sen, Phường Mộ Lao, Quận Hà Đông, Hà Nội",60.0,2.0,2.0,5.0,Giấy tờ không xác định,2025-10-22
"Bán Nhà riêng tạiĐường Nguyễn Văn Cừ, Phường Bồ Đề, Quận Long Biên, Hà Nội",12.8,"Đường Nguyễn Văn Cừ, Phường Bồ Đề, Quận Long Biên, Hà Nội",42.0,3.0,3.0,5.0,Sổ hồng,2025-10-22
"Bán Nhà riêng tạiNguyễn Văn Trỗi, Phường Mộ Lao, Quận Hà Đông, Hà Nội",11.5,"Nguyễn Văn Trỗi, Phường Mộ Lao, Quận Hà Đông, Hà Nội",32.0,3.0,3.0,5.0,Sổ hồng,2025-10-22
"Bán Nhà riêng tạiLê Lợi, Phường Nguyễn Trãi, Quận Hà Đông, Hà Nội",6.1,"Lê Lợi, Phường Nguyễn Trãi, Quận Hà Đông, Hà Nội",34.0,2.0,2.0,2.0,Sổ hồng,2025-10-22
"Bán Nhà riêng tạichiến thắng, Phường Văn Quán, Quận Hà Đông, Hà Nội",6.5,"chiến thắng, Phường Văn Quán, Quận Hà Đông, Hà Nội",22.0,3.0,3.0,5.0,Sổ hồng,2025-10-21
"Bán Nhà riêng tạiĐường Nguyễn Sơn, Phường Bồ Đề, Quận Long Biên, Hà Nội",12.9,"Đường Nguyễn Sơn, Phường Bồ Đề, Quận Long Biên, Hà Nội",60.0,5.0,5.0,5.0,Sổ hồng,2025-10-21
"Bán Nhà riêng tạiĐường Phúc Lợi, Phường Phúc Lợi, Quận Long Biên, Hà Nội",6.9,"Đường Phúc Lợi, Phường Phúc Lợi, Quận Long Biên, Hà Nội",42.0,4.0,4.0,4.0,Sổ hồng,2025-10-21
"Bán Nhà riêng tạiNguyễn Lam, Phường Phúc Đồng, Quận Long Biên, Hà Nội",13.2,"Nguyễn Lam, Phường Phúc Đồng, Quận Long Biên, Hà Nội",46.0,4.0,5.0,7.0,Sổ hồng,2025-10-21
"Bán Nhà riêng tạiPhường Mỹ Đình 2, Quận Nam Từ Liêm, Hà Nội",38.9,"Phường Mỹ Đình 2, Quận Nam Từ Liêm, Hà Nội",100.0,21.0,10.0,9.0,Sổ hồng,2025-10-21
"Bán Nhà riêng tại19/5, Phường Văn Quán, Quận Hà Đông, Hà Nội",7.85,"19/5, Phường Văn Quán, Quận Hà Đông, Hà Nội",33.0,3.0,4.0,4.0,Sổ hồng,2025-10-21
"Bán Nhà riêng tạivăn phú, Phường Phú La, Quận Hà Đông, Hà Nội",6.8,"văn phú, Phường Phú La, Quận Hà Đông, Hà Nội",32.0,3.0,4.0,5.0,Sổ hồng,2025-10-20
"Bán Nhà riêng tạimậu lương, Phường Kiến Hưng, Quận Hà Đông, Hà Nội",7.5,"mậu lương, Phường Kiến Hưng, Quận Hà Đông, Hà Nội",33.0,3.0,4.0,5.0,Sổ hồng,2025-10-20
"Bán Nhà riêng tạimậu lương, Phường Kiến Hưng, Quận Hà Đông, Hà Nội",7.4,"mậu lương, Phường Kiến Hưng, Quận Hà Đông, Hà Nội",33.0,3.0,4.0,5.0,Sổ hồng,2025-10-18
"Bán Nhà riêng tạiĐường Kẻ Tạnh, Phường Phúc Lợi, Quận Long Biên, Hà Nội",5.3,"Đường Kẻ Tạnh, Phường Phúc Lợi, Quận Long Biên, Hà Nội",30.0,2.0,3.0,3.0,Sổ hồng,2025-10-17
"Bán Nhà riêng tạiĐường Kẻ Tạnh, Phường Phúc Lợi, Quận Long Biên, Hà Nội",5.95,"Đường Kẻ Tạnh, Phường Phúc Lợi, Quận Long Biên, Hà Nội",30.0,3.0,4.0,5.0,Sổ hồng,2025-10-17
"Bán Nhà riêng tạiViệt Hưng, Phường Việt Hưng, Quận Long Biên, Hà Nội",18.9,"Việt Hưng, Phường Việt Hưng, Quận Long Biên, Hà Nội",65.0,4.0,5.0,6.0,Sổ hồng,2025-10-17
"Bán Nhà biệt thự, liền kề tạiĐường Cổ Linh, Phường Long Biên, Quận Long Biên, Hà Nội",28.6,"Đường Cổ Linh, Phường Long Biên, Quận Long Biên, Hà Nội",128.0,5.0,5.0,4.0,Sổ hồng,2025-10-16
"Bán Nhà riêng tạiPhúc Lợi, Phường Phúc Lợi, Quận Long Biên, Hà Nội",6.2,"Phúc Lợi, Phường Phúc Lợi, Quận Long Biên, Hà Nội",50.0,5.0,4.0,5.0,Giấy tờ không xác định,2025-10-17
"Bán Nhà mặt phố tạiquang trung, Phường La Khê, Quận Hà Đông, Hà Nội",14.0,"quang trung, Phường La Khê, Quận Hà Đông, Hà Nội",70.0,3.0,4.0,4.0,Sổ hồng,2025-10-16
"Bán Nhà riêng tạiĐường Vào Thanh Am, Phường Thượng Thanh, Quận Long Biên, Hà Nội",9.5,"Đường Vào Thanh Am, Phường Thượng Thanh, Quận Long Biên, Hà Nội",71.0,4.0,5.0,6.0,Giấy tờ không xác định,2025-10-17
"Bán Nhà riêng tạiđa sỹ, Phường Kiến Hưng, Quận Hà Đông, Hà Nội",6.85,"đa sỹ, Phường Kiến Hưng, Quận Hà Đông, Hà Nội",34.0,4.0,3.0,4.0,Sổ hồng,2025-10-16
"Bán Nhà biệt thự, liền kề tạiĐường Lý Sơn, Phường Thượng Thanh, Quận Long Biên, Hà Nội",23.5,"Đường Lý Sơn, Phường Thượng Thanh, Quận Long Biên, Hà Nội",90.0,5.0,5.0,6.0,Sổ hồng,2025-10-16
"Bán Nhà riêng tạimậu lương, Phường Kiến Hưng, Quận Hà Đông, Hà Nội",5.66,"mậu lương, Phường Kiến Hưng, Quận Hà Đông, Hà Nội",33.0,4.0,3.0,4.0,Sổ hồng,2025-10-17
"Bán Nhà riêng tạiđa sỹ, Phường Kiến Hưng, Quận Hà Đông, Hà Nội",6.1,"đa sỹ, Phường Kiến Hưng, Quận Hà Đông, Hà Nội",30.0,3.0,4.0,5.0,Sổ hồng,2025-10-16
"Bán Nhà mặt phố tạiĐường Quang Trung, Phường Quang Trung, Quận Hà Đông, Hà Nội",16.0,"Đường Quang Trung, Phường Quang Trung, Quận Hà Đông, Hà Nội",40.0,6.0,6.0,7.0,Sổ hồng,2025-10-16
"Bán Nhà riêng tạivạn phúc, Phường Vạn Phúc, Quận Hà Đông, Hà Nội",16.0,"vạn phúc, Phường Vạn Phúc, Quận Hà Đông, Hà Nội",45.0,4.0,4.0,5.0,Sổ hồng,2025-10-16
"Bán Nhà riêng tạiĐường Văn Khê, Phường La Khê, Quận Hà Đông, Hà Nội",17.0,"Đường Văn Khê, Phường La Khê, Quận Hà Đông, Hà Nội",50.0,7.0,6.0,7.0,Sổ hồng,2025-10-15
"Bán Nhà riêng tạiPhan Đình Giót, Phường La Khê, Quận Hà Đông, Hà Nội",6.95,"Phan Đình Giót, Phường La Khê, Quận Hà Đông, Hà Nội",30.0,3.0,4.0,5.0,Sổ hồng,2025-10-15
"Bán Nhà riêng tạiPhố Trạm, Phường Long Biên, Quận Long Biên, Hà Nội",10.8,"Phố Trạm, Phường Long Biên, Quận Long Biên, Hà Nội",40.0,3.0,4.0,5.0,Sổ hồng,2025-10-15
"Bán Nhà riêng tại19/5, Phường Văn Quán, Quận Hà Đông, Hà Nội",7.0,"19/5, Phường Văn Quán, Quận Hà Đông, Hà Nội",32.0,3.0,3.0,3.0,Sổ hồng,2025-10-14
"Bán Nhà riêng tạiĐường Ngọc Thụy, Phường Bồ Đề, Quận Long Biên, Hà Nội",22.6,"Đường Ngọc Thụy, Phường Bồ Đề, Quận Long Biên, Hà Nội",100.0,4.0,4.0,5.0,Sổ hồng,2025-10-15
"Bán Nhà riêng tạimậu lương, Phường Kiến Hưng, Quận Hà Đông, Hà Nội",7.1,"mậu lương, Phường Kiến Hưng, Quận Hà Đông, Hà Nội",30.0,3.0,4.0,5.0,Sổ hồng,2025-10-15
"Bán Nhà riêng tạiĐường Phúc Lợi, Phường Phúc Lợi, Quận Long Biên, Hà Nội",8.3,"Đường Phúc Lợi, Phường Phúc Lợi, Quận Long Biên, Hà Nội",72.0,5.0,4.0,4.0,Sổ hồng,2025-10-14
"Bán Nhà riêng tại19/5, Phường Văn Quán, Quận Hà Đông, Hà Nội",13.0,"19/5, Phường Văn Quán, Quận Hà Đông, Hà Nội",60.0,3.0,3.0,4.0,Sổ hồng,2025-10-14
"Bán Nhà riêng tạimậu lương, Phường Kiến Hưng, Quận Hà Đông, Hà Nội",5.68,"mậu lương, Phường Kiến Hưng, Quận Hà Đông, Hà Nội",30.0,4.0,3.0,4.0,Sổ hồng,2025-10-14
"Bán Nhà biệt thự, liền kề theo dự ánSolasta Mansion Dương Nội tại Solasta Mansion Dương Nội, Phường Dương Nội, Quận Hà Đông, Hà Nội",36.55,"Solasta Mansion Dương Nội, Phường Dương Nội, Quận Hà Đông, Hà Nội",170.0,3.0,3.0,3.0,Sổ hồng,2025-10-14
"Bán Nhà riêng tạiĐường Cổ Linh, Phường Long Biên, Quận Long Biên, Hà Nội",12.9,"Đường Cổ Linh, Phường Long Biên, Quận Long Biên, Hà Nội",50.0,4.0,5.0,6.0,Sổ hồng,2025-10-14
"Bán Nhà riêng tạiTrần Phú, Phường Văn Quán, Quận Hà Đông, Hà Nội",9.3,"Trần Phú, Phường Văn Quán, Quận Hà Đông, Hà Nội",36.0,3.0,4.0,5.0,Sổ hồng,2025-10-14
"Bán Nhà riêng tạiHà trì 4, Phường Hà Cầu, Quận Hà Đông, Hà Nội",6.45,"Hà trì 4, Phường Hà Cầu, Quận Hà Đông, Hà Nội",33.0,4.0,3.0,4.0,Sổ hồng,2025-10-14
"Bán Nhà riêng tạimậu lương, Phường Kiến Hưng, Quận Hà Đông, Hà Nội",7.3,"mậu lương, Phường Kiến Hưng, Quận Hà Đông, Hà Nội",33.0,3.0,4.0,5.0,Sổ hồng,2025-10-13
"Bán Nhà riêng tạiVạn Phúc, Phường Vạn Phúc, Quận Hà Đông, Hà Nội",7.1,"Vạn Phúc, Phường Vạn Phúc, Quận Hà Đông, Hà Nội",31.0,3.0,4.0,5.0,Sổ hồng,2025-10-13
"Bán Nhà mặt phố tạiTư Đình, Phường Long Biên, Quận Long Biên, Hà Nội",22.0,"Tư Đình, Phường Long Biên, Quận Long Biên, Hà Nội",96.0,2.0,2.0,4.0,Sổ hồng,2025-10-13
"Bán Nhà riêng tạiLương Thế Vinh, Phường Trung Văn, Quận Nam Từ Liêm, Hà Nội",18.48,"Lương Thế Vinh, Phường Trung Văn, Quận Nam Từ Liêm, Hà Nội",90.0,11.0,12.0,4.0,Sổ hồng,2025-10-14
"Bán Nhà riêng tạingô thị nhậm, Phường Quang Trung, Quận Hà Đông, Hà Nội",12.5,"ngô thị nhậm, Phường Quang Trung, Quận Hà Đông, Hà Nội",46.0,3.0,3.0,4.0,Sổ hồng,2025-10-13
"Bán Nhà riêng tạiĐường Nguyễn Văn Linh, Phường Việt Hưng, Quận Long Biên, Hà Nội",16.5,"Đường Nguyễn Văn Linh, Phường Việt Hưng, Quận Long Biên, Hà Nội",46.0,4.0,4.0,7.0,Sổ hồng,2025-10-13
"Bán Nhà mặt phố tạiĐường Bồ Đề, Phường Bồ Đề, Quận Long Biên, Hà Nội",35.5,"Đường Bồ Đề, Phường Bồ Đề, Quận Long Biên, Hà Nội",100.0,5.0,6.0,7.0,Sổ hồng,2025-10-13
"Bán Nhà mặt phố tạiĐường Hồng Tiến, Phường Bồ Đề, Quận Long Biên, Hà Nội",29.8,"Đường Hồng Tiến, Phường Bồ Đề, Quận Long Biên, Hà Nội",65.0,9.0,9.0,4.0,Sổ hồng,2025-10-13
"Bán Nhà riêng tạimậu lương, Phường Kiến Hưng, Quận Hà Đông, Hà Nội",7.3,"mậu lương, Phường Kiến Hưng, Quận Hà Đông, Hà Nội",33.0,3.0,4.0,5.0,Sổ hồng,2025-10-11
"Bán Nhà riêng tạiPhố Lụa, Phường Vạn Phúc, Quận Hà Đông, Hà Nội",7.8,"Phố Lụa, Phường Vạn Phúc, Quận Hà Đông, Hà Nội",33.0,3.0,4.0,5.0,Sổ hồng,2025-10-11
"Bán Nhà riêng tạingô quyền, Phường Quang Trung, Quận Hà Đông, Hà Nội",10.6,"ngô quyền, Phường Quang Trung, Quận Hà Đông, Hà Nội",52.0,4.0,3.0,4.0,Sổ hồng,2025-10-11
"Bán Nhà riêng tạingô thị nhậm, Phường Quang Trung, Quận Hà Đông, Hà Nội",10.6,"ngô thị nhậm, Phường Quang Trung, Quận Hà Đông, Hà Nội",40.0,4.0,4.0,5.0,Sổ hồng,2025-10-11
"Bán Nhà riêng tạiVũ Văn Cẩn, Phường Vạn Phúc, Quận Hà Đông, Hà Nội",16.0,"Vũ Văn Cẩn, Phường Vạn Phúc, Quận Hà Đông, Hà Nội",60.0,5.0,6.0,5.0,Sổ hồng,2025-10-12
"Bán Nhà riêng tạimậu lương, Phường Kiến Hưng, Quận Hà Đông, Hà Nội",5.68,"mậu lương, Phường Kiến Hưng, Quận Hà Đông, Hà Nội",30.0,4.0,3.0,4.0,Sổ hồng,2025-10-11
"Bán Nhà riêng tạithạch bàn, Phường Thạch Bàn, Quận Long Biên, Hà Nội",6.1,"thạch bàn, Phường Thạch Bàn, Quận Long Biên, Hà Nội",33.0,3.0,4.0,2.0,Sổ hồng,2025-10-10
"Bán Nhà riêng tạiPhường Cự Khối, Quận Long Biên, Hà Nội",4.95,"Phường Cự Khối, Quận Long Biên, Hà Nội",35.0,3.0,4.0,5.0,Sổ hồng,2025-10-10
"Bán Nhà riêng tạitrần phú, Phường Văn Quán, Quận Hà Đông, Hà Nội",8.1,"trần phú, Phường Văn Quán, Quận Hà Đông, Hà Nội",33.0,3.0,3.0,5.0,Sổ hồng,2025-10-09
"Bán Nhà riêng tại19/5, Phường Văn Quán, Quận Hà Đông, Hà Nội",13.7,"19/5, Phường Văn Quán, Quận Hà Đông, Hà Nội",55.0,3.0,2.0,3.0,Sổ hồng,2025-10-09
"Bán Nhà riêng tạiphố chiến thắng, Phường La Khê, Quận Hà Đông, Hà Nội",8.5,"phố chiến thắng, Phường La Khê, Quận Hà Đông, Hà Nội",32.0,3.0,4.0,5.0,Sổ hồng,2025-10-07
"Bán Nhà riêng tạinguyễn viết xuân, Phường La Khê, Quận Hà Đông, Hà Nội",8.75,"nguyễn viết xuân, Phường La Khê, Quận Hà Đông, Hà Nội",37.0,4.0,4.0,4.0,Sổ hồng,2025-10-07
"Bán Nhà riêng tạiđa sĩ, Phường Kiến Hưng, Quận Hà Đông, Hà Nội",8.4,"đa sĩ, Phường Kiến Hưng, Quận Hà Đông, Hà Nội",32.0,3.0,4.0,5.0,Sổ hồng,2025-10-06
"Bán Nhà riêng tạitrần phú, Phường Văn Quán, Quận Hà Đông, Hà Nội",12.5,"trần phú, Phường Văn Quán, Quận Hà Đông, Hà Nội",62.0,3.0,3.0,3.0,Sổ hồng,2025-10-08
"Bán Nhà riêng tạiđa sĩ, Phường Kiến Hưng, Quận Hà Đông, Hà Nội",8.2,"đa sĩ, Phường Kiến Hưng, Quận Hà Đông, Hà Nội",36.0,3.0,3.0,4.0,Sổ hồng,2025-10-06
"Bán Nhà riêng tạiđa sỹ, Phường Kiến Hưng, Quận Hà Đông, Hà Nội",6.5,"đa sỹ, Phường Kiến Hưng, Quận Hà Đông, Hà Nội",30.0,3.0,4.0,5.0,Sổ hồng,2025-10-06
"Bán Nhà riêng tạiTô Hiệu, Phường Hà Cầu, Quận Hà Đông, Hà Nội",9.4,"Tô Hiệu, Phường Hà Cầu, Quận Hà Đông, Hà Nội",36.0,3.0,3.0,1.0,Sổ hồng,2025-10-06
"Bán Nhà riêng tạiHà Trì 1, Phường Hà Cầu, Quận Hà Đông, Hà Nội",7.98,"Hà Trì 1, Phường Hà Cầu, Quận Hà Đông, Hà Nội",45.0,4.0,3.0,3.0,Sổ hồng,2025-10-06
"Bán Nhà riêng tạiphan đình giót, Phường La Khê, Quận Hà Đông, Hà Nội",7.0,"phan đình giót, Phường La Khê, Quận Hà Đông, Hà Nội",33.0,3.0,4.0,5.0,Sổ hồng,2025-10-06
"Bán Nhà mặt phố tạiPhường Đại Mỗ, Quận Nam Từ Liêm, Hà Nội",13.2,"Phường Đại Mỗ, Quận Nam Từ Liêm, Hà Nội",45.0,4.0,4.0,5.0,Sổ hồng,2025-10-06
"Bán Nhà biệt thự, liền kề tạiĐường Mậu Lương, Phường Kiến Hưng, Quận Hà Đông, Hà Nội",19.5,"Đường Mậu Lương, Phường Kiến Hưng, Quận Hà Đông, Hà Nội",60.0,6.0,7.0,7.0,Sổ hồng,2025-10-06
"Bán Nhà riêng tạiTân Mai, Phường Tân Mai, Quận Hoàng Mai, Hà Nội",4.5,"Tân Mai, Phường Tân Mai, Quận Hoàng Mai, Hà Nội",30.0,3.0,3.0,2.0,Giấy tờ không xác định,2025-10-06
"Bán Nhà riêng tạiđa sỹ, Phường Kiến Hưng, Quận Hà Đông, Hà Nội",6.5,"đa sỹ, Phường Kiến Hưng, Quận Hà Đông, Hà Nội",30.0,3.0,4.0,5.0,Sổ hồng,2025-10-04
"Bán Nhà riêng tạiLê Quang Đạo , Phường Phú Đô, Quận Nam Từ Liêm, Hà Nội",7.5,"Lê Quang Đạo , Phường Phú Đô, Quận Nam Từ Liêm, Hà Nội",42.0,4.0,4.0,6.0,Sổ hồng,2025-10-03
"Bán Nhà riêng tạiHoàng Hoa Thám, Phường Hà Cầu, Quận Hà Đông, Hà Nội",8.8,"Hoàng Hoa Thám, Phường Hà Cầu, Quận Hà Đông, Hà Nội",41.0,4.0,3.0,4.0,Sổ hồng,2025-10-04
"Bán Nhà riêng tạimậu lương, Phường Kiến Hưng, Quận Hà Đông, Hà Nội",5.65,"mậu lương, Phường Kiến Hưng, Quận Hà Đông, Hà Nội",36.0,5.0,3.0,4.0,Sổ hồng,2025-10-03
"Bán Nhà riêng tạiPhú Mỹ, Phường Mỹ Đình 2, Quận Nam Từ Liêm, Hà Nội",9.5,"Phú Mỹ, Phường Mỹ Đình 2, Quận Nam Từ Liêm, Hà Nội",42.0,6.0,4.0,6.0,Sổ hồng,2025-10-03
"Bán Nhà riêng tạiPhường Kiến Hưng, Quận Hà Đông, Hà Nội",7.6,"Phường Kiến Hưng, Quận Hà Đông, Hà Nội",32.0,3.0,4.0,5.0,Sổ hồng,2025-10-02
"Bán Nhà riêng tạiHà trì 2, Phường Hà Cầu, Quận Hà Đông, Hà Nội",7.45,"Hà trì 2, Phường Hà Cầu, Quận Hà Đông, Hà Nội",32.0,3.0,4.0,5.0,Sổ hồng,2025-10-03
"Bán Nhà biệt thự, liền kề tạiĐường Lê Trọng Tấn, Phường La Khê, Quận Hà Đông, Hà Nội",17.0,"Đường Lê Trọng Tấn, Phường La Khê, Quận Hà Đông, Hà Nội",50.0,6.0,6.0,7.0,Sổ hồng,2025-10-03
"Bán Nhà riêng tạicổ linh , Phường Long Biên, Quận Long Biên, Hà Nội",6.55,"cổ linh , Phường Long Biên, Quận Long Biên, Hà Nội",33.0,3.0,4.0,5.0,Sổ hồng,2025-10-02
"Bán Nhà riêng tạiPhường Kiến Hưng, Quận Hà Đông, Hà Nội",5.98,"Phường Kiến Hưng, Quận Hà Đông, Hà Nội",30.0,3.0,4.0,1.0,Sổ hồng,2025-10-02
"Bán Nhà riêng tạiđa sỹ, Phường Kiến Hưng, Quận Hà Đông, Hà Nội",5.6,"đa sỹ, Phường Kiến Hưng, Quận Hà Đông, Hà Nội",32.0,3.0,3.0,4.0,Sổ hồng,2025-10-02
"Bán Nhà biệt thự, liền kề tạiĐường Mậu Lương, Phường Kiến Hưng, Quận Hà Đông, Hà Nội",14.5,"Đường Mậu Lương, Phường Kiến Hưng, Quận Hà Đông, Hà Nội",50.0,5.0,5.0,7.0,Sổ hồng,2025-10-02
"Bán Nhà biệt thự, liền kề tạiĐường Ngô Thì Nhậm, Phường Quang Trung, Quận Hà Đông, Hà Nội",18.0,"Đường Ngô Thì Nhậm, Phường Quang Trung, Quận Hà Đông, Hà Nội",45.0,5.0,5.0,6.0,Sổ hồng,2025-10-02
"Bán Nhà riêng tạiquang trung, Phường La Khê, Quận Hà Đông, Hà Nội",7.95,"quang trung, Phường La Khê, Quận Hà Đông, Hà Nội",33.0,3.0,4.0,5.0,Sổ hồng,2025-10-02
"Bán Nhà mặt phố tạiĐường Lâm Du, Phường Bồ Đề, Quận Long Biên, Hà Nội",21.0,"Đường Lâm Du, Phường Bồ Đề, Quận Long Biên, Hà Nội",111.0,18.0,18.0,7.0,Sổ hồng,2025-10-02
"Bán Nhà riêng tạiMỹ Đình, Phường Mỹ Đình 1, Quận Nam Từ Liêm, Hà Nội",6.3,"Mỹ Đình, Phường Mỹ Đình 1, Quận Nam Từ Liêm, Hà Nội",33.0,2.0,2.0,3.0,Sổ hồng,2025-10-02
"Bán Nhà mặt phố tạinguyễn khuyến, Phường Văn Quán, Quận Hà Đông, Hà Nội",22.5,"nguyễn khuyến, Phường Văn Quán, Quận Hà Đông, Hà Nội",78.0,4.0,4.0,5.0,Sổ hồng,2025-10-02
"Bán Nhà riêng tạimậu lương, Phường Kiến Hưng, Quận Hà Đông, Hà Nội",5.95,"mậu lương, Phường Kiến Hưng, Quận Hà Đông, Hà Nội",30.0,3.0,4.0,5.0,Sổ hồng,2025-10-01
"Bán Nhà riêng tạiPhường Kiến Hưng, Quận Hà Đông, Hà Nội",5.99,"Phường Kiến Hưng, Quận Hà Đông, Hà Nội",30.0,3.0,4.0,5.0,Sổ hồng,2025-10-01
"Bán Nhà riêng tại19/5, Phường Văn Quán, Quận Hà Đông, Hà Nội",7.85,"19/5, Phường Văn Quán, Quận Hà Đông, Hà Nội",33.0,3.0,4.0,4.0,Sổ hồng,2025-10-01
"Bán Nhà riêng tạiChu Huy Mẫn, Phường Phúc Đồng, Quận Long Biên, Hà Nội",11.5,"Chu Huy Mẫn, Phường Phúc Đồng, Quận Long Biên, Hà Nội",53.0,5.0,5.0,4.0,Sổ hồng,2025-10-01
"Bán Nhà biệt thự, liền kề tạiĐường Mậu Lương, Phường Kiến Hưng, Quận Hà Đông, Hà Nội",20.0,"Đường Mậu Lương, Phường Kiến Hưng, Quận Hà Đông, Hà Nội",60.0,8.0,7.0,7.0,Sổ hồng,2025-10-01
"Bán Nhà riêng tạiLê Quang Đạo, Phường Mễ Trì, Quận Nam Từ Liêm, Hà Nội",7.75,"Lê Quang Đạo, Phường Mễ Trì, Quận Nam Từ Liêm, Hà Nội",32.0,8.0,5.0,5.0,Sổ hồng,2025-10-01
"Bán Nhà riêng tạimậu lương, Phường Kiến Hưng, Quận Hà Đông, Hà Nội",7.5,"mậu lương, Phường Kiến Hưng, Quận Hà Đông, Hà Nội",40.0,3.0,4.0,5.0,Sổ hồng,2025-10-01
"Bán Nhà riêng tạiĐường Văn Phú, Phường Phú La, Quận Hà Đông, Hà Nội",12.0,"Đường Văn Phú, Phường Phú La, Quận Hà Đông, Hà Nội",40.0,4.0,4.0,5.0,Sổ hồng,2025-09-29
"Bán Nhà riêng tạiCầu Cốc, Phường Đại Mỗ, Quận Nam Từ Liêm, Hà Nội",5.1,"Cầu Cốc, Phường Đại Mỗ, Quận Nam Từ Liêm, Hà Nội",28.0,3.0,4.0,6.0,Sổ hồng,2025-09-30
"Bán Nhà riêng tạiTTHL Tiếp giáp công an Thành Phố, Phường Phú La, Quận Hà Đông, Hà Nội",17.5,"TTHL Tiếp giáp công an Thành Phố, Phường Phú La, Quận Hà Đông, Hà Nội",50.0,5.0,5.0,6.0,Sổ hồng,2025-09-30
"Bán Nhà riêng tạiXa La, Phường Hà Cầu, Quận Hà Đông, Hà Nội",7.4,"Xa La, Phường Hà Cầu, Quận Hà Đông, Hà Nội",30.0,3.0,4.0,5.0,Sổ hồng,2025-09-29
"Bán Nhà mặt phố tạiVăn Quán, Phường Văn Quán, Quận Hà Đông, Hà Nội",19.0,"Văn Quán, Phường Văn Quán, Quận Hà Đông, Hà Nội",70.0,4.0,4.0,4.0,Sổ hồng,2025-09-30
"Bán Nhà riêng tạimậu lương, Phường Kiến Hưng, Quận Hà Đông, Hà Nội",6.45,"mậu lương, Phường Kiến Hưng, Quận Hà Đông, Hà Nội",34.0,4.0,3.0,5.0,Sổ hồng,2025-09-30
"Bán Nhà mặt phố tạiĐường Việt Hưng, Phường Việt Hưng, Quận Long Biên, Hà Nội",26.9,"Đường Việt Hưng, Phường Việt Hưng, Quận Long Biên, Hà Nội",74.0,8.0,5.0,23.0,Sổ hồng,2025-09-30
"Bán Nhà riêng tạiMiêu Nha, Phường Tây Mỗ, Quận Nam Từ Liêm, Hà Nội",5.95,"Miêu Nha, Phường Tây Mỗ, Quận Nam Từ Liêm, Hà Nội",30.0,6.0,4.0,5.0,Sổ hồng,2025-09-30
"Bán Nhà riêng tạiĐường Lương Văn Can, Phường Quang Trung, Quận Hà Đông, Hà Nội",10.0,"Đường Lương Văn Can, Phường Quang Trung, Quận Hà Đông, Hà Nội",45.0,2.0,2.0,2.0,Sổ hồng,2025-09-29
"Bán Nhà mặt phố tạiĐường Hoàng Như Tiếp, Phường Bồ Đề, Quận Long Biên, Hà Nội",57.3,"Đường Hoàng Như Tiếp, Phường Bồ Đề, Quận Long Biên, Hà Nội",100.0,4.0,5.0,4.0,Sổ hồng,2025-09-30
"Bán Nhà riêng tạiĐường Ngọc Thụy, Phường Ngọc Thụy, Quận Long Biên, Hà Nội",12.8,"Đường Ngọc Thụy, Phường Ngọc Thụy, Quận Long Biên, Hà Nội",50.0,3.0,4.0,6.0,Sổ hồng,2025-09-29
"Bán Nhà biệt thự, liền kề tạimậu lương, Phường Kiến Hưng, Quận Hà Đông, Hà Nội",15.8,"mậu lương, Phường Kiến Hưng, Quận Hà Đông, Hà Nội",60.0,4.0,4.0,1.0,Sổ hồng,2025-09-29
"Bán Nhà riêng tạiĐường Ngọc Lâm, Phường Ngọc Lâm, Quận Long Biên, Hà Nội",40.0,"Đường Ngọc Lâm, Phường Ngọc Lâm, Quận Long Biên, Hà Nội",145.0,23.0,23.0,9.0,Sổ hồng,2025-09-29
"Bán Nhà riêng tạiPhường Thịnh Liệt, Quận Hoàng Mai, Hà Nội",9.0,"Phường Thịnh Liệt, Quận Hoàng Mai, Hà Nội",42.0,3.0,4.0,5.0,Giấy tờ không xác định,2025-09-29
"Bán Nhà riêng tạiđa sỹ, Phường Kiến Hưng, Quận Hà Đông, Hà Nội",6.0,"đa sỹ, Phường Kiến Hưng, Quận Hà Đông, Hà Nội",30.0,3.0,3.0,5.0,Sổ hồng,2025-09-29
"Bán Nhà riêng tạixa la, Phường Kiến Hưng, Quận Hà Đông, Hà Nội",7.4,"xa la, Phường Kiến Hưng, Quận Hà Đông, Hà Nội",30.0,3.0,4.0,5.0,Sổ hồng,2025-09-28
"Bán Nhà riêng tạiHà trì 1, Phường Hà Cầu, Quận Hà Đông, Hà Nội",6.35,"Hà trì 1, Phường Hà Cầu, Quận Hà Đông, Hà Nội",35.0,3.0,4.0,5.0,Sổ hồng,2025-09-28
"Bán Nhà riêng tạiĐường Nguyễn Văn Cừ, Phường Bồ Đề, Quận Long Biên, Hà Nội",27.0,"Đường Nguyễn Văn Cừ, Phường Bồ Đề, Quận Long Biên, Hà Nội",118.0,4.0,5.0,5.0,Sổ hồng,2025-09-28
"Bán Nhà riêng tạiĐường Hồng Tiến, Phường Bồ Đề, Quận Long Biên, Hà Nội",14.9,"Đường Hồng Tiến, Phường Bồ Đề, Quận Long Biên, Hà Nội",45.0,3.0,5.0,6.0,Sổ hồng,2025-09-26
"Bán Nhà riêng tạiĐường Nguyễn Sơn, Phường Bồ Đề, Quận Long Biên, Hà Nội",14.4,"Đường Nguyễn Sơn, Phường Bồ Đề, Quận Long Biên, Hà Nội",40.0,3.0,4.0,6.0,Sổ hồng,2025-09-26
"Bán Nhà riêng tạiĐường Hồng Tiến, Phường Bồ Đề, Quận Long Biên, Hà Nội",14.9,"Đường Hồng Tiến, Phường Bồ Đề, Quận Long Biên, Hà Nội",45.0,3.0,5.0,6.0,Sổ hồng,2025-09-25
"Bán Nhà mặt phố tạiĐường Ngọc Thụy, Phường Ngọc Thụy, Quận Long Biên, Hà Nội",21.5,"Đường Ngọc Thụy, Phường Ngọc Thụy, Quận Long Biên, Hà Nội",55.0,4.0,5.0,7.0,Sổ hồng,2025-09-26
"Bán Nhà riêng tạiĐường Hoa Lâm, Phường Việt Hưng, Quận Long Biên, Hà Nội",14.1,"Đường Hoa Lâm, Phường Việt Hưng, Quận Long Biên, Hà Nội",83.0,6.0,6.0,23.0,Sổ hồng,2025-09-25
"Bán Nhà riêng tạiPhố Lụa, Phường Vạn Phúc, Quận Hà Đông, Hà Nội",8.15,"Phố Lụa, Phường Vạn Phúc, Quận Hà Đông, Hà Nội",43.0,3.0,4.0,6.0,Sổ hồng,2025-09-19
"Bán Nhà riêng tạiThanh Lãm, Phường Phú Lãm, Quận Hà Đông, Hà Nội",7.0,"Thanh Lãm, Phường Phú Lãm, Quận Hà Đông, Hà Nội",45.0,6.0,4.0,5.0,Sổ hồng,2025-09-19
"Bán Nhà riêng tạitrinh lương, Phường Phú Lương, Quận Hà Đông, Hà Nội",7.0,"trinh lương, Phường Phú Lương, Quận Hà Đông, Hà Nội",42.0,3.0,4.0,5.0,Sổ hồng,2025-09-18
"Bán Nhà riêng tạimậu lương, Phường Kiến Hưng, Quận Hà Đông, Hà Nội",5.4,"mậu lương, Phường Kiến Hưng, Quận Hà Đông, Hà Nội",30.0,4.0,3.0,5.0,Sổ hồng,2025-09-17
"Bán Nhà riêng tạiPhường Kiến Hưng, Quận Hà Đông, Hà Nội",7.65,"Phường Kiến Hưng, Quận Hà Đông, Hà Nội",30.2,3.0,4.0,5.0,Sổ hồng,2025-09-16
"Bán Nhà riêng tạiPhường Kiến Hưng, Quận Hà Đông, Hà Nội",6.0,"Phường Kiến Hưng, Quận Hà Đông, Hà Nội",30.0,3.0,4.0,5.0,Sổ hồng,2025-09-16
"Bán Nhà biệt thự, liền kề theo dự ánSolasta Mansion Dương Nội tại Solasta Mansion Dương Nội, Phường Dương Nội, Quận Hà Đông, Hà Nội",43.35,"Solasta Mansion Dương Nội, Phường Dương Nội, Quận Hà Đông, Hà Nội",170.0,4.0,3.0,3.0,Sổ hồng,2025-09-15
"Bán Nhà riêng tạiHà Trì, Phường Hà Cầu, Quận Hà Đông, Hà Nội",6.8,"Hà Trì, Phường Hà Cầu, Quận Hà Đông, Hà Nội",35.0,3.0,4.0,5.0,Sổ hồng,2025-09-13
"Bán Nhà riêng tạicự khê, Phường Phú Lương, Quận Hà Đông, Hà Nội",13.6,"cự khê, Phường Phú Lương, Quận Hà Đông, Hà Nội",66.0,5.0,5.0,6.0,Sổ hồng,2025-09-10
"Bán Nhà tái định cư tạitu hoàng, Phường Xuân Phương, Quận Nam Từ Liêm, Hà Nội",19.5,"tu hoàng, Phường Xuân Phương, Quận Nam Từ Liêm, Hà Nội",80.0,8.0,8.0,6.0,Sổ hồng,2025-09-10
"Bán Nhà riêng tạilê hồng phong, Phường Hà Cầu, Quận Hà Đông, Hà Nội",16.5,"lê hồng phong, Phường Hà Cầu, Quận Hà Đông, Hà Nội",61.0,5.0,5.0,5.0,Sổ hồng,2025-09-10
"Bán Nhà riêng tạingô quyền, Phường Hà Cầu, Quận Hà Đông, Hà Nội",14.5,"ngô quyền, Phường Hà Cầu, Quận Hà Đông, Hà Nội",48.0,4.0,4.0,5.0,Sổ hồng,2025-09-09
"Bán Nhà mặt phố tạihoàng công, Phường Kiến Hưng, Quận Hà Đông, Hà Nội",21.2,"hoàng công, Phường Kiến Hưng, Quận Hà Đông, Hà Nội",83.0,5.0,5.0,5.0,Sổ hồng,2025-09-08
"Bán Nhà riêng tạiPhúc Lợi, Phường Phúc Lợi, Quận Long Biên, Hà Nội",5.3,"Phúc Lợi, Phường Phúc Lợi, Quận Long Biên, Hà Nội",86.8,3.0,4.0,5.0,Sổ hồng,2025-09-08
"Bán Nhà biệt thự, liền kề tạinguyễn khuyến, Phường Văn Quán, Quận Hà Đông, Hà Nội",47.0,"nguyễn khuyến, Phường Văn Quán, Quận Hà Đông, Hà Nội",216.0,5.0,4.0,4.0,Sổ hồng,2025-09-09
"Bán Nhà riêng tạihạnh hoa, Phường Kiến Hưng, Quận Hà Đông, Hà Nội",13.5,"hạnh hoa, Phường Kiến Hưng, Quận Hà Đông, Hà Nội",80.0,5.0,4.0,4.0,Sổ hồng,2025-09-09
"Bán Nhà riêng tạiĐường Văn Phú, Phường Phú La, Quận Hà Đông, Hà Nội",12.0,"Đường Văn Phú, Phường Phú La, Quận Hà Đông, Hà Nội",40.0,4.0,4.0,5.0,Sổ hồng,2025-09-07
"Bán Nhà riêng tạivạn phúc, Phường Vạn Phúc, Quận Hà Đông, Hà Nội",7.1,"vạn phúc, Phường Vạn Phúc, Quận Hà Đông, Hà Nội",31.0,3.0,4.0,5.0,Sổ hồng,2025-09-05
"Bán Nhà biệt thự, liền kề tạinguyễn khuyến, Phường Văn Quán, Quận Hà Đông, Hà Nội",49.5,"nguyễn khuyến, Phường Văn Quán, Quận Hà Đông, Hà Nội",230.0,5.0,5.0,4.0,Sổ hồng,2025-09-06
"Bán Nhà biệt thự, liền kề tạivăn phú, Phường Phú La, Quận Hà Đông, Hà Nội",21.5,"văn phú, Phường Phú La, Quận Hà Đông, Hà Nội",90.0,4.0,4.0,5.0,Sổ hồng,2025-09-05
"Bán Nhà biệt thự, liền kề tạinguyễn khuyến, Phường Văn Quán, Quận Hà Đông, Hà Nội",28.9,"nguyễn khuyến, Phường Văn Quán, Quận Hà Đông, Hà Nội",95.0,6.0,5.0,4.0,Sổ hồng,2025-09-05
"Bán Nhà riêng tạimậu lương, Phường Kiến Hưng, Quận Hà Đông, Hà Nội",13.0,"mậu lương, Phường Kiến Hưng, Quận Hà Đông, Hà Nội",50.0,4.0,4.0,5.0,Sổ hồng,2025-09-05
"Bán Nhà riêng tạimậu lương, Phường Kiến Hưng, Quận Hà Đông, Hà Nội",14.8,"mậu lương, Phường Kiến Hưng, Quận Hà Đông, Hà Nội",60.0,4.0,4.0,4.0,Sổ hồng,2025-09-05
"Bán Nhà riêng tạinguyễn khuyến, Phường Văn Quán, Quận Hà Đông, Hà Nội",17.2,"nguyễn khuyến, Phường Văn Quán, Quận Hà Đông, Hà Nội",68.0,5.0,4.0,4.0,Sổ hồng,2025-09-05
"Bán Nhà mặt phố theo dự ánLàng Việt Kiều Châu Âu Euroland tại Làng Việt Kiều Châu Âu Euroland, nguyễn văn lộc, Phường Mộ Lao, Quận Hà Đông, Hà Nội",40.3,"Làng Việt Kiều Châu Âu Euroland, nguyễn văn lộc, Phường Mộ Lao, Quận Hà Đông, Hà Nội",87.0,5.0,5.0,4.0,Sổ hồng,2025-09-05
"Bán Nhà riêng tạiđường lụa, Phường Vạn Phúc, Quận Hà Đông, Hà Nội",6.7,"đường lụa, Phường Vạn Phúc, Quận Hà Đông, Hà Nội",31.0,3.0,3.0,5.0,Sổ hồng,2025-09-03
"Bán Nhà riêng tạiPhường Vạn Phúc, Quận Hà Đông, Hà Nội",7.8,"Phường Vạn Phúc, Quận Hà Đông, Hà Nội",46.0,3.0,3.0,4.0,Giấy tờ không xác định,2025-09-03
"Bán Nhà riêng tạilê trọng tấn , Phường La Khê, Quận Hà Đông, Hà Nội",13.8,"lê trọng tấn , Phường La Khê, Quận Hà Đông, Hà Nội",60.0,5.0,5.0,5.0,Sổ hồng,2025-09-01
"Bán Nhà riêng tạivăn quán, Phường Văn Quán, Quận Hà Đông, Hà Nội",17.2,"văn quán, Phường Văn Quán, Quận Hà Đông, Hà Nội",70.0,4.0,4.0,5.0,Sổ hồng,2025-09-01
"Bán Nhà riêng tạihà trì 3, Phường Hà Cầu, Quận Hà Đông, Hà Nội",8.7,"hà trì 3, Phường Hà Cầu, Quận Hà Đông, Hà Nội",45.0,4.0,4.0,4.0,Sổ hồng,2025-09-01
"Bán Nhà mặt phố tạiVÕNG THỊ, Phường Bưởi, Quận Tây Hồ, Hà Nội",110.0,"VÕNG THỊ, Phường Bưởi, Quận Tây Hồ, Hà Nội",210.0,4.0,7.0,8.0,Sổ hồng,2025-08-31
"Bán Nhà biệt thự, liền kề theo dự ánKhu đô thị Văn Khê tại Khu đô thị Văn Khê, văn khê, Phường La Khê, Quận Hà Đông, Hà Nội",19.5,"Khu đô thị Văn Khê, văn khê, Phường La Khê, Quận Hà Đông, Hà Nội",83.0,5.0,5.0,5.0,Sổ hồng,2025-08-29
"Bán Nhà riêng tạingô thì nhậm, Phường La Khê, Quận Hà Đông, Hà Nội",25.0,"ngô thì nhậm, Phường La Khê, Quận Hà Đông, Hà Nội",79.0,5.0,5.0,5.0,Sổ hồng,2025-08-29
"Bán Nhà mặt phố tạiHuỳnh Thúc Kháng, Phường Yết Kiêu, Quận Hà Đông, Hà Nội",12.5,"Huỳnh Thúc Kháng, Phường Yết Kiêu, Quận Hà Đông, Hà Nội",50.0,4.0,3.0,4.0,Sổ hồng,2025-08-27
"Bán Nhà mặt phố tạiquốc lộ 32, Phường Xuân Phương, Quận Nam Từ Liêm, Hà Nội",18.0,"quốc lộ 32, Phường Xuân Phương, Quận Nam Từ Liêm, Hà Nội",50.0,4.0,4.0,4.0,Sổ hồng,2025-08-27
"Bán Nhà mặt phố tạiPhường Xuân La, Quận Tây Hồ, Hà Nội",30.0,"Phường Xuân La, Quận Tây Hồ, Hà Nội",100.0,10.0,6.0,6.0,Sổ hồng,2025-08-27
"Bán Nhà riêng tạiNguyễn Trãi, Phường Văn Quán, Quận Hà Đông, Hà Nội",8.5,"Nguyễn Trãi, Phường Văn Quán, Quận Hà Đông, Hà Nội",42.0,6.0,4.0,5.0,Sổ hồng,2025-08-28
"Bán Nhà riêng tại19-5, Phường Văn Quán, Quận Hà Đông, Hà Nội",7.0,"19-5, Phường Văn Quán, Quận Hà Đông, Hà Nội",36.0,3.0,3.0,4.0,Sổ hồng,2025-08-27
"Bán Nhà riêng tạihà cầu, Phường Phú La, Quận Hà Đông, Hà Nội",17.2,"hà cầu, Phường Phú La, Quận Hà Đông, Hà Nội",55.0,5.0,6.0,7.0,Sổ hồng,2025-08-26
"Bán Nhà riêng tạiTRẦN PHÚ, Phường Văn Quán, Quận Hà Đông, Hà Nội",5.9,"TRẦN PHÚ, Phường Văn Quán, Quận Hà Đông, Hà Nội",30.0,3.0,4.0,5.0,Sổ hồng,2025-08-28
"Bán Nhà biệt thự, liền kề tạiPhường Văn Quán, Quận Hà Đông, Hà Nội",76.0,"Phường Văn Quán, Quận Hà Đông, Hà Nội",225.0,5.0,5.0,3.0,Sổ hồng,2025-08-28
"Bán Nhà mặt phố tại18m, Phường Mộ Lao, Quận Hà Đông, Hà Nội",19.0,"18m, Phường Mộ Lao, Quận Hà Đông, Hà Nội",52.0,4.0,4.0,5.0,Sổ hồng,2025-08-26
"Bán Nhà riêng tạinông quốc chấn, Phường La Khê, Quận Hà Đông, Hà Nội",18.8,"nông quốc chấn, Phường La Khê, Quận Hà Đông, Hà Nội",83.0,5.0,5.0,5.0,Sổ hồng,2025-08-24
"Bán Nhà riêng tạiTrương Định, Phường Giáp Bát, Quận Hoàng Mai, Hà Nội",25.0,"Trương Định, Phường Giáp Bát, Quận Hoàng Mai, Hà Nội",95.0,7.0,7.0,7.0,Sổ hồng,2025-08-23
"Bán Nhà riêng tạimậu lương, Phường Kiến Hưng, Quận Hà Đông, Hà Nội",19.7,"mậu lương, Phường Kiến Hưng, Quận Hà Đông, Hà Nội",60.0,5.0,6.0,7.0,Sổ hồng,2025-08-26
"Bán Nhà biệt thự, liền kề theo dự ánKiến Hưng Luxury tại Kiến Hưng Luxury, PHÚC LA VĂN KHÊ, Phường Kiến Hưng, Quận Hà Đông, Hà Nội",18.9,"Kiến Hưng Luxury, PHÚC LA VĂN KHÊ, Phường Kiến Hưng, Quận Hà Đông, Hà Nội",70.0,5.0,5.0,5.0,Sổ hồng,2025-08-26
"Bán Nhà biệt thự, liền kề tạiTam Trinh, Phường Hoàng Văn Thụ, Quận Hoàng Mai, Hà Nội",26.0,"Tam Trinh, Phường Hoàng Văn Thụ, Quận Hoàng Mai, Hà Nội",90.0,8.0,8.0,7.0,Sổ hồng,2025-08-23
"Bán Nhà biệt thự, liền kề tạiTrương Định, Phường Tân Mai, Quận Hoàng Mai, Hà Nội",26.0,"Trương Định, Phường Tân Mai, Quận Hoàng Mai, Hà Nội",90.0,7.0,7.0,7.0,Sổ hồng,2025-08-23
"Bán Nhà biệt thự, liền kề tạiTân mai, Phường Hoàng Văn Thụ, Quận Hoàng Mai, Hà Nội",26.5,"Tân mai, Phường Hoàng Văn Thụ, Quận Hoàng Mai, Hà Nội",100.0,6.0,5.0,5.0,Sổ hồng,2025-08-23
"Bán Nhà mặt phố tạiMai Động, Phường Mai Động, Quận Hoàng Mai, Hà Nội",23.8,"Mai Động, Phường Mai Động, Quận Hoàng Mai, Hà Nội",140.0,4.0,3.0,9.0,Sổ hồng,2025-08-23
"Bán Nhà riêng tạiHoàng Mai, Phường Hoàng Văn Thụ, Quận Hoàng Mai, Hà Nội",6.63,"Hoàng Mai, Phường Hoàng Văn Thụ, Quận Hoàng Mai, Hà Nội",35.3,3.0,3.0,5.0,Sổ hồng,2025-08-23
"Bán Nhà biệt thự, liền kề tạiTam Trinh, Phường Hoàng Văn Thụ, Quận Hoàng Mai, Hà Nội",28.0,"Tam Trinh, Phường Hoàng Văn Thụ, Quận Hoàng Mai, Hà Nội",95.0,8.0,7.0,7.0,Sổ hồng,2025-08-23
"Bán Nhà riêng tạiHoàng Mai, Phường Hoàng Văn Thụ, Quận Hoàng Mai, Hà Nội",6.38,"Hoàng Mai, Phường Hoàng Văn Thụ, Quận Hoàng Mai, Hà Nội",30.3,3.0,4.0,5.0,Sổ hồng,2025-08-23
"Bán Nhà riêng tạiTân mai, Phường Tân Mai, Quận Hoàng Mai, Hà Nội",7.5,"Tân mai, Phường Tân Mai, Quận Hoàng Mai, Hà Nội",110.0,2.0,1.0,5.0,Sổ hồng,2025-08-23
"Bán Nhà riêng tạiTân mai, Phường Tân Mai, Quận Hoàng Mai, Hà Nội",7.15,"Tân mai, Phường Tân Mai, Quận Hoàng Mai, Hà Nội",68.0,2.0,2.0,2.0,Sổ hồng,2025-08-23
"Bán Nhà riêng tạiTrương Định, Phường Giáp Bát, Quận Hoàng Mai, Hà Nội",8.0,"Trương Định, Phường Giáp Bát, Quận Hoàng Mai, Hà Nội",52.0,5.0,4.0,4.0,Sổ hồng,2025-08-23
"Bán Nhà riêng tạiTân mai, Phường Tân Mai, Quận Hoàng Mai, Hà Nội",7.15,"Tân mai, Phường Tân Mai, Quận Hoàng Mai, Hà Nội",66.0,2.0,2.0,5.0,Sổ hồng,2025-08-23
"Bán Nhà riêng tạiTân mai, Phường Tân Mai, Quận Hoàng Mai, Hà Nội",8.0,"Tân mai, Phường Tân Mai, Quận Hoàng Mai, Hà Nội",52.0,5.0,4.0,4.0,Sổ hồng,2025-08-23
"Bán Nhà riêng tạiTrương Định, Phường Hoàng Văn Thụ, Quận Hoàng Mai, Hà Nội",7.65,"Trương Định, Phường Hoàng Văn Thụ, Quận Hoàng Mai, Hà Nội",42.8,6.0,4.0,5.0,Sổ hồng,2025-08-23
"Bán Nhà riêng tạiTân mai, Phường Tân Mai, Quận Hoàng Mai, Hà Nội",7.65,"Tân mai, Phường Tân Mai, Quận Hoàng Mai, Hà Nội",50.0,5.0,4.0,4.0,Sổ hồng,2025-08-23
"Bán Nhà riêng tạiTân mai, Phường Tân Mai, Quận Hoàng Mai, Hà Nội",7.25,"Tân mai, Phường Tân Mai, Quận Hoàng Mai, Hà Nội",70.0,2.0,2.0,5.0,Sổ hồng,2025-08-23
"Bán Nhà riêng tạiTân mai, Phường Tân Mai, Quận Hoàng Mai, Hà Nội",7.2,"Tân mai, Phường Tân Mai, Quận Hoàng Mai, Hà Nội",70.5,2.0,2.0,2.0,Sổ hồng,2025-08-23
"Bán Nhà riêng tạiHoàng Mai, Phường Tương Mai, Quận Hoàng Mai, Hà Nội",6.7,"Hoàng Mai, Phường Tương Mai, Quận Hoàng Mai, Hà Nội",51.0,4.0,4.0,4.0,Sổ hồng,2025-08-23
"Bán Nhà riêng tạiMai Động, Phường Mai Động, Quận Hoàng Mai, Hà Nội",7.79,"Mai Động, Phường Mai Động, Quận Hoàng Mai, Hà Nội",40.0,5.0,4.0,5.0,Sổ hồng,2025-08-23
"Bán Nhà riêng tạiHoàng Mai, Phường Hoàng Văn Thụ, Quận Hoàng Mai, Hà Nội",6.7,"Hoàng Mai, Phường Hoàng Văn Thụ, Quận Hoàng Mai, Hà Nội",36.0,3.0,3.0,5.0,Sổ hồng,2025-08-23
"Bán Nhà riêng tạiTrương Định, Phường Hoàng Văn Thụ, Quận Hoàng Mai, Hà Nội",6.44,"Trương Định, Phường Hoàng Văn Thụ, Quận Hoàng Mai, Hà Nội",30.0,3.0,4.0,5.0,Sổ hồng,2025-08-23
"Bán Nhà riêng tạiĐền Lừ, Phường Hoàng Văn Thụ, Quận Hoàng Mai, Hà Nội",7.31,"Đền Lừ, Phường Hoàng Văn Thụ, Quận Hoàng Mai, Hà Nội",36.2,3.0,3.0,3.0,Sổ hồng,2025-08-23
"Bán Nhà riêng tạiTrương Định, Phường Tương Mai, Quận Hoàng Mai, Hà Nội",6.83,"Trương Định, Phường Tương Mai, Quận Hoàng Mai, Hà Nội",34.0,3.0,3.0,5.0,Sổ hồng,2025-08-23
"Bán Nhà riêng tạiTrương Định, Phường Tương Mai, Quận Hoàng Mai, Hà Nội",6.8,"Trương Định, Phường Tương Mai, Quận Hoàng Mai, Hà Nội",50.0,5.0,5.0,5.0,Sổ hồng,2025-08-23
"Bán Nhà riêng tạiHoàng Mai, Phường Tương Mai, Quận Hoàng Mai, Hà Nội",6.38,"Hoàng Mai, Phường Tương Mai, Quận Hoàng Mai, Hà Nội",39.0,5.0,4.0,5.0,Sổ hồng,2025-08-23
"Bán Nhà riêng tạiTrương Định, Phường Tương Mai, Quận Hoàng Mai, Hà Nội",7.66,"Trương Định, Phường Tương Mai, Quận Hoàng Mai, Hà Nội",43.4,4.0,3.0,4.0,Sổ hồng,2025-08-23
"Bán Nhà mặt phố tạiTân mai, Phường Tân Mai, Quận Hoàng Mai, Hà Nội",71.0,"Tân mai, Phường Tân Mai, Quận Hoàng Mai, Hà Nội",240.0,10.0,10.0,10.0,Sổ hồng,2025-08-23
"Bán Nhà biệt thự, liền kề tạiĐền Lừ, Phường Hoàng Văn Thụ, Quận Hoàng Mai, Hà Nội",25.8,"Đền Lừ, Phường Hoàng Văn Thụ, Quận Hoàng Mai, Hà Nội",104.0,6.0,6.0,6.0,Sổ hồng,2025-08-23
"Bán Nhà riêng tạiHoàng Mai, Phường Hoàng Văn Thụ, Quận Hoàng Mai, Hà Nội",7.8,"Hoàng Mai, Phường Hoàng Văn Thụ, Quận Hoàng Mai, Hà Nội",39.4,3.0,4.0,5.0,Sổ hồng,2025-08-23
"Bán Nhà riêng tạiGiáp Bát, Phường Giáp Bát, Quận Hoàng Mai, Hà Nội",6.89,"Giáp Bát, Phường Giáp Bát, Quận Hoàng Mai, Hà Nội",35.0,3.0,4.0,5.0,Sổ hồng,2025-08-23
"Bán Nhà riêng tạiHoàng Mai, Phường Hoàng Văn Thụ, Quận Hoàng Mai, Hà Nội",7.95,"Hoàng Mai, Phường Hoàng Văn Thụ, Quận Hoàng Mai, Hà Nội",42.3,3.0,4.0,5.0,Sổ hồng,2025-08-23
"Bán Nhà riêng tạiMinh Khai, Phường Hoàng Văn Thụ, Quận Hoàng Mai, Hà Nội",7.56,"Minh Khai, Phường Hoàng Văn Thụ, Quận Hoàng Mai, Hà Nội",40.5,4.0,3.0,4.0,Sổ hồng,2025-08-23
"Bán Nhà riêng tạiHoàng Mai, Phường Hoàng Văn Thụ, Quận Hoàng Mai, Hà Nội",8.15,"Hoàng Mai, Phường Hoàng Văn Thụ, Quận Hoàng Mai, Hà Nội",54.0,4.0,3.0,4.0,Sổ hồng,2025-08-23
"Bán Nhà biệt thự, liền kề tạiHoàng Mai, Phường Hoàng Văn Thụ, Quận Hoàng Mai, Hà Nội",26.9,"Hoàng Mai, Phường Hoàng Văn Thụ, Quận Hoàng Mai, Hà Nội",102.2,7.0,6.0,6.0,Sổ hồng,2025-08-23
"Bán Nhà riêng tạiHoàng Mai, Phường Hoàng Văn Thụ, Quận Hoàng Mai, Hà Nội",7.46,"Hoàng Mai, Phường Hoàng Văn Thụ, Quận Hoàng Mai, Hà Nội",42.5,6.0,4.0,5.0,Sổ hồng,2025-08-23
"Bán Nhà riêng tạiMinh Khai, Phường Hoàng Văn Thụ, Quận Hoàng Mai, Hà Nội",7.69,"Minh Khai, Phường Hoàng Văn Thụ, Quận Hoàng Mai, Hà Nội",42.5,5.0,4.0,5.0,Giấy tờ không xác định,2025-08-23
"Bán Nhà riêng tạiHoàng Mai, Phường Hoàng Văn Thụ, Quận Hoàng Mai, Hà Nội",8.88,"Hoàng Mai, Phường Hoàng Văn Thụ, Quận Hoàng Mai, Hà Nội",48.2,4.0,3.0,4.0,Sổ hồng,2025-08-23
"Bán Nhà riêng tạiĐền Lừ, Phường Hoàng Văn Thụ, Quận Hoàng Mai, Hà Nội",8.48,"Đền Lừ, Phường Hoàng Văn Thụ, Quận Hoàng Mai, Hà Nội",46.0,4.0,3.0,4.0,Sổ hồng,2025-08-23
"Bán Nhà riêng tạiHoàng Mai, Phường Hoàng Văn Thụ, Quận Hoàng Mai, Hà Nội",7.85,"Hoàng Mai, Phường Hoàng Văn Thụ, Quận Hoàng Mai, Hà Nội",37.4,3.0,4.0,5.0,Sổ hồng,2025-08-23
"Bán Nhà riêng tạiTrương Định, Phường Tương Mai, Quận Hoàng Mai, Hà Nội",7.75,"Trương Định, Phường Tương Mai, Quận Hoàng Mai, Hà Nội",42.5,4.0,4.0,5.0,Sổ hồng,2025-08-23
"Bán Nhà riêng tạiTrương Định, Phường Tương Mai, Quận Hoàng Mai, Hà Nội",6.7,"Trương Định, Phường Tương Mai, Quận Hoàng Mai, Hà Nội",55.0,4.0,4.0,4.0,Sổ hồng,2025-08-23
"Bán Nhà riêng tạiTrương Định, Phường Tương Mai, Quận Hoàng Mai, Hà Nội",6.85,"Trương Định, Phường Tương Mai, Quận Hoàng Mai, Hà Nội",36.0,3.0,4.0,5.0,Sổ hồng,2025-08-23
"Bán Nhà riêng tạiTrương Định, Phường Tương Mai, Quận Hoàng Mai, Hà Nội",6.78,"Trương Định, Phường Tương Mai, Quận Hoàng Mai, Hà Nội",35.0,3.0,4.0,5.0,Sổ hồng,2025-08-23
"Bán Nhà riêng tạiTrương Định, Phường Tương Mai, Quận Hoàng Mai, Hà Nội",6.9,"Trương Định, Phường Tương Mai, Quận Hoàng Mai, Hà Nội",42.3,6.0,4.0,5.0,Sổ hồng,2025-08-23
"Bán Nhà riêng tạiGiáp Bát, Phường Giáp Bát, Quận Hoàng Mai, Hà Nội",7.8,"Giáp Bát, Phường Giáp Bát, Quận Hoàng Mai, Hà Nội",46.5,4.0,3.0,4.0,Sổ hồng,2025-08-23
"Bán Nhà riêng tạiGiáp Bát, Phường Giáp Bát, Quận Hoàng Mai, Hà Nội",6.58,"Giáp Bát, Phường Giáp Bát, Quận Hoàng Mai, Hà Nội",33.0,3.0,4.0,5.0,Sổ hồng,2025-08-23
"Bán Nhà riêng tạiHoàng Mai, Phường Hoàng Văn Thụ, Quận Hoàng Mai, Hà Nội",8.68,"Hoàng Mai, Phường Hoàng Văn Thụ, Quận Hoàng Mai, Hà Nội",60.2,4.0,3.0,4.0,Sổ hồng,2025-08-23
"Bán Nhà riêng tạiHoàng Mai, Phường Hoàng Văn Thụ, Quận Hoàng Mai, Hà Nội",7.35,"Hoàng Mai, Phường Hoàng Văn Thụ, Quận Hoàng Mai, Hà Nội",43.2,6.0,4.0,5.0,Giấy tờ không xác định,2025-08-23
"Bán Nhà riêng tạiGiáp Bát, Phường Giáp Bát, Quận Hoàng Mai, Hà Nội",7.65,"Giáp Bát, Phường Giáp Bát, Quận Hoàng Mai, Hà Nội",45.0,4.0,3.0,4.0,Sổ hồng,2025-08-23
"Bán Nhà riêng tạiTrương Định, Phường Hoàng Văn Thụ, Quận Hoàng Mai, Hà Nội",7.5,"Trương Định, Phường Hoàng Văn Thụ, Quận Hoàng Mai, Hà Nội",41.0,6.0,4.0,5.0,Sổ hồng,2025-08-23
"Bán Nhà riêng tạiHoàng Mai, Phường Hoàng Văn Thụ, Quận Hoàng Mai, Hà Nội",6.56,"Hoàng Mai, Phường Hoàng Văn Thụ, Quận Hoàng Mai, Hà Nội",33.0,3.0,4.0,5.0,Giấy tờ không xác định,2025-08-23
"Bán Nhà riêng tạiHoàng Mai, Phường Hoàng Văn Thụ, Quận Hoàng Mai, Hà Nội",6.45,"Hoàng Mai, Phường Hoàng Văn Thụ, Quận Hoàng Mai, Hà Nội",32.2,3.0,3.0,5.0,Giấy tờ không xác định,2025-08-23
"Bán Nhà mặt phố tạiLĩnh Nam, Phường Lĩnh Nam, Quận Hoàng Mai, Hà Nội",76.0,"Lĩnh Nam, Phường Lĩnh Nam, Quận Hoàng Mai, Hà Nội",260.0,10.0,10.0,10.0,Sổ hồng,2025-08-23
"Bán Nhà biệt thự, liền kề tạiTân mai, Phường Tân Mai, Quận Hoàng Mai, Hà Nội",24.9,"Tân mai, Phường Tân Mai, Quận Hoàng Mai, Hà Nội",105.6,7.0,6.0,6.0,Sổ hồng,2025-08-23
"Bán Nhà riêng tạiHoàng Mai, Phường Hoàng Văn Thụ, Quận Hoàng Mai, Hà Nội",7.35,"Hoàng Mai, Phường Hoàng Văn Thụ, Quận Hoàng Mai, Hà Nội",43.2,6.0,4.0,5.0,Sổ hồng,2025-08-23
"Bán Nhà biệt thự, liền kề tạiTam Trinh, Phường Hoàng Văn Thụ, Quận Hoàng Mai, Hà Nội",24.5,"Tam Trinh, Phường Hoàng Văn Thụ, Quận Hoàng Mai, Hà Nội",114.7,6.0,6.0,6.0,Sổ hồng,2025-08-23
"Bán Nhà riêng tạiMinh Khai, Phường Hoàng Văn Thụ, Quận Hoàng Mai, Hà Nội",7.45,"Minh Khai, Phường Hoàng Văn Thụ, Quận Hoàng Mai, Hà Nội",41.3,6.0,4.0,5.0,Sổ hồng,2025-08-23
"Bán Nhà mặt phố tạiTam Trinh, Phường Mai Động, Quận Hoàng Mai, Hà Nội",26.0,"Tam Trinh, Phường Mai Động, Quận Hoàng Mai, Hà Nội",136.0,3.0,3.0,9.0,Sổ hồng,2025-08-23
"Bán Nhà riêng tạiTân mai, Phường Tân Mai, Quận Hoàng Mai, Hà Nội",7.65,"Tân mai, Phường Tân Mai, Quận Hoàng Mai, Hà Nội",47.0,6.0,5.0,6.0,Sổ hồng,2025-08-23
"Bán Nhà riêng tạiTân mai, Phường Tân Mai, Quận Hoàng Mai, Hà Nội",7.5,"Tân mai, Phường Tân Mai, Quận Hoàng Mai, Hà Nội",55.0,6.0,4.0,5.0,Sổ hồng,2025-08-23
"Bán Nhà riêng tạiTrương Định, Phường Giáp Bát, Quận Hoàng Mai, Hà Nội",7.15,"Trương Định, Phường Giáp Bát, Quận Hoàng Mai, Hà Nội",66.0,2.0,1.0,2.0,Sổ hồng,2025-08-23
"Bán Nhà riêng tạiHoàng Mai, Phường Hoàng Văn Thụ, Quận Hoàng Mai, Hà Nội",9.69,"Hoàng Mai, Phường Hoàng Văn Thụ, Quận Hoàng Mai, Hà Nội",53.0,4.0,3.0,4.0,Sổ hồng,2025-08-23
"Bán Nhà riêng tạiTân mai, Phường Tân Mai, Quận Hoàng Mai, Hà Nội",7.25,"Tân mai, Phường Tân Mai, Quận Hoàng Mai, Hà Nội",70.0,3.0,2.0,2.0,Sổ hồng,2025-08-23
"Bán Nhà biệt thự, liền kề tạiLĩnh Nam, Phường Lĩnh Nam, Quận Hoàng Mai, Hà Nội",27.8,"Lĩnh Nam, Phường Lĩnh Nam, Quận Hoàng Mai, Hà Nội",120.0,8.0,7.0,7.0,Sổ hồng,2025-08-23
"Bán Nhà mặt phố tạiTam Trinh, Phường Hoàng Văn Thụ, Quận Hoàng Mai, Hà Nội",75.8,"Tam Trinh, Phường Hoàng Văn Thụ, Quận Hoàng Mai, Hà Nội",250.0,9.0,9.0,9.0,Sổ hồng,2025-08-23
"Bán Nhà riêng tạiTân mai, Phường Tân Mai, Quận Hoàng Mai, Hà Nội",7.5,"Tân mai, Phường Tân Mai, Quận Hoàng Mai, Hà Nội",50.0,4.0,3.0,4.0,Sổ hồng,2025-08-23
"Bán Nhà riêng tạinguyễn văn trỗi, Phường Mộ Lao, Quận Hà Đông, Hà Nội",18.8,"nguyễn văn trỗi, Phường Mộ Lao, Quận Hà Đông, Hà Nội",80.0,24.0,24.0,8.0,Sổ hồng,2025-08-23
"Bán Nhà riêng tạiTân mai, Phường Tân Mai, Quận Hoàng Mai, Hà Nội",7.3,"Tân mai, Phường Tân Mai, Quận Hoàng Mai, Hà Nội",51.0,6.0,4.0,5.0,Sổ hồng,2025-08-23
"Bán Nhà riêng tạiTrương Định, Phường Giáp Bát, Quận Hoàng Mai, Hà Nội",7.5,"Trương Định, Phường Giáp Bát, Quận Hoàng Mai, Hà Nội",54.0,5.0,4.0,5.0,Sổ hồng,2025-08-23
"Bán Nhà riêng tạiTân mai, Phường Tân Mai, Quận Hoàng Mai, Hà Nội",7.5,"Tân mai, Phường Tân Mai, Quận Hoàng Mai, Hà Nội",45.0,5.0,5.0,7.0,Sổ hồng,2025-08-23
"Bán Nhà riêng tạiTân mai, Phường Tân Mai, Quận Hoàng Mai, Hà Nội",7.5,"Tân mai, Phường Tân Mai, Quận Hoàng Mai, Hà Nội",50.0,4.0,3.0,4.0,Sổ hồng,2025-08-23
"Bán Nhà riêng tạiTrương Định, Phường Giáp Bát, Quận Hoàng Mai, Hà Nội",7.5,"Trương Định, Phường Giáp Bát, Quận Hoàng Mai, Hà Nội",100.0,2.0,1.0,5.0,Sổ hồng,2025-08-23
"Bán Nhà riêng tạiGiáp Bát, Phường Giáp Bát, Quận Hoàng Mai, Hà Nội",7.83,"Giáp Bát, Phường Giáp Bát, Quận Hoàng Mai, Hà Nội",41.0,4.0,3.0,4.0,Sổ hồng,2025-08-23
"Bán Nhà riêng tạiHoàng Mai, Phường Hoàng Văn Thụ, Quận Hoàng Mai, Hà Nội",6.9,"Hoàng Mai, Phường Hoàng Văn Thụ, Quận Hoàng Mai, Hà Nội",42.3,6.0,4.0,5.0,Sổ hồng,2025-08-23
"Bán Nhà riêng tạiHoàng Mai, Hà Nội",8.15,"Hoàng Mai, Hà Nội",54.1,4.0,3.0,4.0,Giấy tờ không xác định,2025-08-23
"Bán Nhà riêng tạiHoàng Mai, Phường Hoàng Văn Thụ, Quận Hoàng Mai, Hà Nội",7.5,"Hoàng Mai, Phường Hoàng Văn Thụ, Quận Hoàng Mai, Hà Nội",42.0,6.0,4.0,5.0,Sổ hồng,2025-08-23
"Bán Nhà riêng tạiGiáp Bát, Phường Giáp Bát, Quận Hoàng Mai, Hà Nội",7.77,"Giáp Bát, Phường Giáp Bát, Quận Hoàng Mai, Hà Nội",45.0,5.0,4.0,5.0,Sổ hồng,2025-08-23
"Bán Nhà biệt thự, liền kề tạiTrương Định, Phường Hoàng Liệt, Quận Hoàng Mai, Hà Nội",17.5,"Trương Định, Phường Hoàng Liệt, Quận Hoàng Mai, Hà Nội",70.0,5.0,5.0,5.0,Sổ hồng,2025-08-23
"Bán Nhà riêng tạiĐền Lừ, Phường Hoàng Văn Thụ, Quận Hoàng Mai, Hà Nội",7.2,"Đền Lừ, Phường Hoàng Văn Thụ, Quận Hoàng Mai, Hà Nội",35.5,3.0,3.0,3.0,Sổ hồng,2025-08-23
"Bán Nhà riêng tạiMinh Khai, Phường Hoàng Văn Thụ, Quận Hoàng Mai, Hà Nội",7.68,"Minh Khai, Phường Hoàng Văn Thụ, Quận Hoàng Mai, Hà Nội",42.8,6.0,4.0,5.0,Sổ hồng,2025-08-23
"Bán Nhà mặt phố tạiTrương Định, Phường Tân Mai, Quận Hoàng Mai, Hà Nội",23.0,"Trương Định, Phường Tân Mai, Quận Hoàng Mai, Hà Nội",91.0,8.0,8.0,7.0,Sổ hồng,2025-08-23
"Bán Nhà biệt thự, liền kề tạiTrương Định, Phường Hoàng Liệt, Quận Hoàng Mai, Hà Nội",18.0,"Trương Định, Phường Hoàng Liệt, Quận Hoàng Mai, Hà Nội",70.0,5.0,5.0,5.0,Sổ hồng,2025-08-23
"Bán Nhà riêng tạiTân Mai, Phường Tân Mai, Quận Hoàng Mai, Hà Nội",6.55,"Tân Mai, Phường Tân Mai, Quận Hoàng Mai, Hà Nội",40.0,5.0,4.0,5.0,Sổ hồng,2025-08-23
"Bán Nhà riêng tạiTrương Định, Phường Giáp Bát, Quận Hoàng Mai, Hà Nội",7.5,"Trương Định, Phường Giáp Bát, Quận Hoàng Mai, Hà Nội",38.0,5.0,5.0,6.0,Sổ hồng,2025-08-23
"Bán Nhà riêng tạiTrương Định, Phường Tương Mai, Quận Hoàng Mai, Hà Nội",6.9,"Trương Định, Phường Tương Mai, Quận Hoàng Mai, Hà Nội",42.3,6.0,4.0,5.0,Sổ hồng,2025-08-23
"Bán Nhà biệt thự, liền kề tạiTrương Định, Phường Hoàng Liệt, Quận Hoàng Mai, Hà Nội",17.0,"Trương Định, Phường Hoàng Liệt, Quận Hoàng Mai, Hà Nội",70.0,5.0,5.0,5.0,Sổ hồng,2025-08-23
"Bán Nhà mặt phố tạitrần đăng ninh, Phường Phú La, Quận Hà Đông, Hà Nội",13.7,"trần đăng ninh, Phường Phú La, Quận Hà Đông, Hà Nội",45.0,4.0,4.0,4.0,Sổ hồng,2025-08-22
"Bán Nhà mặt phố tạivăn phú, Phường Phú La, Quận Hà Đông, Hà Nội",27.9,"văn phú, Phường Phú La, Quận Hà Đông, Hà Nội",57.0,5.0,7.0,7.0,Sổ hồng,2025-08-22
"Bán Nhà biệt thự, liền kề tạiNGUYỄN KHUYẾN, Phường Văn Quán, Quận Hà Đông, Hà Nội",25.0,"NGUYỄN KHUYẾN, Phường Văn Quán, Quận Hà Đông, Hà Nội",77.0,5.0,5.0,5.0,Sổ hồng,2025-08-22
"Bán Nhà riêng tạivăn phú, Phường Phú La, Quận Hà Đông, Hà Nội",21.0,"văn phú, Phường Phú La, Quận Hà Đông, Hà Nội",90.0,4.0,4.0,4.0,Sổ hồng,2025-08-22
"Bán Nhà riêng tạiĐịnh công thượng, Phường Định Công, Quận Hoàng Mai, Hà Nội",12.5,"Định công thượng, Phường Định Công, Quận Hoàng Mai, Hà Nội",64.0,6.0,4.0,5.0,Sổ hồng,2025-08-22
"Bán Nhà riêng tạiĐịnh công thượng, Phường Định Công, Quận Hoàng Mai, Hà Nội",4.45,"Định công thượng, Phường Định Công, Quận Hoàng Mai, Hà Nội",23.0,2.0,3.0,4.0,Sổ hồng,2025-08-22
"Bán Nhà riêng tạimậu lương, Phường Kiến Hưng, Quận Hà Đông, Hà Nội",24.0,"mậu lương, Phường Kiến Hưng, Quận Hà Đông, Hà Nội",85.0,5.0,6.0,7.0,Sổ hồng,2025-08-22
"Bán Nhà riêng tạilê trọng tấn, Phường Dương Nội, Quận Hà Đông, Hà Nội",14.0,"lê trọng tấn, Phường Dương Nội, Quận Hà Đông, Hà Nội",50.0,4.0,4.0,4.0,Sổ hồng,2025-08-21
"Bán Nhà biệt thự, liền kề tạitống tất thắng, Phường Phú La, Quận Hà Đông, Hà Nội",22.0,"tống tất thắng, Phường Phú La, Quận Hà Đông, Hà Nội",73.0,4.0,4.0,5.0,Sổ hồng,2025-08-20
"Bán Nhà mặt phố theo dự ánKhu đô thị mới Văn Phú tại Khu đô thị mới Văn Phú, hà cầu, Phường Phú La, Quận Hà Đông, Hà Nội",21.8,"Khu đô thị mới Văn Phú, hà cầu, Phường Phú La, Quận Hà Đông, Hà Nội",90.0,5.0,5.0,5.0,Sổ hồng,2025-08-19
"Bán Nhà mặt phố tạinguyễn văn trác, Phường Yên Nghĩa, Quận Hà Đông, Hà Nội",17.0,"nguyễn văn trác, Phường Yên Nghĩa, Quận Hà Đông, Hà Nội",100.0,5.0,5.0,5.0,Sổ hồng,2025-08-19
"Bán Nhà riêng tạicổng đồng, Phường La Khê, Quận Hà Đông, Hà Nội",15.1,"cổng đồng, Phường La Khê, Quận Hà Đông, Hà Nội",50.0,5.0,6.0,7.0,Sổ hồng,2025-08-19
"Bán Nhà mặt phố tạingô thì nhậm, Phường Hà Cầu, Quận Hà Đông, Hà Nội",19.9,"ngô thì nhậm, Phường Hà Cầu, Quận Hà Đông, Hà Nội",45.0,5.0,5.0,6.0,Sổ hồng,2025-08-19
"Bán Nhà riêng tạiPhúc Lợi, Long Biê, Hà nội, Phường Phúc Lợi, Quận Long Biên, Hà Nội",5.8,"Phúc Lợi, Long Biê, Hà nội, Phường Phúc Lợi, Quận Long Biên, Hà Nội",52.2,3.0,4.0,6.0,Sổ hồng,2025-08-19
"Bán Nhà riêng tạinông quốc chấn, Phường La Khê, Quận Hà Đông, Hà Nội",14.3,"nông quốc chấn, Phường La Khê, Quận Hà Đông, Hà Nội",48.0,5.0,4.0,5.0,Sổ hồng,2025-08-17
"Bán Nhà biệt thự, liền kề tạinghĩa lộ, Phường Yên Nghĩa, Quận Hà Đông, Hà Nội",16.9,"nghĩa lộ, Phường Yên Nghĩa, Quận Hà Đông, Hà Nội",75.0,5.0,5.0,5.0,Sổ hồng,2025-08-18
"Bán Nhà riêng tạiVũ Trọng Khánh, Phường Mộ Lao, Quận Hà Đông, Hà Nội",17.8,"Vũ Trọng Khánh, Phường Mộ Lao, Quận Hà Đông, Hà Nội",60.0,5.0,5.0,5.0,Sổ hồng,2025-08-16
"Bán Nhà riêng tạitrần phú, Phường Văn Quán, Quận Hà Đông, Hà Nội",15.4,"trần phú, Phường Văn Quán, Quận Hà Đông, Hà Nội",58.0,5.0,5.0,5.0,Sổ hồng,2025-08-16
"Bán Nhà biệt thự, liền kề theo dự ánLa Casta Văn Phú tại La Casta Văn Phú, lacasta văn phú, Phường Phú La, Quận Hà Đông, Hà Nội",22.7,"La Casta Văn Phú, lacasta văn phú, Phường Phú La, Quận Hà Đông, Hà Nội",73.0,5.0,5.0,5.0,Sổ hồng,2025-08-16
"Bán Nhà riêng tạiLạc Long Quân, Phường Xuân La, Quận Tây Hồ, Hà Nội",13.2,"Lạc Long Quân, Phường Xuân La, Quận Tây Hồ, Hà Nội",86.0,3.0,2.0,3.0,Sổ hồng,2025-08-15
"Bán Nhà riêng tạimậu lương, Phường Kiến Hưng, Quận Hà Đông, Hà Nội",12.0,"mậu lương, Phường Kiến Hưng, Quận Hà Đông, Hà Nội",50.0,4.0,4.0,5.0,Sổ hồng,2025-08-12
"Bán Nhà riêng tạiPhố Tân Mai, Phường Tân Mai, Quận Hoàng Mai, Hà Nội",2.86,"Phố Tân Mai, Phường Tân Mai, Quận Hoàng Mai, Hà Nội",60.0,2.0,1.0,1.0,Sổ hồng,2025-08-14
"Bán Nhà riêng tạiĐường Phú Đô, Phường Phú Đô, Quận Nam Từ Liêm, Hà Nội",11.0,"Đường Phú Đô, Phường Phú Đô, Quận Nam Từ Liêm, Hà Nội",55.0,13.0,14.0,7.0,Sổ hồng,2025-08-13
"Bán Nhà riêng tạiPhố Tân Mai, Phường Tân Mai, Quận Hoàng Mai, Hà Nội",4.95,"Phố Tân Mai, Phường Tân Mai, Quận Hoàng Mai, Hà Nội",85.0,2.0,1.0,1.0,Sổ hồng,2025-08-14
"Bán Nhà riêng tạiPhố Phú Đô, Phường Phú Đô, Quận Nam Từ Liêm, Hà Nội",15.9,"Phố Phú Đô, Phường Phú Đô, Quận Nam Từ Liêm, Hà Nội",46.0,5.0,4.0,4.0,Sổ hồng,2025-08-13
"Bán Nhà riêng tạiĐường Lĩnh Nam, Phường Vĩnh Hưng, Quận Hoàng Mai, Hà Nội",6.2,"Đường Lĩnh Nam, Phường Vĩnh Hưng, Quận Hoàng Mai, Hà Nội",38.0,20.0,21.0,6.0,Sổ hồng,2025-08-12
"Bán Nhà riêng tạiPhố Định Công, Phường Định Công, Quận Hoàng Mai, Hà Nội",2.5,"Phố Định Công, Phường Định Công, Quận Hoàng Mai, Hà Nội",35.0,2.0,2.0,2.0,Giấy tờ không xác định,2025-08-11
"Bán Nhà riêng tạiPhố Nam Dư, Phường Vĩnh Hưng, Quận Hoàng Mai, Hà Nội",2.8,"Phố Nam Dư, Phường Vĩnh Hưng, Quận Hoàng Mai, Hà Nội",25.0,2.0,3.0,3.0,Giấy tờ không xác định,2025-08-11
"Bán Nhà riêng tạiĐền Lừ, Phường Hoàng Văn Thụ, Quận Hoàng Mai, Hà Nội",6.5,"Đền Lừ, Phường Hoàng Văn Thụ, Quận Hoàng Mai, Hà Nội",35.0,3.0,4.0,5.0,Sổ hồng,2025-08-10
"Bán Nhà riêng tạiTrần Phú, Phường Văn Quán, Quận Hà Đông, Hà Nội",9.0,"Trần Phú, Phường Văn Quán, Quận Hà Đông, Hà Nội",35.0,3.0,3.0,4.0,Sổ hồng,2025-08-11
"Bán Nhà riêng tạiNgọc Trì, Phường Thạch Bàn, Quận Long Biên, Hà Nội",6.3,"Ngọc Trì, Phường Thạch Bàn, Quận Long Biên, Hà Nội",30.5,4.0,4.0,5.0,Sổ hồng,2025-08-05
"Bán Nhà riêng tạiDo Nha, Phường Tây Mỗ, Quận Nam Từ Liêm, Hà Nội",5.56,"Do Nha, Phường Tây Mỗ, Quận Nam Từ Liêm, Hà Nội",50.2,4.0,3.0,4.0,Sổ hồng,2025-08-05
"Bán Nhà riêng tạiDo Nha, Phường Xuân Phương, Quận Nam Từ Liêm, Hà Nội",5.25,"Do Nha, Phường Xuân Phương, Quận Nam Từ Liêm, Hà Nội",33.0,4.0,3.0,1.0,Sổ hồng,2025-07-31
"Bán Nhà biệt thự, liền kề tạiNguyễn Cảnh Dị, Phường Định Công, Quận Hoàng Mai, Hà Nội",16.99,"Nguyễn Cảnh Dị, Phường Định Công, Quận Hoàng Mai, Hà Nội",54.0,4.0,4.0,4.0,Sổ hồng,2025-07-31
"Bán Nhà riêng tạiNgõ 168 Kim Giang, Phường Đại Kim, Quận Hoàng Mai, Hà Nội",8.5,"Ngõ 168 Kim Giang, Phường Đại Kim, Quận Hoàng Mai, Hà Nội",40.0,6.0,4.0,5.0,Sổ hồng,2025-07-31
"Bán Nhà riêng tạiPhường Thịnh Liệt, Quận Hoàng Mai, Hà Nội",11.5,"Phường Thịnh Liệt, Quận Hoàng Mai, Hà Nội",41.0,5.0,4.0,5.0,Sổ hồng,2025-07-30
"Bán Nhà riêng tạiDo Nha, Phường Xuân Phương, Quận Nam Từ Liêm, Hà Nội",6.0,"Do Nha, Phường Xuân Phương, Quận Nam Từ Liêm, Hà Nội",38.0,4.0,3.0,5.0,Sổ hồng,2025-07-28
"Bán Nhà riêng tạiPhường Định Công, Quận Hoàng Mai, Hà Nội",4.45,"Phường Định Công, Quận Hoàng Mai, Hà Nội",25.0,3.0,3.0,4.0,Sổ hồng,2025-07-16
"Bán Nhà riêng tạiQuang trung, Phường Quang Trung, Quận Hà Đông, Hà Nội",12.0,"Quang trung, Phường Quang Trung, Quận Hà Đông, Hà Nội",56.0,5.0,5.0,5.0,Giấy tờ không xác định,2025-07-17
"Bán Nhà riêng tạiPhường Hoàng Liệt, Quận Hoàng Mai, Hà Nội",5.0,"Phường Hoàng Liệt, Quận Hoàng Mai, Hà Nội",24.0,3.0,3.0,4.0,Sổ hồng,2025-07-16
"Bán Nhà biệt thự, liền kề tại18M, Phường Mộ Lao, Quận Hà Đông, Hà Nội",18.0,"18M, Phường Mộ Lao, Quận Hà Đông, Hà Nội",60.0,4.0,4.0,5.0,Sổ hồng,2025-07-16
"Bán Nhà riêng tạiHoàng mai, Phường Mai Động, Quận Hoàng Mai, Hà Nội",6.68,"Hoàng mai, Phường Mai Động, Quận Hoàng Mai, Hà Nội",30.0,3.0,3.0,5.0,Sổ hồng,2025-07-15
"Bán Nhà riêng tạingọc thụy, Phường Ngọc Thụy, Quận Long Biên, Hà Nội",7.9,"ngọc thụy, Phường Ngọc Thụy, Quận Long Biên, Hà Nội",40.0,4.0,4.0,5.0,Sổ hồng,2025-07-12
"Bán Nhà riêng tạiĐịnh công, Phường Định Công, Quận Hoàng Mai, Hà Nội",8.0,"Định công, Phường Định Công, Quận Hoàng Mai, Hà Nội",35.0,4.0,5.0,23.0,Sổ hồng,2025-07-12
"Bán Nhà riêng tạiĐông Thiên, Phường Vĩnh Hưng, Quận Hoàng Mai, Hà Nội",7.1,"Đông Thiên, Phường Vĩnh Hưng, Quận Hoàng Mai, Hà Nội",45.0,4.0,5.0,5.0,Sổ hồng,2025-07-12
"Bán Nhà riêng tạiĐịnh công, Phường Định Công, Quận Hoàng Mai, Hà Nội",2.9,"Định công, Phường Định Công, Quận Hoàng Mai, Hà Nội",46.0,3.0,2.0,2.0,Giấy tờ không xác định,2025-07-12
"Bán Nhà riêng tạiĐịnh Công, Phường Định Công, Quận Hoàng Mai, Hà Nội",6.5,"Định Công, Phường Định Công, Quận Hoàng Mai, Hà Nội",36.0,4.0,5.0,5.0,Sổ hồng,2025-07-12
"Bán Nhà mặt phố tạikẻ tạnh, Phường Giang Biên, Quận Long Biên, Hà Nội",6.3,"kẻ tạnh, Phường Giang Biên, Quận Long Biên, Hà Nội",32.0,3.0,4.0,6.0,Sổ hồng,2025-07-12
"Bán Nhà mặt phố tạigiang biên, Phường Giang Biên, Quận Long Biên, Hà Nội",6.25,"giang biên, Phường Giang Biên, Quận Long Biên, Hà Nội",33.0,4.0,4.0,6.0,Sổ hồng,2025-07-12
"Bán Nhà mặt phố tạikẻ tạnh, Phường Giang Biên, Quận Long Biên, Hà Nội",6.2,"kẻ tạnh, Phường Giang Biên, Quận Long Biên, Hà Nội",32.0,3.0,4.0,6.0,Sổ hồng,2025-07-12
"Bán Nhà riêng tạiQuốc lộ 6, Phường Đồng Mai, Quận Hà Đông, Hà Nội",3.45,"Quốc lộ 6, Phường Đồng Mai, Quận Hà Đông, Hà Nội",33.0,3.0,3.0,5.0,Sổ hồng,2025-07-09
"Bán Nhà riêng tạiAn thắng, Phường Biên Giang, Quận Hà Đông, Hà Nội",3.25,"An thắng, Phường Biên Giang, Quận Hà Đông, Hà Nội",30.0,3.0,3.0,4.0,Sổ hồng,2025-07-09
"Bán Nhà mặt phố tạibát khối, Phường Cự Khối, Quận Long Biên, Hà Nội",7.85,"bát khối, Phường Cự Khối, Quận Long Biên, Hà Nội",32.0,4.0,4.0,6.0,Sổ hồng,2025-07-12
"Bán Nhà mặt phố tạibát khối, Phường Cự Khối, Quận Long Biên, Hà Nội",7.8,"bát khối, Phường Cự Khối, Quận Long Biên, Hà Nội",30.0,4.0,5.0,6.0,Sổ hồng,2025-07-12
"Bán Nhà riêng tạiDo Nha, Phường Xuân Phương, Quận Nam Từ Liêm, Hà Nội",14.8,"Do Nha, Phường Xuân Phương, Quận Nam Từ Liêm, Hà Nội",60.0,2.0,2.0,4.0,Sổ hồng,2025-07-10
"Bán Nhà mặt phố tạingọc lâm, Phường Ngọc Lâm, Quận Long Biên, Hà Nội",7.9,"ngọc lâm, Phường Ngọc Lâm, Quận Long Biên, Hà Nội",40.0,3.0,4.0,5.0,Sổ hồng,2025-07-08
"Bán Nhà mặt phố tạingọc thụy, Phường Ngọc Thụy, Quận Long Biên, Hà Nội",7.8,"ngọc thụy, Phường Ngọc Thụy, Quận Long Biên, Hà Nội",40.0,4.0,4.0,5.0,Sổ hồng,2025-07-08
"Bán Nhà mặt phố tạingọc thụy, Phường Ngọc Thụy, Quận Long Biên, Hà Nội",8.7,"ngọc thụy, Phường Ngọc Thụy, Quận Long Biên, Hà Nội",50.0,4.0,4.0,4.0,Sổ hồng,2025-07-08
"Bán Nhà mặt phố tạingọc thụy, Phường Ngọc Thụy, Quận Long Biên, Hà Nội",8.65,"ngọc thụy, Phường Ngọc Thụy, Quận Long Biên, Hà Nội",50.0,4.0,4.0,4.0,Sổ hồng,2025-07-08
"Bán Nhà mặt phố tạingọc thụy, Phường Ngọc Thụy, Quận Long Biên, Hà Nội",8.6,"ngọc thụy, Phường Ngọc Thụy, Quận Long Biên, Hà Nội",48.0,6.0,6.0,4.0,Sổ hồng,2025-07-08
"Bán Nhà mặt phố tạiHồng Tiến, Phường Ngọc Thụy, Quận Long Biên, Hà Nội",24.5,"Hồng Tiến, Phường Ngọc Thụy, Quận Long Biên, Hà Nội",50.0,5.0,6.0,5.0,Sổ hồng,2025-07-06
"Bán Nhà riêng tạixuân phương, Phường Xuân Phương, Quận Nam Từ Liêm, Hà Nội",11.5,"xuân phương, Phường Xuân Phương, Quận Nam Từ Liêm, Hà Nội",98.0,3.0,2.0,3.0,Sổ hồng,2025-07-05
"Bán Nhà riêng tạiDO Nha, Phường Xuân Phương, Quận Nam Từ Liêm, Hà Nội",8.9,"DO Nha, Phường Xuân Phương, Quận Nam Từ Liêm, Hà Nội",56.0,4.0,2.0,4.0,Sổ hồng,2025-07-05
"Bán Nhà riêng tạiPhường Phú La, Quận Hà Đông, Hà Nội",13.0,"Phường Phú La, Quận Hà Đông, Hà Nội",55.0,5.0,5.0,5.0,Sổ hồng,2025-07-05
"Bán Nhà riêng tạiDo Nha, Phường Xuân Phương, Quận Nam Từ Liêm, Hà Nội",5.7,"Do Nha, Phường Xuân Phương, Quận Nam Từ Liêm, Hà Nội",60.0,3.0,2.0,3.0,Sổ hồng,2025-07-03
"Bán Nhà mặt phố tạibát khối, Phường Cự Khối, Quận Long Biên, Hà Nội",7.9,"bát khối, Phường Cự Khối, Quận Long Biên, Hà Nội",30.0,4.0,5.0,6.0,Sổ hồng,2025-07-03
"Bán Nhà mặt phố tạingọc thụy, Phường Ngọc Thụy, Quận Long Biên, Hà Nội",8.6,"ngọc thụy, Phường Ngọc Thụy, Quận Long Biên, Hà Nội",50.0,4.0,4.0,4.0,Sổ hồng,2025-06-27
"Bán Nhà mặt phố tạiNguyễn Văn Cừ, Phường Ngọc Lâm, Quận Long Biên, Hà Nội",9.5,"Nguyễn Văn Cừ, Phường Ngọc Lâm, Quận Long Biên, Hà Nội",40.0,3.0,4.0,4.0,Sổ hồng,2025-06-27
"Bán Nhà mặt phố tạiHoàng Như Tiếp, Phường Bồ Đề, Quận Long Biên, Hà Nội",9.3,"Hoàng Như Tiếp, Phường Bồ Đề, Quận Long Biên, Hà Nội",35.0,3.0,6.0,6.0,Sổ hồng,2025-06-25
"Bán Nhà riêng tạiNguyễn Văn Cừ, Phường Ngọc Lâm, Quận Long Biên, Hà Nội",10.2,"Nguyễn Văn Cừ, Phường Ngọc Lâm, Quận Long Biên, Hà Nội",47.0,4.0,5.0,4.0,Sổ hồng,2025-06-21
"Bán Nhà riêng tạiNgõ 154 Ngọc lâm, Phường Ngọc Lâm, Quận Long Biên, Hà Nội",16.9,"Ngõ 154 Ngọc lâm, Phường Ngọc Lâm, Quận Long Biên, Hà Nội",67.0,5.0,4.0,5.0,Sổ hồng,2025-06-21
"Bán Nhà mặt phố tạiĐường Phú Gia, Phường Phú Thượng, Quận Tây Hồ, Hà Nội",230.0,"Đường Phú Gia, Phường Phú Thượng, Quận Tây Hồ, Hà Nội",350.0,9.0,9.0,9.0,Sổ hồng,2025-06-19
"Bán Nhà biệt thự, liền kề theo dự ánLouis City Hoàng Mai tại Louis City Hoàng Mai, yên sở, Phường Hoàng Văn Thụ, Quận Hoàng Mai, Hà Nội",41.0,"Louis City Hoàng Mai, yên sở, Phường Hoàng Văn Thụ, Quận Hoàng Mai, Hà Nội",108.0,3.0,5.0,5.0,Sổ hồng,2025-06-16
"Bán Nhà biệt thự, liền kề tạiTrịnh Văn Bô, Phường Phương Canh, Quận Nam Từ Liêm, Hà Nội",23.9,"Trịnh Văn Bô, Phường Phương Canh, Quận Nam Từ Liêm, Hà Nội",80.0,4.0,4.0,5.0,Sổ hồng,2025-06-16
"Bán Nhà biệt thự, liền kề tạiLê Quang Đạo, Phường Đại Mỗ, Quận Nam Từ Liêm, Hà Nội",34.0,"Lê Quang Đạo, Phường Đại Mỗ, Quận Nam Từ Liêm, Hà Nội",100.0,6.0,5.0,5.0,Sổ hồng,2025-06-10
"Bán Nhà riêng tạiGiáp Bát, Phường Giáp Bát, Quận Hoàng Mai, Hà Nội",6.85,"Giáp Bát, Phường Giáp Bát, Quận Hoàng Mai, Hà Nội",39.0,3.0,4.0,5.0,Sổ hồng,2025-05-27
"Bán Nhà riêng tạiTrương Định, Phường Tương Mai, Quận Hoàng Mai, Hà Nội",6.75,"Trương Định, Phường Tương Mai, Quận Hoàng Mai, Hà Nội",36.0,3.0,4.0,5.0,Sổ hồng,2025-05-27
"Bán Nhà riêng tạiTrương Định, Phường Tương Mai, Quận Hoàng Mai, Hà Nội",6.9,"Trương Định, Phường Tương Mai, Quận Hoàng Mai, Hà Nội",52.0,5.0,5.0,5.0,Sổ hồng,2025-05-27
"Bán Nhà riêng tạiGiáp Bát, Phường Giáp Bát, Quận Hoàng Mai, Hà Nội",7.5,"Giáp Bát, Phường Giáp Bát, Quận Hoàng Mai, Hà Nội",46.0,5.0,4.0,5.0,Sổ hồng,2025-05-27
"Bán Nhà riêng tạiGiáp Bát, Phường Giáp Bát, Quận Hoàng Mai, Hà Nội",7.5,"Giáp Bát, Phường Giáp Bát, Quận Hoàng Mai, Hà Nội",46.5,5.0,4.0,5.0,Sổ hồng,2025-05-27
"Bán Nhà riêng tạiTrương Định, Phường Tương Mai, Quận Hoàng Mai, Hà Nội",7.56,"Trương Định, Phường Tương Mai, Quận Hoàng Mai, Hà Nội",42.0,4.0,3.0,4.0,Sổ hồng,2025-05-27
"Bán Nhà riêng tạiGiáp Bát, Phường Giáp Bát, Quận Hoàng Mai, Hà Nội",7.6,"Giáp Bát, Phường Giáp Bát, Quận Hoàng Mai, Hà Nội",46.0,4.0,4.0,4.0,Sổ hồng,2025-05-27
"Bán Nhà riêng tạiGiáp Bát, Phường Giáp Bát, Quận Hoàng Mai, Hà Nội",6.95,"Giáp Bát, Phường Giáp Bát, Quận Hoàng Mai, Hà Nội",38.0,3.0,4.0,5.0,Sổ hồng,2025-05-27
"Bán Nhà riêng tạiNguyễn Đình Thi, Phường Thụy Khuê, Quận Tây Hồ, Hà Nội",14.0,"Nguyễn Đình Thi, Phường Thụy Khuê, Quận Tây Hồ, Hà Nội",50.0,4.0,5.0,6.0,Sổ hồng,2025-05-31
"Bán Nhà riêng tạihuỳnh tấn phát, Phường Phúc Đồng, Quận Long Biên, Hà Nội",5.95,"huỳnh tấn phát, Phường Phúc Đồng, Quận Long Biên, Hà Nội",33.0,5.0,5.0,5.0,Sổ hồng,2025-05-08
"Bán Nhà riêng tạiCạnh PCC1 , ĐH Đại Nam, Phường Phú Lương, Quận Hà Đông, Hà Nội",5.7,"Cạnh PCC1 , ĐH Đại Nam, Phường Phú Lương, Quận Hà Đông, Hà Nội",41.0,6.0,4.0,5.0,Sổ hồng,2025-05-28
"Bán Nhà riêng tạiLệ Mật, Phường Việt Hưng, Quận Long Biên, Hà Nội",6.46,"Lệ Mật, Phường Việt Hưng, Quận Long Biên, Hà Nội",35.0,5.0,5.0,5.0,Sổ hồng,2025-05-08
"Bán Nhà riêng tạiphạm tuấn tài, Phường Cổ Nhuế 1, Quận Bắc Từ Liêm, Hà Nội",17.9,"phạm tuấn tài, Phường Cổ Nhuế 1, Quận Bắc Từ Liêm, Hà Nội",60.0,5.0,6.0,6.0,Sổ hồng,2025-05-26
"Bán Nhà riêng tạiphúc lợi, Phường Phúc Lợi, Quận Long Biên, Hà Nội",5.5,"phúc lợi, Phường Phúc Lợi, Quận Long Biên, Hà Nội",36.0,4.0,4.0,5.0,Sổ hồng,2025-05-02
"Bán Nhà riêng tạiphúc lợi, Phường Phúc Lợi, Quận Long Biên, Hà Nội",4.8,"phúc lợi, Phường Phúc Lợi, Quận Long Biên, Hà Nội",30.0,5.0,4.0,5.0,Sổ hồng,2025-05-08
"Bán Nhà riêng tạiphúc lợi, Phường Phúc Lợi, Quận Long Biên, Hà Nội",5.35,"phúc lợi, Phường Phúc Lợi, Quận Long Biên, Hà Nội",36.0,3.0,3.0,5.0,Sổ hồng,2025-05-08
"Bán Nhà riêng tạiPhúc Lợi, Phường Phúc Lợi, Quận Long Biên, Hà Nội",4.9,"Phúc Lợi, Phường Phúc Lợi, Quận Long Biên, Hà Nội",31.0,3.0,4.0,5.0,Sổ hồng,2025-05-08
"Bán Nhà riêng tạihồ tùng mậu, Phường Phú Diễn, Quận Bắc Từ Liêm, Hà Nội",15.88,"hồ tùng mậu, Phường Phú Diễn, Quận Bắc Từ Liêm, Hà Nội",48.0,3.0,5.0,7.0,Sổ hồng,2025-05-23
"Bán Nhà riêng tạitu hoàng, Phường Xuân Phương, Quận Nam Từ Liêm, Hà Nội",6.5,"tu hoàng, Phường Xuân Phương, Quận Nam Từ Liêm, Hà Nội",38.0,7.0,4.0,5.0,Sổ hồng,2025-05-06
"Bán Nhà riêng tạiVạn Phúc, Phường Vạn Phúc, Quận Hà Đông, Hà Nội",8.3,"Vạn Phúc, Phường Vạn Phúc, Quận Hà Đông, Hà Nội",30.0,3.0,3.0,5.0,Sổ hồng,2025-04-20
"Bán Nhà riêng tạiPhường Lĩnh Nam, Quận Hoàng Mai, Hà Nội",4.0,"Phường Lĩnh Nam, Quận Hoàng Mai, Hà Nội",30.0,3.0,4.0,5.0,Sổ hồng,2025-04-15
"Bán Nhà riêng tạiLĩnh Nam, Phường Lĩnh Nam, Quận Hoàng Mai, Hà Nội",6.0,"Lĩnh Nam, Phường Lĩnh Nam, Quận Hoàng Mai, Hà Nội",47.0,4.0,3.0,4.0,Sổ hồng,2025-04-15
"Bán Nhà riêng tạiPhường Lĩnh Nam, Quận Hoàng Mai, Hà Nội",7.0,"Phường Lĩnh Nam, Quận Hoàng Mai, Hà Nội",40.0,6.0,4.0,5.0,Sổ hồng,2025-04-18
"Bán Nhà riêng tạiPhường Lĩnh Nam, Quận Hoàng Mai, Hà Nội",6.0,"Phường Lĩnh Nam, Quận Hoàng Mai, Hà Nội",50.0,4.0,4.0,4.0,Sổ hồng,2025-04-12
"Bán Nhà mặt phố tạingõ 207, Phường Xuân Đỉnh, Quận Bắc Từ Liêm, Hà Nội",6.6,"ngõ 207, Phường Xuân Đỉnh, Quận Bắc Từ Liêm, Hà Nội",30.0,1.0,2.0,1.0,Sổ hồng,2025-04-10
"Bán Nhà riêng tạiNgõ 6 Miêu nha, Phường Tây Mỗ, Quận Nam Từ Liêm, Hà Nội",6.68,"Ngõ 6 Miêu nha, Phường Tây Mỗ, Quận Nam Từ Liêm, Hà Nội",31.0,4.0,5.0,6.0,Sổ hồng,2025-04-03
"Bán Nhà riêng tạiNgõ 6 Miêu nha, Phường Tây Mỗ, Quận Nam Từ Liêm, Hà Nội",6.3,"Ngõ 6 Miêu nha, Phường Tây Mỗ, Quận Nam Từ Liêm, Hà Nội",31.0,3.0,4.0,5.0,Sổ hồng,2025-04-03
"Bán Nhà riêng tạiVạn phúc, Phường Vạn Phúc, Quận Hà Đông, Hà Nội",8.3,"Vạn phúc, Phường Vạn Phúc, Quận Hà Đông, Hà Nội",30.0,3.0,3.0,5.0,Sổ hồng,2025-03-27
"Bán Nhà riêng tạiMinh Khai, Phường Mai Động, Quận Hoàng Mai, Hà Nội",7.75,"Minh Khai, Phường Mai Động, Quận Hoàng Mai, Hà Nội",59.0,4.0,4.0,5.0,Sổ hồng,2025-02-25
"Bán Nhà riêng tạiMinh Khai, Phường Mai Động, Quận Hoàng Mai, Hà Nội",7.8,"Minh Khai, Phường Mai Động, Quận Hoàng Mai, Hà Nội",40.0,4.0,4.0,5.0,Sổ hồng,2025-02-26
"Bán Nhà riêng tạiMinh Khai, Phường Mai Động, Quận Hoàng Mai, Hà Nội",7.8,"Minh Khai, Phường Mai Động, Quận Hoàng Mai, Hà Nội",60.0,4.0,3.0,4.0,Sổ hồng,2025-02-25
"Bán Nhà riêng tạiTrương Định, Phường Tương Mai, Quận Hoàng Mai, Hà Nội",6.65,"Trương Định, Phường Tương Mai, Quận Hoàng Mai, Hà Nội",52.0,4.0,4.0,4.0,Sổ hồng,2025-02-27
"Bán Nhà riêng tạiPhường Ngọc Thụy, Quận Long Biên, Hà Nội",9.2,"Phường Ngọc Thụy, Quận Long Biên, Hà Nội",61.0,4.0,5.0,4.0,Sổ hồng,2025-03-22
"Bán Nhà riêng tạiMinh Khai, Phường Mai Động, Quận Hoàng Mai, Hà Nội",7.7,"Minh Khai, Phường Mai Động, Quận Hoàng Mai, Hà Nội",57.0,4.0,4.0,4.0,Sổ hồng,2025-02-26
"Bán Nhà riêng tạiYên lộ, Phường Yên Nghĩa, Quận Hà Đông, Hà Nội",6.15,"Yên lộ, Phường Yên Nghĩa, Quận Hà Đông, Hà Nội",30.0,3.0,3.0,5.0,Sổ hồng,2025-03-23
"Bán Nhà riêng tạiNgọc Lâm, Phường Ngọc Lâm, Quận Long Biên, Hà Nội",12.0,"Ngọc Lâm, Phường Ngọc Lâm, Quận Long Biên, Hà Nội",40.0,4.0,4.0,5.0,Sổ hồng,2025-03-21
"Bán Nhà riêng tạiHồng Tiến, Phường Bồ Đề, Quận Long Biên, Hà Nội",13.85,"Hồng Tiến, Phường Bồ Đề, Quận Long Biên, Hà Nội",43.8,3.0,4.0,6.0,Sổ hồng,2025-03-21
"Bán Nhà riêng tạiMinh Khai, Phường Mai Động, Quận Hoàng Mai, Hà Nội",6.85,"Minh Khai, Phường Mai Động, Quận Hoàng Mai, Hà Nội",47.5,4.0,2.0,4.0,Sổ hồng,2025-02-24
"Bán Nhà riêng tạiNguyễn đức cảnh, Phường Tương Mai, Quận Hoàng Mai, Hà Nội",14.5,"Nguyễn đức cảnh, Phường Tương Mai, Quận Hoàng Mai, Hà Nội",55.0,8.0,7.0,6.0,Sổ hồng,2025-03-20
"Bán Nhà riêng tạitựu liệt , Phường Hoàng Liệt, Quận Hoàng Mai, Hà Nội",5.7,"tựu liệt , Phường Hoàng Liệt, Quận Hoàng Mai, Hà Nội",30.0,4.0,4.0,5.0,Sổ hồng,2025-03-14
"Bán Nhà riêng tạibế văn đàn, Phường Hà Cầu, Quận Hà Đông, Hà Nội",1.45,"bế văn đàn, Phường Hà Cầu, Quận Hà Đông, Hà Nội",68.0,6.0,4.0,7.0,Sổ hồng,2025-02-22
"Bán Nhà riêng tạiĐức Thắng, Phường Đức Thắng, Quận Bắc Từ Liêm, Hà Nội",8.8,"Đức Thắng, Phường Đức Thắng, Quận Bắc Từ Liêm, Hà Nội",50.0,4.0,4.0,4.0,Sổ hồng,2025-03-15
"Bán Nhà mặt phố tạiHoàng Quốc Việt, Phường Cổ Nhuế 1, Quận Bắc Từ Liêm, Hà Nội",22.0,"Hoàng Quốc Việt, Phường Cổ Nhuế 1, Quận Bắc Từ Liêm, Hà Nội",65.0,6.0,8.0,6.0,Sổ hồng,2025-03-16
"Bán Nhà riêng tạiđường Ngọc Lâm, Phường Ngọc Lâm, Quận Long Biên, Hà Nội",12.0,"đường Ngọc Lâm, Phường Ngọc Lâm, Quận Long Biên, Hà Nội",70.0,4.0,3.0,6.0,Sổ hồng,2025-03-06
"Bán Nhà biệt thự, liền kề tạiĐại lộ Thăng Long, Phường Tây Mỗ, Quận Nam Từ Liêm, Hà Nội",62.0,"Đại lộ Thăng Long, Phường Tây Mỗ, Quận Nam Từ Liêm, Hà Nội",372.0,7.0,9.0,4.0,Sổ hồng,2025-03-15
"Bán Nhà riêng tạiPhường Văn Quán, Quận Hà Đông, Hà Nội",20.5,"Phường Văn Quán, Quận Hà Đông, Hà Nội",85.0,8.0,6.0,6.0,Sổ hồng,2025-02-21
"Bán Nhà biệt thự, liền kề tại216 ngõ 65 đường An Thắng, Phường Biên Giang, Quận Hà Đông, Hà Nội",3.0,"216 ngõ 65 đường An Thắng, Phường Biên Giang, Quận Hà Đông, Hà Nội",30.0,3.0,3.0,4.0,Sổ hồng,2025-03-08
"Bán Nhà riêng tạiPhường Cổ Nhuế 2, Quận Bắc Từ Liêm, Hà Nội",14.0,"Phường Cổ Nhuế 2, Quận Bắc Từ Liêm, Hà Nội",50.0,2.0,3.0,4.0,Sổ hồng,2025-03-06
"Bán Nhà riêng tạiđường 50, Phường Đồng Mai, Quận Hà Đông, Hà Nội",5.7,"đường 50, Phường Đồng Mai, Quận Hà Đông, Hà Nội",180.0,4.0,3.0,3.0,Sổ hồng,2025-03-06
"Bán Nhà riêng tạiPhường Ngọc Thụy, Quận Long Biên, Hà Nội",6.0,"Phường Ngọc Thụy, Quận Long Biên, Hà Nội",40.0,3.0,3.0,4.0,Sổ hồng,2025-03-06
"Bán Nhà riêng tạiPhường Hoàng Văn Thụ, Quận Hoàng Mai, Hà Nội",6.0,"Phường Hoàng Văn Thụ, Quận Hoàng Mai, Hà Nội",30.0,3.0,3.0,4.0,Sổ hồng,2025-03-06
"Bán Nhà riêng tạiđường Nguyễn Đức Cảnh, Phường Tương Mai, Quận Hoàng Mai, Hà Nội",5.55,"đường Nguyễn Đức Cảnh, Phường Tương Mai, Quận Hoàng Mai, Hà Nội",56.0,5.0,4.0,5.0,Sổ hồng,2025-03-06
"Bán Nhà mặt phố tạiPhường Mỹ Đình 1, Quận Nam Từ Liêm, Hà Nội",11.0,"Phường Mỹ Đình 1, Quận Nam Từ Liêm, Hà Nội",40.0,4.0,4.0,5.0,Sổ hồng,2025-03-06
"Bán Nhà riêng tạiPhường Phúc Lợi, Quận Long Biên, Hà Nội",6.55,"Phường Phúc Lợi, Quận Long Biên, Hà Nội",63.0,4.0,1.0,4.0,Sổ hồng,2025-03-06
"Bán Nhà mặt phố tại24 Phú Thượng, Phường Phú Thượng, Quận Tây Hồ, Hà Nội",17.2,"24 Phú Thượng, Phường Phú Thượng, Quận Tây Hồ, Hà Nội",83.0,4.0,4.0,3.0,Sổ hồng,2025-03-06
"Bán Nhà riêng tạiTrích Sài, Phường Bưởi, Quận Tây Hồ, Hà Nội",17.2,"Trích Sài, Phường Bưởi, Quận Tây Hồ, Hà Nội",43.0,6.0,6.0,5.0,Sổ hồng,2025-03-06
"Bán Nhà riêng tạiphố Lụa, Phường Vạn Phúc, Quận Hà Đông, Hà Nội",6.0,"phố Lụa, Phường Vạn Phúc, Quận Hà Đông, Hà Nội",35.0,5.0,4.0,5.0,Sổ hồng,2025-03-06
"Bán Nhà mặt phố tạiPhan Đình Giót, Phường La Khê, Quận Hà Đông, Hà Nội",9.2,"Phan Đình Giót, Phường La Khê, Quận Hà Đông, Hà Nội",41.0,3.0,3.0,5.0,Sổ hồng,2025-03-06
"Bán Nhà riêng tạiHà Trì 4, Phường Hà Cầu, Quận Hà Đông, Hà Nội",6.5,"Hà Trì 4, Phường Hà Cầu, Quận Hà Đông, Hà Nội",33.0,3.0,4.0,5.0,Sổ hồng,2025-03-06
"Bán Nhà riêng tạiKim Giang, Phường Đại Kim, Quận Hoàng Mai, Hà Nội",65.0,"Kim Giang, Phường Đại Kim, Quận Hoàng Mai, Hà Nội",36.0,4.0,3.0,4.0,Sổ hồng,2025-03-06
"Bán Nhà riêng tạiThanh Bình, Phường Mộ Lao, Quận Hà Đông, Hà Nội",10.0,"Thanh Bình, Phường Mộ Lao, Quận Hà Đông, Hà Nội",38.0,3.0,4.0,5.0,Sổ hồng,2025-03-06
"Bán Nhà riêng tạiđường Ao Sen , Phường Mộ Lao, Quận Hà Đông, Hà Nội",12.8,"đường Ao Sen , Phường Mộ Lao, Quận Hà Đông, Hà Nội",60.0,4.0,2.0,4.0,Sổ hồng,2025-03-06
"Bán Nhà riêng tạiđường Phú Mỹ, Phường Mỹ Đình 2, Quận Nam Từ Liêm, Hà Nội",5.7,"đường Phú Mỹ, Phường Mỹ Đình 2, Quận Nam Từ Liêm, Hà Nội",31.0,3.0,4.0,5.0,Sổ hồng,2025-03-06
"Bán Nhà riêng tạiPhường Phúc Lợi, Quận Long Biên, Hà Nội",7.9,"Phường Phúc Lợi, Quận Long Biên, Hà Nội",36.0,4.0,4.0,6.0,Sổ hồng,2025-03-06
"Bán Nhà riêng tạiXuân Phương, Phường Xuân Phương, Quận Nam Từ Liêm, Hà Nội",6.35,"Xuân Phương, Phường Xuân Phương, Quận Nam Từ Liêm, Hà Nội",51.0,3.0,2.0,5.0,Sổ hồng,2025-03-06
"Bán Nhà biệt thự, liền kề theo dự ánKhu đô thị Kiến Hưng tại Khu đô thị Kiến Hưng, phố Phúc La, Phường Kiến Hưng, Quận Hà Đông, Hà Nội",18.5,"Khu đô thị Kiến Hưng, phố Phúc La, Phường Kiến Hưng, Quận Hà Đông, Hà Nội",70.0,4.0,5.0,5.0,Sổ hồng,2025-03-05
"Bán Nhà riêng tạiđường Lụa, Phường Vạn Phúc, Quận Hà Đông, Hà Nội",6.9,"đường Lụa, Phường Vạn Phúc, Quận Hà Đông, Hà Nội",35.0,2.0,3.0,5.0,Sổ hồng,2025-03-06
"Bán Nhà riêng tạiTrần Cung, Phường Cổ Nhuế 1, Quận Bắc Từ Liêm, Hà Nội",6.55,"Trần Cung, Phường Cổ Nhuế 1, Quận Bắc Từ Liêm, Hà Nội",34.0,3.0,4.0,5.0,Sổ hồng,2025-03-06
"Bán Nhà riêng tạiPhường Đức Giang, Quận Long Biên, Hà Nội",16.5,"Phường Đức Giang, Quận Long Biên, Hà Nội",90.0,5.0,6.0,4.0,Sổ hồng,2025-03-05
"Bán Nhà riêng tạiđường Mậu Lương, Phường Kiến Hưng, Quận Hà Đông, Hà Nội",5.3,"đường Mậu Lương, Phường Kiến Hưng, Quận Hà Đông, Hà Nội",37.0,3.0,4.0,4.0,Sổ hồng,2025-03-05
"Bán Nhà riêng tạiNam Dư, Phường Lĩnh Nam, Quận Hoàng Mai, Hà Nội",2.98,"Nam Dư, Phường Lĩnh Nam, Quận Hoàng Mai, Hà Nội",30.0,3.0,4.0,5.0,Sổ hồng,2025-03-05
"Bán Nhà mặt phố tạiVõ Chí Công, Phường Xuân La, Quận Tây Hồ, Hà Nội",175.0,"Võ Chí Công, Phường Xuân La, Quận Tây Hồ, Hà Nội",396.0,2.0,1.0,8.0,Sổ hồng,2025-03-05
"Bán Nhà riêng tạiLĩnh Nam, Phường Vĩnh Hưng, Quận Hoàng Mai, Hà Nội",3.9,"Lĩnh Nam, Phường Vĩnh Hưng, Quận Hoàng Mai, Hà Nội",30.0,4.0,4.0,4.0,Giấy tờ không xác định,2025-03-05
"Bán Nhà riêng tạiPhường Quang Trung, Quận Hà Đông, Hà Nội",5.1,"Phường Quang Trung, Quận Hà Đông, Hà Nội",58.0,2.0,3.0,4.0,Sổ hồng,2025-03-05
"Bán Nhà riêng tạiVăn Phú, Phường Phú La, Quận Hà Đông, Hà Nội",4.1,"Văn Phú, Phường Phú La, Quận Hà Đông, Hà Nội",30.0,2.0,3.0,4.0,Sổ hồng,2025-03-05
"Bán Nhà riêng tạiPhố Vĩnh Hưng, Phường Vĩnh Hưng, Quận Hoàng Mai, Hà Nội",2.65,"Phố Vĩnh Hưng, Phường Vĩnh Hưng, Quận Hoàng Mai, Hà Nội",25.0,3.0,3.0,3.0,Giấy viết tay,2025-03-04
"Bán Nhà riêng tạisố 20, Phường Phú Đô, Quận Nam Từ Liêm, Hà Nội",4.8,"số 20, Phường Phú Đô, Quận Nam Từ Liêm, Hà Nội",35.0,3.0,3.0,4.0,Sổ hồng,2025-03-04
"Bán Nhà riêng tạiPhường Yên Nghĩa, Quận Hà Đông, Hà Nội",6.75,"Phường Yên Nghĩa, Quận Hà Đông, Hà Nội",50.0,4.0,4.0,4.0,Sổ hồng,2025-03-03
"Bán Nhà mặt phố tạiPhường Xuân La, Quận Tây Hồ, Hà Nội",1.0,"Phường Xuân La, Quận Tây Hồ, Hà Nội",500.0,10.0,10.0,10.0,Sổ hồng,2025-02-21
"Bán Nhà biệt thự, liền kề theo dự ánFLC Premier Parc Đại Mỗ tại FLC Premier Parc Đại Mỗ, Đường 70, Phường Đại Mỗ, Nam Từ Liêm, Hà Nội",28.0,"FLC Premier Parc Đại Mỗ, Đường 70, Phường Đại Mỗ, Nam Từ Liêm, Hà Nội",100.0,5.0,5.0,5.0,Sổ hồng,2025-10-24
"Bán Nhà biệt thự, liền kề theo dự ánFLC Premier Parc Đại Mỗ tại FLC Premier Parc Đại Mỗ, 70, Đại Mỗ, Nam Từ Liêm, Hà Nội",25.0,"FLC Premier Parc Đại Mỗ, 70, Đại Mỗ, Nam Từ Liêm, Hà Nội",90.0,5.0,5.0,5.0,Giấy tờ không xác định,2025-10-24
"Bán Nhà biệt thự, liền kề tạiPhường Xuân Tảo, Quận Bắc Từ Liêm, Hà Nội",200.0,"Phường Xuân Tảo, Quận Bắc Từ Liêm, Hà Nội",303.0,8.0,5.0,4.0,Sổ hồng,2025-10-24
"Bán Nhà biệt thự, liền kề theo dự ánFLC Premier Parc Đại Mỗ tại Dự án FLC Premier Parc Đại Mỗ, Đường 70, Phường Đại Mỗ, Nam Từ Liêm, Hà Nội",21.6,"Dự án FLC Premier Parc Đại Mỗ, Đường 70, Phường Đại Mỗ, Nam Từ Liêm, Hà Nội",110.0,4.0,6.0,5.0,Sổ hồng,2025-10-24
"Bán Nhà biệt thự, liền kề theo dự ánFLC Premier Parc Đại Mỗ tại Dự án FLC Premier Parc Đại Mỗ, Đường 70, Phường Đại Mỗ, Nam Từ Liêm, Hà Nội",37.0,"Dự án FLC Premier Parc Đại Mỗ, Đường 70, Phường Đại Mỗ, Nam Từ Liêm, Hà Nội",96.0,6.0,5.0,5.0,Giấy tờ không xác định,2025-10-24
"Bán Nhà biệt thự, liền kề theo dự ánFLC Premier Parc Đại Mỗ tại Dự án FLC Premier Parc Đại Mỗ, Đường 70, Phường Đại Mỗ, Nam Từ Liêm, Hà Nội",23.5,"Dự án FLC Premier Parc Đại Mỗ, Đường 70, Phường Đại Mỗ, Nam Từ Liêm, Hà Nội",90.0,5.0,5.0,5.0,Giấy tờ không xác định,2025-10-24
"Bán Nhà biệt thự, liền kề theo dự ánFLC Premier Parc Đại Mỗ tại FLC Premier Parc Đại Mỗ, 70, Đại Mỗ, Nam Từ Liêm, Hà Nội",26.0,"FLC Premier Parc Đại Mỗ, 70, Đại Mỗ, Nam Từ Liêm, Hà Nội",100.0,4.0,4.0,4.0,Giấy tờ không xác định,2025-10-24
"Bán Nhà biệt thự, liền kề tạiPhường Dương Nội, Quận Hà Đông, Hà Nội",57.89,"Phường Dương Nội, Quận Hà Đông, Hà Nội",239.0,4.0,4.0,4.0,Sổ hồng,2025-10-13
"Bán Nhà riêng tạiPhường Xuân La, Quận Tây Hồ, Hà Nội",25.0,"Phường Xuân La, Quận Tây Hồ, Hà Nội",70.0,5.0,4.0,4.0,Sổ hồng,2025-10-11
"Bán Nhà biệt thự, liền kề theo dự ánLouis City tại Louis City Đại mỗ, Phường Đại Mỗ, Quận Nam Từ Liêm, Hà Nội",63.0,"Louis City Đại mỗ, Phường Đại Mỗ, Quận Nam Từ Liêm, Hà Nội",180.0,5.0,6.0,5.0,Sổ hồng,2025-10-13
"Bán Nhà riêng tạiĐường Bát Khối, Long Biên, Long Biên, Hà Nội",10.85,"Đường Bát Khối, Long Biên, Long Biên, Hà Nội",40.0,3.0,4.0,5.0,Sổ hồng,2025-10-11
"Bán Nhà riêng tạiĐường Phú Lương, Phú Lãm, Hà Đông, Hà Nội",8.9,"Đường Phú Lương, Phú Lãm, Hà Đông, Hà Nội",46.0,4.0,5.0,6.0,Sổ hồng,2025-10-11
"Bán Nhà riêng tạiPhường Xuân La, Quận Tây Hồ, Hà Nội",13.0,"Phường Xuân La, Quận Tây Hồ, Hà Nội",51.0,7.0,6.0,6.0,Sổ hồng,2025-10-11
"Bán Nhà riêng tạiĐường Cổ Linh, Phường Long Biên, Quận Long Biên, Hà Nội",9.6,"Đường Cổ Linh, Phường Long Biên, Quận Long Biên, Hà Nội",40.0,4.0,3.0,6.0,Giấy tờ không xác định,2025-10-11
"Bán Nhà riêng tạiPhố Tân Mai, Phường Tân Mai, Quận Hoàng Mai, Hà Nội",1.6,"Phố Tân Mai, Phường Tân Mai, Quận Hoàng Mai, Hà Nội",17.0,2.0,2.0,5.0,Giấy tờ không xác định,2025-10-11
"Bán Nhà riêng tạiPhường Đại Kim, Quận Hoàng Mai, Hà Nội",4.25,"Phường Đại Kim, Quận Hoàng Mai, Hà Nội",42.0,3.0,2.0,3.0,Giấy tờ không xác định,2025-10-10
"Bán Nhà riêng tạiPhường Phú Lương, Quận Hà Đông, Hà Nội",4.7,"Phường Phú Lương, Quận Hà Đông, Hà Nội",30.0,3.0,4.0,4.0,Sổ hồng,2025-10-10
"Bán Nhà riêng tạiPhố Hồng Tiến, Phường Bồ Đề, Quận Long Biên, Hà Nội",14.5,"Phố Hồng Tiến, Phường Bồ Đề, Quận Long Biên, Hà Nội",45.0,4.0,6.0,7.0,Sổ hồng,2025-10-09
"Bán Nhà riêng tạiĐường Phố Trạm, Long Biên, Long Biên, Hà Nội",22.8,"Đường Phố Trạm, Long Biên, Long Biên, Hà Nội",80.0,5.0,7.0,7.0,Sổ hồng,2025-10-09
"Bán Nhà riêng tạiĐường Tư Đình, Long Biên, Long Biên, Hà Nội",22.5,"Đường Tư Đình, Long Biên, Long Biên, Hà Nội",79.0,5.0,7.0,7.0,Sổ hồng,2025-10-09
"Bán Nhà riêng tạiĐường Thanh Lãm, Phú Lãm, Hà Đông, Hà Nội",9.0,"Đường Thanh Lãm, Phú Lãm, Hà Đông, Hà Nội",49.0,4.0,5.0,5.0,Sổ hồng,2025-10-09
"Bán Nhà riêng tạiĐường Hồ Tùng Mậu, Phú Diễn, Bắc Từ Liêm, Hà Nội",9.5,"Đường Hồ Tùng Mậu, Phú Diễn, Bắc Từ Liêm, Hà Nội",34.0,4.0,4.0,4.0,Sổ hồng,2025-10-09
"Bán Nhà riêng tạiPhố An Dương, Phường Yên Phụ, Quận Tây Hồ, Hà Nội",5.6,"Phố An Dương, Phường Yên Phụ, Quận Tây Hồ, Hà Nội",25.0,4.0,4.0,6.0,Sổ hồng,2025-10-09
"Bán Nhà mặt phố tạiPhường Văn Quán, Quận Hà Đông, Hà Nội",18.0,"Phường Văn Quán, Quận Hà Đông, Hà Nội",75.0,11.0,11.0,7.0,Sổ hồng,2025-10-09
"Bán Nhà riêng tạiĐường Tân Mai, Tân Mai, Hoàng Mai, Hà Nội",24.0,"Đường Tân Mai, Tân Mai, Hoàng Mai, Hà Nội",60.0,7.0,7.0,7.0,Sổ hồng,2025-10-09
"Bán Nhà riêng tạiThuỵ Khuê, Phường Thụy Khuê, Quận Tây Hồ, Hà Nội",12.6,"Thuỵ Khuê, Phường Thụy Khuê, Quận Tây Hồ, Hà Nội",43.8,6.0,7.0,5.0,Giấy tờ không xác định,2025-10-09
"Bán Nhà riêng tạiĐường Cổ Bản - Nhân Sơn, Phường Đồng Mai, Quận Hà Đông, Hà Nội",4.85,"Đường Cổ Bản - Nhân Sơn, Phường Đồng Mai, Quận Hà Đông, Hà Nội",34.0,5.0,3.0,4.0,Sổ hồng,2025-10-09
"Bán Nhà riêng tạiĐường Hoàng Mai, Phường Hoàng Văn Thụ, Quận Hoàng Mai, Hà Nội",10.5,"Đường Hoàng Mai, Phường Hoàng Văn Thụ, Quận Hoàng Mai, Hà Nội",42.0,4.0,4.0,5.0,Giấy tờ không xác định,2025-10-09
"Bán Nhà riêng tạiĐường Ngọc Thụy, Ngọc Thụy, Long Biên, Hà Nội",7.65,"Đường Ngọc Thụy, Ngọc Thụy, Long Biên, Hà Nội",38.0,5.0,5.0,5.0,Sổ hồng,2025-10-09
"Bán Nhà riêng tạiPhường Lĩnh Nam, Quận Hoàng Mai, Hà Nội",4.5,"Phường Lĩnh Nam, Quận Hoàng Mai, Hà Nội",23.0,3.0,3.0,4.0,Sổ hồng,2025-10-09
"Bán Nhà riêng tạiKhu 918, Phúc Đồng, Long Biên, Hà Nội",16.5,"Khu 918, Phúc Đồng, Long Biên, Hà Nội",59.0,5.0,5.0,4.0,Sổ hồng,2025-10-08
"Bán Nhà riêng tạiĐường Bà Triệu, Hà Cầu, Hà Đông, Hà Nội",9.8,"Đường Bà Triệu, Hà Cầu, Hà Đông, Hà Nội",47.0,8.0,8.0,5.0,Sổ hồng,2025-10-08
"Bán Nhà mặt phố tạiPhường Văn Quán, Hà Đông, Hà Nội",27.5,"Phường Văn Quán, Hà Đông, Hà Nội",100.0,6.0,4.0,6.0,Sổ hồng,2025-10-08
"Bán Nhà riêng tạiĐường Mễ Trì, Mễ Trì, Nam Từ Liêm, Hà Nội",7.95,"Đường Mễ Trì, Mễ Trì, Nam Từ Liêm, Hà Nội",39.0,3.0,4.0,5.0,Sổ hồng,2025-10-08
"Bán Nhà riêng tạiĐường Thanh Lãm, Phú Lãm, Hà Đông, Hà Nội",8.9,"Đường Thanh Lãm, Phú Lãm, Hà Đông, Hà Nội",44.0,3.0,4.0,5.0,Sổ hồng,2025-10-08
"Bán Nhà riêng tạiĐường Nguyễn Hoàng, Mỹ Đình 1, Nam Từ Liêm, Hà Nội",9.5,"Đường Nguyễn Hoàng, Mỹ Đình 1, Nam Từ Liêm, Hà Nội",42.0,4.0,3.0,4.0,Sổ hồng,2025-10-07
"Bán Nhà riêng tạiĐường Giải Phóng, Thịnh Liệt, Hoàng Mai, Hà Nội",7.18,"Đường Giải Phóng, Thịnh Liệt, Hoàng Mai, Hà Nội",30.0,4.0,4.0,5.0,Sổ hồng,2025-10-07
"Bán Nhà riêng tạiĐường 1, Phú Lương, Hà Đông, Hà Nội",5.18,"Đường 1, Phú Lương, Hà Đông, Hà Nội",32.0,3.0,3.0,5.0,Sổ hồng,2025-10-07
"Bán Nhà mặt phố tạiĐường Cổ Nhuế, Cổ Nhuế 2, Bắc Từ Liêm, Hà Nội",14.6,"Đường Cổ Nhuế, Cổ Nhuế 2, Bắc Từ Liêm, Hà Nội",54.0,6.0,5.0,6.0,Sổ hồng,2025-10-07
"Bán Nhà riêng tạiĐường Lạc Long Quân, Xuân La, Tây Hồ, Hà Nội",10.5,"Đường Lạc Long Quân, Xuân La, Tây Hồ, Hà Nội",56.0,2.0,2.0,3.0,Sổ hồng,2025-10-07
"Bán Nhà riêng tạiĐường 1, Phú Lương, Hà Đông, Hà Nội",6.6,"Đường 1, Phú Lương, Hà Đông, Hà Nội",36.0,6.0,4.0,5.0,Sổ hồng,2025-10-07
"Bán Nhà riêng tạiĐường Thụy Khuê, phường Bưởi, Tây Hồ, Hà Nội",28.8,"Đường Thụy Khuê, phường Bưởi, Tây Hồ, Hà Nội",41.0,6.0,5.0,5.0,Sổ hồng,2025-10-07
"Bán Nhà riêng tạiĐường Hồ Tùng Mậu, Phú Diễn, Bắc Từ Liêm, Hà Nội",7.2,"Đường Hồ Tùng Mậu, Phú Diễn, Bắc Từ Liêm, Hà Nội",40.0,5.0,5.0,5.0,Sổ hồng,2025-10-07
"Bán Nhà mặt phố tạiĐường Nguyễn Sơn, Bồ Đề, Long Biên Hà Nội",8.8,"Đường Nguyễn Sơn, Bồ Đề, Long Biên Hà Nội",41.0,4.0,3.0,4.0,Sổ hồng,2025-10-06
"Bán Nhà riêng tạiĐường Mễ Trì Thượng, Mễ Trì, Nam Từ Liêm Hà Nội",10.8,"Đường Mễ Trì Thượng, Mễ Trì, Nam Từ Liêm Hà Nội",52.0,8.0,5.0,5.0,Sổ hồng,2025-10-06
"Bán Nhà riêng tạiĐường Đa Sỹ, Biên Giang Hà Đông Hà Nội",8.5,"Đường Đa Sỹ, Biên Giang Hà Đông Hà Nội",30.0,3.0,4.0,5.0,Sổ hồng,2025-10-06
"Bán Nhà mặt phố tạiĐường Trường Lâm, Đức Giang, Long Biên, Hà Nội",26.0,"Đường Trường Lâm, Đức Giang, Long Biên, Hà Nội",86.0,3.0,2.0,7.0,Sổ hồng,2025-10-06
"Bán Nhà riêng tạiĐường Bồ Đề, phường Bồ Đề, quận Long Biên, Hà Nội",7.9,"Đường Bồ Đề, phường Bồ Đề, quận Long Biên, Hà Nội",35.0,4.0,4.0,5.0,Sổ hồng,2025-10-06
"Bán Nhà riêng tạiĐường Võng Thị, Bưởi, Tây Hồ Hà Nội",21.0,"Đường Võng Thị, Bưởi, Tây Hồ Hà Nội",81.0,4.0,3.0,3.0,Sổ hồng,2025-10-06
"Bán Nhà riêng tạiĐường Phúc Diễn, Phú Diễn, Bắc Từ Liêm Hà Nội",9.55,"Đường Phúc Diễn, Phú Diễn, Bắc Từ Liêm Hà Nội",36.0,6.0,5.0,6.0,Sổ hồng,2025-10-06
"Bán Nhà riêng tạiĐường Chiến Thắng, Văn Quán, Hà Đông Hà Nội",12.5,"Đường Chiến Thắng, Văn Quán, Hà Đông Hà Nội",40.0,5.0,3.0,5.0,Sổ hồng,2025-10-06
"Bán Nhà riêng tạiĐường Phú Lương, Phú Lương, Hà Đông, Hà Nội",12.0,"Đường Phú Lương, Phú Lương, Hà Đông, Hà Nội",52.0,1.0,1.0,3.0,Sổ hồng,2025-10-07
"Bán Nhà biệt thự, liền kề tạiĐường Đại lộ Thăng Long, Mễ Trì, Nam Từ Liêm, Hà Nội",36.6,"Đường Đại lộ Thăng Long, Mễ Trì, Nam Từ Liêm, Hà Nội",132.0,6.0,6.0,4.0,Sổ hồng,2025-10-06
"Bán Nhà mặt phố tạiĐường Cương Kiên, Đại Mỗ Nam Từ Liêm Hà Nội",24.8,"Đường Cương Kiên, Đại Mỗ Nam Từ Liêm Hà Nội",65.0,10.0,10.0,7.0,Sổ hồng,2025-10-06
"Bán Nhà riêng tạiĐường Sài Đồng, Phúc Đồng, Long Biên Hà Nội",11.5,"Đường Sài Đồng, Phúc Đồng, Long Biên Hà Nội",34.0,4.0,6.0,7.0,Sổ hồng,2025-10-06
"Bán Nhà riêng tạiĐường Thụy Khuê, Tây Hồ Hà Nội",28.8,"Đường Thụy Khuê, Tây Hồ Hà Nội",41.0,6.0,5.0,5.0,Sổ hồng,2025-10-06
"Bán Nhà mặt phố tạiĐường Võng Thị, phường Bưởi, Tây Hồ Hà Nội",52.0,"Đường Võng Thị, phường Bưởi, Tây Hồ Hà Nội",101.0,4.0,10.0,9.0,Sổ hồng,2025-10-06
"Bán Nhà riêng tạiNam Từ Liêm Hà Nội Đường Mỹ Đình, Mỹ Đình 2",6.5,"Nam Từ Liêm Hà Nội                             Đường Mỹ Đình, Mỹ Đình 2",51.0,3.0,3.0,4.0,Sổ hồng,2025-10-06
"Bán Nhà riêng tạiĐường 48 Ngô Gia Tự, Việt Hưng, Long Biên Hà Nội",7.0,"Đường 48 Ngô Gia Tự, Việt Hưng, Long Biên Hà Nội",32.0,3.0,4.0,5.0,Sổ hồng,2025-10-06
"Bán Nhà riêng tạiĐường Việt Hưng, Việt Hưng, Long Biên Hà Nội",7.9,"Đường Việt Hưng, Việt Hưng, Long Biên Hà Nội",40.0,4.0,5.0,6.0,Sổ hồng,2025-10-06
"Bán Nhà riêng tạiĐường Nguyễn Văn Linh, Thạch Bàn, Long Biên Hà Nội",13.0,"Đường Nguyễn Văn Linh, Thạch Bàn, Long Biên Hà Nội",52.0,4.0,5.0,7.0,Sổ hồng,2025-10-06
"Bán Nhà riêng tạiAn Dương, Phường Yên Phụ, Quận Tây Hồ, Hà Nội",11.8,"An Dương, Phường Yên Phụ, Quận Tây Hồ, Hà Nội",47.0,3.0,3.0,3.0,Sổ hồng,2025-10-04
"Bán Nhà riêng tạiĐường Lĩnh Nam, Phường Lĩnh Nam, Quận Hoàng Mai, Hà Nội",7.95,"Đường Lĩnh Nam, Phường Lĩnh Nam, Quận Hoàng Mai, Hà Nội",35.3,3.0,4.0,5.0,Sổ hồng,2025-10-04
"Bán Nhà riêng tạiBắc Từ Liêm Hà Nội Đường Cổ Nhuế, Cổ Nhuế 2",13.0,"Bắc Từ Liêm Hà Nội                             Đường Cổ Nhuế, Cổ Nhuế 2",50.0,5.0,5.0,5.0,Sổ hồng,2025-10-06
"Bán Nhà riêng tạiLong Biên Hà Nội Đường Gia Quất, Thượng Thanh",8.3,"Long Biên Hà Nội                             Đường Gia Quất, Thượng Thanh",58.0,3.0,4.0,4.0,Sổ hồng,2025-10-06
"Bán Nhà riêng tạiPhố Sài Đồng, Phường Sài Đồng, Quận Long Biên, Hà Nội",24.9,"Phố Sài Đồng, Phường Sài Đồng, Quận Long Biên, Hà Nội",75.0,3.0,3.0,4.0,Giấy tờ không xác định,2025-10-04
"Bán Nhà riêng tạiĐường Trần Phú, Phường Mộ Lao, Quận Hà Đông, Hà Nội",4.8,"Đường Trần Phú, Phường Mộ Lao, Quận Hà Đông, Hà Nội",20.0,3.0,4.0,5.0,Sổ hồng,2025-10-04
"Bán Nhà biệt thự, liền kề tạiĐường Xuân Đỉnh, Phường Xuân Đỉnh, Quận Bắc Từ Liêm Hà Nội",25.8,"Đường Xuân Đỉnh, Phường Xuân Đỉnh, Quận Bắc Từ Liêm Hà Nội",105.0,6.0,5.0,6.0,Sổ hồng,2025-10-04
"Bán Nhà riêng tạiĐường Thạch Bàn, Thạch Bàn, Long Biên Hà Nội",7.7,"Đường Thạch Bàn, Thạch Bàn, Long Biên Hà Nội",52.0,4.0,4.0,6.0,Sổ hồng,2025-10-04
"Bán Nhà riêng tạiNam Từ Liêm Hà Nội Đường Miêu Nha, Tây Mỗ",6.85,"Nam Từ Liêm Hà Nội                             Đường Miêu Nha, Tây Mỗ",37.0,5.0,5.0,6.0,Sổ hồng,2025-10-04
"Bán Nhà riêng tạiĐường Tứ Liên, Tứ Liên Tây Hồ Hà Nội",15.2,"Đường Tứ Liên, Tứ Liên Tây Hồ Hà Nội",48.0,5.0,4.0,7.0,Sổ hồng,2025-10-04
"Bán Nhà riêng tạiĐường Bát khối, Cự Khối, Long Biên Hà Nội",5.9,"Đường Bát khối, Cự Khối, Long Biên Hà Nội",32.0,3.0,4.0,5.0,Sổ hồng,2025-10-04
"Bán Nhà riêng tạiĐường Ao Sen, phường Mộ Lao, quận Hà Đông, Hà Nội",14.8,"Đường Ao Sen, phường Mộ Lao, quận Hà Đông, Hà Nội",40.0,4.0,4.0,4.0,Sổ hồng,2025-10-04
"Bán Nhà riêng tạiPhố Sài Đồng, Phường Sài Đồng, Quận Long Biên, Hà Nội",36.0,"Phố Sài Đồng, Phường Sài Đồng, Quận Long Biên, Hà Nội",85.0,2.0,2.0,2.0,Giấy tờ không xác định,2025-10-04
"Bán Nhà riêng tạiĐường Nguyễn Đổng Chi, Cầu Diễn, Nam Từ Liêm",10.8,"Đường Nguyễn Đổng Chi, Cầu Diễn, Nam Từ Liêm",38.0,4.0,4.0,4.0,Sổ hồng,2025-10-04
"Bán Nhà riêng tạiĐường Tân Xuân, Xuân Đỉnh, Bắc Từ Liêm Hà Nội",12.5,"Đường Tân Xuân, Xuân Đỉnh, Bắc Từ Liêm Hà Nội",82.0,3.0,2.0,3.0,Sổ hồng,2025-10-04
"Bán Nhà riêng tạiBắc Từ Liêm Hà Nội Đường Trung Tựu, Tây Tựu",6.3,"Bắc Từ Liêm Hà Nội                             Đường Trung Tựu, Tây Tựu",36.0,4.0,4.0,5.0,Sổ hồng,2025-10-04
"Bán Nhà riêng tạiĐường Thạch Bàn, phường Thạch Bàn, quận Long Biên, Hà Nội",6.6,"Đường Thạch Bàn, phường Thạch Bàn, quận Long Biên, Hà Nội",48.0,4.0,4.0,6.0,Sổ hồng,2025-10-04
"Bán Nhà biệt thự, liền kề tạiPhường Đại Kim, Quận Hoàng Mai, Hà Nội",19.5,"Phường Đại Kim, Quận Hoàng Mai, Hà Nội",66.0,4.0,4.0,5.0,Sổ hồng,2025-10-04
"Bán Nhà riêng tạiNgô Gia Tự, Phường Việt Hưng, Quận Long Biên, Hà Nội",11.8,"Ngô Gia Tự, Phường Việt Hưng, Quận Long Biên, Hà Nội",58.0,5.0,6.0,4.0,Giấy tờ không xác định,2025-10-04
"Bán Nhà riêng tạiVạn Phúc, Phường Vạn Phúc, Quận Hà Đông, Hà Nội",13.0,"Vạn Phúc, Phường Vạn Phúc, Quận Hà Đông, Hà Nội",45.0,4.0,4.0,5.0,Giấy tờ không xác định,2025-10-04
"Bán Nhà riêng tạiĐường Thụy Phương, Thụy Phương, Bắc Từ Liêm Hà Nội",7.0,"Đường Thụy Phương, Thụy Phương, Bắc Từ Liêm Hà Nội",40.0,4.0,4.0,5.0,Sổ hồng,2025-10-04
Bán Nhà riêng tạiPhan Đình Giót La Khê Hà Đông Hà Nội,7.2,Phan Đình Giót La Khê Hà Đông Hà Nội,34.0,3.0,4.0,5.0,Sổ hồng,2025-10-04
"Bán Nhà riêng tạiPhường Xuân Đỉnh, Quận Bắc Từ Liêm, Hà Nội",4.63,"Phường Xuân Đỉnh, Quận Bắc Từ Liêm, Hà Nội",193.0,3.0,2.0,2.0,Sổ hồng,2025-10-04
"Bán Nhà riêng tạiĐường Ngọc Thụy, Bồ Đề, Long Biên Hà Nội",8.1,"Đường Ngọc Thụy, Bồ Đề, Long Biên Hà Nội",38.0,3.0,4.0,5.0,Sổ hồng,2025-10-04
"Bán Nhà riêng tạiĐường Thạch bàn, Thạch Bàn, Long Biên, Hà Nội",8.0,"Đường Thạch bàn, Thạch Bàn, Long Biên, Hà Nội",42.0,5.0,4.0,6.0,Sổ hồng,2025-10-04
"Bán Nhà riêng tạiĐường Khuyến Lương, Trần Phú Hoàng Mai Hà Nội",6.8,"Đường Khuyến Lương, Trần Phú Hoàng Mai Hà Nội",32.0,3.0,5.0,5.0,Sổ hồng,2025-10-04
"Bán Nhà riêng tạiĐường 1, Phú Lãm, Hà Đông, Hà Nội",7.46,"Đường 1, Phú Lãm, Hà Đông, Hà Nội",40.0,6.0,4.0,5.0,Sổ hồng,2025-10-04
"Bán Nhà riêng tạiKđt Việt Hưng, Phường Việt Hưng, Quận Long Biên, Hà Nội",6.4,"Kđt Việt Hưng, Phường Việt Hưng, Quận Long Biên, Hà Nội",32.0,3.0,4.0,5.0,Sổ hồng,2025-10-03
"Bán Nhà biệt thự, liền kề tạiKđt Mậu Lương - Kiến Hưng, Phường Kiến Hưng, Quận Hà Đông, Hà Nội",16.0,"Kđt Mậu Lương - Kiến Hưng, Phường Kiến Hưng, Quận Hà Đông, Hà Nội",63.0,4.0,4.0,6.0,Giấy tờ không xác định,2025-10-04
"Bán Nhà riêng tạiPhường Thanh Trì, Quận Hoàng Mai, Hà Nội",14.5,"Phường Thanh Trì, Quận Hoàng Mai, Hà Nội",175.0,3.0,4.0,4.0,Sổ hồng,2025-10-03
"Bán Nhà riêng tạiĐường Cầu Diễn, Minh Khai, Bắc Từ Liêm Hà Nội",11.0,"Đường Cầu Diễn, Minh Khai, Bắc Từ Liêm Hà Nội",50.0,8.0,8.0,7.0,Sổ hồng,2025-10-03
"Bán Nhà riêng tạiĐường Phú Đô, Phú Đô, Nam Từ Liêm Hà Nội",6.2,"Đường Phú Đô, Phú Đô, Nam Từ Liêm Hà Nội",36.0,4.0,4.0,5.0,Sổ hồng,2025-10-03
"Bán Nhà riêng tạiPhường Phú Thượng, Quận Tây Hồ, Hà Nội",47.5,"Phường Phú Thượng, Quận Tây Hồ, Hà Nội",100.0,4.0,5.0,8.0,Sổ hồng,2025-10-03
"Bán Nhà riêng tại16, Đông Thiên, Phường Lĩnh Nam, Quận Hoàng Mai, Hà Nội",7.8,"16, Đông Thiên, Phường Lĩnh Nam, Quận Hoàng Mai, Hà Nội",40.0,4.0,4.0,5.0,Sổ hồng,2025-10-03
"Bán Nhà riêng tạiPhường Bưởi, Quận Tây Hồ, Hà Nội",121.0,"Phường Bưởi, Quận Tây Hồ, Hà Nội",290.0,9.0,8.0,8.0,Giấy tờ không xác định,2025-10-03
"Bán Nhà riêng tạiĐường Ngọc Thụy, Ngọc Thụy, Long Biên Hà Nội",34.5,"Đường Ngọc Thụy, Ngọc Thụy, Long Biên Hà Nội",140.0,3.0,2.0,5.0,Sổ hồng,2025-10-03
"Bán Nhà riêng tạiPhường Đức Giang, Quận Long Biên, Hà Nội",3.0,"Phường Đức Giang, Quận Long Biên, Hà Nội",32.0,3.0,3.0,2.0,Giấy tờ không xác định,2025-10-03
"Bán Nhà mặt phố tạiPhố Hoàng Thế Thiện, Phường Sài Đồng, Quận Long Biên, Hà Nội",30.0,"Phố Hoàng Thế Thiện, Phường Sài Đồng, Quận Long Biên, Hà Nội",101.0,2.0,2.0,2.0,Giấy tờ không xác định,2025-10-03
"Bán Nhà riêng tạiHà Đông Hà Nội Đường 1, Phú Lương",6.8,"Hà Đông Hà Nội                             Đường 1, Phú Lương",45.0,3.0,4.0,5.0,Sổ hồng,2025-10-03
"Bán Nhà riêng tạiNam Từ Liêm Hà Nội Đường Lê Quang Đạo, Phú Đô",6.3,"Nam Từ Liêm Hà Nội                             Đường Lê Quang Đạo, Phú Đô",37.0,4.0,4.0,5.0,Sổ hồng,2025-10-03
"Bán Nhà riêng tạiKđt Mỗ Lao, Phường Mộ Lao, Quận Hà Đông, Hà Nội",17.2,"Kđt Mỗ Lao, Phường Mộ Lao, Quận Hà Đông, Hà Nội",76.0,11.0,11.0,7.0,Giấy tờ không xác định,2025-10-03
"Bán Nhà riêng tạiĐường Kim Giang, Phường Đại Kim, Quận Hoàng Mai, Hà Nội",7.6,"Đường Kim Giang, Phường Đại Kim, Quận Hoàng Mai, Hà Nội",35.0,4.0,3.0,4.0,Sổ hồng,2025-10-03
"Bán Nhà biệt thự, liền kề theo dự ánVinhomes Gardenia tại Phường Mỹ Đình 2, Quận Nam Từ Liêm, Hà Nội",41.89,"Phường Mỹ Đình 2, Quận Nam Từ Liêm, Hà Nội",95.0,5.0,5.0,5.0,Sổ hồng,2025-10-03
"Bán Nhà riêng tạiPhường Yên Nghĩa, Quận Hà Đông, Hà Nội",12.93,"Phường Yên Nghĩa, Quận Hà Đông, Hà Nội",51.0,4.0,2.0,4.0,Sổ hồng,2025-10-03
"Bán Nhà biệt thự, liền kề tạiPhường Tây Mỗ, Quận Nam Từ Liêm, Hà Nội",6.7,"Phường Tây Mỗ, Quận Nam Từ Liêm, Hà Nội",42.0,3.0,4.0,5.0,Giấy tờ không xác định,2025-10-03
"Bán Nhà riêng tạiĐường Quang Trung, Phường Yên Nghĩa, Quận Hà Đông, Hà Nội",12.0,"Đường Quang Trung, Phường Yên Nghĩa, Quận Hà Đông, Hà Nội",50.0,4.0,4.0,5.0,Sổ hồng,2025-10-03
"Bán Nhà riêng tạiMễ Trì, Phường Mễ Trì, Quận Nam Từ Liêm, Hà Nội",18.4,"Mễ Trì, Phường Mễ Trì, Quận Nam Từ Liêm, Hà Nội",61.0,11.0,11.0,7.0,Giấy tờ không xác định,2025-10-02
"Bán Nhà riêng tạiLạc Long Quân, Phường Phú Thượng, Quận Tây Hồ, Hà Nội",16.8,"Lạc Long Quân, Phường Phú Thượng, Quận Tây Hồ, Hà Nội",50.0,5.0,4.0,5.0,Sổ hồng,2025-10-02
"Bán Nhà riêng tạiPhường Hà Cầu, Quận Hà Đông, Hà Nội",12.0,"Phường Hà Cầu, Quận Hà Đông, Hà Nội",40.0,4.0,4.0,5.0,Sổ hồng,2025-10-02
"Bán Nhà riêng tạiLong Biên Hà Nội Đường Ngọc Thụy, Ngọc Thụy",7.83,"Long Biên Hà Nội                             Đường Ngọc Thụy, Ngọc Thụy",37.0,3.0,3.0,3.0,Sổ hồng,2025-10-02
"Bán Nhà riêng tạiĐường Trần Phú, Văn Quán, Hà Đông, Hà Nội",8.9,"Đường Trần Phú, Văn Quán, Hà Đông, Hà Nội",43.0,3.0,4.0,4.0,Sổ hồng,2025-10-02
"Bán Nhà riêng tạiĐường 70, Đại Mỗ, Nam Từ Liêm, Hà Nội",9.85,"Đường 70, Đại Mỗ, Nam Từ Liêm, Hà Nội",35.0,4.0,5.0,6.0,Sổ hồng,2025-10-02
"Bán Nhà riêng tạiĐường Xuân Đỉnh, Phường Xuân Tảo, Quận Bắc Từ Liêm, Hà Nội",9.0,"Đường Xuân Đỉnh, Phường Xuân Tảo, Quận Bắc Từ Liêm, Hà Nội",43.0,4.0,2.0,5.0,Sổ hồng,2025-10-02
"Bán Nhà riêng tạiĐường Định Công, Hoàng Mai Hà Nội",8.6,"Đường Định Công, Hoàng Mai Hà Nội",38.0,4.0,5.0,6.0,Sổ hồng,2025-10-02
"Bán Nhà riêng tạiLong Biên Hà Nội Đường Ngọc Thụy, Ngọc Thụy",9.7,"Long Biên Hà Nội                             Đường Ngọc Thụy, Ngọc Thụy",36.0,3.0,5.0,6.0,Sổ hồng,2025-10-02
"Bán Nhà riêng tạiPhường Giáp Bát, Quận Hoàng Mai, Hà Nội",9.1,"Phường Giáp Bát, Quận Hoàng Mai, Hà Nội",30.0,3.0,4.0,5.0,Sổ hồng,2025-10-02
"Bán Nhà riêng tạiLạc Long Quân, Phường Xuân La, Quận Tây Hồ, Hà Nội",15.5,"Lạc Long Quân, Phường Xuân La, Quận Tây Hồ, Hà Nội",58.0,4.0,3.0,4.0,Giấy tờ không xác định,2025-10-02
"Bán Nhà riêng tạiĐường Hàm Nghi, Mỹ Đình 1, Nam Từ Liêm Hà Nội",14.8,"Đường Hàm Nghi, Mỹ Đình 1, Nam Từ Liêm Hà Nội",45.0,5.0,6.0,6.0,Sổ hồng,2025-10-02
"Bán Nhà riêng tạiĐường Đàm Quang Trung, Phường Long Biên, Quận Long Biên",7.0,"Đường Đàm Quang Trung, Phường Long Biên, Quận Long Biên",32.0,3.0,4.0,5.0,Sổ hồng,2025-10-02
"Bán Nhà riêng tạiLong Biên Hà Nội Đường Ngô Gia Tự, Đức Giang",9.5,"Long Biên Hà Nội                             Đường Ngô Gia Tự, Đức Giang",50.0,4.0,5.0,6.0,Sổ hồng,2025-10-02
"Bán Nhà riêng tạiĐường Ngọc Thụy, Long Biên, Long Biên Hà Nội",5.8,"Đường Ngọc Thụy, Long Biên, Long Biên Hà Nội",32.0,3.0,3.0,4.0,Sổ hồng,2025-10-02
"Bán Nhà riêng theo dự ánKhu dân cư Vạn Phú tại 289 Lacasta Văn Phú, Phú La, Hà Đông, Hà Nội",22.9,"289 Lacasta Văn Phú, Phú La, Hà Đông, Hà Nội",73.0,6.0,6.0,5.0,Sổ hồng,2025-10-01
"Bán Nhà riêng tạiTrần Phú, Phường Văn Quán, Quận Hà Đông, Hà Nội",7.0,"Trần Phú, Phường Văn Quán, Quận Hà Đông, Hà Nội",35.0,3.0,4.0,6.0,Sổ hồng,2025-10-02
"Bán Nhà riêng tạiKim Đồng, Phường Giáp Bát, Quận Hoàng Mai, Hà Nội",23.9,"Kim Đồng, Phường Giáp Bát, Quận Hoàng Mai, Hà Nội",54.0,4.0,6.0,7.0,Giấy tờ không xác định,2025-10-02
"Bán Nhà riêng tạiĐường Tư Đình, Long Biên, Long Biên Hà Nội",6.8,"Đường Tư Đình, Long Biên, Long Biên Hà Nội",37.0,3.0,4.0,3.0,Sổ hồng,2025-10-01
"Bán Nhà biệt thự, liền kề tạiĐịnh Công, Phường Định Công, Quận Hoàng Mai, Hà Nội",48.3,"Định Công, Phường Định Công, Quận Hoàng Mai, Hà Nội",152.0,5.0,5.0,5.0,Sổ hồng,2025-10-01
"Bán Nhà mặt phố tạiLê Lợi, Phường Nguyễn Trãi, Quận Hà Đông, Hà Nội",14.9,"Lê Lợi, Phường Nguyễn Trãi, Quận Hà Đông, Hà Nội",90.0,4.0,4.0,3.0,Sổ hồng,2025-10-01
"Bán Nhà riêng tạiAn Dương, Phường Yên Phụ, Quận Tây Hồ, Hà Nội",2.1,"An Dương, Phường Yên Phụ, Quận Tây Hồ, Hà Nội",47.0,2.0,1.0,2.0,Giấy tờ không xác định,2025-10-01
"Bán Nhà mặt phố tạiĐường Cổ Nhuế, Cổ Nhuế 2, Bắc Từ Liêm Hà Nội",7.9,"Đường Cổ Nhuế, Cổ Nhuế 2, Bắc Từ Liêm Hà Nội",46.0,4.0,4.0,7.0,Sổ hồng,2025-10-01
"Bán Nhà riêng tạiKđt Mậu Lương - Kiến Hưng, Phường Kiến Hưng, Quận Hà Đông, Hà Nội",19.0,"Kđt Mậu Lương - Kiến Hưng, Phường Kiến Hưng, Quận Hà Đông, Hà Nội",58.8,3.0,3.0,4.0,Giấy tờ không xác định,2025-10-01
"Bán Nhà biệt thự, liền kề tạiĐường 1, Biên Giang, Hà Đông Hà Nội",22.5,"Đường 1, Biên Giang, Hà Đông Hà Nội",90.0,4.0,3.0,4.0,Sổ hồng,2025-10-01
"Bán Nhà riêng tạiĐường Vào Thanh Am, Phường Việt Hưng, Quận Long Biên, Hà Nội",9.9,"Đường Vào Thanh Am, Phường Việt Hưng, Quận Long Biên, Hà Nội",40.0,4.0,5.0,6.0,Sổ hồng,2025-09-30
"Bán Nhà mặt phố tạiĐường Quảng An, Quảng An, Tây Hồ Hà Nội",327.0,"Đường Quảng An, Quảng An, Tây Hồ Hà Nội",356.0,5.0,5.0,5.0,Sổ hồng,2025-09-30
"Bán Nhà riêng tạiĐường Cổ Linh, Phường Thạch Bàn, Quận Long Biên, Hà Nội",5.0,"Đường Cổ Linh, Phường Thạch Bàn, Quận Long Biên, Hà Nội",38.0,3.0,4.0,5.0,Sổ hồng,2025-09-30
"Bán Nhà riêng tạiĐường Lạc Long Quân, Thụy Khuê, Tây Hồ Hà Nội",18.5,"Đường Lạc Long Quân, Thụy Khuê, Tây Hồ Hà Nội",52.0,6.0,5.0,6.0,Sổ hồng,2025-09-30
"Bán Nhà riêng tạiĐường Kẻ Tạnh, Giang Biên, Long Biên, Hà Nội",5.9,"Đường Kẻ Tạnh, Giang Biên, Long Biên, Hà Nội",36.0,3.0,4.0,5.0,Sổ hồng,2025-09-30
"Bán Nhà riêng tạiĐường Kim Giang, Đại Kim, Hoàng Mai, Hà Nội",7.6,"Đường Kim Giang, Đại Kim, Hoàng Mai, Hà Nội",36.0,4.0,3.0,4.0,Sổ hồng,2025-09-30
"Bán Nhà riêng tạiKđt Mậu Lương - Kiến Hưng, Phường Kiến Hưng, Quận Hà Đông, Hà Nội",19.0,"Kđt Mậu Lương - Kiến Hưng, Phường Kiến Hưng, Quận Hà Đông, Hà Nội",50.0,3.0,4.0,5.0,Giấy tờ không xác định,2025-09-30
"Bán Nhà riêng tạiĐường Thạch Bàn, Thạch Bàn, Long Biên, Hà Nội",7.9,"Đường Thạch Bàn, Thạch Bàn, Long Biên, Hà Nội",42.0,3.0,4.0,6.0,Sổ hồng,2025-09-30
"Bán Nhà riêng tạiTrương Định, Phường Tân Mai, Quận Hoàng Mai, Hà Nội",7.5,"Trương Định, Phường Tân Mai, Quận Hoàng Mai, Hà Nội",46.0,4.0,5.0,6.0,Sổ hồng,2025-09-30
"Bán Nhà biệt thự, liền kề theo dự ánKhu đô thị mới Văn Quán tại Bt6 Kđt Văn Quán, Văn Quán, Hà Đông, Hà Nội",84.5,"Bt6 Kđt Văn Quán, Văn Quán, Hà Đông, Hà Nội",225.0,5.0,6.0,3.0,Sổ hồng,2025-09-30
"Bán Nhà riêng tạiThạch Bàn, Thạch Bàn, Long Biên, Hà Nội",4.85,"Thạch Bàn, Thạch Bàn, Long Biên, Hà Nội",33.0,3.0,4.0,5.0,Sổ hồng,2025-09-30
"Bán Nhà biệt thự, liền kề tạiHoàng Mai Hà Nội Đường Nguyễn Chính, Thịnh Liệt",14.2,"Hoàng Mai Hà Nội                             Đường Nguyễn Chính, Thịnh Liệt",46.0,5.0,5.0,5.0,Sổ hồng,2025-09-29
"Bán Nhà riêng tạiNguyễn Thời Trung, Thạch Bàn, Long Biên, Hà Nội",6.85,"Nguyễn Thời Trung, Thạch Bàn, Long Biên, Hà Nội",40.0,3.0,4.0,3.0,Sổ hồng,2025-09-30
"Bán Nhà riêng tạiXuân đỉnh, Xuân Đỉnh, Bắc Từ Liêm, Hà Nội",5.9,"Xuân đỉnh, Xuân Đỉnh, Bắc Từ Liêm, Hà Nội",50.0,4.0,5.0,5.0,Sổ hồng,2025-09-30
"Bán Nhà riêng tạiThạch Bàn, Thạch Bàn, Long Biên, Hà Nội",7.0,"Thạch Bàn, Thạch Bàn, Long Biên, Hà Nội",50.0,4.0,4.0,5.0,Sổ hồng,2025-09-30
"Bán Nhà riêng tạiĐại an, Phường Văn Quán, Quận Hà Đông, Hà Nội",20.0,"Đại an, Phường Văn Quán, Quận Hà Đông, Hà Nội",55.0,4.0,3.0,4.0,Giấy tờ không xác định,2025-09-30
"Bán Nhà riêng tạiPhường Thịnh Liệt, Quận Hoàng Mai, Hà Nội",9.0,"Phường Thịnh Liệt, Quận Hoàng Mai, Hà Nội",42.0,3.0,4.0,5.0,Giấy tờ không xác định,2025-09-29
"Bán Nhà riêng tạiĐường Kim Giang, Phường Định Công, Quận Hoàng Mai, Hà Nội",28.0,"Đường Kim Giang, Phường Định Công, Quận Hoàng Mai, Hà Nội",82.0,3.0,6.0,7.0,Sổ hồng,2025-09-29
"Bán Nhà riêng tạiVũ Hữu, Phường Trung Văn, Quận Nam Từ Liêm, Hà Nội",17.0,"Vũ Hữu, Phường Trung Văn, Quận Nam Từ Liêm, Hà Nội",55.0,5.0,4.0,5.0,Sổ hồng,2025-09-29
"Bán Nhà biệt thự, liền kề tạiKđt Mậu Lương - Kiến Hưng, Phường Kiến Hưng, Quận Hà Đông, Hà Nội",20.0,"Kđt Mậu Lương - Kiến Hưng, Phường Kiến Hưng, Quận Hà Đông, Hà Nội",75.0,4.0,4.0,5.0,Giấy tờ không xác định,2025-09-29
"Bán Nhà riêng tạiPhường Phú Lãm, Quận Hà Đông, Hà Nội",4.55,"Phường Phú Lãm, Quận Hà Đông, Hà Nội",32.0,3.0,2.0,3.0,Giấy tờ không xác định,2025-09-29
"Bán Nhà biệt thự, liền kề tạiPhường Tây Mỗ, Quận Nam Từ Liêm, Hà Nội",7.4,"Phường Tây Mỗ, Quận Nam Từ Liêm, Hà Nội",35.0,3.0,3.0,6.0,Giấy tờ không xác định,2025-09-29
"Bán Nhà riêng tạiPhú Thượng, Phường Phú Thượng, Quận Tây Hồ, Hà Nội",12.7,"Phú Thượng, Phường Phú Thượng, Quận Tây Hồ, Hà Nội",83.0,1.0,2.0,1.0,Giấy tờ không xác định,2025-09-29
"Bán Nhà biệt thự, liền kề tạiĐường Văn Khê, La Khê, Hà Đông, Hà Nội",20.5,"Đường Văn Khê, La Khê, Hà Đông, Hà Nội",50.0,8.0,6.0,7.0,Sổ hồng,2025-09-26
"Bán Nhà riêng tạiĐường Ngọc Thụy, Ngọc Thụy, Long Biên, Hà Nội",16.0,"Đường Ngọc Thụy, Ngọc Thụy, Long Biên, Hà Nội",51.0,4.0,4.0,6.0,Sổ hồng,2025-09-26
"Bán Nhà biệt thự, liền kề tạiKđt Văn Quán, Phường Văn Quán, Quận Hà Đông, Hà Nội",25.8,"Kđt Văn Quán, Phường Văn Quán, Quận Hà Đông, Hà Nội",76.0,4.0,3.0,4.0,Giấy tờ không xác định,2025-09-29
"Bán Nhà riêng tạiLong Biên Hà Nội Đường Đàm Quang Trung, Long Biên",31.4,"Long Biên Hà Nội                             Đường Đàm Quang Trung, Long Biên",88.0,4.0,6.0,8.0,Sổ hồng,2025-09-27
"Bán Nhà riêng tạiĐường Ngọc Thụy, Ngọc Thụy, Long Biên, Hà Nội",15.0,"Đường Ngọc Thụy, Ngọc Thụy, Long Biên, Hà Nội",65.0,4.0,4.0,4.0,Sổ hồng,2025-09-25
"Bán Nhà riêng tạiThạch Bàn Long Biên, Thạch Bàn, Long Biên, Hà Nội",5.85,"Thạch Bàn Long Biên, Thạch Bàn, Long Biên, Hà Nội",36.0,4.0,4.0,4.0,Giấy tờ không xác định,2025-09-25
"Bán Nhà riêng tạiBát Khối Long Biên, Long Biên, Long Biên, Hà Nội",11.2,"Bát Khối Long Biên, Long Biên, Long Biên, Hà Nội",38.0,3.0,4.0,5.0,Sổ hồng,2025-09-25
"Bán Nhà riêng tạiPhố Vũ Xuân Thiều, Sài Đồng, Long Biên, Hà Nội",3.7,"Phố Vũ Xuân Thiều, Sài Đồng, Long Biên, Hà Nội",32.0,4.0,4.0,5.0,Sổ hồng,2025-09-25
"Bán Nhà riêng tạiĐường Tây Hồ, Quảng An, Tây Hồ, Hà Nội",12.9,"Đường Tây Hồ, Quảng An, Tây Hồ, Hà Nội",38.0,5.0,4.0,7.0,Sổ hồng,2025-09-23
"Bán Nhà riêng tạiĐường Thạch Bàn, Thạch Bàn, Long Biên, Hà Nội",7.8,"Đường Thạch Bàn, Thạch Bàn, Long Biên, Hà Nội",46.0,3.0,4.0,6.0,Sổ hồng,2025-09-23
"Bán Nhà riêng tạiVạn Phúc, Vạn Phúc, Hà Đông, Hà Nội",8.4,"Vạn Phúc, Vạn Phúc, Hà Đông, Hà Nội",40.0,3.0,3.0,4.0,Sổ hồng,2025-09-25
"Bán Nhà riêng tạiĐường Văn Quán, Văn Quán, Hà Đông, Hà Nội",10.5,"Đường Văn Quán, Văn Quán, Hà Đông, Hà Nội",50.0,4.0,3.0,5.0,Sổ hồng,2025-09-23
"Bán Nhà biệt thự, liền kề tạiĐường Vũ Quỳnh, Mỹ Đình 1, Nam Từ Liêm, Hà Nội",14.0,"Đường Vũ Quỳnh, Mỹ Đình 1, Nam Từ Liêm, Hà Nội",40.0,4.0,4.0,5.0,Sổ hồng,2025-09-23
"Bán Nhà mặt phố tạiĐường Đồng Cổ, Bưởi, Tây Hồ, Hà Nội",28.5,"Đường Đồng Cổ, Bưởi, Tây Hồ, Hà Nội",40.0,6.0,5.0,5.0,Sổ hồng,2025-09-22
"Bán Nhà riêng tạiĐường Kim Giang, Đại Kim, Hoàng Mai, Hà Nội",11.5,"Đường Kim Giang, Đại Kim, Hoàng Mai, Hà Nội",50.0,10.0,10.0,6.0,Sổ hồng,2025-09-22
"Bán Nhà riêng tạiHà Nội Hà Đông Đường Quang Trung, Quang Trung",23.0,"Hà Nội Hà Đông                             Đường Quang Trung, Quang Trung",80.0,8.0,4.0,6.0,Sổ hồng,2025-09-20
"Bán Nhà riêng tạiĐường Nguyễn Văn Cừ, Gia Thụy, Long Biên, Hà Nội",16.7,"Đường Nguyễn Văn Cừ, Gia Thụy, Long Biên, Hà Nội",60.0,4.0,6.0,7.0,Sổ hồng,2025-09-23
"Bán Nhà riêng tạiĐường Xuân La, Xuân Tảo, Bắc Từ Liêm, Hà Nội",14.2,"Đường Xuân La, Xuân Tảo, Bắc Từ Liêm, Hà Nội",58.0,5.0,4.0,6.0,Sổ hồng,2025-09-19
"Bán Nhà riêng tạiđường Nguyễn đức Cảnh, Tương Mai, Bình Mỹ, Hoàng Mai, Hà Nội",5.55,"đường Nguyễn đức Cảnh, Tương Mai, Bình Mỹ, Hoàng Mai, Hà Nội",56.0,5.0,4.0,5.0,Sổ hồng,2025-09-16
"Bán Nhà riêng tạiBát Khối Long Biên, Long Biên, Long Biên, Hà Nội",5.15,"Bát Khối Long Biên, Long Biên, Long Biên, Hà Nội",33.0,3.0,4.0,5.0,Sổ hồng,2025-09-15
"Bán Nhà mặt phố tạiPhố Sài đồng, Sài Đồng, Long Biên, Hà Nội",11.5,"Phố Sài đồng, Sài Đồng, Long Biên, Hà Nội",46.0,3.0,3.0,3.0,Sổ hồng,2025-09-15
"Bán Nhà riêng tạiĐường Xuân La, Xuân La, Tây Hồ, Hà Nội",14.5,"Đường Xuân La, Xuân La, Tây Hồ, Hà Nội",54.0,5.0,4.0,6.0,Sổ hồng,2025-09-18
"Bán Nhà riêng tạiĐường Mỹ Đình, Mỹ Đình 1, Nam Từ Liêm, Hà Nội",6.8,"Đường Mỹ Đình, Mỹ Đình 1, Nam Từ Liêm, Hà Nội",30.0,3.0,4.0,5.0,Sổ hồng,2025-09-18
"Bán Nhà riêng tạiPhố Sài đồng, Sài Đồng, Long Biên, Hà Nội",7.5,"Phố Sài đồng, Sài Đồng, Long Biên, Hà Nội",38.0,3.0,4.0,7.0,Sổ hồng,2025-09-15
"Bán Nhà riêng tạiCổ Linh, Thạch Bàn, Long Biên, Hà Nội",7.5,"Cổ Linh, Thạch Bàn, Long Biên, Hà Nội",35.0,3.0,4.0,7.0,Sổ hồng,2025-09-13
"Bán Nhà riêng tạiPhố Ngọc Trì, Thạch Bàn, Long Biên, Hà Nội",6.7,"Phố Ngọc Trì, Thạch Bàn, Long Biên, Hà Nội",40.0,4.0,4.0,5.0,Giấy tờ không xác định,2025-09-15
"Bán Nhà riêng tạiđường Phúc Lợi, Phúc Lợi, Long Biên, Hà Nội",7.9,"đường Phúc Lợi, Phúc Lợi, Long Biên, Hà Nội",42.0,3.0,4.0,6.0,Sổ hồng,2025-09-13
"Bán Nhà riêng tạiNguyễn Thời Trung, Thạch Bàn, Long Biên, Hà Nội",7.5,"Nguyễn Thời Trung, Thạch Bàn, Long Biên, Hà Nội",38.0,3.0,4.0,6.0,Sổ hồng,2025-09-13
"Bán Nhà riêng tạiNgõ 68 Nguyễn Văn Linh, Thạch Bàn, Long Biên, Hà Nội",5.5,"Ngõ 68 Nguyễn Văn Linh, Thạch Bàn, Long Biên, Hà Nội",48.0,3.0,4.0,5.0,Sổ hồng,2025-09-13
"Bán Nhà biệt thự, liền kề tạiNguyễn Thanh Bình, La Khê, Hà Đông, Hà Nội",55.5,"Nguyễn Thanh Bình, La Khê, Hà Đông, Hà Nội",225.0,4.0,6.0,4.0,Sổ hồng,2025-09-13
"Bán Nhà biệt thự, liền kề tại180 Thanh Bình, Mộ Lao, Hà Đông, Hà Nội",31.9,"180 Thanh Bình, Mộ Lao, Hà Đông, Hà Nội",165.0,4.0,3.0,6.0,Sổ hồng,2025-09-15
"Bán Nhà riêng tại146 Trần Phú- Mỗ Lao- Hà đông- Hà Nội, Mộ Lao, Hà Đông, Hà Nội",25.9,"146 Trần Phú- Mỗ Lao- Hà đông- Hà Nội, Mộ Lao, Hà Đông, Hà Nội",90.0,6.0,6.0,6.0,Sổ hồng,2025-09-15
"Bán Nhà riêng tạiĐường Hồ Tùng Mậu, Phú Diễn, Bắc Từ Liêm, Hà Nội",14.0,"Đường Hồ Tùng Mậu, Phú Diễn, Bắc Từ Liêm, Hà Nội",60.0,6.0,6.0,6.0,Sổ hồng,2025-09-15
"Bán Nhà riêng tạiĐường Phú Diễn, Phú Diễn, Bắc Từ Liêm, Hà Nội",13.5,"Đường Phú Diễn, Phú Diễn, Bắc Từ Liêm, Hà Nội",57.0,6.0,6.0,6.0,Sổ hồng,2025-09-13
"Bán Nhà riêng tạiĐường Mỹ Đình, Mỹ Đình 2, Nam Từ Liêm, Hà Nội",7.0,"Đường Mỹ Đình, Mỹ Đình 2, Nam Từ Liêm, Hà Nội",31.0,2.0,2.0,5.0,Sổ hồng,2025-09-12
"Bán Nhà riêng tạiĐường Ngũ Nhạc, Vĩnh Hưng, Hoàng Mai, Hà Nội",6.0,"Đường Ngũ Nhạc, Vĩnh Hưng, Hoàng Mai, Hà Nội",32.0,8.0,4.0,5.0,Sổ hồng,2025-09-13
"Bán Nhà riêng tạiMậu Lương, Kiến Hưng, Hà Đông, Hà Nội",7.3,"Mậu Lương, Kiến Hưng, Hà Đông, Hà Nội",32.5,4.0,3.0,4.0,Sổ hồng,2025-09-10
"Bán Nhà riêng tạiĐường Kẻ Vẽ, Đông Ngạc, Bắc Từ Liêm, Hà Nội",6.8,"Đường Kẻ Vẽ, Đông Ngạc, Bắc Từ Liêm, Hà Nội",37.0,4.0,4.0,5.0,Sổ hồng,2025-09-11
"Bán Nhà riêng tạiĐường đường Ngọc thuỵ, Ngọc Thụy, Long Biên, Hà Nội",13.8,"Đường đường Ngọc thuỵ, Ngọc Thụy, Long Biên, Hà Nội",52.0,4.0,3.0,6.0,Sổ hồng,2025-09-11
"Bán Nhà riêng tạiHà Nội Tây Hồ Đường Tứ Liên, Tứ Liên",9.68,"Hà Nội Tây Hồ                             Đường Tứ Liên, Tứ Liên",40.0,4.0,2.0,5.0,Sổ hồng,2025-09-12
"Bán Nhà mặt phố tạiĐường Trịnh Đình Cửu, Định Công, Hoàng Mai, Hà Nội",23.5,"Đường Trịnh Đình Cửu, Định Công, Hoàng Mai, Hà Nội",55.0,4.0,4.0,5.0,Sổ hồng,2025-09-11
"Bán Nhà riêng tạiĐường Kẻ Vẽ, Đông Ngạc, Bắc Từ Liêm, Hà Nội",6.8,"Đường Kẻ Vẽ, Đông Ngạc, Bắc Từ Liêm, Hà Nội",39.0,4.0,4.0,5.0,Sổ hồng,2025-09-11
"Bán Nhà riêng tạiĐường Thượng Thanh, Thượng Thanh, Long Biên, Hà Nội",6.7,"Đường Thượng Thanh, Thượng Thanh, Long Biên, Hà Nội",30.0,4.0,5.0,6.0,Sổ hồng,2025-09-11
"Bán Nhà riêng tạiThạch Bàn, Thạch Bàn, Long Biên, Hà Nội",8.85,"Thạch Bàn, Thạch Bàn, Long Biên, Hà Nội",42.0,3.0,4.0,6.0,Sổ hồng,2025-09-10
"Bán Nhà riêng tạiĐường Nguyễn Văn Linh, Phúc Đồng, Long Biên, Hà Nội",7.19,"Đường Nguyễn Văn Linh, Phúc Đồng, Long Biên, Hà Nội",30.0,2.0,3.0,5.0,Sổ hồng,2025-09-10
"Bán Nhà riêng tạiĐường Hoàng Hoa Thám, Bưởi, Tây Hồ, Hà Nội",5.9,"Đường Hoàng Hoa Thám, Bưởi, Tây Hồ, Hà Nội",37.0,4.0,4.0,5.0,Sổ hồng,2025-09-10
"Bán Nhà biệt thự, liền kề tạiĐường Nguyễn Cơ Thạch, Cầu Diễn, Nam Từ Liêm, Hà Nội",18.9,"Đường Nguyễn Cơ Thạch, Cầu Diễn, Nam Từ Liêm, Hà Nội",55.0,6.0,5.0,6.0,Sổ hồng,2025-09-10
"Bán Nhà riêng tạiĐường Nguyễn Văn Linh, Thạch Bàn, Long Biên, Hà Nội",7.7,"Đường Nguyễn Văn Linh, Thạch Bàn, Long Biên, Hà Nội",48.0,3.0,5.0,6.0,Sổ hồng,2025-09-10
"Bán Nhà riêng tạiĐường Hoàng Mai, Giáp Bát, Hoàng Mai, Hà Nội",13.65,"Đường Hoàng Mai, Giáp Bát, Hoàng Mai, Hà Nội",90.0,4.0,4.0,4.0,Sổ hồng,2025-09-09
"Bán Nhà riêng tạiĐường Bằng A, Hoàng Liệt, Hoàng Mai, Hà Nội",6.38,"Đường Bằng A, Hoàng Liệt, Hoàng Mai, Hà Nội",40.0,3.0,4.0,5.0,Sổ hồng,2025-09-10
"Bán Nhà riêng tạiVạn Phúc, Vạn Phúc, Hà Đông, Hà Nội",23.5,"Vạn Phúc, Vạn Phúc, Hà Đông, Hà Nội",55.0,5.0,5.0,5.0,Sổ hồng,2025-09-09
"Bán Nhà mặt phố tạiVăn Phúc, Phú La, Hà Đông, Hà Nội",10.9,"Văn Phúc, Phú La, Hà Đông, Hà Nội",30.0,2.0,5.0,5.0,Sổ hồng,2025-09-09
"Bán Nhà riêng tại228 Thanh Bình, Mộ Lao, Hà Đông, Hà Nội",9.25,"228 Thanh Bình, Mộ Lao, Hà Đông, Hà Nội",35.0,4.0,4.0,5.0,Sổ hồng,2025-09-09
"Bán Nhà mặt phố tạiđường Bạch Thái Bưởi, Văn Quán, Hà Đông, Hà Nội",26.9,"đường Bạch Thái Bưởi, Văn Quán, Hà Đông, Hà Nội",90.0,6.0,6.0,6.0,Sổ hồng,2025-09-09
"Bán Nhà riêng tạiLê Quý đôn 2, Hà Cầu, Hà Đông, Hà Nội",14.9,"Lê Quý đôn 2, Hà Cầu, Hà Đông, Hà Nội",90.0,4.0,4.0,7.0,Sổ hồng,2025-09-09
"Bán Nhà riêng tạiĐường Thanh Am, Đức Giang, Long Biên, Hà Nội",15.6,"Đường Thanh Am, Đức Giang, Long Biên, Hà Nội",85.0,3.0,3.0,3.0,Sổ hồng,2025-09-09
"Bán Nhà riêng tạiĐường Tu Hoàng, Phường Phương Canh, Nam Từ Liêm, Hà Nội",19.5,"Đường Tu Hoàng, Phường Phương Canh, Nam Từ Liêm, Hà Nội",80.0,8.0,10.0,6.0,Sổ hồng,2025-09-09
"Bán Nhà riêng tạiHà Nội Long Biên Đường Ngọc Trì, Long Biên",12.8,"Hà Nội Long Biên                             Đường Ngọc Trì, Long Biên",47.0,3.0,6.0,7.0,Sổ hồng,2025-09-09
"Bán Nhà riêng tạiĐường Nguyễn Chính, Thịnh Liệt, Hoàng Mai, Hà Nội",15.9,"Đường Nguyễn Chính, Thịnh Liệt, Hoàng Mai, Hà Nội",48.0,3.0,4.0,5.0,Sổ hồng,2025-09-09
"Bán Nhà phố thương mại tạiDự án IA20 Ciputra, Phường Đông Ngạc, Bắc Từ Liêm, Hà Nội",30.0,"Dự án IA20 Ciputra, Phường Đông Ngạc, Bắc Từ Liêm, Hà Nội",120.0,10.0,6.0,6.0,Sổ hồng,2025-07-16
"Bán Nhà biệt thự, liền kề tạiH6 Starlake, Phường Cổ Nhuế 1, Bắc Từ Liêm, Hà Nội",60.0,"H6 Starlake, Phường Cổ Nhuế 1, Bắc Từ Liêm, Hà Nội",154.0,6.0,5.0,5.0,Sổ hồng,2025-07-16
"Bán Nhà biệt thự, liền kề tạiKhu đô thị mới Nghĩa Đô, Đường Nguyễn Văn Huyên, Phường Cổ Nhuế 1, Bắc Từ Liêm, Hà Nội",120.0,"Khu đô thị mới Nghĩa Đô, Đường Nguyễn Văn Huyên, Phường Cổ Nhuế 1, Bắc Từ Liêm, Hà Nội",300.0,5.0,6.0,5.0,Sổ hồng,2025-07-15
"Bán Nhà biệt thự, liền kề tạiDự án Ciputra Hà Nội, Phường Phú Thượng, Tây Hồ, Hà Nội",110.25,"Dự án Ciputra Hà Nội, Phường Phú Thượng, Tây Hồ, Hà Nội",441.0,5.0,5.0,3.0,Giấy tờ không xác định,2025-07-14
"Bán Nhà riêng tạiPhường Phú Thượng, Tây Hồ, Hà Nội",16.5,"Phường Phú Thượng, Tây Hồ, Hà Nội",65.0,8.0,6.0,7.0,Sổ hồng,2025-07-14
"Bán Nhà biệt thự, liền kề tạiPhường Xuân La, Tây Hồ, Hà Nội",109.0,"Phường Xuân La, Tây Hồ, Hà Nội",296.0,6.0,8.0,4.0,Sổ hồng,2025-07-14
"Bán Nhà biệt thự, liền kề tạiDự án Ciputra Hà Nội, Phường Phú Thượng, Tây Hồ, Hà Nội",59.0,"Dự án Ciputra Hà Nội, Phường Phú Thượng, Tây Hồ, Hà Nội",150.0,6.0,5.0,5.0,Sổ hồng,2025-07-11
"Bán Nhà riêng tạiPhường Phú Thượng, Tây Hồ, Hà Nội",6.1,"Phường Phú Thượng, Tây Hồ, Hà Nội",35.0,2.0,2.0,3.0,Sổ hồng,2025-07-11
"Bán Nhà riêng tạiĐường Phúc Lợi, Phường Phúc Lợi, Long Biên, Hà Nội",3.54,"Đường Phúc Lợi, Phường Phúc Lợi, Long Biên, Hà Nội",48.0,3.0,2.0,3.0,Sổ hồng,2025-07-12
"Bán Nhà riêng tạiNgõ 335, Đường An Dương Vương, Phường Phú Thượng, Tây Hồ, Hà Nội",16.0,"Ngõ 335, Đường An Dương Vương, Phường Phú Thượng, Tây Hồ, Hà Nội",70.0,7.0,6.0,7.0,Sổ hồng,2025-07-11
"Bán Nhà biệt thự, liền kề tạiDự án Ciputra Hà Nội, Đường Lạc Long Quân, Phường Phú Thượng, Tây Hồ, Hà Nội",54.0,"Dự án Ciputra Hà Nội, Đường Lạc Long Quân, Phường Phú Thượng, Tây Hồ, Hà Nội",180.0,5.0,5.0,10.0,Sổ hồng,2025-07-11
"Bán Nhà riêng tạiĐường Xuân Đỉnh, Phường Xuân Đỉnh, Bắc Từ Liêm, Hà Nội",6.8,"Đường Xuân Đỉnh, Phường Xuân Đỉnh, Bắc Từ Liêm, Hà Nội",32.0,3.0,4.0,5.0,Sổ hồng,2025-07-12
"Bán Nhà biệt thự, liền kề tạiDự án Ciputra Hà Nội, Đường Lạc Long Quân, Phường Phú Thượng, Tây Hồ, Hà Nội",114.75,"Dự án Ciputra Hà Nội, Đường Lạc Long Quân, Phường Phú Thượng, Tây Hồ, Hà Nội",450.0,6.0,6.0,6.0,Giấy tờ không xác định,2025-07-11
"Bán Nhà biệt thự, liền kề tạiDự án KĐT Tây Hồ Tây - Starlake Hà Nội, Đường Xuân Tảo, Phường Xuân La, Tây Hồ, Hà Nội",63.0,"Dự án KĐT Tây Hồ Tây - Starlake Hà Nội, Đường Xuân Tảo, Phường Xuân La, Tây Hồ, Hà Nội",132.0,4.0,5.0,4.0,Sổ hồng,2025-07-10
"Bán Nhà riêng tạiĐường Xuân La, Phường Xuân La, Tây Hồ, Hà Nội",18.0,"Đường Xuân La, Phường Xuân La, Tây Hồ, Hà Nội",96.0,6.0,6.0,5.0,Sổ hồng,2025-07-10
"Bán Nhà riêng tạiĐường Xuân La, Phường Xuân La, Tây Hồ, Hà Nội",9.3,"Đường Xuân La, Phường Xuân La, Tây Hồ, Hà Nội",45.0,4.0,5.0,6.0,Sổ hồng,2025-07-10
"Bán Nhà biệt thự, liền kề tạiNguyễn Hoàng Tôn quận Tây Hồ, Hà Nội",96.0,"Nguyễn Hoàng Tôn quận Tây Hồ, Hà Nội",320.0,5.0,5.0,4.0,Sổ hồng,2025-07-09
"Bán Nhà riêng tạiĐường Xuân Đỉnh, Phường Xuân Đỉnh, Bắc Từ Liêm, Hà Nội",6.6,"Đường Xuân Đỉnh, Phường Xuân Đỉnh, Bắc Từ Liêm, Hà Nội",33.0,4.0,5.0,5.0,Sổ hồng,2025-07-10
"Bán Nhà riêng tạiĐường Chu Huy Mân, Phường Phúc Đồng, Long Biên, Hà Nội",5.25,"Đường Chu Huy Mân, Phường Phúc Đồng, Long Biên, Hà Nội",34.0,3.0,4.0,5.0,Sổ hồng,2025-07-09
"Bán Nhà riêng tạiĐường Châu Đài, Phường Thượng Cát, Bắc Từ Liêm, Hà Nội",5.25,"Đường Châu Đài, Phường Thượng Cát, Bắc Từ Liêm, Hà Nội",48.0,6.0,4.0,5.0,Sổ hồng,2025-07-09
"Bán Nhà riêng tạiĐường Võ Chí Công, Phường Xuân La, Tây Hồ, Hà Nội",27.5,"Đường Võ Chí Công, Phường Xuân La, Tây Hồ, Hà Nội",79.0,4.0,9.0,12.0,Sổ hồng,2025-07-08
"Bán Nhà riêng tạiĐường Võ Chí Công, Phường Xuân La, Tây Hồ, Hà Nội",21.5,"Đường Võ Chí Công, Phường Xuân La, Tây Hồ, Hà Nội",53.0,4.0,4.0,6.0,Sổ hồng,2025-07-08
"Bán Nhà biệt thự, liền kề tạiDự án Tây Hồ Residence, Đường Võ Chí Công, Phường Xuân La, Tây Hồ, Hà Nội",50.0,"Dự án Tây Hồ Residence, Đường Võ Chí Công, Phường Xuân La, Tây Hồ, Hà Nội",135.0,4.0,4.0,4.0,Sổ hồng,2025-07-08
"Bán Nhà biệt thự, liền kề tạiDự án Louis City, Đường 70, Phường Đại Mỗ, Nam Từ Liêm, Hà Nội",28.9,"Dự án Louis City, Đường 70, Phường Đại Mỗ, Nam Từ Liêm, Hà Nội",105.0,5.0,4.0,6.0,Sổ hồng,2025-07-08
"Bán Nhà biệt thự, liền kề theo dự ánTây Nam Hồ Linh Đàm tại Tây Nam Hồ Linh Đàm, Đường Bằng A, Phường Hoàng Liệt, Quận Hoàng Mai, Hà Nội",19.98,"Tây Nam Hồ Linh Đàm, Đường Bằng A, Phường Hoàng Liệt, Quận Hoàng Mai, Hà Nội",60.0,4.0,5.0,6.0,Sổ hồng,2025-07-07
"Bán Nhà riêng tạiĐường Đình Thôn, Phường Mỹ Đình 2, Nam Từ Liêm, Hà Nội",20.0,"Đường Đình Thôn, Phường Mỹ Đình 2, Nam Từ Liêm, Hà Nội",108.0,16.0,16.0,9.0,Sổ hồng,2025-07-05
"Bán Nhà riêng tạiĐường Vĩnh Hưng, Phường Vĩnh Hưng, Hoàng Mai, Hà Nội",5.85,"Đường Vĩnh Hưng, Phường Vĩnh Hưng, Hoàng Mai, Hà Nội",41.0,3.0,4.0,5.0,Sổ hồng,2025-07-07
"Bán Nhà biệt thự, liền kề theo dự ánTây Nam Hồ Linh Đàm tại Dự án Tây Nam Hồ Linh Đàm, Đường Bằng A, Phường Hoàng Liệt, Hoàng Mai, Hà Nội",40.7,"Dự án Tây Nam Hồ Linh Đàm, Đường Bằng A, Phường Hoàng Liệt, Hoàng Mai, Hà Nội",220.0,5.0,6.0,4.0,Sổ hồng,2025-07-07
"Bán Nhà biệt thự, liền kề theo dự ánTây Nam Hồ Linh Đàm tại Dự án Tây Nam Hồ Linh Đàm, Đường Linh Đàm, Phường Hoàng Liệt, Hoàng Mai, Hà Nội",32.0,"Dự án Tây Nam Hồ Linh Đàm, Đường Linh Đàm, Phường Hoàng Liệt, Hoàng Mai, Hà Nội",200.0,5.0,5.0,3.0,Sổ hồng,2025-07-07
"Bán Nhà biệt thự, liền kề tạiDự án An Quý Villa - KĐT Dương Nội, Phường Dương Nội, Hà Đông, Hà Nội",68.4,"Dự án An Quý Villa - KĐT Dương Nội, Phường Dương Nội, Hà Đông, Hà Nội",221.0,5.0,5.0,4.0,Sổ hồng,2025-07-03
"Bán Nhà riêng tạiĐường Hoàng Quốc Việt, Phường Cổ Nhuế 1, Bắc Từ Liêm, Hà Nội",8.0,"Đường Hoàng Quốc Việt, Phường Cổ Nhuế 1, Bắc Từ Liêm, Hà Nội",30.0,2.0,2.0,2.0,Sổ hồng,2025-07-03
"Bán Nhà riêng theo dự ánVinhomes Smart City tại Đường 70, Phường Tây Mỗ, Nam Từ Liêm, Hà Nội",4.5,"Đường 70, Phường Tây Mỗ, Nam Từ Liêm, Hà Nội",35.0,5.0,3.0,5.0,Sổ hồng,2025-07-04
"Bán Nhà riêng tạiĐường Xuân Đỉnh, Phường Xuân La, Tây Hồ, Hà Nội",12.5,"Đường Xuân Đỉnh, Phường Xuân La, Tây Hồ, Hà Nội",60.0,2.0,2.0,2.0,Sổ hồng,2025-07-04
"Bán Nhà riêng tạiĐường Ngọc Thụy, Phường Ngọc Thụy, Long Biên, Hà Nội",12.9,"Đường Ngọc Thụy, Phường Ngọc Thụy, Long Biên, Hà Nội",54.0,3.0,6.0,6.0,Sổ hồng,2025-07-03
"Bán Nhà biệt thự, liền kề tạiĐường Võ Chí Công, Phường Phú Thượng, Tây Hồ, Hà Nội",115.0,"Đường Võ Chí Công, Phường Phú Thượng, Tây Hồ, Hà Nội",511.0,6.0,10.0,4.0,Sổ hồng,2025-07-04
"Bán Nhà riêng tạiPhường Cự Khối, Long Biên, Hà Nội",7.8,"Phường Cự Khối, Long Biên, Hà Nội",50.0,3.0,4.0,5.0,Sổ hồng,2025-07-01
"Bán Nhà riêng tạiĐường Xuân Đỉnh, Phường Xuân Đỉnh, Bắc Từ Liêm, Hà Nội",15.66,"Đường Xuân Đỉnh, Phường Xuân Đỉnh, Bắc Từ Liêm, Hà Nội",54.0,6.0,4.0,4.0,Sổ hồng,2025-07-02
"Bán Nhà riêng tạiĐường Xuân Đỉnh, Phường Xuân Đỉnh, Bắc Từ Liêm, Hà Nội.",14.8,"Đường Xuân Đỉnh, Phường Xuân Đỉnh, Bắc Từ Liêm, Hà Nội.",55.0,3.0,2.0,3.0,Sổ hồng,2025-07-02
"Bán Nhà riêng tạiĐường Khuyến Lương, Phường Trần Phú, Hoàng Mai, Hà Nội",5.5,"Đường Khuyến Lương, Phường Trần Phú, Hoàng Mai, Hà Nội",30.0,4.0,3.0,5.0,Sổ hồng,2025-07-03
"Bán Nhà riêng tạiĐường Xuân Đỉnh, Phường Xuân Đỉnh, Bắc Từ Liêm, Hà Nội",6.5,"Đường Xuân Đỉnh, Phường Xuân Đỉnh, Bắc Từ Liêm, Hà Nội",35.0,3.0,4.0,5.0,Sổ hồng,2025-06-30
"Bán Nhà riêng tạiĐường Bằng A, Phường Hoàng Liệt, Hoàng Mai, Hà Nội",5.7,"Đường Bằng A, Phường Hoàng Liệt, Hoàng Mai, Hà Nội",30.0,4.0,4.0,5.0,Sổ hồng,2025-06-30
"Bán Nhà biệt thự, liền kề tạiDự án H6 Starlake, Phường Cổ Nhuế 1, Bắc Từ Liêm, Hà Nội",108.79,"Dự án H6 Starlake, Phường Cổ Nhuế 1, Bắc Từ Liêm, Hà Nội",270.0,4.0,5.0,4.0,Sổ hồng,2025-06-27
"Bán Nhà biệt thự, liền kề tạiDự án The Manor Central Park, Đường Nguyễn Xiển, Phường Đại Kim, Hoàng Mai, Hà Nội.",65.0,"Dự án The Manor Central Park, Đường Nguyễn Xiển, Phường Đại Kim, Hoàng Mai, Hà Nội.",200.0,5.0,5.0,4.0,Giấy tờ không xác định,2025-06-27
"Bán Nhà biệt thự, liền kề tạiCiputra Hà Nội, Nguyễn Hoàng Tôn, Phú Thượng, Tây Hồ, Hà Nội",109.0,"Ciputra Hà Nội, Nguyễn Hoàng Tôn, Phú Thượng, Tây Hồ, Hà Nội",300.0,6.0,6.0,4.0,Sổ hồng,2025-06-26
"Bán Nhà riêng tạiPhố Phú Lương, Phường Phú Lương, Hà Đông, Hà Nội",5.88,"Phố Phú Lương, Phường Phú Lương, Hà Đông, Hà Nội",33.0,6.0,5.0,5.0,Sổ hồng,2025-06-27
"Bán Nhà biệt thự, liền kề tạiDự án KĐT Phú Lương, Đường Quang Trung, Phường Phú Lương, Hà Đông, Hà Nội",13.0,"Dự án KĐT Phú Lương, Đường Quang Trung, Phường Phú Lương, Hà Đông, Hà Nội",62.0,5.0,6.0,5.0,Sổ hồng,2025-06-27
"Bán Nhà biệt thự, liền kề tạiDự án Ciputra Hà Nội, Phường Phú Thượng, Tây Hồ, Hà Nội",85.0,"Dự án Ciputra Hà Nội, Phường Phú Thượng, Tây Hồ, Hà Nội",200.0,4.0,4.0,3.0,Sổ hồng,2025-06-26
"Bán Nhà riêng tạiĐường Đàm Quang Trung, Phường Long Biên, Long Biên, Hà Nội",19.0,"Đường Đàm Quang Trung, Phường Long Biên, Long Biên, Hà Nội",85.0,4.0,5.0,7.0,Sổ hồng,2025-06-24
"Bán Nhà riêng tạiĐường Thụy Phương, Phường Thụy Phương, Bắc Từ Liêm, Hà Nội",6.1,"Đường Thụy Phương, Phường Thụy Phương, Bắc Từ Liêm, Hà Nội",45.0,5.0,4.0,5.0,Sổ hồng,2025-06-26
"Bán Nhà biệt thự, liền kề tạiDự án KĐT Tây Hồ Tây - Starlake Hà Nội, Phường Xuân La, Tây Hồ, Hà Nội",165.0,"Dự án KĐT Tây Hồ Tây - Starlake Hà Nội, Phường Xuân La, Tây Hồ, Hà Nội",300.0,3.0,3.0,3.0,Sổ hồng,2025-06-24
"Bán Nhà biệt thự, liền kề tạiDự án KĐT Tây Hồ Tây - Starlake Hà Nội, Phường Xuân La, Tây Hồ, Hà Nội",102.0,"Dự án KĐT Tây Hồ Tây - Starlake Hà Nội, Phường Xuân La, Tây Hồ, Hà Nội",270.0,4.0,4.0,4.0,Sổ hồng,2025-06-25
"Bán Nhà biệt thự, liền kề tạiDự án Tây Nam Hồ Linh Đàm, Đường Bùi Quốc Khái, Phường Hoàng Liệt, Hoàng Mai, Hà Nội",83.0,"Dự án Tây Nam Hồ Linh Đàm, Đường Bùi Quốc Khái, Phường Hoàng Liệt, Hoàng Mai, Hà Nội",307.0,10.0,10.0,4.0,Sổ hồng,2025-06-24
"Bán Nhà riêng tạiĐường Xuân Đỉnh, Phường Xuân La, Tây Hồ, Hà Nội",7.2,"Đường Xuân Đỉnh, Phường Xuân La, Tây Hồ, Hà Nội",43.0,3.0,3.0,5.0,Sổ hồng,2025-06-24
"Bán Nhà riêng tạiĐường Cổ Linh, Phường Long Biên, Quận Long Biên, Hà Nội",6.4,"Đường Cổ Linh, Phường Long Biên, Quận Long Biên, Hà Nội",42.0,4.0,3.0,3.0,Sổ hồng,2025-06-18
"Bán Nhà biệt thự, liền kề theo dự ánFLC Premier Parc Đại Mỗ tại FLC Premier Parc Đại Mỗ, 70, Đại Mỗ, Nam Từ Liêm, Hà Nội",23.0,"FLC Premier Parc Đại Mỗ, 70, Đại Mỗ, Nam Từ Liêm, Hà Nội",90.0,5.0,5.0,12.0,Giấy tờ không xác định,2025-06-20
"Bán Nhà riêng tạiĐường Phố Lụa, Phường Vạn Phúc, Hà Đông, Hà Nội",7.59,"Đường Phố Lụa, Phường Vạn Phúc, Hà Đông, Hà Nội",45.0,4.0,5.0,6.0,Sổ hồng,2025-06-19
"Bán Nhà mặt phố tạiĐường Nguyễn Văn Hưởng, Phường Giang Biên, Long Biên, Hà Nội",22.0,"Đường Nguyễn Văn Hưởng, Phường Giang Biên, Long Biên, Hà Nội",75.0,4.0,8.0,6.0,Sổ hồng,2025-06-21
"Bán Nhà biệt thự, liền kề tạiVinhomes Riverside, Đường Hoa Sữa 9, Phường Phúc Lợi, Long Biên, Hà Nội",95.0,"Vinhomes Riverside, Đường Hoa Sữa 9, Phường Phúc Lợi, Long Biên, Hà Nội",227.0,4.0,4.0,3.0,Sổ hồng,2025-06-19
"Bán Nhà riêng tạiPhường Đại Kim, Hoàng Mai, Hà Nội",8.3,"Phường Đại Kim, Hoàng Mai, Hà Nội",50.0,4.0,5.0,7.0,Sổ hồng,2025-06-16
"Bán Nhà biệt thự, liền kề theo dự ánHà Đông Park View tại Hà Đông Park View, Đường Lê Trọng Tấn, Phường Phú La, Hà Đông, Hà Nội",108.0,"Hà Đông Park View, Đường Lê Trọng Tấn, Phường Phú La, Hà Đông, Hà Nội",360.0,5.0,5.0,3.0,Sổ hồng,2025-06-16
"Bán Nhà biệt thự, liền kề theo dự ánVinhomes Riverside tại Vinhomes Riverside, Phường Phúc Lợi, Long Biên, Hà Nội",72.0,"Vinhomes Riverside, Phường Phúc Lợi, Long Biên, Hà Nội",192.0,4.0,5.0,4.0,Sổ hồng,2025-06-17
"Bán Nhà biệt thự, liền kề theo dự ánKhu đô thị Đại Kim tại Dự án KĐT Đại Kim, Đường Nghiêm Xuân Yêm, Phường Đại Kim, Hoàng Mai, Hà Nội",23.6,"Dự án KĐT Đại Kim, Đường Nghiêm Xuân Yêm, Phường Đại Kim, Hoàng Mai, Hà Nội",78.0,4.0,3.0,5.0,Sổ hồng,2025-06-16
"Bán Nhà biệt thự, liền kề theo dự ánLàng Việt Kiều Châu Âu Euroland tại Dự án Làng Việt Kiều Châu Âu Euroland, Đường Nguyễn Văn Lộc, Phường Mỗ Lao, Hà Đông, Hà Nội",47.0,"Dự án Làng Việt Kiều Châu Âu Euroland, Đường Nguyễn Văn Lộc, Phường Mỗ Lao, Hà Đông, Hà Nội",180.0,6.0,3.0,5.0,Sổ hồng,2025-06-13
"Bán Nhà biệt thự, liền kề theo dự ánVinhomes Green Villas tại Dự án Vinhomes Green Villas, Phường Đại Mỗ, Nam Từ Liêm, Hà Nội",43.5,"Dự án Vinhomes Green Villas, Phường Đại Mỗ, Nam Từ Liêm, Hà Nội",273.0,5.0,5.0,5.0,Sổ hồng,2025-06-12
"Bán Nhà biệt thự, liền kề theo dự ánIA20 Ciputra tại Dự án Ciputra Hà Nội, Đường Lạc Long Quân, Phường Phú Thượng, Tây Hồ, Hà Nội",86.8,"Dự án Ciputra Hà Nội, Đường Lạc Long Quân, Phường Phú Thượng, Tây Hồ, Hà Nội",217.0,4.0,4.0,3.0,Sổ hồng,2025-06-11
"Bán Nhà riêng tạiBạch Thái Bưởi, Văn Quán, Hà Đông, Hà Nội",18.0,"Bạch Thái Bưởi, Văn Quán, Hà Đông, Hà Nội",88.0,6.0,4.0,4.0,Sổ hồng,2025-06-09
"Bán Nhà mặt phố theo dự ánLàng Việt Kiều Châu Âu Euroland tại Dự án Làng Việt Kiều Châu Âu Euroland, Đường Nguyễn Văn Lộc, Phường Mỗ Lao, Hà Đông, Hà Nội",43.5,"Dự án Làng Việt Kiều Châu Âu Euroland, Đường Nguyễn Văn Lộc, Phường Mỗ Lao, Hà Đông, Hà Nội",86.8,5.0,4.0,4.0,Sổ hồng,2025-06-13
"Bán Nhà biệt thự, liền kề tạiKhu đô thị Nam Thăng Long - Ciputra, Phú Thượng, Tây Hồ, Hà Nội",63.0,"Khu đô thị Nam Thăng Long - Ciputra, Phú Thượng, Tây Hồ, Hà Nội",180.0,5.0,4.0,3.0,Sổ hồng,2025-06-12
"Bán Nhà biệt thự, liền kề tạiCiputra Hà Nội, đường Nguyễn Hoàng Tôn, Phường Phú Thượng, Tây Hồ, Hà Nội",120.0,"Ciputra Hà Nội, đường Nguyễn Hoàng Tôn, Phường Phú Thượng, Tây Hồ, Hà Nội",442.0,6.0,8.0,5.0,Giấy tờ không xác định,2025-06-11
"Bán Nhà riêng tạiĐường Trần Cung, Cổ Nhuế 1, Bắc Từ Liêm, Hồ Chí Minh",4.95,"Đường Trần Cung, Cổ Nhuế 1, Bắc Từ Liêm, Hồ Chí Minh",26.0,4.0,5.0,5.0,Sổ hồng,2025-06-09
"Bán Nhà mặt phố tạiĐường Bắc Cầu, Long Biên, Long Biên, Hà Nội",12.8,"Đường Bắc Cầu, Long Biên, Long Biên, Hà Nội",115.0,4.0,3.0,2.0,Sổ hồng,2025-06-07
"Bán Nhà riêng tạiĐường Định Công Thượng, Định Công, Hoàng Mai, Hà Nội",9.6,"Đường Định Công Thượng, Định Công, Hoàng Mai, Hà Nội",48.0,5.0,4.0,4.0,Sổ hồng,2025-06-09
"Bán Nhà biệt thự, liền kề tạiĐường Lê Đức Thọ, Mỹ Đình 2, Nam Từ Liêm, Hà Nội",130.0,"Đường Lê Đức Thọ, Mỹ Đình 2, Nam Từ Liêm, Hà Nội",295.0,5.0,6.0,5.0,Sổ hồng,2025-06-09
"Bán Nhà riêng tạiĐường Kim Giang, Đại Kim, Hoàng Mai, Hà Nội",8.8,"Đường Kim Giang, Đại Kim, Hoàng Mai, Hà Nội",38.0,4.0,5.0,7.0,Sổ hồng,2025-06-09
"Bán Nhà riêng tạiNguyễn Văn Cừ, Phường Bồ Đề, Long Biên, Hà Nội",11.5,"Nguyễn Văn Cừ, Phường Bồ Đề, Long Biên, Hà Nội",75.0,4.0,3.0,4.0,Sổ hồng,2025-06-07
"Bán Nhà riêng tạiĐường Lê Trọng Tấn, Định Công, Hoàng Mai, Hà Nộ",6.3,"Đường Lê Trọng Tấn, Định Công, Hoàng Mai, Hà Nộ",33.0,6.0,4.0,5.0,Sổ hồng,2025-06-07
"Bán Nhà riêng tạiĐường Bát Khối, Cự Khối, Long Biên, Hà Nội",4.8,"Đường Bát Khối, Cự Khối, Long Biên, Hà Nội",30.0,3.0,3.0,5.0,Sổ hồng,2025-06-07
"Bán Nhà riêng tạiĐường Hoàng Mai, Hoàng Văn Thụ, Hoàng Mai, Hà Nội",6.0,"Đường Hoàng Mai, Hoàng Văn Thụ, Hoàng Mai, Hà Nội",30.0,3.0,4.0,5.0,Sổ hồng,2025-06-07
"Bán Nhà riêng tạiĐường Kim Giang, phường Đại Kim, quận Hoàng Mai, TP. Hà Nội",16.0,"Đường Kim Giang, phường Đại Kim, quận Hoàng Mai, TP. Hà Nội",72.0,4.0,5.0,6.0,Sổ hồng,2025-06-07
"Bán Nhà riêng tạiĐường Phú Diễn, Phường Phú Diễn, Quận Bắc Từ Liêm, Hà Nội",20.0,"Đường Phú Diễn, Phường Phú Diễn, Quận Bắc Từ Liêm, Hà Nội",55.0,8.0,9.0,6.0,Sổ hồng,2025-06-06
"Bán Nhà riêng tạiĐường AC, Quảng An, Tây Hồ, Hà Nội",4.6,"Đường AC, Quảng An, Tây Hồ, Hà Nội",58.0,3.0,3.0,2.0,Sổ hồng,2025-06-06
"Bán Nhà riêng tạiPhường Giáp Bát, quận Hoàng Mai, Hà Nội",5.4,"Phường Giáp Bát, quận Hoàng Mai, Hà Nội",28.0,3.0,4.0,5.0,Sổ hồng,2025-06-07
"Bán Nhà riêng tạiPhú Minh, Minh Khai, Bắc Từ Liêm, Hà Nội",7.85,"Phú Minh, Minh Khai, Bắc Từ Liêm, Hà Nội",34.0,4.0,4.0,6.0,Sổ hồng,2025-06-06
"Bán Nhà mặt phố tạiđường Nguyễn Văn Cừ, Bồ đề, Quảng Thủy, Long Biên, Hà Nội",18.0,"đường Nguyễn Văn Cừ, Bồ đề, Quảng Thủy, Long Biên, Hà Nội",45.0,6.0,4.0,5.0,Sổ hồng,2025-06-06
"Bán Nhà riêng tạiĐường Đức Thắng, Đức Thắng, Bắc Từ Liêm, Hà Nội",8.8,"Đường Đức Thắng, Đức Thắng, Bắc Từ Liêm, Hà Nội",50.0,4.0,4.0,4.0,Sổ hồng,2025-06-06
"Bán Nhà riêng tạiNgọc Lâm, quận Long Biên, Hà Nội",18.4,"Ngọc Lâm, quận Long Biên, Hà Nội",50.0,4.0,4.0,6.0,Sổ hồng,2025-06-06
"Bán Nhà riêng tạiĐường Phố Trạm, phường Sài Đồng, quận Long Biên, thành phố Hà Nội",13.2,"Đường Phố Trạm, phường Sài Đồng, quận Long Biên, thành phố Hà Nội",52.0,6.0,5.0,6.0,Sổ hồng,2025-06-06
"Bán Nhà riêng tạiĐường Đàm Quang Trung, Long Biên, Hà Nội",5.85,"Đường Đàm Quang Trung, Long Biên, Hà Nội",35.0,3.0,4.0,5.0,Sổ hồng,2025-06-05
"Bán Nhà riêng tạiĐường Trương Định, Thịnh Liệt, quận Hoàng Mai, Hà Nội",7.8,"Đường Trương Định, Thịnh Liệt, quận Hoàng Mai, Hà Nội",35.0,3.0,4.0,5.0,Sổ hồng,2025-06-06
"Bán Nhà riêng tạiĐường Trương Định, Tương Mai, Hoàng Mai, jhn",6.65,"Đường Trương Định, Tương Mai, Hoàng Mai, jhn",35.0,4.0,3.0,4.0,Sổ hồng,2025-06-06
"Bán Nhà riêng tạiĐường Lĩnh Nam, Lĩnh Nam,Hoàng Mai Hà Nội",5.7,"Đường Lĩnh Nam, Lĩnh Nam,Hoàng Mai Hà Nội",30.0,3.0,3.0,5.0,Sổ hồng,2025-06-05
"Bán Nhà riêng tạiPhố Hoàng Như Tiếp, Long Biên, Hà Nội",1754.4,"Phố Hoàng Như Tiếp, Long Biên, Hà Nội",102.0,3.0,4.0,3.0,Sổ hồng,2025-06-05
"Bán Nhà riêng tạiĐường An Dương Vương, Nhật Tân, Tây Hồ, Hà Nội",4.5,"Đường An Dương Vương, Nhật Tân, Tây Hồ, Hà Nội",30.0,3.0,3.0,4.0,Sổ hồng,2025-06-05
"Bán Nhà riêng tạiĐường Hồng Tiến, Bồ Đề, Long Biên, Hà Nội",13.0,"Đường Hồng Tiến, Bồ Đề, Long Biên, Hà Nội",45.0,6.0,5.0,7.0,Sổ hồng,2025-06-05
"Bán Nhà riêng tạiĐường Kim Giang, Đại Kim, Hoàng Mai, Hà Nội",6.8,"Đường Kim Giang, Đại Kim, Hoàng Mai, Hà Nội",31.0,4.0,5.0,4.0,Sổ hồng,2025-06-05
"Bán Nhà riêng tạiĐường Lạc Long Quân, Bưởi, Tây Hồ, Hà Nội",7.9,"Đường Lạc Long Quân, Bưởi, Tây Hồ, Hà Nội",35.0,3.0,4.0,6.0,Sổ hồng,2025-06-04
"Bán Nhà riêng tạiHà Nội Hoàng Mai Đường Bằng Liệt, Hoàng Liệt",6.55,"Hà Nội Hoàng Mai                             Đường Bằng Liệt, Hoàng Liệt",31.0,3.0,4.0,6.0,Sổ hồng,2025-06-04
"Bán Nhà riêng tạiĐường 1, Việt Hưng, Long Biên, Hà Nội",17.5,"Đường 1, Việt Hưng, Long Biên, Hà Nội",120.0,20.0,23.0,6.0,Sổ hồng,2025-06-05
"Bán Nhà riêng tạiĐường Giáp Nhị, Thịnh Liệt, Hoàng Mai, Hà Nội",7.8,"Đường Giáp Nhị, Thịnh Liệt, Hoàng Mai, Hà Nội",35.0,3.0,4.0,5.0,Sổ hồng,2025-06-04
"Bán Nhà riêng tạiĐường Nguyễn Văn Linh, Long Biên, Hà Nội",15.0,"Đường Nguyễn Văn Linh, Long Biên, Hà Nội",110.0,2.0,3.0,3.0,Sổ hồng,2025-06-04
"Bán Nhà riêng tạiĐường Tư Đình, Thạch Bàn, Long Biên, Hà Nội",5.8,"Đường Tư Đình, Thạch Bàn, Long Biên, Hà Nội",32.0,3.0,4.0,5.0,Sổ hồng,2025-06-04
"Bán Nhà riêng tạiĐường Đại Kim, Đại Kim, Hoàng Mai, Hà Nội",7.6,"Đường Đại Kim, Đại Kim, Hoàng Mai, Hà Nội",36.0,8.0,8.0,5.0,Sổ hồng,2025-06-04
"Bán Nhà riêng tạiĐường Kim Giang, Đại Kim, Hoàng Mai, Hà Nội",7.8,"Đường Kim Giang, Đại Kim, Hoàng Mai, Hà Nội",52.0,4.0,3.0,5.0,Sổ hồng,2025-06-04
"Bán Nhà riêng tạiHà Nội Long Biên Đường Lâm Du Bồ Đề, Long Biên, Hà Nội",6.6,"Hà Nội Long Biên                             Đường Lâm Du Bồ Đề, Long Biên, Hà Nội",30.0,3.0,1.0,5.0,Sổ hồng,2025-06-03
"Bán Nhà riêng tạiĐường Trương Định, Tương Mai, Hoàng Mai, Hà Nội",6.6,"Đường Trương Định, Tương Mai, Hoàng Mai, Hà Nội",31.0,4.0,5.0,5.0,Sổ hồng,2025-06-03
"Bán Nhà riêng tạiĐường 4, Phường Ngọc Lâm, Quận Long Biên, Thành phố Hà Nội",8.5,"Đường 4, Phường Ngọc Lâm, Quận Long Biên, Thành phố Hà Nội",33.0,3.0,4.0,6.0,Sổ hồng,2025-06-03
"Bán Nhà riêng tạiĐường Bồ đề, Bồ Đề, Long Biên, Hà Nội",11.0,"Đường Bồ đề, Bồ Đề, Long Biên, Hà Nội",55.0,4.0,4.0,5.0,Sổ hồng,2025-06-03
"Bán Nhà riêng tạiĐường Bồ Đề, Phường Bồ Đề, Quận Long Biên, Hà Nội",11.0,"Đường Bồ Đề, Phường Bồ Đề, Quận Long Biên, Hà Nội",46.0,3.0,5.0,6.0,Sổ hồng,2025-06-02
"Bán Nhà riêng tạiĐường Thanh Am, Thượng Thanh, Long Biên, Hà Nội",5.95,"Đường Thanh Am, Thượng Thanh, Long Biên, Hà Nội",35.0,3.0,3.0,5.0,Sổ hồng,2025-06-02
"Bán Nhà riêng tạiĐường Kim Gaing, Đại Kim, Hoàng Mai, Hà Nội",6.8,"Đường Kim Gaing, Đại Kim, Hoàng Mai, Hà Nội",31.0,4.0,3.0,4.0,Sổ hồng,2025-06-02
"Bán Nhà biệt thự, liền kề tạiHà Nội Hoàng Mai,Đường Linh Đàm, Hoàng Liệt",66.5,"Hà Nội Hoàng Mai,Đường Linh Đàm, Hoàng Liệt",254.0,10.0,5.0,4.0,Sổ hồng,2025-06-02
"Bán Nhà riêng tạiPhố Hoàng Như Tiếp, Long Biên, Hà Nội",11.0,"Phố Hoàng Như Tiếp, Long Biên, Hà Nội",50.0,4.0,6.0,6.0,Sổ hồng,2025-06-02
"Bán Nhà riêng tạiHà Nội Long Biên, Đường Ngô Gia Tự, Đức Giang",5.5,"Hà Nội Long Biên, Đường Ngô Gia Tự, Đức Giang",48.0,3.0,3.0,3.0,Sổ hồng,2025-06-02
"Bán Nhà riêng tạiPhố Thượng Thanh,Long Biên, Hà Nội",6.3,"Phố Thượng Thanh,Long Biên, Hà Nội",63.0,2.0,4.0,3.0,Sổ hồng,2025-06-02
"Bán Nhà riêng tạiĐường Giáp Bát, Giáp Bát, Hoàng Mai, Hà Nội",8.6,"Đường Giáp Bát, Giáp Bát, Hoàng Mai, Hà Nội",35.0,3.0,4.0,6.0,Sổ hồng,2025-06-02
"Bán Nhà riêng tạiNgõ 324, Xuân Phương, Nam Từ Liêm, Hà Nội",5.45,"Ngõ 324, Xuân Phương, Nam Từ Liêm, Hà Nội",32.0,3.0,4.0,5.0,Sổ hồng,2025-06-02
"Bán Nhà riêng tạiĐường Hoàng Mai, Mai Động, Hoàng Mai, Hà Nội",6.2,"Đường Hoàng Mai, Mai Động, Hoàng Mai, Hà Nội",30.0,3.0,4.0,5.0,Sổ hồng,2025-06-02
"Bán Nhà riêng tạiĐường Định Công Thượng, Định Công, Hoàng Mai, Hà Nội",11.0,"Đường Định Công Thượng, Định Công, Hoàng Mai, Hà Nội",42.0,4.0,3.0,5.0,Sổ hồng,2025-06-02
"Bán Nhà riêng tạiĐường Trần Cung, Cổ Nhuế 1, Bắc Từ Liêm, Hồ Chí Minh",10.7,"Đường Trần Cung, Cổ Nhuế 1, Bắc Từ Liêm, Hồ Chí Minh",48.0,7.0,8.0,6.0,Sổ hồng,2025-05-31
"Bán Nhà riêng tạiĐường Nguyễn An Ninh, Tương Mai, Hoàng Mai, Hà Nội",24.0,"Đường Nguyễn An Ninh, Tương Mai, Hoàng Mai, Hà Nội",85.0,6.0,5.0,5.0,Sổ hồng,2025-05-31
"Bán Nhà riêng tạiĐường Đại Linh, Trung Văn, Nam Từ Liêm, Hà Nội",8.5,"Đường Đại Linh, Trung Văn, Nam Từ Liêm, Hà Nội",35.0,9.0,10.0,6.0,Sổ hồng,2025-05-31
"Bán Nhà biệt thự, liền kề tạiĐường Tố Hữu, Trung Văn,Nam Từ Liêm, Hà Nội",22.0,"Đường Tố Hữu, Trung Văn,Nam Từ Liêm, Hà Nội",75.0,6.0,5.0,5.0,Sổ hồng,2025-05-31
"Bán Nhà riêng tạiĐường Nguyễn Công Thái, Tương Mai, Hoàng Mai, Hồ Chí Minh",5.85,"Đường Nguyễn Công Thái, Tương Mai, Hoàng Mai, Hồ Chí Minh",27.0,3.0,4.0,5.0,Sổ hồng,2025-05-31
"Bán Nhà riêng tạiĐường Phương Canh, Phương Canh, Nam Từ Liêm, Hồ Chí Minh",10.8,"Đường Phương Canh, Phương Canh, Nam Từ Liêm, Hồ Chí Minh",41.0,8.0,8.0,5.0,Sổ hồng,2025-05-31
"Bán Nhà riêng tạiTổ 5 Giang Biên, Long Biên, Hà Nội",16.5,"Tổ 5 Giang Biên, Long Biên, Hà Nội",75.0,5.0,5.0,5.0,Sổ hồng,2025-05-31
"Bán Nhà riêng tạiĐường Kim Giang, Đại Kim, Hoàng Mai, Hà Nội",6.0,"Đường Kim Giang, Đại Kim, Hoàng Mai, Hà Nội",36.0,3.0,5.0,4.0,Sổ hồng,2025-05-31
"Bán Nhà riêng tạiĐường Hoàng Mai, Hoàng Văn Thụ, Hoàng Mai, Hà Nội",5.0,"Đường Hoàng Mai, Hoàng Văn Thụ, Hoàng Mai, Hà Nội",20.0,3.0,3.0,5.0,Sổ hồng,2025-05-31
"Bán Nhà riêng tạiĐường Bùi Quốc Khái, Hoàng Liệt, Hoàng Mai, Hà Nội",11.0,"Đường Bùi Quốc Khái, Hoàng Liệt, Hoàng Mai, Hà Nội",58.0,6.0,4.0,5.0,Sổ hồng,2025-05-30
"Bán Nhà riêng tạiĐường Phương Canh, Phương Canh, Nam Từ Liêm, Hà Nội",13.5,"Đường Phương Canh, Phương Canh, Nam Từ Liêm, Hà Nội",67.0,20.0,20.0,7.0,Sổ hồng,2025-05-31
"Bán Nhà riêng tạiĐường Ngọc Thụy, Ngọc Thụy, Long Biên, Hà Nội",6.8,"Đường Ngọc Thụy, Ngọc Thụy, Long Biên, Hà Nội",41.0,3.0,4.0,5.0,Sổ hồng,2025-05-31
"Bán Nhà riêng tạiĐường Nguyễn An Ninh, Tương Mai, Hoàng Mai, Hà Nội",12.0,"Đường Nguyễn An Ninh, Tương Mai, Hoàng Mai, Hà Nội",50.0,4.0,5.0,6.0,Sổ hồng,2025-05-29
"Bán Nhà riêng theo dự án4S Riverside Linh Đông tại Đường Giải Phóng, Giáp Bát, Hoàng Mai, Hà Nội",6.6,"Đường Giải Phóng, Giáp Bát, Hoàng Mai, Hà Nội",35.0,3.0,4.0,5.0,Sổ hồng,2025-05-29
"Bán Nhà biệt thự, liền kề tạiĐường Thụy Khuê, Thụy Khuê, Tây Hồ, Hà Nội",37.5,"Đường Thụy Khuê, Thụy Khuê, Tây Hồ, Hà Nội",219.0,6.0,6.0,9.0,Sổ hồng,2025-05-29
"Bán Nhà riêng tạiXuân Đỉnh, Bắc Từ Liêm, Hà Nội",6.0,"Xuân Đỉnh, Bắc Từ Liêm, Hà Nội",30.0,4.0,4.0,5.0,Sổ hồng,2025-05-30
"Bán Nhà riêng tạiĐường Đền Lừ 1, Hoàng Văn Thụ, Hoàng Mai, Hà Nội",5.0,"Đường Đền Lừ 1, Hoàng Văn Thụ, Hoàng Mai, Hà Nội",30.0,3.0,3.0,5.0,Sổ hồng,2025-05-29
"Bán Nhà riêng tạiĐường phúc lợi, Phúc Lợi, Long Biên, Hà Nội",6.2,"Đường phúc lợi, Phúc Lợi, Long Biên, Hà Nội",50.0,5.0,4.0,5.0,Sổ hồng,2025-05-28
"Bán Nhà riêng tạiĐường Đặng Thai Mai, Quảng An, Tây Hồ, Hà Nội",8.0,"Đường Đặng Thai Mai, Quảng An, Tây Hồ, Hà Nội",70.0,7.0,4.0,4.0,Sổ hồng,2025-05-29
"Bán Nhà riêng tạiĐường nguyễn văn cừ, Bồ Đề, Long Biên, Hà Nội",8.0,"Đường nguyễn văn cừ, Bồ Đề, Long Biên, Hà Nội",37.0,3.0,4.0,5.0,Sổ hồng,2025-05-28
"Bán Nhà riêng tạiĐường Ngọc Hồi, Hoàng Văn Thụ, Hoàng Mai, Hà Nội",8.3,"Đường Ngọc Hồi, Hoàng Văn Thụ, Hoàng Mai, Hà Nội",46.0,4.0,5.0,6.0,Sổ hồng,2025-05-28
"Bán Nhà riêng tạiĐường Ngọc Thụy, Ngọc Thụy, Long Biên, Hà Nội",9.7,"Đường Ngọc Thụy, Ngọc Thụy, Long Biên, Hà Nội",41.0,3.0,4.0,6.0,Sổ hồng,2025-05-29
"Bán Nhà riêng tạiTứ Liên, Tây Hồ, Hà Nội",7.1,"Tứ Liên, Tây Hồ, Hà Nội",48.0,4.0,4.0,4.0,Sổ hồng,2025-05-28
"Bán Nhà riêng tạiđường Nguyễn Chính, Thịnh Liệt, Hoàng Mai, Hà Nội",5.75,"đường Nguyễn Chính, Thịnh Liệt, Hoàng Mai, Hà Nội",30.0,3.0,4.0,5.0,Sổ hồng,2025-05-27
"Bán Nhà riêng tạiĐường Minh Khai, Hoàng Văn Thụ, Hoàng Mai, Hà Nội",12.8,"Đường Minh Khai, Hoàng Văn Thụ, Hoàng Mai, Hà Nội",62.0,12.0,12.0,6.0,Sổ hồng,2025-05-27
"Bán Nhà riêng tạiĐường Kim Đồng, Giáp Bát, Hoàng Mai, Hà Nội",7.9,"Đường Kim Đồng, Giáp Bát, Hoàng Mai, Hà Nội",60.0,6.0,6.0,5.0,Sổ hồng,2025-05-27
"Bán Nhà riêng tạiTrần Phú, Văn Quán, Hà Đông, Hà Nội",6.1,"Trần Phú, Văn Quán, Hà Đông, Hà Nội",34.0,3.0,4.0,5.0,Sổ hồng,2025-05-24
"Bán Nhà biệt thự, liền kề tạiĐường 1, Ngọc Thụy, Long Biên, Hà Nội",25.0,"Đường 1, Ngọc Thụy, Long Biên, Hà Nội",200.0,56.0,3.0,4.0,Sổ hồng,2025-05-27
"Bán Nhà riêng tạiNgô Thi Sỹ, Vạn Phúc, Hà Đông, Hà Nội",7.35,"Ngô Thi Sỹ, Vạn Phúc, Hà Đông, Hà Nội",31.0,3.0,4.0,5.0,Sổ hồng,2025-05-24
"Bán Nhà riêng tạiĐường Thanh Am, Thượng Thanh, Long Biên, Hà Nội",5.65,"Đường Thanh Am, Thượng Thanh, Long Biên, Hà Nội",40.0,3.0,4.0,5.0,Sổ hồng,2025-05-27
"Bán Nhà riêng tạiĐường Hoàng Như Tiếp, Bồ Đề, Long Biên, Hà Nội",13.1,"Đường Hoàng Như Tiếp, Bồ Đề, Long Biên, Hà Nội",46.0,3.0,4.0,6.0,Sổ hồng,2025-05-27
"Bán Nhà riêng tạiĐường An Dương Vương, Phường Phú Thượng, Tây Hồ, Hà Nội",9.4,"Đường An Dương Vương, Phường Phú Thượng, Tây Hồ, Hà Nội",35.0,4.0,6.0,8.0,Sổ hồng,2025-05-24
"Bán Nhà riêng tạiĐường Trương Định, Hoàng Văn Thụ, Hoàng Mai, Hà Nội",5.6,"Đường Trương Định, Hoàng Văn Thụ, Hoàng Mai, Hà Nội",28.0,3.0,4.0,5.0,Sổ hồng,2025-05-24
"Bán Nhà biệt thự, liền kề tạiĐường Bạch Thái Bưởi, Văn Quán, Hà Đông",17.5,"Đường Bạch Thái Bưởi, Văn Quán, Hà Đông",86.0,6.0,4.0,5.0,Sổ hồng,2025-05-24
"Bán Nhà riêng tạiĐường Tân Mai, Tân Mai, Hoàng Mai, Hà Nội",6.0,"Đường Tân Mai, Tân Mai, Hoàng Mai, Hà Nội",28.0,3.0,4.0,5.0,Sổ hồng,2025-05-24
"Bán Nhà riêng tạiPhố Lụa, Vạn Phúc, Hà Đông, Hà Nội",7.2,"Phố Lụa, Vạn Phúc, Hà Đông, Hà Nội",40.0,3.0,2.0,3.0,Sổ hồng,2025-05-23
"Bán Nhà riêng tạiĐường Kim Giang, Phường Đại Kim, Hoàng Mai, Hà Nội",8.3,"Đường Kim Giang, Phường Đại Kim, Hoàng Mai, Hà Nội",57.0,4.0,3.0,4.0,Sổ hồng,2025-05-23
"Bán Nhà riêng tạiPhố Từ Hoa, Phường Quảng An, Tây Hồ, Hà Nội",137.0,"Phố Từ Hoa, Phường Quảng An, Tây Hồ, Hà Nội",310.0,3.0,2.0,3.0,Sổ hồng,2025-05-23
"Bán Nhà riêng theo dự ánParkCity Hà Nội tại Phường La Khê, Hà Đông, Hà Nội",8.5,"Phường La Khê, Hà Đông, Hà Nội",50.0,3.0,4.0,5.0,Sổ hồng,2025-05-23
"Bán Nhà biệt thự, liền kề tạiĐường Bạch Thái Bưởi, Văn Quán, Hà Đông",19.5,"Đường Bạch Thái Bưởi, Văn Quán, Hà Đông",85.5,6.0,4.0,5.0,Sổ hồng,2025-05-22
"Bán Nhà riêng tại94 Tân Mai,phường Thịnh Liệt, quận Hoàng Mai, Hà Nội",7.0,"94 Tân Mai,phường Thịnh Liệt, quận Hoàng Mai, Hà Nội",35.0,3.0,5.0,6.0,Sổ hồng,2025-05-22
"Bán Nhà riêng tạiHàm Nghi, Nam Từ Liêm, Hà Nội",10.65,"Hàm Nghi, Nam Từ Liêm, Hà Nội",38.0,3.0,5.0,6.0,Sổ hồng,2025-05-22
"Bán Nhà riêng tạiVăn Quán, Hà Đông, Hà Nội",7.15,"Văn Quán, Hà Đông, Hà Nội",31.0,3.0,4.0,6.0,Sổ hồng,2025-05-23
"Bán Nhà riêng tại143 Nguyễn Chính, phường Thịnh Liệt, quận Hoàng Mai, Hà Nội",10.9,"143 Nguyễn Chính, phường Thịnh Liệt, quận Hoàng Mai, Hà Nội",38.0,3.0,4.0,5.0,Sổ hồng,2025-05-22
"Bán Nhà riêng tạiĐường Tây Tựu, Bắc Từ Liêm, Hà Nội",5.35,"Đường Tây Tựu, Bắc Từ Liêm, Hà Nội",34.0,6.0,4.0,5.0,Sổ hồng,2025-05-22
"Bán Nhà riêng tại143 Nguyễn Chính, phường Thịnh Liệt, quận Hoàng Mai, Hà Nội",6.94,"143 Nguyễn Chính, phường Thịnh Liệt, quận Hoàng Mai, Hà Nội",30.0,3.0,4.0,5.0,Sổ hồng,2025-05-22
"Bán Nhà riêng tạiNgõ Hà Trì, Hà Cầu, Hà Đông, Hà Nội",6.2,"Ngõ Hà Trì, Hà Cầu, Hà Đông, Hà Nội",31.0,3.0,4.0,5.0,Sổ hồng,2025-05-22
"Bán Nhà riêng tạiMỹ Đình, Nam Từ Liêm, Hà Nội",7.2,"Mỹ Đình, Nam Từ Liêm, Hà Nội",40.0,5.0,5.0,5.0,Sổ hồng,2025-05-22
"Bán Nhà riêng tạiNguyễn Viết Xuân, Phường Quang Trung, Quận Hà Đông, Hà Nội",7.45,"Nguyễn Viết Xuân, Phường Quang Trung, Quận Hà Đông, Hà Nội",33.0,6.0,4.0,5.0,Sổ hồng,2025-05-22
"Bán Nhà mặt phố tạiLý Thường Kiệt, Phú La, Hà Đông, Hà Nội",12.6,"Lý Thường Kiệt, Phú La, Hà Đông, Hà Nội",33.0,4.0,5.0,5.0,Sổ hồng,2025-05-21
"Bán Nhà mặt phố tạiYết Kiêu, Hà Đông, Hà Nội",6.3,"Yết Kiêu, Hà Đông, Hà Nội",30.0,4.0,4.0,5.0,Sổ hồng,2025-05-21
"Bán Nhà riêng tạiPhố Phúc Lợi, Long Biên, Hà Nội",6.4,"Phố Phúc Lợi, Long Biên, Hà Nội",32.0,3.0,4.0,5.0,Sổ hồng,2025-05-20
"Bán Nhà riêng tạiVăn La, Phú La, Hà Đông, Hà Nội",10.2,"Văn La, Phú La, Hà Đông, Hà Nội",33.0,4.0,4.0,6.0,Sổ hồng,2025-05-20
"Bán Nhà riêng tạiVăn Quán, Hà Đông, Hà Nội",7.6,"Văn Quán, Hà Đông, Hà Nội",33.0,3.0,4.0,5.0,Sổ hồng,2025-05-20
"Bán Nhà riêng tạiHà Trì, Hà Cầu, Hà Đông, Hà Nội",6.55,"Hà Trì, Hà Cầu, Hà Đông, Hà Nội",33.0,3.0,4.0,5.0,Sổ hồng,2025-05-20
"Bán Nhà riêng tạiAn Thắng, Biên Giang, Hà Đông, Hà Nội",5.1,"An Thắng, Biên Giang, Hà Đông, Hà Nội",62.0,5.0,2.0,3.0,Sổ hồng,2025-05-20
"Bán Nhà riêng tạiVạn Phúc, Hà Đông, Hà Nội",10.6,"Vạn Phúc, Hà Đông, Hà Nội",45.0,6.0,5.0,5.0,Sổ hồng,2025-05-20
"Bán Nhà riêng tạiLê Đức Thọ, Mỹ Đình, Nam Từ Liêm, Hà Nội",12.0,"Lê Đức Thọ, Mỹ Đình, Nam Từ Liêm, Hà Nội",66.0,4.0,5.0,5.0,Sổ hồng,2025-05-20
"Bán Nhà riêng tạiĐường 1, Phú Lương, Hà Đông, Hà Nội",6.9,"Đường 1, Phú Lương, Hà Đông, Hà Nội",50.0,2.0,3.0,3.0,Sổ hồng,2025-05-19
"Bán Nhà riêng tạiNgô Thì Sỹ, phường Vạn Phúc, Hà Đông, Hà Nội",10.5,"Ngô Thì Sỹ, phường Vạn Phúc, Hà Đông, Hà Nội",36.0,3.0,4.0,5.0,Sổ hồng,2025-05-20
"Bán Nhà riêng tạiĐường 32, Mỹ Đình 1, Nam Từ Liêm, Hà Nội",11.6,"Đường 32, Mỹ Đình 1, Nam Từ Liêm, Hà Nội",50.0,2.0,2.0,6.0,Sổ hồng,2025-05-19
"Bán Nhà riêng tạiĐại Mỗ, Phường Đại Mỗ, Quận Nam Từ Liêm, Hà Nội",5.0,"Đại Mỗ, Phường Đại Mỗ, Quận Nam Từ Liêm, Hà Nội",30.0,3.0,4.0,5.0,Sổ hồng,2025-05-19
"Bán Nhà riêng tạiđường Chiến Thắng, Phường Văn Quán, Quận Hà Đông, Hà Nội",12.9,"đường Chiến Thắng, Phường Văn Quán, Quận Hà Đông, Hà Nội",35.0,4.0,3.0,4.0,Sổ hồng,2025-05-17
"Bán Nhà riêng tạiĐường Lạc Long Quân, Thụy Khuê, Tây Hồ, Hà Nội",6.5,"Đường Lạc Long Quân, Thụy Khuê, Tây Hồ, Hà Nội",45.0,7.0,8.0,5.0,Sổ hồng,2025-05-17
"Bán Nhà biệt thự, liền kề tạiđường Tố Hữu, Vạn Phúc, Hà Nội, , Hà Đông, Hà Nội",11.0,"đường Tố Hữu, Vạn Phúc, Hà Nội, , Hà Đông, Hà Nội",50.0,5.0,6.0,7.0,Sổ hồng,2025-05-17
"Bán Nhà biệt thự, liền kề tạiĐường Thụy Khuê, Thụy Khuê, Tây Hồ, Hà Nội",65.0,"Đường Thụy Khuê, Thụy Khuê, Tây Hồ, Hà Nội",250.0,8.0,8.0,9.0,Sổ hồng,2025-05-17
"Bán Nhà riêng tạiĐường Nguyễn An Ninh, Tương Mai, Hoàng Mai, Hà Nội",15.0,"Đường Nguyễn An Ninh, Tương Mai, Hoàng Mai, Hà Nội",55.0,5.0,5.0,5.0,Sổ hồng,2025-05-17
"Bán Nhà biệt thự, liền kề tạiĐường Đại lộ Thăng Long, Mễ Trì, Nam Từ Liêm, Hà Nội",20.0,"Đường Đại lộ Thăng Long, Mễ Trì, Nam Từ Liêm, Hà Nội",75.0,5.0,4.0,4.0,Sổ hồng,2025-05-17
"Bán Nhà riêng tạiĐường Nam Dư, Lĩnh Nam, Hoàng Mai, Hà Nội",4.58,"Đường Nam Dư, Lĩnh Nam, Hoàng Mai, Hà Nội",31.0,3.0,4.0,4.0,Sổ hồng,2025-05-17
"Bán Nhà riêng tạiÂu Cơ, Tây Hồ, Hà Nội",7.0,"Âu Cơ, Tây Hồ, Hà Nội",44.0,4.0,3.0,5.0,Sổ hồng,2025-05-17
"Bán Nhà riêng tạiHà Nội Hà Đông Đường Hòa Bình, Yên Nghĩa",4.38,"Hà Nội Hà Đông                             Đường Hòa Bình, Yên Nghĩa",52.0,3.0,2.0,3.0,Sổ hồng,2025-05-17
"Bán Nhà phố thương mại tạiKđt Vạn Phúc, Phường Vạn Phúc, Quận Hà Đông, Hà Nội",15.8,"Kđt Vạn Phúc, Phường Vạn Phúc, Quận Hà Đông, Hà Nội",55.0,4.0,4.0,7.0,Sổ hồng,2025-05-16
"Bán Nhà mặt phố tạiPhường Ngọc Lâm, Quận Long Biên, Hà Nội",27.5,"Phường Ngọc Lâm, Quận Long Biên, Hà Nội",100.0,5.0,5.0,5.0,Sổ hồng,2025-05-16
"Bán Nhà riêng tạiPhường Giáp Bát, Quận Hoàng Mai, Hà Nội",9.0,"Phường Giáp Bát, Quận Hoàng Mai, Hà Nội",43.0,6.0,4.0,5.0,Sổ hồng,2025-05-16
"Bán Nhà riêng tạiĐường Xuân La, Phường Xuân La, Tây Hồ, Hà Nội",12.5,"Đường Xuân La, Phường Xuân La, Tây Hồ, Hà Nội",38.0,3.0,2.0,5.0,Sổ hồng,2025-05-16
"Bán Nhà riêng tạiPhường Long Biên, Long Biên, Hà Nội",26.0,"Phường Long Biên, Long Biên, Hà Nội",100.0,4.0,3.0,4.0,Sổ hồng,2025-05-16
"Bán Nhà riêng tạiLạc Long Quân, Phường Bưởi, Quận Tây Hồ, Hà Nội",8.6,"Lạc Long Quân, Phường Bưởi, Quận Tây Hồ, Hà Nội",38.0,3.0,3.0,6.0,Sổ hồng,2025-05-16
"Bán Nhà biệt thự, liền kề tạiđường Dương Lâm, Văn Quán, Hà Nội, , Hà Đông, Hà Nội",11.8,"đường Dương Lâm, Văn Quán, Hà Nội, , Hà Đông, Hà Nội",66.0,6.0,4.0,5.0,Sổ hồng,2025-05-16
"Bán Nhà biệt thự, liền kề theo dự ánKhu đô thị Nam Thăng Long - Ciputra tại Nguyễn Hoàng Tôn, Xuân Đỉnh, Bắc Từ Liêm, Hà Nội",65.0,"Nguyễn Hoàng Tôn, Xuân Đỉnh, Bắc Từ Liêm, Hà Nội",230.0,5.0,4.0,3.0,Giấy tờ không xác định,2025-05-16
"Bán Nhà riêng tạiPhường Xuân La, Quận Tây Hồ, Hà Nội",8.5,"Phường Xuân La, Quận Tây Hồ, Hà Nội",35.0,3.0,4.0,5.0,Sổ hồng,2025-05-15
"Bán Nhà riêng tạiTrương định, Tương Mai, Hoàng Mai, Hà Nội",6.85,"Trương định, Tương Mai, Hoàng Mai, Hà Nội",38.0,5.0,4.0,4.0,Sổ hồng,2025-05-16
"Bán Nhà riêng tạiPhường Văn Quán, Quận Hà Đông, Hà Nội",8.95,"Phường Văn Quán, Quận Hà Đông, Hà Nội",40.0,4.0,3.0,4.0,Giấy tờ không xác định,2025-05-15
"Bán Nhà riêng tạiPhường Bồ Đề, Quận Long Biên, Hà Nội",7.35,"Phường Bồ Đề, Quận Long Biên, Hà Nội",35.0,3.0,3.0,4.0,Sổ hồng,2025-05-15
"Bán Nhà biệt thự, liền kề tạiđường Nguyệt Quế, Việt Hưng, Long Biên, Hà Nội",38.0,"đường Nguyệt Quế, Việt Hưng, Long Biên, Hà Nội",180.0,4.0,4.0,4.0,Sổ hồng,2025-05-16
"Bán Nhà riêng tạiPhường Bồ Đề, Quận Long Biên, Hà Nội",7.8,"Phường Bồ Đề, Quận Long Biên, Hà Nội",38.0,3.0,3.0,4.0,Sổ hồng,2025-05-15
"Bán Nhà riêng tạiPhường Bồ Đề, Quận Long Biên, Hà Nội",11.5,"Phường Bồ Đề, Quận Long Biên, Hà Nội",48.0,4.0,4.0,4.0,Sổ hồng,2025-05-15
"Bán Nhà riêng tạiPhường Bồ Đề, Quận Long Biên, Hà Nội",10.5,"Phường Bồ Đề, Quận Long Biên, Hà Nội",50.0,4.0,4.0,5.0,Giấy tờ không xác định,2025-05-15
"Bán Nhà riêng tạiPhường Bồ Đề, Quận Long Biên, Hà Nội",7.8,"Phường Bồ Đề, Quận Long Biên, Hà Nội",38.0,3.0,3.0,4.0,Sổ hồng,2025-05-15
"Bán Nhà riêng tạiĐường Kim Giang, Phường Đại Kim, Quận Hoàng Mai, Hà Nội",6.5,"Đường Kim Giang, Phường Đại Kim, Quận Hoàng Mai, Hà Nội",31.0,4.0,3.0,4.0,Sổ hồng,2025-05-15
"Bán Nhà riêng tạiKđt Định Công, Phường Định Công, Quận Hoàng Mai, Hà Nội",6.68,"Kđt Định Công, Phường Định Công, Quận Hoàng Mai, Hà Nội",30.0,3.0,3.0,5.0,Sổ hồng,2025-05-15
"Bán Nhà riêng tạiPhường Minh Khai, Quận Bắc Từ Liêm, Hà Nội",5.6,"Phường Minh Khai, Quận Bắc Từ Liêm, Hà Nội",30.0,3.0,4.0,5.0,Sổ hồng,2025-05-15
"Bán Nhà riêng tạiPhường Liên Mạc, Quận Bắc Từ Liêm, Hà Nội",5.15,"Phường Liên Mạc, Quận Bắc Từ Liêm, Hà Nội",32.0,3.0,4.0,5.0,Giấy tờ không xác định,2025-05-15
"Bán Nhà riêng tạiPhường Tân Mai, Quận Hoàng Mai, Hà Nội",6.85,"Phường Tân Mai, Quận Hoàng Mai, Hà Nội",33.1,3.0,3.0,5.0,Sổ hồng,2025-05-14
"Bán Nhà riêng tạiTân Mai, Phường Tân Mai, Quận Hoàng Mai, Hà Nội",8.8,"Tân Mai, Phường Tân Mai, Quận Hoàng Mai, Hà Nội",45.0,6.0,4.0,5.0,Sổ hồng,2025-05-14
"Bán Nhà riêng tạiPhường Đức Thắng, Quận Bắc Từ Liêm, Hà Nội",8.0,"Phường Đức Thắng, Quận Bắc Từ Liêm, Hà Nội",48.0,4.0,3.0,4.0,Sổ hồng,2025-05-14
"Bán Nhà riêng tạiĐịnh Công, Phường Định Công, Quận Hoàng Mai, Hà Nội",8.8,"Định Công, Phường Định Công, Quận Hoàng Mai, Hà Nội",46.0,4.0,4.0,4.0,Sổ hồng,2025-05-15
"Bán Nhà riêng tạiPhường Định Công, Quận Hoàng Mai, Hà Nội",6.5,"Phường Định Công, Quận Hoàng Mai, Hà Nội",42.0,4.0,4.0,4.0,Sổ hồng,2025-05-14
"Bán Nhà riêng tạiNguyễn Viết Xuân, Phường Quang Trung, Quận Hà Đông, Hà Nội",7.5,"Nguyễn Viết Xuân, Phường Quang Trung, Quận Hà Đông, Hà Nội",35.0,6.0,4.0,5.0,Sổ hồng,2025-05-15
"Bán Nhà riêng tạiPhường Long Biên, Quận Long Biên, Hà Nội",5.7,"Phường Long Biên, Quận Long Biên, Hà Nội",40.0,5.0,6.0,5.0,Sổ hồng,2025-05-14
"Bán Nhà riêng tạiĐường Thụy Phương, Phường Thụy Phương, Quận Bắc Từ Liêm, Hà Nội",7.45,"Đường Thụy Phương, Phường Thụy Phương, Quận Bắc Từ Liêm, Hà Nội",36.0,3.0,4.0,6.0,Sổ hồng,2025-05-14
"Bán Nhà riêng tạiPhường Ngọc Lâm, Quận Long Biên, Hà Nội",9.8,"Phường Ngọc Lâm, Quận Long Biên, Hà Nội",48.0,4.0,4.0,4.0,Sổ hồng,2025-05-13
"Bán Nhà riêng tạiĐường Xuân Đỉnh, Phường Xuân Đỉnh, Quận Bắc Từ Liêm, Hà Nội",8.2,"Đường Xuân Đỉnh, Phường Xuân Đỉnh, Quận Bắc Từ Liêm, Hà Nội",32.0,3.0,4.0,6.0,Sổ hồng,2025-05-13
"Bán Nhà riêng tạiPhường Định Công, Quận Hoàng Mai, Hà Nội",7.8,"Phường Định Công, Quận Hoàng Mai, Hà Nội",47.0,4.0,4.0,4.0,Sổ hồng,2025-05-13
"Bán Nhà riêng tạiNghi Tàm, Phường Quảng An, Quận Tây Hồ, Hà Nội",6.9,"Nghi Tàm, Phường Quảng An, Quận Tây Hồ, Hà Nội",31.0,4.0,5.0,6.0,Giấy tờ không xác định,2025-05-13
"Bán Nhà riêng tạiPhường Đại Kim, Quận Hoàng Mai, Hà Nội",6.8,"Phường Đại Kim, Quận Hoàng Mai, Hà Nội",35.0,4.0,3.0,5.0,Sổ hồng,2025-05-13
"Bán Nhà riêng tạiTrương Định, Phường Giáp Bát, Quận Hoàng Mai, Hà Nội",6.6,"Trương Định, Phường Giáp Bát, Quận Hoàng Mai, Hà Nội",30.0,4.0,4.0,5.0,Sổ hồng,2025-05-13
"Bán Nhà mặt phố tạiPhường Thạch Bàn, Quận Long Biên, Hà Nội",14.5,"Phường Thạch Bàn, Quận Long Biên, Hà Nội",70.0,3.0,3.0,4.0,Sổ hồng,2025-05-12
"Bán Nhà riêng tạiTrương Định, Phường Tân Mai, Quận Hoàng Mai, Hà Nội",5.7,"Trương Định, Phường Tân Mai, Quận Hoàng Mai, Hà Nội",31.0,3.0,4.0,5.0,Sổ hồng,2025-05-12
"Bán Nhà riêng tạiĐường 19/5, Phường Văn Quán, Quận Hà Đông, Hà Nội",7.65,"Đường 19/5, Phường Văn Quán, Quận Hà Đông, Hà Nội",35.0,3.0,3.0,4.0,Sổ hồng,2025-05-13
"Bán Nhà riêng tạiHoàng Mai, Phường Hoàng Văn Thụ, Quận Hoàng Mai, Hà Nội",6.8,"Hoàng Mai, Phường Hoàng Văn Thụ, Quận Hoàng Mai, Hà Nội",30.0,3.0,4.0,5.0,Sổ hồng,2025-05-12
"Bán Nhà riêng tạiPhường Ngọc Lâm, Quận Long Biên, Hà Nội",9.45,"Phường Ngọc Lâm, Quận Long Biên, Hà Nội",45.0,4.0,4.0,5.0,Sổ hồng,2025-05-13
"Bán Nhà riêng tạiYên sở, Phường Yên Sở, Quận Hoàng Mai, Hà Nội",10.5,"Yên sở, Phường Yên Sở, Quận Hoàng Mai, Hà Nội",50.0,4.0,4.0,5.0,Sổ hồng,2025-05-13
"Bán Nhà riêng tạiPhường Định Công, Quận Hoàng Mai, Hà Nội",6.5,"Phường Định Công, Quận Hoàng Mai, Hà Nội",52.0,6.0,6.0,5.0,Sổ hồng,2025-05-12
"Bán Nhà biệt thự, liền kề theo dự ánLouis City tại Phường Đại Mỗ, Quận Nam Từ Liêm, Hà Nội",46.5,"Phường Đại Mỗ, Quận Nam Từ Liêm, Hà Nội",109.0,4.0,3.0,6.0,Sổ hồng,2025-05-12
"Bán Nhà biệt thự, liền kề tạiPhường Kiến Hưng, Quận Hà Đông, Hà Nội",14.0,"Phường Kiến Hưng, Quận Hà Đông, Hà Nội",60.0,6.0,4.0,5.0,Sổ hồng,2025-05-12
"Bán Nhà riêng tạiLê Quang Đạo, Phường Phú Đô, Quận Nam Từ Liêm, Hà Nội",7.47,"Lê Quang Đạo, Phường Phú Đô, Quận Nam Từ Liêm, Hà Nội",35.0,3.0,4.0,5.0,Sổ hồng,2025-05-12
"Bán Nhà riêng tạiĐường Lĩnh Nam, Phường Lĩnh Nam, Quận Hoàng Mai, Hà Nội",8.9,"Đường Lĩnh Nam, Phường Lĩnh Nam, Quận Hoàng Mai, Hà Nội",45.0,8.0,8.0,6.0,Sổ hồng,2025-05-12
"Bán Nhà biệt thự, liền kề theo dự ánKhu đô thị Xuân Phương tại Phường Xuân Phương, Quận Nam Từ Liêm, Hà Nội",19.0,"Phường Xuân Phương, Quận Nam Từ Liêm, Hà Nội",90.0,3.0,2.0,3.0,Sổ hồng,2025-05-12
"Bán Nhà riêng tạiPhường Kiến Hưng, Quận Hà Đông, Hà Nội",12.6,"Phường Kiến Hưng, Quận Hà Đông, Hà Nội",50.0,5.0,4.0,4.0,Sổ hồng,2025-05-12
"Bán Nhà riêng tạiPhường Bồ Đề, Quận Long Biên, Hà Nội",12.0,"Phường Bồ Đề, Quận Long Biên, Hà Nội",50.0,4.0,4.0,4.0,Sổ hồng,2025-05-12
"Bán Nhà riêng tạiPhường Kiến Hưng, Quận Hà Đông, Hà Nội",5.95,"Phường Kiến Hưng, Quận Hà Đông, Hà Nội",31.0,3.0,4.0,5.0,Sổ hồng,2025-05-12
"Bán Nhà riêng tạiPhố Thạch Bàn, Long Biên, Hà Nội",6.8,"Phố Thạch Bàn, Long Biên, Hà Nội",48.0,4.0,5.0,5.0,Sổ hồng,2025-05-10
"Bán Nhà riêng tạiĐường Hồ Tùng Mậu, Phường Phú Diễn, Quận Bắc Từ Liêm, Hà Nội",12.6,"Đường Hồ Tùng Mậu, Phường Phú Diễn, Quận Bắc Từ Liêm, Hà Nội",43.0,4.0,3.0,4.0,Sổ hồng,2025-05-10
"Bán Nhà riêng tạiĐường Lĩnh Nam, Phường Lĩnh Nam, Quận Hoàng Mai, Hà Nội",6.8,"Đường Lĩnh Nam, Phường Lĩnh Nam, Quận Hoàng Mai, Hà Nội",45.0,7.0,4.0,5.0,Sổ hồng,2025-05-10
"Bán Nhà riêng tạiQuang Trung, Phường Quang Trung, Quận Hà Đông, Hà Nội",8.5,"Quang Trung, Phường Quang Trung, Quận Hà Đông, Hà Nội",51.0,3.0,2.0,3.0,Sổ hồng,2025-05-10
"Bán Nhà riêng tạiPhường Dương Nội, Quận Hà Đông, Hà Nội",4.64,"Phường Dương Nội, Quận Hà Đông, Hà Nội",30.0,3.0,4.0,5.0,Sổ hồng,2025-05-10
"Bán Nhà riêng tạiVõng Thị, Phường Bưởi, Quận Tây Hồ, Hà Nội",26.6,"Võng Thị, Phường Bưởi, Quận Tây Hồ, Hà Nội",80.0,8.0,8.0,6.0,Sổ hồng,2025-05-10
"Bán Nhà riêng tạiĐường Nguyễn Chính, Thịnh Liệt, Hoàng Mai, Hà Nội",10.9,"Đường Nguyễn Chính, Thịnh Liệt, Hoàng Mai, Hà Nội",40.0,3.0,4.0,5.0,Sổ hồng,2025-05-10
"Bán Nhà riêng tạiHoàng Mai, Phường Hoàng Văn Thụ, Quận Hoàng Mai, Hà Nội",5.5,"Hoàng Mai, Phường Hoàng Văn Thụ, Quận Hoàng Mai, Hà Nội",25.0,3.0,4.0,5.0,Sổ hồng,2025-05-10
"Bán Nhà riêng tạiPhường Long Biên, Quận Long Biên, Hà Nội",7.6,"Phường Long Biên, Quận Long Biên, Hà Nội",40.0,5.0,4.0,5.0,Sổ hồng,2025-05-10
"Bán Nhà riêng tạiPhường Vạn Phúc, Quận Hà Đông, Hà Nội",16.9,"Phường Vạn Phúc, Quận Hà Đông, Hà Nội",70.0,4.0,4.0,5.0,Sổ hồng,2025-05-10
"Bán Nhà riêng tạiPhường Phúc Diễn, Quận Bắc Từ Liêm, Hà Nội",12.9,"Phường Phúc Diễn, Quận Bắc Từ Liêm, Hà Nội",66.0,4.0,3.0,4.0,Sổ hồng,2025-05-10
"Bán Nhà riêng tạiGốc đề, Phường Hoàng Văn Thụ, Quận Hoàng Mai, Hà Nội",6.8,"Gốc đề, Phường Hoàng Văn Thụ, Quận Hoàng Mai, Hà Nội",42.0,5.0,4.0,5.0,Sổ hồng,2025-05-10
"Bán Nhà riêng tạiPhường Tương Mai, Quận Hoàng Mai, Hà Nội",3.35,"Phường Tương Mai, Quận Hoàng Mai, Hà Nội",34.0,2.0,3.0,4.0,Sổ hồng,2025-05-09
"Bán Nhà riêng tạiPhường Quang Trung, Quận Hà Đông, Hà Nội",5.45,"Phường Quang Trung, Quận Hà Đông, Hà Nội",34.0,2.0,1.0,2.0,Sổ hồng,2025-05-10
"Bán Nhà biệt thự, liền kề theo dự ánGamuda Gardens tại Khu Biệt Thự Gamuda Gardens, Phường Yên Sở, Quận Hoàng Mai, Hà Nội",33.0,"Khu Biệt Thự Gamuda Gardens, Phường Yên Sở, Quận Hoàng Mai, Hà Nội",90.0,4.0,5.0,4.0,Sổ hồng,2025-05-10
"Bán Nhà riêng tạiPhường Phúc Lợi, Quận Long Biên, Hà Nội",4.86,"Phường Phúc Lợi, Quận Long Biên, Hà Nội",30.0,3.0,3.0,4.0,Sổ hồng,2025-05-09
"Bán Nhà mặt phố tạiPhường Kiến Hưng, Quận Hà Đông, Hà Nội",15.2,"Phường Kiến Hưng, Quận Hà Đông, Hà Nội",50.0,4.0,6.0,7.0,Sổ hồng,2025-05-10
"Bán Nhà riêng tạiTrương Định, Phường Tương Mai, Quận Hoàng Mai, Hà Nội",8.5,"Trương Định, Phường Tương Mai, Quận Hoàng Mai, Hà Nội",52.0,3.0,4.0,5.0,Sổ hồng,2025-05-09
"Bán Nhà riêng theo dự ánKhu đô thị mới Văn Quán tại Kđt Văn Quán, Phường Văn Quán, Quận Hà Đông, Hà Nội",28.5,"Kđt Văn Quán, Phường Văn Quán, Quận Hà Đông, Hà Nội",112.0,4.0,5.0,4.0,Sổ hồng,2025-05-10
"Bán Nhà biệt thự, liền kề tạiPhường Phú Thượng, Quận Tây Hồ, Hà Nội",129.0,"Phường Phú Thượng, Quận Tây Hồ, Hà Nội",232.0,6.0,6.0,6.0,Sổ hồng,2025-05-10
"Bán Nhà riêng tạiPhường Trần Phú, Quận Hoàng Mai, Hà Nội",10.8,"Phường Trần Phú, Quận Hoàng Mai, Hà Nội",45.0,4.0,5.0,6.0,Sổ hồng,2025-05-09
"Bán Nhà riêng tạiPhường Vạn Phúc, Quận Hà Đông, Hà Nội",6.5,"Phường Vạn Phúc, Quận Hà Đông, Hà Nội",33.0,3.0,4.0,5.0,Sổ hồng,2025-05-09
"Bán Nhà riêng tạiPhường Bồ Đề, Quận Long Biên, Hà Nội",10.1,"Phường Bồ Đề, Quận Long Biên, Hà Nội",48.0,4.0,4.0,4.0,Sổ hồng,2025-05-09
"Bán Nhà riêng tạiPhường Bồ Đề, Quận Long Biên, Hà Nội",10.5,"Phường Bồ Đề, Quận Long Biên, Hà Nội",50.0,4.0,4.0,5.0,Sổ hồng,2025-05-09
"Bán Nhà riêng tạiPhường Cổ Nhuế 1, Quận Bắc Từ Liêm, Hà Nội",8.65,"Phường Cổ Nhuế 1, Quận Bắc Từ Liêm, Hà Nội",36.0,3.0,4.0,6.0,Sổ hồng,2025-05-09
"Bán Nhà riêng tạiTô Hiệu, Phường Hà Cầu, Quận Hà Đông, Hà Nội",8.8,"Tô Hiệu, Phường Hà Cầu, Quận Hà Đông, Hà Nội",43.0,4.0,3.0,4.0,Sổ hồng,2025-05-08
"Bán Nhà riêng theo dự ánNam Đô Complex 609 Trương Định tại Chung Cư Nam Đô Complex, Phường Tương Mai, Quận Hoàng Mai, Hà Nội",5.66,"Chung Cư Nam Đô Complex, Phường Tương Mai, Quận Hoàng Mai, Hà Nội",40.0,3.0,3.0,4.0,Sổ hồng,2025-05-08
"Bán Nhà riêng tạiPhường Quảng An, Quận Tây Hồ, Hà Nội",26.7,"Phường Quảng An, Quận Tây Hồ, Hà Nội",80.0,4.0,4.0,4.0,Sổ hồng,2025-05-08
"Bán Nhà riêng theo dự ánHà Nội Melody Residences tại HaNoi Melody Residences, Phường Tân Mai, Quận Hoàng Mai, Hà Nội",8050.0,"HaNoi Melody Residences, Phường Tân Mai, Quận Hoàng Mai, Hà Nội",45.0,3.0,4.0,5.0,Sổ hồng,2025-05-08
"Bán Nhà riêng tạiPhường Yên Sở, Quận Hoàng Mai, Hà Nội",9400.0,"Phường Yên Sở, Quận Hoàng Mai, Hà Nội",74.0,3.0,3.0,3.0,Sổ hồng,2025-05-08
"Bán Nhà riêng tạiĐường Xuân Đỉnh, Phường Xuân Đỉnh, Quận Bắc Từ Liêm, Hà Nội",11.0,"Đường Xuân Đỉnh, Phường Xuân Đỉnh, Quận Bắc Từ Liêm, Hà Nội",41.0,6.0,4.0,6.0,Sổ hồng,2025-05-09
"Bán Nhà mặt phố tạiPhường Hoàng Liệt, Quận Hoàng Mai, Hà Nội",12.7,"Phường Hoàng Liệt, Quận Hoàng Mai, Hà Nội",58.0,3.0,3.0,3.0,Sổ hồng,2025-05-08
"Bán Nhà riêng tạiNgô Gia Tự, Phường Đức Giang, Quận Long Biên, Hà Nội",9.8,"Ngô Gia Tự, Phường Đức Giang, Quận Long Biên, Hà Nội",48.0,6.0,5.0,6.0,Sổ hồng,2025-05-07
"Bán Nhà riêng tạiThanh Bình, Phường Mộ Lao, Quận Hà Đông, Hà Nội",8.2,"Thanh Bình, Phường Mộ Lao, Quận Hà Đông, Hà Nội",42.0,4.0,3.0,4.0,Sổ hồng,2025-05-08
"Bán Nhà riêng tạiPhường Kiến Hưng, Quận Hà Đông, Hà Nội",8.0,"Phường Kiến Hưng, Quận Hà Đông, Hà Nội",40.0,3.0,4.0,5.0,Sổ hồng,2025-05-08
"Bán Nhà riêng tạiPhường Hoàng Văn Thụ, Quận Hoàng Mai, Hà Nội",11.5,"Phường Hoàng Văn Thụ, Quận Hoàng Mai, Hà Nội",50.0,4.0,4.0,7.0,Sổ hồng,2025-05-08
"Bán Nhà riêng tạiPhường Hoàng Văn Thụ, Quận Hoàng Mai, Hà Nội",5.66,"Phường Hoàng Văn Thụ, Quận Hoàng Mai, Hà Nội",39.0,2.0,3.0,3.0,Sổ hồng,2025-05-08
"Bán Nhà riêng tạiPhường Thanh Trì, Quận Hoàng Mai, Hà Nội",6.45,"Phường Thanh Trì, Quận Hoàng Mai, Hà Nội",40.0,4.0,5.0,4.0,Sổ hồng,2025-05-08
"Bán Nhà mặt phố tạiNgọc Thụy, Phường Ngọc Thụy, Quận Long Biên, Hà Nội",75.0,"Ngọc Thụy, Phường Ngọc Thụy, Quận Long Biên, Hà Nội",65.0,4.0,4.0,5.0,Sổ hồng,2025-05-07
"Bán Nhà riêng tạiPhường Tân Mai, Quận Hoàng Mai, Hà Nội",6.95,"Phường Tân Mai, Quận Hoàng Mai, Hà Nội",30.0,3.0,4.0,5.0,Sổ hồng,2025-05-06
"Bán Nhà riêng tạiPhường Phú La, Quận Hà Đông, Hà Nội",10.5,"Phường Phú La, Quận Hà Đông, Hà Nội",35.0,3.0,4.0,6.0,Sổ hồng,2025-05-07
"Bán Nhà riêng tạiNguyễn Đức Cảnh, Phường Lĩnh Nam, Quận Hoàng Mai, Hà Nội",5.8,"Nguyễn Đức Cảnh, Phường Lĩnh Nam, Quận Hoàng Mai, Hà Nội",30.0,3.0,3.0,5.0,Sổ hồng,2025-05-06
"Bán Nhà riêng tạiYên sở, Phường Yên Sở, Quận Hoàng Mai, Hà Nội",6.0,"Yên sở, Phường Yên Sở, Quận Hoàng Mai, Hà Nội",35.0,3.0,4.0,5.0,Sổ hồng,2025-05-07
"Bán Nhà riêng tạiPhường Tân Mai, Quận Hoàng Mai, Hà Nội",5.75,"Phường Tân Mai, Quận Hoàng Mai, Hà Nội",30.0,3.0,4.0,5.0,Sổ hồng,2025-05-06
"Bán Nhà riêng tạiLê Trọng Tấn, Phường Dương Nội, Quận Hà Đông, Hà Nội",5.78,"Lê Trọng Tấn, Phường Dương Nội, Quận Hà Đông, Hà Nội",32.0,3.0,4.0,5.0,Sổ hồng,2025-05-07
"Bán Nhà riêng tạiPhường Hoàng Văn Thụ, Quận Hoàng Mai, Hà Nội",7.35,"Phường Hoàng Văn Thụ, Quận Hoàng Mai, Hà Nội",38.0,4.0,3.0,4.0,Sổ hồng,2025-05-06
"Bán Nhà riêng tạiPhường Giáp Bát, Quận Hoàng Mai, Hà Nội",6.45,"Phường Giáp Bát, Quận Hoàng Mai, Hà Nội",34.0,4.0,4.0,5.0,Sổ hồng,2025-05-06
"Bán Nhà riêng tạiPhường Phương Canh, Quận Nam Từ Liêm, Hà Nội",12.5,"Phường Phương Canh, Quận Nam Từ Liêm, Hà Nội",48.0,12.0,12.0,7.0,Sổ hồng,2025-05-06
"Bán Nhà riêng tạiĐường Liên Mạc, Phường Liên Mạc, Quận Bắc Từ Liêm, Hà Nội",6.3,"Đường Liên Mạc, Phường Liên Mạc, Quận Bắc Từ Liêm, Hà Nội",35.0,3.0,3.0,4.0,Sổ hồng,2025-05-06
"Bán Nhà riêng tạiPhường Tân Mai, Quận Hoàng Mai, Hà Nội",5.75,"Phường Tân Mai, Quận Hoàng Mai, Hà Nội",30.0,2.0,3.0,4.0,Sổ hồng,2025-05-06
"Bán Nhà riêng tạiPhường Ngọc Thụy, Quận Long Biên, Hà Nội",8.15,"Phường Ngọc Thụy, Quận Long Biên, Hà Nội",41.0,4.0,4.0,5.0,Sổ hồng,2025-05-05
"Bán Nhà riêng tạiMễ Trì, Phường Mễ Trì, Quận Nam Từ Liêm, Hà Nội",10.7,"Mễ Trì, Phường Mễ Trì, Quận Nam Từ Liêm, Hà Nội",43.0,3.0,4.0,5.0,Sổ hồng,2025-05-05
"Bán Nhà riêng tạiPhường Bồ Đề, Quận Long Biên, Hà Nội",7.8,"Phường Bồ Đề, Quận Long Biên, Hà Nội",37.0,3.0,3.0,4.0,Sổ hồng,2025-05-05
"Bán Nhà riêng tạiPhường Định Công, Quận Hoàng Mai, Hà Nội",4.1,"Phường Định Công, Quận Hoàng Mai, Hà Nội",29.0,4.0,3.0,4.0,Sổ hồng,2025-05-05
"Bán Nhà riêng tạiĐường Kim Giang, Phường Định Công, Quận Hoàng Mai, Hà Nội",14.5,"Đường Kim Giang, Phường Định Công, Quận Hoàng Mai, Hà Nội",52.8,6.0,4.0,6.0,Sổ hồng,2025-05-05
"Bán Nhà riêng tạiHoàng Mai, Phường Hoàng Văn Thụ, Quận Hoàng Mai, Hà Nội",8.0,"Hoàng Mai, Phường Hoàng Văn Thụ, Quận Hoàng Mai, Hà Nội",40.0,3.0,4.0,5.0,Sổ hồng,2025-05-05
"Bán Nhà riêng tạiPhường Ngọc Lâm, Quận Long Biên, Hà Nội",6.4,"Phường Ngọc Lâm, Quận Long Biên, Hà Nội",37.0,3.0,3.0,4.0,Sổ hồng,2025-05-03
"Bán Nhà riêng tạiPhường Ngọc Thụy, Quận Long Biên, Hà Nội",7.45,"Phường Ngọc Thụy, Quận Long Biên, Hà Nội",40.0,3.0,4.0,5.0,Sổ hồng,2025-05-05
"Bán Nhà riêng tạiGiáp Bát, Phường Giáp Bát, Quận Hoàng Mai, Hà Nội",6.5,"Giáp Bát, Phường Giáp Bát, Quận Hoàng Mai, Hà Nội",36.0,4.0,4.0,5.0,Sổ hồng,2025-05-05
"Bán Nhà riêng tạiPhường Cự Khối, Quận Long Biên, Hà Nội",7900.0,"Phường Cự Khối, Quận Long Biên, Hà Nội",50.0,3.0,4.0,5.0,Sổ hồng,2025-05-05
"Bán Nhà riêng tạiPhường Tân Mai, Quận Hoàng Mai, Hà Nội",6.5,"Phường Tân Mai, Quận Hoàng Mai, Hà Nội",32.0,3.0,4.0,5.0,Sổ hồng,2025-05-05
"Bán Nhà riêng tạiĐường Đức Diễn, Phường Phúc Diễn, Quận Bắc Từ Liêm, Hà Nội",8.9,"Đường Đức Diễn, Phường Phúc Diễn, Quận Bắc Từ Liêm, Hà Nội",45.0,9.0,9.0,6.0,Sổ hồng,2025-05-05
"Bán Nhà riêng tạiPhường Phú Diễn, Quận Bắc Từ Liêm, Hà Nội",7.6,"Phường Phú Diễn, Quận Bắc Từ Liêm, Hà Nội",42.0,7.0,4.0,5.0,Sổ hồng,2025-05-05
"Bán Nhà riêng tạiPhường Phú Diễn, Quận Bắc Từ Liêm, Hà Nội",7.9,"Phường Phú Diễn, Quận Bắc Từ Liêm, Hà Nội",40.0,7.0,4.0,5.0,Sổ hồng,2025-05-03
"Bán Nhà riêng tạiPhường Ngọc Thụy, Quận Long Biên, Hà Nội",7.85,"Phường Ngọc Thụy, Quận Long Biên, Hà Nội",39.0,3.0,3.0,4.0,Sổ hồng,2025-05-03
"Bán Nhà riêng tạiHoàng Mai, Phường Hoàng Liệt, Quận Hoàng Mai, Hà Nội",8.5,"Hoàng Mai, Phường Hoàng Liệt, Quận Hoàng Mai, Hà Nội",36.0,4.0,4.0,4.0,Sổ hồng,2025-05-03
"Bán Nhà riêng tạiVạn Phúc, Phường Vạn Phúc, Quận Hà Đông, Hà Nội",16.96,"Vạn Phúc, Phường Vạn Phúc, Quận Hà Đông, Hà Nội",60.0,5.0,4.0,5.0,Sổ hồng,2025-05-03
"Bán Nhà riêng tạiPhường Ngọc Lâm, Quận Long Biên, Hà Nội",8.65,"Phường Ngọc Lâm, Quận Long Biên, Hà Nội",35.0,5.0,5.0,6.0,Sổ hồng,2025-05-03
"Bán Nhà riêng tạiPhường Ngọc Thụy, Quận Long Biên, Hà Nội",7.3,"Phường Ngọc Thụy, Quận Long Biên, Hà Nội",49.0,3.0,3.0,4.0,Sổ hồng,2025-05-03
"Bán Nhà riêng tạiPhường Ngọc Lâm, Quận Long Biên, Hà Nội",9.45,"Phường Ngọc Lâm, Quận Long Biên, Hà Nội",45.0,4.0,4.0,5.0,Giấy tờ không xác định,2025-05-03
"Bán Nhà riêng tạiNguyễn Văn Cừ, Phường Ngọc Lâm, Quận Long Biên, Hà Nội",13.55,"Nguyễn Văn Cừ, Phường Ngọc Lâm, Quận Long Biên, Hà Nội",50.0,3.0,3.0,7.0,Sổ hồng,2025-05-03
"Bán Nhà riêng tạiMễ Trì, Phường Mễ Trì, Quận Nam Từ Liêm, Hà Nội",11.5,"Mễ Trì, Phường Mễ Trì, Quận Nam Từ Liêm, Hà Nội",63.0,10.0,10.0,6.0,Giấy tờ không xác định,2025-05-03
"Bán Nhà riêng tạiVạn Phúc, Phường Vạn Phúc, Quận Hà Đông, Hà Nội",7.5,"Vạn Phúc, Phường Vạn Phúc, Quận Hà Đông, Hà Nội",40.0,3.0,4.0,5.0,Sổ hồng,2025-05-03
"Bán Nhà riêng tạiLạc Long Quân, Phường Bưởi, Quận Tây Hồ, Hà Nội",7.65,"Lạc Long Quân, Phường Bưởi, Quận Tây Hồ, Hà Nội",30.0,3.0,5.0,6.0,Sổ hồng,2025-05-03
"Bán Nhà riêng tạiYên Nghĩa, Phường Yên Nghĩa, Quận Hà Đông, Hà Nội",3.9,"Yên Nghĩa, Phường Yên Nghĩa, Quận Hà Đông, Hà Nội",33.0,4.0,3.0,5.0,Sổ hồng,2025-05-03
"Bán Nhà riêng tạiPhường Hoàng Liệt, Quận Hoàng Mai, Hà Nội",10.2,"Phường Hoàng Liệt, Quận Hoàng Mai, Hà Nội",38.0,4.0,2.0,5.0,Sổ hồng,2025-05-03
"Bán Nhà riêng tạiPhường Ngọc Lâm, Quận Long Biên, Hà Nội",11.3,"Phường Ngọc Lâm, Quận Long Biên, Hà Nội",50.0,4.0,4.0,5.0,Sổ hồng,2025-05-03
"Bán Nhà riêng tạiPhường Hoàng Văn Thụ, Quận Hoàng Mai, Hà Nội",6.5,"Phường Hoàng Văn Thụ, Quận Hoàng Mai, Hà Nội",34.0,3.0,3.0,5.0,Sổ hồng,2025-05-03
"Bán Nhà riêng tạiPhường Ngọc Thụy, Quận Long Biên, Hà Nội",10.4,"Phường Ngọc Thụy, Quận Long Biên, Hà Nội",62.0,4.0,4.0,4.0,Sổ hồng,2025-05-03
"Bán Nhà riêng tạiPhường Cự Khối, Quận Long Biên, Hà Nội",7.2,"Phường Cự Khối, Quận Long Biên, Hà Nội",30.0,3.0,3.0,6.0,Sổ hồng,2025-05-03
"Bán Nhà riêng tạiPhố Thanh Lân, Phường Thanh Trì, Quận Hoàng Mai, Hà Nội",5.6,"Phố Thanh Lân, Phường Thanh Trì, Quận Hoàng Mai, Hà Nội",32.0,3.0,4.0,5.0,Sổ hồng,2025-05-03
"Bán Nhà biệt thự, liền kề tạiLê Trọng Tấn, Phường Dương Nội, Quận Hà Đông, Hà Nội",17.3,"Lê Trọng Tấn, Phường Dương Nội, Quận Hà Đông, Hà Nội",61.0,4.0,2.0,4.0,Sổ hồng,2025-05-03
"Bán Nhà biệt thự, liền kề tạiPhường Cầu Diễn, Quận Nam Từ Liêm, Hà Nội",110.0,"Phường Cầu Diễn, Quận Nam Từ Liêm, Hà Nội",300.0,5.0,4.0,4.0,Sổ hồng,2025-05-03
"Bán Nhà riêng tạiPhường Tương Mai, Quận Hoàng Mai, Hà Nội",3.8,"Phường Tương Mai, Quận Hoàng Mai, Hà Nội",27.0,2.0,2.0,4.0,Sổ hồng,2025-05-02
"Bán Nhà biệt thự, liền kề tạiPhường Ngọc Lâm, Quận Long Biên, Hà Nội",2.76,"Phường Ngọc Lâm, Quận Long Biên, Hà Nội",35.0,3.0,4.0,5.0,Sổ hồng,2025-05-03
"Bán Nhà riêng tạiPhường Thượng Cát, Quận Bắc Từ Liêm, Hà Nội",5.4,"Phường Thượng Cát, Quận Bắc Từ Liêm, Hà Nội",38.6,3.0,4.0,5.0,Sổ hồng,2025-05-02
"Bán Nhà biệt thự, liền kề tạiLạc Long Quân, Phường Xuân La, Quận Tây Hồ, Hà Nội",29.86,"Lạc Long Quân, Phường Xuân La, Quận Tây Hồ, Hà Nội",110.0,6.0,5.0,5.0,Sổ hồng,2025-05-02
"Bán Nhà riêng tạiPhường Ngọc Thụy, Quận Long Biên, Hà Nội",7.95,"Phường Ngọc Thụy, Quận Long Biên, Hà Nội",60.0,4.0,4.0,4.0,Sổ hồng,2025-05-02
"Bán Nhà riêng tạiVõng Thị, Phường Bưởi, Quận Tây Hồ, Hà Nội",14.35,"Võng Thị, Phường Bưởi, Quận Tây Hồ, Hà Nội",50.0,5.0,6.0,7.0,Sổ hồng,2025-05-02
"Bán Nhà riêng tạiLê Trọng Tấn, Phường Dương Nội, Quận Hà Đông, Hà Nội",5.5,"Lê Trọng Tấn, Phường Dương Nội, Quận Hà Đông, Hà Nội",40.0,6.0,4.0,5.0,Sổ hồng,2025-05-02
"Bán Nhà riêng tạiBerriver Long Biên, Phường Long Biên, Quận Long Biên, Hà Nội",7500.0,"Berriver Long Biên, Phường Long Biên, Quận Long Biên, Hà Nội",39.0,3.0,3.0,4.0,Sổ hồng,2025-05-02
"Bán Nhà riêng tạiNguyễn Văn Cừ, Phường Ngọc Lâm, Quận Long Biên, Hà Nội",12.75,"Nguyễn Văn Cừ, Phường Ngọc Lâm, Quận Long Biên, Hà Nội",46.0,3.0,6.0,7.0,Sổ hồng,2025-05-02
"Bán Nhà riêng tạiPhường Vĩnh Hưng, Quận Hoàng Mai, Hà Nội",5.4,"Phường Vĩnh Hưng, Quận Hoàng Mai, Hà Nội",32.0,4.0,3.0,4.0,Giấy tờ không xác định,2025-05-02
"Bán Nhà riêng tạiPhường Quang Trung, Quận Hà Đông, Hà Nội",9.7,"Phường Quang Trung, Quận Hà Đông, Hà Nội",41.0,3.0,4.0,5.0,Sổ hồng,2025-05-02
"Bán Nhà riêng tạiPhường Vĩnh Hưng, Quận Hoàng Mai, Hà Nội",5.46,"Phường Vĩnh Hưng, Quận Hoàng Mai, Hà Nội",34.0,6.0,4.0,5.0,Giấy tờ không xác định,2025-05-02
"Bán Nhà riêng tạiLê Trọng Tấn, Phường Dương Nội, Quận Hà Đông, Hà Nội",6.95,"Lê Trọng Tấn, Phường Dương Nội, Quận Hà Đông, Hà Nội",45.0,6.0,4.0,5.0,Sổ hồng,2025-05-02
"Bán Nhà riêng tạiHoàng Văn Thụ, Phường Hoàng Văn Thụ, Quận Hoàng Mai, Hà Nội",7.6,"Hoàng Văn Thụ, Phường Hoàng Văn Thụ, Quận Hoàng Mai, Hà Nội",36.0,3.0,4.0,5.0,Sổ hồng,2025-05-02
"Bán Nhà riêng tạiĐường Lê Hồng Phong, Hà Cầu, Hà Đông, Hà Nội",7.15,"Đường Lê Hồng Phong, Hà Cầu, Hà Đông, Hà Nội",50.0,4.0,3.0,4.0,Sổ hồng,2025-05-02
"Bán Nhà riêng tạiPhường Xuân La, Quận Tây Hồ, Hà Nội",7.5,"Phường Xuân La, Quận Tây Hồ, Hà Nội",32.0,3.0,4.0,5.0,Sổ hồng,2025-04-29
"Bán Nhà riêng tạiPhường Vĩnh Hưng, Quận Hoàng Mai, Hà Nội",6.3,"Phường Vĩnh Hưng, Quận Hoàng Mai, Hà Nội",30.0,3.0,4.0,5.0,Sổ hồng,2025-05-02
"Bán Nhà biệt thự, liền kề tạiÂu Cơ, Phường Nhật Tân, Quận Tây Hồ, Hà Nội",30.0,"Âu Cơ, Phường Nhật Tân, Quận Tây Hồ, Hà Nội",136.0,3.0,4.0,3.0,Sổ hồng,2025-04-29
"Bán Nhà riêng tạiPhường Ngọc Thụy, Quận Long Biên, Hà Nội",8.5,"Phường Ngọc Thụy, Quận Long Biên, Hà Nội",45.0,3.0,3.0,4.0,Sổ hồng,2025-04-29
"Bán Nhà riêng tạiPhường Thanh Trì, Quận Hoàng Mai, Hà Nội",6.2,"Phường Thanh Trì, Quận Hoàng Mai, Hà Nội",31.0,3.0,4.0,5.0,Sổ hồng,2025-04-29
"Bán Nhà riêng tạiTam Trinh, Phường Mai Động, Quận Hoàng Mai, Hà Nội",7.0,"Tam Trinh, Phường Mai Động, Quận Hoàng Mai, Hà Nội",45.0,3.0,4.0,5.0,Sổ hồng,2025-04-29
"Bán Nhà riêng tạiPhường Bồ Đề, Quận Long Biên, Hà Nội",7.35,"Phường Bồ Đề, Quận Long Biên, Hà Nội",35.0,3.0,3.0,4.0,Sổ hồng,2025-04-29
"Bán Nhà riêng tạiPhường Tân Mai, Quận Hoàng Mai, Hà Nội",5.6,"Phường Tân Mai, Quận Hoàng Mai, Hà Nội",30.0,3.0,3.0,5.0,Sổ hồng,2025-04-29
"Bán Nhà riêng tạiđại Từ, Đại Kim, Hoàng Mai, Hà Nội",11.9,"đại Từ, Đại Kim, Hoàng Mai, Hà Nội",45.0,4.0,3.0,4.0,Sổ hồng,2025-04-29
"Bán Nhà riêng tạiGiáp Nhị, Phường Thịnh Liệt, Quận Hoàng Mai, Hà Nội",5.6,"Giáp Nhị, Phường Thịnh Liệt, Quận Hoàng Mai, Hà Nội",32.0,4.0,4.0,5.0,Sổ hồng,2025-04-29
"Bán Nhà riêng tạiPhường Vạn Phúc, Quận Hà Đông, Hà Nội",7.8,"Phường Vạn Phúc, Quận Hà Đông, Hà Nội",35.0,4.0,3.0,4.0,Sổ hồng,2025-04-29
"Bán Nhà riêng tạiĐịnh Công, Phường Định Công, Quận Hoàng Mai, Hà Nội",9.39,"Định Công, Phường Định Công, Quận Hoàng Mai, Hà Nội",48.0,4.0,3.0,4.0,Sổ hồng,2025-04-28
"Bán Nhà riêng tạiPhường Định Công, Quận Hoàng Mai, Hà Nội",3.1,"Phường Định Công, Quận Hoàng Mai, Hà Nội",30.0,2.0,2.0,2.0,Sổ hồng,2025-04-28
"Bán Nhà riêng tạiPhường Đại Kim, Quận Hoàng Mai, Hà Nội",11.3,"Phường Đại Kim, Quận Hoàng Mai, Hà Nội",44.0,5.0,3.0,4.0,Sổ hồng,2025-04-28
"Bán Nhà riêng tạiĐường Đa sĩ, Phường Kiến Hưng, Quận Hà Đông, Hà Nội",8.8,"Đường Đa sĩ, Phường Kiến Hưng, Quận Hà Đông, Hà Nội",72.0,5.0,6.0,5.0,Sổ hồng,2025-04-28
"Bán Nhà riêng tạiPhường Ngọc Thụy, Quận Long Biên, Hà Nội",6.15,"Phường Ngọc Thụy, Quận Long Biên, Hà Nội",35.0,3.0,3.0,4.0,Sổ hồng,2025-04-28
"Bán Nhà riêng tạiPhường Ngọc Thụy, Quận Long Biên, Hà Nội",7.3,"Phường Ngọc Thụy, Quận Long Biên, Hà Nội",49.0,3.0,3.0,4.0,Sổ hồng,2025-04-28
"Bán Nhà biệt thự, liền kề tạiKđt Ciputra, Phường Phú Thượng, Quận Tây Hồ, Hà Nội",45.0,"Kđt Ciputra, Phường Phú Thượng, Quận Tây Hồ, Hà Nội",140.0,5.0,5.0,5.0,Giấy tờ không xác định,2025-04-28
"Bán Nhà riêng tạiĐường Xuân Đỉnh, Phường Xuân Đỉnh, Quận Bắc Từ Liêm, Hà Nội",9.2,"Đường Xuân Đỉnh, Phường Xuân Đỉnh, Quận Bắc Từ Liêm, Hà Nội",57.0,4.0,3.0,5.0,Sổ hồng,2025-04-28
"Bán Nhà riêng tạiĐường Lĩnh Nam, Phường Thanh Trì, Quận Hoàng Mai, Hà Nội",8.5,"Đường Lĩnh Nam, Phường Thanh Trì, Quận Hoàng Mai, Hà Nội",35.0,3.0,4.0,5.0,Sổ hồng,2025-04-28
"Bán Nhà riêng tạiPremier Berriver Long Biên, Phường Phúc Đồng, Quận Long Biên, Hà Nội",5200.0,"Premier Berriver Long Biên, Phường Phúc Đồng, Quận Long Biên, Hà Nội",30.0,3.0,4.0,5.0,Giấy tờ không xác định,2025-04-26
"Bán Nhà riêng tạiĐường Đa sĩ, Phường Kiến Hưng, Quận Hà Đông, Hà Nội",5.6,"Đường Đa sĩ, Phường Kiến Hưng, Quận Hà Đông, Hà Nội",30.0,3.0,3.0,5.0,Sổ hồng,2025-04-26
"Bán Nhà riêng tạiPhường Thịnh Liệt, Quận Hoàng Mai, Hà Nội",7.5,"Phường Thịnh Liệt, Quận Hoàng Mai, Hà Nội",38.0,4.0,4.0,5.0,Sổ hồng,2025-04-26
"Bán Nhà riêng tạiBerriver Long Biên, Phường Cự Khối, Quận Long Biên, Hà Nội",6850.0,"Berriver Long Biên, Phường Cự Khối, Quận Long Biên, Hà Nội",30.0,3.0,4.0,6.0,Sổ hồng,2025-04-26
"Bán Nhà riêng tạiPhường Định Công, Quận Hoàng Mai, Hà Nội",2.8,"Phường Định Công, Quận Hoàng Mai, Hà Nội",31.0,2.0,2.0,3.0,Giấy tờ không xác định,2025-04-26
"Bán Nhà riêng tạiPhường Định Công, Quận Hoàng Mai, Hà Nội",6.98,"Phường Định Công, Quận Hoàng Mai, Hà Nội",33.0,4.0,3.0,4.0,Sổ hồng,2025-04-26
"Bán Nhà riêng tạiTân Mai, Phường Tân Mai, Quận Hoàng Mai, Hà Nội",6.3,"Tân Mai, Phường Tân Mai, Quận Hoàng Mai, Hà Nội",33.0,4.0,4.0,5.0,Sổ hồng,2025-04-26
"Bán Nhà riêng tạiPhường Cổ Nhuế 2, Quận Bắc Từ Liêm, Hà Nội",25.5,"Phường Cổ Nhuế 2, Quận Bắc Từ Liêm, Hà Nội",80.0,6.0,3.0,5.0,Sổ hồng,2025-04-26
"Bán Nhà riêng tạiPhường Hoàng Văn Thụ, Quận Hoàng Mai, Hà Nội",6.95,"Phường Hoàng Văn Thụ, Quận Hoàng Mai, Hà Nội",31.0,3.0,4.0,5.0,Sổ hồng,2025-04-26
"Bán Nhà riêng tạiGiáp Nhị, Phường Thịnh Liệt, Quận Hoàng Mai, Hà Nội",6.3,"Giáp Nhị, Phường Thịnh Liệt, Quận Hoàng Mai, Hà Nội",32.0,3.0,4.0,5.0,Sổ hồng,2025-04-26
"Bán Nhà riêng tạiThịnh Liệt, Phường Thịnh Liệt, Quận Hoàng Mai, Hà Nội",6.3,"Thịnh Liệt, Phường Thịnh Liệt, Quận Hoàng Mai, Hà Nội",33.0,4.0,4.0,5.0,Sổ hồng,2025-04-26
"Bán Nhà riêng tạiĐường Lĩnh Nam, Phường Lĩnh Nam, Quận Hoàng Mai, Hà Nội",5.75,"Đường Lĩnh Nam, Phường Lĩnh Nam, Quận Hoàng Mai, Hà Nội",35.0,3.0,4.0,5.0,Sổ hồng,2025-04-26
"Bán Nhà riêng tạiPhường Phú Thượng, Quận Tây Hồ, Hà Nội",9.2,"Phường Phú Thượng, Quận Tây Hồ, Hà Nội",42.0,4.0,4.0,5.0,Sổ hồng,2025-04-26
"Bán Nhà riêng tạiPhường Nguyễn Trãi, Quận Hà Đông, Hà Nội",8.1,"Phường Nguyễn Trãi, Quận Hà Đông, Hà Nội",35.0,3.0,4.0,5.0,Sổ hồng,2025-04-26
"Bán Nhà riêng tạiPhường Thụy Khuê, Quận Tây Hồ, Hà Nội",14.68,"Phường Thụy Khuê, Quận Tây Hồ, Hà Nội",60.0,4.0,3.0,5.0,Sổ hồng,2025-04-26
"Bán Nhà riêng tạiPhường Ngọc Thụy, Quận Long Biên, Hà Nội",7.9,"Phường Ngọc Thụy, Quận Long Biên, Hà Nội",47.0,4.0,4.0,4.0,Sổ hồng,2025-04-26
"Bán Nhà riêng tạiPhường Mộ Lao, Quận Hà Đông, Hà Nội",55.98,"Phường Mộ Lao, Quận Hà Đông, Hà Nội",105.0,3.0,4.0,4.0,Sổ hồng,2025-04-26
"Bán Nhà riêng tạiPhường Vĩnh Hưng, Quận Hoàng Mai, Hà Nội",1.85,"Phường Vĩnh Hưng, Quận Hoàng Mai, Hà Nội",20.0,5.0,4.0,4.0,Sổ hồng,2025-04-26
"Bán Nhà riêng tạiĐường Lĩnh Nam, Phường Lĩnh Nam, Quận Hoàng Mai, Hà Nội",5.65,"Đường Lĩnh Nam, Phường Lĩnh Nam, Quận Hoàng Mai, Hà Nội",33.0,3.0,4.0,5.0,Giấy tờ không xác định,2025-04-26
"Bán Nhà riêng tạiKhu đô thị Định Công, Phường Thịnh Liệt, Quận Hoàng Mai, Hà Nội",6600.0,"Khu đô thị Định Công, Phường Thịnh Liệt, Quận Hoàng Mai, Hà Nội",30.0,4.0,4.0,5.0,Giấy tờ không xác định,2025-04-26
"Bán Nhà riêng tạiPhường Bồ Đề, Quận Long Biên, Hà Nội",8.9,"Phường Bồ Đề, Quận Long Biên, Hà Nội",40.0,3.0,3.0,4.0,Giấy tờ không xác định,2025-04-26
"Bán Nhà riêng tạiTrương Định, Phường Mai Động, Quận Hoàng Mai, Hà Nội",8.0,"Trương Định, Phường Mai Động, Quận Hoàng Mai, Hà Nội",34.0,3.0,4.0,5.0,Giấy tờ không xác định,2025-04-26
"Bán Nhà riêng tạiTrương Định, Phường Tương Mai, Quận Hoàng Mai, Hà Nội",6.3,"Trương Định, Phường Tương Mai, Quận Hoàng Mai, Hà Nội",36.0,5.0,4.0,4.0,Giấy tờ không xác định,2025-04-26
"Bán Nhà riêng tạiHoàng Diệu, Phường Hà Cầu, Quận Hà Đông, Hà Nội",11.0,"Hoàng Diệu, Phường Hà Cầu, Quận Hà Đông, Hà Nội",58.0,4.0,3.0,4.0,Giấy tờ không xác định,2025-04-26
"Bán Nhà riêng tạiPhường Ngọc Thụy, Quận Long Biên, Hà Nội",8.5,"Phường Ngọc Thụy, Quận Long Biên, Hà Nội",45.0,3.0,3.0,4.0,Giấy tờ không xác định,2025-04-26
"Bán Nhà riêng tạiđường Mỹ Đình, Phường Mỹ Đình 2, Nam Từ Liêm, Hà Nội",40.0,"đường Mỹ Đình, Phường Mỹ Đình 2, Nam Từ Liêm, Hà Nội",125.0,16.0,17.0,9.0,Sổ hồng,2025-04-25
"Bán Nhà biệt thự, liền kề theo dự ánKhu đô thị Văn Khê tại Phường La Khê, Quận Hà Đông, Hà Nội",19.5,"Phường La Khê, Quận Hà Đông, Hà Nội",83.0,6.0,6.0,7.0,Sổ hồng,2025-04-26
"Bán Nhà riêng tạiPhường Bồ Đề, Quận Long Biên, Hà Nội",10.5,"Phường Bồ Đề, Quận Long Biên, Hà Nội",50.0,4.0,4.0,5.0,Sổ hồng,2025-04-26
"Bán Nhà riêng tạiThuỵ Khuê, Phường Thụy Khuê, Quận Tây Hồ, Hà Nội",7.5,"Thuỵ Khuê, Phường Thụy Khuê, Quận Tây Hồ, Hà Nội",45.0,4.0,3.0,4.0,Giấy tờ không xác định,2025-04-25
"Bán Nhà mặt phố tạiĐường Âu Cơ, Phường Nhật Tân, Tây Hồ, Hà Nội",335.0,"Đường Âu Cơ, Phường Nhật Tân, Tây Hồ, Hà Nội",961.0,6.0,6.0,2.0,Sổ hồng,2025-04-25
"Bán Nhà riêng tạiĐường Liên Mạc, Phường Liên Mạc, Quận Bắc Từ Liêm, Hà Nội",6.05,"Đường Liên Mạc, Phường Liên Mạc, Quận Bắc Từ Liêm, Hà Nội",58.0,3.0,4.0,5.0,Giấy tờ không xác định,2025-04-25
"Bán Nhà riêng tạiPhường Bồ Đề, Quận Long Biên, Hà Nội",10.9,"Phường Bồ Đề, Quận Long Biên, Hà Nội",48.0,3.0,3.0,4.0,Sổ hồng,2025-04-25
"Bán Nhà riêng tạiPhường Dương Nội, Quận Hà Đông, Hà Nội",6.6,"Phường Dương Nội, Quận Hà Đông, Hà Nội",52.0,3.0,3.0,4.0,Sổ hồng,2025-04-25
"Bán Nhà riêng tạiLạc Long Quân, Phường Xuân La, Quận Tây Hồ, Hà Nội",31.0,"Lạc Long Quân, Phường Xuân La, Quận Tây Hồ, Hà Nội",75.0,12.0,12.0,8.0,Sổ hồng,2025-04-25
"Bán Nhà riêng tạiĐường Hoàng Tăng Bí, Phường Thụy Phương, Quận Bắc Từ Liêm, Hà Nội",18.5,"Đường Hoàng Tăng Bí, Phường Thụy Phương, Quận Bắc Từ Liêm, Hà Nội",97.0,4.0,4.0,3.0,Sổ hồng,2025-04-25
"Bán Nhà riêng tạiĐường Đa sĩ, Phường Kiến Hưng, Quận Hà Đông, Hà Nội",5.98,"Đường Đa sĩ, Phường Kiến Hưng, Quận Hà Đông, Hà Nội",34.0,3.0,2.0,3.0,Giấy tờ không xác định,2025-04-25
"Bán Nhà riêng tạiKđt Mậu Lương - Kiến Hưng, Phường Kiến Hưng, Quận Hà Đông, Hà Nội",15.3,"Kđt Mậu Lương - Kiến Hưng, Phường Kiến Hưng, Quận Hà Đông, Hà Nội",65.0,3.0,3.0,3.0,Sổ hồng,2025-04-25
"Bán Nhà riêng tạiPhường Lĩnh Nam, Quận Hoàng Mai, Hà Nội",5.2,"Phường Lĩnh Nam, Quận Hoàng Mai, Hà Nội",31.0,3.0,3.0,4.0,Giấy tờ không xác định,2025-04-25
"Bán Nhà riêng tạiPhường Tương Mai, Quận Hoàng Mai, Hà Nội",8.8,"Phường Tương Mai, Quận Hoàng Mai, Hà Nội",47.0,6.0,6.0,5.0,Sổ hồng,2025-04-25
"Bán Nhà biệt thự, liền kề tạiĐường Đặng Xuân Bảng, Đại Kim, Hoàng Mai",13.0,"Đường Đặng Xuân Bảng, Đại Kim, Hoàng Mai",75.0,4.0,5.0,4.0,Sổ hồng,2025-04-25
"Bán Nhà riêng tạiPhường Định Công, Quận Hoàng Mai, Hà Nội",2.38,"Phường Định Công, Quận Hoàng Mai, Hà Nội",44.0,2.0,2.0,2.0,Sổ hồng,2025-04-25
"Bán Nhà riêng tạiPhường Ngọc Lâm, Quận Long Biên, Hà Nội",6.1,"Phường Ngọc Lâm, Quận Long Biên, Hà Nội",55.0,4.0,3.0,4.0,Sổ hồng,2025-04-25
"Bán Nhà riêng tạiPhường Hoàng Văn Thụ, Quận Hoàng Mai, Hà Nội",5.68,"Phường Hoàng Văn Thụ, Quận Hoàng Mai, Hà Nội",42.0,2.0,2.0,3.0,Sổ hồng,2025-04-24
"Bán Nhà riêng tạiLê Trọng Tấn, Phường Dương Nội, Quận Hà Đông, Hà Nội",6.5,"Lê Trọng Tấn, Phường Dương Nội, Quận Hà Đông, Hà Nội",40.0,5.0,6.0,5.0,Sổ hồng,2025-04-24
"Bán Nhà riêng tạiPhường Tương Mai, Quận Hoàng Mai, Hà Nội",7.7,"Phường Tương Mai, Quận Hoàng Mai, Hà Nội",40.0,3.0,3.0,3.0,Sổ hồng,2025-04-24
"Bán Nhà riêng tạiPhường Hoàng Văn Thụ, Quận Hoàng Mai, Hà Nội",7.7,"Phường Hoàng Văn Thụ, Quận Hoàng Mai, Hà Nội",40.0,3.0,3.0,3.0,Sổ hồng,2025-04-24
"Bán Nhà riêng tạiTây Mỗ, Phường Đại Mỗ, Quận Nam Từ Liêm, Hà Nội",7.2,"Tây Mỗ, Phường Đại Mỗ, Quận Nam Từ Liêm, Hà Nội",50.0,6.0,5.0,5.0,Sổ hồng,2025-04-24
"Bán Nhà biệt thự, liền kề tạiĐường Yên Sở, Yên Sở, Hoàng Mai",65.0,"Đường Yên Sở, Yên Sở, Hoàng Mai",335.0,5.0,4.0,3.0,Giấy tờ không xác định,2025-04-24
"Bán Nhà riêng tạiPhường Văn Quán, Quận Hà Đông, Hà Nội",9.45,"Phường Văn Quán, Quận Hà Đông, Hà Nội",35.0,3.0,4.0,5.0,Sổ hồng,2025-04-24
"Bán Nhà riêng tạiTây Hồ, Phường Quảng An, Quận Tây Hồ, Hà Nội",14.0,"Tây Hồ, Phường Quảng An, Quận Tây Hồ, Hà Nội",43.0,5.0,6.0,7.0,Sổ hồng,2025-04-24
"Bán Nhà riêng tạiĐường An Dương Vương, Phường Đông Ngạc, Quận Bắc Từ Liêm, Hà Nội",11.2,"Đường An Dương Vương, Phường Đông Ngạc, Quận Bắc Từ Liêm, Hà Nội",50.0,6.0,4.0,5.0,Giấy tờ không xác định,2025-04-24
"Bán Nhà riêng tạiPhường Định Công, Quận Hoàng Mai, Hà Nội",9.5,"Phường Định Công, Quận Hoàng Mai, Hà Nội",54.0,6.0,5.0,6.0,Sổ hồng,2025-04-24
"Bán Nhà biệt thự, liền kề theo dự ánTiểu khu đô thị Nam La Khê tại Kđt Nam La Khê, Phường Quang Trung, Quận Hà Đông, Hà Nội",17.3,"Kđt Nam La Khê, Phường Quang Trung, Quận Hà Đông, Hà Nội",61.0,4.0,3.0,4.0,Sổ hồng,2025-04-24
"Bán Nhà riêng tạiPhường Dương Nội, Quận Hà Đông, Hà Nội",6.25,"Phường Dương Nội, Quận Hà Đông, Hà Nội",31.0,3.0,4.0,4.0,Sổ hồng,2025-04-24
"Bán Nhà riêng tạiPhường Ngọc Thụy, Quận Long Biên, Hà Nội",6.15,"Phường Ngọc Thụy, Quận Long Biên, Hà Nội",35.0,3.0,3.0,4.0,Sổ hồng,2025-04-24
"Bán Nhà riêng tạiPhường Thụy Khuê, Quận Tây Hồ, Hà Nội",14.66,"Phường Thụy Khuê, Quận Tây Hồ, Hà Nội",65.0,4.0,4.0,4.0,Sổ hồng,2025-04-24
"Bán Nhà riêng tạiHoàng Mai, Phường Hoàng Văn Thụ, Quận Hoàng Mai, Hà Nội",6.9,"Hoàng Mai, Phường Hoàng Văn Thụ, Quận Hoàng Mai, Hà Nội",35.0,3.0,4.0,5.0,Sổ hồng,2025-04-24
"Bán Nhà riêng tạiPhường Xuân Đỉnh, Quận Bắc Từ Liêm, Hà Nội",6.6,"Phường Xuân Đỉnh, Quận Bắc Từ Liêm, Hà Nội",30.0,3.0,4.0,5.0,Sổ hồng,2025-04-24
"Bán Nhà riêng tạiĐường Cổ Nhuế, Phường Cổ Nhuế 2, Quận Bắc Từ Liêm, Hà Nội",4.55,"Đường Cổ Nhuế, Phường Cổ Nhuế 2, Quận Bắc Từ Liêm, Hà Nội",24.0,3.0,5.0,5.0,Sổ hồng,2025-04-24
"Bán Nhà riêng tạiPhường Bưởi, Quận Tây Hồ, Hà Nội",6.8,"Phường Bưởi, Quận Tây Hồ, Hà Nội",31.0,3.0,4.0,5.0,Sổ hồng,2025-04-23
"Bán Nhà riêng tạiGiáp Nhị, Phường Thịnh Liệt, Quận Hoàng Mai, Hà Nội",5.9,"Giáp Nhị, Phường Thịnh Liệt, Quận Hoàng Mai, Hà Nội",32.0,4.0,4.0,5.0,Sổ hồng,2025-04-23
"Bán Nhà riêng tạiKđt Mậu Lương - Kiến Hưng, Phường Kiến Hưng, Quận Hà Đông, Hà Nội",16.2,"Kđt Mậu Lương - Kiến Hưng, Phường Kiến Hưng, Quận Hà Đông, Hà Nội",65.0,5.0,4.0,5.0,Sổ hồng,2025-04-23
"Bán Nhà riêng tạiVõ Chí Công, Phường Xuân La, Quận Tây Hồ, Hà Nội",11.7,"Võ Chí Công, Phường Xuân La, Quận Tây Hồ, Hà Nội",40.0,3.0,5.0,6.0,Sổ hồng,2025-04-23
"Bán Nhà riêng tạiNguyễn Đức Cảnh, Phường Tương Mai, Quận Hoàng Mai, Hà Nội",7.9,"Nguyễn Đức Cảnh, Phường Tương Mai, Quận Hoàng Mai, Hà Nội",36.0,4.0,5.0,6.0,Sổ hồng,2025-04-24
"Bán Nhà riêng tạiPhường Kiến Hưng, Quận Hà Đông, Hà Nội",5.6,"Phường Kiến Hưng, Quận Hà Đông, Hà Nội",33.0,5.0,5.0,5.0,Sổ hồng,2025-04-23
"Bán Nhà riêng tạiPhường Phú Thượng, Quận Tây Hồ, Hà Nội",10.6,"Phường Phú Thượng, Quận Tây Hồ, Hà Nội",50.0,4.0,3.0,7.0,Sổ hồng,2025-04-23
"Bán Nhà mặt phố tạiNgô Thì Nhậm, Phường Quang Trung, Quận Hà Đông, Hà Nội",13.5,"Ngô Thì Nhậm, Phường Quang Trung, Quận Hà Đông, Hà Nội",40.0,6.0,4.0,6.0,Giấy tờ không xác định,2025-04-23
"Bán Nhà biệt thự, liền kề tạiĐường 1, Kiến Hưng, Hà Đông, Hà Nội",9.0,"Đường 1, Kiến Hưng, Hà Đông, Hà Nội",60.0,3.0,4.0,4.0,Sổ hồng,2025-04-23
"Bán Nhà biệt thự, liền kề tạiĐường Nguyễn Văn Lộc, Mộ Lao, Hà Đông",48.5,"Đường Nguyễn Văn Lộc, Mộ Lao, Hà Đông",180.0,5.0,5.0,4.0,Sổ hồng,2025-04-23
"Bán Nhà riêng tạitổ 6 Kiến Hưng, quận Hà Đông, Hà Nội",5.85,"tổ 6 Kiến Hưng, quận Hà Đông, Hà Nội",33.0,3.0,4.0,5.0,Sổ hồng,2025-04-23
"Bán Nhà riêng tạiPhường Kiến Hưng, Quận Hà Đông, Hà Nội",6.82,"Phường Kiến Hưng, Quận Hà Đông, Hà Nội",31.0,3.0,4.0,5.0,Sổ hồng,2025-04-23
"Bán Nhà mặt phố tạiPhường Mỹ Đình 2, Quận Nam Từ Liêm, Hà Nội",33.0,"Phường Mỹ Đình 2, Quận Nam Từ Liêm, Hà Nội",70.0,5.0,3.0,7.0,Sổ hồng,2025-04-23
"Bán Nhà mặt phố tạiĐường Chiến Thắng, Phường Văn Quán, Quận Hà Đông, Hà Nội",30.0,"Đường Chiến Thắng, Phường Văn Quán, Quận Hà Đông, Hà Nội",72.0,9.0,9.0,6.0,Sổ hồng,2025-04-22
"Bán Nhà mặt phố tạiĐường Chiến Thắng, Phường Văn Quán, Quận Hà Đông, Hà Nội",27.5,"Đường Chiến Thắng, Phường Văn Quán, Quận Hà Đông, Hà Nội",83.0,4.0,4.0,5.0,Sổ hồng,2025-04-22
"Bán Nhà mặt phố tạiPhố Yên Hoa, Phường Yên Phụ, Tây Hồ, Hà Nội",22.0,"Phố Yên Hoa, Phường Yên Phụ, Tây Hồ, Hà Nội",55.0,5.0,6.0,9.0,Sổ hồng,2025-04-22
"Bán Nhà tái định cư tạiĐường Phạm Văn Đồng, Phường Cổ Nhuế 1, Quận Bắc Từ Liêm, Hà Nội",2.85,"Đường Phạm Văn Đồng, Phường Cổ Nhuế 1, Quận Bắc Từ Liêm, Hà Nội",75.0,3.0,2.0,17.0,Giấy tờ không xác định,2025-04-22
"Bán Nhà riêng tạiĐường Âu Cơ, Phường Nhật Tân, Tây Hồ, Hà Nội",6.3,"Đường Âu Cơ, Phường Nhật Tân, Tây Hồ, Hà Nội",37.0,2.0,3.0,3.0,Sổ hồng,2025-04-22
"Bán Nhà biệt thự, liền kề tạiĐường 1, Văn Quán, Hà Đông, Hà Nội",12.6,"Đường 1, Văn Quán, Hà Đông, Hà Nội",61.5,5.0,6.0,7.0,Sổ hồng,2025-04-22
"Bán Nhà mặt phố tạiAn Dương Vương, Phú Thượng, Tây Hồ, Hà Nội",11.0,"An Dương Vương, Phú Thượng, Tây Hồ, Hà Nội",77.0,3.0,4.0,6.0,Sổ hồng,2025-04-22
"Bán Nhà biệt thự, liền kề tạiĐường Định Công, Định Công, Hoàng Mai",58.0,"Đường Định Công, Định Công, Hoàng Mai",200.0,7.0,6.0,5.0,Sổ hồng,2025-04-22
"Bán Nhà riêng tạiĐường Minh Khai, Phường Hoàng Văn Thụ, Hoàng Mai, Hà Nội",6.9,"Đường Minh Khai, Phường Hoàng Văn Thụ, Hoàng Mai, Hà Nội",40.0,4.0,5.0,5.0,Sổ hồng,2025-04-21
"Bán Nhà riêng tạiĐường Nguyễn Văn Cừ, Phường Ngọc Lâm, Long Biên, Hà Nội",36.7,"Đường Nguyễn Văn Cừ, Phường Ngọc Lâm, Long Biên, Hà Nội",100.0,6.0,8.0,8.0,Sổ hồng,2025-04-21
"Bán Nhà riêng tạiđường Võng Thị, Phường Bưởi, Tây Hồ, Hà Nội",14.35,"đường Võng Thị, Phường Bưởi, Tây Hồ, Hà Nội",51.0,4.0,4.0,7.0,Sổ hồng,2025-04-21
"Bán Nhà mặt phố tạiĐường Lĩnh Nam, Phường Lĩnh Nam, Hoàng Mai, Hà Nội",5.4,"Đường Lĩnh Nam, Phường Lĩnh Nam, Hoàng Mai, Hà Nội",35.0,4.0,3.0,4.0,Sổ hồng,2025-04-21
"Bán Nhà riêng tạiĐường Trương Định, Phường Thịnh Liệt, Hoàng Mai, Hà Nội",6.35,"Đường Trương Định, Phường Thịnh Liệt, Hoàng Mai, Hà Nội",20.0,2.0,3.0,5.0,Sổ hồng,2025-04-21
"Bán Nhà riêng tạiPhường Văn Quán, Quận Hà Đông, Hà Nội",20.0,"Phường Văn Quán, Quận Hà Đông, Hà Nội",83.0,4.0,2.0,4.0,Sổ hồng,2025-04-21
"Bán Nhà riêng tạiPhường Kiến Hưng, Quận Hà Đông, Hà Nội",5.2,"Phường Kiến Hưng, Quận Hà Đông, Hà Nội",30.0,3.0,4.0,5.0,Sổ hồng,2025-04-21
"Bán Nhà riêng tạiĐường Khuyến Lương, Phường Trần Phú, Hoàng Mai, Hà Nội",6.2,"Đường Khuyến Lương, Phường Trần Phú, Hoàng Mai, Hà Nội",32.0,3.0,3.0,4.0,Sổ hồng,2025-04-21
"Bán Nhà riêng tạiPhường Nguyễn Trãi, Quận Hà Đông, Hà Nội",8.66,"Phường Nguyễn Trãi, Quận Hà Đông, Hà Nội",30.0,3.0,4.0,5.0,Giấy tờ không xác định,2025-04-21
"Bán Nhà riêng tạiKđt Văn Quán, Phường Văn Quán, Quận Hà Đông, Hà Nội",46.0,"Kđt Văn Quán, Phường Văn Quán, Quận Hà Đông, Hà Nội",150.0,3.0,5.0,5.0,Sổ hồng,2025-04-21
"Bán Nhà riêng tạiĐường Cổ Linh, Phường Long Biên, Long Biên, Hà Nội",8.5,"Đường Cổ Linh, Phường Long Biên, Long Biên, Hà Nội",52.0,5.0,4.0,4.0,Sổ hồng,2025-04-21
"Bán Nhà riêng tạiĐường Nguyễn Đức Cảnh, Phường Tương Mai, Hoàng Mai, Hà Nội",8.3,"Đường Nguyễn Đức Cảnh, Phường Tương Mai, Hoàng Mai, Hà Nội",31.0,3.0,4.0,5.0,Sổ hồng,2025-04-21
"Bán Nhà riêng tạiTrương Định, Phường Tân Mai, Quận Hoàng Mai, Hà Nội",5.9,"Trương Định, Phường Tân Mai, Quận Hoàng Mai, Hà Nội",32.0,4.0,4.0,5.0,Sổ hồng,2025-04-21
"Bán Nhà riêng tạiĐường Ngọc Thụy, Phường Long Biên, Long Biên, Hà Nội",5.85,"Đường Ngọc Thụy, Phường Long Biên, Long Biên, Hà Nội",30.0,3.0,4.0,5.0,Sổ hồng,2025-04-21
"Bán Nhà mặt phố tạiĐường Lạc Long Quân, Phường Nhật Tân, Tây Hồ, Hà Nội",38.5,"Đường Lạc Long Quân, Phường Nhật Tân, Tây Hồ, Hà Nội",110.0,3.0,2.0,2.0,Sổ hồng,2025-04-21
"Bán Nhà riêng tạiĐường Kim Đồng, Phường Giáp Bát, Hoàng Mai, Hà Nội",12.5,"Đường Kim Đồng, Phường Giáp Bát, Hoàng Mai, Hà Nội",46.0,8.0,8.0,6.0,Sổ hồng,2025-04-21
"Bán Nhà riêng tạiđường Mỹ Đình, Phường Mỹ Đình 1, Nam Từ Liêm, Hà Nội",5.2,"đường Mỹ Đình, Phường Mỹ Đình 1, Nam Từ Liêm, Hà Nội",33.0,7.0,4.0,4.0,Sổ hồng,2025-04-19
"Bán Nhà riêng tạiPhường Giáp Bát, Quận Hoàng Mai, Hà Nội",5.3,"Phường Giáp Bát, Quận Hoàng Mai, Hà Nội",24.0,3.0,2.0,4.0,Giấy tờ không xác định,2025-04-19
"Bán Nhà riêng tạiĐường Xuân Diệu, Phường Quảng An, Tây Hồ, Hà Nội",12.5,"Đường Xuân Diệu, Phường Quảng An, Tây Hồ, Hà Nội",56.0,4.0,4.0,4.0,Sổ hồng,2025-04-19
"Bán Nhà riêng tạiPhường Phú Thượng, Quận Tây Hồ, Hà Nội",15.5,"Phường Phú Thượng, Quận Tây Hồ, Hà Nội",50.0,4.0,4.0,5.0,Sổ hồng,2025-04-19
"Bán Nhà riêng tạiPhường Giáp Bát, Quận Hoàng Mai, Hà Nội",7.9,"Phường Giáp Bát, Quận Hoàng Mai, Hà Nội",45.0,4.0,5.0,6.0,Sổ hồng,2025-04-19
"Bán Nhà mặt phố tạiđường Đông Ngạc, Phường Đông Ngạc, Bắc Từ Liêm, Hà Nội",13.8,"đường Đông Ngạc, Phường Đông Ngạc, Bắc Từ Liêm, Hà Nội",106.6,2.0,2.0,2.0,Sổ hồng,2025-04-19
"Bán Nhà riêng tạiĐường Cổ Linh, Phường Thạch Bàn, Long Biên, Hà Nội",8.7,"Đường Cổ Linh, Phường Thạch Bàn, Long Biên, Hà Nội",42.0,3.0,4.0,6.0,Sổ hồng,2025-04-19
"Bán Nhà riêng tạiPhường Bồ Đề, Quận Long Biên, Hà Nội",12.0,"Phường Bồ Đề, Quận Long Biên, Hà Nội",50.0,4.0,4.0,4.0,Sổ hồng,2025-04-19
"Bán Nhà riêng tạiĐường Tứ Liên, Phường Tứ Liên, Tây Hồ, Hà Nội",26.0,"Đường Tứ Liên, Phường Tứ Liên, Tây Hồ, Hà Nội",131.0,3.0,3.0,3.0,Sổ hồng,2025-04-19
"Bán Nhà mặt phố tạiÂu Cơ, Phường Quảng An, Quận Tây Hồ, Hà Nội",30.0,"Âu Cơ, Phường Quảng An, Quận Tây Hồ, Hà Nội",100.0,3.0,3.0,4.0,Sổ hồng,2025-04-19
"Bán Nhà riêng tạiPhường Ngọc Thụy, Quận Long Biên, Hà Nội",11.4,"Phường Ngọc Thụy, Quận Long Biên, Hà Nội",62.0,4.0,4.0,4.0,Giấy tờ không xác định,2025-04-19
"Bán Nhà riêng tạiĐường Xuân Đỉnh, Phường Xuân Đỉnh, Quận Bắc Từ Liêm, Hà Nội",9.2,"Đường Xuân Đỉnh, Phường Xuân Đỉnh, Quận Bắc Từ Liêm, Hà Nội",57.0,4.0,3.0,4.0,Giấy tờ không xác định,2025-04-19
"Bán Nhà mặt phố tạiĐường Thụy Khuê, Phường Bưởi, Quận Tây Hồ, Hà Nội",37.5,"Đường Thụy Khuê, Phường Bưởi, Quận Tây Hồ, Hà Nội",105.0,9.0,9.0,7.0,Sổ hồng,2025-04-19
"Bán Nhà mặt phố tạiđường Nghi Tàm, Phường Quảng An, Quận Tây Hồ, Hà Nội",81.0,"đường Nghi Tàm, Phường Quảng An, Quận Tây Hồ, Hà Nội",126.0,11.0,11.0,7.0,Sổ hồng,2025-04-19
"Bán Nhà mặt phố tạiGiáp Bát, Hoàng Mai, Hà Nội",32.39,"Giáp Bát, Hoàng Mai, Hà Nội",141.0,5.0,3.0,3.0,Giấy tờ không xác định,2025-04-19
"Bán Nhà riêng tạiTân Mai, Phường Tân Mai, Quận Hoàng Mai, Hà Nội",5.9,"Tân Mai, Phường Tân Mai, Quận Hoàng Mai, Hà Nội",33.0,4.0,4.0,5.0,Sổ hồng,2025-04-19
"Bán Nhà mặt phố tạiĐường Giáp Nhị, Phường Thịnh Liệt, Quận Hoàng Mai, Hà Nội",19.88,"Đường Giáp Nhị, Phường Thịnh Liệt, Quận Hoàng Mai, Hà Nội",90.0,8.0,8.0,8.0,Sổ hồng,2025-04-19
"Bán Nhà riêng tạiNgõ 102, Đường Âu Cơ, Phường Tứ Liên, Tây Hồ, Hà Nội",11.2,"Ngõ 102, Đường Âu Cơ, Phường Tứ Liên, Tây Hồ, Hà Nội",64.0,4.0,5.0,5.0,Sổ hồng,2025-04-19
"Bán Nhà riêng tạiMễ Trì, Phường Mễ Trì, Quận Nam Từ Liêm, Hà Nội",16.9,"Mễ Trì, Phường Mễ Trì, Quận Nam Từ Liêm, Hà Nội",55.0,4.0,3.0,5.0,Sổ hồng,2025-04-19
"Bán Nhà riêng tạiPhường Ngọc Lâm, Quận Long Biên, Hà Nội",4.8,"Phường Ngọc Lâm, Quận Long Biên, Hà Nội",24.0,2.0,2.0,5.0,Sổ hồng,2025-04-19
"Bán Nhà riêng tạiĐường Tư Đình, Phường Long Biên, Long Biên, Hà Nội",26.3,"Đường Tư Đình, Phường Long Biên, Long Biên, Hà Nội",53.0,4.0,4.0,7.0,Sổ hồng,2025-04-19
"Bán Nhà riêng tạiPhố Phạm Tuấn Tài, Phường Cổ Nhuế 1, Bắc Từ Liêm, Hà Nội",19.0,"Phố Phạm Tuấn Tài, Phường Cổ Nhuế 1, Bắc Từ Liêm, Hà Nội",50.0,4.0,4.0,4.0,Sổ hồng,2025-04-19
"Bán Nhà riêng tạiĐường Cổ Nhuế, Phường Cổ Nhuế 1, Bắc Từ Liêm, Hà Nội",5.5,"Đường Cổ Nhuế, Phường Cổ Nhuế 1, Bắc Từ Liêm, Hà Nội",38.0,4.0,3.0,4.0,Sổ hồng,2025-04-19
"Bán Nhà riêng tạiphố Dốc Tam Đa, Phường Bưởi, Tây Hồ, Hà Nội",10.7,"phố Dốc Tam Đa, Phường Bưởi, Tây Hồ, Hà Nội",43.0,6.0,4.0,5.0,Sổ hồng,2025-04-19
"Bán Nhà riêng tạiĐường Lĩnh Nam, Phường Lĩnh Nam, Quận Hoàng Mai, Hà Nội",3.85,"Đường Lĩnh Nam, Phường Lĩnh Nam, Quận Hoàng Mai, Hà Nội",46.0,3.0,3.0,2.0,Sổ hồng,2025-04-19
"Bán Nhà riêng tạiLê Trọng Tấn, Phường La Khê, Quận Hà Đông, Hà Nội",9.0,"Lê Trọng Tấn, Phường La Khê, Quận Hà Đông, Hà Nội",35.0,4.0,4.0,5.0,Sổ hồng,2025-04-19
"Bán Nhà riêng tạiPhường Đại Mỗ, Quận Nam Từ Liêm, Hà Nội",7.3,"Phường Đại Mỗ, Quận Nam Từ Liêm, Hà Nội",46.0,16.0,3.0,4.0,Giấy viết tay,2025-04-19
"Bán Nhà riêng tạiPhường La Khê, Hà Đông, Hà Nội",12.45,"Phường La Khê, Hà Đông, Hà Nội",50.0,4.0,4.0,5.0,Sổ hồng,2025-04-19
"Bán Nhà riêng tạiPhường La Khê, Quận Hà Đông, Hà Nội",6.5,"Phường La Khê, Quận Hà Đông, Hà Nội",31.0,3.0,4.0,5.0,Sổ hồng,2025-04-18
"Bán Nhà riêng tạiPhường Minh Khai, Quận Bắc Từ Liêm, Hà Nội",5.2,"Phường Minh Khai, Quận Bắc Từ Liêm, Hà Nội",30.0,3.0,2.0,5.0,Sổ hồng,2025-04-19
"Bán Nhà riêng tạiPhường Hà Cầu, Quận Hà Đông, Hà Nội",5.95,"Phường Hà Cầu, Quận Hà Đông, Hà Nội",30.0,3.0,4.0,5.0,Sổ hồng,2025-04-18
"Bán Nhà riêng tạiAqh Riverside, Phường Phúc Đồng, Quận Long Biên, Hà Nội",5200.0,"Aqh Riverside, Phường Phúc Đồng, Quận Long Biên, Hà Nội",40.0,3.0,3.0,6.0,Sổ hồng,2025-04-19
"Bán Nhà riêng tạiĐường Huyền Kỳ, Phường Phú Lãm, Hà Đông, Hà Nội",5.6,"Đường Huyền Kỳ, Phường Phú Lãm, Hà Đông, Hà Nội",33.0,6.0,3.0,4.0,Sổ hồng,2025-04-18
"Bán Nhà riêng tạiSố 335, Đường An Dương Vương, Phường Phú Thượng, Tây Hồ, Hà Nội",16.2,"Số 335, Đường An Dương Vương, Phường Phú Thượng, Tây Hồ, Hà Nội",63.0,7.0,7.0,7.0,Sổ hồng,2025-04-18
"Bán Nhà riêng tạiPhường Ngọc Lâm, Quận Long Biên, Hà Nội",9.8,"Phường Ngọc Lâm, Quận Long Biên, Hà Nội",48.0,4.0,4.0,4.0,Sổ hồng,2025-04-18
"Bán Nhà mặt phố tạiPhường Đức Giang, Quận Long Biên, Hà Nội",9.8,"Phường Đức Giang, Quận Long Biên, Hà Nội",48.0,3.0,4.0,6.0,Sổ hồng,2025-04-18
"Bán Nhà riêng tạiSố 37A, Đường Ngọc Lâm, Phường Ngọc Lâm, Long Biên, Hà Nội",8.65,"Số 37A, Đường Ngọc Lâm, Phường Ngọc Lâm, Long Biên, Hà Nội",35.0,3.0,4.0,6.0,Sổ hồng,2025-04-18
"Bán Nhà mặt phố tạiNghi Tàm, Phường Quảng An, Quận Tây Hồ, Hà Nội",44.8,"Nghi Tàm, Phường Quảng An, Quận Tây Hồ, Hà Nội",90.0,5.0,5.0,6.0,Sổ hồng,2025-04-18
"Bán Nhà riêng tạiĐường An Dương Vương, Phường Phú Thượng, Tây Hồ, Hà Nội",6.5,"Đường An Dương Vương, Phường Phú Thượng, Tây Hồ, Hà Nội",40.0,3.0,4.0,5.0,Sổ hồng,2025-04-18
"Bán Nhà riêng tạiPhường Hà Cầu, Quận Hà Đông, Hà Nội",6.25,"Phường Hà Cầu, Quận Hà Đông, Hà Nội",33.0,4.0,4.0,4.0,Sổ hồng,2025-04-18
"Bán Nhà riêng tạiĐường Phố Trạm, Phường Long Biên, Long Biên, Hà Nội",16.8,"Đường Phố Trạm, Phường Long Biên, Long Biên, Hà Nội",57.0,4.0,6.0,7.0,Sổ hồng,2025-04-18
"Bán Nhà riêng tạiPhường Ngọc Lâm, Quận Long Biên, Hà Nội",6.4,"Phường Ngọc Lâm, Quận Long Biên, Hà Nội",37.0,3.0,3.0,4.0,Sổ hồng,2025-04-18
"Bán Nhà riêng tạiPhường Mai Động, Quận Hoàng Mai, Hà Nội",5.7,"Phường Mai Động, Quận Hoàng Mai, Hà Nội",35.0,3.0,2.0,3.0,Giấy tờ không xác định,2025-04-18
"Bán Nhà riêng tạiPhường Hà Cầu, Quận Hà Đông, Hà Nội",7.95,"Phường Hà Cầu, Quận Hà Đông, Hà Nội",32.0,3.0,4.0,5.0,Sổ hồng,2025-04-18
"Bán Nhà biệt thự, liền kề tạiĐường Nguyễn Duy Trinh, Hoàng Liệt, Hoàng Mai",78.0,"Đường Nguyễn Duy Trinh, Hoàng Liệt, Hoàng Mai",254.0,6.0,8.0,5.0,Sổ hồng,2025-04-18
"Bán Nhà riêng tạiPhường Lĩnh Nam, Hoàng Mai, Hà Nội",6.2,"Phường Lĩnh Nam, Hoàng Mai, Hà Nội",33.0,4.0,2.0,4.0,Sổ hồng,2025-04-18
"Bán Nhà mặt phố tạiPhường Quang Trung, Quận Hà Đông, Hà Nội",15.5,"Phường Quang Trung, Quận Hà Đông, Hà Nội",40.0,3.0,3.0,4.0,Sổ hồng,2025-04-18
"Bán Nhà riêng tạiLạc Long Quân, Phường Bưởi, Quận Tây Hồ, Hà Nội",21.5,"Lạc Long Quân, Phường Bưởi, Quận Tây Hồ, Hà Nội",57.0,5.0,7.0,7.0,Giấy tờ không xác định,2025-04-18
"Bán Nhà riêng tạiPhường Ngọc Lâm, Long Biên, Hà Nội",10.93,"Phường Ngọc Lâm, Long Biên, Hà Nội",46.5,4.0,2.0,3.0,Sổ hồng,2025-04-18
"Bán Nhà mặt phố tạiPhường Nhật Tân, Quận Tây Hồ, Hà Nội",95.0,"Phường Nhật Tân, Quận Tây Hồ, Hà Nội",93.0,8.0,8.0,5.0,Sổ hồng,2025-04-18
"Bán Nhà mặt phố tạiGiáp Bát, Phường Giáp Bát, Quận Hoàng Mai, Hà Nội",18.9,"Giáp Bát, Phường Giáp Bát, Quận Hoàng Mai, Hà Nội",132.0,8.0,8.0,5.0,Sổ hồng,2025-04-18
"Bán Nhà riêng tạiPhường Thạch Bàn, Long Biên, Hà Nội",6.89,"Phường Thạch Bàn, Long Biên, Hà Nội",40.0,3.0,2.0,6.0,Sổ hồng,2025-04-18
"Bán Nhà riêng tạiĐường Xuân Đỉnh, Phường Minh Khai, Bắc Từ Liêm, Hà Nội",6.85,"Đường Xuân Đỉnh, Phường Minh Khai, Bắc Từ Liêm, Hà Nội",35.0,3.0,4.0,5.0,Sổ hồng,2025-04-18
"Bán Nhà riêng tạiPhường Mỗ Lao, Hà Đông, Hà Nội",30.45,"Phường Mỗ Lao, Hà Đông, Hà Nội",105.0,4.0,4.0,6.0,Sổ hồng,2025-04-18
"Bán Nhà riêng tạiĐường Hồ Tùng Mậu, Phường Cầu Diễn, Nam Từ Liêm, Hà Nội",9.85,"Đường Hồ Tùng Mậu, Phường Cầu Diễn, Nam Từ Liêm, Hà Nội",38.0,3.0,3.0,7.0,Sổ hồng,2025-04-18
"Bán Nhà riêng tạiPhường La Khê, Quận Hà Đông, Hà Nội",13.6,"Phường La Khê, Quận Hà Đông, Hà Nội",50.0,7.0,6.0,7.0,Giấy tờ không xác định,2025-04-18
"Bán Nhà riêng tạiĐường Tu Hoàng, Phường Phương Canh, Nam Từ Liêm, Hà Nội",10.0,"Đường Tu Hoàng, Phường Phương Canh, Nam Từ Liêm, Hà Nội",41.0,6.0,4.0,5.0,Sổ hồng,2025-04-18
"Bán Nhà riêng tạiĐường Đền Lừ 1, Phường Hoàng Văn Thụ, Hoàng Mai, Hà Nội",7.55,"Đường Đền Lừ 1, Phường Hoàng Văn Thụ, Hoàng Mai, Hà Nội",38.0,4.0,3.0,5.0,Sổ hồng,2025-04-18
"Bán Nhà riêng tạiPhường Phú Diễn, Bắc Từ Liêm, Hà Nội",14.3,"Phường Phú Diễn, Bắc Từ Liêm, Hà Nội",59.0,17.0,17.0,7.0,Sổ hồng,2025-04-18
"Bán Nhà riêng tạiNgõ 406, Đường Âu Cơ, Phường Nhật Tân, Tây Hồ, Hà Nội",12.8,"Ngõ 406, Đường Âu Cơ, Phường Nhật Tân, Tây Hồ, Hà Nội",84.0,3.0,3.0,3.0,Sổ hồng,2025-04-18
"Bán Nhà riêng tạiĐường Lê Hồng Phong, Phường Hà Cầu, Hà Đông, Hà Nội",10.3,"Đường Lê Hồng Phong, Phường Hà Cầu, Hà Đông, Hà Nội",40.0,5.0,5.0,5.0,Sổ hồng,2025-04-18
"Bán Nhà riêng tạiĐường An Dương Vương, Phường Phú Thượng, Tây Hồ, Hà Nội",8.5,"Đường An Dương Vương, Phường Phú Thượng, Tây Hồ, Hà Nội",46.0,4.0,2.0,4.0,Sổ hồng,2025-04-18
"Bán Nhà riêng tạiĐường Miếu Đầm, Phường Mễ Trì, Nam Từ Liêm, Hà Nội.",6.3,"Đường Miếu Đầm, Phường Mễ Trì, Nam Từ Liêm, Hà Nội.",30.0,4.0,5.0,5.0,Sổ hồng,2025-04-18
"Bán Nhà riêng tạiĐường Hoàng Quốc Việt, Phường Cổ Nhuế 1, Bắc Từ Liêm, Hà Nội",15.0,"Đường Hoàng Quốc Việt, Phường Cổ Nhuế 1, Bắc Từ Liêm, Hà Nội",60.0,5.0,5.0,2.0,Sổ hồng,2025-04-18
"Bán Nhà riêng tạiPhường Thịnh Liệt, Hoàng Mai, Hà Nội",7.4,"Phường Thịnh Liệt, Hoàng Mai, Hà Nội",40.0,6.0,4.0,5.0,Sổ hồng,2025-04-18
"Bán Nhà riêng tạiPhường Yên Nghĩa, Quận Hà Đông, Hà Nội",5.05,"Phường Yên Nghĩa, Quận Hà Đông, Hà Nội",31.7,3.0,4.0,5.0,Giấy tờ không xác định,2025-04-18
"Bán Nhà riêng tạiPhường Trung Văn, Quận Nam Từ Liêm, Hà Nội",9.95,"Phường Trung Văn, Quận Nam Từ Liêm, Hà Nội",83.0,10.0,4.0,4.0,Sổ hồng,2025-04-18
"Bán Nhà riêng tạiĐường An Dương, Phường Yên Phụ, Tây Hồ, Hà Nội",12.4,"Đường An Dương, Phường Yên Phụ, Tây Hồ, Hà Nội",62.0,3.0,3.0,2.0,Sổ hồng,2025-04-18
"Bán Nhà riêng tạiĐường Đại Cát, Phường Liên Mạc, Bắc Từ Liêm, Hà Nội",4.35,"Đường Đại Cát, Phường Liên Mạc, Bắc Từ Liêm, Hà Nội",35.0,3.0,4.0,5.0,Sổ hồng,2025-04-18
"Bán Nhà riêng tạiĐịnh Công, Phường Định Công, Quận Hoàng Mai, Hà Nội",6.0,"Định Công, Phường Định Công, Quận Hoàng Mai, Hà Nội",37.0,2.0,3.0,4.0,Giấy tờ không xác định,2025-04-18
"Bán Nhà riêng tạiHoàng Mai, Phường Giáp Bát, Quận Hoàng Mai, Hà Nội",7.0,"Hoàng Mai, Phường Giáp Bát, Quận Hoàng Mai, Hà Nội",34.0,3.0,4.0,5.0,Giấy tờ không xác định,2025-04-18
"Bán Nhà riêng tạiPhường Đại Kim, Quận Hoàng Mai, Hà Nội",5.6,"Phường Đại Kim, Quận Hoàng Mai, Hà Nội",36.0,4.0,4.0,5.0,Sổ hồng,2025-04-18
"Bán Nhà riêng tạiPhường Nhật Tân, Quận Tây Hồ, Hà Nội",6.25,"Phường Nhật Tân, Quận Tây Hồ, Hà Nội",31.0,3.0,3.0,5.0,Sổ hồng,2025-04-18
"Bán Nhà riêng tạiThượng Thanh, Phường Thượng Thanh, Quận Long Biên, Hà Nội",4.85,"Thượng Thanh, Phường Thượng Thanh, Quận Long Biên, Hà Nội",33.0,2.0,3.0,3.0,Sổ hồng,2025-04-18
"Bán Nhà riêng tạiGiáp Nhị, Phường Giáp Bát, Quận Hoàng Mai, Hà Nội",6.0,"Giáp Nhị, Phường Giáp Bát, Quận Hoàng Mai, Hà Nội",36.0,3.0,4.0,5.0,Sổ hồng,2025-04-18
"Bán Nhà riêng tạiAn Dương, Phường Yên Phụ, Quận Tây Hồ, Hà Nội",7.95,"An Dương, Phường Yên Phụ, Quận Tây Hồ, Hà Nội",41.0,3.0,3.0,5.0,Giấy tờ không xác định,2025-04-18
"Bán Nhà riêng tạiLạc Long Quân, Phường Thụy Khuê, Quận Tây Hồ, Hà Nội",21.5,"Lạc Long Quân, Phường Thụy Khuê, Quận Tây Hồ, Hà Nội",65.0,6.0,4.0,6.0,Giấy tờ không xác định,2025-04-18
"Bán Nhà riêng tạiKđt Kim Giang, Phường Đại Kim, Quận Hoàng Mai, Hà Nội",6.5,"Kđt Kim Giang, Phường Đại Kim, Quận Hoàng Mai, Hà Nội",35.0,4.0,4.0,4.0,Giấy tờ không xác định,2025-04-18
"Bán Nhà riêng tạiPhường Yên Phụ, Quận Tây Hồ, Hà Nội",7.9,"Phường Yên Phụ, Quận Tây Hồ, Hà Nội",40.0,3.0,3.0,5.0,Sổ hồng,2025-04-18
"Bán Nhà mặt phố tạiĐường Phố Trạm, Phường Long Biên, Long Biên, Hà Nội",7.2,"Đường Phố Trạm, Phường Long Biên, Long Biên, Hà Nội",60.4,3.0,3.0,3.0,Sổ hồng,2025-04-18
"Bán Nhà riêng tạiLạc Long Quân, Phường Bưởi, Quận Tây Hồ, Hà Nội",19.0,"Lạc Long Quân, Phường Bưởi, Quận Tây Hồ, Hà Nội",75.0,6.0,4.0,5.0,Giấy tờ không xác định,2025-04-18
"Bán Nhà riêng tạiPhường Kiến Hưng, Quận Hà Đông, Hà Nội",5.95,"Phường Kiến Hưng, Quận Hà Đông, Hà Nội",30.0,3.0,4.0,5.0,Sổ hồng,2025-04-18
"Bán Nhà mặt phố tạiĐường Ngọc Thụy, Phường Ngọc Thụy, Long Biên, Hà Nội",13.5,"Đường Ngọc Thụy, Phường Ngọc Thụy, Long Biên, Hà Nội",44.0,3.0,5.0,7.0,Sổ hồng,2025-04-18
"Bán Nhà riêng tạiĐường Trần Cung, Phường Cổ Nhuế 1, Quận Bắc Từ Liêm, Hà Nội",11.0,"Đường Trần Cung, Phường Cổ Nhuế 1, Quận Bắc Từ Liêm, Hà Nội",50.0,4.0,4.0,5.0,Sổ hồng,2025-04-18
"Bán Nhà riêng tạiVõ Chí Công, Phường Xuân La, Tây Hồ, Hà Nội",7.6,"Võ Chí Công, Phường Xuân La, Tây Hồ, Hà Nội",38.0,3.0,4.0,5.0,Sổ hồng,2025-04-18
"Bán Nhà mặt phố tạiĐường Nguyễn Văn Cừ, Phường Ngọc Lâm, Long Biên, Hà Nội",11.8,"Đường Nguyễn Văn Cừ, Phường Ngọc Lâm, Long Biên, Hà Nội",52.0,6.0,6.0,5.0,Sổ hồng,2025-04-17
"Bán Nhà riêng tạiPhường Sài Đồng, Long Biên, Hà Nội",7.6,"Phường Sài Đồng, Long Biên, Hà Nội",45.0,4.0,3.0,5.0,Sổ hồng,2025-04-17
"Bán Nhà riêng tạiNgõ 12, Đường Quang Trung, Phường Quang Trung, Hà Đông, Hà Nội",6.95,"Ngõ 12, Đường Quang Trung, Phường Quang Trung, Hà Đông, Hà Nội",37.0,4.0,4.0,5.0,Sổ hồng,2025-04-17
"Bán Nhà riêng tạiĐường Yên Lộ, Phường Yên Nghĩa, Hà Đông, Hà Nội",4.6,"Đường Yên Lộ, Phường Yên Nghĩa, Hà Đông, Hà Nội",35.0,2.0,4.0,5.0,Sổ hồng,2025-04-17
"Bán Nhà riêng tạiđường Mỹ Đình, Phường Mỹ Đình 1, Nam Từ Liêm, Hà Nội",11.7,"đường Mỹ Đình, Phường Mỹ Đình 1, Nam Từ Liêm, Hà Nội",75.0,8.0,6.0,5.0,Sổ hồng,2025-04-17
"Bán Nhà riêng tạiĐường Trịnh Đình Cửu, Phường Định Công, Hoàng Mai, Hà Nội",1.95,"Đường Trịnh Đình Cửu, Phường Định Công, Hoàng Mai, Hà Nội",33.0,2.0,2.0,2.0,Giấy tờ không xác định,2025-04-17
"Bán Nhà riêng tạiPhố Vạn Phúc, Phường Vạn Phúc, Hà Đông, Hà Nội",7.2,"Phố Vạn Phúc, Phường Vạn Phúc, Hà Đông, Hà Nội",38.0,4.0,3.0,5.0,Sổ hồng,2025-04-17
"Bán Nhà riêng tạiĐường Đàm Quang Trung, Phường Thạch Bàn, Long Biên, Hà Nội",9.2,"Đường Đàm Quang Trung, Phường Thạch Bàn, Long Biên, Hà Nội",45.0,4.0,5.0,6.0,Sổ hồng,2025-04-17
"Bán Nhà riêng tạiĐường Tô Hiệu, Phường Hà Cầu, Hà Đông, Hà Nội",7.9,"Đường Tô Hiệu, Phường Hà Cầu, Hà Đông, Hà Nội",37.0,7.0,4.0,5.0,Sổ hồng,2025-04-17
"Bán Nhà riêng tạiĐường Cổ Nhuế, Phường Cổ Nhuế 2, Bắc Từ Liêm, Hà Nội",9.08,"Đường Cổ Nhuế, Phường Cổ Nhuế 2, Bắc Từ Liêm, Hà Nội",62.0,4.0,3.0,4.0,Sổ hồng,2025-04-17
"Bán Nhà riêng tạiĐường Ngọc Thụy, Phường Ngọc Thụy, Long Biên, Hà Nội",20.5,"Đường Ngọc Thụy, Phường Ngọc Thụy, Long Biên, Hà Nội",73.4,3.0,3.0,4.0,Sổ hồng,2025-04-17
"Bán Nhà riêng tạiĐường Đàm Quang Trung, Phường Long Biên, Long Biên, Hà Nội",9.2,"Đường Đàm Quang Trung, Phường Long Biên, Long Biên, Hà Nội",45.0,4.0,4.0,6.0,Sổ hồng,2025-04-17
"Bán Nhà riêng tạiĐường Xuân Đỉnh, Phường Xuân La, Tây Hồ, Hà Nội",10.8,"Đường Xuân Đỉnh, Phường Xuân La, Tây Hồ, Hà Nội",45.0,4.0,4.0,4.0,Sổ hồng,2025-04-17
"Bán Nhà riêng tạiPhường Thạch Bàn, Long Biên, Hà Nội",6.95,"Phường Thạch Bàn, Long Biên, Hà Nội",45.0,6.0,4.0,5.0,Sổ hồng,2025-04-17
"Bán Nhà mặt phố tạiĐường Tựu Liệt, Phường Thanh Trì, Hoàng Mai, Hà Nội",8.6,"Đường Tựu Liệt, Phường Thanh Trì, Hoàng Mai, Hà Nội",51.0,4.0,4.0,5.0,Sổ hồng,2025-04-17
"Bán Nhà riêng tạiPhường Phúc Lợi, Long Biên, Hà Nội",11.5,"Phường Phúc Lợi, Long Biên, Hà Nội",50.0,5.0,7.0,7.0,Sổ hồng,2025-04-17
"Bán Nhà riêng tạiĐường Nguyễn Văn Linh, Phường Thạch Bàn, Long Biên, Hà Nội",12.79,"Đường Nguyễn Văn Linh, Phường Thạch Bàn, Long Biên, Hà Nội",58.0,4.0,4.0,5.0,Sổ hồng,2025-04-17
"Bán Nhà riêng tạiPhường Bồ Đề, Quận Long Biên, Hà Nội",10.1,"Phường Bồ Đề, Quận Long Biên, Hà Nội",48.0,4.0,4.0,4.0,Giấy tờ không xác định,2025-04-17
"Bán Nhà riêng tạiPhường Bồ Đề, Quận Long Biên, Hà Nội",8.9,"Phường Bồ Đề, Quận Long Biên, Hà Nội",40.0,3.0,3.0,4.0,Sổ hồng,2025-04-17
"Bán Nhà riêng tạiPhường Tây Mỗ, Quận Nam Từ Liêm, Hà Nội",6.65,"Phường Tây Mỗ, Quận Nam Từ Liêm, Hà Nội",40.0,5.0,4.0,5.0,Sổ hồng,2025-04-17
"Bán Nhà riêng tạiĐường Vĩnh Hưng, Phường Vĩnh Hưng, Hoàng Mai, Hà Nội",1.6,"Đường Vĩnh Hưng, Phường Vĩnh Hưng, Hoàng Mai, Hà Nội",22.0,2.0,2.0,3.0,Giấy tờ không xác định,2025-04-17
"Bán Nhà mặt phố tạiĐường Mậu Lương, Phường Kiến Hưng, Hà Đông, Hà Nội",24.0,"Đường Mậu Lương, Phường Kiến Hưng, Hà Đông, Hà Nội",113.0,3.0,3.0,3.0,Sổ hồng,2025-04-17
"Bán Nhà riêng tạiĐường Yên Lộ, Phường Yên Nghĩa, Hà Đông, Hà Nội",6.1,"Đường Yên Lộ, Phường Yên Nghĩa, Hà Đông, Hà Nội",36.0,3.0,3.0,4.0,Sổ hồng,2025-04-17
"Bán Nhà riêng tạiĐường Kim Giang, Phường Đại Kim, Hoàng Mai, Hà Nội",12.5,"Đường Kim Giang, Phường Đại Kim, Hoàng Mai, Hà Nội",46.0,4.0,3.0,4.0,Sổ hồng,2025-04-17
"Bán Nhà riêng tạiĐường Cổ Nhuế, Phường Đức Thắng, Bắc Từ Liêm, Hà Nội",14.8,"Đường Cổ Nhuế, Phường Đức Thắng, Bắc Từ Liêm, Hà Nội",64.0,3.0,4.0,3.0,Sổ hồng,2025-04-17
"Bán Nhà riêng tạiĐường Lê Đức Thọ, Phường Mỹ Đình 2, Nam Từ Liêm, Hà Nội",11.0,"Đường Lê Đức Thọ, Phường Mỹ Đình 2, Nam Từ Liêm, Hà Nội",45.0,6.0,4.0,4.0,Sổ hồng,2025-04-17
"Bán Nhà biệt thự, liền kề theo dự ánVinhomes Riverside tại Dự án Vinhomes Riverside, Đường Hoa Phượng 7, Phường Phúc Lợi, Long Biên, Hà Nội",45.5,"Dự án Vinhomes Riverside, Đường Hoa Phượng 7, Phường Phúc Lợi, Long Biên, Hà Nội",170.5,4.0,4.0,3.0,Giấy tờ không xác định,2025-04-17
"Bán Nhà riêng tạiNguyễn Văn Trỗi, Phường Mộ Lao, Quận Hà Đông, Hà Nội",15.0,"Nguyễn Văn Trỗi, Phường Mộ Lao, Quận Hà Đông, Hà Nội",60.0,2.0,1.0,2.0,Sổ hồng,2025-04-17
"Bán Nhà riêng tạiĐường Hồ Tùng Mậu, Phường Cầu Diễn, Nam Từ Liêm, Hà Nội",9.6,"Đường Hồ Tùng Mậu, Phường Cầu Diễn, Nam Từ Liêm, Hà Nội",55.0,4.0,4.0,4.0,Sổ hồng,2025-04-17
"Bán Nhà riêng tạiLê Hồng Phong, Phường Hà Cầu, Quận Hà Đông, Hà Nội",6.95,"Lê Hồng Phong, Phường Hà Cầu, Quận Hà Đông, Hà Nội",36.0,3.0,4.0,5.0,Sổ hồng,2025-04-17
"Bán Nhà biệt thự, liền kề tạiKđt Văn Quán, Phường Văn Quán, Quận Hà Đông, Hà Nội",1.4,"Kđt Văn Quán, Phường Văn Quán, Quận Hà Đông, Hà Nội",83.2,4.0,4.0,4.0,Sổ hồng,2025-04-17
"Bán Nhà riêng tạiĐường Hoàng Mai, Phường Mai Động, Hoàng Mai, Hà Nội",6.95,"Đường Hoàng Mai, Phường Mai Động, Hoàng Mai, Hà Nội",40.0,4.0,3.0,4.0,Sổ hồng,2025-04-17
"Bán Nhà riêng tạiĐường Ngọc Lâm, Phường Ngọc Lâm, Long Biên, Hà Nội",12.5,"Đường Ngọc Lâm, Phường Ngọc Lâm, Long Biên, Hà Nội",75.0,6.0,6.0,5.0,Sổ hồng,2025-04-17
"Bán Nhà riêng tạiĐường Kim Giang, Phường Đại Kim, Hoàng Mai, Hà Nội",12.6,"Đường Kim Giang, Phường Đại Kim, Hoàng Mai, Hà Nội",55.0,4.0,5.0,6.0,Sổ hồng,2025-04-17
"Bán Nhà riêng tạiPhường Tương Mai, Quận Hoàng Mai, Hà Nội",12.5,"Phường Tương Mai, Quận Hoàng Mai, Hà Nội",60.0,5.0,6.0,6.0,Sổ hồng,2025-04-17
"Bán Nhà riêng tạiPhường Quang Trung, Quận Hà Đông, Hà Nội",12.6,"Phường Quang Trung, Quận Hà Đông, Hà Nội",45.0,3.0,3.0,5.0,Sổ hồng,2025-04-17
"Bán Nhà riêng tạiLạc Long Quân, Phường Nhật Tân, Quận Tây Hồ, Hà Nội",9.6,"Lạc Long Quân, Phường Nhật Tân, Quận Tây Hồ, Hà Nội",64.0,8.0,8.0,6.0,Sổ hồng,2025-04-17
"Bán Nhà riêng tạiPhố Trần Điền, Phường Định Công, Hoàng Mai, Hà Nội",16.0,"Phố Trần Điền, Phường Định Công, Hoàng Mai, Hà Nội",65.0,8.0,7.0,5.0,Sổ hồng,2025-04-17
"Bán Nhà riêng tạiĐường Kim Đồng, Phường Giáp Bát, Hoàng Mai, Hà Nội",7.38,"Đường Kim Đồng, Phường Giáp Bát, Hoàng Mai, Hà Nội",42.0,4.0,3.0,4.0,Sổ hồng,2025-04-17
"Bán Nhà mặt phố tạiĐường Cổ Linh, Phường Long Biên, Long Biên, Hà Nội",18.5,"Đường Cổ Linh, Phường Long Biên, Long Biên, Hà Nội",85.0,4.0,6.0,8.0,Sổ hồng,2025-04-17
"Bán Nhà riêng tạiđường Tây Mỗ, Phường Tây Mỗ, Nam Từ Liêm, Hà Nội",4.3,"đường Tây Mỗ, Phường Tây Mỗ, Nam Từ Liêm, Hà Nội",31.0,3.0,3.0,3.0,Sổ hồng,2025-04-17
"Bán Nhà riêng tạiKđt Mậu Lương - Kiến Hưng, Phường Kiến Hưng, Quận Hà Đông, Hà Nội",13.6,"Kđt Mậu Lương - Kiến Hưng, Phường Kiến Hưng, Quận Hà Đông, Hà Nội",55.0,4.0,4.0,4.0,Sổ hồng,2025-04-17
"Bán Nhà riêng tạiĐường Ngọc Lâm, Phường Ngọc Lâm, Long Biên, Hà Nội",9.5,"Đường Ngọc Lâm, Phường Ngọc Lâm, Long Biên, Hà Nội",68.0,4.0,2.0,4.0,Sổ hồng,2025-04-17
"Bán Nhà riêng tạiNgõ 276, Đường Đại Từ, Phường Hoàng Liệt, Hoàng Mai, Hà Nội",5.6,"Ngõ 276, Đường Đại Từ, Phường Hoàng Liệt, Hoàng Mai, Hà Nội",35.0,3.0,3.0,5.0,Sổ hồng,2025-04-17
"Bán Nhà riêng tạiĐường Bế Văn Đàn, Phường Quang Trung, Hà Đông, Hà Nội",14.5,"Đường Bế Văn Đàn, Phường Quang Trung, Hà Đông, Hà Nội",68.0,6.0,6.0,4.0,Sổ hồng,2025-04-17
"Bán Nhà riêng tạiPhường Ngọc Thụy, Quận Long Biên, Hà Nội",8.15,"Phường Ngọc Thụy, Quận Long Biên, Hà Nội",41.0,4.0,4.0,5.0,Sổ hồng,2025-04-17
"Bán Nhà riêng tạiPhố Trần Cung, Phường Cổ Nhuế 1, Bắc Từ Liêm, Hà Nội",13.6,"Phố Trần Cung, Phường Cổ Nhuế 1, Bắc Từ Liêm, Hà Nội",51.0,4.0,2.0,3.0,Sổ hồng,2025-04-17
"Bán Nhà riêng tạiPhường Ngọc Lâm, Long Biên, Hà Nội",12.0,"Phường Ngọc Lâm, Long Biên, Hà Nội",70.0,6.0,7.0,5.0,Sổ hồng,2025-04-17
"Bán Nhà riêng tạiPhường Long Biên, Quận Long Biên, Hà Nội",10.0,"Phường Long Biên, Quận Long Biên, Hà Nội",52.0,4.0,4.0,6.0,Sổ hồng,2025-04-17
"Bán Nhà riêng tạiĐường Tam Trinh, Phường Yên Sở, Hoàng Mai, Hà Nội",6.2,"Đường Tam Trinh, Phường Yên Sở, Hoàng Mai, Hà Nội",42.0,5.0,4.0,4.0,Sổ hồng,2025-04-17
"Bán Nhà riêng tạiPhường Ngọc Thụy, Quận Long Biên, Hà Nội",7.85,"Phường Ngọc Thụy, Quận Long Biên, Hà Nội",39.0,3.0,3.0,4.0,Sổ hồng,2025-04-17
"Bán Nhà riêng tạiĐường Nguyễn Cơ Thạch, Phường Mỹ Đình 2, Nam Từ Liêm, Hà Nội",20.5,"Đường Nguyễn Cơ Thạch, Phường Mỹ Đình 2, Nam Từ Liêm, Hà Nội",55.0,10.0,10.0,5.0,Sổ hồng,2025-04-17
"Bán Nhà riêng tạiPhường Đại Mỗ, Quận Nam Từ Liêm, Hà Nội",7.3,"Phường Đại Mỗ, Quận Nam Từ Liêm, Hà Nội",36.0,3.0,4.0,5.0,Sổ hồng,2025-04-17
"Bán Nhà riêng tạiĐường Phúc Lợi, Phường Phúc Lợi, Long Biên, Hà Nội",7.3,"Đường Phúc Lợi, Phường Phúc Lợi, Long Biên, Hà Nội",45.0,5.0,2.0,5.0,Sổ hồng,2025-04-17
"Bán Nhà riêng tạiPhường La Khê, Quận Hà Đông, Hà Nội",8.85,"Phường La Khê, Quận Hà Đông, Hà Nội",47.0,2.0,1.0,1.0,Sổ hồng,2025-04-17
"Bán Nhà riêng tạiPhường Đại Kim, Hoàng Mai, Hà Nội",10.88,"Phường Đại Kim, Hoàng Mai, Hà Nội",70.0,6.0,7.0,5.0,Sổ hồng,2025-04-17
"Bán Nhà riêng tạiPhường Cầu Diễn, Quận Nam Từ Liêm, Hà Nội",10.9,"Phường Cầu Diễn, Quận Nam Từ Liêm, Hà Nội",60.0,10.0,10.0,5.0,Sổ hồng,2025-04-17
"Bán Nhà riêng tạiNgõ 514, Đường Thụy Khuê, Phường Bưởi, Tây Hồ, Hà Nội",9.06,"Ngõ 514, Đường Thụy Khuê, Phường Bưởi, Tây Hồ, Hà Nội",38.0,4.0,3.0,4.0,Sổ hồng,2025-04-17
"Bán Nhà biệt thự, liền kề tạiDự án Ciputra Hà Nội, đường Nguyễn Hoàng Tôn, Phường Phú Thượng, Tây Hồ, Hà Nội",96.0,"Dự án Ciputra Hà Nội, đường Nguyễn Hoàng Tôn, Phường Phú Thượng, Tây Hồ, Hà Nội",198.0,8.0,9.0,4.0,Sổ hồng,2025-04-17
"Bán Nhà riêng tạiĐường Tô Hiệu, Phường Hà Cầu, Hà Đông, Hà Nội",8.2,"Đường Tô Hiệu, Phường Hà Cầu, Hà Đông, Hà Nội",35.0,3.0,4.0,5.0,Sổ hồng,2025-04-17
"Bán Nhà riêng tạiPhường Văn Quán, Quận Hà Đông, Hà Nội",5.35,"Phường Văn Quán, Quận Hà Đông, Hà Nội",32.0,3.0,4.0,5.0,Sổ hồng,2025-04-17
"Bán Nhà riêng tạiĐường Hoàng Mai, Phường Hoàng Văn Thụ, Hoàng Mai, Hà Nội",5.68,"Đường Hoàng Mai, Phường Hoàng Văn Thụ, Hoàng Mai, Hà Nội",42.0,2.0,2.0,3.0,Sổ hồng,2025-04-17
"Bán Nhà riêng tạiĐường Xuân Đỉnh, Phường Xuân Đỉnh, Bắc Từ Liêm, Hà Nội",9.2,"Đường Xuân Đỉnh, Phường Xuân Đỉnh, Bắc Từ Liêm, Hà Nội",60.0,4.0,3.0,4.0,Sổ hồng,2025-04-17
"Bán Nhà riêng tạiĐường Võ Chí Công, Phường Xuân La, Tây Hồ, Hà Nội",21.5,"Đường Võ Chí Công, Phường Xuân La, Tây Hồ, Hà Nội",62.0,5.0,6.0,7.0,Sổ hồng,2025-04-17
"Bán Nhà riêng tạiNgõ 514/22/8, Phố Trần Cung, Phường Cổ Nhuế 1, Bắc Từ Liêm, Hà Nội",7.1,"Ngõ 514/22/8, Phố Trần Cung, Phường Cổ Nhuế 1, Bắc Từ Liêm, Hà Nội",33.0,4.0,4.0,5.0,Sổ hồng,2025-04-17
"Bán Nhà riêng tạiĐường Vũ Xuân Thiều, Phường Phúc Lợi, Long Biên, Hà Nội",10.0,"Đường Vũ Xuân Thiều, Phường Phúc Lợi, Long Biên, Hà Nội",60.0,3.0,4.0,4.0,Sổ hồng,2025-04-17
"Bán Nhà riêng tạiĐường Phan Đình Giót, Phường La Khê, Hà Đông, Hà Nội",9.0,"Đường Phan Đình Giót, Phường La Khê, Hà Đông, Hà Nội",45.0,4.0,4.0,5.0,Sổ hồng,2025-04-17
"Bán Nhà riêng tạiĐường Phúc Đồng, Phường Phúc Đồng, Long Biên, Hà Nội",13.0,"Đường Phúc Đồng, Phường Phúc Đồng, Long Biên, Hà Nội",61.0,3.0,3.0,4.0,Sổ hồng,2025-04-17
"Bán Nhà biệt thự, liền kề tạiĐường Ngô Thì Nhậm, Phường Hà Cầu, Hà Đông, Hà Nội",19.5,"Đường Ngô Thì Nhậm, Phường Hà Cầu, Hà Đông, Hà Nội",205.0,6.0,7.0,5.0,Sổ hồng,2025-04-17
"Bán Nhà riêng tạiNgõ 181, Đường Trần Phú, Phường Văn Quán, Hà Đông, Hà Nội",5.0,"Ngõ 181, Đường Trần Phú, Phường Văn Quán, Hà Đông, Hà Nội",28.0,3.0,4.0,5.0,Sổ hồng,2025-04-17
"Bán Nhà riêng tạiĐường Phạm Văn Đồng, Phường Cổ Nhuế 2, Bắc Từ Liêm, Hà Nội",30.0,"Đường Phạm Văn Đồng, Phường Cổ Nhuế 2, Bắc Từ Liêm, Hà Nội",126.5,22.0,22.0,7.0,Sổ hồng,2025-04-17
"Bán Nhà riêng tạiPhố Vạn Phúc, Phường Vạn Phúc, Hà Đông, Hà Nội",9.35,"Phố Vạn Phúc, Phường Vạn Phúc, Hà Đông, Hà Nội",60.0,5.0,4.0,4.0,Sổ hồng,2025-04-17
"Bán Nhà riêng tạiĐường Cổ Linh, Phường Long Biên, Long Biên, Hà Nội",6.55,"Đường Cổ Linh, Phường Long Biên, Long Biên, Hà Nội",35.0,3.0,4.0,5.0,Sổ hồng,2025-04-17
"Bán Nhà riêng tạiĐường Cầu Đơ 4, Phường Hà Cầu, Hà Đông, Hà Nội",5.45,"Đường Cầu Đơ 4, Phường Hà Cầu, Hà Đông, Hà Nội",34.0,2.0,1.0,2.0,Sổ hồng,2025-04-17
"Bán Nhà riêng tạiĐường Nguyễn Văn Cừ, Phường Gia Thụy, Long Biên, Hà Nội",25.9,"Đường Nguyễn Văn Cừ, Phường Gia Thụy, Long Biên, Hà Nội",80.0,4.0,2.0,3.0,Sổ hồng,2025-04-17
"Bán Nhà riêng tạiPhố Sở Thượng, Phường Yên Sở, Hoàng Mai, Hà Nội",9.3,"Phố Sở Thượng, Phường Yên Sở, Hoàng Mai, Hà Nội",62.0,4.0,2.0,3.0,Sổ hồng,2025-04-17
"Bán Nhà riêng tạiPhố Cầu Cốc, Phường Tây Mỗ, Nam Từ Liêm, Hà Nội",10.0,"Phố Cầu Cốc, Phường Tây Mỗ, Nam Từ Liêm, Hà Nội",50.0,12.0,12.0,7.0,Sổ hồng,2025-04-17
"Bán Nhà riêng tạiĐường Quang Trung, Phường Quang Trung, Hà Đông, Hà Nội",7.5,"Đường Quang Trung, Phường Quang Trung, Hà Đông, Hà Nội",40.0,6.0,4.0,5.0,Sổ hồng,2025-04-17
"Bán Nhà riêng tạiĐường Xuân La, Phường Xuân La, Tây Hồ, Hà Nội",13.5,"Đường Xuân La, Phường Xuân La, Tây Hồ, Hà Nội",70.0,4.0,5.0,5.0,Sổ hồng,2025-04-17
"Bán Nhà riêng tạiPhường Liên Mạc, Quận Bắc Từ Liêm, Hà Nội",4.0,"Phường Liên Mạc, Quận Bắc Từ Liêm, Hà Nội",32.0,3.0,4.0,5.0,Sổ hồng,2025-04-17
"Bán Nhà biệt thự, liền kề theo dự ánJade Square tại Dự án Jade Square, Đường Nguyễn Đình Tứ, Phường Xuân Đỉnh, Bắc Từ Liêm, Hà Nội",36.5,"Dự án Jade Square, Đường Nguyễn Đình Tứ, Phường Xuân Đỉnh, Bắc Từ Liêm, Hà Nội",120.0,7.0,4.0,4.0,Giấy tờ không xác định,2025-04-17
"Bán Nhà riêng tạiĐường Thanh Am, Phường Thượng Thanh, Long Biên, Hà Nội",4.7,"Đường Thanh Am, Phường Thượng Thanh, Long Biên, Hà Nội",37.0,3.0,4.0,4.0,Sổ hồng,2025-04-17
"Bán Nhà riêng tạiĐường Định Công Hạ, Phường Định Công, Hoàng Mai, Hà Nội",5.85,"Đường Định Công Hạ, Phường Định Công, Hoàng Mai, Hà Nội",32.0,3.0,4.0,5.0,Sổ hồng,2025-04-17
"Bán Nhà riêng tạiĐường Lĩnh Nam, Phường Lĩnh Nam, Hoàng Mai, Hà Nội",5.45,"Đường Lĩnh Nam, Phường Lĩnh Nam, Hoàng Mai, Hà Nội",45.0,4.0,3.0,4.0,Sổ hồng,2025-04-17
"Bán Nhà riêng tạiĐường Đại Từ, Phường Đại Kim, Hoàng Mai, Hà Nội",5.98,"Đường Đại Từ, Phường Đại Kim, Hoàng Mai, Hà Nội",32.0,3.0,4.0,5.0,Sổ hồng,2025-04-17
"Bán Nhà biệt thự, liền kề tạiSố 1, đường Nguyễn Hoàng Tôn, Phường Xuân La, Tây Hồ, Hà Nội",42.0,"Số 1, đường Nguyễn Hoàng Tôn, Phường Xuân La, Tây Hồ, Hà Nội",95.0,4.0,4.0,4.0,Sổ hồng,2025-04-17
"Bán Nhà riêng tạiĐường Phùng Khoang, Phường Trung Văn, Nam Từ Liêm, Hà Nội",9.5,"Đường Phùng Khoang, Phường Trung Văn, Nam Từ Liêm, Hà Nội",48.0,10.0,10.0,6.0,Sổ hồng,2025-04-17
"Bán Nhà riêng tạiĐường Ngọc Thụy, Phường Ngọc Thụy, Long Biên, Hà Nội",6.65,"Đường Ngọc Thụy, Phường Ngọc Thụy, Long Biên, Hà Nội",32.0,3.0,4.0,5.0,Sổ hồng,2025-04-17
"Bán Nhà riêng tạiĐường Bồ Đề, Phường Bồ Đề, Long Biên, Hà Nội",5.8,"Đường Bồ Đề, Phường Bồ Đề, Long Biên, Hà Nội",33.0,3.0,4.0,5.0,Sổ hồng,2025-04-17
"Bán Nhà riêng tạiĐường Bồ Đề, Phường Bồ Đề, Long Biên, Hà Nội",6.5,"Đường Bồ Đề, Phường Bồ Đề, Long Biên, Hà Nội",30.0,4.0,4.0,5.0,Sổ hồng,2025-04-17
"Bán Nhà riêng tạiTổ 15, Đường Yên Bình, Phường Yên Nghĩa, Hà Đông, Hà Nội",9.0,"Tổ 15, Đường Yên Bình, Phường Yên Nghĩa, Hà Đông, Hà Nội",95.0,4.0,2.0,3.0,Sổ hồng,2025-04-17
"Bán Nhà riêng tạiĐường Phúc Lợi, Phường Phúc Lợi, Long Biên, Hà Nội",5.9,"Đường Phúc Lợi, Phường Phúc Lợi, Long Biên, Hà Nội",40.0,3.0,4.0,6.0,Sổ hồng,2025-04-17
"Bán Nhà riêng tạiĐường Kim Giang, Phường Đại Kim, Hoàng Mai, Hà Nội",16.0,"Đường Kim Giang, Phường Đại Kim, Hoàng Mai, Hà Nội",72.0,2.0,5.0,6.0,Sổ hồng,2025-04-17
"Bán Nhà riêng tạiĐường Ngọc Thụy, Phường Ngọc Thụy, Long Biên, Hà Nội",4.2,"Đường Ngọc Thụy, Phường Ngọc Thụy, Long Biên, Hà Nội",52.0,1.0,1.0,1.0,Sổ hồng,2025-04-17
"Bán Nhà riêng tạiĐường Hoàng Như Tiếp, Phường Bồ Đề, Long Biên, Hà Nội",8.5,"Đường Hoàng Như Tiếp, Phường Bồ Đề, Long Biên, Hà Nội",35.0,3.0,4.0,5.0,Sổ hồng,2025-04-17
"Bán Nhà riêng tạiĐường Tây Trà, Phường Lĩnh Nam, Hoàng Mai, Hà Nội",13.5,"Đường Tây Trà, Phường Lĩnh Nam, Hoàng Mai, Hà Nội",42.0,4.0,3.0,4.0,Sổ hồng,2025-04-17
"Bán Nhà riêng tạiĐường Phố Trạm, Phường Long Biên, Long Biên, Hà Nội",7.3,"Đường Phố Trạm, Phường Long Biên, Long Biên, Hà Nội",50.0,3.0,2.0,3.0,Sổ hồng,2025-04-17
"Bán Nhà riêng tạiPhố Nguyễn Đổng Chi, Phường Cầu Diễn, Nam Từ Liêm, Hà Nội.",8.5,"Phố Nguyễn Đổng Chi, Phường Cầu Diễn, Nam Từ Liêm, Hà Nội.",40.0,3.0,3.0,5.0,Sổ hồng,2025-04-17
"Bán Nhà riêng tạiNgõ 51, Đường Cầu Diễn, Phường Minh Khai, Bắc Từ Liêm, Hà Nội",13.5,"Ngõ 51, Đường Cầu Diễn, Phường Minh Khai, Bắc Từ Liêm, Hà Nội",57.0,5.0,6.0,5.0,Sổ hồng,2025-04-17
"Bán Nhà riêng tạiPhố Cầu Cốc, Phường Tây Mỗ, Nam Từ Liêm, Hà Nội.",4.5,"Phố Cầu Cốc, Phường Tây Mỗ, Nam Từ Liêm, Hà Nội.",35.0,4.0,4.0,5.0,Sổ hồng,2025-04-17
"Bán Nhà mặt phố tạiĐường Hoàng Mai, Phường Hoàng Văn Thụ, Hoàng Mai, Hà Nội",10.8,"Đường Hoàng Mai, Phường Hoàng Văn Thụ, Hoàng Mai, Hà Nội",65.0,5.0,4.0,4.0,Sổ hồng,2025-04-17
"Bán Nhà riêng tạiĐường Tô Ngọc Vân, Phường Quảng An, Tây Hồ, Hà Nội",21.1,"Đường Tô Ngọc Vân, Phường Quảng An, Tây Hồ, Hà Nội",68.0,4.0,4.0,3.0,Sổ hồng,2025-04-17
"Bán Nhà mặt phố tạiĐường Trịnh Công Sơn, Phường Nhật Tân, Tây Hồ, Hà Nội",14.8,"Đường Trịnh Công Sơn, Phường Nhật Tân, Tây Hồ, Hà Nội",56.0,5.0,5.0,4.0,Sổ hồng,2025-04-17
"Bán Nhà riêng tạiĐường Giải Phóng, Phường Thịnh Liệt, Hoàng Mai, Hà Nội",16.0,"Đường Giải Phóng, Phường Thịnh Liệt, Hoàng Mai, Hà Nội",77.0,6.0,4.0,5.0,Sổ hồng,2025-04-17
"Bán Nhà riêng tạiPhố Việt Hưng, Phường Đức Giang, Long Biên, Hà Nội",5.6,"Phố Việt Hưng, Phường Đức Giang, Long Biên, Hà Nội",30.0,3.0,4.0,5.0,Sổ hồng,2025-04-17
"Bán Nhà riêng tạiĐường Phạm Văn Đồng, Phường Xuân Đỉnh, Bắc Từ Liêm, Hà Nội",6.0,"Đường Phạm Văn Đồng, Phường Xuân Đỉnh, Bắc Từ Liêm, Hà Nội",34.5,3.0,4.0,6.0,Sổ hồng,2025-04-17
"Bán Nhà riêng tạiĐường Hoàng Công, Phường Kiến Hưng, Hà Đông, Hà Nội",13.6,"Đường Hoàng Công, Phường Kiến Hưng, Hà Đông, Hà Nội",50.0,4.0,3.0,4.0,Sổ hồng,2025-04-17
"Bán Nhà riêng tạiPhố Hưng Phúc, Phường Yên Sở, Hoàng Mai, Hà Nội",11.8,"Phố Hưng Phúc, Phường Yên Sở, Hoàng Mai, Hà Nội",48.0,5.0,5.0,5.0,Sổ hồng,2025-04-17
"Bán Nhà riêng tạiĐường Ngọc Thụy, Phường Ngọc Thụy, Long Biên, Hà Nội",5.35,"Đường Ngọc Thụy, Phường Ngọc Thụy, Long Biên, Hà Nội",38.2,4.0,3.0,4.0,Sổ hồng,2025-04-17
"Bán Nhà riêng tạiPhố Đại Đồng, Phường Thanh Trì, Hoàng Mai, Hà Nội",6.5,"Phố Đại Đồng, Phường Thanh Trì, Hoàng Mai, Hà Nội",50.0,5.0,5.0,5.0,Sổ hồng,2025-04-17
"Bán Nhà riêng tạiĐường Mậu Lương, Phường Kiến Hưng, Hà Đông, Hà Nội",5.4,"Đường Mậu Lương, Phường Kiến Hưng, Hà Đông, Hà Nội",35.0,3.0,4.0,5.0,Sổ hồng,2025-04-17
"Bán Nhà riêng tạiPhường Ngọc Thụy, Long Biên, Hà Nội",5.55,"Phường Ngọc Thụy, Long Biên, Hà Nội",32.0,3.0,4.0,4.0,Sổ hồng,2025-04-17
"Bán Nhà riêng tạiĐường Lạc Long Quân, Phường Bưởi, Tây Hồ, Hà Nội",7.5,"Đường Lạc Long Quân, Phường Bưởi, Tây Hồ, Hà Nội",40.0,3.0,4.0,5.0,Sổ hồng,2025-04-17
"Bán Nhà riêng tạiĐường Đại Mỗ, Phường Tây Mỗ, Nam Từ Liêm, Hà Nội.",6.1,"Đường Đại Mỗ, Phường Tây Mỗ, Nam Từ Liêm, Hà Nội.",60.0,7.0,8.0,5.0,Sổ hồng,2025-04-17
"Bán Nhà biệt thự, liền kề theo dự ánKhu đô thị mới Đại Kim - Định Công tại Dự án KĐTM Đại Kim - Định Công, Phường Đại Kim, Hoàng Mai, Hà Nội",16.5,"Dự án KĐTM Đại Kim - Định Công, Phường Đại Kim, Hoàng Mai, Hà Nội",54.0,6.0,4.0,5.0,Sổ hồng,2025-04-16
"Bán Nhà riêng tạiPhố Xốm, Phường Phú Lãm, Hà Đông, Hà Nội",4.15,"Phố Xốm, Phường Phú Lãm, Hà Đông, Hà Nội",41.0,2.0,2.0,4.0,Sổ hồng,2025-04-16
"Bán Nhà riêng tạiPhường Mỗ Lao, Hà Đông, Hà Nội",13.3,"Phường Mỗ Lao, Hà Đông, Hà Nội",45.0,5.0,5.0,5.0,Sổ hồng,2025-04-16
"Bán Nhà riêng tạiĐường Tân Mai, Phường Tân Mai, Hoàng Mai, Hà Nội",4.6,"Đường Tân Mai, Phường Tân Mai, Hoàng Mai, Hà Nội",30.0,3.0,3.0,4.0,Giấy tờ không xác định,2025-04-16
"Bán Nhà riêng tạiĐường Phùng Khoang, Phường Trung Văn, Nam Từ Liêm, Hà Nội",5.7,"Đường Phùng Khoang, Phường Trung Văn, Nam Từ Liêm, Hà Nội",30.0,5.0,3.0,5.0,Sổ hồng,2025-04-16
"Bán Nhà riêng tạiPhường Phúc Đồng, Long Biên, Hà Nội",19.5,"Phường Phúc Đồng, Long Biên, Hà Nội",85.0,4.0,4.0,5.0,Sổ hồng,2025-04-16
"Bán Nhà riêng tạiĐường Phú Mỹ, Phường Mỹ Đình 2, Nam Từ Liêm, Hà Nội",8.5,"Đường Phú Mỹ, Phường Mỹ Đình 2, Nam Từ Liêm, Hà Nội",45.0,6.0,5.0,5.0,Sổ hồng,2025-04-16
"Bán Nhà riêng tạiPhố Yên Hoa, Phường Yên Phụ, Tây Hồ, Hà Nội",22.0,"Phố Yên Hoa, Phường Yên Phụ, Tây Hồ, Hà Nội",60.0,10.0,8.0,9.0,Sổ hồng,2025-04-16
"Bán Nhà riêng tạiĐường Nam Dư, Phường Lĩnh Nam, Hoàng Mai, Hà Nội",5.39,"Đường Nam Dư, Phường Lĩnh Nam, Hoàng Mai, Hà Nội",31.0,4.0,4.0,5.0,Sổ hồng,2025-04-16
"Bán Nhà riêng tạiĐường Quang Trung, Phường Phú La, Hà Đông, Hà Nội",6.4,"Đường Quang Trung, Phường Phú La, Hà Đông, Hà Nội",34.0,5.0,5.0,5.0,Sổ hồng,2025-04-16
"Bán Nhà riêng tạiĐường Lạc Long Quân, Phường Xuân La, Tây Hồ, Hà Nội",42.0,"Đường Lạc Long Quân, Phường Xuân La, Tây Hồ, Hà Nội",95.0,4.0,4.0,4.0,Sổ hồng,2025-04-16
"Bán Nhà riêng tạiĐường Hà Trì, Phường Hà Cầu, Hà Đông, Hà Nội",7.35,"Đường Hà Trì, Phường Hà Cầu, Hà Đông, Hà Nội",54.0,3.0,3.0,3.0,Sổ hồng,2025-04-16
"Bán Nhà riêng tạiĐường Xuân Đỉnh, Phường Xuân Đỉnh, Bắc Từ Liêm, Hà Nội",7.8,"Đường Xuân Đỉnh, Phường Xuân Đỉnh, Bắc Từ Liêm, Hà Nội",33.0,4.0,3.0,6.0,Sổ hồng,2025-04-16
"Bán Nhà riêng tạiĐường Ngô Quyền, Phường Quang Trung, Hà Đông, Hà Nội",9.5,"Đường Ngô Quyền, Phường Quang Trung, Hà Đông, Hà Nội",55.0,4.0,3.0,4.0,Sổ hồng,2025-04-16
"Bán Nhà biệt thự, liền kề theo dự ánKhu A - Geleximco Lê Trọng Tấn tại Dự án Geleximco Lê Trọng Tấn, Đường Lê Trọng Tấn, Phường Dương Nội, Hà Đông, Hà Nội",20.5,"Dự án Geleximco Lê Trọng Tấn, Đường Lê Trọng Tấn, Phường Dương Nội, Hà Đông, Hà Nội",102.0,6.0,6.0,4.0,Sổ hồng,2025-04-16
"Bán Nhà riêng theo dự ánKhu đô thị Đại Kim tại KĐT Đại Kim, Đường Nghiêm Xuân Yêm, Phường Đại Kim, Hoàng Mai, Hà Nội",21.5,"KĐT Đại Kim, Đường Nghiêm Xuân Yêm, Phường Đại Kim, Hoàng Mai, Hà Nội",52.0,4.0,3.0,4.0,Sổ hồng,2025-04-16
"Bán Nhà mặt phố tạiPhố Vũ Miên, Phường Yên Phụ, Tây Hồ, Hà Nội",42.0,"Phố Vũ Miên, Phường Yên Phụ, Tây Hồ, Hà Nội",150.0,4.0,4.0,4.0,Sổ hồng,2025-04-16
"Bán Nhà riêng tạiĐường Thụy Phương, Phường Thụy Phương, Bắc Từ Liêm, Hà Nội",9.5,"Đường Thụy Phương, Phường Thụy Phương, Bắc Từ Liêm, Hà Nội",43.0,3.0,4.0,7.0,Sổ hồng,2025-04-16
"Bán Nhà riêng tạiđường Mỹ Đình, Phường Mỹ Đình 1, Nam Từ Liêm, Hà Nội",12.3,"đường Mỹ Đình, Phường Mỹ Đình 1, Nam Từ Liêm, Hà Nội",50.0,12.0,12.0,8.0,Sổ hồng,2025-04-16
"Bán Nhà mặt phố tạiĐường Bát Khối, Phường Long Biên, Long Biên, Hà Nội",7.5,"Đường Bát Khối, Phường Long Biên, Long Biên, Hà Nội",40.0,4.0,5.0,6.0,Sổ hồng,2025-04-16
"Bán Nhà riêng tạiĐường Kim Đồng, Phường Giáp Bát, Hoàng Mai, Hà Nội",22.5,"Đường Kim Đồng, Phường Giáp Bát, Hoàng Mai, Hà Nội",60.0,6.0,3.0,5.0,Sổ hồng,2025-04-16
"Bán Nhà riêng tạiĐường 32, Phường Phương Canh, Nam Từ Liêm, Hà Nội",7.7,"Đường 32, Phường Phương Canh, Nam Từ Liêm, Hà Nội",40.0,4.0,5.0,6.0,Sổ hồng,2025-04-16
"Bán Nhà riêng tạiĐường Quang Trung, Phường La Khê, Hà Đông, Hà Nội",6.9,"Đường Quang Trung, Phường La Khê, Hà Đông, Hà Nội",35.0,4.0,4.0,5.0,Sổ hồng,2025-04-16
"Bán Nhà riêng tạiĐường Lĩnh Nam, Phường Vĩnh Hưng, Hoàng Mai, Hà Nội",6.5,"Đường Lĩnh Nam, Phường Vĩnh Hưng, Hoàng Mai, Hà Nội",41.0,5.0,4.0,5.0,Sổ hồng,2025-04-16
"Bán Nhà riêng tạiĐường Kim Giang, Phường Đại Kim, Hoàng Mai, Hà Nội",6.0,"Đường Kim Giang, Phường Đại Kim, Hoàng Mai, Hà Nội",35.0,6.0,3.0,5.0,Sổ hồng,2025-04-16
"Bán Nhà riêng tạiĐường Trương Định, Phường Thịnh Liệt, Hoàng Mai, Hà Nội",7.5,"Đường Trương Định, Phường Thịnh Liệt, Hoàng Mai, Hà Nội",75.0,4.0,3.0,4.0,Sổ hồng,2025-04-16
"Bán Nhà mặt phố tạiĐường Xuân La, Phường Xuân La, Tây Hồ, Hà Nội",11.3,"Đường Xuân La, Phường Xuân La, Tây Hồ, Hà Nội",50.0,6.0,4.0,5.0,Sổ hồng,2025-04-16
"Bán Nhà mặt phố tạiĐường Quang Trung, Phường Quang Trung, Hà Đông, Hà Nội",22.0,"Đường Quang Trung, Phường Quang Trung, Hà Đông, Hà Nội",75.0,8.0,6.0,6.0,Sổ hồng,2025-04-16
"Bán Nhà riêng tạiĐường Hà Trì 4, Phường Hà Cầu, Hà Đông, Hà Nội",4.85,"Đường Hà Trì 4, Phường Hà Cầu, Hà Đông, Hà Nội",38.0,4.0,3.0,3.0,Sổ hồng,2025-04-16
"Bán Nhà biệt thự, liền kề theo dự ánKhu đô thị mới Văn Phú tại KĐT Văn Phú, Đường Lê Trọng Tấn, Phường Phú La, Quận Hà Đông, Hà Nội",34.0,"KĐT Văn Phú, Đường Lê Trọng Tấn, Phường Phú La, Quận Hà Đông, Hà Nội",200.0,5.0,5.0,3.0,Sổ hồng,2025-04-16
"Bán Nhà riêng tạiNgõ 447, Đường Ngọc Lâm, Phường Ngọc Lâm, Long Biên, Hà Nội",13.4,"Ngõ 447, Đường Ngọc Lâm, Phường Ngọc Lâm, Long Biên, Hà Nội",48.0,4.0,4.0,5.0,Sổ hồng,2025-04-16
"Bán Nhà riêng tạiĐường Quốc lộ 70, Phường Tây Tựu, Bắc Từ Liêm, Hà Nội",24.0,"Đường Quốc lộ 70, Phường Tây Tựu, Bắc Từ Liêm, Hà Nội",130.0,39.0,36.0,7.0,Sổ hồng,2025-04-16
"Bán Nhà riêng tạiĐường Ngọc Thụy, Phường Ngọc Thụy, Long Biên, Hà Nội",11.8,"Đường Ngọc Thụy, Phường Ngọc Thụy, Long Biên, Hà Nội",39.0,4.0,3.0,4.0,Sổ hồng,2025-04-16
"Bán Nhà riêng tạiĐường Đức Diễn, Phường Phú Diễn, Bắc Từ Liêm, Hà Nội",6.69,"Đường Đức Diễn, Phường Phú Diễn, Bắc Từ Liêm, Hà Nội",43.0,5.0,4.0,5.0,Sổ hồng,2025-04-16
"Bán Nhà riêng tạiĐường Nam Dư, Phường Lĩnh Nam, Hoàng Mai, Hà Nội",5.2,"Đường Nam Dư, Phường Lĩnh Nam, Hoàng Mai, Hà Nội",30.0,2.0,2.0,4.0,Sổ hồng,2025-04-16
