tieu_de,gia,dia_chi,dien_tich_dat,phong_ngu,phong_tam,so_tang,phap_ly,ngay_dang
"Chính chủ nhờ đăng tin bán nhà hẻm xe hơi 94/8 Trần Khắc Chân, P. Tân Định, Quận 1","21,5 tỷ","94/8 Đường Trần Khắc Chân, Phường Tân Định, Quận 1, Hồ Chí Minh",32 m²,3 phòng,3 phòng,3 tầng,Sổ đỏ/ Sổ hồng,22/11/2025
"Nhà 2 mặt tiền 15 Phan Tôn, P. Tân Định Quận 1","16,5 tỷ","15, Đường Phan Tôn, Phường Đa Kao, Quận 1, Hồ Chí Minh","55,3 m²",3 phòng,2 phòng,2 tầng,Sổ đỏ/ Sổ hồng.,26/11/2025
"Biệt thự góc 2MT hẻm Trần Đình Xu thông Trần Hưng Đạo, p. Cầu Kho, Q1, DT 320m2, giá chỉ 82 tỷ",82 tỷ,"Đường Trần Đình Xu, Phường Cầu Kho, Quận 1, Hồ Chí Minh",320 m²,N/A,N/A,2 tầng,Sổ đỏ/ Sổ hồng,24/11/2025
"Bán nhà trung tâm q1 hẻm 457 Nguyễn Cảnh Chân, Cầu Kho, Q1, HCM, giá 17,5 tỷ, 66m2 có thương lượng","17,5 tỷ","Đường Nguyễn Cảnh Chân, Phường Cầu Kho, Quận 1, Hồ Chí Minh",66 m²,5 phòng,6 phòng,4 tầng,Sổ đỏ/ Sổ hồng,21/11/2025
"Bán gấp giảm nhanh 1,5 tỷ còn 16 tỷ nhà Nguyễn Thái Bình, Quận 1, 8PN - 4 tầng, 73m2 DTSD 258m2",16 tỷ,"Đường Nguyễn Thái Bình, Phường Nguyễn Thái Bình, Quận 1, Hồ Chí Minh",73 m²,8 phòng,8 phòng,5 tầng,Sổ đỏ/ Sổ hồng,19/11/2025
THẬT 100% THU 250 TRIỆU/THÁNG 46 PHÒNG 10mx17m. 160m² HẺM 10m GẦN BÙI THỊ XUÂN- NGUYỄN TRÃI QUẬN 1,"49,9 tỷ","Đường Bùi Thị Xuân, Phường Bến Thành, Quận 1, Hồ Chí Minh",160 m²,46 phòng,46 phòng,8 tầng,Sổ đỏ/ Sổ hồng,23/11/2025
"Bán khách sạn 10 phòng giá rẻ hơn thị trường khu phố Tây Bùi Viện, Q1 đang cho thuê 42tr/tháng","17,5 tỷ","Hẻm 183, Đường Bùi Viện, Phường Phạm Ngũ Lão, Quận 1, Hồ Chí Minh",73 m²,10 phòng,N/A,3 tầng,Sổ hồng riêng.,17/11/2025
"Bán nhà riêng view đẹp tại Lê Thị Riêng, 7,6 tỷ, 36m2, 4PN, 4WC, Q1, HCM","7,6 tỷ","Đường Lê Thị Riêng, Phường Bến Thành, Quận 1, Hồ Chí Minh",36 m²,4 phòng,4 phòng,4 tầng,Sổ đỏ/ Sổ hồng,22/11/2025
"Bán nhà 3 tầng hẻm xe hơi Trần Hưng Đạo, Quận 1 - Nội thất cao cấp, tiềm năng cho thuê - giá 19 tỷ",19 tỷ,"Đường Trần Hưng Đạo, Phường Nguyễn Cư Trinh, Quận 1, Hồ Chí Minh",51 m²,N/A,N/A,3 tầng,Sổ đỏ/ Sổ hồng,26/11/2025
"HẺM XE HƠI TRẦN KHÁNH DƯ, TÂN ĐỊNH QUẬN 1, NHÀ 40M2, 3 TẦNG BTCT, 4PN, CHỈ NHỈNH 6 TỶ.LH0967 678 ***","6,5 tỷ","Đường Trần Khánh Dư, Phường Tân Định, Quận 1, Hồ Chí Minh",41 m²,3 phòng,3 phòng,4 tầng,Sổ đỏ/ Sổ hồng,27/11/2025
"Hiếm có khó tìm, chỉ 4tỷ1 nhà 72m2, Đỗ Quang Đẩu-Quận 1, gần công viên 23Tháng9. Đang cho thuê 29tr","4,1 tỷ","Đường Đỗ Quang Đẩu, Phường Phạm Ngũ Lão, Quận 1, Hồ Chí Minh",72 m²,N/A,N/A,5 tầng,Sổ đỏ/ Sổ hồng,27/11/2025
NHÀ ĐẸP HIẾM Q.1 - BẾN CHƯƠNG DƯƠNG - VÕ VĂN KIỆT - 4 TẦNG - 27M2 - KHU DÂN TRÍ CAO - CHỈ 6.7 TỶ,"6,7 tỷ","Đường Võ Văn Kiệt, Phường Cầu Kho, Quận 1, Hồ Chí Minh","26,1 m²",5 phòng,6 phòng,4 tầng,Sổ đỏ/ Sổ hồng,27/11/2025
"Bán nhà 2 tầng hxh VIP đ.Cô Giang, Q.1- ngang đẹp 4m nở hậu 5,2m*16,3m full thổ vuông đẹp-giá tốt","10,7 tỷ","Đường Cô Giang, Phường Cô Giang, Quận 1, Hồ Chí Minh",58 m²,N/A,N/A,2 tầng,Sổ đỏ/ Sổ hồng,27/11/2025
"Bán nhà gần chợ Đa Kao,4Tỷ090/65m2 đang cho thuê 25tr/th đường ôtô Nguyễn Huy Tự- Q1 thông Hoàng Sa",Thỏa thuận,"Đường  Nguyễn Huy Tự, Phường Đa Kao, Quận 1, Hồ Chí Minh",65 m²,3 phòng,3 phòng,3 tầng,N/A,17/11/2025
"Chính chủ bán Nhà đẹp 106/4/3 Nguyễn Văn Cừ, Quận 1, 3 lầu, Giá 6,3 tỷ TL","6,3 tỷ","Đường Nguyễn Văn Cừ, Phường Cầu Ông Lãnh, Quận 1, Hồ Chí Minh",24 m²,3 phòng,4 phòng,4 tầng,Sổ đỏ/ Sổ hồng,27/11/2025
"Bán nhà ngay trung tâm Quận1, 86,4m2, đường 6m Tôn Thất Tùng cho thuê 35tr, gần BV Từ Dũ",Thỏa thuận,"Đường Tôn Thất Tùng, Phường Phạm Ngũ Lão, Quận 1, Hồ Chí Minh","86,4 m²",5 phòng,5 phòng,4 tầng,Sổ đỏ/ Sổ hồng,27/11/2025
"BÁN GẤP NHÀ 2 TẦNG - CHỈ 6.8 TỶ - NGUYỄN TRÃI, QUẬN 1",7 tỷ,"Đường Nguyễn Trãi, Phường Nguyễn Cư Trinh, Quận 1, Hồ Chí Minh",32 m²,2 phòng,2 phòng,2 tầng,Sổ đỏ/ Sổ hồng,16/11/2025
"CHDV VIP gần Trần Hưng Đạo - Lê Thị Riêng,Quận 1 nhà mới 4 tầng,dòng tiền 80tr/tháng,full nội thất",25 tỷ,"Đường Lê Thị Riêng, Phường Bến Thành, Quận 1, Hồ Chí Minh",110 m²,6 phòng,6 phòng,4 tầng,Sổ hồng riêng,26/11/2025
"Bán gấp nhà Đề Thám, P. Cầu Ông Lãnh, Q. 1 - sau MT, 4 tầng, ngang 4.1m - chỉ 13.1 tỷ","13,1 tỷ","Đường Đề Thám, Phường Cầu Ông Lãnh, Quận 1, Hồ Chí Minh",42 m²,5 phòng,5 phòng,4 tầng,Sổ đỏ/ Sổ hồng,27/11/2025
"CHDV cao cấp Lê Thị Riêng, sát Trần Hưng Đạo, Quận 1 - DT 110m², 6 PN, 6WC, dòng tiền 80tr/tháng",25 tỷ,"Đường Lê Thị Riêng, Phường Bến Thành, Quận 1, Hồ Chí Minh",110 m²,6 phòng,6 phòng,4 tầng,Sổ đỏ/ Sổ hồng,25/11/2025
Bán Nhà 4 Lầu Ngay Nguyễn Cư Trinh . Hẻm Xe Hơi Đang Cho Thuê Kinh Doanh . Doanh Thu 120 Tr / Thang,"24,5 tỷ","Đường Nguyễn Cư Trinh, Phường Cầu Ông Lãnh, Quận 1, Hồ Chí Minh",59 m²,10 phòng,N/A,4 tầng,Sổ đỏ/ Sổ hồng,27/11/2025
Bán khách sạn Phạm Ngũ Lão Quận 1. Sát Bùi Viện đang kinh doanh ổn định 6 lầu. Giá 23 tỉ,23 tỷ,"Hẻm 283, Đường Phạm Ngũ Lão, Phường Phạm Ngũ Lão, Quận 1, Hồ Chí Minh",52 m²,9 phòng,N/A,6 tầng,Sổ đỏ/ Sổ hồng,27/11/2025
"Góc 2 mặt tiền hẻm Nguyễn Thị Minh Khai, Q1 - 2 tầng, gần 30m2, HDT 16tr/th giá 8 tỷ.0906 871 ***",8 tỷ,"Đường Nguyễn Thị Minh Khai, Phường Đa Kao, Quận 1, Hồ Chí Minh",28 m²,N/A,N/A,2 tầng,Sổ đỏ/ Sổ hồng,19/11/2025
Nhà nhỏ 3 lầu sổ riêng quận 1 đường Bùi Viện,"2,38 tỷ","Đường Bùi Viện, Phường Phạm Ngũ Lão, Quận 1, Hồ Chí Minh",10 m²,3 phòng,N/A,4 tầng,Sổ đỏ/ Sổ hồng,27/11/2025
"Bán Nhà VIP Tôn Thất Tùng, Quận 1 - 71.5m², 13 CHDV, thang máy, dòng tiền 95tr/tháng - giá 35 tỷ",35 tỷ,"Đường Tôn Thất Tùng, Phường Nguyễn Cư Trinh, Quận 1, Hồ Chí Minh","71,5 m²",13 phòng,13 phòng,5 tầng,Sổ đỏ/ Sổ hồng,27/11/2025
Sốc giảm 500tr vừa ở vừa cho thuê ngay Trần Đình Xu - Q1 - 50m2 - công chứng ngay,Thỏa thuận,"Đường Trần Đình Xu, Phường Nguyễn Cư Trinh, Quận 1, Hồ Chí Minh",50 m²,3 phòng,3 phòng,2 tầng,Sổ đỏ/ Sổ hồng,17/11/2025
Chính chủ bán gấp nhà hẻm xe hơi DT 12x14m đường Nguyễn Bỉnh Khiêm Quận 1 giá 35 tỷ thương lượng,35 tỷ,"Đường Nguyễn Bỉnh Khiêm, Phường Đa Kao, Quận 1, Hồ Chí Minh",170 m²,N/A,N/A,4 tầng,Có sổ.,23/11/2025
"Bán ngay nhà quận 1, 50m2 có SHR chính chủ, hẻm oto6m ra vào. Lh em ngay để e hỗ trợ",Thỏa thuận,"Đường Lê Thánh Tôn, Phường Bến Thành, Quận 1, Hồ Chí Minh",50 m²,3 phòng,3 phòng,3 tầng,Sổ đỏ/ Sổ hồng,25/11/2025
"Nhà Nguyễn Trãi - 60m 16tỷ - trung tâm quận 1. 4 lầu, 4 PN, 5WC, hoàn công đủ, SHR, HXH",16 tỷ,"Hẻm 263 Đường Nguyễn Trãi, Phường Nguyễn Cư Trinh, Quận 1, Hồ Chí Minh",60 m²,4 phòng,5 phòng,4 tầng,Sổ đỏ/ Sổ hồng,27/11/2025
"Siu phẩm trung tâm Q1, đã có ngay nhà full nội thất 42m2, HXH, LH ngay",Thỏa thuận,"Đường Cô Bắc, Phường Cô Giang, Quận 1, Hồ Chí Minh",42 m²,2 phòng,2 phòng,2 tầng,Sổ hồng riêng,13/11/2025
"Tòa CHDV hẻm xe tải, dòng tiền 120tr/th 6m x 18 hầm, 6 lầu. Nguyễn Trãi, Quận 1 giá 30 tỷ",30 tỷ,"Đường Nguyễn Trãi, Phường Nguyễn Cư Trinh, Quận 1, Hồ Chí Minh",109 m²,N/A,N/A,7 tầng,Có sổ.,12/11/2025
"Nhà cực hiếm 3 tầng ngay Bùi Thị Xuân, Quận 1, thích hợp kinh doanh cho thuê, SHR",Thỏa thuận,"Đường Bùi Thị Xuân, Phường Bến Thành, Quận 1, Hồ Chí Minh",44 m²,3 phòng,3 phòng,3 tầng,Sổ đỏ/ Sổ hồng,27/11/2025
Phạm Viết Chánh Quận 1 - 50m2 cách ô tô đỗ 5m - nhà mới đẹp giá tốt,13 tỷ,"Đường Phạm Viết Chánh, Phường Nguyễn Cư Trinh, Quận 1, Hồ Chí Minh",50 m²,4 phòng,5 phòng,4 tầng,Sổ đỏ/ Sổ hồng,25/11/2025
"Cực kỳ hiếm! Khu Nguyễn Đình Chiểu, ĐaKao, Q1 - 4,35 x 15,2m - Hầm 6 tầng - 45tr/th - Chỉ 21 tỷ",21 tỷ,"Đường Nguyễn Đình Chiểu, Phường Đa Kao, Quận 1, Hồ Chí Minh","52,8 m²",N/A,N/A,6 tầng,Sổ đỏ/ Sổ hồng,25/11/2025
"Nhà hẻm xe hơi gần Trần Hưng Đạo, Trần Đình Xu Quận 1, 60.9m², 4phòng, tiện mở văn phòng & cho thuê",18 tỷ,"Đường Trần Đình Xu, Phường Cầu Kho, Quận 1, Hồ Chí Minh","60,9 m²",4 phòng,2 phòng,2 tầng,Sổ đỏ/ Sổ hồng,27/11/2025
"Hàng hót CHDV cao cấp góc 2 mặt tiền 40A Tôn Thất Tùng, P. Bến Thành, Quận 1 TP. HCM",35 tỷ,"40A, Đường Tôn Thất Tùng, Phường Bến Thành, Quận 1, Hồ Chí Minh","78,75 m²",13 phòng,13 phòng,5 tầng,Sổ đỏ/ Sổ hồng,27/11/2025
"Bán nhà hẻm xe hơi Nguyễn Trãi Quận 1, gần Trần Hưng Đạo - DT 53.8m², 4PN, đầu tư & cho thuê ngay","15,7 tỷ","Đường Nguyễn Trãi, Phường Nguyễn Cư Trinh, Quận 1, Hồ Chí Minh","53,8 m²",4 phòng,5 phòng,3 tầng,Sổ đỏ/ Sổ hồng,27/11/2025
Quận 1 Nguyễn Văn Nguyễn 8.5 tỷ - Căn hiếm chốt nhanh,"8,5 tỷ","Đường Nguyễn Văn Nguyễn, Phường Tân Định, Quận 1, Hồ Chí Minh",50 m²,5 phòng,5 phòng,3 tầng,Sổ đỏ/ Sổ hồng,27/11/2025
"Quận 1 - HXH Trần Đình Xu - ô tô đỗ cửa - 3 tầng - dòng tiền 20tr/tháng - 48,4m2 - 11.2 tỷ!","11,2 tỷ","Đường Trần Đình Xu, Phường Cầu Ông Lãnh, Quận 1, Hồ Chí Minh","48,4 m²",4 phòng,3 phòng,3 tầng,Sổ hồng riêng.,27/11/2025
"Giá Sốc Trung Tâm Q.1: Toà Nhà Nguyễn Trãi DT 6,2X18 CN 112m2 6 Tầng. Chỉ 30 Tỷ. Ngộp Bank Bán Gấp",30 tỷ,"Đường Nguyễn Trãi, Phường Nguyễn Cư Trinh, Quận 1, Hồ Chí Minh",112 m²,N/A,N/A,6 tầng,N/A,20/11/2025
"Cực hiếm! Toà nhà 5 tầng (10x8m) HXH đường Trần Hưng Đạo, Q1. Chỉ 25,8 tỷ TL","25,8 tỷ","Đường Trần Hưng Đạo, Phường Phạm Ngũ Lão, Quận 1, Hồ Chí Minh","63,2 m²",7 phòng,8 phòng,5 tầng,Sổ đỏ/ Sổ hồng,25/11/2025
"Bán nhà góc 3 mặt thoáng Trần Hưng Đạo, Quận 1 - hẻm ô tô thẳng, tiềm năng cho thuê cao - chỉ 8,5tỷ","8,5 tỷ","Đường Trần Hưng Đạo, Phường Cầu Kho, Quận 1, Hồ Chí Minh",49 m²,2 phòng,2 phòng,2 tầng,Sổ đỏ/ Sổ hồng,27/11/2025
"AirBNB & CHDV Đề Thám, gần Trần Hưng Đạo Quận 1 - 5 PN, dòng tiền 40~60tr/tháng - giá chỉ 13,5 tỷ","13,5 tỷ","Đường Đề Thám, Phường Cầu Ông Lãnh, Quận 1, Hồ Chí Minh",42 m²,5 phòng,6 phòng,4 tầng,Sổ đỏ/ Sổ hồng,25/11/2025
"Hạ giá sâu bán gấp đường 6m Bà Lê Chân, Tân Định, Q1 60,9m2 cho thuê 30tr gần chợ Tân Định",Thỏa thuận,"Đường Bà Lê Chân, Phường Tân Định, Quận 1, Hồ Chí Minh","60,9 m²",3 phòng,3 phòng,2 tầng,N/A,27/11/2025
"Bán nhà hẻm xe hơi Lê Thị Riêng, gần Trần Hưng Đạo Quận 1 - 5PN, 4WC, sổ hồng, giá 23 tỷ",23 tỷ,"Đường Lê Thị Riêng, Phường Bến Thành, Quận 1, Hồ Chí Minh",62 m²,5 phòng,4 phòng,4 tầng,Sổ đỏ/ Sổ hồng,27/11/2025
Giá 3Tỷ700/73.9m2 nhà ngay Trương Định -P. Bến Thành - Quận 1 đang cho thuê 28tr. Gần chợ Bến Thành,Thỏa thuận,"Đường Trương Định, Phường Bến Thành, Quận 1, Hồ Chí Minh","73,9 m²",4 phòng,5 phòng,4 tầng,Sổ đỏ/ Sổ hồng,27/11/2025
"Bán nhà Nguyễn Thị Minh Khai - Bến Thành Q1. 83,7m2 gần chợ Bến Thành. Đang cho thuê 30tr",Thỏa thuận,"Đường Nguyễn Thị Minh Khai, Phường Bến Thành, Quận 1, Hồ Chí Minh","83,7 m²",4 phòng,5 phòng,3 tầng,Sổ đỏ/ Sổ hồng,27/11/2025
"Rẻ, hiếm - Bán nhà góc 2MT hẻm 6m Nguyễn Bỉnh Khiêm, P. BN, Q1. DT: 4,12x23m. Giá: 28 tỷ",28 tỷ,"Đường Nguyễn Bỉnh Khiêm, Phường Bến Nghé, Quận 1, Hồ Chí Minh","91,8 m²",1 phòng,N/A,1 tầng,Sổ đỏ/ Sổ hồng,25/11/2025
Bán nhà đường Trần Đình Xu Quận 1 cách 1 căn là HXH - 3 tầng BTCT nhà mới đẹp chỉ 5.7 tỷ,"5,7 tỷ","Hẻm 19, Đường Trần Đình Xu, Phường Cầu Kho, Quận 1, Hồ Chí Minh",21 m²,3 phòng,2 phòng,3 tầng,Sổ đỏ/ Sổ hồng,26/11/2025
"Mua được nhà phố 72,5m2 trung tâm Hồ Hảo Hớn - Quận 1. Gần bệnh viện Răng Hàm Mặt. Thuê 32tr",Thỏa thuận,"Đường Hồ Hảo Hớn, Phường Cô Giang, Quận 1, Hồ Chí Minh","72,5 m²",4 phòng,4 phòng,3 tầng,Sổ đỏ/ Sổ hồng,27/11/2025
"Hàng độc quyền! Chính chủ bán gấp nhà Trần Khánh Dư, Tân Định, Quận 1 70,4m2 - 4 PN",Thỏa thuận,"Đường Trần Khánh Dư, Phường Tân Định, Quận 1, Hồ Chí Minh","70,4 m²",4 phòng,4 phòng,4 tầng,Sổ đỏ/ Sổ hồng,27/11/2025
"Bán nhà đường Nguyễn Trãi Quận 1 nhà 2 tầng 60m2 cách MT 20m giá chỉ 9,8 tỷ","9,8 tỷ","Đường Nguyễn Trãi, Phường Nguyễn Cư Trinh, Quận 1, Hồ Chí Minh","42,2 m²",3 phòng,2 phòng,2 tầng,Sổ đỏ/ Sổ hồng,26/11/2025
"Bán nhà HXH góc 3MT đường Trần Hưng Đạo Q1, KC: 2 tầng chỉ 8.5 tỷ pháp lý sạch mua có thể ở ngay","8,5 tỷ","Đường Trần Hưng Đạo, Phường Cầu Kho, Quận 1, Hồ Chí Minh","25,6 m²",2 phòng,2 phòng,2 tầng,Sổ đỏ/ Sổ hồng,26/11/2025
"Bán nhà 1/ Trần Đình Xu, Quận 1 gần mặt tiền, hẻm xe hơi","3,89 tỷ","Đường Trần Đình Xu, Phường Nguyễn Cư Trinh, Quận 1, Hồ Chí Minh","10,7 m²",3 phòng,2 phòng,3 tầng,Sổ đỏ/ Sổ hồng,26/11/2025
"Nhà thang máy trung tâm Q1 Mạc Đĩnh Chi 67,2m HĐ thuê 33tr/tháng siêu phẩm hot deal",Thỏa thuận,"Đường Mạc Đĩnh Chi, Phường Đa Kao, Quận 1, Hồ Chí Minh","67,2 m²",5 phòng,6 phòng,5 tầng,Sổ đỏ/ Sổ hồng,27/11/2025
"Bán nhà 3 tầng Trần Hưng Đạo Quận 1 - Hẻm xe hơi thông Nguyễn Trãi, nội thất nhập Đức, giá 19 tỷ",19 tỷ,"Đường Trần Hưng Đạo, Phường Nguyễn Cư Trinh, Quận 1, Hồ Chí Minh",51 m²,2 phòng,3 phòng,3 tầng,Sổ đỏ/ Sổ hồng,26/11/2025
"CHDV cao cấp Thạch Thị Thanh, Q1. Ngang 6m x dài 20m, 6 tầng có thang máy TN 120tr/th, giá chỉ 19tỷ",19 tỷ,"Đường Thạch Thị Thanh, Phường Tân Định, Quận 1, Hồ Chí Minh",120 m²,16 phòng,16 phòng,6 tầng,Sổ đỏ/ Sổ hồng,24/11/2025
Chủ nhà decor thẩm mỹ Spa và đẹp lung linh gần 1tỷ- Giá dưới 250tr/1m2 Có sẵn dòng tiền 40tr/1th,"18,9 tỷ","Đường Cống Quỳnh, Phường Nguyễn Cư Trinh, Quận 1, Hồ Chí Minh",80 m²,6 phòng,6 phòng,5 tầng,Sổ đỏ/ Sổ hồng.,26/11/2025
Hẻm xe hơi 8m Trần Hưng Đạo Quận 1. Bề ngang 8m căn góc 4 lầu giá 25.8 tỷ TL,"25,8 tỷ","Đường Trần Hưng Đạo, Phường Phạm Ngũ Lão, Quận 1, Hồ Chí Minh","63,2 m²",7 phòng,8 phòng,5 tầng,Sổ đỏ/ Sổ hồng,15/11/2025
"Khan Hiếm khu phố Nhật Hàn - Thái Văn Lung, DT 4x11m, 3 tầng - HĐT 60tr/tháng - Giá bán: 17tỷ",16 tỷ,"Đường Thái Văn Lung, Phường Bến Nghé, Quận 1, Hồ Chí Minh",40 m²,N/A,N/A,5 tầng,Sổ đỏ/ Sổ hồng,18/11/2025
"Bán nhà hẻm đẹp! Trần Khánh Dư P. Tân Định Q.1 (3,2 x 12 m)2 tầng nhà đẹp ở ngay giá 6.9 tỷ TL","6,9 tỷ","Đường Trần Khánh Dư, Phường Tân Định, Quận 1, Hồ Chí Minh","36,8 m²",2 phòng,2 phòng,2 tầng,Sổ đỏ/ Sổ hồng,26/11/2025
BÁN NHÀ CHỢ BẾN THÀNH NGAY CÔNG VIÊN 23/9 - Đ.LÊ LAI Q1,21 tỷ,"Đường Lê Lai, Phường Bến Thành, Quận 1, Hồ Chí Minh",63 m²,5 phòng,5 phòng,6 tầng,Sổ đỏ/ Sổ hồng,13/11/2025
"Bán nhà hẻm 37 Trần Đình Xu rộng đẹp sang CN 76m2 chỉ 17,5 tỷ không lỗi phong thủy -0949 227 ***","17,5 tỷ","Hẻm 37, Đường Trần Đình Xu, Phường Cầu Kho, Quận 1, Hồ Chí Minh",76 m²,N/A,N/A,N/A,Có sổ,25/11/2025
Hẻm xe hơi 1 trục ra Hoàng Sa nhà BTCT 4 tầng,"5,89 tỷ","Đường Nguyễn Văn Nguyễn, Phường Tân Định, Quận 1, Hồ Chí Minh","25,8 m²",3 phòng,4 phòng,4 tầng,Sổ đỏ/ Sổ hồng ( sử dụng chung),24/11/2025
"Nhà mới đẹp - hộ khẩu Bến Thành (Quận 1) - ngang lớn 6m - 110m2, 4 tầng. Siêu hiếm 23 tỷ",23 tỷ,"Đường Nguyễn Trãi, Phường Bến Thành, Quận 1, Hồ Chí Minh",110 m²,5 phòng,6 phòng,4 tầng,N/A,26/11/2025
"Nhà mới phố tây - Bùi Viện - 3.4x8 (25m2), 2tầng - nhỉnh 3tỷ","3,95 tỷ","Đường Bùi Viện, Phường Phạm Ngũ Lão, Quận 1, Hồ Chí Minh",25 m²,2 phòng,2 phòng,2 tầng,Sổ đỏ/ Sổ hồng,26/11/2025
3TỶ350 BÁN NHÀ QUẬN 1 NGAY LÝ TỰ TRỌNG | DT: 48M2 | TẶNG FULL NỘI THẤT | HẺM RỘNG 5M | GIẢM 100TR,"3,35 tỷ","Đường Lý Tự Trọng, Phường Bến Nghé, Quận 1, Hồ Chí Minh",48 m²,4 phòng,4 phòng,3 tầng,Sổ đỏ/ Sổ hồng,14/11/2025
Quận 1 Trần Đình Xu 5.7 tỷ - HXH - Căn hiếm chốt nhanh,"5,7 tỷ","Đường Trần Đình Xu, Phường Cầu Kho, Quận 1, Hồ Chí Minh",21 m²,2 phòng,2 phòng,3 tầng,Sổ đỏ/ Sổ hồng,26/11/2025
Bán gấp trong tuần - Bán nhà Trần Đình Xu 11m² 3 tầng - 3.9 tỷ,"3,9 tỷ","Đường Trần Đình Xu, Phường Nguyễn Cư Trinh, Quận 1, Hồ Chí Minh",11 m²,N/A,N/A,3 tầng,Sổ đỏ/ Sổ hồng,26/11/2025
"NHÀ 115/ TRẦN ĐÌNH XU Q1, 2 MẶT HẺM 4M, 4 TẦNG, 6PN, GIÁ CHỈ 7.5 TỶ TL","7,5 tỷ","115/ Đường Trần Đình Xu, Phường Nguyễn Cư Trinh, Quận 1, Hồ Chí Minh",31 m²,5 phòng,6 phòng,5 tầng,Sổ đỏ/ Sổ hồng,23/11/2025
"Nhà nở hậu đẹp, ko LG QH - Nguyễn Văn Cừ - 3.1x8(24m2), 3tầng - 5.35tỷ","5,35 tỷ","Đường Nguyễn Văn Cừ, Phường Nguyễn Cư Trinh, Quận 1, Hồ Chí Minh",24 m²,3 phòng,2 phòng,3 tầng,Sổ đỏ/ Sổ hồng,26/11/2025
Quận 1 Bùi Viện 5.75 tỷ - Giá mềm tài lộc hanh thông,"5,75 tỷ","Đường Bùi Viện, Phường Nguyễn Thái Bình, Quận 1, Hồ Chí Minh",22 m²,2 phòng,3 phòng,3 tầng,Sổ đỏ/ Sổ hồng,26/11/2025
"Bán nhà ngay Lancaster LegacY đường Nguyễn Trãi Quận 1, nhà 2 tầng 3 ngủ mua bán ngay chỉ 10 tỷ",10 tỷ,"Đường Nguyễn Trãi, Phường Nguyễn Cư Trinh, Quận 1, Hồ Chí Minh","39,06 m²",3 phòng,N/A,2 tầng,Có sổ.,24/11/2025
"4TỶ180 [ HÀNG ĐỘC QUYỀN, QUẬN 1 ] ngay Trần Quý Khoách, Q.1 đang sẳn dòng tiền cho thuê 1200 usd","4,18 tỷ","Đường Trần Quý Khoách, Phường Tân Định, Quận 1, Hồ Chí Minh",63 m²,4 phòng,5 phòng,3 tầng,Sổ hồng riêng chính chủ.,07/11/2025
"Siêu hót, nhà góc 3 mặt thoáng hẻm oto đường Trần Hưng Đạo Quận 1, 2tầng 3ngủ sổ hồng chuẩn 8,5 tỷ","8,5 tỷ","Đường Trần Hưng Đạo, Phường Cầu Kho, Quận 1, Hồ Chí Minh","25,6 m²",3 phòng,N/A,2 tầng,Có sổ.,24/11/2025
Siêu phẩm Quận 1. DT 120m2 hẻm xe hơi tiện xây mới kinh doanh tiện lợi,"29,5 tỷ","Đường Trần Đình Xu, Phường Cầu Ông Lãnh, Quận 1, Hồ Chí Minh",120 m²,N/A,N/A,N/A,Sổ đỏ/ Sổ hồng,26/11/2025
"Nhà HXH 1/ Nguyễn Cảnh Chân Q1, DT 48m2, có 1 không 2",Thỏa thuận,"Đường Nguyễn Cảnh Chân, Phường Cầu Kho, Quận 1, Hồ Chí Minh",48 m²,3 phòng,2 phòng,2 tầng,Sổ đỏ/ Sổ hồng,23/11/2025
"Hàng hiếm nhà bán đường Nguyễn Trãi Quận 1 nhà 2 tầng SD60m2 cách MT chỉ 20m mua bán ngay 9,8 tỷ","9,8 tỷ","Đường Nguyễn Trãi, Phường Nguyễn Cư Trinh, Quận 1, Hồ Chí Minh","42,2 m²",3 phòng,N/A,2 tầng,Sổ đỏ/ Sổ hồng,24/11/2025
"Toà nhà CHDV 2 mặt tiền HĐT 250tr/th, 374c đường Hai Bà Trưng Quận 1, 10x20m, hầm 5T TM giá 38 tỷ",38 tỷ,"374c, Phố Hai Bà Trưng, Phường Tân Định, Quận 1, Hồ Chí Minh",190 m²,N/A,N/A,5 tầng,N/A,15/11/2025
"Bán nhà đường Trần Đình Xu, Quận 1, hẻm xe hơi, tặng full nội thất, nhà mới, pháp lý sạch giá 5.7tỷ","5,7 tỷ","Đường Trần Đình Xu, Phường Cầu Kho, Quận 1, Hồ Chí Minh",21 m²,2 phòng,N/A,3 tầng,Sổ đẹp.,24/11/2025
"Hàng kín pháp lý chuẩn, ngay 75c Nguyễn Cư Trinh, 13,5x24m, XD: Hầm 7T thu nhập 300tr giá 48 tỷ",48 tỷ,"75c, Đường Nguyễn Cư Trinh, Phường Nguyễn Cư Trinh, Quận 1, Hồ Chí Minh",250 m²,N/A,N/A,N/A,N/A,15/11/2025
"Chính chủ bán nhà ngay Lý Văn Phức - Q. 1, 66m2, đang cho thuê 30tr, cách chợ Tân Định 400m",Thỏa thuận,"Đường Lý Văn Phức, Phường Tân Định, Quận 1, Hồ Chí Minh",66 m²,4 phòng,6 phòng,5 tầng,Sổ đỏ/ Sổ hồng,26/11/2025
GÓC 2 MẶT TIỀN! Tòa nhà CHDV Hai Bà Trưng Q1 - DT 10x20m - 6 tầng - TN 320 triệu/tháng - giá 42 tỷ,42 tỷ,"Đường  Hai Bà Trưng, Phường Tân Định, Quận 1, Hồ Chí Minh",186 m²,28 phòng,N/A,6 tầng,- Pháp lý: Sẵn sàng giao dịch.,20/11/2025
"Bán nhà hẻm xe hơi Nguyễn Trãi Quận 1, gần Trần Hưng Đạo - 53.8m², 4PN, tiện ở ngay - Giá 15,7 tỷ","15,7 tỷ","Đường Nguyễn Trãi, Phường Nguyễn Cư Trinh, Quận 1, Hồ Chí Minh","53,8 m²",4 phòng,5 phòng,5 tầng,Sổ đỏ/ Sổ hồng,16/11/2025
"Ngộp bank bán gấp tòa CHDV Nguyễn Trãi, P. Bến Thành - DT 8x23m - 6 tầng - TN 280 tr/th - giá 39 tỷ",39 tỷ,"Đường Nguyễn Trãi, Phường Bến Thành, Quận 1, Hồ Chí Minh",184 m²,N/A,N/A,6 tầng,N/A,17/11/2025
"Nhà đường Nguyễn Trãi 6x18m, hầm 5 lầu ngay Landcaster cho thuê 150tr/th, giá 36 tỷ TL",36 tỷ,"Đường Nguyễn Trãi, Phường Nguyễn Cư Trinh, Quận 1, Hồ Chí Minh",109 m²,14 phòng,15 phòng,6 tầng,Sổ hồng chính chủ.,21/11/2025
"Nhà HXH 8m đường Nguyễn Cảnh Chân 5x14m, nhà 3 lầu ST gần Nguyễn Trãi giá 16.8 tỷ TL","16,8 tỷ","Đường Nguyễn Cảnh Chân, Phường Nguyễn Cư Trinh, Quận 1, Hồ Chí Minh","60,9 m²",5 phòng,6 phòng,3 tầng,Sổ đỏ/ Sổ hồng,19/11/2025
"Bán nhà hẻm ô tô, Q.1, Trần Khắc Chân","11,6 tỷ","Đường Trần Khắc Chân, Phường Tân Định, Quận 1, Hồ Chí Minh",52 m²,3 phòng,3 phòng,3 tầng,Sổ đỏ/ Sổ hồng,25/11/2025
"Bán nhà HXH 150 Nguyễn Trãi, Bến Thành Q1 4.3x22m, nhà 4 tầng giá 25.5 tỷ TL","25,5 tỷ","HXH 150, Đường Nguyễn Trãi, Phường Bến Thành, Quận 1, Hồ Chí Minh",92 m²,5 phòng,6 phòng,4 tầng,Sổ đỏ/ Sổ hồng,15/11/2025
"Kiệt tác kiến trúc Quận 1 - view bờ kè Hoàng Sa, 3 lầu BTCT, dòng tiền 39tr/tháng - giá 15 tỷ",15 tỷ,"Đường Nguyễn Văn Nguyễn, Phường Tân Định, Quận 1, Hồ Chí Minh",52 m²,3 phòng,4 phòng,4 tầng,Sổ đỏ/ Sổ hồng,16/11/2025
"Nhà đường Trần Hưng Đạo, Quận 1, hẻm xe hơi, mặt tiền 10m, phù hợp kinh doanh, 49m2 giá chỉ 8,5 tỷ","8,5 tỷ","Đường Trần Hưng Đạo, Phường Cầu Kho, Quận 1, Hồ Chí Minh",49 m²,2 phòng,2 phòng,2 tầng,Sổ đỏ/ Sổ hồng,15/11/2025
"Nhà đường Nguyễn Bỉnh Khiêm, Quận 1, 4 tầng mới đẹp, 2 mặt thoáng, 3x9 vuông vức, giá chỉ 7,2 tỷ","7,2 tỷ","Đường Nguyễn Bỉnh Khiêm, Phường Đa Kao, Quận 1, Hồ Chí Minh",27 m²,2 phòng,2 phòng,3 tầng,Sổ đỏ/ Sổ hồng,18/11/2025
"Nhà Trần Khắc Chân, Tân Định, Quận 1, hẻm oto, căn góc, nở hậu, hoàn công đủ, chỉ 4,68 tỷ","4,68 tỷ","Đường Trần Khắc Chân, Phường Tân Định, Quận 1, Hồ Chí Minh",25 m²,2 phòng,2 phòng,2 tầng,Sổ đỏ/ Sổ hồng,20/11/2025
"Nhà Đẹp + Siêu Thoáng | 2 Mặt Hẻm Bùi Viện, Quận 1| DT: 30m2 - 4 Tầng full nội thất| Giá chỉ 8,3 tỷ","8,3 tỷ","Đường Bùi Viện, Phường Phạm Ngũ Lão, Quận 1, Hồ Chí Minh",30 m²,4 phòng,3 phòng,4 tầng,Sổ đỏ/ Sổ hồng,26/11/2025
Bán gấp trong tháng - Bán nhà Nguyễn Hữu Cầu 53m² - 5 tầng - 20 tỷ,20 tỷ,"Đường Nguyễn Hữu Cầu, Phường Tân Định, Quận 1, Hồ Chí Minh",53 m²,N/A,N/A,5 tầng,Sổ đỏ/ Sổ hồng,26/11/2025
"Bán nhà trung tâm Q. 1, đường Nguyễn Bỉnh Khiêm, P. Bến Nghé Q1 (ngang 5m) 3 tầng. Giá chỉ 8,7 tỷ","8,7 tỷ","25, Đường Nguyễn Bỉnh Khiêm, Phường Bến Nghé, Quận 1, Hồ Chí Minh",40 m²,2 phòng,3 phòng,3 tầng,Sổ đỏ/ Sổ hồng,06/11/2025
Bán gấp trong tháng - Bán nhà Cống Quỳnh 58.2m² - 2 tầng - 20 tỷ,20 tỷ,"Đường Cống Quỳnh, Phường Nguyễn Cư Trinh, Quận 1, Hồ Chí Minh","58,2 m²",N/A,N/A,2 tầng,Sổ đỏ/ Sổ hồng,26/11/2025
Bán gấp trong tháng - Bán nhà Nguyễn Trãi 84m² - 3 tầng - 20 tỷ,20 tỷ,"Đường Nguyễn Trãi, Phường Nguyễn Cư Trinh, Quận 1, Hồ Chí Minh",84 m²,N/A,N/A,3 tầng,Sổ đỏ/ Sổ hồng,26/11/2025
Bán gấp trong tháng - Bán nhà Cống Quỳnh 62m² - 4 tầng - 20 tỷ,20 tỷ,"Đường Cống Quỳnh, Phường Phạm Ngũ Lão, Quận 1, Hồ Chí Minh",62 m²,N/A,N/A,4 tầng,Sổ đỏ/ Sổ hồng,26/11/2025
Bán gấp trong tháng - Bán Nhà Nguyễn Đình Chiểu 312m2 - 4 tầng - 320 tỷ,320 tỷ,"Đường Nguyễn Đình Chiểu, Phường Đa Kao, Quận 1, Hồ Chí Minh",312 m²,5 phòng,N/A,4 tầng,Sổ đỏ/ Sổ hồng,26/11/2025
"Cần bán gấp Nguyễn Thị Minh Khai, Đa Kao, Q. 1, HCM giá cực tốt",Thỏa thuận,"Đường Nguyễn Thị Minh Khai, Phường Đa Kao, Quận 1, Hồ Chí Minh",56 m²,2 phòng,3 phòng,2 tầng,Sổ đỏ/ Sổ hồng,26/11/2025
Chính chủ bán nhà Lê Anh Xuân - Quận 1 75m2. Gần công viên Nguyễn Thị Nghĩa,Thỏa thuận,"Đường Lê Anh Xuân, Phường Bến Thành, Quận 1, Hồ Chí Minh",75 m²,3 phòng,3 phòng,2 tầng,Sổ đỏ/ Sổ hồng,26/11/2025
Bán gấp trong tháng - Bán nhà Lê Thị Riêng 110m² - 4 tầng - 25 tỷ,25 tỷ,"Đường Lê Thị Riêng, Phường Bến Thành, Quận 1, Hồ Chí Minh",110 m²,6 phòng,6 phòng,4 tầng,Sổ đỏ/ Sổ hồng,26/11/2025
Hàng hiếm chủ bán kẹt tiền bán căn Hồ Hảo Hớn Q1 39.5m2 sổ riêng sang tên ngay,Thỏa thuận,"Đường Hồ Hảo Hớn, Phường Cô Giang, Quận 1, Hồ Chí Minh","39,5 m²",2 phòng,2 phòng,2 tầng,Sổ đỏ/ Sổ hồng,16/11/2025
"Hẻm Xe Hơi Nguyễn Hữu Cầu. Tân Định. Q1 - 5 Tầng ( 4 x 20m ) - 10 Phòng CHDV : 90 Triệu - 19,8 Tỷ","19,8 tỷ","Đường Nguyễn Hữu Cầu, Phường Tân Định, Quận 1, Hồ Chí Minh",80 m²,9 phòng,9 phòng,5 tầng,Sổ đỏ/ Sổ hồng,21/11/2025
"Nhà ngộp giảm mạnh, hẻm xe hơi đường Trần Đình Xu, Cầu Kho, Quận 1. 5 TỶ530/67.2m2. Sổ sẵn!",Thỏa thuận,"Đường Trần Đình Xu, Phường Cầu Kho, Quận 1, Hồ Chí Minh","67,2 m²",4 phòng,5 phòng,4 tầng,Sổ đỏ/ Sổ hồng,26/11/2025
"Nhà Mới 6 Tầng Thang Máy - Đặng Dung, Tân Định. Q1 - DT : 4 x 16m ( 64m2 ) - Vô Ở Ngay - 19,9 Tỷ","19,9 tỷ","Đường  Đặng Dung, Phường Tân Định, Quận 1, Hồ Chí Minh",64 m²,N/A,N/A,6 tầng,Sổ đỏ/ Sổ hồng,12/11/2025
"Chú Thực bán nhà giá ngộp 71,2m2 cho thuê 26tr, đường thông ôtô. Nguyễn Huy Tự - ĐaKao - Q. 1",Thỏa thuận,"Đường  Nguyễn Huy Tự, Phường Đa Kao, Quận 1, Hồ Chí Minh","71,2 m²",4 phòng,5 phòng,4 tầng,Sổ đỏ/ Sổ hồng,26/11/2025
Bán gấp trong tháng - Bán Nhà Nguyễn Trãi 140m² - 8 tầng - 47 tỷ,47 tỷ,"Đường Nguyễn Trãi, Phường Nguyễn Cư Trinh, Quận 1, Hồ Chí Minh",140 m²,N/A,N/A,8 tầng,Sổ đỏ/ Sổ hồng,26/11/2025
Bán gấp trong tháng - Bán nhà Thủ Khoa Huân 98.18m² - 4 tầng - 51 tỷ,51 tỷ,"Đường Thủ Khoa Huân, Phường Bến Thành, Quận 1, Hồ Chí Minh","98,18 m²",N/A,N/A,4 tầng,Sổ đỏ/ Sổ hồng,26/11/2025
"Giảm 500tr bán nhanh nhà Nguyễn Cảnh Chân - Cầu Kho - Q1, cách phòng Công An TP. HCM 300m. 78,2m2",Thỏa thuận,"Đường Nguyễn Cảnh Chân, Phường Cầu Kho, Quận 1, Hồ Chí Minh","78,2 m²",4 phòng,5 phòng,3 tầng,Sổ đỏ/ Sổ hồng,26/11/2025
Bán gấp trong tháng - Bán nhà Nguyễn Thị Minh Khai 105m² - 4 tầng - 44 tỷ,44 tỷ,"Đường Nguyễn Thị Minh Khai, Phường Tân Định, Quận 1, Hồ Chí Minh",105 m²,N/A,N/A,4 tầng,Sổ đỏ/ Sổ hồng,26/11/2025
Bán gấp trong tháng - Bán nhà Tôn Thất Tùng 72m² - 6 tầng - 35 tỷ,35 tỷ,"Đường Tôn Thất Tùng, Phường Phạm Ngũ Lão, Quận 1, Hồ Chí Minh",72 m²,N/A,N/A,6 tầng,Sổ đỏ/ Sổ hồng,26/11/2025
Bán gấp trong tháng - Bán nhà Võ Thị Sáu 134m² - 3 tầng - 32.5 tỷ,"32,5 tỷ","Đường Võ Thị Sáu, Phường Tân Định, Quận 1, Hồ Chí Minh",134 m²,N/A,N/A,3 tầng,Sổ đỏ/ Sổ hồng,26/11/2025
Bán gấp trong tháng - Bán nhà Trần Quý Khoách 114.27m² - 3 tầng - 32 tỷ,32 tỷ,"Đường Trần Quý Khoách, Phường Tân Định, Quận 1, Hồ Chí Minh","114,27 m²",N/A,N/A,3 tầng,Sổ đỏ/ Sổ hồng,26/11/2025
"HIẾM!!! Bán nhà hẻm Hoàng Sa, Phường Tân Định, Quận 1, 3 tầng, lô góc, hẻm thông, 50 m2 chỉ 8,5 tỷ","8,5 tỷ","Đường Nguyễn Văn Nguyễn, Phường Tân Định, Quận 1, Hồ Chí Minh",50 m²,5 phòng,5 phòng,3 tầng,Sổ đỏ/ Sổ hồng,18/11/2025
"Nhà đẹp đường Trần Đình Xu, Quận 1, hẻm xe hơi, vuông vức, BĐS dòng tiền, 21m2 giá 5,7 tỷ","5,7 tỷ","Đường Trần Đình Xu, Phường Cầu Kho, Quận 1, Hồ Chí Minh",21 m²,2 phòng,2 phòng,3 tầng,Sổ đỏ/ Sổ hồng,18/11/2025
Bán gấp trong tháng - Bán nhà Trần Hưng Đạo 77m² - 6 tầng - 32 tỷ,32 tỷ,"Đường Trần Hưng Đạo, Phường Nguyễn Cư Trinh, Quận 1, Hồ Chí Minh",77 m²,N/A,N/A,6 tầng,Sổ đỏ/ Sổ hồng,26/11/2025
Bán gấp trong tháng - Bán nhà Lê Thánh Tôn 55m² - 5 tầng - 28.7 tỷ,"28,7 tỷ","Đường Lê Thánh Tôn, Phường Bến Thành, Quận 1, Hồ Chí Minh",55 m²,N/A,N/A,5 tầng,Sổ đỏ/ Sổ hồng,26/11/2025
"Nhà cũ đường Đề Thám, gần Bùi Viện, cách đường 1 căn, tiện xây mới, 3x6 nở hậu nhẹ, giá chỉ 3,8 tỷ","3,8 tỷ","Đường Đề Thám, Phường Cầu Ông Lãnh, Quận 1, Hồ Chí Minh",17 m²,1 phòng,1 phòng,1 tầng,Sổ đỏ/ Sổ hồng,12/11/2025
Bán gấp trong tháng - Bán nhà Võ Thị Sáu 112.8m² - 4 tầng - 28.5 tỷ,"28,5 tỷ","Đường Võ Thị Sáu, Phường Tân Định, Quận 1, Hồ Chí Minh","112,8 m²",N/A,N/A,4 tầng,Sổ đỏ/ Sổ hồng,26/11/2025
Bán gấp trong tháng - Bán nhà Nguyễn Văn Thủ 62m² - 5 tầng - 26.5 tỷ,"26,5 tỷ","Đường Nguyễn Văn Thủ, Phường Tân Định, Quận 1, Hồ Chí Minh",62 m²,N/A,N/A,5 tầng,Sổ đỏ/ Sổ hồng,26/11/2025
Bán gấp trong tháng - Bán nhà Nguyễn Thái Bình 81m² - 5 tầng - 24 tỷ,24 tỷ,"Đường Nguyễn Thái Bình, Phường Nguyễn Thái Bình, Quận 1, Hồ Chí Minh",81 m²,N/A,N/A,5 tầng,Sổ đỏ/ Sổ hồng,26/11/2025
Bán gấp trong tháng - Bán nhà Đặng Dung 112m² - 3 tầng - 24 tỷ,24 tỷ,"Đường  Đặng Dung, Phường Tân Định, Quận 1, Hồ Chí Minh",112 m²,N/A,N/A,3 tầng,Sổ đỏ/ Sổ hồng,26/11/2025
KHU VIP -NGAY BỘ CÔNG AN -HXT 8m THÔNG - DT 43M2 - 6 TẦNG -4 PN -NGUYỄN CẢNH CHÂN Q.1 - 12TỶ7 TL!,"12,7 tỷ","Đường Nguyễn Cảnh Chân, Phường Nguyễn Cư Trinh, Quận 1, Hồ Chí Minh",43 m²,4 phòng,5 phòng,6 tầng,Sổ đỏ/ Sổ hồng,11/11/2025
Bán gấp trong tháng - Bán nhà Thủ Khoa Huân 75m² - 3 tầng - 23 tỷ,23 tỷ,"Đường Thủ Khoa Huân, Phường Bến Thành, Quận 1, Hồ Chí Minh",75 m²,N/A,N/A,3 tầng,Sổ đỏ/ Sổ hồng,26/11/2025
Bán gấp trong tháng - Bán nhà Đề Thám 96m² - 4 tầng - 22 tỷ,22 tỷ,"Đường Đề Thám, Phường Cầu Ông Lãnh, Quận 1, Hồ Chí Minh",96 m²,N/A,N/A,4 tầng,Sổ đỏ/ Sổ hồng,26/11/2025
Bán gấp trong tháng - Bán nhà Đề Thám 81m² - 1 tầng - 21 tỷ,21 tỷ,"Đường Đề Thám, Phường Cầu Ông Lãnh, Quận 1, Hồ Chí Minh",81 m²,N/A,N/A,1 tầng,Sổ đỏ/ Sổ hồng,26/11/2025
Bán gấp trong tháng - Bán nhà Lê Thị Riêng 62m² - 4 tầng - 23 tỷ,23 tỷ,"Đường Lê Thị Riêng, Phường Bến Thành, Quận 1, Hồ Chí Minh",62 m²,N/A,N/A,4 tầng,Sổ đỏ/ Sổ hồng,26/11/2025
Bán gấp trong tháng - Bán nhà Cống Quỳnh 75.6m² - 4 tầng - 20.5 tỷ,"20,5 tỷ","Đường Cống Quỳnh, Phường Nguyễn Cư Trinh, Quận 1, Hồ Chí Minh","75,6 m²",N/A,N/A,4 tầng,Sổ đỏ/ Sổ hồng,26/11/2025
"GẤP BÁN NHÀ TRẦN HƯNG ĐẠO, QUẬN 1 - 4,7x15,3 (72m2) 5T HĐT 540tr - GIẢM MẠNH 5 TỶ",15 tỷ,"Đường Trần Hưng Đạo, Phường Cầu Kho, Quận 1, Hồ Chí Minh",72 m²,N/A,N/A,5 tầng,N/A,26/11/2025
"TT Quận 1, nhà đẹp hẻm rộng ngay Thảo Cầm Viên. 40m2 - 3 tầng BTCT chỉ 8,8 tỷ","8,8 tỷ","Đường Nguyễn Bỉnh Khiêm, Phường Bến Nghé, Quận 1, Hồ Chí Minh",40 m²,2 phòng,2 phòng,3 tầng,Sổ đỏ/ Sổ hồng,26/11/2025
Bán gấp trong tuần - Bán nhà Nguyễn Văn Cừ 49m² - 1 tầng - 8.1 tỷ - 165.31 triệu/m²,"8,1 tỷ","Đường Nguyễn Văn Cừ, Phường Nguyễn Cư Trinh, Quận 1, Hồ Chí Minh",49 m²,N/A,1 phòng,1 tầng,Sổ đỏ/ Sổ hồng,26/11/2025
"Cách mặt tiền 2 căn nhà, ngang khủng 7m Trần Hưng Đạo, Q1 - sẵn 4 tầng - HĐT: 26tr/tháng, chỉ 14 tỷ",14 tỷ,"Đường Trần Hưng Đạo, Phường Cầu Kho, Quận 1, Hồ Chí Minh",36 m²,N/A,N/A,4 tầng,Sổ đỏ/ Sổ hồng,26/11/2025
Chỉ 57 tỷ cực rẻ bán khuôn đất vàng Đường Bùi Thị Xuân P. Bến Thành Quận 1 diện tích khủng 250m2,58 tỷ,"Hẻm 138/9, Đường Bùi Thị Xuân, Phường Phạm Ngũ Lão, Quận 1, Hồ Chí Minh",250 m²,N/A,N/A,N/A,Sổ hồng,25/11/2025
BÁN NHÀ THỦ KHOA HUÂN 98M2 4 TẦNG - 51 TỶ - NỘI THẤT CAO CẤP,51 tỷ,"Đường Thủ Khoa Huân, Phường Bến Thành, Quận 1, Hồ Chí Minh",98 m²,N/A,N/A,4 tầng,Sổ đỏ/ Sổ hồng,26/11/2025
"Đất vàng 7,7x23m, 171m2, hẻm 2 xe hơi, GPXD hầm 7 tầng, CHDV, KS cao cấp, ROI ~10%/năm, chỉ 46,5 tỷ","46,5 tỷ","7/, Đường Nguyễn Thị Minh Khai, Phường Đa Kao, Quận 1, Hồ Chí Minh",164 m²,N/A,N/A,7 tầng,Sổ đỏ/ Sổ hồng,26/11/2025
"Siêu phẩm nhà 92,5m2 Sương Nguyệt Ánh, Phạm Ngũ Lão, Quận 1 cho thuê 45 triệu/tháng",Thỏa thuận,"Đường Sương Nguyệt Ánh, Phường Phạm Ngũ Lão, Quận 1, Hồ Chí Minh","92,5 m²",4 phòng,5 phòng,5 tầng,Sổ đỏ/ Sổ hồng,26/11/2025
"Nhà đẹp cực hiếm tại con đường xưa nhất nhì ở Sài Gòn - Nguyễn Bỉnh Khiêm, Quận 1 - Giá 8,7 tỷ đồng","8,7 tỷ","Đường Nguyễn Bỉnh Khiêm, Phường Bến Nghé, Quận 1, Hồ Chí Minh","37,7 m²",2 phòng,2 phòng,2 tầng,Sổ đỏ/ Sổ hồng,26/11/2025
"Chính chủ cần bán gấp nhà hẻm xe hơi đường Nguyễn Trãi, ngang 5x15m Quận 1 giá 23 tỷ",23 tỷ,"Đường Nguyễn Trãi, Phường Bến Thành, Quận 1, Hồ Chí Minh","72,5 m²",N/A,N/A,6 tầng,Sổ đỏ/ Sổ hồng,18/11/2025
CHDV 8 PHÒNG KHÉP KÍN - VỊ TRÍ ĐẮC ĐỊA Ở QUẬN 1 - DÒNG TIỀN 35TR/THÁNG,"8,6 tỷ","Đường Trần Quang Khải, Phường Tân Định, Quận 1, Hồ Chí Minh",38 m²,8 phòng,10 phòng,N/A,N/A,26/11/2025
"Bán CHDV Quận 1 - thu nhập 95tr/tháng; đường Tôn Thất Tùng Q1 (ngang 7,5x10,5m) CN: 71,5m2, 13 CHDV","34,8 tỷ","Đường Tôn Thất Tùng, Phường Bến Thành, Quận 1, Hồ Chí Minh","71,5 m²",13 phòng,13 phòng,5 tầng,Sổ đỏ/ Sổ hồng,10/11/2025
BÁN NHÀ TRẦN KHÁNH DƯ 105M2 2 TẦNG - 31.7 TỶ - HẺM XE HƠI NỞ HẬU,"31,7 tỷ","Đường Trần Khánh Dư, Phường Tân Định, Quận 1, Hồ Chí Minh",105 m²,N/A,N/A,2 tầng,Sổ đỏ/ Sổ hồng,26/11/2025
Bán gấp trong tuần - Bán nhà Thủ Khoa Huân 75m² - 3 tầng - 23 tỷ - 306.67 triệu/m²,23 tỷ,"Đường Thủ Khoa Huân, Phường Bến Thành, Quận 1, Hồ Chí Minh",75 m²,N/A,N/A,3 tầng,Sổ đỏ/ Sổ hồng,26/11/2025
BÁN NHÀ TRẦN QUÝ KHOÁCH 114M2 3 TẦNG - 32 TỶ - HẺM XE HƠI VIP,32 tỷ,"Đường Trần Quý Khoách, Phường Tân Định, Quận 1, Hồ Chí Minh",114 m²,N/A,N/A,3 tầng,Sổ đỏ/ Sổ hồng,26/11/2025
Q1 Võ Thị Sáu - 150m2 (5x30m - 2 mặt tiền 4 tầng dòng tiền khoán 120tr/th - chỉ 32 tỷ TL,32 tỷ,"Đường Võ Thị Sáu, Phường Tân Định, Quận 1, Hồ Chí Minh",150 m²,N/A,N/A,4 tầng,Sổ hồng,22/11/2025
"HIẾM - CHỈ 8.XTY CÓ NHÀ 4 TẦNG NGAY PHỐ ĐI BỘ BÙI VIỆN , NGANG 3- 25m2.","8,45 tỷ","Đường Bùi Viện, Phường Cầu Ông Lãnh, Quận 1, Hồ Chí Minh",25 m²,2 phòng,3 phòng,4 tầng,Sổ đỏ/ Sổ hồng,26/11/2025
BÁN NHÀ CHÍNH CHỦ HẺM XE HƠI TRẦN ĐÌNH XU QUẬN 1,"3,89 tỷ","Đường Trần Đình Xu, Phường Nguyễn Cư Trinh, Quận 1, Hồ Chí Minh",15 m²,2 phòng,2 phòng,3 tầng,Sổ đỏ/ Sổ hồng,26/11/2025
"Nhà riêng cách chợ Bến Thành Metro 60m diện tích 45,2 m2, diện tích thực tế 66m2",18 tỷ,"Đường Lê Thánh Tôn, Phường Bến Thành, Quận 1, Hồ Chí Minh","45,2 m²",5 phòng,N/A,4 tầng,Sổ đỏ/ Sổ hồng,24/11/2025
"Giảm giá nhà đường oto Phó Đức Chính - Q.1, 87,6m2, cho thuê 32tr, gần Bảo Tàng Mỹ Thuật",Thỏa thuận,"Đường  Phó Đức Chính, Phường Nguyễn Thái Bình, Quận 1, Hồ Chí Minh","87,6 m²",5 phòng,5 phòng,3 tầng,Sổ đỏ/ Sổ hồng,26/11/2025
"Nhà đẹp gần chợ Bến Thành, 4x13m, 4 tầng, hẻm xe hơi 4m. Giá chỉ nhỉnh 12 tỉ","12,5 tỷ","Đường Calmette, Phường Nguyễn Thái Bình, Quận 1, Hồ Chí Minh",50 m²,4 phòng,4 phòng,4 tầng,Sổ đỏ/ Sổ hồng,19/11/2025
Bán nhà HXH P.Dakao Nguyễn Bỉnh Khiêm 6m x 12m tặng mô hình khai thác 120tr/tháng giá 16 tỷ,16 tỷ,"Đường Nguyễn Bỉnh Khiêm, Phường Đa Kao, Quận 1, Hồ Chí Minh",68 m²,5 phòng,5 phòng,4 tầng,Sổ đỏ/ Sổ hồng,24/11/2025
BÁN NHÀ THỦ KHOA HUÂN 75M2 3 TẦNG - 23 TỶ - HẺM XE HƠI TRUNG TÂM CHỢ BẾN THÀNH,23 tỷ,"Đường Thủ Khoa Huân, Phường Bến Thành, Quận 1, Hồ Chí Minh",75 m²,N/A,N/A,3 tầng,Sổ đỏ/ Sổ hồng,26/11/2025
BÁN NHÀ ĐỀ THÁM 96M2 4 TẦNG - 22 TỶ - HẺM XE HƠI NGANG 7.2M QUẬN 1,22 tỷ,"Đường Đề Thám, Phường Cầu Ông Lãnh, Quận 1, Hồ Chí Minh",96 m²,N/A,N/A,4 tầng,Sổ đỏ/ Sổ hồng,26/11/2025
"Vị Trí Số 1 ! Dân trí cao ở ngay hẻm 6m Thạch Thị Thanh, TĐ,Q1 (6,4 x 18m-115m2)4 tầng. Chỉ 28 tỷTL",28 tỷ,"Đường Thạch Thị Thanh, Phường Tân Định, Quận 1, Hồ Chí Minh",115 m²,6 phòng,6 phòng,4 tầng,Sổ đỏ/ Sổ hồng,20/11/2025
BÁN NHÀ NGUYỄN TRÃI 84M2 3 TẦNG - 20 TỶ - HẺM 6M KINH DOANH NHƯ MẶT TIỀN,20 tỷ,"Đường Nguyễn Trãi, Phường Nguyễn Cư Trinh, Quận 1, Hồ Chí Minh",84 m²,N/A,N/A,3 tầng,Sổ đỏ/ Sổ hồng,26/11/2025
BÁN NHÀ CỐNG QUỲNH 62M2 4 TẦNG - 20 TỶ - HẺM LỚN KINH DOANH QUẬN 1,20 tỷ,"Đường Cống Quỳnh, Phường Phạm Ngũ Lão, Quận 1, Hồ Chí Minh",62 m²,N/A,N/A,1 tầng,Sổ đỏ/ Sổ hồng,26/11/2025
"Bán nhà 3 tầng hẻm xe hơi Trần Đình Xu, trung tâm Quận 1 - full nội thất, giá chỉ 5,7 tỷ","5,7 tỷ","Đường Trần Đình Xu, Phường Cầu Kho, Quận 1, Hồ Chí Minh","20,6 m²",2 phòng,2 phòng,3 tầng,Sổ đỏ/ Sổ hồng,16/11/2025
"Sổ cầm tay bán nhà GIÁ 3TỶ990/70m2, cho thuê 40triệu, Đ.Lý Văn Phức - Tân Định - Q.1, gần chợ ĐaKao",Thỏa thuận,"Đường Lý Văn Phức, Phường Tân Định, Quận 1, Hồ Chí Minh.",70 m²,5 phòng,6 phòng,4 tầng,Sổ đỏ/ Sổ hồng.,26/11/2025
"Tin được không nhà ngay trung tâm Q.1 Nguyễn Thị Minh Khai, 48 m2, 3PN, 3WC",Thỏa thuận,"Đường Nguyễn Thị Minh Khai, Phường Đa Kao, Quận 1, Hồ Chí Minh",48 m²,3 phòng,3 phòng,1 tầng,Sổ đỏ/ Sổ hồng,26/11/2025
"GIẢM SỐC 300 TRIỆU CHỈ CÒN 7,5TỶ . NHÀ HẺM ĐIỆN BIÊN PHỦ QUẬN 3 NHÀ 4 TẦNG ĐẸP, GẦN MẶT TIỀN","7,5 tỷ","Phường 3, Quận 3, Hồ Chí Minh","40,2 m²",N/A,N/A,3 tầng,N/A,27/11/2025
"Đậm sâu với căn nhà Trần Quang Diệu/ 53,8m2 hẻm to thông thoáng/ Mua bán với chủ khi liên hệ em",Thỏa thuận,"Đường Trần Quang Diệu, Phường 14, Quận 3, Hồ Chí Minh","53,8 m²",4 phòng,4 phòng,3 tầng,Sổ đỏ/ Sổ hồng,22/11/2025
"Nhà bán ngay công viên Thỏ Trắng - duy nhất 1 căn HXH 8m CMT8, P. 11, Q3, HCM, sổ sẵn",Thỏa thuận,"Đường Cách Mạng Tháng Tám, Phường 11, Quận 3, Hồ Chí Minh",80 m²,5 phòng,4 phòng,4 tầng,Sổ đỏ/ Sổ hồng,22/11/2025
Siêu phẩm 4 tầng - hẻm xe hơi 10m Nguyễn Thiện Thuật - DTSD 120m2 - giá chỉ 13.5 tỷ,"13,5 tỷ","Đường  Nguyễn Thiện Thuật, Phường 2, Quận 3, Hồ Chí Minh",63 m²,3 phòng,N/A,3 tầng,Sổ đỏ/ Sổ hồng,26/11/2025
Bán nhà riêng trung tâm Quận 3,"18,6 tỷ","Đường Nguyễn Đình Chiểu, Phường 5, Quận 3, Hồ Chí Minh",72 m²,3 phòng,2 phòng,3 tầng,Sổ đỏ/ Sổ hồng,24/11/2025
"Chính chủ bán nhà riêng tại TT Q.3, giá tốt 6,15 tỷ. Thương lượng thiện chí. Miễn tiếp môi giới","6,15 tỷ","Đường Lý Chính Thắng, Phường 9, Quận 3, Hồ Chí Minh",27 m²,3 phòng,4 phòng,3 tầng,Sổ đỏ/ Sổ hồng,24/11/2025
"18,8 tỷ * Chính chủ bán nhà 453/3 Lê Văn Sỹ, Q3 * DT: 360m2. 1 trệt, 4 lầu, 9PN, 7WC","18,8 tỷ","453/5, Đường Lê Văn Sỹ, Phường 12, Quận 3, Hồ Chí Minh.",72 m²,9 phòng,7 phòng,5 tầng,Sổ đỏ/ Sổ hồng,23/11/2025
"Chủ nhà bán gấp ngay Trần Văn Đang, P11, Quận 3, sổ riêng, sẵn dòng tiền 17 triệu/tháng",Thỏa thuận,"Đường Trần Văn Đang, Phường 11, Quận 3, Hồ Chí Minh",60 m²,4 phòng,5 phòng,3 tầng,Sổ đỏ/ Sổ hồng,22/11/2025
"Khu VIP MTNB Phạm Ngọc Thạch, Quận 3. DT: 25x30m. DTCN: ~600m2 đất. GPXD: 3000m2 sàn. Giá: 145 tỷ",145 tỷ,"Đường Phạm Ngọc Thạch, Phường Võ Thị Sáu, Quận 3, Hồ Chí Minh",600 m²,5 phòng,5 phòng,2 tầng,Sổ đỏ/ Sổ hồng,22/11/2025
"NHÀ HẺM ĐẸP XE HƠI NGANG LỚN 5,7m DÂN TRÍ CAO CMT8 P10 Q3","6,5 tỷ","Đường Cách Mạng Tháng Tám, Phường 10, Quận 3, Hồ Chí Minh",32 m²,3 phòng,2 phòng,2 tầng,Sổ đỏ/ Sổ hồng,22/11/2025
"Nhà ngộp cần bán nhà Nguyễn Thiện Thuật, Q3, DT 54m2, 4PN, 3ty850 sổ hồng riêng","3,85 tỷ","Đường  Nguyễn Thiện Thuật, Phường 1, Quận 3, Hồ Chí Minh",54 m²,4 phòng,4 phòng,2 tầng,Sổ hồng.,22/11/2025
Siêu phẩm không còn căn thứ 2. Căn góc sát MT CMT8 Q3 - 4 tầng. Chỉ 13.X tỷ TL chính chủ,"13,5 tỷ","Đường Cách Mạng Tháng Tám, Phường 10, Quận 3, Hồ Chí Minh",53 m²,4 phòng,5 phòng,5 tầng,Sổ đỏ/ Sổ hồng,21/11/2025
Siêu Hiếm Quận 3 - Góc 2MT - Hẻm xe hơi Nam Kỳ Khởi Nghĩa - Ngang 5.6mx8m - Chỉ 7.22 tỷ,"7,22 tỷ","Đường Nam Kỳ Khởi Nghĩa, Phường Võ Thị Sáu, Quận 3, Hồ Chí Minh",50 m²,6 phòng,N/A,4 tầng,Sổ đỏ/ Sổ hồng,20/11/2025
"Bán nhà 2 mặt phố hẻm 6m gấp nhà đang cho thuê quán nhậu, Lê Văn Sỹ",32 tỷ,"359/1/39 Đường Lê Văn Sỹ, Phường 13, Quận 3, Hồ Chí Minh",136 m²,N/A,1 phòng,1 tầng,Sổ đỏ/ Sổ hồng,17/11/2025
"Nhà riêng 5 tầng cực chất, mới tinh với 6PN, 7WC, diện tích 50m², 216 m2 DTSD chỉ 8 tỉ. TL nhẹ",8 tỷ,"Đường Cách Mạng Tháng Tám, Phường 11, Quận 3, Hồ Chí Minh",50 m²,6 phòng,7 phòng,5 tầng,Sổ đỏ/ Sổ hồng,18/11/2025
"Bán nhà hẻm xe hơi đường Lê Văn Sỹ, P. 14, Q. 3 chỉ 17,6 tỷ (TL)","17,6 tỷ","Đường Lê Văn Sỹ, Phường 14, Quận 3, Hồ Chí Minh","86,9 m²",3 phòng,3 phòng,2 tầng,Sổ đỏ/ Sổ hồng.,14/11/2025
Quận 3 - CMT8 - Căn hộ dịch vụ - 6 tầng thang máy - dòng tiền 60tr/th - 69.5m2 - 12.7 tỷ,"12,7 tỷ","Đường Cách Mạng Tháng Tám, Phường 10, Quận 3, Hồ Chí Minh","69,5 m²",9 phòng,9 phòng,6 tầng,Sổ đỏ.,27/11/2025
"VIP!! Kỳ Đồng Quận 3, 2 tầng, 45m2, nhỉnh 7T","7,6 tỷ","Đường  Kỳ Đồng, Phường 1, Quận 3, Hồ Chí Minh",45 m²,2 phòng,2 phòng,2 tầng,Sổ đỏ/ Sổ hồng,27/11/2025
"Bán nhà góc Nguyễn Thị Minh Khai, trung tâm Quận 3 - 4 tầng, 4PN, 4WC và sân thượng - Giá 11 tỷ",11 tỷ,"Đường Nguyễn Thị Minh Khai, Phường Võ Thị Sáu, Quận 3, Hồ Chí Minh","48,5 m²",4 phòng,4 phòng,4 tầng,Sổ đỏ.,26/11/2025
"Bán nhà riêng Trần Quốc Toản, Phường 8, Quận 3 giá chỉ 4,45 tỷ hiếm có","4,45 tỷ","Đường Trần Quốc Toản, Phường Võ Thị Sáu, Quận 3, Hồ Chí Minh","14,9 m²",N/A,N/A,N/A,"Sổ hồng riêng, giao dịch nhanh gọn.",27/11/2025
"Bán nhà 5 tầng HXH Nguyễn Đình Chiểu, Q3, chỉ 7 tỷ",7 tỷ,"Đường Nguyễn Đình Chiểu, Phường 4, Quận 3, Hồ Chí Minh",32 m²,N/A,N/A,4 tầng,Sổ đỏ/ Sổ hồng,27/11/2025
"CẦN BÁN GẤP 2 MẶT HẺM OTÔ SÁT MẶT TIỀN TRẦN QUANG DIỆU, DT 60M2, 3,5X17M, GIÁ 16 TỶ THƯƠNG LƯỢNG!",16 tỷ,"Đường Trần Quang Diệu, Phường 14, Quận 3, Hồ Chí Minh",60 m²,N/A,N/A,2 tầng,Sổ đỏ/ Sổ hồng,26/11/2025
"Nhà 3 tầng Cách Mạng Tháng Tám, 4x8m, 3PN 3WC, hẻm thoáng - chỉ 4.3 tỷ","4,3 tỷ","Đường Cách Mạng Tháng Tám, Phường 11, Quận 3, Hồ Chí Minh",28 m²,4 phòng,3 phòng,3 tầng,Sổ đỏ/ Sổ hồng.,26/11/2025
"Chai tài sản cần bán gấp nhà HXH 9m ngay đường Lê Văn Sỹ ,phường 13,Quận 3,dt 10x20m",39 tỷ,"Đường Lê Văn Sỹ, Phường 13, Quận 3, Hồ Chí Minh",200 m²,N/A,N/A,2 tầng,Sổ đỏ/ Sổ hồng,27/11/2025
"GIẢM SỐC 300 TRIỆU CHỈ CÒN 7,5TỶ . NHÀ HẺM ĐIỆN BIÊN PHỦ QUẬN 3 NHÀ 4 TẦNG ĐẸP, GẦN MẶT TIỀN","7,5 tỷ","Phường 3, Quận 3, Hồ Chí Minh","40,2 m²",N/A,N/A,3 tầng,N/A,27/11/2025
"Nhà gần MT đường Cao Thắng, Quận 3. 75.9m2. Sổ sẵn. Full nội thất",Thỏa thuận,"Đường Cao Thắng, Phường 5, Quận 3, Hồ Chí Minh","75,9 m²",2 phòng,3 phòng,2 tầng,Sổ hoàn công đầy đủ.,27/11/2025
"HẺM 6M XE HƠI THÔNG ĐƯỜNG TRẦN VĂN ĐANG TTQ3- NHÀ 1 ĐỜI CHỦ- NGANG KHỦNG 6,5M- 6,2 TỶ","6,2 tỷ","Đường Trần Văn Đang, Phường 13, Quận 3, Hồ Chí Minh",30 m²,2 phòng,2 phòng,2 tầng,Sổ đỏ/ Sổ hồng,26/11/2025
"Hiếm, bán nhà hẻm 7m CMT8, P.12, Q3. DT: 4x20m nở hậu, CN: 80m2, KC 4 lầu. Giá: 13,99 tỷ","13,99 tỷ","Đường Cách Mạng Tháng Tám, Phường 12, Quận 3, Hồ Chí Minh",80 m²,3 phòng,3 phòng,3 tầng,Sổ đỏ/ Sổ hồng,21/11/2025
"Nhà xinh, mặt tiền hẻm HTC ND - Lý Chính Thắng - 4X12m (29/43m2) - 3.9 tỷ","3,9 tỷ","Đường Lý Chính Thắng, Phường Võ Thị Sáu, Quận 3, Hồ Chí Minh.",29 m²,2 phòng,1 phòng,2 tầng,Sổ đỏ/ Sổ hồng,27/11/2025
"Bán nhà HXH 6m Lê Văn Sỹ, Phường Nhiêu Lộc, Quận 3 giá 17,5 tỷ","17,5 tỷ","Đường Lê Văn Sỹ, Phường 13, Quận 3, Hồ Chí Minh",77 m²,7 phòng,5 phòng,5 tầng,Sổ đỏ/ Sổ hồng,24/11/2025
"BÁN NHÀ 513/ ĐIỆN BIÊN PHỦ Q3, TRỆT 3 LẦU, 4PN, 4WC, GIÁ 7.8 TỶ HOT","7,8 tỷ","513/1L, Đường Điện Biên Phủ, Phường 3, Quận 3, Hồ Chí Minh","40,2 m²",4 phòng,4 phòng,4 tầng,Sổ đỏ/ Sổ hồng,22/11/2025
"Bán gấp nhà đường Điện Biên Phủ, Q.3. DT: 11x26m. KC: 4 tầng. HĐT: 210tr/th. Giá: 42 tỷ TL",42 tỷ,"Đường Điện Biên Phủ, Phường 5, Quận 3, Hồ Chí Minh",246 m²,N/A,N/A,4 tầng,N/A,27/11/2025
"Bán nhà hẻm xe hơi đường Võ Văn Tần, Phường Bàn Cờ, DT: 5m x 15m, 1 lầu, giá 12 tỷ 5","12,5 tỷ","Đường Võ Văn Tần, Phường 5, Quận 3, Hồ Chí Minh",75 m²,2 phòng,N/A,1 tầng,Sổ đỏ/ Sổ hồng,27/11/2025
"Đẳng cấp Lê Văn Sỹ, Quận 3 - Xây mới 100% - 55m2 (5 x 11) x 5 tầng - 5PN, 6WC - 8.9 tỷ TL","8,9 tỷ","Đường Lê Văn Sỹ, Phường 12, Quận 3, Hồ Chí Minh",56 m²,5 phòng,6 phòng,5 tầng,Sổ đỏ/ Sổ hồng,25/11/2025
"Bán nhà khu Vip Nam Kỳ Khởi Nghĩa 31m2 (3.8x8)m, 1PN 2WC - 4.9 tỷ","4,9 tỷ","Đường Lý Chính Thắng, Phường Võ Thị Sáu, Quận 3, Hồ Chí Minh",31 m²,1 phòng,2 phòng,4 tầng,Sổ hồng chính chủ hoàn công đầy đủ.,27/11/2025
"Nhà mới ở ngay - Lê Văn Sỹ - 3.5x15.5m (53.1m2), 4 tầng - nhỉnh 6 tỷ","6,8 tỷ","Đường Lê Văn Sỹ, Phường 14, Quận 3, Hồ Chí Minh","53,1 m²",5 phòng,6 phòng,4 tầng,Sổ đỏ/ Sổ hồng,27/11/2025
"CHDV, nở hậu, không LG QH - Trần Quang Diệu - 46m2, 3 tầng - 6.4 tỷ","6,4 tỷ","Đường Trần Quang Diệu, Phường 13, Quận 3, Hồ Chí Minh",46 m²,7 phòng,3 phòng,3 tầng,Sổ đỏ/ Sổ hồng,27/11/2025
Nhà nở hậu - Huỳnh Tịnh Của - 3.7X11m (43m2) - 6 tỷ,6 tỷ,"Đường Huỳnh Tịnh Của, Phường Võ Thị Sáu, Quận 3, Hồ Chí Minh",43 m²,2 phòng,1 phòng,2 tầng,Sổ đỏ/ Sổ hồng,27/11/2025
"Nhà nở hậu, không LG QH - Cách Mạng Tháng 8 - 4.3X8m (33.3m2) - nhỉnh 3 tỷ","3,9 tỷ","Đường Cách Mạng Tháng Tám, Phường 11, Quận 3, Hồ Chí Minh.","33,3 m²",2 phòng,2 phòng,2 tầng,Sổ đỏ/ Sổ hồng,27/11/2025
"Bán nhà Nguyễn Đình Chiểu phường 5 quận 3 (4.5mx12m), giá 10.8 tỷ thương lượng.","10,8 tỷ","Đường Nguyễn Đình Chiểu, Phường 5, Quận 3, Hồ Chí Minh",54 m²,N/A,N/A,2 tầng,Sổ đỏ/ Sổ hồng,19/11/2025
"Sát mặt tiền! Nhà view bờ kè mát mẻ, Hoàng Sa (đoạn 2 chiều), P.VTS, Q3 - 4 tầng, 4.2x15, nở hậu","12,9 tỷ","Đường Hoàng Sa, Phường Võ Thị Sáu, Quận 3, Hồ Chí Minh",62 m²,4 phòng,4 phòng,4 tầng,Sổ đỏ/ Sổ hồng,24/11/2025
"HXH HOÀNG SA 2 TẦNG CĂN GÓC, 49M2 (6X8) 3PN 1WC - 7.3 TỶ","7,3 tỷ","Đường Trần Văn Đang, Phường 11, Quận 3, Hồ Chí Minh","48,7 m²",2 phòng,1 phòng,2 tầng,Sổ đỏ/ Sổ hồng,25/11/2025
"Giảm 2 tỷ bán gấp nhà hẻm xe hơi Quận 3 - CN 110m2 (4.5x20)m - Hẻm nhựa thẳng 1 trục, gần mặt tiền","16,5 tỷ","Đường Lê Văn Sỹ, Phường 12, Quận 3, Hồ Chí Minh",110 m²,4 phòng,5 phòng,3 tầng,Sổ đỏ/ Sổ hồng,20/11/2025
"Không xem là tiếc cả đời - sở hữu nhà phố 2 tầng, DT 25m2 - HXH Trần Quang Diệu Q3",Thỏa thuận,"Đường Trần Quang Diệu, Phường 14, Quận 3, Hồ Chí Minh",25 m²,2 phòng,2 phòng,2 tầng,N/A,18/11/2025
"GẤP NHÀ Ô TÔ 7 CHỖ TỚI CỬA DT 54M2, LÊ VĂN SỸ, QUẬN 3, GIÁ NHỈNH 9 TỶ. NHÀ VỪA Ở + KD ONLINE ĐƯỢC.","9,3 tỷ","Đường Lê Văn Sỹ, Phường 13, Quận 3, Hồ Chí Minh",53 m²,4 phòng,6 phòng,4 tầng,Sổ đỏ/ Sổ hồng,27/11/2025
"Căn duy nhất! (5 x 17m) 5 tầng mặt tiền nội bộ đường CMT8 đối diện công viên Lê Thị Riêng, 24 tỷ",24 tỷ,"Đường Cách Mạng Tháng Tám, Phường 11, Quận 3, Hồ Chí Minh","82,5 m²",N/A,N/A,5 tầng,Sổ đỏ/ Sổ hồng,25/11/2025
"Nhà nội thất mới đẹp CMT8 Q3, ngang 4m, DT 42m2, 2 tầng, 3PN 3WC - Ở ngay - 4.95 tỷ","4,95 tỷ","Đường Cách Mạng Tháng Tám, Phường 11, Quận 3, Hồ Chí Minh",42 m²,3 phòng,3 phòng,2 tầng,Sổ đỏ/ Sổ hồng,15/11/2025
"Bán nhà HXH Huỳnh Tịnh Của, trung tâm Quận 3, 15x14m, 4 tầng, chỉ 25 tỷ (206tr/m2)",25 tỷ,"Đường Huỳnh Tịnh Của, Phường Võ Thị Sáu, Quận 3, Hồ Chí Minh",121 m²,5 phòng,5 phòng,4 tầng,Sổ đỏ/ Sổ hồng,25/11/2025
"Nguyễn Đình Chiểu, Quận 3 - Hẻm ô tô 4m thông, 4 tầng mới đẹp","8,3 tỷ","Đường Nguyễn Đình Chiểu, Phường 4, Quận 3, Hồ Chí Minh",36 m²,4 phòng,5 phòng,4 tầng,Sổ đỏ/ Sổ hồng,26/11/2025
"Cô Thơ bán nhà Đ. Nguyễn Thông - Q3 đang cho thuê 25 triệu, 82,68m2. Gần bệnh viện Mắt",Thỏa thuận,"Đường Nguyễn Thông, Phường 9, Quận 3, Hồ Chí Minh","82,68 m²",4 phòng,5 phòng,3 tầng,Sổ đỏ/ Sổ hồng,27/11/2025
"Mặt tiền nội bộ, đường nhựa 10m Điện Biên Phủ, Quận 3. DT 57.2m2 ngang 4,2m","12,95 tỷ","Đường Điện Biên Phủ, Phường 2, Quận 3, Hồ Chí Minh","57,2 m²",4 phòng,2 phòng,4 tầng,Sổ đỏ/ Sổ hồng,25/11/2025
Vị Trí Kinh Doanh- KHUVIP LÊ VĂN SỸ Quận 3 bán đất tặng nhà 2 tầng. XE HƠI VIVU THÔNG,"9,98 tỷ","Đường Lê Văn Sỹ, Phường 13, Quận 3, Hồ Chí Minh",52 m²,N/A,N/A,2 tầng,Sổ đỏ/ Sổ hồng,27/11/2025
[BÁN NHÀ QUẬN 3] 5 tầng thang máy nội thất cao cấp xe hơi đỗ cửa lí thuyết Đường CMT8,"8,99 tỷ","Đường Cách Mạng Tháng Tám, Phường 11, Quận 3, Hồ Chí Minh",33 m²,3 phòng,4 phòng,5 tầng,N/A,24/11/2025
"Bán nhà Q3 Nguyễn Đình Chiểu thông Võ Văn Tần hẻm rộng 10m, CN đủ 42.9m2 chỉ 10.5 tỷ thương lượng","10,5 tỷ","Đường Nguyễn Đình Chiểu, Phường 5, Quận 3, Hồ Chí Minh","42,9 m²",N/A,N/A,3 tầng,Sổ đỏ/ Sổ hồng.,25/11/2025
Nhà 5.5x20m Vườn Chuối hẻm xe hơi Q3 - 4 lầu - giá 25 tỷ -0906 366 ***,25 tỷ,"Đường Vườn Chuối, Phường 4, Quận 3, Hồ Chí Minh",107 m²,9 phòng,N/A,5 tầng,Sổ đỏ/ Sổ hồng,25/11/2025
"Bán nhà hẻm kinh doanh 173 Phạm Ngọc Thạch, Quận 3 (4x16m) 3 tầng, HĐ thuê 50tr/tháng, giá 24 tỷ",24 tỷ,"Đường Phạm Ngọc Thạch, Phường Võ Thị Sáu, Quận 3, Hồ Chí Minh","62,2 m²",N/A,N/A,3 tầng,Sổ đỏ/ Sổ hồng,27/11/2025
"Bán gấp nhà đẹp xuất sắc Đ. Phạm Ngọc Thạch, Q3, 72m2, gần ĐH Kinh Tế. HĐ thuê 32 tr/th",Thỏa thuận,"Đường Phạm Ngọc Thạch, Phường Võ Thị Sáu, Quận 3, Hồ Chí Minh",72 m²,4 phòng,3 phòng,5 tầng,Sổ hồng chính chủ hỗ trợ công chứng trong ngày.,27/11/2025
Cần bán nhanh trước tết ! Nhà Vườn Chuối- Vị trí VÀNG- 2 Lầu TN ổn định 20tr/tháng-LH Thảo,"8,3 tỷ","Đường Vườn Chuối, Phường 4, Quận 3, Hồ Chí Minh","33,2 m²",N/A,N/A,2 tầng,Sổ đỏ/ Sổ hồng,25/11/2025
"Chính chủ bán nhà trung tâm Quận 3 hẻm 328 Nguyễn Thị Minh Khai, P5, Q3","6,8 tỷ","Hẻm 306 Nguyễn Thị Minh Khai, Phường 5, Quận 3, Hồ Chí Minh",27 m²,5 phòng,3 phòng,3 tầng,Sổ đỏ/ Sổ hồng,14/11/2025
"Nguyễn Đình Chiểu Quận 3, hẻm ô tô 5m, DT 55.3m2 ngang 4,5m, cấp 4 tiện xây","11,2 tỷ","Đường Nguyễn Đình Chiểu, Phường 5, Quận 3, Hồ Chí Minh",55 m²,2 phòng,2 phòng,2 tầng,Sổ đỏ/ Sổ hồng,25/11/2025
Siêu hiếm Quận 3 - 1 căn duy nhất! Nhà 3 tầng - 2 phòng ngủ - Cách Mạng Tháng Tám - Chỉ 1.9 tỷ,"1,9 tỷ","Đường Cách Mạng Tháng Tám, Phường 11, Quận 3, Hồ Chí Minh",13 m²,2 phòng,2 phòng,3 tầng,Sổ đỏ/ Sổ hồng,26/11/2025
"Không có căn thứ 2! Nhà HXH 4x18m - HĐT 60tr/th - Xe hơi đỗ cửa 24/7 - giá 22,5 tỷ - gần hồ Con Rùa","22,5 tỷ","Đường Phạm Ngọc Thạch, Phường Võ Thị Sáu, Quận 3, Hồ Chí Minh","62,2 m²",N/A,N/A,3 tầng,Sổ đỏ/ Sổ hồng.,21/11/2025
"Bán gấp nhà nở hậu 6m hẻm 240 Cách Mạng Tháng 8, Quận 3","6,5 tỷ","Hẻm 240, Đường Cách Mạng Tháng Tám, Phường 10, Quận 3, Hồ Chí Minh","53,5 m²",2 phòng,2 phòng,2 tầng,Sổ đỏ/ Sổ hồng.,26/11/2025
"Ngộp bank gấp bán nhà chính chủ thiện chí bán CMT8, Q3 - 29m2 công nhận đủ 2 tầng","3,99 tỷ","Đường Cách Mạng Tháng Tám, Phường 10, Quận 3, Hồ Chí Minh",29 m²,2 phòng,2 phòng,2 tầng,Sổ đỏ/ Sổ hồng.,25/11/2025
"Nhà 3 tầng Cách Mạng Tháng Tám, 4x8m, 3PN 3WC, hẻm thoáng - Chỉ 4.3 tỷ","4,3 tỷ","Đường Cách Mạng Tháng Tám, Phường 11, Quận 3, Hồ Chí Minh",28 m²,4 phòng,3 phòng,3 tầng,Sổ đỏ/ Sổ hồng,25/11/2025
Cách Mạng Tháng 8 - Quận 3 - chỉ 2.1 tỷ,"2,1 tỷ","Đường Cách Mạng Tháng Tám, Phường 11, Quận 3, Hồ Chí Minh","8,5 m²",2 phòng,2 phòng,3 tầng,N/A,24/11/2025
Nhà đẹp CMT8 3 tầng - Quận 3 - chỉ 1.95 tỷ,"1,95 tỷ","Đường Cách Mạng Tháng Tám, Phường 11, Quận 3, Hồ Chí Minh","8,5 m²",2 phòng,2 phòng,3 tầng,Sổ đỏ/ Sổ hồng.,26/11/2025
"Chỉ 4,69 tỷ - nhà lung linh 4 tầng 3PN 3WC full nội thất như hình","4,69 tỷ","Đường Cách Mạng Tháng Tám, Phường 11, Quận 3, Hồ Chí Minh",20 m²,3 phòng,3 phòng,4 tầng,Sổ đỏ/ Sổ hồng.,24/11/2025
Tôi bán gấp nhà đẹp đường ôtô ở Nguyễn Đình Chiểu - Phường 5 - Quận 3 gần chợ Bàn Cờ. 71m2,Thỏa thuận,"Đường Nguyễn Đình Chiểu, Phường 5, Quận 3, Hồ Chí Minh",71 m²,4 phòng,4 phòng,3 tầng,Sổ đỏ/ Sổ hồng,27/11/2025
"Tôi cần bán căn nhà 84m2 Phạm Ngọc Thạch, Q3. Thông 2 mặt tiền Võ Thị Sáu, Hai Bà Trưng",Thỏa thuận,"Đường Phạm Ngọc Thạch, Phường Võ Thị Sáu, Quận 3, Hồ Chí Minh",84 m²,4 phòng,4 phòng,4 tầng,Sổ đỏ/ Sổ hồng,27/11/2025
"Giảm 200tr, chỉ 4 tỷ, 29m2, nhà TT Q3 - CMT8, 2 tầng, ban công thoáng mát, ra hẻm xe hơi chỉ 15m",4 tỷ,"Đường Cách Mạng Tháng Tám, Phường 10, Quận 3, Hồ Chí Minh",29 m²,1 phòng,2 phòng,2 tầng,Sổ đỏ/ Sổ hồng,26/11/2025
"Tôi có nhà Trần Quốc Thảo - Q3 cần bán nhà ngang 5,2m. Đang cho thuê 28 triệu/tháng",Thỏa thuận,"Đường Trần Quốc Thảo, Phường 9, Quận 3, Hồ Chí Minh","72,9 m²",3 phòng,4 phòng,3 tầng,Sổ đỏ/ Sổ hồng,27/11/2025
"Chính chủ cần bán nhà Võ Thị Sáu P.Võ Thị Sáu Q3 gần chợ Tân Định giá 5tỷ190 DT 91,16m2 (5,3x17,2m)",Thỏa thuận,"Đường Võ Thị Sáu, Phường Võ Thị Sáu, Quận 3, Hồ Chí Minh","91,16 m²",3 phòng,3 phòng,2 tầng,Sổ đỏ/ Sổ hồng,27/11/2025
Chỉ 5.7 Tỷ - NHÀ KHU VIP NAM KỲ KHỞI NGHĨA 30M2 (3X10) 2PN 2WC (Nở hậu 5m),"5,7 tỷ","Đường Nam Kỳ Khởi Nghĩa, Phường Võ Thị Sáu, Quận 3, Hồ Chí Minh",30 m²,2 phòng,2 phòng,2 tầng,Sổ đỏ/ Sổ hồng,18/11/2025
Góc 2 MT 8.3x23m tiện xây mới hầm+ 6 tầng hẻm 10m Cách Mạng Tháng 8 Quận 3 ngay Lan Anh giá 39.9 tỷ,"39,9 tỷ","210/12, Đường Cách Mạng Tháng Tám, Phường 10, Quận 3, Hồ Chí Minh","180,7 m²",3 phòng,3 phòng,2 tầng,Sổ đỏ/ Sổ hồng,27/11/2025
"Bán nhà sát MT Trung tâm Q3, 20M2, 3 tầng, NT đẹp, 2PN 3WC, PLô, 1 trục, Ở ngay - 4.35 TỶ","4,35 tỷ","Đường Cách Mạng Tháng Tám, Phường 11, Quận 3, Hồ Chí Minh",20 m²,2 phòng,3 phòng,3 tầng,Sổ đỏ/ Sổ hồng,16/11/2025
"Cần bán nhà Nguyễn Sơn Hà - P5 - Quận 3, DT 70,4m2 gần bệnh viện Từ Dũ đang cho thuê 25tr/th",Thỏa thuận,"Đường Nguyễn Sơn Hà, Phường 5, Quận 3, Hồ Chí Minh","70,4 m²",4 phòng,4 phòng,4 tầng,Sổ đỏ/ Sổ hồng,27/11/2025
"Bán nhà HXH 16 Nguyễn Thiện Thuật, Quận 3 hẻm nhựa 6m - 5 tấm hoàn công đủ - khu vip chỉ 8.5 tỷ","8,5 tỷ","HXH 16, Phố Nguyễn Thiện Thuật, Phường 2, Quận 3, Hồ Chí Minh",26 m²,4 phòng,4 phòng,3 tầng,Sổ đỏ.,26/11/2025
"Bán nhà Quận 3 HXH 50m2 x 3 tầng nở hậu 5.5m, 4 PN sát MT Trần Văn Đang, 6 tỷ",6 tỷ,"Đường Trần Văn Đang, Phường 9, Quận 3, Hồ Chí Minh",50 m²,4 phòng,3 phòng,3 tầng,Sổ hồng,27/11/2025
"SIÊU PHẨM LÊ VĂN SỸ NHÀ MỚI ĐẸP 1 ĐỜI CHỦ
GÓC 2 MẶT HẺM- HẺM XE TẢI-CHỐT CỨNG KHÔNG TL 6,19 TỶ","6,19 tỷ","Đường Lê Văn Sỹ, Phường 12, Quận 3, Hồ Chí Minh","28,5 m²",2 phòng,2 phòng,2 tầng,Sổ đỏ/ Sổ hồng,25/11/2025
Bán nhà 6x12m - 4 lầu Bàn Cờ - đang thuê 45 triệu - giá 18.9 tỷ -0906 366 ***,"18,9 tỷ","Đường Bàn Cờ, Phường 3, Quận 3, Hồ Chí Minh","69,4 m²",N/A,N/A,4 tầng,Sổ đỏ/ Sổ hồng,18/11/2025
"Nhà 5.8x12m Võ Thị Sáu, Q3 - hầm 6 tầng thuê 60 triệu/th -0906 366 ***",26 tỷ,"Đường Võ Thị Sáu, Phường Võ Thị Sáu, Quận 3, Hồ Chí Minh","61,1 m²",N/A,N/A,6 tầng,Sổ đỏ/ Sổ hồng,18/11/2025
"BÁN NHÀ LÔ GÓC -NGUYỄN ĐÌNH CHIỂU,Q.3- 54M2- 5 TẦNG- GIÁ 16.5TỶ","16,5 tỷ","Phường 3, Quận 3, Hồ Chí Minh",54 m²,N/A,N/A,5 tầng,Sổ đỏ/ Sổ hồng,27/11/2025
"Nhà phố siêu hot mới xây ngay Điện Biên Phủ, Phường 4, Quận 3 - 76,8m2 - sổ hồng riêng",Thỏa thuận,"Đường Điện Biên Phủ, Phường 4, Quận 3, Hồ Chí Minh","76,8 m²",4 phòng,4 phòng,2 tầng,Sổ đỏ/ Sổ hồng,27/11/2025
Bank dí - 8.3 tỷ giảm còn 6.8 tỷ - 3.5x16m (53m2) - 4 tầng BTCT,"6,8 tỷ","Đường Lê Văn Sỹ, Phường 14, Quận 3, Hồ Chí Minh",53 m²,5 phòng,6 phòng,4 tầng,Sổ đỏ/ Sổ hồng,25/11/2025
"Tòa nhà văn phòng 6 tầng đường CMT8- Cư Xá Bắc Hải khu nội bộ (5.2x19m) TDTSD: 433m2, giá: 23.5 tỷ","23,5 tỷ","Đường Cách Mạng Tháng Tám, Phường 11, Quận 3, Hồ Chí Minh",93 m²,13 phòng,11 phòng,6 tầng,Sổ đỏ/ Sổ hồng,25/11/2025
"Nhà hiếm Q3, CMT8 138m2 ngang 10m HXH ô tô ngủ nhà, giá chỉ 13.5 tỷ","13,5 tỷ","Đường Cách Mạng Tháng Tám, Phường 10, Quận 3, Hồ Chí Minh",138 m²,3 phòng,5 phòng,2 tầng,Sổ đỏ/ Sổ hồng.,26/11/2025
"Bán nhà riêng HXH 6m Cách Mạng Tháng 8, Quận 3, 96m2 5 tầng, ngang 5.2m, 7PN, Giá 25.6 Tỷ TL","25,6 tỷ","Đường Cách Mạng Tháng Tám, Phường 11, Quận 3, Hồ Chí Minh",96 m²,7 phòng,7 phòng,5 tầng,Sổ đỏ/ Sổ hồng,25/11/2025
"Nhà mới 4 tầng DTSD 81m2 gần vòng xoay Lý Thái Tổ, Q3 hẻm 4m, nhà đẹp vào ở ngay giá 6,5 tỷ TL","6,5 tỷ","Đường Lý Thái Tổ, Phường 1, Quận 3, Hồ Chí Minh","24,4 m²",2 phòng,3 phòng,4 tầng,Sổ đỏ/ Sổ hồng,14/11/2025
"SIÊU PHẨM LÊ VĂN SỸ NHÀ MỚI ĐẸP 1 ĐỜI CHỦ
GÓC 2 MẶT HẺM- HẺM XE TẢI- GIÁ CHỐT KHÔNG TL 6,19 TỶ","6,19 tỷ","Đường Lê Văn Sỹ, Phường 12, Quận 3, Hồ Chí Minh","28,5 m²",2 phòng,2 phòng,2 tầng,Sổ đỏ/ Sổ hồng,25/11/2025
Nhà 4 Tầng Cách Mạng Tháng 8 Q3,"5,7 tỷ","Đường Cách Mạng Tháng Tám, Phường 11, Quận 3, Hồ Chí Minh",36 m²,4 phòng,3 phòng,4 tầng,Sổ đỏ/ Sổ hồng,26/11/2025
"Bán tòa nhà CHDV - HDT: 310tr/th - 42 tỷ - siêu khan hiếm góc 2 mặt tiền Lê Văn Sỹ, Q.3, 8 tầng TM",42 tỷ,"413/47A, Đường Lê Văn Sỹ, Phường 12, Quận 3, Hồ Chí Minh",175 m²,N/A,N/A,8 tầng,N/A,23/11/2025
"NHÀ MỚI, LÔ GÓC, KO LG QH - TRẦN QUỐC TOẢN - 3X5M2 (DTSD 75M2) - 4.48TỶ","4,48 tỷ","Đường Trần Quốc Toản, Phường Võ Thị Sáu, Quận 3, Hồ Chí Minh",15 m²,2 phòng,3 phòng,3 tầng,Sổ đỏ/ Sổ hồng,26/11/2025
Nhà hẻm xe tải ngay Lê Văn Sỹ- 4*12- 5 tầng- 5PN - Khu dân trí cao- ở/cho thuê cực đỉnh,"12,9 tỷ","Lê Văn Sỹ, 14, Quận 3, Hồ Chí Minh",46 m²,5 phòng,N/A,5 tầng,Sổ đỏ/ Sổ hồng,26/11/2025
"Siêu phẩm bán nhanh - Nam Kỳ Khởi Nghĩa, Quận 3 - DT: 8,7m x 20m. Giá tốt nhất khu vực",36 tỷ,"Đường Nam Kỳ Khởi Nghĩa, Phường Võ Thị Sáu, Quận 3, Hồ Chí Minh",170 m²,4 phòng,4 phòng,3 tầng,Sổ đỏ/ Sổ hồng,26/11/2025
"BÁN NHÀ QUẬN 3, NGUYỄN THÔNG, 4x11, 2 TẦNG, HẺM 3M, KHU DÂN TRÍ, NHÀ 2 MẶT HẺM","5,6 tỷ","Đường Nguyễn Thông, Phường 9, Quận 3, Hồ Chí Minh",41 m²,2 phòng,2 phòng,2 tầng,Sổ đỏ/ Sổ hồng,16/11/2025
"ĐI LÀM Q1,Q3 CHƯA ĐẾN 5 PHÚT !! SÁT MẶT TIỀN LÊ VĂN SỸ NHÀ 5 TẦNG BTCT 60m2 NHÀ ĐẸP KHANG TRANG","8,99 tỷ","Đường Lê Văn Sỹ, Phường 14, Quận 3, Hồ Chí Minh",60 m²,5 phòng,6 phòng,5 tầng,Sổ đỏ/ Sổ hồng,26/11/2025
"Sản phẩm khan hiếm. Hẻm VIP Lê Văn Sỹ, Q3 - giá sốc 39 tỷ - LH0937 921 ***",39 tỷ,"Đường Lê Văn Sỹ, Phường 5, Quận 3, Hồ Chí Minh","157,6 m²",N/A,N/A,4 tầng,N/A,26/11/2025
"Bán gấp nhà mới đường Lý Thái Tổ, 4,88 tỷ, dtsd 49m2, 2PN + 3WC + 3 tầng","4,88 tỷ","Đường Lý Thái Tổ, Phường 2, Quận 3, Hồ Chí Minh","18,6 m²",2 phòng,3 phòng,3 tầng,Sổ đỏ/ Sổ hồng,26/11/2025
"NHÀ MỚI ĐẸP, NỞ HẬU, HẺM 6M XH ĐẬU CỬA - NGUYỄN THIỆN THUẬT - 3.6/4.1X9 (35M2), 5TẦNG - NHỈNH 11TỶ","11,9 tỷ","Đường  Nguyễn Thiện Thuật, Phường 2, Quận 3, Hồ Chí Minh",35 m²,3 phòng,4 phòng,5 tầng,Sổ đỏ/ Sổ hồng,26/11/2025
"5TỶ200 | BÀN CỜ - NGUYỄN THIỆN THUẬT, Q.3 | Chính chủ giảm sâu 200 tr - cách mặt tiền 2 căn","5,2 tỷ","Đường  Nguyễn Thiện Thuật, Phường 3, Quận 3, Hồ Chí Minh",50 m²,4 phòng,5 phòng,3 tầng,Sổ đỏ/ Sổ hồng,07/11/2025
"1,8TỶ BÁN GẤP NHÀ QUẬN 3 - NGAY TÚ XƯƠNG | DT: 45m2 | HẺM 4,5m | CHO THUÊ 15TRIỆU / THÁNG | SHR","1,8 tỷ","Đường Tú Xương, Phường Võ Thị Sáu, Quận 3, Hồ Chí Minh",45 m²,N/A,N/A,3 tầng,Sổ đỏ/ Sổ hồng,18/11/2025
"SIÊU PHẨM CAO THẮNG TRUNG TÂM QUẬN 3, CHỈ 3.35 TỶ CÓ THANG MÁY, HẺM Ô TÔ! Diện tích: 50m","3,35 tỷ","Đường Cao Thắng, Phường 5, Quận 3, Hồ Chí Minh",50 m²,N/A,N/A,3 tầng,Sổ đỏ/ Sổ hồng,21/11/2025
BÁN NHÀ PASTEUR QUẬN 3 CHỈ 3 TỎI 250 CÓ SẴN HD THUÊ 18 TRIỆU/THÁNG PHÁP LÝ CHUẨN ĐƯỜNG 6M,Thỏa thuận,"Đường Pasteur, Phường Võ Thị Sáu, Quận 3, Hồ Chí Minh",70 m²,4 phòng,5 phòng,3 tầng,Sổ đỏ/ Sổ hồng,26/11/2025
"Nhà siêu dài hẻm Lê Văn Sỹ, Q3, 59,84m2",Thỏa thuận,"Đường Lê Văn Sỹ, Phường 12, Quận 3, Hồ Chí Minh","59,84 m²",3 phòng,3 phòng,2 tầng,Sổ đỏ/ Sổ hồng,22/11/2025
"NHÀ MỚI, LÔ GÓC THOÁNG - NAM KỲ KHỞI NGHĨA - 4.8X8 (30/36M2), 5TẦNG - 7.9TỶ","7,9 tỷ","Đường Nam Kỳ Khởi Nghĩa, Phường Võ Thị Sáu, Quận 3, Hồ Chí Minh",30 m²,3 phòng,3 phòng,5 tầng,Sổ đỏ/ Sổ hồng,26/11/2025
"BÁN GẤP TRONG TUẦN NHÀ 3 TẦNG HẺM VIP 6M NGUYỄN ĐÌNH CHIỂU, QUẬN 3, CHỈ 19.5 TỶ.","19,5 tỷ","Đường Nguyễn Đình Chiểu, Phường 5, Quận 3, Hồ Chí Minh",80 m²,4 phòng,3 phòng,3 tầng,Sổ đỏ/ Sổ hồng,26/11/2025
"Bán 2 căn liền kề Kỳ Đồng, Q3 (6,5x14,5m) CPXD 6 tầng thang máy, 14 CHDV giá 20,5 tỷ.0906 871 ***","20,5 tỷ","Đường  Kỳ Đồng, Phường 9, Quận 3, Hồ Chí Minh",91 m²,N/A,N/A,2 tầng,N/A,26/11/2025
"Nhà HXH Cực Hiếm Tại Nguyễn Đình Chiểu,Quận 3, chỉ với Giá 3Ty590, DT 58,42m2","3,59 tỷ","Đường Nguyễn Đình Chiểu, Phường 5, Quận 3, Hồ Chí Minh","58,42 m²",3 phòng,3 phòng,4 tầng,N/A,15/11/2025
"CỰC GẤP BÁN, GIÁ ĐẦU TƯ, NHÀ 3 TẦNG CŨ, QUẬN 3 , CHỈ 13.5 TỶ.","13,5 tỷ","Đường Điện Biên Phủ, Phường 1, Quận 3, Hồ Chí Minh",76 m²,3 phòng,3 phòng,3 tầng,Sổ đỏ/ Sổ hồng,26/11/2025
"Bán tại vị trí vàng Nguyễn Thiện Thuật, Q3, DT 56,4m2",Thỏa thuận,"Đường  Nguyễn Thiện Thuật, Phường 1, Quận 3, Hồ Chí Minh","56,4 m²",4 phòng,3 phòng,2 tầng,Sổ đỏ/ Sổ hồng,16/11/2025
Bán nhà riêng chính chủ gần 20m2 quận 3,"2,5 tỷ","Đường Hoàng Sa, Phường 11, Quận 3, Hồ Chí Minh","18,4 m²",2 phòng,2 phòng,2 tầng,Sổ đỏ/ Sổ hồng,26/11/2025
"Siêu phẩm Trường Sa - thông Lê Văn Sỹ, Q3 (5X20m) CPXD 5 tầng, gần 100m2, giá 25 tỷ TL0906 871 ***",25 tỷ,"Đường Lê Văn Sỹ, Phường 14, Quận 3, Hồ Chí Minh",99 m²,N/A,N/A,2 tầng,N/A,26/11/2025
[QUẬN 3] BÁN NHÀ 5 TẦNG HXH 6M THÔNG GẦN MẶT TIỀN LÝ THÁI TỔ 4PN CHỈ HƠN 10 TỶ!,"10,3 tỷ","Đường Nguyễn Đình Chiểu, Phường 2, Quận 3, Hồ Chí Minh",32 m²,4 phòng,4 phòng,5 tầng,Sổ đỏ/ Sổ hồng,26/11/2025
[QUẬN 3] BÁN NHÀ SIÊU PHẨM 6 TẦNG ĐƯỜNG HXH NHỰA 10M TẶNG FULL NỘI THẤT CHỈ 15.95 TỶ,"15,95 tỷ","Đường Điện Biên Phủ, Phường 1, Quận 3, Hồ Chí Minh",56 m²,4 phòng,4 phòng,6 tầng,Sổ đỏ/ Sổ hồng,26/11/2025
"[QUẬN 3] BÁN NHÀ MỚI ĐẸP 5 TẦNG HXH GẦN CHỢ BÀN CỜ - XE HƠI NGỦ TRONG NHÀ, CHỈ 11.8 TỶ","11,8 tỷ","Đường Bàn Cờ, Phường 2, Quận 3, Hồ Chí Minh",35 m²,3 phòng,4 phòng,5 tầng,Sổ đỏ/ Sổ hồng,26/11/2025
"Bán nhà mặt tiền hẻm xe tải Nguyễn Thiện Thuật, P. 1, Q3, (DT: 5x17m), HĐT 85 tr, giá 26 tỷ TL",26 tỷ,"Đường  Nguyễn Thiện Thuật, Phường 1, Quận 3, Hồ Chí Minh",84 m²,8 phòng,8 phòng,6 tầng,Sổ đỏ/ Sổ hồng,15/11/2025
"Siêu hiếm tài sản mặt tiền hẻm xe hơi Hai Bà Trưng, P8, Quận 3 (DT: 5x21m. CN 107m2) giá 31,5 tỷ","31,5 tỷ","Đường  Hai Bà Trưng, Phường Võ Thị Sáu, Quận 3, Hồ Chí Minh",107 m²,7 phòng,7 phòng,4 tầng,Sổ đỏ/ Sổ hồng,25/11/2025
"Bán nhà mặt tiền hẻm xe hơi Lê Văn Sỹ, P.12, Quận 3 (DT:4,45x16m, hậu 10m, cn110m2) 18 Tỷ",18 tỷ,"Đường Lê Văn Sỹ, Phường 12, Quận 3, Hồ Chí Minh",110 m²,4 phòng,4 phòng,2 tầng,Sổ đỏ/ Sổ hồng,25/11/2025
"Giảm 4 tỷ bán biệt thự mặt tiền hẻm xe hơi Lê Văn Sỹ, P.14, Quận 3 (DT: 8,8x20m, 176m2) 39 tỷ",39 tỷ,"Đường Lê Văn Sỹ, Phường 14, Quận 3, Hồ Chí Minh",176 m²,5 phòng,5 phòng,3 tầng,Sổ đỏ/ Sổ hồng,25/11/2025
"Căn góc 2 mặt tiền HXH vip 7m Nam Kỳ Khởi Nghĩa, Q3. Giá 24 tỷ. DT: 95.5m2. HĐT: 75 triệu/tháng",24 tỷ,"Đường Nam Kỳ Khởi Nghĩa, Phường Võ Thị Sáu, Quận 3, Hồ Chí Minh","95,5 m²",4 phòng,5 phòng,3 tầng,Sổ đỏ/ Sổ hồng.,21/11/2025
"Nhà đẹp Nguyễn Định Chiểu, khu Vườn Chuối, Quận 3, nở hậu, nội thất xịn, cho thuê 20 triệu, 8,5 tỷ","8,5 tỷ","Đường Nguyễn Đình Chiểu, Phường 4, Quận 3, Hồ Chí Minh",46 m²,4 phòng,3 phòng,4 tầng,Sổ đỏ/ Sổ hồng,21/11/2025
"Bán nhà hẻm xe hơi trải nhựa 8m Quận 3 Nguyễn Đình Chiểu 6.5 x 16m, 3 lầu vị trí đẹp giá 33,9 tỷ TL","33,9 tỷ","Đường Nguyễn Đình Chiểu, Phường 5, Quận 3, Hồ Chí Minh",100 m²,5 phòng,6 phòng,4 tầng,Sổ đỏ/ Sổ hồng.,20/11/2025
"Bán nhà HXH 16 Nguyễn Thiện Thuật, Quận 3 hẻm nhựa 6m - 5 tấm hoàn công đủ - khu vip chỉ 8.5 tỷ","8,5 tỷ","16 Nguyễn Thiện Thuật, Phường 2, Quận 3, Hồ Chí Minh",26 m²,4 phòng,4 phòng,3 tầng,Sổ hồng.,24/11/2025
"Nhà Lý Chính Thắng, Quận 3, giá dưới 3 tỷ, 2 tầng, 1 phòng ngủ","2,9 tỷ","Đường Lý Chính Thắng, Phường Võ Thị Sáu, Quận 3, Hồ Chí Minh",14 m²,1 phòng,2 phòng,2 tầng,Sổ đỏ/ Sổ hồng,21/11/2025
HẺM 4M TRUNG TÂM Q3 - 4 TẦNG - NHỈNH 5 TỶ,"5,7 tỷ","Nguyễn Thiện Thuật, 2, Quận 3, Hồ Chí Minh",22 m²,3 phòng,4 phòng,3 tầng,N/A,26/11/2025
"Nhà hẻm Trường Sa, 3 tầng 4 phòng ngủ, 5m ra mặt tiền bờ kè, 3,7m x 8,3m, giá chỉ 5,9 tỷ","5,9 tỷ","Đường Trường Sa, Phường 12, Quận 3, Hồ Chí Minh",31 m²,4 phòng,3 phòng,4 tầng,Sổ đỏ/ Sổ hồng,21/11/2025
HẺM 16 NGUYỄN THIỆN THUẬT - TRUNG TÂM Q3 - CHỈ NHỈNH 7 TỶ,"7,5 tỷ","Nguyễn Thiện Thuật, 2, Quận 3, Hồ Chí Minh",30 m²,3 phòng,4 phòng,5 tầng,N/A,26/11/2025
"TRUNG TÂM Q 3 , 4 TẦNG BTCT - NHÀ MỚI ĐẸP - THÔNG TỨ TUNG - NHỈNH 5 TỶ","5,65 tỷ","Đường  Nguyễn Thiện Thuật, Phường 2, Quận 3, Hồ Chí Minh",22 m²,N/A,N/A,4 tầng,N/A,26/11/2025
TRUNG TÂM Q3 - HẺM 4M - NHỈNH 3 TỶ,"3,95 tỷ","Đường  Nguyễn Thiện Thuật, Phường 2, Quận 3, Hồ Chí Minh",15 m²,2 phòng,2 phòng,3 tầng,Sổ đỏ/ Sổ hồng,26/11/2025
Bán gấp trong tháng - Bán nhà Nguyễn Đình Chiểu 71.2m² - 3 tầng - 20 tỷ,20 tỷ,"Đường Nguyễn Đình Chiểu, Phường 5, Quận 3, Hồ Chí Minh","71,2 m²",N/A,N/A,3 tầng,Sổ đỏ/ Sổ hồng,26/11/2025
"Nhà đẹp hẻm xe hơi sát mặt tiền KD đường Nguyễn Phúc Nguyên, Quận 3. 53,7m2. 4PN 4WC",Thỏa thuận,"Đường Nguyễn Phúc Nguyên, Phường 10, Quận 3, Hồ Chí Minh","53,7 m²",4 phòng,4 phòng,3 tầng,Sổ đỏ/ Sổ hồng,26/11/2025
"Cần bán gấp nhà 79m2 ngay Lê Văn Sỹ, P14, Quận 3. Gần ĐH Sư Phạm, chợ Nguyễn Văn Trỗi",Thỏa thuận,"Đường Lê Văn Sỹ, Phường 14, Quận 3, Hồ Chí Minh",79 m²,4 phòng,5 phòng,3 tầng,Sổ đỏ/ Sổ hồng,26/11/2025
"Chú Tiến kẹt tiền bán nhà đường Kỳ Đồng, P9, Q3 65,1m2 cho thuê 33 tr gần BV Tai Mũi Họng",Thỏa thuận,"Đường  Kỳ Đồng, Phường 9, Quận 3, Hồ Chí Minh","65,1 m²",4 phòng,5 phòng,2 tầng,Hoàn công đầy đủ - Công chứng ngay.,26/11/2025
CHÍNH CHỦ ĐỊNH CƯ NƯỚC NGOÀI BÁN NHÀ ĐIỆN BIÊN PHỦ P3 Q3 DT 75M2 GIÁ 3 TỶ 250 HDT 16TR/TH SHR,Thỏa thuận,"Đường Điện Biên Phủ, Phường 3, Quận 3, Hồ Chí Minh",75 m²,4 phòng,5 phòng,4 tầng,Sổ đỏ/ Sổ hồng,18/11/2025
"Giảm 500 triệu cô Quyên bán nhà Kỳ Đồng, P9, Q3. 81,9m2 gần chợ Tân Định. Cho thuê 27tr/th",Thỏa thuận,"Đường  Kỳ Đồng, Phường 9, Quận 3, Hồ Chí Minh","81,9 m²",4 phòng,5 phòng,4 tầng,Sổ đỏ/ Sổ hồng,26/11/2025
Suất đặc biệt! Sở hữu nhà Quận 3 - 36m2 - P5 - Đ. Nguyễn Đình Chiểu - sổ riêng,Thỏa thuận,"Đường Nguyễn Đình Chiểu, Phường 5, Quận 3, Hồ Chí Minh",36 m²,4 phòng,4 phòng,4 tầng,SĐ,26/11/2025
"BÁN GẤP NHÀ HẺM 5M ĐƯỜNG VÕ VĂN TẦN P5 Q3 DT 82M2 GIÁ 3 TỶ 550 FULL NỘI THẤT , PHÁP LÝ CHUẨN CHỈNH",Thỏa thuận,"Đường Võ Văn Tần, Phường 5, Quận 3, Hồ Chí Minh",82 m²,4 phòng,5 phòng,4 tầng,Sổ đỏ/ Sổ hồng,26/11/2025
"Nhà Vuông Vức ( 8 x 20m ) - 160m2 - Hẻm Xe Tải Lê Văn Sỹ. P13. Quận 3. Vô Ở Ngay - Giá 39,9 Tỷ","39,9 tỷ","Đường Lê Văn Sỹ, Phường 13, Quận 3, Hồ Chí Minh",160 m²,N/A,N/A,4 tầng,Sổ đỏ/ Sổ hồng,18/11/2025
"Bán nhà Huỳnh Tịnh Của, Quận 3, kế bên chợ Tân Định, đã xây lên 3 tầng, 2,7 x 12 giá chỉ 5,4 tỷ","5,4 tỷ","Đường Huỳnh Tịnh Của, Phường Võ Thị Sáu, Quận 3, Hồ Chí Minh","32,3 m²",4 phòng,3 phòng,3 tầng,Sổ đỏ/ Sổ hồng,18/11/2025
Bán nhà hẻm 399 Nguyễn Đình Chiểu phường 5 quận 3 55m2 3 tầng giá 15.5 tỷ.,"15,5 tỷ","Đường Nguyễn Đình Chiểu, Phường 5, Quận 3, Hồ Chí Minh",55 m²,N/A,N/A,3 tầng,Sổ đỏ/ Sổ hồng,26/11/2025
"Bán nhà nhỏ xinh 2PN DT: 13m2, diện tích sử dụng 39m2 tại Phường 5, Quận 3, HCM, giá 2,75 tỷ","2,75 tỷ","Phường 5, Quận 3, Hồ Chí Minh",13 m²,2 phòng,N/A,3 tầng,Sổ đỏ/ Sổ hồng,26/11/2025
"Bán nhà cũ Lê Văn Sỹ, Quận 3, hẻm xe hơi, gần chợ Nguyễn Văn Trỗi, mặt tiền 6m, giá chỉ 8,9 tỷ","8,9 tỷ","Đường Lê Văn Sỹ, Phường 13, Quận 3, Hồ Chí Minh","58,5 m²",2 phòng,2 phòng,2 tầng,Sổ đỏ/ Sổ hồng,18/11/2025
"Bán nhà cũ đường Kỳ Đồng, Quận 3, khu hẻm thông, ngang lớn gần 4m, 35m2 giá chỉ 4,6 tỷ.","4,6 tỷ","Đường  Kỳ Đồng, Phường 9, Quận 3, Hồ Chí Minh.",35 m²,3 phòng,2 phòng,2 tầng,Sổ đỏ/ Sổ hồng,18/11/2025
"Nhà hẻm 290/x Nam Kỳ Khởi Nghĩa Q3 - 8,5x20 - 170m2 - 5 Tầng - Hđt: 105 triệu/th - 29 Tỷ",29 tỷ,"Đường Nam Kỳ Khởi Nghĩa, Phường Võ Thị Sáu, Quận 3, Hồ Chí Minh",170 m²,8 phòng,8 phòng,5 tầng,Sổ đỏ/ Sổ hồng,14/11/2025
Bán gấp nhà Nguyễn Gia Trí Bthanh.Gia 1ty550. DT 40m2 (4mx10m) 1trệt 2lầu 3phòngngủ 3WC. Hẻm ô tô,"1,55 tỷ","Đường  Nguyễn Gia Trí, phường 25 Bình Thạnh Hồ Chí Minh.",40 m²,3 phòng,3 phòng,3 tầng,Sổ đỏ/ Sổ hồng.,16/11/2025
"Bán nhà 230E Pastuer, P.6, Quận 3. DT: 15x30m. DTCN: ~400m2 đất. 1 hầm 4 tầng. Giá: 8x tỷ",80 tỷ,"230E, Đường Pasteur, Phường Võ Thị Sáu, Quận 3, Hồ Chí Minh",400 m²,7 phòng,8 phòng,5 tầng,Sổ đỏ/ Sổ hồng,20/11/2025
"Nhà Bán HXH 10m 339 Lê Văn Sỹ, Q3 - DT 9mx20m, 4 Tầng",38 tỷ,"Đường Lê Văn Sỹ, Phường 13, Quận 3, Hồ Chí Minh",160 m²,N/A,N/A,4 tầng,Sổ đỏ/ Sổ hồng,26/11/2025
"Bán nhà Trần Quang Diệu, Q3 6x18m nở hậu 8m (108m2) nhà cấp 4, giá 13.5 tỷ TL","13,5 tỷ","Đường Trần Quang Diệu, Phường 14, Quận 3, Hồ Chí Minh",108 m²,3 phòng,2 phòng,5 tầng,Sổ đỏ/ Sổ hồng,12/11/2025
"1 đời chủ! Hẻm 6m Nam Kỳ Khởi Nghĩa, P8. Q3. DT: 4*16m. KC: 4 tầng. Gía 18.9 tỷ TL","18,9 tỷ","Đường Nam Kỳ Khởi Nghĩa, Phường Võ Thị Sáu, Quận 3, Hồ Chí Minh",62 m²,5 phòng,6 phòng,4 tầng,N/A,26/11/2025
"LÊ VĂN SỸ - TRẦN QUỐC THẢO5m X 13m 3 tầng NỞ HẬU TÀI LỘC,CỬA HẬU PCCCCÔNG TY THUÊ 3O TRIỆU","13,88 tỷ","Đường Lê Văn Sỹ, Phường 12, Quận 3, Hồ Chí Minh",65 m²,4 phòng,3 phòng,3 tầng,Sổ đỏ/ Sổ hồng,25/11/2025
"NGAY GA SÀI GÒN, VỊ TRÍ TUYỆT VỜI, HẺM TRẦN VĂN ĐANG THÔNG VỚI KHU ẨM THỰC BẬC NHẤT","4,4 tỷ","Đường Trần Văn Đang, Phường 9, Quận 3, Hồ Chí Minh",29 m²,2 phòng,2 phòng,2 tầng,Sổ đỏ/ Sổ hồng,21/11/2025
HXH Nguyễn Đình Chiểu P Bàn Cờ Q3 3.3x10m 32m2 trệt lửng 2 lầu ST mới full nội thất giá 9.3 tỷ tl,"9,3 tỷ","Đường Nguyễn Đình Chiểu, Phường 2, Quận 3, Hồ Chí Minh",32 m²,4 phòng,N/A,4 tầng,Sổ đỏ/ Sổ hồng,20/11/2025
"Bán nhà hẻm xe hơi 118 Trần Quang Diệu, P14, Q3, 5.2x13 trệt 2 lầu sân thượng",16 tỷ,"Đường Trần Quang Diệu, Phường 14, Quận 3, Hồ Chí Minh",65 m²,N/A,N/A,2 tầng,Sổ đỏ/ Sổ hồng,26/11/2025
Giảm 5 tỷ! Bán nhà Hầm 6 tầng 24CHDV - Thu nhập 1.560 tỷ/n - đường Nam Kỳ Khởi Nghĩa Q3.,"27,5 tỷ","Đường Nam Kỳ Khởi Nghĩa, Phường Võ Thị Sáu, Quận 3, Hồ Chí Minh",118 m²,N/A,N/A,6 tầng,Sổ đỏ/ Sổ hồng,26/11/2025
"Cực ngon! Hẻm 5m kinh doanh Lý Chính Thắng Quận 3 - SD 43m2 ngang 4m, 2 tầng","3,9 tỷ","Hẻm 60, Đường Lý Chính Thắng, Phường Võ Thị Sáu, Quận 3, Hồ Chí Minh","28,8 m²",2 phòng,2 phòng,2 tầng,Sổ đỏ/ Sổ hồng,26/11/2025
Bán gấp trong tuần - bán nhà Lê Văn Sỹ 213.5m² - 2 tầng - 26.5 tỷ - 124.12 triệu/m²,"26,5 tỷ","Đường Lê Văn Sỹ, Phường 14, Quận 3, Hồ Chí Minh",214 m²,3 phòng,3 phòng,2 tầng,Sổ đỏ/ Sổ hồng,26/11/2025
Bán đất tặng nhà 78m2 (10x11m) CMT8 P10 Q3 - 5.5 tỷ,"5,5 tỷ","Đường Cách Mạng Tháng Tám, Phường 10, Quận 3, Hồ Chí Minh","77,7 m²",N/A,N/A,N/A,Sổ đỏ/ Sổ hồng,26/11/2025
Bán gấp trong tuần - Bán nhà Nguyễn Đình Chiểu 38.4m² - 1 tầng - 6.3 tỷ - 164.06 triệu/m²,"6,3 tỷ","Đường Nguyễn Đình Chiểu, Phường 4, Quận 3, Hồ Chí Minh","38,4 m²",N/A,N/A,1 tầng,Sổ đỏ/ Sổ hồng,26/11/2025
MẶT TIỀN HẺM KIẾN TRÚC CHÂU ÂU - NHÀ MỚI 4 LẦU KIÊN CỐ,12 tỷ,"Đường Tôn Đản, Phường 8, Quận 4, Hồ Chí Minh",124 m²,N/A,N/A,6 tầng,Sổ đỏ/ Sổ hồng,23/11/2025
Bán gấp trong tuần - Bán nhà Lê Văn Sỹ 58.5m² - 2 tầng - 8.9 tỷ - 152.14 triệu/m²,"8,9 tỷ","Đường Lê Văn Sỹ, Phường 13, Quận 3, Hồ Chí Minh","58,5 m²",2 phòng,2 phòng,2 tầng,Sổ đỏ/ Sổ hồng,26/11/2025
"Bán biệt thự Đường số 9, Q4, 123m2, 6m x 20m, 5 tầng chỉ 11,9 tỷ!","11,9 tỷ","Đường Số 9, Phường 8, Quận 4, Hồ Chí Minh",123 m²,5 phòng,6 phòng,5 tầng,Sổ đỏ/ Sổ hồng,23/11/2025
"Định cư nước ngoài, bán nhà 4 tầng, full nội thất, Q4 giá 7,9 tỷ","7,9 tỷ","Đường Xóm Chiếu, Phường 14, Quận 4, Hồ Chí Minh",56 m²,6 phòng,7 phòng,4 tầng,Sổ hồng riêng,27/11/2025
"Chính chủ kẹt tiền bán gấp căn Q4, 50m2, hẻm oto 6m có SHR chính chủ. LH để coi nhà ngay",Thỏa thuận,"Đường Bến Vân Đồn, Phường 3, Quận 4, Hồ Chí Minh",50 m²,3 phòng,3 phòng,3 tầng,Sổ đỏ/ Sổ hồng,23/11/2025
"Bán NR 2PN, 3WC, 23m2 tại Tôn Đản, Q4, HCM giá siêu hời 3,999 tỷ",4 tỷ,"Đường Tôn Đản, Phường 4, Quận 4, Hồ Chí Minh",23 m²,2 phòng,3 phòng,4 tầng,Sổ đỏ/ Sổ hồng,27/11/2025
"Bán nhà Bến Vân Đồn, Quận 4, 60m2, 4 tầng, ngang hiếm 5.4m, nhích 9 tỷ","9,6 tỷ","Phường 5, Quận 4, Hồ Chí Minh",60 m²,N/A,N/A,4 tầng,Sổ vuông,26/11/2025
"Bán nhà 4 tầng cho thuê quận 4 - 4 p. Ngủ, hẻm ô tô, gần ĐH Nguyễn Tất Thành, dòng tiền ổn định","5,85 tỷ","Đường Đoàn Văn Bơ, Phường 14, Quận 4, Hồ Chí Minh","46,7 m²",4 phòng,3 phòng,4 tầng,Sổ đỏ/ Sổ hồng,26/11/2025
"Nhà 3 tầng 4PN - sổ 46m² - 1 sẹc Tôn Đản. Chỉ 3,95 tỷ","3,95 tỷ","Đường Tôn Đản, Phường 13, Quận 4, Hồ Chí Minh",46 m²,4 phòng,5 phòng,3 tầng,Sổ đỏ/ Sổ hồng,24/11/2025
Bán nhà 4 tầng đường truớc nhà 4m rộng rãi. Khu dân cư hiên hữu.,"4,1 tỷ","Đường Nguyễn Thần Hiến, Phường 18, Quận 4, Hồ Chí Minh",30 m²,2 phòng,3 phòng,4 tầng,Sổ đỏ/ Sổ hồng,27/11/2025
"Bán Nhà Đường Tôn Đản, Phường 4, Quận 4, Hồ Chí Minh, 3,9 tỷ, 23 m2","3,9 tỷ","Đường Tôn Đản, Phường 4, Quận 4, Hồ Chí Minh",23 m²,N/A,N/A,N/A,Sổ đỏ/ Sổ hồng,26/11/2025
"Bán gấp nhà đẹp tại Đoàn Văn Bơ, P15, Q4, HCM, 46m2",Thỏa thuận,"Đường Đoàn Văn Bơ, Phường 15, Quận 4, Hồ Chí Minh",46 m²,N/A,N/A,N/A,N/A,26/11/2025
"Hẻm to nhà đẹp xuất sắc tại Xóm Chiếu, Q4 52m2",Thỏa thuận,"Đường Xóm Chiếu, Phường 15, Quận 4, Hồ Chí Minh",52 m²,3 phòng,3 phòng,2 tầng,Sổ đỏ/ Sổ hồng,26/11/2025
"Bán dãy trọ ngang lớn 5.9m nở hậu 8.1m DT lớn 110.5m2, kế MT xe hơi Đoàn Văn Bơ- ra Xóm Chiếu 30m","7,86 tỷ","Đường Đoàn Văn Bơ, Phường 18, Quận 4, Hồ Chí Minh","110,5 m²",5 phòng,5 phòng,1 tầng,Sổ đỏ/ Sổ hồng,26/11/2025
NHÀ PHỐ ĐẸP 03 TẤM - KHU DÂN CƯ HIỆN HỮU - KHÔNG CÓ CĂN THỨ 2 giá này,"4,5 tỷ","Đường Đoàn Văn Bơ, Phường 14, Quận 4, Hồ Chí Minh","51,5 m²",5 phòng,4 phòng,3 tầng,Sổ đỏ/ Sổ hồng,13/11/2025
"Bán nhà HXH, 4 tầng Hoàng Diệu Q4 giá 6,5 tỷ","6,5 tỷ","Đường Hoàng Diệu, Phường 8, Quận 4, Hồ Chí Minh",36 m²,4 phòng,3 phòng,4 tầng,Sổ hồng,26/11/2025
"BÁN NHÀ KHU VIP HOÀNG DIỆU  NHÀ MỚI ĐẸP, HOÀN CÔNG ĐẦY ĐỦ","6,5 tỷ","Đường Hoàng Diệu, Phường 9, Quận 4, Hồ Chí Minh",35 m²,4 phòng,3 phòng,3 tầng,Sổ đỏ/ Sổ hồng,14/11/2025
QUẬN 4 - SIÊU PHẨM XÓM CHIẾU  5TẦNG MỚI KENG - CÁCH MẶT TIỀN 3 CĂN,"8,5 tỷ","Đường Xóm Chiếu, Phường 14, Quận 4, Hồ Chí Minh",57 m²,N/A,N/A,5 tầng,N/A,21/11/2025
"Biệt thự mini khu đường số, quận 4 khu dân cư hiện hữu không lo giải tỏa","8,19 tỷ","Đường 43, Phường 4, Quận 4, Hồ Chí Minh","40,6 m²",4 phòng,3 phòng,3 tầng,Sổ đỏ/ Sổ hồng,17/11/2025
Bán nhà Q4 kèo thơm khu hai mươi thướt hẻm truớc nhà 4m,"4,2 tỷ","Đường 20 Thước, Phường 9, Quận 4, Hồ Chí Minh","21,2 m²",2 phòng,2 phòng,3 tầng,Sổ đỏ/ Sổ hồng,18/11/2025
BÁN NHÀ Q4 : Khu Vực hiếm hẻm 120 LÊ QUỐC HƯNG - KHU PHÂN LÔ ĐỒNG BỘ,"3,8 tỷ","Đường Lê Quốc Hưng, Phường 13, Quận 4, Hồ Chí Minh","22,4 m²",1 phòng,1 phòng,2 tầng,Sổ đỏ/ Sổ hồng,23/11/2025
BÁN NHÀ 05 TẤM -KHU VIP BẾN VÂN ĐỒN Quận 4,"3,8 tỷ","Phường 6, Quận 4, Hồ Chí Minh",15 m²,2 phòng,3 phòng,5 tầng,Sổ đỏ/ Sổ hồng,23/11/2025
"Bán nhà 4 tầng, sát mặt tiền Q4 giá 4,75 tỷ","4,75 tỷ","Đường Hoàng Diệu, Phường 8, Quận 4, Hồ Chí Minh",27 m²,2 phòng,3 phòng,4 tầng,Sổ đỏ/ Sổ hồng,21/11/2025
"Ròng rã không nổi, chủ bán gấp nhà Hoàng Diệu, Phường 8, Quận 4, 72m2,giá 2tỷ 350 thuê 20tr.SHR",Thỏa thuận,"Đường Hoàng Diệu, Phường 8, Quận 4, Hồ Chí Minh",72 m²,5 phòng,5 phòng,4 tầng,N/A,22/11/2025
"Bán nhà Khánh Hội, Q4 giá 6,7 tỷ","6,7 tỷ","Đường Khánh Hội, Phường 4, Quận 4, Hồ Chí Minh",45 m²,3 phòng,3 phòng,3 tầng,Sổ đỏ/ Sổ hồng,24/11/2025
Vị trí cách mặt tiền đúng 30 m bán nhà mới khu dân cư hiện hữu,3 tỷ,"Đường Đoàn Văn Bơ, Phường 16, Quận 4, Hồ Chí Minh",21 m²,2 phòng,2 phòng,2 tầng,Sổ đỏ/ Sổ hồng,16/11/2025
"Ngang 3*9,75m xe tải 2,5 tấn đến nhà mặt tiền nội khu Tân Vĩnh, SD 94m2, Quận 4","9,2 tỷ","Đường Tân Vĩnh, Phường 4, Quận 4, Hồ Chí Minh",33 m²,4 phòng,3 phòng,3 tầng,Sổ đỏ/ Sổ hồng,26/11/2025
"Bán nhà riêng Đoàn Văn Bơ, 1,99 tỷ, 9m2, 2PN, 2WC, Quận 4, TP.HCM","1,99 tỷ","Đường Đoàn Văn Bơ, Phường 16, Quận 4, Hồ Chí Minh",9 m²,2 phòng,2 phòng,4 tầng,Sổ đỏ/ Sổ hồng,26/11/2025
"Bến Vân Đồn, SD 83m2, sổ hồng riêng KDC, lửng 2 lầu Quận 4","4,65 tỷ","303/ Đường Bến Vân Đồn, Phường 2, Quận 4, Hồ Chí Minh",22 m²,3 phòng,2 phòng,3 tầng,Sổ đỏ/ Sổ hồng,26/11/2025
"4,2 tỷ Nhà BẾN VÂN ĐỒN _ SD 59m _ Sổ Hồng Riêng _ Quận 4","4,2 tỷ","303 Đường Bến Vân Đồn, Phường 2, Quận 4, Hồ Chí Minh",30 m²,2 phòng,2 phòng,2 tầng,Sổ đỏ/ Sổ hồng,26/11/2025
Hẻm Tôn Thất Thuyết thông - 102m2 - Giá 7 tỷ - Khu dân cư hiện hữu không quy hoạch,7 tỷ,"Đường Tôn Thất Thuyết, Phường 3, Quận 4, Hồ Chí Minh",102 m²,N/A,N/A,N/A,N/A,26/11/2025
"Bán nhà hẽm chính 538 đoàn văn bơ 84m2 2 tầng 7,9ty TL","7,9 tỷ","Đường Đoàn Văn Bơ, Phường 14, Quận 4, Hồ Chí Minh",84 m²,3 phòng,2 phòng,2 tầng,Sổ đỏ/ Sổ hồng,26/11/2025
"Bán Nhà Riêng tại Đường 20 Thước, 4,1 tỷ, 21 m2, giá ưu đãi","4,1 tỷ","Đường 20 Thước, Phường 8, Quận 4, Hồ Chí Minh",21 m²,N/A,N/A,N/A,N/A,26/11/2025
"Bán NR tại Đoàn Văn Bơ, 3,89 tỷ, 28m2, 2PN, 2WC, 2 tầng, mặt tiền 4m","3,89 tỷ","Đường Đoàn Văn Bơ, Phường 16, Quận 4, Hồ Chí Minh",28 m²,2 phòng,2 phòng,2 tầng,Sổ đỏ/ Sổ hồng,26/11/2025
BÁN NHÀ 60M2/4TỶ9 ĐƯỜNG TÔN THẤT THUYẾT P3 Q4 SỔ HỒNG RIÊNG CHÍNH CHỦ HẺM XE HƠI,Thỏa thuận,"Đường Tôn Thất Thuyết, Phường 3, Quận 4, Hồ Chí Minh",60 m²,3 phòng,5 phòng,2 tầng,Sổ đỏ/ Sổ hồng,26/11/2025
Q4 siêu phẩm 1/ Tôn Thất Thuyết - Xóm Chiếu - 50m2 - 4 tỷ 850 CTL- HĐT: 13tr/tháng LH:0787 782 ***,"4,85 tỷ","Đường Tôn Thất Thuyết, Phường 16, Quận 4, Hồ Chí Minh",50 m²,4 phòng,4 phòng,3 tầng,Sổ đỏ/ Sổ hồng,25/11/2025
"Bán nhà HXH Bến Vân Đồn, Quận 4, gần Gold View, 157m2, ngang 6.5m, hơn 80tr/m2","12,9 tỷ","Đường Nguyễn Khoái, Phường 2, Quận 4, Hồ Chí Minh",157 m²,N/A,N/A,N/A,Sổ hồng,26/11/2025
Cực xịn chủ bán căn nhà tâm huyết Đoàn Văn Bơ - 50m2 - 4 tỷ 750 - bao sang tên SHR,"4,75 tỷ","Đường Đoàn Văn Bơ, Phường 1, Quận 4, Hồ Chí Minh",50 m²,3 phòng,2 phòng,3 tầng,Sổ đỏ/ Sổ hồng,25/11/2025
"Bán nhà chiều dài lý tưởng tại Xóm Chiếu, Quận 4, DT 62,73 m2",Thỏa thuận,"Đường Xóm Chiếu, Phường 15, Quận 4, Hồ Chí Minh","62,73 m²",3 phòng,3 phòng,N/A,N/A,25/11/2025
"SIÊU PHẨM NHÀ PHỐ ngay Đoàn Văn Bơ-Q.4, giá 3Tỷ190/69m2, đang cho thuê 24tr gần cầu Đoàn Văn Bơ.",Thỏa thuận,"Đường Đoàn Văn Bơ, Phường 9, Quận 4, Hồ Chí Minh",67 m²,4 phòng,4 phòng,2 tầng,Sổ đỏ/ Sổ hồng,25/11/2025
"Tôi thiện chí bán nhà đang cho thuê 20triệu Đoàn Văn Bơ - Q4,Giá 3Tỷ060/ 71,5m2. Gần chợ Xóm Chiếu","3,06 tỷ","Đường Đoàn Văn Bơ, Phường 4, Quận 4, Hồ Chí Minh","71,5 m²",2 phòng,3 phòng,3 tầng,Sổ đỏ/ Sổ hồng,25/11/2025
"NHÀ HẺM 2 tầng, 31m2, cách Tôn Đản 50m, chính chủ","3,75 tỷ","Đường Tôn Đản, Phường 8, Quận 4, Hồ Chí Minh",31 m²,1 phòng,2 phòng,2 tầng,Sổ đỏ/ Sổ hồng,25/11/2025
"Bán nhà 4 tầng,khu 20 thước Quận 4 giá 5 tỷ",5 tỷ,"Đường Hoàng Diệu, Phường 9, Quận 4, Hồ Chí Minh",22 m²,2 phòng,3 phòng,4 tầng,Sổ đỏ/ Sổ hồng,21/11/2025
"nhà CHDV Tôn Thất Thuyết Q 4, DT 6.1 x 26. DT 158m. GIÁ 15 TỶ. HXH . Xóm Chiếu, ĐH NGUYỄN TẤT THÀNH",15 tỷ,"Đường Tôn Thất Thuyết, Phường 16, Quận 4, Hồ Chí Minh",158 m²,5 phòng,6 phòng,4 tầng,Sổ đỏ/ Sổ hồng.,17/11/2025
"Bán nhà hẻm 1/ 57m2 gần MT Tôn Thất Thuyết, P3, Q4 không quy hoạch giải toả","4,8 tỷ","Đường Tôn Thất Thuyết, Phường 3, Quận 4, Hồ Chí Minh",57 m²,3 phòng,2 phòng,2 tầng,Sổ đỏ/ Sổ hồng,21/11/2025
"Hết khả năng trả lãi, đường Đoàn Văn Bơ mấy bước ra Hoàng Diệu, nhà 2 lầu + sân thượng, quận 4.","4,8 tỷ","Đường Đoàn Văn Bơ, Phường 8, Quận 4, Hồ Chí Minh","38,5 m²",2 phòng,2 phòng,3 tầng,Sổ đỏ/ Sổ hồng,25/11/2025
NHÀ MỚI ĐẸP SÁT Q1 - KHÁNH HỘI - PHƯỜNG 4 QUẬN 4 - BTCT 4 TẦNG - 40M2 (3.8X12M) - 5PN 4WC,"6,35 tỷ","Đường Khánh Hội, Phường 4, Quận 4, Hồ Chí Minh",40 m²,5 phòng,4 phòng,4 tầng,Sổ đỏ/ Sổ hồng,25/11/2025
Vài bước ra mặt tiền Q4 - 40m2 - 2 tầng - không QH - chỉ 4 tỷ nhỉnh,"4,5 tỷ","Đường Bến Vân Đồn, Phường 6, Quận 4, Hồ Chí Minh",40 m²,2 phòng,3 phòng,2 tầng,Sổ đỏ/ Sổ hồng,25/11/2025
Chính chủ bán nhà xóm đạo Q. 4 diện tích khủng 101m2 hẻm xe hơi chỉ 7 tỷ 690 TL chính chủ,"7,69 tỷ","Đường Tôn Thất Thuyết, Phường 16, Quận 4, Hồ Chí Minh",101 m²,3 phòng,2 phòng,2 tầng,Sổ đỏ/ Sổ hồng,25/11/2025
CHÍNH CHỦ TRANG BÌA BÁN NHÀ 4 TẤM HOÀNG DIỆU P.9 Q.4 DTSD 160M2 CHỈ HƠN 6TỶ HẺM 4M,"6,8 tỷ","Đường Đoàn Văn Bơ, Phường 9, Quận 4, Hồ Chí Minh",40 m²,5 phòng,4 phòng,4 tầng,Sổ đỏ/ Sổ hồng,25/11/2025
"Bán nhà 4 tầng Khánh Hội, quận 4 - vị trí vàng trung tâm, dòng tiền 20~25 triệu/tháng - giá 6,35 tỷ","6,35 tỷ","Đường Khánh Hội, Phường 4, Quận 4, Hồ Chí Minh",42 m²,5 phòng,4 phòng,4 tầng,Sổ đỏ/ Sổ hồng,23/11/2025
"Bán nhà mới, Nguyễn Khoái, P.2, Q4, 32m2, 3 lầu, chỉ 4,75 tỷ!","4,75 tỷ","Đường Nguyễn Khoái, Phường 2, Quận 4, Hồ Chí Minh",32 m²,3 phòng,3 phòng,4 tầng,Sổ đỏ/ Sổ hồng,24/11/2025
"Bán nhà riêng 4PN 4WC tại Khánh Hội, Q4, TP. HCM, 7 tỷ, 43m2 siêu hot!",7 tỷ,"Đường Khánh Hội, Phường 13, Quận 4, Hồ Chí Minh",43 m²,4 phòng,4 phòng,4 tầng,Sổ đỏ/ Sổ hồng,24/11/2025
"Căn duy nhất nhà bán Đ. Bến Vân Đồn, xe hơi đậu cửa, thông Khánh hội, Hoàng Diệu 2 phút qua Q1","19,5 tỷ","Đường Bến Vân Đồn, Phường 6, Quận 4, Hồ Chí Minh",86 m²,6 phòng,8 phòng,6 tầng,Sổ đỏ/ Sổ hồng,24/11/2025
BÁN NHÀ 4 PHÒNG NGỦ HẺM 266 TÔN ĐẢN QUẬN 4,"5,4 tỷ","Đường Tôn Đản, Phường 8, Quận 4, Hồ Chí Minh",47 m²,4 phòng,3 phòng,4 tầng,Sổ đỏ/ Sổ hồng,24/11/2025
"Bán gấp nhà 68,8M2 đường Bến Vân Đồn - Quận 4. GIÁ NGỘP 4 TỶ 270, cho thuê 24tr. Gần Cầu Ông Lãnh",Thỏa thuận,"Đường Bến Vân Đồn, Phường 5, Quận 4, Hồ Chí Minh","68,8 m²",4 phòng,4 phòng,3 tầng,Sổ đỏ/ Sổ hồng,24/11/2025
Toà Lâu Đài 5 Tầng Vip Đường Số Q.4 - Giá : 10.9 Tỏii **********************,"10,9 tỷ","Đường Số 18, Phường 4, Quận 4, Hồ Chí Minh","35,5 m²",4 phòng,5 phòng,5 tầng,Sổ đỏ/ Sổ hồng,19/11/2025
"Nhà đường số ngay Vĩnh Hội - 4 tầng HC đủ - dtsd 77m2. Chỉ 5,6 tỷ","5,6 tỷ","Đường Số 4, Phường 4, Quận 4, Hồ Chí Minh",21 m²,2 phòng,3 phòng,4 tầng,Sổ đỏ/ Sổ hồng,24/11/2025
Siêu Phẩm Nhà Đẹp - Bến Vân Đồn - 50M Ra Mặt Tiền - 72m2 - Chỉ Hơn 10T,"10,4 tỷ","Đường Bến Vân Đồn, Phường 2, Quận 4, Hồ Chí Minh",72 m²,N/A,N/A,3 tầng,N/A,24/11/2025
"Bán biệt thự mini - Đ. Tôn Đản - DT lớn 73,2m2 - đi Tôn Thất Thuyết, Nguyễn Tất Thành",Thỏa thuận,"Đường Tôn Đản, Phường 8, Quận 4, Hồ Chí Minh","73,2 m²",4 phòng,4 phòng,3 tầng,Sổ đỏ/ Sổ hồng,24/11/2025
"Bán nhà quận 4, giao dịch chính chủ, không qua trung gian","4,5 tỷ","86/31  Đường Tôn Đản, Phường 10, Quận 4, Hồ Chí Minh","32,1 m²",2 phòng,2 phòng,2 tầng,Sổ đỏ/ Sổ hồng,24/11/2025
Bán nhà hẻm 49 Khánh Hội 2 Phòng Ngủ Quận 4,"4,7 tỷ","Hẻm 49, Đường Khánh Hội, Phường 3, Quận 4, Hồ Chí Minh",40 m²,2 phòng,2 phòng,2 tầng,Sổ đỏ/ Sổ hồng,24/11/2025
Bán căn góc đường nhựa xe hơi tránh ngang 5m,"9,2 tỷ","Đường Vĩnh Hội, Phường 4,  Quận 4, Hồ Chí Minh",52 m²,2 phòng,2 phòng,1 tầng,Sổ đỏ/ Sổ hồng,19/11/2025
Bán nhà mặt hẻm xe hơi thông thương Tôn Thất Thuyết,"8,6 tỷ","Đường Tôn Thất Thuyết, Phường 18, Quận 4, Hồ Chí Minh",100 m²,2 phòng,2 phòng,1 tầng,Sổ đỏ/ Sổ hồng,22/11/2025
"Nhà bán quận 4, 3 tầng, 50m2 đất, hẻm xe hơi, thông Đoàn Văn Bơ ra Tôn Thất Thuyết !","4,69 tỷ","Đường Đoàn Văn Bơ, Phường 16, Quận 4, Hồ Chí Minh",50 m²,5 phòng,4 phòng,3 tầng,Sổ đỏ/ Sổ hồng,24/11/2025
"Bán nhà mặt tiền Quận 4, Tân Vĩnh, 65m2, ngang 5m, chỉ 9.2 tỷ","9,2 tỷ","Đường Tân Vĩnh, Phường 4, Quận 4, Hồ Chí Minh",65 m²,N/A,N/A,N/A,Sổ vuông đẹp,24/11/2025
"Nhà mới Bến Vân Đồn, Q4, vào ở ngay, 1 trệt, 1 lầu","3,5 tỷ","Đường Bến Vân Đồn, Phường 5, Quận 4, Hồ Chí Minh",32 m²,2 phòng,2 phòng,2 tầng,N/A,24/11/2025
"Xoay vốn bán gấp nhà HXH thông Tôn Thất Thuyết, Quận 4, 60m2 full thổ cư, SHR giá 3 tỷ 550 TL","3,55 tỷ","Đường Tôn Thất Thuyết, Phường 16, Quận 4, Hồ Chí Minh",60 m²,2 phòng,3 phòng,2 tầng,Sổ đỏ/ Sổ hồng,24/11/2025
Bán nhà 5 tấm kiên cố Vĩnh Khánh DTSD 120m2 hẻm 4m sát mặt tiền chỉ nhỉnh 4tỷ,"4,5 tỷ","Đường Vĩnh Khánh, Phường 10, Quận 4, Hồ Chí Minh",30 m²,5 phòng,4 phòng,5 tầng,Sổ đỏ/ Sổ hồng,24/11/2025
"Chính chủ bán tòa nhà CHDV đường Khánh Hội, Quận 4. DT: 8x31m, Hầm 6 tầng. HĐT 165 triệu",Thỏa thuận,"Đường Dương Khánh Hội, Phường 4, Quận 4, Hồ Chí Minh",248 m²,N/A,N/A,6 tầng,N/A,24/11/2025
Biệt thự châu Á kiến trúc châu Âu hẻm thông tứ tung sang khu Đ. số phố ẩm thực Vĩnh Khánh SD 500m2,"12,3 tỷ","Đường Tôn Đản, Phường 8, Quận 4, Hồ Chí Minh",124 m²,5 phòng,6 phòng,5 tầng,Sổ đỏ/ Sổ hồng,24/11/2025
"MẶT TIỀN HẺM Đoàn VĂN BƠ 4M KINH DOANH BUÔN BÁN 3PN , 3WC GIÁ NHỈNH 4TY","4,69 tỷ","Đường Đoàn Văn Bơ, Phường 14, Quận 4, Hồ Chí Minh",40 m²,3 phòng,3 phòng,2 tầng,Sổ đỏ/ Sổ hồng,24/11/2025
"Hàng hiếm HXH Đoàn Văn Bơ, Q4, 52,8m2, giá cực kỳ hot",Thỏa thuận,"Đường Đoàn Văn Bơ, Phường 10, Quận 4, Hồ Chí Minh","52,8 m²",3 phòng,3 phòng,3 tầng,Sổ đỏ/ Sổ hồng,24/11/2025
BÁN NHÀ 5 TẦNG 3 PHÒNG NGỦ 5 TẦNG QUẬN 4,"5,25 tỷ","Đường Đoàn Văn Bơ, Phường 10, Quận 4, Hồ Chí Minh",23 m²,3 phòng,4 phòng,5 tầng,Sổ đỏ/ Sổ hồng,24/11/2025
"Cực xịn!! Bán căn nhà tâm huyết Đoàn Văn Bơ - phường 1, Quận 4, 45m2 - 4tỷ250 - bao sang tên SHR",Thỏa thuận,"Đường Đoàn Văn Bơ, Phường 1, Quận 4, Hồ Chí Minh",45 m²,N/A,N/A,3 tầng,Sổ hồng,24/11/2025
"Xoay vốn bán gấp nhà hẻm xe hơi 5m đường Hoàng Diệu, Phường 13, Quận 4",Thỏa thuận,"Đường Hoàng Diệu, Phường 13, Quận 4, Hồ Chí Minh",58 m²,3 phòng,3 phòng,3 tầng,Sổ đỏ/ Sổ hồng,24/11/2025
BÁN NHÀ HẺM 78 KHÁNH HỘI CĂN GÓC 3 MẶT TIỀN QUẬN 4,"8,7 tỷ","Đường Khánh Hội, Phường 4, Quận 4, Hồ Chí Minh","34,5 m²",3 phòng,3 phòng,3 tầng,Sổ đỏ/ Sổ hồng,24/11/2025
BÁN NHÀ 5 TẦNG 4 PHÒNG NGỦ MẶT TIỀN ĐƯỜNG SỐ 8M QUẬN 4,"9,5 tỷ","Đường Số 30, Phường 6, Quận 4, Hồ Chí Minh",32 m²,N/A,N/A,4 tầng,N/A,24/11/2025
"Bán nhà trọ Đ.Đoàn văn bơ, có 15 Phòng về thì 45 tr/ th- lưu thông Tôn Đản, Hoàng Diệu, qua Q1 5P.","10,6 tỷ","Đường Đoàn Văn Bơ, Phường 14, Quận 4, Hồ Chí Minh",98 m²,15 phòng,15 phòng,5 tầng,Sổ đỏ/ Sổ hồng,24/11/2025
"Bán nhà ngang lớn 8.5m Đ.Hoàng Diệu thông ra Đ số, đến Khánh hội, Nguyễn Tất Thành.","5,7 tỷ","Đường Hoàng Diệu, Phường 4, Quận 4, Hồ Chí Minh",56 m²,3 phòng,3 phòng,1 tầng,Sổ đỏ/ Sổ hồng,23/11/2025
"Nhà mới, Đoàn Như Hài, Q4, 12m2, 3 lầu, 2PN, chỉ 2,58 tỷ!","2,58 tỷ","Đường Đoàn Như Hài, Phường 13, Quận 4, Hồ Chí Minh",12 m²,2 phòng,2 phòng,3 tầng,Sổ đỏ/ Sổ hồng,23/11/2025
"Nhà KHÁNH HỘI QUẬN 4, DT 72m . 6.8mx12m. GIÁ 20TỶ. 3 TẦNG, GẦN KHÁNH HỘI, VĨNH HỘI, HOÀN DIỆU",20 tỷ,"Đường Khánh Hội, Phường 4, Quận 4, Hồ Chí Minh",72 m²,4 phòng,6 phòng,4 tầng,Sổ đỏ/ Sổ hồng,23/11/2025
Nhà diện tích cực khủng 72m2 nằm ngay quận 4 - HXH - giá cực mềm - SHR sang tên ngay,Thỏa thuận,"Đường Bến Vân Đồn, Phường 1, Quận 4, Hồ Chí Minh",72 m²,6 phòng,3 phòng,3 tầng,Sổ đỏ/ Sổ hồng,15/11/2025
Bán CHDV mới tinh 10 phòng vừa ở vừa có thu nhập,"9,3 tỷ","Đường Xóm Chiếu, Phường 16, Quận 4, Hồ Chí Minh",88 m²,10 phòng,11 phòng,4 tầng,Sổ đỏ/ Sổ hồng,23/11/2025
"BÁN NHÀ 4 TẦNG, KHÁNH HỘI Q4 GIÁ 6,8 tỷ","6,8 tỷ","Đường Khánh Hội, Phường 3, Quận 4, Hồ Chí Minh",43 m²,4 phòng,5 phòng,5 tầng,N/A,12/11/2025
"Bán nhà nát 36m2, khánh hội , Q4 giá 3,8 tỷ","3,8 tỷ","Đường Khánh Hội, Phường 3, Quận 4, Hồ Chí Minh",36 m²,2 phòng,2 phòng,1 tầng,Sổ hồng,23/11/2025
Bán nhà đường nhựa xe hơi tránh Vĩnh Hội ngang 4m vuông vức,"9,3 tỷ","Đường Vĩnh Hội, Phường 4, Quận 4, Hồ Chí Minh",40 m²,N/A,N/A,2 tầng,Sổ hồng,18/11/2025
Nhà riêng 12m2 nguyễn khoái .p2.q4 TP.HCM,110 triệu/m²,"Đường Nguyễn Khoái, Phường 2, Quận 4, Hồ Chí Minh",12 m²,2 phòng,1 phòng,1 tầng,Hợp đồng mua bán,23/11/2025
Bán nhà đường nhựa xe hơi tránh Vĩnh Hội - 4 tầng ngang 5 dài 8,"8,2 tỷ","Đường Vĩnh Hội, Phường 4, Quận 4, Hồ Chí Minh",40 m²,4 phòng,4 phòng,4 tầng,Sổ đỏ/ Sổ hồng,17/11/2025
CẦN TIỀN BÁN NHANH NHÀ 5 TẦNG BẾN VÂN ĐỒN Q.4 - HẺM 4M THẲNG 1 TRỤC GIÁ 3TY8 TL,"3,8 tỷ","Đường Bến Vân Đồn, Phường 6, Quận 4, Hồ Chí Minh",17 m²,3 phòng,3 phòng,5 tầng,Sổ đỏ/ Sổ hồng,23/11/2025
Chính chủ cần bán nhà Tôn Đản - Q4/83m2. Cho thuê 21tr. Cắt ngang với Đoàn Văn Bơ,Thỏa thuận,"Đường Tôn Đản, Phường 12, Quận 4, Hồ Chí Minh",83 m²,4 phòng,4 phòng,3 tầng,Sổ đỏ/ Sổ hồng,23/11/2025
"CẦN BÁN NHÀ 3 TẦNG ĐVB Q.4 KHU DÂN CƯ HIỆN HỮU , 5PN , 5WC , GIÁ 4TY5 BANK HỖ TRỢ VAY 3TY8","4,5 tỷ","Đường Đoàn Văn Bơ, Phường 14, Quận 4, Hồ Chí Minh",51 m²,5 phòng,5 phòng,3 tầng,N/A,23/11/2025
(Full video) bán nhà đẹp 3 tầng tại Hoàng Diệu. 40m2. 3.7mx13m. Cách Q1 chỉ 500m. Xung quanh là chợ,"4,5 tỷ","Đường Hoàng Diệu, Phường 8, Quận 4, Hồ Chí Minh",40 m²,3 phòng,2 phòng,3 tầng,Sổ đỏ/ Sổ hồng,14/11/2025
BÁN NHÀ 5 LẦU BÊ TÔNG TÔN ĐẢN SÁT MẶT TIỀN HẺM 3M DTSD 125M2 CHỈ CÓ 5Tỷ3 TL KHU DÂN CƯ HIỆN HỮU,"5,3 tỷ","Đường Tôn Đản, Phường 10, Quận 4, Hồ Chí Minh",40 m²,5 phòng,4 phòng,5 tầng,Sổ đỏ/ Sổ hồng,23/11/2025
Hẻm xe hơi - diện tích lớn - thông số đẹp ( 8.6*20m) tiện xây CHDV - giá chỉ 13tỷ hơn,"13,5 tỷ","Đường Tôn Thất Thuyết, Phường 4, Quận 4, Hồ Chí Minh",176 m²,3 phòng,N/A,1 tầng,Sổ đỏ/ Sổ hồng,23/11/2025
"Sở hữu nhà 70m2 Đường Đoàn Văn Bơ - Q4, gần cầu Khánh Hội. Cho thuê 20tr/tháng, hẻm ô tô.Giá 3TỶ990","3,99 tỷ","Đường Đoàn Văn Bơ, Phường 9, Quận 4, Hồ Chí Minh",70 m²,4 phòng,4 phòng,3 tầng,Sổ đỏ/ Sổ hồng,23/11/2025
"Nhà CHDV Q4, Thu nhập 40 triệu. giá 7 tỷ 5, 4.5m x 16m. 68M2. GẦN ĐH Nguyễn Tất Thành, ĐH LUẬT",8 tỷ,"Đường Đoàn Văn Bơ, Phường 14, Quận 4, Hồ Chí Minh",68 m²,6 phòng,7 phòng,3 tầng,Sổ đỏ/ Sổ hồng,22/11/2025
"Bán nhà Đ.Đoàn văn bơ, ngang 4.1 nở hậu 7.9 nhỉnh 6T- thông xóm chiếu,Tôn đản, Nguyễn Tất Thành.","6,1 tỷ","Đường Đoàn Văn Bơ, Phường 14, Quận 4, Hồ Chí Minh",68 m²,2 phòng,2 phòng,1 tầng,Sổ đỏ/ Sổ hồng,22/11/2025
"Bán nhà ra MT xe hơi Đ.Đoàn Văn Bơ chỉ 10m, đi Vĩnh khánh ,Hoàng Diệu gần ĐH Nguyễn Tất Thành.","5,4 tỷ","Đường Đoàn Văn Bơ, Phường 10, Quận 4, Hồ Chí Minh",46 m²,4 phòng,3 phòng,2 tầng,Sổ đỏ/ Sổ hồng,22/11/2025
"Bán nhà 2 MT- Đ.Bến Vân Đồn, xe hơi cách 10m, nhà đẹp thiết kế thông minh, Qua Q1, Q8 chưa đến 2p.",12 tỷ,"Đường Bến Vân Đồn, Phường 1, Quận 4, Hồ Chí Minh",57 m²,4 phòng,3 phòng,4 tầng,Sổ đỏ/ Sổ hồng,22/11/2025
"Bán nhanh nhà phố Q4 - giá mềm 5TỶ550 Đoàn Văn Bơ 48,5m2 nhà đẹp bất ngờ","5,55 tỷ","Đường Đoàn Văn Bơ, Phường 13, Quận 4, Hồ Chí Minh","48,5 m²",3 phòng,3 phòng,2 tầng,Sổ đỏ/ Sổ hồng.,22/11/2025
"Chính chủ cần bán nhà cấp 4, Tôn Đản, Quận 4. Ngang 4,4m(bụng nở hậu 8m) dài 22m. Giá 9.5 tỷ(TL)","9,5 tỷ","Đường Tôn Đản, Phường 15, Quận 4, Hồ Chí Minh",149 m²,4 phòng,2 phòng,2 tầng,Sổ đỏ/ Sổ hồng,22/11/2025
"Nhà đẹp Tôn Đản, Q4 - 2 tầng đúc - 73m2 - 6x12m - không QH chỉ 5 tỷ hơn","5,8 tỷ","Đường Tôn Đản, Phường 15, Quận 4, Hồ Chí Minh",73 m²,2 phòng,3 phòng,2 tầng,Sổ đỏ/ Sổ hồng,22/11/2025
"Bán nhà riêng Đoàn Văn Bơ, P.9, Q.4, HCM 68m2 3 tầng 4PN 4WC SHR HĐ thuê 22tr/th",Thỏa thuận,"Đường Đoàn Văn Bơ, Phường 9, Quận 4, Hồ Chí Minh",68 m²,4 phòng,4 phòng,3 tầng,Sổ đỏ/ Sổ hồng,22/11/2025
"Chính chủ cần bán nhà Hoàng Diệu, P13, Q4, gần trường THPT Nguyễn Hữu Thọ, giá 3tỷ990, DT 71,4m2",Thỏa thuận,"Đường Hoàng Diệu, Phường 13, Quận 4, Hồ Chí Minh","71,4 m²",4 phòng,5 phòng,3 tầng,Sổ đỏ/ Sổ hồng,22/11/2025
"Cần bán gấp nhà riêng tại Đ. Tôn Đản, Q4, giá 4,7 tỷ, 47m2, 3PN, 3WC","4,7 tỷ","148/12/20 Đường Tôn Đản, Phường 10, Quận 4, Hồ Chí Minh",47 m²,3 phòng,3 phòng,3 tầng,Sổ đỏ/ Sổ hồng,16/11/2025
Nhà Tôn Đản Q4 - 4 tầng đúc - 32m2 - ko qh - chỉ 4.5 tỷ,"4,5 tỷ","Đường Tôn Đản, Phường 8, Quận 4, Hồ Chí Minh",32 m²,4 phòng,4 phòng,3 tầng,Sổ đỏ/ Sổ hồng,22/11/2025
NHÀ ĐẸP TÔN ĐẢN Q4- 60m2 - 5 TẦNG- KO QH- CHỈ 6 TỶ NHỈNH,"6,46 tỷ","Đường Tôn Đản, Phường 8, Quận 4, Hồ Chí Minh",60 m²,4 phòng,4 phòng,5 tầng,Sổ đỏ/ Sổ hồng,22/11/2025
NHÀ TÂN VĨNH Q4- SÁT MT- 30m2 - 3 TẦNG ĐÚC - KO QH- GIÁ 4.9 TỶ,"4,9 tỷ","Đường Tân Vĩnh, Phường 4, Quận 4, Hồ Chí Minh",30 m²,3 phòng,3 phòng,3 tầng,Sổ đỏ/ Sổ hồng,22/11/2025
NHÀ VĨNH KHÁNH Q4- 4 LẦU ĐÚC - 32m2 VUÔNG VỨC- KO QH- CHỈ 4.8 TỶ,"4,8 tỷ","Đường Vĩnh Khánh, Phường 10, Quận 4, Hồ Chí Minh",32 m²,4 phòng,4 phòng,4 tầng,Sổ hồng,22/11/2025
"Bán nhà riêng tại Vĩnh Khánh, P8,Quận 4. Giá chỉ 4,3 tỷ, 42 m2, view đẹp","4,3 tỷ","Đường Vĩnh Khánh, Phường 8, Quận 4, Hồ Chí Minh",42 m²,3 phòng,3 phòng,3 tầng,Sổ đỏ/ Sổ hồng,22/11/2025
Nhà Q4 - hẻm 1 sẹc - sân rộng - 45m2 - 1 lầu - không quy hoạch - chỉ 4 tỷ hơn,"4,7 tỷ","Đường Đoàn Văn Bơ, Phường 18, Quận 4, Hồ Chí Minh",45 m²,3 phòng,2 phòng,2 tầng,Sổ đỏ/ Sổ hồng,22/11/2025
Nhà đẹp Q4 - 2 lầu đúc - 46m2 - 3PN - full NT - giá 4.3 tỷ TL,"4,3 tỷ","Đường Đoàn Văn Bơ, Phường 15, Quận 4, Hồ Chí Minh",46 m²,3 phòng,3 phòng,3 tầng,Sổ đỏ/ Sổ hồng,22/11/2025
"Chủ bán gấp căn Q4, có hẻm oto SHR sang tên 50m2 thoải mái. Liên hệ ngay",Thỏa thuận,"Đường Hoàng Diệu, Phường 3, Quận 4, Hồ Chí Minh",50 m²,4 phòng,3 phòng,4 tầng,Sổ đỏ/ Sổ hồng,22/11/2025
"Qua trung tâm không lo kẹt xe. Bán nhà 3 tầng đẹp như hình, đường Khánh Hội, Quận 4.","6,8 tỷ","Đường Khánh Hội, Phường 3, Quận 4, Hồ Chí Minh",46 m²,4 phòng,2 phòng,3 tầng,Sổ đỏ/ Sổ hồng,18/11/2025
XANH LÁ XIN ĐỪNG XA LÁNH BÁN NHÀ 4 TẦNG _ KHU DÂN CƯ HIỆN HỮU CÁCH MT ĐƯỜNG 20M _ HẺM 1/ .,"4,1 tỷ","Đường Nguyễn Thần Hiến, Phường 18, Quận 4, Hồ Chí Minh",30 m²,N/A,N/A,4 tầng,Sổ hồng,19/11/2025
"Bán nhà Quận 4, Đoàn Văn Bơ giao Hoàng Diệu, không QH, 120m2, ngang hiếm 7.3m, hơn 9 tỷ","9,8 tỷ","Đường Đoàn Văn Bơ, Phường 14, Quận 4, Hồ Chí Minh",120 m²,N/A,N/A,1 tầng,Sổ hồng,22/11/2025
"SIÊU PHẨM XÓM ĐẠO KINH DOANH NHỎ
HẺM ĐẸP 4-5 M, THÔNG THẲNG TỨ TUNG
CẤP PHÉP XÂY 5TẦNG BTCT RẤT ÍT","13,99 tỷ","Đường Tôn Thất Thuyết, Phường 16, Quận 4, Hồ Chí Minh",140 m²,4 phòng,N/A,5 tầng,Sổ đỏ/ Sổ hồng,22/11/2025
"Bán nhà mới, hẻm 5m, Hoàng Diệu, Q.4, DTSD 66m2, 3 lầu, 2PN, chỉ 3,45 tỷ!","3,45 tỷ","Đường Hoàng Diệu, Phường 8, Quận 4, Hồ Chí Minh",20 m²,3 phòng,3 phòng,4 tầng,Sổ đỏ/ Sổ hồng,22/11/2025
"Bán gấp nhà riêng tại Tôn Đản, 4,39 tỷ, 50m2, giá 4 tỷ 390. Thương lượng. Gọi0904 430 ***","4,39 tỷ","Đường Tôn Đản, Phường 15, Quận 4, Hồ Chí Minh",50 m²,N/A,N/A,N/A,Sổ đỏ/ Sổ hồng,22/11/2025
"BÁN GẤP NHÀ ĐẸP TRƯƠNG ĐÌNH HỘI, P.16, Q.8, 65M2 GIÁ 3 TỶ 470 HĐ THUÊ 23TR/TH, SỔ HỒNG RIÊNG",Thỏa thuận,"Đường Trương Đình Hội, Phường 16, Quận 4, Hồ Chí Minh",65 m²,5 phòng,5 phòng,4 tầng,Sổ đỏ/ Sổ hồng,22/11/2025
NHÀ TÔN ĐẢN Q4-HẺM 3m- 46m2 - 3 TẦNG ĐÚC - 5PN- CHỈ 3.95 TỶ,"3,95 tỷ","Đường Tôn Đản, Phường 14, Quận 4, Hồ Chí Minh",46 m²,4 phòng,4 phòng,3 tầng,Sổ đỏ/ Sổ hồng,22/11/2025
"Cần bán gấp nhà Đ. Tân Vĩnh, Q4, 66m2, giá 3,2 tỷ, gần công viên Khánh Hội, còn HĐ thuê 27tr/tháng","3,2 tỷ","Đường Tân Vĩnh, Phường 9, Quận 4, Hồ Chí Minh",66 m²,3 phòng,4 phòng,4 tầng,Sổ hồng,22/11/2025
NHÀ VĨNH HỘI Q4- HẺM 3m- 40m2 - 3 LẦU- KO QH- CHỈ 4 TỶ NHỈNH,"4,5 tỷ","Đường Vĩnh Hội, Phường 3, Quận 4, Hồ Chí Minh",40 m²,3 phòng,3 phòng,3 tầng,Sổ đỏ/ Sổ hồng,22/11/2025
Nhà Khánh Hội Q4- hẻm otô - 43m2 - 4 tầng đúc - chỉ 7 tỷ,7 tỷ,"Đường Khánh Hội, Phường 3, Quận 4, Hồ Chí Minh",43 m²,3 phòng,3 phòng,4 tầng,Sổ đỏ/ Sổ hồng,22/11/2025
GẤP BÁN NHÀ ĐẸP 3 TẤM ĐÚC HOÀNG DIỆU Q.4 HẺM XE HƠI GIÁ NHỈNH 6 ĐỒNG,"6,5 tỷ","Đường Hoàng Diệu, Phường 9, Quận 4, Hồ Chí Minh",36 m²,4 phòng,3 phòng,4 tầng,Sổ đỏ/ Sổ hồng,14/11/2025
"Bán nhà HXH, Hoàng Diệu, Quận giá 6,6 tỷ","6,6 tỷ","Đường Hoàng Diệu, Phường 8, Quận 4, Hồ Chí Minh",34 m²,2 phòng,3 phòng,3 tầng,Sổ đỏ/ Sổ hồng,22/11/2025
HOÀNG DIỆU Q4- HẺM 3m- 40m2 - 3 LẦU ĐÚC CHỈ 4 TỶ NHỈNH,"4,5 tỷ","Đường Hoàng Diệu, Phường 8, Quận 4, Hồ Chí Minh",40 m²,2 phòng,3 phòng,3 tầng,Sổ đỏ/ Sổ hồng,22/11/2025
NHÀ ĐẸP NGUYỄN KHOÁI Q4- 3 TẦNG- 32m2 - KO QH - CHỈ 4.9 TỶ,"4,9 tỷ","Đường Nguyễn Khoái, Phường 2, Quận 4, Hồ Chí Minh",32 m²,3 phòng,3 phòng,3 tầng,Sổ đỏ/ Sổ hồng,22/11/2025
"CHỦ GẤP BÁN NHÀ MỚI 4 TẦNG ĐÚC KHU 20 THƯỚC HOÀNG DIỆU 3PN , 3WC , HẺM 4M CHỈ 4TY9999","4,99 tỷ","Đường Hoàng Diệu, Phường 9, Quận 4, Hồ Chí Minh",21 m²,3 phòng,3 phòng,4 tầng,Sổ đỏ/ Sổ hồng,16/11/2025
TRUNG TÂM QUẬN 4 - KHU ẨM THỰC 20 THƯỚC - VÀI BƯỚC CHÂN RA MẶT TIỀN - 21.2m -3 TẦNG - Giá NHỈNH 4TY,"4,35 tỷ","Phường 8, Quận 4, Hồ Chí Minh","21,2 m²",2 phòng,2 phòng,3 tầng,Sổ đỏ/ Sổ hồng,21/11/2025
"Bán nhà đẹp Khánh Hội, Quận 4 - 42m², 5 P.Ngủ, gần chợ 200 và ĐH Luật, cho thuê nhanh - Giá 6,35 tỷ","6,35 tỷ","Đường Khánh Hội, Phường 4, Quận 4, Hồ Chí Minh",42 m²,5 phòng,4 phòng,4 tầng,Sổ đỏ/ Sổ hồng,14/11/2025
"Chỉ 1,5 tỷ - nhà 2 tầng 2 PN riêng - ngay Tôn Đản - sổ hồng riêng, đất dân cư","1,5 tỷ","Đường Tôn Đản, Phường 8, Quận 4, Hồ Chí Minh","9,2 m²",2 phòng,1 phòng,2 tầng,Sổ đỏ/ Sổ hồng,20/11/2025
"Bán nhà Hoàng Diệu, Quận 4, 55m2, ngang hiếm 5.5m, nhích 5 tỷ","5,89 tỷ","Đường Hoàng Diệu, Phường 4, Quận 4, Hồ Chí Minh",55 m²,3 phòng,2 phòng,2 tầng,Sổ hồng,21/11/2025
"3TỶ650/83m2 sở hữu ngay căn ôtô ngủ trong nhà đường Bến Vân Đồn- 4, gần cầu Calmette, cho thuê 25tr",Thỏa thuận,"Đường Bến Vân Đồn, Phường 9, Quận 4, Hồ Chí Minh",83 m²,3 phòng,4 phòng,3 tầng,Sổ hồng,21/11/2025
"BÁN NHÀ 3 TẦNG - GẦN BẾN VÂN ĐỒN , HOÀNG DIỆU - XE HƠI TẬN NHÀ - ĐẦU TƯ CHO THUÊ CHỈ 2.58 TỶ.","2,58 tỷ","Đường Đoàn Như Hài, Phường 12, Quận 4, Hồ Chí Minh","11,5 m²",2 phòng,2 phòng,3 tầng,Sổ đỏ/ Sổ hồng,21/11/2025
"BÁN NHÀ ĐẸP NGUYỄN TẤT THÀNH QUẬN 4 - SÂN THƯỢNG - 5 TẦNG - MUA 1 ĐƯỢC 2 - GIÁ 7,5TY TL","7,5 tỷ","Đường Nguyễn Thần Hiến, Phường 16, Quận 4, Hồ Chí Minh",58 m²,6 phòng,8 phòng,5 tầng,Sổ đỏ/ Sổ hồng,21/11/2025
"Bán nhà 5 lầu, 40m2, Tôn Đản, P.Khánh Hội, Q4, chỉ 5,3 tỷ!","5,3 tỷ","Đường Tôn Đản, Phường 10, Quận 4, Hồ Chí Minh",40 m²,3 phòng,3 phòng,5 tầng,Sổ đỏ/ Sổ hồng,19/11/2025
BÁN NHÀ HẺM 49 KHÁNH HỘI 2 PHÒNG NGỦ NHÀ MỚI ĐẸP VÀO Ở LIỀN,"4,7 tỷ","Đường Khánh Hội, Phường 3, Quận 4, Hồ Chí Minh",40 m²,2 phòng,2 phòng,2 tầng,Sổ đỏ/ Sổ hồng,21/11/2025
"BÁN NHÀ Q4 KÈO THƠM NHÀ 4 TẦNG GIÁ 3,49 TỶ","3,49 tỷ","Đường Đoàn Văn Bơ, Phường 14, Quận 4, Hồ Chí Minh",26 m²,2 phòng,2 phòng,4 tầng,Sổ đỏ/ Sổ hồng,21/11/2025
"NHÀ CẤP 4 DIỆN TÍCH HIẾM CÓ 82M2 XE HƠI ĐỖ CỬA KHU DÂN CƯ CHỈNH TRANG. GẦN CHỢ XÓM CHIẾU, 3P ĐẾN Q1","9,4 tỷ","Tôn Thất Thuyết, Đường Tôn Thất Thuyết, Phường 1, Quận 4, Hồ Chí Minh",82 m²,2 phòng,2 phòng,N/A,N/A,21/11/2025
Trung tâm đường số quận 4 (hẻm 6m),"5,6 tỷ","Đường Số 4, Phường 4, Quận 4, Hồ Chí Minh",21 m²,2 phòng,3 phòng,4 tầng,Sổ đỏ/ Sổ hồng,21/11/2025
"Bán nhà HXH. Hoàng Diệu, Quận 4 giá 6,6 tỷ","6,6 tỷ","Đường Hoàng Diệu, Phường 8, Quận 4, Hồ Chí Minh",35 m²,2 phòng,3 phòng,3 tầng,Sổ đỏ/ Sổ hồng,21/11/2025
"Bán nhà riêng Đoàn Văn Bơ, P. 10, Q. 4, TP. HCM 76,5m2 sổ hồng riêng HĐ thuê 24tr/th",Thỏa thuận,"Đường Đoàn Văn Bơ, Phường 10, Quận 4, Hồ Chí Minh","76,5 m²",4 phòng,5 phòng,3 tầng,Sổ đỏ/ Sổ hồng,21/11/2025
Bán nhà mặt tiền hẻm Tôn Đản tiện kinh doanh buôn bán sát mặt tiền DT sổ 55m2 giá hơn 5 tỷ,"5,85 tỷ","Đường Tôn Đản, Phường 4, Quận 4, Hồ Chí Minh",55 m²,3 phòng,2 phòng,2 tầng,Sổ đỏ/ Sổ hồng,21/11/2025
"Gấp bán nhà Hoàng Diệu, Q.4 khu dân cư hiện hữu","6,5 tỷ","Đường Hoàng Diệu, Phường 4, Quận 4, Hồ Chí Minh",55 m²,3 phòng,2 phòng,2 tầng,Sổ đỏ/ Sổ hồng,21/11/2025
"Chính chủ cần bán gấp nhà cấp 4, Hẻm Tôn Đản, Q4. Dt: 4,4x22m, 1 trệt, 1 lầu. SHR. Giá: 9,5 tỷ (TL)",Thỏa thuận,"Đường Tôn Đản, Phường 14, Quận 4, Hồ Chí Minh",149 m²,6 phòng,3 phòng,1 tầng,Sổ đỏ/ Sổ hồng,14/11/2025
Tôi cần bán biệt thự cổ sân vườn Q4 - DT 18x15 ~ 309m2 giá chỉ 17 tỷ call0909 227 ***,17 tỷ,"Đường Nguyễn Khoái, Phường 2, Quận 4, Hồ Chí Minh",309 m²,3 phòng,4 phòng,1 tầng,Sổ hồng.,21/11/2025
"Mua bán nhà quận 4, trục đường Khánh Hội, 4 Tầng hoàn công, nở hậu L vuông vắn !","6,9 tỷ","Đường Khánh Hội, Phường 3, Quận 4, Hồ Chí Minh","42,6 m²",3 phòng,3 phòng,4 tầng,Sổ đỏ/ Sổ hồng,21/11/2025
Chính chủ bán nhà Lê Quốc Hưng gần Hoàng Diệu hẻm 4m khu dân cư hiện hữu,"3,8 tỷ","Đường Lê Quốc Hưng, Phường 12, Quận 4, Hồ Chí Minh",24 m²,2 phòng,2 phòng,2 tầng,Sổ đỏ/ Sổ hồng,21/11/2025
"Bán nhà hẻm 368 Tôn Đản 2 phòng ngủ, quận 4","3,99 tỷ","Hẻm 368 Đường Tôn Đản, Phường 4, Quận 4, Hồ Chí Minh",37 m²,2 phòng,3 phòng,4 tầng,Sổ đỏ/ Sổ hồng,21/11/2025
Căn đôi siêu xịn xe hơi ngủ trong nhà - thửa vuông đẹp từng centimet 120m2 đất (6 x 20m) hoàn công,"12,5 tỷ","Đường Tôn Thất Thuyết, Phường 16, Quận 4, Hồ Chí Minh",120 m²,5 phòng,3 phòng,2 tầng,N/A,21/11/2025
"Căn hộ dịch vụ 10 phòng doanh thu hơn 60 tr/tháng ngay TT quận 4, hẻm 1 sẹc 3.5 mét","9,2 tỷ","Đường Nguyễn Khoái, Phường 2, Quận 4, Hồ Chí Minh",118 m²,10 phòng,11 phòng,N/A,Sổ hồng riêng,21/11/2025
"Bán nhà 4 tầng cho thuê quận 4 - 4 p. Ngủ, hẻm ô tô, gần ĐH Nguyễn Tất Thành, dòng tiền ổn định","5,85 tỷ","Đường Đoàn Văn Bơ, Phường 14, Quận 4, Hồ Chí Minh","46,7 m²",4 phòng,3 phòng,4 tầng,Sổ đỏ/ Sổ hồng,19/11/2025
"Mua bán nhà quận 4, 55m2 đất, nhà mới đẹp, gần chợ, gần trường, đường Đoàn Văn Bơ !","5,1 tỷ","Đường Đoàn Văn Bơ, Phường 14, Quận 4, Hồ Chí Minh",55 m²,3 phòng,2 phòng,2 tầng,Sổ đỏ/ Sổ hồng,20/11/2025
"Mua bán nhà quận 4, 68m2 đất, 3 tầng chia thành 2 căn cho thuê, hoàn công","5,95 tỷ","Đường Tôn Đản, Phường 14, Quận 4, Hồ Chí Minh",68 m²,4 phòng,4 phòng,3 tầng,Sổ đỏ/ Sổ hồng,20/11/2025
"Mua bán nhà quận 4, chính chủ bán nhà nhỏ giá nho nhỏ, 3 tầng, 2 phòng, hẻm xe hơi !","1,99 tỷ","Đường Vĩnh Hội, Phường 4, Quận 4, Hồ Chí Minh",8 m²,2 phòng,2 phòng,3 tầng,Sổ đỏ/ Sổ hồng,20/11/2025
"Mua bán nhà quận 4, 46m2 đất, dân cư hiện hữu chỉnh trang, hoàn công đủ, hẻm thông Tôn Thất Thuyết","4,45 tỷ","Phường 3, Quận 4, Hồ Chí Minh",46 m²,3 phòng,3 phòng,3 tầng,Sổ đỏ/ Sổ hồng,20/11/2025
"Mua bán nhà quận 4, 100m2 đất, ngang 5m khu dân cư chỉnh trang, xây 5 tầng và hoàn công, Khánh Hội","7,8 tỷ","Đường Tôn Thất Thuyết, Phường 4, Quận 4, Hồ Chí Minh",100 m²,2 phòng,2 phòng,2 tầng,Sổ đỏ/ Sổ hồng,20/11/2025
"Mua bán nhà quận 4, 5 tầng hoàn công, dân cư hiện hữu, hẻm 4m, sát MT Đoàn Văn Bơ !","4,99 tỷ","Đường Đoàn Văn Bơ, Phường 9, Quận 4, Hồ Chí Minh",21 m²,3 phòng,3 phòng,5 tầng,Sổ đỏ/ Sổ hồng,20/11/2025
"Mua bán nhà quận 4, 27,5m2 đất, dân cư hiện hữu, gần mặt tiền đường Tôn Thất Thuyết !","2,7 tỷ","Đường Tôn Thất Thuyết, Phường 15, Quận 4, Hồ Chí Minh","27,5 m²",2 phòng,2 phòng,2 tầng,Sổ đỏ/ Sổ hồng,20/11/2025
"Hẻm xe hơi trước nhà,Võ Văn Kiệt,2Tầng,gần đường An Bình,trường học,bệnh viện,khu ăn uống,giáp Q1,8","4,6 tỷ","Đường An Bình, Phường 5, Quận 5, Hồ Chí Minh",26 m²,2 phòng,N/A,2 tầng,Sổ đỏ/ Sổ hồng,25/11/2025
"8 tỷ - 10x5,2m - Lê Hồng Phong Giáp MT - SHR",8 tỷ,"Đường Lê Hồng Phong, Phường 4, Quận 5, Hồ Chí Minh",50 m²,4 phòng,N/A,2 tầng,Sổ hồng riêng,27/11/2025
Bán nhà mặt tiền hẽm 4m đường An Bình F6Q5,"12,8 tỷ","Đường An Bình, Phường 6, Quận 5, Hồ Chí Minh",62 m²,N/A,N/A,4 tầng,Sổ đỏ/ Sổ hồng,24/11/2025
"Bán nhà đẹp 1 sẹc đường Phan Văn Trị, P2, quận 5, cách mặt tiền chỉ 30m, đủ tiện ích, chỉ hơn 7 tỷ","7,5 tỷ","387.20A, Đường Phan Văn Trị, Phường 2, Quận 5, Hồ Chí Minh",62 m²,3 phòng,2 phòng,2 tầng,Sổ hồng riêng chuẩn chỉnh,27/11/2025
"Bán nhà 417/33A An Dương Vương, 3,2x12m, 2 lầu, 5,75 tỷ","5,75 tỷ","413/33A Đường An Dương Vương, Phường 3, Quận 5, Hồ Chí Minh",36 m²,3 phòng,3 phòng,3 tầng,Sổ đỏ/ Sổ hồng,21/11/2025
Nhà mặt tiền hẻm xe hơi đỗ cửa đường An Dương Vương P9 Q5,"13,6 tỷ","Đường An Dương Vương, Phường 9, Quận 5, Hồ Chí Minh",52 m²,5 phòng,5 phòng,4 tầng,Sổ đỏ/ Sổ hồng,16/11/2025
"Bán gấp nhà đẹp hiện đại cho thuê 36triệu, Đ. Trần Tuấn Khải - Q. 5, 78m2, ngay chợ An Đông",Thỏa thuận,"Đường Trần Tuấn Khải, Phường 7, Quận 5, Hồ Chí Minh",78 m²,4 phòng,4 phòng,3 tầng,Sổ đỏ/ Sổ hồng,27/11/2025
"Bán nhà 4x12m nở hậu 5m4, 4 lầu 5PN 6WC, Trần Hưng Đạo P7 Q5 giá 9 tỷ",9 tỷ,"Đường Trần Hưng Đạo, Phường 7, Quận 5, Hồ Chí Minh",53 m²,5 phòng,6 phòng,4 tầng,Sổ đỏ/ Sổ hồng,27/11/2025
"Bán biệt thự Nguyễn Chí Thanh, P9, Q5. DT: 8x21 3 tầng giá 31 tỷ",31 tỷ,"Đường Nguyễn Chí Thanh, Phường 9, Quận 5, Hồ Chí Minh",155 m²,6 phòng,N/A,3 tầng,N/A,27/11/2025
Nhà 10x20m Trần Bình Trọng Q5 - đang kinh doanh nhà hàng - giá 29.8 tỷ -0906 366 ***,"29,8 tỷ","Đường Trần Bình Trọng, Phường 2, Quận 5, Hồ Chí Minh","165,8 m²",N/A,N/A,N/A,Sổ đỏ/ Sổ hồng.,25/11/2025
"Nhà C3, 1/ Sẹc - Trần Bình Trọng - 11x18m (163/202m2) - 15tỷ",15 tỷ,"Đường Trần Bình Trọng, Phường 2, Quận 5, Hồ Chí Minh",163 m²,5 phòng,3 phòng,2 tầng,Sổ đỏ/ Sổ hồng,27/11/2025
"Nhà c4, 1 sẹc - Nguyễn Văn Cừ - 3.6x15m (49.2/53m2) - nhỉnh 5tỷ","5,9 tỷ","Đường Nguyễn Văn Cừ, Phường 1, Quận 5, Hồ Chí Minh",53 m²,5 phòng,2 phòng,1 tầng,Sổ đỏ/ Sổ hồng,27/11/2025
"BÁN NHÀ 387/ PHAN VĂN TRỊ Q5, 3 MẶT HẺM 4M, TRỆT 2 LẦU ST, 8.35 TỶ","8,35 tỷ","387/5, Đường Phan Văn Trị, Phường 2, Quận 5, Hồ Chí Minh",52 m²,4 phòng,3 phòng,3 tầng,Sổ đỏ/ Sổ hồng,21/11/2025
"Bán nhà HXH Nguyễn Trãi p2 q5, DT: 5.4x22 KC: 3 tầng. Ngay Nguyễn Văn Cừ giáp quận 1","26,5 tỷ","Đường Nguyễn Trãi, Phường 2, Quận 5, Hồ Chí Minh",105 m²,N/A,N/A,3 tầng,N/A,19/11/2025
"KẸT TIỀN! Bán nhà Trần Hưng Đạo, phường 1, Quận 5, 40m2 (4x10m) sổ riêng, hẻm xe hơi",Thỏa thuận,"Đường Trần Hưng Đạo, Phường 1, Quận 5, Hồ Chí Minh",40 m²,N/A,N/A,3 tầng,N/A,27/11/2025
"Trần Phú, Quận 5, ngay An Đông DT 62m2 CN 56m2, hẻm 4m thông","8,5 tỷ","Đường Trần Phú, Phường 7, Quận 5, Hồ Chí Minh",56 m²,2 phòng,1 phòng,1 tầng,Sổ đỏ/ Sổ hồng.,26/11/2025
"Võ Văn Kiệt, Quận 5, hẻm xe hơi 5m, cách MT 30m, 2 tầng tặng nội thất","4,5 tỷ","Đường Võ Văn Kiệt, Phường 5, Quận 5, Hồ Chí Minh",26 m²,2 phòng,2 phòng,2 tầng,Sổ đỏ/ Sổ hồng,25/11/2025
NHÀ HIẾM QUẬN 5 SÁT Q 1 XE 7 CHỖ VÀO NHÀ SỔ VUÔNG 45M HOÀN CÔNG ĐỦ -NHỈNH 8 TỶ -0949 757 ***,"8,8 tỷ","Đường Phan Văn Trị, Phường 2, Quận 5, Hồ Chí Minh",48 m²,2 phòng,1 phòng,2 tầng,Sổ đỏ/ Sổ hồng,27/11/2025
"Cô Mơ bán nhà đang cho thuê 24triệu, Đường Nguyễn Trãi - Q5 73,5m2. Gần Chợ An Đông",Thỏa thuận,"Đường Nguyễn Trãi, Phường 9, Quận 5, Hồ Chí Minh","73,5 m²",3 phòng,4 phòng,3 tầng,Sổ đỏ/ Sổ hồng,27/11/2025
Chú Giao kẹt tiền cần bán gấp nhà đường 2 oto Nguyễn Văn Cừ - Q5. 76m2 gần ĐH Sài Gòn,Thỏa thuận,"Đường Nguyễn Văn Cừ, Phường 2, Quận 5, Hồ Chí Minh",76 m²,4 phòng,N/A,3 tầng,Sổ đỏ/ Sổ hồng,27/11/2025
"72,8m2, sở hữu căn nhà đường oto Tản Đà - Quận5, cho thuê 28tr, gần BV Đài Học Y Dược",Thỏa thuận,"Đường Tản Đà, Phường 11, Quận 5, Hồ Chí Minh","72,8 m²",4 phòng,4 phòng,2 tầng,Sổ đỏ/ Sổ hồng,27/11/2025
Gấp! Nhà đẹp đường ôtô 6.5m An Bình-P1 - Quận 5. Giá 4tỷ250. Cho thuê 19tr/ tháng. Gần chợ Hòa Bình,Thỏa thuận,"Đường An Bình, Phường 1, Quận 5, Hồ Chí Minh",71 m²,3 phòng,3 phòng,3 tầng,Sổ đỏ/ Sổ hồng,27/11/2025
Bán gấp trong tuần - Bán nhà Cao Đạt 22m² 2 tầng - 5.6 tỷ,"5,6 tỷ","Đường Cao Đạt, Phường 1, Quận 5, Hồ Chí Minh",22 m²,N/A,N/A,2 tầng,Sổ đỏ/ Sổ hồng,26/11/2025
Bán nhà 4.1x18m Trần Hưng Đạo - Q5 - 4 lầu thang máy hẻm ô tô nhà đẹp ở liền - giá chỉ 17 tỷ,17 tỷ,"Đường Trần Hưng Đạo, Phường 7, Quận 5, Hồ Chí Minh","74,4 m²",N/A,N/A,4 tầng,Sổ đỏ/ Sổ hồng,25/11/2025
"Hot Quận 5, Nguyễn Văn Đừng, 3 tầng, 65m2, chỉ nhỉnh 6 tỷ","6,8 tỷ","Đường Nguyễn Văn Đừng, Phường 6, Quận 5, Hồ Chí Minh",65 m²,N/A,N/A,3 tầng,Sổ đỏ/ Sổ hồng,26/11/2025
"Bán gấp HXH Nguyễn Trãi 4.8x20m, nhà 3 lầu mới đẹp giá 20.5 tỷ TL","20,5 tỷ","Đường Nguyễn Trãi, Phường 2, Quận 5, Hồ Chí Minh","92,5 m²",5 phòng,6 phòng,3 tầng,Sổ đỏ/ Sổ hồng.,17/11/2025
2TỶ390 CHỐT NHÀ QUẬN 5 - ĐƯỜNG HÙNG VƯƠNG / DT: 52m2 | HẺM 6M | NHÀ 3 TẦNG FULL NỘI THẤT NHƯ HÌNH,"2,39 tỷ","Đường Hùng Vương, Phường 9, Quận 5, Hồ Chí Minh",52 m²,4 phòng,4 phòng,4 tầng,N/A,14/11/2025
"Bán nhà riêng tại An Dương Vương, 13,3 tỷ, 55m2, 5PN, 4WC, Quận 5, HCM, giá ưu đãi","13,3 tỷ","Đường An Dương Vương, Phường 4, Quận 5, Hồ Chí Minh",55 m²,5 phòng,4 phòng,3 tầng,Sổ đỏ/ Sổ hồng,26/11/2025
"2 căn liền kề, hẻm 4m, sổ đẹp - Nguyễn Trãi - 6x12m (61/72m2), 3 tầng - nhích 10 tỷ","10,5 tỷ","Đường Nguyễn Trãi, Phường 2, Quận 5, Hồ Chí Minh",61 m²,6 phòng,3 phòng,3 tầng,Sổ đỏ/ Sổ hồng,26/11/2025
"Bán Nhà Hiếm An Dương Vương, Trung Tâm Quận 5- 3 Tầng, 4.3m Nở Hậu, HĐ Thuê 23tr/Tháng- Chỉ 13,3 Tỷ","13,3 tỷ","Đường An Dương Vương, Phường 3, Quận 5, Hồ Chí Minh",55 m²,5 phòng,4 phòng,2 tầng,Sổ đỏ/ Sổ hồng,25/11/2025
"Bán nhà riêng Đ. Nguyễn Trãi, Quận 5, DT 67.5m2, đang còn HĐ thuê 30tr/thang",Thỏa thuận,"Đường Nguyễn Trãi, Phường 2, Quận 5, Hồ Chí Minh","67,5 m²",4 phòng,5 phòng,5 tầng,N/A,26/11/2025
BÁN CĂN GÓC HẺM Ô TÔ VIP TRẦN BÌNH TRỌNG P3 QUẬN 5 (8X11M) 5 TẦNG GIÁ CHỈ 18.5 TỶ VỀ GIÁ,"18,5 tỷ","Đường Trần Bình Trọng, Phường 3, Quận 5, Hồ Chí Minh",70 m²,N/A,N/A,5 tầng,N/A,25/11/2025
Cả nhà đi định cư Úc bán gấp nhà Nguyễn Biểu - P2 - Q5 69m2 cho thuê 22tr gần Đại học Sài Gòn,Thỏa thuận,"Đường Nguyễn Biểu, Phường 2, Quận 5, Hồ Chí Minh",69 m²,4 phòng,4 phòng,2 tầng,N/A,26/11/2025
"Bán nhà hẻm xe hơi Nguyễn Trãi, Quận 5. 6.5x21m nhà củ tiện xây giá bán 26 tỷ tl",26 tỷ,"Đường Nguyễn Trãi, Phường 3, Quận 5, Hồ Chí Minh","136,5 m²",N/A,N/A,N/A,Sổ đỏ/ Sổ hồng,26/11/2025
"Nhà riêng bán tại Phường 4, Quận 5, TP. HCM, giá cực chất 8,6 tỷ","8,6 tỷ","Phường 4, Quận 5, Hồ Chí Minh",39 m²,2 phòng,2 phòng,2 tầng,N/A,26/11/2025
"Nhà phố hiện đại - khu vip Nguyễn Văn Cừ, Phường 1, Quận 5, DT 77m2 - 3 lầu",Thỏa thuận,"Đường Nguyễn Văn Cừ, Phường 1, Quận 5, Hồ Chí Minh",77 m²,4 phòng,6 phòng,3 tầng,Sổ đỏ/ Sổ hồng,24/11/2025
"Bán nhà Q5 ngay Trần Hưng Đạo, hẻm xe hơi đường An Bình Quận 5","13,2 tỷ","Phường 6, Quận 5, Hồ Chí Minh",68 m²,6 phòng,6 phòng,5 tầng,Sổ đỏ/ Sổ hồng,26/11/2025
"Nhà đẹp xe hơi tới cửa giảm 500triệu Lê Hồng Phong, P2, Quận 5. 75m2. Sổ hồng riêng",Thỏa thuận,"Đường Lê Hồng Phong, Phường 2, Quận 5, Hồ Chí Minh",75 m²,5 phòng,5 phòng,3 tầng,Sổ đỏ/ Sổ hồng,26/11/2025
"Quận 5, nhà mới tinh 56m2 (4x14m), 4 tầng - hẻm xe hơi 4m, không quy hoạch","10,95 tỷ","Đường Nguyễn Văn Đừng, Phường 6, Quận 5, Hồ Chí Minh",56 m²,4 phòng,5 phòng,4 tầng,Sổ đỏ/ Sổ hồng,26/11/2025
"Duy nhất 1 căn biệt thự hiện đại, hẻm 2 xe hơi, ra Nguyễn Tri Phương, P9, Q5, 8x20m 4 lầu thang máy",31 tỷ,"Đường Nguyễn Chí Thanh, Phường 9, Quận 5, Hồ Chí Minh",154 m²,4 phòng,4 phòng,3 tầng,Sổ đỏ/ Sổ hồng,26/11/2025
"Bán nhà đường 6m An Dương Vương, P7, Quận 5. 66.5m2, 3tỷ650tr, sẵn HĐ thuê 25 tr/th. Gần ĐH Sài Gòn",Thỏa thuận,"Đường An Dương Vương, Phường 7, Quận 5, Hồ Chí Minh","66,5 m²",4 phòng,5 phòng,3 tầng,Sổ đỏ/ Sổ hồng.,26/11/2025
"Cô Hà bán nhà Trần Hưng Đạo - P2 - Q5, gần bệnh viện Chấn Thương Chỉnh Hình. 79m2 đang thuê 26tr",Thỏa thuận,"Đường Trần Hưng Đạo, Phường 2, Quận 5, Hồ Chí Minh",79 m²,4 phòng,5 phòng,4 tầng,Sổ đỏ/ Sổ hồng,26/11/2025
"Nhà mới hẻm 3m / An Dương Vương, gần chợ An Đông, 36m2, 3 lầu BTCT","5,75 tỷ","Đường An Dương Vương, Phường 3, Quận 5, Hồ Chí Minh",36 m²,3 phòng,3 phòng,3 tầng,Sổ đỏ/ Sổ hồng,21/11/2025
"Bán Nhà Đẹp 4 Tầng, Nguyễn Văn Đừng, Trần Hưng Đạo Quận 5, 56M2(4x14) Sổ vuông đẹp, 4PN-5WC","10,9 tỷ","Đường Nguyễn Văn Đừng, Phường 6, Quận 5, Hồ Chí Minh",56 m²,4 phòng,5 phòng,4 tầng,Sổ đỏ/ Sổ hồng,26/11/2025
CẦN BÁN GĂP NHÀ HẺM XE HƠI - TRUNG TÂM QUẬN 5,"10,8 tỷ","Đường Nguyễn Trãi, Phường 7, Quận 5, Hồ Chí Minh",44 m²,5 phòng,4 phòng,4 tầng,Sổ đỏ/ Sổ hồng,26/11/2025
TTQ5 Nhà đẹp ngang khủng 6m Trần Bình Trọng Quận 5 giáp Quận 1 khu dân trí cao,"9,9 tỷ","Đường Trần Bình Trọng, Phường 3, Quận 5, Hồ Chí Minh",72 m²,4 phòng,3 phòng,3 tầng,Sổ hồng riêng,26/11/2025
Bán nhà HXH ngang 8 dài 10 sát Q1,"19,5 tỷ","Đường Trần Hưng Đạo, Phường 2, Quận 5, Hồ Chí Minh",80 m²,5 phòng,2 phòng,3 tầng,Sổ đỏ/ Sổ hồng,26/11/2025
"Nhà An Dương Vương Sát Chợ An Đông, Kinh Doanh & Ở, DT 56m2 Bề Ngang 4.3m, SHR, Chỉ 13.3 Tỷ","13,3 tỷ","Đường An Dương Vương, Phường 2, Quận 5, Hồ Chí Minh",56 m²,5 phòng,N/A,2 tầng,Sổ đỏ/ Sổ hồng,26/11/2025
"Bán nhà chính chủ đường oto - An Bình, Quận 5.  79m2 (4,9mx16,2m), Gần Bệnh Viện An Bình",Thỏa thuận,"Đường An Bình, Phường 5, Quận 5, Hồ Chí Minh",79 m²,4 phòng,4 phòng,3 tầng,Sổ hồng riêng,26/11/2025
"Sở hữu ngay nhà 80,9m2 Đặng Thái Thân - P11 - Q5, gần bv Đại Học Y Dược, đang cho thuê 19tr",Thỏa thuận,"Đường  Đặng Thái Thân, Phường 11, Quận 5, Hồ Chí Minh","80,9 m²",4 phòng,5 phòng,4 tầng,Sổ đỏ/ Sổ hồng,26/11/2025
"Bán gấp HXH VIP 322/ An Dương Vương - Trần Bình Trọng P. 4 Q. 5 (5,3x20m) giá 25 Tỷ",25 tỷ,"322/ Đường An Dương Vương, Phường 4, Quận 5, Hồ Chí Minh",88 m²,6 phòng,6 phòng,4 tầng,Sổ đỏ/ Sổ hồng,26/11/2025
Bán nhà 5.3x22m An Dương Vương Q5 - 4 lầu - giá 24 tỷ -0906 366 ***,24 tỷ,"Đường An Dương Vương, Phường 4, Quận 5, Hồ Chí Minh","117,2 m²",N/A,N/A,4 tầng,Sổ đỏ/ Sổ hồng.,16/11/2025
Nhà đẹp đường 6m Yết Kiêu - Phường 9 - Quận 5. Đang cho thuê 21 triệu. Gần chợ An Đông,Thỏa thuận,"Đường Yết Kiêu, Phường 9, Quận 5, Hồ Chí Minh",71 m²,2 phòng,2 phòng,2 tầng,Sổ đỏ/ Sổ hồng,26/11/2025
"Bán nhà căn góc 2 MT hẻm 4m đường Nguyễn Biểu - Quận 5. DT: 3,3x11m (2 tầng). Giá: 6,48 tỷ","6,48 tỷ","Đường Nguyễn Biểu, Phường 1, Quận 5, Hồ Chí Minh",36 m²,2 phòng,1 phòng,2 tầng,Sổ đỏ/ Sổ hồng.,26/11/2025
CHDV 12 Phòng gần trường ĐH kinh tế UEH 5 tầng BTCT Xe hơi đậu trước nhà,"8,9 tỷ","Đường Nguyễn Tri Phương, Phường 5, Quận 5, Hồ Chí Minh",48 m²,12 phòng,N/A,5 tầng,Sổ đỏ/ Sổ hồng,26/11/2025
Bán nhà HXH Trần Hưng Đạo. Q. 5 - khu vực dân trí - 52m2 - 2tầng - nhà cũ tiện xây mới - giá 7.4 tỷ,"7,4 tỷ","Đường Trần Hưng Đạo, Phường 1, Quận 5, Hồ Chí Minh",52 m²,2 phòng,N/A,2 tầng,Sổ đỏ/ Sổ hồng,26/11/2025
"Định cư Pháp bán gấp nhà 60m2 đường An Dương Vương, Quận 5. Giá 4,45 tỷ, Đường rộng, mua bán nhanh",Thỏa thuận,"Đường An Dương Vương, Phường 4, Quận 5, Hồ Chí Minh",60 m²,2 phòng,3 phòng,1 tầng,Sổ đỏ/ Sổ hồng.,26/11/2025
"Rẻ nhất Quận 5. Nhà 21.7m2 Trần Bình Trọng, P1, Quận 5. Sổ hồng riêng",Thỏa thuận,"Đường Trần Bình Trọng, Phường 1, Quận 5, Hồ Chí Minh","21,7 m²",2 phòng,2 phòng,2 tầng,Sổ đỏ/ Sổ hồng,26/11/2025
"Bán nhà Trần Phú, P. 7, Q. 5 - 4 tầng, DT 57m2, ngang 4.8m - chỉ 9.7 tỷ","9,7 tỷ","Đường Trần Phú, Phường 7, Quận 5, Hồ Chí Minh",57 m²,3 phòng,3 phòng,4 tầng,Sổ đỏ/ Sổ hồng.,21/11/2025
"Bán nhà Đỗ Ngọc Thạnh, P. 14, Q. 5 - đối diện chợ Kim Biên - chỉ 8.4 tỷ","8,4 tỷ","Đường Đỗ Ngọc Thạnh, Phường 14, Quận 5, Hồ Chí Minh",34 m²,2 phòng,1 phòng,3 tầng,Sổ đỏ/ Sổ hồng.,16/11/2025
"Nhà hẻm xe hơi An Dương Vương 4.6x20m, trệt 3 lầu ST mới đẹp gần mặt tiền đường giá 17.8 tỷ TL","17,8 tỷ","Đường An Dương Vương, Phường 4, Quận 5, Hồ Chí Minh","93,5 m²",7 phòng,8 phòng,5 tầng,Sổ đỏ/ Sổ hồng.,17/11/2025
"Bán nhà mặt tiền HXH đường Nguyễn Trãi, P3, Quận 5 (DT: 4,8x21,5m, hậu 5,6m) HĐT 30 triệu. 23,5Tỷ","23,5 tỷ","Đường Nguyễn Trãi, Phường 3, Quận 5, Hồ Chí Minh",115 m²,3 phòng,3 phòng,3 tầng,Sổ đỏ/ Sổ hồng,25/11/2025
"Nhà ngộp đường An Dương Vương, Quận 5, DT 60m2, giá 3 tỷ 900 triệu, còn HĐ thuê 30tr/tháng",Thỏa thuận,"Đường An Dương Vương, Phường 4, Quận 5, Hồ Chí Minh",60 m²,4 phòng,5 phòng,4 tầng,Sổ hồng,25/11/2025
"Nhà riêng đơn giá rẻ 90,4m2 chỉ 20 tỷ tại đường Trần Hưng Đạo, Q5. Cách MT 1 căn",20 tỷ,"Đường Trần Hưng Đạo, Phường 2, Quận 5, Hồ Chí Minh","90,4 m²",N/A,N/A,2 tầng,Sổ đỏ/ Sổ hồng.,20/11/2025
"Cực rẻ! Nhà ngang lớn 9m. Hơn 200m2 CN. HXH 6m đường Trần Hưng Đạo, Q5. Giá chỉ 35 tỷ",35 tỷ,"Đường Trần Hưng Đạo, Phường 2, Quận 5, Hồ Chí Minh",200 m²,N/A,N/A,3 tầng,Sổ đỏ/ Sổ hồng,20/11/2025
"Bán nhà hẻm xe tải 12m (5x20m) đường Nguyễn Trãi, Q5. Giá chỉ 20,2 tỷ TL","20,3 tỷ","Đường Nguyễn Trãi, Phường 2, Quận 5, Hồ Chí Minh",93 m²,N/A,N/A,3 tầng,Sổ đỏ/ Sổ hồng,21/11/2025
"Bán nhà riêng 67m2, 9,9 tỷ tại Trần Bình Trọng, P. 1, Q. 5, TP. HCM, tiện đi lại 3 quận Trung tâm","9,9 tỷ","Đường Trần Bình Trọng, Phường 1, Quận 5, Hồ Chí Minh",67 m²,5 phòng,4 phòng,3 tầng,Sổ đỏ/ Sổ hồng,25/11/2025
"Bán nhà HXH Võ Văn Kiệt, Q5, 9,9 tỷ, 68m2, 7PN, 5WC, view đẹp, khu dân cư văn minh, thân thiện","9,9 tỷ","Đường Võ Văn Kiệt, Phường 1, Quận 5, Hồ Chí Minh",68 m²,7 phòng,5 phòng,5 tầng,Sổ đỏ/ Sổ hồng,25/11/2025
"Lên sóng siêu phẩm nhà đường Trần Phú P7 Quận 5, 67,6m2(5,2x13m)nhà 3 lầu - SHR - hẻm 7m",Thỏa thuận,"Đường Trần Phú, Phường 7, Quận 5, Hồ Chí Minh","67,6 m²",4 phòng,5 phòng,3 tầng,Sổ đỏ/ Sổ hồng,19/11/2025
"Chủ cần tiền, giảm giá mạnh nhà 68m2 Học Lạc, Q5, chỉ 7tỷ4/ 6,8x10m. Cung đường buôn bán sầm uất","7,4 tỷ","Đường Học Lạc, Phường 14, Quận 5, Hồ Chí Minh",68 m²,6 phòng,4 phòng,5 tầng,Sổ đỏ/ Sổ hồng,25/11/2025
"Cần bán nhà hẻm ôtô 6m 74,7m2/4Tỷ250 An Dương Vương P2 Q5. Sát ĐH Sài Gòn, đang cho thuê 23triệu",Thỏa thuận,"Đường An Dương Vương, Phường 2, Quận 5, Hồ Chí Minh","74,7 m²",4 phòng,5 phòng,3 tầng,Sổ đỏ/ Sổ hồng,25/11/2025
"Giảm giá bán nhanh nhà Bà Triệu - P12 - Q5, gần bệnh viện Chợ Rẫy. 76,9m2 đang cho thuê 21 triệu",Thỏa thuận,"Đường  Bà Triệu, Phường 12, Quận 5, Hồ Chí Minh","76,9 m²",4 phòng,5 phòng,3 tầng,Sổ đỏ/ Sổ hồng,25/11/2025
"Nhà quận 5, 1 trệt 1 lầu chỉ 5 tỷ 600 thương lượng, dọn vào ở ngay. LH xem nhà0876 410 ***","5,6 tỷ","Đường Cao Đạt, Phường 1, Quận 5, Hồ Chí Minh",22 m²,2 phòng,3 phòng,2 tầng,Sổ đỏ/ Sổ hồng,25/11/2025
Bán nhà HXH Nguyễn Tri Phương Quận 5. Nhà 4 tầng. Gía 12.5 tỷ TL,"12,5 tỷ","Đường Nguyễn Tri Phương, Phường 9, Quận 5, Hồ Chí Minh","57,4 m²",5 phòng,4 phòng,4 tầng,Sổ đỏ/ Sổ hồng,25/11/2025
"Đồng thuận bán gấp nhà Bạch Vân - P5 - Quận 5 gần chợ Hòa Bình, cho thuê 26 triệu. Giá 4 tỷ 3/79m2",Thỏa thuận,"Đường Bạch Vân, Phường 5, Quận 5, Hồ Chí Minh",79 m²,4 phòng,5 phòng,4 tầng,Sổ đỏ/ Sổ hồng,25/11/2025
Nhà phố 3 lầu HXT 7m đường Nguyễn Trãi Quận 5 (6.5 x 21m) GPXD mới: 7 lầu. Giá bán: 24.5 tỷ,"24,5 tỷ","Đường Nguyễn Trãi, Phường 3, Quận 5, Hồ Chí Minh",131 m²,6 phòng,5 phòng,3 tầng,Sổ đỏ/ Sổ hồng,16/11/2025
"Chính chủ bán nhà phố HXH 8m ngay Nguyễn Chí Thanh - Nguyễn Tri Phương (8x19m) Q5, giá: 32.5 tỷ","32,5 tỷ","Đường Nguyễn Chí Thanh, Phường 9, Quận 5, Hồ Chí Minh",150 m²,5 phòng,5 phòng,4 tầng,Sổ đỏ/ Sổ hồng.,16/11/2025
"Nhà 4 tầng DT 68 m2 (4 x 17) hẻm xe hơi thông 6m An Dương Vương, Q.5 giá tốt","18,5 tỷ","Đường An Dương Vương, Phường 4, Quận 5, Hồ Chí Minh",68 m²,6 phòng,N/A,4 tầng,Sổ đỏ/ Sổ hồng,25/11/2025
8.x TỶ - XE 7 CHỖ TỚI NHÀ  NGANG GẦN 4M VUÔNG VỨC - DT 46m2 SÁT MẶT TIỀN GẦN NGUYỄN VĂN CỪ Q.5,"8,8 tỷ","Đường Nguyễn Văn Cừ, Phường 3, Quận 5, Hồ Chí Minh",46 m²,2 phòng,1 phòng,2 tầng,Sổ đỏ/ Sổ hồng,25/11/2025
"Hàng hiếm nhà Đ Châu Văn Liêm, P11, Quận 5. Giá 4,680ty/84m2, gần chợ xóm Củi, cho thuê 29tr/tháng",Thỏa thuận,"Đường Châu Văn Liêm, Phường 11, Quận 5, Hồ Chí Minh",84 m²,4 phòng,5 phòng,3 tầng,Sổ đỏ/ Sổ hồng,25/11/2025
"SOS!! Sở hữu ngay nhà trung tâm Sài Gòn - Đường Bà Triệu, Phường 12, Quận 5 - Gần bệnh viện Chợ Rẫy",Thỏa thuận,"Đường  Bà Triệu, Phường 12, Quận 5, Hồ Chí Minh",70 m²,N/A,N/A,3 tầng,Sổ hồng,25/11/2025
"Trần Phú Quận 5, hẻm ô tô, cách đường lớn 10m DT 57m2 ngang 4m, 4 tầng","9,2 tỷ","Đường Trần Phú, Phường 7, Quận 5, Hồ Chí Minh",57 m²,4 phòng,4 phòng,4 tầng,Sổ đỏ/ Sổ hồng,21/11/2025
"9.x TỶ- BÁN NHÀ CŨ DT 3,9M * 14M - HẺM OTO TỚI NƠI - GẦN NGUYỄN TRI PHƯƠNG Q.5 -NỞ HẬU","9,98 tỷ","Đường Nguyễn Tri Phương, Phường 6, Quận 5, Hồ Chí Minh",54 m²,3 phòng,N/A,2 tầng,Sổ đỏ/ Sổ hồng,25/11/2025
"Bán nhà hẻm 322 An Dương Vương P4 Q5, DT: 5.15x21 4 tầng giá chỉ: 26 tỷ",26 tỷ,"Hẻm 322, Đường An Dương Vương, Phường 4, Quận 5, Hồ Chí Minh",111 m²,N/A,N/A,4 tầng,N/A,25/11/2025
HXH 338 An Dương Vương 6.5x20m - 4 lầu nhà đẹp giá 30 tỷ TL.0931 456 ***,30 tỷ,"Đường An Dương Vương, Phường 4, Quận 5, Hồ Chí Minh",120 m²,N/A,N/A,4 tầng,Sổ hồng,25/11/2025
Vị trí vàng trong làng bds - Trần Hưng Đạo P.1Q.5 - dòng tiền 35t/th - nhỉnh 13ty,"13,94 tỷ","Đường Trần Hưng Đạo, Phường 1, Quận 5, Hồ Chí Minh",60 m²,6 phòng,6 phòng,4 tầng,Sổ đỏ/ Sổ hồng,25/11/2025
Vị trí đắc địa - Nguyễn Trãi Q.5 - 60m2 - 5 tầng đúc chắc chắn - giá nhỉnh 9ty,"9,4 tỷ","Đường Nguyễn Trãi, Phường 7, Quận 5, Hồ Chí Minh",60 m²,6 phòng,5 phòng,5 tầng,Sổ đỏ/ Sổ hồng,24/11/2025
"Siêu VIP, Quận 5, Nguyễn Văn Đừng, 3 tầng, HXH, 66m2, Chỉ nhỉnh 6 tỷ","6,6 tỷ","Đường Nguyễn Văn Đừng, Phường 6, Quận 5, Hồ Chí Minh",66 m²,N/A,N/A,3 tầng,Sổ hồng riêng,24/11/2025
Cần tiền xoay vốn bán ngay nhà Trần Hưng Đạo Q5 38m2 3PN bao sang tên sổ riêng,Thỏa thuận,"Đường Trần Hưng Đạo, Phường 1, Quận 5, Hồ Chí Minh",38 m²,3 phòng,2 phòng,2 tầng,N/A,19/11/2025
"Bán gấp nhà Đ Nguyễn Biểu, P1, Q5. DT 80m2 (5m x 16m). Gần trường ĐH Sài Gòn",Thỏa thuận,"Đường Nguyễn Biểu, Phường 1, Quận 5, Hồ Chí Minh",80 m²,4 phòng,5 phòng,3 tầng,Sổ hồng chính chủ.,24/11/2025
"Giá tốt 2.95 tỷ (TL nhẹ) | Trần Hưng Đạo Quận 5 kết cấu: 1 trệt 2 lầu, 2PN 3WC","2,95 tỷ","Đường Trần Hưng Đạo, Phường 1, Quận 5, Hồ Chí Minh",18 m²,2 phòng,3 phòng,3 tầng,Sổ đỏ/ Sổ hồng,24/11/2025
"Hẻm 4m Cao Đạt, P.2, Q.5, 20m ra mặt tiền, dt: 3,8 X 9m, hai tầng, giá 5 tỷ 4.","5,4 tỷ","Đường Cao Đạt, Phường 2, Quận 5, Hồ Chí Minh",30 m²,2 phòng,3 phòng,2 tầng,Sổ đỏ/ Sổ hồng,24/11/2025
"Bán NR đẹp xuất sắc tại Lê Hồng Phong, 6,8 tỷ, 38m2, 4 tầng, 3PN, 4WC, Q5, HCM","6,8 tỷ","Đường Lê Hồng Phong, Phường 2, Quận 5, Hồ Chí Minh",38 m²,3 phòng,4 phòng,4 tầng,Sổ đỏ/ Sổ hồng,24/11/2025
"Cô Lệ bán nhà có thang máy ngay Đại Học Y Dược đường Lương Nhữ Học, Quận 5. 61,1m2 - SHR",Thỏa thuận,"Đường Lương Nhữ Học, Phường 11, Quận 5, Hồ Chí Minh","61,1 m²",4 phòng,6 phòng,3 tầng,Sổ đỏ/ Sổ hồng,20/11/2025
Bán nhà thiết kế đẹp ngang trên 5m - căn góc MT Trần Phú-P4-Q.5-66m²-4tầng-chỉ nhỉnh 9 tỷ-7PN - 8WC,"9,3 tỷ","Đường Trần Phú, Phường 4, Quận 5, Hồ Chí Minh",66 m²,7 phòng,8 phòng,4 tầng,Sổ đỏ/ Sổ hồng,24/11/2025
Bán gấp trong tháng - Bán nhà Cao Đạt 22m² 2 tầng - 5.6 tỷ,"5,6 tỷ","Đường Cao Đạt, Phường 1, Quận 5, Hồ Chí Minh",22 m²,N/A,N/A,2 tầng,Sổ đỏ/ Sổ hồng,24/11/2025
"Bán gấp nhà Trần Phú, Q5, 71.4m2 gần ngã 6 Cộng Hòa, đang còn HĐ thuê 25tr/tháng",Thỏa thuận,"Đường Trần Phú, Phường 4, Quận 5, Hồ Chí Minh","71,4 m²",3 phòng,4 phòng,4 tầng,N/A,24/11/2025
"Tài Sản Sinh Lời Q5 Góc Trần Phú Ngang 5m Chỉ 9,3 Tỷ - Cho Thuê 400tr/Năm. Liên hệ0876 410 ***","9,3 tỷ","Đường Trần Phú, Phường 4, Quận 5, Hồ Chí Minh",44 m²,N/A,N/A,4 tầng,Sổ hồng,24/11/2025
"Bán nhà hẻm 5m sát MT Trần Bình Trọng - P3 - Quận 5 (5,6 x 22m) 3 lầu giá 17,9 tỷ","17,9 tỷ","Đường Trần Bình Trọng, Phường 3, Quận 5, Hồ Chí Minh","97,8 m²",6 phòng,4 phòng,3 tầng,N/A,24/11/2025
Có ngay nhà 76m2 đường Cao Đạt - Q5. Gần trung tâm y tế dự phòng. Cho thuê 24tr,Thỏa thuận,"Đường Cao Đạt, Phường 12, Quận 5, Hồ Chí Minh",76 m²,3 phòng,4 phòng,3 tầng,Sổ đỏ/ Sổ hồng,24/11/2025
"Bán nhà HXH 52 Gia Phú, P Chợ Lớn (mới), TPHCM, kêu 13,8 tỷ nay xuống 12,3 tỷ, 64,78m2, 4,5 tấm","12,3 tỷ","Hẻm 52, Đường Gia Phú, Phường 13, Quận 5, Hồ Chí Minh","64,78 m²",5 phòng,4 phòng,4 tầng,Sổ đỏ/ Sổ hồng,24/11/2025
"(DT: 5.6x23m) 3 tầng - 18.8 tỷ nhà hẻm xe hơi - Trần Bình Trọng, Q5","18,8 tỷ","Đường Trần Bình Trọng, Phường 3, Quận 5, Hồ Chí Minh","128,8 m²",N/A,N/A,3 tầng,Sổ đỏ/ Sổ hồng,18/11/2025
NHÀ ĐẸP HẺM VIP DT 7.5x10m 4 TẦNG - GIÁ 18.9 TỶ TL - TRẦN BÌNH TRỌNG Q5,"18,9 tỷ","Đường Trần Bình Trọng, Phường 3, Quận 5, Hồ Chí Minh",75 m²,N/A,N/A,N/A,Sổ đỏ/ Sổ hồng,18/11/2025
Q.5 - 50m2 - 5 tầng BTCT - nhà đẹp lung linh - 9ty9 - căn hộ dịch vụ,"9,9 tỷ","Đường Huỳnh Mẫn Đạt, Phường 7, Quận 5, Hồ Chí Minh",50 m²,N/A,N/A,5 tầng,N/A,24/11/2025
"Siêu phẩm tòa nhà CHDV An Dương Vương, Q.5 dòng tiền cao, vị trí trung tâm, giá cực tốt",35 tỷ,"Đường An Dương Vương, Phường 3, Quận 5, Hồ Chí Minh","106,8 m²",33 phòng,35 phòng,7 tầng,Sổ đỏ/ Sổ hồng,19/11/2025
NHÀ 3 TẦNG - 56M2-XE HƠI VÀO NHÀ - ĐƯỜNG TRẦN BÌNH TRỌNG QUẬN 5 - VUÔNG VỨC - HC ĐỦ - NHỈNH 8 TỶ TL,"8,5 tỷ","Đường Trần Bình Trọng, Phường 2, Quận 5, Hồ Chí Minh",56 m²,4 phòng,3 phòng,3 tầng,Sổ đỏ/ Sổ hồng,24/11/2025
Giá Cực Tốt - HXH Vào Nhà Cạnh MT Trần Phú Quận 5 - 57m2 Ngang 4m 4 Tầng Nở Hậu - Chỉ 9 Tỷ 2,"9,2 tỷ","Đường Trần Phú, Phường 7, Quận 5, Hồ Chí Minh",57 m²,4 phòng,3 phòng,4 tầng,Sổ đỏ/ Sổ hồng,24/11/2025
HXH Tới Nhà - Trần Nhân Tôn Quận 5 - 50m2 5 Tầng 4 PN Còn Mới Ở Ngay - 11 Tỷ 5 TL,"11,5 tỷ","Đường Trần Nhân Tôn, Phường 9, Quận 5, Hồ Chí Minh",50 m²,4 phòng,5 phòng,5 tầng,Sổ đỏ/ Sổ hồng,24/11/2025
"BÁN CĂN GÓC HẺM- CAO ĐẠT, Q5- 5 TỶ 680","5,68 tỷ","Đường Cao Đạt, Phường 1, Quận 5, Hồ Chí Minh",31 m²,2 phòng,3 phòng,2 tầng,Sổ đỏ/ Sổ hồng,23/11/2025
"Q5-hẻm Võ Văn Kiệt, F6- 3 tầng BTCT-5tỷ680","5,68 tỷ","Đường Võ Văn Kiệt, Phường 6, Quận 5, Hồ Chí Minh",23 m²,4 phòng,3 phòng,3 tầng,Sổ đỏ/ Sổ hồng,23/11/2025
"Vợ chồng tôi bán nhà Trần Nhân Tôn - P9 - Q5 (cũ) gần chợ An Đông, 88m2, đang cho thuê 26tr",Thỏa thuận,"Đường Trần Nhân Tôn, Phường 9, Quận 5, Hồ Chí Minh",88 m²,5 phòng,6 phòng,3 tầng,Sổ đỏ/ Sổ hồng,24/11/2025
"Hàng thơm giảm mạnh cần bán căn Cao Đạt 40,2m2 2PN sổ riêng sang tên ngay",Thỏa thuận,"Đường Cao Đạt, Phường 1, Quận 5, Hồ Chí Minh.","40,2 m²",2 phòng,3 phòng,2 tầng,Sổ hồng riêng,20/11/2025
"Giảm ngay 500tr cho khách dọn vào Ở. Bán nhà HXH Đường Trần Hưng Đạo, P11, Quận 5. Pháp lý chuẩn!",Thỏa thuận,"Đường Trần Hưng Đạo, Phường 11, Quận 5, Hồ Chí Minh",65 m²,4 phòng,5 phòng,4 tầng,Sổ đỏ/ Sổ hồng,24/11/2025
Bán gấp trong tuần để xuất cảnh - Bán nhà Nguyễn Biểu 46.4m² - 4 tầng - 9.8 tỷ - siêu rẻ,"9,8 tỷ","Đường Nguyễn Biểu, Phường 1, Quận 5, Hồ Chí Minh","46,4 m²",5 phòng,4 phòng,4 tầng,N/A,24/11/2025
"Nhà Q5 - Huỳnh Mẫn Đạt - 3 tầng BTCT - 5,880 tỷ","5,88 tỷ","Hẻm 80/, Đường Huỳnh Mẫn Đạt, Phường 2, Quận 5, Hồ Chí Minh",31 m²,3 phòng,2 phòng,3 tầng,Sổ đỏ/ Sổ hồng,23/11/2025
Khu VIP Q. 5 - Trần Nhân Tôn - HXH - Ngộp Bank - 8tỷ5 - nhà nát tiện xây mới,"8,5 tỷ","Đường Trần Nhân Tôn, Phường 9, Quận 5, Hồ Chí Minh",50 m²,2 phòng,2 phòng,2 tầng,Sổ đỏ/ Sổ hồng,24/11/2025
"Hẻm xe hơi Võ Văn Kiệt, ngang 3,5m, 2tầng, 2PN, được xây 4tầng, có hẻm sau, gần đường An Bình","4,6 tỷ","Đường Võ Văn Kiệt, Phường 5, Quận 5, Hồ Chí Minh",26 m²,2 phòng,N/A,2 tầng,Sổ đỏ/ Sổ hồng,24/11/2025
"ÔTÔ NGỦ TRONG NHÀ 81M2 ĐƯỜNG KÝ HOÀ-QUẬN 5. GIÁ CHỈ 4 TỶ HƠN, ĐANG CHO THUÊ 24TR. GẦN BV ĐH Y DƯỢC",Thỏa thuận,"Đường Ký Hòa, Phường 11, Quận 5, Hồ Chí Minh",81 m²,4 phòng,5 phòng,2 tầng,N/A,24/11/2025
"Bán tòa nhà CHDV Nguyễn Trãi, Phường 03, Quận 5, Hầm, 7 lầu, 32P, 140tr, giá: 39.8 tỷ BL","39,8 tỷ","Đường Nguyễn Trãi, Phường 3, Quận 5, Hồ Chí Minh",110 m²,32 phòng,32 phòng,8 tầng,Sổ hồng,24/11/2025
"Bán nhà hẻm xe hơi 2 lầu, 50m2 - ngay Bùi Hữu Nghĩa, P7, Quận 5, sổ hồng riêng",Thỏa thuận,"Đường Bùi Hữu Nghĩa, Phường 7, Quận 5, Hồ Chí Minh",50 m²,3 phòng,3 phòng,2 tầng,Sổ hồng,24/11/2025
Bán Nhà Trần Phú - Quận 5 60m2 Ngay Bv An Bình hẻm 8m sẵn HĐ Thuê 20tr/th,Thỏa thuận,"Đường Trần Phú, Phường 7, Quận 5, Hồ Chí Minh",60 m²,4 phòng,5 phòng,4 tầng,Sổ hồng riêng,24/11/2025
"Nhà đẹp giá ngộp ngay Phạm Hữu Chí, Quận 5, 60m2 thích hợp mua ở hoặc cho thuê, SHR",Thỏa thuận,"Đường Phạm Hữu Chí, Phường 12, Quận 5, Hồ Chí Minh",60 m²,4 phòng,5 phòng,3 tầng,Sổ đỏ/ Sổ hồng,24/11/2025
"Bán nhà riêng, 72m2, giá siêu hời tại Trần Hưng Đạo, Q5, giá 4,2 tỷ, gần BV Đại học Y Dược (6 phút)",Thỏa thuận,"Đường Trần Hưng Đạo, Phường 11, Quận 5, Hồ Chí Minh",72 m²,4 phòng,4 phòng,4 tầng,N/A,24/11/2025
Gấp bán! nhà hẻm Lê Hồng Phong Q5 DT 3.4x11.8m giảm sâu còn 6.8 tỷ,"6,8 tỷ","Đường Lê Hồng Phong, Phường 2, Quận 5, Hồ Chí Minh",40 m²,3 phòng,3 phòng,4 tầng,Sổ đỏ/ Sổ hồng,24/11/2025
"Chuyển công tác, Ngô Quyền, P5, Q5, DT 78m2, cho thuê 25 triệu, sổ hồng riêng chính chủ",Thỏa thuận,"Đường Ngô Quyền, Phường 5, Quận 5, Hồ Chí Minh",78 m²,4 phòng,5 phòng,4 tầng,Sổ đỏ/ Sổ hồng,24/11/2025
"Hạ giá sốc 71m2 nhà đường 6m Trần Bình Trọng, P2, Q5 đang cho thuê 22tr gần đại học Sài Gòn",Thỏa thuận,"Đường Trần Bình Trọng, Phường 2, Quận 5, Hồ Chí Minh",71 m²,4 phòng,4 phòng,2 tầng,N/A,23/11/2025
Nhà mới ở ngay - Nguyễn Văn Đừng Quận 5 - 55m2 4 tầng BTCT 4 PN - 11 tỷ TL,11 tỷ,"Đường Nguyễn Văn Đừng, Phường 6, Quận 5, Hồ Chí Minh",55 m²,4 phòng,5 phòng,4 tầng,Sổ đỏ/ Sổ hồng,23/11/2025
"Nhà bán khu vip Trần Bình Trọng ,1 đời chủ ,6PN ,DTS 211m2 , SHR nở hậu , hoàn công đủ .","17,9 tỷ","Đường Trần Bình Trọng, Phường 2, Quận 5, Hồ Chí Minh","70,4 m²",6 phòng,4 phòng,4 tầng,Sổ đỏ/ Sổ hồng,23/11/2025
"Hiếm Quận 5 Phan Văn Trị, DTS 106.4m2, nở hậu, 1 đời chủ chưa qua đầu tư, tiện xây mới CHDV","6,5 tỷ","Đường Phan Văn Trị, Phường 2, Quận 5, Hồ Chí Minh","42,8 m²",3 phòng,2 phòng,3 tầng,Sổ đỏ/ Sổ hồng,31/10/2025
Bán gấp trong tuần để xuất cảnh - Bán nhà Huỳnh Mẫn Đạt 41m² - 5 tầng - 10 tỷ - siêu rẻ,10 tỷ,"Đường Huỳnh Mẫn Đạt, Phường 7, Quận 5, Hồ Chí Minh",41 m²,7 phòng,4 phòng,5 tầng,Sổ đỏ/ Sổ hồng,23/11/2025
Bán gấp trong tháng - Bán nhà Cao Đạt 22m² 2 tầng - 5.6 tỷ,"5,6 tỷ","Đường Cao Đạt, Phường 1, Quận 5, Hồ Chí Minh",22 m²,2 phòng,3 phòng,2 tầng,Sổ đỏ/ Sổ hồng,23/11/2025
"HXH 15m ra Huỳnh Mẫn Đạt - CHDV 7PN 30tr/tháng - 5 tầng BTCT hoàn công 3,4x12m vuông - Ko Lộ Giới",10 tỷ,"Đường Huỳnh Mẫn Đạt, Phường 7, Quận 5, Hồ Chí Minh",41 m²,7 phòng,N/A,5 tầng,Sổ đỏ/ Sổ hồng,23/11/2025
"Chị Ly bán nhà Huỳnh Mẫn Đạt - Q5 đang cho thuê 23tr, 80,56m2. Gần Bệnh viện Nhiệt đới",Thỏa thuận,"Đường Huỳnh Mẫn Đạt, Phường 7, Quận 5, Hồ Chí Minh","80,56 m²",3 phòng,4 phòng,3 tầng,Sổ đỏ/ Sổ hồng,23/11/2025
Hẻm ô tô vào nhà Trần Bình Trọng Quận 5 - 76 m² 4 tầng BTCT - 1 đời chủ - hồ bơi Lam Sơn - 17 tỷ,17 tỷ,"Đường Trần Bình Trọng, Phường 4, Quận 5, Hồ Chí Minh",76 m²,4 phòng,4 phòng,4 tầng,Sổ đỏ/ Sổ hồng,23/11/2025
NHÀ MỚI Ở NGAY TRUNG TÂM QUẬN 5 Trân hưng đạo -Q5,"5,98 tỷ","Đường Trần Hưng Đạo, Phường 11, Quận 5, Hồ Chí Minh",30 m²,2 phòng,2 phòng,3 tầng,Sổ đỏ/ Sổ hồng,23/11/2025
"Bán nhà giá ngộp đường Trần Bình Trọng, Quận 5, gần giáo xứ Chợ Quán, 49m2, SHR giá TL",Thỏa thuận,"Đường Trần Bình Trọng, Phường 2, Quận 5, Hồ Chí Minh",49 m²,3 phòng,4 phòng,3 tầng,Sổ đỏ/ Sổ hồng.,23/11/2025
Bán gấp trong tuần để xuất cảnh - Bán nhà An Dương Vương 51m² - 2 tầng - 10.3 tỷ - siêu rẻ,"10,3 tỷ","Đường An Dương Vương, Phường 4, Quận 5, Hồ Chí Minh",51 m²,2 phòng,2 phòng,2 tầng,Sổ đỏ/ Sổ hồng,23/11/2025
"Chính chủ bán căn nhà Đ.Tân Hàng - Q.5, GIÁ 3TỶ520/81,6m2, cho thuê 21triệu, gần đại học Hùng Vương",Thỏa thuận,"Đường Tân Hàng, Phường 10, Quận 5, Hồ Chí Minh","81,6 m²",4 phòng,5 phòng,3 tầng,Sổ đỏ/ Sổ hồng,23/11/2025
"Bán nhà 4 tầng Huỳnh Mẫn Đạt trung tâm Quận 5 - sát MT Phan Văn Trị, ở ngay hoặc cho thuê - 5.88 tỷ","5,88 tỷ","Đường Huỳnh Mẫn Đạt, Phường 2, Quận 5, Hồ Chí Minh","28,3 m²",2 phòng,3 phòng,4 tầng,Sổ đỏ/ Sổ hồng.,20/11/2025
"Bán nhà Nguyễn Văn Cừ, P.1, Q.5 - 4 tầng, hẻm xe hơi 1 trục - 9.7 tỷ","9,7 tỷ","Đường Nguyễn Văn Cừ, Phường 1, Quận 5, Hồ Chí Minh",55 m²,4 phòng,4 phòng,4 tầng,Sổ đỏ/ Sổ hồng,20/11/2025
"Ngay chợ An Đông Sư Vạn Hạnh, P9, Q5 sát mặt tiền.Giá 2 tỷ 7. DT: 67m2. (5x13,5) sổ hồng riêng",Thỏa thuận,"Đường Sư Vạn Hạnh, Phường 9, Quận 5, Hồ Chí Minh",67 m²,4 phòng,4 phòng,3 tầng,Sổ hồng,22/11/2025
"Siêu phẩm nhà An Dương Vương, Q5, giá 4,2 tỷ, kế bên trường đại học Sài Gòn HĐ thuê 35tr/tháng",Thỏa thuận,"Đường An Dương Vương, Phường 4, Quận 5, Hồ Chí Minh",84 m²,4 phòng,8 phòng,5 tầng,Sổ hồng,22/11/2025
"Nhà 3 tầng, khu biệt thự Nguyễn Chí Thanh, P. 9, Q5, gần Quận 1, Quận 10, DT 135m2, ngang 9m, 35 tỷ",35 tỷ,"Đường Nguyễn Chí Thanh, Phường 9, Quận 5, Hồ Chí Minh",135 m²,6 phòng,N/A,3 tầng,Sổ đỏ/ Sổ hồng,22/11/2025
"Bán nhà đẹp, Đ. Nguyễn Biểu, P9, Q5, DT 58m2, Giá 2 tỷ 880tr, sổ hồng riêng chính chủ",Thỏa thuận,"Đường Nguyễn Biểu, Phường 9, Quận 5, Hồ Chí Minh",58 m²,2 phòng,2 phòng,2 tầng,Sổ đỏ/ Sổ hồng,22/11/2025
8.x TỶ - 30M MẶT TIỀN - GẦN 50M2 HẺM 4M - 4 TẦNG - PHAN VĂN TRỊ Q.5,"8,99 tỷ","Đường Phan Văn Trị, Phường 7, Quận 5, Hồ Chí Minh",50 m²,4 phòng,4 phòng,4 tầng,Sổ đỏ/ Sổ hồng,22/11/2025
9.X tỷ - 1 căn ra mặt tiền - oto tới cửa - 5 tầng Nguyễn Trãi Q. 5 - nở hậu - 44m2,"9,4 tỷ","Đường Nguyễn Trãi, Phường 9, Quận 5, Hồ Chí Minh",44 m²,6 phòng,4 phòng,5 tầng,Sổ đỏ/ Sổ hồng,22/11/2025
"Bán nhà HXH An Dương Vương, P. 9, Q. 5 DT: 4x13m 1 lầu, giá: 8 tỷ",8 tỷ,"Đường An Dương Vương, Phường 9, Quận 5, Hồ Chí Minh",52 m²,N/A,N/A,2 tầng,Sổ đỏ/ Sổ hồng,19/11/2025
Bán gấp trong tháng - Bán nhà Cao Đạt 22m² 2 tầng - 5.6 tỷ,"5,6 tỷ","Đường Cao Đạt, Phường 1, Quận 5, Hồ Chí Minh",22 m²,N/A,N/A,2 tầng,Sổ đỏ/ Sổ hồng,22/11/2025
"Bán gấp nhà đường An Dương Vương, P2, Q5. DT 75m2. Ngay Hùng Vương Plaza",Thỏa thuận,"Đường An Dương Vương, Phường 2, Quận 5, Hồ Chí Minh",75 m²,5 phòng,5 phòng,4 tầng,N/A,22/11/2025
"Bán nhà đường Nguyễn Trãi, Q5. (3.4x12,90) 4 tầng, SHR, hoàn công, gần Đại Thế Giới, chỉ 10 tỷ",10 tỷ,"Đường Nguyễn Trãi, Phường 7, Quận 5, Hồ Chí Minh","43,2 m²",5 phòng,4 phòng,4 tầng,Sổ đỏ/ Sổ hồng,22/11/2025
"Nhà 3.1 x 15m 2 tầng hẻm Trần Phú - Trần Nhân Tôn, P9, Q5","4,5 tỷ","Đường Trần Phú, Phường 9, Quận 5, Hồ Chí Minh","44,6 m²",N/A,N/A,2 tầng,N/A,18/11/2025
Cần bán hẻm ô tô thông Nguyễn Trãi Quận 5 (3.9x16m) siêu hot tiện xây sửa giá chỉ 10 tỷ,10 tỷ,"Đường Nguyễn Trãi, Phường 3, Quận 5, Hồ Chí Minh","62,4 m²",N/A,N/A,2 tầng,Sổ đỏ/ Sổ hồng,22/11/2025
"Bán nhà HXH đường Tân Hưng, P12, Q5 DT: 4x17m 1 lững 1 lầu, giá: 11 tỷ TL",11 tỷ,"Đường Tân Hưng, Phường 12, Quận 5, Hồ Chí Minh",68 m²,N/A,N/A,3 tầng,Sổ đỏ/ Sổ hồng,19/11/2025
"Kẹt tiền bán gấp nhà riêng tại Triệu Quang Phục, 48m2, Q5, HCM, đẹp, nhiều tiện ích",Thỏa thuận,"Đường Triệu Quang Phục, Phường 11, Quận 5, Hồ Chí Minh",48 m²,N/A,N/A,N/A,Sổ đỏ/ Sổ hồng,22/11/2025
Bán nhà hẻm 4m An Dương Vương Q5 - 4x14.5m 3 tầng - HĐT 30tr - 10 tỷ,10 tỷ,"Đường An Dương Vương, Phường 4, Quận 5, Hồ Chí Minh","56,6 m²",5 phòng,N/A,3 tầng,Sổ đỏ/ Sổ hồng,19/11/2025
Siêu hiếm! Nhà đẹp 4 tầng DT ~50 m2 (3.75 x 13.2) hẻm ôtô 6m An Dương Vương Q.5 giá đầu tư,"13,6 tỷ","Đường An Dương Vương, Phường 9, Quận 5, Hồ Chí Minh","49,5 m²",N/A,N/A,4 tầng,Sổ đỏ/ Sổ hồng,22/11/2025
Nhà góc 2 mặt hẻm Trần Phú Q5 Ngang 5.1m 4 tầng Chỉ 9.3 Tỷ,"9,3 tỷ","Đường Trần Phú, Phường 4, Quận 5, Hồ Chí Minh",44 m²,7 phòng,8 phòng,4 tầng,Sổ đỏ/ Sổ hồng,22/11/2025
"Bán Nhà Riêng 40 tỷ, 110m2, 9 tầng tại Nguyễn Trãi, p 3, Q5, TP.HCM, Chính chủ giá tốt",40 tỷ,"Đường Nguyễn Trãi, Phường 3, Quận 5, Hồ Chí Minh",110 m²,35 phòng,36 phòng,9 tầng,Sổ đỏ/ Sổ hồng,22/11/2025
"Nhà đẹp đường Phan Phú Tiên-Quận 5 cho thuê 24tr, gần Trường THCS Hồng Bàng giá chỉ 3tỷ92 DT 83,2m2",Thỏa thuận,"Đường Phan Phú Tiên, Phường 11, Quận 5, Hồ Chí Minh","83,2 m²",4 phòng,3 phòng,3 tầng,Sổ đỏ/ Sổ hồng,22/11/2025
"Nhà 2 mặt hẻm rộng 4m, địa chỉ 357/59/8 Hậu Giang, P.11, Q.6, HCM, 3,95 tỷ, 36m2","3,95 tỷ","Đường Hậu Giang, Phường 11, Quận 6, Hồ Chí Minh",36 m²,3 phòng,2 phòng,2 tầng,Sổ đỏ/ Sổ hồng,25/11/2025
"Bán nhà MT hẻm 418 Trần Phú, P7, Q5, 86m2 SHR, đang cho thuê 26 triệu/tháng",Thỏa thuận,"Hẻm 418, Đường Trần Phú, Phường 7, Quận 5, Hồ Chí Minh",86 m²,5 phòng,4 phòng,3 tầng,Sổ đỏ/ Sổ hồng.,22/11/2025
"Bán nhà đẹp, căn góc 2 mặt hẻm tại Tân Hòa Đông, 3,98 tỷ, 43 m2, view đẹp, Chính chủ.","3,98 tỷ","Đường Tân Hòa Đông, Phường 14, Quận 6, Hồ Chí Minh",43 m²,2 phòng,2 phòng,2 tầng,Sổ đỏ/ Sổ hồng,17/11/2025
"Bán nhà Mặt Tiền Đường số 6, Cổng Trường Tiểu Học Him Lam P.13 Q.6",11 tỷ,"Số 16, Đường Số 6, Phường 13, Quận 6, Hồ Chí Minh",64 m²,4 phòng,3 phòng,3 tầng,Sổ đỏ/ Sổ hồng,22/11/2025
Bán nhà 5x17 3 lầu mới tinh đối diện công viên,"13,99 tỷ","Đường 26, Phường 10, Quận 6, Hồ Chí Minh",84 m²,6 phòng,N/A,4 tầng,Sổ đỏ/ Sổ hồng,27/11/2025
"Quận 6, Tân Hoà Đông, chủ đang gấp 4x12m, 2 tầng BTCT đẹp mời ở ngay chỉ 5 đồng hơn","5,35 tỷ","Đường Tân Hòa Đông, Phường 14, Quận 6, Hồ Chí Minh",48 m²,3 phòng,3 phòng,2 tầng,Sổ đỏ/ Sổ hồng,27/11/2025
"BÁN NHÀ 1/ ĐƯỜNG VĂN THÂN, PHƯỜNG 8, QUẬN 6, SHR 1 ĐỜI 9 CHỦ, KO QUY HOẠCH, KO LỘ GIỚI","1,9 tỷ","Đường Văn Thân, Phường 8, Quận 6, Hồ Chí Minh",20 m²,2 phòng,N/A,2 tầng,Sổ đỏ/ Sổ hồng,16/11/2025
Nhà mới xây hẻm Bình Tiên 4x12.7 1 trệt 2 lầu 1T 4PN,"6,5 tỷ","Đường Bình Tiên, Phường 7, Quận 6, Hồ Chí Minh","50,8 m²",4 phòng,5 phòng,3 tầng,N/A,27/11/2025
"NHÀ 3 TẦNG BTCT TRUNG TÂM QUẬN 6 HẺM Ô TÔ NGỦ NHÀ CHỈ 6,5 TỶ Diện tích: 4,5 x 16m","6,5 tỷ","Đường Hậu Giang, Phường 12, Quận 6, Hồ Chí Minh",65 m²,4 phòng,3 phòng,4 tầng,Sổ đỏ/ Sổ hồng,25/11/2025
Hoa hồng 50tr - Bán nhà 78/9/7 Tân Hoà Đông - Giá 3.75 tỷ,"3,75 tỷ","Đường Tân Hòa Đông, Phường 14, Quận 6, Hồ Chí Minh","24,8 m²",2 phòng,2 phòng,2 tầng,Sổ đỏ/ Sổ hồng,24/11/2025
Bán nhà + Quận 6 khối phố bừng sáng giữa nét sống hiện đại - Hậu Giang,"8,8 tỷ","Hẻm 489B, Đường Hậu Giang, Phường 11, Quận 6, Hồ Chí Minh",40 m²,3 phòng,3 phòng,5 tầng,Sổ đỏ/ Sổ hồng,19/11/2025
"Bán nhà riêng giá siêu hời tại Tân Hòa Đông, 3,93 tỷ, 43,1 m2","3,93 tỷ","Đường Tân Hòa Đông, Phường 14, Quận 6, Hồ Chí Minh","43,1 m²",3 phòng,2 phòng,2 tầng,Sổ đỏ/ Sổ hồng,27/11/2025
Bán nhà Tân Hòa Đông - nhà đẹp 3 tầng - 47m2 - khu an ninh dân trí tốt - chỉ 5. x tỷ,"5,7 tỷ","Đường Tân Hòa Đông, Phường 14, Quận 6, Hồ Chí Minh",47 m²,4 phòng,4 phòng,3 tầng,Sổ hồng,27/11/2025
"Bán NR 4PN, 4WC, 51m2 tại Bà Hom, P14, Q6, TP.HCM",Thỏa thuận,"Đường Bà Hom, Phường 14, Quận 6, Hồ Chí Minh",51 m²,4 phòng,4 phòng,3 tầng,Sổ đỏ/ Sổ hồng,14/11/2025
Kẹt tiền bán gấp nhà Bà Hom. Phường 13. Quận 6. Diện tích: 45m3. Giá 4 tỷ 390.,"4,35 tỷ","Đường Bà Hom, Phường 13, Quận 6, Hồ Chí Minh",45 m²,N/A,N/A,N/A,Sổ đỏ/ Sổ hồng,27/11/2025
"Khu compound Hậu Giang giáp Quận 5, Quận 10, 5 tầng, ô tô ngủ trong nhà","8,8 tỷ","Đường Hậu Giang, Phường 11, Quận 6, Hồ Chí Minh",39 m²,3 phòng,3 phòng,5 tầng,Sổ đỏ/ Sổ hồng,19/11/2025
"Bán nhà Quận 6, DT lớn giá hạt dẻ","3,99 tỷ","Đường Tân Hòa Đông, Phường 14, Quận 6, Hồ Chí Minh",55 m²,3 phòng,1 phòng,2 tầng,Sổ đỏ/ Sổ hồng,27/11/2025
Bán nhà + quận 6 mặt tiền hẻm kinh doanh 9m thông vị trí vip gần Minh Phụng giá 6.9 tỷ,"6,9 tỷ","Đường Phan Văn Khỏe, Phường 5, Quận 6, Hồ Chí Minh",47 m²,2 phòng,2 phòng,2 tầng,Sổ đỏ/ Sổ hồng,21/11/2025
Nhà Góc 5.5x10m nở 6m Hẻm 4m Hậu Giang . Sau lưng MT . P12 . Q6,"5,7 tỷ","Đường Hậu Giang, Phường 12, Quận 6, Hồ Chí Minh",56 m²,N/A,N/A,N/A,N/A,20/11/2025
"Nhà cực đẹp, thiết kế riêng hiện đại (6x13)4 tấm đường Bà Hom","9,4 tỷ","Đường Bà Hom, Phường 13, Quận 6, Hồ Chí Minh",82 m²,4 phòng,5 phòng,4 tầng,Sổ đỏ/ Sổ hồng,26/11/2025
Nhà Hẻm 3m Cư Xá Phú Lâm A . P12 . Q6,"5,5 tỷ","Đường Cư Xá Phú Lâm A, Phường 12, Quận 6, Hồ Chí Minh",36 m²,4 phòng,5 phòng,5 tầng,Sổ đỏ/ Sổ hồng,21/11/2025
BÁN NHÀ ĐƯỜNG VĂN THÂN - QUẬN 6 - NHÀ MỚI - CÓ SÂN ĐỂ XE - 40M2 - NHỈNH 4 TỶ,"4,5 tỷ","Đường Văn Thân, Phường 8, Quận 6, Hồ Chí Minh",40 m²,N/A,N/A,2 tầng,Sổ hồng,27/11/2025
Bán nhà mới đúc 3 tấm hẻm 5m đường Kinh Dương Vương,"6,5 tỷ","Đường Kinh Dương Vương, Phường 12, Quận 6, Hồ Chí Minh",46 m²,4 phòng,3 phòng,3 tầng,Sổ đỏ/ Sổ hồng,26/11/2025
Bán nhà tặng hết NTCC đường Tân Hòa Đông (4x12) 1 lầu đúc,"5,15 tỷ","Đường Tân Hòa Đông, Phường 14, Quận 6, Hồ Chí Minh",48 m²,3 phòng,2 phòng,1 tầng,Sổ đỏ/ Sổ hồng,26/11/2025
Nhà 2MT Hẻm 8m sát đường Bà Hom Quận 6 - DT: 4x10 - Nhà đẹp 4 lầu. Hướng Tây và Nam. Giá: 6.5 Tỷ TL,"6,5 tỷ","Đường Bà Hom, Phường 13, Quận 6, Hồ Chí Minh",40 m²,4 phòng,4 phòng,4 tầng,Sổ đỏ/ Sổ hồng,26/11/2025
"BÁN NHÀ 3 TẦNG ĐÚC 54M2 _ HẺM 5M GẦN MẶT TIỀN MAI XUÂN THƯỜNG _ SỔ MỚI NỞ HẬU GIÁ 7,8 TỶ.","7,8 tỷ","Đường Mai Xuân Thưởng, Phường 1, Quận 6, Hồ Chí Minh",54 m²,4 phòng,3 phòng,3 tầng,Sổ đỏ/ Sổ hồng,26/11/2025
Bán Nhà riêng 50m2 giá tốt ở Bình Phú 3 tầng BTCT chỉ 8 tỷ nhỉnh,"8,6 tỷ","Đường Bình Phú, Phường 10, Quận 6, Hồ Chí Minh",50 m²,3 phòng,3 phòng,3 tầng,Sổ đỏ/ Sổ hồng,19/11/2025
"MTNBộ Trần Văn Kiểu, P10, Q6 giá rẻ chỉ 3,85tỷ","3,85 tỷ","Đường Trần Văn Kiểu, Phường 10, Quận 6, Hồ Chí Minh",30 m²,1 phòng,1 phòng,N/A,Sổ đỏ/ Sổ hồng,13/11/2025
"Bán nhà cấp 4 gốc 2 mặt tiền tại F29 Cư Xá Phú Lâm B, Q6, 22 tỷ, 130m2 giá siêu hời uy tín",22 tỷ,"Đường Cư Xá Phú Lâm B, Phường 13, Quận 6, Hồ Chí Minh",130 m²,N/A,N/A,N/A,Có sổ.,26/11/2025
"Bãi Sậy Quận 6, DT sàn 45m2, 3PN lầu đúc giá chỉ hơn 2 tỷ",Thỏa thuận,"Đường Bãi Sậy, Phường 1, Quận 6, Hồ Chí Minh",18 m²,3 phòng,2 phòng,3 tầng,Sổ đỏ/ Sổ hồng,26/11/2025
Chỉ 7tỷ450 - nhà ngang 4 dài 15 - hẻm xe hơi - Cư Xá Phú Lâm D khu vip Q6,"7,45 tỷ","Đường Cư Xá Phú Lâm D, Phường 10, Quận 6, Hồ Chí Minh",56 m²,4 phòng,3 phòng,3 tầng,Sổ đỏ/ Sổ hồng,24/11/2025
Nhà Hẻm 3m Đuờng Lý Chiêu Hoàng . P10 . Q6,"3,6 tỷ","Đường Lý Chiêu Hoàng, Phường 10, Quận 6, Hồ Chí Minh",24 m²,3 phòng,3 phòng,3 tầng,Sổ đỏ/ Sổ hồng,20/11/2025
68m2 - 6 tỷ 550 - khu nội bộ Bình Phú (4x17m) - 2 tầng - chủ bán đất tặng nhà,"6,55 tỷ","Đường Trần Văn Kiểu, Phường 10, Quận 6, Hồ Chí Minh",68 m²,4 phòng,3 phòng,2 tầng,Sổ đỏ/ Sổ hồng,16/11/2025
7tỷ2 - 48m2 - 2PN - 2WC - hẻm xe hơi nội khu bình phú,"7,2 tỷ","Đường Bình Phú, Phường 10, Quận 6, Hồ Chí Minh",48 m²,2 phòng,2 phòng,2 tầng,Sổ đỏ/ Sổ hồng,14/11/2025
4 tỷ 650 - 45m2 - 2PN - 2WC - nhà mới ở ngay - khu nội bộ Bình Phú,"4,65 tỷ","Đường Bình Phú, Phường 10, Quận 6, Hồ Chí Minh",45 m²,2 phòng,2 phòng,2 tầng,Sổ đỏ/ Sổ hồng,24/11/2025
Nhỉnh 6 tỷ - ngay vòng xoay Phú Lâm - hẻm ô tô thông - 4 tầng - vị trí kinh doanh sầm uất,"6,9 tỷ","Đường Nguyễn Văn Luông, Phường 12, Quận 6, Hồ Chí Minh",54 m²,4 phòng,3 phòng,4 tầng,Sổ đỏ/ Sổ hồng.,21/11/2025
47m2 (N3.7 * D 12) - 4.3 tỷ Cư Xá Phú Lâm A Q6,"4,3 tỷ","Đường Cư Xá Phú Lâm A, Phường 12, Quận 6, Hồ Chí Minh",47 m²,2 phòng,2 phòng,1 tầng,Sổ đỏ/ Sổ hồng,14/11/2025
42m2 - 4tỷ45 - nở hậu - 4.2*10.8- Cư Xá Phú Lâm A - Q6,"4,45 tỷ","Đường Cư Xá Phú Lâm A, Phường 12, Quận 6, Hồ Chí Minh",42 m²,3 phòng,2 phòng,2 tầng,Sổ đỏ/ Sổ hồng,24/11/2025
SIÊU PHẨM TT QUẬN 6 - NGAY HỒNG BÀNG - HẺM XE HƠI THÔNG - 51M2 - 3 TẦNG BTCT - 5PN - NHỈNH 7T,"7,5 tỷ","Đường Hồng Bàng, Phường 5, Quận 6, Hồ Chí Minh",51 m²,5 phòng,5 phòng,3 tầng,Sổ đỏ/ Sổ hồng,26/11/2025
"Bán nhà chính chủ hẻm 1025/9 Hậu Giang, 4.5 x 7m, 2 tấm, 3.2 tỷ. HHGT 1%","3,2 tỷ","Hẻm 1025, Đường Hậu Giang, Phường 11, Quận 6, Hồ Chí Minh",32 m²,3 phòng,2 phòng,2 tầng,Sổ đỏ/ Sổ hồng,15/11/2025
Mặt tiền Bà Hom phường 13 quận 6 ( 4 x 10 ) 6 tỷ,6 tỷ,"Đường Bà Hom, Phường 13, Quận 6, Hồ Chí Minh",38 m²,N/A,N/A,5 tầng,Sổ đỏ/ Sổ hồng,17/11/2025
"Khu vip Hậu Giang Q.6 - Cạnh HXH - 4 tầng BTCT - 5PN - DTSD 145m2 HC đủ - Dòng tiền sẵn - 5,x tỷ","5,6 tỷ","Đường Hậu Giang, Phường 11, Quận 6, Hồ Chí Minh",45 m²,5 phòng,3 phòng,4 tầng,Sổ đỏ/ Sổ hồng,26/11/2025
"Bán nhanh nhà Q6, hẻm đẹp gần Chợ Lớn 4.9 tỷ","4,9 tỷ","Đường Bình Tiên, Phường 7, Quận 6, Hồ Chí Minh",38 m²,3 phòng,3 phòng,3 tầng,Sổ đỏ/ Sổ hồng,26/11/2025
"Nhà HXH mới xây Nguyễn Văn Luông 48m2, 4 tầng BTCT, 4PN 5WC, có hẻm hậu sau nhà, ngay CV Bình Phú","5,7 tỷ","Đường Nguyễn Văn Luông, Phường 11, Quận 6, Hồ Chí Minh",48 m²,4 phòng,4 phòng,4 tầng,Sổ vuông,26/11/2025
NHÀ ĐẸP - HẺM XE HƠI KHU AN NINH - DÂN TRÍ - SÁT MẶT TIỀN - 82M2 - BÀ HOM Q6,"9,4 tỷ","Đường Bà Hom, Phường 14, Quận 6, Hồ Chí Minh","82,1 m²",4 phòng,5 phòng,4 tầng,Sổ đỏ/ Sổ hồng,26/11/2025
Bán nhà đường Hậu Giang trung tâm hành chính Q.6 nhà đẹp 3 tầng - hơn 32m2 - nhỉnh 3 tỷ,"3,57 tỷ","Đường Hậu Giang, Phường 11, Quận 6, Hồ Chí Minh","32,3 m²",N/A,N/A,3 tầng,Sổ hồng,26/11/2025
Bán nhà Lê Quang Sung - thông tứ tung - ngang 4.5m - tiện di chuyển ra trung tâm - chưa tới 5 tỷ,"4,98 tỷ","Đường Lê Quang Sung, Phường 9, Quận 6, Hồ Chí Minh","39,8 m²",N/A,N/A,3 tầng,Sổ hồng,26/11/2025
"Bán nhà 74m2, đường Kinh Dương Vương, Quận 6","8,6 tỷ","Đường Kinh Dương Vương, Phường 12, Quận 6, Hồ Chí Minh",74 m²,3 phòng,2 phòng,N/A,Sổ hồng,26/11/2025
Bán nhà cấp 4 có gác Cư Xá Phú Lâm D 70m2 sát chợ Hồ Trọng Quý,"6,8 tỷ","Đường Cư Xá Phú Lâm D, Phường 10, Quận 6, Hồ Chí Minh",70 m²,2 phòng,N/A,N/A,N/A,26/11/2025
Bán nhà mới KDC Bình Phú đối diện công viên 4x17m 3 lầu,"9,9 tỷ","Đường Số 64, Phường 10, Quận 6, Hồ Chí Minh",68 m²,N/A,N/A,4 tầng,N/A,26/11/2025
Nhà 3.7m x 13m đúc 2 tầng hẻm 3m sát mặt tiền đường Bà Hom,"4,65 tỷ","Đường Bà Hom, Phường 13, Quận 6, Hồ Chí Minh",46 m²,5 phòng,5 phòng,3 tầng,Sổ đỏ/ Sổ hồng,25/11/2025
"TRUNG TÂM QUẬN 6 - NHÀ MỚI XÂY - 52M2 - HẺM Ô TÔ,SAU LƯNG MẶT TIỀN HẬU GIANG-NGAY HIM LAM","7,35 tỷ","Đường Hậu Giang, Phường 11, Quận 6, Hồ Chí Minh",52 m²,2 phòng,N/A,2 tầng,Sổ đỏ/ Sổ hồng,26/11/2025
"Bán nhà Cư Xá Phú Lâm A, Phường 12 Quận 6","6,9 tỷ","Đường Cư Xá Phú Lâm A, Phường 12, Quận 6, Hồ Chí Minh",72 m²,4 phòng,4 phòng,3 tầng,N/A,26/11/2025
"Ngay vòng xoay Phú Lâm, nhà cấp 4, 73m2, 5x15m, Hậu Giang, Quận 6, giá chỉ 8.4 tỷ","8,4 tỷ","Đường Hậu Giang, Phường 11, Quận 6, Hồ Chí Minh",73 m²,2 phòng,2 phòng,1 tầng,Sổ đỏ/ Sổ hồng,26/11/2025
Nhà 2 mặt hẻm trước sau 3.5m x 15m đúc 3 tầng 4PN ngay Chợ Minh Phụng,"7,5 tỷ","Đường Minh Phụng, Phường 9, Quận 6, Hồ Chí Minh",51 m²,N/A,N/A,4 tầng,N/A,26/11/2025
Nhà Cư Xá Phú Lâm D sát chợ 4x16 1 lửng 2 lầu 1T,"9,6 tỷ","Đường Cư Xá Phú Lâm D, Phường 10, Quận 6, Hồ Chí Minh",64 m²,5 phòng,5 phòng,3 tầng,Sổ đỏ/ Sổ hồng,26/11/2025
"Nhà Khá Rộng mà Giá thì Nhỏ - Trung Tâm Q.6, gần chợ Phú Lâm","4,75 tỷ","Đường Bà Hom, Phường 13, Quận 6, Hồ Chí Minh",46 m²,2 phòng,2 phòng,2 tầng,Sổ đỏ/ Sổ hồng,26/11/2025
Đi mỹ bán gấp nhà hẻm 751 Hồng Bàng Q6 63m2 SHR ở liền,Thỏa thuận,"Hẻm 751, Đường Hồng Bàng, Phường 6, Quận 6, Hồ Chí Minh",63 m²,3 phòng,3 phòng,3 tầng,Sổ đỏ/ Sổ hồng,19/11/2025
"Bán nhà 357/59/8 Hậu Giang,1 PK,2PN,2WC,Bếp,sân phơi, dt 35,7m2, dtsd 65,1 m2 giá 3,9 tỷ VND, Hot!","3,9 tỷ","357/59/8 Đường Hậu Giang, Phường 11, Quận 6, Hồ Chí Minh","35,7 m²",2 phòng,2 phòng,2 tầng,Sổ đỏ/ Sổ hồng,17/11/2025
"Tôi cần bán nhà đường Lê Quang Sung - Quận 6, 75,6m2, nhà đẹp, cho thuê 19triệu",Thỏa thuận,"Đường Lê Quang Sung, Phường 2, Quận 6, Hồ Chí Minh","75,6 m²",3 phòng,4 phòng,3 tầng,Sổ đỏ/ Sổ hồng,26/11/2025
"NHÀ 4 TẦNG, HẺM Ô TÔ 7 CHỖ, NGUYỄN VĂN LUÔNG, 71M2, 4x20M, 7.5 TỶ","7,5 tỷ","Đường Nguyễn Văn Luông, Phường 11, Quận 6, Hồ Chí Minh",71 m²,N/A,N/A,4 tầng,Sổ đỏ/ Sổ hồng,26/11/2025
Hàng Thơm Quận 6 Nở Hậu Chỉ Hơn 2 Tỷ - 30m2 -6.3 X 11 - 2PN - 2WC - Không Lộ Giới - Không Quy Hoạch,"2,85 tỷ","Đường Hậu Giang, Phường 12, Quận 6, Hồ Chí Minh",30 m²,2 phòng,2 phòng,3 tầng,Sổ đỏ/ Sổ hồng,26/11/2025
"Nhà Bến Phú Lâm Quận 6 trệt 1 lầu 2PN 2WC DT 2,7x6. Sổ hồng riêng. Giá 2tỷ480tr","2,48 tỷ","Đường Bến Phú Lâm, Phường 9, Quận 6, Hồ Chí Minh",16 m²,2 phòng,2 phòng,2 tầng,Sổ đỏ/ Sổ hồng.,26/11/2025
"Bán gấp nhà Mai Xuân Thưởng, 44m2, 3 tầng BTCT, 3PN 4WC, gần Uỷ ban Q6, liền kề Quận 5","5,1 tỷ","Đường Mai Xuân Thưởng, Phường 4, Quận 6, Hồ Chí Minh",44 m²,3 phòng,4 phòng,3 tầng,Sổ đỏ/ Sổ hồng,26/11/2025
"Chính chủ cần bán nhà HXH Phạm Văn Chí 44m2, 3 PN 3 WC xây ở kiên cố chắc chắn","4,9 tỷ","Đường Phạm Văn Chí, Phường 5, Quận 6, Hồ Chí Minh",44 m²,3 phòng,3 phòng,3 tầng,Sổ đỏ/ Sổ hồng,26/11/2025
Nhà đẹp giá rẻ 3 tầng BTCT Văn Thân chỉ 1.9 tỷ,"1,9 tỷ","Đường Văn Thân, Phường 8, Quận 6, Hồ Chí Minh",21 m²,3 phòng,2 phòng,3 tầng,Sổ đỏ/ Sổ hồng,15/11/2025
"Biệt thự 3 tầng - KDC Bình Phú, 128m2 (8x16m), giá 16.8 tỷ","16,8 tỷ","Phường 10, Quận 6, Hồ Chí Minh",128 m²,4 phòng,3 phòng,3 tầng,Sổ đỏ/ Sổ hồng,26/11/2025
"Bán nhà mới xây 3 tầng đầy đủ nội thất đường Bến Phú Lâm, phường 9, Quận 6","7,5 tỷ","Đường Bến Phú Lâm, Phường 9, Quận 6, Hồ Chí Minh","50,8 m²",4 phòng,3 phòng,3 tầng,Sổ đỏ/ Sổ hồng,26/11/2025
Chỉ còn sót căn nhà sát mặt tiền đường Q6,"5,5 tỷ","Đường Lê Quang Sung, Phường 10, Quận 6, Hồ Chí Minh",50 m²,3 phòng,3 phòng,3 tầng,Sổ đỏ/ Sổ hồng,26/11/2025
"Bán nhà riêng 12.8 m2, Tân Hòa Đông, Quận 6, TP.HCM, view đẹp, nhiều tiện ích chỉ 2 tỷ",2 tỷ,"Đường Tân Hòa Đông, Phường 14, Quận 6, Hồ Chí Minh","12,8 m²",2 phòng,2 phòng,3 tầng,Sổ đỏ/ Sổ hồng,17/11/2025
Nhà Hẻm Lò Gốm . Phường 8 . Q6,"4,4 tỷ","Đường Lò Gốm, Phường 8, Quận 6, Hồ Chí Minh",35 m²,2 phòng,2 phòng,2 tầng,Sổ đỏ/ Sổ hồng,26/11/2025
"Bán nhà đất đường 55, P. 10, Q. 6 - KDC Bình Phú, ngang 4m - 6.8 tỷ","6,8 tỷ","Đường 55, Phường 10, Quận 6, Hồ Chí Minh",48 m²,2 phòng,2 phòng,2 tầng,Sổ đỏ/ Sổ hồng,16/11/2025
CHDV 20 phòng thu 150 triệu/tháng-ngay mặt tiền Hậu Giang - 8x16m-5 tầng thang máy - full nội thất,"27,9 tỷ","Đường Hậu Giang, Phường 12, Quận 6, Hồ Chí Minh",128 m²,N/A,N/A,5 tầng,Sổ đỏ/ Sổ hồng,05/11/2025
Nhà đẹp HXH 6m hiếm - 5 tầng ngay Hậu Giang - Giá chỉ 8.8 tỷ còn TL,"8,8 tỷ","Đường Hậu Giang, Phường 11, Quận 6, Hồ Chí Minh","38,5 m²",3 phòng,3 phòng,5 tầng,Sổ đỏ/ Sổ hồng.,19/11/2025
"BÁN NHÀ HẬU GIANG QUẬN 6, HẺM RỘNG RÃI THÔNG TỨ TUNG, CÁCH HẺM XE TĂNG 10M CHỈ hơn 2 tỷTL.","2,85 tỷ","Đường Hậu Giang, Phường 12, Quận 6, Hồ Chí Minh",31 m²,2 phòng,2 phòng,3 tầng,Sổ đỏ/ Sổ hồng,25/11/2025
"Cuối năm định cư chủ bán gấp nhà Hậu Giang Q6 3tầng 42,6m2, 4PN sổ riêng sang tên.",Thỏa thuận,"Đường Hậu Giang, Phường 12, Quận 6, Hồ Chí Minh","42,6 m²",4 phòng,3 phòng,3 tầng,Sổ đỏ/ Sổ hồng,25/11/2025
"Bán nhà Nguyễn Văn Luông, 60m2 - 3 tầng - khu an ninh - tiện di chuyển ra trung tâm",Thỏa thuận,"Đường Nguyễn Văn Luông, Phường 11, Quận 6, Hồ Chí Minh",60 m²,3 phòng,3 phòng,3 tầng,Sổ hồng,25/11/2025
NHÀ MỚI 100% 3 LẦU (4.5x18) KDC LÝ CHIÊU HOÀNG Q.6,"9,8 tỷ","Đường Lý Chiêu Hoàng, Phường 10, Quận 6, Hồ Chí Minh",80 m²,5 phòng,6 phòng,5 tầng,Sổ đỏ/ Sổ hồng,25/11/2025
"Giảm sâu 300 triệu tại Lê Quang Sung, Q6, DT 62,7m2,Giá 3Tỷ480","3,48 tỷ","Đường Lê Quang Sung, Phường 2, Quận 6, Hồ Chí Minh","62,7 m²",3 phòng,2 phòng,N/A,Sổ đỏ/ Sổ hồng,25/11/2025
NHÀ 3 TẦNG KHÔNG LỘ GIỚI NGAY TÂN HOÁ Q6 HẺM 4M - CHỈ NHỈNH 2 TỶ,"2,58 tỷ","Đường Tân Hóa, Phường 14, Quận 6, Hồ Chí Minh",17 m²,3 phòng,3 phòng,3 tầng,Sổ đỏ/ Sổ hồng,25/11/2025
"Bán nhà HXM Hồng Bàng, (NH 7,95 x 16m), 2 tầng, 2 sân vườn, 2 ban công, hàng hiếm giá chỉ 7.2 tỷ BL","7,2 tỷ","Đường Hồng Bàng, Phường 12, Quận 6, Hồ Chí Minh",78 m²,2 phòng,1 phòng,2 tầng,Sổ đỏ/ Sổ hồng.,25/11/2025
Bán nhà 2 tầng Cư Xá Phú Lâm A Quận 6 Dtsd 40m2 chỉ 2ty8,"2,8 tỷ","Đường Cư Xá Phú Lâm A, Phường 12, Quận 6, Hồ Chí Minh",22 m²,N/A,N/A,2 tầng,Sổ đỏ/ Sổ hồng,25/11/2025
"Cần bán gấp nhà vị trí đẹp ngay Lò Gốm, Q6. 62,4m2 (4,8x13m), sổ đẹp, đang cho thuê 15 triệu",Thỏa thuận,"Đường Lò Gốm, Phường 8, Quận 6, Hồ Chí Minh","62,4 m²",3 phòng,4 phòng,3 tầng,Sổ đỏ/ Sổ hồng,25/11/2025
Nhà Hẻm Ô Tô đường Tân Hòa Đông Quận 6. DT 3mX15m. 4 Tầng. Chỉ 5.6 Tỷ TL.,"5,6 tỷ","Đường Tân Hòa Đông, Phường 13, Quận 6, Hồ Chí Minh",45 m²,4 phòng,3 phòng,4 tầng,Sổ đỏ/ Sổ hồng,19/11/2025
"NHÀ 4 TẦNG BTCT 2PN, SÂN THƯỢNG THOÁNG SẠCH GẦN BÌNH TIÊN Q6 4.2x8m GIÁ 4.49 TỶ","4,49 tỷ","Phường 8, Quận 6, Hồ Chí Minh",31 m²,2 phòng,3 phòng,4 tầng,Sổ đỏ/ Sổ hồng,18/11/2025
NHÀ 4 TẦNG - 6 PHÒNG NGỦ - VỪA Ở VỪA CHO THUÊ - HẺM THÔNG XE 7 CHỖ THÔNG NGUYỄN VĂN LUÔNG Q6.,"7,5 tỷ","Đường Nguyễn Văn Luông, Phường 11, Quận 6, Hồ Chí Minh",71 m²,6 phòng,N/A,4 tầng,Sổ đỏ/ Sổ hồng,25/11/2025
"Chủ chuyển về quê nên bán gấp căn 4x18m, thuận tiện cho thuê kinh doanh",Thỏa thuận,"Đường Trần Văn Kiểu, Phường 10, Quận 6, Hồ Chí Minh",72 m²,3 phòng,2 phòng,1 tầng,Sổ đỏ/ Sổ hồng,19/11/2025
"Căn hộ dịch vụ 11 phòng - sát bên cc Him Lam Nguyễn Văn Luông, Phường 11, Q6","7,5 tỷ","Đường Nguyễn Văn Luông, Phường 11, Quận 6, Hồ Chí Minh","94,5 m²",11 phòng,N/A,3 tầng,Sổ đỏ/ Sổ hồng,25/11/2025
Bán nhà 1 lầu mới tinh 1 sẹc 63m2 Tỉnh Lộ 10 giáp Q.6,"5,2 tỷ","Đường Tỉnh Lộ 10, Phường 13, Quận 6, Hồ Chí Minh",63 m²,2 phòng,3 phòng,2 tầng,Sổ đỏ/ Sổ hồng,25/11/2025
"Nhà MT đường gần Bình Phú, 4 tầng BTCT 4PN 5WC, sân thượng thoáng mát, kế bên Mega maket","6,7 tỷ","Đường 41, Phường 10, Quận 6, Hồ Chí Minh",64 m²,4 phòng,5 phòng,4 tầng,Sổ đỏ/ Sổ hồng,25/11/2025
"Nhà HXH 8m Kinh Dương Vương  CXPL A (8*20m, 2 lầu st), Quận 6 chỉ: 16.2 tỷ TL","16,2 tỷ","Đường Kinh Dương Vương, Phường 12, Quận 6, Hồ Chí Minh",163 m²,5 phòng,5 phòng,4 tầng,Sổ đỏ/ Sổ hồng,25/11/2025
Lò Gốm Q6 - sát view sông thoáng mát - 6.5x14.5m - 4 tầng - với giá 12 tỷ,12 tỷ,"Đường Lò Gốm, Phường 9, Quận 6, Hồ Chí Minh","94,25 m²",4 phòng,4 phòng,4 tầng,Sổ đỏ/ Sổ hồng,25/11/2025
Nhà đẹp Tân Hòa Đông (4x12m) | giáp quận 11 dọn vào ở liền,"5,35 tỷ","Đường Tân Hòa Đông, Phường 14, Quận 6, Hồ Chí Minh",48 m²,N/A,N/A,2 tầng,Sổ hồng,19/11/2025
NHÀ ĐẸP MỚI TINH 5 LẦU ĐƯỜNG SỐ 9 KHU BÌNH PHÚ Q.6,"8,5 tỷ","Đường Số 72, Phường 10, Quận 6, Hồ Chí Minh",43 m²,4 phòng,4 phòng,5 tầng,Sổ đỏ/ Sổ hồng,22/11/2025
"Bán nhà hẻm 3m Bình Tiên, 2 lầu, 3 phòng giá 3.3 tỷ!","3,3 tỷ","Đường Bình Tiên, Phường 8, Quận 6, Hồ Chí Minh",26 m²,3 phòng,3 phòng,3 tầng,Sổ đỏ/ Sổ hồng,25/11/2025
BÁN NHANH CĂN GÓC CƯ XÁ A - 4.2x19m 5 Tầng - bề thế vào ở ngay,"10,5 tỷ","Đường Cư Xá Phú Lâm A, Phường 12, Quận 6, Hồ Chí Minh",75 m²,5 phòng,5 phòng,5 tầng,Sổ đỏ/ Sổ hồng,25/11/2025
"NHÀ HAI MẶT HẺM HẬU GIANG - BÌNH TÂY - QUẬN 6 - GIÁ 3,25 TỶ, 24 m2,","3,25 tỷ","Đường Hậu Giang, Phường 11, Quận 6, Hồ Chí Minh",24 m²,N/A,N/A,2 tầng,N/A,25/11/2025
BÁN NHÀ 2 TẦNG - 3PN - 48M2 - PHAN VĂN KHOẺ - GIÁ 6.9 TỶ - SỔ RIÊNG HOÀN CÔNG ĐỦ,"6,9 tỷ","Đường Phan Văn Khỏe, Phường 5, Quận 6, Hồ Chí Minh",48 m²,3 phòng,2 phòng,2 tầng,Sổ đỏ/ Sổ hồng,25/11/2025
"Đường xe tải 2 chiều, Hậu Giang, khu kinh doanh sầm uất, 80m2, giá 19.9 tỷ TL chính chủ","19,9 tỷ","Đường Hậu Giang, Phường 12, Quận 6, Hồ Chí Minh",80 m²,N/A,N/A,3 tầng,Sổ đỏ/ Sổ hồng.,14/11/2025
Bán nhà q6 - diện tích to - giá hạt dẻ,"3,99 tỷ","Đường Tân Hòa Đông, Phường 14, Quận 6, Hồ Chí Minh",55 m²,3 phòng,1 phòng,2 tầng,Sổ đỏ/ Sổ hồng,25/11/2025
Nhà đẹp giá rẻ 2 tầng BTCT Bà Hom xách vali ở ngay chỉ 2.35 Tỷ,"2,35 tỷ","Đường Bà Hom, Phường 13, Quận 6, Hồ Chí Minh","19,8 m²",1 phòng,2 phòng,2 tầng,Sổ đỏ/ Sổ hồng,16/11/2025
"Bán nhà đường 21 khu Bình Phú, 4 x 18m, 3.5 tấm, 11 tỷ (thương lượng)",11 tỷ,"Đường Bình Phú, Phường 11, Quận 6, Hồ Chí Minh",72 m²,N/A,N/A,3 tầng,Sổ đỏ/ Sổ hồng,25/11/2025
"Bán nhà khu Bình Phú, đường Số 44, DT 4 x 20m, 3.5 tấm, 11.5 tỷ (Tín Hưng)","11,5 tỷ","Đường 44, Phường 11, Quận 6, Hồ Chí Minh",80 m²,N/A,N/A,3 tầng,Sổ đỏ/ Sổ hồng,25/11/2025
"Bán nhà Quận 6, Tân Hoà Đông, 5 tầng, dt 57m2, Hẻm 4m, Nhỉnh 6 Tỷ","6,8 tỷ","Đường Tân Hòa Đông, Phường 14, Quận 6, Hồ Chí Minh",57 m²,5 phòng,3 phòng,5 tầng,Sổ hồng,17/11/2025
"Bán nhà Quận 6, Hậu Giang, 4 tầng, Sát Hẻm Xe Tải 8m, 4x19m, Nhỉnh 7 Tỷ.","7,5 tỷ","Đường Hậu Giang, Phường 11, Quận 6, Hồ Chí Minh",80 m²,4 phòng,5 phòng,4 tầng,Sổ đỏ/ Sổ hồng,18/11/2025
"Bán nhà Quận 6, gần Minh Phụng, 4 tầng, Hẻm 5m, 4x13m, Chỉ 6.X Tỷ","6,6 tỷ","Đường Bình Tiên, Phường 6, Quận 6, Hồ Chí Minh",49 m²,4 phòng,5 phòng,4 tầng,Sổ đỏ/ Sổ hồng,20/11/2025
"Nhà HXH CX Phú Lâm A, 44m2 2 tầng BTCT, 3 PN 2WC, khu an ninh cao","5,5 tỷ","Đường Cư Xá Phú Lâm A, Phường 12, Quận 6, Hồ Chí Minh",44 m²,3 phòng,2 phòng,2 tầng,Sổ đỏ/ Sổ hồng,25/11/2025
"Bán nhà Quận 6, Tân Hoà Đông, 3 tầng, hẻm 4m, DT 47m2, chỉ 5. x tỷ","5,7 tỷ","Đường Tân Hòa Đông, Phường 14, Quận 6, Hồ Chí Minh",47 m²,4 phòng,4 phòng,3 tầng,Sổ đỏ/ Sổ hồng,15/11/2025
"Bán nhà Quận 6, Khu Vip Phú Lâm, Hẻm xe hơi 6m, 3 tầng, 4x16m, Nhỉnh 7 Tỷ.","7,1 tỷ","Đường Cư Xá Phú Lâm D, Phường 9, Quận 6, Hồ Chí Minh",64 m²,5 phòng,3 phòng,3 tầng,Sổ đỏ/ Sổ hồng,15/11/2025
"Bán nhà riêng tại Chu Văn An, 3,2 tỷ, 23m2, 2PN, 2WC, Q6, HCM","3,2 tỷ","Đường Chu Văn An, Phường 1, Quận 6, Hồ Chí Minh",23 m²,2 phòng,2 phòng,2 tầng,Sổ đỏ/ Sổ hồng,23/11/2025
"Bán nhà 4 tầng BTCT đường Hậu Giang Phường 11, Quận 6","5,6 tỷ","Đường Hậu Giang, Phường 11, Quận 6, Hồ Chí Minh",51 m²,5 phòng,3 phòng,4 tầng,Sổ đỏ/ Sổ hồng,25/11/2025
SIÊU PHẨM BÌNH TIÊN - QUẬN 6 - HẺM 5M - 49M2- 4 TẦNG NHÀ MỚI DỌN VÔ Ở NGAY - GIÁ 6.6 TỶ TL,"6,6 tỷ","Đường Bình Tiên, Phường 7, Quận 6, Hồ Chí Minh",49 m²,N/A,N/A,4 tầng,Sổ đỏ/ Sổ hồng,20/11/2025
Bán nhà Hậu Giang quận 6 - nhà ngon 29.9m2 sân riêng 3 tầng hẻm xe hơi - ba gác tận nhà 2 tỷ hơn,"2,85 tỷ","Đường Hậu Giang, Phường 12, Quận 6, Hồ Chí Minh","29,9 m²",2 phòng,2 phòng,3 tầng,Sổ đỏ/ Sổ hồng,24/11/2025
NHÀ VỊ TRÍ VIP 2 MẶT HẺM TIỆN KINH DOANH TRUNG TÂM QUẬN 6 CHỈ NHỈNH 6 TỶ,"6,9 tỷ","Đường Phan Văn Khỏe, Phường 2, Quận 6, Hồ Chí Minh",48 m²,2 phòng,2 phòng,2 tầng,Sổ đỏ/ Sổ hồng,24/11/2025
"HXH 7m Gia Phú (4*17m, hầm 3 lầu) sát mặt tiền, F1, Quận 6, chỉ: 13.5 tỷ TL","13,5 tỷ","Đường Gia Phú, Phường 1, Quận 6, Hồ Chí Minh",68 m²,6 phòng,5 phòng,4 tầng,Sổ đỏ/ Sổ hồng,22/11/2025
8tỷ450 - 48m2 - nhà kiên cố nội khu Bình Phú view công viên,"8,45 tỷ","Đường Bình Phú, Phường 10, Quận 6, Hồ Chí Minh",48 m²,3 phòng,3 phòng,2 tầng,Sổ đỏ/ Sổ hồng,14/11/2025
Chưa đến 4 tỷ có ngay nhà Quận 6 diện tích khủng,"3,99 tỷ","Đường Tân Hòa Đông, Phường 14, Quận 6, Hồ Chí Minh",55 m²,3 phòng,1 phòng,2 tầng,Sổ đỏ/ Sổ hồng,24/11/2025
"Bán nhà hẻm 3.5m Hậu Giang, 24m2, 1 trệt 1 lầu!",3 tỷ,"Đường Hậu Giang, Phường 12, Quận 6, Hồ Chí Minh",24 m²,1 phòng,2 phòng,2 tầng,Sổ đỏ/ Sổ hồng,24/11/2025
"Bán nhà MT nội bộ CXPL B, 86.8m2, nhà cấp 4, chỉ nhỉnh 8 tỷ","8,2 tỷ","Đường Cư Xá Phú Lâm B, Phường 13, Quận 6, Hồ Chí Minh",87 m²,1 phòng,1 phòng,1 tầng,Sổ đỏ/ Sổ hồng,13/11/2025
"Khu phân lô đường Phạm Văn Chí Hẻm nhựa 10M, to như mặt tiền - 4T 4PN 4WC - Nhỉnh 5 Đồng.","5,7 tỷ","Đường Phạm Văn Chí, Phường 7, Quận 6, Hồ Chí Minh",32 m²,4 phòng,4 phòng,4 tầng,Sổ đỏ/ Sổ hồng,24/11/2025
"Bán nhà view đẹp công viên - Đường Số 66, quận 6 - giá tốt","6,2 tỷ","Đường Số 66, Phường 10, Quận 6, Hồ Chí Minh",40 m²,2 phòng,2 phòng,2 tầng,Sổ đỏ/ Sổ hồng,13/11/2025
"Nhà đẹp Cư Xá Phú Lâm D, P10, Q6, giá 8.7 tỷ","8,7 tỷ","Đường Cư Xá Phú Lâm D, Phường 10, Quận 6, Hồ Chí Minh","36,6 m²",5 phòng,3 phòng,5 tầng,Sổ đỏ/ Sổ hồng,24/11/2025
"Đổi nhà mới cần bán nhà Hậu Giang 48m2, 2 tầng BTCT, 2 mắt thoáng hẻm xe hơi thông","5,2 tỷ","Đường Hậu Giang, Phường 12, Quận 6, Hồ Chí Minh",48 m²,2 phòng,2 phòng,2 tầng,Sổ đỏ/ Sổ hồng,24/11/2025
"Bán Gấp nhà 4 lầu ngay bệnh viện Quận 6 hẻm Hậu Giang, P10, Quận 6. Giá 5Tỷ620, Thuê 18 triệu/th","5,62 tỷ","Đường Hậu Giang, Phường 10, Quận 6, Hồ Chí Minh",48 m²,3 phòng,4 phòng,3 tầng,N/A,24/11/2025
NHÀ MỚI ĐẸP BÀ HOM (3.5x13)M  VÀO Ở LIỀN | NỞ HẬU TÀI LỘC,"4,65 tỷ","Đường Bà Hom, Phường 13, Quận 6, Hồ Chí Minh",47 m²,N/A,N/A,2 tầng,Sổ đỏ/ Sổ hồng,18/11/2025
BẤT ĐỘNG SẢN DÒNG TIỀN 5 TẦNG | CĂN HỘ DỊCH VỤ FULL NỘI THẤT HẬU GIANG (4.6X19)M,"9,8 tỷ","Đường Hậu Giang, Phường 12, Quận 6, Hồ Chí Minh",85 m²,N/A,N/A,4 tầng,N/A,17/11/2025
"Hàng hiếm 55m2 - 7PN chỉ với 4.2 tỷ tại Văn Thân, Q6, HCM","4,2 tỷ","Đường Văn Thân, Phường 8, Quận 6, Hồ Chí Minh",55 m²,7 phòng,N/A,3 tầng,Sổ đỏ/ Sổ hồng,22/11/2025
"Nhà 4 tầng BTCT 60m2 - Khu phân lô đồng bộ P. 10, Q. 6 - Giáp Đại lộ Võ Văn Kiệt giá 9 tỷ còn TL",9 tỷ,"Đường Số 80, Phường 10, Quận 6, Hồ Chí Minh",60 m²,5 phòng,N/A,4 tầng,Sổ đỏ/ Sổ hồng,22/11/2025
Bán gấp nhà HXH 9m tại Phan Văn Khỏe - 47m2 giá chỉ 6.9 tỷ còn thương lượng,"6,9 tỷ","Đường Phan Văn Khỏe, Phường 5, Quận 6, Hồ Chí Minh",47 m²,2 phòng,2 phòng,2 tầng,Sổ đỏ/ Sổ hồng,22/11/2025
Bán nhà 5 tầng BTCT đường Tân Hòa Đông phường 14 quận 6,"6,9 tỷ","Đường Tân Hòa Đông, Phường 14, Quận 6, Hồ Chí Minh",52 m²,5 phòng,3 phòng,5 tầng,Sổ đỏ/ Sổ hồng,24/11/2025
Bán nhà 3 tầng sát mặt tiền hẻm xe hơi 10m đường Số 2 Cư Xá Ra Đa phường 13 quận 6,"7,9 tỷ","Đường Số 2 Cư Xá Đài Ra Đa, Phường 13, Quận 6, Hồ Chí Minh","59,5 m²",3 phòng,4 phòng,3 tầng,Sổ đỏ/ Sổ hồng,24/11/2025
BÁN NHÀ HẺM 4M HẬU GIANG 4.2 x 14M ( 55M2 CN) 2 TẦNG GIÁ 5.4 TỶ BỚT LỘC.,"5,4 tỷ","Đường Hậu Giang, Phường 12, Quận 6, Hồ Chí Minh",55 m²,2 phòng,2 phòng,2 tầng,Sổ đỏ/ Sổ hồng,24/11/2025
Bán nhà hẻm xe hơi 4 tầng BTCT đường Nguyễn Văn Luông phường 12 quận 6,"6,9 tỷ","Đường Nguyễn Văn Luông, Phường 12, Quận 6, Hồ Chí Minh",54 m²,4 phòng,3 phòng,4 tầng,Sổ đỏ/ Sổ hồng,24/11/2025
"Bán nhà đường 28 sát Metro 4x19m, 76m2 3 lầu","11,9 tỷ","Đường 28, Phường 10, Quận 6, Hồ Chí Minh",76 m²,5 phòng,N/A,4 tầng,Sổ đỏ/ Sổ hồng,24/11/2025
Bán nhà mới 100% đường 55 KDC Bình Phú,"8,8 tỷ","Đường 55, Phường 10, Quận 6, Hồ Chí Minh",64 m²,4 phòng,4 phòng,3 tầng,Sổ đỏ/ Sổ hồng,24/11/2025
"Nhà giá rẻ Hẻm 183/ Tân Hoà Đông, Phường 14, Quận 6 chỉ 880tr",920 triệu,"Hẻm 183/, Đường Tân Hòa Đông, Phường 14, Quận 6, Hồ Chí Minh",8 m²,2 phòng,N/A,3 tầng,Sổ đỏ/ Sổ hồng,12/11/2025
Nhà hẻm 6m Hồng Bàng 4x16m 2 lầu 4PN xe 7 chỗ vào tận nhà,"7,4 tỷ","Đường Hồng Bàng, Phường 6, Quận 6, Hồ Chí Minh",56 m²,4 phòng,N/A,3 tầng,Sổ đỏ/ Sổ hồng,24/11/2025
Bán nhà đường 74 KDC Bình Phú 4x15 2 lầu 1T,"8,2 tỷ","Đường Số 74, Phường 10, Quận 6, Hồ Chí Minh",60 m²,4 phòng,4 phòng,3 tầng,Sổ đỏ/ Sổ hồng,24/11/2025
Bán nhà đường 40 KDC Bình Phú đối diện công viên,"7,5 tỷ","Đường 40, Phường 10, Quận 6, Hồ Chí Minh",48 m²,3 phòng,N/A,3 tầng,Sổ sẵn,24/11/2025
Bán nhà đường 24 KDC Bình Phú 5x24 4 lầu mới tinh có thang máy,"16,9 tỷ","Đường  24, Phường 11, Quận 6, Hồ Chí Minh",120 m²,6 phòng,6 phòng,5 tầng,Sổ hồng chính chủ,24/11/2025
Nhà mới đường 6m Bình Phú 1 ngang 5m 3 lầu mới tinh,"8,5 tỷ","Đường Bình Phú 1, Phường 11, Quận 6, Hồ Chí Minh",48 m²,3 phòng,4 phòng,4 tầng,N/A,24/11/2025
Quận 6 - siêu phẩm góc 2 mặt tiền 5 tầng BTCT 5 phòng ngủ 75m2 - Hoàn công đầy đủ - chỉ 10 tỷ,10 tỷ,"Đường Cư Xá Phú Lâm A, Phường 12, Quận 6, Hồ Chí Minh",75 m²,5 phòng,5 phòng,5 tầng,Sổ đỏ/ Sổ hồng,15/11/2025
Nhà đẹp giá rẻ 2 tầng BTCT PHẠM VĂN CHÍ tiện sửa chữa chỉ 5 Tỷ,5 tỷ,"Đường Phạm Văn Chí, Phường 7, Quận 6, Hồ Chí Minh","43,7 m²",2 phòng,2 phòng,2 tầng,Sổ đỏ/ Sổ hồng,16/11/2025
Quận 6 - Siêu phẩm nhà đẹp Cư Xá Phú Lâm A - Gần chợ Phú Định - 2 tầng BTCT - Chỉ 5.15 tỷ,"5,15 tỷ","Đường Cư Xá Phú Lâm A, Phường 12, Quận 6, Hồ Chí Minh",33 m²,2 phòng,2 phòng,2 tầng,Sổ đỏ/ Sổ hồng,13/11/2025
Quận 6 - Hiếm có nhà đẹp Kinh Dương Vương - Hẻm xe tải đỗ cửa - 46m2 - 3 tầng - 4PN - Chỉ 6.65 tỷ,"6,65 tỷ","Đường Kinh Dương Vương, Phường 12, Quận 6, Hồ Chí Minh",46 m²,4 phòng,3 phòng,3 tầng,Sổ đỏ/ Sổ hồng,13/11/2025
QUẬN 6 - HẬU GIANG KẾ MẶT TIỀN - HẺM 3 GÁC THÔNG - NỞ HẬU TÀI LỘC - 38M - 2 TẦNG - CHỈ 4.6 TỶ,"4,6 tỷ","Đường Hậu Giang, Phường 11, Quận 6, Hồ Chí Minh",38 m²,2 phòng,2 phòng,2 tầng,Sổ đỏ/ Sổ hồng,15/11/2025
"BÁN NHÀ HẺM ĐƯỜNG BÀ HOM 1 TRỆT 1 LẦU, NỞ HẬU RỘNG RÃI, GIÁ CHỈ 4,65 tỷ","4,65 tỷ","Đường Bà Hom, Phường 13, Quận 6, Hồ Chí Minh","74,8 m²",2 phòng,2 phòng,2 tầng,Sổ đỏ/ Sổ hồng,24/11/2025
"Bán nhà hẻm 628 Hậu Giang, P12, Q6, DT 4.1 x 17.8m, nở hậu, 1 lầu, giá 6.4 tỷ","6,4 tỷ","Hẻm 628, Đường Hậu Giang, Phường 12, Quận 6, Hồ Chí Minh",77 m²,N/A,N/A,1 tầng,Sổ đỏ/ Sổ hồng,24/11/2025
Quận 6 hẻm xe hơi 6m khu phân lô đồng bộ yên tĩnh - 5 tầng siêu đẹp - 40m2 chỉ 8.8 tỷ TL,"8,8 tỷ","Đường Hậu Giang, Phường 11, Quận 6, Hồ Chí Minh",40 m²,3 phòng,3 phòng,5 tầng,Sổ đỏ/ Sổ hồng,20/11/2025
Nhà đôi ngay phố ẩm thực (7.5x8) 1 lầu vị trí kinh doanh,"8,5 tỷ","Đường Cư Xá Phú Lâm B, Phường 13, Quận 6, Hồ Chí Minh",60 m²,2 phòng,2 phòng,2 tầng,Sổ đỏ/ Sổ hồng,24/11/2025
"Nhà MT khu Bình Phú đường nhựa 6m có lề 3 tầng giá 7,25 tỷ","7,25 tỷ","Đường 48, Phường 10, Quận 6, Hồ Chí Minh",40 m²,4 phòng,3 phòng,3 tầng,Sổ đỏ/ Sổ hồng,24/11/2025
"Bán nhà riêng 100m2 tại Chu Văn An, Phường 1, Quận 6, HCM, 9 tỷ VND, hàng hiếm uy tín",9 tỷ,"Đường Chu Văn An, Phường 1, Quận 6, Hồ Chí Minh",100 m²,11 phòng,11 phòng,N/A,Sổ đỏ/ Sổ hồng,24/11/2025
"Bán nhà hẻm 116 / Tân Hòa Đông, P. Phú Lâm, HCM gần chợ Phú Lâm","4,7 tỷ","Hẻm 116 /, Đường Tân Hòa Đông, Phường 14, Quận 6, Hồ Chí Minh","36,9 m²",N/A,N/A,3 tầng,N/A,24/11/2025
"Q6 - Kênh Tân Hoá, 54m2, nhà 6 tầng- nhà vừa ở vừa kinh doanh căn góc 2 mặt tiền- chỉ 11.8 tỷ TL","11,8 tỷ","Đường Kênh Tân Hóa, Phường 12, Quận 6, Hồ Chí Minh",54 m²,N/A,N/A,6 tầng,Sổ đỏ/ Sổ hồng,24/11/2025
"Bán nhà Phan Văn Khỏe (4 x 16) hẻm 6m gần mặt tiền, 3 tầng vừa ở kinh doanh giá 9,5 tỷ","9,5 tỷ","Đường Phan Văn Khỏe, Phường 5, Quận 6, Hồ Chí Minh",57 m²,3 phòng,3 phòng,3 tầng,Sổ đỏ/ Sổ hồng,24/11/2025
"Bán nhà đẹp hiếm có tại Cư Xá Đài Ra Đa Phú Lâm, P. 13, Q6","7,99 tỷ","104/A6, Đường Số 2, Phường 13, Quận 6, Hồ Chí Minh","59,5 m²",3 phòng,4 phòng,3 tầng,Sổ đỏ/ Sổ hồng,24/11/2025
"Nhà đẹp 2 tầng Hậu Giang - Phường 11 - Quận 6 - giá 4,1 tỷ","4,1 tỷ","Đường Hậu Giang, Phường 11, Quận 6, Hồ Chí Minh",52 m²,N/A,N/A,2 tầng,Sổ hồng,24/11/2025
"Bán nhà riêng 40m2, 4PN, 4WC tại Cư Xá Phú Lâm B, Q6, HCM chỉ với 8,25 tỷ","8,25 tỷ","Đường Cư Xá Phú Lâm B, Phường 13, Quận 6, Hồ Chí Minh",40 m²,4 phòng,4 phòng,5 tầng,Sổ đỏ/ Sổ hồng,24/11/2025
"Nhà đẹp Tân Hòa Đông - Phú Lâm Quận 6 - giá 5,7 tỷ","5,7 tỷ","Đường Tân Hòa Đông, Phường 13, Quận 6, Hồ Chí Minh",45 m²,4 phòng,4 phòng,3 tầng,Sổ hồng,24/11/2025
"Cần bán căn nhà đẹp, vị trí đắc địa tại đường 2C, khu dân cư Phú Mỹ Gần khu Belleza, Quận 7",13 tỷ,"Dự án KDC Phú Mỹ, Đường 2C, Phường Phú Mỹ, Quận 7, Hồ Chí Minh",72 m²,4 phòng,5 phòng,4 tầng,Sổ đỏ/ Sổ hồng,22/11/2025
"Bán nhà Bình Tiên quận 6 giá 5,65 Tỷ thương lượng","5,65 tỷ","Đường Bình Tiên, Phường 7, Quận 6, Hồ Chí Minh","54,2 m²",2 phòng,2 phòng,1 tầng,Sổ đỏ/ Sổ hồng,23/11/2025
Hoa hồng 50 triệu gửi ACE giới thiệu bán nhà 209 Trần Xuân Soạn Quận 7,"4,95 tỷ","Hẻm 209, Phố Trần Xuân Soạn, Phường Tân Thuận Tây, Quận 7, Hồ Chí Minh",69 m²,3 phòng,3 phòng,N/A,Sổ đỏ/ Sổ hồng,26/11/2025
"Bán nhà Bình Tiên 4 tầng mới tinh ( 4 x 13 ) hẻm xe hơi thông, không lộ giới giá 6,55 tỷ.","6,55 tỷ","Đường Bình Tiên, Phường 7, Quận 6, Hồ Chí Minh",52 m²,4 phòng,5 phòng,4 tầng,Sổ hồng,23/11/2025
Nhà đường nhựa 16m vị trí đẹp view thoáng có thang máy Gara ô tô ngang 5m dài 18m,"17,9 tỷ","Đường D4, Phường Phú Mỹ, Quận 7, Hồ Chí Minh",90 m²,4 phòng,5 phòng,4 tầng,Sổ đỏ/ Sổ hồng,18/11/2025
Nhà đẹp 4x15m sạch sẽ 4 tầng cách Nguyễn Thị Thập vài bước chân tiện đi lại,"12,39 tỷ","Đường Nguyễn Thị Thập, Phường Tân Phú, Quận 7, Hồ Chí Minh",60 m²,4 phòng,5 phòng,4 tầng,Sổ đỏ/ Sổ hồng,27/11/2025
"7 TỶ CÓ NHÀ 4 TẦNG HẺM XE HƠI THÔNG TỨ PHÍA , 90M2 NGANG 5M, LÝ PHỤC MAN Q7","7,6 tỷ","Đường Lý Phục Man, Phường Phú Thuận, Quận 7, Hồ Chí Minh",90 m²,4 phòng,4 phòng,4 tầng,Sổ đỏ/ Sổ hồng,27/11/2025
"5 TỶ CÓ NHÀ 3 TẦNG HẺM XE HƠI , SÁT PHÚ MỸ HƯNG , LOTTE MART Q7","5,8 tỷ","Đường Lý Phục Man, Phường Phú Thuận, Quận 7, Hồ Chí Minh",65 m²,4 phòng,4 phòng,4 tầng,Sổ đỏ/ Sổ hồng,27/11/2025
Bán tòa CHDV 1 hầm 7 tầng ngay gần Lotte Mark. Ngang 15x32m. Giá 160 tỷ. Thu nhập 750tr/th,160 tỷ,"Đường Số 77, Phường Tân Hưng, Quận 7, Hồ Chí Minh",411 m²,N/A,N/A,9 tầng,Sổ đỏ/ Sổ hồng,26/11/2025
DUY NHẤT 1 CĂN HẺM XE HƠI Ở Q7 CHỈ VỚI 5 TỶ - 65M2,"5,5 tỷ","Đường Nguyễn Thị Thập, Phường Tân Phú, Quận 7, Hồ Chí Minh",65 m²,4 phòng,4 phòng,4 tầng,Sổ đỏ/ Sổ hồng,24/11/2025
"Bán tòa nhà dòng tiền 4.2 tỷ. Năm đường số Lâm Văn Bền hầm, 7 tầng có gác từng phòng nhỉnh 69.99 tỷ","69,99 tỷ","Đường Mai Văn Vĩnh, Phường Tân Quy, Quận 7, Hồ Chí Minh",260 m²,72 phòng,72 phòng,7 tầng,Sổ đỏ/ Sổ hồng,25/11/2025
"Cơ Hội Sở Hữu Nhà Mặt Đất diện tích 34.4m2 ở P. Tân Thuận Đông, Quận 7 Chỉ với 3Tỷ9","3,9 tỷ","Đường Huỳnh Tấn Phát, Phường Tân Thuận Đông, Quận 7, Hồ Chí Minh","34,4 m²",2 phòng,2 phòng,2 tầng,Sổ đỏ/ Sổ hồng,25/11/2025
HIẾM 1 CĂN NHÀ HẺM XE HƠI Ở Q7 CHỈ VỚI 5 TỶ 5 - CÓ NGAY 60M2,"5,5 tỷ","Đường Lý Phục Man, Phường Bình Thuận, Quận 7, Hồ Chí Minh",60 m²,3 phòng,3 phòng,5 tầng,Sổ đỏ/ Sổ hồng,24/11/2025
"Cần bán nhà cấp 4 đường số 3 Tân Hưng, quận 7, DT 50m2, thích hợp xây dựng nhà ở , giá 6,95 tỷ","6,95 tỷ","Đường Số 3, Phường Tân Hưng, Quận 7, Hồ Chí Minh",50 m²,N/A,N/A,N/A,Sổ đỏ/ Sổ hồng,25/11/2025
"TÀI CHÍNH 5 TỶ NHÀ 3 TẦNG 65M2 HẺM XE HƠI , NGUYỄN THỊ THẬP QUẬN 7","5,5 tỷ","Đường Nguyễn Thị Thập, Phường Tân Phú, Quận 7, Hồ Chí Minh",60 m²,4 phòng,4 phòng,4 tầng,Sổ đỏ/ Sổ hồng,26/11/2025
"Bán nhà đẹp, hiếm, khu dân trí Tân Hưng, gần Lotte, Him Lam _ Ô tô thông _60m2. Giá chỉ 7 tỷ",7 tỷ,"Phường Tân Hưng, Quận 7, Hồ Chí Minh",60 m²,2 phòng,2 phòng,2 tầng,Sổ đỏ/ Sổ hồng,24/11/2025
"Bán Nhà riêng Trần Xuân Soạn, Tân Hưng, Q7, Sổ hồng riêng 33m2, giá 3,78 tỷ .","3,78 tỷ","997 Trần Xuân Soạn, Phường Tân Hưng, Quận 7, Hồ Chí Minh",33 m²,2 phòng,2 phòng,2 tầng,Sổ đỏ/ Sổ hồng,24/11/2025
4 tầng ST - xe hơi đổ cửa - 70m2 - Huỳnh Tấn Phát kế Phú Mỹ Hưng - 8 phòng - chỉ 6 tỷ nhỏ TL,"6,5 tỷ","Đường Huỳnh Tấn Phát, Phường Phú Thuận, Quận 7, Hồ Chí Minh",70 m²,8 phòng,6 phòng,4 tầng,Sổ đỏ/ Sổ hồng,24/11/2025
"NR ĐƯỜNG NHỰA 12M HUỲNH TẤN PHÁT, BÌNH THUẬN. Q7 , TPHCM .(4X17) 3 TẦNG. 12,2TỶ . SHR HOÀN CÔNG.","12,2 tỷ","412, Đường Huỳnh Tấn Phát, Phường Bình Thuận, Quận 7, Hồ Chí Minh",70 m²,4 phòng,4 phòng,3 tầng,Sổ đỏ/ Sổ hồng,23/11/2025
"Bán nhà riêng tại Đường Huỳnh Tấn Phát, Phú Thuận, Quận 7, Hồ Chí Minh, 4,25 tỷ, 57 m2","4,25 tỷ","Đường Huỳnh Tấn Phát, Phường Phú Thuận, Quận 7, Hồ Chí Minh",57 m²,3 phòng,2 phòng,2 tầng,Sổ đỏ/ Sổ hồng,24/11/2025
"Bán NR HẺM 7m đường nhựa Lâm Văn Bền, Q7, TPHCM. (4x20)m, 2 tầng. 8,6 tỷ. SHR hoàn công","8,6 tỷ","Đường Lâm Văn Bền, Phường Tân Hưng, Quận 7, Hồ Chí Minh",80 m²,2 phòng,3 phòng,2 tầng,Sổ đỏ/ Sổ hồng,23/11/2025
NHÀ SỔ HỒNG RIÊNG FULL NỘI THẤT HUỲNH TẤN PHÁT QUẬN 7,"4,2 tỷ","Đường Huỳnh Tấn Phát, Phường Tân Thuận Đông, Quận 7, Hồ Chí Minh",30 m²,2 phòng,2 phòng,N/A,Sổ đỏ/ Sổ hồng,24/11/2025
Bán căn hộ dịch vụ đường 27 bên cạnh dự án Cityland. Riviera Cappland. Chỉ 16 tỷ,16 tỷ,"Đường 27, Phường Tân Phú, Quận 7, Hồ Chí Minh","70,5 m²",10 phòng,11 phòng,4 tầng,Sổ đỏ/ Sổ hồng,22/11/2025
Chuyên bán tòa nhà căn hộ dịch vụ khu vực Quận 7 giá từ 20 tỷ đến 100 tỷ. Bấm để xem,"28,5 tỷ","Đường Số 43, Phường Tân Quy, Quận 7, Hồ Chí Minh",150 m²,20 phòng,20 phòng,7 tầng,Sổ đỏ/ Sổ hồng.,21/11/2025
"Bán CHDV Lâm Văn Bền, Q7 giá 7,6 tỷ","7,6 tỷ","Đường Lâm Văn Bền, Phường Tân Kiểng, Quận 7, Hồ Chí Minh",60 m²,7 phòng,8 phòng,4 tầng,Sổ đỏ/ Sổ hồng,27/11/2025
"Nhà 268 m2 chỉ 60 triệu/m Không còn căn thứ 2, Phú Thuận hẻm xe tải 6m",15 tỷ,"Hẻm 77, Đường Chuyên Dùng Chính, Phường Phú Mỹ, Quận 7, Hồ Chí Minh",268 m²,6 phòng,6 phòng,1 tầng,Sổ đỏ/ Sổ hồng,21/11/2025
"CHDV 5 tầng Bùi Văn Ba ô tô đỗ cửa thu nhập 800tr/năm chỉ 11tỷ99 vị trí: Bùi Văn Ba, P. Tân Thuận","11,99 tỷ","Đường Bùi Văn Ba, Phường Tân Thuận Đông, Quận 7, Hồ Chí Minh",84 m²,13 phòng,14 phòng,5 tầng,Sổ đỏ/ Sổ hồng,20/11/2025
"Nhà phố xây dựng mới mặt đường 12m KDC Công Ích ngay Phú Mỹ Hưng Quận 7 - 5m x 16m giá 16,99 tỷ","16,99 tỷ","Đường Phạm Hữu Lầu, Phường Phú Mỹ, Quận 7, Hồ Chí Minh",80 m²,4 phòng,5 phòng,4 tầng,Sổ đỏ/ Sổ hồng,26/11/2025
"Chính chủ cần bán nhà hẻm Q7 sổ hồng riêng, giá 2,66ty, công chứng sang tên ngay","2,66 tỷ","Đường Phạm Hữu Lầu, Phường Phú Mỹ, Quận 7, Hồ Chí Minh",64 m²,2 phòng,N/A,N/A,Sổ đỏ/ Sổ hồng,20/11/2025
Nhà 3 tầng - Nguyễn Thị Thập Quận 7,"7,5 tỷ","Đường Nguyễn Thị Thập, Phường Tân Hưng, Quận 7, Hồ Chí Minh",96 m²,4 phòng,3 phòng,3 tầng,Sổ đỏ/ Sổ hồng,27/11/2025
"Bán nhà riêng 125m2, 22 tỷ tại đường 10, Bình Thuận, Quận 7, HCM",22 tỷ,"Đường 10, Phường Bình Thuận, Quận 7, Hồ Chí Minh",125 m²,N/A,N/A,N/A,Sổ hồng,18/11/2025
BÁN QUẬN 7 - HẺM NGUYỄN VĂN QUỲ KẾ BÊN KDC BỘ CÔNG AN - DIỆN TÍCH 59M2 SỔ HỒNG RIÊNG - KDC HIỆN,"4,7 tỷ","Đường Nguyễn Văn Quỳ, Phường Phú Thuận, Quận 7, Hồ Chí Minh",58 m²,N/A,N/A,N/A,Sổ đỏ/ Sổ hồng,27/11/2025
Bán nhà MTKD 6 tầng - Ôtô ngủ - 4x20 ra Nguyễn Thị Thập cạnh Chợ Tân Mỹ giáp PMH Quận 7 - Chỉ 14Tỷ8,"14,8 tỷ","Phường Tân Quy, Quận 7, Hồ Chí Minh",80 m²,N/A,N/A,6 tầng,Sổ hồng,27/11/2025
Nhà đẹp hẻm ô tô vào ở ngay 4x16,"7,45 tỷ","Đường Huỳnh Tấn Phát, Phường Phú Mỹ, Quận 7, Hồ Chí Minh",64 m²,5 phòng,5 phòng,4 tầng,Sổ đỏ/ Sổ hồng,19/11/2025
"HOT!! NHÀ 2 TẦNG KẾ HIMLAM - 6x5.5 - SHR - CÁCH MT 50M - CHỈ 3.7 TỶ, HIẾM Ở Q7. LH0933 316 ***","3,7 tỷ","Đường  Trần Xuân Soạn, Phường Tân Hưng, Quận 7, Hồ Chí Minh",33 m²,2 phòng,2 phòng,2 tầng,Sổ đỏ/ Sổ hồng,21/11/2025
"Bán nhà Huỳnh Tấn Phát, Phú Thuận, Quận 7, giá 3,4 tỷ, 50m2","3,4 tỷ","Huỳnh Tấn Phát, Phú Thuận, Quận 7, Hồ Chí Minh",50 m²,2 phòng,1 phòng,1 tầng,Sổ đỏ/ Sổ hồng,27/11/2025
"Nhà phố 2 tầng Tân Hưng ngang 4,8m, lô góc, gần Lotte mart. Sát quận 4, thuận tiện ra quận 1. 5,3ty","5,3 tỷ","Phường Tân Hưng, Quận 7, Hồ Chí Minh",48 m²,N/A,2 phòng,2 tầng,Có sổ,27/11/2025
Biệt thự tân cổ điển full nội thất đầy đủ công năng sử dụng,"8,38 tỷ","Đường Huỳnh Tấn Phát, Phường Phú Mỹ, Quận 7, Hồ Chí Minh",90 m²,4 phòng,5 phòng,4 tầng,Sổ đỏ/ Sổ hồng,19/11/2025
"NHÀ CHÍNH CHỦ- BÁN GẤP NHÀ 1 TRỆT 1 LẦU ĐƯỜNG TRẦN XUÂN SOẠN, PHƯỜNG TÂN HƯNG, QUẬN 7","4,99 tỷ","Đường  Trần Xuân Soạn, Phường Tân Hưng, Quận 7, Hồ Chí Minh",44 m²,2 phòng,2 phòng,2 tầng,Sổ đỏ/ Sổ hồng,15/11/2025
"Nhà đẹp khu VIP gần Phú Mỹ Hưng Q7, xe hơi vào nhà, 5x28m, 4 tầng, nhỉnh 15 tỷ","15,7 tỷ","Đường Nguyễn Thị Thập, Phường Bình Thuận, Quận 7, Hồ Chí Minh",145 m²,N/A,N/A,4 tầng,Sổ đỏ/ Sổ hồng,15/11/2025
Nhà phố lô nhì Đ. Huỳnh Tấn Phát - cách MT chỉ 15m,"4,3 tỷ","Đường Huỳnh Tấn Phát, Phường Tân Thuận Đông, Quận 7, Hồ Chí Minh","26,7 m²",2 phòng,2 phòng,2 tầng,Sổ hồng,26/11/2025
"Hẻm xe hơi, nhà 3 tầng, kiên cố, 4 PN, nhà thoáng, nở hậu, hợp nhu cầu GĐ thích rộng rãi, gần TT","4,8 tỷ","Đường  Trần Xuân Soạn, Phường Tân Hưng, Quận 7, Hồ Chí Minh",64 m²,4 phòng,4 phòng,3 tầng,Sổ đỏ/ Sổ hồng,27/11/2025
"35m2, (3mx12m) 2Tầng,Hẻm 3M Thông Lâm Văn Bền- P. Tân Kiểng- Quận 7- Cách HXH 100m, Nhỉnh 4tê","4,5 tỷ","Đường Lâm Văn Bền, Phường Tân Kiểng, Quận 7, Hồ Chí Minh",35 m²,3 phòng,2 phòng,2 tầng,Sổ đỏ/ Sổ hồng,27/11/2025
"BÁN NHÀ 1 TRỆT 2 LẦU 12 tỷ 500 HẺM 4m - ĐƯỜNG 17, PHƯỜNG TÂN THUẬN TÂY, QUẬN 7","12,5 tỷ","Đường Lâm Văn Bền, Phường Tân Thuận Tây, Quận 7, Hồ Chí Minh","138,5 m²",N/A,N/A,3 tầng,Sổ đỏ/ Sổ hồng,25/11/2025
NHÀ ĐẸP CẦN BÁN NHÀ 1 TRỆT 1 LẦU 3 PHÒNG NGỦ.HUỲNH TẤN PHÁT P TÂN THUÂN QUẬN 7,"4,99 tỷ","Đường Huỳnh Tấn Phát, Phường Tân Thuận Đông, Quận 7, Hồ Chí Minh",44 m²,3 phòng,2 phòng,2 tầng,Sổ đỏ/ Sổ hồng,15/11/2025
Nhà hẻm xe hơi - 2 lầu full nội thất - Huỳnh Tấn Phát - Q7 - Hẻm thông,"7,49 tỷ","Đường Huỳnh Tấn Phát, Phường Phú Thuận, Quận 7, Hồ Chí Minh",60 m²,4 phòng,4 phòng,3 tầng,Sổ đỏ/ Sổ hồng,16/11/2025
"Nhà phố hiện đại hẻm 3m Nguyễn Thị Thập - Gần Đại Học Tôn Đức Thắng - Lotte Mart - 4x13m giá 5,8 tỷ","5,8 tỷ","Đường Nguyễn Thị Thập, Phường Bình Thuận, Quận 7, Hồ Chí Minh",52 m²,2 phòng,3 phòng,2 tầng,Sổ đỏ/ Sổ hồng,27/11/2025
"NHÀ MỚI HXH - 3 TẦNG - 60m2 - 4PN - 4WC - 7,3 t/ỉ;","7,3 tỷ","Đường Huỳnh Tấn Phát, Phường Phú Thuận, Quận 7, Hồ Chí Minh",60 m²,N/A,N/A,3 tầng,Sổ đỏ/ Sổ hồng,26/11/2025
"NHÀ PHỐ FULL NỘI THẤT GẦN VINCOM NAM LONG, KHU DCVEN SÔNG, TRƯỜNG EMASI(4.45mx 14m).4p ra Q4. 6,25T","6,25 tỷ","Phường Tân Thuận Tây,  Quận 7, Hồ Chí Minh",62 m²,3 phòng,3 phòng,2 tầng,Sổ đỏ/ Sổ hồng,26/11/2025
"Nhà phố hiện đại 4 tầng hẻm 3,5m Chuyên Dùng 9, Phú Mỹ, Q7, DT 4m x 15m, giá 7,45 tỷ","7,45 tỷ","Đường Chuyên Dùng 9, Phường Phú Mỹ, Quận 7, Hồ Chí Minh","61,5 m²",4 phòng,5 phòng,4 tầng,Sổ đỏ/ Sổ hồng,27/11/2025
"Quận 7, nhà mới xách vali về ở luôn, phù hợp giới trẻ, 60m2, 3 tầng, pháp lý chuẩn, p. Tân Mỹ","6,48 tỷ","Phường Tân Phú, Quận 7, Hồ Chí Minh",60 m²,4 phòng,5 phòng,3 tầng,Sổ đỏ/ Sổ hồng,26/11/2025
"Nhà phố thiết kế có thang máy - mặt tiền hẻm 8m 1365 Huỳnh Tấn Phát Q7 DT 5,5m x 12m giá 13,5 tỷ","13,5 tỷ","1365, Đường Huỳnh Tấn Phát, Phường Phú Thuận, Quận 7, Hồ Chí Minh","72,5 m²",4 phòng,5 phòng,4 tầng,Sổ đỏ/ Sổ hồng,27/11/2025
"Nhà phố mặt tiền hẻm 1056 Huỳnh Tấn Phát gần Đại Học RMIT, Tôn Đức Thắng - 4,5m x 12,5m Giá 5,6 tỷ","5,6 tỷ","Hẻm 1056, Đường Huỳnh Tấn Phát, Phường Tân Phú, Quận 7, Hồ Chí Minh","63,9 m²",2 phòng,2 phòng,2 tầng,Sổ đỏ/ Sổ hồng,27/11/2025
"Nhà chính chủ trang bìa - DT khủng 131m2 ngang 6,5m - thích hợp xây CHDV có dòng tiền - giá 9,7tỷ","9,7 tỷ","Đường Nguyễn Văn Quỳ, Phường Phú Thuận, Quận 7, Hồ Chí Minh",131 m²,6 phòng,6 phòng,2 tầng,Sổ đỏ/ Sổ hồng,27/11/2025
"NHÀ 3 TẦNG - CHỦ XÂY DỰNG KIÊN CỐ - HẺM 458 Ô TÔ - 75,3M2 CHỈ 6,4 TỶ","6,4 tỷ","Đường Huỳnh Tấn Phát, Phường Bình Thuận, Quận 7, Hồ Chí Minh",75 m²,4 phòng,3 phòng,3 tầng,Sổ đỏ/ Sổ hồng,27/11/2025
"Bán nhà riêng đẹp tại đường 283 Huỳnh Tấn Phát - Nguyễn Văn Linh, 7,2 tỷ vnd, STSD 149,6 m2","7,2 tỷ","283 Huỳnh Tấn Phát, Phường Tân Thuận Đông, Quận 7, Hồ Chí Minh","74,8 m²",3 phòng,2 phòng,1 tầng,Sổ đỏ/ Sổ hồng,27/11/2025
BÁN NHÀ 1 LẦU SỔ HỒNG RIÊNG - 4X11 - HUỲNH TẤN PHÁT - QUẬN 7,"4,99 tỷ","Đường Huỳnh Tấn Phát, Phường Tân Thuận Đông, Quận 7, Hồ Chí Minh",44 m²,3 phòng,2 phòng,2 tầng,Sổ đỏ/ Sổ hồng,16/11/2025
Bán nhà mặt tiền hẻm dân cư đông - có thể kinh doanh mọi ngành nghề - quận 7,"1,55 tỷ","749/ Đường Huỳnh Tấn Phát, Phường Phú Thuận, Quận 7, Hồ Chí Minh",23 m²,2 phòng,1 phòng,2 tầng,"Pháp lý: Kê khai thuế, bảng vẽ, nguồn gốc rõ ràng, mua bán vi bằng.",15/11/2025
Bán nhà đẹp - 3.6x10m - không sông rạch - Đ. Trần Xuân Soạn - Q7,"1,95 tỷ","Đường  Trần Xuân Soạn, Phường Tân Hưng, Quận 7, Hồ Chí Minh",36 m²,2 phòng,2 phòng,2 tầng,Hợp đồng mua bán,15/11/2025
Bán nhà đẹp cách MT đường lớn chỉ 10m - Đào Trí - Quận 7,738 triệu,"Đường Đào Trí, Phường Phú Thuận, Quận 7, Hồ Chí Minh",15 m²,1 phòng,1 phòng,2 tầng,Hợp đồng mua bán,17/11/2025
BÁN NHÀ CĂN GÓC - SÁT HẺM XE HƠI - VỊ TRÍ ĐẮC ĐỊA - QUẬN 7,"1,88 tỷ","Đường  Trần Xuân Soạn, Phường Tân Hưng, Quận 7, Hồ Chí Minh",23 m²,2 phòng,2 phòng,2 tầng,Hợp đồng mua bán,25/11/2025
Bán nhà diện tích lớn - 4mx18m- giá tốt - Quận 7 - Có Sân Rộng Để Được nhiều xe.,"2,6 tỷ","Hẻm 1115, Đường Huỳnh Tấn Phát, Phường Phú Thuận, Quận 7, Hồ Chí Minh",72 m²,3 phòng,2 phòng,2 tầng,Công chứng vi bằng.,16/11/2025
Căn hộ dv mini 9 phòng ngang 11m đang khai thác ổn định sổ hoàn công đủ,"5,9 tỷ","Hẻm 1428, Đường Huỳnh Tấn Phát, Phường Phú Mỹ, Quận 7, Hồ Chí Minh","71,5 m²",9 phòng,9 phòng,4 tầng,Sổ đỏ/ Sổ hồng,27/11/2025
Bán nhà đẹp diện tích lớn - nở hậu - hẻm thẳng 1 trục - Chuyên Dùng Chính - Q7,"2,99 tỷ","Hẻm 25, Đường Chuyên Dùng 9, Phường Phú Mỹ, Quận 7, Hồ Chí Minh",52 m²,3 phòng,3 phòng,2 tầng,Hợp đồng mua bán,25/11/2025
Bán nhà đẹp căn góc - 5.5x10m - Đ. Chuyên Dùng 9 - Quận 7,"2,65 tỷ","77, Đường Chuyên Dùng 9, Phường Phú Mỹ, Quận 7, Hồ Chí Minh",55 m²,3 phòng,2 phòng,2 tầng,Sổ đỏ/ Sổ hồng,20/11/2025
"Bán nhà 3 tầng, hẻm xe hơi gần mặt tiền Huỳnh Tấn Phát, Quận 7-Giá 9,2 tỷ (thương lượng)","9,2 tỷ","Đường Huỳnh Tấn Phát, Phường Tân Thuận Đông, Quận 7, Hồ Chí Minh",79 m²,10 phòng,9 phòng,3 tầng,Sổ đỏ/ Sổ hồng,15/11/2025
"Bán nhà chợ Tân Mỹ, Quận 7-3 tầng-Giá nhỉnh 7 tỷ","7,7 tỷ","Đường Nguyễn Thị Thập, Phường Tân Phú, Quận 7, Hồ Chí Minh",52 m²,3 phòng,3 phòng,3 tầng,Sổ đỏ/ Sổ hồng,18/11/2025
"QUẬN 7, NHÀ Ở NGAY, 38M2, CHUYÊN DÙNG 9, CHỈ 3.X TỶ, T4-020","3,95 tỷ","Đường Chuyên Dùng 9, Phường Phú Mỹ, Quận 7, Hồ Chí Minh",38 m²,N/A,N/A,2 tầng,Sổ đỏ/ Sổ hồng,19/11/2025
Bán nhà mặt tiền hẻm xe hơi - nở hậu - cách đường HTP chỉ 30m - Quận 7,"1,75 tỷ","Hẻm 1627, Đường Huỳnh Tấn Phát, Phường Phú Mỹ, Quận 7, Hồ Chí Minh",25 m²,2 phòng,1 phòng,2 tầng,Hợp đồng mua bán,25/11/2025
"QUẬN 7, NHÀ 2 TẦNG, SÁT HẺM XE HƠI, 5X9, HUỲNH TẤN PHÁT, 3.X TỶ, T4-027","3,96 tỷ","Đường Huỳnh Tấn Phát, Phường Tân Thuận Đông, Quận 7, Hồ Chí Minh",45 m²,N/A,N/A,2 tầng,Sổ đỏ/ Sổ hồng,26/11/2025
Bán CHDV Lâm Văn Bền - Quận 7- Ngang 5m- 4 Tầng- Thu Nhập 30tr/th- Không QH- Cách 50m Ra Hẻm Xe Hơi,"7,6 tỷ","Đường Lâm Văn Bền, Phường Tân Kiểng, Quận 7, Hồ Chí Minh",60 m²,7 phòng,8 phòng,3 tầng,Sổ đỏ/ Sổ hồng,27/11/2025
"Bán nhà 3 tầng 6PN, 48m2 tại Nguyễn Thị Thập, Q7, HCM, giá 7,9 tỷ","7,9 tỷ","Đường Nguyễn Thị Thập, Phường Tân Phong, Quận 7, Hồ Chí Minh",48 m²,6 phòng,5 phòng,3 tầng,Sổ đỏ/ Sổ hồng,27/11/2025
"QUẬN 7, NHÀ 3 TẦNG, 22M2, BÙI VĂN BA, 2.X TỶ, T4-032","3,05 tỷ","Đường Bùi Văn Ba, Phường Tân Thuận Đông, Quận 7, Hồ Chí Minh",22 m²,N/A,N/A,3 tầng,Sổ đỏ/ Sổ hồng,14/11/2025
BÁN NHÀ 3 TẦNG - SÂN THƯỢNG THOÁNG MÁT - Đ.TRẦN XUÂN SOẠN - QUẬN 7,"3,05 tỷ","Đường  Trần Xuân Soạn, Phường Tân Kiểng, Quận 7, Hồ Chí Minh",21 m²,2 phòng,2 phòng,3 tầng,Sổ đỏ/ Sổ hồng,20/11/2025
Siêu phẩm nhà đẹp Quận 7 - Tặng Full nội thất cao cấp - SHR - Chỉ xách vali vào ở,"6,3 tỷ","Đường Huỳnh Tấn Phát, Phường Tân Thuận Đông, Quận 7, Hồ Chí Minh","55,6 m²",3 phòng,3 phòng,2 tầng,Sổ đỏ/ Sổ hồng,16/11/2025
Nhà mới đẹp 1 lầu hẻm 391 Huỳnh Tấn Phát - P. Tân Thuận Đông - Q7,"4,99 tỷ","Hẻm 391, Đường Huỳnh Tấn Phát, Phường Tân Thuận Đông, Quận 7, Hồ Chí Minh","42,1 m²",3 phòng,2 phòng,2 tầng,Sổ đỏ/ Sổ hồng,24/11/2025
Nhà phố hiện đại full nội thất cao Cấp - Cạnh Phú Mỹ Hưng - Q7,"7,95 tỷ","Hẻm 935, Đường Huỳnh Tấn Phát, Phường Phú Thuận, Quận 7, Hồ Chí Minh",70 m²,4 phòng,5 phòng,3 tầng,Sổ đỏ/ Sổ hồng,24/11/2025
"Bán Nhanh nhà Lâm Văn Bền, 6x15m, 2 lầu, Full nội thất giá 6,5 tỷ có thương lượng, LH:0364 686 ***","6,5 tỷ","Đường Lâm Văn Bền, Phường Tân Hưng, Quận 7, Hồ Chí Minh",90 m²,N/A,N/A,3 tầng,Sổ đỏ/ Sổ hồng,27/11/2025
Nhà 2 tầng mới đẹp 3 phòng ngủ - Hẻm 3.5m - Huỳnh Tấn Phát - Q7,"4,79 tỷ","Đường Huỳnh Tấn Phát, Phường Phú Thuận, Quận 7, Hồ Chí Minh","39,61 m²",3 phòng,2 phòng,2 tầng,Sổ đỏ/ Sổ hồng,18/11/2025
"Nhà phố sân vườn đang thu nhập 30 triệu tháng - hẻm 1387 Huỳnh Tấn Phát 6mx25m sổ hồng giá 14,5 tỷ","14,5 tỷ","Hẻm 1387, Đường Huỳnh Tấn Phát, Phường Phú Thuận, Quận 7, Hồ Chí Minh",150 m²,4 phòng,4 phòng,3 tầng,Sổ đỏ/ Sổ hồng,26/11/2025
Nhà 2 mặt tiền Tân Mỹ Q7 - 4 x 10m vuông vức - chỉ 10m ra mặt tiền - giá 7.199 tỷ (TL),"7,2 tỷ","Đường Tân Mỹ, Phường Tân Thuận Tây, Quận 7, Hồ Chí Minh",40 m²,3 phòng,3 phòng,3 tầng,Sổ đỏ/ Sổ hồng,25/11/2025
"BÁN GẤP NHÀ ĐẸP 4 TẦNG - HOÀNG TRỌNG MẬU P. TÂN HƯNG CHỈ 12,5 TỶ","12,5 tỷ","Đường Hoàng Trọng Mậu, Phường Tân Hưng, Quận 7, Hồ Chí Minh",100 m²,8 phòng,N/A,4 tầng,N/A,21/11/2025
"Bán gấp giảm 1,5 tỷ - hẻm xe hơi Lê Văn Lương Q7 - ngang 6,5m - 8,5 tỷ","8,5 tỷ","Đường Lê Văn Lương, Phường Tân Hưng, Quận 7, Hồ Chí Minh","146,25 m²",N/A,N/A,N/A,Sổ hồng,27/11/2025
Bán nhà mới đẹp cạnh Phú Mỹ Hưng Quận 7 - 70m2 - 4 tầng - full nội thất - sổ hồng riêng,"7,5 tỷ","Đường Huỳnh Tấn Phát, Phường Tân Phú, Quận 7, Hồ Chí Minh",70 m²,3 phòng,3 phòng,4 tầng,Sổ đỏ/ Sổ hồng,27/11/2025
"3.9 tỷ nhà đẹp Lâm Văn Bền, Quận 7, DT 6x8m, full nội thất cao cấp","3,9 tỷ","Đường Lâm Văn Bền, Phường Tân Kiểng, Quận 7, Hồ Chí Minh","43,31 m²",2 phòng,2 phòng,2 tầng,Sổ hồng,26/11/2025
"Bán NR siêu hiếm đẹp, 04 PN, 03 tầng, DT 4x16","6,5 tỷ","Phường Phú Thuận, Quận 7, Hồ Chí Minh",51 m²,4 phòng,3 phòng,3 tầng,Sổ đỏ/ Sổ hồng,27/11/2025
"Bán nhà Lê Văn Lương sát Lotte Q7 - Xe hơi đậu trước cửa - 4 tầng - 96 m2 - 7,5 tỷ","7,5 tỷ","Đường Lê Văn Lương, Phường Tân Hưng, Quận 7, Hồ Chí Minh",96 m²,N/A,5 phòng,4 tầng,Có sổ,27/11/2025
"Nhà mới đẹp hiện đại đầy đủ nội thất sang trọng vào ở ngay Phú Mỹ Quận 7 - Giá 7.45 tỷ, 4x16m","7,45 tỷ","Đường Chuyên Dùng 9, Phường Phú Mỹ, Quận 7, Hồ Chí Minh","61,5 m²",4 phòng,5 phòng,3 tầng,Sổ đỏ/ Sổ hồng.,25/11/2025
"Nhà Bùi Văn Ba, Quận 7 | Giá tốt 2 tỷ 950 triệu (TL) - Diện tích: 4,2m x 5m, 2PN 2WC","2,95 tỷ","Đường Bùi Văn Ba, Phường Tân Thuận Đông, Quận 7, Hồ Chí Minh",22 m²,2 phòng,2 phòng,2 tầng,Sổ đỏ/ Sổ hồng,26/11/2025
SIÊU PHẨM 4 TẦNG FULL NỘI THẤT XỊN XÒ ĐẸP MÊ LY - MẶT TIỀN HẺM XE HƠI NGUYỄN THỊ THẬP- 5M X 12M,"12,59 tỷ","Đường Nguyễn Thị Thập, Phường Tân Thuận Tây, Quận 7, Hồ Chí Minh",55 m²,4 phòng,3 phòng,4 tầng,Sổ đỏ/ Sổ hồng,20/11/2025
"Trung tâm Quận 7 | DT: 6 x 5m, gồm 2PN 2WC | Nhà 2 mặt hẻm thông thoáng |Hẻm 4m Trần Xuân Soạn","3,69 tỷ","Đường  Trần Xuân Soạn, Phường Tân Hưng, Quận 7, Hồ Chí Minh",30 m²,2 phòng,2 phòng,2 tầng,Sổ đỏ/ Sổ hồng,21/11/2025
"Bán nhà đất mặt tiền hẻm thông. Cách Huỳnh Tấn Phát 100m. Ngang 6,5 dài 28m - chỉ 13.8 tỷ","13,8 tỷ","Đường Huỳnh Tấn Phát, Phường Tân Thuận Tây, Quận 7, Hồ Chí Minh",212 m²,6 phòng,4 phòng,2 tầng,Sổ đỏ/ Sổ hồng,27/11/2025
"Bán Nhà Ngang Lớn Kế KDC HimLam, 02 Tầng, DT 6x11","5,7 tỷ","Trần Xuân Soạn, Tân Hưng, Quận 7, Hồ Chí Minh",66 m²,3 phòng,2 phòng,2 tầng,Sổ đỏ/ Sổ hồng,26/11/2025
"Bán Nhà Kiều Đàm một đời chủ, DT 4x16m chỉ với 4,8 tỷ","4,8 tỷ","Đường  Trần Xuân Soạn, Phường Tân Hưng, Quận 7, Hồ Chí Minh",56 m²,2 phòng,1 phòng,2 tầng,Sổ đỏ/ Sổ hồng,25/11/2025
"Bán NR Căn Góc Thoáng - Hẻm Thẳng Một Trục, DT 4x9m","4,3 tỷ","Trần Xuân Soạn, Tân Hưng, Quận 7, Hồ Chí Minh",36 m²,2 phòng,1 phòng,2 tầng,Sổ đỏ/ Sổ hồng,26/11/2025
"Bán Nhà KDC Hiện Hữu - Nở Hậu, 02 Tầng, DT 4,1x12m","5,3 tỷ","Trần Xuân Soạn, Tân Hưng, Quận 7, Hồ Chí Minh",51 m²,2 phòng,2 phòng,2 tầng,Sổ đỏ/ Sổ hồng,25/11/2025
Nhà phố phong cách homestay mini hẻm 4m ngay phố Trần Xuân Soạn Q7 - cách Q4 chỉ 500m,"3,2 tỷ","Hẻm KC32, Phường Tân Thuận Tây, Quận 7, Hồ Chí Minh","15,7 m²",2 phòng,3 phòng,3 tầng,Sổ đỏ/ Sổ hồng,26/11/2025
"Bán Nhà Một Đời Chủ - Nhà Vào Ở Ngay, 02 Tầng, DT 4,2x15m","5,3 tỷ","Trần Xuân Soạn, Tân Hưng, Quận 7, Hồ Chí Minh",60 m²,3 phòng,2 phòng,2 tầng,Sổ đỏ/ Sổ hồng,26/11/2025
"Bán Nhà Tân Hưng Vị Trí Siêu Vip, 02 Tầng, DT 3,5x12m","5,2 tỷ","Trần Xuân Soạn, Tân Hưng, Quận 7, Hồ Chí Minh",40 m²,2 phòng,2 phòng,2 tầng,Sổ đỏ/ Sổ hồng,26/11/2025
Nhà phố 1 lầu hẻm 3m liền kề khu Nam Long Trần Trọng Cung,"4,75 tỷ","Đường Nguyễn Văn Quỳ, Phường Tân Thuận Đông, Quận 7, Hồ Chí Minh",60 m²,3 phòng,2 phòng,2 tầng,Sổ đỏ/ Sổ hồng chung của gia đình,26/11/2025
Nha nát- Đường số - tân quy q7 80m2 nhinh 10 tỷ .,"10,3 tỷ","Đường 43, Phường Tân Quy, Quận 7, Hồ Chí Minh",80 m²,2 phòng,2 phòng,2 tầng,Sổ đỏ/ Sổ hồng,27/11/2025
"Chỉ 5.3 tỷ nhà đẹp sát mặt tiền Lâm Văn Bền, Tân Kiểng, Quận 7 - DT 5x10m - 3 PN","5,3 tỷ","Đường Lâm Văn Bền, Phường Tân Kiểng, Quận 7, Hồ Chí Minh","47,6 m²",3 phòng,3 phòng,2 tầng,Sổ hồng,25/11/2025
"Bán nhà hẻm ô tô, P.Phú Thuận, Q7, 134m2, 10m x 14m, 3 lầu chỉ 12,5 tỷ!","12,5 tỷ","Đường Huỳnh Tấn Phát, Phường Phú Thuận, Quận 7, Hồ Chí Minh",134 m²,3 phòng,3 phòng,2 tầng,Sổ đỏ/ Sổ hồng,26/11/2025
Nhà 2 tầng Nguyễn Thị Thập - 40m2 - VF3 đậu - nhỉnh 6 tỷ,"6,3 tỷ","Đường Nguyễn Thị Thập, Phường Tân Phú, Quận 7, Hồ Chí Minh",40 m²,2 phòng,2 phòng,2 tầng,Sổ hồng,27/11/2025
Bán nhà nhỏ sổ hồng riêng Trần Xuân soạn,"2,15 tỷ","Đường  Trần Xuân Soạn, Phường Tân Hưng, Quận 7, Hồ Chí Minh",15 m²,2 phòng,1 phòng,2 tầng,Sổ đỏ/ Sổ hồng,26/11/2025
"Bán Nhà riêng CHDV tại Đường Chuyên Dùng 9, Phú Mỹ, Quận 7, TP.HCM, giá ưu đãi chỉ với 9 tỷ, 89m2",9 tỷ,"Đường Chuyên Dùng 9, Phường Phú Mỹ, Quận 7, Hồ Chí Minh",89 m²,12 phòng,13 phòng,3 tầng,Sổ đỏ/ Sổ hồng,27/11/2025
Nhà 2 tầng - 88m2 - dòng tiền 200tr/năm - sát Phú Mỹ Hưng - nhỉnh 6 tỷ,"6,59 tỷ","Phường Tân Phú, Quận 7, Hồ Chí Minh",88 m²,4 phòng,4 phòng,2 tầng,Sổ đỏ/ Sổ hồng,27/11/2025
"Bán mặt tiền kinh doanh chợ Tân Quy Q7 - Đường Số 15 - 2 tầng - 5x7m - 5,5 tỷ","5,5 tỷ","Đường 15, Phường Tân Hưng, Quận 7, Hồ Chí Minh",33 m²,N/A,N/A,2 tầng,N/A,27/11/2025
"(Video) bán nhà sát cầu Nguyễn Khoái ~60m2 3 tầng hẻm thông 4m. Ngang 3.6m, nở hậu. Chỉ 1km tới Q1","4,75 tỷ","Đường  Trần Xuân Soạn, Phường Tân Hưng, Quận 7, Hồ Chí Minh",57 m²,4 phòng,3 phòng,3 tầng,Sổ đỏ/ Sổ hồng,27/11/2025
"Bán nhà riêng 2PN, 2WC, 26m2 tại Phú Thuận, Q7, HCM chỉ với 3,69 tỷ","3,69 tỷ","Phường Phú Thuận,  Quận 7, Hồ Chí Minh",26 m²,2 phòng,2 phòng,2 tầng,Sổ đỏ/ Sổ hồng,27/11/2025
"Chính chủ bán nhà 1 trệt + 3 lầu đường số 49, Tân quy, Quận 7, sổ hồng chính chủ. Giá: 15 tỷ 8","15,8 tỷ","Đường Số 49, Phường Tân Quy, Quận 7, Hồ Chí Minh","71,7 m²",4 phòng,5 phòng,3 tầng,Sổ đỏ/ Sổ hồng,27/11/2025
"Cần bán nhà khu cư xá ngân hàng đường Lâm Văn Bền, Q7 - nhà có thang máy - 92m2 (5x18,4)m",Thỏa thuận,"Đường Lâm Văn Bền, Phường Tân Kiểng, Quận 7, Hồ Chí Minh",92 m²,6 phòng,7 phòng,3 tầng,Sổ đỏ/ Sổ hồng,27/11/2025
Bán nhà 2 tầng - 60m2 - ngay ĐH Marketing Q7 - nhỉnh 4tỷ,"4,55 tỷ","Phường Tân Thuận Tây, Quận 7, Hồ Chí Minh",60 m²,2 phòng,2 phòng,2 tầng,Sổ Hồng,27/11/2025
"Bán nhà Hoàng Trọng Mậu Q7 - 7x23m - nhà cũ tiện xây mới - 9,7 tỷ","9,7 tỷ","Đường Hoàng Trọng Mậu, Phường Tân Hưng, Quận 7, Hồ Chí Minh",161 m²,4 phòng,N/A,N/A,Sổ hồng,27/11/2025
BÁN NHÀ SỔ RIÊNG-HẺM 167 HUỲNH TẤN PHÁT- QUẬN 7..! Full Nội Thất.,"4,2 tỷ","Đường Huỳnh Tấn Phát, Phường Tân Thuận Đông, Quận 7, Hồ Chí Minh",30 m²,2 phòng,2 phòng,2 tầng,Sổ đỏ/ Sổ hồng,23/11/2025
"Nhà hẻm xe hơi - Lê Văn Lương, Q7. DT 56m2 - gần Lotte Mart, đại học Tôn Đức Thắng",Thỏa thuận,"Đường Lê Văn Lương, Phường Tân Kiểng, Quận 7, Hồ Chí Minh",56 m²,3 phòng,4 phòng,3 tầng,Sổ đỏ/ Sổ hồng,27/11/2025
Nhà ngay Phan Huy Thực - Quận 7. 87.8m2 đang cho thuê 32triệu. Gần trường Tiểu học Tân Quy,Thỏa thuận,"Đường Phan Huy Thực, Phường Tân Kiểng, Quận 7, Hồ Chí Minh","87,8 m²",5 phòng,4 phòng,4 tầng,Sổ đỏ/ Sổ hồng,27/11/2025
"Nhà 4PN - 4 tầng - Huỳnh Tấn Phát, Quận 7 - Sổ riêng, Vào ở ngay","6,4 tỷ","Đường Huỳnh Tấn Phát, Phường Phú Thuận, Quận 7, Hồ Chí Minh",47 m²,4 phòng,3 phòng,4 tầng,Sổ đỏ/ Sổ hồng,24/11/2025
"Bán Nhà Riêng tại Lâm Văn Bền, 12,5 tỷ, 116m2, 5PN, 6WC","12,5 tỷ","Đường Lâm Văn Bền, Phường Bình Thuận, Quận 7, Hồ Chí Minh",116 m²,5 phòng,6 phòng,3 tầng,Sổ đỏ/ Sổ hồng,27/11/2025
"Hàng thơm - nhà 1 lầu 5x20m mặt tiền hẻm 3m Nguyên Thị Thập, Q7","9,5 tỷ","Đường Nguyễn Thị Thập, Phường Tân Phú, Quận 7, Hồ Chí Minh",100 m²,4 phòng,5 phòng,2 tầng,Sổ đỏ/ Sổ hồng,27/11/2025
"BÁN NHÀ MỚI 2 TẦNG ĐƯỜNG TÂN MỸ- XE HƠI TỚI NHÀ- 4,2 X10-- SHR- P TÂN THUẬN TÂY -Q7","7,2 tỷ","Đường Tân Mỹ, Phường Tân Thuận Tây, Quận 7, Hồ Chí Minh",41 m²,2 phòng,2 phòng,2 tầng,Sổ đỏ/ Sổ hồng,27/11/2025
"Nhà phố hiện đại - đủ nội thất - hẻm 167 huỳnh tấn phát - sổ hồng riêng hỗ trợ ngân hàng giá 4,2 tỷ","4,2 tỷ","Hẻm 167, Đường Huỳnh Tấn Phát, Phường Tân Thuận Đông, Quận 7, Hồ Chí Minh","26,1 m²",2 phòng,3 phòng,2 tầng,Sổ đỏ/ Sổ hồng,27/11/2025
Nhà HXH Huỳnh Tấn Phát - 5 x 18m - gần KDC Nam Long - 4 tầng BTCT,"9,5 tỷ","Đường Huỳnh Tấn Phát, Phường Tân Thuận Đông, Quận 7, Hồ Chí Minh",90 m²,5 phòng,N/A,4 tầng,Sổ đỏ/ Sổ hồng,24/11/2025
CHDV 3 tầng - 5x21m - cạnh Nguyễn Thị Thập - thu 400tr/năm - chỉ 8 tỷ,8 tỷ,"Phường Tân Phú, Quận 7, Hồ Chí Minh","104,6 m²",8 phòng,N/A,3 tầng,Sổ đỏ/ Sổ hồng,27/11/2025
CẦN TIỀN BÁN GẤP NHÀ QUẬN 7 NGAY CẦU PHÚ MỸ GIÁ RẺ,6 tỷ,"Đường Nguyễn Văn Quỳ, Phường Phú Thuận, Quận 7, Hồ Chí Minh",44 m²,4 phòng,3 phòng,3 tầng,Sổ đỏ/ Sổ hồng,27/11/2025
Nhà đẹp hiện đại xây mới 100% - hẻm 47 đường Võ Thị Nhờ - cạnh Vincom Nam Long,"8,5 tỷ","Đường Võ Thị Nhờ, Phường Tân Thuận Đông, Quận 7, Hồ Chí Minh","65,9 m²",3 phòng,4 phòng,3 tầng,Sổ đỏ/ Sổ hồng,14/11/2025
"Nhà đẹp 3 tầng sát mặt tiền Đường Số P. Tân Quy, Quận 7 - DT 5x15m - 4PN - chỉ 9 tỷ x","9,5 tỷ","Phường Tân Quy, Quận 7, Hồ Chí Minh",75 m²,3 phòng,4 phòng,3 tầng,Sổ đỏ/ Sổ hồng,21/11/2025
Nhà phố hiện đại HXH 458 Huỳnh Tấn Phát - Q7 - cạnh Lý Phục Man,"7,2 tỷ","Đường Huỳnh Tấn Phát, Phường Bình Thuận, Quận 7, Hồ Chí Minh","35,4 m²",4 phòng,3 phòng,2 tầng,Sổ hồng,20/11/2025
NHÀ 2 TẦNG HXH LÝ PHỤC MAN - 45M - 3.96 TỶ,"3,96 tỷ","Đường Lý Phục Man, Phường Bình Thuận, Quận 7, Hồ Chí Minh",45 m²,2 phòng,2 phòng,2 tầng,Sổ đỏ/ Sổ hồng,27/11/2025
"Bán Nhà Mới Đẹp 4PN, 4WC tại Nguyễn Thị Thập, Tân Phú, Q7, 6,75 tỷ, 63m2","6,75 tỷ","Đường Nguyễn Thị Thập, Phường Tân Phú, Quận 7, Hồ Chí Minh",63 m²,4 phòng,4 phòng,3 tầng,Sổ đỏ/ Sổ hồng,27/11/2025
Nhà vuông vứt quận 7 sổ hồng riêng trong khu dân cư không ngập nước,"5,5 tỷ","Đường Tân Mỹ, Phường Tân Thuận Tây, Quận 7, Hồ Chí Minh",47 m²,2 phòng,2 phòng,2 tầng,Sổ đỏ/ Sổ hồng,25/11/2025
"Nhà vuông vứt Quận 7, khu dân cư, đầy đủ tiện ích","5,6 tỷ","Đường Tân Mỹ, Phường Tân Thuận Tây, Quận 7, Hồ Chí Minh",47 m²,2 phòng,2 phòng,2 tầng,Sổ đỏ/ Sổ hồng,25/11/2025
"Nhà phố vị trí đắc địa - ngay KDC Nam Long Quận 07 - Hẻm 3m 123 Nguyễn Văn Quỳ - 4x15m Giá 4,75 tỷ","4,75 tỷ","Hẻm 123, Đường Nguyễn Văn Quỳ, Phường Tân Thuận Đông, Quận 7, Hồ Chí Minh",60 m²,3 phòng,3 phòng,2 tầng,Sổ đỏ/ Sổ hồng chung,26/11/2025
"Bán Nhà 4 Tầng Đường Phạm Hữu Lầu Phường Phú Mỹ Quận 7, DT: 75m2, Giá: 7,x tỷ Shr",7 tỷ,"Đường Phạm Hữu Lầu, Phường Phú Mỹ, Quận 7, Hồ Chí Minh",75 m²,3 phòng,3 phòng,4 tầng,Sổ đỏ/ Sổ hồng,27/11/2025
"SD 105m, KDC sổ hồng cạnh Kiều Đàm, tặng nội thất 350 triệu, Tân Hưng Quận 7","6,3 tỷ","Đường  Trần Xuân Soạn, Phường Tân Hưng, Quận 7, Hồ Chí Minh",59 m²,3 phòng,3 phòng,2 tầng,Sổ đỏ/ Sổ hồng,26/11/2025
Đậu ViSa cần bán nhà đường Trần Xuân Soạn P.Tân Hưng Quận 7 Giá 4tỷ860/88m2 nhà 3 lầu-sổ sẵn-hẻm 6m,"4,85 tỷ","Đường  Trần Xuân Soạn, Phường Tân Hưng, Quận 7, Hồ Chí Minh",88 m²,4 phòng,5 phòng,4 tầng,Sổ đỏ/ Sổ hồng,20/11/2025
"Bán nhà riêng tại Tân Thuận Tây, Q7, TP. HCM, 94m2, 8 tỷ",8 tỷ,"Phường Tân Thuận Tây, Quận 7, Hồ Chí Minh",94 m²,2 phòng,1 phòng,2 tầng,Sổ đỏ/ Sổ hồng,25/11/2025
"Bán nhà 4 tầng - xe hơi vào nhà - gần Phú Mỹ Hưng - nhà mới ở ngay - đường Nguyễn Thị Thập, quận 7","12,59 tỷ","Đường Nguyễn Thị Thập, Phường Bình Thuận, Quận 7, Hồ Chí Minh","54,3 m²",4 phòng,3 phòng,4 tầng,Sổ đỏ/ Sổ hồng,18/11/2025
"Quận7_ P. tân kiểng, 58m2, 4 Tầng BTCT 5PN, kế bên Lotte Mart, chợ Tân Quy, 20m ra Lê Văn lương",8 tỷ,"Đường Lê Văn Lương, Phường Tân Kiểng, Quận 7, Hồ Chí Minh",58 m²,5 phòng,4 phòng,4 tầng,Sổ đỏ/ Sổ hồng,27/11/2025
"Bán nhà sổ riêng lô nhì đường Nguyễn Thị Thập, trung tâm Quận 7","12,39 tỷ","Đường Nguyễn Thị Thập, Phường Tân Phú, Quận 7, Hồ Chí Minh","54,2 m²",4 phòng,5 phòng,4 tầng,Sổ đỏ/ Sổ hồng,25/11/2025
"NHÀ ĐẸP VÀO Ớ NGAY XE MONING ĐỖ CỬA - HUỲNH TẤN PHÁT - TÂN MỸ - NHỈNH 6TYX
VỊ TRÍ : cách mặt t","6,5 tỷ","Đường Huỳnh Tấn Phát, Phường Tân Phú, Quận 7, Hồ Chí Minh","57,6 m²",4 phòng,3 phòng,3 tầng,Sổ đỏ/ Sổ hồng,27/11/2025
CHDV GÓC 2MT HẺM THÔNG ĐÀO TRÍ - 83M2 - 3TẦNG 6PHÒNG - DÒNG TIỀN 25TR/TH - NHỈN 7 TỶ.,"7,65 tỷ","Đường Huỳnh Tấn Phát, Phường Phú Thuận, Quận 7, Hồ Chí Minh",83 m²,6 phòng,6 phòng,3 tầng,Sổ đỏ/ Sổ hồng,27/11/2025
"HẺM XE TẢI QUAY ĐẦU VÔ TƯ NGAY NGUYỄN VĂN LINH-DUY NHẤT 1 CĂN VỊ TRÍ CỰC ĐẸP CHỈ 13,4 TỶ",13 tỷ,"Đường Nguyễn Văn Linh, Phường Tân Thuận Tây, Quận 7, Hồ Chí Minh",88 m²,5 phòng,5 phòng,4 tầng,Sổ đỏ/ Sổ hồng,18/11/2025
"Nhà phố hiện đại hẻm 4m 1422 Huỳnh Tấn Phát Phường Phú Mỹ, Quận 7, DT 4m x 15m, giá 4,99 tỷ","4,99 tỷ","Hẻm 1422, Đường Huỳnh Tấn Phát, Phường Phú Mỹ, Quận 7, Hồ Chí Minh",60 m²,4 phòng,3 phòng,3 tầng,Sổ đỏ/ Sổ hồng,27/11/2025
"Nhà phố hiện đại sang trọng - Hẻm rộng 4m Lý Phục Man ngay KDC Nam Long Quận 07 - 4x17m Giá 9,5 tỷ","9,5 tỷ","Hẻm 21, Đường Lý Phục Man, Phường Bình Thuận, Quận 7, Hồ Chí Minh",63 m²,4 phòng,5 phòng,4 tầng,Sổ đỏ/ Sổ hồng.,26/11/2025
"Nhà mới, HXH, 128m2, 7m x 19m, 3 tầng, chỉ 9,9 tỷ, Nam Long, Phú Thuận, Q7!","9,9 tỷ","Đường Phú Thuận, Phường Phú Thuận, Quận 7, Hồ Chí Minh",128 m²,6 phòng,7 phòng,3 tầng,Sổ đỏ/ Sổ hồng,24/11/2025
"Nhà phố hiện đại - Mặt tiền hẻm 3,5m 156 Tân Mỹ ngay Khu Cư Xá Ngân Hàng - 4m x 10m - Giá 6,95 tỷ","6,95 tỷ","Đường Tân Mỹ, Phường Tân Thuận Tây, Quận 7, Hồ Chí Minh",40 m²,4 phòng,3 phòng,3 tầng,Sổ đỏ/ Sổ hồng,26/11/2025
"Bán nhà Quận 7 Nguyễn Thị Thập, nhà 5 tầng, 55m2, 5 phòng ngủ, chỉ 5 tỷ nhỉnh, duy nhất một căn bán","5,9 tỷ","Đường Nguyễn Thị Thập, Phường Tân Quy, Quận 7, Hồ Chí Minh",55 m²,5 phòng,5 phòng,5 tầng,Sổ hồng,27/11/2025
"NHÀ PHỐ HIỆN ĐẠI , CHỦ GẤP BÁN , DT 90m2 ĐẦY ĐỦ NỘI THẤT - CHỈ 8.6 TỶ NGAY TT QUẬN 7","9,5 tỷ","Phường Tân Phú, Quận 7, Hồ Chí Minh",90 m²,4 phòng,4 phòng,4 tầng,Sổ đỏ/ Sổ hồng,27/11/2025
Nhà mới 3PN - thông Võ Thị Nhờ - cạnh khu Nam Long - vào ở ngay,"6,3 tỷ","Đường Huỳnh Tấn Phát, Phường Tân Thuận Đông, Quận 7, Hồ Chí Minh",56 m²,3 phòng,3 phòng,2 tầng,Sổ đỏ/ Sổ hồng,24/11/2025
"Chủ bán gấp nhà đẹp q7, chuyển về Phú Mỹ Hưng, DT 92m2, giá tốt chỉ 10 tỷ","9,5 tỷ","Đường Nguyễn Thị Thập, Phường Bình Thuận, Quận 7, Hồ Chí Minh",92 m²,5 phòng,5 phòng,5 tầng,Sổ đỏ/ Sổ hồng,27/11/2025
"Nhà Trần Xuân Soạn - DT 96m2 công nhận đủ, nở hậu đẹp - hẻm xe hơi - chỉ 8.9 tỷ","8,9 tỷ","Phường Tân Kiểng, Quận 7, Hồ Chí Minh",97 m²,6 phòng,4 phòng,3 tầng,Sổ đỏ/ Sổ hồng,27/11/2025
BÁN NHÀ QUẬN 7 HẺM XE HƠI HUỲNH TẤN PHÁT- DIỆN TÍCH 100m2 - CHỈ 9 TỶ,9 tỷ,"Đường Huỳnh Tấn Phát, Phường Phú Thuận, Quận 7, Hồ Chí Minh",100 m²,4 phòng,4 phòng,4 tầng,Sổ đỏ/ Sổ hồng,27/11/2025
Bán nhà phố 3 tầng thông hẻm 935 Huỳnh Tấn Phát - Phú Thuận - cách xe hơi 30m,"7,95 tỷ","Hẻm 28, Đường Phú Thuận, Phường Phú Thuận, Quận 7, Hồ Chí Minh",70 m²,4 phòng,5 phòng,3 tầng,Sổ đỏ/ Sổ hồng,25/11/2025
"Hot siêu phẩm nhà Huỳnh Tấn Phát, Q7, DT 55m2, giá cực tốt",Thỏa thuận,"Đường Huỳnh Tấn Phát, Phường Phú Thuận, Quận 7, Hồ Chí Minh",55 m²,3 phòng,4 phòng,3 tầng,Sổ đỏ/ Sổ hồng,26/11/2025
"Bán nhà đường số 37 đoạn xung nhất Quận 7, sát mặt tiền 5.85 tỷ nhà 2 tầng ngang 4x10m","5,85 tỷ","Đường Số 37, Phường Tân Kiểng, Quận 7, Hồ Chí Minh",39 m²,2 phòng,2 phòng,2 tầng,Sổ đỏ/ Sổ hồng,23/11/2025
"ĐẤT CHDV Lê Văn Lương Q 7. DT 17mx12m. 175m2.GIÁ 16.5 TỶ.GPXD 5 tầng, Lotte, ĐH Tôn Đức Thắng,RMIT","16,5 tỷ","Đường Lê Văn Lương, Phường Tân Kiểng, Quận 7, Hồ Chí Minh",175 m²,6 phòng,6 phòng,2 tầng,Sổ đỏ/ Sổ hồng,13/11/2025
"BÁN NHÀ CHDV dòng tiền 50 triệu quận 7. Giá 13 tỷ. 5 tầng thang máy. gần LOTTE MART, ĐH RMIT, BIGC","13,5 tỷ","Đường Số 79, Phường Tân Phong, Quận 7, Hồ Chí Minh",60 m²,9 phòng,10 phòng,5 tầng,Sổ đỏ/ Sổ hồng,25/11/2025
"ĐẤT Nguyễn Thị Thập QUẬN 7. DT 142M. 5mx28m.Giá 16tỷ. 4 tầng. Gần Phú Mỹ Hưng, Lotte Mart",16 tỷ,"Đường Nguyễn Thị Thập, Phường Bình Thuận, Quận 7, Hồ Chí Minh",142 m²,4 phòng,6 phòng,4 tầng,Sổ hồng,13/11/2025
"Nhà biệt thự Nguyễn Thị Thập quận 7. DT 8m x 18m, giá 16 tỷ 138m2, 3 tầng. GPXD 5 tầng Phú Mỹ Hưng",16 tỷ,"Đường Nguyễn Thị Thập, Phường Tân Phú, Quận 7, Hồ Chí Minh",138 m²,5 phòng,6 phòng,3 tầng,Sổ đỏ/ Sổ hồng,25/11/2025
Bán nhà cách đường xe hơi chỉ vài bước - hẻm 77 Chuyên Dùng Chính - Quận 7,"2,35 tỷ","Hẻm 77, Đường Chuyên Dùng 9, Phường Phú Mỹ, Quận 7, Hồ Chí Minh",36 m²,2 phòng,1 phòng,2 tầng,Hợp đồng mua bán,21/11/2025
Nhà phố 1 trệt 1 lửng 2 lầu chỉ 6ty390/căn 174m2 sử dụng ngay Cầu Lò Gốm cách Võ Văn Kiệt 500m,"6,39 tỷ","Đường Phú Định, Phường 16, Quận 8, Hồ Chí Minh",50 m²,4 phòng,5 phòng,3 tầng,Đang chờ sổ,23/11/2025
BÁN NHÀ 2 LẦU SỔ HỒNG RIÊNG - HẺM NỘI BỘ 2.5M - TRẦN XUÂN SOẠN - QUẬN 7,"1,67 tỷ","Đường  Trần Xuân Soạn, Phường Tân Hưng, Quận 7, Hồ Chí Minh",14 m²,2 phòng,1 phòng,3 tầng,Sổ đỏ/ Sổ hồng,24/11/2025
"Nhà vuông vức 3,5 x 20m, lô góc mát mẻ, xe tải đến nhà, sát chợ và trung tâm hành chính Q8",7 tỷ,"Hẻm 1199, Đường Phạm Thế Hiển, Phường 5, Quận 8, Hồ Chí Minh","70,3 m²",4 phòng,3 phòng,2 tầng,Sổ đỏ/ Sổ hồng,24/11/2025
"Bán nhà 1TR1L đường Trịnh Quang Nghị, DT 70,8m2 - có hợp đồng thuê - sinh lời nhanh",Thỏa thuận,"Đường Trịnh Quang Nghị, Phường 7, Quận 8, Hồ Chí Minh","70,8 m²",3 phòng,2 phòng,1 tầng,Sổ đỏ/ Sổ hồng,24/11/2025
"Nhà Phố Xây Mới Q8 - 1 Trệt, 1 Lửng, 2 Lầu, Giá 6,39 Tỷ, Sổ Hồng Riêng","6,39 tỷ","60 Đường Phú Định, Phường 16, Quận 8, Hồ Chí Minh",60 m²,4 phòng,4 phòng,4 tầng,Sổ đỏ/ Sổ hồng,14/11/2025
"Nhà Bán 7 tỷ 7 193/27/35 Đường Phú Định, phường 16, Quận 8, TP. HCM","7,7 tỷ","193/*/*, Đường Bến Phú Định, Phường 16, Quận 8, Hồ Chí Minh","79,2 m²",2 phòng,2 phòng,2 tầng,Sổ đỏ/ Sổ hồng,24/11/2025
"NHÀ BÁN GẦN MẶT TIỀN HƯNG PHÚ P10 Q8, 2 TẦNG, (3x12.6m), GẦN CẦU NGUYỄN TRI PHƯƠNG","5,05 tỷ","Đường Hưng Phú, Phường 10, Quận 8, Hồ Chí Minh","36,6 m²",2 phòng,2 phòng,2 tầng,Sổ đỏ/ Sổ hồng,27/11/2025
"Bán nhà Võ Trứ, P.9, Q.8 - 3 tầng, mới đẹp, di chuyển Q.1, Q.5 nhanh - chỉ 5.2 tỷ","5,2 tỷ","Đường Võ Trứ, Phường 9, Quận 8, Hồ Chí Minh",24 m²,2 phòng,3 phòng,3 tầng,Sổ đỏ/ Sổ hồng,24/11/2025
"Bán nhà riêng tại Bình Đông, 4 tỷ, 35.1 m2, 3PN, 3WC, 4m mặt tiền",4 tỷ,"Đường Bình Đông, Phường 15, Quận 8, Hồ Chí Minh","35,1 m²",3 phòng,3 phòng,3 tầng,Sổ đỏ/ Sổ hồng,27/11/2025
"NHÀ ĐẸP HẺM XE HƠI 8M _ KDC BÌNH ĐĂNG , QUẬN 8 _ 60M2 _ 3 TẦNG _ CHỈ 8X TỶ _ SHR , HOÀN CÔNG","8,2 tỷ","Đường  Tạ Quang Bửu, Phường 6, Quận 8, Hồ Chí Minh",60 m²,N/A,N/A,3 tầng,Sổ đỏ/ Sổ hồng,24/11/2025
"Vip Nguyễn Thị Tần, Quận 8, 5 tầng, hẻm 8m, 4x13m, nhỉnh 8 tỷ","8,8 tỷ","Đường Nguyễn Thị Tần, Phường 2, Quận 8, Hồ Chí Minh",50 m²,N/A,N/A,5 tầng,Sổ đỏ/ Sổ hồng,24/11/2025
"Vip Quận 8, Dương Bá Trạc, 3 tầng, đường 6m, 4,6 x 14, nhỉnh 8 tỷ","8,3 tỷ","Đường Dương Bá Trạc, Phường 1, Quận 8, Hồ Chí Minh","64,4 m²",N/A,N/A,3 tầng,Sổ đỏ/ Sổ hồng,25/11/2025
"Bán NR 5PN, 3WC, 130m2, 9,2 tỷ tại Bùi Minh Trực, Q8, HCM","9,2 tỷ","Đường Bùi Minh Trực, Phường 5, Quận 8, Hồ Chí Minh",130 m²,5 phòng,3 phòng,2 tầng,Sổ đỏ/ Sổ hồng,27/11/2025
"Bán nhà Quận 8, Âu Dương Lân, 2 tầng, hẻm 3m, 4,1x9,5m, nhỉnh 3 tỷ","3,65 tỷ","Đường Âu Dương Lân, Phường 3, Quận 8, Hồ Chí Minh","38,95 m²",N/A,N/A,2 tầng,Sổ đỏ/ Sổ hồng,25/11/2025
"BÁN NHÀ DƯỜNG 8M DƯƠNG BÁ TRẠC- 2 TẦNG- KDC ĐÔNG ĐÚC, VỪA Ở VỪA KINH DOANH- CHỈ 5.35 TỶ","5,35 tỷ","Đường Dương Bá Trạc, Phường 1, Quận 8, Hồ Chí Minh",33 m²,2 phòng,2 phòng,2 tầng,Sổ đỏ/ Sổ hồng,27/11/2025
"Bán nhà Quận 8, Dương Bá Trạc, 3 tầng, 2 mặt hẻm thoáng, 4,5x12m, nhỉnh 5 tỷ","5,5 tỷ","Đường Dương Bá Trạc, Phường 1, Quận 8, Hồ Chí Minh",54 m²,N/A,N/A,3 tầng,Sổ hồng riêng,26/11/2025
"Nhà mới, đẹp, Tạ Quang Bửu, Cao Lỗ, gần siêu thị Parc Mall Q8, 3 tầng, DTSD 48m2, 4PN, nhà mới","2,55 tỷ","Đường  Tạ Quang Bửu, Phường 5, Quận 8, Hồ Chí Minh",20 m²,4 phòng,3 phòng,3 tầng,Sổ đỏ/ Sổ hồng,27/11/2025
"Nhà Bán Đường Hẻm8m Dương Bá Trạc P1,Q8","5,35 tỷ","Đường Dương Bá Trạc, Phường 1, Quận 8, Hồ Chí Minh",31 m²,2 phòng,2 phòng,2 tầng,Sổ đỏ/ Sổ hồng,27/11/2025
"Siêu vip Quận 8, 4 tầng, Âu Dương Lân, HXH, 46m2, nhỉnh 6 Tỷ","6,9 tỷ","Đường Âu Dương Lân, Phường 3, Quận 8, Hồ Chí Minh",46 m²,N/A,N/A,4 tầng,Sổ đỏ/ Sổ hồng,26/11/2025
"Nhà đẹp vào ở ngay Dương Bá Trạc, 2 tầng, 39m Chốt nhanh chỉ hơn 4 tỷ","4,58 tỷ","Đường Dương Bá Trạc, Phường 1, Quận 8, Hồ Chí Minh",39 m²,2 phòng,2 phòng,2 tầng,Sổ đỏ/ Sổ hồng,27/11/2025
LÂU RỒI MỚI VỀ NGAY TRUNG TÂM QUẬN 8 - 2 TẦNG HOÀN CÔNG ĐỦ - GIÁ NHỈNH 2 TỶ Dương Bá Trạc,"2,54 tỷ","Đường Dương Bá Trạc, Phường 1, Quận 8, Hồ Chí Minh",20 m²,2 phòng,2 phòng,2 tầng,Sổ đỏ/ Sổ hồng,27/11/2025
"Bán nhà hẻm 4m trước nhà Bùi Minh Trực (4x13.7 )5 lầu phường 5 quận 8 chỉ 7,9 tỷ ctl","7,9 tỷ","Bùi Minh Trực, 5, Quận 8, Hồ Chí Minh",55 m²,4 phòng,4 phòng,5 tầng,Sổ đỏ/ Sổ hồng,27/11/2025
"Nhà Hẻm xe hơi đường Hoài Thanh, P14, Q8","4,45 tỷ","Đường Hoài Thanh, Phường 14, Quận 8, Hồ Chí Minh",24 m²,3 phòng,4 phòng,4 tầng,Sổ đỏ/ Sổ hồng,27/11/2025
"Mở bán nhà phố Phú Định Q8 1 trệt 1 lửng 2 lầu mới 100%, thiết kế hiện đại, thanh toán từng đợt","6,1 tỷ","Đường Phú Định, Phường 16, Quận 8, Hồ Chí Minh",55 m²,4 phòng,4 phòng,3 tầng,Sổ đỏ/ Sổ hồng,21/11/2025
Gà đẻ trứng vàng CHDV 6 tầng 17 phòng - thang máy xịn - thu nhập hơn 800tr/ năm - nhỉnh 17 tỷ,Thỏa thuận,"Phường 4, Quận 8, Hồ Chí Minh",90 m²,17 phòng,17 phòng,6 tầng,Sổ đỏ/ Sổ hồng,24/11/2025
"Bán nhà 3 tầng gần Aeon Mall, P4, Q8","6,1 tỷ","Đường Tám Danh, Phường 4, Quận 8, Hồ Chí Minh",62 m²,2 phòng,2 phòng,3 tầng,Sổ đỏ/ Sổ hồng,27/11/2025
"Nhà Xây Mới 100% 3 Tầng- Hẻm Xe Hơi Thông Âu Dương Lân P3 , Q8","6,49 tỷ","Đường Âu Dương Lân, Phường 3, Quận 8, Hồ Chí Minh",36 m²,3 phòng,3 phòng,3 tầng,Sổ đỏ/ Sổ hồng,27/11/2025
Nhà Lương Văn Can P15 Q8 giá 2ty680 TL. DT 4x6. 1trệt 1lầu 2PN 2WC sổ hồng riêng. Hẻm 3m. Hoàn công,"2,68 tỷ","Đường Lương Văn Can, Phường 15, Quận 8, Hồ Chí Minh","24,1 m²",2 phòng,2 phòng,2 tầng,Sổ đỏ/ Sổ hồng,27/11/2025
"6Tỷ500 (TL) Nhà hẻm xe tải Âu Dương Lân, Phường 3, Quận 8 | DT: 3.3m (nở hậu 3.94m) x 10.1m","6,5 tỷ","Đường Âu Dương Lân, Phường 3, Quận 8, Hồ Chí Minh",36 m²,3 phòng,3 phòng,5 tầng,Sổ đỏ/ Sổ hồng,27/11/2025
BÁN NHÀ GẦN ĐƯỜNG BÌNH ĐÔNG PHƯỜNG PHÚ ĐỊNH (Q8 CŨ) - GẦN HẺM Ô TÔ - 3 TẦNG - GIÁ 4.X TỶ,"4,38 tỷ","Gần Đường Bình Đông, Phường 14, Quận 8, Hồ Chí Minh",37 m²,5 phòng,N/A,3 tầng,Sổ đỏ/ Sổ hồng,27/11/2025
"Cực rẻ! Nhà vườn Phú Định Q8, 4.15x30m, 2 tầng 5PN - sân sau rộng, chỉ hơn 40tr/m2 - Xem ngay","5,6 tỷ","Đường Phú Định, Phường 16, Quận 8, Hồ Chí Minh","126,6 m²",5 phòng,3 phòng,2 tầng,Sổ đỏ/ Sổ hồng,25/11/2025
Bán nhà mặt tiền hẻm 769 Phạm thế Hiển P4 Q8,"6,95 tỷ","Đường Phạm Thế Hiển, Phường 4, Quận 8, Hồ Chí Minh",52 m²,N/A,N/A,4 tầng,Sổ đỏ/ Sổ hồng,19/11/2025
"Bán nhà riêng tại Trịnh Quang Nghị, 40.5m2, giá ưu đãi uy tín",Thỏa thuận,"Đường Trịnh Quang Nghị, Phường 7, Quận 8, Hồ Chí Minh","40,5 m²",2 phòng,2 phòng,1 tầng,Sổ đỏ/ Sổ hồng,17/11/2025
"Bán nhà phố Phú Định Quận 8 mới xây, 1 trệt lửng 2 lầu,sổ hồng, cách Võ Văn Kiệt 300m, giá 6.39ty","6,39 tỷ","Đường Phú Định, Phường 16, Quận 8, Hồ Chí Minh",50 m²,3 phòng,3 phòng,3 tầng,Sổ đỏ/ Sổ hồng,20/11/2025
Nhanh mới kịp! Nhà Phú Định Q8 3 tầng - 4PN 3WC - Hẻm thông - 51m2 chỉ 4.4 tỷ - Xem ngay,"4,4 tỷ","Đường Phú Định, Phường 16, Quận 8, Hồ Chí Minh",51 m²,4 phòng,3 phòng,3 tầng,Sổ đỏ/ Sổ hồng,17/11/2025
"Đông Hồ - P4, Q8, 87m2, 5 x 17m, chỉ 6.9tỷ","6,9 tỷ","Đường Đông Hồ, Phường 4, Quận 8, Hồ Chí Minh",87 m²,N/A,N/A,3 tầng,Sổ đỏ/ Sổ hồng,27/11/2025
Phạm Thế Hiển quận 8 - hẻm ô tô 6m - DT 90m2 (5x18) vuông vức. 5.8 tỷ,"5,8 tỷ","Đường Phạm Thế Hiển, Phường 7, Quận 8, Hồ Chí Minh",90 m²,2 phòng,2 phòng,2 tầng,Sổ đỏ/ Sổ hồng.,24/11/2025
"Nhà hẻm 1 sẹc gần đường, 2 tầng kiên cố, DT: 37.8m2, sổ hồng riêng, đường Phạm Thế Hiển","3,65 tỷ","Đường Phạm Thế Hiển, Phường 7, Quận 8, Hồ Chí Minh","37,8 m²",2 phòng,1 phòng,2 tầng,Sổ đỏ/ Sổ hồng,25/11/2025
"Bán nhà đẹp 3 tầng - KDC Hiện Hữu, DT 4x16m","7,6 tỷ","Đường Dương Bá Trạc, Phường 1, Quận 8, Hồ Chí Minh",60 m²,3 phòng,3 phòng,3 tầng,Sổ đỏ/ Sổ hồng,26/11/2025
"Nhà phố Quận 8 - cách đại lộ Võ Văn Kiệt 300m, cách trung tâm Quận 1 chưa đầy 20p","6,39 tỷ","Đường Phú Định, Phường 16, Quận 8, Hồ Chí Minh",50 m²,N/A,N/A,3 tầng,Sổ đỏ/ Sổ hồng,19/11/2025
"Bán nhà đẹp 3 tầng - KDC Hiện Hữu, DT 4x16m","7,6 tỷ","Đường Dương Bá Trạc, Phường 1, Quận 8, Hồ Chí Minh",60 m²,3 phòng,3 phòng,3 tầng,Sổ đỏ/ Sổ hồng,26/11/2025
48m2 hẻm 3 gác nhà 2 tầng BTCT đường Tạ Quang Bửu phường Chánh Hưng mới chỉ 3.5 tỷ,"3,5 tỷ","Đường  Tạ Quang Bửu, Phường 4, Quận 8, Hồ Chí Minh",48 m²,3 phòng,2 phòng,2 tầng,Sổ đỏ/ Sổ hồng,27/11/2025
48m2 hẻm 3 gác nhà 2 tầng BTCT đường Tạ Quang Bửu phường Chánh Hưng mới chỉ 3.5 tỷ,"3,5 tỷ","Đường  Tạ Quang Bửu, Phường 4, Quận 8, Hồ Chí Minh",48 m²,3 phòng,2 phòng,2 tầng,Sổ đỏ/ Sổ hồng,27/11/2025
"Nhà phố Quận 8 - cách đại lộ Võ Văn Kiệt 300m, cách trung tâm Quận 1 chưa đầy 20p","6,39 tỷ","Đường Phú Định, Phường 16, Quận 8, Hồ Chí Minh",50 m²,N/A,N/A,3 tầng,Sổ đỏ/ Sổ hồng,19/11/2025
"Tạ Quang Bửu - P4, Q8, 87m2, 5 x 17m, 6.9tỷ","6,9 tỷ","Đường  Tạ Quang Bửu, Phường 4, Quận 8, Hồ Chí Minh",87 m²,3 phòng,3 phòng,3 tầng,Sổ đỏ/ Sổ hồng,27/11/2025
Nhà hẻm 1 sẹc Hưng Phú P10 Q8 trệt 1 lầu chỉ 5 tỷ 080 triệu TL,"5,08 tỷ","Đường Hưng Phú, Phường 10, Quận 8, Hồ Chí Minh",36 m²,2 phòng,2 phòng,2 tầng,Sổ đỏ/ Sổ hồng,27/11/2025
Nhanh mới kịp! Nhà Phú Định Q8 3 tầng - 4PN 3WC - Hẻm thông - 51m2 chỉ 4.4 tỷ - Xem ngay,"4,4 tỷ","Đường Phú Định, Phường 16, Quận 8, Hồ Chí Minh",51 m²,4 phòng,3 phòng,3 tầng,Sổ đỏ/ Sổ hồng,17/11/2025
"Bán nhà 4 tầng sau căn mặt tiền Dương Bá Trạc P1. Q8, giá chỉ 6,7 tỷ (TL)","6,7 tỷ","Đường Dương Bá Trạc, Phường 1, Quận 8, Hồ Chí Minh",53 m²,4 phòng,4 phòng,4 tầng,Sổ đỏ/ Sổ hồng,27/11/2025
"NHÀ BÁN P3 Q8 HẺM 154 ÂU DƯƠNG LÂN - 58m2 (4x14.5) - 4 TẦNG BTCT - RA PARCMALL, AEON Q8 CHỈ 1km.","6,8 tỷ","Âu Dương Lân, 3, Quận 8, Hồ Chí Minh",58 m²,4 phòng,3 phòng,4 tầng,Sổ đỏ/ Sổ hồng,27/11/2025
Nhà bán P14 Q8 Bình Đông-3.6x 9.5-4 tầng BTCT- Hẻm trước nhà 4m-Kế bên CC cao cấp D Aqua Bình Đông,"5,3 tỷ","Đường Bến Bình Đông, Phường 14, Quận 8, Hồ Chí Minh","68,4 m²",4 phòng,3 phòng,4 tầng,Sổ đỏ/ Sổ hồng.,27/11/2025
Chính chủ xoay vốn thanh lý gấp nhà Bông Sao giá sở hữu ngay nhà cực đẹp,Thỏa thuận,"Đường Bông Sao, Phường 5, Quận 8, Hồ Chí Minh",38 m²,2 phòng,2 phòng,2 tầng,Sổ đỏ/ Sổ hồng,22/11/2025
"Bán nhà phố sổ hồng riêng, 55m2 xây 1 trệt 1 lừ về, 2 lầu, có sân đậu ô tô, LH0909 948 ***","6,39 tỷ","Phú Định Riverside, Bến Phú Định, 16, Quận 8, Hồ Chí Minh",55 m²,4 phòng,3 phòng,3 tầng,Sổ đỏ/ Sổ hồng,27/11/2025
"Bán nhà hẻm xe hơi Tám Danh, Q.8 - Sổ hồng riêng - 5x tỷ","5,8 tỷ","Đường Tám Danh, Phường 4, Quận 8, Hồ Chí Minh","31,4 m²",2 phòng,2 phòng,4 tầng,Sổ đỏ/ Sổ hồng,23/11/2025
"Vip Quận 8, Dương Bá Trạc, 2 tầng, sát MT DBT, 4x25m, chỉ 6,4 tỷ","6,4 tỷ","Đường Dương Bá Trạc, Phường 1, Quận 8, Hồ Chí Minh",100 m²,N/A,N/A,2 tầng,N/A,25/11/2025
"Giảm giá 5.9 tỷ Quận 8 giáp Q5 Q6, hẻm ô tô 51m2 ngang 4.5m","5,9 tỷ","Đường An Dương Vương, Phường 16, Quận 8, Hồ Chí Minh","51,3 m²",4 phòng,4 phòng,4 tầng,Sổ đỏ/ Sổ hồng,26/11/2025
"Nhà Quận 8, hẻm xe hơi, Dương Bá Trạc, 4 tầng, 4,6x14m, nhỉnh 8 tỷ","8,3 tỷ","Đường Dương Bá Trạc, Phường 1, Quận 8, Hồ Chí Minh","64,4 m²",N/A,N/A,4 tầng,Sổ đỏ/ Sổ hồng,25/11/2025
"Nhà P13 Q8 ngang 8,5 x 5,5m, trệt lầu nhà cũ có hiện trạng, SHR hoàn công 4tỷ350 TL","4,35 tỷ","Đường Cao Xuân Dục, Phường 13, Quận 8, Hồ Chí Minh",45 m²,2 phòng,2 phòng,2 tầng,Sổ đỏ/ Sổ hồng,22/11/2025
"3,2 tỷ nhà nát cấp 4. Vị trí sau lưng MT sổ hồng riêng","3,2 tỷ","Đường Phạm Thế Hiển, Phường 6, Quận 8, Hồ Chí Minh","44,1 m²",1 phòng,1 phòng,N/A,Sổ hồng,19/11/2025
Nhà Xây Mới hẻm xe tải ADL P3Q8 35m2 trệt 2 lầu đúc SHR 2025 6ty5 còn tl,"6,5 tỷ","Đường Âu Dương Lân, Phường 3, Quận 8, Hồ Chí Minh",35 m²,3 phòng,3 phòng,3 tầng,Sổ đỏ/ Sổ hồng,27/11/2025
"Nhà đẹp 2 tầng, chỉ 4.2 tỷ Phú Định, hẻm 80 Hoàng Ngân giáp quận 6","4,2 tỷ","Đường Phú Định, Phường 16, Quận 8, Hồ Chí Minh","35,4 m²",2 phòng,3 phòng,2 tầng,Sổ đỏ/ Sổ hồng.,20/11/2025
"Quận 8 quá rẻ Phạm Thế Hiển 3. x tỷ 56m2, 2 tầng SHR","3,8 tỷ","Đường Phạm Thế Hiển, Phường 7, Quận 8, Hồ Chí Minh",56 m²,N/A,N/A,2 tầng,Sổ đỏ/ Sổ hồng,27/11/2025
"Nhà bán 5 Tầng -3,8 x 14,5-50m2-Dt sàn: 170m-4Pn,4 Wc- Hẻm thẳng 4m Bùi Minh Trực P5Q8,SHH công","7,96 tỷ","Đường Bùi Minh Trực, Phường 5, Quận 8, Hồ Chí Minh",50 m²,4 phòng,3 phòng,5 tầng,Sổ đỏ/ Sổ hồng,15/11/2025
"Nhà bán trệt, lửng-71,5m2(3,56 x 20) NH: 3,72m - 3PN,2WC - Hẻm gần 6m Âu Dương Lân P3Q8 cũ - 6,97tỷ","6,97 tỷ","Đường Âu Dương Lân, Phường 3, Quận 8, Hồ Chí Minh","71,5 m²",3 phòng,2 phòng,2 tầng,Sổ đỏ/ Sổ hồng,14/11/2025
"Bán nhà Âu Dương Lân quận 8 giáp q5, Q1, hẻm ô tô 4m 50m2, 4 tầng","6,8 tỷ","Đường Âu Dương Lân, Phường 3, Quận 8, Hồ Chí Minh",50 m²,4 phòng,4 phòng,4 tầng,Sổ đỏ/ Sổ hồng,25/11/2025
"Bán nhà lô góc 140m2 SHR, hẻm nhựa 12m đường Tạ Quang Bửu, Q8","11,5 tỷ","Đường  Tạ Quang Bửu, Phường 5, Quận 8, Hồ Chí Minh",140 m²,6 phòng,4 phòng,4 tầng,Sổ đỏ/ Sổ hồng,18/11/2025
"Hàng hiếm hẻm Chánh Hưng| Nhà cấp 4 hẻm xe hơi đậu cửa| 66,8m2 đất| Ngay nhà thờ Nam Hải","7,2 tỷ","Đường Chánh Hưng, Phường 4, Quận 8, Hồ Chí Minh","66,8 m²",1 phòng,1 phòng,1 tầng,Sổ hồng,26/11/2025
"Bán Nhà sổ riêng tại Dương Bá Trạc, phường 2, Quận 8, giá 4,28 tỷ,48m2 cách mặt tiền chỉ 100m",Thỏa thuận,"Đường Dương Bá Trạc, Phường 2, Quận 8, Hồ Chí Minh",48 m²,N/A,N/A,4 tầng,N/A,27/11/2025
Hot Nguyễn Duy Q8 - khu hiện hữu hẻm rộng DT 42m2 - nhỉnh 4tỷ,"4,9 tỷ","Đường Nguyễn Duy, Phường 10, Quận 8, Hồ Chí Minh",42 m²,N/A,N/A,N/A,N/A,21/11/2025
HOT NHẤT DƯƠNG BÁ TRẠC Q8-KHU VIPP CAO TẦNG- DT 48m2- SẴN DÒNG TIỀN- CHỈ 6T,6 tỷ,"Đường Dương Bá Trạc, Phường 1,  Quận 8, Hồ Chí Minh",48 m²,N/A,N/A,N/A,N/A,21/11/2025
Trục Tạ Quang Bửu Q8 - KDC đường nhựa 10m - ngang 9m - nhỉnh 7tỷ,"7,2 tỷ","Đường  Tạ Quang Bửu, Phường 6, Quận 8, Hồ Chí Minh",90 m²,4 phòng,4 phòng,N/A,N/A,21/11/2025
HOT DƯƠNG BÁ TRẠC Q8- BTCT 4 LẦU- DT 46m2- GẦN CẦU NGUYỄN VĂN CỪ-NHỈNH 6T,"6,5 tỷ","Đường Dương Bá Trạc, Phường 1,  Quận 8, Hồ Chí Minh",46 m²,N/A,N/A,4 tầng,N/A,21/11/2025
"Bán nhà (6mx20m) DT 120m2 ngay chợ Bình Điền Quận 8 sổ hồng riêng, đang cho thuê 15tr, giá 1,7 tỷ","1,7 tỷ","Đường Quản Trọng Linh, Phường 7, Quận 8, Hồ Chí Minh",120 m²,5 phòng,3 phòng,3 tầng,Sổ đỏ/ Sổ hồng,17/11/2025
"Bán nhà - Dạ Nam - 86m2 (5x18) - 3 tầng - giá chỉ 9,2 tỷ - nhà Phường 3, Quận 8","9,2 tỷ","Đường Dạ Nam, Phường 3, Quận 8, Hồ Chí Minh",86 m²,N/A,N/A,3 tầng,Sổ đỏ/ Sổ hồng,19/11/2025
"Bán nhà mới , An Dương Vương, Quận 8 - Giá Chỉ 5.2 Tỷ - 51m2 - 3 TẦNG (4x12m) Nở hậu lh0979 548 ***","5,2 tỷ","Đường An Dương Vương, Phường 16, Quận 8, Hồ Chí Minh",51 m²,N/A,N/A,3 tầng,Sổ đỏ/ Sổ hồng,19/11/2025
Bán Nhà Quận 8 Dương Bá Trạc 110m2 nhỉnh 15 tỷ thang máy dòng tiền cố định 90tr/ tháng,15 tỷ,"Đường Dương Bá Trạc, Phường 1, Quận 8, Hồ Chí Minh",110 m²,16 phòng,17 phòng,5 tầng,Sổ đỏ/ Sổ hồng,27/11/2025
"Bán Nhà Quận 8, Âu Dương Lân, HXH ngang lớn 6m 4pn cách mặt tiền 20m nhỉnh 7 tỷ Nhà mới kiên cố",7 tỷ,"Đường Âu Dương Lân, Phường 3, Quận 8, Hồ Chí Minh",48 m²,4 phòng,3 phòng,4 tầng,Sổ đỏ/ Sổ hồng,17/11/2025
"Bán Nhà Quận 8, Dương Bá Trạc, 71m2 5 tầng 6 phòng ngủ Wc khép kín xe tải chánh , nhỉnh 9 tỷ",9 tỷ,"Đường Dương Bá Trạc, Phường 1, Quận 8, Hồ Chí Minh",71 m²,6 phòng,6 phòng,5 tầng,Sổ đỏ/ Sổ hồng,17/11/2025
"Bán Nhà Quận 8, Bùi Minh Trực, 105m2 Ngang lớn 5m2 12tỷ dòng tiền gần 50/tháng, sổ đẹp nở hậu nhẹ",12 tỷ,"Đường Bùi Minh Trực, Phường 5, Quận 8, Hồ Chí Minh",105 m²,10 phòng,11 phòng,5 tầng,Sổ đỏ/ Sổ hồng,24/11/2025
"Bán nhà, Tạ Quang Bửu, Quận 8, mặt tiền đường Số 4 tầng, ngang 4 x20, 80m2, chỉ 9,8tỷ","9,8 tỷ","Đường Số 4 Tạ Quang Bửu, Phường 5, Quận 8, Hồ Chí Minh",80 m²,3 phòng,4 phòng,4 tầng,Sổ đỏ/ Sổ hồng,24/11/2025
"Bán nhà quận 8, Phạm Thế Hiển, 150m2 ngang 8m 13PN, 14 wc, dòng tiền 60tr/tháng, HXH nhỉnh 12 tỷ",Thỏa thuận,"Đường Phạm Thế Hiển, Phường 5, Quận 8, Hồ Chí Minh",150 m²,13 phòng,14 phòng,5 tầng,Sổ đỏ/ Sổ hồng,19/11/2025
"Nhà đẹp 3 tầng, Phạm Thế Hiển, Bùi Minh Trực P5, Q8, 37m2(3.8x10) không LG, 4PN - 3WC, 5.6 Tỷ","5,6 tỷ","Đường Phạm Thế Hiển, Phường 5, Quận 8, Hồ Chí Minh",37 m²,4 phòng,3 phòng,3 tầng,Sổ đỏ/ Sổ hồng,25/11/2025
"Bán nhà Âu Dương Lân, P. 3, Q. 8 - 4 tầng, hẻm 6m ôtô, giáp Q. 1 - Chỉ 8 tỷ",8 tỷ,"Đường Âu Dương Lân, Phường 3, Quận 8, Hồ Chí Minh",54 m²,3 phòng,3 phòng,4 tầng,Sổ đỏ/ Sổ hồng,27/11/2025
"Lưu Hữu Phước P15. Q8 trệt 1 lầu + lửng, 2 PN, 2 WC. 2 tỷ 550 DT: 3,8mx5,2m sổ hồng riêng","2,55 tỷ","Đường Lưu Hữu Phước, Phường 15, Quận 8, Hồ Chí Minh",20 m²,2 phòng,2 phòng,3 tầng,Sổ đỏ/ Sổ hồng.,27/11/2025
"Bán nhà Âu Dương Lân Phường 3, Quận 8 hẻm 4m, xe hơi tới cửa","7,9 tỷ","Đường Âu Dương Lân, Phường 3, Quận 8, Hồ Chí Minh",46 m²,4 phòng,3 phòng,4 tầng,Sổ đỏ/ Sổ hồng,19/11/2025
"Bán NR đẹp tại Phạm Thế Hiển, 5,569 tỷ, 38m2, 4PN, 3WC, Q8, HCM","5,57 tỷ","Đường Phạm Thế Hiển, Phường 5, Quận 8, Hồ Chí Minh",38 m²,4 phòng,3 phòng,3 tầng,Sổ đỏ/ Sổ hồng,24/11/2025
"Bán nhà phố Phú Định Quận 8 mới xây, 1 trệt lửng 2 lầu,sổ hồng, cách Võ Văn Kiệt 300m, giá 6.39ty","6,39 tỷ","Đường Phú Định, Phường 16, Quận 8, Hồ Chí Minh",50 m²,3 phòng,3 phòng,3 tầng,Sổ đỏ/ Sổ hồng,19/11/2025
"Nhà bán trệt, lầu-36m2-3,1x13,6-2PN, 2WC - hẻm thông 3m, ô tô đậu 20m Hưng Phú P10 Q8 cũ SHHC","5,05 tỷ","Đường Hưng Phú, Phường 10, Quận 8, Hồ Chí Minh",36 m²,2 phòng,2 phòng,2 tầng,Sổ đỏ/ Sổ hồng,23/11/2025
"BÁN NHÀ 3 TẦNG, KIỂU BIỆT THỰ MINI, 80M2 (NGANG KHỦNG 8.2M), GIÁ CHỈ 7.9 TỶ","7,9 tỷ","Đường Phú Định, Phường 16, Quận 8, Hồ Chí Minh",80 m²,N/A,N/A,3 tầng,Sổ đỏ/ Sổ hồng,14/11/2025
"Bán nhà Phạm Thế Hiển, P. 4, Q. 8 - sát Parc Mall, 4pn master, nhà mới - chỉ 7.1 tỷ","7,1 tỷ","Đường Phạm Thế Hiển, Phường 4, Quận 8, Hồ Chí Minh",58 m²,4 phòng,4 phòng,4 tầng,Sổ đỏ/ Sổ hồng,27/11/2025
"BÁN NHÀ BÙI MINH TRỰC, QUẬN 8, 5 TẦNG HOÀN CÔNG ĐỦ, 60M2, GIÁ CHỈ 8.6 TỶ TL CHÍNH CHỦ",8 tỷ,"Đường Bùi Minh Trực, Phường 5, Quận 8, Hồ Chí Minh",60 m²,N/A,N/A,5 tầng,Sổ đỏ/ Sổ hồng,16/11/2025
"Bán nhà An Dương Vương, Q8 - 220m2 - chỉ 16.5 tỷ diện tích: (10 x 22m) LH0979 548 ***","16,5 tỷ","Đường An Dương Vương, Phường 16, Quận 8, Hồ Chí Minh",220 m²,N/A,N/A,2 tầng,Sổ đỏ/ Sổ hồng,20/11/2025
"NHÀ ĐẸP SÁT CÔNG VIÊN _KDC BÙI MINH TRỰC,QUẬN 8_54M2(4,3x14)_ GIÁ CHỈ 8,95 TỶ _ 5 TẦNG","8,95 tỷ","Đường Bùi Minh Trực, Phường 5, Quận 8, Hồ Chí Minh",54 m²,N/A,N/A,5 tầng,Sổ đỏ/ Sổ hồng,23/11/2025
"BÁN NHÀ NGUYỄN THỊ TẦN, QUẬN 8 _ XE HƠI NGỦ TRONG NHÀ _ CHỈ 12.X TỶ_ 123M2 (5X25) _ 4 TẦNG","12,8 tỷ","Đường Nguyễn Thị Tần, Phường 2, Quận 8, Hồ Chí Minh",123 m²,N/A,N/A,4 tầng,Sổ đỏ/ Sổ hồng,23/11/2025
Nhà mới 3 tầng xe hơi ngủ trong nhà - ngay chung cƯ Pegasuite - DTSD 175m2,"8,4 tỷ","Đường Quốc Lộ 50, Phường 6, Quận 8, Hồ Chí Minh",58 m²,4 phòng,3 phòng,3 tầng,Sổ đỏ/ Sổ hồng,26/11/2025
"Nhà mới 4 tầng - 6PN - 52,4m2 - cách mặt tiền Võ Văn Kiệt 50m - cạnh chung cư carina - nhỉnh 7tỷ","7,5 tỷ","Đường An Dương Vương, Phường 16, Quận 8, Hồ Chí Minh","52,4 m²",6 phòng,5 phòng,4 tầng,Sổ đỏ/ Sổ hồng,26/11/2025
"QUẬN 8 - BÁN NHÀ MỚI 3 TẦNG 4 PN KHU VIP PHẠM THẾ HIỂN VÀO Ở NGAY - CHỈ 5,57 TỶ","5,57 tỷ","Đường Phạm Thế Hiển, Phường 5, Quận 8, Hồ Chí Minh","36,4 m²",4 phòng,3 phòng,2 tầng,Sổ đỏ/ Sổ hồng,26/11/2025
"Bán nhà MT 10m, Phạm Hùng, gần Cao Lỗ, Quận 8, 3 tầng, 45m2, ngang 4m, nhích 6 tỷ","6,1 tỷ","Đường Phạm Hùng, Phường 5, Quận 8, Hồ Chí Minh",45 m²,N/A,N/A,3 tầng,N/A,24/11/2025
"Bán nhà Nguyễn Thị Tần, Quận 8, hẻm 4m thông, 80m2, ngang 4m, nhỉnh 6 tỷ","6,5 tỷ","Đường Nguyễn Thị Tần, Phường 2, Quận 8, Hồ Chí Minh",80 m²,N/A,N/A,N/A,N/A,24/11/2025
"Bán nhà Quận 8, Dương Bá Trạc, Không quy hoạch, 60m2, ngang 4m, nhích 7 tỷ","7,6 tỷ","Phường 1, Quận 8, Hồ Chí Minh",60 m²,N/A,N/A,3 tầng,N/A,25/11/2025
"Nhà 1 lầu 5x25m ngay chợ Phú Lợi 2 - Phạm Thế Hiển Q8, đang cho thuê 21tr/tháng",Thỏa thuận,"Đường Phạm Thế Hiển, Phường 7, Quận 8, Hồ Chí Minh",125 m²,3 phòng,2 phòng,1 tầng,Sổ đỏ/ Sổ hồng,25/11/2025
"Bán nhà 60m2 sát Aeon ngang 4,2m Âu Dương Lân nở hậu 5,5m - chỉ 6,x tỷ",6 tỷ,"Đường Âu Dương Lân, Phường 3, Quận 8, Hồ Chí Minh",60 m²,N/A,N/A,N/A,Sổ đỏ/ Sổ hồng,26/11/2025
"Bán gấp nhà quận 8 - đường Phạm Thế Hiển, cho thuê 15 triệu, hẻm 7m, DT: 54m2, nhà đẹp",Thỏa thuận,"Đường Phạm Thế Hiển, Phường 7, Quận 8, Hồ Chí Minh",54 m²,4 phòng,4 phòng,3 tầng,Sổ đỏ/ Sổ hồng,14/11/2025
"Nhà 1 lầu 5x20m, ngay chợ Phú Lợi - Phạm Thế Hiển Q8 Đang cho thuê 21tr/tháng",Thỏa thuận,"Đường Phạm Thế Hiển, Phường 7, Quận 8, Hồ Chí Minh",100 m²,3 phòng,N/A,1 tầng,Sổ đỏ/ Sổ hồng,14/11/2025
"Bán nhà hẻm xe tải Bình Đông Quận 8 - 84m2, ngang 4.6x20m, sổ hồng riêng, Chỉ 7.2 tỷ","7,2 tỷ","Đường Bình Đông, Phường 15, Quận 8, Hồ Chí Minh",84 m²,2 phòng,2 phòng,1 tầng,Sổ hồng,26/11/2025
BÁN NHÀ GẦN CAO LỔ PHẠM THẾ HIỂN- QUẬN 8 - NHÀ 4 TẦNG NỞ HẬU - 58M2 - 7.1 TỶ,"7,1 tỷ","Đường Phạm Thế Hiển, Phường 4, Quận 8, Hồ Chí Minh",58 m²,4 phòng,5 phòng,4 tầng,Sổ đỏ/ Sổ hồng,26/11/2025
"Đặng Chất ngang 5m2 x 19m -(100m2) sát MT cách Q1 chỉ 2phút nhỉnh 85tr/m2 (rẽ nhất P 2, Quận 8)",85 triệu/m²,"Đường Đặng Chất, Phường 2, Quận 8, Hồ Chí Minh",100 m²,N/A,N/A,N/A,N/A,20/11/2025
"BÁN GẤP! NHÀ PHỐ 4 TẦNG, 5 PHÒNG NGỦ - TÙNG THIỆN VƯƠNG, QUẬN 8 - GIÁ SỐC 4.78 TỶ (CÒN TL)","4,78 tỷ","Đường Tùng Thiện Vương, Phường 12, Quận 8, Hồ Chí Minh",27 m²,5 phòng,4 phòng,4 tầng,Sổ đỏ/ Sổ hồng,26/11/2025
Bán nhà riêng sổ hồng công chứng sang tên trong ngày,"1,89 tỷ","Đường Nguyễn Nhược Thi, Phường 15, Quận 8, Hồ Chí Minh",26 m²,N/A,N/A,1 tầng,Sổ đỏ/ Sổ hồng,21/11/2025
"NHÀ HẺM XE TẢI ÂU DƯƠNG LÂN Q8-CÁCH AEON MALL 1KM - QUA Q1,5,10 CHỈ 2P","6,6 tỷ","Đường Âu Dương Lân, Phường 3, Quận 8, Hồ Chí Minh",40 m²,N/A,N/A,4 tầng,Sổ hồng,26/11/2025
"Bán nhà riêng tại Phạm Thế Hiển, 7.x tỷ, 85m2, 3PN, 3WC, có chỗ để xe hơi","7,5 tỷ","Đường Phạm Thế Hiển, Phường 5, Quận 8, Hồ Chí Minh",85 m²,3 phòng,3 phòng,3 tầng,Sổ đỏ/ Sổ hồng,26/11/2025
"Bán nhà Phạm Thế Hiển, Quận 8, 86m2, diện tích khủng, giá 8.95 tỷ","8,95 tỷ","Đường Phạm Thế Hiển, Phường 3, Quận 8, Hồ Chí Minh",86 m²,6 phòng,5 phòng,3 tầng,Sổ đỏ/ Sổ hồng,26/11/2025
"Bán nhà hẻm Võ Trứ, Q. 8, P. 9. DT 57m2, 2 tầng, 2PN, sổ đỏ. Giá 6.2 tỷ","6,2 tỷ","Đường Võ Trứ, Phường 9, Quận 8, Hồ Chí Minh",57 m²,2 phòng,2 phòng,2 tầng,Sổ đỏ/ Sổ hồng,26/11/2025
"Bán nhà 3 tầng BTCT Dương Bá Trạc, 60m2, KDC hiện hữu, nhỉnh 7T","7,6 tỷ","Đường Dương Bá Trạc, Phường 1, Quận 8, Hồ Chí Minh",60 m²,3 phòng,3 phòng,3 tầng,Sổ đỏ/ Sổ hồng,26/11/2025
"Bán nhà Âu Dương Lân, Quận 8, 72m2, hẻm xe hơi, giá 6.7 tỷ","6,7 tỷ","Đường Âu Dương Lân, Phường 3, Quận 8, Hồ Chí Minh",72 m²,4 phòng,2 phòng,2 tầng,Sổ đỏ/ Sổ hồng,26/11/2025
Hiếm! Nhà hẻm oto sát MT - Phạm Đức Sơn- khu an ninh- 5 tỷ 35 còn thương lượng- 4PN 3WC- Xem ngay,"5,35 tỷ","Đường Phạm Đức Sơn, Phường 16, Quận 8, Hồ Chí Minh",38 m²,4 phòng,3 phòng,3 tầng,Sổ đỏ/ Sổ hồng,24/11/2025
"Nhà đẹp Tám Danh, P4, Q8, DT: 4 x 15,5m, hai lầu, giảm mạnh 500 triệu còn 6 tỷ.",6 tỷ,"Đường Tám Danh, Phường 4, Quận 8, Hồ Chí Minh",62 m²,4 phòng,3 phòng,3 tầng,Sổ đỏ/ Sổ hồng,14/11/2025
"Bán nhà riêng 4PN, 4WC tại Phú Lợi, 110m2, giá siêu hời 8,6 tỷ","8,6 tỷ","Phú Lợi, Đường Phạm Thế Hiển, Phường 7, Quận 8, Hồ Chí Minh",110 m²,4 phòng,4 phòng,3 tầng,Sổ đỏ/ Sổ hồng,26/11/2025
"Ngân hàng thanh lý nhà 1 lầu 5x20m, nằm ngay chợ Bình Điền - Nguyễn Văn Linh",Thỏa thuận,"Đường Nguyễn Văn Linh, Phường 6, Quận 8, Hồ Chí Minh",100 m²,4 phòng,2 phòng,1 tầng,Sổ đỏ/ Sổ hồng,23/11/2025
"Căn nhà lý tưởng Dương Bá Trạc, Q8, 52,8m2 4PN SHR sang tên ngay đầy đủ tiện ích",Thỏa thuận,"Đường Dương Bá Trạc, Phường 1, Quận 8, Hồ Chí Minh","52,8 m²",4 phòng,3 phòng,3 tầng,Sổ đỏ/ Sổ hồng.,23/11/2025
"Bán nhà Phạm Thế Hiển P6, Quận 8. (3.9m x 17m) 4tầng, SHR, đường nhựa 8m, mới đẹp, nhỉnh 7 tỷ","7,5 tỷ","Đường Phạm Thế Hiển, Phường 6, Quận 8, Hồ Chí Minh","62,1 m²",4 phòng,4 phòng,4 tầng,Sổ đỏ/ Sổ hồng,19/11/2025
"Bán gấp nhà 3 tầng Mai Hắc Đế, Quận 8, hẻm xe hơi (4,1m x 25m) CN 103.4m2 hiếm 5.3 tỷ","5,3 tỷ","Đường  Mai Hắc Đế, Phường 15, Quận 8, Hồ Chí Minh","103,4 m²",4 phòng,4 phòng,3 tầng,Sổ đỏ/ Sổ hồng,16/11/2025
"Kẹt tiền bán căn nhà Phạm Thế Hiển, Quận 8, SHR, vay ngân hàng được",Thỏa thuận,"Đường Phạm Thế Hiển, Phường 7, Quận 8, Hồ Chí Minh",32 m²,2 phòng,1 phòng,N/A,Sổ hồng,26/11/2025
"BÁN NHÀ ĐẸP 3 TẦNG DƯƠNG BÁ TRẠC - 60M2 - KHU HIỆN HỮU - HẺM THÔNG SÁT MẶT TIỀN - 7,6 TỶ TL","7,6 tỷ","Đường Dương Bá Trạc, Phường 1, Quận 8, Hồ Chí Minh",60 m²,3 phòng,3 phòng,3 tầng,Sổ hồng,26/11/2025
"Bán nhà 4 tầng Bông Sao, ngang 6m, gần chợ, diện tích 130m2, xây dựng 4 tầng, mới ở ngay","9,2 tỷ","Đường Bông Sao, Phường 5, Quận 8, Hồ Chí Minh",110 m²,N/A,N/A,4 tầng,N/A,17/11/2025
"Bán nhà 4 tầng xe hơi Lê Bôi, đường Phạm Thế Hiển, ngang 4m, Hoàn công đủ","6,7 tỷ","Đường Phạm Thế Hiển, Phường 7, Quận 8, Hồ Chí Minh",90 m²,N/A,N/A,4 tầng,N/A,23/11/2025
"Bán gấp căn 1/ Đ. Trương Đình Hội, Q8, gần Phật bốn mặt giá (bớt lộc)",Thỏa thuận,"1/, Đường Trương Đình Hội, Phường 16, Quận 8, Hồ Chí Minh",45 m²,2 phòng,2 phòng,2 tầng,Sổ đỏ/ Sổ hồng,26/11/2025
Bán nhà 4 tầng Âu Dương Lân ngang 6m Tặng nội thất Ở ngay gần chợ chỉ 6 tỷ nhỉnh,"6,8 tỷ","Đường Âu Dương Lân, Phường 3, Quận 8, Hồ Chí Minh",60 m²,N/A,N/A,4 tầng,Sổ đỏ/ Sổ hồng,19/11/2025
"Bán nhà 1 trệt 2 lầu Lưu Hữu Phước, Phường 15 Quận 8  3PN, sổ hồng riêng, giá chỉ 3.5 tỷ","3,5 tỷ","Đường Lưu Hữu Phước, Phường 15, Quận 8, Hồ Chí Minh",44 m²,3 phòng,2 phòng,3 tầng,Sổ đỏ/ Sổ hồng,26/11/2025
"Bán nhà mặt tiền 4 tầng xe hơi Nguyễn Thị Tần, ngang 5m, tặng nội thất hơn 2 tỷ, Quận 8 giáp Quận 5","8,5 tỷ","Đường Nguyễn Thị Tần, Phường 2, Quận 8, Hồ Chí Minh",90 m²,4 phòng,5 phòng,4 tầng,Sổ đỏ/ Sổ hồng,16/11/2025
"GIÁP QUẬN 5, QUẬN 1 - HẺM NHỰA 6M XE TẢI THÔNG - GẦN 40M2 4 TẦNG MỚI XÂY Ở NGAY.","6,6 tỷ","Đường Âu Dương Lân, Phường 3, Quận 8, Hồ Chí Minh",36 m²,3 phòng,4 phòng,4 tầng,Sổ đỏ/ Sổ hồng,26/11/2025
Nhà nhỏ 780tr quận 8 gần cầu Chánh Hưng,780 triệu,"Đường  Tạ Quang Bửu, Phường 5, Quận 8, Hồ Chí Minh",7 m²,2 phòng,N/A,2 tầng,Sổ đỏ/ Sổ hồng,26/11/2025
"NHÀ CHỦ BÁN GẤP 80m2 (NGANG 4m) - 2 TẦNG BTCT, 4PN - BÌNH ĐÔNG PHƯỜNG 14 QUẬN 8 - NHỈNH 7 TỶ","7,5 tỷ","Phường 14, Quận 8, Hồ Chí Minh",80 m²,N/A,N/A,2 tầng,Sổ hồng,26/11/2025
NHÀ BÁN Q8 P3 - MỚI ĐẸP Ở NGAY ĐÓN TẾT - XE HƠI TẬN CỬA - 36m2 - 4 TẦNG BTCT - 3PN 3WC.,"6,5 tỷ","Đường Âu Dương Lân, Phường 3, Quận 8, Hồ Chí Minh",36 m²,3 phòng,3 phòng,4 tầng,Sổ đỏ/ Sổ hồng,26/11/2025
"Hình ảnh thực tế, nhà cách Chợ Bến Thành 4km giá 2 tỷ 550 cho thuê tháng 8 triệu. Thương lượng","2,55 tỷ","Đường Âu Dương Lân, Phường Rạch Ông, Quận 8, Hồ Chí Minh",24 m²,3 phòng,2 phòng,2 tầng,Sổ đỏ/ Sổ hồng,26/11/2025
"Bán nhà mới đẹp siêu hiếm gần mặt tiền Dương Bá Trạc Q8, 60m2, BTCT 3 tầng, 3PN, SHR, nhỉnh 7 tỷ","7,6 tỷ","Phường 1, Quận 8, Hồ Chí Minh",60 m²,N/A,N/A,3 tầng,Sổ đỏ/ Sổ hồng,26/11/2025
"Nhà ngang 5m38, Bùi Minh Trực, P5, Q8","9,2 tỷ","Đường Bùi Minh Trực, Phường 5, Quận 8, Hồ Chí Minh",108 m²,5 phòng,3 phòng,2 tầng,Sổ đỏ/ Sổ hồng,26/11/2025
"Nhà Phố 3 Lầu Hẽm 6m xe hơi tới nhà An Dương Vương, cách ngả tư V.V.Kiệt 500m","4,2 tỷ","Đường An Dương Vương, Phường 16, Quận 8, Hồ Chí Minh",33 m²,2 phòng,3 phòng,4 tầng,Sổ đỏ/ Sổ hồng,19/11/2025
130m2 (5.5x23m) - HXH Bùi Minh Trực - 5PN - 9.2 tỷ - sát chợ bùi minh trực - Quận 8. (0937 737 ***,"9,2 tỷ","Đường Bùi Minh Trực, Phường 5, Quận 8, Hồ Chí Minh",130 m²,5 phòng,N/A,2 tầng,Sổ đỏ/ Sổ hồng,23/11/2025
"Nhà hẻm xe hơi Cây Sung - Cầu Chà Và Quận 8, nhỉnh 6tỷ",Thỏa thuận,"Đường Cây Sung, Phường 14, Quận 8, Hồ Chí Minh",48 m²,N/A,N/A,3 tầng,Sổ đỏ/ Sổ hồng,26/11/2025
"NHÀ MỚI, 4 TẦNG, HẺM 4m, SÁT BÊN MẶT TIỀN ÂU DƯƠNG LÂN, ngang đẹp 5.7m","7,5 tỷ","Đường Âu Dương Lân, Phường 3, Quận 8, Hồ Chí Minh",46 m²,3 phòng,3 phòng,4 tầng,Sổ đỏ/ Sổ hồng,26/11/2025
"BÁN NHÀ ĐẸP 4 TẦNG, HẺM Ô TÔ ÂU DƯƠNG LÂN - THÔNG RA DẠ NAM- P3 QUẬN 8","6,5 tỷ","Đường Âu Dương Lân, Phường 3, Quận 8, Hồ Chí Minh",36 m²,3 phòng,3 phòng,4 tầng,Sổ đỏ/ Sổ hồng,26/11/2025
SIÊU MỚI 4 TẦNG - 5PN TÙNG THIỆN VƯƠNG GẦN CẦU CHÀ VÀ (4 TỶ HƠN) GIÁP QUẬN 5 HẺM THÔNG.0937 737 ***,"4,78 tỷ","Đường Tùng Thiện Vương, Phường 11, Quận 8, Hồ Chí Minh",30 m²,5 phòng,N/A,4 tầng,Sổ đỏ/ Sổ hồng,26/11/2025
Nhà mới 3 tầng sát mặt tiền đường Dương Bá Trạc - 60m2 - nhỉnh 7tỷ,"7,6 tỷ","Đường Dương Bá Trạc, Phường 1, Quận 8, Hồ Chí Minh",60 m²,4 phòng,3 phòng,3 tầng,Sổ đỏ/ Sổ hồng,26/11/2025
"Nhỉnh 4 tỷ, sở hữu nhà Hoài Thanh Q8. 3 tầng SHR, (5mx6m, nở hậu 9m) 5PN, mới đẹp vào ở ngay","4,18 tỷ","Đường Hoài Thanh, Phường 14, Quận 8, Hồ Chí Minh",30 m²,5 phòng,3 phòng,3 tầng,Sổ đỏ/ Sổ hồng,26/11/2025
"Ba Đình 88m2, chỉ 9.2 tỷ, P10, Q8, gần Hưng Phú & Cầu Nguyễn Tri Phương","9,2 tỷ","Đường Ba Đình, Phường 10, Quận 8, Hồ Chí Minh",88 m²,4 phòng,3 phòng,2 tầng,Sổ đỏ/ Sổ hồng,26/11/2025
"Bán nhà đường Nguyễn Duy, Phường 9, Quận 8. 2 tầng, SHR - hoàn công, mới đẹp, nhỉnh 2 tỷ","2,28 tỷ","Đường Nguyễn Duy, Phường 9, Quận 8, Hồ Chí Minh","12,2 m²",1 phòng,2 phòng,2 tầng,Sổ đỏ/ Sổ hồng,26/11/2025
"Mặt tiền đường số, ô tô ngủ nhà, 4 tầng, 4mx22m, quận 8, nhỉnh 6, x tỷ","6,8 tỷ","Đường Phạm Thế Hiển, Phường 7, Quận 8, Hồ Chí Minh",88 m²,5 phòng,6 phòng,4 tầng,Sổ đỏ/ Sổ hồng,26/11/2025
"Nhà đẹp Phú Định Tùng Thiện Vương Quận 8, 4 tầng, 5 phòng ngủ, 36m2, SHR chỉ hơn 4 tỷ","4,75 tỷ","Đường Tùng Thiện Vương, Phường 12, Quận 8, Hồ Chí Minh",36 m²,5 phòng,4 phòng,4 tầng,Sổ đỏ/ Sổ hồng,26/11/2025
VIEW SÔNG - NHÀ 2 MẶT TIỀN - NGAY CHỢ BÌNH ĐÔNG - NHÀ 4 TẦNG - DT ĐẤT 110M2,"9,9 tỷ","Đường Hoàng Sĩ Khải, Phường 14, Quận 8, Hồ Chí Minh",110 m²,5 phòng,3 phòng,4 tầng,Sổ đỏ/ Sổ hồng,26/11/2025
VÀI CĂN NHÀ ĐẸP TRÊN DƯỚI 5 TỶ TRUNG TÂM QUẬN 8 - TPHCM,"4,58 tỷ","Đường Dương Bá Trạc, Phường 2, Quận 8, Hồ Chí Minh","38,7 m²",2 phòng,2 phòng,2 tầng,Sổ đỏ/ Sổ hồng,26/11/2025
"Nhà bán mới đẹp 3 tầng-3,97 x 9,7- 4 PN, 3 WC-Hẻm 3,5m-1225 Phạm Thế Hiển 5Q8 - Giá: 5tỷ570 TL","5,57 tỷ","Đường Phạm Thế Hiển, Phường 5, Quận 8, Hồ Chí Minh","36,4 m²",4 phòng,3 phòng,3 tầng,Sổ hồng,24/11/2025
"Bán nhà đẹp, dọn vào ở ngay, 55m2 (ngang 4m), 5 tầng, 9PN, Âu Dương Lân, Phường 3, Q8, nhỉnh 8 tỷ",8 tỷ,"Đường Âu Dương Lân, Phường 3, Quận 8, Hồ Chí Minh",55 m²,9 phòng,N/A,5 tầng,Sổ đỏ/ Sổ hồng,26/11/2025
Hot nha Dương Bá Trạc Q8 4 tầng nội thất cao cấp - sổ đẹp - ko QH - sát bên Q1 gia 18 ty,18 tỷ,"Đường Dương Bá Trạc, Phường 2, Quận 8, Hồ Chí Minh","75,2 m²",N/A,N/A,4 tầng,N/A,24/11/2025
"Nhà sát mặt tiền đường Dương Bá Trạc, P1, Q8","7,6 tỷ","Đường Dương Bá Trạc, Phường 1, Quận 8, Hồ Chí Minh",60 m²,N/A,N/A,3 tầng,Sổ đỏ/ Sổ hồng,26/11/2025
"Nhà đẹp 3 tầng Dương Bá Trạc, P1, 72m2, SHR, hẻm thông gần mặt tiền, nhỉnh 7 tỷ","7,6 tỷ","Đường Dương Bá Trạc, Phường 1, Quận 8, Hồ Chí Minh",72 m²,3 phòng,3 phòng,3 tầng,Sổ đỏ/ Sổ hồng,26/11/2025
Bán nhà đường Quận 8 đường Cao Lỗ 4mx20m giá chỉ 13.5 tỷ,"13,5 tỷ","Đường Cao Lỗ, Phường 4, Quận 8, Hồ Chí Minh",80 m²,5 phòng,5 phòng,4 tầng,Sổ đỏ/ Sổ hồng,25/11/2025
"Hh 70tr Chợ Bùi Minh Trực P5Q8, Dt 3x10 2Tầng SHR Giá 4tỷ480 TL.","4,48 tỷ","Đường Bùi Minh Trực, Phường 5, Quận 8, Hồ Chí Minh",30 m²,2 phòng,2 phòng,2 tầng,Sổ đỏ/ Sổ hồng,26/11/2025
"BÁN NHÀ RIÊNG HẺM XE HƠI 159 DẠ NAM ĐỐI DIỆN CÔNG VIÊN, P. CHÁNH HƯNG (P.3, Q.8 CŨ)","6,2 tỷ","Hẻm 159 Dạ Nam, Phường 3, Quận 8, Hồ Chí Minh",44 m²,3 phòng,1 phòng,2 tầng,Sổ đỏ/ Sổ hồng,22/11/2025
"Cần bán nhanh căn nhà riêng Phạm Thế Hiển, P7, Quận 8, khu dân cư sầm uất gần chợ",Thỏa thuận,"Đường Phạm Thế Hiển, Phường 7, Quận 8, Hồ Chí Minh",63 m²,2 phòng,2 phòng,N/A,Sổ đỏ/ Sổ hồng,17/11/2025
"Quận 8 Đ. Bông Sao 91.7m2, 6. x tỷ, 3 tầng, 4PN, hẻm 50m ra MT, vào ở ngay0918 846 ***",Thỏa thuận,"Đường Bông Sao, Phường 5, Quận 8, Hồ Chí Minh","91,7 m²",4 phòng,3 phòng,3 tầng,Sổ đỏ/ Sổ hồng,26/11/2025
"Nhà đẹp, phường 12, quận 10, hẻm XH ra 3/2, Thành Thái, SVH, 3,7m x 17m x 5 tầng","18,2 tỷ","436B/123 Đường 3/2, Phường 12, Quận 10, Hồ Chí Minh",65 m²,6 phòng,6 phòng,5 tầng,Sổ đỏ/ Sổ hồng.,25/11/2025
Xe hơi vào nhà - KDC cao tầng - cách mặt tiền 20m - nhà 2 tầng - SHR chính chủ,7 tỷ,"Đường Hoài Thanh, Phường 14, Quận 8, Hồ Chí Minh",83 m²,5 phòng,2 phòng,2 tầng,Sổ đỏ/ Sổ hồng,26/11/2025
"Bán nhà hẻm tải hơi Sư Vạn Hạnh - Thành Thái - Tô Hiến Thành Q. 10, 7x17m, trệt lầu giá 20,5 tỷ","20,5 tỷ","Đường Sư Vạn Hạnh, Phường 12, Quận 10, Hồ Chí Minh",119 m²,N/A,N/A,2 tầng,Sổ đỏ/ Sổ hồng,20/11/2025
Siêu phẩm 3 lầu - 5 phòng ngủ - nhà mới - HXH Nguyễn Tri Phương - ngang khủng 12m - chỉ 13.2 tỷ,"13,2 tỷ","Đường Nguyễn Tri Phương, Phường 2, Quận 10, Hồ Chí Minh",78 m²,5 phòng,N/A,4 tầng,N/A,26/11/2025
"Cần bán nhà hẻm 284 Lý Thường Kiệt. Đối diện SVĐ Phú Thọ. DT: 4,2 x 14m, 5 tầng. LH: 0901, 383, 038","13,5 tỷ","Hẻm 284, Phố Lý Thường Kiệt, Phường 14, Quận 10, Hồ Chí Minh","58,8 m²",7 phòng,7 phòng,5 tầng,Sổ đỏ/ Sổ hồng,26/11/2025
Tôi chính chủ cần bán gấp nhà trung tâm Quận 10 TP HCM,"6,3 tỷ","Phường 6, Quận 10, Hồ Chí Minh",36 m²,4 phòng,3 phòng,2 tầng,N/A,25/11/2025
Bán nhà quận 10 hẻm xe hơi khu vip Trường Sơn 5 tầng thang máy HĐ thuê khoán ~50tr/th gần ga Metro,"24,69 tỷ","Đường Trường Sơn, Phường 15, Quận 10, Hồ Chí Minh",72 m²,N/A,N/A,5 tầng,N/A,22/11/2025
Siêu Phẩm 3 tầng - Ngay Chợ Hoà Hưng - MỚI ĐẸP - 3 Phòng ngủ - Cách Mạng Tháng Tám - Chỉ 6.7 tỷ,"6,7 tỷ","Đường Cách Mạng Tháng Tám, Phường 13, Quận 10, Hồ Chí Minh",50 m²,3 phòng,N/A,3 tầng,N/A,24/11/2025
"Nhà bán trung tâm quận 10, cách mặt tiền vài căn. Hẻm 7m .Giá 22tỷ thương lượng khách thiện chí .",22 tỷ,"Đường Tô Hiến Thành, Phường 13, Quận 10, Hồ Chí Minh",105 m²,5 phòng,6 phòng,3 tầng,Sổ đỏ/ Sổ hồng,22/11/2025
"Chính chủ cần bán gấp nhà Nguyễn Duy Phương, Quận 10, vị trí trung tâm - SĐCC chỉ 4,9 tỷ TL","4,9 tỷ","Đường Nguyễn Duy Dương, Phường 3, Quận 10, Hồ Chí Minh","32,1 m²",N/A,N/A,2 tầng,Sổ hồng,25/11/2025
"Bán gấp nhà 4 tầng 10 phòng. 4,5x16m. HDT 50tr/tháng. Đường nhựa 8m sát mặt tiền Sư Vạn Hạnh","18,5 tỷ","Đường Sư Vạn Hạnh, Phường 12, Quận 10, Hồ Chí Minh",72 m²,10 phòng,10 phòng,4 tầng,Sổ đỏ/ Sổ hồng,22/11/2025
"Bán Villa Phố 24/1- 3 Hoàng Dư Khương.. .DT: 13,5m x 20m, hầm, 2 lầu, ST. LH: 0901, 383, 038 Trường",64 tỷ,"24/1-3, Đường Hoàng Dư Khương, Phường 2, Quận 10, Hồ Chí Minh",270 m²,10 phòng,6 phòng,3 tầng,Sổ đỏ/ Sổ hồng,21/11/2025
"Bán nhà riêng tại Đường Vĩnh Viễn, Phường 5, Quận 10, Hồ Chí Minh, giá tốt chỉ với 10,8 tỷ, 68 m2","10,8 tỷ","Đường Vĩnh Viễn, Phường 5, Quận 10, Hồ Chí Minh",68 m²,N/A,N/A,N/A,Sổ đỏ/ Sổ hồng,22/11/2025
"Bán nhà 7x14.5m, 3 lầu HXH nhựa Sư Vạn Hạnh, P12, Q10 - giá chỉ 26 tỷ:0906 366 ***",26 tỷ,"Đường Sư Vạn Hạnh, Phường 12, Quận 10, Hồ Chí Minh","99,6 m²",N/A,N/A,3 tầng,Sổ đỏ/ Sổ hồng,16/11/2025
Nhà 5.2x19m Nguyễn Tri Phương Q10 - hẻm ô tô 8m - có kết cấu sẵn ở liền - Giá 19.5 tỷ -0906 366 ***,"19,5 tỷ","Đường Nguyễn Tri Phương, Phường 9, Quận 10, Hồ Chí Minh","96,2 m²",N/A,N/A,3 tầng,Sổ đỏ/ Sổ hồng,24/11/2025
"Bán siêu Phẩm 60m² Quận 10  Thiết Kế Đẹp, Vị Trí Trung Tâm - Giá chỉ 9.5 tỷ thương lượng","9,5 tỷ","Đường Điện Biên Phủ, Phường 10, Quận 10, Hồ Chí Minh",60 m²,N/A,N/A,3 tầng,N/A,20/11/2025
Bán gấp Thành Thái - P. Diên Hồng - Q10 - hẻm 3m thông - 41m2 - 3 tầng BTCT - 4PN - 3WC giá 6.9 tỷ,"6,9 tỷ","Đường Thành Thái, Phường 14, Quận 10, Hồ Chí Minh",41 m²,4 phòng,3 phòng,3 tầng,Sổ đỏ/ Sổ hồng,24/11/2025
"Cần bán nhà hẻm 5,5m 290/131 Lý thái tổ - 3x16m,48m2,1trệt 1lầu,nở hậu,đang thuê 16 tr,giá 5,5 tỷ !","5,5 tỷ","Đường Hồ Thị Kỷ, Phường 1, Quận 10, Hồ Chí Minh",48 m²,3 phòng,3 phòng,2 tầng,Sổ đỏ/ Sổ hồng,19/11/2025
"Hẻm 1 sẹc CMT8 Q.10, DT 63m2 giá 7 tỷ 7","7,7 tỷ","Đường Cách Mạng Tháng Tám, Phường 13, Quận 10, Hồ Chí Minh",63 m²,2 phòng,3 phòng,2 tầng,Sổ đỏ/ Sổ hồng,27/11/2025
"Ngon - 4x12m nở nhẹ 4,3m - hẻm thông - Tô Hiến Thành P15 Q10 - 6,3 tỷ","6,3 tỷ","Đường Tô Hiến Thành, Phường 15, Quận 10, Hồ Chí Minh",50 m²,2 phòng,2 phòng,2 tầng,Sổ đỏ/ Sổ hồng,27/11/2025
Ngộp bank bán gấp nhà 5 tầng đúc Lý Thái Tổ 7PN 7WC đang cho thuê 25tr/ tháng,"5,8 tỷ","Đường Lý Thái Tổ, Phường 10, Quận 10, Hồ Chí Minh",35 m²,7 phòng,7 phòng,5 tầng,Sổ đỏ/ Sổ hồng,21/11/2025
Nhà mới ở ngay Bà Hạt 42m2 2 tầng 4 phòng ngủ tặng nội thất chỉ 5.3 tỷ,"5,3 tỷ","Đường Bà Hạt, Phường 9, Quận 10, Hồ Chí Minh",42 m²,4 phòng,2 phòng,2 tầng,Sổ đỏ/ Sổ hồng,22/11/2025
"Nhà 3 tầng hẻm 6 m gần mặt tiền Ba Tháng Hai P11 Q10, giá 3.8 tỷ TL","3,8 tỷ","Đường 3/2, Phường 11, Quận 10, Hồ Chí Minh",20 m²,3 phòng,3 phòng,3 tầng,Sổ đỏ/ Sổ hồng,21/11/2025
"Hẻm thương mại 4m Tô Hiến Thành Q10 || Nhà vừa ở & kinh doanh 4 tầng, ngang 4m, 120m2","6,95 tỷ","Đường Hòa Hưng, Phường 13, Quận 10, Hồ Chí Minh",35 m²,N/A,N/A,4 tầng,Sổ đỏ/ Sổ hồng,27/11/2025
BÁN NHÀ HÒA HƯNG. QUẬN 10. 50M RA MẶT TIỀN HÒA HƯNG. GIÁ 6.7 TỶ,"6,7 tỷ","Đường Hòa Hưng, Phường 13, Quận 10, Hồ Chí Minh","39,5 m²",3 phòng,3 phòng,3 tầng,Sổ đỏ/ Sổ hồng,27/11/2025
"Bán nhà Quận 10, nhà đẹp Hòa Hưng CMT8 hẻm thông 3m 4 tầng BTCT, giá chỉ 8 tỷ",8 tỷ,"Đường Hòa Hưng, Phường 13, Quận 10, Hồ Chí Minh",41 m²,4 phòng,3 phòng,4 tầng,Sổ đỏ/ Sổ hồng,25/11/2025
"Hòa Hưng, P.13, Q.10, gần mặt tiền, DT: 3,6 X 9m, 3 tầng, giá 5 tỷ 75.","5,75 tỷ","Đường Hòa Hưng, Phường 13, Quận 10, Hồ Chí Minh",36 m²,2 phòng,2 phòng,3 tầng,Sổ đỏ/ Sổ hồng,27/11/2025
"Bán nhà HXH 8m Sư Vạn Hạnh 4.8x17m, nhà trệt 3 lầu giá 18.6 tỷ TL vị trí đẹp","18,6 tỷ","Đường Sư Vạn Hạnh, Phường 12, Quận 10, Hồ Chí Minh","75,5 m²",6 phòng,7 phòng,4 tầng,Sổ đỏ/ Sổ hồng.,26/11/2025
"Trung tâm Quận 10 Bà Hạt 42m2, 3 tầng mới đẹp tiện ích bủa vây chỉ 5.x tỷ đồng","5,18 tỷ","Đường Bà Hạt, Phường 9, Quận 10, Hồ Chí Minh",42 m²,5 phòng,3 phòng,3 tầng,Sổ đỏ/ Sổ hồng,27/11/2025
Nhà đẹp vị trí vip Thành Thái trung tâm giá tốt nhất Quận 10,"6,9 tỷ","Đường Thành Thái, Phường 14, Quận 10, Hồ Chí Minh",41 m²,4 phòng,3 phòng,4 tầng,Sổ đỏ/ Sổ hồng,27/11/2025
"CHỈ HƠN 3 TỶ || HẺM Ô TÔ HÒA HẢO Q10 || NHÀ MỚI 100% Ở LIỀN, 30M2 SD","3,9 tỷ","Đường Hòa Hảo, Phường 5, Quận 10, Hồ Chí Minh",20 m²,2 phòng,N/A,2 tầng,Sổ đỏ/ Sổ hồng,27/11/2025
"Nhà 3 tầng kiên cố trung tâm Quận 10 cách Ngô Quyền 10 căn giá chỉ 5,8 tỷ","5,8 tỷ","Đường 3/2, Phường 8, Quận 10, Hồ Chí Minh",28 m²,2 phòng,3 phòng,3 tầng,Sổ đỏ/ Sổ hồng,26/11/2025
"Nhà lô góc ngang 5m, 32m2, 2 tầng 2PN. Đang cho thuê. Pháp lý chuẩn","6,5 tỷ","Đường Bà Hạt, Phường 9, Quận 10, Hồ Chí Minh",32 m²,2 phòng,2 phòng,2 tầng,Sổ đỏ/ Sổ hồng,27/11/2025
"Bán nhà Lý Thái Tổ, P. 9, Q. 10 - 5 tầng, sát MT - 8.9 tỷ","8,9 tỷ","Đường Lý Thái Tổ, Phường 9, Quận 10, Hồ Chí Minh",32 m²,4 phòng,4 phòng,5 tầng,Sổ đỏ/ Sổ hồng,24/11/2025
Siêu Phẩm Nhà Mới Đón Tết Sát Mặt Tiền Q10 DT 4 x 13 ( cn 54m ) 4 Tầng giá nhỉnh 10 tỷ còn bớt,"10,9 tỷ","Đường Nguyễn Duy Dương, Phường 3, Quận 10, Hồ Chí Minh",54 m²,4 phòng,5 phòng,4 tầng,Sổ đỏ/ Sổ hồng,25/11/2025
"Bán nhà Nguyễn Tri Phương, Quận 10 - 3 tầng full nội thất - giá 5,1 tỷ","5,1 tỷ","Đường Nguyễn Tri Phương, Phường 4, Quận 10, Hồ Chí Minh","18,2 m²",2 phòng,3 phòng,3 tầng,Sổ đỏ/ Sổ hồng,26/11/2025
Bán nhà Lê Hồng Phong Quận 10 5 tầng chỉ 7 tỷ hơn sát mặt tiền,"7,7 tỷ","Đường Lê Hồng Phong, Phường 1, Quận 10, Hồ Chí Minh",36 m²,4 phòng,N/A,5 tầng,Sổ đỏ/ Sổ hồng,27/11/2025
"Bán nhà HXH Hoà Hảo, Quận 10, 41m2 x 5 tầng, 6PN chỉ 8,6 tỷ","8,6 tỷ","Đường Hòa Hảo, Phường 4, Quận 10, Hồ Chí Minh",41 m²,6 phòng,6 phòng,5 tầng,Sổ đỏ/ Sổ hồng,27/11/2025
"Bán nhà Hoà Hưng - Quận 10. DT 57m2, ngang 3m6 x 15m5, nở hậu 4m","6,1 tỷ","Đường Hòa Hưng, Phường 13, Quận 10, Hồ Chí Minh",57 m²,N/A,N/A,3 tầng,Sổ đỏ/ Sổ hồng,25/11/2025
"Bán nhà Quận 10 42m² 3 tầng 4 phòng ngủ gần mặt tiền Bà Hạt nhà mới đẹp, vào ở ngay giá 5,2 tỷ","5,2 tỷ","Đường Bà Hạt, Phường 9, Quận 10, Hồ Chí Minh",42 m²,4 phòng,N/A,3 tầng,Sổ hồng,25/11/2025
"Hẻm thoáng sát mặt tiền Hòa Hưng - nhà 4 tầng BTCT HC đủ. 7,45 tỷ","7,45 tỷ","Đường Hòa Hưng, Phường 13, Quận 10, Hồ Chí Minh","32,8 m²",4 phòng,3 phòng,4 tầng,Sổ đỏ/ Sổ hồng,26/11/2025
"Bán nhà hẻm oto Tô Hiến Thành Q.10 - xe hơi tránh nhau, vừa ở vừa kinh doanh - chỉ 4.95 tỷ","4,95 tỷ","Hẻm 339, Đường Tô Hiến Thành, Phường 12, Quận 10, Hồ Chí Minh",20 m²,N/A,N/A,3 tầng,Sổ đỏ/ Sổ hồng,27/11/2025
"Bán nhà 5 tầng mới, ngang 12.1m, hẻm xe hơi, gần mặt tiền Ngô Gia Tự, Quận 10",13 tỷ,"Đường Nguyễn Duy Dương, Phường 2, Quận 10, Hồ Chí Minh",55 m²,5 phòng,5 phòng,4 tầng,Sổ đỏ/ Sổ hồng,27/11/2025
Giảm giá 17 tỷ còn 15tỷ8 nhà hẻm xe tải Thành Thái P14 Q10 4x20 nở hậu gần 7m 15tỷ8,"15,8 tỷ","Đường Thành Thái, Phường 14, Quận 10, Hồ Chí Minh",91 m²,2 phòng,2 phòng,2 tầng,Sổ đỏ/ Sổ hồng,27/11/2025
"Chủ bán 740/9C Sư Vạn Hạnh. DT: 4 x 19m, 4 tầng, 7PN, 8WC. Nhà hẻm 7m thông. LH:0901 383 ***",18 tỷ,"740/9C, Đường Sư Vạn Hạnh, Phường 12, Quận 10, Hồ Chí Minh",76 m²,7 phòng,8 phòng,4 tầng,Sổ đỏ/ Sổ hồng,25/11/2025
"Nhà mới, 1/ sẹc, sổ đẹp - Ngô Quyền - 15m2, 4 tầng - 3.68 tỷ","3,68 tỷ","Đường Ngô Quyền, Phường 5, Quận 10, Hồ Chí Minh",15 m²,2 phòng,3 phòng,4 tầng,Sổ đỏ/ Sổ hồng,27/11/2025
"Nguyễn Tri Phương, Quận 10 - DT 52m2 (4m x 13m) - 3 tầng - 6.8 tỷ","6,8 tỷ","Đường Nguyễn Tri Phương, Phường 4, Quận 10, Hồ Chí Minh",52 m²,4 phòng,4 phòng,3 tầng,Sổ đỏ/ Sổ hồng,27/11/2025
"Bán căn góc 2 mặt hẻm thông thoáng - DT: 6,2x23m đường xe hơi Thành Thái, Q10",18 tỷ,"Đường Thành Thái, Phường 14, Quận 10, Hồ Chí Minh","121,8 m²",N/A,N/A,5 tầng,Sổ đỏ/ Sổ hồng,21/11/2025
"Bán nhà HXH 8m Thành Thái, Q10 - DT: 4,8x15m - Giá: 14 tỷ TL - KC: 6 tầng - HĐT 40tr/tháng",14 tỷ,"Đường Thành Thái, Phường 14, Quận 10, Hồ Chí Minh",62 m²,N/A,N/A,6 tầng,Sổ đỏ/ Sổ hồng,19/11/2025
Bán nhà đẹp - hẻm đẹp 5.1 x 16m Thành Thái VIP sang trọng 4 tầng sân thượng thang máy giá 16.8 tỷ,"16,8 tỷ","Đường Thành Thái, Phường 12, Quận 10, Hồ Chí Minh","78,5 m²",N/A,N/A,4 tầng,Sổ đỏ/ Sổ hồng,25/11/2025
"Giảm ngay 300tr chủ bán gấp nhà Sư Vạn Hạnh Quận 10 DT 48,4m2 SHR mua sang tên công chứng ngay",Thỏa thuận,"Đường Sư Vạn Hạnh, Phường 10, Quận 10, Hồ Chí Minh","48,4 m²",4 phòng,4 phòng,3 tầng,Sổ đỏ/ Sổ hồng,22/11/2025
"Siêu phẩm Sư Vạn Hạnh - nhà 4 tầng - DT 4x13m nở hậu, hẻm 8m thông thoáng - giá 17 tỷ TL",17 tỷ,"Đường Sư Vạn Hạnh, Phường 12, Quận 10, Hồ Chí Minh","85,1 m²",N/A,N/A,4 tầng,Sổ đỏ/ Sổ hồng,19/11/2025
"Xuất ngoại bán nhanh nhà ngang 8m kết cấu 1 trệt, 3 lầu cực hiếm đường Thành Thái, Quận 10","17,8 tỷ","Đường Thành Thái, Phường 14, Quận 10, Hồ Chí Minh","97,6 m²",10 phòng,N/A,4 tầng,Sổ đỏ/ Sổ hồng,24/11/2025
"Bán nhà HXH 8m Tô Hiến Thành đối diện kingdom 101 quận 10 , DT:12x15, góc 2 mặt tiền hẻm đẹp.",36 tỷ,"Đường Tô Hiến Thành, Phường 14, Quận 10, Hồ Chí Minh",155 m²,N/A,N/A,N/A,N/A,27/11/2025
Căn góc 2 MT hẻm vip 10m Sư Vạn Hạnh - Giá: 24.5 tỷ. DT: 9x11m. HĐT: 60 triệu/tháng,"24,5 tỷ","Đường Sư Vạn Hạnh, Phường 12, Quận 10, Hồ Chí Minh",74 m²,12 phòng,12 phòng,4 tầng,Sổ đỏ/ Sổ hồng,19/11/2025
"Rẻ hơn chung cư Hà Đô - 3/2, Q10 - nhà phố 5 tầng chỉ có 8 tỷ - 40m2 đất, tổng DTSD 140m2",8 tỷ,"Đường 3/2, Phường 12, Quận 10, Hồ Chí Minh",35 m²,3 phòng,4 phòng,5 tầng,Sổ đỏ/ Sổ hồng,23/11/2025
[BÁN NHÀ + QUẬN 10] VỊ TRÍ VÀNG HIẾM CÓ GIỮA TRUNG TÂM  Đường 3 Tháng 2  diện tích 39m²,"7,99 tỷ","Đường 3/2, Phường 12, Quận 10, Hồ Chí Minh",40 m²,3 phòng,4 phòng,5 tầng,Sổ đỏ/ Sổ hồng,22/11/2025
"Quận 10, hẻm ô tô 6m thông, 74m2 ngang 6.2m, 5 tầng cách MT 30m","18,95 tỷ","Đường Nguyễn Tiểu La, Phường 8, Quận 10, Hồ Chí Minh",74 m²,7 phòng,7 phòng,5 tầng,Sổ đỏ/ Sổ hồng,27/11/2025
"bán nhà hxh Thành Thái Q10, DT: 10x12m, cấp 4 tiện xây biệt thự mini giá: 20 tỷ.",20 tỷ,"Đường Thành Thái, Phường 12, Quận 10, Hồ Chí Minh",111 m²,N/A,N/A,N/A,N/A,25/11/2025
"Căn góc 2 mặt hẻm kinh doanh HXH 6m Thành Thái Q10 - 7,5x16m - HĐT: 55tr/th - giá chỉ 17 tỷ TL",17 tỷ,"7A, Đường Thành Thái, Phường 14, Quận 10, Hồ Chí Minh",109 m²,N/A,N/A,1 tầng,Sổ đỏ/ Sổ hồng,21/11/2025
"Bán nhà 4x12m hẻm xe hơi 485 Sư Vạn Hạnh Q10, 1 trệt 3 lầu giá 11.5 tỷ hiếm có mua ngay","11,5 tỷ","Đường Sư Vạn Hạnh, Phường 12, Quận 10, Hồ Chí Minh",43 m²,N/A,N/A,4 tầng,Sổ đỏ/ Sổ hồng,27/11/2025
"Nhà nhỏ nở hậu, sổ đẹp, Ko LG QH - Hồ Thị Kỷ - 3.2x6 (18m2) - 3 tỷ",3 tỷ,"Đường Hồ Thị Kỷ, Phường 1, Quận 10, Hồ Chí Minh",18 m²,1 phòng,1 phòng,2 tầng,Sổ đỏ/ Sổ hồng,27/11/2025
"Bán nhà! HXH Thành Thái, P14, Q10 - dòng tiền cao 70tr/ tháng - giá 17,5 tỷ","17,5 tỷ","Đường Thành Thái, Phường 14, Quận 10, Hồ Chí Minh","97,6 m²",11 phòng,11 phòng,5 tầng,Sổ đỏ/ Sổ hồng.,19/11/2025
Bán nhà (3.6x10)36m2 hẻm oto 7 Thành Thái Quận 10- 4 tầng chỉ 8.3 tỷ,"8,3 tỷ","Đường Thành Thái, Phường 14, Quận 10, Hồ Chí Minh",36 m²,N/A,N/A,4 tầng,Sổ đỏ/ Sổ hồng,27/11/2025
"Nhà hẻm kinh doanh Vĩnh Viễn, Quận 10 ngang 3,5x9m 3 tầng 6.8 tỷ hiếm có","6,8 tỷ","Đường Vĩnh Viễn, Phường 5, Quận 10, Hồ Chí Minh",30 m²,N/A,N/A,3 tầng,Sổ đỏ/ Sổ hồng,27/11/2025
"Bán nhà hẻm 10m 490 Nguyễn Tri Phương, Q10 - DT: 5,2x20m - Giá 16,8 tỷ. Kết cấu 4 tầng","16,8 tỷ","490, Đường Nguyễn Tri Phương, Phường 9, Quận 10, Hồ Chí Minh",96 m²,N/A,N/A,4 tầng,Sổ đỏ/ Sổ hồng,14/11/2025
"Bán nhà HXH 6m Lý Thường Kiệt, Q10. 5x17m. Sát mặt tiền đường, gần Xi Grand Court - 15,5 tỷ TL","15,5 tỷ","Đường  Lý Thường Kiệt, Phường 14, Quận 10, Hồ Chí Minh",88 m²,5 phòng,6 phòng,2 tầng,Sổ đỏ/ Sổ hồng,21/11/2025
"Bán nhà HXH Tô Hiến Thành q10 nhà gần MT, DT: 4.2x20, giá 16.5 tỷ","16,5 tỷ","Đường Tô Hiến Thành, Phường 14, Quận 10, Hồ Chí Minh",84 m²,N/A,N/A,4 tầng,N/A,27/11/2025
"Bán nhà Ô tô 7 chỗ để trong nhà khu Cư Xá Bắc Hải, Quận 10 - 4 tầng 66m2 (4.1 x 16) sổ vuông","14,5 tỷ","Đường Đồng Nai, Phường 15, Quận 10, Hồ Chí Minh",66 m²,6 phòng,6 phòng,4 tầng,Sổ đỏ/ Sổ hồng,24/11/2025
"Bán nhà HXH 8m Sư Vạn Hạnh P12, Q10. DT: 8x16m vuông vức 2 tầng giá chỉ 29.5 tỷ","29,5 tỷ","407, Đường Sư Vạn Hạnh, Phường 12, Quận 10, Hồ Chí Minh",125 m²,N/A,N/A,2 tầng,Sổ hồng,17/11/2025
"Bán nhà ngang 4x20m hẻm ô tô Hòa Hảo, Quận 10 giá chỉ 9.5 tỷ","9,5 tỷ","Đường Hòa Hảo, Phường 2, Quận 10, Hồ Chí Minh",70 m²,N/A,N/A,3 tầng,Sổ đỏ/ Sổ hồng,27/11/2025
"Bán gấp nhà ngộp 84,8m2/3Tỷ780 Cao Thắng, P12, Quận 10. Đang cho thuê 22tr/th gần Vincom Plaza 3/2",Thỏa thuận,"Đường Cao Thắng, Phường 12, Quận 10, Hồ Chí Minh","84,8 m²",5 phòng,5 phòng,3 tầng,Sổ đỏ/ Sổ hồng,27/11/2025
Bán nhà hẽm xe hơi 6m Thành Thái Quận 10 DT:10x12m CN:112m2 KC:2 tầng giá chỉ 19.5 tỷ,"19,5 tỷ","Đường Thành Thái, Phường 14, Quận 10, Hồ Chí Minh",112 m²,N/A,N/A,2 tầng,Sổ hồng,27/11/2025
"Nhà Bán Hẽm Trước Nhà 6m đường Nguyễn Tri Phương, 4 Tầng đẹp","7,3 tỷ","Đường Nguyễn Tri Phương, Phường 4, Quận 10, Hồ Chí Minh",30 m²,4 phòng,3 phòng,4 tầng,Sổ đỏ/ Sổ hồng,24/11/2025
Bán nhà HXH Lý Thường Kiệt Quận 10 Dt:5X18M 2 tầng giá chỉ hơn 16 tỷ,"16,8 tỷ","Đường  Lý Thường Kiệt, Phường 14, Quận 10, Hồ Chí Minh",85 m²,N/A,N/A,2 tầng,Sổ hồng,12/11/2025
"Bán nhà hẻm xe hơi DT 10x10m đường Tô Hiến Thành, phường 14, quận 10, giá chỉ 20 tỷ",20 tỷ,"Đường Tô Hiến Thành, Phường 14, Quận 10, Hồ Chí Minh","94,5 m²",N/A,N/A,4 tầng,Sổ đỏ.,20/11/2025
"Bán nhà Cao Thắng, Quận 10 - hẻm xe hơi 6m2 - 6 PN - ngang 5,2m - 59.6m2 - chỉ 12,5 tỷ","12,5 tỷ","Đường Cao Thắng, Phường 12, Quận 10, Hồ Chí Minh","59,6 m²",6 phòng,7 phòng,4 tầng,Sổ đỏ/ Sổ hồng,14/11/2025
"Bán nhà HXH ngang lớn 13m (siêu hiếm) tại đường Hoàng Dư Khương, Quận 10","16,3 tỷ","Đường Hoàng Dư Khương, Phường 12, Quận 10, Hồ Chí Minh",100 m²,N/A,N/A,1 tầng,Sổ đỏ/ Sổ hồng ( sử dụng chung),25/11/2025
"Chân dài hai mặt tiền THÀNH THÁI-Q.10, GIÁ 3Tỷ770/86m2, đang cho thuê 26 triệu, gần bệnh viện 115",Thỏa thuận,"Đường Thành Thái, Phường 14, Quận 10, Hồ Chí Minh",86 m²,5 phòng,6 phòng,3 tầng,Sổ đỏ/ Sổ hồng,27/11/2025
"BÁN NHÀ ĐƯỜNG ĐIỆN BIÊN PHỦ QUẬN 10-HẺM XE HƠI-NGANG 4m, DÀI 18m- 5TẦNG BTCT MỚI ĐẸP-GIÁ CHỈ 11 tỷ.",11 tỷ,"Đường Điện Biên Phủ, Phường 10, Quận 10, Hồ Chí Minh","68,2 m²",5 phòng,4 phòng,5 tầng,Sổ đỏ/ Sổ hồng,26/11/2025
BÁN NHANH CHDV HẺM XE TẢI NGUYỄN TIỂU LA - Q.10 - 57M - 5 TẦNG - THU 300TR/NĂM. CHỈ 8.X TỶ. TL.,"8,9 tỷ","Đường Nguyễn Tiểu La, Phường 5, Quận 10, Hồ Chí Minh",57 m²,12 phòng,13 phòng,5 tầng,Sổ đỏ/ Sổ hồng,27/11/2025
Bán nhanh nhà Nguyễn Tri Phương - Q10 - hẻm 4m thông - 5 tầng - chỉ 7.2 tỷ,"7,2 tỷ","Đường Nguyễn Tri Phương, Phường 4, Quận 10, Hồ Chí Minh","28,4 m²",4 phòng,4 phòng,5 tầng,Sổ đỏ/ Sổ hồng.,27/11/2025
"Chủ cần ra hàng nhanh Trần Thiện Chánh p12 Quận 10 Giá 4,450ty/67,5m2 cách Vạn Hạnh Mall 3 phút",Thỏa thuận,"Đường Trần Thiện Chánh, Phường 12, Quận 10, Hồ Chí Minh","67,5 m²",3 phòng,3 phòng,2 tầng,Sổ đỏ/ Sổ hồng,27/11/2025
"Thành Thái, Quận 10 - DT 41m2 x 3 tầng 4PN, hẻm trước nhà hơn 3m","6,9 tỷ","Đường Thành Thái, Phường 14, Quận 10, Hồ Chí Minh",41 m²,4 phòng,4 phòng,3 tầng,Sổ đỏ/ Sổ hồng.,26/11/2025
"Bán nhà đẹp 4 tầng BTCT Nguyễn Duy Dương, Quận 10, tặng full nội thất xịn sò, giá 10.9 tỷ TL","10,9 tỷ","Đường Nguyễn Duy Dương, Phường 3, Quận 10, Hồ Chí Minh",55 m²,4 phòng,4 phòng,4 tầng,Sổ đỏ/ Sổ hồng,26/11/2025
"Gấp bán nhà Ngô Gia Tự, 34m2, 3 căn ra mặt tiền, hẻm văn hoá 3m thông, không quy hoạch, chỉ 5.499tỷ","5,5 tỷ","Đường Ngô Gia Tự, Phường 4, Quận 10, Hồ Chí Minh",34 m²,2 phòng,2 phòng,2 tầng,Sổ đỏ/ Sổ hồng,25/11/2025
"Nhà 5x15m - 4 lầu Lý Thường Kiệt, Q10 - HD thuê 45 triệu - Giá 17.8 tỷ -0906 366 ***","17,8 tỷ","Đường  Lý Thường Kiệt, Phường 14, Quận 10, Hồ Chí Minh","73,2 m²",N/A,N/A,4 tầng,Sổ đỏ/ Sổ hồng,20/11/2025
Bán nhà đẹp ở ngay hẻm 3m sát mặt tiền Sư Vạn Hanh 3 phòng ngủ chỉ 4.85 tỷ,"4,85 tỷ","Đường Sư Vạn Hạnh, Phường 10, Quận 10, Hồ Chí Minh",30 m²,3 phòng,2 phòng,3 tầng,Sổ đỏ/ Sổ hồng,21/11/2025
Bán nhà 5.4x19m 7 tầng thang máy Cao Thắng Q10 - hợp đồng thuê 60 triệu - giá 24 tỷ -0906 366 ***,24 tỷ,"Đường Cao Thắng, Phường 12, Quận 10, Hồ Chí Minh","95,2 m²",N/A,N/A,7 tầng,Sổ đỏ/ Sổ hồng,18/11/2025
Ngộp bank bán gấp nhà đẹp Nguyễn Tiểu La 5 tầng đúc hẻm 3m chỉ 5.8 tỷ,"5,8 tỷ","Đường Nguyễn Tiểu La, Phường 5, Quận 10, Hồ Chí Minh",30 m²,3 phòng,4 phòng,4 tầng,Sổ đỏ/ Sổ hồng.,24/11/2025
BÁN NHÀ ĐẸP Ở NGAY LÝ THÁI TỔ -4 TẦNG ĐÚC TIỆN Ở VÀ KINH DOANH -DÒNG TIỀN 16TR/ THÁNG CHỈ HƠN 5 TỶ,"5,3 tỷ","Đường Lý Thái Tổ, Phường 5, Quận 10, Hồ Chí Minh",24 m²,2 phòng,3 phòng,4 tầng,Sổ đỏ/ Sổ hồng,26/11/2025
Bán nhà đẹp Nguyễn Tri Phương 3 tầng full nội thất cao cấp 3 phòng ngủ chỉ 5 tỷ,5 tỷ,"Đường Nguyễn Tri Phương, Phường 9, Quận 10, Hồ Chí Minh",30 m²,3 phòng,3 phòng,3 tầng,Sổ đỏ/ Sổ hồng,21/11/2025
"Bán nhà đường Nguyễn Ngọc Lộc - Q10 - 43.5m2 giá chỉ 7 tỷ - tiện xây mới, 58520",7 tỷ,"Đường Nguyễn Ngọc Lộc, Phường 14, Quận 10, Hồ Chí Minh","43,5 m²",N/A,N/A,5 tầng,Sổ đỏ/ Sổ hồng,26/11/2025
"Bán nhà đường 252 Cao Thắng khu Thẩm Mỹ Viện, DT: 3.5 x 15. 5 Tầng. Hướng: Bắc. Giá: 14.2 Tỷ Có Bớt","14,2 tỷ","252 Đường Cao Thắng, Phường 12, Quận 10, Hồ Chí Minh",50 m²,6 phòng,6 phòng,5 tầng,Sổ đỏ/ Sổ hồng,26/11/2025
Bán gấp trong tuần - Bán nhà Lý Thái Tổ 26m² 3 tầng - 5.8 tỷ,"5,8 tỷ","Đường Lý Thái Tổ, Phường 9, Quận 10, Hồ Chí Minh",26 m²,N/A,N/A,3 tầng,Sổ đỏ/ Sổ hồng,26/11/2025
Bán gấp trong tuần - Bán nhà Ngô Quyền 15m² 4 tầng - 3.68 tỷ,"3,68 tỷ","Đường Ngô Quyền, Phường 5, Quận 10, Hồ Chí Minh",15 m²,N/A,N/A,4 tầng,Sổ đỏ/ Sổ hồng,26/11/2025
Bán nhà phố đang kinh doanh khách sạn quận 10 - giá 28.5 tỷ - LH0937 921 ***,"28,5 tỷ","391/40, Đường Sư Vạn Hạnh, Phường 12, Quận 10, Hồ Chí Minh","80,1 m²",N/A,N/A,4 tầng,Sổ hồng,21/11/2025
Hàng hiếm! Căn hộ dịch vụ Q. 10 5 tầng 12 căn hộ doanh thu 300tr/năm chỉ 8.9 tỷ,"8,9 tỷ","Đường Nguyễn Tiểu La, Phường 5, Quận 10, Hồ Chí Minh",57 m²,N/A,N/A,5 tầng,Sổ hồng,26/11/2025
Bán nhà Quận 10 - 2 mặt thoáng - gần mặt tiền - diện tích lớn - chỉ 6 tỷ nhỉnh,"6,5 tỷ","Đường Lê Hồng Phong, Phường 3, Quận 10, Hồ Chí Minh",44 m²,3 phòng,4 phòng,4 tầng,Sổ đỏ/ Sổ hồng,26/11/2025
"BÁN NHÀ ĐIỆN BIÊN PHỦ, 60M2, CÓ DÒNG TIỀN SẴN, HẺM 3M, SỔ VUÔNG A4, GẦN TRƯỜNG, CHỢ, CHỈ 6.X TỶ","6,7 tỷ","Đường Điện Biên Phủ, Phường 11, Quận 10, Hồ Chí Minh",60 m²,3 phòng,2 phòng,2 tầng,Sổ đỏ/ Sổ hồng,19/11/2025
"Chủ kẹt tiền bán nhà Thành Thái, 62m2, nở hậu 8m, sát mặt tiền, 3 tầng, gần trường học, siêu thị","6,35 tỷ","Đường Thành Thái, Phường 12, Quận 10, Hồ Chí Minh",62 m²,3 phòng,3 phòng,3 tầng,Sổ đỏ/ Sổ hồng,24/11/2025
"Bán nhà Ngô Gia Tự, Quận 10, 110m2 DTSD, hẻm 4m, 2 tầng, chủ ở lâu đời, 4PN cho thuê, chỉ 7.x tỷ","7,19 tỷ","Đường Ngô Gia Tự, Phường 9, Quận 10, Hồ Chí Minh",56 m²,4 phòng,2 phòng,2 tầng,Sổ đỏ/ Sổ hồng,26/11/2025
"Nhà hẻm 5m, sổ đẹp - Nguyễn Tiểu La - 28/30m2, 5 tầng - nhích 7 tỷ","7,5 tỷ","Đường Nguyễn Tiểu La, Phường 8, Quận 10, Hồ Chí Minh",28 m²,4 phòng,5 phòng,5 tầng,Sổ đỏ/ Sổ hồng,26/11/2025
"Nhà 613/ Ba Tháng Hai Q10, trệt 2 lầu thật, 3m x 10m, giá chỉ 5.7 tỷ TL","5,7 tỷ","613/ Đường 3/2, Phường 8, Quận 10, Hồ Chí Minh","27,9 m²",3 phòng,3 phòng,3 tầng,Sổ đỏ/ Sổ hồng,23/11/2025
Bán gấp trong tuần - Bán nhà Vĩnh Viễn 18m² 4 tầng - 4.68 tỷ,"4,68 tỷ","Đường Vĩnh Viễn, Phường 2, Quận 10, Hồ Chí Minh",18 m²,N/A,N/A,4 tầng,Sổ đỏ/ Sổ hồng,26/11/2025
"NHÀ LÔ GÓC, KO LG QH - HOÀ HƯNG - 4X8(36.1M2), 3TẦNG - 5.8TỶ","5,8 tỷ","Đường Hòa Hưng, Phường 13, Quận 10, Hồ Chí Minh","36,1 m²",2 phòng,2 phòng,3 tầng,Sổ đỏ/ Sổ hồng,26/11/2025
HXH LÝ THÁI TỔ (BV Nhi Đồng) 33M2 (3.5X9) 4 TẦNG 4PN 3WC - 8.9 TỶ,"8,9 tỷ","Đường Lý Thái Tổ, Phường 9, Quận 10, Hồ Chí Minh",33 m²,4 phòng,3 phòng,4 tầng,N/A,26/11/2025
"Bán nhà 4.85x17.5m, 3 lầu HXH Sư Vạn Hạnh, P12, Q10 - giá 18tỷ0906 366 ***",18 tỷ,"Đường Sư Vạn Hạnh, Phường 12, Quận 10, Hồ Chí Minh","75,5 m²",N/A,N/A,3 tầng,Sổ đỏ/ Sổ hồng,25/11/2025
4 TẦNG 64M2 HẺM 10M KINH DOANH CƯ XÁ BẮC HẢI NHỈNH 18 TỶ,18 tỷ,"Đường Trường Sơn, Phường 15, Quận 10, Hồ Chí Minh",60 m²,4 phòng,4 phòng,4 tầng,Sổ đỏ/ Sổ hồng,26/11/2025
"Mua nhanh bán lẹ nhà đường Thành Thái, Quận 10, DT 57,12m2",Thỏa thuận,"Đường Thành Thái, Phường 10, Quận 10, Hồ Chí Minh","57,12 m²",3 phòng,2 phòng,2 tầng,Sổ đỏ/ Sổ hồng.,15/11/2025
"Bán nhà Nguyễn Lâm, Q.10, gần Q1, tiện kinh doanh, 9.x tỷ","9,5 tỷ","Đường Nguyễn Lâm, Phường 6, Quận 10, Hồ Chí Minh",75 m²,3 phòng,2 phòng,3 tầng,Sổ đỏ/ Sổ hồng,26/11/2025
"Bán nhà khu siêu sang Sư Vạn Hạnh. DT: 7,15x14,96m, giá: 24,8 tỷ","24,8 tỷ","Đường Sư Vạn Hạnh, Phường 12, Quận 10, Hồ Chí Minh",107 m²,5 phòng,5 phòng,3 tầng,Sổ đỏ,20/11/2025
"Bán nhà hẻm xe hơi đường Sư Vạn Hạnh, P12, Q. 10, nhà 2 lầu (DT: 4,2x17m) HĐT 45tr, giá 16 tỷ",16 tỷ,"Đường Sư Vạn Hạnh, Phường 12, Quận 10, Hồ Chí Minh",72 m²,10 phòng,10 phòng,3 tầng,Sổ đỏ/ Sổ hồng,14/11/2025
"Siêu phẩm!! Cần bán gấp căn Vĩnh Viễn, p 8, Q10, HCM giá cực tốt 3tỷ150","3,15 tỷ","Đường Vĩnh Viễn, Phường 8, Quận 10, Hồ Chí Minh",52 m²,3 phòng,4 phòng,2 tầng,Sổ đỏ/ Sổ hồng,19/11/2025
"Bán biệt thự khu nội bộ 8x16m, CN 126.4m2 chỉ 26 tỷ",26 tỷ,"Đường 3/2, Phường 12, Quận 10, Hồ Chí Minh","126,4 m²",N/A,N/A,2 tầng,Sổ đỏ/ Sổ hồng,20/11/2025
"Siêu phẩm an cư! Bán gấp nhà Thành Thái, Q. 10 - DT 11x25m, 225m2 - C4 - HĐT 80 tr/th - giá 35 tỷ",35 tỷ,"Đường Thành Thái, Phường 12, Quận 10, Hồ Chí Minh",225 m²,N/A,N/A,1 tầng,Sổ đỏ/ Sổ hồng,22/11/2025
"Nhà hẻm xe hơi 449 Sư Vạn Hạnh 7.5x16m, 3 lầu HĐ thuê 65tr/th giá 24.8 tỷ TL","24,8 tỷ","449, Đường Sư Vạn Hạnh, Phường 12, Quận 10, Hồ Chí Minh","109,4 m²",5 phòng,6 phòng,4 tầng,Sổ đỏ/ Sổ hồng,17/11/2025
"Duy nhất Sư Vạn Hạnh! DT: 9,1x17,4m công nhận 138.5m2, giá: 39 tỷ",39 tỷ,"Đường Sư Vạn Hạnh, Phường 12, Quận 10, Hồ Chí Minh","138,5 m²",N/A,N/A,3 tầng,Sổ đỏ/ Sổ hồng,20/11/2025
Bán nhà hẻm vip đường 3/2 - Ngang 8m giá 26.5 tỷ,"26,5 tỷ","Đường 3/2, Phường 14, Quận 10, Hồ Chí Minh",96 m²,N/A,N/A,4 tầng,Sổ đỏ/ Sổ hồng,19/11/2025
"Nhà đẹp 282A/ Nguyễn Tri Phương Q10, 3 tầng, hẻm 4m, giá 4.98 tỷ","4,98 tỷ","282a/41, Đường Nguyễn Tri Phương, Phường 4, Quận 10, Hồ Chí Minh",20 m²,2 phòng,3 phòng,3 tầng,Sổ đỏ/ Sổ hồng,23/11/2025
"SÁT MẶT TIỀN + 2 XE HƠI TRÁNH NHAU Đ.Điện Biên Phủ, Q10 - DT: 4 x 20m - XD Hầm 5 tầng - chỉ 16,5 tỷ","16,5 tỷ","Đường Điện Biên Phủ, Phường 11, Quận 10, Hồ Chí Minh",80 m²,2 phòng,2 phòng,2 tầng,Sổ đỏ/ Sổ hồng,26/11/2025
"Hẻm vip 285 Cách Mạng Tháng Tám. DT: 100m2, xây dựng 80m2. HĐT: 70 triệu/tháng. Giá chỉ 18 tỷ",18 tỷ,"Hẻm 285, Đường Cách Mạng Tháng Tám, Phường 12, Quận 10, Hồ Chí Minh",100 m²,N/A,N/A,1 tầng,Sổ đỏ/ Sổ hồng,20/11/2025
Khuôn đất xây CHDV đường Cách Mạng Tháng Tám - Quận 10 - DT 9 x25m - CTXD hầm 6 tầng - giá 21 tỷ,21 tỷ,"Đường Cách Mạng Tháng Tám, Phường 15, Quận 10, Hồ Chí Minh",200 m²,1 phòng,1 phòng,1 tầng,Sổ đỏ/ Sổ hồng,26/11/2025
"3TỶ850/80m2 đường TÔ HIẾN THÀNH-Q10, có Gara ôtô, 5 phút tới GO MIỀN ĐÔNG,đang cho thuê 23 triệu/th","3,85 tỷ","Đường Tô Hiến Thành, Phường 15, Quận 10, Hồ Chí Minh",80 m²,4 phòng,5 phòng,3 tầng,N/A,26/11/2025
"Cần tiền xoay vốn bán gấp nhà 85m2 Điện Biên Phủ, P10, Quận 10 Nằm ngay ngã bảy Lý Thái Tổ",Thỏa thuận,"Đường Điện Biên Phủ, Phường 10, Quận 10, Hồ Chí Minh",85 m²,5 phòng,6 phòng,5 tầng,Sổ đỏ/ Sổ hồng,26/11/2025
"Chính chủ gửi bán nhà hẻm cách mặt tiền Tô Hiến Thành 100m - khu dân cư an ninh, yên tĩnh",11 tỷ,"Đường Tô Hiến Thành, Phường 13, Quận 10, Hồ Chí Minh","71,53 m²",4 phòng,N/A,4 tầng,Sổ đỏ/ Sổ hồng,25/11/2025
"Bán gấp nhà Sư Vạn Hạnh, Phường 12, Quận 10, diện tích 52m2",Thỏa thuận,"Đường Sư Vạn Hạnh, Phường 12, Quận 10, Hồ Chí Minh",52 m²,4 phòng,4 phòng,3 tầng,Sổ đỏ/ Sổ hồng.,26/11/2025
"BÁN NHÀ THÀNH THÁI, 41M2, 3 TẦNG, HẺM 3M, 4PN, KHU DÂN TRÍ CAO, SỔ A4, KHÔNG QUY HOẠCH, 6.X TỶ","6,9 tỷ","Đường Thành Thái, Phường 14, Quận 10, Hồ Chí Minh",41 m²,4 phòng,3 phòng,3 tầng,Sổ đỏ/ Sổ hồng,26/11/2025
"Bán nhà Tô Hiến Thành, Quận 10, diện tích 6 x 14m, ngang khủng 6m, giá 11 tỷ",11 tỷ,"Đường Tô Hiến Thành, Phường 13, Quận 10, Hồ Chí Minh",77 m²,5 phòng,5 phòng,4 tầng,Sổ đỏ/ Sổ hồng,22/11/2025
"Giá cực sốc Lý Thái Tổ, P. 10, Quận 10, hẻm xe hơi 64m2/3 tỷ 750 đang cho thuê 24 triệu/tháng SHR","3,75 tỷ","Hẻm 384, Đường Lý Thái Tổ, Phường 10, Quận 10, Hồ Chí Minh",64 m²,5 phòng,5 phòng,4 tầng,Sổ đỏ/ Sổ hồng,24/11/2025
"BÁN GẤP CĂN NHÀ ĐƯỜNG THÀNH THÁI , PHƯỜNG 14 , QUẬN 10 DT 67M2 GIÁ 2 TỶ 670 (TL) PHÁP LÝ ĐẦY ĐỦ",Thỏa thuận,"Đường Thành Thái, Phường 12, Quận 10, Hồ Chí Minh",67 m²,5 phòng,6 phòng,4 tầng,Sổ đỏ/ Sổ hồng,18/11/2025
"SIÊU HIẾM 292/ BÀ HẠT Q10, NHÀ 3 TẦNG, 2PN, HẺM 3M, GIÁ CHỈ 2.6 TỶ","2,6 tỷ","292/2/2, Đường Bà Hạt, Phường 9, Quận 10, Hồ Chí Minh",15 m²,2 phòng,3 phòng,3 tầng,Sổ đỏ/ Sổ hồng,26/11/2025
BÁN NHÀ HXH ĐƯỜNG TÔ HIẾN THÀNH P13 Q10 GIÁ CHỈ 3 TỶ 390 DT 80M2 HDT 20TR/TH PHÁP LÝ CHUẨN CHỈNH,Thỏa thuận,"Đường Tô Hiến Thành, Phường 13, Quận 10, Hồ Chí Minh",80 m²,4 phòng,5 phòng,4 tầng,Sổ đỏ/ Sổ hồng,26/11/2025
"SIÊU HIẾM 128A/ NGUYỄN CHÍ THANH Q10, NHÀ 3 TẦNG, GIÁ CHỈ 3.2 T","3,2 tỷ","128A/ Đường Nguyễn Chí Thanh, Phường 3, Quận 10, Hồ Chí Minh",18 m²,2 phòng,3 phòng,3 tầng,Sổ đỏ/ Sổ hồng,26/11/2025
Lý Thái Tổ P9 Q10 3 tầng 4PN 3WC chỉ 5tỷ880,"5,88 tỷ","Đường Lý Thái Tổ, Phường 9, Quận 10, Hồ Chí Minh",26 m²,4 phòng,3 phòng,3 tầng,Hợp đồng mua bán,19/11/2025
"Bán nhà hẻm 3m Đường Nguyễn Tri Phương P4 Q10 3,6x6m 1 trệt 2 lầu 2PN 3WC giá 5,1 tỷ (TL)","5,1 tỷ","Đường Nguyễn Tri Phương, Phường 4, Quận 10, Hồ Chí Minh",19 m²,2 phòng,3 phòng,3 tầng,Sổ đỏ/ Sổ hồng,26/11/2025
"SIÊU HIẾM 227/ LÝ THÁI TỔ Q10, TRỆT 2 LẦU ST, 26M, CHỈ 5.8 TỶ TL","5,8 tỷ","227/ Đường Lý Thái Tổ, Phường 9, Quận 10, Hồ Chí Minh",26 m²,4 phòng,3 phòng,3 tầng,Sổ đỏ/ Sổ hồng,26/11/2025
"Nhà 3 tầng Cách Mạng Tháng 8, P13, Q10","8,5 tỷ","Đường Cách Mạng Tháng Tám, Phường 13, Quận 10, Hồ Chí Minh","52,5 m²",4 phòng,3 phòng,3 tầng,Sổ đỏ/ Sổ hồng,22/11/2025
"Cần tiền bán gấp nhà Nguyễn Tiểu La-P8-Q10 gần mầm non phường 8. Giá 3tỷ2/67,5m2 đang cho thuê 23tr","3,2 tỷ","Đường Nguyễn Tiểu La, Phường 8, Quận 10, Hồ Chí Minh","67,5 m²",3 phòng,3 phòng,2 tầng,Sổ đỏ/ Sổ hồng,26/11/2025
BÁN TÒA NHÀ SƯ VẠN HẠNH 212M2 8 TẦNG - 74 TỶ - THANG MÁY PCCC,74 tỷ,"Đường Sư Vạn Hạnh, Phường 12, Quận 10, Hồ Chí Minh",212 m²,N/A,N/A,8 tầng,Sổ đỏ/ Sổ hồng,26/11/2025
"Bán nhà quận 10, giáp Nguyễn Tri Phương, 49m2, chỉ 7 tỷ x","7,5 tỷ","Đường Nguyễn Tri Phương, Phường 5, Quận 10, Hồ Chí Minh",49 m²,3 phòng,2 phòng,3 tầng,Sổ đỏ/ Sổ hồng,26/11/2025
"Bán nhà 4 tầng, hẻm xe hơi thông,Lê Hồng Phong,p1,Q10.Diện tích 40 m2,giá nhỉnh 9 tỷ","9,8 tỷ","Đường Lê Hồng Phong, Phường 1, Quận 10, Hồ Chí Minh",40 m²,4 phòng,4 phòng,4 tầng,Sổ đỏ/ Sổ hồng,26/11/2025
"Bán nhà gần tòa nhà Viettel CMT8, 46.4m2 (3.1x13m) 2 tầng 2PN - chỉ 4.2 tỷ","4,2 tỷ","Đường Cách Mạng Tháng Tám, Phường 12, Quận 10, Hồ Chí Minh","46,4 m²",2 phòng,1 phòng,2 tầng,Sổ đỏ/ Sổ hồng,26/11/2025
Bán gấp trong tuần - Bán nhà Cách Mạng Tháng Tám 136.6m² - 2 tầng - 18 tỷ - 131.77 triệu/m²,18 tỷ,"Đường Cách Mạng Tháng Tám, Phường 13, Quận 10, Hồ Chí Minh",137 m²,N/A,N/A,2 tầng,Sổ đỏ/ Sổ hồng,26/11/2025
Bán gấp trong tuần - Bán nhà Cách Mạng Tháng Tám 64m² - 3 tầng - 9.9 tỷ - 154.69 triệu/m²,"9,9 tỷ","Đường Cách Mạng Tháng Tám, Phường 13, Quận 10, Hồ Chí Minh",64 m²,N/A,N/A,3 tầng,Sổ đỏ/ Sổ hồng,26/11/2025
Toà nhà 8 tầng - vip đường 3/2 - P14 - Quận 10 - hầm + lửng + 5 tầng + sân thượng thang máy,Thỏa thuận,"Đường 3/2, Phường 14, Quận 10, Hồ Chí Minh",80 m²,6 phòng,6 phòng,8 tầng,Sổ đỏ/ Sổ hồng,26/11/2025
"BÁN NHÀ HẺM (1 SẸC) 252 ĐƯỜNG CAO THẮNG, P.12, Q.10, 85M2 GIÁ 3 TỶ 680, HĐT 24TR/TH, SỔ HỒNG RIÊNG",Thỏa thuận,"Hẻm 252, Đường Cao Thắng, Phường 12, Quận 10, Hồ Chí Minh",85 m²,4 phòng,4 phòng,4 tầng,Sổ đỏ/ Sổ hồng,26/11/2025
"Bán Nhà Riêng đẹp, nhiều tiện ích HXH Đường Cách Mạng Tháng Tám, Quận 10, TP.HCM, 9,2 tỷ, 60m2","9,2 tỷ","Đường Cách Mạng Tháng Tám, Phường 13, Quận 10, Hồ Chí Minh",60 m²,N/A,N/A,4 tầng,N/A,14/11/2025
"Bán nhà 12x17- Góc 2 MT hẻm Xe Tải đường Tô Hiến Thành,P.14,Q.10",35 tỷ,Tô Hiến Thành,160 m²,N/A,N/A,4 tầng,Sổ hồng,26/11/2025
"Bán NR - Nhà Đẹp lung linh Đường Nguyễn Tri Phương - 39m2 - 4 Tầng BTCT Giá 9,2tỷ.","9,2 tỷ","Đường Nguyễn Tri Phương, Phường 1, Quận 10, Hồ Chí Minh",39 m²,N/A,N/A,4 tầng,Sổ đỏ/ Sổ hồng,23/11/2025
Bán gấp trong tuần - Bán nhà Hòa Hưng 43m² - 3 tầng - 6.5 tỷ - 151.16 triệu/m²,"6,5 tỷ","Đường Hòa Hưng, Phường 13, Quận 10, Hồ Chí Minh",43 m²,N/A,N/A,3 tầng,Sổ đỏ/ Sổ hồng,26/11/2025
"CHÍNH CHỦ BÁN NHÀ 3 TẦNG  1 SẸC ĐƯỜNG NGUYỄN CHÍ THANH, QUẬN 10. GIÁ 6,8 TỶ TL","6,8 tỷ","Đường Nguyễn Chí Thanh, Phường 2, Quận 10, Hồ Chí Minh","36,5 m²",3 phòng,3 phòng,3 tầng,Sổ đỏ/ Sổ hồng,18/11/2025
"Bán Nhà Riêng 13,1 tỷ, DT khủng 55 m2, view đẹp tại Nguyễn Duy Dương, p 3, Q10.","13,1 tỷ","Đường Nguyễn Duy Dương, Phường 3, Quận 10, Hồ Chí Minh",55 m²,N/A,N/A,4 tầng,N/A,23/11/2025
"CAO THẮNG - NHÀ NHO NHỎ - HẺM TO TO - 32 M2 - KHU PHỐ SẠCH SẼ - CHỈ 6.3 TỶ ,","6,3 tỷ","Đường Cao Thắng, Phường 12, Quận 10, Hồ Chí Minh",32 m²,N/A,N/A,N/A,Sổ đỏ/ Sổ hồng,26/11/2025
Cơ hội đầu tư! Nhà HXH Lý Thái Tổ Q10 -Gía 2 tỷ4 .DT 75m2 - đang kinh doanh - sổ hồng chính chủ,Thỏa thuận,"Đường Lý Thái Tổ, Phường 10, Quận 10, Hồ Chí Minh",75 m²,4 phòng,5 phòng,4 tầng,Sổ đỏ/ Sổ hồng,15/11/2025
"Cần vốn kinh doanh vợ chồng tôi bán nhà Ba Tháng Hai - P12 - Q10.67,9m2,giá 2 tỷ 7 gần Vạn Hạnh Mal",Thỏa thuận,"Đường 3/2, Phường 12, Quận 10, Hồ Chí Minh","67,9 m²",5 phòng,4 phòng,2 tầng,Sổ đỏ/ Sổ hồng,22/11/2025
Nhà Đẹp Hẻm Xe Hơi 3 Tầng 2 Phòng Ngủ,"5,35 tỷ","Đường Lý Thái Tổ, Phường 10, Quận 10, Hồ Chí Minh",25 m²,N/A,N/A,3 tầng,Sổ đỏ/ Sổ hồng,26/11/2025
"Nhà giá siêu ngộp ngay Cách Mạng Tháng 8 Quận 10, 4PN 5WC full nội thất, SHR giá 4 tỷ 100 TL","4,1 tỷ","Đường Cách Mạng Tháng Tám, Phường 15, Quận 10, Hồ Chí Minh","58,3 m²",4 phòng,5 phòng,3 tầng,Sổ hồng,26/11/2025
"Đi Mỹ gia đình bán lại căn nhà CMT8 quận 10 giá 12tỷ380. Dt:4,5x21m thổ cư full. Tặng full nội thất","12,38 tỷ","Đường Cách Mạng Tháng Tám, Phường 13, Quận 10, Hồ Chí Minh",95 m²,4 phòng,5 phòng,2 tầng,Sổ đỏ/ Sổ hồng,20/11/2025
"Chính chủ cần bán nhà góc 2 mặt hẻm 292/2 Bà Hạt, Q10 5mx15m nở hậu 6,4m DTCN 76,7m2 kế mặt tiền","14,5 tỷ","Hẻm 292/2, Đường Bà Hạt, Phường 9, Quận 10, Hồ Chí Minh","76,7 m²",N/A,N/A,2 tầng,Có sổ,24/11/2025
"CC bán nhà 2 căn liền kề 269/6 & 269/8 Lý Thường Kiệt, dt bằng nhau. Đối diện ĐH Bách Khoa, gd ngay",30 tỷ,"269/6 & 269/8, Phố Lý Thường Kiệt, Phường 15, Quận 11, Hồ Chí Minh",136 m²,N/A,N/A,2 tầng,N/A,12/11/2025
BÁN NHÀ MẶT TIỀN GIÁ 6 TỶ NHỈNH VỊ TRÍ GIAO TUYẾN VÀNG ÂU CƠ LẠC LONG QUÂN TRỊNH ĐÌNH TRỌNG,"6,5 tỷ","Đường Trịnh Đình Trọng, Phường 5, Quận 11, Hồ Chí Minh",59 m²,N/A,N/A,2 tầng,Sổ đỏ/ Sổ hồng,26/11/2025
"Nhà hẻm 4m Lạc Long Quân - Bình Thới - Lãnh Binh Thăng Q.11 , 4x15m , nở hậu giá 5,5 tỷ",Thỏa thuận,"Đường Bình Thới, Phường 11, Quận 11, Hồ Chí Minh",75 m²,N/A,N/A,2 tầng,Sổ đỏ/ Sổ hồng,25/11/2025
"Bán nhà đường Nguyễn Chí Thanh, P16, Q11, Hồ Chí Minh, LH0817 888 ***","25,5 tỷ","Đường Nguyễn Chí Thanh, Phường 16, Quận 11, Hồ Chí Minh",115 m²,N/A,N/A,N/A,Có sổ.,24/11/2025
"CHỦ GIẢM SÂU 500tr, CHỈ CÒN 6 TỶ (TL), nhà đẹp 52.5m2, 2 tầng, HXH 7C, Lạc Long Quân",6 tỷ,"7C Đường Lạc Long Quân, Phường 3, Quận 11, Hồ Chí Minh","52,5 m²",2 phòng,2 phòng,2 tầng,Sổ đỏ/ Sổ hồng,21/11/2025
"Bán nhà 6 tầng thang máy Quận 11, hẻm 8m ô tô, nội thất siêu đẹp, 4x11m, vuông A4.Chỉ 9.99 tỷ",10 tỷ,"Đường Lạc Long Quân, Phường 3, Quận 11, Hồ Chí Minh",44 m²,4 phòng,4 phòng,6 tầng,Sổ đỏ/ Sổ hồng,21/11/2025
"12,8 tỷ - Đường 10m, nhà mới đẹp ngay 3/2 gần Minh Phụng (3,6X18 nở hậu 4,7 - 5 tầng)","12,8 tỷ","Đường 3/2, Phường 16, Quận 11, Hồ Chí Minh",66 m²,4 phòng,6 phòng,5 tầng,Sổ đỏ/ Sổ hồng,12/11/2025
"Hạ giá bán rẻ nhất khu vực không có căn thứ 2, nhà hẻm 254, Thái Phiên, P8, Q11, TP. Hồ Chí Minh","12,5 tỷ","Hẻm 254, Đường Thái Phiên, Phường 8, Quận 11, Hồ Chí Minh","65,7 m²",10 phòng,6 phòng,5 tầng,Sổ đỏ/ Sổ hồng,25/11/2025
"GẤP LẮM RỒI! GIẢM 300tr, CHỈ 6.2 TỶ (TL MẠNH), NHÀ ĐẸP 53M2, 2 TẦNG, HXH 7C, Lạc Long Quân-Quận 11.","6,2 tỷ","Đường Lạc Long Quân, Phường 3, Quận 11, Hồ Chí Minh",53 m²,2 phòng,2 phòng,2 tầng,Sổ đỏ.,14/11/2025
CHÍNH CHỦ CẦN TIỀN BÁN GẤP NHÀ HẺM OTO ĐƯỜNG 100 BÌNH THỚI DIỆN TÍCH 81M2 CHỈ 8.9 TỶ TL MẠNH,"8,9 tỷ","Đường 100 Bình Thới, Phường 14, Quận 11, Hồ Chí Minh",81 m²,2 phòng,1 phòng,1 tầng,Sổ đỏ/ Sổ hồng,24/11/2025
NHÀ SIÊU ĐẸP LÊ ĐẠI HÀNH XE HƠI TỚI NHÀ 5 TẦNG ĐÚC NỞ HẬU L NỘI THẤT CAO CẤP 6.9 TỶ,"6,9 tỷ","Đường Lê Đại Hành, Phường 4, Quận 11, Hồ Chí Minh",30 m²,4 phòng,3 phòng,5 tầng,Sổ đỏ/ Sổ hồng,21/11/2025
"Bán nhà Quận 11, lô góc hiếm sát mặt tiền giảm ngay 500 triệu xe hơi tới tận cửa","5,99 tỷ","Đường Lạc Long Quân, Phường 3, Quận 11, Hồ Chí Minh",36 m²,2 phòng,2 phòng,2 tầng,Sổ đỏ/ Sổ hồng.,25/11/2025
ĐƯỜNG 10M - GẦN 90m2 NGANG 4M - 2 MẶT TIỀN - THÀNH THÁI Q10 - TIỆN XÂY CHDV - 15.x TỶ,"15,8 tỷ","Đường Thành Thái, Phường 14, Quận 10, Hồ Chí Minh",90 m²,N/A,N/A,2 tầng,Sổ đỏ/ Sổ hồng,26/11/2025
"Bán nhà hẻm 22 Lữ Gia đường thông 8m. .DT: 4 x 15m, 3 lầu. LH: 0901, 383, 038 Trường( khu Vip. Q11)",13 tỷ,"Đường Lữ Gia, Phường 15, Quận 11, Hồ Chí Minh",60 m²,4 phòng,4 phòng,3 tầng,Sổ đỏ/ Sổ hồng,25/11/2025
"Giảm nhanh 200 triệu - sở hữu ngay nhà 3 tầng/48m2/tại HXH Xóm Đất, P8, Q11",Thỏa thuận,"Đường Xóm Đất, Phường 8, Quận 11, Hồ Chí Minh",48 m²,4 phòng,3 phòng,3 tầng,Sổ đỏ/ Sổ hồng.,17/11/2025
"Hẻm nhựa 8m, 2 ô tô tránh, đường 3/2 giáp Quận 10, DT 66m2, cách mặt tiền 5m","12,8 tỷ","Đường 3/2, Phường 16, Quận 11, Hồ Chí Minh",66 m²,6 phòng,6 phòng,5 tầng,Sổ đỏ/ Sổ hồng,15/11/2025
Nhà Lạc Long Quân ngang lớn (4.7x11m) xe hơi tới nhà,"5,8 tỷ","Đường Lạc Long Quân, Phường 3, Quận 11, Hồ Chí Minh",52 m²,N/A,N/A,2 tầng,N/A,27/11/2025
"NHÀ 2 MẶT TIỀN TRỊNH ĐÌNH TRỌNG, P5, QUẬN 11","6,5 tỷ","Đường Trịnh Đình Trọng, Phường 5, Quận 11, Hồ Chí Minh",56 m²,3 phòng,2 phòng,1 tầng,Sổ đỏ/ Sổ hồng,20/11/2025
"Hàng hiếm tại Hẻm 1525 Đường 3/2, Quận 11, 12,6 tỷ, 66m2, 5 tầng","12,6 tỷ","Hẻm 1525, Đường 3/2, Phường 16, Quận 11, Hồ Chí Minh",66 m²,N/A,N/A,N/A,Sổ đỏ/ Sổ hồng,24/11/2025
Nhà Bán Hẽm Xe Hơi Minh Phụng. Nhà xây : 5 tầng,"7,9 tỷ","Đường Minh Phụng, Phường 9, Quận 11, Hồ Chí Minh",35 m²,N/A,N/A,4 tầng,N/A,25/11/2025
Nhà cấp 4 tiện xây mới - 49.2m² ² - 2 mặt hẻm trung tâm Q11 - Giá chỉ 5.6 tỷ còn TL,"5,6 tỷ","Đường Hàn Hải Nguyên, Phường 1, Quận 11, Hồ Chí Minh","49,2 m²",N/A,N/A,4 tầng,Sổ đỏ/ Sổ hồng,26/11/2025
"Nhà bán hẻm xe tải Lạc Long Quân, P5. Diện tích: 4 x 16,5m","9,68 tỷ","Đường Lạc Long Quân, Phường 5, Quận 11, Hồ Chí Minh",62 m²,4 phòng,4 phòng,4 tầng,Sổ đỏ/ Sổ hồng.,24/11/2025
"Nhà bán hẽm 8m đường 3/2, P16. Dt : 3,5 x 20m. 5 tầng","12,3 tỷ","Đường 3/2, Phường 16, Quận 11, Hồ Chí Minh",70 m²,6 phòng,6 phòng,5 tầng,Sổ đỏ/ Sổ hồng,15/11/2025
"Nhà bán hẻm Nguyễn Chí Thanh, Phường 16, Q11. Nhà 4 tầng kiên cố","7,3 tỷ","Đường Nguyễn Chí Thanh, Phường 16, Quận 11, Hồ Chí Minh",52 m²,4 phòng,4 phòng,4 tầng,Sổ đỏ/ Sổ hồng.,24/11/2025
Nhà bán Hẽm 4m XH Trần Quý. 5 Tầng đẹp,"6,68 tỷ","Đường Trần Quý, Phường 4, Quận 11, Hồ Chí Minh",30 m²,3 phòng,3 phòng,5 tầng,Sổ đỏ/ Sổ hồng,15/11/2025
"Nhà bán hẽm 8m đường Lạc Long Quân, P5. Dt : 3,6 x 16m","8,5 tỷ","Đường Lạc Long Quân, Phường 5, Quận 11, Hồ Chí Minh",58 m²,6 phòng,6 phòng,4 tầng,Sổ đỏ/ Sổ hồng,15/11/2025
Nhà bán hẻm Bình Thới - Ngay vòng xoay Lê Đại Hành. 4 tầng,"7,69 tỷ","Đường Bình Thới, Phường 14, Quận 11, Hồ Chí Minh",52 m²,4 phòng,4 phòng,4 tầng,Sổ đỏ/ Sổ hồng,24/11/2025
"6,5 TỶ khu LÃNH BINH THĂNG gần CƯ XÁ BÌNH THỚI (4X10M, 4 TẦNG) - NHÀ MỚI Ở LIỀN - HẺM SẠCH","6,5 tỷ","Đường Lãnh Binh Thăng, Phường 11, Quận 11, Hồ Chí Minh",37 m²,4 phòng,3 phòng,4 tầng,N/A,17/11/2025
"9,75 tỷ QUẬN 11 KHÔNG CÒN CĂN THỨ 2 SO SÁNH (4X16M, 4 TẦNG) ĐƯỜNG 7M XE TẢI - NHÀ MỚI Ở LIỀN","9,75 tỷ","Đường Lạc Long Quân, Phường 5, Quận 11, Hồ Chí Minh",63 m²,N/A,N/A,4 tầng,N/A,27/11/2025
"NHÀ MỚI 2 TẦNG ĐƯỜNG LÊ ĐẠI HÀNH, QUẬN 11","2,75 tỷ","Đường Lê Đại Hành, Phường 11, Quận 11, Hồ Chí Minh",21 m²,2 phòng,2 phòng,2 tầng,Sổ đỏ/ Sổ hồng,27/11/2025
Bán nhà Quận 11 HXH Lãnh Binh Thăng nở hậu 2 tầng 55m chỉ 6.7 tỷ,"6,7 tỷ","Đường Lãnh Binh Thăng, Phường 12, Quận 11, Hồ Chí Minh",55 m²,3 phòng,N/A,2 tầng,Sổ đỏ/ Sổ hồng,17/11/2025
"6 tỷ - hàng hiếm diện tích chuẩn ngay Bình Thới (4x16m, 64m2) cách quận 10 chỉ 5 phút giá quá rẻ",6 tỷ,"Đường 100 Bình Thới, Phường 14, Quận 11, Hồ Chí Minh",64 m²,N/A,N/A,5 tầng,N/A,27/11/2025
"CHÍNH CHỦ BÁN GẤP NHÀ LẠC LONG QUÂN, P3, Q11 CHỈ 6.9 TỶ","6,9 tỷ","Đường Lạc Long Quân, Phường 3, Quận 11, Hồ Chí Minh","33,5 m²",N/A,N/A,3 tầng,Sổ đỏ/ Sổ hồng,27/11/2025
"8.5 Tỷ - NHÀ MỚI Ở LIỀN gần CẦU VƯỢT CÂY GÕ (4x13m, 4 TẦNG) - FULL NỘI THẤT - XE HƠI VÀO NHÀ","8,5 tỷ","Đường Hồng Bàng, Phường 2, Quận 11, Hồ Chí Minh",50 m²,5 phòng,5 phòng,4 tầng,N/A,27/11/2025
"Bán nhanh nhà có thang máy đang cho thuê 26 triệu, Đ. Trịnh Đình Trọng - Q. 11, GIÁ 3TỶ990/75m2",Thỏa thuận,"Đường Trịnh Đình Trọng, Phường 5, Quận 11, Hồ Chí Minh",75 m²,6 phòng,6 phòng,4 tầng,Sổ đỏ/ Sổ hồng,27/11/2025
"Bán nhà Xóm Đất 3 tầng ( 4,2 x 12 ) hẻm xe hơi sát mặt tiền 3 tháng 2, giá 8,4 tỷ.","8,4 tỷ","Đường Xóm Đất, Phường 8, Quận 11, Hồ Chí Minh",46 m²,4 phòng,3 phòng,3 tầng,Sổ hồng,26/11/2025
Bán nhà hẻm xe hơi Lê Thị Bạch Cát - Quận 11 - phường 11 cũ,"5,7 tỷ","Đường Lê Thị Bạch Cát, Phường 11, Quận 11, Hồ Chí Minh",39 m²,N/A,N/A,3 tầng,N/A,21/11/2025
Bán nhà cũ đường Hàn Hải Nguyên - Phường 1 - Quận 11 cũ,"6,48 tỷ","Đường Hàn Hải Nguyên, Phường 1, Quận 11, Hồ Chí Minh",54 m²,N/A,N/A,N/A,Sổ đỏ.,21/11/2025
Bán nhà cũ đường Minh Phụng - Quận 11 cũ. Bán nhà đường Minh Phụng - Phường Minh Phụng,"5,7 tỷ","Đường Minh Phụng, Phường 2, Quận 11, Hồ Chí Minh",40 m²,N/A,N/A,N/A,N/A,21/11/2025
"BÁN NHÀ QUẬN 11, 2 TẦNG, GẦN 3/2, 29m2, SÁT HẺM ÔTÔ, HƠN 4 TỶ","4,8 tỷ","Đường Tân Khai, Phường 4, Quận 11, Hồ Chí Minh",29 m²,1 phòng,1 phòng,2 tầng,Sổ đỏ/ Sổ hồng,26/11/2025
"Bán nhà HXT Trần Quý - Tạ Uyên. Nhà 4 tầng, 2MT trước sau, hướng Bắc. Giá: 7.2 tỷ TL","7,2 tỷ","Đường Trần Quý, Phường 4, Quận 11, Hồ Chí Minh",40 m²,4 phòng,4 phòng,4 tầng,Sổ đỏ/ Sổ hồng,26/11/2025
"Bán nhà cũ đường Thái Phiên - Quận 11, Phường 2 cũ","8,09 tỷ","Đường Thái Phiên, Phường 2, Quận 11, Hồ Chí Minh",55 m²,6 phòng,N/A,N/A,N/A,21/11/2025
Bán nhà cũ đường Xóm Đất - Quận 11 cũ - Phường Hòa Bình,"5,4 tỷ","Đường Xóm Đất, Phường 8, Quận 11, Hồ Chí Minh","30,8 m²",N/A,N/A,N/A,Sổ đỏ.,21/11/2025
Nhà bán Hoà Bình - Luỹ Bán Bích 55m2 2.5 tấm đúc BTCT góc 2MT hẻm xe tải quận Tân Phú giáp Quận 11,5 tỷ,"Đường Hòa Bình, Phường 5, Quận 11, Hồ Chí Minh",55 m²,3 phòng,3 phòng,3 tầng,Sổ đỏ/ Sổ hồng,26/11/2025
"Bán nhà riêng tại Đường Hòa Bình, Phường 5, Quận 11, Hồ Chí Minh, 5,3 tỷ, 72 m2","5,3 tỷ","Đường Hòa Bình, Phường 5, Quận 11, Hồ Chí Minh",72 m²,3 phòng,2 phòng,2 tầng,Sổ đỏ/ Sổ hồng,26/11/2025
"Nhà 3,2 tỷ ngay Đầm Sen 2PN 3WC công năng 72m2 sử dụng đủ đẹp ở liền SHCC đường Hòa Bình, Quận 11","3,2 tỷ","1/, Đường Hòa Bình, Phường 5, Quận 11, Hồ Chí Minh","25,2 m²",3 phòng,3 phòng,3 tầng,Sổ đỏ/ Sổ hồng,26/11/2025
Bán nhà Nguyễn Chí Thanh P4 Quận 11 cực hiếm 48m2 vuông vức sát Quận 5 Quận 6,"5,8 tỷ","Đường Nguyễn Chí Thanh, Phường 4, Quận 11, Hồ Chí Minh",48 m²,4 phòng,2 phòng,2 tầng,Sổ hồng,26/11/2025
"Bán nhà 4.5x13.5 hẻm 4m 5tấm ngay đường Lê Đại Hành Quận 11 thông đường 3/2 gần Quận 10, Quận 1.3.5","6,6 tỷ","Đường Công Chúa Ngọc Hân, Phường 13, Quận 11, Hồ Chí Minh","60,75 m²",4 phòng,4 phòng,5 tầng,Sổ đỏ/ Sổ hồng,26/11/2025
"Nhà Góc 2 mặt tiền HXH đường Ông Ích Khiêm (8*19m, 2 tầng), Quận 11, chỉ: 15 tỷ TL.",15 tỷ,"Đường Ông Ích Khiêm, Phường 5, Quận 11, Hồ Chí Minh",150 m²,4 phòng,4 phòng,2 tầng,Sổ đỏ/ Sổ hồng,22/11/2025
"Bán nhà hẻm đường Thái Phiên P. 2 Q. 11, 65m2 giá chỉ 6.5 tỷ TL nhẹ","6,5 tỷ","Đường Thái Phiên, Phường 2, Quận 11, Hồ Chí Minh",65 m²,2 phòng,2 phòng,2 tầng,Sổ đỏ/ Sổ hồng,13/11/2025
"Bán nhà MT hẻm xe tăng Âu Cơ quận 11, 3 tầng, ngang 4,6m2, khu buôn bán sầm uất giá chỉ nhỉnh 6 tỷ","6,9 tỷ","Đường Âu Cơ, Phường 14, Quận 11, Hồ Chí Minh",30 m²,2 phòng,2 phòng,3 tầng,Sổ đỏ/ Sổ hồng,26/11/2025
"Nhà gần chợ Thiếc đang cho thuê 22tr/th đường Tân Phước-Quận 11 diện tích lớn 85,6m2 giá chỉ 3tỷ65","3,65 tỷ","Đường Tân Phước, Phường 7, Quận 11, Hồ Chí Minh","85,6 m²",4 phòng,5 phòng,4 tầng,Sổ đỏ/ Sổ hồng,26/11/2025
NHÀ 4 TẦNG LẠC LONG QUÂN (3.6x16)M  XE HƠI ĐỖ CỬA,"8,6 tỷ","Đường Lạc Long Quân, Phường 5, Quận 11, Hồ Chí Minh","57,6 m²",N/A,N/A,4 tầng,N/A,26/11/2025
"Siêu hot nhà đẹp số 3 Cư Xá Lữ Gia, Q11 DT 60m2 ngang 5m giá chỉ 12.5 tỷ","12,5 tỷ","Đường Số 3 Cư xá Lữ Gia, Phường 15, Quận 11, Hồ Chí Minh",60 m²,N/A,N/A,2 tầng,Sổ đỏ/ Sổ hồng,25/11/2025
"Bán nhà + Quận 11 - Hàn Hải Nguyên gần trường Lê Anh Xuân 2 mặt hẻm ô tô chỉ 5,6 tỷ","5,6 tỷ","Đường Hàn Hải Nguyên, Phường 1, Quận 11, Hồ Chí Minh","49,2 m²",3 phòng,2 phòng,1 tầng,Sổ đỏ/ Sổ hồng,24/11/2025
"Nhà mặt tiền kinh doanh gần đường 3/2, Lê Đại Hành quận 11. 90m2 chỉ nhỉnh 200tr /m2","19,5 tỷ","Đường 3/2, Phường 4, Quận 11, Hồ Chí Minh",90 m²,4 phòng,4 phòng,4 tầng,Sổ hồng riêng,04/11/2025
"NHÀ ĐẸP GIÁ MỀM tại MINH PHỤNG-Q11. Giá Sốc 3Tỏi4/74,4m2 gần chợ Bình Thới, sẵn dòng tiền 17tr/th","3,4 tỷ","Đường Minh Phụng, Phường 1, Quận 11, Hồ Chí Minh","74,4 m²",N/A,N/A,3 tầng,Sổ đỏ/ Sổ hồng,26/11/2025
Nhà mới 3.5 x 7.3m 1 lầu hẻm 19/22 Bình Thới - Lê Đại Hành,"3,68 tỷ","Đường Bình Thới, Phường 11, Quận 11, Hồ Chí Minh",23 m²,N/A,N/A,2 tầng,N/A,19/11/2025
"ĐƯỜNG 10m CÓ LỀ ""LẠC LONG QUÂN"" 5 TẦNG ĐẸP Ở NGAY- 56m2 CHỈ HƠN 9 TỶ","9,6 tỷ","Đường Lạc Long Quân, Phường 5, Quận 11, Hồ Chí Minh",56 m²,7 phòng,7 phòng,5 tầng,Sổ đỏ/ Sổ hồng,26/11/2025
"Q11 hẻm Trần Quý- 3 lầu, sân thượng-5,2 tỷ","5,2 tỷ","Đường Trần Quý, Phường 6, Quận 11, Hồ Chí Minh","25,2 m²",4 phòng,2 phòng,3 tầng,Sổ đỏ/ Sổ hồng,26/11/2025
"6.45 tỷ - (4X13M, 50M2 - 3 LẦU + SÂN THƯỢNG BTCT) - CÁCH MẶT TIỀN chỉ 15m ngay CHỢ BÌNH THỚI - Q11","6,45 tỷ","Đường Minh Phụng, Phường 2, Quận 11, Hồ Chí Minh",52 m²,4 phòng,5 phòng,4 tầng,N/A,20/11/2025
"Nhà ngay HXH Hàn Hải Nguyên chỉ nhỉnh 4tỷ, 1 căn duy nhất Q11, DT 40m2 3 Tầng, có sổ, không QH","4,6 tỷ","Đường Hàn Hải Nguyên, Phường 1, Quận 11, Hồ Chí Minh",40 m²,3 phòng,3 phòng,3 tầng,Sổ đỏ/ Sổ hồng,17/11/2025
"Chính chủ không quy hoạch. Nhà 57.6m² Lạc Long Quân, Q11. Xây 1 trệt 1 lầu, hẻm 5m",Thỏa thuận,"Đường Lạc Long Quân, Phường 5, Quận 11, Hồ Chí Minh","57,6 m²",2 phòng,2 phòng,2 tầng,Sổ đỏ/ Sổ hồng,26/11/2025
"7,3 tỷ - Lê Đại Hành ngay vòng xoay (4x20m, 80m2) - nhà mới như hình - chuẩn 100%","7,3 tỷ","Đường Lê Đại Hành, Phường 11, Quận 11, Hồ Chí Minh",80 m²,4 phòng,3 phòng,2 tầng,N/A,17/11/2025
"GIÁ SIÊU RẺ, CHỐT NHANH ĐI NƯỚC NGOÀI - 6,2 TỶ (5x11m, 2 TẦNG) - ĐƯỜNG XE TẢI THÔNG gần ĐẦM SEN Q11","6,2 tỷ","Đường Lạc Long Quân, Phường 10, Quận 11, Hồ Chí Minh",54 m²,2 phòng,2 phòng,2 tầng,N/A,17/11/2025
ÂU CƠ RA VÒNG XOAY LÊ ĐẠI HÀNH 48M2 NHÀ 5 TẦNG - CHỈ 10 TỶ,10 tỷ,"Đường Âu Cơ, Phường 14, Quận 11, Hồ Chí Minh",48 m²,5 phòng,4 phòng,5 tầng,Sổ đỏ/ Sổ hồng,26/11/2025
"Lê Đại Hành giáp quận 10 - hàng hiếm giá tốt (4x16m, 4 tầng) đường 7m, xe tải thông, nhà mới ở liền","9,75 tỷ","Đường Lê Đại Hành, Phường 11, Quận 11, Hồ Chí Minh",64 m²,5 phòng,4 phòng,4 tầng,N/A,17/11/2025
"6.5 tỷ - ngay khu Lê Đại Hành (3.8x10m, 4 tầng) - nhà mới ở liền - HHMG 1%","6,5 tỷ","Đường Lê Đại Hành, Phường 13, Quận 11, Hồ Chí Minh",37 m²,4 phòng,3 phòng,4 tầng,N/A,15/11/2025
"9,75 tỷ QUẬN 11 KHÔNG CÒN CĂN THỨ 2 SO SÁNH (4X16M, 4 TẦNG) ĐƯỜNG 7M XE TẢI - NHÀ MỚI Ở LIỀN","9,75 tỷ","Đường Bình Thới, Phường 10, Quận 11, Hồ Chí Minh",64 m²,5 phòng,4 phòng,4 tầng,N/A,15/11/2025
"10 TỶ - HẺM NỘI BỘ 7M gần BÌNH THỚI - LÊ ĐẠI HÀNH (4,5m x 16,5m - 70M2) - NHÀ CẤP 4 TIỆN XÂY MỚI",10 tỷ,"Đường Bình Thới, Phường 11, Quận 11, Hồ Chí Minh",70 m²,4 phòng,6 phòng,4 tầng,N/A,17/11/2025
BÁN GẤP NHÀ HXH. NGAY VÒNG XOAY LÊ ĐẠI HÀNH. P14. Q11. GIÁ 10 TỶ.,10 tỷ,"Đường Âu Cơ, Phường 14, Quận 11, Hồ Chí Minh",66 m²,5 phòng,4 phòng,5 tầng,Sổ đỏ/ Sổ hồng,26/11/2025
"9 tỷ - khu nội bộ Minh Phụng - Bình Thới (4,2x16m, 2 tầng) đường 7m xe tải quay đầu - giá tốt",9 tỷ,"Đường Minh Phụng, Phường 10, Quận 11, Hồ Chí Minh","67,2 m²",N/A,N/A,4 tầng,N/A,14/11/2025
"3 bước chân ra hẻm xe tải! Nhà cấp 4 hẻm Bình Thới P14. DT: (4x16)m. Giá: 6,2 tỷ","6,2 tỷ","Đường Bình Thới, Phường 14, Quận 11, Hồ Chí Minh",64 m²,N/A,N/A,N/A,Sổ đỏ/ Sổ hồng,19/11/2025
Hẻm 10m! Sát Đầm Sen! Nhà cấp 4 đường Hòa Bình P5. DT: (4x23)m. Giá: 9 tỷ (TL),9 tỷ,"Đường Hòa Bình, Phường 5, Quận 11, Hồ Chí Minh",92 m²,3 phòng,2 phòng,1 tầng,Sổ đỏ/ Sổ hồng,19/11/2025
"Sát chợ Hoa Lạc Long Quân! Nhà cấp 4 hẻm 7m Lạc Long Quân P5. DT: (3,6x16)m Giá: 7,5 tỷ","7,5 tỷ","Đường Lạc Long Quân, Phường 5, Quận 11, Hồ Chí Minh",60 m²,2 phòng,1 phòng,1 tầng,Sổ đỏ/ Sổ hồng,19/11/2025
"Gần Đầm Sen! Nhà mới đẹp 4 tấm hẻm 6m Hồng Bàng P1. DT: (3,8x14)m Giá: 8,5 tỷ(TL)","8,5 tỷ","Đường Hồng Bàng, Phường 1, Quận 11, Hồ Chí Minh",51 m²,4 phòng,5 phòng,4 tầng,Sổ đỏ/ Sổ hồng,19/11/2025
"Gần Đầm Sen! Nhà 4 tấm đường nội bộ 8m Lạc Long Quân P5. DT: (3,6x16)m Giá: 8,7 tỷ (TL)","8,7 tỷ","Đường Lạc Long Quân, Phường 5, Quận 11, Hồ Chí Minh",60 m²,6 phòng,6 phòng,4 tầng,Sổ đỏ/ Sổ hồng,19/11/2025
"Giáp Q5 Q10! Nhà mới đẹp 4 tấm 3/2 P16. DT: (4x13)m Giá: 7,3 tỷ(TL)","7,3 tỷ","Đường Lò Siêu, Phường 12, Quận 11, Hồ Chí Minh",53 m²,5 phòng,4 phòng,4 tầng,Sổ đỏ/ Sổ hồng,19/11/2025
"Hoa hồng môi giới 1%. Cách Mặt tiền 30m! Nhà 3 tấm Minh Phụng P9. DT: (3,7x10)m Giá: 5,2 tỷ (TL)","5,2 tỷ","Đường Minh Phụng, Phường 9, Quận 11, Hồ Chí Minh",37 m²,5 phòng,4 phòng,4 tầng,Sổ đỏ/ Sổ hồng,19/11/2025
"Bán nhà hẻm xe hơi đường Lý Thường Kiệt, P15, Q11. DT 4x17m, giá 14 tỷ",14 tỷ,"Đường  Lý Thường Kiệt, Phường 15, Quận 11, Hồ Chí Minh",66 m²,N/A,N/A,3 tầng,Sổ đỏ/ Sổ hồng,21/11/2025
"Sát Cư Xá Lữ Gia! Nhà 2 tấm hẻm 7m Nguyễn Thị Nhỏ. DT: (5,5x10)m giá: 7,5 tỷ (TL)","7,5 tỷ","Đường Nguyễn Thị Nhỏ, Phường 15, Quận 11, Hồ Chí Minh",55 m²,2 phòng,2 phòng,2 tầng,Sổ đỏ/ Sổ hồng,19/11/2025
"Bán nhà hẻm xe hơi đường Lý Thường Kiệt Q11, DT 4x17m giá 14 tỷ",14 tỷ,"Đường  Lý Thường Kiệt, Phường 15, Quận 11, Hồ Chí Minh",70 m²,N/A,N/A,2 tầng,Sổ đỏ/ Sổ hồng,13/11/2025
"Nhà Nát ( HXH ) Đường Hoà Bình, Dt : 5 x 20m","11,9 tỷ","Đường Hòa Bình, Phường 5, Quận 11, Hồ Chí Minh",100 m²,N/A,N/A,N/A,Sổ đỏ/ Sổ hồng,15/11/2025
"Bán nhà 4 lầu hẻm xe hơi đường Lữ Gia, P15, Q11, giá 17.2 tỷ","17,2 tỷ","Đường Lữ Gia, Phường 15, Quận 11, Hồ Chí Minh",57 m²,N/A,N/A,5 tầng,Sổ đỏ/ Sổ hồng,18/11/2025
"Bán nhà 5 lầu hẻm xe hơi đường Lạc Long Quân, P3, Q11, giá 9.8 tỷ","9,8 tỷ","Đường Lạc Long Quân, Phường 3, Quận 11, Hồ Chí Minh",41 m²,N/A,N/A,6 tầng,Sổ đỏ/ Sổ hồng,21/11/2025
"Bán Nhà 4 Tầng BTCT, 64m2, Nở Hậu, Hẻm Xe Hơi, Đường Hồng Bàng, Quận 11, Chỉ 8.9 Tỷ","8,9 tỷ","Đường Hồng Bàng, Phường 1, Quận 11, Hồ Chí Minh",64 m²,5 phòng,5 phòng,4 tầng,Sổ đỏ/ Sổ hồng,26/11/2025
"An cư lập nghiệp cho chủ mới bán nhà Bình Thới Q11 48,6m2 3PN bao sang tên",Thỏa thuận,"Đường Bình Thới, Phường 10, Quận 11, Hồ Chí Minh","48,6 m²",3 phòng,2 phòng,2 tầng,Sổ đỏ/ Sổ hồng,23/11/2025
"Quận 11 - Bán nhà 3 tầng 2,7 tỷ (2pn - 2wc) Bình Thới","2,7 tỷ","Đường Bình Thới, Phường 14, Quận 11, Hồ Chí Minh","12,5 m²",2 phòng,2 phòng,3 tầng,Sổ đỏ/ Sổ hồng,26/11/2025
NHÀ 4 TẦNG NGAY KHU LÊ ĐẠI HÀNH (3.75X10)M | DỌN VÀO Ở LIỀN,"6,35 tỷ","Đường Lê Thị Bạch Cát, Phường 11, Quận 11, Hồ Chí Minh","37,5 m²",N/A,N/A,4 tầng,Sổ hồng,25/11/2025
"Chỉ với giá 4 tỷ - chính chủ cần bán gấp nhà riêng 31m2 - tại Lạc Long Quân, Phường 5, Quận 11",4 tỷ,"Đường Lạc Long Quân, Phường 5, Quận 11, Hồ Chí Minh",31 m²,N/A,N/A,N/A,Sổ đỏ/ Sổ hồng,26/11/2025
"NHÀ C4 HẺM NHỰA 8M THÔNG, ĐƯỜNG 100 BÌNH THỚI QUẬN 11 - DT 65M2 (5x13).","8,95 tỷ","Đường 100 Bình Thới, Phường 14, Quận 11, Hồ Chí Minh",65 m²,2 phòng,2 phòng,2 tầng,Sổ đỏ/ Sổ hồng,26/11/2025
Bán nhà riêng Lò Siêu diện tích 39m² 3 phòng ngủ 3 WC 2 tầng,Thỏa thuận,"Đường Lò Siêu, Phường 16, Quận 11, Hồ Chí Minh",39 m²,3 phòng,3 phòng,2 tầng,Sổ đỏ/ Sổ hồng,26/11/2025
"BÁN NHÀ HẺM XE HƠI 10M LÝ THƯỜNG KIỆT, P15, QUẬN 11 DT: 8X16 2 TẦNG 27 TỶ",27 tỷ,"Phường 15, Quận 11, Hồ Chí Minh",112 m²,N/A,N/A,2 tầng,Sổ đỏ/ Sổ hồng,25/11/2025
"Bán nhà riêng tại Lạc Long Quân, Quận 11, Hồ Chí Minh, 60m2 giá siêu hời",Thỏa thuận,"Đường Lạc Long Quân, Phường 10, Quận 11, Hồ Chí Minh",60 m²,3 phòng,N/A,N/A,Sổ đỏ/ Sổ hồng,26/11/2025
"Bán nhà DT khủng Tân Hoá, Q11 - DT: 5x30m - nở hậu 5,5m - giá chỉ 11 tỷ TL",11 tỷ,"Đường Tân Hóa, Phường 1, Quận 11, Hồ Chí Minh","131,6 m²",N/A,N/A,2 tầng,Sổ đỏ/ Sổ hồng.,19/11/2025
Bán nhà Lê Đại Hành q11 dt 2.2 m* 11 m trệt lầu nhà đẹp hẻm thông SHR giá 2 tỷ750,"2,75 tỷ","Phường 11, Quận 11, Hồ Chí Minh",21 m²,2 phòng,2 phòng,2 tầng,Sổ đỏ/ Sổ hồng,20/11/2025
"Bán nhà dòng tiền gần 20 triệu/tháng - giá 8,7 tỷ - mặt tiền Ông Ích Khiêm Q11 kinh doanh đỉnh cao","8,7 tỷ","Đường Ông Ích Khiêm, Phường 5, Quận 11, Hồ Chí Minh",45 m²,3 phòng,2 phòng,3 tầng,Sổ hồng,26/11/2025
"Bán nhà HXH (8m) 32/19 Ông Ích Khiêm, P,14 Q,11, 3,3m x 11m, 1T-1L, trung tâm Q,11, giá 6,5 tỷ","6,5 tỷ","Đường Ông Ích Khiêm, Phường 14, Quận 11, Hồ Chí Minh",36 m²,2 phòng,2 phòng,1 tầng,Sổ đỏ/ Sổ hồng,21/11/2025
"9,8 TỶ - (4,6X20M- 5 TẦNG) CHDV MỚI FULL NỘI THẤT THU NHẬP GẦN 1 TỶ/NĂM ngay HỒNG BÀNG - HÀNG HÓT","9,8 tỷ","Đường Hồng Bàng, Phường 1, Quận 11, Hồ Chí Minh",85 m²,N/A,N/A,4 tầng,N/A,14/11/2025
"4.95 TỶ - HIẾM CÓ QUẬN 11 gần MINH PHỤNG (4x8m, 5 TẦNG BTCT KIÊN CÓ) - HẺM XE HƠI QUAY ĐẦU","4,95 tỷ","Đường Phú Thọ, Phường 1, Quận 11, Hồ Chí Minh",30 m²,3 phòng,4 phòng,5 tầng,N/A,18/11/2025
"9,8 Tỷ - (4,6x20m - 5tầng) CHDV mới full nội thất thu nhập gần 1 tỷ/năm ngay Hồng Bàng - Minh Phụng","9,8 tỷ","Đường Minh Phụng, Phường 2, Quận 11, Hồ Chí Minh",85 m²,10 phòng,11 phòng,5 tầng,N/A,14/11/2025
"16 tỷ - toà nhà 2 mặt tiền đường nhựa 8m ngay Đầm Sen (5,5x20m - 6 tầng) - phù hợp mọi ngành nghề",16 tỷ,"Đường Lạc Long Quân, Phường 5, Quận 11, Hồ Chí Minh",100 m²,7 phòng,9 phòng,6 tầng,N/A,22/11/2025
"6,5 TỶ - KHU NỘI BỘ 351 LÊ ĐẠI HÀNH (4X10, 4 TẦNG) CÓ SÂN THƯỢNG - NHÀ MỚI Ở LIỀN GẦN MẶT TIỀN","6,5 tỷ","Đường Lê Đại Hành, Phường 11, Quận 11, Hồ Chí Minh",37 m²,N/A,N/A,4 tầng,N/A,14/11/2025
"9,75 tỷ - Đường nội bộ 7m ngay Bình Thới - Lê Đại Hành (4x16m, 4 tầng) - XH vào nhà","9,75 tỷ","539/13, Đường Bình Thới, Phường 10, Quận 11, Hồ Chí Minh",63 m²,4 phòng,3 phòng,4 tầng,N/A,17/11/2025
Bán nhà 69m2 ngay đường Bình Thới chỉ hơn 4 tỷ,"4,3 tỷ","Đường Bình Thới, Phường 10, Quận 11, Hồ Chí Minh",69 m²,2 phòng,1 phòng,2 tầng,Sổ đỏ/ Sổ hồng.,14/11/2025
"9,75 TỶ - MẶT TIỀN NỘI BỘ 7M ngay LẠC LONG QUÂN gần LÊ ĐẠI HÀNH (4X16M, 4 TẦNG) - NHÀ MỚI Ở LIỀN","9,75 tỷ","Lạc Long Quân, 5, Quận 11, Hồ Chí Minh",64 m²,N/A,N/A,4 tầng,N/A,14/11/2025
"Bán nhà Lý Nam Đế, P. 7, Q. 11 - 4 tầng, ra MT 30 giây - 5.8 tỷ","5,8 tỷ","Đường Lý Nam Đế, Phường 7, Quận 11, Hồ Chí Minh",38 m²,2 phòng,3 phòng,4 tầng,Sổ đỏ/ Sổ hồng,21/11/2025
Tôi bán nhà 72.1m2 cho thuê 17 triệu/tháng Lý Nam Đế - P.7 - Q.11 gần Lotte Mart,Thỏa thuận,"Đường Lý Nam Đế, Phường 11, Quận 11, Hồ Chí Minh","72,1 m²",4 phòng,4 phòng,3 tầng,Sổ đỏ/ Sổ hồng,25/11/2025
Bán nhà cũ đường Minh Phụng - phường 2 - Quận 11 cũ,"5,6 tỷ","Đường Minh Phụng, Phường 2, Quận 11, Hồ Chí Minh",37 m²,N/A,N/A,N/A,Sổ đỏ.,22/11/2025
"BÁN NHÀ LẠC LONG QUÂN Q11 (P. Hòa Bình), HẺM 3M THÔNG, 64M2, 4PN, CHỈ HƠN 6 TỶ","6,1 tỷ","Đường Lạc Long Quân, Phường 5, Quận 11, Hồ Chí Minh",64 m²,4 phòng,N/A,2 tầng,Sổ đỏ/ Sổ hồng,14/11/2025
"6,8 tỷ gần Hồng Bàng - Kinh Dương Vương giáp quận 11, nhà mới ở liền (4,5x14m 4 tầng) tặng nội thất","6,8 tỷ","Đường Hồng Bàng, Phường 1, Quận 11, Hồ Chí Minh",57 m²,4 phòng,4 phòng,4 tầng,N/A,15/11/2025
"Nhà phố xây mới ngay Lạc Long Quân, Phường 5, Quận 11 - gần công viên nước Đầm Sen, khu sầm uất","4,79 tỷ","Đường Lạc Long Quân, Phường 5, Quận 11, Hồ Chí Minh","60,2 m²",3 phòng,4 phòng,3 tầng,Sổ đỏ/ Sổ hồng,25/11/2025
"Bán nhà đất tặng nhà Lý Nam Đế, Quận 11, hỗ trợ ngân hàng","3,9 tỷ","Đường Lý Nam Đế, Phường 7, Quận 11, Hồ Chí Minh","47,9 m²",N/A,N/A,N/A,Sổ đỏ/ Sổ hồng,25/11/2025
QUẬN 11 - ÔNG ÍCH KHIÊM - CĂN GÓC 2 MẶT TIỀN - 3 TẦNG BTCT - HẺM 8M THÔNG - 60M2 - GIÁ 9.7 TỶ TL,"9,7 tỷ","Đường Ông Ích Khiêm, Phường 14, Quận 11, Hồ Chí Minh",60 m²,N/A,N/A,3 tầng,Sổ hồng,25/11/2025
"BÁN NHÀ HÒA BÌNH, QUẬN 11, 2 TẦNG, 33m2, GẦN KDL ĐẦM SEN, HẺM 4m, HƠN 3 TỶ","3,95 tỷ","Đường Hòa Bình, Phường 5, Quận 11, Hồ Chí Minh",33 m²,2 phòng,2 phòng,2 tầng,Sổ đỏ/ Sổ hồng,19/11/2025
"Đậu Visa bán gấp nhà đường Hàn Hải Nguyên, Quân Sự, Q11 - Giá:5,2Tỷ/ 76,5m2 (4,5x17m). Nhà 3 tầng","5,2 tỷ","Đường Hàn Hải Nguyên, Phường 11, Quận 11, Hồ Chí Minh","76,5 m²",4 phòng,5 phòng,3 tầng,Sổ đỏ/ Sổ hồng,25/11/2025
"Một căn duy nhất ngang 6,5m 109,5m2 - Cư Xá Lữ Gia - Q11. Cho thuê 24tr/th",Thỏa thuận,"Đường Cư Xá Lữ Gia, Phường 15, Quận 11, Hồ Chí Minh","109,5 m²",5 phòng,7 phòng,5 tầng,Sổ đỏ/ Sổ hồng,25/11/2025
"Chính chủ bán BĐS 40 triệu/tháng, nhà 6 tầng, 15 phòng, đường Âu Cơ, P14, Q11, kế bên chợ Tân Phước","9,9 tỷ","Đường Âu Cơ, Phường 14, Quận 11, Hồ Chí Minh","71,05 m²",15 phòng,15 phòng,6 tầng,Có sổ hồng,25/11/2025
Nhà 5x8m 1 lầu hẻm 4m sát mặt tiền giáp Khu Cư Xá Bình Thới P8 Q11,"6,2 tỷ","Đường Lò Siêu, Phường 8, Quận 11, Hồ Chí Minh",40 m²,2 phòng,2 phòng,2 tầng,N/A,18/11/2025
"Bán nhà hẻm Bình Thới, Q11. DT 4.5x16m nở hậu 7m ngay Lê Đại Hành","5,5 tỷ","Đường Bình Thới, Phường 14, Quận 11, Hồ Chí Minh",72 m²,3 phòng,3 phòng,N/A,Sổ đỏ/ Sổ hồng,25/11/2025
Nhà Lô E Cư Xá Phú Bình . P5 . Q11,"6,9 tỷ","Đường Cư Xá Phú Bình, Phường 5, Quận 11, Hồ Chí Minh",48 m²,4 phòng,3 phòng,3 tầng,Sổ đỏ/ Sổ hồng,20/11/2025
"Bán gấp nhà 2 mặt tiền hẻm xe hơi Bình Thới, Quận 11","7,3 tỷ","Đường Bình Thới, Phường 9, Quận 11, Hồ Chí Minh","37,3 m²",3 phòng,3 phòng,3 tầng,Sổ đỏ/ Sổ hồng,25/11/2025
"Chú Toạ bán nhà đang cho thuê 22 triệu/tháng ở Hoàng Đức Tương P7 Q11. 80,6m2 gần chợ Thiếc",Thỏa thuận,"Đường  Hoàng Đức Tương, Phường 7, Quận 11, Hồ Chí Minh","80,6 m²",4 phòng,5 phòng,4 tầng,Sổ đỏ/ Sổ hồng,25/11/2025
GÓC 2 MẶT TIỀN HẺM ÔNG ÍCH KHIÊM Q11 - 3 TẦNG BTCT-HẺM 8M THÔNG -60M2- 8PN CHO THUÊ- GIÁ 9.7 TỶ TL,"9,7 tỷ","Đường Ông Ích Khiêm, Phường 12, Quận 11, Hồ Chí Minh",60 m²,N/A,N/A,3 tầng,N/A,25/11/2025
"Siêu hot - chủ kẹt hàng, giảm sâu 1 tỷ còn 9,5 tỷ TL","9,5 tỷ","Đường Ông Ích Khiêm, Phường 14, Quận 11, Hồ Chí Minh","50,6 m²",5 phòng,6 phòng,3 tầng,Sổ đỏ/ Sổ hồng,25/11/2025
Bán gấp nhà 2 mặt tiền hẻm xe hơi 8m đường Hòa Bình  Quận 11,"4,9 tỷ","Đường Hòa Bình, Phường 5, Quận 11, Hồ Chí Minh",32 m²,2 phòng,2 phòng,1 tầng,Sổ đỏ/ Sổ hồng,25/11/2025
Bán Nhà Hẻm 6m Đường Ông Ích Khiêm 4.5 x 13m - Trệt 2 Lầu ST + Nhà Mới Nội Thất Đầy Đủ- P14 Quận 11,"11,9 tỷ","Đường Ông Ích Khiêm, Phường 14, Quận 11, Hồ Chí Minh",56 m²,N/A,N/A,4 tầng,Sổ đỏ/ Sổ hồng,25/11/2025
"Bán nhà hẻm xe hơi 32 Ông Ích Khiêm 4.3 x 15m, 2 lầu nhà mới vào ở liền giá 9 tỷ bớt lộc",9 tỷ,"32/53/51, Đường Ông Ích Khiêm, Phường 14, Quận 11, Hồ Chí Minh","64,5 m²",N/A,N/A,3 tầng,Sổ đỏ/ Sổ hồng,25/11/2025
"Bán nhà 3 mặt tiền hẻm xe hơi Đường Trịnh Đình Trọng 4 x 14m, 3 lầu ST nhà mới ở liền giá 9.2 tỷ/TL","9,2 tỷ","Đường Trịnh Đình Trọng, Phường 5, Quận 11, Hồ Chí Minh",56 m²,N/A,N/A,4 tầng,N/A,25/11/2025
Bán nhà MTNB Cư Xá Phú Thọ Hoà Đ. Lạc Long Quân - 3.9 x 16m 3 tầng giá 9.750 tỷ/thương lượng P5 Q11,"9,75 tỷ","Đường Lạc Long Quân, Phường 5, Quận 11, Hồ Chí Minh","62,4 m²",N/A,N/A,3 tầng,Sổ đỏ/ Sổ hồng,25/11/2025
Góc 2 mặt tiền hẻm Ông Ích Khiêm Q11 - 3 tầng BTCT - hẻm 8m thông -8pn cho thuê- sẵn dòng tiền,"9,7 tỷ","Đường Ông Ích Khiêm, Phường 14, Quận 11, Hồ Chí Minh",60 m²,8 phòng,N/A,3 tầng,N/A,25/11/2025
NHÀ ÔNG ÍCH KHIÊM 3 TẦNG (7X7)M | CÁCH HẺM XE HƠI CHỈ 10M,"5,5 tỷ","Đường Ông Ích Khiêm, Phường 14, Quận 11, Hồ Chí Minh",48 m²,N/A,N/A,3 tầng,N/A,12/11/2025
"Bán nhà đường Bình Thới, 4,6 tỷ VND, 29,2m2 - giá siêu hời","4,6 tỷ","Đường Bình Thới, Phường 14, Quận 11, Hồ Chí Minh","29,2 m²",2 phòng,3 phòng,2 tầng,Sổ đỏ/ Sổ hồng,25/11/2025
"Nhà bán trung tâm quận 11, đường Minh Phụng. DT 3.5*11m. KC 5 tầng kiên cố (6 PN, 3 WC). HXH","7,9 tỷ","Đường Minh Phụng, Phường 9, Quận 11, Hồ Chí Minh","38,5 m²",6 phòng,3 phòng,5 tầng,Sổ đỏ/ Sổ hồng,25/11/2025
"Bán nhà Quận 11, gần Lê Đại Hành, hẻm 5m thông, 4x23m, chỉ 6.x tỷ","6,35 tỷ","Đường Tôn Thất Hiệp, Phường 12, Quận 11, Hồ Chí Minh",94 m²,2 phòng,2 phòng,1 tầng,Sổ đỏ/ Sổ hồng,16/11/2025
"Bán nhà riêng tại Đường Bình Thới, Phường 14, Quận 11, Hồ Chí Minh, giá cực chất 2,79 tỷ, 12,4 m2","2,79 tỷ","Đường Bình Thới, Phường 14, Quận 11, Hồ Chí Minh","12,4 m²",2 phòng,2 phòng,3 tầng,Sổ đỏ/ Sổ hồng,23/11/2025
"Bán nhà quận 11 - Lạc Long Quân, 2 tầng, hẻm xe hơi 6m, 4x15,5m, Nhỉnh 6 Tỷ","6,8 tỷ","Đường Lạc Long Quân, Phường 10, Quận 11, Hồ Chí Minh",57 m²,2 phòng,2 phòng,2 tầng,Sổ đỏ/ Sổ hồng,12/11/2025
"Gía bán 13.5 tỷ, giảm còn 11.8 tỷ, hẻm 7m Bình Thới, Q11, 65m2, 3L, NTCC","11,8 tỷ","Đường Bình Thới, Phường 14, Quận 11, Hồ Chí Minh",65 m²,5 phòng,5 phòng,4 tầng,Sổ đỏ/ Sổ hồng,19/11/2025
"Bán nhà MT nội bộ 81 đường 702 Hồng Bàng Quận 11. DT: 3,4mx15m, DT: 51m2, DTSD: 180m 2 lầu đúc BT","8,3 tỷ","Số 81, Đường 702, Phường 1, Quận 11, Hồ Chí Minh",51 m²,4 phòng,3 phòng,3 tầng,Đã có chủ quyền Hồng hợp lệ,21/11/2025
"Nhà bán đường lạc long quận p5 quận 11 ( 2,3 x 5,05m trệt, 2 lầu ) sổ riêng","1,85 tỷ","Đường Lạc Long Quân, Phường 5, Quận 11, Hồ Chí Minh",12 m²,N/A,N/A,3 tầng,Sổ đỏ/ Sổ hồng,25/11/2025
"Nhà phố 3 tầng hẻm xe hơi 6m Âu Cơ P14 Q11, tiện KD đa ngành, 4PN, SHR hoàn công đủ, giá 6,9 tỷ TL","6,9 tỷ","Đường Âu Cơ, Phường 14, Quận 11, Hồ Chí Minh",30 m²,4 phòng,2 phòng,3 tầng,Sổ đỏ/ Sổ hồng,25/11/2025
"Nhà hẽm xe hơi Đường Bình Thới. Diện tích : 4,3 x 14m.",9 tỷ,"Bình Thới, 14, Quận 11, Hồ Chí Minh",60 m²,N/A,N/A,3 tầng,N/A,25/11/2025
Nhà bán diện tích: 120m2 đất. Hẻm 10m đường Xóm Đất,11 tỷ,"Đường Xóm Đất, Phường 8, Quận 11, Hồ Chí Minh",120 m²,2 phòng,2 phòng,3 tầng,Sổ đỏ/ Sổ hồng,25/11/2025
"Hẻm 8m 60m2(4.2x15.5m) 2 tầng btct 3PN Lạc Long Quân, p10, Quận 11","8,99 tỷ","Đường Lạc Long Quân, Phường 10, Quận 11, Hồ Chí Minh",60 m²,3 phòng,2 phòng,2 tầng,Sổ đỏ/ Sổ hồng,25/11/2025
"Nhà bán hẽm 3,5m Đường Lê Thị Bạch Cát . Diện tích : 3,8 x 10m.","6,5 tỷ","Đường Lê Thị Bạch Cát, Phường 13, Quận 11, Hồ Chí Minh",36 m²,4 phòng,3 phòng,4 tầng,Sổ đỏ/ Sổ hồng,25/11/2025
Bán nhà siêu đẹp hẻm xe hơi sát mặt tiền Lê Đại Hành 5 tầng full nội thất cao cấp chỉ 6.79 tỷ,"6,79 tỷ","Đường Lê Đại Hành, Phường 4, Quận 11, Hồ Chí Minh",32 m²,3 phòng,3 phòng,5 tầng,Sổ đỏ/ Sổ hồng.,24/11/2025
"Nhà riêng tại Đường Hòa Bình, Phường 9, Quận 11, Hồ Chí Minh, 6,3 tỷ, 63 m2","6,3 tỷ","Đường Hòa Bình, Phường 9, Quận 11, Hồ Chí Minh",63 m²,3 phòng,3 phòng,2 tầng,Sổ đỏ/ Sổ hồng,24/11/2025
3 Toà nhà riêng biệt mỗi toà 5 tấm kiên cố DT 360m2 chưa tính DT sân chung chủ bán hết 48 tỷ,48 tỷ,"Đường Lê Đại Hành, Phường 6, Quận 11, Hồ Chí Minh",360 m²,45 phòng,46 phòng,5 tầng,Sổ đỏ/ Sổ hồng,18/11/2025
Trung tâm quận 11 - Bình Thới- 53m - 2 tầng - 4x 11 nở hậu L 6 m- liên hệ0906 629 ***Phát nhà phố,"7,9 tỷ","Đường Bình Thới, Phường 14, Quận 11, Hồ Chí Minh",53 m²,N/A,N/A,2 tầng,Sổ đỏ/ Sổ hồng,18/11/2025
"Cư Xá Lữ Gia, đường rộng 8m có lề hẻm thông, sát quận 10, nhà 4 tầng, vị trí sát mặt tiền, Q11","15,5 tỷ","Đường Cư Xá Lữ Gia, Phường 15, Quận 11, Hồ Chí Minh",60 m²,6 phòng,6 phòng,4 tầng,Sổ hồng,19/11/2025
"1/ Lạc Long Quân - hẻm xe hơi tránh nhau - DT(4x16m) công nhận 62m2 - 4 tầng BTCT - giá chỉ 10,9 tỷ","10,9 tỷ","Đường Lạc Long Quân, Phường 5, Quận 11, Hồ Chí Minh",62 m²,5 phòng,4 phòng,4 tầng,Sổ đỏ/ Sổ hồng.,24/11/2025
"Bán nhà 5 tầng BTCT 3.9x12m, ngay ngã tư Âu Cơ - Lạc Long Quân, Quận 11, chỉ 8.8 tỷ","8,8 tỷ","Đường Trịnh Đình Trọng, Phường 5, Quận 11, Hồ Chí Minh",47 m²,5 phòng,6 phòng,5 tầng,Sổ đỏ/ Sổ hồng,24/11/2025
CHÍNH CHỦ BÁN NHANH NHÀ PHƯỜNG 4 QUẬN 11 HỒ CHÍNH MINH GIÁ TỐT.,"4,2 tỷ","Đường Đặng Minh Khiêm, Phường 4, Quận 11, Hồ Chí Minh",26 m²,N/A,1 phòng,3 tầng,Sổ đỏ/ Sổ hồng,24/11/2025
"Nhà 3 tầng, diện tích sàn 40m2, 2 PN, 2 WC, nhà mới đẹp ở ngay, sát mặt tiền, hẻm 3m, ko quy hoạch","2,79 tỷ","144/20, Đường Bình Thới, Phường 14, Quận 11, Hồ Chí Minh",15 m²,2 phòng,2 phòng,3 tầng,Sổ đỏ/ Sổ hồng,24/11/2025
"Siêu hot nhà Công Chúa Ngọc Hân, Quận 11. Giá 3,36 tỷ DT 52m2, LH Như0766 372 ***, hẻm xe hơi",Thỏa thuận,"Đường Công Chúa Ngọc Hân, Phường 6, Quận 11, Hồ Chí Minh",52 m²,2 phòng,3 phòng,1 tầng,Sổ đỏ/ Sổ hồng,24/11/2025
NHÀ 4 TẤM PHÚ THỌ (3.8X13)M | SAU LƯNG CĂN MẶT TIỀN,"6,5 tỷ","Đường Phú Thọ, Phường 1, Quận 11, Hồ Chí Minh","49,4 m²",N/A,N/A,4 tầng,Sổ đỏ/ Sổ hồng,24/11/2025
Lô góc hiếm gần Đầm Sen - Hẻm 6m oto tới nhà - 53m² giá chỉ 6.5 tỷ còn TL,"6,5 tỷ","Đường Lạc Long Quân, Phường 3, Quận 11, Hồ Chí Minh",53 m²,2 phòng,2 phòng,2 tầng,Sổ đỏ/ Sổ hồng,22/11/2025
Bán nhà Quận 11 hàng hiếm sót lại 1 căn ra mặt tiền 50m2 3PN xe hơi đậu cổng ngay Lãnh Binh Thăng,"4,45 tỷ","Phường 11, Quận 11, Hồ Chí Minh",50 m²,3 phòng,N/A,2 tầng,Sổ đỏ/ Sổ hồng,24/11/2025
Bán nhà Quận 11 HXH Lãnh Binh Thăng nở hậu 2 tầng 55m chỉ 6.8 tỷ,"6,8 tỷ","Đường Lãnh Binh Thăng, Phường 12, Quận 11, Hồ Chí Minh",55 m²,3 phòng,N/A,2 tầng,Sổ đỏ/ Sổ hồng,17/11/2025
"Chính chủ bán nhà riêng, hoàn công 2023, SHR, miễn môi giới, giảm 1% cho khách mua thiện chí","12,7 tỷ","Đường Tân Thới Nhất 17, Phường Tân Thới Nhất, Quận 12, Hồ Chí Minh",84 m²,4 phòng,4 phòng,3 tầng,Sổ đỏ/ Sổ hồng,17/11/2025
Nhà Thạnh Lộc 22 (5 x 12m) 1 trệt 1 lầu ngay Ngã Tư Ga Giáp Gò Vấp,"4,65 tỷ","Đường Thạnh Lộc 22, Phường Thạnh Lộc, Quận 12, Hồ Chí Minh",60 m²,N/A,N/A,2 tầng,N/A,25/11/2025
"NHÀ SHR HẺM 4M, XE 7 CHỖ ĐẬU CỬA, SÁT TRẦN THỊ CỜ - THỚI AN, QUẬN 12 - GIÁ 3.95 TỶ","3,95 tỷ","Đường Thới An 13, Phường Thới An, Quận 12, Hồ Chí Minh",41 m²,2 phòng,2 phòng,2 tầng,Sổ đỏ/ Sổ hồng,20/11/2025
"Nhà mới đẹp full nội thất 4PN 3WC tại Xóm Đất, Q11, HCM, giá siêu hời 5,98 tỷ","5,98 tỷ","Đường Xóm Đất, Phường 8, Quận 11, Hồ Chí Minh","30,5 m²",4 phòng,3 phòng,4 tầng,Sổ đỏ/ Sổ hồng,22/11/2025
"NHÀ PHỐ, GIÁ RẺ - 51M2 (4T) - 5.4 TỶ - FULL NỘI THẤT GỖ - HẺM NHỰA 6M - THẠNH XUÂN 22, Q.12","5,4 tỷ","Đường Thạnh Xuân 22, Phường Thạnh Xuân, Quận 12, Hồ Chí Minh",51 m²,3 phòng,5 phòng,4 tầng,Sổ hồng,25/11/2025
Chính chủ cần bán nhà 1 trệt 3 lầu hẻm xe hơi,"6,85 tỷ","Đường Nguyễn Thị Sáu, Phường Thạnh Lộc, Quận 12, Hồ Chí Minh","72,2 m²",4 phòng,5 phòng,3 tầng,Sổ đỏ/ Sổ hồng,25/11/2025
Bán CHDV Quận 11 - Dòng tiền 216 triệu/năm-khu vip số 341 Lạc Long Quân - Khuông Việt (57m2*4tầng),"8,6 tỷ","Đường Lạc Long Quân, Phường 5, Quận 11, Hồ Chí Minh",57 m²,6 phòng,6 phòng,4 tầng,Sổ đỏ/ Sổ hồng.,24/11/2025
"Dãy nhà phố đẹp, nội thất xịn xò, đường 8m, 4x20m 1 lững 3 lầu Thạnh Lộc 37 gần ủy ban Phường, Q12","7,8 tỷ","Đường Thạnh Lộc 37, Phường Thạnh Lộc, Quận 12, Hồ Chí Minh",80 m²,5 phòng,5 phòng,4 tầng,Sổ đỏ/ Sổ hồng,25/11/2025
"Siêu Phẩm 3 Tầng- Biệt thự phố- Góc 2MT- Hẻm xe hơi 10m Nguyễn Ảnh Thủ - Trung Mỹ Tây - Chỉ 11,5 tỷ","11,5 tỷ","Đường Nguyễn Ảnh Thủ, Phường Trung Mỹ Tây, Quận 12, Hồ Chí Minh",125 m²,7 phòng,4 phòng,3 tầng,Sổ đỏ/ Sổ hồng,24/11/2025
"Bán nhà chính chủ ở Tân Thới Hiệp, 69m2, sàn 101m2 giá 4 tỷ 750 còn bớt","4,75 tỷ","2/, Đường Tân Thới Hiệp 21, Phường Tân Thới Hiệp, Quận 12, Hồ Chí Minh",69 m²,3 phòng,2 phòng,N/A,N/A,24/11/2025
"Bán nhà hẻm Nguyễn văn quá phường đông Hưng thuận quận 12 ,4m x11m","3,38 tỷ","Đường Nguyễn Văn Quá, Phường Đông Hưng Thuận, Quận 12, Hồ Chí Minh",44 m²,2 phòng,2 phòng,1 tầng,Sổ đỏ/ Sổ hồng,23/11/2025
"Cần tiền giảm giá 200 tr giá củ 3 tỷ 690 gia mới 3 tỷ 490 nhà HT 07 Q12(3,7-11 đúc 1 lầu hẻm xe hơi","3,59 tỷ","Đường Hiệp Thành 7, Phường Hiệp Thành, Quận 12, Hồ Chí Minh","40,7 m²",2 phòng,2 phòng,1 tầng,Sổ đỏ/ Sổ hồng,23/11/2025
"Bộ 6 căn rộng rẻ nhất phường Ạ. Từ 3,6T, 4,63 T 4,85 T và 5,05 T xây mới cực hiếm","4,85 tỷ","Đường Hà Huy Giáp, Phường Thạnh Lộc, Quận 12, Hồ Chí Minh",56 m²,3 phòng,3 phòng,3 tầng,Sổ đỏ/ Sổ hồng,22/11/2025
"Bán nhà chính chủ 3 lầu DT 50,4m2, đường Nguyễn Thị Nhuần, An Phú Đông, Q12, chủ tặng nội thất",Thỏa thuận,"Đường Nguyễn Thị Nhuần, Phường An Phú Đông, Quận 12, Hồ Chí Minh","50,4 m²",4 phòng,5 phòng,3 tầng,Sổ hồng,22/11/2025
HIẾM -NHÀ NGUYỄN VĂN QUÁ- GẦN CHỢ CẦU -2PHUT QUA GÒ VẤP- 52m2- 4PN,"5,38 tỷ","Đường Nguyễn Văn Quá, Phường Đông Hưng Thuận, Quận 12, Hồ Chí Minh",52 m²,4 phòng,3 phòng,3 tầng,Sổ đỏ/ Sổ hồng,22/11/2025
"Cô 9 bán gấp nhà Vườn Lài Q12 (44m2) gần Cầu Sắt. Sẵn HĐ thuê nhà 15tr/tháng, sổ sẵn",Thỏa thuận,"Đường Vườn Lài, Phường An Phú Đông, Quận 12, Hồ Chí Minh",44 m²,3 phòng,4 phòng,3 tầng,Sổ đỏ/ Sổ hồng,23/11/2025
Nhà mặt tiền NB Tân Thới Nhất 12 - Đông Hưng Thuận - Q12 khu vip nhất phường,"8,5 tỷ","Đường Tân Thới Nhất 12, Phường Đông Hưng Thuận, Quận 12, Hồ Chí Minh",95 m²,2 phòng,3 phòng,3 tầng,Sổ đỏ/ Sổ hồng,21/11/2025
"Nhà thật, ko ảo! Nhà hẻm ngắn ở Phan Văn Hớn, Quận 12. Gần chung cư Tecco. Giá 980tr còn bớt",980 triệu,"Đường Phan Văn Hớn, Phường Tân Thới Nhất, Quận 12, Hồ Chí Minh","19,25 m²",2 phòng,1 phòng,2 tầng,Sổ chung,21/11/2025
"Nhà Ở Xã Hội cao cấp Tecco Green, 2PN chỉ 980 triệu, full thổ bao sang tên",980 triệu,"Đường Phan Văn Hớn, Phường Tân Thới Hiệp, Quận 12, Hồ Chí Minh",40 m²,2 phòng,1 phòng,N/A,"Sổ hồng full thổ cư sổ sang tên riêng, đồng sở hữu thửa lớn, riêng từng nhà",21/11/2025
"Q12 sát Gò Vấp giá từ 5 tỷ đến 9 tỷ tuỳ vị trí, diện tích. Công năng thang máy","6,98 tỷ","Phường Thạnh Lộc, Quận 12, Hồ Chí Minh",64 m²,5 phòng,7 phòng,4 tầng,Sổ đỏ/ Sổ hồng,21/11/2025
"Bán nhà đẹp giá rẻ 1 sẹc đường Lê Văn Khương, phường Thới An, Quận 12","7,65 tỷ","Đường Lê Văn Khương, Phường Thới An, Quận 12, Hồ Chí Minh",60 m²,4 phòng,6 phòng,4 tầng,Sổ đỏ/ Sổ hồng,21/11/2025
"Bán nhà riêng 2 lầu đường xe hơi Nguyễn văn quá, P. Đông Hưng Thuận Quận 12","5,38 tỷ","Đường Nguyễn Văn Quá, Phường Đông Hưng Thuận, Quận 12, Hồ Chí Minh",52 m²,4 phòng,3 phòng,3 tầng,Sổ đỏ/ Sổ hồng,21/11/2025
"Bán gấp Nhà riêng 3PN, 2WC tại Thạnh Xuân, 64m2, 4,35 tỷ, Q12, HCM","4,35 tỷ","Phường Thạnh Xuân, Quận 12, Hồ Chí Minh",64 m²,3 phòng,2 phòng,2 tầng,Sổ đỏ/ Sổ hồng,27/11/2025
"Nhà + dãy trọ ngay ngã 4 Ga, liền kề QL1A",8 tỷ,"Đường Thạnh Lộc 4, Phường Thạnh Lộc, Quận 12, Hồ Chí Minh","136,9 m²",6 phòng,4 phòng,1 tầng,Sổ đỏ/ Sổ hồng,21/11/2025
"Nhà liền kề, nhà Q.12 chỉ hơn 1tỷ","1,75 tỷ","Phường Hiệp Thành, Quận 12, Hồ Chí Minh",28 m²,3 phòng,2 phòng,2 tầng,Hợp đồng mua bán,27/11/2025
"Nhà mặt ngõ rộng - 4 tầng - 51m2 - Thạnh Xuân 22, Q12 - 5,4 tỷ (thương lượng)","5,4 tỷ","Đường Thạnh Xuân 22, Phường Thạnh Xuân, Quận 12, Hồ Chí Minh",51 m²,3 phòng,N/A,4 tầng,Sổ hồng,25/11/2025
Nhà đẹp ngay trung tâm đường liên phường TX25 Q12 full nội thất giá đầu 7 đồng,"7,3 tỷ","Đường Thạnh Xuân 25, Phường Thạnh Xuân, Quận 12, Hồ Chí Minh",72 m²,4 phòng,6 phòng,5 tầng,Sổ đỏ/ Sổ hồng,27/11/2025
"Bán nhà hẻm 6m Nguyễn Văn Quá Quận 12, 7.2x20m, nở hậu, sổ riêng, giá 8.2 tỷ","8,2 tỷ","Nguyễn Văn Quá, Đông Hưng Thuận, Quận 12, Hồ Chí Minh",165 m²,N/A,2 phòng,3 tầng,Sổ đỏ/ Sổ hồng,27/11/2025
SIÊU PHẨM NHÀ 4 TẦNG MỚI ĐẸP  CÁCH LÊ VĂN KHƯƠNG 50M  GIÁ CHỈ 5.79 TỶ,"5,79 tỷ","Đường Lê Văn Khương, Phường Hiệp Thành, Quận 12, Hồ Chí Minh",59 m²,4 phòng,5 phòng,4 tầng,Sổ đỏ/ Sổ hồng,27/11/2025
"Bán Nhà 4x20m 1lững 3lầu có thang máy đường 6m, 1/ Thạnh Lộc 37 gần cấp 2 Trần Hưng Đạo, Q12","7,69 tỷ","Đường Thạnh Lộc 37, Phường Thạnh Lộc, Quận 12, Hồ Chí Minh",80 m²,5 phòng,5 phòng,4 tầng,Sổ đỏ/ Sổ hồng,27/11/2025
"Nhà 1/ Nguyễn Thị Đặng hẻm 6m vị trí siêu vip sát Bên Cấp 3 Võ Trường Toản 4,2x15m nở hậu 5m","5,95 tỷ","Đường Nguyễn Thị Đặng, Phường Hiệp Thành, Quận 12, Hồ Chí Minh",65 m²,4 phòng,3 phòng,3 tầng,Sổ đỏ/ Sổ hồng,27/11/2025
Bán nhà đẹp đường Trung Mỹ Tây 9 phường Trung Mỹ Tây Quận 12,"8,65 tỷ","Đường Trung Mỹ Tây 9, Phường Trung Mỹ Tây, Quận 12, Hồ Chí Minh",72 m²,4 phòng,6 phòng,4 tầng,Sổ hồng,25/11/2025
"Bán nhà Đông Hưng Thuận Quận 12, cạnh khu dự án An Sương - 5m x 21m - 4 tỷ 880","4,88 tỷ","Đường Đông Hưng Thuận, Phường Tân Hưng Thuận, Quận 12, Hồ Chí Minh",102 m²,2 phòng,2 phòng,1 tầng,Sổ đỏ/ Sổ hồng,27/11/2025
[ QUẬN 12 ] HXH 5 M  CÓ 7 PHÒNG CHO THUÊ  90 M2 - THỚI AN LÊ VĂN KHƯƠNG  CHỈ 6 TỶ,6 tỷ,"Phường Thới An, Quận 12, Hồ Chí Minh",90 m²,11 phòng,11 phòng,3 tầng,Sổ đỏ/ Sổ hồng,26/11/2025
"NHÀ 2 TẦNG 95M (4.2 x 23) HẺM 5M NHỰA NGUYỄN ẢNH THỦ, Q12","5,68 tỷ","Đường Nguyễn Ảnh Thủ, Phường Hiệp Thành, Quận 12, Hồ Chí Minh",95 m²,5 phòng,3 phòng,2 tầng,Sổ đỏ/ Sổ hồng,27/11/2025
"Nhà 91.5m2 4,15tỷ hẻm ô tô ngay Hiệp Thành 13, 2PN - 3WC 1 trệt 1 lửng, phù hợp để ở và kinh doanh","4,15 tỷ","Đường Bùi Văn Ngữ, Phường Hiệp Thành, Quận 12, Hồ Chí Minh","91,5 m²",2 phòng,3 phòng,1 tầng,Sổ đỏ/ Sổ hồng,27/11/2025
"Cần bán gấp nhà phố 1trệt 1lầu diện tích 20m2, đường Nguyễn Văn Quá ,giá 1tỷ950,sổ hồng riêng.","1,95 tỷ","Đường Nguyễn Văn Quá, Phường Đông Hưng Thuận, Quận 12, Hồ Chí Minh",20 m²,2 phòng,1 phòng,2 tầng,Sổ đỏ/ Sổ hồng,13/11/2025
Bán nhà thạnh lộc 15 ngay ngã tư ga quận 12 giá rẻ,"4,6 tỷ","Đường Thạnh Lộc 15, Phường Thạnh Lộc, Quận 12, Hồ Chí Minh",72 m²,3 phòng,3 phòng,2 tầng,Sổ đỏ/ Sổ hồng,27/11/2025
Nhà mới ngang 5m Tân Thới Nhất 11 15m ra trường chinh bên lạc quang an sương,"6,6 tỷ","Đường Tân Thới Nhất 11, Phường Tân Thới Nhất, Quận 12, Hồ Chí Minh",65 m²,5 phòng,4 phòng,4 tầng,Sổ đỏ/ Sổ hồng,27/11/2025
"BÁN NHÀ MỚI 2 TẦNG HXH LÂM THỊ HỐ, TCH, Q12 - CHỈ 4.33 TỶ","4,33 tỷ","Đường Lâm Thị Hố, Phường Tân Chánh Hiệp, Quận 12, Hồ Chí Minh",48 m²,2 phòng,2 phòng,2 tầng,Sổ đỏ/ Sổ hồng,27/11/2025
"Bán nhà chính chủ lâu đời đường Nguyễn Văn Quá, Q12 hẻm ô tô thông, giá tốt cho khách thiện chí",5 tỷ,"Đường Nguyễn Văn Quá, Phường Đông Hưng Thuận, Quận 12, Hồ Chí Minh",100 m²,4 phòng,N/A,2 tầng,N/A,27/11/2025
4.35 tỷ - Nhà lầu TL19- 4.25m* 15m- Ngã Tư ga - phường Thạnh Lộc - Quận 12,"4,35 tỷ","Đường Thạnh Lộc 19, Phường Thạnh Lộc, Quận 12, Hồ Chí Minh","62,9 m²",2 phòng,2 phòng,2 tầng,Sổ đỏ/ Sổ hồng,24/11/2025
"BÁN NHÀ MỚI 2 TẦNG HXH LÂM THỊ HỐ, TCH, Q12 - CHỈ 4.33 TỶ","4,33 tỷ","Đường Lâm Thị Hố, Phường Tân Chánh Hiệp, Quận 12, Hồ Chí Minh",48 m²,2 phòng,2 phòng,2 tầng,Sổ đỏ/ Sổ hồng,27/11/2025
4.35 tỷ - Nhà lầu TL19- 4.25m* 15m- Ngã Tư ga - phường Thạnh Lộc - Quận 12,"4,35 tỷ","Đường Thạnh Lộc 19, Phường Thạnh Lộc, Quận 12, Hồ Chí Minh","62,9 m²",2 phòng,2 phòng,2 tầng,Sổ đỏ/ Sổ hồng,24/11/2025
"Nhà 3 tầng Thạnh Lộc 37 / P. Thạnh Lộc, Quận 12 DT 109m2 (5mx22m) giá chỉ 5,2tỷ","5,2 tỷ","Đường Thạnh Lộc 37, Phường Thạnh Lộc, Quận 12, Hồ Chí Minh",109 m²,3 phòng,3 phòng,3 tầng,Sổ hồng,27/11/2025
"Nhà bán vip đẹp đường Nguyễn Ảnh Thủ, Phường Hiệp Thành, Quận 12, Hồ Chí Minh","5,7 tỷ","Đường Nguyễn Ảnh Thủ, Phường Hiệp Thành, Quận 12, Hồ Chí Minh",64 m²,4 phòng,4 phòng,3 tầng,Sổ đỏ/ Sổ hồng,27/11/2025
"Bán gấp Nhà riêng 4PN, 4WC, 52m2 tại Thạnh Xuân 52, Q12, HCM, giá 4,65 tỷ","4,65 tỷ","Đường Thạnh Xuân 52, Phường Thạnh Xuân, Quận 12, Hồ Chí Minh",52 m²,4 phòng,4 phòng,2 tầng,Sổ đỏ/ Sổ hồng,27/11/2025
"Nhà đẹp Tân Chánh Hiệp, SHR, quận 12, Hồ Chí Minh","5,25 tỷ","Đường Lâm Thị Hố, Phường Tân Chánh Hiệp, Quận 12, Hồ Chí Minh",50 m²,4 phòng,4 phòng,3 tầng,Sổ đỏ/ Sổ hồng,27/11/2025
"3,68 tỷ- Nhà tl29- Ngã Tư ga 1km- phường Thạnh Lộc- Quận 12","3,68 tỷ","Đường Thạnh Lộc 29, Phường Thạnh Lộc, Quận 12, Hồ Chí Minh","34,5 m²",2 phòng,2 phòng,2 tầng,Sổ đỏ/ Sổ hồng,17/11/2025
"Bán nhà riêng tại 195/41 Tô Ngọc Vân, Thới An, Q12, HCM giá tốt, 6,5 tỷ, 112m2","6,5 tỷ","195/41 Đường Tô Ngọc Vân, Phường Thới An, Quận 12, Hồ Chí Minh",112 m²,N/A,N/A,3 tầng,Sổ đỏ/ Sổ hồng.,26/11/2025
NHÀ MỚI ĐÓN TẾT- GẦN HIỆP THÀNH CITY,"6,3 tỷ","Đường Lâm Thị Hố, Phường Tân Chánh Hiệp, Quận 12, Hồ Chí Minh",60 m²,4 phòng,5 phòng,3 tầng,N/A,27/11/2025
"BÁN GẤP NHÀ GÓC 2 MẶT TIỀN, KHU ĐỒNG BỘ, 5 TẦNG, HÀ HUY GIÁP, QUẬN 12, HXH THÔNG, SHR, 6 TỶ HƠN TL","6,95 tỷ","Đường Hà Huy Giáp, Phường Thới An, Quận 12, Hồ Chí Minh",56 m²,4 phòng,6 phòng,5 tầng,Sổ đỏ/ Sổ hồng,27/11/2025
HÀNG HIẾM TRƯƠNG THỊ HOA SAU LƯNG ST MEGA NGANG 5M DÀI 20M CHỈ 6.25 TỶ,"6,25 tỷ","Đường Trương Thị Hoa, Phường Tân Thới Hiệp, Quận 12, Hồ Chí Minh",100 m²,3 phòng,2 phòng,N/A,Sổ đỏ/ Sổ hồng,27/11/2025
Nhà phố TX25 full nội thất - phường Thạnh Xuân - Quận 12 - HCM,"6,45 tỷ","Đường Thạnh Xuân 25, Phường Thạnh Xuân, Quận 12, Hồ Chí Minh","53,5 m²",4 phòng,5 phòng,4 tầng,Sổ đỏ/ Sổ hồng,20/11/2025
Bán căn nha diện tích khung 4x28 ngay đường Trần Thị Năm full nội thất nhập khẩu Tân Chánh Hiệp Q12,"7,8 tỷ","Đường Trần Thị Năm, Phường Tân Chánh Hiệp, Quận 12, Hồ Chí Minh",115 m²,5 phòng,6 phòng,5 tầng,Sổ đỏ/ Sổ hồng,22/11/2025
"Bán Nhà Riêng giá tốt 6,49 tỷ tại Nguyễn Thị Sáu, Đường Hà Huy Giáp Vào 69,7m2, 5PN, 5WC, Q12, HCM","6,49 tỷ","Đường Nguyễn Thị Sáu, Phường Thạnh Lộc, Quận 12, Hồ Chí Minh","69,7 m²",5 phòng,5 phòng,4 tầng,Sổ đỏ/ Sổ hồng,27/11/2025
"Bán nhà Sổ Hồng riêng hàng hiếm tại Thạnh Lộc 15, 3,78 tỷ, 31m2, 4PN, 3WC, Q12, HCM","3,78 tỷ","Đường Thạnh Lộc 15, Phường Thạnh Lộc, Quận 12, Hồ Chí Minh",31 m²,4 phòng,3 phòng,3 tầng,Sổ đỏ/ Sổ hồng,27/11/2025
"NHÀ ĐẸP 5 TẦNG FULL NỘI THẤT HẺM Ô TÔ 2 CHIỀU NGUYỄN ẢNH THỦ, Q12","6,45 tỷ","Đường Trần Thị Năm, Phường Tân Chánh Hiệp, Quận 12, Hồ Chí Minh",50 m²,4 phòng,4 phòng,4 tầng,Sổ đỏ/ Sổ hồng,22/11/2025
"Khu dân cư cao cấp Hà Huy Giáp - 63m2 - 5 tầng - 5,78 tỷ (thương lượng)","5,78 tỷ","Đường Hà Huy Giáp, Phường Thạnh Lộc, Quận 12, Hồ Chí Minh",63 m²,N/A,N/A,5 tầng,Sổ hồng,27/11/2025
6.49 tỷ - Nhà phố TX24 - Tô Ngọc vân- phường Thạnh Xuân - Q12 (Gò Vấp 4km),"6,49 tỷ","Đường Thạnh Xuân 24, Phường Thạnh Xuân, Quận 12, Hồ Chí Minh",50 m²,4 phòng,5 phòng,5 tầng,Sổ đỏ/ Sổ hồng,24/11/2025
Bán căn nhảy ngay 1/ Nguyễn thi kiểu doi diện Truong học lê văn thọ,"5,98 tỷ","Đường Nguyễn Thị Kiểu, Phường Tân Thới Hiệp, Quận 12, Hồ Chí Minh",52 m²,4 phòng,4 phòng,4 tầng,Sổ đỏ/ Sổ hồng,22/11/2025
Siêu phẩm hiệp thanh 13 đẹp lòng lanh vào o ngay full đầy đủ nội thất,"5,67 tỷ","Đường Hiệp Thành 13, Phường Hiệp Thành, Quận 12, Hồ Chí Minh",50 m²,4 phòng,4 phòng,4 tầng,Sổ đỏ/ Sổ hồng,22/11/2025
Bán căn nhà phố ngay 1/ Huỳnh Thị Hai thông ra Nguyễn Ảnh Thủ Q12,"6,19 tỷ","Đường Huỳnh Thị Hai, Phường Tân Chánh Hiệp, Quận 12, Hồ Chí Minh",55 m²,4 phòng,4 phòng,4 tầng,Sổ đỏ/ Sổ hồng,23/11/2025
Bán căn nhà ngay HL80B hiệp thành Quan 12 Gia siêu tốt dg thong 8m,"5,99 tỷ","Đường Hương Lộ 80B, Phường Hiệp Thành, Quận 12, Hồ Chí Minh",96 m²,4 phòng,4 phòng,3 tầng,Sổ đỏ/ Sổ hồng,23/11/2025
Bán căn nhà cho thu nhập ngang 5m ngay Hiệp Thành Q12,5 tỷ,"Đường Bùi Văn Ngữ, Phường Hiệp Thành, Quận 12, Hồ Chí Minh",97 m²,3 phòng,2 phòng,2 tầng,Sổ đỏ/ Sổ hồng,24/11/2025
"Bán nhà cấp 4 SHR - hẻm xe hơi 5m cực hiếm Hiệp Thành, Q12","3,85 tỷ","Đường Lê Văn Khương, Phường Hiệp Thành, Quận 12, Hồ Chí Minh",53 m²,2 phòng,1 phòng,1 tầng,Sổ đỏ/ Sổ hồng,25/11/2025
"Siêu phẩm nhà phố 1/ thông Huỳnh Thi Hai, Trung Mỹ Tây, nhỉnh 6 tỷ","6,2 tỷ","1/, Đường Huỳnh Thị Hai, Phường Trung Mỹ Tây, Quận 12, Hồ Chí Minh",55 m²,4 phòng,5 phòng,4 tầng,Sổ đỏ/ Sổ hồng,25/11/2025
"BÁN NHÀ TRƯỜNG CHINH - NGUYỄN VĂN QUÁ - 3 TẦNG.
GIÁ CHỈ 5.5Tỷ","5,5 tỷ","Đường Nguyễn Văn Quá, Phường Đông Hưng Thuận, Quận 12, Hồ Chí Minh",68 m²,2 phòng,3 phòng,3 tầng,N/A,27/11/2025
"Bán nhà phố sân vườn mới full nội thất Thạnh Xuân 22, Q12. DT: 7,7x19 khu đồng bộ đường 8m, 8tỷ3","8,3 tỷ","Đường Thạnh Xuân 22, Phường Thạnh Xuân, Quận 12, Hồ Chí Minh",120 m²,4 phòng,5 phòng,3 tầng,Sổ đỏ/ Sổ hồng,27/11/2025
"Bán nhà riêng quận 12 full nội thất 4PN, 5WC, 72m2 CN 70m2 tại An Phú Đông, giá siêu hời 7,35 tỷ","7,35 tỷ","Đường An Phú Đông 35, Phường An Phú Đông, Quận 12, Hồ Chí Minh",72 m²,4 phòng,5 phòng,4 tầng,Sổ đỏ/ Sổ hồng,27/11/2025
4.35tỷ - Nhà phố - TX40 - Hà Huy Giáp 300m - phường Thạnh Xuân - Q12 (3 P. Ngủ - Ngã tư Ga 2.5km),"4,35 tỷ","Đường Thạnh Xuân 40, Phường Thạnh Xuân, Quận 12, Hồ Chí Minh",66 m²,3 phòng,2 phòng,2 tầng,Sổ đỏ/ Sổ hồng.,17/11/2025
"Bán nhà mặt tiền hẻm kinh doanh Tô Ngọc Vân, 3 tầng ngang 4.6m, chỉ 6.29 tỷ TL","6,29 tỷ","Đường Tô Ngọc Vân, Phường Thới An, Quận 12, Hồ Chí Minh","71,1 m²",3 phòng,4 phòng,3 tầng,Sổ đỏ/ Sổ hồng,17/11/2025
"Siêu phẩm nhà phố Thanh Xuân 25, full nội thất Thanh Xuân - Quận 12","6,49 tỷ","Đường Thạnh Xuân 25, Phường Thạnh Xuân, Quận 12, Hồ Chí Minh",56 m²,4 phòng,6 phòng,5 tầng,Sổ đỏ/ Sổ hồng,26/11/2025
"Bán nhà SHR mặt tiền đường 362 Hiệp Thành 13 P. Hiệp Thành Q12 - DT 110,6m2 - giá chỉ 6 tỷ 250tr TL","6,25 tỷ","Đường 362 Hiệp Thành 13, Phường Hiệp Thành, Quận 12, Hồ Chí Minh","110,6 m²",2 phòng,2 phòng,1 tầng,Sổ đỏ/ Sổ hồng,21/11/2025
Nhà trệt lầu TX33 - Ngã Tư Ga 2km - phường Thạnh xuân - Q12 (4m* 15m),"4,3 tỷ","Đường Thạnh Xuân 33, Phường Thạnh Xuân, Quận 12, Hồ Chí Minh","55,2 m²",2 phòng,2 phòng,2 tầng,Sổ đỏ/ Sổ hồng,19/11/2025
"Bán căn nhà cấp 4 rộng rãi đường Thới An 20 P. Thới An Quận 12 - DT đất rộng 62m2 - giá chỉ 3,1 tỷ","3,1 tỷ","Đường Thới An 20, Phường Thới An, Quận 12, Hồ Chí Minh",62 m²,4 phòng,2 phòng,2 tầng,Sổ đỏ/ Sổ hồng,19/11/2025
"Nhà phố 4,5x19m 1lững 3 lầu đường 6m , 1/ ngắn Thạnh xuân 25, gần ủy ban Phường","7,59 tỷ","Đường Thạnh Xuân 25, Phường Thạnh Xuân, Quận 12, Hồ Chí Minh",85 m²,5 phòng,5 phòng,4 tầng,Sổ đỏ/ Sổ hồng,27/11/2025
Bán nhà phố đồng bộ 4x12m 1lửng 3 lầu đường 8m thông Tân Thới Hiệp 13 gần Toà án Viện Kiểm soát Q12,"6,49 tỷ","Đường Tân Thới Hiệp 13, Phường Tân Thới Hiệp, Quận 12, Hồ Chí Minh",47 m²,5 phòng,5 phòng,4 tầng,Sổ đỏ/ Sổ hồng,25/11/2025
"Bán nhà SHR 2 lầu đúc BTCT đường Đông Bắc P. Tân Chánh Hiệp Quận 12 thông tứ tung giá 5,69 tỷ TL","5,69 tỷ","Đường Đông Bắc, Phường Tân Chánh Hiệp, Quận 12, Hồ Chí Minh","53,5 m²",3 phòng,3 phòng,3 tầng,Sổ đỏ/ Sổ hồng,25/11/2025
"Siêu phẩm chân dài 4x28m sân vườn đẹp, chil chill thư giản, thang máy+ full nội thất Thạnh Xuân 25","9,89 tỷ","Đường Thạnh Xuân 25, Phường Thạnh Xuân, Quận 12, Hồ Chí Minh",110 m²,4 phòng,6 phòng,5 tầng,Sổ đỏ/ Sổ hồng,27/11/2025
"Nhà 4 tầng TẶNG FULL NỘI THẤT đường THỚI AN 13, Q12, dt 93m2 (5mx19m) Hẻm 5m giá 6,7Tỷ.","6,7 tỷ","Đường Thới An 13, Phường Thới An, Quận 12, Hồ Chí Minh",93 m²,N/A,N/A,4 tầng,Sổ hồng,27/11/2025
"BÁN NHÀ DT 4x25 1TR 3LẦU SÂN XE HƠI 1/NGẮN THẠNH LỘC 37, QUẬN 12. NHÀ FULL NỘI THẤT GIÁ CHỈ 6TỶ480","6,48 tỷ","Đường Thạnh Lộc 37, Phường Thạnh Lộc, Quận 12, Hồ Chí Minh","91,9 m²",4 phòng,5 phòng,3 tầng,Sổ đỏ/ Sổ hồng,27/11/2025
"Nhà 4x14m 1/ ngắn hẻm 5m xe hơi Lâm Thị Hố, Tân chánh hiệp, sát bên Hiêp thành city , Q12","5,49 tỷ","Đường Lâm Thị Hố, Phường Tân Chánh Hiệp, Quận 12, Hồ Chí Minh",51 m²,4 phòng,3 phòng,3 tầng,Sổ đỏ/ Sổ hồng,22/11/2025
"Bán nhà 1/ ngắn Nguyễn Thị Kiểu. DT: 5m x 18m, nhà 2 lầu ST. Đường 6m giá 6.2 tỷ","6,2 tỷ","Đường Nguyễn Thị Kiểu, Phường Tân Thới Hiệp, Quận 12, Hồ Chí Minh",85 m²,N/A,N/A,4 tầng,Sổ đỏ/ Sổ hồng,27/11/2025
"BÁN NHÀ 2 TẦNG HẺM XE HƠI HUỲNH THỊ HAI Q12 GIÁ RẺ 3,8 TỶ
DIỆN TÍCH 60M2 (4x15)","3,8 tỷ","Đường Huỳnh Thị Hai, Phường Tân Chánh Hiệp, Quận 12, Hồ Chí Minh",60 m²,2 phòng,2 phòng,2 tầng,Sổ đỏ/ Sổ hồng,27/11/2025
"Nhà 4 tầng Đường Hà Huy Giap / P. Thạnh Xuân, Quận.12 dt 67m2 (4,4mx16m) Hẻm 5m già chỉ 6tỷ",6 tỷ,"Đường Hà Huy Giáp, Phường Thạnh Xuân, Quận 12, Hồ Chí Minh",67 m²,N/A,N/A,4 tầng,Sổ hồng,27/11/2025
"Nhà 125 m2, chỉ 7 tỷ 5 , đường Nguyễn ánh Thủ, gọi ngay Ngà nhà phố Q 12","7,5 tỷ","Đường Nguyễn Ảnh Thủ, Phường Trung Mỹ Tây, Quận 12, Hồ Chí Minh",125 m²,4 phòng,6 phòng,4 tầng,Sổ đỏ/ Sổ hồng,27/11/2025
"Bán nhà 2 tầng hẻm xe hơi Lê Văn Khương Quận 12 giá rẻ 5,5 tỷ, diện tích 110m2 (4x27) nở hậu 4,2m","5,5 tỷ","Đường Lê Văn Khương, Phường Thới An, Quận 12, Hồ Chí Minh",110 m²,3 phòng,2 phòng,2 tầng,Sổ đỏ/ Sổ hồng,27/11/2025
Nhà đẹp nhựa hiệp thành 45 quan 12 gần ngay nha may bia tiger,"5,69 tỷ","Đường Hiệp Thành 45, Phường Hiệp Thành, Quận 12, Hồ Chí Minh",50 m²,4 phòng,4 phòng,3 tầng,Sổ đỏ/ Sổ hồng,27/11/2025
1/ Lâm Thị Hố - Ngay Hiệp Thành City,"2,75 tỷ","Đường Lâm Thị Hố, Phường Tân Chánh Hiệp, Quận 12, Hồ Chí Minh",40 m²,2 phòng,2 phòng,2 tầng,Sổ đỏ/ Sổ hồng,26/11/2025
Nhà mới xây full nội thất cách chợ Cầu Đồng khoảng 70m. Cách Gò Vấp 5p đi xe,"7,15 tỷ","Đường Thạnh Lộc 27, Phường Thạnh Lộc, Quận 12, Hồ Chí Minh",62 m²,4 phòng,6 phòng,4 tầng,Sổ đỏ/ Sổ hồng,26/11/2025
"Bán nhà 4x10m, 1 lầu, hẻm 3m, sát Galaxy Nguyễn Văn Quá, Q12","3,4 tỷ","Hẻm 715, Đường Nguyễn Văn Quá, Phường Đông Hưng Thuận, Quận 12, Hồ Chí Minh","38,4 m²",2 phòng,1 phòng,1 tầng,Sổ đỏ/ Sổ hồng,21/11/2025
"Biệt thự mini 5 tầng có thang máy nội thất cao cấp Tân Chánh Hiệp, Q12","11,45 tỷ","Đường Trần Thị Năm, Phường Tân Chánh Hiệp, Quận 12, Hồ Chí Minh",88 m²,6 phòng,8 phòng,5 tầng,Sổ đỏ/ Sổ hồng,27/11/2025
6.55 tỷ - Nhà phố - TL37 - 4.9m*17m - phường Thạnh Lộc - quận 12 (trệt lửng 2 lầu - có sân thượng),"6,55 tỷ","Đường Thạnh Lộc 37, Phường Thạnh Lộc, Quận 12, Hồ Chí Minh","80,8 m²",3 phòng,4 phòng,4 tầng,Sổ đỏ/ Sổ hồng.,19/11/2025
Mặt tiền hẻm thông tứ tung cách chợ 03 - 07 chỉ 100m,"6,45 tỷ","Đường Nguyễn Thị Búp, Phường Tân Chánh Hiệp, Quận 12, Hồ Chí Minh","75,9 m²",3 phòng,4 phòng,3 tầng,Sổ đỏ/ Sổ hồng,26/11/2025
"Chủ kẹt bán nhà kiên cố 2 tầng rưỡi - 122m2 đất ngang 4,7m-đường thông oto lớn ngay Dìn Ký Sông SG",Thỏa thuận,"Đường Hà Huy Giáp, Phường Thạnh Lộc, Quận 12, Hồ Chí Minh",122 m²,4 phòng,3 phòng,3 tầng,Sổ đỏ/ Sổ hồng,27/11/2025
"Nhà Trường Chinh thông ra Song Hành Q12 - đường nhựa hẻm xe hơi - cách Song Hành, 20m ra","6,49 tỷ","Đường Trường Chinh, Phường Tân Hưng Thuận, Quận 12, Hồ Chí Minh",73 m²,2 phòng,2 phòng,2 tầng,Sổ đỏ/ Sổ hồng,27/11/2025
Giảm 300tr bán nhà 4*22m(sổ vuông vức) 2 mặt tiền hẻm. Gần BV quận 12 - Mega Hiệp Phú - Hẻm xe tải,"5,6 tỷ","Đường Tân Chánh Hiệp 13, Phường Tân Chánh Hiệp, Quận 12, Hồ Chí Minh",88 m²,3 phòng,2 phòng,2 tầng,Sổ đỏ/ Sổ hồng,25/11/2025
"Nhà 4 lầu hẻm 8m khu dân cư đồng bộ sát MT đường Hà Huy Giáp Quận 12 - DT 63m2 - 5,78 tỷ","5,78 tỷ","Đường Hà Huy Giáp, Phường An Phú Đông, Quận 12, Hồ Chí Minh",63 m²,5 phòng,4 phòng,5 tầng,Sổ đỏ/ Sổ hồng,27/11/2025
"Bán đất tặng 6 phòng trọ mới - 120m2 - Nguyễn Văn Quá ĐHT - giá chỉ 5,5 tỷ","5,5 tỷ","Đường Nguyễn Văn Quá, Phường Đông Hưng Thuận, Quận 12, Hồ Chí Minh",120 m²,N/A,N/A,N/A,Sổ đỏ/ Sổ hồng,21/11/2025
"Ngộp bank chỉ 28tr/m2 CHDV 4 tầng, 21x70m DT sàn 2.100m2, hoàn công, vị trí đẹp giá siêu tôt",42 tỷ,"Đường Thạnh Lộc 15, Phường Thạnh Lộc, Quận 12, Hồ Chí Minh",1.500 m²,100 phòng,101 phòng,4 tầng,Sổ đỏ/ Sổ hồng.,17/11/2025
"BÁN NHÀ HXH NGỦ TRONG NHÀ - 57M2 - PHAN VĂN HỚN TTN Q12 - GIÁ CHỈ 5,9TỶ","5,9 tỷ","Đường Tân Thới Nhất, Phường Tân Thới Nhất, Quận 12, Hồ Chí Minh",57 m²,3 phòng,2 phòng,3 tầng,Sổ đỏ/ Sổ hồng,15/11/2025
Lô góc 3 mặt tiền - Lê Văn Khương - Quận 12 - chỉ 6.6 tỷ,"6,6 tỷ","Đường Lê Văn Khương, Phường Hiệp Thành, Quận 12, Hồ Chí Minh","80,3 m²",3 phòng,2 phòng,2 tầng,N/A,27/11/2025
"Bán nhà Song Hành ĐHT - 116m2 - giá chỉ 4,5tỷ","4,5 tỷ","Đường Đông Hưng Thuận, Phường Đông Hưng Thuận, Quận 12, Hồ Chí Minh",116 m²,3 phòng,1 phòng,N/A,Sổ đỏ/ Sổ hồng,13/11/2025
"Bán nhà HXH - 103m2 - Tân Thới Nhất gần chợ Lạc Quang - giá chỉ 5,2 tỷ","5,2 tỷ","Đường Tân Thới Nhất, Phường Tân Thới Nhất, Quận 12, Hồ Chí Minh",103 m²,2 phòng,1 phòng,N/A,Sổ đỏ/ Sổ hồng,12/11/2025
"BÁN NHÀ HXH - 4X21M - TRƯỜNG CHINH GẦN AN SƯƠNG - GIÁ CHỈ 5,2TỶ","5,2 tỷ","Đường Trường Chinh, Phường Tân Thới Nhất, Quận 12, Hồ Chí Minh",84 m²,3 phòng,2 phòng,2 tầng,Sổ đỏ/ Sổ hồng,12/11/2025
BÁN NHÀ HXH - 107M2 - PHAN VĂN HƠN GẦN KHU 38HA - GIÁ CHỈ 6TỶ,6 tỷ,"Đường Phan Văn Hớn, Phường Tân Thới Nhất, Quận 12, Hồ Chí Minh",107 m²,2 phòng,1 phòng,N/A,Sổ đỏ/ Sổ hồng,12/11/2025
"BÁN NHÀ HXT - 40M2 - TTN RA PHAN VĂN HỚN - GIÁ CHỈ 5,2TỶ","5,2 tỷ","Đường Tân Thới Nhất, Phường Tân Thới Nhất, Quận 12, Hồ Chí Minh",40 m²,2 phòng,2 phòng,2 tầng,Sổ đỏ/ Sổ hồng,18/11/2025
"Bán nhà 3 lầu tại Hà Huy Giáp Thạnh Xuân, 4,6 tỷ, 51m2, 4PN,","4,6 tỷ","Thạnh Xuân, Thạnh Xuân, Quận 12, Hồ Chí Minh",51 m²,4 phòng,N/A,N/A,Sổ đỏ/ Sổ hồng,27/11/2025
Bán nhà đẹp đường Trương Thị Hoa phường Tân Thới Hiệp Quận 12,"7,69 tỷ","Đường Trương Thị Hoa, Phường Tân Thới Hiệp, Quận 12, Hồ Chí Minh",56 m²,4 phòng,5 phòng,4 tầng,Sổ hồng,24/11/2025
"Nhà đẹp P. Thạnh Xuân Q12, đường nhựa 8m, 80m2, 2PN, sổ riêng, giá 7 tỷ TL chính chủ",7 tỷ,"Phường Thạnh Xuân, Quận 12, Hồ Chí Minh",80 m²,2 phòng,2 phòng,N/A,Sổ hồng,27/11/2025
"Nhà 1,5 tầng 82m(4x21M) đường Hà Huy Giáp, phường Thạnh Lộc, Q12 Sổ riêng. Dòng tiền 5tr/th","4,5 tỷ","Đường Hà Huy Giáp, Phường Thạnh Lộc, Quận 12, Hồ Chí Minh",82 m²,3 phòng,N/A,2 tầng,Sổ đỏ/ Sổ hồng,27/11/2025
Nhà bán ngay Lê Văn Khương quận 12 75.7m2 4.8 tỷ hẻm xe tải - gần chợ,"4,8 tỷ","Đường Hiệp Thành 13, Phường Tân Thới Hiệp, Quận 12, Hồ Chí Minh","75,7 m²",2 phòng,1 phòng,N/A,Có sổ.,25/11/2025
"Nhà góc 2 mặt tiền 12x16m tại Vườn Lài,, giá cực chất Liên hệ0919 036 ***",Thỏa thuận,"Đường An Phú Đông 10, Phường An Phú Đông, Quận 12, Hồ Chí Minh",192 m²,4 phòng,5 phòng,3 tầng,Sổ đỏ/ Sổ hồng,27/11/2025
"Nhà HXH giáp Dương Thị Mười - Q12 - DT 90 m2 - chỉ 4,15 tỷ","4,15 tỷ","Đường Huỳnh Thị Hai, Phường Tân Chánh Hiệp, Quận 12, Hồ Chí Minh",90 m²,N/A,N/A,N/A,N/A,27/11/2025
"Nhà hẻm xe hơi, Huỳnh Thị Hai Q12, 5m x 16m - Nhỉnh 4 tỷ thương lượng","4,35 tỷ","Đường Huỳnh Thị Hai, Phường Tân Chánh Hiệp, Quận 12, Hồ Chí Minh",80 m²,2 phòng,N/A,2 tầng,Sổ đỏ/ Sổ hồng,27/11/2025
Nhà 1 lầu gần Co.op Mart Phan Văn Hớn bán nhanh chỉ 980 triệu,980 triệu,"Đường Phan Văn Hớn, Phường Đông Hưng Thuận, Quận 12, Hồ Chí Minh",19 m²,2 phòng,N/A,2 tầng,Sổ chung,21/11/2025
"Bao quy hoạch, nhà 4 tầng Tô Ngọc Vân Q12 sổ hồng riêng, sang tên ngay",Thỏa thuận,"Đường Tô Ngọc Vân, Phường Thạnh Xuân, Quận 12, Hồ Chí Minh",50 m²,N/A,N/A,4 tầng,Sổ đỏ/ Sổ hồng,27/11/2025
Nhà phố khu Vip TX25 - Ủy ban phường Thạnh Xuân - Ngã Tư Ga 2km - Quận 12 - Hồ Chí Minh,"6,3 tỷ","Đường Thạnh Xuân 25, Phường Thạnh Xuân, Quận 12, Hồ Chí Minh","55,5 m²",5 phòng,4 phòng,4 tầng,Sổ đỏ/ Sổ hồng,17/11/2025
Căn hộ dịch vụ Vườn Lài (23 phòng) thu nhập 92tr/tháng,"16,5 tỷ","Đường Vườn Lài, Phường An Phú Đông, Quận 12, Hồ Chí Minh",167 m²,23 phòng,23 phòng,5 tầng,Sổ đỏ/ Sổ hồng,27/11/2025
"Siêu phẩm 4m x 18m, full nội thất ô thang máy, 1/ hẻm nhựa 8m thông Trung Mỹ Tây 9","8,59 tỷ","1/, Đường Trung Mỹ Tây 9, Phường Trung Mỹ Tây, Quận 12, Hồ Chí Minh",72 m²,4 phòng,6 phòng,4 tầng,Sổ đỏ/ Sổ hồng,21/11/2025
"Bán nhà Hẻm xe hơi, Đông Hưng Thuận 15, Quận 12 DT : 4x16 4 tầng mát mẻ và an ninh","6,95 tỷ","Đường Đông Hưng Thuận 15, Phường Đông Hưng Thuận, Quận 12, Hồ Chí Minh",64 m²,3 phòng,2 phòng,3 tầng,Sổ đỏ/ Sổ hồng,17/11/2025
Nhà phố 4m x 16m. Xây 1 lửng 3 lầu Full Nội Thất. 1/ Hẻm 6m thông Đường Tân Chánh Hiệp 18,"6,65 tỷ","Đường Tân Chánh Hiệp 18, Phường Tân Chánh Hiệp, Quận 12, Hồ Chí Minh",60 m²,4 phòng,5 phòng,5 tầng,Sổ đỏ/ Sổ hồng,19/11/2025
Nhà phố 4 tầng Full Nội Thất Hẻm nhựa 7m Đường Dương Thị Mười,"6,98 tỷ","Đường Dương Thị Mười, Phường Tân Chánh Hiệp, Quận 12, Hồ Chí Minh",52 m²,4 phòng,5 phòng,4 tầng,Sổ đỏ/ Sổ hồng,23/11/2025
"Nhà phố 5m x 20m, đúc 3 lầu hẻm 6m thông Thới An 13","6,45 tỷ","Đường Thới An 13, Phường Thới An, Quận 12, Hồ Chí Minh",93 m²,5 phòng,4 phòng,3 tầng,Sổ đỏ/ Sổ hồng,20/11/2025
Nhà đẹp SHR 5m x 10m. Đúc 1 Lầu Tặng full Nội Thất 1/ Ngắn Đường Thới An 11,"4,57 tỷ","Đường Thới An 11, Phường Thới An, Quận 12, Hồ Chí Minh",48 m²,2 phòng,2 phòng,2 tầng,Sổ đỏ/ Sổ hồng,25/11/2025
Nhà phố 3 tầng Hẻm 7m Đường Thới An 16. Ngay Ngã ba Lê Văn Khương,"5,68 tỷ","Đường Thới An 16, Phường Thới An, Quận 12, Hồ Chí Minh",51 m²,4 phòng,3 phòng,3 tầng,Sổ đỏ/ Sổ hồng,18/11/2025
"Nhà phố 3 tầng 4m Nở hậu 5,5m x 15m. 1/ Hẻm 6m Đường Nguyễn Thị Đặng","5,89 tỷ","Đường Nguyễn Thị Đặng, Phường Hiệp Thành, Quận 12, Hồ Chí Minh",63 m²,4 phòng,3 phòng,3 tầng,Sổ đỏ/ Sổ hồng,26/11/2025
"Hàng hiếm nhà SHR 10m x 25m, đúc 1 lầu 1/ hẻm 6m đường Nguyễn Thị Kiểu","12,89 tỷ","Đường Nguyễn Thị Kiểu, Phường Tân Thới Hiệp, Quận 12, Hồ Chí Minh",247 m²,3 phòng,N/A,2 tầng,Sổ hồng,24/11/2025
Nhà Khu Phân Lô-Bùi Văn Ngữ Q12-6m x 14m-96m2 - Nhỉnh 5 ty thương lượng,"5,6 tỷ","Đường Bùi Văn Ngữ, Phường Hiệp Thành, Quận 12, Hồ Chí Minh",84 m²,4 phòng,4 phòng,3 tầng,Sổ đỏ/ Sổ hồng,27/11/2025
Nhà phố 3 tầng hẻm 6m Đường Nguyễn Thị Kiểu. Ngay Trường Lê Văn Thọ,"5,95 tỷ","Đường Nguyễn Thị Kiểu, Phường Hiệp Thành, Quận 12, Hồ Chí Minh",52 m²,4 phòng,3 phòng,3 tầng,Sổ đỏ/ Sổ hồng,23/11/2025
"Nhà phố diện tích khủng 4,7m x 33m. 3 tầng hẻm nhựa 12m đường Nguyễn Ảnh Thủ","6,48 tỷ","Đường Nguyễn Ảnh Thủ, Phường Hiệp Thành, Quận 12, Hồ Chí Minh",86 m²,4 phòng,5 phòng,3 tầng,Sổ đỏ/ Sổ hồng,23/11/2025
"Nhà 1 lầu 2 phòng ngủ đường Lê Thị Riêng, gần nhà máy bia Tiger 998tr",998 triệu,"Đường Lê Thị Riêng, Phường Thới An, Quận 12, Hồ Chí Minh",20 m²,2 phòng,N/A,2 tầng,N/A,25/11/2025
Biệt thự mini 9m x 19m 2 lầu đường 10m thông khu biệt thự Lê Văn Khương. Sát bia Tiger,"12,99 tỷ","Đường Lê Văn Khương, Phường Hiệp Thành, Quận 12, Hồ Chí Minh",171 m²,3 phòng,4 phòng,3 tầng,Sổ đỏ/ Sổ hồng,20/11/2025
"Bán nhà 2 tầng FULL NỘI THẤT đường TL15, phường THẠNH LỘC,Q12, dt 61,2m²(4x15,5). Hẻm 7m",Thỏa thuận,"Phường Thạnh Lộc, Quận 12, Hồ Chí Minh",61 m²,N/A,N/A,N/A,Sổ đỏ/ Sổ hồng,27/11/2025
"Siêu phẩm 5 tầng 4m x 28m. Có thang máy, sân vườn chill Đường Thạnh Xuân 25","9,98 tỷ","Đường Thạnh Xuân 25, Phường Thạnh Xuân, Quận 12, Hồ Chí Minh",110 m²,4 phòng,6 phòng,5 tầng,Sổ đỏ/ Sổ hồng,16/11/2025
Lên sóng siêu phẩm 4 tầng full nội thất đường nhựa 8m đường Huỳnh Thị Hai,"6,25 tỷ","Đường Huỳnh Thị Hai, Phường Tân Chánh Hiệp, Quận 12, Hồ Chí Minh","57,2 m²",4 phòng,4 phòng,4 tầng,Sổ đỏ/ Sổ hồng,15/11/2025
Siêu phẩm 4 tầng full nội thất hẻm nhựa 6m thông đường Tân Chánh Hiệp 10,"7,5 tỷ","Hẻm 403, Đường Tân Chánh Hiệp 10, Phường Tân Chánh Hiệp, Quận 12, Hồ Chí Minh",55 m²,4 phòng,5 phòng,4 tầng,Sổ đỏ/ Sổ hồng,20/11/2025
"Bán nhà riêng tại Phan Văn Hớn, Tân Thới Nhất, Quận 12, HCM, 32m2",Thỏa thuận,"Đường Phan Văn Hớn, Phường Tân Thới Nhất, Quận 12, Hồ Chí Minh",32 m²,2 phòng,2 phòng,1 tầng,Sổ đỏ/ Sổ hồng,22/11/2025
Tiện đi học đi làm gần chợ: Nhà 3 tầng đường TL27 Thạnh Lộc Q12 4PN 6.3 tỷ,"6,3 tỷ","Phường Thạnh Lộc, Quận 12, Hồ Chí Minh","62,2 m²",4 phòng,N/A,3 tầng,Sổ đỏ/ Sổ hồng,27/11/2025
Lên sóng 05 căn siêu phẩm 4 tầng có thang máy hẻm nhựa 8m thông Lê Thị Riêng,"7,68 tỷ","Đường Lê Thị Riêng, Phường Thới An, Quận 12, Hồ Chí Minh",68 m²,4 phòng,6 phòng,4 tầng,Sổ đỏ/ Sổ hồng,14/11/2025
Siêu phẩm 4m x 25m. Có sần vườn 4 tầng full nội thất 1/ hẻm nhựa 8m đường TCH 18,"7,59 tỷ","Đường Tân Chánh Hiệp 18, Phường Tân Chánh Hiệp, Quận 12, Hồ Chí Minh",100 m²,4 phòng,6 phòng,5 tầng,Sổ đỏ/ Sổ hồng,18/11/2025
"Nhà SHR 287,3m2 (7,7m x 38m). Hẻm xe hơi đường Hiệp Thành 13","8,98 tỷ","Đường Hiệp Thành 13, Phường Hiệp Thành, Quận 12, Hồ Chí Minh","287,3 m²",2 phòng,N/A,N/A,Sổ đỏ/ Sổ hồng,22/11/2025
"Nhà phố 4,2m nở hậu 5,2m x 17m. Đúc 3 lầu 1/ Hẻm nhựa 7m đường Hiệp Thành 07","5,79 tỷ","Đường Hiệp Thành 7, Phường Hiệp Thành, Quận 12, Hồ Chí Minh",74 m²,4 phòng,5 phòng,3 tầng,Sổ đỏ/ Sổ hồng,19/11/2025
Siêu phẩm 4m x 20m. 5 tầng Ô thang máy Full Nội Thất Hẻm nhựa 10m Đường Trần Thị Năm ( TCH 10),"7,78 tỷ","Đường Trần Thị Năm, Phường Tân Chánh Hiệp, Quận 12, Hồ Chí Minh",80 m²,4 phòng,6 phòng,5 tầng,Sổ đỏ/ Sổ hồng,16/11/2025
"Bán nhà riêng tại đường Hiệp Thành 13, Quận 12, Hồ Chí Minh, giá ưu đãi 40m2",Thỏa thuận,"Đường Hiệp Thành 13, Phường Hiệp Thành, Quận 12, Hồ Chí Minh",40 m²,2 phòng,2 phòng,1 tầng,Sổ đỏ/ Sổ hồng,12/11/2025
"Nhà phố 1 lửng 3 lầu, full nội thất hẻm 8m thông Nguyễn Ảnh Thủ","6,15 tỷ","Đường Nguyễn Ảnh Thủ, Phường Hiệp Thành, Quận 12, Hồ Chí Minh",55 m²,4 phòng,5 phòng,4 tầng,Sổ đỏ/ Sổ hồng,19/11/2025
Nhà phố 1 lửng 2 lầu Full nội thất 1/ Hẻm nhựa 7m KDC đồng Bộ Hiệp Thành 05,"4,85 tỷ","Đường Hiệp Thành 5, Phường Hiệp Thành, Quận 12, Hồ Chí Minh",45 m²,3 phòng,3 phòng,3 tầng,Sổ đỏ/ Sổ hồng,20/11/2025
"Bán nhà hẻm xe hơi 1 / đường Phan Văn Hớn gần Cầu Tham Lương Q12, giá: 979tr",979 triệu,"Đường Phan Văn Hớn, Phường Tân Thới Nhất, Quận 12, Hồ Chí Minh",24 m²,2 phòng,1 phòng,2 tầng,Sổ đỏ/ Sổ hồng,25/11/2025
"Nhà Đẹp SHR 4,2m x 11m, 46,2m2, đúc 1 lầu 1/ ngắn hẻm xe hơi Tân Thới Hiệp 9","4,58 tỷ","Đường Tân Thới Hiệp 9, Phường Tân Thới Hiệp, Quận 12, Hồ Chí Minh","46,2 m²",2 phòng,2 phòng,2 tầng,Sổ đỏ/ Sổ hồng,26/11/2025
Bán nhà cấp 4 tạm hẻm 5m thông hai mặt diện tích 6x15 hướng Đông giá 5.750ty LH0919 147 ***,"5,75 tỷ","Đường Lâm Thị Hố, Phường Tân Chánh Hiệp, Quận 12, Hồ Chí Minh",90 m²,1 phòng,1 phòng,1 tầng,Sổ đỏ/ Sổ hồng.,27/11/2025
"3,95 Tỷ có nhà TX24 ,Q12 HẺM Ô TÔ  1,5 TẦNG TIỆN Ở NGAY, SỔ RIÊNG","3,95 tỷ","Phường Thạnh Xuân, Quận 12, Hồ Chí Minh",48 m²,N/A,N/A,N/A,Sổ đỏ/ Sổ hồng,27/11/2025
"Bán SH riêng 264m2, giá 12,55 tỷ, Hương Lộ 80, Hiệp Thành, Q12, HCM, đường 8m, LH0919 147 ***","12,55 tỷ","Đường Hương lộ  80, Phường Hiệp Thành, Quận 12, Hồ Chí Minh",264 m²,2 phòng,1 phòng,1 tầng,Sổ đỏ/ Sổ hồng,27/11/2025
"Bán nhà cấp 4 ngay cầu An Lộc: đúc mái 4,5x22.5 CN9 hẻm 6m xe hơi giá 6,8 tỷ","6,8 tỷ","Đường Hà Huy Giáp, Phường Thạnh Lộc, Quận 12, Hồ Chí Minh",99 m²,1 phòng,1 phòng,N/A,N/A,27/11/2025
"Bán gấp nhà riêng tại Tân Chánh Hiệp 13, Huỳnh thị hai 3,85 tỷ, 59m2, 3PN, 2WC kh0919 147 ***","3,85 tỷ","Đường Tân Chánh Hiệp 13, Phường Tân Chánh Hiệp, Quận 12, Hồ Chí Minh",59 m²,3 phòng,2 phòng,2 tầng,Sổ đỏ/ Sổ hồng,17/11/2025
Nhà sổ hồng riêng đường Tô Ký - Giá tốt,"3,35 tỷ","Đường Tô Ký, Phường Trung Mỹ Tây, Quận 12, Hồ Chí Minh",38 m²,2 phòng,2 phòng,2 tầng,Sổ đỏ/ Sổ hồng,18/11/2025
"Bán NR 3 tầng 4PN, 3WC ở Trần Thị Năm, Tân Chánh Hiệp, Q12, HCM chỉ với 1,688 tỷ","1,69 tỷ","Đường Trần Thị Năm, Phường Tân Chánh Hiệp, Quận 12, Hồ Chí Minh",78 m²,4 phòng,3 phòng,3 tầng,Hợp đồng mua bán,27/11/2025
Chính chủ bán nhà trệt lầu gần Gò Vấp,500 triệu,"Đường Thới An 35, Phường Thới An, Quận 12, Hồ Chí Minh",20 m²,1 phòng,1 phòng,2 tầng,Mua bán vi bằng,11/11/2025
"Nhà nở hậu 118m2, 3 tầng, hẻm xe hơi, giá nhỉnh 6 tỷ","6,5 tỷ","Trường Chinh, Đông Hưng Thuận, Quận 12, Hồ Chí Minh",120 m²,4 phòng,5 phòng,3 tầng,Sổ đỏ/ Sổ hồng,22/11/2025
5.4 tỷ - Căn góc TL26 (7m* 12m) - Ngã tư Ga 500m - phường Thạnh Lộc - Quận 12,"5,4 tỷ","Đường Thạnh Lộc 26, Phường Thạnh Lộc, Quận 12, Hồ Chí Minh","85,1 m²",3 phòng,4 phòng,3 tầng,Sổ đỏ/ Sổ hồng,26/11/2025
"BÁN NHÀ ĐẸP 1/ LÊ VĂN KHƯƠNG, FUN NỘI THẤT,NHÀ 3 LẦU , 4 PN DT:4*14",6 tỷ,"Đường Lê Văn Khương, Phường Thới An, Quận 12, Hồ Chí Minh","54,7 m²",4 phòng,5 phòng,4 tầng,Sổ đỏ/ Sổ hồng,24/11/2025
Bán Nhà 75m2 - 4 tầng - TCH35 - P. Trung Mỹ Tây - Quận 12,"5,8 tỷ","Đường Tân Chánh Hiệp 35, Phường Trung Mỹ Tây, Quận 12, Hồ Chí Minh",75 m²,5 phòng,4 phòng,4 tầng,Sổ đỏ/ Sổ hồng,27/11/2025
"Nhà 2 tầng HXH ở ngay khỏi sữa giá mềm trong khu đường Số 15, Q. Bình Tân, vị trí đẹp","3,58 tỷ","Đường Số 15, Phường Bình Hưng Hòa, Bình Tân, Hồ Chí Minh",32 m²,2 phòng,2 phòng,2 tầng,Sổ đỏ/ Sổ hồng,26/11/2025
Chính chủ cần bán nhà 1 trệt 2 lầu mặt tiền đường Liên Khu 2 - 10 ngay Gò Xoài. LH0785 299 ***,"7,5 tỷ","Đường Liên Khu 2-10, Phường Bình Hưng Hòa A, Bình Tân, Hồ Chí Minh",60 m²,5 phòng,4 phòng,3 tầng,Sổ vuông vứC,21/11/2025
"Bán nhà riêng HXH 267 Lê Đình CẩnBán nhà riêng HXH 267 Lê Đình Cẩn, Tân Tạo, Bình Tân - 66m2","5,6 tỷ","HXH 267// đường Lê Đình Cẩn, Phường Tân Tạo, Bình Tân, Hồ Chí Minh",66 m²,3 phòng,2 phòng,2 tầng,Sổ đỏ/ Sổ hồng,24/11/2025
"Bán nhà đường số 3, phường BHH, Bình Tân, gần siêu thị Aeon mall Tân Phú","5,95 tỷ","Số 3, Bình Hưng Hòa, Bình Tân, Hồ Chí Minh",60 m²,3 phòng,4 phòng,2 tầng,Sổ đỏ/ Sổ hồng,25/11/2025
"Chính chủ bán nhà mới tinh, nở hậu, hẻm xe tải Hương Lộ 2, Hẻm 449 P. Bình Trị Đông, Bình Tân","5,98 tỷ","Đường Hương lộ 2, Phường Bình Trị Đông, Bình Tân, Hồ Chí Minh","46,9 m²",3 phòng,3 phòng,3 tầng,N/A,25/11/2025
"Bán nhà Phan Anh giáp Tân Phú. Đầm Sen, 40m2 kế hẻm xe hơi thông tứ tung. Giá 3.6 tỷ","3,6 tỷ","Đường Phan Anh, Phường Bình Trị Đông, Bình Tân, Hồ Chí Minh",40 m²,2 phòng,2 phòng,2 tầng,Sổ đỏ/ Sổ hồng,24/11/2025
Căn góc 2 mặt tiền đường nội bộ 8m giá chỉ 3.75 tỷ sát khu nam hùng vương,"3,75 tỷ","Đường Số 4, Phường An Lạc, Bình Tân, Hồ Chí Minh",64 m²,1 phòng,1 phòng,2 tầng,Sổ đỏ/ Sổ hồng,25/11/2025
"Bán gấp nhà hẻm xe tải, 1 sẹc, B. T. Đông, Bình Tân, 5x22 - sát chợ, nhà đẹp ở ngay! Chỉ 5,29 tỷ","5,29 tỷ","Phường Bình Trị Đông, Bình Tân, Hồ Chí Minh",115 m²,5 phòng,4 phòng,3 tầng,Sổ đỏ/ Sổ hồng,25/11/2025
"Bán nhà Hồ Học Lãm, P. An Lạc, Q. Bình Tân, TP Hồ Chí Minh, LH0817 888 ***","5,85 tỷ","Đường Hồ Học Lãm, Phường An Lạc, Bình Tân, Hồ Chí Minh","77,6 m²",N/A,N/A,N/A,Có sổ,24/11/2025
"Bán nhà Hương Lộ 2 - Gần chợ Ngã Tư Bốn Xã - 54m - Trệt lầu, 2PN, Hẻm 4m tiện đi về các quận TT",5 tỷ,"Đường Hương lộ 2, Phường Bình Trị Đông, Bình Tân, Hồ Chí Minh",54 m²,2 phòng,3 phòng,2 tầng,Sổ đỏ/ Sổ hồng,23/11/2025
Bán nhà 65m2 2 tầng full nội thất - Hồ Học Lãm - Gần chợ - Dọn vô ở ngay chỉ 4.088 tỷ,"4,09 tỷ","Phường An Lạc, Bình Tân, Hồ Chí Minh",65 m²,3 phòng,2 phòng,2 tầng,Sổ đỏ/ Sổ hồng,20/11/2025
"Bán nhà mặt tiền hẻm 8m Võ Văn Kiệt, hẻm thông 173 An Dương Vương, vừa ở vừa có phòng trọ cho thuê","11,5 tỷ","Đường Võ Văn Kiệt, Phường An Lạc, Bình Tân, Hồ Chí Minh","145,5 m²",15 phòng,14 phòng,2 tầng,Sổ đỏ/ Sổ hồng,22/11/2025
"Cơ hội hiếm có: Nhà + 4 căn trọ, hẻm xe hơi, vị trí vàng Quận Bình Tân","14,8 tỷ","Phường An Lạc, Bình Tân, Hồ Chí Minh","137,7 m²",4 phòng,4 phòng,2 tầng,Sổ hồng,24/11/2025
SIÊU PHẨM HXH 7M - 5 TẦNG ( 84M2 ) - NGANG 4M ( NỞ HẬU 7.5M ) - CẠNH BÊN AEON - GIÁ : 9 TỶ 5,"9,5 tỷ","Đường Hương lộ 2, Phường Bình Trị Đông A, Bình Tân, Hồ Chí Minh",84 m²,5 phòng,6 phòng,5 tầng,Sổ hồng,18/11/2025
Nhà lung linh chờ chủ xinh rước về đón tết,"8,4 tỷ","Đường Tân Kỳ Tân Quý, Phường Bình Hưng Hòa, Bình Tân, Hồ Chí Minh",56 m²,4 phòng,4 phòng,5 tầng,Sổ đỏ/ Sổ hồng,21/11/2025
"Vừa Ở, Làm Cty, KD, 5 Tầng, Thang Máy, Full nội thất, Đường Hương Lộ 2, Sổ hồng hoàn công đủ","7,6 tỷ","Đường Hương lộ 2, Phường Bình Trị Đông, Bình Tân, Hồ Chí Minh",75 m²,5 phòng,5 phòng,5 tầng,Sổ đỏ/ Sổ hồng,21/11/2025
"Bán nhà hẻm 700/ Tỉnh Lộ 10, DT 4.6 x 17m, 2 tấm, 5.6 tỷ. Gần Aeon Mall","5,6 tỷ","Hẻm 700/, Đường Tỉnh Lộ 10, Phường Bình Trị Đông, Bình Tân, Hồ Chí Minh",75 m²,3 phòng,3 phòng,2 tầng,Sổ đỏ/ Sổ hồng,20/11/2025
"Chính chủ - Bán nhà cấp 4, mua đất tặng nhà, 92,9 m2","6,9 tỷ","Đường Miếu Gò Xoài, Phường Bình Trị Đông A, Bình Tân, Hồ Chí Minh","92,9 m²",2 phòng,N/A,2 tầng,Sổ đỏ/ Sổ hồng,14/11/2025
"SIÊU PHẨM 3PN GIÁP QUẬN 6 DIỆN TÍCH KHỦNG 64,5m² HẺM Ô TÔ QUAY ĐẦU- NHÀ MỚI DỌN VÔ Ở NGAY","5,55 tỷ","Đường Chiến Lược, Phường Bình Trị Đông, Bình Tân, Hồ Chí Minh",65 m²,3 phòng,2 phòng,2 tầng,Sổ đỏ/ Sổ hồng,18/11/2025
"Gấp chính chủ cần bán nhà tại đường Bình Thành, P. Bình Hưng Hòa, Quận Bình Tân","5,68 tỷ","Đường Bình Thành, Phường Bình Hưng Hòa, Bình Tân, Hồ Chí Minh","72,6 m²",N/A,N/A,1 tầng,Sổ đỏ/ Sổ hồng,17/11/2025
"Bán nhà liên khu 5-6, BHHB, 4x19, 3 tấm, hẻm 6m thông , giá 4tỷ950 TL","4,95 tỷ","Đường Liên Khu 5-6, Phường Bình Hưng Hòa B, Bình Tân, Hồ Chí Minh",72 m²,4 phòng,N/A,3 tầng,Sổ đỏ/ Sổ hồng,27/11/2025
"Nhà Bình Tân, Hương Lộ 2. Khu phân lô đồng bộ. Ô tô đậu cửa","7,2 tỷ","Đường Hương lộ 2, Phường Bình Trị Đông, Bình Tân, Hồ Chí Minh",51 m²,5 phòng,5 phòng,5 tầng,Sổ đỏ/ Sổ hồng,18/11/2025
"Bán nhà riêng Tên Lửa, Tỉnh Lộ 10, 65m2 (cụ thể 84m2), rộng rãi đang cho thuê - 5 tỷ",5 tỷ,"Đường Tên Lửa, Phường An Lạc, Bình Tân, Hồ Chí Minh",65 m²,N/A,N/A,N/A,N/A,17/11/2025
BÌNH TÂN BÙI TƯ TOÀN - HẺM ÔTO THÔNG - NHÀ ĐẸP 4 TẦNG (68m2) 4PN Chỉ : 6.6 TỶ (TL) SHR,"6,6 tỷ","Đường Bùi Tư Toàn, Phường An Lạc, Bình Tân, Hồ Chí Minh",68 m²,4 phòng,3 phòng,4 tầng,Sổ đỏ/ Sổ hồng,20/11/2025
NGỘP BANK GIẢM MẠNH 900TR - 81M (4x20) - 4 TẦNG - 5PN - HẺM XE TẢI QUAY ĐẦU - HOÀN CÔNG ĐỦ,"7,59 tỷ","Đường Lê Đình Cẩn, Phường Tân Tạo, Bình Tân, Hồ Chí Minh",81 m²,5 phòng,4 phòng,4 tầng,Sổ đỏ/ Sổ hồng,27/11/2025
"Bán nhà 5 tầng, 4x15, hẻm xe tải 8m thông, đường Hương Lộ 2, Giá Nhỉnh 7 Tỷ xíu ( thươg lượng)",7 tỷ,"Đường Hương lộ 2, Phường Bình Trị Đông, Bình Tân, Hồ Chí Minh",60 m²,7 phòng,4 phòng,5 tầng,Sổ đỏ/ Sổ hồng,21/11/2025
"Bán nhà Hẻm xe tải 12m, 4.5x12 - Ngay Đại Lộ Võ Văn Kiệt - Nguyễn Quý Yêm, Giá chỉ nhỉnh 4 tỷ xíu",4 tỷ,"Phường An Lạc, Bình Tân, Hồ Chí Minh",53 m²,2 phòng,2 phòng,2 tầng,Sổ đỏ/ Sổ hồng,19/11/2025
"Siêu Phẩm HXH 8m Có Lề - Hương Lộ 2 - Bình Tân - 5 Tầng - 4x15 - Hướng Đông - Chỉ 7,8T(TL)","7,8 tỷ","Đường Hương lộ 2, Phường Bình Trị Đông A, Bình Tân, Hồ Chí Minh",59 m²,6 phòng,6 phòng,5 tầng,Sổ đỏ/ Sổ hồng,27/11/2025
"Bán nhà phố căn góc tại đường Hương Lộ 2) 5,96 tỷ, DT 60m2, 3,5 tấm 5PN, 3WC, hẻm 8m thông","5,96 tỷ","1/, Đường Hương lộ 2, Phường Bình Trị Đông A, Bình Tân, Hồ Chí Minh",60 m²,5 phòng,3 phòng,3 tầng,Sổ đỏ/ Sổ hồng,24/11/2025
Nhà Phan Anh - 3 Tầng (72M2) 4PN - Giáp Tân Phú - Đường Ôtô- Nội thất cao cấp Chỉ:9.99 TỶ (TL) shr,"9,99 tỷ","Đường Phan Anh, Phường Bình Trị Đông, Bình Tân, Hồ Chí Minh",72 m²,4 phòng,4 phòng,3 tầng,Sổ đỏ/ Sổ hồng,18/11/2025
"Bán Nhà riêng 3 mặt hẻm dt 182m2, 16 tỷ tại Đường Số 4, Bình Hưng Hòa A, Bình Tân, HCM",16 tỷ,"Đường Số 4, Phường Bình Hưng Hòa A, Bình Tân, Hồ Chí Minh",182 m²,2 phòng,2 phòng,2 tầng,Sổ đỏ/ Sổ hồng,24/11/2025
HÀNG HIẾM! NHÀ ĐẸP NHẤT TẦM GIÁ 5 TỶ 888 TL - 4PN 4WC - NỘI THẤT CAO CẤP - HƯỚNG TÂY,"5,89 tỷ","Đường Mã Lò, Phường Bình Hưng Hòa A, Bình Tân, Hồ Chí Minh",56 m²,4 phòng,4 phòng,3 tầng,Sổ đỏ/ Sổ hồng,26/11/2025
NHÀ MỚI 2 TẦNG DỌN VÀO Ở NGAY GẦN TRUNG TÂM GẦN CHỢ GẦN TRƯỜNG HỌC KHU DÂN TRÍ CAO,"4,4 tỷ","Đường Liên khu 4-5, Phường Bình Hưng Hòa B, Bình Tân, Hồ Chí Minh",60 m²,2 phòng,2 phòng,2 tầng,Sổ đỏ/ Sổ hồng,27/11/2025
Bán Nhà HẺM THÔNG TỈNH LỘ 10 - 4x16 - SHR- Ở Hoặc Cho Thuê,"3,8 tỷ","Hẻm 111 Đường Lê Đình Cẩn, Phường Tân Tạo, Bình Tân, Hồ Chí Minh",62 m²,1 phòng,1 phòng,N/A,Sổ đỏ/ Sổ hồng,27/11/2025
"Nhà bán khu phân lô hẻm xe hơi thông, 5 tầng đẹp lung linh, 4,2m X 15m (62m2)khu vip Lê Văn Quới","7,1 tỷ","Đường Lê Văn Quới, Phường Bình Hưng Hòa A, Bình Tân, Hồ Chí Minh",62 m²,5 phòng,5 phòng,5 tầng,Sổ đỏ/ Sổ hồng,27/11/2025
"Siêu phẩm 688 Hương Lộ 2 - DT 4 x 14m, XD 5lầu chỉ nhỉnh 7tỷ","7,5 tỷ","Đường 688, Đường Hương lộ 2, Phường Bình Trị Đông A, Bình Tân, Hồ Chí Minh",56 m²,5 phòng,5 phòng,4 tầng,Sổ đỏ/ Sổ hồng,15/11/2025
"Nhà 1/ đường Số 3, P. BHH. DT: 4x15m, trệt + 2 lầu BTCT. Hẻm nhựa 6m","5,9 tỷ","1/, Đường Số 3, Phường Bình Hưng Hòa, Bình Tân, Hồ Chí Minh",60 m²,N/A,N/A,3 tầng,Sổ đỏ/ Sổ hồng,27/11/2025
"Bán nhà Phố 2PN, 3WC, 67m2, 8,5 tỷ tại An Lạc, Bình Tân, HCM uy tín","8,5 tỷ","Phường An Lạc, Bình Tân, Hồ Chí Minh",67 m²,2 phòng,3 phòng,2 tầng,N/A,27/11/2025
"bán nhà hẻm xe tải 1 xẹt đường hương lộ 2 q bình tân dt 8x12 nhà 2 lầu giá 7,2 tỷ","7,2 tỷ","Đường Hương lộ 2, Phường Bình Hưng Hòa A, Bình Tân, Hồ Chí Minh",87 m²,N/A,N/A,3 tầng,N/A,27/11/2025
"Biệt thự đẹp 4 tầng, 355m2 - hẻm 6m Phan Anh - giá 24 tỷ",24 tỷ,"Đường Phan Anh, Phường Bình Trị Đông, Bình Tân, Hồ Chí Minh",355 m²,9 phòng,9 phòng,4 tầng,Sổ đỏ/ Sổ hồng,27/11/2025
"CHDV 5 tầng Liên Khu 4 - 5, 104m2 (8x13) HXH 1 trục - doanh thu 40tr/th","8,8 tỷ","Đường Liên khu 4-5, Phường Bình Hưng Hòa B, Bình Tân, Hồ Chí Minh",104 m²,15 phòng,15 phòng,5 tầng,Sổ đỏ/ Sổ hồng,27/11/2025
Căn góc hẻm xe hơi đường Nguyễn Thị Tú 5x13.1m gác lửng,"3,78 tỷ","Đường Nguyễn Thị Tú, Phường Bình Hưng Hòa B, Bình Tân, Hồ Chí Minh","65,5 m²",2 phòng,2 phòng,2 tầng,Sổ đỏ/ Sổ hồng,26/11/2025
BÁN NHÀ LUNG LINH TẶNG FULL NỘI THẤT- 4x14 - 4 TẦNG - LÊ VĂN QUỚI + HL2 - DƯỚI 6TỶ,"5,9 tỷ","Đường Lê Văn Quới, Phường Bình Trị Đông A, Bình Tân, Hồ Chí Minh",56 m²,4 phòng,4 phòng,4 tầng,Sổ đỏ/ Sổ hồng,27/11/2025
"Nhà mới 100% full nội thất 5 tầng, hẻm xe tải 7m Hương Lộ 2  Lê Văn Quới, vào ở ngay","7,7 tỷ","Bình Trị Đông A, Bình Tân, Hồ Chí Minh",57 m²,5 phòng,6 phòng,5 tầng,Sổ đỏ/ Sổ hồng,27/11/2025
"Bán villa Bình Tân, Lê Văn Quới - nhà 4 tầng - diện tích 88m2 - xe hơi ngủ trong nhà","7,7 tỷ","Đường Lê Văn Quới, Phường Bình Hưng Hòa A, Bình Tân, Hồ Chí Minh",88 m²,4 phòng,2 phòng,4 tầng,Sổ đỏ/ Sổ hồng,25/11/2025
Bán nhà hẻm 3m Bùi Hữu Diện 4.6x9 1 lầu giá 4.7 tỷ TL,"4,7 tỷ","Phường An Lạc A, Bình Tân, Hồ Chí Minh",41 m²,2 phòng,2 phòng,1 tầng,Sổ đỏ/ Sổ hồng,27/11/2025
"Bán nhà 2 mặt tiền hẻm Lê Công Phép, P. An Lạc, BT giáp Q6 ( có sân riêng trước nhà )","5,4 tỷ","Đường Lê Công Phép, Phường An Lạc, Bình Tân, Hồ Chí Minh","47,2 m²",4 phòng,3 phòng,4 tầng,Sổ đỏ/ Sổ hồng,27/11/2025
"Lê Văn Quới - Bình Tân, nhà 3 tầng, DT 8x12, sổ vuông, đường 6m, giá 8.x tỷ",8 tỷ,"Đường Lê Văn Quới, Phường Bình Hưng Hòa, Bình Tân, Hồ Chí Minh",96 m²,5 phòng,6 phòng,3 tầng,Sổ đỏ/ Sổ hồng,27/11/2025
"Ngay Mã Lò- Lê văn Quới, 64m2, 4 tầng, tặng nội thất, hẻm 6m, giáp tân phú, cửa bằng gỗ căm xe","5,89 tỷ","Đường Mã Lò, Phường Bình Hưng Hòa A, Bình Tân, Hồ Chí Minh",64 m²,4 phòng,5 phòng,4 tầng,Sổ đỏ/ Sổ hồng,27/11/2025
Nhà 6.3x12m 1 trệt lửng 2 lầu st 4PN 5WC HXH Đường Số 8 - BHHA - Bình Tân,"7,5 tỷ","Đường Số 8, Phường Bình Hưng Hòa A, Bình Tân, Hồ Chí Minh","67,6 m²",4 phòng,5 phòng,4 tầng,Sổ đỏ/ Sổ hồng,25/11/2025
"Bán nhà hẻm hai sẹc đường Bình Thành, phường Bình Hưng Hoà B, quận Bình Tân","5,75 tỷ","Đường Bình Thành, Phường Bình Hưng Hòa B, Bình Tân, Hồ Chí Minh",144 m²,N/A,N/A,N/A,N/A,27/11/2025
Siêu phẩm nhà phố 4 tầng (64m2) BTCT kiên cố - đường ô tô 8m - 5PN - giá: Chỉ 7.9 tỷ,"7,9 tỷ","Đường Nguyễn Quý Yêm, Phường An Lạc, Bình Tân, Hồ Chí Minh",64 m²,5 phòng,4 phòng,4 tầng,Sổ đỏ/ Sổ hồng.,27/11/2025
GIẢM SỐC 300 TRIỆU- NHÀ 3 TẦNG- HẺM XE HƠI -GẦN LÊ TRỌNG TẤN- GẦN 90M NGANG KHỦNG 6M- NHỈNH 7T,"7,2 tỷ","Đường Phạm Đăng Giảng, Phường Bình Hưng Hòa, Bình Tân, Hồ Chí Minh",88 m²,4 phòng,3 phòng,3 tầng,Sổ đỏ/ Sổ hồng,27/11/2025
"HẺM XE TẢI - GẦN 90M2 - 4 TẦNG BTCT - GIÁP TÂN PHÚ, BỐN XÃ - GIÁ 8.96 TỶ TL","8,96 tỷ","Phường Bình Trị Đông, Bình Tân, Hồ Chí Minh",90 m²,N/A,N/A,4 tầng,"Sổ hồng riêng, công chứng nhanh,",27/11/2025
BIỆT THỰ MINI - 5 TẦNG MỚI - GÒ XOÀI - ĐƯỜNG 10M (64M2) 4PN : Chỉ 9.7 Tỷ Chính chủ đang ở - SHR,"9,7 tỷ","Đường Gò Xoài, Phường Bình Trị Đông, Bình Tân, Hồ Chí Minh",64 m²,5 phòng,4 phòng,5 tầng,Sổ hồng,24/11/2025
"Hot, Bán gấp nhà riêng Phan Anh, BTân, 44m2, 4 tầng mới đẹp, hẻm xe hơi đỗ cửa, nhỉnh 5 tỷ xíu.","5,2 tỷ","Đường Phan Anh, Phường Bình Trị Đông, Bình Tân, Hồ Chí Minh",44 m²,4 phòng,3 phòng,4 tầng,Sổ đỏ/ Sổ hồng,25/11/2025
"Sát mặt tiền Tên Lửa, nhà 4 tầng, 76m2, 4.5x19m, 8.8 tỷ","8,8 tỷ","Đường Tên Lửa, Phường Bình Trị Đông B, Bình Tân, Hồ Chí Minh",76 m²,N/A,N/A,4 tầng,Sổ đỏ/ Sổ hồng,24/11/2025
CHDV thu nhập 30 triệu/tháng - 2 mặt tiền xe hơi thông - 81m2 (4.1x20) ngay Phan Anh ngã tư 4 xã,"7,5 tỷ","Đường Phan Anh, Phường Bình Trị Đông, Bình Tân, Hồ Chí Minh",81 m²,8 phòng,8 phòng,N/A,Sổ đỏ/ Sổ hồng,24/11/2025
"Hẻm 8m ngay Tân Hoà Đông, 5 tầng có thang máy + tặng nội thất cao cấp, 88m2 (4x22m), hoàn công đủ",Thỏa thuận,"Đường Tân Hòa Đông, Phường Bình Trị Đông, Bình Tân, Hồ Chí Minh",88 m²,7 phòng,8 phòng,5 tầng,Sổ đỏ/ Sổ hồng,25/11/2025
Nhà 4 tầng kiên cố - Liên Khu 10 -11(76m2) 6PN - Đường 8M thông Gần Phố Tô Hiệu - Chỉ: 7.5 tỷ,"7,5 tỷ","Đường Liên khu 10-11, Phường Bình Trị Đông, Bình Tân, Hồ Chí Minh",76 m²,6 phòng,N/A,4 tầng,Sổ đỏ/ Sổ hồng,13/11/2025
"Bán Nhà riêng tại Đường Tân Hòa Đông, Bình Trị Đông, Bình Tân, TP.HCM, 4xxt, 40 m2 giá ưu đãi","4,01 tỷ","Đường Tân Hòa Đông, Phường Bình Trị Đông, Bình Tân, Hồ Chí Minh",40 m²,2 phòng,2 phòng,2 tầng,Sổ đỏ/ Sổ hồng,27/11/2025
"CHỈ 5.05 TỶ - NHÀ 2 TẦNG MỚI ĐẸP 2PN 4X13M-HẺM 3M SÁT ĐƯỜNG XE HƠI - GIÁP ĐƯỜNG 29, VÀNH ĐAI TRONG","5,05 tỷ","Đường Tỉnh Lộ 10, Phường An Lạc, Bình Tân, Hồ Chí Minh",52 m²,2 phòng,2 phòng,2 tầng,Sổ đỏ/ Sổ hồng,27/11/2025
"Biệt thự góc 2 mặt tiền đường khu Ao Sen Tên Lửa, khu Biệt thự an ninh sang trọng",34 tỷ,"Đường Số 32, Phường Bình Trị Đông B, Bình Tân, Hồ Chí Minh",200 m²,5 phòng,6 phòng,3 tầng,Sổ đỏ/ Sổ hồng,27/11/2025
Bán dãy trọ 40p ngay Nguyễn Thị Tú 1000m2 đất,Thỏa thuận,"Đường Nguyễn Thị Tú, Phường Bình Hưng Hòa B, Bình Tân, Hồ Chí Minh",1.000 m²,5 phòng,4 phòng,2 tầng,Sổ đỏ/ Sổ hồng,27/11/2025
"Nhà đẹp Bình Hưng Hoà B 1 trệt 2 lầu, hẻm ô tô, giá chỉ 5.35 tỷ","5,35 tỷ","Đường Liên Khu 5-6, Phường Bình Hưng Hòa B, Bình Tân, Hồ Chí Minh",72 m²,4 phòng,4 phòng,3 tầng,Sổ đỏ/ Sổ hồng,27/11/2025
Nhà 3 tầng BTCT mới đẹp đón tết 2026 sát Aeon Tân phú - ngay 26/3 50m2 hẻm xe hơi chỉ hơn 6 tỷ TL,"6,4 tỷ","Đường 26/3, Phường Bình Hưng Hòa, Bình Tân, Hồ Chí Minh",50 m²,4 phòng,3 phòng,3 tầng,N/A,27/11/2025
"Nhà khu Ao Sen - có hầm 5 tầng vip - Ngay Aeon Mall Tên Lửa (5x20m) 6PN, giá: 17.9 tỷ (TL)","17,9 tỷ","Đường Số 1B, Phường An Lạc, Bình Tân, Hồ Chí Minh",100 m²,6 phòng,N/A,5 tầng,Sổ đỏ/ Sổ hồng,18/11/2025
"Mặt phố Phan Anh 96m2 xe tải tránh, lô góc 2 mặt thoáng 8m mặt đường 5 tầng ngang hiếm 9. xtỷ","9,6 tỷ","Đường Phan Anh, Phường Bình Trị Đông, Bình Tân, Hồ Chí Minh",96 m²,7 phòng,6 phòng,5 tầng,Sổ đỏ/ Sổ hồng,27/11/2025
"Bán nhà đường nội bộ khu Tên Lửa, DT 6 x 21m, 3.5 tấm, 16.8 tỷ. Gần Aeon (Tín Hưng)","16,8 tỷ","Đường Tên Lửa, Phường Bình Trị Đông B, Bình Tân, Hồ Chí Minh",126 m²,N/A,N/A,5 tầng,Sổ đỏ/ Sổ hồng,27/11/2025
"Nhà đẹp đường Gò Xoài, P Bình Hưng Hòa A Bình Tân 5 tầng có thang máy, giá 9.5 tỷ thương lượng","9,5 tỷ","Đường Gò Xoài, Phường Bình Hưng Hòa A, Bình Tân, Hồ Chí Minh","58,6 m²",4 phòng,2 phòng,5 tầng,Sổ đỏ/ Sổ hồng,26/11/2025
"Nhà đẹp ở ngay Tỉnh lộ 10, DT 53m2 - 5tầng - 4PN. Giá 7.2 tỷ. Khu phân lô, an ninh tốt, dân trí cao","7,2 tỷ","Đường Tỉnh Lộ 10, Phường Tân Tạo, Bình Tân, Hồ Chí Minh",53 m²,4 phòng,5 phòng,5 tầng,Sổ đỏ/ Sổ hồng.,27/11/2025
Bình Tân hẻm 1/ đường 8m thông - 82m2 - đang có dòng tiền 10tr / tháng - sổ mới cáu,Thỏa thuận,"Đường Bình Thành, Phường Bình Hưng Hòa B, Bình Tân, Hồ Chí Minh",82 m²,3 phòng,3 phòng,N/A,Sổ đỏ/ Sổ hồng,27/11/2025
"Hẻm đúng 6m. Xd đủ 4mX14m. Nhà đường số 5, giáp Aeon Tân Phú.","5,2 tỷ","Đường Số 5, Phường Bình Hưng Hòa, Bình Tân, Hồ Chí Minh",56 m²,N/A,N/A,N/A,N/A,27/11/2025
"Bán gấp nhà riêng 100m2, 8,8 tỷ, 7PN, 7WC tại Lê Công Phép, Bình Tân, TP.HCM","8,8 tỷ","Đường Lê Công Phép, Phường An Lạc, Bình Tân, Hồ Chí Minh",100 m²,7 phòng,7 phòng,5 tầng,Sổ đỏ/ Sổ hồng,27/11/2025
"Bán nhà 1/ đường Tân Hoà Đông, diện tích: 10m * 28m, hẻm 8m","17,2 tỷ","Đường Tân Hòa Đông, Phường Bình Trị Đông, Bình Tân, Hồ Chí Minh",280 m²,1 phòng,1 phòng,1 tầng,Sổ đỏ/ Sổ hồng,25/11/2025
"Bán nhà 2 mặt tiền đường 12m, An Lạc, Bình Tân","6,95 tỷ","Đường Nguyễn Quý Yêm, Phường An Lạc, Bình Tân, Hồ Chí Minh",98 m²,5 phòng,5 phòng,3 tầng,Sổ đỏ/ Sổ hồng,27/11/2025
"Chỉ 4,98 tỷ nhà 2 tầng đẹp lung linh HXH vài bước ra mặt tiền 48m2 (4x12)m 2PN, 2WC","4,98 tỷ","Đường Số 5A, Phường Bình Hưng Hòa A, Bình Tân, Hồ Chí Minh",48 m²,2 phòng,2 phòng,2 tầng,Sổ đỏ/ Sổ hồng,27/11/2025
"Chỉ 6 tỷ nhà mới ngay công viên, trường học KDC Vĩnh Lộc, Bình Tân","6,6 tỷ","Đường Bình Thành, Phường Bình Hưng Hòa B, Bình Tân, Hồ Chí Minh",60 m²,4 phòng,5 phòng,5 tầng,Sổ đỏ/ Sổ hồng,27/11/2025
"Nhà đẹp tại Hương Lộ 2, Bình Trị Đông A, DT DT 4x14m, giá nhỉnh 7 tỷ","7,4 tỷ","Đường Hương lộ 2, Phường Bình Trị Đông A, Bình Tân, Hồ Chí Minh",56 m²,N/A,N/A,N/A,Sổ hồng,13/11/2025
"Bán nhà đường Mã Lò, Bình Tân  diện tích 4x14m  hướng Tây  giá 7.6 tỷ thương lượng","7,6 tỷ","Mã Lò, Bình Trị Đông, Bình Tân, Hồ Chí Minh",56 m²,4 phòng,5 phòng,5 tầng,Sổ đỏ/ Sổ hồng,24/11/2025
Bán 4x14m Hẻm 5m thông ngay ngã 4 gò mây - lê trọng tấn,"4,5 tỷ","Đường Bình Thành, Phường Bình Hưng Hòa B, Bình Tân, Hồ Chí Minh",56 m²,3 phòng,3 phòng,3 tầng,Sổ đỏ/ Sổ hồng,20/11/2025
"Bán nhà 2 mặt tiền hẻm xe hơi Tân Tạo, Bình Tân","5,7 tỷ","Đường Quốc lộ 1A, Phường Tân Tạo, Bình Tân, Hồ Chí Minh",81 m²,4 phòng,2 phòng,2 tầng,Sổ hồng,27/11/2025
"Bán 3 căn nhà phố DT 4x18,5m đường Nguyễn Cửu Phú, 3PN, 3WC, giá 4 tỷ 500tr, SHR. LH0931 502 ***","4,5 tỷ","Đường Nguyễn Cửu Phú, Phường Tân Tạo A, Bình Tân, Hồ Chí Minh",74 m²,3 phòng,3 phòng,2 tầng,Sổ đỏ/ Sổ hồng,13/11/2025
"Siêu phẩm nhà phố có thang máy 350kg, full nội thất  gần khu Tên Lửa phường Bình Trị Đông, Bình Tân","7,6 tỷ","Đường Hương lộ 2, Phường Bình Trị Đông, Bình Tân, Hồ Chí Minh","75,6 m²",5 phòng,N/A,5 tầng,Sổ hồng,24/11/2025
"Ngang lớn 7m (61m2) 4 tầng, nở hậu đẹp - Cạnh Lê Văn Quới, giá: 6 tỷ nhỉnh","6,8 tỷ","Đường Mã Lò, Phường Bình Trị Đông, Bình Tân, Hồ Chí Minh",61 m²,5 phòng,3 phòng,4 tầng,Sổ đỏ/ Sổ hồng,17/11/2025
"Bán nhà 2 tầng, 4.5x15, hẻm 6m, Bình Trị Đông, sát Tên Lửa, Bình Tân, nhỉnh 5 tỷ","5,23 tỷ","Phường Bình Trị Đông, Bình Tân, Hồ Chí Minh",68 m²,2 phòng,2 phòng,2 tầng,Sổ đỏ/ Sổ hồng,27/11/2025
Bán nhà 2 tầng (70m2) 3PN - BTCT -Kinh Dương Vương - HXH 6M Gần AEON MALL Tên Lửa Chỉ :6.6TỶ SHR,"6,6 tỷ","Đường Kinh Dương Vương, Phường An Lạc, Bình Tân, Hồ Chí Minh",70 m²,3 phòng,N/A,2 tầng,Sổ đỏ/ Sổ hồng,17/11/2025
"Chuyển công tác,bán nhà phố sân vườn mới xây 5 tầng,TK đẹp tinh tế, sang trọng,xanh,thoáng,mát,SHR","6,98 tỷ","14/1/2A, Đường Bia Truyền Thống, Phường Tân Tạo, Bình Tân, Hồ Chí Minh",55 m²,5 phòng,6 phòng,5 tầng,Sổ đỏ/ Sổ hồng,25/11/2025
"BÁN NHÀ HẺM XE HƠI NGAY KHU TÊN LỬA, BÌNH TÂN","7,5 tỷ","Đường Tỉnh Lộ 10, Phường An Lạc, Bình Tân, Hồ Chí Minh",68 m²,4 phòng,5 phòng,4 tầng,Sổ đỏ/ Sổ hồng,27/11/2025
"Chính chủ bán gấp nhà Tỉnh Lộ 10 giáp Tên Lửa AEON MALL [5.2m x 6.8m] 1 lầu nở hậu 2PN, 3WC","5,2 tỷ","Đường Tỉnh Lộ 10, Phường Tân Tạo, Bình Tân, Hồ Chí Minh",63 m²,2 phòng,3 phòng,2 tầng,Sổ đỏ/ Sổ hồng,25/11/2025
"Nhà liên khu 1-6 bình tân giá chi 5,9 tỷ tl","5,9 tỷ","Đường Liên Khu 1-6, Phường Bình Trị Đông, Bình Tân, Hồ Chí Minh",56 m²,N/A,N/A,5 tầng,N/A,23/11/2025
Ngay Aeonmall Bình Tân 4 tầng (80m2) 4PN - MT nội bộ view công viên - ở và KD - chỉ: 14.8 tỷ SHR,"14,8 tỷ","Đường Số 26, Phường Bình Trị Đông B, Bình Tân, Hồ Chí Minh",80 m²,4 phòng,4 phòng,4 tầng,Sổ đỏ/ Sổ hồng,20/11/2025
"Nhà Lê Văn Quới hẻm thông giá chỉ 7,2 tỷ TL chính chủ","7,2 tỷ","Đường Lê Văn Quới, Phường Bình Hưng Hòa A, Bình Tân, Hồ Chí Minh",62 m²,5 phòng,5 phòng,4 tầng,Sổ hồng,25/11/2025
"NHÀ LK 1-6 phun nội thất hẻm ô tô giá chỉ 5,9 tỷ tl chính chủ","5,9 tỷ","Đường Liên Khu 1-6, Phường Bình Trị Đông, Bình Tân, Hồ Chí Minh",56 m²,N/A,N/A,4 tầng,Sổ hồng,18/11/2025
"VỊ TRÍ SÁT TÂN PHÚ -ĐƯỜNG SỐ 4 BHHA DT:4*16 x1 lầu 2 pn 2 wc giá 5,8 tỷ","5,8 tỷ","Đường Số 4, Phường Bình Hưng Hòa A, Bình Tân, Hồ Chí Minh",64 m²,N/A,N/A,N/A,N/A,25/11/2025
NHÀ RẺ RẺ ƠI LÀ RẺ CÓ NGAY SANG XIN MỊN GIÁ SÓC 4180,"4,18 tỷ","Đường Số 8, Phường Bình Hưng Hòa B, Bình Tân, Hồ Chí Minh",40 m²,2 phòng,2 phòng,2 tầng,Sổ đỏ/ Sổ hồng,25/11/2025
"Bán nhà hẻm 131 đường 26/3 phường Bình Hưng Hoà, Quận Bình Tân (5mx10m - giá 4.25 tỷ)","4,25 tỷ","Hẻm 131, Đường 26/3, Phường Bình Hưng Hòa, Bình Tân, Hồ Chí Minh",50 m²,1 phòng,1 phòng,3 tầng,Sổ đỏ/ Sổ hồng.,27/11/2025
"Bán nhà Phan Anh, 56m2, hẻm xe hơi, 4.3 tỷ","4,3 tỷ","Đường Phan Anh, Phường Bình Trị Đông, Bình Tân, Hồ Chí Minh",56 m²,3 phòng,N/A,N/A,Sổ đỏ/ Sổ hồng,27/11/2025
Mã Lò - Chủ tự xây tâm huyết - 51m2 (4.2x12) 3 tầng BTCT - 4.275 tỷ xíu nhỏ,"4,28 tỷ","Đường Mã Lò, Phường Bình Trị Đông A, Bình Tân, Hồ Chí Minh",51 m²,2 phòng,2 phòng,3 tầng,Sổ đỏ/ Sổ hồng,26/11/2025
"Bán nhà Bình Tân - Ngang 6.5m. HH 60 triệu nhận đủ.
Bán nhà 2 mặt tiền hẻm Lê Công Phép, P. An lạc","5,4 tỷ","Đường Lê Công Phép, Phường An Lạc, Bình Tân, Hồ Chí Minh","47,2 m²",4 phòng,3 phòng,3 tầng,Sổ đỏ/ Sổ hồng,24/11/2025
Siêu phẩm biệt thự mini ngang 8m giá chỉ 7 tỷ,7 tỷ,"Đường 6, Phường Bình Hưng Hòa B, Bình Tân, Hồ Chí Minh",97 m²,7 phòng,4 phòng,3 tầng,Sổ đỏ/ Sổ hồng,25/11/2025
"Bán Nhà 2 Tầng Hương Lộ 2 Đường 20m 2 Sổ Riêng 8x20m Giá Tốt 10,9 Tỷ SHR","10,9 tỷ","Đường Hương lộ 2, Phường Bình Trị Đông A, Bình Tân, Hồ Chí Minh",160 m²,2 phòng,3 phòng,2 tầng,Sổ đỏ/ Sổ hồng,15/11/2025
"Giá tốt 4,44 tỷ nhà mới xây khu phân lô đường Võ Trần Chí gần khu Tên Lửa 50m2 4 tầng SHR","4,44 tỷ","Đường Võ Trần Chí, Phường Tân Tạo, Bình Tân, Hồ Chí Minh",50 m²,4 phòng,5 phòng,4 tầng,Sổ đỏ/ Sổ hồng,23/11/2025
"Giảm Mạnh 4 Tỷ Bán Nhanh Biệt thự Nguyễn Thị Tú 10x25m Hầm 5 Tầng Hồ Bơi Thang Máy Giá Tốt 17,9 Tỷ","17,9 tỷ","Đường Nguyễn Thị Tú, Phường Bình Hưng Hòa B, Bình Tân, Hồ Chí Minh",250 m²,4 phòng,6 phòng,5 tầng,Sổ đỏ/ Sổ hồng.,15/11/2025
"Nhà góc 2 mặt tiền khu phân lô đường Lê Đình Cẩn 55m2 5 tầng full nội thất giá tốt 7,8 tỷ SHR","7,8 tỷ","Đường Lê Đình Cẩn, Phường Tân Tạo, Bình Tân, Hồ Chí Minh",55 m²,4 phòng,5 phòng,5 tầng,Sổ đỏ/ Sổ hồng,17/11/2025
"Mới xây 5 tầng, 79m2 (5.7x14), 6PN, hẻm xe tải 1/ thông, sát MT HL2 Bình Tân, kế Bốn Xã - BV quận","8,1 tỷ","Đường Hương lộ 2, Phường Bình Trị Đông, Bình Tân, Hồ Chí Minh",79 m²,6 phòng,5 phòng,5 tầng,Sổ đỏ/ Sổ hồng,27/11/2025
"Nhà mới xây HXH gần Aeon Tân Phú khu đồng bộ 55m2 4 tầng giá tốt 5,99 tỷ SHR","5,99 tỷ","Đường 26/3, Phường Bình Hưng Hòa, Bình Tân, Hồ Chí Minh",55 m²,4 phòng,5 phòng,4 tầng,Sổ đỏ/ Sổ hồng,16/11/2025
"Nhà Chính chủ gần Trường THPT AN LẠC bán giá 2 tỷ 900 thương lượng, Sổ hồng riêng cho thuê 8tr","2,9 tỷ","Đường Bùi Tư Toàn, Phường An Lạc, Bình Tân, Hồ Chí Minh",40 m²,3 phòng,2 phòng,N/A,Sổ đỏ/ Sổ hồng,19/11/2025
"Nhà Sổ hồng riêng chính chủ gần Nhà thiếu nhi Bình Tân giá 3 tỷ thương lượng, cho thuê 9tr/tháng",3 tỷ,"Đường Lê Cơ, Phường An Lạc, Bình Tân, Hồ Chí Minh",42 m²,3 phòng,3 phòng,2 tầng,Sổ đỏ/ Sổ hồng,17/11/2025
"Nhà mới xây HXH đường số 11 liền kề Aeon Tân Phú 56m2 5 tầng giá tốt 6,25 tỷ SHR","6,25 tỷ","Đường Số 11, Phường Bình Hưng Hòa, Bình Tân, Hồ Chí Minh",56 m²,4 phòng,5 phòng,5 tầng,Sổ đỏ/ Sổ hồng,17/11/2025
"Nhà đường thông ra Kinh Dương Vương gần siêu thị GO giá 2 tỷ 890 thương lượng. Sổ riêng, hoàn công","2,89 tỷ","Đường Lê Tấn Bê, Phường An Lạc, Bình Tân, Hồ Chí Minh",40 m²,3 phòng,3 phòng,2 tầng,Sổ đỏ/ Sổ hồng,18/11/2025
Chủ gửi nhà Sổ hồng riêng ngay Toà Án nhân dân Bình Tân giá 3 tỷ 300 thương lượng,"3,3 tỷ","Đường Hồ Ngọc Lãm, Phường An Lạc, Bình Tân, Hồ Chí Minh",45 m²,3 phòng,2 phòng,2 tầng,Sổ đỏ/ Sổ hồng,26/11/2025
"Nhà cho thuê 8tr/tháng, đường 5M thông sát bên Trường Trung học Tân Tạo giá 3 tỷ 350. Sổ hồng riêng","3,35 tỷ","Đường 10B, Phường Tân Tạo A, Bình Tân, Hồ Chí Minh",57 m²,3 phòng,2 phòng,2 tầng,Sổ đỏ/ Sổ hồng,25/11/2025
"Nhà hẻm 5m, sổ hồng chuẩn riêng, giá 3 tỷ 200, nhà sát bên Nhà thờ thánh Phaolo, hỗ trợ vay 80%","3,2 tỷ","Đường Lâm Hoành, Phường An Lạc, Bình Tân, Hồ Chí Minh",46 m²,3 phòng,3 phòng,2 tầng,Sổ đỏ/ Sổ hồng,25/11/2025
"Bán nhà 83m2 đường Tỉnh Lộ 10, Quận Bình Tân, 2 tầng, 4. x tỷ","4,95 tỷ","Đường Tỉnh Lộ 10, Phường An Lạc, Bình Tân, Hồ Chí Minh",83 m²,3 phòng,3 phòng,2 tầng,Sổ đỏ/ Sổ hồng,27/11/2025
Cần bán nhà 4x15m 1 trệt 1 lầu đúc gác giả giá 3.8 tỷ có thương lượng đường Hương Lộ 2,"3,8 tỷ","Đường Hương lộ 2, Phường Bình Trị Đông A, Bình Tân, Hồ Chí Minh",60 m²,1 phòng,1 phòng,2 tầng,Sổ đỏ/ Sổ hồng,27/11/2025
"Nhà riêng tại Miếu Bình Đông, Bình Hưng Hòa A, Bình Tân, Hồ Chí Minh, 5,68 tỷ, 48m2, hot!","5,68 tỷ","Đường Miếu Bình Đông, Phường Bình Hưng Hòa A, Bình Tân, Hồ Chí Minh",48 m²,5 phòng,4 phòng,4 tầng,Sổ đỏ/ Sổ hồng,27/11/2025
"Bán nhà còn mới 4 tầng, HXH, Bình Trị Đông, gần Aeon Tên Lửa, 36m², sổ 2024, giá tốt 4tỷ","4,8 tỷ","Phường Bình Trị Đông A, Bình Tân, Hồ Chí Minh",36 m²,3 phòng,3 phòng,4 tầng,Sổ đỏ/ Sổ hồng,27/11/2025
"Bán Nhà Hẻm Ô Tô Hương Lộ 2, 5 Tầng Thang Máy, Full Nội Thất Nhỉnh 7 Tỷ TL","7,75 tỷ","Đường Hương lộ 2, Phường Bình Trị Đông A, Bình Tân, Hồ Chí Minh",76 m²,4 phòng,4 phòng,5 tầng,Sổ đỏ/ Sổ hồng,27/11/2025
"Bán nhà hẻm ô tô Lê Văn Quới, 5 tầng hiện đại, 5PN nhỉnh 7 tỷ Tl","7,7 tỷ","Đường Hương lộ 2, Phường Bình Trị Đông A, Bình Tân, Hồ Chí Minh",57 m²,5 phòng,4 phòng,5 tầng,Sổ đỏ/ Sổ hồng,27/11/2025
Chính Chủ Gửi Bán - 2 MT hẻm trước sau Lê Trọng Tấn - DT 5x20m 1 trệt 2 lầu st - Giá 8ty,8 tỷ,"Đường Lê Trọng Tấn, Phường Bình Hưng Hòa, Bình Tân, Hồ Chí Minh",100 m²,N/A,N/A,3 tầng,N/A,23/11/2025
"BÁN TOÀ NHÀ CHDV GỒM 36P, HXH Thông Lê Đình Cẩn, DT 8x22m2, Chỉ 13,5Tỷ","13,5 tỷ","Đường Lê Đình Cẩn, Phường Tân Tạo, Bình Tân, Hồ Chí Minh",172 m²,36 phòng,36 phòng,6 tầng,Sổ đỏ/ Sổ hồng,27/11/2025
"Đường xe hơi 6m - Nhà đúc 3 tầng - Cạnh Đầm Sen - DT: 4x14 (56m2) - chỉ 5,9 tỷ","5,9 tỷ","Đường Liên Khu 1-6, Phường Bình Trị Đông, Bình Tân, Hồ Chí Minh",56 m²,4 phòng,3 phòng,3 tầng,Sổ đỏ/ Sổ hồng.,24/11/2025
Liên Khu 4 - 5 hẻm 6m 4x11 không lộ giới không quy hoạch sổ đẹp,"3,7 tỷ","Đường Liên khu 4-5, Phường Bình Hưng Hòa B, Bình Tân, Hồ Chí Minh",42 m²,2 phòng,1 phòng,2 tầng,Sổ hồng.,27/11/2025
Căn góc 2 mặt tiền đường (34) 5 tầng Khu Vip Tên Lửa 6x20m vị trí vàng đường rộng kinh doanh,"22,6 tỷ","Đường Tên Lửa, Phường Bình Trị Đông B, Bình Tân, Hồ Chí Minh",120 m²,5 phòng,6 phòng,5 tầng,Sổ đỏ/ Sổ hồng,27/11/2025
"Ngộp bank bán gấp nhà hẻm xe tải thông đường Quốc Lộ 1A Bhhb Bình Tân dt 40 m2 chỉ có 3,4 tỷ","3,4 tỷ","Đường Quốc lộ 1A, Phường Bình Hưng Hòa B, Bình Tân, Hồ Chí Minh",40 m²,N/A,N/A,N/A,Sổ đỏ/ Sổ hồng,23/11/2025
"Nhà hẻm 6m khu dân cư vip 688 Hương Lộ 2, 4x14m, đúc 4 tấm nội thất cao cấp","5,8 tỷ","Đường Hương lộ 2, Phường Bình Trị Đông, Bình Tân, Hồ Chí Minh",56 m²,4 phòng,4 phòng,4 tầng,Sổ đỏ/ Sổ hồng,12/11/2025
"Nhà đẹp giá tốt Liên Khu 5 - 6, 4x11m",Thỏa thuận,"Đường Liên Khu 5-6, Phường Bình Hưng Hòa B, Bình Tân, Hồ Chí Minh",44 m²,2 phòng,2 phòng,1 tầng,Sổ đỏ/ Sổ hồng,27/11/2025
"Ngộp cần bán gấp nhà 5 tầng góc đường 18b BHHA đang có dòng tiền chỉ 5,65 tỷ","5,65 tỷ","Đường 18B, Phường Bình Hưng Hòa A, Bình Tân, Hồ Chí Minh",53 m²,6 phòng,7 phòng,5 tầng,Sổ đỏ/ Sổ hồng,20/11/2025
"Nhà hẻm thông một sẹc 8m đường Tên Lửa, 8x16m, 1 trệt 2 lầu đúc sân thượng","11,5 tỷ","Đường Tên Lửa, Phường Bình Trị Đông, Bình Tân, Hồ Chí Minh",128 m²,5 phòng,4 phòng,3 tầng,Sổ đỏ/ Sổ hồng,12/11/2025
"Nhà hẻm một sẹc 5m gần đường Lê Văn Quới, 4x11m, 1 trệt 3 lầu đúc sân thượng","6,35 tỷ","Đường Lê Văn Quới, Phường Bình Hưng Hòa A, Bình Tân, Hồ Chí Minh",44 m²,4 phòng,4 phòng,4 tầng,Sổ đỏ/ Sổ hồng,25/11/2025
"Bán nhà mới đẹp 100% hẻm ô tô, Hương Lộ 2, DT 4 x 17m, 4.5 tấm, 6.95 tỷ.","6,95 tỷ","Đường Hương lộ 2, Phường Bình Trị Đông, Bình Tân, Hồ Chí Minh",68 m²,3 phòng,N/A,5 tầng,Sổ đỏ/ Sổ hồng,25/11/2025
Chính Chủ bán Vị trí kinh doanh đường Bình Thành DT 4 x 29m kết cấu 1 tr 2 lầu gía 7.5 tỷ,"7,5 tỷ","Đường Bình Thành, Phường Bình Hưng Hòa B, Bình Tân, Hồ Chí Minh",114 m²,N/A,N/A,3 tầng,N/A,23/11/2025
"Bán nhà đường 26/3 kế Aeon Tân Phú, hẻm xe hơi, 55m2, 3 tầng sân thượng, nhỉnh 5,9 tỷ",Thỏa thuận,"Đường 26/3, Phường Bình Hưng Hòa, Bình Tân, Hồ Chí Minh",55 m²,3 phòng,3 phòng,3 tầng,Sổ đỏ/ Sổ hồng,27/11/2025
"Bán nhà đường Tỉnh Lộ 10, chợ Bà Hom, tổng 60m2, giá 1,750 tỷ, Quận Bình Tân","1,75 tỷ","Đường Tỉnh Lộ 10, Phường Tân Tạo, Bình Tân, Hồ Chí Minh",30 m²,2 phòng,2 phòng,2 tầng,Sổ đỏ/ Sổ hồng,27/11/2025
"BT - Bán đất 64m2(4x14) - Tặng nhà KDC Nam Long khu vip hiểm nhà bán, hẻm 2 ô tô tránh, Võ Văn Kiệt","5,39 tỷ","Phường An Lạc, Bình Tân, Hồ Chí Minh",60 m²,2 phòng,2 phòng,2 tầng,Có sổ.,26/11/2025
"Bán nhà riêng Đường Tỉnh Lộ 10, Tân Tạo, Bình Tân, Hồ Chí Minh.","1,75 tỷ","Đường Tỉnh Lộ 10, Phường Tân Tạo, Bình Tân, Hồ Chí Minh",30 m²,2 phòng,2 phòng,2 tầng,Sổ đỏ/ Sổ hồng,27/11/2025
"BÁN NHÀ 4 TẦNG TỈNH LỘ 10 - (68m2) 4PN - HXH 6M Giáp khu Tên Lửa, Aeon Mall - Chỉ: 7.5 TỶ (TL)","7,5 tỷ","Đường Tỉnh Lộ 10, Phường Bình Trị Đông B, Bình Tân, Hồ Chí Minh",68 m²,4 phòng,4 phòng,4 tầng,Sổ đỏ/ Sổ hồng,20/11/2025
NHÀ MỚI 5 TẦNG BTCT - (63m2) 6PN - 1 TRỤC LÊ VĂN QUỚI - KHU ĂN UỐNG SẦM UẤT - Chỉ : 8.7 tỷ (TL nhẹ),"8,7 tỷ","Đường Lê Văn Quới, Phường Bình Hưng Hòa A, Bình Tân, Hồ Chí Minh",63 m²,6 phòng,5 phòng,5 tầng,Sổ đỏ/ Sổ hồng,25/11/2025
"Nhà Nguyễn Quý Yêm(4x20)Đường 10m,KDC Nam Hùng Vương,Võ Văn Kiệt, Q6 ,Eaon .Giá giảm chỉ còn 6,9Tỷ","6,99 tỷ","Đường Nguyễn Quý Yêm, Phường An Lạc, Bình Tân, Hồ Chí Minh",80 m²,3 phòng,3 phòng,2 tầng,Sổ đỏ/ Sổ hồng,27/11/2025
"Nhà Nguyễn Quý Yêm(4x20)Đường 10m,KDC Nam Hùng Vương,Võ Văn Kiệt, Q6 ,Eaon .Giá giảm chỉ còn 6,9Tỷ","6,99 tỷ","Đường Nguyễn Quý Yêm, Phường An Lạc, Bình Tân, Hồ Chí Minh",80 m²,3 phòng,3 phòng,2 tầng,Sổ đỏ/ Sổ hồng,27/11/2025
"Nhà hẻm thông 6m khu Lê Văn Quới, 4x17m, đúc 3,5 tấm","7,2 tỷ","Đường Mã Lò, Phường Bình Trị Đông, Bình Tân, Hồ Chí Minh",68 m²,5 phòng,4 phòng,4 tầng,Sổ đỏ/ Sổ hồng,27/11/2025
Bán dãy trọ 5.4x54m ngay chợ Lê Đình Cẩn tương lai 2 mặt tiền,12 tỷ,"1 sẹc 213, Đường Lê Đình Cẩn, Phường Tân Tạo, Bình Tân, Hồ Chí Minh",239 m²,20 phòng,N/A,N/A,Sổ đỏ/ Sổ hồng,27/11/2025
"Vị trí vừa ở + kinh doanh, mua bán 4,5m x 17m - thang máy 450kg trong nhà đường nhựa thông 8m",Thỏa thuận,"Đường Liên khu 4-5, Phường Bình Hưng Hòa B, Bình Tân, Hồ Chí Minh","76,5 m²",5 phòng,6 phòng,4 tầng,Sổ đỏ/ Sổ hồng,21/11/2025
"Khu nhà đồng bộ cao tầng hơn 100 căn nhà phố - 4m x 15m - 1 lững, 3 lầu - đường nhựa trước nhà 7m","5,8 tỷ","Đường Số 6, Phường Bình Hưng Hòa B, Bình Tân, Hồ Chí Minh",60 m²,N/A,N/A,4 tầng,Sổ đỏ/ Sổ hồng,25/11/2025
Novaland Sài Gòn - 4m x 19m - thang máy 450kg - full nội thất - có sân oto - có phòng ngủ dưới trệt,"6,6 tỷ","Đường Hương lộ 2, Phường Bình Trị Đông A, Bình Tân, Hồ Chí Minh",76 m²,5 phòng,6 phòng,4 tầng,Sổ đỏ/ Sổ hồng,25/11/2025
"Hàng hiếm nhà góc 2 Mặt tiền KDC ngay chợ Bình Thành - Nguyễn Thị Tú - 4,5m x 15m - đường 6m thông","6,6 tỷ","Đường Nguyễn Thị Tú, Phường Bình Hưng Hòa B, Bình Tân, Hồ Chí Minh",68 m²,4 phòng,5 phòng,4 tầng,Sổ đỏ/ Sổ hồng,25/11/2025
Nhà full nội thất - có thang máy 450kg - ngay 1/ Lê Trọng Tấn - 4m x 17m - đường xe tải đến nhà,Thỏa thuận,"1/, Đường Lê Trọng Tấn, Phường Bình Hưng Hòa, Bình Tân, Hồ Chí Minh",68 m²,5 phòng,6 phòng,4 tầng,Sổ đỏ/ Sổ hồng,25/11/2025
"HXH 7m thông ngay An Dương Vương, P. An Lạc - 80m2 ( 2 tầng ) không lộ giới - giả: 6 tỷ 8","6,8 tỷ","Đường Nguyễn Quý Yêm, Phường An Lạc, Bình Tân, Hồ Chí Minh",80 m²,3 phòng,3 phòng,2 tầng,Sổ đỏ/ Sổ hồng,21/11/2025
"Bán biệt thự phố + CHDV Phan Anh, Bình Trị Đông, Bình Tân",24 tỷ,"Đường Phan Anh, Phường Bình Trị Đông, Bình Tân, Hồ Chí Minh",355 m²,20 phòng,20 phòng,4 tầng,Sổ đỏ/ Sổ hồng,19/11/2025
"4 TẦNG, HẺM XE HƠI HƯƠNG LỘ 2, LÊ VĂN QUỚI, NGANG LỚN 5,1x12, 4PN, PHÁP LÝ CHUẨN CHỈNH","6,39 tỷ","Đường Hương lộ 2, Phường Bình Trị Đông, Bình Tân, Hồ Chí Minh",60 m²,4 phòng,4 phòng,4 tầng,Sổ đỏ/ Sổ hồng,25/11/2025
Nhanh! Nhà 1/ An Dương Vương-Khu cao cấp sang trọng-4.5x12-Trệt lửng 2 lầu sân thượng - Chỉ 7.1tỷ,"7,1 tỷ","1/, Đường An Dương Vương, Phường An Lạc, Bình Tân, Hồ Chí Minh",51 m²,4 phòng,3 phòng,4 tầng,Sổ đỏ/ Sổ hồng,19/11/2025
CHÍNH CHỦ TRANG BÌA SỔ NHÀ 3 TẦNG MỚI Ở NGAY SỔ VUÔNG A4 KHÔNG LỘ GIỚI - NGAY AEON TÂN PHÚ -80M,"8,8 tỷ","Đường Hương Lộ 3, Phường Bình Hưng Hòa, Bình Tân, Hồ Chí Minh",80 m²,4 phòng,3 phòng,3 tầng,Sổ đỏ/ Sổ hồng,19/11/2025
"Nhà 2 mặt hẻm xe hơi thông, ngay Bình Trị Đông, Lê Văn Quới, 4x22 vuông A4, giữ tiền dòng tiền đỉnh","6,8 tỷ","Đường Bình Trị Đông, Phường Bình Trị Đông, Bình Tân, Hồ Chí Minh",88 m²,2 phòng,2 phòng,2 tầng,Sổ đỏ/ Sổ hồng,26/11/2025
"Hẻm xe tải sát MT Tỉnh Lộ 10, khu chợ Da Sà, 4,1x24m, sẵn dòng tiền, được xây 6T giữ tiền đỉnh","5,89 tỷ","Phường Bình Trị Đông, Bình Tân, Hồ Chí Minh","98,4 m²",6 phòng,6 phòng,1 tầng,Sổ đỏ/ Sổ hồng,26/11/2025
"Hẻm xe hơi 1/ Tân Hoà Đông, giáp Q6, Tân Phú, 6x18m vuông, sẵn dòng tiền 15tr/th, giữ tiền đỉnh","7,49 tỷ","1/, Đường Tân Hòa Đông, Phường Bình Trị Đông, Bình Tân, Hồ Chí Minh",108 m²,6 phòng,6 phòng,1 tầng,Sổ đỏ/ Sổ hồng,26/11/2025
"Lê Trọng Tấn - Bình Tân, nhà 5 tầng, DT 4x14, đường 6m, giá 7.x tỷ",7 tỷ,"Đường Lê Trọng Tấn, Phường Bình Hưng Hòa, Bình Tân, Hồ Chí Minh",56 m²,4 phòng,5 phòng,5 tầng,Sổ đỏ/ Sổ hồng,17/11/2025
"Chủ gấp giảm 300tr, giá mới 11 tỷ nhà mới 202m2 ngang khủng 12m Hương Lộ 3 - sát Aeon Tân Phú",11 tỷ,"Đường Hương Lộ 3, Phường Bình Hưng Hòa, Bình Tân, Hồ Chí Minh",202 m²,3 phòng,2 phòng,N/A,Sổ đỏ/ Sổ hồng,25/11/2025
"Bán gấp NR mặt tiền 5,5m, 4PN, 5WC, 74m2 tại Bình Thành, Bình Tân, 7,6 tỷ","7,6 tỷ","Đường Bình Thành, Phường Bình Hưng Hòa B, Bình Tân, Hồ Chí Minh",74 m²,4 phòng,5 phòng,5 tầng,Sổ đỏ/ Sổ hồng,14/11/2025
"Hot! bán NR 5PN, 5WC, 64m2 tại Bình Thành, Bình Tân, 6 tỷ VND",6 tỷ,"Đường Bình Thành, Phường Bình Hưng Hòa B, Bình Tân, Hồ Chí Minh",64 m²,5 phòng,5 phòng,4 tầng,Sổ đỏ/ Sổ hồng,16/11/2025
"Nhà sổ riêng bán nhanh đường Lê Quang Định Bình Thạnh diện tích 42,5m2. Sổ riêng",Thỏa thuận,"Đường Lê Quang Định, Phường 7, Bình Thạnh, Hồ Chí Minh","42,5 m²",4 phòng,4 phòng,3 tầng,Sổ đỏ/ Sổ hồng,23/11/2025
Căn hộ dịch vụ Nơ Trang Long cần bán gấp,"12,5 tỷ","Đường Nơ Trang Long, Phường 13, Bình Thạnh, Hồ Chí Minh",88 m²,N/A,N/A,3 tầng,Có sổ,25/11/2025
"Tôi cần bán căn nhà đường Tăng Bạt Hổ, P11, Bình Thạnh, 78m2, sổ tôi đứng tên","3,79 tỷ","Đường Tăng Bạt Hổ, Phường 11, Bình Thạnh, Hồ Chí Minh, Giá 3Tỷ790",78 m²,4 phòng,5 phòng,3 tầng,Sổ hồng,23/11/2025
"Nhà 1 trệt 1 lầu ST 48,2m2 - Ung Văn Khiêm, P25, Bình Thạnh - 2PN 3WC - HXH - SHR",Thỏa thuận,"Đường Ung Văn Khiêm, Phường 25, Bình Thạnh, Hồ Chí Minh","48,2 m²",2 phòng,3 phòng,2 tầng,Sổ hồng riêng,22/11/2025
"Bán nhà 1trệt 2lầu xây mới hẻm 1/ Phan Văn Trị, P. 11, Bình Thạnh, 51,2m2,4PN 4WC, HXH, 2tỉ550. SHR","2,55 tỷ","Hẻm 1/, Đường Phan Văn Trị, Phường 11, Bình Thạnh, Hồ Chí Minh","51,2 m²",4 phòng,4 phòng,3 tầng,Sổ hồng,22/11/2025
"Bán nhà Bình Thạnh 43m2 đường Lê Văn Duyệt, phường 3. Ngay chợ Bà Chiểu",Thỏa thuận,"Đường Lê Văn Duyệt, Phường 3, Bình Thạnh, Hồ Chí Minh",43 m²,4 phòng,5 phòng,4 tầng,Sổ đỏ/ Sổ hồng,22/11/2025
"Hạ giá! Bán gấp nhà 49m2 đường Hoàng Hoa Thám, P5, Bình Thạnh. Sổ hồng riêng chính chủ",Thỏa thuận,"Đường Hoàng Hoa Thám, Phường 5, Bình Thạnh, Hồ Chí Minh",49 m²,N/A,3 phòng,4 tầng,Sổ đỏ/ Sổ hồng,22/11/2025
Hiếm! Siêu phẩm ngay CX Công An tại Bùi Đình Túy - Ngang lớn 6x17m - HXH 6m - Giá đầu tư,"12,7 tỷ","Đường Bùi Đình Túy, Phường 12, Bình Thạnh, Hồ Chí Minh","96,7 m²",2 phòng,2 phòng,2 tầng,Sổ đỏ/ Sổ hồng,22/11/2025
"Bán nhà mới đẹp Xô Viết Nghệ Tĩnh, Bình Thạnh, 2PN, 2WC, giá chỉ 2,65 tỷ bớt lộc","2,65 tỷ","Đường Xô Viết Nghệ Tĩnh, Phường 19, Bình Thạnh, Hồ Chí Minh",20 m²,2 phòng,2 phòng,3 tầng,Sổ đỏ/ Sổ hồng,18/11/2025
"Bán CHDV đang khai thác 9 phòng dòng tiền ~50tr/tháng - Hẻm xe hơi - Thông số chuẩn 57m2 (4,15x14m)","11,8 tỷ","Đường Vũ Tùng, Phường 2, Bình Thạnh, Hồ Chí Minh",57 m²,9 phòng,N/A,5 tầng,Sổ hồng,25/11/2025
BÁN ĐẤT GÓC 2MT ĐẶNG THÙY TRÂM 14mx22m 26tỷ5 P13Q.BT VỊ TRÍ TRỰC DIỆN SÔNG PHÙ HỢP XÂY BIỆT THỰ,"26,5 tỷ","Đường Bình Lợi, Phường 13, Bình Thạnh, Hồ Chí Minh",220 m²,N/A,N/A,4 tầng,Sổ hồng,27/11/2025
"HXH 6M BÙI ĐÌNH TÚY P12 BÌNH THẠNH (6X16M) NGANG LỚN CỰC THOÁNG. GIÁ 12,8 TỶ THƯƠNG LƯỢNG MẠNH","12,8 tỷ","Đường Bùi Đình Túy, Phường 12, Bình Thạnh, Hồ Chí Minh",96 m²,2 phòng,1 phòng,N/A,Sổ đỏ/ Sổ hồng,26/11/2025
HXH 7 chỗ cách MT Lê Quang Định 1 căn nhà 93m2 chỉ 10 tỷ TL DT: 4.5mx19m nở hậu 6.7m giá đầu tư!,10 tỷ,"Đường Lê Quang Định, Phường 7, Bình Thạnh, Hồ Chí Minh","93,1 m²",4 phòng,3 phòng,2 tầng,Sổ đỏ/ Sổ hồng,26/11/2025
SIÊU PHẨM ĐƯỜNG 12M ĐẶNG THUỲ TRÂM P13 BÌNH THẠNH (4x20M) 2 TẦNG 3PN. GIÁ 13 TỶ THƯƠNG LƯỢNG MẠNH,13 tỷ,"Đường Đặng Thùy Trâm, Phường 13, Bình Thạnh, Hồ Chí Minh",80 m²,3 phòng,2 phòng,2 tầng,Sổ đỏ/ Sổ hồng,26/11/2025
"Căn góc không lộ giới hẻm 8m sát MT, 5 tầng sẵn 8PN full HĐT 40tr/th","11,2 tỷ","Đường Nơ Trang Long, Phường 13, Bình Thạnh, Hồ Chí Minh",60 m²,8 phòng,8 phòng,5 tầng,Sổ hồng,26/11/2025
Siêu Phẩm 5 tầng - Sát Quận 1 - Căn góc 2MT - Hẻm xe hơi - 3PN - Full Nội Thất ở liền - Chỉ 7.66 tỷ,"7,66 tỷ","Đường Xô Viết Nghệ Tĩnh, Phường 25, Bình Thạnh, Hồ Chí Minh",55 m²,3 phòng,3 phòng,5 tầng,Sổ đỏ/ Sổ hồng,21/11/2025
"Bán nhà dòng tiền cao Bình Thạnh - CHDV 13 phòng, thu nhập 90tr/tháng","16,9 tỷ","217/, Đường Bùi Đình Túy, Phường 24, Bình Thạnh, Hồ Chí Minh","91,1 m²",N/A,N/A,4 tầng,Sổ hồng,25/11/2025
39.9 tỷ - gần 100 triệu/m2 - hẻm xe hơi - Lê Quang Định - 15x25m/CN: 410m2 cấp 4 - CPXD: Hầm 6 tầng,"39,9 tỷ","Đường Lê Quang Định, Phường 11, Bình Thạnh, Hồ Chí Minh",410 m²,3 phòng,3 phòng,1 tầng,Sổ đỏ/ Sổ hồng,25/11/2025
"Bán nhà ở riêng lẻ khu vip đường Nguyễn Cửu Vân, Phường 17, Q. BT, TPHCM, 88m2, 25 tỷ chốt",25 tỷ,"Đường Nguyễn Cửu Vân, Phường 17, Bình Thạnh, Hồ Chí Minh",88 m²,3 phòng,4 phòng,3 tầng,N/A,21/11/2025
Bán nhà 3 tầng hẻm 6m căn góc 2MT Bùi Đình Tuý- 11x30m)20phòng thu nhập 86tr/th. GPXD mới hầm 7tầng,"37,5 tỷ","Đường Bùi Đình Túy, Phường 24, Bình Thạnh, Hồ Chí Minh",330 m²,20 phòng,20 phòng,3 tầng,Sổ đỏ/ Sổ hồng,25/11/2025
"Bán nhà hẻm xe hơi Ung Văn Khiêm P25 BT. DT 48,5m2",Thỏa thuận,"Đường Ung Văn Khiêm, Phường 25, Bình Thạnh, Hồ Chí Minh","48,2 m²",2 phòng,3 phòng,2 tầng,Sổ đỏ/ Sổ hồng,26/11/2025
"Bán nhà Chu Văn An, Bình Thạnh, 80m2, 3 lầu, 5 phòng đang cho thuê 30tr/tháng, 15 tỷ giảm 14.5Tỷ",15 tỷ,"Đường Chu Văn An, Phường 26, Bình Thạnh, Hồ Chí Minh",80 m²,5 phòng,5 phòng,3 tầng,Sổ đỏ/ Sổ hồng,24/11/2025
"BÁN NHÀ, NGANG 6M X 15,5M, KHU VÍP CAO CẤP, XÂY DỰNG KIỂU BIỆT THỰ, SINH KHÍ ĐÓN TÀI LỘC,","17,58 tỷ","Đường Đặng Thùy Trâm, Phường 13, Bình Thạnh, Hồ Chí Minh",93 m²,5 phòng,5 phòng,4 tầng,Sổ đỏ/ Sổ hồng,25/11/2025
SÁT MẶT TIỀN - HẺM 6m TĂNG BẠT HỔ P11 BÌNH THẠNH - 2 MẶT TRƯỚC SAU - DT 5x11m -4 TẦNG- CHỈ 10 TỶ TL,10 tỷ,"Đường Tăng Bạt Hổ, Phường 11, Bình Thạnh, Hồ Chí Minh",55 m²,4 phòng,5 phòng,4 tầng,Sổ đỏ/ Sổ hồng,24/11/2025
"Bán gấp nhà cấp 4 HXH 150m2 không bị quy hoạch Vũ Tùng Bình Thạnh 12,5 tỷ ngộp bank 6 tỷ","12,5 tỷ","146, Đường Vũ Tùng, Phường 2, Bình Thạnh, Hồ Chí Minh",150 m²,3 phòng,3 phòng,1 tầng,Sổ đỏ/ Sổ hồng,24/11/2025
"Hẻm 4m Hoàng Hoa Thám, P5, Bình Thạnh. DT khủng 5.2 x 17m 82m2 CN nở hậu tài lộc giá 8,5 tỷ","8,5 tỷ","Đường Hoàng Hoa Thám, Phường 5, Bình Thạnh, Hồ Chí Minh",82 m²,N/A,N/A,2 tầng,Sổ đỏ/ Sổ hồng,24/11/2025
"VỊ TRÍ TRUNG TÂM - KHU ĐỒNG BỘ ! BÁN NHÀ HXH NGAY PHAN ĐĂNG LƯU P6 Q.BT 5 TẦNG 4X15M CHỈ 10,8 TỶ TL","10,8 tỷ","Đường  Phan Đăng Lưu, Phường 6, Bình Thạnh, Hồ Chí Minh",60 m²,7 phòng,6 phòng,5 tầng,Sổ đỏ/ Sổ hồng,23/11/2025
"Bán gấp nhà góc 2 mặt tiền ngõ Vũ Huy Tấn, P3, Bình Thạnh, giá chỉ 2,79 tỷ kinh doanh tốt","2,79 tỷ","Đường Vũ Huy Tấn, Phường 3, Bình Thạnh, Hồ Chí Minh",46 m²,3 phòng,3 phòng,2 tầng,Sổ đỏ/ Sổ hồng,23/11/2025
"Nhà vị trí vàng 5 phút ra Ngã Tư Hàng Xanh DT 33m2  ở Bạch Đằng, Bình Thạnh",Thỏa thuận,"Đường Bạch Đằng, Phường 15, Bình Thạnh, Hồ Chí Minh",33 m²,4 phòng,5 phòng,4 tầng,Sổ đỏ/ Sổ hồng,23/11/2025
Chính chủ đăng bán - 180/76A Xô Viết Nghệ Tĩnh - Bình Thạnh,"4,9 tỷ","180/76A, Đường Xô Viết Nghệ Tĩnh, Phường 21, Bình Thạnh, Hồ Chí Minh","50,91 m²",2 phòng,2 phòng,2 tầng,Sổ đỏ/ Sổ hồng,17/11/2025
"Chính chủ bán 186/34 Phan Văn Trị ~ 23m2, giá 2.5 tỷ TL","2,5 tỷ","186/34, Đường Phan Văn Trị, Phường 12, Bình Thạnh, Hồ Chí Minh","22,6 m²",2 phòng,1 phòng,2 tầng,Sổ hồng,21/11/2025
Bán Nhà Nguyễn Gia Trí hẻm 6m Giáo Xứ Thanh Đa vào DT 4x18m trệt 3 lầu ST rất đẹp gần mặt đường,"11,8 tỷ","Đường Tầm Vu, Phường 26, Bình Thạnh, Hồ Chí Minh",70 m²,6 phòng,N/A,4 tầng,Sổ đỏ/ Sổ hồng,22/11/2025
Chủ Bán Gấp! Siêu Phẩm Nhà Phố - Khu Đồng Bộ - Ô Tô Đỗ Ngày Đêm - Nhà 5 Tầng 52m2 - Chỉ 10 Tỷ TL,10 tỷ,"Phường 22, Bình Thạnh, Hồ Chí Minh",52 m²,4 phòng,5 phòng,5 tầng,Sổ đỏ/ Sổ hồng,22/11/2025
"Cô 5 cần rao bán căn nhà hẻm 1 sẹc Trường Sa - Phường 2 - Bình Thạnh, SHR đầy đủ",Thỏa thuận,"Đường Trường Sa, Phường 2, Bình Thạnh, Hồ Chí Minh","46,2 m²",3 phòng,3 phòng,3 tầng,Sổ đỏ/ Sổ hồng,23/11/2025
"Cơ hội hiếm nhà Lê Văn Duyệt, Phường 1, Bình Thạnh - 52,8m2. Sổ sẵn, công chứng ngay",Thỏa thuận,"Đường Lê Văn Duyệt, Phường 1, Bình Thạnh, Hồ Chí Minh","52,8 m²",3 phòng,4 phòng,3 tầng,Sổ hồng riêng,22/11/2025
"Cần tiền bán nhanh nhà Nguyễn Thượng Hiền, P5, Bình Thạnh. DT 69.8m2. SHR, hoàn công đủ",Thỏa thuận,"Đường Nguyễn Thượng Hiền, Phường 5, Bình Thạnh, Hồ Chí Minh","69,8 m²",4 phòng,6 phòng,4 tầng,Sổ đỏ/ Sổ hồng,23/11/2025
"Bán nhà khu đường D làng đại học Bình Thạnh - phù hợp ở, cho thuê, làm văn phòng hoặc xây mới CHDV","9,9 tỷ","Đường Nguyễn Văn Thương, Phường 25, Bình Thạnh, Hồ Chí Minh","61,5 m²",3 phòng,3 phòng,2 tầng,Sổ đỏ/ Sổ hồng,22/11/2025
"Bán Nhà Khu D(Nguyễn Gia Trí)-Võ Oanh P.25 BT (4,2x16,2m)68m2,3 Tầng Giá 15,2 tỷ TL(Hiếm nhà bán)","15,2 tỷ","Đường Nguyễn Gia Trí, Phường 25, Bình Thạnh, Hồ Chí Minh",68 m²,5 phòng,4 phòng,3 tầng,Sổ đỏ/ Sổ hồng,20/11/2025
"Bán nhà gần phố ẩm thực Phan Xích Long. 70m2, 5PN -  bao sang tên",Thỏa thuận,"Đường Vũ Huy Tấn, Phường 3, Bình Thạnh, Hồ Chí Minh",70 m²,5 phòng,4 phòng,3 tầng,Sổ đỏ/ Sổ hồng,22/11/2025
"Cực hiếm! Bán nhà HXH 6m Bùi Đình Tuý (6,6x21m) hẻm 1 sẹc, sát MT đường. Giá chỉ 11,9 tỷ","11,9 tỷ","Đường Bùi Đình Túy, Phường 12, Bình Thạnh, Hồ Chí Minh",107 m²,1 phòng,1 phòng,2 tầng,Sổ đỏ/ Sổ hồng,22/11/2025
Siêu hiếm ngay Vincom Plaza - Bán gấp CHDV 4 tầng 52m2 - Ngang 8.5m dòng tiền siêu tốt 35tr/tháng,"7,99 tỷ","Đường  Nguyễn Xí, Phường 26, Bình Thạnh, Hồ Chí Minh",52 m²,6 phòng,7 phòng,4 tầng,Sổ đỏ/ Sổ hồng,21/11/2025
"Bán CHDV 75tr/th sát Quận 1 ,có tháng máy 80m2 hẻm oto tại Lê Văn Duyệt full nội thất chỉ 20,9ty","20,9 tỷ","Đường Lê Văn Duyệt, Phường 1, Bình Thạnh, Hồ Chí Minh",80 m²,11 phòng,11 phòng,7 tầng,Sổ đỏ/ Sổ hồng,22/11/2025
"NHÀ 2 MT ĐƯỜNG , 5 TẦNG , OTO NGỦ NHÀ , GẦN TTTM , CÔNG VIÊN , HXH THUẬN TIỆN SANG Q1/3/10",7 tỷ,"Đường Xô Viết Nghệ Tĩnh, Phường 25, Bình Thạnh, Hồ Chí Minh",28 m²,4 phòng,4 phòng,5 tầng,Sổ đỏ/ Sổ hồng,22/11/2025
"( GẦN MẬT TIỀN - GIÁ TỐT ) Bán nhà mới cứng Đinh Bộ Lĩnh gần Hàng Xanh 88 m2, 3 tầng, giá 10,5 tỷ","10,9 tỷ","Đường Đinh Bộ Lĩnh, Phường 26, Bình Thạnh, Hồ Chí Minh",88 m²,4 phòng,4 phòng,3 tầng,Sổ đỏ/ Sổ hồng,21/11/2025
Bán gấp nhà Phan Đăng Lưu P6 Q. BT HĐT: 80 triệu/tháng DT: 16x24m CN: 298m2 giá bán: 45 tỷ,45 tỷ,"Đường  Phan Đăng Lưu, Phường 6, Bình Thạnh, Hồ Chí Minh",298 m²,N/A,N/A,N/A,Sổ hồng,21/11/2025
"Bán nhà HXH tới cửa Lê Quang Định ngang (hiếm) 4.5m DTCN đủ 88m2 giá 16,8ty TL chính chủ","16,8 tỷ","Đường Lê Quang Định, Phường 1, Bình Thạnh, Hồ Chí Minh",88 m²,4 phòng,4 phòng,5 tầng,Sổ đỏ/ Sổ hồng,22/11/2025
"Siêu Hot! Dãy Trọ Nguyễn Xí Dòng Tiền 30tr/Tháng, Giá Chỉ 16 Tỷ!",Thỏa thuận,"Đường  Nguyễn Xí, Phường 11, Bình Thạnh, Hồ Chí Minh",186 m²,N/A,N/A,N/A,Sổ đỏ/ Sổ hồng,21/11/2025
SÁT MẶT TIỀN! BÁN NHÀ 3 TẤM 4x12m XÔ VIẾT NGHỆ TĨNH P.25 BÌNH THẠNH - HẺM 5m THÔNG. GIÁ 8TỶ6,"8,6 tỷ","Đường Xô Viết Nghệ Tĩnh, Phường 25, Bình Thạnh, Hồ Chí Minh",48 m²,3 phòng,4 phòng,3 tầng,Sổ đỏ/ Sổ hồng,18/11/2025
CHÍNH CHỦ BÁN 108/27/ Võ Duy Ninh 4.86 tỷ hh 50 tr,"4,86 tỷ","Đường Võ Duy Ninh, Phường 22, Bình Thạnh, Hồ Chí Minh",31 m²,3 phòng,4 phòng,3 tầng,Sổ đỏ/ Sổ hồng,21/11/2025
"CHÍNH CHỦ, Q.Bình Thạnh, đường nhựa 8m, View công viên, 14,9 tỷ *4 tầng Đ.Bình Lợi, P.13","14,9 tỷ","Đường Bình Lợi, Phường 13, Bình Thạnh, Hồ Chí Minh",80 m²,6 phòng,5 phòng,4 tầng,"Sổ hồng chính chủ, đã hoàn công !",16/11/2025
Bán nhà trung tâm gần Hàng Xanh - hẻm rộng xe hơi vào tận nhà - trước nhà có công viên,16 tỷ,"118/83G3 Đường Bạch Đằng, Phường 24, Bình Thạnh, Hồ Chí Minh",65 m²,5 phòng,3 phòng,3 tầng,Sổ đỏ/ Sổ hồng,16/11/2025
"Hẻm xe hơi bán nhà Bình Thạnh, Nguyễn Văn Đậu 4x14m trệt + lửng + 2 lầu nội thất đẹp","10,8 tỷ","Đường Nguyễn Văn Đậu, Phường 5, Bình Thạnh, Hồ Chí Minh",56 m²,4 phòng,4 phòng,4 tầng,Sổ hồng,20/11/2025
"CHÍNH CHỦ GỬI BÁN NHÀ GIÁ RẺ VIEW LANDMARK - 4 Tầng, 4x11m Sổ Vuông vức - Giá chỉ Nhỉnh 7 Tỷ",7 tỷ,"Đường Nguyễn Hữu Cảnh, Phường 22, Bình Thạnh, Hồ Chí Minh",44 m²,2 phòng,2 phòng,2 tầng,Sổ đỏ/ Sổ hồng,17/11/2025
"Thu nhập 40tr/tháng! 2 mặt hẻm ô tô Nơ Trang Long Q. BT - 5 tầng - 5x24m sổ A4, chỉ 13,99 tỷ TL","13,99 tỷ","Đường Nơ Trang Long, Phường 11, Bình Thạnh, Hồ Chí Minh","115,8 m²",7 phòng,6 phòng,5 tầng,Sổ đỏ/ Sổ hồng,17/11/2025
"NHÀ 3 TẦNG GẦN SÁT CÔNG VIÊN RẠCH XUYÊN TÂM - NGAY ĐẠI HỌC VĂN LANG , 4X20M",13 tỷ,"Đường Đặng Thùy Trâm, Phường 13, Bình Thạnh, Hồ Chí Minh",80 m²,N/A,N/A,3 tầng,N/A,13/11/2025
"Bán nhà ngay Cư Xá Nguyên Hông, Bình Thạnh - Nhà mới 5 tầng kế bên Công Viên - Đường trước nhà 12m.","12,8 tỷ","Đường Nguyên Hồng, Phường 11, Bình Thạnh, Hồ Chí Minh",70 m²,5 phòng,6 phòng,5 tầng,Sổ đỏ/ Sổ hồng,27/11/2025
Bán nhà Ngay ngã Tư Hàng Xanh - Xô Viết Nghệ Tĩnh - Hẻm trước nhà hơn 4m - 5 Tầng có sân thượng,"7,5 tỷ","Đường Xô Viết Nghệ Tĩnh, Phường 25, Bình Thạnh, Hồ Chí Minh",38 m²,3 phòng,3 phòng,5 tầng,Sổ đỏ/ Sổ hồng,27/11/2025
Bán căn hộ dịch vụ mặt tiền Rạch Xuyên Tâm - Đường Bùi Đình Tuý 6 tầng 25 phòng HĐT 750tr/năm,18 tỷ,"Đường Bùi Đình Túy, Phường 24, Bình Thạnh, Hồ Chí Minh",84 m²,23 phòng,25 phòng,6 tầng,Sổ đỏ/ Sổ hồng,18/11/2025
Bán nhà oto thông hẻm 135 Nguyễn Cửu Vân - 62m2 - BTCT 2 tầng - 20 triệu / tháng - ngay Q1,"6,5 tỷ","Hẻm 135, Đường Nguyễn Cửu Vân, Phường 17, Bình Thạnh, Hồ Chí Minh",62 m²,2 phòng,N/A,6 tầng,Sổ đỏ/ Sổ hồng,27/11/2025
Bán nhà hẻm Oto - BTCT 4 tầng - Ngay D5 - 8 PN - 38 Triệu / tháng - Nhỉnh 7 tỷ,"7,4 tỷ","Đường D5, Phường 25, Bình Thạnh, Hồ Chí Minh",32 m²,8 phòng,7 phòng,4 tầng,Sổ đỏ/ Sổ hồng,27/11/2025
"Bán nhà hẻm xe hơi BTCT 5 Tầng - 60m2 - 4 x 15m - Hoàng Hoa Thám, Bình Thạnh - Chỉ 9 tỷ hơn","9,8 tỷ","Đường Hoàng Hoa Thám, Phường 7, Bình Thạnh, Hồ Chí Minh",60 m²,5 phòng,6 phòng,5 tầng,Sổ đỏ/ Sổ hồng,27/11/2025
Tòa Nhà 7 Tầng ngay Rạch Xuyên Tâm  28 Căn Hộ Dịch Vụ Full Nội Thất  Thu 120tr/tháng,"25,9 tỷ","Đường Bùi Đình Túy, Phường 24, Bình Thạnh, Hồ Chí Minh",120 m²,N/A,N/A,7 tầng,N/A,27/11/2025
"Hxh Ôtô Vào nhà, Quay Đầu, Gần Mặt tiền, Gần Nguyễn Xí, Phạm Văn Đồng, 64m2 x 3Tầng * Giá 10,99 tỷ","10,99 tỷ","Đường Nơ Trang Long, Phường 13, Bình Thạnh, Hồ Chí Minh",64 m²,4 phòng,3 phòng,3 tầng,Sổ đỏ/ Sổ hồng,27/11/2025
"Bán nhà riêng 110m2, 11,6 tỷ tại Điện Biên Phủ, P15, đẹp, nhiều tiện ích, zalo/SDT:0978 529 ***","11,6 tỷ","Đường Điện Biên Phủ, Phường 15, Bình Thạnh, Hồ Chí Minh",110 m²,16 phòng,16 phòng,4 tầng,Sổ đỏ/ Sổ hồng,27/11/2025
"Hàng hiếm tại Nơ Trang Long, Bình Thạnh, 20 tỷ, 150m2, 6 tầng, 20PN, 20WC, 2 Mặt hẻm xe hơi",20 tỷ,"Đường Nơ Trang Long, Phường 7, Bình Thạnh, Hồ Chí Minh",150 m²,20 phòng,20 phòng,6 tầng,Sổ đỏ/ Sổ hồng,27/11/2025
"Siêu phẩm nhà HXT 157 Nguyễn Gia Trí (D2)- Võ Oanh P25 Bình Thạnh 3 tầng (DT-4,2x16,2)m chỉ 15,2 tỷ","15,2 tỷ","HXT 157, Đường Nguyễn Gia Trí, Phường 25, Bình Thạnh, Hồ Chí Minh",68 m²,2 phòng,N/A,3 tầng,N/A,25/11/2025
Bán nhanh nhà hẻm 69 Nguyễn Gia Trí ( D2) P25 Bình Thạnh ( 9x20m) 3 tầng vị trí đẹp giá chỉ 31 tỷ,31 tỷ,"Đường Nguyễn Gia Trí, Phường 25, Bình Thạnh, Hồ Chí Minh",180 m²,3 phòng,3 phòng,3 tầng,Sổ đỏ/ Sổ hồng,26/11/2025
BÁN GẤP NHÀ NGAN 8M X 20M NGAY ĐH HUTECH - TÒA NHÀ TTC TẠI UNG VĂN KHIÊM GIÁ CHỈ 33 TỶ,33 tỷ,"Đường Ung Văn Khiêm, Phường 25, Bình Thạnh, Hồ Chí Minh",160 m²,5 phòng,6 phòng,4 tầng,Sổ đỏ/ Sổ hồng,27/11/2025
"Bán nhà riêng 30PN, 30WC, 208m2 tại Lê Quang Định, Q. Bình Thạnh, HCM, 35 tỷ VND",35 tỷ,"Đường Lê Quang Định, Phường 14, Bình Thạnh, Hồ Chí Minh",208 m²,30 phòng,30 phòng,5 tầng,Sổ đỏ/ Sổ hồng,27/11/2025
"Bán đất tặng nhà đường Phan Văn Hân giáp Q1 quy hoạch tương lai thành mặt tiền 40m2 chỉ 6,2 tỉ TL","6,2 tỷ","Đường Phan Văn Hân, Phường 17, Bình Thạnh, Hồ Chí Minh",40 m²,2 phòng,2 phòng,2 tầng,Sổ đỏ/ Sổ hồng,27/11/2025
Hẻm ôtô ngay Vincom Nguyễn Xí - 3tầng - 52m2 - chỉ 9 tỷ TL,9 tỷ,"Phường 13, Bình Thạnh, Hồ Chí Minh",52 m²,4 phòng,4 phòng,3 tầng,Sổ đỏ/ Sổ hồng,24/11/2025
"HIẾM, HXH BÌNH THẠNH, 38m2 CHỈ NHỈNH 5 TỶ, BẠCH ĐẰNG P15","5,28 tỷ","Đường Bạch Đằng, Phường 15, Bình Thạnh, Hồ Chí Minh",38 m²,N/A,N/A,N/A,Sổ đỏ/ Sổ hồng,27/11/2025
"Bán nhà riêng tại Đường Nguyên Hồng, Phường 11, Bình Thạnh, Hồ Chí Minh, giá cực chất 8,75 tỷ, 87m2","8,75 tỷ","Đường Nguyên Hồng, Phường 11, Bình Thạnh, Hồ Chí Minh",87 m²,12 phòng,12 phòng,4 tầng,Sổ đỏ/ Sổ hồng,27/11/2025
BÁN NHÀ 2 MẶT HẺM l 48m2 l SÁT Q1 l Chỉ 5.9 tỷ thương lượng.,"5,95 tỷ","Đường Đinh Tiên Hoàng, Phường 3, Bình Thạnh, Hồ Chí Minh",48 m²,N/A,N/A,N/A,Sổ đỏ/ Sổ hồng,27/11/2025
"Bán nhà Điện Biên Phủ_Bình Thạnh Ngang 5m/nở hậu. Tiện xây mới CHDV hoặc ở, diện tích 87m2 5pn...",10 tỷ,"Đường Điện Biên Phủ, Phường 15, Bình Thạnh, Hồ Chí Minh",87 m²,5 phòng,2 phòng,2 tầng,Sổ đỏ/ Sổ hồng,27/11/2025
"Mới nhận 1 căn vị trí đẹp, đường Ung Văn Khiêm - Bình Thạnh 68m2",Thỏa thuận,"Đường Ung Văn Khiêm, Phường 25, Bình Thạnh, Hồ Chí Minh",68 m²,2 phòng,2 phòng,2 tầng,Sổ đỏ/ Sổ hồng,26/11/2025
"Bán nhà ngang 6m ngay đại học Văn Lang P. 13 Bình Thạnh, 6x18m, GPXD mới hầm 4 tầng",12 tỷ,"Đường Đặng Thùy Trâm, Phường 13, Bình Thạnh, Hồ Chí Minh.",100 m²,2 phòng,2 phòng,1 tầng,Sổ đỏ/ Sổ hồng,21/11/2025
"Định cư nước ngoài cần bán gấp nhà góc 2MT hẻm 12m Bình Lợi, P13, Bình Thạnh ngay bờ sông Sài Gòn",18 tỷ,"Đường Bình Lợi, Phường 13, Bình Thạnh, Hồ Chí Minh",150 m²,4 phòng,5 phòng,3 tầng,Sổ đỏ/ Sổ hồng,21/11/2025
"Bán nhà DT 34,6m2 đường Nơ Trang Long P7 Quận Bình Thạnh",Thỏa thuận,"Đường Nơ Trang Long, Phường 7, Bình Thạnh, Hồ Chí Minh","34,6 m²",3 phòng,3 phòng,3 tầng,Sổ đỏ/ Sổ hồng,27/11/2025
"Bán nhà hẻm xe hơi tránh 3 tầng 4x17m, hợp làm vp mở cty gần Hàng Xanh. Sổ vuông, giá 12,3 tỷ","12,3 tỷ","Đường Đinh Bộ Lĩnh, Phường 26, Bình Thạnh, Hồ Chí Minh","74,4 m²",4 phòng,4 phòng,3 tầng,Sổ đỏ/ Sổ hồng,25/11/2025
"Nhà cấp 4 tiện xây mới, DT 4x15m, CN 61m2, HXH Nguyễn Văn Thương","9,8 tỷ","Đường Nguyễn Văn Thương, Phường 25, Bình Thạnh, Hồ Chí Minh",61 m²,N/A,N/A,3 tầng,Sổ đỏ/ Sổ hồng,20/11/2025
Nhà mới toanh khu phố ăn uống Bùi Đình Tuý Bình Thạnh hẻm 3m DT: 4.6 x 7.5 CN 33m² DTSD 70m²,"5,79 tỷ","Đường Bùi Đình Túy, Phường 12, Bình Thạnh, Hồ Chí Minh",33 m²,3 phòng,2 phòng,2 tầng,Sổ đỏ/ Sổ hồng,27/11/2025
"Nhà cấp 4 xây theo QH 6m, DT 5x15m, CN 75m2, hẻm sát mặt tiền Nguyễn Hữu Cảnh","9,7 tỷ","Đường Nguyễn Hữu Cảnh, Phường 22, Bình Thạnh, Hồ Chí Minh",75 m²,N/A,N/A,5 tầng,Sổ đỏ/ Sổ hồng,21/11/2025
"Bán nhà hẻm xe hơi Nguyễn Xí (đoạn 2 chiều)cách mặt tiền 1 căn 5PN 7WC. Ngang 8,3m chỉ 8.1 tỷ","8,1 tỷ","Đường  Nguyễn Xí, Phường 13, Bình Thạnh, Hồ Chí Minh",50 m²,5 phòng,7 phòng,4 tầng,Sổ đỏ/ Sổ hồng,19/11/2025
"Nhà Điện Biên Phủ - Bình Thạnh, 62m2, hẻm ô tô, giá chỉ 6.5 tỷ","6,5 tỷ","Đường Điện Biên Phủ, Phường 17, Bình Thạnh, Hồ Chí Minh",62 m²,6 phòng,6 phòng,2 tầng,Sổ đỏ/ Sổ hồng,14/11/2025
"TUYỆT PHẨM NHÀ ĐẸP - KHU ĐỒNG BỘ VINCOM NGUYỄN XÍ (2 CHIỀU), BÌNH THẠNH - ÔTÔ NGỦ NHÀ - 42M2 5 TẦNG","9,5 tỷ","Đường  Nguyễn Xí, Phường 13, Bình Thạnh, Hồ Chí Minh",42 m²,4 phòng,5 phòng,5 tầng,Sổ đỏ/ Sổ hồng,27/11/2025
"Bán nhà SHR DT 34m2, ở Nơ Trang Long, P7, Bình Thạnh",Thỏa thuận,"Đường Nơ Trang Long, Phường 7, Bình Thạnh, Hồ Chí Minh",34 m²,3 phòng,4 phòng,3 tầng,Sổ hồng,27/11/2025
"8.9tỷ về 8tỷ, ngang lớn 6.2m, 78m2 4 tầng BTCT, bán nhà Điện Biên Phủ P15 Bình Thạnh",8 tỷ,"Đường Điện Biên Phủ, Phường 15, Bình Thạnh, Hồ Chí Minh",78 m²,N/A,N/A,4 tầng,Sổ đỏ/ Sổ hồng,27/11/2025
Bán gấp nhà Nơ Trang Long 82m2 - hẻm oto thẳng 1 trục - gần cầu Bình Lợi - nhỉnh 9 tỷ,"9,5 tỷ","Đường Nơ Trang Long, Phường 13, Bình Thạnh, Hồ Chí Minh",82 m²,4 phòng,5 phòng,3 tầng,Sổ đỏ/ Sổ hồng,27/11/2025
"Nhà 5 Tầng BTCT HXH Thông Nguyễn Văn Đậu, 4PN, Nhà Đẹp Vào Ở Ngay - CHỈ 8,5T","8,5 tỷ","Đường Hoàng Hoa Thám, Phường 5, Bình Thạnh, Hồ Chí Minh",45 m²,4 phòng,5 phòng,5 tầng,N/A,27/11/2025
HẺM XE HƠI VIP PHƯỜNG 7 - 251/ LÊ QUANG ĐỊNH (5.1X14) TRỆT 1 LẦU TIỆN XÂY MỚI CÓ GIÁ TỐT,9 tỷ,"Đường Lê Quang Định, Phường 7, Bình Thạnh, Hồ Chí Minh",70 m²,2 phòng,2 phòng,2 tầng,Sổ đỏ/ Sổ hồng,27/11/2025
Hẻm xe hơi vào nhà - Khu nội bộ Nơ Trang Long - Bình Thạnh - 5.2x11m nở hậu - 10.9 Tỷ TL,"10,9 tỷ","Đường Nơ Trang Long, Phường 13, Bình Thạnh, Hồ Chí Minh",56 m²,8 phòng,8 phòng,5 tầng,Sổ đỏ/ Sổ hồng,26/11/2025
"Bán nhà xây biệt thự hoặc làm CHDV hẻm 6m Bùi Đình Túy P24 Bình Thạnh (6.6x21m) giá chỉ 11,9 tỷ","11,9 tỷ","Đường Bùi Đình Túy, Phường 24, Bình Thạnh, Hồ Chí Minh","107,1 m²",3 phòng,3 phòng,2 tầng,Sổ đỏ/ Sổ hồng,24/11/2025
"[hẻm 6m]Bán nhà Bình Thạnh Bùi Đình Túy, 9,8 tỷ, 4,5x15 DT 61,6 m² , 3PN, 3WC","9,8 tỷ","Đường Bùi Đình Túy, Phường 12, Bình Thạnh, Hồ Chí Minh","61,6 m²",3 phòng,3 phòng,2 tầng,Sổ hồng,27/11/2025
"Hiếm! Bán nhà siêu đẹp khu vip Đặng Thùy Trâm - Bình Lợi, Bình Thạnh (6x16m) 4 tầng, giá 17.8 tỷ","17,8 tỷ","Đường Đặng Thùy Trâm, Phường 13, Bình Thạnh, Hồ Chí Minh","90,8 m²",5 phòng,5 phòng,4 tầng,Sổ đỏ/ Sổ hồng,25/11/2025
Hiếm! 5 tầng BTCT sát MT Hoàng Hoa Thám - hẻm xe hơi - xây kiên cố nhà ngay trường học,"7,59 tỷ","Đường Hoàng Hoa Thám, Phường 6, Bình Thạnh, Hồ Chí Minh",44 m²,4 phòng,5 phòng,5 tầng,Sổ đỏ/ Sổ hồng,25/11/2025
"Bán nhà sát mặt tiền Nguyễn Xí. Bình Thạnh (5x20m)kế Rạch Xuyên Tâm xây mới hầm 6 tầng, chỉ 11.8 tỷ","11,8 tỷ","Đường  Nguyễn Xí, Phường 13, Bình Thạnh, Hồ Chí Minh","94,6 m²",2 phòng,2 phòng,2 tầng,Sổ đỏ/ Sổ hồng,26/11/2025
"Bán Nhà Mới Xây Siêu Hiếm, Diện Tích 36m2","4,95 tỷ","Đường Xô Viết Nghệ Tĩnh, Phường 19, Bình Thạnh, Hồ Chí Minh",36 m²,2 phòng,2 phòng,2 tầng,Sổ đỏ/ Sổ hồng,15/11/2025
"Bán Nhà Nơ Trang Long, Bình Thạnh - 55m2, 7.9 TỶ TL, 2 Tầng, 3PN, hẻm xe hơi, SHR CC.","7,9 tỷ","Đường Nơ Trang Long, Phường 14, Bình Thạnh, Hồ Chí Minh",55 m²,3 phòng,3 phòng,1 tầng,Sổ đỏ/ Sổ hồng,14/11/2025
"Tận 69m2 Bạch Đằng, gần Hàng Xanh, mà chỉ nhỉnh 6 tỷ - cho thuê 12,5tr/tháng - xem ngay và luôn ạ","6,05 tỷ","Đường Bạch Đằng, Phường 2, Bình Thạnh, Hồ Chí Minh",69 m²,3 phòng,3 phòng,2 tầng,Sổ đỏ/ Sổ hồng,27/11/2025
Bán nhà Bình Thạnh - mặt tiền Cư Xá Nguyên Hồng đường 12m đối diện công viên 5 tầng (4x17) 12.8 tỷ,"12,8 tỷ","Hẻm 62L/, Đường Nguyên Hồng, Phường 11, Bình Thạnh, Hồ Chí Minh",64 m²,7 phòng,8 phòng,5 tầng,Sổ đỏ/ Sổ hồng,27/11/2025
"Hạ 200tr Bán nhanh nhà 2 mặt hẻm Nguyễn Thượng Hiền P6 Bình Thạnh, Có sổ hồng riêng","1,59 tỷ","Đường Nguyễn Thượng Hiền, Phường 6, Bình Thạnh, Hồ Chí Minh",10 m²,1 phòng,1 phòng,1 tầng,Sổ đỏ/ Sổ hồng,27/11/2025
"Cực sốc! Bán nhà Nơ Trang Long, P13, Bình Thạnh DT 67m2. SHR",Thỏa thuận,"Đường Nơ Trang Long, Phường 13, Quận Bình Thạnh, Hồ Chí Minh",67 m²,3 phòng,4 phòng,3 tầng,Sổ hồng,16/11/2025
"XVNT P21 - nhà 2 tầng - DT 42,8M2 - nhà mới đẹp - 2PN - Giá 5.28 tỷ","5,28 tỷ","Đường Xô Viết Nghệ Tĩnh, Phường 21, Bình Thạnh, Hồ Chí Minh","42,8 m²",3 phòng,2 phòng,2 tầng,Sổ đỏ/ Sổ hồng,26/11/2025
"Nhà Mới 100% Chủ Xây Ở Tâm Huyết Ô Tô Vào Nhà HXH Lê Quang Định, 4x20M 4 Tầng - Vuông A4 - 4PN/5WC","12,2 tỷ","Phường 7, Bình Thạnh, Hồ Chí Minh",80 m²,4 phòng,5 phòng,4 tầng,Sổ đỏ/ Sổ hồng,26/11/2025
"Bán nhà C4 khuôn đất lớn HXH 6m Xô Viết Nghệ Tĩnh P25 BT 4,87x30m (150m2) CTXD hầm 6 tầng giá 20 tỷ",20 tỷ,"Đường Xô Viết Nghệ Tĩnh, Phường 25, Bình Thạnh, Hồ Chí Minh",150 m²,2 phòng,2 phòng,1 tầng,Sổ đỏ/ Sổ hồng,27/11/2025
"Bán nhà đẹp gần mặt tiền Lê Quang Định P.5- 87m2, xe hơi ngủ nhà-3 lầu-sổ vuông giá tốt chỉ 12.9 tỷ","12,9 tỷ","Đường Lê Quang Định, Phường 5, Bình Thạnh, Hồ Chí Minh","87,5 m²",4 phòng,5 phòng,4 tầng,Sổ đỏ/ Sổ hồng,26/11/2025
Còn 1 căn duy nhất gần cầu Bason 84m2 ở Nguyễn Hữu Cảnh - Bình Thạnh cho kinh doanh 23triệu,Thỏa thuận,"Đường Nguyễn Hữu Cảnh, Phường 22, Bình Thạnh, Hồ Chí Minh",84 m²,4 phòng,5 phòng,5 tầng,Sổ đỏ/ Sổ hồng,27/11/2025
Siêu phẩm CHDV Bùi Đình Túy - Đang khai thác full 10p cao cấp dòng tiền 65tr/tháng - Hẻm xe hơi,"12,5 tỷ","Đường Bùi Đình Túy, Phường 12, Bình Thạnh, Hồ Chí Minh",82 m²,10 phòng,10 phòng,4 tầng,Sổ hồng,13/11/2025
KHU CƯ XÁ NGUYÊN HỒNG ĐƯỜNG XE HƠI 12M KDC ĐÁNG SỐNG (4X16) 5 TẦNG GẦN CÔNG VIÊN GIÁ TỐT,"12,8 tỷ","Đường Nguyên Hồng, Phường 11, Bình Thạnh, Hồ Chí Minh",64 m²,6 phòng,7 phòng,5 tầng,Sổ đỏ/ Sổ hồng,27/11/2025
"Chủ Ngộp! Bán gấp CHDV Phan Đăng Lưu, thu nhập 1 tỷ/năm - hẻm oto - 70m2/6 tầng/14p - nhỉnh 16 tỷ","16,5 tỷ","Đường  Phan Đăng Lưu, Phường 1, Bình Thạnh, Hồ Chí Minh",70 m²,14 phòng,14 phòng,6 tầng,Sổ đỏ/ Sổ hồng,27/11/2025
"CỰC HIẾM ! Bán nhà gần Công Viên khu Cư Xá Nguyễn Hồng,P11,Bình Thạnh(4x18m)5 tầng chỉ 12.8 tỷ TL","12,8 tỷ","Đường Nguyên Hồng, Phường 11, Bình Thạnh, Hồ Chí Minh",70 m²,5 phòng,5 phòng,4 tầng,Sổ đỏ/ Sổ hồng,27/11/2025
Ô tô ngủ trong nhà - 88m2 - Chu Văn An - Bình Thạnh - 11.9 tỷ,"11,9 tỷ","Đường Chu Văn An, Phường 12, Bình Thạnh, Hồ Chí Minh",88 m²,4 phòng,4 phòng,3 tầng,Sổ đỏ/ Sổ hồng,21/11/2025
"Khu D2, Nguyễn Gia Trí - 71m2 - 3 tầng - Bình Thạnh - nhỉnh 7 tỷ","7,5 tỷ","Đường Nguyễn Gia Trí, Phường 25, Bình Thạnh, Hồ Chí Minh",71 m²,4 phòng,4 phòng,3 tầng,Sổ đỏ/ Sổ hồng,24/11/2025
"Nhà 102m2, HXH 5m, Nguyễn Cửu Vân P17, BT giáp Q1. Kết cấu 3 tầng, 5 phòng ngủ. Chỉ 12.9 tỷ","12,9 tỷ","Đường Nguyễn Cửu Vân, Phường 17, Bình Thạnh, Hồ Chí Minh",102 m²,5 phòng,6 phòng,3 tầng,Sổ đỏ/ Sổ hồng,26/11/2025
"[VIEW CÔNG VIÊN]Bán nhà riêng tại Nguyên Hồng, 12,8 tỷ, 4x16, 6PN, 6WC, 4 tầng [HẺM 12m]","12,8 tỷ","Đường Nguyên Hồng, Phường 11, Bình Thạnh, Hồ Chí Minh",64 m²,6 phòng,6 phòng,4 tầng,Sổ hồng,27/11/2025
Giá tốt - hẻm 3m - 15m ra xe hơi tránh - gần MT - Đinh Bộ Lĩnh - Bình Thạnh - 60m2 - chỉ 6.4tỷ TL,"6,4 tỷ","Đường Đinh Bộ Lĩnh, Phường 26, Bình Thạnh, Hồ Chí Minh",60 m²,2 phòng,2 phòng,2 tầng,Sổ đỏ/ Sổ hồng,27/11/2025
"NHÀ ĐẸP 5 TẦNG HẺM XE HƠI THÔNG HOÀNG HOA THÁM, BÌNH THẠNH 40M2 (4X10) 4PN - DÂN TRÍ Chỉ 8.5 TỶ TL","8,5 tỷ","Đường Hoàng Hoa Thám, Phường 5, Bình Thạnh, Hồ Chí Minh",40 m²,4 phòng,5 phòng,5 tầng,Sổ đỏ/ Sổ hồng,27/11/2025
"Bán nhà cực êm Nơ Trang Long, P. 12, 1 trệt 2 lầu, tiện ích đầy đủ, sổ riêng",Thỏa thuận,"Đường Nơ Trang Long, Phường 12, Bình Thạnh, Hồ Chí Minh","50,4 m²",2 phòng,2 phòng,3 tầng,Sổ đỏ/ Sổ hồng,27/11/2025
Hẻm ô tô đậu cửa - 74m2 - Chu Văn An - Bình Thạnh - 9.7 tỷ,"9,7 tỷ","Đường Chu Văn An, Phường 12, Bình Thạnh, Hồ Chí Minh",74 m²,4 phòng,5 phòng,3 tầng,Sổ hồng,20/11/2025
"SIÊU PHẨM BIỆT THỰ TÂN BÌN -GIÁP QUẬN 10 -75M NỞ HẬU - Ô TÔ ĐỖ CỬA - NGANG KHỦNG 6,5m",12 tỷ,"Đường Cách Mạng Tháng Tám, Phường 7, Bình Thạnh, Hồ Chí Minh",75 m²,N/A,N/A,2 tầng,N/A,27/11/2025
"SIÊU PHẨM HXH 482 LÊ QUANG ĐỊNH P11 (6,2X16m) XÂY MỚI TRỆT 3 LẦU SÂN THƯỢNG GIÁ 13.6 TỶ TL MẠNH","13,5 tỷ","Đường Lê Quang Định, Phường 11, Bình Thạnh, Hồ Chí Minh",100 m²,2 phòng,2 phòng,2 tầng,Sổ đỏ/ Sổ hồng,25/11/2025
Giảm sâu 500tr! 58 m2 ngang khủng 7m - Hẻm xe hơi - Nơ Trang Long-Bán đất tặng nhà có sẵn dòng tiền,"7,39 tỷ","Đường Nơ Trang Long, Phường 13, Bình Thạnh, Hồ Chí Minh",58 m²,3 phòng,2 phòng,2 tầng,Có sổ,13/11/2025
"Nhà mới cứng đường Nguyễn Văn Đậu (4,2x16,5). Vị trí Bình Thạnh sát Phú Nhuận, giá chỉ 11,8tỷ TL","11,8 tỷ","Đường Nguyễn Văn Đậu, Phường 6, Bình Thạnh, Hồ Chí Minh",70 m²,5 phòng,6 phòng,4 tầng,Sổ đỏ/ Sổ hồng,27/11/2025
"BÁN NHÀ 1 TRỆT 1 LẦU HẺM XE HƠI 6M BÙI ĐÌNH TÚY P12 (6X17) GIÁ TỐT CUỐI NĂM CHỈ 12,8 TỶ TL","12,8 tỷ","Đường Bùi Đình Túy, Phường 12, Bình Thạnh, Hồ Chí Minh",100 m²,2 phòng,2 phòng,2 tầng,Sổ đỏ/ Sổ hồng,25/11/2025
"Bán nhà cực êm Nơ Trang Long, P.7, Bình Thạnh, tiện ích đầy đủ, sổ riêng",Thỏa thuận,"Đường Nơ Trang Long, Phường 7, Bình Thạnh, Hồ Chí Minh","34,6 m²",2 phòng,2 phòng,3 tầng,Sổ đỏ/ Sổ hồng,27/11/2025
"NHÀ MỚI BÙI ĐÌNH TÚY FULL NỘI THẤT, 33m2, 3 PN, chỉ 5,79 tỷ","5,79 tỷ","Đường Bùi Đình Túy, Phường 12, Bình Thạnh, Hồ Chí Minh",33 m²,3 phòng,2 phòng,2 tầng,Sổ đỏ/ Sổ hồng,27/11/2025
Bán nhà 2 mặt tiền - hẻm xe hơi - Lê Quang Định P11 Bình Thạnh - 5 x 11 nở hậu - 3 tầng - 10.5 tỷ,"10,5 tỷ","Đường Lê Quang Định, Phường 11, Bình Thạnh, Hồ Chí Minh",50 m²,3 phòng,3 phòng,3 tầng,Sổ đỏ/ Sổ hồng,19/11/2025
"4TỶ050 Sở hữu ngay nhà 86m2 đường ôtô Nguyễn Cửu Vân - B. Thạnh, gần ngã 4 Hàng Xanh, cho thuê 25tr",Thỏa thuận,"Đường Nguyễn Cửu Vân, Phường 17, Bình Thạnh, Hồ Chí Minh",86 m²,4 phòng,4 phòng,3 tầng,Sổ riêng,24/11/2025
"Nhà phố đặc biệt đường 2ôtô Điện Biên Phủ-B. Thạnh,4TỶ090/88m2, thu nhập 25tr, gần trường Hồng Bàng",Thỏa thuận,"Đường Điện Biên Phủ, Phường 2, Bình Thạnh, Hồ Chí Minh","87,5 m²",4 phòng,4 phòng,3 tầng,N/A,23/11/2025
"Bán nhà đang cho thuê 23 triệu/tháng đường 2 ôtô Bạch Đằng-Bình Thạnh, gần chợ Bà Chiểu,3TỶ750/74m2",Thỏa thuận,"Đường Bạch Đằng, Phường 14, Bình Thạnh, Hồ Chí Minh",74 m²,3 phòng,4 phòng,4 tầng,N/A,26/11/2025
Dãy trọ C4. 165m2 ngang 8m. HXH QH 10m sát MT. 50m ra Hàng Xanh. Gần ĐH Kinh Tế. SHR,Thỏa thuận,"Đường Điện Biên Phủ, Phường 17, Bình Thạnh, Hồ Chí Minh",165 m²,8 phòng,8 phòng,2 tầng,Sổ đỏ/ Sổ hồng,17/11/2025
"Nhà đẹp tìm chủ 3TỶ250/71m2 đường ôtô 1 trục Bùi Đình Tuý - Bình Thạnh,đang cho thuê 22 triệu/tháng",Thỏa thuận,"Đường Bùi Đình Túy, Phường 12, Bình Thạnh, Hồ Chí Minh",71 m²,4 phòng,4 phòng,4 tầng,Có sổ,18/11/2025
"Bán nhà quận Bình Thạnh, căn hộ dịch vụ đường Bạch Đằng, 29 CHDV thu nhập 2 tỷ 1 năm, giá 28 tỷ",28 tỷ,"Đường Vũ Tùng, Phường 2, Bình Thạnh, Hồ Chí Minh",159 m²,28 phòng,29 phòng,6 tầng,Sổ đỏ/ Sổ hồng,26/11/2025
Bán nhà mặt tiền ngang 10mx22m. 5 tầng. 63 CHDV. Thu nhập 2 tỷ /1 năm. CN 208m2. Giá 29 tỷ,29 tỷ,"Đường Lê Quang Định, Phường 14, Bình Thạnh, Hồ Chí Minh",208 m²,63 phòng,N/A,5 tầng,Sổ hồng,20/11/2025
"Không có căn thứ 2! HXH nội bộ Nguyễn Bình Khiêm, P5, BT | 4x16m - 65m2 vuông vức| Giá chỉ 13,8 tỷ","13,8 tỷ","Đường Nguyễn Bỉnh Khiêm, Phường 5, Bình Thạnh, Hồ Chí Minh",65 m²,N/A,N/A,5 tầng,Sổ đỏ/ Sổ hồng,26/11/2025
"Bán toà nhà văn phòng đường nhánh 14m Phường 25 (cũ) Bình Thạnh. Thích hợp công ty, trường học",75 tỷ,"Đường Nguyễn Gia Trí, Phường 25, Bình Thạnh, Hồ Chí Minh",240 m²,N/A,N/A,6 tầng,Sổ đỏ/ Sổ hồng,26/11/2025
Bán nhà 36 Nguyễn Gia Trí 5 tầng (thu nhập 120 triệu/tháng) Quận Bình Thạnh (hình thật),"23,3 tỷ","Hẻm 36, Đường Nguyễn Gia Trí, Phường 25, Bình Thạnh, Hồ Chí Minh",80 m²,N/A,N/A,5 tầng,Sổ đỏ/ Sổ hồng,26/11/2025
"Giảm 400tr nhà 1T 1L Đường Bạch Đằng, Bình Thạnh","3,9 tỷ","Đường Bạch Đằng, Phường 15, Bình Thạnh, Hồ Chí Minh","36,5 m²",2 phòng,2 phòng,2 tầng,Sổ đỏ/ Sổ hồng,21/11/2025
"Bán gấp nhà hẻm 5m Xô Viết Nghệ Tĩnh, P. 25, Bình Thạnh, giá 3,95 tỷ","3,95 tỷ","Đường Xô Viết Nghệ Tĩnh, Phường 25, Bình Thạnh, Hồ Chí Minh",24 m²,2 phòng,2 phòng,N/A,Sổ đỏ/ Sổ hồng,22/11/2025
Bán nhà cũ 9m*17m xây mới hầm 5 tầng HXH 29/ Tân Cảng-Nguyễn Văn Thương Phường 25 Bình Thạnh 28 tỷ,28 tỷ,"Đường Tân Cảng, Phường 25, Bình Thạnh, Hồ Chí Minh","153,7 m²",N/A,N/A,5 tầng,Sổ đỏ/ Sổ hồng,27/11/2025
"Chủ bán gấp nhà CN 59m2 x 2 tầng - 4*15m 3 phòng ngủ chỉ 5,45 tỷ bớt lộc, ACE nhanh tay","5,45 tỷ","Hẻm 113/, Đường Võ Duy Ninh, Phường 22, Bình Thạnh, Hồ Chí Minh",59 m²,4 phòng,3 phòng,2 tầng,Sổ đỏ/ Sổ hồng,27/11/2025
"Ngợp bank! 5 tầng HXH nội bộ Lê Quang Định, P5, BT | 4 x 16m - 65m2 vuông vức| Giá chỉ 13,8 tỷ","13,8 tỷ","Đường Lê Quang Định, Phường 5, Bình Thạnh, Hồ Chí Minh",65 m²,N/A,N/A,5 tầng,Sổ đỏ/ Sổ hồng,26/11/2025
"Bán nhà giá mềm Nơ Trang Long, P. 13, Bình Thạnh, tiện đi lại, pháp lý đầy đủ, an cư sang!",Thỏa thuận,"Đường Nơ Trang Long, Phường 13, Bình Thạnh, Hồ Chí Minh","72,6 m²",2 phòng,2 phòng,3 tầng,Sổ đỏ/ Sổ hồng,27/11/2025
"Nhà cũ tiện xây mới, ngang 4.6m, 49m2, không mồ không ngập. Tiện ích đầy đủ xung quanh","5,39 tỷ","Đường Phan Văn Trị, Phường 11, Bình Thạnh, Hồ Chí Minh",49 m²,N/A,N/A,N/A,N/A,27/11/2025
"Bán nhà phố mới xinh chỉ xách vali vào ở, 2 tầng 2 mặt hẻm HXH Đinh Tiên Hoàng, DTSD 60m2, 6.1 tỷ","6,1 tỷ","Đường Đinh Tiên Hoàng, Phường 1, Bình Thạnh, Hồ Chí Minh",30 m²,2 phòng,2 phòng,2 tầng,Sổ đỏ/ Sổ hồng,27/11/2025
"Bán nhà phố đẹp 3 tầng giáp quận 1, HXH Võ Duy Ninh, DT 45m2 chỉ hơn 7 tỷ","7,3 tỷ","Đường Võ Duy Ninh, Phường 22, Bình Thạnh, Hồ Chí Minh",45 m²,4 phòng,3 phòng,3 tầng,Sổ đỏ/ Sổ hồng,22/11/2025
"Bán nhà 2 tầng, 3PN, ngay Xô Viết Nghệ Tĩnh - Nguyễn Văn Lạc, DT 55m2, 4.5 tỷ (80 triệu/m2)","4,5 tỷ","Đường Xô Viết Nghệ Tĩnh, Phường 21, Bình Thạnh, Hồ Chí Minh",55 m²,3 phòng,3 phòng,2 tầng,Sổ đỏ/ Sổ hồng,22/11/2025
"Bán nhà phố 3 tầng BTCT chắc chắn Nơ Trang Long P. Bình Lợi Trung (P13 cũ), DT 71m2 chỉ 94 triệu/m2","6,7 tỷ","Đường Nơ Trang Long, Phường 13, Bình Thạnh, Hồ Chí Minh",71 m²,4 phòng,5 phòng,3 tầng,Sổ đỏ/ Sổ hồng,22/11/2025
"Bán nhà HXH Nguyễn Cửu Vân P. 17 BT hầm trệt lửng 3 lầu 4x17m (68m2) giá: 17,5 tỷ khu hiếm nhà bán","17,5 tỷ","Đường Nguyễn Cửu Vân, Phường 17, Bình Thạnh, Hồ Chí Minh",68 m²,5 phòng,5 phòng,5 tầng,Sổ đỏ/ Sổ hồng,27/11/2025
"Bán nhà 3 tầng, DTSD 94m2, 4PN, tương lai ra MT Võ Duy Ninh, P22, giá 4,85 tỷ TL","4,85 tỷ","Đường Võ Duy Ninh, Phường 22, Bình Thạnh, Hồ Chí Minh",30 m²,4 phòng,3 phòng,3 tầng,Sổ đỏ/ Sổ hồng.,22/11/2025
Bán nhà 5 tầng làm CHDV khai thác 45triệu/th Đặng Thùy Trâm - Bình Lợi P13 Bình Thạnh chỉ 10.5tỷ TL,"10,5 tỷ","Đường Đặng Thùy Trâm, Phường 13, Bình Thạnh, Hồ Chí Minh","50,3 m²",7 phòng,7 phòng,5 tầng,Sổ đỏ/ Sổ hồng,25/11/2025
Bán nhà hẻm nhựa 10m Bình Thạnh 65m2 chỉ 9 tỷ hơn nhà 4 tầng,"9,9 tỷ","Đường Đặng Thùy Trâm, Phường 13, Bình Thạnh, Hồ Chí Minh",65 m²,5 phòng,3 phòng,4 tầng,Sổ đỏ/ Sổ hồng,27/11/2025
XE HƠI VÀO NHÀ- HẺM 5M- NHÀ BÌNH THẠNH- BÙI ĐÌNH TUÝ- 50M- 4X12.5- 9.5T,"9,5 tỷ","Đường Bùi Đình Túy, Phường 12, Bình Thạnh, Hồ Chí Minh",50 m²,4 phòng,3 phòng,4 tầng,Sổ đỏ/ Sổ hồng,26/11/2025
NHÀ 2 TẦNG NGAY NGÃ TƯ NGUYỄN XÍ -ĐINH BỘ LĨNH BÌNH THẠNH -HẺM XE HƠI NHỈNH 6 TỶ,"6,5 tỷ","Đường  Nguyễn Xí, Phường 26, Bình Thạnh, Hồ Chí Minh",45 m²,2 phòng,2 phòng,2 tầng,Sổ đỏ/ Sổ hồng,20/11/2025
Căn đẹp nhất Bình Thạnh hiện tại! Hẻm xe hơi Nguyễn Xí (4.2x16m) 4 tầng mới cứng ô tô ngủ trong nhà,"11,6 tỷ","Đường  Nguyễn Xí, Phường 26, Bình Thạnh, Hồ Chí Minh","67,2 m²",4 phòng,6 phòng,4 tầng,Sổ đỏ/ Sổ hồng,26/11/2025
"Nhà đẹp vào ở ngay đường Nơ Trang Long (4x16m), sát bệnh viện Gia Định, vị trí đắc địa chỉ 11 tỷ TL",11 tỷ,"Đường Nơ Trang Long, Phường 13, Bình Thạnh, Hồ Chí Minh",65 m²,5 phòng,5 phòng,4 tầng,Sổ đỏ/ Sổ hồng,27/11/2025
"Hiếm! Siêu phẩm ngay CX công an tại Bùi Đình Túy - Ngang lớn 6x17m - HXH 6m - Giá đầu tư 12,7ty TL","12,7 tỷ","Đường Bùi Đình Túy, Phường 12, Bình Thạnh, Hồ Chí Minh","96,7 m²",3 phòng,3 phòng,2 tầng,Sổ đỏ/ Sổ hồng,25/11/2025
"Nhà phố kế Richmond City - Hẻm 5m, xe tải chạy - Nguyễn Xí - 59m2 - 4 tầng - 7.9 tỷ","7,9 tỷ","Đường  Nguyễn Xí, Phường 26, Bình Thạnh, Hồ Chí Minh",59 m²,6 phòng,7 phòng,4 tầng,Sổ đỏ/ Sổ hồng,25/11/2025
Cần bán gấp nhà 1 trệt 3 lầu đang có nguồn thu 45 triệu/ tháng ở Gò Vấp,"11,5 tỷ","Đường Quang Trung, Phường 10, Gò Vấp, Hồ Chí Minh","98,1 m²",11 phòng,5 phòng,4 tầng,Sổ đỏ/ Sổ hồng,25/11/2025
"NGANG LỚN! Nhà hẻm nhựa xe hơi Chu Văn An - Học viện cán bộ, 6x16m, Trệt lầu, 3 phòng, giá 12.8 tỷ","12,8 tỷ","Đường Chu Văn An, Phường 12, Bình Thạnh, Hồ Chí Minh",97 m²,3 phòng,2 phòng,2 tầng,Sổ đỏ/ Sổ hồng,22/11/2025
Bán gấp siêu phẩm chân dài đường Nguyễn tư Giản p12 ngang 4 x18 m có thang máy,"10,6 tỷ","Đường Nguyễn Tư Giản, Phường 12, Gò Vấp, Hồ Chí Minh",72 m²,N/A,N/A,5 tầng,N/A,26/11/2025
Bán nhà đẹp giá rẻ sát bên trường học trục đường phạm văn chiêu thông tây hội( p8 cũ),"5,95 tỷ","Đường Phạm Văn Chiêu, Phường 8, Gò Vấp, Hồ Chí Minh","46,55 m²",3 phòng,3 phòng,4 tầng,Sổ đỏ/ Sổ hồng,20/11/2025
QUÁ RẺ CẢ NHÀ ƠI LÊN SÓNG CĂN MINI HOUSE CÓ 4 PHÒNG NGỦ - GẦN SIÊU THỊ EMART2,"5,15 tỷ","Đường Phan Huy Ích, Phường 12, Gò Vấp, Hồ Chí Minh",43 m²,4 phòng,2 phòng,1 tầng,Sổ đỏ/ Sổ hồng,21/11/2025
CHDV cao cấp 6 tầng - Thang máy - Hẻm oto / Doanh thu 60Tr/ tháng - Gò Vấp CV Làng Hoa 14.76 Tỷ,"14,76 tỷ","518 Phạm Văn Chiêu, 8, Gò Vấp, Hồ Chí Minh","86,5 m²",11 phòng,11 phòng,6 tầng,Sổ đỏ/ Sổ hồng,24/11/2025
"Kẹt tiền bán gấp, nhà full nội thất, ngay chợ Thạch Đà Gò Vấp","3,95 tỷ","Đường Số 59, Phường 14, Gò Vấp, Hồ Chí Minh",32 m²,2 phòng,2 phòng,2 tầng,Sổ đỏ/ Sổ hồng,21/11/2025
Biệt thự mini thiết kế tân cổ điển đẹp lung linh mặt tiền thụt (sát và LK mặt tiền) Đoàn Thị Điểm,"8,3 tỷ","Đường Quang Trung, Phường 10, Gò Vấp, Hồ Chí Minh","41,3 m²",4 phòng,3 phòng,4 tầng,Sổ đỏ/ Sổ hồng,22/11/2025
"Bán nhà đất trung tâm Gò Vấp, chính chủ. Sổ hồng 2025.",19 tỷ,"Phạm Ngũ Lão, P3, Gò Vấp, Hồ Chí Minh",173 m²,N/A,N/A,N/A,Sổ đỏ/ Sổ hồng,16/11/2025
"Độc quyền nhà 72m2 đường Thiên Hộ Dương, P1, Gò Vấp. Xây 4 tầng, sổ sẵn, cho thuê 20tr/tháng",Thỏa thuận,"Đường Thiên Hộ Dương, Phường 1, Gò Vấp, Hồ Chí Minh",72 m²,N/A,N/A,4 tầng,Sổ đỏ/ Sổ hồng,22/11/2025
"Bán Nhà mới đẹp 4 tầng, xe hơi đỗ cửa - cách mặt tiền Phan Văn Trị 10m","7,5 tỷ","Đường Phan Văn Trị, Phường 10, Gò Vấp, Hồ Chí Minh",48 m²,3 phòng,N/A,4 tầng,Sổ đỏ/ Sổ hồng,26/11/2025
Bán gấp bộ ba nhà phố đẹp đường Huỳnh Văn Nghệ p12 giá 7 tỷ hơn,"7,95 tỷ","Đường Huỳnh Văn Nghệ, Phường 12, Gò Vấp, Hồ Chí Minh",40 m²,3 phòng,5 phòng,5 tầng,Sổ đỏ/ Sổ hồng,26/11/2025
"Bán nhà 3PN, nhà đẹp full nội thất đường Phan Huy Ích, P12, Gò Vấp gần Emart. có hoa hồng môi giới","6,1 tỷ","256/70/33E, Đường Phan Huy Ích, Phường 12, Gò Vấp, Hồ Chí Minh",45 m²,3 phòng,3 phòng,3 tầng,Sổ hồng,25/11/2025
"Bán nhà 44m2 Nguyễn Văn Lượng, P17, Gò Vấp. Gần Lotte Mart, sổ riêng",Thỏa thuận,"Đường Nguyễn Văn Lượng, Phường 17, Gò Vấp, Hồ Chí Minh",44 m²,4 phòng,4 phòng,3 tầng,Sổ đỏ/ Sổ hồng,22/11/2025
"Bán gấp nhà riêng mới xây 3 tầng. 4 phòng ngủ, 3 WC. Tặng full nội thất. Nguyễn Thái Sơn Gò Vấp","4,47 tỷ","Đường Nguyễn Thái Sơn, Phường 4, Gò Vấp, Hồ Chí Minh",28 m²,4 phòng,3 phòng,3 tầng,Sổ đỏ/ Sổ hồng,24/11/2025
HXH 5m thông Dương Quảng Hàm gần bờ kè sông Vàm Thuật - Nhà 2 tầng DT 6x12 ĐCT 15tr/tháng - 8.9 tỷ,"8,9 tỷ","Đường Dương Quảng Hàm, Phường 5, Gò Vấp, Hồ Chí Minh",72 m²,N/A,N/A,2 tầng,Sổ đỏ/ Sổ hồng,25/11/2025
Chủ kẹt tiền bán gấp nhà 52m2 đường Lê Lai phường 3 Gò Vấp. Hẻm xe hơi 6m,Thỏa thuận,"Đường Lê Lai, Phường 3, Gò Vấp, Hồ Chí Minh",52 m²,4 phòng,4 phòng,4 tầng,Sổ đỏ/ Sổ hồng,24/11/2025
"Bán tòa nhà CHDV 3 tầng đường Dương Quảng Hàm, P. 5, Q. Gò Vấp, TP. HCM - doanh thu 720tr/năm","22,5 tỷ","Đường Dương Quảng Hàm, Phường 5, Gò Vấp, Hồ Chí Minh",152 m²,24 phòng,24 phòng,3 tầng,Sổ đỏ/ Sổ hồng,26/11/2025
"Bán nhà 5 tầng, Gò Vấp, đường Trần Bá Giao, 50m2, hẻm xe hơi, chỉ 7.9 tỷ","7,9 tỷ","Đường Trần Bá Giao, Phường 5, Gò Vấp, Hồ Chí Minh",50 m²,4 phòng,4 phòng,5 tầng,Sổ đỏ/ Sổ hồng,25/11/2025
"85m2, bán gấp nhà 6 tầng, đường 10m KD, thang máy, Phan Huy Ích, P12 Gò Vấp, 12.89 tỷ TL","12,89 tỷ","Đường Phan Huy Ích, Phường 12, Gò Vấp, Hồ Chí Minh",85 m²,5 phòng,5 phòng,6 tầng,Sổ đỏ/ Sổ hồng,25/11/2025
"nhà mới xây theo thiết kế hiện đại lửng 3 lầu Hẻm xe hơi đậu trong nhà chỉ 8,2 tỷ TL P11 GV","8,2 tỷ","Đường Nguyễn Văn Khối, Phường 11, Gò Vấp, Hồ Chí Minh",50 m²,4 phòng,4 phòng,4 tầng,Sổ đỏ/ Sổ hồng,25/11/2025
CHDV 25P Phạm Văn Chiêu- Quang Trung P14 GV,"22,5 tỷ","Đường Phạm Văn Chiêu, Phường 14, Gò Vấp, Hồ Chí Minh",123 m²,25 phòng,26 phòng,5 tầng,Sổ đỏ/ Sổ hồng,25/11/2025
Chính chủ cần bán cặp nhà đẹp ngay trục đường Thống Nhất phường 15 gò vấp,"7,9 tỷ","Đường Thống Nhất, Phường 15, Gò Vấp, Hồ Chí Minh",52 m²,4 phòng,5 phòng,4 tầng,Sổ hồng,25/11/2025
SIÊU HIẾM NHÀ NHỎ SIÊU KẾT CẤU- 1 TRỆT 3 LẦU -4PN NHỈNH 3TỶ,"3,45 tỷ","Đường Quang Trung, Phường 11, Gò Vấp, Hồ Chí Minh",20 m²,4 phòng,3 phòng,4 tầng,Sổ đỏ/ Sổ hồng,23/11/2025
"BÁN NHÀ GÒ VẤP, GIẢM SỐC 3 TỶ, CHỈ CÒN NHỈNH 9 TỶ TL, ĐƯỜNG QUANG TRUNG, HẺM XE TẢI, 5 TẦNG, 5PN",9 tỷ,"Đường Quang Trung, Phường 10, Gò Vấp, Hồ Chí Minh",80 m²,5 phòng,6 phòng,5 tầng,N/A,24/11/2025
"Bán tòa nhà CHDV 6 tầng đường Dương Quảng Hàm, P.5, Q.Gò Vấp, TP.HCM - doanh thu 1,2tỷ/năm","26,5 tỷ","Đường Dương Quảng Hàm, Phường 5, Gò Vấp, Hồ Chí Minh",135 m²,16 phòng,18 phòng,6 tầng,Sổ đỏ/ Sổ hồng,24/11/2025
"Bán nhanh CHDV 16 phòng full nội thất doanh thu 1,1 tỷ/năm (~ 5,8%/năm) giá chỉ 18.8tỷ thương lượng","18,8 tỷ","Phường 14, Gò Vấp, Hồ Chí Minh","88,6 m²",16 phòng,16 phòng,5 tầng,Sổ đỏ/ Sổ hồng,21/11/2025
Giá 6.68 tỉ - Mặt tiền đường số LÊ ĐỨC THỌ - GÒ VẤP - NHÀ MỚI Ở NGAY - 45m2 - 4 TẦNG - 3PN,"6,68 tỷ","Đường Lê Đức Thọ, Phường 11, Gò Vấp, Hồ Chí Minh",45 m²,3 phòng,4 phòng,4 tầng,Sổ đỏ/ Sổ hồng,24/11/2025
"Bán nhà 246/ Nguyễn Thái Sơn, 4.68 tỷ HH 50 triệu","4,68 tỷ","246/, Đường Nguyễn Thái Sơn, Phường 4, Gò Vấp, Hồ Chí Minh",27 m²,3 phòng,2 phòng,3 tầng,Sổ đỏ/ Sổ hồng,24/11/2025
"Nhà 63m2 hẻm 5m Quang Trung, Gò Vấp. Xây 4 tầng, gần Vincom & chợ Hạnh Thông Tây",Thỏa thuận,"Đường Quang Trung, Phường 10, Gò Vấp, Hồ Chí Minh",63 m²,5 phòng,4 phòng,4 tầng,Sổ đỏ/ Sổ hồng,23/11/2025
Giảm sâu 500tr - Bán nhà Lê Hoàng Phái Gò Vấp 108m2 - sổ hồng riêng. Sẵn HĐ thuê 30tr/th,Thỏa thuận,"Đường Lê Hoàng Phái, Phường 17, Gò Vấp, Hồ Chí Minh",108 m²,6 phòng,6 phòng,5 tầng,Sổ đỏ/ Sổ hồng,21/11/2025
"[3 ty 500]. Bán gấp trong tháng 12 nhà Nguyên Hồng Gò Vấp 67m, đang cho thuê 17tr/tháng sổ sẵn",Thỏa thuận,"Đường Nguyên Hồng, Phường 1, Gò Vấp, Hồ Chí Minh",67 m²,4 phòng,5 phòng,3 tầng,Sổ đỏ/ Sổ hồng,21/11/2025
Gấp Cần Bán Nhà Trọ hẽm xe hơi đường Quang Trung 11 tỷ !!!!!!,11 tỷ,"Đường Quang Trung, Phường 11, Gò Vấp, Hồ Chí Minh","99,6 m²",N/A,N/A,N/A,Sổ đỏ/ Sổ hồng,21/11/2025
CHÍNH CHỦ BÁN 133/38 QUANG TRUNG 4.35 tỷ,"4,35 tỷ","Đường Quang Trung, Phường 10, Gò Vấp, Hồ Chí Minh",34 m²,3 phòng,2 phòng,3 tầng,N/A,21/11/2025
"Bán nhà đẹp giá rẻ sát bên siêu thị Emart, trục đường Quang Trung p14 gò vấp","6,95 tỷ","Đường Quang Trung, Phường 14, Gò Vấp, Hồ Chí Minh","60,5 m²",4 phòng,6 phòng,4 tầng,Sổ đỏ/ Sổ hồng,21/11/2025
Siêu phẩm 1 sẹc nguyễn Nguyễn Văn Khối xe hơi ngủ trong nhà DT 100m2 đất,"13,5 tỷ","Đường Nguyễn Văn Khối, Phường 8, Gò Vấp, Hồ Chí Minh",100 m²,4 phòng,6 phòng,4 tầng,Sổ đỏ/ Sổ hồng,21/11/2025
"Bán nhà 53/17/2 đường Số 7, giá 4.15 tỷ, HH 50 triệu","4,15 tỷ","53/17/2, Đường Số 7, Phường 3, Gò Vấp, Hồ Chí Minh",29 m²,2 phòng,2 phòng,2 tầng,Sổ đỏ/ Sổ hồng,21/11/2025
Bán nhà đẹp ngay trung tâm sát bên siêu thị trục đường Nguyễn Văn Lượng p16 gò vấp,"7,95 tỷ","Đường Nguyễn Văn Lượng, Phường 16, Gò Vấp, Hồ Chí Minh","53,3 m²",3 phòng,5 phòng,4 tầng,Sổ đỏ/ Sổ hồng,21/11/2025
BÁN GẤP TÒA NHÀ CĂN HỘ DỊCH VỤ 12X22 - DÒNG TIỀN ỔN ĐỊNH 77 TRIỆU - GIÁ SỐC 28 TỶ - PHÁP LÝ CHUẨN,28 tỷ,"Hẻm 1180 Đường Quang Trung, Phường 8, Gò Vấp, Hồ Chí Minh",250 m²,52 phòng,52 phòng,5 tầng,Sổ đỏ/ Sổ hồng,16/11/2025
Nhà Mặt Tiền - P.17 - 6m x 20m - Kinh doanh sầm uất - 12 Tỷ,12 tỷ,"Phường 17, Gò Vấp, Hồ Chí Minh",117 m²,N/A,N/A,N/A,Sổ đỏ/ Sổ hồng,27/11/2025
"Bán nhà riêng 107/49/4 đường 11, Gò Vấp, 12 tỷ, 400m2, giá siêu hời uy tín",12 tỷ,"107/49/4 đường 11, phường 11, Gò Vấp",105 m²,6 phòng,5 phòng,3 tầng,Sổ đỏ/ Sổ hồng,18/11/2025
"LÊ VĂN THỌ - NHÀ 4 TẦNG BTCT - 75M2 NGANG GẦN 5M - HXH THÔNG - OTO ĐỂ NHÀ - GẦN CV LÀNG HOA- 8,X TY","8,95 tỷ","Đường Lê Văn Thọ, Phường 8, Gò Vấp, Hồ Chí Minh",75 m²,5 phòng,4 phòng,4 tầng,Sổ đỏ/ Sổ hồng,27/11/2025
"Ngay khu Cityland - Lottemart nhà 4 tầng - oto vào nhà - sát mặt tiền - 140m2 - 5,5 x 25m nở hậu",11 tỷ,"Đường Thống Nhất, Phường 10, Gò Vấp, Hồ Chí Minh",140 m²,4 phòng,5 phòng,4 tầng,Sổ đỏ/ Sổ hồng,15/11/2025
"Bán nhà riêng 148.2 Đường số 1, 11,5 tỷ, 103m2, 5PN, 5WC, Gò Vấp, HCM hàng hot chính chủ","11,5 tỷ","148/2 Đường Số 1, Phường 16, Gò Vấp, Hồ Chí Minh",103 m²,5 phòng,5 phòng,3 tầng,Sổ đỏ/ Sổ hồng,18/11/2025
"Chình chủ bán tòa nhà chdv 19,8 tỷ Phạm Huy Thông ,P07 ,Gò Vấp","19,8 tỷ","32/3/24 Phạm Huy Thông, Phường 7, Gò Vấp, Hồ Chí Minh",105 m²,15 phòng,15 phòng,5 tầng,Sổ đỏ/ Sổ hồng,19/11/2025
"Hàng hiếm - 5 Tầng - ngang 6m, gần ngay Emart Phan Huy Ích, sân bay T3, Metro- DT: 72m2 -Chỉ 9.2 Tỷ","9,2 tỷ","Đường Nguyễn Tư Giản, Phường 12, Gò Vấp, Hồ Chí Minh",72 m²,5 phòng,5 phòng,5 tầng,Sổ đỏ/ Sổ hồng,27/11/2025
"Hàng đẹp -Ngang 5m -Hẻm xe hơi thông 8m - Ngay Phan Huy Ích - Dt 70 m2 - Ngay Emart , sân bay T3","8,9 tỷ","Phường 12, Gò Vấp, Hồ Chí Minh",70 m²,4 phòng,N/A,2 tầng,Sổ đỏ/ Sổ hồng,27/11/2025
"Bán nhà riêng, DTSD 85m2, giá hợp lý, gần trường học, Bùi Quang Là, Phường 12, Gò Vấp","6,05 tỷ","Đường Bùi Quang Là, Phường 12, Gò Vấp, Hồ Chí Minh",46 m²,2 phòng,2 phòng,1 tầng,Sổ đỏ/ Sổ hồng,27/11/2025
"BÁN NHÀ PHAN HUY ÍCH, P.12, GÒ VẤP - 4 TẦNG THANG MÁY - ""HẺM LỚN"" Ô TÔ ĐỖ CỬA",13 tỷ,"Hẻm như Mặt Tiền, Đường Phan Huy Ích, Phường 12, Gò Vấp, Hồ Chí Minh",80 m²,5 phòng,6 phòng,4 tầng,Sổ đỏ/ Sổ hồng,27/11/2025
"Bán đất: Tặng CHDV 13 phòng / Phạm Văn Đồng, P3, Q. GV","9,88 tỷ","Đường Phạm Văn Đồng, Phường 3, Gò Vấp, Hồ Chí Minh","79,5 m²",13 phòng,14 phòng,5 tầng,Sổ đỏ/ Sổ hồng,24/11/2025
Nhà đẹp - hẻm ô tô sạch sẽ - khu đồng bộ - nhà ngang rộng - đường Phạm Văn Chiêu - 2 tầng,"3,89 tỷ","Đường Phạm Văn Chiêu, Phường 9, Gò Vấp, Hồ Chí Minh",21 m²,2 phòng,2 phòng,2 tầng,Sổ đỏ/ Sổ hồng.,27/11/2025
Nhà đang khai thác thuê 21 tr/tháng hẻm 6m khu phân lô đồng bộ,"8,5 tỷ","Đường Quang Trung, Phường 8, Gò Vấp, Hồ Chí Minh",50 m²,9 phòng,9 phòng,5 tầng,Sổ hồng riêng.,25/11/2025
"XE HƠI tới cửa, 66m2 KO LG, 4 tầng, 4pn master, full nội thất, Nguyễn Văn Khối, chỉ 7tỷ nhỉnh","7,34 tỷ","Đường Nguyễn Văn Khối, Phường 8, Gò Vấp, Hồ Chí Minh",66 m²,4 phòng,N/A,4 tầng,Sổ đỏ/ Sổ hồng,26/11/2025
"Hẻm trước nhà 4m đường số 3 p9GV 3,3x11,3 cn36,4m2 lầu 2pn2vs KLG KQH giá 4,5tỷ TL LH0786 555 ***","4,5 tỷ","Đường Số 3, Phường 9, Gò Vấp, Hồ Chí Minh","36,4 m²",2 phòng,2 phòng,2 tầng,Sổ đỏ/ Sổ hồng,27/11/2025
"4x16m, 3 lầu, xe hơi đỗ cửa, ngay CV Làng Hoa, hơn 6 tỷ TL","6,65 tỷ","Đường Nguyễn Văn Khối, Phường 11, Gò Vấp, Hồ Chí Minh",64 m²,N/A,N/A,3 tầng,Sổ đỏ/ Sổ hồng,27/11/2025
Bán nhà Cityland Gò Vấp ngay Emart Phan Văn Trị - 5m x 20m - 21 tỷ,21 tỷ,"Đường Phan Văn Trị, Phường 5, Gò Vấp, Hồ Chí Minh",100 m²,N/A,N/A,N/A,Sổ đỏ/ Sổ hồng,18/11/2025
"NHÀ BÙI QUANG LÀ, P.AHT, GÒ VẤP TP HCM.","6,78 tỷ","Đường Bùi Quang Là, Phường 12, Gò Vấp, Hồ Chí Minh",36 m²,4 phòng,5 phòng,4 tầng,Sổ đỏ/ Sổ hồng,27/11/2025
"Nhà CHDV hẻm xe hơi 6m - Quang Trung - 21tr/tháng - Khu đồng bộ - an ninh - 8,8 Tỷ - 2 ô tô né nhau","8,8 tỷ","Phường 8, Gò Vấp, Hồ Chí Minh",80 m²,9 phòng,9 phòng,5 tầng,Sổ đỏ/ Sổ hồng,26/11/2025
Xây mới 100% - khu phân lô đồng bộ - DT 4 x 13.7 nở hậu nhẹ - HXH tới cửa - 4 tầng - 4PN - full NT,"7,95 tỷ","Đường Lê Văn Thọ, Phường 11, Gò Vấp, Hồ Chí Minh","54,5 m²",4 phòng,5 phòng,4 tầng,Sổ đỏ/ Sổ hồng,26/11/2025
2 Mặt Hẻm Xe Tải 1 sẹc đường Quang Trung - 4 Tầng - 6 PN - 7 t.ỷ x,"7,87 tỷ","Đường Quang Trung, Phường 8, Gò Vấp, Hồ Chí Minh",70 m²,6 phòng,6 phòng,4 tầng,Sổ đỏ/ Sổ hồng,27/11/2025
"Góc Dương Quảng Hàm, 2 mặt thông thoáng xe hơi đi thông, 4x15m, trệt 3 lầu ST, giá 11,3 tỷ","11,3 tỷ","Đường Dương Quảng Hàm, Phường 5, Gò Vấp, Hồ Chí Minh",68 m²,9 phòng,8 phòng,5 tầng,N/A,25/11/2025
"BÁN ĐẤT TẶNG NHÀ 2 TẦNG-KHU PHÂN LÔ - LÊ VĂN THỌ- DT: 48M2, GIÁ: 5 TỶ 4","5,4 tỷ","Đường Lê Văn Thọ, Phường 11, Gò Vấp, Hồ Chí Minh",48 m²,2 phòng,2 phòng,2 tầng,Sổ đỏ/ Sổ hồng,27/11/2025
"HXH đường bàn cờ 10m khu căn cứ K26 Lê Thị Hồng, P17, GV. DT: 5x18m, giá 12,2 tỷ","12,2 tỷ","Đường Lê Thị Hồng, Phường 17, Gò Vấp, Hồ Chí Minh",90 m²,5 phòng,N/A,5 tầng,N/A,22/11/2025
"Bán nhà riêng tại Quang Trung, Phường 8, Gò Vấp, Hồ Chí Minh, 5 tỷ VND, 70.2m2 Hot!",5 tỷ,"Đường Quang Trung, Phường 8, Gò Vấp, Hồ Chí Minh","70,2 m²",4 phòng,4 phòng,N/A,Sổ đỏ/ Sổ hồng,27/11/2025
58.2m2 - ngang 4.8m - nở hậu - HXH ngủ tại Q. Gò Vấp chỉ 9.980 tỷ,"9,98 tỷ","Đường Nguyễn Văn Khối, Phường 9, Gò Vấp, Hồ Chí Minh","58,2 m²",4 phòng,6 phòng,5 tầng,Sổ đỏ/ Sổ hồng,26/11/2025
"Bán gấp nhà 4 tấm đường Nguyễn Thái Sơn cạnh BV175 Q. Gò Vấp - giá chỉ 7,6 tỷ","7,6 tỷ","Đường Nguyễn Thái Sơn, Phường 4, Gò Vấp, Hồ Chí Minh",48 m²,4 phòng,4 phòng,4 tầng,Sổ hồng,27/11/2025
"Chính chủ cần bán căn nhà HXH, gần đường lớn. Nguyễn Văn Khối, Gò Vấp, nhà 2 tầng, 118m Chỉ 77tr/m2","9,09 tỷ","Đường Nguyễn Văn Khối, Phường 8, Gò Vấp, Hồ Chí Minh",118 m²,3 phòng,3 phòng,2 tầng,Sổ đỏ/ Sổ hồng,27/11/2025
"Siêu phẩm căn hộ dịch vụ góc 2MT - sổ nở hậu tài lộc - có thang máy chỉ 8,9 tỷ","8,9 tỷ","Đường Nguyễn Thái Sơn, Phường 4, Gò Vấp, Hồ Chí Minh",62 m²,N/A,N/A,5 tầng,Sổ hồng,27/11/2025
BÁN NHÀ LÊ ĐỨC THỌ 56m2 6.95 TỶ 4 TẦNG 4PN FULL NỘI THẤT PHƯỜNG 16 GÒ VẤP,"6,95 tỷ","Đường Lê Đức Thọ, Phường 16, Gò Vấp, Hồ Chí Minh",56 m²,4 phòng,3 phòng,4 tầng,N/A,27/11/2025
HẺM XE TẢI THÔNG - 3 TẦNG - 66m2 - LÊ ĐỨC THỌ - GÒ VẤP - 6 TỶ 45,"6,45 tỷ","Phường 16, Gò Vấp, Hồ Chí Minh",66 m²,N/A,N/A,3 tầng,N/A,13/11/2025
"Gần Vincom Phan Văn Trị dưới 6 tỷ, căn 58m2 đường Số 14, Gò Vấp, hẻm 4.5m, xây 1 trệt 3 lầu",Thỏa thuận,"Đường Số 14, Phường 5, Gò Vấp, Hồ Chí Minh",58 m²,4 phòng,3 phòng,4 tầng,Sổ đỏ/ Sổ hồng,27/11/2025
Bán nhà hẻm xe hơi Vip nhà đẹp trệt 3 lầu Lê Văn Thọ P11 Gò Vấp cách mặt tiền 100m,"8,6 tỷ","Đường Lê Văn Thọ, Phường 11, Gò Vấp, Hồ Chí Minh",56 m²,4 phòng,3 phòng,4 tầng,Sổ đỏ/ Sổ hồng,27/11/2025
SIÊU VỊ TRÍ - ĐƯỜNG 6M Ô TÔ TRÁNH - CÁCH MẶT TIỀN 20M - KINH DOANH ĐA NGÀNH - 51M2 - NHỈNH 5 ĐỒNG,"5,38 tỷ","Đường Phan Huy Ích, Phường 14, Gò Vấp, Hồ Chí Minh",51 m²,N/A,N/A,2 tầng,N/A,27/11/2025
Nhà 5 tầng - HXH 8M Dương Quảng Hàm - 5x13M - 5PN 5WC - Giá 9 tỷ có bớt,9 tỷ,"Đường Dương Quảng Hàm, Phường 5, Gò Vấp, Hồ Chí Minh",65 m²,5 phòng,N/A,5 tầng,Sổ đỏ/ Sổ hồng,27/11/2025
Bán nhà chính chủ Nguyễn Thái Sơn phường 5 Gò Vấp,"5,85 tỷ","Phường 5, Gò Vấp, Hồ Chí Minh","44,6 m²",5 phòng,4 phòng,3 tầng,Sổ đỏ/ Sổ hồng,27/11/2025
NGỘP BANK BÁN GẤP NHÀ 72M - NGANG 4.7M HXH TO GẦN BV 175 - NHỈNH 8 TỶ,"8,45 tỷ","Đường Nguyễn Thái Sơn, Phường 3, Gò Vấp, Hồ Chí Minh",72 m²,N/A,N/A,2 tầng,N/A,27/11/2025
"Giảm sốc 1 Tỷ nhà 5 tầng, 77m2 , thang máy, ngay Mặt Tiền Quang Trung, Phường 10",13 tỷ,"Đường Quang Trung, Phường 10, Gò Vấp, Hồ Chí Minh",77 m²,4 phòng,5 phòng,4 tầng,Sổ đỏ/ Sổ hồng,25/11/2025
"BÁN NHÀ 75m2 nhà 2 MẶT HẺM XE HƠI - NGAY BV 175 - GẦN SÂN BAY CHỈ 8,5 Tỉ","8,5 tỷ","Đường Nguyễn Tuân, Phường 4, Gò Vấp, Hồ Chí Minh",75 m²,3 phòng,N/A,2 tầng,Sổ đỏ/ Sổ hồng,27/11/2025
"Bán khu phân lô, 4 tầng, xe hơi vào nhà, sát MT Quang Trung P.8, Gò Vấp, gần Emart.0907 688 ***","7,09 tỷ","Đường Quang Trung, Phường 8, Gò Vấp, Hồ Chí Minh",50 m²,N/A,N/A,4 tầng,Sổ đỏ/ Sổ hồng,25/11/2025
"NHÀ MỚI ĐÓN TẾT 75m2 - CÁCH MẶT TIỀN LÊ ĐỨC THỌ 15m Nhà Mới đẹp CHỈ 6,99 Tỉ","6,99 tỷ","Đường Lê Đức Thọ, Phường 16, Gò Vấp, Hồ Chí Minh",75 m²,3 phòng,N/A,2 tầng,Sổ đỏ/ Sổ hồng,27/11/2025
"Bán nhà HXH 4x16/ Dương Quảng Hàm P5 Gò Vấp, giá 14tỷ5, 4*15m, 5 tầng","14,5 tỷ","Hẻm 416, Đường Dương Quảng Hàm, Phường 5, Gò Vấp, Hồ Chí Minh",60 m²,5 phòng,5 phòng,5 tầng,Sổ đỏ/ Sổ hồng,27/11/2025
GĂP BÁN NHÀ 72M2 NGANG 4.5M HXH QUAY ĐẦU GẦN CHỢ THẠCH ĐÀ - NHỈNH NHẸ 8 TỶ CÒN TL,"8,1 tỷ","Đường Phạm Văn Chiêu, Phường 16, Gò Vấp, Hồ Chí Minh",72 m²,N/A,N/A,4 tầng,N/A,27/11/2025
Siêu phẩm phân lô - 5 tầng - hẻm xe hơi gần Quang Trung - 4x15 - chỉ 7.2 tỷ,"7,2 tỷ","Đường Quang Trung, Phường 12, Gò Vấp, Hồ Chí Minh",60 m²,4 phòng,4 phòng,5 tầng,Sổ đỏ/ Sổ hồng,25/11/2025
LÊN SÓNG SIÊU PHẨM GẦN SÂN BAY - NGUYỄN VĂN CÔNG - 65M2 - 3PN 4WC - NHÀ MỚI Ở NGAY,"7,15 tỷ","Đường Nguyễn Văn Công, Phường 3, Gò Vấp, Hồ Chí Minh",65 m²,N/A,N/A,3 tầng,Sổ hồng,27/11/2025
"Bán nhà giảm 500tr, hẻm xe hơi Phan Huy Ích, P. 12, Gò Vấp, 3 tầng, 71 (4m2x17), giá 7 tỷ 2","7,2 tỷ","Đường Phan Huy Ích, Phường 12, Gò Vấp, Hồ Chí Minh",71 m²,N/A,N/A,3 tầng,Sổ đỏ/ Sổ hồng,27/11/2025
"Bán nhà siêu phẩm 16 căn hộ đang cho thuê đường Phan Huy ích, Gò Vấp. Rẻ hơn thị trường 1.2 tỷ","16,6 tỷ","448, Đường Phan Huy Ích, Phường 15, Gò Vấp, Hồ Chí Minh",77 m²,16 phòng,16 phòng,5 tầng,Sổ đỏ/ Sổ hồng,27/11/2025
"Bán nhà riêng 90m2, 1T1L, DT sàn 150m2, 3PN 3WC 1 PK+PB, 14,5 tỷ, đường Hạnh Thông, P. 3, Gò Vấp","14,5 tỷ","Đường Hạnh Thông, Phường 3, Gò Vấp, Hồ Chí Minh",90 m²,3 phòng,3 phòng,2 tầng,Sổ đỏ/ Sổ hồng.,21/11/2025
"2 mặt Hẻm Xe Hơi, 15m ra MT Phan Văn Trị, Cityland, 70m² - 4 tầng - 7 T.ỷ 5","7,5 tỷ","Đường Phan Văn Trị, Phường 10, Gò Vấp, Hồ Chí Minh",70 m²,4 phòng,4 phòng,4 tầng,Sổ đỏ/ Sổ hồng,27/11/2025
"Bán nhà ở đường Thống Nhất 4*20m, 2 tầng, hẻm xe ô tô, giá chỉ 7.5 tỷ, dọn vào ở ngay","7,5 tỷ","Đường Thống Nhất, Phường 17, Gò Vấp, Hồ Chí Minh",80 m²,3 phòng,4 phòng,3 tầng,Sổ đỏ/ Sổ hồng.,17/11/2025
"Bán nhà mặt tiền 4 tầng, Thích Bửu Đăng, giá chỉ 9,68 tỷ, Nhà mới dọn vào ở ngay đón tết","9,68 tỷ","Đường Thích Bửu Đăng, Phường 1, Gò Vấp, Hồ Chí Minh",60 m²,3 phòng,4 phòng,4 tầng,Sổ đỏ/ Sổ hồng,26/11/2025
"Bán gấp nhà đường Quang Trung, 4*14 hẻm xe tải thông giá chỉ 5,7 nhà đẹp, ở ngay, nhanh tay mới còn","5,7 tỷ","Đường Quang Trung, Phường 10, Gò Vấp, Hồ Chí Minh",56 m²,3 phòng,3 phòng,1 tầng,Sổ đỏ/ Sổ hồng,23/11/2025
"Chính chủ bán gấp nhà 4 tầng hẻm xe tải, hẻm Vip đường Dương Quảng Hàm, P6, GV, ở ngay giá 14,5 tỷ","14,5 tỷ","Đường Dương Quảng Hàm, Phường 6, Gò Vấp, Hồ Chí Minh",64 m²,3 phòng,4 phòng,4 tầng,Sổ đỏ/ Sổ hồng,24/11/2025
BÁN NHÀ 2 MẶT HẺM XE HƠI - NGAY BV 175 - GẦN SÂN BAY - 72M - NGANG 4.7M - HẺM ĐẸP,"8,5 tỷ","Đường Nguyễn Tuân, Phường 3, Gò Vấp, Hồ Chí Minh",72 m²,N/A,N/A,2 tầng,N/A,27/11/2025
"Bán nhà HXH 5m Dương Quảng Hàm, P5, GV. 6m x 12m CN: 70m2, trệt 1 lầu TN 20tr/tháng. Giá: 7.5 tỷ TL","7,5 tỷ","Đường Dương Quảng Hàm, Phường 5, Gò Vấp, Hồ Chí Minh",70 m²,N/A,N/A,1 tầng,N/A,21/11/2025
"CHDV đường 12m Nguyễn Oanh ngay trường ĐH công Nghiệp đct 35 triệu Gía chỉ 12,8 tỷ TL","12,8 tỷ","Đường Nguyễn Oanh, Phường 6, Gò Vấp, Hồ Chí Minh",80 m²,13 phòng,13 phòng,5 tầng,Sổ đỏ/ Sổ hồng,27/11/2025
"Chủ giảm mạnh 500tr chỉ còn 3tỷ, DT 58m2, đường Số 21, P8, Q. Gò Vấp",Thỏa thuận,"Đường Số 21, Phường 8, Gò Vấp, Hồ Chí Minh",58 m²,4 phòng,5 phòng,3 tầng,Sổ đỏ/ Sổ hồng,24/11/2025
"Biệt thự mini 5 tầng, 5x21m, hẻm xe hơi thông, Nguyễn Tư Giản, P.12, Gò Vấp, tặng full nội thất","13,5 tỷ","Đường Nguyễn Tư Giản, Phường 12, Gò Vấp, Hồ Chí Minh","98,5 m²",N/A,N/A,5 tầng,Sổ đỏ/ Sổ hồng,14/11/2025
"Bán gấp căn nhà 3 tầng góc 2 mặt tiền,hẻm 10m,đường Dương Quảng Hàm, hiếm 6.14x17m giá chỉ 16,5tỷ,","16,5 tỷ","Đường Dương Quảng Hàm, Phường 6, Gò Vấp, Hồ Chí Minh",103 m²,6 phòng,6 phòng,3 tầng,Sổ đỏ/ Sổ hồng,18/11/2025
"Nhà đẹp lung linh 3 bước ra Emart, HXH Phan Huy Ích, P. 12, Gò Vấp, 3 tầng, 4mx15m5, giá 6 tỷ 8","6,8 tỷ","Đường Phan Huy Ích, Phường 12, Gò Vấp, Hồ Chí Minh","62,4 m²",4 phòng,3 phòng,3 tầng,Sổ đỏ/ Sổ hồng,25/11/2025
"Bán siêu phẩm 4 tầng, xe hơi ngủ trong nhà, tặng full nội thất, Phạm Văn Chiêu, P.9 ngay Lê Văn Thọ","6,68 tỷ","Đường Phạm Văn Chiêu, Phường 9, Gò Vấp, Hồ Chí Minh","50,7 m²",N/A,N/A,4 tầng,Sổ đỏ/ Sổ hồng,23/11/2025
"Nhà 4 tầng, 4x15m. HXH sát MT Phạm Văn Chiêu, P9, Gò Vấp. Chỉ 7tỷ3.
Gần chợ Thạch Đà, công viên","7,3 tỷ","Đường Phạm Văn Chiêu, Phường 9, Gò Vấp, Hồ Chí Minh",60 m²,4 phòng,5 phòng,4 tầng,Sổ đỏ/ Sổ hồng,27/11/2025
"Bán nhà khu phân lô đường 6m, 4 tầng, full nội thất, Phạm Văn Chiêu, P. 14, Gò Vấp, sát Quang Trung","7,6 tỷ","Đường Phạm Văn Chiêu, Phường 14, Gò Vấp, Hồ Chí Minh",51 m²,N/A,N/A,4 tầng,Sổ đỏ/ Sổ hồng,25/11/2025
"Bán CHDV HXH 6m Dương Quảng Hàm, P6, GV. 4.4m x 14m. 3 Lầu + ST. 7 phòng. 35tr/th. Giá: 9.7 tỷ TL","9,7 tỷ","Dương Quảng Hàm, 6, Gò Vấp, Hồ Chí Minh",60 m²,N/A,N/A,4 tầng,N/A,24/11/2025
"Mặt tiền hẻm 8m thông, Nguyễn Kiệm - Nguyễn Văn Công, DT: 6,2x14m, nhà C4, giá 9,5 tỷ TL","9,5 tỷ","Đường Nguyễn Kiệm, Phường 3, Gò Vấp, Hồ Chí Minh",92 m²,N/A,N/A,4 tầng,N/A,18/11/2025
Siêu phẩm Góc 2 Mặt Tiền HXT 8m x 15m. Công nhận: 115m2. Trệt 1 lầu 13.8 tỷ TL0932 170 ***Em Vy,"13,8 tỷ","Đường Nguyễn Kiệm, Phường 3, Gò Vấp, Hồ Chí Minh",120 m²,N/A,N/A,2 tầng,N/A,18/11/2025
"Chính chủ cần bán nhà 44m2, 4 tầng, HXH, tiện kinh doanh, 4.6 tỷ Tl.","4,6 tỷ","Đường Thống Nhất, Phường 11, Gò Vấp, Hồ Chí Minh",45 m²,4 phòng,3 phòng,4 tầng,Sổ đỏ/ Sổ hồng,27/11/2025
"Bán Nhà HXT Thông Nguyễn Kiệm, P3, GV. DT: 6m x 10m Trệt 3 lầu Giá: 9.6 tỷ LH:0932 170 ***Em Vy","9,6 tỷ","Nguyễn Kiệm, 3, Gò Vấp, Hồ Chí Minh",55 m²,N/A,N/A,4 tầng,N/A,25/11/2025
"BÁN NHÀ TP HCM, GÒ VẤP, PHẠM VĂN CHIÊU, 61M2, 5 TẦNG, HẺM Ô TÔ, GIÁ 7.3 TỶ","7,3 tỷ","Đường Phạm Văn Chiêu, Phường 8, Gò Vấp, Hồ Chí Minh",61 m²,4 phòng,4 phòng,5 tầng,Sổ đỏ/ Sổ hồng,27/11/2025
"Bán nhà HXH Phan Văn Trị, P7, Gò Vấp, DT: 4x28m, CN 105m2, giá: 8.5 tỷ LH:0934 870 ***","8,5 tỷ","Đường Phan Văn Trị, Phường 7, Gò Vấp, Hồ Chí Minh",105 m²,N/A,N/A,N/A,N/A,19/11/2025
Bùi Quang Là Gò Vấp - 4m x 15m Nở Hậu nhẹ - 4 Tầng - Chính Chủ - 7 Tỷ hơn Thương Lượng,"7,2 tỷ","Đường Bùi Quang Là, Phường 12, Gò Vấp, Hồ Chí Minh",62 m²,4 phòng,4 phòng,4 tầng,Sổ đỏ/ Sổ hồng,27/11/2025
"Bán nhà HXH 5m Phường An Nhơn, GV. DT: 5m x 20m CN 100m2 Trệt 2 lầu. Giá: 9.9 tỷ TL0932 170 ***Vy","9,9 tỷ","Đường số 20, Phường 5, Gò Vấp, Hồ Chí Minh",100 m²,N/A,N/A,3 tầng,N/A,17/11/2025
Bán ngay nhà đẹp chưa đến 80tr/1m2 đường Nguyễn Văn Khối,"4,9 tỷ","Đường Nguyễn Văn Khối, Phường 9, Gò Vấp, Hồ Chí Minh",67 m²,1 phòng,1 phòng,N/A,Sổ đỏ/ Sổ hồng,25/11/2025
"Bán nhà HXH Quang Trung, Gò Vấp, 76m², 4 tầng BTCT, Ô tô để trong nhà, chỉ 6.85 tỷ TL","6,85 tỷ","Đường Quang Trung, Phường 8, Gò Vấp, Hồ Chí Minh",76 m²,4 phòng,5 phòng,4 tầng,Sổ đỏ/ Sổ hồng,27/11/2025
"Nhà 2 mặt tiền hẻm Dương Quảng Hàm 4,3x16m công nhận 60m2 giáp Bình Thạnh","7,8 tỷ","Đường Dương Quảng Hàm, Phường 6, Gò Vấp, Hồ Chí Minh",60 m²,4 phòng,3 phòng,2 tầng,Sổ đỏ/ Sổ hồng,25/11/2025
"Căn duy nhất gần Dương Quảng Hàm 2 tầng, 5x15m, hẻm 4m, gần khu ăn uống giá 7.2 tỷ, ở ngay","7,2 tỷ","Đường Dương Quảng Hàm, Phường 6, Gò Vấp, Hồ Chí Minh",75 m²,3 phòng,3 phòng,2 tầng,Sổ đỏ/ Sổ hồng.,22/11/2025
Ô tô đổ cửa sát mặt tiền - ngay Quang Trung - 195m2 DTSD - sổ A4 - chỉ 7.2 tỷ (TL),"7,2 tỷ","Đường Quang Trung, Phường 10, Gò Vấp, Hồ Chí Minh",39 m²,3 phòng,N/A,5 tầng,Sổ đỏ/ Sổ hồng,26/11/2025
Siêu phẩm tháng máy- 6 tầng-đón Tết- vị trí đẹp- Đ. Quang Trung- hẻm ô tô- ngay chợ Hạnh Thông Tây,"8,49 tỷ","Đường Quang Trung, Phường 11, Gò Vấp, Hồ Chí Minh",43 m²,3 phòng,4 phòng,6 tầng,Sổ đỏ/ Sổ hồng,20/11/2025
"6.8 tỉ - LÊ ĐỨC THỌ, P16, GÒ VẤP - HẺM 1 SẸC ÔTÔ - NHÀ CỨNG-GIÁ MỀM - 45m2 - 5 TẦNG - 4PN - NỞ HẬU","6,8 tỷ","Đường Lê Đức Thọ, Phường 16, Gò Vấp, Hồ Chí Minh",45 m²,4 phòng,4 phòng,5 tầng,Sổ đỏ/ Sổ hồng,27/11/2025
"Chính chủ bán gấp căn nhà 3 lầu 83m2, hẻm xe ô tô, giá chỉ 7 tỷ ở đường Thống Nhất, Quận GV, ở ngay",7 tỷ,"Đường Thống Nhất, Phường 16, Gò Vấp, Hồ Chí Minh",83 m²,5 phòng,5 phòng,4 tầng,N/A,22/11/2025
"Bán Gấp TÒA CHDV LÊ VĂN THỌ Q. Gò Vấp 6M X 26M 136M2 CN HĐT Khoán 60tr/tháng GIÁ CHỈ 15,7 TỶ","15,7 tỷ","Đường Lê Văn Thọ, Phường 16, Gò Vấp, Hồ Chí Minh",136 m²,15 phòng,15 phòng,4 tầng,Sổ đỏ/ Sổ hồng,26/11/2025
245m2 Nhà rẻ nhất P. 17 GV ngay Nguyễn Văn Lượng chỉ 77tr/m2 giá 19 tỷ TL0932 119 ***,19 tỷ,"Đường Nguyễn Văn Lượng, Phường 17, Gò Vấp, Hồ Chí Minh",245 m²,1 phòng,1 phòng,1 tầng,Sổ đỏ/ Sổ hồng.,26/11/2025
"Định cư bán gấp nhà 198m2 NH 16,5m 4 tầng HXH P. 11 Gò Vấp giá 13,4 tỷ TL","13,4 tỷ","Đường Lê Văn Thọ, Phường 11, Gò Vấp, Hồ Chí Minh",198 m²,9 phòng,6 phòng,4 tầng,Sổ đỏ/ Sổ hồng.,26/11/2025
"Nhà phố 4PN, MT 6m, Phan Huy Ích Gò Vấp - dòng tiền ổn định - chỉ hơn 5 tỷ x","5,15 tỷ","Đường Phan Huy Ích, Phường 12, Gò Vấp, Hồ Chí Minh",48 m²,4 phòng,2 phòng,2 tầng,Sổ đỏ/ Sổ hồng,27/11/2025
Bán căn nhà đẹp SHR đúc lửng 3 phòng ngủ Đường Phan Huy Ích P. 12 Quận Gò Vấp giá chỉ 4 tỷ 350tr TL,"4,35 tỷ","Đường Phan Huy Ích, Phường 12, Gò Vấp, Hồ Chí Minh",40 m²,3 phòng,2 phòng,2 tầng,Sổ đỏ/ Sổ hồng,24/11/2025
"Nhà cần bán gấp Phạm Văn Chiêu, P. 14, Gò Vấp, 1 trệt 2 lầu sổ riêng xung quanh đầy đủ",Thỏa thuận,"Đường Phạm Văn Chiêu, Phường 14, Gò Vấp, Hồ Chí Minh","60,2 m²",2 phòng,2 phòng,3 tầng,Sổ đỏ/ Sổ hồng,27/11/2025
"Bán nhà Thống Nhất, Gò Vấp, DT 39m2, 2 tầng, Chỉ nhỉnh 4 tỷ còn TL0935 767 ***","4,6 tỷ","Đường Thống Nhất, Phường 11, Gò Vấp, Hồ Chí Minh",39 m²,N/A,N/A,2 tầng,Sổ đỏ/ Sổ hồng,27/11/2025
"Bán nhà cực đẹp Nguyễn Duy Cung, P. 12, Gò Vấp - 1 trệt 2 lầu, tiện ích đầy đủ, sổ riêng",Thỏa thuận,"Đường Nguyễn Duy Cung, Phường 12, Gò Vấp, Hồ Chí Minh","56,5 m²",2 phòng,2 phòng,3 tầng,Sổ đỏ/ Sổ hồng,27/11/2025
"Đón Tết cùng nhà mới tinh 5 tầng tại Quang Trung, P10, Gò Vấp","7,9 tỷ","Đường Quang Trung, Phường 10, Gò Vấp, Hồ Chí Minh",48 m²,4 phòng,4 phòng,5 tầng,Sổ đỏ/ Sổ hồng,24/11/2025
"Bán nhà Lê Văn Thọ, HXT né nhau, XE HƠI vào nhà ngủ, 5 tầng, 60m2 cn đủ, 6pn, chỉ 8tỷ nhỉnh","8,19 tỷ","Đường Lê Văn Thọ, Phường 14, Gò Vấp, Hồ Chí Minh",60 m²,6 phòng,N/A,5 tầng,Sổ đỏ/ Sổ hồng,27/11/2025
Nhà đẹp ở ngay mặt tiền đường HXH DT 4x13m chỉ việc dọn vào ở ngay,"7,99 tỷ","Đường Phạm Văn Chiêu, Phường 9, Gò Vấp, Hồ Chí Minh",50 m²,4 phòng,4 phòng,4 tầng,Sổ đỏ/ Sổ hồng,27/11/2025
Nhà 50m2 đất trệt lầu 3 PN Quang Trung F11 GV. Vị trí đẹp,"4,89 tỷ","Đường Quang Trung, Phường 11, Gò Vấp, Hồ Chí Minh",50 m²,3 phòng,2 phòng,2 tầng,Sổ đỏ/ Sổ hồng,19/11/2025
"Mặt tiền hẻm đường 7m Số 5, Lê Đức Thọ, F15, Gò Vấp. 4x6.2m trệt lầu đang cho thuê","3,48 tỷ","Đường Số 5, Phường 15, Gò Vấp, Hồ Chí Minh",25 m²,1 phòng,1 phòng,2 tầng,Sổ đỏ/ Sổ hồng,27/11/2025
Bùi Quang Là - GV - chỉ hơn 40tr/m2 - HXH vô nhà - 130m2 (8x17m) - gần Tân Sơn - Phạm Văn Bạch,"6,2 tỷ","Đường Bùi Quang Là, Phường 12, Gò Vấp, Hồ Chí Minh",130 m²,5 phòng,5 phòng,1 tầng,Sổ đỏ/ Sổ hồng,22/11/2025
BÁN NHÀ GÒ VẤP - 2 MẶT TIỀN - 2 HXH THÔNG - GẦN BV 175 - PHẠM VĂN ĐỒNG - SHR NỞ HẬU - NHỈNH 8TỶ TL,"8,5 tỷ","Đường Lê Lợi, Phường 3, Gò Vấp, Hồ Chí Minh",75 m²,3 phòng,2 phòng,2 tầng,Sổ đỏ/ Sổ hồng,25/11/2025
"Chính chủ cần bán gấp nhà Nguyễn Bỉnh Khiêm, Gò Vấp. 63m2(3,2x15m) 4lầu sổ hồng riêng",Thỏa thuận,"Đường Nguyễn Bỉnh Khiêm, Phường 1, Gò Vấp, Hồ Chí Minh",63 m²,5 phòng,6 phòng,4 tầng,Sổ đỏ/ Sổ hồng,27/11/2025
Nhà 2 tầng xây mới Bùi Quang Là P12 GV. 3x7.25m công nhận đủ không lộ giới,"3,16 tỷ","Đường Bùi Quang Là, Phường 12, Gò Vấp, Hồ Chí Minh","21,75 m²",2 phòng,2 phòng,2 tầng,Sổ đỏ/ Sổ hồng,20/11/2025
Nhà nhỏ SHR 3.1x4m trệt lầu Quang Trung P11 GV. Tiện làm siêu phẩm,"1,85 tỷ","Hẻm 637, Đường Quang Trung, Phường 11, Gò Vấp, Hồ Chí Minh",12 m²,N/A,N/A,2 tầng,Sổ đỏ/ Sổ hồng,20/11/2025
"BÁN NHÀ PHẠM VĂN CHIÊU P9 GV-ĐẸP Ở NGAY-61M2-NGANG 4,5M-4TẦNG-5PN-CHỈ 7TỶ5 TL","7,5 tỷ","Đường Phạm Văn Chiêu, Phường 9, Gò Vấp, Hồ Chí Minh",61 m²,5 phòng,6 phòng,4 tầng,Sổ đỏ/ Sổ hồng,27/11/2025
3 lầu hẻm 4m Đường số 2 F16 GV. 3.5x6 nhà đẹp mới,"3,6 tỷ","Đường Số 2, Phường 16, Gò Vấp, Hồ Chí Minh",20 m²,2 phòng,2 phòng,3 tầng,Sổ đỏ/ Sổ hồng,19/11/2025
"Căn Hô DV, ở + Cho Thuê, Doanh Thu 40tr/1th, Tiện Kinh doanh, Hẻm 8m Thông, 80m2 X5 Tầng, giá 15x t","15,68 tỷ","Đường Nguyễn Oanh, Phường 17, Gò Vấp, Hồ Chí Minh",80 m²,8 phòng,9 phòng,5 tầng,Sổ đỏ/ Sổ hồng,27/11/2025
"Bán nhà hẻm xe hơi Nguyễn Văn Khối 4x18 CN 70m2 nhà 1 trệt 1 lầu giá 4, x tỷ thương lượng thiện chí","4,6 tỷ","Đường Nguyễn Văn Khối, Phường 8, Gò Vấp, Hồ Chí Minh",70 m²,3 phòng,2 phòng,2 tầng,Sổ đỏ/ Sổ hồng,27/11/2025
Mặt tiền kinh doanh Đường số 4 P13 GV. 3.4x11m trệt lầu đường 6m,"4,47 tỷ","Hẻm 1414, Đường Lê Đức Thọ, Phường 13, Gò Vấp, Hồ Chí Minh","37,4 m²",2 phòng,2 phòng,2 tầng,Sổ đỏ/ Sổ hồng,19/11/2025
"Bán Nhà đẹp thang máy 5 lầu Nguyễn văn công GV giá 9,4 tỷ","9,4 tỷ","Đường Nguyễn Văn Công, Phường 3, Gò Vấp, Hồ Chí Minh",60 m²,5 phòng,6 phòng,5 tầng,Sổ đỏ/ Sổ hồng,16/11/2025
Nhà 6x7m 1 lầu Phạm Văn Chiêu P14 sổ riêng,"3,8 tỷ","Đường Phạm Văn Chiêu, Phường 14, Gò Vấp, Hồ Chí Minh",42 m²,2 phòng,N/A,2 tầng,Sổ riêng,27/11/2025
FULL NỘI THẤT- HẺM XE TẢI- Ô TÔ NGỦ TRONG NHÀ- SỔ VUÔNG- 66M- 5 TẦNG- 10.x tỷ,"10,9 tỷ","Đường Dương Quảng Hàm, Phường 16, Gò Vấp, Hồ Chí Minh",66 m²,5 phòng,6 phòng,5 tầng,Sổ đỏ/ Sổ hồng,26/11/2025
Bán đất diện tích đẹp xây CHDV ngay đại học Văn Lang CS3 P5 Gò Vấp,18 tỷ,"Đường Quảng Hàm, Phường 5, Gò Vấp, Hồ Chí Minh",123 m²,N/A,N/A,N/A,Sổ đỏ/ Sổ hồng,27/11/2025
Nhà 30m ra MT Phần Huy Ích p14GV hxh6m lầu 3x17 2PN 3vs tiện KD đa nghề tặng nt h.đn LH0786 555 ***,"5,38 tỷ","Đường Phan Huy Ích, Phường 14, Gò Vấp, Hồ Chí Minh",51 m²,2 phòng,3 phòng,2 tầng,Sổ đỏ/ Sổ hồng,27/11/2025
Nhà vi bằng Bùi Quang Là P12 hẻm 2m cách hẻm XH 1 căn DT 15m2 1 lửng 1 lầu,"1,2 tỷ","Đường Bùi Quang Là, Phường 12, Gò Vấp, Hồ Chí Minh",15 m²,2 phòng,N/A,2 tầng,Vi bằng,27/11/2025
"Nhà 97m2 CN Nguyễn Văn Nghi, P7, giá rẻ","6,95 tỷ","302//, Đường Nguyễn Văn Nghi, Phường 7, Gò Vấp, Hồ Chí Minh",97 m²,N/A,N/A,N/A,N/A,27/11/2025
"Bán Nhà Riêng tại Nguyễn Thái Sơn, 4,5 tỷ, 43m2, giá siêu hời, ngay đại học Văn Lang cs3","4,5 tỷ","Đường Nguyễn Thái Sơn, Phường 5, Gò Vấp, Hồ Chí Minh",43 m²,N/A,N/A,N/A,N/A,27/11/2025
"Chính chủ bán nhà 1 sẹc Lê Đức Thọ P6, DT 4x15m, 1 trệt 3 lầu. Giá 9,8 tỷ","9,8 tỷ","Đường Lê Đức Thọ, Phường 6, Gò Vấp, Hồ Chí Minh",60 m²,N/A,N/A,4 tầng,N/A,16/11/2025
CHDV 14P đường 12m thông nhỉnh 10 tỷ Gò Vấp,"10,9 tỷ","Đường Phạm Văn Chiêu, Phường 14, Gò Vấp, Hồ Chí Minh",75 m²,14 phòng,15 phòng,5 tầng,Sổ đỏ/ Sổ hồng,22/11/2025
"CHDV 39P, doanh thu 180tr/tháng, Lê Văn Thọ, P11, Gò Vấp",49 tỷ,"Đường Lê Văn Thọ, Phường 11, Gò Vấp, Hồ Chí Minh",252 m²,39 phòng,40 phòng,6 tầng,Sổ hồng,22/11/2025
"Villa 6,5x15m, 4 tầng gần Công Viên VH Gò Vấp, Lê Đức Thọ - Nguyễn Văn Lượng",12 tỷ,"Đường Lê Đức Thọ, Phường 17, Gò Vấp, Hồ Chí Minh","97,5 m²",4 phòng,5 phòng,4 tầng,Sổ đỏ/ Sổ hồng,22/11/2025
"Dãy trọ 269m2, 8x34m, đường 16m Phạm Văn Chiêu Gò Vấp",21 tỷ,"Đường Phạm Văn Chiêu, Phường 14, Gò Vấp, Hồ Chí Minh",269 m²,16 phòng,16 phòng,8 tầng,Sổ đỏ/ Sổ hồng,19/11/2025
Nhà mới hoàn thiện HXH 6m giáp Phú Nhuận vào ở ngay liên hệ xem: Anh út0908 120 ***,"7,5 tỷ","Đường Nguyễn Thượng Hiền, Phường 1, Gò Vấp, Hồ Chí Minh",32 m²,4 phòng,4 phòng,4 tầng,N/A,27/11/2025
CHDV 22P doanh thu 145tr ngay Lotte Mart Gò Vấp,25 tỷ,"Đường Nguyễn Văn Lượng, Phường 16, Gò Vấp, Hồ Chí Minh",127 m²,22 phòng,23 phòng,6 tầng,Sổ đỏ/ Sổ hồng,17/11/2025
"Bán khách sạn mới 18P, khoán 110tr Phạm Văn Chiêu P9 Gò Vấp",26 tỷ,"Đường Phạm Văn Chiêu, Phường 9, Gò Vấp, Hồ Chí Minh",88 m²,16 phòng,17 phòng,6 tầng,Sổ đỏ/ Sổ hồng,17/11/2025
"CHDV 32P, doanh thu 160tr, 8x29mx5 tầng Nguyễn Văn Lượng P16 Gò Vấp","36,5 tỷ","Đường Nguyễn Văn Lượng, Phường 16, Gò Vấp, Hồ Chí Minh",220 m²,N/A,N/A,5 tầng,Sổ đỏ/ Sổ hồng,17/11/2025
"Chính chủ 30 năm bán nhà 2 tầng Lê Tự Tài, Phú Nhuận, HXH 16 chỗ, 46m2, cho thuê được 20tr/th","7,2 tỷ","Đường Lê Tự Tài, Phường 4, Phú Nhuận, Hồ Chí Minh",46 m²,2 phòng,2 phòng,2 tầng,Sổ đỏ/ Sổ hồng,20/11/2025
BÁN NHÀ THỐNG NHẤT TRỆT 1LẦU GÒ VẤP,"3,4 tỷ","Đường Thống Nhất, Phường 10, Gò Vấp, Hồ Chí Minh",23 m²,N/A,N/A,2 tầng,Sổ đỏ/ Sổ hồng,27/11/2025
"CHDV 55P, ngang 10mx44m, khoán 200tr, Phạm Văn Chiêu, P16, Gò Vấp",59 tỷ,"Đường Phạm Văn Chiêu, Phường 16, Gò Vấp, Hồ Chí Minh",440 m²,55 phòng,56 phòng,6 tầng,Sổ đỏ/ Sổ hồng,22/11/2025
"Bán nhà góc 2 mặt hẻm 46m² 2 căn liền kề có dòng tiền Thích Quảng Đức, Phú Nhuận, 6.5 tỷ","6,5 tỷ","Đường Thích Quảng Đức, Phường 5, Phú Nhuận, Hồ Chí Minh",46 m²,5 phòng,6 phòng,3 tầng,Sổ đỏ/ Sổ hồng,25/11/2025
Nhà đẹp Phú Nhuận hẻm xe hơi Phan Đăng Lưu 5 tầng sân thượng sát Quận 1,"14,5 tỷ","Đường  Phan Đăng Lưu, Phường 3, Phú Nhuận, Hồ Chí Minh",40 m²,4 phòng,N/A,5 tầng,N/A,23/11/2025
HÀNG VIP PHÚ NHUẬN - 100M2 - HXH TRÁNH - BAO ĐẦU TƯ - GPXD HẦM + 6 TẦNG - NGANG 4.5 - VUÔNG VỨC,"14,3 tỷ","Đường Nguyễn Kiệm, Phường 4, Phú Nhuận, Hồ Chí Minh",99 m²,4 phòng,2 phòng,2 tầng,Sổ đỏ/ Sổ hồng,22/11/2025
"CẦN BÁN  GẤP TOÀ NHÀ CĂN HỘ CHO THUÊ . 145/12A NGUYỄN ĐÌNH CHÍNH, P11, PHÚ NHUẬN. GIÁ GIẢM 31 TỶ",31 tỷ,"145/12A, Đường Nguyễn Đình Chính, Phường 11, Phú Nhuận, Hồ Chí Minh","90,2 m²",14 phòng,16 phòng,8 tầng,Sổ đỏ/sổ hồng.,16/11/2025
Nhà hẻm 7m gần Ngã Tư Phú Nhuận,"11,7 tỷ","Đường Nguyễn Kiệm, Phường 9, Phú Nhuận, Hồ Chí Minh","60,6 m²",5 phòng,N/A,3 tầng,Sổ đỏ/ Sổ hồng,25/11/2025
Siêu phẩm 5 lầu - sát Quận 1 - 5 phòng ngủ - Phan Xích Long - full nội thất vào ở ngay - nhỉnh 7 tỷ,"7,35 tỷ","Đường Phan Xích Long, Phường 2, Phú Nhuận, Hồ Chí Minh",54 m²,5 phòng,4 phòng,5 tầng,Sổ đỏ/ Sổ hồng,22/11/2025
"DT: (59m2) 6PN 4 tầng ngay Phú Nhuận nghe như nhà 20 tỷ, mà không, 13.5 tỷ","13,5 tỷ","Đường Phan Xích Long, Phường 2, Phú Nhuận, Hồ Chí Minh",59 m²,6 phòng,4 phòng,4 tầng,N/A,25/11/2025
Siêu Phẩm 3 lầu - Hẻm Lê Văn Sỹ- Phú Nhuận - 3 Phòng ngủ - full nội thất - vào ở liền - chỉ 6.85 tỷ,"6,85 tỷ","Đường Lê Văn Sỹ, Phường 13, Phú Nhuận, Hồ Chí Minh",47 m²,3 phòng,3 phòng,3 tầng,Sổ đỏ/ Sổ hồng,26/11/2025
Siêu phẩm 3 tầng - Sát Quận 1 - DTSD 90m2 - Hẻm xe hơi Phan Xích Long - Giá chỉ 6.89 tỷ,"6,9 tỷ","Đường Phan Xích Long, Phường 2, Phú Nhuận, Hồ Chí Minh",48 m²,3 phòng,N/A,2 tầng,Sổ đỏ/ Sổ hồng,25/11/2025
Siêu phẩm 5 tầng - sát Quận 1 - Góc 2MT HXH Nguyễn Văn Trỗi hầm hồ bơi - thang máy - chỉ 17.79 tỷ,"17,79 tỷ","Đường Nguyễn Văn Trỗi, Phường 11, Phú Nhuận, Hồ Chí Minh",100 m²,N/A,N/A,5 tầng,N/A,24/11/2025
Lên sóng nhà mới & đẹp - 3 tầng trung tâm Phú Nhuận,"6,85 tỷ","489/24/76 Huỳnh Văn Bánh, 13, Phú Nhuận, Hồ Chí Minh",33 m²,3 phòng,3 phòng,3 tầng,Sổ đỏ/ Sổ hồng,26/11/2025
"Bán Gấp Nhà Quận Phú Nhuận - Nhà Cấp 4 - , Giá Cực Tốt Chỉ 6,5 tỷ","6,5 tỷ","Đường Ngô Thời Nhiệm, Phường 17, Phú Nhuận, Hồ Chí Minh","37,2 m²",N/A,N/A,1 tầng,Sổ đỏ/ Sổ hồng,25/11/2025
"Hẻm Nhựa 7 chỗ ngủ trong nhà - Phú Nhuận - 100m2 ngang 4.3m, Chỉ 130tr/m2 đất.","14,3 tỷ","Đường Nguyễn Kiệm, Phường 4, Phú Nhuận, Hồ Chí Minh",98 m²,2 phòng,2 phòng,2 tầng,Sổ đỏ/ Sổ hồng,24/11/2025
"Duy nhất 1 căn HXH Đoàn Thị Điểm, Phú Nhuận, liền kề khu VIP Phan Xích Long, 66m2, SHR",Thỏa thuận,"Đường Đoàn Thị Điểm, Phường 1, Phú Nhuận, Hồ Chí Minh",66 m²,4 phòng,5 phòng,3 tầng,Sổ đỏ/ Sổ hồng,23/11/2025
"Bán nhà hẻm xe hơi 68/58B Thích Quảng Đức 5x10m 3 lầu Đúc, giá 8.3 tỷ. LH:0911 039 ***","8,3 tỷ","68/58B, Đường Thích Quảng Đức, Phường 5, Phú Nhuận, Hồ Chí Minh",50 m²,4 phòng,N/A,4 tầng,Sổ đỏ/ Sổ hồng,20/11/2025
"Chính chủ bán nhà 5 Tầng Hẻm xe hơi Phan Đăng Lưu - Đoàn Thị Điểm, P.1 ( Cầu Kiệu) chỉ 9T",9 tỷ,"Đường Đoàn Thị Điểm, Phường 1, Phú Nhuận, Hồ Chí Minh",40 m²,4 phòng,5 phòng,5 tầng,Sổ đỏ/ Sổ hồng,27/11/2025
"Bác bảy cần bán gấp căn nhà siêu sang ở Hoa Lan - PN. Diện tích 64m2, 3PN. Hẻm 5m. Sổ sẵn",Thỏa thuận,"Đường Hoa Lan, Phường 2, Phú Nhuận, Hồ Chí Minh",64 m²,3 phòng,4 phòng,3 tầng,Sổ đỏ/ Sổ hồng,22/11/2025
"Bán gấp nhà 4 tầng Phú Nhuận hẻm xe hơi tránh nhau 50,6m2 dòng tiền 22tr/tháng",Thỏa thuận,"Hẻm 170, Đường Hoàng Văn Thụ, Phường 9, Phú Nhuận, Hồ Chí Minh","50,6 m²",4 phòng,5 phòng,4 tầng,Sổ đỏ/ Sổ hồng,23/11/2025
"Bán nhà riêng 4 tầng tại Nguyễn Kiệm, 15 tỷ VND, DTSD 235.5m2, P4, Q. Phú Nhuận, HCM",15 tỷ,"778/1F, Đường Nguyễn Kiệm, Phường 4, Phú Nhuận, Hồ Chí Minh","76,8 m²",5 phòng,4 phòng,4 tầng,Sổ đỏ/ Sổ hồng.,09/11/2025
"NHÀ HXH HOÀNG VĂN THỤ - TRẦN HUY LIỆU, P15, PHÚ NHUẬN  DT 4x16  NHÀ 3 LẦU, 7PN, GIÁ 14.9 TỶ","14,9 tỷ","Đường Hoàng Văn Thụ, Phường 15, Phú Nhuận, Hồ Chí Minh",65 m²,7 phòng,7 phòng,4 tầng,Sổ hồng,21/11/2025
"Chính chủ cần bán gấp nhà 5 tầng Xe hơi đỗ cửa Lê Văn Sỹ - Huỳnh Văn Bánh, P. 11","7,9 tỷ","Đường Huỳnh Văn Bánh, Phường 11, Phú Nhuận, Hồ Chí Minh",32 m²,3 phòng,4 phòng,5 tầng,Sổ đỏ/ Sổ hồng,27/11/2025
"Kẹt tiền bán gấp trả nợ nhà 4 tầng mới Lung linh khu VIP Đoàn Thị Điểm, P. 1","8,3 tỷ","Đường Đoàn Thị Điểm, Phường 1, Phú Nhuận, Hồ Chí Minh","41,3 m²",4 phòng,5 phòng,4 tầng,Sổ đỏ/ Sổ hồng,27/11/2025
HẺM BA GÁC - HUỲNH VĂN BÁNH - TT PHÚ NHUẬN - 3 TẦNG x 35M2 - 6.X TỶ,"6,85 tỷ","Phường 11, Phú Nhuận, Hồ Chí Minh",35 m²,3 phòng,2 phòng,3 tầng,Sổ đỏ/ Sổ hồng,27/11/2025
"Khu biệt thự Compound Nguyễn Văn Trỗi - Nguyễn Trọng Tuyển, 8x20, trệt 2 lầu ST. Giá 60 tỷ",60 tỷ,"Đường Nguyễn Văn Trỗi, Phường 10, Phú Nhuận, Hồ Chí Minh",160 m²,5 phòng,N/A,4 tầng,Sổ đỏ/ Sổ hồng,25/11/2025
SIÊU PHẨM HẺM LỚN CẦU KIỆU PHÚ NHUẬN - 6tỷ2 NHÀ MỚI KIẾN TRÚC HIỆN ĐẠI 5 PHÒNG NGỦ,"6,2 tỷ","Đường Duy Tân, Phường 15, Phú Nhuận, Hồ Chí Minh",28 m²,5 phòng,3 phòng,4 tầng,Sổ đỏ/ Sổ hồng,27/11/2025
"Kẹt cần bán gấp nhà 4 tầng Siêu vị trí - Cách 1 căn ra Mặt Tiền Trường Sa, Phú Nhuận","5,85 tỷ","Đường Trường Sa, Phường 2, Phú Nhuận, Hồ Chí Minh",31 m²,4 phòng,3 phòng,4 tầng,Sổ đỏ/ Sổ hồng,27/11/2025
"Hàng hiếm tại Trần Huy Liệu, 123 m2, xe ôtô vào tận cửa.. khu an ninh, riêng biệt kết nối trung tâm","25,6 tỷ","Đường Trần Huy Liệu, Phường 8, Phú Nhuận, Hồ Chí Minh",123 m²,N/A,N/A,N/A,Sổ đỏ/ Sổ hồng,27/11/2025
"Siêu phẩm! Bán CHDV ngay Phan Xích LOng, PN( 5.4x23m- Hầm, 5 Tầng) HĐT 90tr/th- 22.8 tỷ TL","22,8 tỷ","Phường 2, Phú Nhuận, Hồ Chí Minh","127,3 m²",15 phòng,16 phòng,5 tầng,Sổ đỏ/ Sổ hồng,19/11/2025
"Bán nhà mới 100% - hẻm xe hơi - Đặng Văn Ngữ - Phú Nhuận - 3 tầng có sân thượng - giá chỉ 7,3 tỷ","7,3 tỷ","Đường Đặng Văn Ngữ, Phường 10, Phú Nhuận, Hồ Chí Minh",34 m²,3 phòng,4 phòng,3 tầng,Sổ đỏ/ Sổ hồng.,26/11/2025
"Bán nhà hẻm xe hơi Trần Kế Xương, P7 Phú Nhuận, sát Khu Vạn Kiếp - Phan Xích Long","5,6 tỷ","Đường Trần Kế Xương, Phường 7, Phú Nhuận, Hồ Chí Minh",27 m²,2 phòng,3 phòng,3 tầng,Sổ đỏ/ Sổ hồng,27/11/2025
"Bán Nhà Thích Quảng Đức, P5, Phú Nhuận, 66m2, 2 tầng, nhà trống sạch sẽ, giá 8.8 tỷ TL","8,8 tỷ","Đường Thích Quảng Đức, Phường 5, Phú Nhuận, Hồ Chí Minh",66 m²,3 phòng,2 phòng,2 tầng,Sổ đỏ/ Sổ hồng,21/11/2025
5 tầng - 3 mặt tiền hiếm - cứng cáp ở ngay - an ninh tốt - View Landmark 81 và Bitexco,"6,5 tỷ","Đường Phan Đình Phùng, Phường 1, Phú Nhuận, Hồ Chí Minh",45 m²,3 phòng,4 phòng,5 tầng,Sổ đỏ/ Sổ hồng,26/11/2025
"Hẻm 3m giáp Q3 - nhà lung linh 3PN full nội thất xịn. Chỉ 6,85 tỷ","6,85 tỷ","Đường Huỳnh Văn Bánh, Phường 13, Phú Nhuận, Hồ Chí Minh","32,3 m²",3 phòng,3 phòng,3 tầng,Sổ đỏ/ Sổ hồng,25/11/2025
"Chính chủ bán gấp. Nhà hẻm 414. P14, Phú Nhuận. Giá 10 tỷ",10 tỷ,"414, Đường Huỳnh Văn Bánh, Phường 14, Phú Nhuận, Hồ Chí Minh",41 m²,4 phòng,3 phòng,4 tầng,Sổ đỏ/ Sổ hồng,27/11/2025
"Vị trí vip, ô tô tới cửa, DT 45m2, Lê Văn Sỹ, Phú Nhuận mua ở, làm MBKD, spa giá 9,9 tỷ (TL)","9,9 tỷ","Đường Lê Văn Sỹ, Phường 11, Phú Nhuận, Hồ Chí Minh",45 m²,3 phòng,2 phòng,2 tầng,Sổ đỏ/ Sổ hồng.,21/11/2025
"Hẻm ô tô thông - 81m2 - 4 tầng - Huỳnh Văn Bánh - P.17, Phú Nhuận - 14,5 tỷ","14,5 tỷ","Đường Huỳnh Văn Bánh, Phường 17, Phú Nhuận, Hồ Chí Minh",81 m²,6 phòng,5 phòng,4 tầng,Sổ đỏ/ Sổ hồng.,19/11/2025
"Chỉ cách 1 căn ra mặt tiền bờ kè Trường Sa, Phú Nhuận. Diện tích 42m2 nhà 2 tầng giá chỉ 6.x tỷ","6,5 tỷ","Đường Phan Đình Phùng, Phường 17, Phú Nhuận, Hồ Chí Minh",42 m²,3 phòng,2 phòng,2 tầng,N/A,27/11/2025
"Hiếm có: hơn 9 tỷ; mặt tiền hẻm Huỳnh Văn Bánh; Phú nhuận; DT: 4,35x13m; 2Lầu; Vừa ở vừa kinh doanh","9,8 tỷ","Đường Huỳnh Văn Bánh, Phường 17, Phú Nhuận, Hồ Chí Minh",45 m²,3 phòng,3 phòng,2 tầng,Sổ đỏ/ Sổ hồng,21/11/2025
5.5mx16m - Bán căn góc 2 mặt hẻm tuyệt đẹp Khu Compound 112 - 122 Phổ Quang - 4 tầng chỉ 16.5 tỷ,"16,5 tỷ","112 - 122, Đường Phổ Quang, Phường 9, Phú Nhuận, Hồ Chí Minh",80 m²,N/A,N/A,4 tầng,N/A,24/11/2025
"Bán nhà đường Phổ Quang ngay Đào Duy Anh công viên Gia Đình, 7,5x20m - 5 tầng ST nhà mới. 24 tỷ",24 tỷ,"Đường Phổ Quang, Phường 9, Phú Nhuận, Hồ Chí Minh",150 m²,N/A,N/A,5 tầng,N/A,20/11/2025
"Nhà 5 tầng BTCT Phan Xích Long, Phú Nhuận DT 3x12m giá 6,45 Tỷ TL","6,45 tỷ","Đường Phan Xích Long, Phường 2, Phú Nhuận, Hồ Chí Minh",34 m²,4 phòng,5 phòng,5 tầng,Sổ đỏ/ Sổ hồng,27/11/2025
"Nhà đẹp 4 tầng khu Phan Xích Long 4PN có sân thượng, chỉ 7.25 tỷ nhà còn mới","7,25 tỷ","Đường Nhiêu Tứ, Phường 7, Phú Nhuận, Hồ Chí Minh",34 m²,4 phòng,3 phòng,4 tầng,Sổ đỏ/ Sổ hồng,18/11/2025
"Dòng tiền 85 triệu/tháng! Bán gấp nhà Hầm 5 TM, gần MT Phan Đăng Lưu Phú Nhuận, 6x22, Giá: 23.3 tỷ","23,3 tỷ","Đường  Phan Đăng Lưu, Phường 3, Phú Nhuận, Hồ Chí Minh",130 m²,N/A,N/A,5 tầng,N/A,27/11/2025
Hẻm 7m kinh doanh - 1 căn ra MT 85m2 - 4 tầng - 16.5 tỷ,"16,5 tỷ","Đường Trần Huy Liệu, Phường 15, Phú Nhuận, Hồ Chí Minh",85 m²,5 phòng,5 phòng,4 tầng,Sổ đỏ/ Sổ hồng.,25/11/2025
"Bán nhà Phú Nhuận 75m2 Huỳnh Văn Bánh giao Phan Đình Phùng, chính chủ chỉ 8 tỷ 9 còn bớt","8,9 tỷ","Đường Huỳnh Văn Bánh, Phường 15, Phú Nhuận, Hồ Chí Minh",75 m²,5 phòng,5 phòng,4 tầng,Sổ đỏ/ Sổ hồng,27/11/2025
Bán nhà chính chủ - vào ở ngay - Gần Phan Xích Long,"25,2 tỷ","Đường Hoa Hồng, Phường 1, Phú Nhuận, Hồ Chí Minh",64 m²,4 phòng,6 phòng,3 tầng,Sổ đỏ/ Sổ hồng,27/11/2025
"Nhà 3 mặt hẻm, ngang 4m, 48m2, 4 tầng 4PN 4WC. Hẻm 3m thông. Sổ vuông vức, hoàn công đầy đủ","8,7 tỷ","Đường Lê Văn Sỹ, Phường 11, Phú Nhuận, Hồ Chí Minh",48 m²,4 phòng,4 phòng,4 tầng,N/A,27/11/2025
"Bán nhà hẻm đẹp, 3 tầng Phan Tây Hồ - Trần Kế Xương, gần 50m2 chỉ hơn 6 tỷ","6,2 tỷ","Đường Phan Tây Hồ, Phường 7, Phú Nhuận, Hồ Chí Minh","48,6 m²",3 phòng,3 phòng,3 tầng,Sổ đỏ/ Sổ hồng,22/11/2025
Chủ ĐỊNH CƯ gửi Bán Nhà Villa HOÀNG VĂN THỤ ngay Khách Sạn Tân Sơn Nhất,"29,4 tỷ","Đường Hoàng Văn Thụ, Phường 8, Phú Nhuận, Hồ Chí Minh",162 m²,7 phòng,8 phòng,4 tầng,Sổ đỏ/ Sổ hồng,22/11/2025
90m2 - 5 tầng - hẻm xe hơi - Phú Nhuận - chính chủ lâu đời - 18 tỷ,18 tỷ,"Đường Hoàng Hoa Thám, Phường 5, Phú Nhuận, Hồ Chí Minh",90 m²,6 phòng,6 phòng,5 tầng,Sổ đỏ/ Sổ hồng,26/11/2025
"Siêu phẩm! HXH tránh nhau Trần Huy Liệu, P15, PN |4 x 18m - CN:72,4m2 vuông vức| Giá chỉ 14.8 tỷ TL","14,8 tỷ","Đường Trần Huy Liệu, Phường 15, Phú Nhuận, Hồ Chí Minh","72,4 m²",N/A,N/A,3 tầng,Sổ đỏ/ Sổ hồng,17/11/2025
"Sang đẹp! Nhà 4 tầng HXH Hoàng Văn Thụ, P8, PN |4x18,4m - CN: 72m2 vuông vức| Giá chỉ 21,9 tỷ TL","21,9 tỷ","Đường Hoàng Văn Thụ, Phường 8, Phú Nhuận, Hồ Chí Minh",72 m²,N/A,N/A,4 tầng,Sổ đỏ/ Sổ hồng.,14/11/2025
"Bán nhà mặt phố 33m2, 6,5 tỷ, Phan Tây Hồ, P. 7, Q. Phú Nhuận, HCM giá siêu hời","6,5 tỷ","Đường Phan Tây Hồ, Phường 7, Phú Nhuận, Hồ Chí Minh",33 m²,3 phòng,4 phòng,4 tầng,Sổ đỏ/ Sổ hồng,31/10/2025
Dòng tiền 100tr/tháng - hẻm 8m - 98m2 đất - giá bèo 17.5 tỷ,"17,5 tỷ","Đường Nguyễn Kiệm, Phường 3, Phú Nhuận, Hồ Chí Minh",98 m²,8 phòng,8 phòng,5 tầng,Sổ đỏ/ Sổ hồng.,25/11/2025
"Vip! Căn góc 2MT! 42m2 Nguyễn Thượng Hiền, ngang 4m, hợp ở/làm Vp Cty. Đang cho thuê 20 tr/th","9,25 tỷ","Đường Nguyễn Thượng Hiền, Phường 5, Phú Nhuận, Hồ Chí Minh",42 m²,4 phòng,4 phòng,4 tầng,Sổ đỏ/ Sổ hồng,25/11/2025
Bán nhà đẹp Nguyễn Trọng Tuyển P15 Phú Nhuận 58m2 (3.8x15m) nở hậu 4 tầng - giá 10.4tỷ (TL),"10,4 tỷ","Đường Nguyễn Trọng Tuyển, Phường 15, Phú Nhuận, Hồ Chí Minh",58 m²,4 phòng,5 phòng,4 tầng,Sổ đỏ/ Sổ hồng.,27/11/2025
"Bán nhà hẻm xe hơi đường Thích Quảng Đức, diện tích 51m2, trệt lửng 2lầu, gần Copmart, SHR",Thỏa thuận,"Đường Thích Quảng Đức, Phường 4, Phú Nhuận, Hồ Chí Minh",51 m²,4 phòng,4 phòng,3 tầng,Sổ đỏ/ Sổ hồng,27/11/2025
"Siêu vị trí, HXH quay đầu Nguyễn Văn Trỗi - Nguyễn Trọng Tuyển, PN 4 x 20m - 5 tầng - chỉ 15,9 tỷ","15,9 tỷ","Đường Nguyễn Trọng Tuyển, Phường 8, Phú Nhuận, Hồ Chí Minh","70,3 m²",5 phòng,6 phòng,5 tầng,Sổ đỏ/ Sổ hồng,26/11/2025
"Bán nhà hẻm ô tô Phan Xích Long Phú Nhuận 73m2 5 tầng, 8pn, 8wc chỉ 11,6 tỷ.TL","11,6 tỷ","Đường Phan Xích Long, Phường 7, Phú Nhuận, Hồ Chí Minh",73 m²,8 phòng,8 phòng,5 tầng,Sổ đỏ/ Sổ hồng,26/11/2025
"Gấp giảm 200tr - sát Phan Xích Long - Nhà đẹp 4tầng (3.3 x 12.5) nở 4.2m, hẻm 4m - chỉ 7,35 tỷ","7,35 tỷ","Đường Phan Tây Hồ, Phường 7, Phú Nhuận, Hồ Chí Minh",34 m²,5 phòng,5 phòng,4 tầng,Sổ đỏ/ Sổ hồng.,26/11/2025
"8 CHDV Luxury - hẻm ô tô dòng tiền 100tr/th - Phan Xích Long 4 tầng - 66m2 (5.2mx13m) 13,686 tỷ","13,69 tỷ","Đường Phan Xích Long, Phường 3, Phú Nhuận, Hồ Chí Minh",66 m²,8 phòng,9 phòng,4 tầng,Sổ đỏ.,26/11/2025
"3.8 tỷ ở ngay nhà Phan Đăng Lưu, Phường 7, Phú Nhuận, 30m2, 30m ra mặt tiền","3,8 tỷ","Đường  Phan Đăng Lưu, Phường 7, Phú Nhuận, Hồ Chí Minh",30 m²,2 phòng,N/A,2 tầng,Sổ đỏ/ Sổ hồng.,14/11/2025
"Đào Duy Anh - Hồ Văn Huê - Phú Nhuận - 86m2 - ngang 4m x dài 22m - 4 tầng - 15,5 tỷ","15,5 tỷ","Đường Hồ Văn Huê, Phường 9, Phú Nhuận, Hồ Chí Minh",86 m²,4 phòng,4 phòng,4 tầng,Sổ đỏ/ Sổ hồng.,26/11/2025
"Bán nhà Nguyễn Trọng Tuyển, Phường 15, Phú Nhuận 5 tầng, đang khai thác CHDV, hẻm xe hơi Giá 12 tỷ",12 tỷ,"Đường Nguyễn Trọng Tuyển, Phường 15, Phú Nhuận, Hồ Chí Minh","61,6 m²",N/A,N/A,5 tầng,N/A,27/11/2025
"Chỉ nhỉnh 6 tỷ sở hữu Nhà Ngay Nguyễn Văn Trỗi, Phú Nhuận Ngang 5m 4 tầng","6,6 tỷ","Duy Tân, 15, Phú Nhuận, Hồ Chí Minh",28 m²,4 phòng,4 phòng,4 tầng,N/A,27/11/2025
Bán nhà đường Duy Tân - Huỳnh Văn Bánh - Q. Phú Nhuận - 31m2 (3x11) - 2 tầng - 2PN - 5.15 tỷ,"5,15 tỷ","Đường Duy Tân, Phường 15, Phú Nhuận, Hồ Chí Minh",31 m²,2 phòng,2 phòng,2 tầng,Sổ đỏ/ Sổ hồng,26/11/2025
"Nhà Trung Tâm Phú Nhuận hẻm thông, 2PN, 2WC giá mềm 5.15 tỷ","5,15 tỷ","Đường Duy Tân, Phường 15, Phú Nhuận, Hồ Chí Minh",31 m²,2 phòng,2 phòng,2 tầng,Sổ đỏ/ Sổ hồng,27/11/2025
"Bán Gấp Nhà Nguyễn Trọng Tuyển - hẻm xe hơi thông ngang 4,3m sổ A4 - kinh doanh tốt chỉ 10. X tỷ","10,4 tỷ","Đường Nguyễn Trọng Tuyển, Phường 10, Phú Nhuận, Hồ Chí Minh","38,7 m²",2 phòng,2 phòng,2 tầng,Sổ đỏ/ Sổ hồng,27/11/2025
Mua 1 được 3 (3 căn) - 2 tầng - 77m2 - ngang lớn 6m - trước nhà rộng 5m - hẻm thông - sổ nở hậu,"12,29 tỷ","Đường Đặng Văn Ngữ, Phường 10, Phú Nhuận, Hồ Chí Minh",77 m²,3 phòng,3 phòng,2 tầng,Sổ đỏ/ Sổ hồng.,26/11/2025
Bán nhà Phú Nhuận hẻm xe hơi 8m thông khu VIP Phan Xích Long - Cô Giang 4 phòng,"9,79 tỷ","Đường Phan Xích Long, Phường 7, Phú Nhuận, Hồ Chí Minh",73 m²,N/A,N/A,2 tầng,N/A,27/11/2025
"Bán gấp nhà CHDV - dòng tiền rất cao, 6 tầng, gồm 8 phòng full nội thất, thang máy xịn sò",20 tỷ,"Đường Phan Tây Hồ, Phường 7, Phú Nhuận, Hồ Chí Minh",69 m²,8 phòng,8 phòng,6 tầng,Sổ đỏ/ Sổ hồng,27/11/2025
Phú Nhuận sát MT hẻm xe hơi Nguyễn Văn Trỗi - Nguyễn Đình Chính liền kề Q3,"9,79 tỷ","Đường Nguyễn Văn Trỗi, Phường 15, Phú Nhuận, Hồ Chí Minh",60 m²,5 phòng,N/A,4 tầng,N/A,27/11/2025
Bán nhà khu VIP Phan Xích Long hẻm xe hơi thông Thích Quảng Đức 4 Tầng BTCT,"9,9 tỷ","Đường Thích Quảng Đức, Phường 5, Phú Nhuận, Hồ Chí Minh",53 m²,4 phòng,N/A,4 tầng,N/A,27/11/2025
"Bán nhà Huỳnh Văn Bánh Phú Nhuận - 4 tầng 7PN 4,5x14m - thu nhập 300tr/năm - giá 9,1 tỷ","9,1 tỷ","Đường Huỳnh Văn Bánh, Phường 13, Phú Nhuận, Hồ Chí Minh","48,6 m²",7 phòng,6 phòng,4 tầng,Sổ đỏ/ Sổ hồng,26/11/2025
"Nhà đẹp 3 tầng full nội thất hẻm xe hơi Thích Quảng Đức, Phú Nhuận","6,15 tỷ","Hẻm 86, Đường Thích Quảng Đức, Phường 5, Phú Nhuận, Hồ Chí Minh",27 m²,4 phòng,3 phòng,3 tầng,Sổ đỏ/ Sổ hồng,25/11/2025
"Huỳnh Văn Bánh - 3 tầng mới 100% - gần bờ kè Trường Sa - full nội thất - chỉ 6,8 tỷ","6,8 tỷ","Đường Huỳnh Văn Bánh, Phường 13, Phú Nhuận, Hồ Chí Minh",33 m²,3 phòng,3 phòng,3 tầng,Sổ đỏ/ Sổ hồng,26/11/2025
"Phú Nhuận P7 - Đường nhựa 10m khu VIP Phan Xích Long 5 Tầng BTCT, Gần Quận 1, Sân Bay","8,5 tỷ","Đường Phan Xích Long, Phường 7, Phú Nhuận, Hồ Chí Minh",36 m²,N/A,N/A,5 tầng,N/A,27/11/2025
Nhà đẹp full nội thất cao cấp - 2 tầng 3 PN 3 WC - Trung Tâm quận Phú Nhuận - chỉ hơn 6 tỷ,"6,85 tỷ","Đường Huỳnh Văn Bánh, Phường 13, Phú Nhuận, Hồ Chí Minh","32,3 m²",3 phòng,3 phòng,4 tầng,Sổ hồng,27/11/2025
"Chỉ còn sót 1 căn duy nhất giá rẻ tại Trường Sa, Phú Nhuận. DT: 45m2 (4,52x9,9m)",Thỏa thuận,"Đường Trường Sa, Phường 13, Phú Nhuận, Hồ Chí Minh",45 m²,2 phòng,2 phòng,2 tầng,Sổ hồng riêng.,24/11/2025
"Chủ bán GẤP nhà Phú Nhuận, 42m2 HXH, LH ngay để đi xem nhà",Thỏa thuận,"Đường Lam Sơn, Phường 5, Phú Nhuận, Hồ Chí Minh",42 m²,3 phòng,3 phòng,3 tầng,Sổ hồng riêng,27/11/2025
"Giá sốc! Nhà đẹp 4 tầng Huỳnh Văn Bánh, P14, Phú Nhuận |4 x 19m - CN 77m2 vuông vức| chỉ 11,7 tỷ TL","11,7 tỷ","Đường Huỳnh Văn Bánh, Phường 14, Phú Nhuận, Hồ Chí Minh",77 m²,N/A,N/A,4 tầng,Sổ đỏ/ Sổ hồng.,25/11/2025
"Siêu phẩm, hẻm 2 xe tải Hồ Văn Huê, P.9 Q. Phú Nhuận, DT 5x16m trệt 3 lầu giá 17 tỷ TL",17 tỷ,"Đường Hồ Văn Huê, Phường 9, Phú Nhuận, Hồ Chí Minh",80 m²,N/A,N/A,4 tầng,N/A,27/11/2025
Chủ ngộp bank - 48.8m2 4 tầng - 6.6 tỷ - 135.2 tr/m2,"6,6 tỷ","Đường Trần Kế Xương, Phường 7, Phú Nhuận, Hồ Chí Minh","48,8 m²",4 phòng,6 phòng,4 tầng,Sổ đỏ.,21/11/2025
KHU VIP PHAN XÍCH LONG 24M2 (3.6X8) NT ĐẸP - CHỈ 4.1 TỶ,"4,1 tỷ","Đường Phan Xích Long, Phường 7, Phú Nhuận, Hồ Chí Minh",24 m²,2 phòng,2 phòng,2 tầng,Sổ đỏ/ Sổ hồng,21/11/2025
Siêu Phẩm 3 tầng - sát Quận 1 - Hẻm xe hơi Trần Kế Xương - 3 Phòng ngủ - Giá chỉ 5.6 tỷ,"5,6 tỷ","Đường Trần Kế Xương, Phường 7, Phú Nhuận, Hồ Chí Minh",41 m²,3 phòng,3 phòng,3 tầng,Sổ đỏ/ Sổ hồng,26/11/2025
Siêu phẩm 3 tầng - sát Quận 1 - Hẻm xe hơi Phan Đăng Lưu - 3 phòng ngủ - giá chỉ 5.6 tỷ,"5,6 tỷ","Đường  Phan Đăng Lưu, Phường 7, Phú Nhuận, Hồ Chí Minh",40 m²,3 phòng,3 phòng,3 tầng,Sổ đỏ/ Sổ hồng,26/11/2025
Thu nhập 130tr/tháng hầm 7 tầng đường Lê Văn Sỹ Phú Nhuận giá 39 tỷ,39 tỷ,"Đường Lê Văn Sỹ, Phường 10, Phú Nhuận, Hồ Chí Minh",144 m²,18 phòng,20 phòng,8 tầng,Sổ đỏ/ Sổ hồng,27/11/2025
"66m2, bán nhà 2 tầng, 3pn, hxh, Thích Quảng Đức, P5 Phú Nhuận, 8 tỷ nhỉnh TL","8,7 tỷ","Đường Thích Quảng Đức, Phường 5, Phú Nhuận, Hồ Chí Minh",66 m²,3 phòng,3 phòng,2 tầng,Sổ đỏ/ Sổ hồng,25/11/2025
HẺM XE HƠI 6m- NHÀ MỚI ĐẸP-HIẾM-Trần Hữu Trang-Phú Nhuận-4m x 15m-3 Tầng-Chỉ 10 tỷ-0902 605 ***NHƯ,10 tỷ,"Đường Trần Hữu Trang, Phường 11, Phú Nhuận, Hồ Chí Minh",50 m²,N/A,N/A,3 tầng,Sổ đỏ/ Sổ hồng,24/11/2025
"NGAY ĐƯỜNG HOA SỨ PHAN XÍCH LONG, CẠNH CHUNG CƯ NHIÊU TỨ - 4 TẦNG MỚI ĐẸP VÀO Ở NGAY","7,5 tỷ","Đường Hoa Sứ, Phường 7, Phú Nhuận, Hồ Chí Minh",39 m²,4 phòng,4 phòng,4 tầng,Sổ đỏ/ Sổ hồng,22/11/2025
Quận Phú Nhuận - Lê Văn Sỹ - HXH tận nhà - 4 tầng - 6PN master - 79.8m2 - 12.9 tỷ,"12,9 tỷ","Đường Lê Văn Sỹ, Phường 11, Phú Nhuận, Hồ Chí Minh","79,8 m²",6 phòng,6 phòng,4 tầng,Sổ đỏ/ Sổ hồng.,27/11/2025
HẺM Ô TÔ THÔNG THÍCH QUẢNG ĐỨC _ NHÀ ĐẸP Ở NGAY,"9,99 tỷ","Đường Thích Quảng Đức, Phường 4, Phú Nhuận, Hồ Chí Minh",53 m²,4 phòng,3 phòng,4 tầng,N/A,19/11/2025
"Phan Đăng Lưu - Khu vip phân lô - ôtô đỗ cửa - 5 tầng - Ngay ngã tư Phú Nhuận - chỉ 8,8 tỷ","8,8 tỷ","Đường  Phan Đăng Lưu, Phường 3, Phú Nhuận, Hồ Chí Minh",43 m²,4 phòng,4 phòng,5 tầng,Sổ đỏ/ Sổ hồng.,22/11/2025
"Bán gấp nhà hẻm ô tô 7m đường Lê Văn Sỹ, Phú Nhuận - DTCN 101m2 (5 x 20m) - Nhà cũ tiện xây mới",14 tỷ,"Đường Lê Văn Sỹ, Phường 10, Phú Nhuận, Hồ Chí Minh",101 m²,4 phòng,2 phòng,2 tầng,Sổ đỏ/ Sổ hồng,20/11/2025
"Hàng hiếm nhà đường Phan Đăng Lưu, Q. Phú Nhuận, 3.8 tỷ, 2 tầng, sổ hồng trao tay ở ngay","3,8 tỷ","Đường  Phan Đăng Lưu, Phường 7, Phú Nhuận, Hồ Chí Minh",30 m²,2 phòng,1 phòng,2 tầng,Sổ hồng.,26/11/2025
"Bán nhà Phú Nhuận hẻm xe tải 120m2, 2 tầng ngang 10m, KD đỉnh Hoàng Văn Thụ ngợp bank 8.8 tỷ","8,8 tỷ","Đường Hoàng Văn Thụ, Phường 8, Phú Nhuận, Hồ Chí Minh",120 m²,3 phòng,2 phòng,2 tầng,N/A,27/11/2025
"Gấp bán! Cách MT 1 căn, DT 4x20m - 77m2 (vuông vức), 3 tầng kiên cố Huỳnh Văn Bánh, PN chỉ 11,8 tỷ","11,8 tỷ","Đường Huỳnh Văn Bánh, Phường 14, Phú Nhuận, Hồ Chí Minh",77 m²,4 phòng,5 phòng,3 tầng,Sổ đỏ/ Sổ hồng.,20/11/2025
"Nhà mới! Ô tô ngủ trong nhà, HXH 6m Hoàng Văn Thụ, PN. DT 4x19m - 72m2, 4 tầng + TM chỉ 21 tỷ TL",21 tỷ,"Đường Hoàng Văn Thụ, Phường 8, Phú Nhuận, Hồ Chí Minh",72 m²,6 phòng,8 phòng,4 tầng,Sổ đỏ/ Sổ hồng.,20/11/2025
Bán nhà HXH Hoàng Hoa Thám Phú Nhuận - 3 tầng 67m2 - giá 9 tỷ,9 tỷ,"Đường Hoàng Hoa Thám, Phường 5, Phú Nhuận, Hồ Chí Minh",67 m²,4 phòng,4 phòng,3 tầng,Sổ đỏ/ Sổ hồng,25/11/2025
"HXH Hoàng Hoa Thám 51.2m2 4 tầng gara oto, chỉ 8.8 tỷ nhà mới 4PN có sân thượng","8,8 tỷ","Đường Hoàng Hoa Thám, Phường 5, Phú Nhuận, Hồ Chí Minh","51,2 m²",4 phòng,6 phòng,4 tầng,Sổ đỏ/ Sổ hồng.,25/11/2025
"Tin thật! Giảm 1 tỷ nhà HXH Nguyễn Công Hoan, P7 PN - DT: 59.1m2 (3,3x16m) giá chỉ còn 9,9 tỷ BL","9,9 tỷ","Đường Nguyễn Công Hoan, Phường 7, Phú Nhuận, Hồ Chí Minh","59,1 m²",3 phòng,3 phòng,3 tầng,Sổ đỏ/ Sổ hồng,27/11/2025
"Siêu phẩm Phú Nhuận! Nhà Mới kiến trúc hiện đại đường Duy Tân, 5PN giá chỉ 6,6 tỷ","6,6 tỷ","Đường Duy Tân, Phường 15, Phú Nhuận, Hồ Chí Minh",28 m²,5 phòng,3 phòng,4 tầng,Sổ đỏ/ Sổ hồng,25/11/2025
Bán nhà cấp 4 HXH Hoàng Hoa Thám Phú Nhuận 48 m2 nở hậu giá 6 tỷ 8 TL,"6,8 tỷ","Đường Hoàng Hoa Thám, Phường 5, Phú Nhuận, Hồ Chí Minh","48,4 m²",N/A,N/A,N/A,Sổ đỏ/ Sổ hồng,27/11/2025
"Bán nhà HXH thông, 4 tầng, Thích Quảng Đức, Phú Nhuận, 4PN, 9,9tỷ(TL)","9,9 tỷ","Đường Thích Quảng Đức, Phường 4, Phú Nhuận, Hồ Chí Minh",53 m²,4 phòng,N/A,4 tầng,Sổ đỏ/ Sổ hồng,27/11/2025
"LÊN SÓNG NHÀ MỚI - 3 TẦNG.  Bán nhà : Huỳnh  Văn Bánh, Phường 13. Q Phú Nhuận","6,85 tỷ","Đường Huỳnh Văn Bánh, Phường 13, Phú Nhuận, Hồ Chí Minh",40 m²,N/A,N/A,3 tầng,N/A,26/11/2025
"Tòa nhà văn phòng - HXH sát mặt tiền Phan Đăng Lưu, PN - 4,2 x 20m - 4 tầng chỉ 17 tỷ còn 14,8 tỷ","14,8 tỷ","Đường  Phan Đăng Lưu, Phường 7, Phú Nhuận, Hồ Chí Minh","74,3 m²",5 phòng,5 phòng,4 tầng,Sổ đỏ/ Sổ hồng.,24/11/2025
Nhà Thích Quảng Đức Phường 4 Phú Nhuận  HXH  1 Trệt 4 Lầu  Chỉ 4.9 Tỷ. Liên hệ:0908 120 ***,"4,9 tỷ","Đường Phan Xích Long, Phường 4, Phú Nhuận, Hồ Chí Minh",18 m²,N/A,N/A,5 tầng,N/A,26/11/2025
"Bán nhà đường Phan Tây Hồ, P. Cầu Kiệu, Q. Phú Nhuận KC: 4 tầng, 5 ngủ DTXD 133m2 nhà mới ở ngay","7,58 tỷ","Đường Phan Tây Hồ, Phường 7, Phú Nhuận, Hồ Chí Minh",34 m²,5 phòng,N/A,4 tầng,Sổ đỏ/ Sổ hồng.,26/11/2025
"Khu Hiếm Nhà Bán, Nhiêu Tứ, Gần Phan Xích Long, Ngang lớn 6.1 m ,Giá Chỉ 7.5 Tỷ","7,5 tỷ","Đường Nhiêu Tứ, Phường 7, Phú Nhuận, Hồ Chí Minh",37 m²,5 phòng,4 phòng,4 tầng,Sổ đỏ/ Sổ hồng,26/11/2025
"67m2! Bán nhà 3 tầng HXH Hoàng Hoa Thám, P5. Phan Đăng Lưu, Phan Xích Long, BV Gia Định, Hoàn Mỹ.","9,5 tỷ","Đường Hoàng Hoa Thám, Phường 5, Phú Nhuận, Hồ Chí Minh",67 m²,3 phòng,4 phòng,3 tầng,Sổ đỏ/ Sổ hồng,26/11/2025
Siêu Phẩm 3 tầng - sát Quận 1 - DTSD 90m2 - Hẻm xe hơi Cô Giang - Giá chỉ 6.9 tỷ,"6,9 tỷ","Đường Cô Giang, Phường 2, Phú Nhuận, Hồ Chí Minh",48 m²,3 phòng,N/A,2 tầng,Sổ đỏ/ Sổ hồng,26/11/2025
"80M2- HẺM XE HƠI NGỦ NHÀ PHAN ĐĂNG LƯU PHÚ NHUẬN - 5 TẦNG CỰC ĐẸP GẤP BÁN GIẢM SÂU 2 TỶ CHỈ 15,5 TỶ","15,5 tỷ","Đường  Phan Đăng Lưu, Phường 7, Phú Nhuận, Hồ Chí Minh",78 m²,4 phòng,4 phòng,5 tầng,Sổ đỏ/ Sổ hồng,26/11/2025
Chủ mới giảm mạnh 1tỷ! Ngay khu nhà giàu đường Trần Huy Liệu ôtô thông-4*18- 3 tầng- 4PN Nhỉnh 15tỷ,"15,4 tỷ","Đường Trần Huy Liệu, Phường 15, Phú Nhuận, Hồ Chí Minh",70 m²,4 phòng,N/A,3 tầng,Sổ đỏ/ Sổ hồng,26/11/2025
Siêu Phẩm 5 Lầu - sát Quận 1 - 5 phòng ngủ - Phan Tây Hồ - full nội thất vào ở ngay - nhỉnh 7 tỷ,"7,35 tỷ","Đường Phan Tây Hồ, Phường 7, Phú Nhuận, Hồ Chí Minh",40 m²,5 phòng,4 phòng,5 tầng,Sổ đỏ/ Sổ hồng,26/11/2025
"Giá rẻ! Huỳnh văn bánh P 13, Q. PHÚ NHUẬN -DT:3,2 x 6-18 m2- 3 Tầng - Giá giảm chỉ 4,8 tỷ Bớt Lộc !","4,8 tỷ","Đường Huỳnh Văn Bánh, Phường 13, Phú Nhuận, Hồ Chí Minh",18 m²,2 phòng,2 phòng,3 tầng,Sổ đỏ/ Sổ hồng,26/11/2025
"113m2! Bán nhà 3 tầng trục Nguyễn Văn Trỗi - Mai Văn Ngọc, P10. Ngay Huỳnh Văn Bánh, Lê Văn Sỹ, Q1",15 tỷ,"Đường Nguyễn Văn Trỗi, Phường 10, Phú Nhuận, Hồ Chí Minh",113 m²,4 phòng,4 phòng,3 tầng,Sổ đỏ/ Sổ hồng,26/11/2025
"60m2 - Ngay Đào Duy Anh, Phú Nhuận - đang cho thuê 19 triệu - hẻm 6m - sổ hồng riêng",Thỏa thuận,"Đường Đào Duy Anh, Phường 9, Phú Nhuận, Hồ Chí Minh",60 m²,4 phòng,5 phòng,5 tầng,Sổ hồng riêng,23/11/2025
"Bán nhà 59.2m2 gần CV Gia Định - Đ. Nguyễn Kiệm, Phú Nhuận. Chỉ 1 căn duy nhất",Thỏa thuận,"Đường Nguyễn Kiệm, Phường 9, Phú Nhuận, Hồ Chí Minh","59,2 m²",3 phòng,3 phòng,3 tầng,Sổ hồng riêng,16/11/2025
"Bán Nhà Đường Thích Quảng Đức, Phú Nhuận, DT 3.8 x 14m, 4 Tầng, Giá 7.5 Tỷ","7,5 tỷ","Đường Thích Quảng Đức, Phường 4, Phú Nhuận, Hồ Chí Minh",46 m²,5 phòng,4 phòng,4 tầng,N/A,26/11/2025
"Chính chủ bán nhà hẻm 8m Quận Phú Nhuận, xe hơi đậu ngay cửa nhà không bao giờ ngập nước mùa mưa","3,65 tỷ","19/25 Đường Lam Sơn, Phường 5, Phú Nhuận, Hồ Chí Minh","18,9 m²",1 phòng,1 phòng,1 tầng,Sổ đỏ/ Sổ hồng,09/11/2025
"Chủ mất khả năng thanh toán NH cần bán nhanh. Nhà 3 tấm góc hai mặt tiền, giá 5,95tỷ còn bớt lộc lá","5,95 tỷ","Đường Thích Quảng Đức, Phường 4, Phú Nhuận, Hồ Chí Minh",29 m²,2 phòng,3 phòng,3 tầng,Sổ đỏ/ Sổ hồng,20/11/2025
Bán nhà đẹp Phú Nhuận Thích Quảng Đức 70m - 4.6x15 - 4 tầng BTCT - Sát HXH - Nhỉnh 9 tỷ,"9,3 tỷ","Đường Thích Quảng Đức, Phường 5, Phú Nhuận, Hồ Chí Minh",70 m²,5 phòng,4 phòng,4 tầng,Sổ đỏ/ Sổ hồng,13/11/2025
"2TỶ350 1 Căn duy nhất đường Trần Cao Vân, Phú Nhuận nhỉnh 2 đồng - hẻm xe hơi - Nhà xây mới","2,35 tỷ","Đường Trần Cao Vân, Phường 12, Phú Nhuận, Hồ Chí Minh","53,5 m²",4 phòng,5 phòng,3 tầng,Sổ đỏ/ Sổ hồng,07/11/2025
"Chính chủ cần bán gấp nhà đẹp Đoàn Thị Điểm, Phú Nhuận 26m², full nội thất, giá cực tốt 4.35 tỷ","4,35 tỷ","Đường Đoàn Thị Điểm, Phường 2, Phú Nhuận, Hồ Chí Minh",26 m²,1 phòng,2 phòng,2 tầng,Sổ đỏ/ Sổ hồng.,17/11/2025
"Nhà C4, Phú Nhuận, hẻm ba gác, đường Chiến Thắng, 63m2 chỉ 6.1 tỷ","6,1 tỷ","Đường Chiến Thắng, Phường 7, Phú Nhuận, Hồ Chí Minh",63 m²,2 phòng,2 phòng,1 tầng,Sổ đỏ/ Sổ hồng,26/11/2025
"Chỉ Với 3,8 tỷ đã sở hữu nhà ngay trung tâm Q. Phú Nhuận, nhà 2 tầng mới đẹp, khu an ninh sạch đẹp","3,8 tỷ","Đường  Phan Đăng Lưu, Phường 7, Phú Nhuận, Hồ Chí Minh",30 m²,2 phòng,1 phòng,2 tầng,Sổ đỏ.,24/11/2025
Gấp bán! Giảm sock 1tỷ! Nhà 5 tầng BTCT có phòng dưới trệt cách MT 3 căn - hoàn công đủ Lê Văn Sỹ,"8,98 tỷ","Đường Lê Văn Sỹ, Phường 11, Phú Nhuận, Hồ Chí Minh","54,2 m²",6 phòng,5 phòng,5 tầng,Sổ đỏ/ Sổ hồng.,25/11/2025
"Chủ bán gấp nhà giá tốt đầu tư, hẻm 1/ Huỳnh Văn Bánh, Phú Nhuận, 80m2, 3tỷ390tr, sẵn HĐT 25tr/th",Thỏa thuận,"Đường Huỳnh Văn Bánh, Phường 12, Phú Nhuận, Hồ Chí Minh",80 m²,4 phòng,6 phòng,4 tầng,Sổ hồng riêng,22/11/2025
Siêu Phẩm Đầu Tư Hiếm. Hẻm Xe Hơi Phú Nhuận. DT 72m2 5 Tầng Vuông Vức,"11,6 tỷ","Đường Phùng Văn Cung, Phường 7, Phú Nhuận, Hồ Chí Minh",72 m²,8 phòng,8 phòng,5 tầng,Sổ đỏ/ Sổ hồng,25/11/2025
"KHU SANG! HXH 6m Đặng Văn Ngữ, PN. DT 3x16m - 50m2 (vuông vức), 3 tầng chỉ 8,8 tỷ TL sở hữu ngay","8,8 tỷ","Đường Đặng Văn Ngữ, Phường 13, Phú Nhuận, Hồ Chí Minh","49,3 m²",N/A,N/A,3 tầng,Sổ đỏ/ Sổ hồng,26/11/2025
"Khu Hiếm Nhà Bán, Nhiêu Tứ, Gần Phan Xích Long, Ngang lớn 6.1 m ,Giá Chỉ 7.5 Tỷ","7,5 tỷ","Đường Nhiêu Tứ, Phường 7, Phú Nhuận, Hồ Chí Minh",37 m²,5 phòng,4 phòng,4 tầng,Sổ đỏ/ Sổ hồng,26/11/2025
Tòa nhà 9x12m. 5 tầng 16 phòng có thang máy. Đường nhựa 7m sát mặt tiền Hoàng Văn Thụ - 23 tỷ TL,23 tỷ,"Đường Hoàng Văn Thụ, Phường 8, Phú Nhuận, Hồ Chí Minh",123 m²,16 phòng,16 phòng,5 tầng,Sổ đỏ/ Sổ hồng(SDC),19/11/2025
"HẺM XE HƠI-NHÀ MỚI VÀO Ở NGAY-Hoàng Văn Thụ P8 -4 Tầng (4,7m X 10m) - tặng nội thất - 10 tỷ",10 tỷ,"Đường Hoàng Văn Thụ, Phường 8, Phú Nhuận, Hồ Chí Minh",47 m²,N/A,N/A,4 tầng,Sổ đỏ/ Sổ hồng,26/11/2025
"NHÀ ĐẸP ĐÓN TẾT! Nhà mới 3 tầng full nội thất, DT 3.7x10m - 36m2 Hẻm Huỳnh Văn Bánh, PN chỉ 6,85 tỷ","6,85 tỷ","Đường Huỳnh Văn Bánh, Phường 13, Phú Nhuận, Hồ Chí Minh","35,6 m²",N/A,N/A,3 tầng,Sổ đỏ/ Sổ hồng,26/11/2025
"Bán nhà đẹp Phan Đăng Lưu, Phú Nhuận - 4 tầng, hẻm xe hơi tránh, gần Phan Xích Long - giá chỉ 17 tỷ",17 tỷ,"Đường  Phan Đăng Lưu, Phường 7, Phú Nhuận, Hồ Chí Minh",75 m²,4 phòng,4 phòng,4 tầng,Sổ đỏ/ Sổ hồng.,19/11/2025
"NHÀ PHÚ NHUẬN 6 tỷ KIẾN TRÚC HIỆN ĐẠI VÀO Ở NGAY 5 PHÒNG NGỦ GIÁ CHỈ 6,6 TỶ. LH Ms Tâm0932 723 ***","6,2 tỷ","Đường Duy Tân, Phường 15, Phú Nhuận, Hồ Chí Minh",28 m²,5 phòng,4 phòng,3 tầng,Sổ đỏ/ Sổ hồng,26/11/2025
NGUYỄN TRỌNG TUYỂN - PHÚ NHUẬN DIỆN TÍCH 51M2,"9,9 tỷ","Đường Nguyễn Trọng Tuyển, Phường 8, Phú Nhuận, Hồ Chí Minh",51 m²,N/A,N/A,2 tầng,N/A,26/11/2025
"Chủ kẹt tiền nên bán gấp nhà Cô Giang, Phú Nhuận, 42m2",Thỏa thuận,"Đường Cô Giang, Phường 2, Phú Nhuận, Hồ Chí Minh",42 m²,2 phòng,2 phòng,2 tầng,Sổ đỏ/ Sổ hồng,18/11/2025
"TÔI CẦN BÁN GẤP nhà Phan Đăng Lưu, PN - DT 7x33m - C4 - CTXD hầm 7 tầng - Giá 35 Tỷ",35 tỷ,"Đường  Phan Đăng Lưu, Phường 5, Phú Nhuận, Hồ Chí Minh",231 m²,N/A,N/A,7 tầng,Sổ hồng cá nhân.,19/11/2025
"Bán nhà đường Nhiêu Tứ, khu Phan Xích Long, Phú Nhuận, nhà mới, 1 đời chủ, 5 tầng 34 m2 giá 7,3 tỷ","7,3 tỷ","Đường Nhiêu Tứ, Phường 7, Phú Nhuận, Hồ Chí Minh",34 m²,4 phòng,4 phòng,5 tầng,Sổ đỏ/ Sổ hồng,21/11/2025
"""HIẾM"" TRẦN HUY LIỆU (PN) - DT 70M2 - HXH TRÁNH. CHỈ NHỈNH 15 TỶ TL","15,8 tỷ","Đường Trần Huy Liệu, Phường 15, Phú Nhuận, Hồ Chí Minh",70 m²,4 phòng,3 phòng,3 tầng,Sổ đỏ/ Sổ hồng,12/11/2025
"Bán nhà Huỳnh Văn Bánh, gần chợ Phú Nhuận, 2 tầng 43m2, giá tốt đầu tư chỉ 9,7 tỷ.","9,7 tỷ","Đường Huỳnh Văn Bánh, Phường 15, Phú Nhuận, Hồ Chí Minh",43 m²,2 phòng,2 phòng,2 tầng,Sổ đỏ/ Sổ hồng,18/11/2025
"Nhà khu Phan Xích Long, Quận Phú Nhuận, hẻm thông, hẻm xe hơi, nhà mới, 3x13m, giá chỉ 7,9 tỷ","7,9 tỷ","Đường Phan Tây Hồ, Phường 7, Phú Nhuận, Hồ Chí Minh",39 m²,5 phòng,5 phòng,4 tầng,Sổ đỏ/ Sổ hồng,15/11/2025
"Bán nhà Hoàng Hoa Thám, Phú Nhuận, hẻm ô tô, vuông vức, giá tốt, 4x15m chỉ 9,6 tỷ","9,6 tỷ","211, Đường Hoàng Hoa Thám, Phường 5, Phú Nhuận, Hồ Chí Minh",67 m²,4 phòng,3 phòng,3 tầng,Sổ đỏ/ Sổ hồng,15/11/2025
"Nhà dưới 4 tỷ, Phan Đăng Lưu, Quận Phú Nhuận, 2 tầng, 2 mặt hẻm, 30m2 giá chỉ 3,8 tỷ","3,8 tỷ","Đường  Phan Đăng Lưu, Phường 7, Phú Nhuận, Hồ Chí Minh",30 m²,2 phòng,1 phòng,2 tầng,Sổ đỏ/ Sổ hồng,19/11/2025
Hàng ngộp - Bán nhà Đoàn Thị Điểm PN - DT : 3.6 x 16 . 4 tầng . Nhà đẹp Giá tốt,12 tỷ,"Đường Đoàn Thị Điểm, Phường 1, Phú Nhuận, Hồ Chí Minh",60 m²,N/A,N/A,4 tầng,N/A,18/11/2025
"1 Căn Duy Nhất - Phan Đăng Lưu, Phú Nhuận - Hẻm nhựa đồng bộ xe hơi tránh - xe hơi ngủ trong nhà","14,5 tỷ","Đường  Phan Đăng Lưu, Phường 9, Phú Nhuận, Hồ Chí Minh",44 m²,4 phòng,5 phòng,5 tầng,Sổ đỏ/ Sổ hồng,26/11/2025
HDT: 420 triệu/năm. Bán gấp nhà Phan Đình Phùng PN. DT: 4 x 22m. KC 5 lầu. Nhà mới đẹp,17 tỷ,"Đường Phan Đình Phùng, Phường 15, Phú Nhuận, Hồ Chí Minh",80 m²,N/A,N/A,5 tầng,N/A,18/11/2025
"Tôi cần bán nhà 85m2 Cô Bắc, P1, Phú Nhuận - Gần Ngã 4 Phú Nhuận, bệnh viện Hoàn Mỹ",Thỏa thuận,"Đường Cô Bắc, Phường 1, Phú Nhuận, Hồ Chí Minh",85 m²,3 phòng,3 phòng,2 tầng,Sổ đỏ/ Sổ hồng,26/11/2025
"Căn duy nhất - Khu Đường Hoa| HXH 8m Phan Xích Long, P. 07, PN | 4,2x13m - 4 Tầng| Giá Chỉ 16,5 tỷ","16,5 tỷ","Đường Phan Xích Long, Phường 7, Phú Nhuận, Hồ Chí Minh",54 m²,4 phòng,4 phòng,4 tầng,Sổ đỏ/ Sổ hồng,26/11/2025
"Bán nhà 3 tầng 38m2 Duy Tân, P15, Phú Nhuận khu Huỳnh Văn Bánh - Nguyễn Văn Trỗi","5,3 tỷ","Đường Duy Tân, Phường 15, Phú Nhuận, Hồ Chí Minh",38 m²,3 phòng,2 phòng,3 tầng,Sổ đỏ/ Sổ hồng,13/11/2025
"Chủ cần bán nhà Nguyễn Văn Trỗi, P10, Phú Nhuận, gần công viên Hoàng Văn Thụ, giá 3tỷ7, DT 71,4m2",Thỏa thuận,"Đường Nguyễn Văn Trỗi, Phường 10, Phú Nhuận, Hồ Chí Minh","71,4 m²",5 phòng,5 phòng,4 tầng,Sổ đỏ/ Sổ hồng,26/11/2025
Biệt thự mini ngay trung tâm phú nhuận 162 m2 giá 29 tỷ Tl,29 tỷ,"Phường 4, Phú Nhuận, Hồ Chí Minh",162 m²,4 phòng,N/A,5 tầng,Sổ đỏ/ Sổ hồng,12/11/2025
"9,4 TỶ - TÒA NHÀ CHDV - NGAY BỜ KÈ HOÀNG SA - PHÚ NHUẬN - GIÁP QUẬN 1","9,4 tỷ","Đường Phan Đình Phùng, Phường 9, Phú Nhuận, Hồ Chí Minh",44 m²,6 phòng,6 phòng,5 tầng,Sổ đỏ/ Sổ hồng,26/11/2025
Nhà đẹp đường 6.2m Thích Quảng Đức - Phú Nhuận. Đang cho thuê 23tr. Gần THCS Trần Huy Liệu,Thỏa thuận,"Đường Thích Quảng Đức, Phường 5, Phú Nhuận, Hồ Chí Minh","84,8 m²",4 phòng,5 phòng,3 tầng,Sổ đỏ/ Sổ hồng,26/11/2025
"Gấp! Chủ ngộp bank bán lỗ trước tết - nhà mới keng sát MT Âu Cơ, 3 lầu, full NT. Giá 4 tỷ 75","4,75 tỷ","Đường Âu Cơ, Phường 10, Tân Bình, Hồ Chí Minh",35 m²,3 phòng,3 phòng,3 tầng,Sổ đỏ/ Sổ hồng,22/11/2025
"Duy nhất - nhà 3 tầng kiên cố, sẵn dòng tiền 30 triệu/tháng. Giá tốt nhất khu vực. Sẵn sổ sang tên","16,48 tỷ","Đường Trường Chinh, Phường 13, Tân Bình, Hồ Chí Minh","100,6 m²",8 phòng,N/A,4 tầng,Sổ đỏ/sổ hồng,17/11/2025
"Nhà 2 căn gộp, ngang 7,85m, HXH Hoàng Văn Thụ, gần 83.2m2, xe hơi ngủ trong nhà, thang máy, 18 tỷ",18 tỷ,"Đường Hoàng Văn Thụ, Phường 8, Phú Nhuận, Hồ Chí Minh","83,2 m²",N/A,N/A,5 tầng,Sổ đỏ/ Sổ hồng.,24/11/2025
"BÁN NHÀ ĐẸP ĐƯỜNG PHẠM VĂN HAI , PHƯỜNG 2, QUẬN TÂN BÌNH. Dt 42.7m², 4PN 3WC. Đang cho thuê 14tr/th","2,5 tỷ","Đường Phạm Văn Hai, Phường 2, Tân Bình, Hồ Chí Minh","42,7 m²",4 phòng,4 phòng,3 tầng,Sổ đỏ/ Sổ hồng,26/11/2025
HXH CÁCH 1 CĂN - 5 TẦNG BTCT -DT 35M2- CÙ LAO-F2 (cũ) -PHÚ NHUẬN,"6,87 tỷ","Đường Cù Lao, Phường 2, Phú Nhuận, Hồ Chí Minh",35 m²,4 phòng,5 phòng,3 tầng,Sổ đỏ/ Sổ hồng,26/11/2025
"Chính chủ bán nhà đường Nhiêu Tứ, P. 7, Phú Nhuận 4 lầu 82m2/3 tỷ 400 hẻm xe hơi sổ riêng chính chủ","3,4 tỷ","Hẻm 66, Đường Nhiêu Tứ, Phường 7, Phú Nhuận, Hồ Chí Minh",82 m²,4 phòng,4 phòng,4 tầng,Sổ đỏ,26/11/2025
"Nhà mới ngang 6mx11m 4 tầng phường Tân Hòa Q.Tân Bình gần chợ Tân Bình,Thiên Phước Lữ Gia 8,5tỷ TL","8,5 tỷ","Đường  Lý Thường Kiệt, Phường 8, Tân Bình, Hồ Chí Minh",66 m²,4 phòng,4 phòng,4 tầng,Sổ đỏ/ Sổ hồng,25/11/2025
"Cần hoả tốc căn nhà siêu hiếm ngay chợ Phạm Văn Hai, P.5, Tân Bình - 1 trệt 2 lầu + ST, 80m2",Thỏa thuận,"Đường Phạm Văn Hai, Phường 5, Tân Bình, Hồ Chí Minh",80 m²,5 phòng,5 phòng,4 tầng,Sổ đỏ/ Sổ hồng,22/11/2025
"TÂN BÌNH GIÁ 8.9 TỶ MẶT TIỀN ĐƯỜNG TRẦN VĂN HOÀNG .P9.TÂN BÌNH
ĐƯỜNG TRƯỚC NHÀ7M .GẦN CHỢ ÔNG HOÀNG","8,9 tỷ","Đường Trần Văn Hoàng, Phường 9, Tân Bình, Hồ Chí Minh",64 m²,2 phòng,2 phòng,2 tầng,Sổ đỏ/ Sổ hồng,22/11/2025
GIẢM 200TR ..TRƯỚC BÁN 3 TỶ950 GIỜ GIẢM 3 TỶ750 THƯƠNG LƯỢNG,"3,75 tỷ","985/8/20, Đường Lạc Long Quân, Phường 11, Tân Bình, Hồ Chí Minh",21 m²,2 phòng,3 phòng,3 tầng,Sổ đỏ/ Sổ hồng,22/11/2025
Bán siêu phẩm 2MT Âu Cơ Tân Bình khu kinh doanh vải sầm uất đón đầu phân lô chốt nhanh 3 lô 17.9 tỷ,"17,9 tỷ","536/43/34 - 36, Đường Âu Cơ, Phường 10, Tân Bình, Hồ Chí Minh",146 m²,N/A,N/A,N/A,Có sổ,18/11/2025
"Bán gấp nhà góc 2MT 4 tầng Bàu Cát nhà mới, giá sốc 6.8 tỷ, kinh doanh nhỏ tuyệt vời","6,8 tỷ","Đường Đồng Đen, Phường 14, Tân Bình, Hồ Chí Minh","38,4 m²",4 phòng,3 phòng,4 tầng,N/A,21/11/2025
"Bán căn nhà tâm huyết chủ xây để ở, cần tiền bán lõ. nhà khu vực đẹp phú nhuận chỉ 13,5tỷ(m4)","13,5 tỷ","Đường Nguyễn Trọng Tuyển, Phường 15, Phú Nhuận, Hồ Chí Minh","53,1 m²",4 phòng,5 phòng,4 tầng,Sổ hồng riêng,26/11/2025
"Chính Chủ Bán Nhà 3 Tầng Hẻm 3m Bàu Cát  Khu VIP, Xe Hơi Gần Nhà, 6.8 Tỷ!","6,8 tỷ","Đường Bàu Cát, Phường 11, Tân Bình, Hồ Chí Minh","59,1 m²",N/A,N/A,3 tầng,N/A,18/11/2025
Hàng hiếm - Ngay sát ngã 4 Bảy Hiền - Nhà 2 tầng - Cách Mạng Tháng Tám - DT 5x18m - Chỉ 6.95 tỷ,"6,95 tỷ","Đường Cách Mạng Tháng Tám, Phường 5, Tân Bình, Hồ Chí Minh","86,2 m²",9 phòng,N/A,2 tầng,Sổ đỏ/ Sổ hồng,21/11/2025
Siêu phẩm 2 tầng - Sát công viên Hoàng Văn Thụ - Hẻm xe hơi 6m - Phổ Quang - DTSD 76m2 - Chỉ 6.7 tỷ,"6,7 tỷ","Đường Phổ Quang, Phường 2, Tân Bình, Hồ Chí Minh",48 m²,2 phòng,N/A,2 tầng,Sổ đỏ/ Sổ hồng,27/11/2025
"Siêu phẩm 3 tầng - Hẻm xe hơi đỗ cửa - Hoàng Văn Thụ - Ngay vòng xoay Lăng Cha Cả - Chỉ 10,4 tỷ","10,4 tỷ","Đường Hoàng Văn Thụ, Phường 4, Tân Bình, Hồ Chí Minh",70 m²,N/A,N/A,3 tầng,Sổ đỏ/ Sổ hồng,26/11/2025
Siêu phẩm 4 tầng - Khu VIP Bàu Cát - Trần Mai Ninh - Ngay ngã 4 Bảy Hiền - Chỉ 6.5 tỷ,"6,5 tỷ","Đường Trường Chinh, Phường 12, Tân Bình, Hồ Chí Minh",55 m²,5 phòng,N/A,4 tầng,Sổ đỏ/ Sổ hồng,26/11/2025
VỊ TRÍ ĐỈNH giáp Q10 - Cách Mạng Tháng 8 P5_dt70m2 SHR vuông - ôtô thông GẦN mặt tiền - Nhỉnh 10 tỷ,"10,5 tỷ","Đường Cách Mạng Tháng Tám, Phường 5, Tân Bình, Hồ Chí Minh",70 m²,N/A,N/A,2 tầng,Sổ hồng,25/11/2025
(Tài Chính 8tỷ thì đừng bỏ lỡ) nhà 5 tầng BTCT - 57.2m2 - Ngã Tư Bảy Hiền - oto ngủ trong nhà,"8,5 tỷ","Đường Năm Châu, Phường 12, Tân Bình, Hồ Chí Minh","57,2 m²",5 phòng,4 phòng,5 tầng,Sổ đỏ/ Sổ hồng,25/11/2025
Siêu Phẩm Tân Bình - Hẻm xe hơi Lạc Long Quân - DT 5x15m - GPXD mới 5 tầng - Giá chỉ 6.9 tỷ,"6,9 tỷ","Đường Lạc Long Quân, Phường 10, Tân Bình, Hồ Chí Minh",70 m²,N/A,N/A,5 tầng,Sổ đỏ/ Sổ hồng,24/11/2025
Siêu phẩm biệt thự 4 tầng - sân bay Tân Sơn Nhất - hẻm xe hơi Bạch Đằng - DT 6.2x15m - chỉ 13.5 tỷ,"13,5 tỷ","Đường Bạch Đằng, Phường 2, Tân Bình, Hồ Chí Minh",97 m²,6 phòng,6 phòng,4 tầng,N/A,24/11/2025
"Bán nhanh nhà riêng 40m ngõ ô tô ngay sau Go Trường Chinh, Tân Bình số đỏ chính chủ","5,2 tỷ","Đường Trường Chinh, Phường 15, Tân Bình, Hồ Chí Minh","37,3 m²",N/A,N/A,2 tầng,Sổ đỏ/ Sổ hồng,24/11/2025
"Nhà bán Huỳnh Văn Nghệ 4:13 2mt trước sau xd đủ hẻm 8m&6m giá: 5,6ty bớt lộc","5,6 tỷ","Đường Huỳnh Văn Nghệ, Phường 15, Tân Bình, Hồ Chí Minh",50 m²,N/A,N/A,N/A,N/A,24/11/2025
"Bán nhà hẻm xe hơi thông , đường Trần Thị Trọng p15 tân bình ( p Tân Sơn mới)","7,8 tỷ","Đường Trần Thị Trọng, Phường 15, Tân Bình, Hồ Chí Minh",55 m²,8 phòng,8 phòng,4 tầng,Sổ đỏ/ Sổ hồng,24/11/2025
Tòa nhà 62 phòng doanh thu 153triệu/tháng Trường Chinh P13 Tân Bình gần sân bay ~310m2 -0949 351 ***,36 tỷ,"Đường Trường Chinh, Phường 13, Tân Bình, Hồ Chí Minh","309,4 m²",62 phòng,20 phòng,7 tầng,Sổ đỏ/ Sổ hồng,23/11/2025
"Bán nhà hẻm 5/ Lý Thường Kiệt , Phường 9 . DT: 4x15,5m CN 62m2 , 2 Lầu -9tỷ TL",9 tỷ,"Đường  Lý Thường Kiệt, Phường 9, Tân Bình, Hồ Chí Minh",62 m²,7 phòng,5 phòng,2 tầng,Sổ đỏ/ Sổ hồng,24/11/2025
"Tôi bán căn nhà ngõ hẻm 57/20 Bùi Thị Xuân, Tân Bình, ô tô ra vào thông với các hẻm","8,6 tỷ","Hẻm 57/20, Đường Bùi Thị Xuân, Phường 5, Tân Bình, Hồ Chí Minh",65 m²,2 phòng,2 phòng,2 tầng,Sổ đỏ/ Sổ hồng,21/11/2025
NHÀ MỚI ĐẸP DÀI CÓ P. NGỦ TẦNG TRỆT GẦN CHỢ TÂN BÌNH,"5,95 tỷ","Đường Lạc Long Quân, Phường 11, Tân Bình, Hồ Chí Minh",49 m²,3 phòng,2 phòng,2 tầng,Sổ đỏ/ Sổ hồng,22/11/2025
"Chính chủ bán CHDV 5 tầng 90tr/th, gần khách sạn Đệ Nhất, Út Tịch, có thang máy, hẻm oto chỉ 16,5tỷ","16,5 tỷ","50/4 Đường Hiệp Nhất, Phường 4, Tân Bình, Hồ Chí Minh",90 m²,15 phòng,15 phòng,5 tầng,Sổ đỏ/ Sổ hồng,22/11/2025
"Bán CHDV dòng tiền 70tr/th tại phố oto Võ Thành Trang, ngay Ngã Tư Bẩy Hiền, full nội thất cao cấp","14,2 tỷ","84, Đường Võ Thành Trang, Phường 11, Tân Bình, Hồ Chí Minh",63 m²,7 phòng,8 phòng,4 tầng,Sổ đỏ/ Sổ hồng,22/11/2025
"73tr/m2 là có thể đầu tư CHDV ở Lê Văn Huân, P13, TB, DT: 4.5 x 30m - 127m2, giá chỉ 9.4 tỷ TL","9,4 tỷ","Đường Lê Văn Huân, Phường 13, Tân Bình, Hồ Chí Minh",128 m²,2 phòng,3 phòng,2 tầng,Sổ đỏ/ Sổ hồng,20/11/2025
"Nhà mới full nội thất, DT 4x13, trệt, 2 lầu, 3PN, 3WC, hẻm 3,5m 1 trục ngắn, giá 6,35 tỷ TL","6,35 tỷ","Đường Cống Lở, Phường 15, Tân Bình, Hồ Chí Minh",51 m²,3 phòng,3 phòng,3 tầng,Sổ đỏ/ Sổ hồng,22/11/2025
"Bán nhà 2 tầng đường nhánh Phan Huy Ích rộng 6m, 150m2 ngang 8mx18","18,9 tỷ","Đường Phan Huy Ích, Phường 15, Tân Bình, Hồ Chí Minh",150 m²,2 phòng,2 phòng,2 tầng,Sổ đỏ/ Sổ hồng,22/11/2025
GẤP BÁN!!! 96M2-4.7mx20m-PHẠM PHÚ THỨ-BÀU CÁT-ĐỒNG ĐEN-ĐƯỜNG Ô TÔ 10M-CHỈ NHỈNH 14 TỶ-DÂN TRÍ CAO,"14,5 tỷ","Đường Phạm Phú Thứ, Phường 11, Tân Bình, Hồ Chí Minh",96 m²,4 phòng,N/A,3 tầng,Sổ đỏ/ Sổ hồng,22/11/2025
"163M ĐẤT VUÔNG, TẦM CAO 5 TẦNG, THU NHẬP 75TR/TH NGAY GA T1, T3 PHAN THÚC DUYỆN, TÂN BÌNH",43 tỷ,"Đường Phan Thúc Duyện, Phường 4, Tân Bình, Hồ Chí Minh",160 m²,14 phòng,N/A,5 tầng,Sổ hồng,22/11/2025
"Bán nhà Hẻm xe Hơi 1219/43 Hoàng Sa , Tân Bình 4,3x15 1 lầu , giá 8,7 tỉ .lh :0911 039 ***","8,7 tỷ","Đường Hoàng Sa, Phường 5, Tân Bình, Hồ Chí Minh",64 m²,3 phòng,3 phòng,2 tầng,Sổ đỏ/ Sổ hồng,20/11/2025
"Bán gấp nhà đường Bàu Cát, 60m2(5x12m) vuông A4, 3 tầng hẻm 6m thông, KTS thiết kế đẹp. Chỉ 12.2 tỷ","12,2 tỷ","Đường Bàu Cát, Phường 12, Tân Bình, Hồ Chí Minh",60 m²,3 phòng,4 phòng,3 tầng,Sổ đỏ/ Sổ hồng,20/11/2025
"Bán nhà riêng, chính chủ, sổ hồng","11,5 tỷ","Đường Bế Văn Đàn, Phường 14, Tân Bình, Hồ Chí Minh","62,7 m²",4 phòng,5 phòng,3 tầng,Sổ đỏ/ Sổ hồng,18/11/2025
"Chính chủ Bán gấp nhà căn góc 86m2, 2 lầu, hẻm 8m & 6m ngay Bàu Cát. SHR","10,9 tỷ","Đường Phan Sào Nam, Phường 11, Tân Bình, Hồ Chí Minh",86 m²,3 phòng,4 phòng,2 tầng,Sổ hồng riêng,17/11/2025
"CHỦ ĐANG NGỘP BANK
GIÁ CỰC SỐC 8T SỞ HỮU NHÀ 62M2 NGAY CHỢ VÕ THÀNH TRANG
3PN, 3WC.",8 tỷ,"Đường Âu Cơ, Phường 14, Tân Bình, Hồ Chí Minh",62 m²,3 phòng,3 phòng,2 tầng,Sổ đỏ/ Sổ hồng,15/11/2025
"Bán nhà 4 tầng, 65m2 ngang 4.5m, khu đồng bộ hẻm 10m Cống Lở, gara oto, 7.25 tỷ","7,25 tỷ","Đường Cống Lở, Phường 15, Tân Bình, Hồ Chí Minh",65 m²,4 phòng,4 phòng,4 tầng,Sổ đỏ/ Sổ hồng,20/11/2025
"(HOT) NHÀ DT KHỦNG 4.3X28 YÊN THẾ, TÂN BÌNH - CHÍNH CHỦ CẦN BÁN GẤP, CHỈ CÒN 1 CĂN KHU VỰC SÂN BAY","17,5 tỷ","Đường Yên Thế, Phường 2, Tân Bình, Hồ Chí Minh",120 m²,3 phòng,2 phòng,2 tầng,Sổ đỏ/ Sổ hồng,27/11/2025
"**Bán nhà HXH Âu Cơ, phường 10, Tân Bình; 4x18m - 3 tầng mới chỉ 8,3 tỷ","8,3 tỷ","Đường Âu Cơ, Phường 10, Tân Bình, Hồ Chí Minh",64 m²,5 phòng,5 phòng,3 tầng,Sổ đỏ/ Sổ hồng,27/11/2025
"Phạm Văn Bạch - P15 - Tân Bình, Diện Tích 5.2m x 20m,Nhà đúc 1trệt , 1lửng, 2lầu sân thượng-",10 tỷ,"Đường Phạm Văn Bạch, Phường 15, Tân Bình, Hồ Chí Minh",104 m²,13 phòng,13 phòng,4 tầng,Sổ đỏ/ Sổ hồng,27/11/2025
(Hàng hiếm) bán nhà hẻm xe hơi Cửu Long 4x23m 1 lầu tiện xây mới giá tốt 14 tỷ tl khu sân bay,14 tỷ,"Đường Cửu Long, Phường 2, Tân Bình, Hồ Chí Minh",92 m²,3 phòng,2 phòng,2 tầng,Sổ đỏ/ Sổ hồng,27/11/2025
"Bán NR 4PN, 4WC, 51m2 tại Lạc Long Quân, p6, Tân Bình, 12,9 tỷ giá cực chất","12,9 tỷ","Đường Lạc Long Quân, Phường 6, Tân Bình, Hồ Chí Minh",51 m²,4 phòng,4 phòng,4 tầng,Sổ đỏ/ Sổ hồng,27/11/2025
"tôi Bán nhà chính chủ Cách Mạng Tháng 8, Tân Bình, 33,2m2, 2 tầng, giá 5,68T","5,68 tỷ","Đường Cách Mạng Tháng Tám, Phường 7, Tân Bình, Hồ Chí Minh","33,2 m²",N/A,N/A,2 tầng,Sổ đỏ/ Sổ hồng,27/11/2025
"(Hot) Cần bán nhà hxh Nhất Chi Mai 4,2mx20m 3 tầng giá 13,5 tỷ ngay nhà ga T3","13,5 tỷ","Đường Nhất Chi Mai, Phường 13, Tân Bình, Hồ Chí Minh",82 m²,4 phòng,5 phòng,3 tầng,Sổ đỏ/ Sổ hồng,27/11/2025
"CHDV 5 tầng HXH 30tr/th chỉ với 10.9 tỷ TL tại khu sân bay đường Ba Vì, P4, TB, 5 x 10m - 45.3m2","10,9 tỷ","Đường Ba Vì, Phường 4, Tân Bình, Hồ Chí Minh","45,3 m²",8 phòng,8 phòng,5 tầng,Sổ đỏ/ Sổ hồng,25/11/2025
"**Bán nhà CHDV Hiệp Nhất, phường 4 Tân Bình; dòng tiền 80tr/tháng (6x15) 15PN","16,2 tỷ","Đường Hiệp Nhất, Phường 4, Tân Bình, Hồ Chí Minh",91 m²,15 phòng,15 phòng,5 tầng,Sổ đỏ/ Sổ hồng,17/11/2025
"Bán lỗ - nhà mới xây 5 tầng, 80m2 5.5x15m Phan Huy Ích - giá chỉ bằng lô đất","7,2 tỷ","Đường Phan Huy Ích, Phường 15, Tân Bình, Hồ Chí Minh",80 m²,4 phòng,5 phòng,4 tầng,N/A,27/11/2025
"Nhà HXH Ba Vân Trường Chinh, 3.8 x 15.5m, nhà cấp 4, tiện xây mới, giá: 6.95 tỷ TL","6,95 tỷ","Đường Ba Vân, Phường 14, Tân Bình, Hồ Chí Minh","58,3 m²",N/A,N/A,N/A,Sổ đỏ/ Sổ hồng,27/11/2025
"Tòa nhà 5 tầng thang máy (7x20m). Đường nhựa 8m, khu biệt thự sang trọng - 23,5 tỷ","23,5 tỷ","Đường Phổ Quang, Phường 2, Tân Bình, Hồ Chí Minh","124,2 m²",10 phòng,10 phòng,5 tầng,Sổ đỏ/ Sổ hồng,23/11/2025
"Bán gấp nhà hẻm 449 Trường Chinh Tân Bình 84.7m2, ô tô vào nhà, giá tốt","8,95 tỷ","Đường Trường Chinh, Phường 14, Tân Bình, Hồ Chí Minh","84,7 m²",3 phòng,2 phòng,N/A,Sổ đỏ,17/11/2025
BIỆT THỰ MINI TÂN BÌNH GIÁP QUẬN 10 74M NỞ HẬU Ô TÔ ĐỖ CỬA FULL NỘI THẤT CAO CẤP 12.5 TỶ TL,12 tỷ,"Đường Bành Văn Trân, Phường 8, Tân Bình, Hồ Chí Minh",74 m²,3 phòng,4 phòng,2 tầng,N/A,27/11/2025
"Tòa nhà 4 tầng 12 phòng (5x20m), có thang máy. Dòng tiền 1,2 tỷ/năm. Cách sân bay 600m - 21,5 tỷ","21,5 tỷ","Đường Hồng Hà, Phường 2, Tân Bình, Hồ Chí Minh","95,5 m²",12 phòng,12 phòng,4 tầng,Sổ đỏ/ Sổ hồng,27/11/2025
"Ngay nhà GA T3 - Hẻm KINH DOANH xe hơi tránh nhau, rộng gần 70m2 (4.2 x 16.5x 3 lầu) chỉ 9 tỷ.","9,5 tỷ","Đường Tân Hải, Phường 13, Tân Bình, Hồ Chí Minh",68 m²,4 phòng,N/A,3 tầng,Sổ đỏ/ Sổ hồng,27/11/2025
"Nhà đẹp - SHR Phạm Văn Bạch 1 trệt 1 lầu, hẻm sạch, dân trí cao chỉ 3,6 tỷ ở ngay!","3,6 tỷ","Đường Phạm Văn Bạch, Phường 15, Tân Bình, Hồ Chí Minh","29,9 m²",1 phòng,N/A,2 tầng,Sổ đỏ/ Sổ hồng,27/11/2025
"Chỉ 9.5 tỷ TL (74tr/m2) có nhà 2 tầng Lê Văn Huân - Cộng Hòa - Ga T3, P13, 4.5 x 31m, DTSD 128m2","9,5 tỷ","Đường Lê Văn Huân, Phường 13, Tân Bình, Hồ Chí Minh",115 m²,2 phòng,3 phòng,2 tầng,Sổ đỏ/ Sổ hồng,27/11/2025
"Bán gấp NR 4PN, 4WC, 109m2, Phổ Quang, p2, Tân Bình, HCM, giá 19,7 tỷ dt 4,5x26m vuông vức","19,7 tỷ","Đường Phổ Quang, Phường 2, Tân Bình, Hồ Chí Minh",109 m²,4 phòng,4 phòng,4 tầng,Sổ đỏ/ Sổ hồng,27/11/2025
"**Bán nhà hẻm 107 Phạm Văn Hai ** phường 3, Tân Bình; 5x24 - biệt thự 3 tầng","18,82 tỷ","Đường Phạm Văn Hai, Phường 3, Tân Bình, Hồ Chí Minh",138 m²,5 phòng,4 phòng,3 tầng,Sổ đỏ/ Sổ hồng,27/11/2025
"Siêu phẩm HXH cấp 4 tiện xây mới tại Hậu Giang, P4, TB, gần sân bay TSN - 50m2 - giá chỉ 7 Tỷ TL",7 tỷ,"Đường Hậu Giang, Phường 4, Tân Bình, Hồ Chí Minh",50 m²,2 phòng,2 phòng,1 tầng,Sổ đỏ/ Sổ hồng,27/11/2025
"Bán nhà đường Nguyễn Trọng Tuyển phường 1, Tân Bình (4*12) chỉ 6,5 tỷ","6,5 tỷ","Đường Nguyễn Trọng Tuyển, Phường 1, Tân Bình, Hồ Chí Minh",48 m²,2 phòng,2 phòng,N/A,Sổ đỏ/ Sổ hồng,21/11/2025
"Bán nhanh TOÀ NHÀ CHDV nằm ngay trục Cộng Hoà, TB(11x22-Hầm, 7 Tầng) HĐT 320 triệu/th- 63 tỷ",63 tỷ,"Đường Cộng Hòa, Phường 13, Tân Bình, Hồ Chí Minh",222 m²,77 phòng,77 phòng,7 tầng,Sổ hồng,22/11/2025
"16 tỷ, đối diện Etown, hẻm Cộng Hòa 10m, nhà 4 tầng, 6x15m, vị trí hot ngay ga T3",16 tỷ,"Đường Cộng Hòa, Phường 13, Tân Bình, Hồ Chí Minh",85 m²,5 phòng,6 phòng,4 tầng,Sổ đỏ/ Sổ hồng,27/11/2025
"bán nhà HXH 5 x 20 , 5 tầng , nội thất gỗ đường trường chinh .Q tân bình","13,9 tỷ","Đường Trường Chinh, Phường 11, Tân Bình, Hồ Chí Minh",100 m²,5 phòng,6 phòng,4 tầng,Sổ đỏ/ Sổ hồng,27/11/2025
"Bán nhà biệt thự cực đẹp Bành Văn Trân P7 Tân Bình 75m2 2 tầng chỉ 12,5 tỷ.","12,5 tỷ","Đường Bành Văn Trân, Phường 7, Tân Bình, Hồ Chí Minh",75 m²,3 phòng,4 phòng,2 tầng,Sổ đỏ/ Sổ hồng,27/11/2025
"Giá tốt nhất khu, bán nhà phố Phạm Phú Thứ, P11, Tân Bình 40m2. Pháp lý chuẩn",Thỏa thuận,"Đường Phạm Phú Thứ, Phường 11, Tân Bình, Hồ Chí Minh",40 m²,3 phòng,3 phòng,3 tầng,Sổ đỏ/ Sổ hồng,17/11/2025
"Bán nhà hẻm tô cách ngã tư Bảy Hiền 300m, 85m2 9tỷ.",9 tỷ,"Đường Trường Chinh, Phường 14, Tân Bình, Hồ Chí Minh",85 m²,3 phòng,3 phòng,2 tầng,Sổ đỏ/ Sổ hồng,25/11/2025
"CẦN BÁN GẤP CĂN NHÀ ĐANG CHO THUÊ CMT8, P. 6, TÂN BÌNH, GIÁ: 3,58 TỶ/68M2 (5M X 13,6M) 1 TRỆT 4 LẦU","3,58 tỷ","Đường Cách Mạng Tháng Tám, Phường 6, Tân Bình, Hồ Chí Minh",68 m²,6 phòng,7 phòng,5 tầng,Sổ hồng,27/11/2025
"Bán gấp nhà trung tâm Bàu Cát, sát mặt tiền 65m2, 5x13m xe ô tô vào nhà 3 tầng BTCT, nhỉnh 9 tỷ","9,35 tỷ","Đường Bàu Cát, Phường 14, Tân Bình, Hồ Chí Minh",65 m²,N/A,N/A,3 tầng,Sổ đỏ/ Sổ hồng,25/11/2025
"(100tr/m2) Biệt thự giáp Q.10 , diện tích 12 x 20m, 3 tầng giá 23 tỷ hẻm 8m Lý Thường Kiệt",23 tỷ,"Đường  Lý Thường Kiệt, Phường 6, Tân Bình, Hồ Chí Minh",220 m²,N/A,N/A,3 tầng,Sổ đỏ/ Sổ hồng,27/11/2025
"Bán nhà hẻm 7m đường Nghĩa Phát, P6, Tân Bình, thông ra đường Đất Thánh, DT: 4m x 15m x 2 tầng đẹp","9,5 tỷ","Hẻm 181, Đường Nghĩa Phát, Phường 6, Tân Bình, Hồ Chí Minh",60 m²,3 phòng,2 phòng,2 tầng,Sổ đỏ/ Sổ hồng,27/11/2025
"Chính chủ bán nhà đẹp cư xá tự do khu biệt lập giữa lòng Q. TB, 5 x 22m CN đủ",23 tỷ,"Hẻm 1073, Đường Cách Mạng Tháng Tám, Phường 7, Tân Bình, Hồ Chí Minh",110 m²,5 phòng,6 phòng,4 tầng,Sổ đỏ/ Sổ hồng,12/11/2025
"18.6 tỷ căn góc khu K300 - Cộng Hòa, 6 x 13,5m, 3 lầu đường thông kinh doanh đa ngành!","18,6 tỷ","Đường Nguyễn Thái Bình, Phường 12, Tân Bình, Hồ Chí Minh","81,5 m²",5 phòng,6 phòng,4 tầng,Sổ đỏ/ Sổ hồng,04/11/2025
"KHU PHÂN LÔ ĐỒNG BỘ, SÁT MẶT TIỀN - Hẻm 6m XE HƠI NGỦ trong nhà - 2 TẦNG - 48.8m ( 4 x 12.2 )","7,4 tỷ","Đường Phan Huy Ích, Phường 15, Tân Bình, Hồ Chí Minh",49 m²,2 phòng,3 phòng,2 tầng,Sổ đỏ/ Sổ hồng,27/11/2025
"Bán siêu phẩm 1 trục hẻm xe tải thông, Huỳnh Văn Nghệ, P.12, tặng full nội thất. LH:0907 688 ***","8,48 tỷ","Đường Huỳnh Văn Nghệ, Phường 15, Tân Bình, Hồ Chí Minh","60,9 m²",N/A,N/A,3 tầng,Sổ đỏ/ Sổ hồng,17/11/2025
"Cần bán gấp nhà riêng trong tuần sát Cộng Hòa P13 TB, 53m2 (5.3x10) nở hậu 3PN, 6.75 tỷ","6,75 tỷ","Đường Đồng Xoài, Phường 13, Tân Bình, Hồ Chí Minh",53 m²,3 phòng,3 phòng,2 tầng,Sổ đỏ/ Sổ hồng,20/11/2025
"Bán nhà đường Trần Thái Tông, Tân Bình, 34m2, 2 tầng, giá 3.97 tỷ","3,97 tỷ","Đường Trần Thái Tông, Phường 15, Tân Bình, Hồ Chí Minh",34 m²,2 phòng,2 phòng,2 tầng,Sổ đỏ/ Sổ hồng,27/11/2025
"Bán nhà chính chủ hẻm 4m5, Nguyễn Sỹ Sách, P.15, Tân Bình, 3 Tầng, 4mx14m, giá 5 tỷ 95","5,95 tỷ","Đường Nguyễn Sỹ Sách, Phường 15, Tân Bình, Hồ Chí Minh",56 m²,N/A,N/A,3 tầng,Sổ đỏ/ Sổ hồng,25/11/2025
"Chỉ 9.6 tỷ - nhà ga T3 - đường Lê Văn Huân, P. 13, Tân Bình - DTSD 127m2 [4.5x31]m, 2 tầng","9,6 tỷ","Đường Lê Văn Huân, Phường 13, Tân Bình, Hồ Chí Minh",115 m²,3 phòng,2 phòng,2 tầng,Sổ đỏ/ Sổ hồng,26/11/2025
Bán nhà 4x10m 1 trệt 2 lầu st 2PN 3WC Hẻm 108 Trần Văn Quang - Tân Bình,"5,95 tỷ","Đường Trần Văn Quang, Phường 10, Tân Bình, Hồ Chí Minh",40 m²,2 phòng,3 phòng,4 tầng,Sổ đỏ/ Sổ hồng,20/11/2025
Nhà bán 4x10m 1 trệt 2 lầu 2PN 3WC Hẻm 175 Ni Sư Huỳnh Liên - Tân Bình,"5,65 tỷ","Đường Ni Sư Huỳnh Liên, Phường 10, Tân Bình, Hồ Chí Minh",40 m²,2 phòng,3 phòng,3 tầng,Sổ đỏ/ Sổ hồng,20/11/2025
Nhà mới full nội thất 4.2x8m 1 trệt 1 lầu 2PN 2WC - Giá 4.58 tỷ,"4,58 tỷ","68//, Đường Đồng Đen, Phường 14, Tân Bình, Hồ Chí Minh","33,6 m²",2 phòng,2 phòng,2 tầng,Sổ đỏ/ Sổ hồng,24/11/2025
"Bán nhà khu siêu hiếm - chính chủ! HXH, Cống Lở, P.15, 5 tầng, ngang khủng 5m, SD 63m2, giá 7 tỷ",7 tỷ,"Đường Trần Thị Trọng, Phường 15, Tân Bình, Hồ Chí Minh","51,25 m²",4 phòng,4 phòng,5 tầng,Sổ đỏ/ Sổ hồng,15/11/2025
GẤP BÁN QUA NHÀ MỚI HẺM XE HƠI ~ 50M 3 TẦNG CHỈ 6.9 TỶ TL,"6,9 tỷ","Đường Phạm Văn Hai, Phường 3, Tân Bình, Hồ Chí Minh",50 m²,4 phòng,4 phòng,3 tầng,Sổ đỏ/ Sổ hồng,20/11/2025
"NHÀ ĐẸP  HẺM 3M TRẦN VĂN QUANG - 40M2 - 3 TẦNG + ST - 2PN, 3WC - FULL NỘI THẤT - CHỈ 5.95 TỶ TL","5,95 tỷ","Đường Trần Văn Quang, Phường 10, Tân Bình, Hồ Chí Minh",40 m²,2 phòng,3 phòng,3 tầng,Sổ đỏ/ Sổ hồng,27/11/2025
"Bán nhà Lạc Long Quân hẻm 8m - 60m2 - sổ A4 - chính chủ giá 7,2 tỷ (còn thương lượng)","7,2 tỷ","Đường Lạc Long Quân, Phường 8, Tân Bình, Hồ Chí Minh",60 m²,4 phòng,3 phòng,3 tầng,Sổ đỏ/ Sổ hồng,19/11/2025
"BÁN NHÀ ÂU CƠ TÂN BÌNH 46M2(4,1 X 11,3)M2- SỔ VUÔNG A4 - GIÁ 4,95 TỶ.","4,95 tỷ","Đường Âu Cơ, Phường 10, Tân Bình, Hồ Chí Minh",46 m²,2 phòng,2 phòng,2 tầng,Sổ đỏ/ Sổ hồng,22/11/2025
"Nhà 5 tầng 4PN hẻm oto 8m thông Khu Đồng Bộ VIP giá chào 8,5 tỷ sổ đẹp vuông vức hoàn công đủ","8,5 tỷ","Đường Hoàng Bật Đạt, Phường 15, Tân Bình, Hồ Chí Minh","54,4 m²",4 phòng,4 phòng,5 tầng,Sổ đỏ/ Sổ hồng,27/11/2025
"Bán nhà khu phân lô, 4 tầng, hẻm 5m thông, ngang 5m, DT: 70m2, Cống Lỡ, P.15 Tân Bình ngay Trường","8,5 tỷ","Đường Cống Lở, Phường 15, Tân Bình, Hồ Chí Minh",70 m²,N/A,N/A,4 tầng,Sổ đỏ/ Sổ hồng,27/11/2025
"Bán nhà HXH 6m Đồng Đen, P14 - DT: 4.5x17.2m vuông vức 4 tầng nhà đẹp. Giá 12.6 tỷ TL","12,6 tỷ","Đường Đồng Đen, Phường 14, Tân Bình, Hồ Chí Minh","69,3 m²",4 phòng,5 phòng,4 tầng,Sổ đỏ/ Sổ hồng,26/11/2025
"Nhà dòng tiền 60 triệu/tháng 4 tầng 13 phòng full Bùi Thị Xuân P5 Tân Bình, gần sân bay0949 351 ***","11,5 tỷ","Đường Bùi Thị Xuân, Phường 5, Tân Bình, Hồ Chí Minh",94 m²,13 phòng,8 phòng,4 tầng,Sổ đỏ/ Sổ hồng,21/11/2025
"Bán nhà riêng tại Trần Văn Dư, 22,9 tỷ, 107m2, 5PN, 5WC, Tân Bình, HCM, giá siêu hời","22,9 tỷ","Đường Trần Văn Dư, Phường 13, Tân Bình, Hồ Chí Minh",107 m²,5 phòng,5 phòng,3 tầng,Sổ đỏ/ Sổ hồng,17/11/2025
"Khu biệt thự đồng bộ, hẻm 6m Phổ Quang, XD 5 tầng, 40m2 nhỉnh 7 tỷ","7,6 tỷ","Đường Phổ Quang, Phường 2, Tân Bình, Hồ Chí Minh",40 m²,N/A,N/A,5 tầng,Sổ đỏ/ Sổ hồng,24/11/2025
"Bán nhà HXH, đường Hoàng Bật Đạt, một trệt hai lầu, hẻm thông","6,2 tỷ","Đường Hoàng Bật Đạt, Phường 15, Tân Bình, Hồ Chí Minh","44,4 m²",4 phòng,5 phòng,3 tầng,Sổ đỏ/ Sổ hồng,24/11/2025
"Bán nhà đường Hoàng Văn Thụ, Tân Bình, 6,45 tỷ - 3.7x13m, 4 tầng, 4PN, 3WC","6,45 tỷ","Đường Hoàng Văn Thụ, Phường 4, Tân Bình, Hồ Chí Minh",46 m²,4 phòng,3 phòng,4 tầng,Sổ đỏ/ Sổ hồng,27/11/2025
"Định cư nước ngoài cần bán nhanh nhà khu Bàu cát - dt 4,2x16m - 5 tầng - 15 tỷ TL",15 tỷ,"Đường Trường Chinh, Phường 14, Tân Bình, Hồ Chí Minh",67 m²,5 phòng,6 phòng,5 tầng,Sổ đỏ/ Sổ hồng,12/11/2025
"Bán nhà hẻm 5m hẻm 202 Phạm Văn Hai, 4.8mx18.6m - nhà 2 tầng đẹp có hẻm sau, giá 11.8 tỷ","11,8 tỷ","Hẻm 202, Đường Phạm Văn Hai, Phường 5, Tân Bình, Hồ Chí Minh",90 m²,N/A,N/A,2 tầng,Có sổ.,15/11/2025
"BÁN NHÀ 4 TẦNG. HẺM NHỰA 8m 4PN, 4WC, 60m2, giá cực chất tại Trần Thị Trọng, Tân Bình, HCM","9,9 tỷ","Đường Trần Thị Trọng, Phường 15, Tân Bình, Hồ Chí Minh",60 m²,4 phòng,4 phòng,4 tầng,Sổ đỏ/ Sổ hồng,27/11/2025
"Bán nhà hxh Trương Công Định P14( P Tân Bình) 3 tầng 5*15m giá 9,5 tỷ","9,5 tỷ","Đường Trương Công Định, Phường 14, Tân Bình, Hồ Chí Minh",70 m²,4 phòng,5 phòng,3 tầng,Sổ đỏ/ Sổ hồng,27/11/2025
"CHDV góc 2MT ngang 6,5m ngay cổng sân bay Tân Sơn Nhất, 117m2, 5 tầng, TN 100tr/th, bán 23 tỷ TL",23 tỷ,"Đường Bạch Đằng, Phường 2, Tân Bình, Hồ Chí Minh",117 m²,10 phòng,10 phòng,5 tầng,Sổ hồng.,26/11/2025
"Bán nhà hẻm 6m khu 766/ Cách Mạng Tháng 8, P5, Tân Bình - 4x14m - 3 tầng tiện xây sửa - giá 8,5 tỷ","8,5 tỷ","766/, Đường Cách Mạng Tháng Tám, Phường 5, Tân Bình, Hồ Chí Minh",55 m²,N/A,N/A,3 tầng,N/A,17/11/2025
"(Duy nhất) Bán nhà Khu công viên 42 Nguyễn Minh Hoàng, P12, Tân Bình - 5mx17m - 4 tầng giá 22 tỷ TL",22 tỷ,"Đường Nguyễn Minh Hoàng, Phường 12, Tân Bình, Hồ Chí Minh",85 m²,N/A,N/A,4 tầng,Sổ hồng,24/11/2025
"Chính chủ bán nhà HXH Nhất Chi Mai P.13 Tân Bình 4*15m, 3 lầu, giá 11,5 tỷ","11,5 tỷ","Đường Nhất Chi Mai, Phường 13, Tân Bình, Hồ Chí Minh",60 m²,4 phòng,5 phòng,4 tầng,Sổ đỏ/ Sổ hồng,24/11/2025
"Bán Siêu Phẩm Nhà Phố Đường Phan Huy ích, Phường 15, Quận Tân Bình, Hồ chí Minh","9,9 tỷ","Đường Phan Huy Ích, Phường 15, Tân Bình, Hồ Chí Minh",60 m²,3 phòng,4 phòng,4 tầng,Sổ đỏ/ Sổ hồng,25/11/2025
"6mx15m - Bán CHDV gồm 16P có thang máy PCCC, khai thác chuyên nghiệp. HDT 63tr/th. Giá chỉ 16.2 tỷ",16 tỷ,"Đường Cách Mạng Tháng Tám, Phường 4, Tân Bình, Hồ Chí Minh",90 m²,N/A,N/A,5 tầng,N/A,20/11/2025
"Bán nhà Nhà một đời chủ lâu năm HXH Ba Vân, P14, Tân Bình cực đẹp, DT 5x15m, 3 tầng, giá 9,6 tỷ","9,6 tỷ","Đường Ba Vân, Phường 14, Tân Bình, Hồ Chí Minh",70 m²,3 phòng,4 phòng,3 tầng,Sổ hồng,27/11/2025
Ngay trung tâm Lạc Long Quân thuận tiện đi lại dòng tiên ổn định hiếm nhà bán,7 tỷ,"Đường Lạc Long Quân, Phường 8, Tân Bình, Hồ Chí Minh",45 m²,5 phòng,6 phòng,3 tầng,Sổ đỏ/ Sổ hồng,27/11/2025
"Nhà đẹp bán gấp, hẻm ô tô, đường Phạm Văn Bạch, P.15, Tân Bình, chỉ 6,9 tỷ Thương Lượng","6,9 tỷ","Đường Phạm Văn Bạch, Phường 15, Tân Bình, Hồ Chí Minh",75 m²,2 phòng,2 phòng,2 tầng,Sổ đỏ/ Sổ hồng,27/11/2025
"Giảm 1 tỷ Bán gấp nhà hẻm xe hơi Lê Văn Sỹ, Tân Bình - Đất nở hậu 6m, 4.5x16.5, 3 tầng, giá 11.5 tỷ","11,5 tỷ","Đường Lê Văn Sỹ, Phường 1, Tân Bình, Hồ Chí Minh",75 m²,N/A,N/A,4 tầng,Sổ đỏ/ Sổ hồng,27/11/2025
Căn hộ dịch vụ đường Hoàng Hoa Thám - 6 x 30m - hầm 6 tầng - HĐ thuê 130tr - 28 tỷ,28 tỷ,"Đường Hoàng Hoa Thám, Phường 13, Tân Bình, Hồ Chí Minh",180 m²,32 phòng,32 phòng,7 tầng,Sổ đỏ/ Sổ hồng,24/11/2025
"Lên sóng căn 42.8m² Lê Văn Sỹ, Tân Bình gần Đại học TN&MT. Xây 1 trệt 2 lầu, hẻm 5m",Thỏa thuận,"Đường Lê Văn Sỹ, Phường 1, Tân Bình, Hồ Chí Minh","42,8 m²",4 phòng,3 phòng,3 tầng,Sổ đỏ/ Sổ hồng,27/11/2025
"Bán nhà riêng tại Phan Huy Ích, 3,9 tỷ, 32 m2, hàng hiếm view đẹp","3,9 tỷ","Đường Phan Huy Ích, Phường 15, Tân Bình, Hồ Chí Minh",32 m²,2 phòng,2 phòng,2 tầng,Sổ đỏ/ Sổ hồng,26/11/2025
"Bán nhà mới đẹp 4 tầng HXH 6m, đường Giải Phóng - Tân Bình DT: 3.7x15m, 11.5 tỷ TL","11,5 tỷ","Đường Giải Phóng, Phường 4, Tân Bình, Hồ Chí Minh","55,3 m²",4 phòng,4 phòng,4 tầng,Sổ đỏ/ Sổ hồng,18/11/2025
"BÁN NHÀ TP HCM, TÂN BÌNH NGAY PHẠM VĂN BẠCH, 35M2, 2 TẦNG, HẺM Ô TÔ, GIÁ 4.65 TỶ","4,65 tỷ","Đường Trần Thị Trọng, Phường 15, Tân Bình, Hồ Chí Minh",35 m²,2 phòng,2 phòng,2 tầng,Sổ đỏ/ Sổ hồng,27/11/2025
"CHDV cao cấp, doanh thu 140tr, Bùi Thị Xuân, Q. Tân Bình","26,5 tỷ","Đường Bùi Thị Xuân, Phường 3, Tân Bình, Hồ Chí Minh",120 m²,20 phòng,21 phòng,7 tầng,Sổ đỏ/ Sổ hồng,22/11/2025
"Nhà mới 4 tầng, HXH 6m Lê Văn Sỹ, P1, thông khu bàn cờ 281 LVS, 3.4x18m, 60m2, 13.6 tỷ TL","13,6 tỷ","Đường Lê Văn Sỹ, Phường 1, Tân Bình, Hồ Chí Minh",60 m²,5 phòng,6 phòng,4 tầng,Sổ đỏ/ Sổ hồng,25/11/2025
"Khu phân lô đồng bộ, sát mặt tiền - hẻm xe hơi ngủ trong nhà - 2 tầng - 48.8m2 (4 x 12.2m)","7,4 tỷ","Đường Trần Thánh Tông, Phường 15, Tân Bình, Hồ Chí Minh","48,8 m²",2 phòng,2 phòng,2 tầng,Sổ đỏ/ Sổ hồng,27/11/2025
"Nhà đẹp full nội thất HXH Tân Bình 2 tầng chỉ 4.55 tỷ - sổ riêng không lộ giới, lỗi phong thuỷ","4,55 tỷ","98/, Đường Cống Lở, Phường 15, Tân Bình, Hồ Chí Minh",32 m²,2 phòng,2 phòng,2 tầng,Sổ đỏ/ Sổ hồng,27/11/2025
"Chỉ hơn 21tỷ - giá cực tốt - 140m2, ngang khủng 13m, hẻm KD cực sầm uất, sát MT Bạch Đằng, Hồng Hà","21,6 tỷ","Phường 2, Tân Bình, Hồ Chí Minh",143 m²,N/A,N/A,7 tầng,Sổ đỏ/ Sổ hồng,27/11/2025
"Cần bán gấp nhà Yên Thế, Q. Tân Bình. DT: 4.3m x 29m. KC: 2 tầng. HĐT: 30tr/th.Giá bán nhanh: 19 tỷ",19 tỷ,"Đường Yên Thế, Phường 2, Tân Bình, Hồ Chí Minh",120 m²,N/A,N/A,2 tầng,N/A,19/11/2025
"BÁN NHÀ TP HCM, TÂN BÌNH, TRẦN THÁNH TÔNG, GẦN 50M2, 2 TẦNG, HẺM 8M. GIÁ 7.4 TỶ","7,4 tỷ","Phường 15, Tân Bình, Hồ Chí Minh",49 m²,2 phòng,2 phòng,2 tầng,Sổ đỏ/ Sổ hồng,27/11/2025
Bán biệt thự mini siêu đẹp . Full nội thất.hẻm xe hơi vô nhà... bành Văn trân p7 TB.,"12,5 tỷ","Đường Bành Văn Trân, Phường 7, Tân Bình, Hồ Chí Minh",74 m²,3 phòng,3 phòng,2 tầng,Sổ đỏ/ Sổ hồng,27/11/2025
"Chủ ngộp bán gấp nhà HXH 8m Nguyễn Thái Bình Tân Bình, 5x16, NH 5.8m, 5 tầng, HĐT 30tr, giá 15.8 tỷ","15,8 tỷ","Đường Nguyễn Thái Bình, Phường 4, Tân Bình, Hồ Chí Minh",90 m²,N/A,N/A,4 tầng,Sổ đỏ/ Sổ hồng,27/11/2025
"Giảm 200tr bán nhà đẹp 1 trệt 1 lầu - đường Lạc Long Quân, Phường 10, Quận Tân Bình giá bán 2,4 tỷ","2,4 tỷ","Đường Lạc Long Quân, Phường 10, Tân Bình, Hồ Chí Minh","12,1 m²",2 phòng,2 phòng,2 tầng,Sổ hồng đầy đủ.,27/11/2025
"Bán nhà ngay nhà ga T3 đường Nhất Chi Mai, P13, Tân Bình - 54m2, 4 tấm - giá chào 11 tỷ",11 tỷ,"Đường Nhất Chi Mai, Phường 13, Tân Bình, Hồ Chí Minh",54 m²,5 phòng,4 phòng,4 tầng,Sổ đỏ/ Sổ hồng,19/11/2025
"Giảm 300tr. Nhà đẹp 2 tầng Nguyễn Sỹ Sách gần chợ Tân Trụ 40m2. Chỉ 4,2 tỷ. Sổ hoàn công đầy đủ","4,2 tỷ","Đường Nguyễn Sỹ Sách, Phường 15, Tân Bình, Hồ Chí Minh",40 m²,2 phòng,2 phòng,2 tầng,Sổ đỏ/ Sổ hồng,27/11/2025
"Nhà 3 tầng hẻm 6m Nguyễn Sỹ Sách P15 Tân Bình 4x13 giá chỉ 5,95 tỷ còn TL sổ vuông hoàn công đủ","5,95 tỷ","Đường Nguyễn Sỹ Sách, Phường 15, Tân Bình, Hồ Chí Minh",52 m²,3 phòng,3 phòng,3 tầng,Sổ đỏ/ Sổ hồng,27/11/2025
"NHÀ MỚI 5 TẦNG, GARA Ô TÔ, FULL NỘI THẤT, HẺM Ô TÔ NHỰA THÔNG  PHAN HUY ÍCH, TÂN BÌNH","9,99 tỷ","Phường 15, Tân Bình, Hồ Chí Minh",60 m²,4 phòng,4 phòng,5 tầng,Sổ đỏ/ Sổ hồng,27/11/2025
Chính Chủ Bán Gấp Nhà HXH 4m Ni Sư Huỳnh Liên ( 4 x10m ) - 3 Tầng Đẹp - Gía 5.65 Tỷ TL,"5,65 tỷ","Bàu Cát II, Ni Sư Huỳnh Liên, 10, Tân Bình, Hồ Chí Minh",40 m²,3 phòng,3 phòng,3 tầng,Sổ đỏ/ Sổ hồng,27/11/2025
"Bán nhà 2.19tỷ 2 tầng hẻm 3 gác thông, ngay chợ Phạm Văn Hai, phường 3, Tân Bình, sổ hồng riêng","2,19 tỷ","Đường Phạm Văn Hai, Phường 3, Tân Bình, Hồ Chí Minh",13 m²,1 phòng,1 phòng,2 tầng,Sổ đỏ/ Sổ hồng,26/11/2025
"Bán nhà hẻm 737// đường Lạc Long Quân, P.10, Tân Bình - 42m2 - giá chào 4.05 tỷ","4,05 tỷ","737//, Đường Lạc Long Quân, Phường 10, Tân Bình, Hồ Chí Minh",42 m²,2 phòng,2 phòng,2 tầng,Sổ đỏ/ Sổ hồng,27/11/2025
NHÀ MẶT HẺM KINH DOANH - LÝ THƯỜNG KIỆT - GIÁP Q10 - HXH TRÁNH - 4 TẦNG -,"6,5 tỷ","Đường  Lý Thường Kiệt, Phường 9, Tân Bình, Hồ Chí Minh",30 m²,4 phòng,4 phòng,4 tầng,Sổ đỏ/ Sổ hồng,27/11/2025
"Giảm 700tr Bán gấp nhà HXH gần Bành Văn Trân, Tân Bình, 4x13, 2 tầng, 52m2, HĐT: 15tr, Giá 6.8 tỷ","6,8 tỷ","Đường Bành Văn Trân, Phường 6, Tân Bình, Hồ Chí Minh",52 m²,N/A,N/A,2 tầng,Sổ đỏ/ Sổ hồng,27/11/2025
"Bán nhà gần ngã 3 Ông Tạ - đường CMT8, P7, Tân Bình, DT: 9m x 4m, nhà 2 tầng cực đẹp sát MT đường","5,68 tỷ","Đường Cách Mạng Tháng Tám, Phường 7, Tân Bình, Hồ Chí Minh","33,2 m²",2 phòng,2 phòng,2 tầng,Sổ đỏ/ Sổ hồng,15/11/2025
"KHU PHÂN LÔ ĐỒNG BỘ. ĐƯỜNG NHỰA 6m 50m2, 2PN, 2WC tại Trần Thánh Tông, p15, Tân Bình, HCM, 7,6 tỷ","7,4 tỷ","Đường Trần Thánh Tông, Phường 15, Tân Bình, Hồ Chí Minh",50 m²,2 phòng,2 phòng,2 tầng,Sổ đỏ/ Sổ hồng,27/11/2025
"Gần chợ Phạm Văn Hai, sổ chính chủ, 56m2 (4*14m). Nhà 2 tầng Phạm Văn Hai, P3, Tân Bình",Thỏa thuận,"Đường Phạm Văn Hai, Phường 3, Tân Bình, Hồ Chí Minh",56 m²,3 phòng,3 phòng,2 tầng,Sổ đỏ/ Sổ hồng,27/11/2025
"HOT Bán Nhà khu VIP ngay BV Tâm Anh đường 6m Phổ Quang,P2,Tân Bình giá 13,3 Tỷ, DT 4,2x16m, 3 tầng","13,3 tỷ","Đường Phổ Quang, Phường 2, Tân Bình, Hồ Chí Minh",65 m²,3 phòng,4 phòng,4 tầng,N/A,18/11/2025
"Hàng hiếm 60m2 HXH, Đ. Trường Chinh, P.14, Q. Tân Bình, Giá chỉ 8,5 tỷ TL","8,5 tỷ","Đường Trường Chinh, Phường 14, Tân Bình, Hồ Chí Minh",60 m²,3 phòng,3 phòng,3 tầng,Sổ đỏ/ Sổ hồng,27/11/2025
BÁN NHÀ HẺM XE HƠI PHAN SÀO NAM - 2 TẦNG - KINH DOANH ĐỈNH - 3.5 TỶ,"3,5 tỷ","Đường Phan Sào Nam, Phường 11, Tân Bình, Hồ Chí Minh",24 m²,N/A,N/A,2 tầng,Sổ đỏ/ Sổ hồng,27/11/2025
"Bán nhà HXH Thiên Phước, P.9, Tân Bình, DT 5x10m - 2 lầu + ST nhà mới, giá chỉ 10.6 tỷ","10,6 tỷ","Đường Thiên Phước, Phường 9, Tân Bình, Hồ Chí Minh",48 m²,N/A,N/A,3 tầng,Sổ đỏ/ Sổ hồng,13/11/2025
BÁN NHÀ NGUYỄN SỸ SÁCH 31M2 2 TẦNG - 3.95 TỶ - CHÍNH CHỦ CẦN BÁN GẤP,"3,95 tỷ","Ruby Garden, Nguyễn Sỹ Sách, 15, Tân Bình, Hồ Chí Minh",31 m²,N/A,N/A,2 tầng,Sổ đỏ/ Sổ hồng,27/11/2025
Bán CHDV Lạc Long Quân P8 TB. 6 tầng đang sẵn dòng tiền 40tr/Tháng. Giá 11.6 tỷ,"11,6 tỷ","Đường Lạc Long Quân, Phường 8, Tân Bình, Hồ Chí Minh","57,4 m²",5 phòng,N/A,6 tầng,N/A,27/11/2025
NHANH TAY LIÊN HỆ EM NGAY ĐỂ SỞ HỮU NHÀ GIÁ TỐT KHU VỰC TÂN BÌNH CHỈ VỚI 4 TỶ XX - SHR -HẺM XE TẢI,"4,99 tỷ","Đường Nguyễn Sỹ Sách, Phường 15, Tân Bình, Hồ Chí Minh",48 m²,2 phòng,2 phòng,2 tầng,Sổ đỏ/ Sổ hồng,20/11/2025
"HOT - Chỉ 7.2 tỷ TL, nhà mới 4 tầng, 3.6 x 11m, 37m2, Nguyễn Bặc, chợ Phạm Văn Hai, P3, TB","7,2 tỷ","Đường Nguyễn Bặc, Phường 3, Tân Bình, Hồ Chí Minh",37 m²,5 phòng,6 phòng,4 tầng,Sổ đỏ/ Sổ hồng,18/11/2025
"Chủ gửi nhờ bán gấp đêm khuya đẹp không tỳ vết.
Mặt tiền đường Cách Mạng Tháng 8 vào nhà 250m","12,5 tỷ","Đường Bành Văn Trân, Phường 7, Tân Bình, Hồ Chí Minh","97,5 m²",4 phòng,4 phòng,2 tầng,Sổ đỏ/ Sổ hồng,27/11/2025
Bán nhà + Tân Bình hẻm kinh doanh nhộn nhịp vài bước ra mặt tiền - hẻm nhựa xe hơi tránh nhau,6 tỷ,"Đường  Lý Thường Kiệt, Phường 9, Tân Bình, Hồ Chí Minh","27,44 m²",2 phòng,3 phòng,3 tầng,Sổ đỏ/ Sổ hồng,22/11/2025
"Tòa nhà có dòng tiền 2,7 tỷ/năm hẻm xe hơi 9 x 19m hầm 7 tầng Cộng Hòa, P.12 Tân Bình, giá 32 tỷ",32 tỷ,"Đường Cộng Hòa, Phường 12, Tân Bình, Hồ Chí Minh",150 m²,N/A,N/A,7 tầng,N/A,24/11/2025
"Hẻm vip 2 xe hơi tránh nhau trực Lê Văn Sỹ, P2, Tân Bình. 7,9 x 20m vuông vức nhà mới đẹp 26 tỷ",26 tỷ,"Đường Lê Văn Sỹ, Phường 2, Tân Bình, Hồ Chí Minh",158 m²,N/A,N/A,3 tầng,N/A,12/11/2025
"Bán Nhà mới đẹp, HXH Trường Chinh [gần chợ Hoàng Hoa Thám] - DT: 4.2 x 16m [ 4 Tầng ] - 9.5 Tỷ TL","9,5 tỷ","Đường Trường Chinh, Phường 14, Tân Bình, Hồ Chí Minh",59 m²,4 phòng,4 phòng,4 tầng,Sổ đỏ/ Sổ hồng,16/11/2025
Chỉ 5.650 tỷ - Bán nhà HXH 4m đường Ni Sư Huỳnh Liên - DT 38.5m2 (4x10)m - 2 lầu,"5,65 tỷ","Đường Ni Sư Huỳnh Liên, Phường 10, Tân Bình, Hồ Chí Minh","38,5 m²",2 phòng,3 phòng,3 tầng,Sổ đỏ/ Sổ hồng,14/11/2025
Chỉ 7.99 tỷ - bán nhà HXH 5M Lê Văn Huân thông Cộng Hòa - Cách Mặt Tiền 30m - DT 47m2 - 2 tầng Đẹp,"7,99 tỷ","Đường Lê Văn Huân, Phường 13, Tân Bình, Hồ Chí Minh",47 m²,2 phòng,3 phòng,2 tầng,Sổ đỏ/ Sổ hồng,18/11/2025
Cần bán gấp hẻm xe hơi Lạc Long Quân - Tân Bình,"12,9 tỷ","Đường Lạc Long Quân, Phường 9, Tân Bình, Hồ Chí Minh",54 m²,5 phòng,6 phòng,5 tầng,Sổ đỏ/ Sổ hồng,27/11/2025
Nhà Chính Chủ Xây Mới 100% 2 Lầu ST - đường Ni Sư Huỳnh Liên - DT [3.7x13]m - Chỉ 7.680 Tỷ TL,"7,68 tỷ","Đường Ni Sư Huỳnh Liên, Phường 10, Tân Bình, Hồ Chí Minh",49 m²,4 phòng,4 phòng,4 tầng,Sổ đỏ/ Sổ hồng,24/11/2025
Nhà Chính Chủ Xây Mới 100% 2 Lầu ST - đường Lạc Long Quân - DT 49m2 [3.7x13]m - Chỉ 7.680 Tỷ TL,"7,68 tỷ","Đường Lạc Long Quân, Phường 10, Tân Bình, Hồ Chí Minh",49 m²,4 phòng,3 phòng,4 tầng,Sổ đỏ/ Sổ hồng,25/11/2025
"NHÀ 4 TẦNG PHƯỜNG TÂN SƠN NHẤT 48M2 CHỈ 4.X T.Ỷ - XE HƠI TỚI TRƯỚC CỔNG
NỘI THẤT NHƯ HÌNH","4,8 tỷ","Đường Chử Đồng Tử, Phường 7, Tân Bình, Hồ Chí Minh",48 m²,3 phòng,4 phòng,4 tầng,Sổ đỏ/ Sổ hồng,17/11/2025
HÀNG HIẾM! HXH 6m thông - Lô Góc 3 mặt thoáng - Chỉ nhỉnh 5 tỷ còn tl.,"5,8 tỷ","Đường Phạm Phú Thứ, Phường 11, Tân Bình, Hồ Chí Minh",40 m²,N/A,N/A,2 tầng,Sổ hồng,27/11/2025
"Bán nhà 4 tầng thang máy căn góc hẻm xe hơi Lý Thường Kiệt, Phường 6, quận Tân Bình","12,5 tỷ","Đường  Lý Thường Kiệt, Phường 6, Tân Bình, Hồ Chí Minh","58,5 m²",12 phòng,12 phòng,4 tầng,Sổ đỏ/ Sổ hồng,24/11/2025
"Bán nhà ngay Cư Xá Lữ Gia, 12x12m, 5 tầng nhà mới đẹp có thang máy, giá chỉ 18 tỷ",18 tỷ,"Đường Ni Sư Huỳnh Liên, Phường 10, Tân Bình, Hồ Chí Minh","112,9 m²",8 phòng,8 phòng,5 tầng,Sổ hồng,25/11/2025
"Nhà Cách Mạng Tháng 8 P. 5 Tân Bình, 3.9x16.5m, 64m2 chỉ 6.09 tỷ","6,09 tỷ","Đường Cách Mạng Tháng Tám, Phường 5, Tân Bình, Hồ Chí Minh",64 m²,N/A,N/A,N/A,Sổ đỏ/ Sổ hồng,27/11/2025
Bán nhà hẻm 405 Trường Chinh - HXH 5m gần UBND Tân Bình - DT 51m2 [4x12.5]m - 2 lầu ST - Chỉ 8.4 tỷ,"8,4 tỷ","Hẻm 405, Đường Trường Chinh, Phường 14, Tân Bình, Hồ Chí Minh",51 m²,4 phòng,4 phòng,4 tầng,Sổ đỏ/ Sổ hồng,27/11/2025
"Bán nhà 4 tầng Lê Thúc Hoạch, Tân Phú, 5.5x15m, oto ngủ trong nhà, gần uỷ ban, nhỉnh 9Tỷ.","9,7 tỷ","Đường Lê Thúc Hoạch, Phường Phú Thọ Hòa, Tân Phú, Hồ Chí Minh",78 m²,4 phòng,6 phòng,4 tầng,Sổ đỏ/ Sổ hồng,25/11/2025
"Nhà 2 tầng mới đẹp dọn vào ở ngay. Ngang 5.5m gần mặt tiền Tây Thạnh tiện để ở, kinh doanh mua bán","5,79 tỷ","Đường Tây Thạnh, Phường Tây Thạnh, Tân Phú, Hồ Chí Minh",43 m²,2 phòng,2 phòng,2 tầng,Sổ đỏ/ Sổ hồng,24/11/2025
"Bán nhà 3 lầu hẻm xe hơi đường Phạm Văn Hai, P3, Quận Tân Bình giá 8.2 tỷ","8,2 tỷ","Đường Phạm Văn Hai, Phường 3, Tân Bình, Hồ Chí Minh","30,8 m²",N/A,N/A,4 tầng,Sổ đỏ/ Sổ hồng,25/11/2025
"Hẻm 8m Tân Kỳ Tân Quý ngay Aeon Mall Tân Phú. DT: 4x14m, vuông, nhà 3 lầu mới. Khu Vip có công viên","9,9 tỷ","Đường Tân Kỳ Tân Quý, Phường Tân Quý, Tân Phú, Hồ Chí Minh",56 m²,6 phòng,7 phòng,4 tầng,Sổ đỏ/ Sổ hồng,22/11/2025
ĐƯỜNG 10M CẠNH UBND QUẬN TÂN PHÚ LUỸ BÁN BÍCH THOẠI NGỌC HẦU 5' VỀ ĐẦM SEN CHỈ HƠN 10 TỶ,"11,01 tỷ","Đường Lũy Bán Bích, Phường Hòa Thạnh, Tân Phú, Hồ Chí Minh",130 m²,10 phòng,N/A,N/A,Sổ đỏ/ Sổ hồng,26/11/2025
Siêu phẩm 2 lầu - 4PN - Hẻm xe hơi 8m - Khu VIP Hoà Bình - full nội thất - Vào ở liền - Chỉ 8.4 tỷ,"8,4 tỷ","Đường Hòa Bình, Phường Hiệp Tân, Tân Phú, Hồ Chí Minh",96 m²,4 phòng,5 phòng,3 tầng,Sổ đỏ/ Sổ hồng,26/11/2025
"Cân bán nhanh nhà hẻm 583/15 Tân Kỳ Tân Quý, Tân Phú. DT 4x16 (1 trệt, 1 lầu)",7 tỷ,"583/15 Đường Tân Kỳ Tân Quý, Phường Tân Quý, Tân Phú, Hồ Chí Minh",64 m²,2 phòng,2 phòng,2 tầng,Sổ đỏ/ Sổ hồng,25/11/2025
"Tôi chính chủ Bán nhà riêng tại Nguyễn Quý Anh, Tân Sơn Nhì, Tân Phú, giá ưu đãi 5,799 tỷ, 78m2","5,8 tỷ","Đường Nguyễn Quý Anh, Phường Tân Sơn Nhì, Tân Phú, Hồ Chí Minh",78 m²,2 phòng,1 phòng,1 tầng,Sổ đỏ/ Sổ hồng,22/11/2025
Hàng hiếm - Ngay Tân Sơn Nhì - Gò Dầu - DT 8x15m - 120m2 - 9 Phòng cho thuê - Chỉ 7.89 tỷ,"7,89 tỷ","Đường Tân Sơn Nhì, Phường Tân Sơn Nhì, Tân Phú, Hồ Chí Minh",120 m²,N/A,N/A,4 tầng,Sổ đỏ/ Sổ hồng,20/11/2025
Bán Nhà Hẻm 10m đường Tân Sơn Nhì Quận Tân Phú Dt:4x12.5m 3 lầu giá 7.7tỷ TL Liên Hệ:0936 359 ***,"7,7 tỷ","Đường Tân Sơn Nhì, Phường Tân Sơn Nhì, Tân Phú, Hồ Chí Minh",50 m²,4 phòng,5 phòng,4 tầng,Sổ đỏ/ Sổ hồng,24/11/2025
"Tân Thành - TT Tân Phú. Bán nhà HXH đường Vườn Lài 78m2 - 3 tầng, BTCT, 3PN - nhỉnh 6 tỷ","6,2 tỷ","Đường Vườn Lài, Phường Tân Thành, Tân Phú, Hồ Chí Minh",78 m²,3 phòng,3 phòng,3 tầng,Sổ đỏ/ Sổ hồng,23/11/2025
CHDV 32 phòng khép kín - dòng tiền 140tr/tháng - thang máy,"21,5 tỷ","Đường Vườn Lài, Phường Phú Thọ Hòa, Tân Phú, Hồ Chí Minh",191 m²,32 phòng,32 phòng,4 tầng,Sổ đỏ/ Sổ hồng,21/11/2025
BÁN NHÀ GIÁ TỐT  CHIA TÀI SẢN LƯƠNG THẾ VINH (CƠ HỘI ĐẦU TƯ),6 tỷ,"Đường Lương Thế Vinh, Phường Tân Thới Hòa, Tân Phú, Hồ Chí Minh",55 m²,2 phòng,2 phòng,N/A,Sổ đỏ/ Sổ hồng,21/11/2025
"Chính chủ cần bán nhà hẻm 8m Khu vip Trương Vĩnh Ký, 5x25m đúc 2 tấm Giá: 13 tỷ",13 tỷ,"Đường Trương Vĩnh Ký, Phường Tân Sơn Nhì, Tân Phú, Hồ Chí Minh",125 m²,N/A,N/A,3 tầng,N/A,21/11/2025
Siêu Phẩm - Góc 2MT Lũy Bán Bích - Ngang 5m - Ngay Ngã 4 Hoà Bình - Giá chỉ 4.79 tỷ,"4,79 tỷ","Đường Lũy Bán Bích, Phường Tân Thành, Tân Phú, Hồ Chí Minh",58 m²,2 phòng,N/A,4 tầng,Sổ đỏ/ Sổ hồng,27/11/2025
SIÊU PHẨM NHÀ ĐẸP KHU CHỢ VÃI PHÚ THỌ HOÀ 4 TẤM 62m2 CHỈ 7 TỶ,"7,2 tỷ","Đường Phú Thọ Hòa, Phường Phú Thọ Hòa, Tân Phú, Hồ Chí Minh",62 m²,8 phòng,5 phòng,4 tầng,Sổ đỏ/ Sổ hồng,27/11/2025
"8,9 Tỷ! HXH 6m đường Nguyễn Súy - Gò Dầu. Q Tân Phú. DT: 4,2x20m","8,9 tỷ","Đường Nguyễn Súy, Phường Tân Quý, Tân Phú, Hồ Chí Minh",84 m²,4 phòng,4 phòng,3 tầng,Sổ đỏ/ Sổ hồng,25/11/2025
"Bán nhà sát MT, đường D9 68m2 2tầng sàn BTCT MT khủng (5x13.5) 5.68tỷ ngon cực,Tây Thạnh Q.Tân Phú","5,68 tỷ","Đường D9, Phường Tây Thạnh, Tân Phú, Hồ Chí Minh",68 m²,3 phòng,N/A,2 tầng,Sổ đỏ/ Sổ hồng,27/11/2025
BÁN NHÀ MỚI ĐẸP 4x13 HẺM NHỰA 7M THÔNG XE HƠI NGỦ NHÀ CHỈ 8.4 TỶ,"8,4 tỷ","Đường Phan Anh, Phường Hiệp Tân, Tân Phú, Hồ Chí Minh",54 m²,4 phòng,5 phòng,3 tầng,Sổ đỏ/ Sổ hồng,27/11/2025
Giá tốt Tô Hiệu - Tân Phú 120m2 6tỷ8 TL,"6,8 tỷ","Đường Tô Hiệu, Phường Hiệp Tân, Tân Phú, Hồ Chí Minh",120 m²,8 phòng,8 phòng,2 tầng,Sổ đỏ/ Sổ hồng,26/11/2025
"Nhà mới 4tầng, full NTCC, hẻm 6m thông, giá chỉ: 8,39tỷ ngay Phan Anh, Hiệp Tân, Tân Phú, TP HCM","8,39 tỷ","Đường Phan Anh, Phường Hiệp Tân, Tân Phú, Hồ Chí Minh",56 m²,4 phòng,5 phòng,4 tầng,Sổ đỏ/ Sổ hồng,27/11/2025
"Nhà mới 4tầng, full NTCC, hẻm 6m thông, giá chỉ: 8,39tỷ ngay Phan Anh, Hiệp Tân, Tân Phú, TP HCM","8,39 tỷ","Đường Phan Anh, Phường Hiệp Tân, Tân Phú, Hồ Chí Minh",56 m²,4 phòng,5 phòng,4 tầng,Sổ đỏ/ Sổ hồng,27/11/2025
Giá tốt Tô Hiệu - Tân Phú 120m2 6tỷ8 TL,"6,8 tỷ","Đường Tô Hiệu, Phường Hiệp Tân, Tân Phú, Hồ Chí Minh",120 m²,8 phòng,8 phòng,2 tầng,Sổ đỏ/ Sổ hồng,26/11/2025
"Bán nhà đường Trịnh Đình Trọng (112m2 + 4 Tầng) Hẻm 6m Thông , Q. Tân Phú -0978 032 ***",10 tỷ,"Đường Trịnh Đình Trọng, Phường Hiệp Tân, Tân Phú, Hồ Chí Minh",111 m²,3 phòng,3 phòng,4 tầng,Sổ đỏ/ Sổ hồng,27/11/2025
"Chính chủ bán nhà mới xây hẻm 1/ Trần Thủ Độ 4m x 16m 2 lầu 4PN, 3WC","6,35 tỷ","Đường Trần Thủ Độ, Phường Phú Thạnh, Tân Phú, Hồ Chí Minh",64 m²,4 phòng,3 phòng,3 tầng,N/A,12/11/2025
"Bán Nhà Đường Lê Trọng Tấn + Tân Kỳ Tân Quý , 32m2 + 4 Tầng - Giá : 4,95 Tỷ -0978 032 ***","4,95 tỷ","Đường Lê Trọng Tấn, Phường Sơn Kỳ, Tân Phú, Hồ Chí Minh",32 m²,3 phòng,4 phòng,4 tầng,Sổ đỏ/ Sổ hồng,27/11/2025
"Chính chủ bán gấp nhà 2 lầu hẻm 5m đường Gò Dầu, 42m2, Giá: 6.5 tỷ. Lh:0934 196 ***","6,5 tỷ","Đường Gò Dầu, Phường Phú Thọ Hòa, Tân Phú, Hồ Chí Minh","41,5 m²",N/A,N/A,3 tầng,Sổ đỏ/ Sổ hồng,25/11/2025
"Hiếm Có nhà Trịnh Đình Trọng Lô Gốc , DT Ngang 5M x13 ,4 Tầng , 4PN, 3WC , Xe Hơi thông Q11, TB","9,89 tỷ","Đường Trịnh Đình Trọng, Phường Phú Trung, Tân Phú, Hồ Chí Minh",59 m²,4 phòng,3 phòng,4 tầng,Sổ đỏ/ Sổ hồng,27/11/2025
"Chỉ 7.2 tỷ, ngang 4x14m, 60m2, nhà 4 tầng, 2 mặt HXH thông thoáng ngay Đại Lộ Lê Trọng Tấn","7,2 tỷ","Đường Lê Trọng Tấn, Phường Tây Thạnh, Tân Phú, Hồ Chí Minh",60 m²,4 phòng,4 phòng,4 tầng,Sổ đỏ/ Sổ hồng,27/11/2025
"BÁN RẺ: Nhà Oto ngủ trong nhà 88m2/5 tầng(5PN/6WC) giá 12,5 tỷ( nhà thang máy) gần Luỹ Bán Bích.","12,5 tỷ","Đường Trịnh Đình Trọng, Phường Phú Trung, Tân Phú, Hồ Chí Minh",88 m²,5 phòng,5 phòng,5 tầng,Sổ đỏ/ Sổ hồng,15/11/2025
"Bán nhà 64m2, 3 tầng, 4PN - Nguyễn Minh Châu, sau Bệnh Viện Tân Phú + ĐH Văn Hiến - Chỉ 6.8 tỷ TL","6,8 tỷ","Đường Nguyễn Minh Châu, Phường Phú Trung, Tân Phú, Hồ Chí Minh",64 m²,4 phòng,3 phòng,3 tầng,Sổ đỏ/ Sổ hồng,14/11/2025
Nhà mới đẹp hẻm nhựa 7m khu Tô Hiệu 4x18m giá 7.9 Tỷ full nội thất,"7,9 tỷ","Đường Tô Hiệu, Phường Tân Thới Hòa, Tân Phú, Hồ Chí Minh",72 m²,3 phòng,4 phòng,N/A,Sổ đỏ/ Sổ hồng,27/11/2025
Nhà đẹp HXH 5m Sơn Kỳ - 90m2(4x23m) - 4tầng BTCT - 5PN 6WC - sát AeonMall - chủ gấp bán,"6,9 tỷ","Đường Sơn Kỳ, Phường Sơn Kỳ, Tân Phú, Hồ Chí Minh",90 m²,5 phòng,6 phòng,4 tầng,Sổ đỏ/ Sổ hồng,23/11/2025
Nhà mới 4x10m 1 trệt 2 lầu st hẻm Hiền Vương - Tân Phú. Giá 5.55 tỷ,"5,55 tỷ","Đường Hiền Vương, Phường Phú Thạnh, Tân Phú, Hồ Chí Minh",40 m²,4 phòng,5 phòng,4 tầng,Sổ đỏ/ Sổ hồng,27/11/2025
Nhà CHDV 4x15m 1 trệt 3 lầu 7PN 7WC full nội thất HXH Trần Văn Cẩn - Doanh thu 40tr,"8,3 tỷ","Đường Trần Văn Cẩn, Phường Tân Thới Hòa, Tân Phú, Hồ Chí Minh",60 m²,7 phòng,7 phòng,4 tầng,Sổ đỏ/ Sổ hồng,24/11/2025
NH HỖ TRỢ VAY 2-2.3tỷ- SIÊU PHẨM KHU TÂN SƠN NHÌ- 4M x 8M - 32M2 - 2 TẦNG- CÔNG NHẬN ĐỦ,"3,7 tỷ","Đường Tân Kỳ Tân Quý, Phường Tân Sơn Nhì, Tân Phú, Hồ Chí Minh",32 m²,2 phòng,2 phòng,2 tầng,Sổ đỏ/ Sổ hồng,12/11/2025
Nhà CHDV 1 trệt 3 lầu 9PN 9WC doanh thu 40tr/tháng hẻm Tân Thành,"8,3 tỷ","Đường Tân Thành, Phường Tân Thành, Tân Phú, Hồ Chí Minh",59 m²,9 phòng,9 phòng,4 tầng,Sổ đỏ/ Sổ hồng,24/11/2025
Bán nhà mới 4x13m 1 trệt 2 lầu 4PN 5WC full nội thất cao cấp,"8,4 tỷ","Đường Phan Anh, Phường Hiệp Tân, Tân Phú, Hồ Chí Minh",54 m²,4 phòng,5 phòng,3 tầng,Sổ đỏ/ Sổ hồng,25/11/2025
Bán nhà 5x14m 1 trệt 2 lầu ST 3PN 5WC HXH Nguyễn Sơn - Tân Phú,11 tỷ,"Đường Nguyễn Sơn, Phường Phú Thọ Hòa, Tân Phú, Hồ Chí Minh",70 m²,3 phòng,5 phòng,3 tầng,Sổ đỏ/ Sổ hồng,14/11/2025
"HIẾM TÂN PHÚ-MẶT TIỀN KINH DOANH-ĐƯỜNG 12M XE TẢI ĐỔ CỬA 3 TẦNG, 50M (4x13),3PN","6,5 tỷ","Đường B3, Phường Tây Thạnh, Tân Phú, Hồ Chí Minh",52 m²,3 phòng,3 phòng,3 tầng,Sổ đỏ/ Sổ hồng,27/11/2025
NHÀ ĐẸP HXH TÂN PHÚ ĐÓN TẾT 2026- KHU DÂN TRÍ CAO TẦNG- 4x14M- GIÁ NHỈNH 8TỶ,8 tỷ,"Phường Hiệp Tân, Tân Phú, Hồ Chí Minh",54 m²,5 phòng,6 phòng,N/A,Sổ hồng,25/11/2025
Bán nhà mới 4x16m 1 trệt 3 lầu ST 4PN 5WC HXH Phú Thọ Hoà - Tân Phú,"7,2 tỷ","Đường Phú Thọ Hòa, Phường Phú Thọ Hòa, Tân Phú, Hồ Chí Minh",64 m²,4 phòng,5 phòng,4 tầng,Sổ đỏ/ Sổ hồng,24/11/2025
"NHÀ HẺM 6M VƯỜN LÀI,TÂN PHÚ,DT 4.1X12M ĐÚC 5 TẤM,GIÁ HOT 7.8 TỶ TL","7,8 tỷ","Đường Vườn Lài, Phường Tân Thành, Tân Phú, Hồ Chí Minh",50 m²,5 phòng,4 phòng,4 tầng,Sổ đỏ/ Sổ hồng,27/11/2025
"Bán nhà 2 tầng, đường Lê Trọng Tấn, Tân Phú, DT 92m2 (4x23m), giá 7,5 tỷ","7,5 tỷ","Đường Lê Trọng Tấn, Phường Sơn Kỳ, Tân Phú, Hồ Chí Minh",92 m²,4 phòng,3 phòng,2 tầng,Sổ đỏ/ Sổ hồng,21/11/2025
"Bán nhà khu VIP 337 Tân Kỳ Tân Quý (4x14m vuông) Trệt - 3 Lầu Mới Đẹp, Cạnh AEON Mall, Giá 9.8 tỷ","9,8 tỷ","Đường Tân Kỳ Tân Quý, Phường Tân Sơn Nhì, Tân Phú, Hồ Chí Minh",58 m²,4 phòng,4 phòng,4 tầng,Sổ đỏ/ Sổ hồng,27/11/2025
"Siêu phẩm mới cứng 4x15m 4 lầu sân thượng hẻm 8m thông Vườn Lài giá chỉ 7.3 tỷ, LH0936 999 ***","7,3 tỷ","Đường Vườn Lài, Phường Phú Thọ Hòa, Tân Phú, Hồ Chí Minh",60 m²,5 phòng,5 phòng,4 tầng,Sổ đỏ,27/11/2025
Bán nhà HXH -Luỹ Bán Bích 90M2 CN 81m2 4tầng BTCT (4.7x18) chỉ 7.5tỷ Tân Thới Hoà Tân Phú.Cực ngon,"7,5 tỷ","Đường Lũy Bán Bích, Phường Tân Thới Hòa, Tân Phú, Hồ Chí Minh",81 m²,5 phòng,N/A,4 tầng,Sổ đỏ/ Sổ hồng,22/11/2025
"Nhà hẻm 6m đối diện Celedon Tân phú,DT 4x18m nhà C4,giá hot giảm 600tr xuống còn 5.9 tỷ bớt chút","5,9 tỷ","Đường Hương Lộ 3, Phường Sơn Kỳ, Tân Phú, Hồ Chí Minh",72 m²,N/A,N/A,N/A,Sổ đỏ/ Sổ hồng,27/11/2025
"Nhà hẻm 6m phường Tân Sơn Nhì,Tân Phú,Dt 4x20m 1 lầu đúc,giá siêu rẻ 7.9 tỷ TL","7,9 tỷ","Đường Nguyễn Văn Săng, Phường Tân Sơn Nhì, Tân Phú, Hồ Chí Minh",79 m²,3 phòng,2 phòng,2 tầng,Sổ đỏ/ Sổ hồng,27/11/2025
"Khu VIP Phú Thọ Hòa, hẻm thông, 25m2 nở hậu chỉ 3.3 tỷ","3,3 tỷ","Đường Phú Thọ Hòa, Phường Phú Thọ Hòa, Tân Phú, Hồ Chí Minh",25 m²,2 phòng,2 phòng,2 tầng,Sổ đỏ/ Sổ hồng,23/11/2025
"Bán Nhà Hẻm Tân Sơn Nhì cách mặt tiêng 20m - 4mx12m, giá 6.9 Tỷ, 2 Lầu, Sân Thượng","6,9 tỷ","Đường Tân Sơn Nhì, Phường Tân Sơn Nhì, Tân Phú, Hồ Chí Minh",50 m²,4 phòng,3 phòng,5 tầng,N/A,27/11/2025
"Đường 12m thông đường Tô Hiệu, phường Hiệp Tân DT 4,3mx24m giá 8,9 tỷ","8,9 tỷ","Đường Tô Hiệu, Phường Hiệp Tân, Tân Phú, Hồ Chí Minh",103 m²,N/A,N/A,N/A,Sổ đỏ/ Sổ hồng,27/11/2025
Nhà nát hẻm xe hơi 5m Tô Hiệu cách mặt tiền chỉ 2 căn 4x20m CN 80m2 giá 6.1 tỷ LH0936 999 ***,"6,1 tỷ","Đường Tô Hiệu, Phường Hiệp Tân, Tân Phú, Hồ Chí Minh",80 m²,1 phòng,1 phòng,1 tầng,Sổ đỏ/ Sổ hồng,14/11/2025
"Chỉ cần có 3 tỷ hơn có ngay nhà 76M2 - 4 tầng đẹp ngay Tân Sơn Nhì, Tân Phú - NH hỗ trợ vay 70%","8,5 tỷ","Đường Tân Sơn Nhì, Phường Tân Sơn Nhì, Tân Phú, Hồ Chí Minh",76 m²,4 phòng,5 phòng,4 tầng,Sổ đỏ/ Sổ hồng,24/11/2025
"Nhà đẹp ở liền. Hẻm 5m Trần Văn Ơn. DT: 4mx15.5m, 2 lầu, ST. 4PN. Giá 8.2 tỷ TL","8,2 tỷ","Đường Trần Văn Ơn, Phường Tân Sơn Nhì, Tân Phú, Hồ Chí Minh",62 m²,4 phòng,5 phòng,4 tầng,Sổ đỏ/ Sổ hồng,27/11/2025
"Cần bán gấp nhà đẹp 6 tầng, có thang máy - 4x18m - đường 10m thông ngay Nguyễn Sơn - Thoại Ngọc Hầu","11,99 tỷ","Đường Nguyễn Sơn, Phường Phú Thọ Hòa, Tân Phú, Hồ Chí Minh",72 m²,7 phòng,7 phòng,6 tầng,Sổ đỏ/ Sổ hồng.,24/11/2025
BÁN NHÀ SHR 2 LẦU MÁI ĐÚC BTCT ĐƯỜNG TÔ HIỆU PHƯỜNG TÂN THỚI HÒA QUẬN TÂN PHÚ-GIÁ CHỈ 6 TỶ 950TR TL,"6,95 tỷ","Đường Tô Hiệu, Phường Tân Thới Hòa, Tân Phú, Hồ Chí Minh",60 m²,N/A,N/A,3 tầng,Sổ đỏ/ sổ hồng,24/11/2025
"Nhà mới vào ở ngay hẻm xe hơi kề Aeon Mall, sát chợ - Tân Phú giá chỉ hơn 6 tỷ. LH0938 087 ***",Thỏa thuận,"Đường 26/3, Phường Sơn Kỳ, Tân Phú, Hồ Chí Minh","49,8 m²",4 phòng,3 phòng,3 tầng,Sổ hồng,27/11/2025
"CHỈ HƠN 3 TỶ CÓ NGAY CĂN NHÀ GẦN AEON MALL TÂN PHÚ, 30M2 , 2 TẦNG NỘI THẤT XỊN XÒ, Ở NGAY","3,6 tỷ","Đường Đỗ Công Tường, Phường Tân Quý, Tân Phú, Hồ Chí Minh",30 m²,2 phòng,2 phòng,2 tầng,Sổ đỏ/ Sổ hồng,27/11/2025
"Bán nhà Đường 6m Tân Kỳ Tân Quý, Quận Tân Phú (6.3m x 18.5m) nhà 1 trệt 1 lầu","9,5 tỷ","Đường Tân Kỳ Tân Quý, Phường Sơn Kỳ, Tân Phú, Hồ Chí Minh",116 m²,3 phòng,3 phòng,2 tầng,Sổ đỏ/ Sổ hồng,27/11/2025
1 ngôi nhà vị trí đẹp ngay trường học chợ ngần Aeon Tân Phú phường vip sân bay 15 phúc,"5,68 tỷ","Phường Tân Sơn Nhì, Tân Phú, Hồ Chí Minh",56 m²,3 phòng,2 phòng,2 tầng,Sổ đỏ/ Sổ hồng,27/11/2025
Bán Nhà ngay ngã tư 4 xã. Sầm uất. Hẻm xe hơi thông tứ tung. 4 tầng lầu. Nhỉnh 6 tỷ,"6,01 tỷ","Đường Thoại Ngọc Hầu, Phường Hiệp Tân, Tân Phú, Hồ Chí Minh",56 m²,4 phòng,3 phòng,4 tầng,Sổ đỏ/ Sổ hồng,27/11/2025
"CHỢ VẢI PHÚ THỌ HOÀ. NHÀ ĐẸP XE HƠI TỚI CỬA, BÁN GIÁ 4.1 TỶ. DT 4 x 10.2m. Q TÂN PHÚ.","4,1 tỷ","Đường Phú Thọ Hòa, Phường Phú Thọ Hòa, Tân Phú, Hồ Chí Minh","40,2 m²",2 phòng,2 phòng,2 tầng,Sổ đỏ/ Sổ hồng,27/11/2025
NHÀ ĐẸP 4 TẦNG HUỲNH THIỆN LỘC HẺM NHỰA XE TẢI 8Tỷ còn TL,8 tỷ,"Đường Huỳnh Thiện Lộc, Phường Hòa Thạnh, Tân Phú, Hồ Chí Minh",64 m²,5 phòng,4 phòng,4 tầng,Sổ đỏ/ Sổ hồng,12/11/2025
"Bán nhà hẻm thông 40 Tô Hiệu, Quận Tân Phú (diện tích khủng 3.7mx20m) (5 tầng) + Thang Máy","8,8 tỷ","Hẻm 57 Đường Tô Hiệu, Phường Hiệp Tân, Tân Phú, Hồ Chí Minh",72 m²,7 phòng,7 phòng,6 tầng,Sổ đỏ/ Sổ hồng,17/11/2025
"BÁN NHÀ HXH 6M ÂU CƠ - Q.TÂN PHÚ, DT 5X20M=100M2, CẤP 4, GIÁ 8.5 TỶ TL","8,5 tỷ","Đường Âu Cơ, Phường Tân Thành, Tân Phú, Hồ Chí Minh",100 m²,5 phòng,N/A,N/A,Sổ đỏ/ Sổ hồng,27/11/2025
Nhà bán Tân Phú Tây Sơn kế chợ Tân Hương - 54m2 - ngang đẹp 4.9x11m -2tầng- Giá 4.xtỷ lớn,"4,8 tỷ","Đường Tây Sơn, Phường Phú Thọ Hòa, Tân Phú, Hồ Chí Minh",54 m²,2 phòng,2 phòng,2 tầng,Sổ đỏ/ Sổ hồng,27/11/2025
2 mặt tiền kinh doanh lô góc - Tân Phú - vị trí siêu đẹp - đã có giấy phép xây 6 tầng - ngộp bank,"12,5 tỷ","Đường Gò Dầu, Phường Tân Quý, Tân Phú, Hồ Chí Minh",109 m²,4 phòng,2 phòng,2 tầng,Sổ đỏ/ Sổ hồng,26/11/2025
HXH sát MT Lê Trọng Tấn -92m2(4x23m) -2tầng - 4PN - HĐ thuê 16tr/th - sát Aeonmall - ĐH Công Thương,"7,5 tỷ","Đường Lê Trọng Tấn, Phường Sơn Kỳ, Tân Phú, Hồ Chí Minh",92 m²,4 phòng,N/A,2 tầng,Sổ đỏ/ Sổ hồng,27/11/2025
"Hẻm 6m thông ra đường Cầu Xéo , Diện tích : 5m * 20m , 2 lầu + ST chỉ 10,5 tỷ , gần ngay công viên","10,5 tỷ","Đường Cầu Xéo, Phường Tân Sơn Nhì, Tân Phú, Hồ Chí Minh",100 m²,4 phòng,3 phòng,3 tầng,Sổ đỏ/ Sổ hồng,23/11/2025
"Bán nhà hẻm 5m - đường Chế Lan Viên, Tây Thạnh, Tân Phú","8,5 tỷ","Đường Chế Lan Viên, Phường Tây Thạnh, Tân Phú, Hồ Chí Minh",75 m²,4 phòng,4 phòng,2 tầng,Đã có sổ,27/11/2025
Mới trung tâm Tây Thạnh Tân Phú-87m2-hàng hiếm-Lô góc 3 mặt tiền-căn duy nhất -Giá nhỉnh 6.xtỷ xíu,"6,7 tỷ","Đường Hồ Đắc Di, Phường Tây Thạnh, Tân Phú, Hồ Chí Minh",87 m²,N/A,N/A,2 tầng,Sổ đỏ/ Sổ hồng,27/11/2025
"Bán nhà đường 10m Nguyễn Sơn, Phường Phú Thọ Hoà, Quận Tân Phú (4mx18m)(5 tấm)(11.7 tỷ)(Thang máy)","11,7 tỷ","Đường Nguyễn Sơn, Phường Phú Thọ Hòa, Tân Phú, Hồ Chí Minh",72 m²,5 phòng,6 phòng,5 tầng,Sổ đỏ/ Sổ hồng.,27/11/2025
"Hẻm nhựa 8m Cầu Xéo, Tân Kỳ Tân Quý 4 X 18m đúc 4 tầng 9.3 tỷ","9,3 tỷ","Đường Cầu Xéo, Phường Tân Sơn Nhì, Tân Phú, Hồ Chí Minh",72 m²,4 phòng,5 phòng,4 tầng,N/A,27/11/2025
Bán nhà quận Tân Phú nhà mới full nội thất xe hơi thông khu phân lô ngay Tô Hiệu,"8,4 tỷ","Hẻm 262, Đường Phan Anh, Phường Hiệp Tân, Tân Phú, Hồ Chí Minh",54 m²,4 phòng,5 phòng,3 tầng,Sổ đỏ/ Sổ hồng,25/11/2025
Bán nhà mới Tân Phú full nội thất - hẻm nhựa xe tải - 4PN view đẹp - giá 8.4 ty,"8,4 tỷ","Đường Phan Anh, Phường Hiệp Tân, Tân Phú, Hồ Chí Minh",54 m²,4 phòng,5 phòng,3 tầng,Sổ đỏ/ Sổ hồng,26/11/2025
"Bán nhà Tân Kỳ Tân Quý, phường Tân Sơn Nhì, 64m2, 3 tầng, gần ĐH Công Thương, nhỉnh 5 tỷ","5,3 tỷ","Đường Tân Kỳ Tân Quý, Phường Tân Sơn Nhì, Tân Phú, Hồ Chí Minh",64 m²,4 phòng,3 phòng,3 tầng,Sổ đỏ/ Sổ hồng,27/11/2025
Nguyễn Sơn - 60m2 - sổ vuông - chính chủ đang ở - kẹt nợ bán nhanh 1 tuần,"6,2 tỷ","Đường Nguyễn Sơn, Phường Phú Thạnh, Tân Phú, Hồ Chí Minh",60 m²,N/A,N/A,N/A,Sổ đỏ/ Sổ hồng,18/11/2025
"Hoà Bình - 4,5x15 - nhà 4 tầng BTCT - gần Đầm Sen - chính chủ gửi","6,9 tỷ","Đường Hòa Bình, Phường Hiệp Tân, Tân Phú, Hồ Chí Minh",64 m²,N/A,N/A,4 tầng,Sổ đỏ/ Sổ hồng,18/11/2025
"Vườn Lài - oto ngủ nhà - 5,2x10 - chủ bán kín - làm việc chính chủ","5,8 tỷ","Đường Vườn Lài, Phường Phú Thọ Hòa, Tân Phú, Hồ Chí Minh",52 m²,N/A,N/A,N/A,Sổ đỏ/ Sổ hồng,18/11/2025
"Vườn Lài - oto ngủ nhà - 5,2x10 - chủ bán kín - làm việc chính chủ","5,8 tỷ","Đường Vườn Lài, Phường Phú Thọ Hòa, Tân Phú, Hồ Chí Minh",52 m²,N/A,N/A,N/A,Sổ đỏ/ Sổ hồng,18/11/2025
Chính chủ Bán nhà - 144m2 - Trống suốt - Đường 10m - Q. Tân Phú,"16,8 tỷ","Đường Phạm Qúy Thích, Phường Tân Quý, Tân Phú, Hồ Chí Minh",144 m²,N/A,1 phòng,N/A,Sổ đỏ/ Sổ hồng,13/11/2025
HXH Lê Trọng Tấn - 5x13 - 3tầng BTCT- sát mặt tiền - chính chủ gửi - hàng kín,"6,9 tỷ","Đường Lê Trọng Tấn, Phường Sơn Kỳ, Tân Phú, Hồ Chí Minh",65 m²,N/A,N/A,3 tầng,Sổ đỏ/ Sổ hồng,18/11/2025
Ngay mặt tiền Gò Dầu - gần Aeon Mall Tân Phú - nhà 6 tầng 6*13m - đường thông xe tải,"14,2 tỷ","Đường Gò Dầu, Phường Tân Quý, Tân Phú, Hồ Chí Minh",74 m²,6 phòng,7 phòng,6 tầng,Sổ đỏ/ Sổ hồng,24/11/2025
"Nhà 4 tầng 4PN Nguyễn Hữu Tiến Hẻm Oto DT 40m2 giá 5,6 tỷ sổ đẹp hoàn công đủ vào ở ngay","5,6 tỷ","Đường Nguyễn Hữu Tiến, Phường Tây Thạnh, Tân Phú, Hồ Chí Minh",40 m²,4 phòng,3 phòng,4 tầng,Sổ đỏ/ Sổ hồng,27/11/2025
"Cực ngon chủ gấp bán giảm mạnh 1 tỷ Dương Đức Hiền 120m2 2tầng (5/6)x22m 8,55tỷ Tây Thạnh, Tân Phú","8,55 tỷ","Đường Dương Đức Hiền, Phường Tây Thạnh, Tân Phú, Hồ Chí Minh",120 m²,5 phòng,5 phòng,2 tầng,Sổ đỏ/ Sổ hồng,27/11/2025
"BÁN NHÀ TÂY THẠNH, 2 MẶT TIỀN, 3 TẦNG BTCT , 50M2 , CHỈ NHỈNH 6 TỶ","6,55 tỷ","Đường B3, Phường Tây Thạnh, Tân Phú, Hồ Chí Minh",50 m²,3 phòng,3 phòng,3 tầng,Sổ đỏ/ Sổ hồng,27/11/2025
"Bán nhà riêng 4PN, 3WC, 52m2, 8,4 tỷ tại Phan Anh, Hiệp Tân, Tân Phú, HCM","8,4 tỷ","Đường Phan Anh, Phường Hiệp Tân, Tân Phú, Hồ Chí Minh",52 m²,4 phòng,3 phòng,3 tầng,N/A,25/11/2025
"Bán nhà đường nội bộ Độc Lập, Phường Tân Thành, Quận Tân Phú 4mx16m - 4 Lầu - Giá 7.6 tỷ","7,6 tỷ","Nguyễn Trường Tộ, Tân Thành, Tân Phú, Hồ Chí Minh",64 m²,4 phòng,4 phòng,4 tầng,N/A,27/11/2025
"Bán nhà riêng 4 tầng, 4PN, 5WC, 70.3m2 tại đường Gò Dầu, Phú Thọ Hòa, Tân Phú, 10 tỷ",10 tỷ,"Đường Gò Dầu, Phường Tân Quý, Tân Phú, Hồ Chí Minh","70,3 m²",4 phòng,5 phòng,4 tầng,Sổ đỏ/ Sổ hồng,26/11/2025
"Bán nhà Thoại Ngọc Hầu Ngay UBND - HXH 8m - 4x14,1m - 4 tầng xe hơi vô nhà","8,28 tỷ","Đường Thoại Ngọc Hầu, Phường Hòa Thạnh, Tân Phú, Hồ Chí Minh","56,4 m²",4 phòng,4 phòng,4 tầng,Sổ đỏ/ Sổ hồng,25/11/2025
"Bán nhà 3 tầng, 4PN, 3WC, ngay Aeon, sổ vuông đẹp, không lộ giới, đường xe KIA, chỉ 4 tỷ",4 tỷ,"Đường Bờ Bao Tân Thắng, Phường Sơn Kỳ, Tân Phú, Hồ Chí Minh",36 m²,4 phòng,3 phòng,3 tầng,Sổ đỏ/ Sổ hồng,27/11/2025
Nhà đẹp hẻm 7m Nguyễn Súy cách MT chỉ 30m | DT 4.2x13m | 3 tầng ST | 4PN | giá 7.2 tỷ LH0936 999 ***,"7,2 tỷ","Đường Nguyễn Súy, Phường Tân Quý, Tân Phú, Hồ Chí Minh",60 m²,4 phòng,4 phòng,3 tầng,Sổ đỏ/ Sổ hồng,27/11/2025
"Bán nhà hẻm Tân Sơn Nhì, Phường Tân Sơn Nhì, Quận Tân Phú - nhà 5 Tấm - giá 6.9 tỷ","6,9 tỷ","Đường Tân Sơn Nhì, Phường Tân Sơn Nhì, Tân Phú, Hồ Chí Minh",50 m²,4 phòng,4 phòng,4 tầng,Sổ đỏ/ Sổ hồng,27/11/2025
"Nhà hẻm xe Tải tránh thông Đỗ Thừa Luông Tân Phú DT 4x21 Giá chỉ 7,9 tỷ. Sổ đẹp nở hậu","7,9 tỷ","Đường Đỗ Thừa Luông, Phường Tân Quý, Tân Phú, Hồ Chí Minh",84 m²,2 phòng,2 phòng,2 tầng,Sổ đỏ/ Sổ hồng,27/11/2025
"Bán nhà 4 tầng hẻm xe tải Trịnh Đình Trọng, Phú Trung, Tân Phú, 5.3mx9.4m","8,3 tỷ","Đường Trịnh Đình Thảo, Phường Phú Trung, Tân Phú, Hồ Chí Minh","48,6 m²",N/A,N/A,4 tầng,Có sổ,27/11/2025
"Bán nhà hẻm 85 Nguyễn Thế Truyện (4,6x18m) cấp 4. Giá 8,5 tỷ - P Tân Sơn Nhì","8,2 tỷ","Hẻm 85, Đường Nguyễn Thế Truyện, Phường Tân Sơn Nhì, Tân Phú, Hồ Chí Minh","82,8 m²",N/A,N/A,N/A,Sổ đỏ/ Sổ hồng,27/11/2025
"Chính chủ cần bán nhà đẹp giá rẻ, khu dân cư an ninh, đường Tân Kỳ Tân Quý, giá chỉ 4.9 tỷ","4,9 tỷ","Đường Tân Kỳ Tân Quý, Phường Tân Sơn Nhì, Tân Phú, Hồ Chí Minh",53 m²,2 phòng,2 phòng,2 tầng,Sổ đỏ/ Sổ hồng,25/11/2025
"Bán nhà Hẻm 6m thông đường Phan Anh_P.Hiệp Tân_Tân Phú, 2 lầu ST, DT: 4x14m, Giá: 7.5 tỷ bớt lộc","7,5 tỷ","Đường Phan Anh, Phường Hiệp Tân, Tân Phú, Hồ Chí Minh",56 m²,4 phòng,4 phòng,3 tầng,Sổ đỏ/ Sổ hồng,27/11/2025
Chủ Gửi Bán Nhà Hẻm Xe Hơi Tây Thạnh- DT 4x10m trệt 2 lầu - 2MT Trước Sau - Giá 6ty,6 tỷ,"Đường Tây Thạnh, Phường Tây Thạnh, Tân Phú, Hồ Chí Minh",40 m²,N/A,N/A,3 tầng,N/A,25/11/2025
"Khu vip Tân Phú - hẻm nhựa xe tải 6m - kế bên khu chợ Vải, Lê Thúc Hoạch - 4 tầng","9,7 tỷ","Đường Vườn Lài, Phường Phú Thọ Hòa, Tân Phú, Hồ Chí Minh",76 m²,4 phòng,6 phòng,4 tầng,Sổ đỏ/ Sổ hồng,27/11/2025
"CĂN GÓC 2 MT NHÀ TK SANG TRỌNG ĐƯỜNG 16M CÓ VỈA HÈ (7MX16.6M)_ ĐÚC 3.5 TẤM, CÓ THANG MÁY","18,7 tỷ","Đường Tân Quý, Phường Tân Quý, Tân Phú, Hồ Chí Minh","116,3 m²",5 phòng,N/A,4 tầng,Sổ đỏ/ Sổ hồng,27/11/2025
Khu nhà đồng bộ - cao cấp Nguyễn Văn Yến (dt 4x15m)_ 2 lầu ST Giá chỉ 8.6 tỷ TL,"8,6 tỷ","Đường Nguyễn Văn Yến, Phường Hiệp Tân, Tân Phú, Hồ Chí Minh",60 m²,4 phòng,3 phòng,4 tầng,Sổ đỏ/ Sổ hồng,27/11/2025
"Bán nhà riêng 568/18 Lê Trọng Tấn, 27,5 tỷ, 273m2, chính chủ, giá tốt","27,5 tỷ","568/18 Đường Lê Trọng Tấn, Phường Tây Thạnh, Tân Phú, Hồ Chí Minh",273 m²,N/A,N/A,N/A,Sổ đỏ/ Sổ hồng,27/11/2025
Nhà Đẹp Lý Thánh Tông Tân Phú-ngang hiếm 5x16 - 2 tầng-nhỉnh 7tỷ xíu-vị trí trung tâm kế Đầm sen,"7,65 tỷ","Đường Lý Thánh Tông, Phường Tân Thới Hòa, Tân Phú, Hồ Chí Minh",80 m²,3 phòng,2 phòng,2 tầng,Sổ đỏ/ Sổ hồng,27/11/2025
Bán Nhà quận Tân Phú đường Phan Anh ngang (4 X 14mét ) còn thương lượng,"8,4 tỷ","Đường Phan Anh, Phường Hiệp Tân, Tân Phú, Hồ Chí Minh",54 m²,4 phòng,5 phòng,3 tầng,Sổ đỏ/ Sổ hồng,25/11/2025
Nhà mặt tiền chợ Tân Sơn Nhì ngang gần 7m mà giá chỉ 12 tỷ. Khu vực đông đúc kinh doanh tốt,12 tỷ,"Tân Sơn Nhì, Tân Sơn Nhì, Tân Phú, Hồ Chí Minh","72,6 m²",N/A,N/A,3 tầng,Sổ đỏ/ Sổ hồng,27/11/2025
"Bán nhà Lê Thúc Hoạch - 5,5 x 16m - 4 tầng - hẻm xe hơi 7 chỗ - nội thất xịn - giá chỉ 9,65 tỷ","9,65 tỷ","Đường Lê Thúc Hoạch, Phường Phú Thọ Hòa, Tân Phú, Hồ Chí Minh",78 m²,4 phòng,6 phòng,4 tầng,Sổ đỏ/ Sổ hồng,26/11/2025
"Mình bán nhà đẹp, rẻ, đường ô tô, Gò Dầu, Q. Tân Phú, chỉ 6.1 tỷ, alo0877 737 ***","6,1 tỷ","Đường Gò Dầu, Phường Tân Quý, Tân Phú, Hồ Chí Minh",66 m²,4 phòng,4 phòng,3 tầng,Sổ đỏ/ Sổ hồng.,27/11/2025
"Bán nhà HXH 345 Tân Kỳ Tân Quý,P.Tân Quý 4x19m đúc BTCT hướng Đông Nam","8,5 tỷ","Đường Tân Kỳ Tân Quý, Phường Tân Quý, Tân Phú, Hồ Chí Minh",77 m²,5 phòng,3 phòng,2 tầng,Sổ đỏ/ Sổ hồng,27/11/2025
Nhà đẹp ở ngay hẻm 6m thông khu bàn cờ đường Lê Thúc Hoạch 4m x12.5m 2 tầng - 3PN,"6,45 tỷ","127/, Đường Lê Thúc Hoạch, Phường Phú Thọ Hòa, Tân Phú, Hồ Chí Minh","49,6 m²",3 phòng,2 phòng,2 tầng,Sổ đỏ/ Sổ hồng,26/11/2025
"Chủ mới gửi - cực hot, Lê Trọng Tấn 73m2 4T BTCT 5x14.8m, 5.8tỷ Sơn Kỳ, Tân Phú. Ngộp bán gấp","5,8 tỷ","Đường Lê Trọng Tấn, Phường Sơn Kỳ, Tân Phú, Hồ Chí Minh",73 m²,6 phòng,6 phòng,4 tầng,Sổ đỏ/ Sổ hồng,27/11/2025
Giá rẻ hơn 80tr/m2 HXH Đường Lê Trọng Tấn - Tây Thạnh - Tân Phú ( diện tích 10x20m vuông / 16.5 tỷ),"16,5 tỷ","Đường Lê Trọng Tấn, Phường Tây Thạnh, Tân Phú, Hồ Chí Minh",200 m²,N/A,N/A,N/A,N/A,27/11/2025
Siêu Phẩm 2 Tầng - 4 Phòng Ngủ - FLL Nội Thất - MỚI ĐẸP - Hẻm xe hơi 7m Tô Hiệu - Chỉ 7.5 tỷ,"7,9 tỷ","Đường Tô Hiệu, Phường Tân Thới Hòa, Tân Phú, Hồ Chí Minh",92 m²,4 phòng,5 phòng,2 tầng,N/A,26/11/2025
Siêu Phẩm 2 tầng - Hẻm xe hơi 10m Phú Thọ Hoà - Dtsd 114m2 - ngay chợ vải Phú Thọ Hoà - Chỉ 7.6 tỷ,"7,6 tỷ","Đường Phú Thọ Hòa, Phường Phú Thọ Hòa, Tân Phú, Hồ Chí Minh",85 m²,N/A,N/A,2 tầng,Sổ đỏ/ Sổ hồng,26/11/2025
"Bán nhà HXH Lê Trọng Tấn 62m2, ngang 4.1m gần chợ Sơn Kỳ, Aeon Mall chỉ 4.99 tỷ!","4,99 tỷ","Đường Lê Trọng Tấn, Phường Tây Thạnh, Tân Phú, Hồ Chí Minh",62 m²,N/A,N/A,1 tầng,Sổ đỏ/ Sổ hồng,24/11/2025
"nhà 2 tầng 55m2 hẻm nhựa Tân Kỳ Tân Quý thông Trần Văn Ơn, Quận Tân 5,1 ti","5,1 tỷ","Đường Tân Kỳ Tân Quý, Phường Tân Sơn Nhì, Tân Phú, Hồ Chí Minh",55 m²,3 phòng,N/A,2 tầng,Sổ đỏ/ Sổ hồng,27/11/2025
"Bán nhà HXH 9M Luỹ Bán Bích Phường Tân Thành Tân Phú, 1 phút tới chợ Tân Phú chỉ 10 tỷ!",10 tỷ,"Đường Lũy Bán Bích, Phường Tân Thành, Tân Phú, Hồ Chí Minh",60 m²,N/A,N/A,N/A,Sổ đỏ/ Sổ hồng,25/11/2025
"Bán nhà riêng 4 tầng tại Nguyễn Hữu Tiến, 78,9m2, 5PN, 5WC, xe hơi tránh nhau thông thoáng","12,9 tỷ","Đường Nguyễn Hữu Tiến, Phường Tây Thạnh, Tân Phú, Hồ Chí Minh","78,9 m²",5 phòng,5 phòng,4 tầng,Sổ đỏ/ Sổ hồng,26/11/2025
HẺM XE HƠI THÔNG PHAN ANH HÒA BÌNH 3 TẦNG 4M x 14M Sát BỐN XÃ Hơn 8 TY,8 tỷ,"Đường Phan Anh, Phường Hiệp Tân, Tân Phú, Hồ Chí Minh",56 m²,4 phòng,5 phòng,3 tầng,Sổ đỏ/ Sổ hồng,27/11/2025
"Nhà phố như Biệt thự, 4 tầng mới xây, đối diện Chung cư Sơn Kỳ. 12.5 tỷ","12,5 tỷ","Đường CN1, Phường Sơn Kỳ, Tân Phú, Hồ Chí Minh",104 m²,4 phòng,5 phòng,4 tầng,Sổ đỏ/ Sổ hồng,22/11/2025
"NHÀ MỚI 4 TẦNG 6TỶ15 40M2, TÔ HIỆU PHAN ANH TÂN PHÚ","6,15 tỷ","Đường Trần Thị Báo, Phường Hiệp Tân, Tân Phú, Hồ Chí Minh",40 m²,5 phòng,4 phòng,4 tầng,Sổ đỏ/ Sổ hồng,27/11/2025
"NHÀ MỚI 5 TẦNG 5TỶ7 40M2, HIỀN VƯƠNG TÂN PHÚ","5,7 tỷ","Đường Hiền Vương, Phường Phú Thạnh, Tân Phú, Hồ Chí Minh",40 m²,4 phòng,5 phòng,4 tầng,Sổ đỏ/ Sổ hồng,27/11/2025
"Bán nhà HXH Lê Thúc Hoạch q.Tân Phú 62m², 4TẦNG - 9.29 tỷ TL - GẦN CHỢ TÂN HƯƠNG","9,29 tỷ","Đường Lê Thúc Hoạch, Phường Phú Thọ Hòa, Tân Phú, Hồ Chí Minh",62 m²,N/A,N/A,4 tầng,Sổ đỏ/ Sổ hồng,27/11/2025
"Nhà đẹp gấp bán giá tốt Gò Dầu 54m2 4 tầng BTCT (4x13.5) 5PN chỉ 5.1 tỷ Tân Quý, Tân Phú","5,1 tỷ","Đường Gò Dầu, Phường Tân Quý, Tân Phú, Hồ Chí Minh",54 m²,5 phòng,4 phòng,4 tầng,Sổ đỏ/ Sổ hồng.,15/11/2025
"BÁN NHÀ MẶT TIỀN GẦN CHỢ TÂN HƯƠNG PHÚ THỌ HOÀ, GÒ DẦU, TÂN PHÚ, NGANG 5M, 92M2, GIÁ 8,45 TỶ","8,45 tỷ","Đường Tây Sơn, Phường Phú Thọ Hòa, Tân Phú, Hồ Chí Minh",92 m²,4 phòng,N/A,2 tầng,Sổ đỏ/ Sổ hồng,27/11/2025
"BÁN NHÀ ĐẸP, HẺM Ô TÔ 8M, KHU VIP TÂN SƠN NHÌ, QUẬN TÂN PHÚ, 60M2, 4TẦNG, 4PN, GIÁ 9,6 TỶ","9,6 tỷ","Đường Cầu Xéo, Phường Tân Sơn Nhì, Tân Phú, Hồ Chí Minh",60 m²,4 phòng,N/A,4 tầng,Sổ đỏ/ Sổ hồng,27/11/2025
VƯỜN LÀI HXH THÔNG 73M NHÀ MỚI 2 TẦNG 4PN DÒNG T.IỀN 15TR CHỈ 7.X TỶ,"7,5 tỷ","Đường Vườn Lài, Phường Phú Thọ Hòa, Tân Phú, Hồ Chí Minh",73 m²,4 phòng,4 phòng,2 tầng,Sổ đỏ/ Sổ hồng,27/11/2025
"Hẻm 6m Nguyễn Cửu Đàm 6x25m, vuông đẹp không lỗi, cấp 4 công nhận đủ 150m2. Ngay ngã 4 Tân Sơn Nhì","13,5 tỷ","Đường Nguyễn Cửu Đàm, Phường Tân Sơn Nhì, Tân Phú, Hồ Chí Minh",150 m²,2 phòng,2 phòng,1 tầng,Sổ đỏ/ Sổ hồng,22/11/2025
Siêu phẩm Tân Phú - khu VIP Tân Hương - 64m2(4 x 16)A4 - 4 tầng mới 100% tặng nội thất,"9,79 tỷ","Đường Tân Hương, Phường Tân Quý, Tân Phú, Hồ Chí Minh",64 m²,4 phòng,5 phòng,4 tầng,Có sổ,23/11/2025
Bán nhà HXH 6m - Tây Thạnh - Tân Phú - gần Aeon Mall - trệt lầu - giá 5.79 tỷ,"5,79 tỷ","Đường Tây Thạnh, Phường Tây Thạnh, Tân Phú, Hồ Chí Minh","41,3 m²",2 phòng,2 phòng,2 tầng,Sổ đỏ/ Sổ hồng,25/11/2025
MT nội bộ vip đường Gò Dầu Tân Phú 4x22m đúc 1 lầu 7.95 tỷ,"7,95 tỷ","Đường Gò Dầu, Phường Tân Quý, Tân Phú, Hồ Chí Minh",84 m²,3 phòng,3 phòng,2 tầng,Sổ đỏ/ Sổ hồng,26/11/2025
BÁN NHÀ HẺM XE HƠI GẦN MẶT TIỀN ÂU CƠ 50 M2 - Sổ A4- NHỈNH 5 TỶ!,"5,5 tỷ","Đường Âu Cơ, Phường Phú Trung, Tân Phú, Hồ Chí Minh",50 m²,2 phòng,2 phòng,2 tầng,Sổ đỏ/ Sổ hồng,25/11/2025
"Bán nhà đường Dương Đức Hiền, P. Tây Thạnh, Tân Phú, DT 120 m2 (5x22m), giá 8,55 tỷ","8,55 tỷ","Đường Dương Đức Hiền, Phường Tây Thạnh, Tân Phú, Hồ Chí Minh",120 m²,5 phòng,5 phòng,2 tầng,Sổ đỏ/ Sổ hồng,24/11/2025
Nhà Nguyễn Sơn Tân Phú- 55m2-Giá Mềm 6.xTy-Hẻm Xe Hơi-ngang lớn 4.7M-Vừa Ở Vừa Kinh Doanh online.,"6,3 tỷ","Đường Nguyễn Sơn, Phường Phú Thọ Hòa, Tân Phú, Hồ Chí Minh",55 m²,2 phòng,2 phòng,2 tầng,Sổ đỏ/ Sổ hồng,21/11/2025
NHÀ MỚI GIÁ 6.Tỷ 3TẦNG TRẦN THỦ ĐÔ Trung Tâm TÂN PHÚ -50m2 - ngang hiếm 5M -Tiện ích đầy đủ.,6 tỷ,"Đường Trần Thủ Độ, Phường Phú Thọ Hòa, Tân Phú, Hồ Chí Minh",50 m²,2 phòng,2 phòng,3 tầng,Sổ đỏ/ Sổ hồng,21/11/2025
Bán Nhà TÂN PHÚ-VƯỜN LÀI 2tầng 7.2TỶ 4.1x15 nhà 2 mặt hẻm tiện ích xung quanh đầy đủ.,7 tỷ,"Đường Vườn Lài, Phường Phú Thọ Hòa, Tân Phú, Hồ Chí Minh",63 m²,3 phòng,2 phòng,2 tầng,Sổ đỏ/ Sổ hồng,23/11/2025
"(Hiếm) hẻm xe hơi 8m - Lý Tuệ - Tân Phú - 200m ra Tân Kỳ Tân Quý, 50m2 - nhỉnh 5 tỷ","5,15 tỷ","Đường Lý Tuệ, Phường Tân Quý, Tân Phú, Hồ Chí Minh",55 m²,3 phòng,2 phòng,2 tầng,Sổ đỏ/ Sổ hồng,26/11/2025
Siêu Phẩm 2 Tầng - Lô Góc 2 Mặt Tiền - 60m2 - Tân Sơn Nhì - Tân Phú- Vừa Ở Vừa KD Văn Phòng Công Ty,"8,5 tỷ","Phường Tân Sơn Nhì, Tân Phú, Hồ Chí Minh",60 m²,2 phòng,2 phòng,2 tầng,Sổ đỏ/ Sổ hồng,26/11/2025
Nhà Bán Trung Tâm ngay khu họ lê Tân Phú-4x15-3tầng BTCT-Mặt Tiền Đường Cực Rộng 12m-Nở Hậu-Giá7TỶX,"7,7 tỷ","Đường Lê Lâm, Phường Phú Thạnh, Tân Phú, Hồ Chí Minh",60 m²,3 phòng,2 phòng,3 tầng,Sổ đỏ/ Sổ hồng,25/11/2025
"Nhà đẹp hẻm xe hơi 1 trục Âu Cơ, Tân Phú, 60m2, 4PN, cực ngon, chỉ 4 tỷ 55",Thỏa thuận,"Đường Âu Cơ, Phường Tân Thành, Tân Phú, Hồ Chí Minh",60 m²,4 phòng,N/A,N/A,Sổ đỏ/ Sổ hồng,16/11/2025
"Chính chủ bán nhà HXH, ngay Nguyễn Quý Anh, Tân Kỳ Tân Quý, 70m2, 8,8 tỷ TL","8,8 tỷ","Đường Nguyễn Quý Anh, Phường Tân Sơn Nhì, Tân Phú, Hồ Chí Minh",70 m²,N/A,N/A,N/A,Sổ hồng,26/11/2025
Bán Nhà HXH Nguyễn Sơn Phú Thọ Hòa 4.7x11.65m HỢP MỞ CÔNG TY KINH DOANH ONLINE HAY ĐỂ Ở,"6,3 tỷ","Đường Nguyễn Sơn, Phường Phú Thọ Hòa, Tân Phú, Hồ Chí Minh",55 m²,N/A,N/A,2 tầng,Sổ đỏ/ Sổ hồng,26/11/2025
Bán gấp trong tuần - Bán nhà Lũy Bán Bích 55m² 2 tầng - 5.15 tỷ,"5,15 tỷ","Đường Lũy Bán Bích, Phường Hòa Thạnh, Tân Phú, Hồ Chí Minh",55 m²,2 phòng,2 phòng,2 tầng,Sổ đỏ/ Sổ hồng,26/11/2025
"Nhà 2 mặt tiền trước sau, xe hơi đỗ cửa","6,5 tỷ","Đường Tây Thạnh, Phường Tây Thạnh, Tân Phú, Hồ Chí Minh",50 m²,3 phòng,3 phòng,3 tầng,Sổ đỏ/ Sổ hồng,26/11/2025
Thoại Ngọc Hầu - Lũy Bán Bích 4x22m 2 lầu giá chỉ 7.6 tỷ TL,"7,6 tỷ","Đường Thoại Ngọc Hầu, Phường Hòa Thạnh, Tân Phú, Hồ Chí Minh",88 m²,N/A,N/A,3 tầng,Sổ hồng riêng.,26/11/2025
"Nhà hẻm 8m thông P. Tân Sơn Nhì, DT: 4x15m, 3 lầu. Ngay công viên, cách Aeon 500m. Giá: 9.4 tỷ TL","9,4 tỷ","Đường Cầu Xéo, Phường Tân Sơn Nhì, Tân Phú, Hồ Chí Minh",60 m²,4 phòng,5 phòng,4 tầng,Sổ đỏ/ Sổ hồng,26/11/2025
Bán nhà Gò Dầu Tân Phú | 8x14m | Hẻm 4m | Thu nhập 20tr/tháng | Giá 8.3 tỷ TL,"8,3 tỷ","Đường Gò Dầu, Phường Tân Quý, Tân Phú, Hồ Chí Minh",112 m²,N/A,N/A,N/A,N/A,26/11/2025
Bán gấp trong tuần - Bán nhà Tân Kỳ Tân Quý 55m² 2 tầng - 5.68 tỷ,"5,68 tỷ","Đường Tân Kỳ Tân Quý, Phường Tân Sơn Nhì, Tân Phú, Hồ Chí Minh",55 m²,3 phòng,2 phòng,2 tầng,Sổ đỏ/ Sổ hồng,26/11/2025
Bán nhà 72m2 - HXH thông - 4 tầng - 4x18m - Đô Đốc Long - Tân Phú - giá 8x tỷ,8 tỷ,"Đường Đô Đốc Long, Phường Tân Quý, Tân Phú, Hồ Chí Minh",72 m²,4 phòng,3 phòng,4 tầng,Sổ đỏ/ Sổ hồng,19/11/2025
"Nhà 5 tầng, mới tinh như biệt thự, ngay Aeon Tân Phú","8,8 tỷ","Đường Tân Quý, Phường Tân Quý, Tân Phú, Hồ Chí Minh",62 m²,5 phòng,6 phòng,5 tầng,Sổ đỏ/ Sổ hồng,26/11/2025
Bán nhà Tân kỳ Tân Quý- HXH THÔNG- 52m2- 2 tầng BTCT 2pn2wc - nhà mới sạch đẹp ở ngay-giá 4.9 tỷ,"4,9 tỷ","Đường Tân Kỳ Tân Quý, Phường Sơn Kỳ, Tân Phú, Hồ Chí Minh",52 m²,N/A,N/A,2 tầng,Sổ hồng,26/11/2025
Bán nhà 92m2 Lê Trọng Tấn - Sơn Kỳ - Tân Phú - 4x23m - Giá chỉ 7.x tỷ,Thỏa thuận,"Đường Lê Trọng Tấn, Phường Sơn Kỳ, Tân Phú, Hồ Chí Minh",92 m²,4 phòng,2 phòng,2 tầng,Sổ đỏ/ Sổ hồng,22/11/2025
"Nhà đẹp, HXH thông, Asiana Wedding, chợ Tân Hương, CĐ GTVT, 80m2, 8Đ6","8,6 tỷ","Đường Vườn Lài, Phường Phú Thọ Hòa, Tân Phú, Hồ Chí Minh",80 m²,4 phòng,5 phòng,4 tầng,Sổ đỏ/ Sổ hồng,26/11/2025
"Lê Trọng Tấn, Tân Sơn Nhì, nhà 2 tầng, DT 7x13, đường nhựa 7m, giá 11.x tỷ, Tân Phú","11,3 tỷ","Đường Lê Trọng Tấn, Phường Tân Sơn Nhì, Tân Phú, Hồ Chí Minh",91 m²,3 phòng,4 phòng,2 tầng,Sổ đỏ/ Sổ hồng,16/11/2025
"Mình bán nhà đẹp, giá rẻ đường oto Lũy Bán Bích, Q. Tân Phú, chỉ 7.9 tỷ, alo0877 737 ***","7,9 tỷ","Đường Lũy Bán Bích, Phường Hòa Thạnh, Tân Phú, Hồ Chí Minh",78 m²,4 phòng,3 phòng,4 tầng,Có sổ.,23/11/2025
NHÀ ĐẸP VƯỜN LÀI 73M HXH 5 TẦNG BTCT 5PN FULL NỘI THẤT CAO CẤP HOÀN CÔNG ĐỦ,"9,3 tỷ","Đường Vườn Lài, Phường Phú Thọ Hòa, Tân Phú, Hồ Chí Minh",73 m²,5 phòng,6 phòng,5 tầng,Sổ đỏ/ Sổ hồng,26/11/2025
"Bán nhà 125m2, 2 tầng - Bờ Bao Tân Thắng, sát AEON Tân Phú - Giá chỉ 7.9 tỷ","7,9 tỷ","Đường Bờ Bao Tân Thắng, Phường Sơn Kỳ, Tân Phú, Hồ Chí Minh",125 m²,3 phòng,4 phòng,2 tầng,Sổ đỏ/ Sổ hồng,24/11/2025
RỘNG ĐẸP-ĐƯƠNG TO-GIÁ RẺ- BÁN NHÀ HẺM 7M THÔNG- CHỢ TÂN HƯƠNG- VƯỜN LÀI- TÂN PHÚ-DT 73M2,"7,5 tỷ","Đường Vườn Lài, Phường Phú Thọ Hòa, Tân Phú, Hồ Chí Minh",73 m²,4 phòng,4 phòng,2 tầng,Sổ đỏ/ Sổ hồng,26/11/2025
Bán nhà Thoại Ngọc Hầu Phú Thạnh Tân Phú HXH 3PN 2 tầng 48m 4.8t TL,"4,8 tỷ","Đường Thoại Ngọc Hầu, Phường Phú Thạnh, Tân Phú, Hồ Chí Minh",48 m²,3 phòng,2 phòng,2 tầng,Sổ đỏ/ Sổ hồng,26/11/2025
"Lê Trọng Tấn, Tây Thạnh, Tân Phú, nhà 4 tầng, DT 4x14m, sổ vuông, giá 6.x tỷ",Thỏa thuận,"Đường Lê Trọng Tấn, Phường Tây Thạnh, Tân Phú, Hồ Chí Minh",56 m²,4 phòng,3 phòng,4 tầng,Sổ đỏ/ Sổ hồng,12/11/2025
