tieu_de,gia,dia_chi,dien_tich_dat,phong_ngu,phong_tam,so_tang,phap_ly,ngay_dang
Quận 1 - Nhà Mới Ở Ngay - 25M - 2PN - Nhỉnh 3 Tỷ,3.9,"Bùi Viện, Phường Phạm Ngũ Lão, Quận 1, TPHCM",25.0,2,1,2,Sổ hồng,25/11/2025
📣 bùi viện quận 1 - nhà mới đẹp ở ngay - phù hợp ở hoặc cho thuê -,8.6,"Bùi Viện, Phường Phạm Ngũ Lão, Quận 1, TPHCM",25.0,2,,3,Sổ đỏ,25/11/2025
Bùi Viện Quận 1 - Nhà Mới Đẹp - Phù Hợp Ở Hoặc Cho Thuê - Nhỉnh 8 Tỷ,8.6,"Bùi Viện, Phường Phạm Ngũ Lão, Quận 1, TPHCM",25.0,2,3,3,Sổ hồng,25/11/2025
Bán nhà cũ tiện xây mới MT Võ Thị Sáu Q.1 - 206m2 - giá 47 tỉ,47.0,"Võ Thị Sáu, Phường Tân Định, Quận 1, TPHCM",206.0,1,1,18,Sổ hồng,25/11/2025
"Bán nhà hxh Nguyễn Cảnh Chân - Trần Đình Xu - 3,5m x 9m chỉ 7,6 tỷ",7.6,"Trần Đình Xu, Phường Nguyễn Cư Trinh, Quận 1, TPHCM",30.0,6,5,17,Sổ hồng,25/11/2025
"Đất 35x21 ngay Trần Quang Khải, Q1 đường 12m- GP 2 Hầm 12T. Bán 215 tỷ",215.0,"Trần Quang Khải, Phường Tân Định, Quận 1, TPHCM",600.0,,,12,Sổ hồng,25/11/2025
"MẶT TIỀN Trần Quang Khải + Hai Bà Trưng, QUẬN 1. DT: 11x33m, 99 TỶ",99.0,"Trần Quang Khải, Phường Tân Định, Quận 1, TPHCM",398.0,2,2,9,Sổ hồng,25/11/2025
ĐẦU TƯ MẶT TIỀN QUẬN 1 - DT: 4x20. 6 tầng thang máy. Chốt bán: 30 tỷ,30.0,"Ký Con, Phường Nguyễn Thái Bình, Quận 1, TPHCM",66.0,6,6,5,Sổ hồng,25/11/2025
"Căn bán duy nhất MT Trần Đình Xu, Quận 1. DT: 12x22. Giá: 80 tỷ",80.0,"Trần Đình Xu, Phường Nguyễn Cư Trinh, Quận 1, TPHCM",264.0,4,4,8,Sổ hồng,25/11/2025
BÁN GẤP tài sản mặt tiền QUẬN 1 -Ngân hàng định giá 100 tỷ - Bán 60 tỷ,60.0,"Lý Tự Trọng, Phường Bến Thành, Quận 1, TPHCM",100.0,6,6,6,Sổ hồng,25/11/2025
bán nhà 2 mặt tiền góc trần quang khải p. tân định quận 1 - dt (13x18),120.0,"Trần Quang Khải, Phường Tân Định, Quận 1, TPHCM",234.0,,,3,Sổ hồng,25/11/2025
Siêu phẩm building góc 2 MT BÙI THỊ XUÂN- TÔN THẤT TÙNG Q.1,160.0,"Bùi Thị Xuân, Phường Bến Thành, Quận 1, TPHCM",159.0,,,14,Sổ hồng,25/11/2025
"SIÊU PHẨM BUILDING MẶT TIỀN Mạc Đĩnh Chi - Nguyễn thị Minh Khai, Q.1",260.0,"Mạc Đĩnh Chi, Phường Đa Kao, Quận 1, TPHCM",204.0,,,7,Sổ hồng,25/11/2025
"Góc 2MT Bùi Thị Xuân & Tôn Thất Tùng, Quận 1 - 15x25m - 2 tầng - 370ty",370.0,"Bùi Thị Xuân, Phường Bến Thành, Quận 1, TPHCM",375.0,,,2,Sổ hồng,25/11/2025
"""Siêu hiếm"" ngay mặt tiền - Nguyễn Trãi Quận 1 - 12x35m 420m2 2tầng",85.0,"Nguyễn Trãi, Phường Bến Thành, Quận 1, TPHCM",418.0,,,2,Sổ hồng,25/11/2025
Bán nhà MT Lê Thánh Tôn P Bến Nghé Q1 HĐT: 200 tr/th ngang trên 4m,100.0,"Lê Thánh Tôn, Phường Bến Nghé, Quận 1, TPHCM",88.0,,,4,Sổ hồng,25/11/2025
SIÊU PHẨM 199 tỷ - mặt tiền Điện Biên Phủ - 21x31m 625m2 - 10 tầng,199.0,"Điện Biên Phủ, Phường Đa Kao, Quận 1, TPHCM",625.0,,,10,Sổ hồng,25/11/2025
"Bán nhà HXH ngay Nguyễn Cư Trinh, phố đi bộ Bùi Viện, Quận 1, 4L, 19.5",19.5,"Nguyễn Cư Trinh, Phường Nguyễn Cư Trinh, Quận 1, TPHCM",76.0,6,6,4,Giấy tờ hợp lệ,25/11/2025
"Bán nhà HXH Tôn Thất Tùng, Bến Thành, Quận 1, 4x20m, 5 tầng, 24 tỷ",24.0,"Tôn Thất Tùng, Phường Bến Thành, Quận 1, TPHCM",80.0,7,8,3,Giấy tờ hợp lệ,25/11/2025
"Bán nhà 2Mt HXH Trần Hưng Đạo, Q.1 ngần Trần Đình Xu, Cống Quỳnh",22.0,"Trần Hưng Đạo, Phường Nguyễn Cư Trinh, Quận 1, TPHCM",86.0,8,9,4,Giấy tờ hợp lệ,25/11/2025
"Bán nhà Mt ngay Trần Đình Xu, Nguyễn Cư Trinh, Q1, 4x19m, 4lầu, 27 tỷ",26.0,"Trần Đình Xu, Phường Nguyễn Cư Trinh, Quận 1, TPHCM",76.0,6,6,3,Giấy tờ hợp lệ,25/11/2025
"Bán nhà MT Ký Con, Lê Thị Hồng Gấm, Nguyễn Thái Bình, Q.1, 6.8x18m, 8T",81.99,"Ký Con, Phường Nguyễn Thái Bình, Quận 1, TPHCM",110.0,9,9,7,Giấy tờ hợp lệ,25/11/2025
Chính chủ bán nhà khu Trần Quang Khải Phường Tân Định Q1. DT 13x22m,100.0,"Trần Quang Khải, Phường Tân Định, Quận 1, TPHCM",270.0,,,14,Sổ hồng,25/11/2025
"Bán nhà đường Lê Thánh Tôn, Bến Nghé, Quận 1, 4.2x19m, 5L, 32 tỷ",31.99,"Lê Thánh Tôn, Phường Bến Nghé, Quận 1, TPHCM",80.0,10,10,4,Sổ hồng,25/11/2025
"BÁN NHÀ mặt tiền Nguyễn Đình Chiểu - 8x15m, CN 115m - 5 tầng",68.0,"Nguyễn Đình Chiểu, Phường Đa Kao, Quận 1, TPHCM",115.0,,,5,Sổ hồng,25/11/2025
"Bán nhà 2 MT HXH Nguyễn Bỉnh Khiêm, Bến Nghé, Quận 1, 4.2x22m, 27 tỷ",28.0,"Nguyễn Bỉnh Khiêm, Phường Bến Nghé, Quận 1, TPHCM",92.0,3,3,2,Giấy tờ hợp lệ,25/11/2025
"Bán nhà đường Tôn Thất Tùng - Nguyễn Trãi, Quận 1, 4 lầu, 70m2, 25 tỷ",25.0,"Nguyễn Trãi, Phường Bến Thành, Quận 1, TPHCM",80.0,7,7,3,Giấy tờ hợp lệ,25/11/2025
"Bán tòa nhà Nguyễn Văn Thủ-Hai Bà Trưng, Quận 1, 8.5x18m, giá 149 tỷ",149.9,"Hai Bà Trưng, Phường Đa Kao, Quận 1, TPHCM",155.0,5,5,5,Giấy tờ hợp lệ,25/11/2025
"Bán nhà MT Đinh Tiên Hoàng,P. Đa Kao, Q.1, 4x19, giá 29.9 tỷ.",29.9,"Đinh Tiên Hoàng, Phường Đa Kao, Quận 1, TPHCM",72.0,3,2,,Giấy tờ hợp lệ,25/11/2025
"Bán nhà góc 2 mặt tiền đường Quận 1, ngang 12.8m, H+8 tầng, TM, 39 tỷ",39.0,"Trần Nhật Duật, Phường Tân Định, Quận 1, TPHCM",53.0,8,9,8,Giấy tờ hợp lệ,25/11/2025
"Bán nhà HXH Nguyễn Trãi Nguyễn Cư Trinh, Quận 1 ngang 13.5x15m, chỉ 37",37.0,"Nguyễn Trãi, Phường Nguyễn Cư Trinh, Quận 1, TPHCM",182.0,2,2,,Sổ hồng,25/11/2025
"Bán nhà HXH Lê Thị Riêng-Nguyễn Trãi, Bến Thành, Q1, 5x16m, 3 lầu, 23t",23.0,"Nguyễn Trãi, Phường Bến Thành, Quận 1, TPHCM",70.0,6,6,3,Giấy tờ hợp lệ,25/11/2025
"Bán nhà mặt tiền Nguyễn Cư Trinh, Phạm Ngũ Lão, Quận 1, 4x17m, 3lầu,",39.9,"Nguyễn Cư Trinh, Phường Phạm Ngũ Lão, Quận 1, TPHCM",64.0,6,6,3,Giấy tờ hợp lệ,25/11/2025
"Bán nhà Bến Thành, Nguyễn Trãi, Lê Thị Riêng, Q1, 5x19m, 3lầu, 25.9tỷ",25.999,"Nguyễn Trãi, Phường Bến Thành, Quận 1, TPHCM",70.0,6,7,3,Giấy tờ hợp lệ,25/11/2025
"Bán gấp mặt tiền Nguyễn Hữu Cầu, Quận 1: 310m2(13x26m), 3 Lầu, 130 tỷ",135.0,"Nguyễn Hữu Cầu, Phường Tân Định, Quận 1, TPHCM",310.0,3,3,12,Giấy tờ hợp lệ,25/11/2025
"Bán nhà HXH Nguyễn Trãi - Tôn Thất Tùng, Bến Thành, Q.1, 4x20m, 24 tỷ",24.0,"Nguyễn Trãi, Phường Bến Thành, Quận 1, TPHCM",72.0,6,7,3,Giấy tờ hợp lệ,25/11/2025
"Bán nhà MT Trần Quang Khải, Tân Định, Quận 1, 4x24m, 5 lầu, giá 34.5 t",34.5,"Trần Quang Khải, Phường Tân Định, Quận 1, TPHCM",85.0,12,13,5,Giấy tờ viết tay,25/11/2025
"Bán tòa nhà khách sạn ngay phố Đi Bộ Bùi Viện, Q1, 7 tầng, 18P, HĐ110t",46.9,"Đề Thám, Phường Cô Giang, Quận 1, TPHCM",80.0,18,18,7,Giấy tờ hợp lệ,25/11/2025
"Bán gấp tòa nhà Nguyễn Thị Minh Khai, Quận 1, 5x23m H+5L, TM, 39 tỷ",39.0,"Nguyễn Thị Minh Khai, Phường Bến Nghé, Quận 1, TPHCM",110.0,12,13,5,Giấy tờ hợp lệ,25/11/2025
"Bán Tòa nhà góc 3MT Thái Văn Lung, Lê Thánh Tôn, Bến Nghé, H+8 tầng,",130.0,"Thái Văn Lung, Phường Bến Nghé, Quận 1, TPHCM",80.0,8,8,8,Giấy tờ hợp lệ,25/11/2025
"Bán tòa nhà mặt tiền gần Hai Bà Trưng, Q1, 6.5x23m, 5L, giá 69.9 tỷ TL",69.9,"Hai Bà Trưng, Phường Tân Định, Quận 1, TPHCM",145.0,5,5,5,Giấy tờ hợp lệ,25/11/2025
"Bán nhà mặt tiền ngay Điện Biên Phủ, Quận 1 2 chiều 9.5x25m, giá 125 t",125.0,"Điện Biên Phủ, Phường Đa Kao, Quận 1, TPHCM",230.0,2,2,1,Giấy tờ hợp lệ,25/11/2025
"Bán nhà Mt ngay Đinh Tiên Hoàng, Quận 1, 4.5x16m, H+5L, giá 32.9 tỷ",32.9,"Đinh Tiên Hoàng, Phường Đa Kao, Quận 1, TPHCM",70.0,10,11,6,Giấy tờ hợp lệ,25/11/2025
"Bán nhà Mt ngay Võ Thị Sáu, Quận 1, 4.5x16m, H+5L, giá 32.9 tỷ",32.9,"Võ Thị Sáu, Phường Tân Định, Quận 1, TPHCM",70.0,10,11,6,Giấy tờ hợp lệ,25/11/2025
"Bán nhà khu sang trọng Phạm Viết Chánh, Nguyễn Cư Trinh, Q1, 6x19m, 4L",24.999,"Phạm Viết Chánh, Phường Nguyễn Cư Trinh, Quận 1, TPHCM",110.0,6,6,4,Sổ hồng,25/11/2025
"Bán nhà Siêu vị trí MT NGUYỄN DU, BẾN THÀNH QUẬN 1 (21mx30m) 650 tỷ",680.0,"Nguyễn Du, Phường Bến Thành, Quận 1, TPHCM",621.0,,,,Sổ hồng,25/11/2025
"Bán nhà 2 Mt Nguyễn Bỉnh Khiêm P.Bến Nghé, Quận 1, 5x20m 3 Tầng , 34.3",34.499,"Nguyễn Bỉnh Khiêm, Phường Bến Nghé, Quận 1, TPHCM",100.0,6,6,3,Giấy tờ hợp lệ,25/11/2025
"Bán nhà Hẻm XH Nguyễn Trãi, Quận 1- 87m2 (4.8 x 18.5) - 5 tầng, hẻm 8m",17.999,"Nguyễn Trãi, Phường Nguyễn Cư Trinh, Quận 1, TPHCM",88.0,7,7,13,Giấy tờ hợp lệ,25/11/2025
"Bán nhà mặt tiền đường huyền quang, quận 1 ngang 4m dài 15m 3 tầng",18.5,"Huyền Quang, Phường Tân Định, Quận 1, TPHCM",60.0,3,4,9,Sổ hồng,25/11/2025
"Bán nhà Mt gần Thạch Thị Thanh, Quận 1, 4.5x16m, H+5L, giá 32.9 tỷ",32.9,"Thạch Thị Thanh, Phường Tân Định, Quận 1, TPHCM",66.0,10,11,6,Giấy tờ hợp lệ,25/11/2025
Khách sạn 3* siêu đẹp 170m2 MT Phạm Ngũ Lão Q1 giá cực tốt,130.0,"Phạm Ngũ Lão, Phường Phạm Ngũ Lão, Quận 1, TPHCM",170.0,,,16,Sổ hồng,25/11/2025
"Bán nhà đương Nguyễn Trãi - Tôn Thất Tùng, Bùi Thị Xuân, Bến Thành, q1",29.0,"Nguyễn Trãi, Phường Bến Thành, Quận 1, TPHCM",83.0,5,5,2,Giấy tờ hợp lệ,25/11/2025
"400m2 2L MT Sương Nguyệt Ánh, giá chỉ 230 tỷ TL",230.0,"Sương Nguyệt Ánh, Phường Bến Thành, Quận 1, TPHCM",400.0,,,8,Sổ hồng,25/11/2025
"Bán nhà góc 2MT Hẻm XT Trần Hưng Đạo, Quận 1, 6x15m, 4 lầu, 23.5tỷ",23.5,"Trần Hưng Đạo, Phường Nguyễn Cư Trinh, Quận 1, TPHCM",68.0,8,8,7,Giấy tờ hợp lệ,25/11/2025
bán Villa bason siêu đẹp quận 1 HCM.,300.0,"Nguyễn Hữu Cảnh, Phường Bến Nghé, Quận 1, TPHCM",500.0,5,4,,Hợp đồng mua bán,25/11/2025
"Bán gấp nhà mặt tiền Bùi Viện - Q.1 (7.2 x18m), tiện xây khách sạn",55.0,"Bùi Viện, Phường Phạm Ngũ Lão, Quận 1, TPHCM",103.0,,,2,Sổ hồng,25/11/2025
Mặt Tiền Cô Giang Q1 Ngang 4m Dài 20m 5 Tầng Giá 35 Tỷ gần Bến Thành,35.0,"Cô Giang, Phường Cầu Ông Lãnh, Quận 1, TPHCM",74.0,5,5,73,Sổ hồng,25/11/2025
"Bán nhà Mt Lý Tự Trọng ngay Thủ Khoa Huân, Bến Thành, Quận 1, 4.3x25m",84.999,"Lý Tự Trọng, Phường Bến Thành, Quận 1, TPHCM",106.0,3,2,7,Giấy tờ hợp lệ,25/11/2025
"Bán nhà HXH VIP 10m đường Nguyễn Đình Chiểu, Đa Kao, Q.1 ngang 7.6m",26.5,"Nguyễn Đình Chiểu, Phường Đa Kao, Quận 1, TPHCM",105.0,6,6,4,Giấy tờ hợp lệ,25/11/2025
"Bán nhà hẻm 55 Lê Thị Hồng Gấm thông 150 Nguyễn Thái Bình, Quận1, 4x22",35.0,"Nguyễn Thái Bình, Phường Nguyễn Thái Bình, Quận 1, TPHCM",88.0,8,8,5,Giấy tờ hợp lệ,25/11/2025
"Bán nhà mặt tiền thụt phường tân định, quận 1 đường huyền quang ngang",11.2,"Huyền Quang, Phường Tân Định, Quận 1, TPHCM",72.0,1,1,,Sổ hồng,25/11/2025
Cần bán khách sạn MT Bùi Viện Q1 (8x20) 154m2 hầm 9 tầng giá 125 tỷ,125.0,"Bùi Viện, Phường Phạm Ngũ Lão, Quận 1, TPHCM",154.0,,,6,Sổ hồng,25/11/2025
"Bán tòa nhà khách sạn Mt Thủ Khoa Huân, Bến Thành Q.1, H+10tầng,60 Phò",220.0,"Thủ Khoa Huân, Phường Bến Thành, Quận 1, TPHCM",153.0,60,61,10,Giấy tờ hợp lệ,25/11/2025
"Bán tòa nhà vp MT ngay NGUYỄN BỈNH KHIÊM, QUẬN 1- hầm, 9 tầng",96.0,"Nguyễn Bỉnh Khiêm, Phường Đa Kao, Quận 1, TPHCM",150.0,,,9,Sổ hồng,25/11/2025
"Bán nhà quận 1 giá 9,5 tỷ nguyễn trung ngạn ngang 6,5m dài 9m trệt",9.5,"Nguyễn Trung Ngạn, Phường Bến Nghé, Quận 1, TPHCM",30.0,2,2,2,Sổ hồng,25/11/2025
"Bán toà nhà VP 2 hầm 10 lầu MT Sương Nguyệt Ánh, P Bến Thành, Quận 1",850.0,"Sương Nguyệt Ánh, Phường Bến Thành, Quận 1, TPHCM",914.0,,,10,Sổ hồng,25/11/2025
"Bán tòa nhà Mt Trần Khắc Chân-Trần Quang Khải, Q1, H+8L, 145tỷ",145.0,"Trần Quang Khải, Phường Tân Định, Quận 1, TPHCM",190.0,8,8,8,Giấy tờ hợp lệ,25/11/2025
2 mặt tiền Trần Quang Khải vị trí siêu đẹp HĐT cao giá chỉ 70 tỷ,70.0,"Trần Quang Khải, Phường Tân Định, Quận 1, TPHCM",99.0,,,5,Sổ hồng,25/11/2025
"Bán nhà 2mt Trần Hưng Đạo, Quận 1, 6x15m, 3 lầu, giá 23.xtỷ",23.3,"Trần Hưng Đạo, Phường Nguyễn Cư Trinh, Quận 1, TPHCM",86.0,3,3,3,Giấy tờ hợp lệ,25/11/2025
"Bán Siêu phẩm Mặt Tiền Lê Thị Hồng Gấm Q1 Dt 4,2m x 20m 4 Tầng 60 Tỷ",60.0,"Lê Thị Hồng Gấm, Phường Nguyễn Thái Bình, Quận 1, TPHCM",80.0,4,4,4,Sổ hồng,25/11/2025
"Bán nhà MT ngay Điện Biên Phủ, Đa Kao, Q1, ngang 8m, 59.9 tỷ",59.9,"Điện Biên Phủ, Phường Đa Kao, Quận 1, TPHCM",200.0,3,3,2,Giấy tờ hợp lệ,25/11/2025
"Góc 2MT Nam Kỳ Khởi Nghĩa, Quận 1 - 10x30m - XD mới: Hầm 10 tầng",200.0,"Nam Kỳ Khởi Nghĩa, Phường Bến Thành, Quận 1, TPHCM",300.0,,,10,Sổ hồng,25/11/2025
"Mặt Tiền phố Nhật đường Ngô Văn Năm Q1 ngang 5,5m Dài 27m 8 Tầng 105Tỷ",105.0,"Ngô Văn Năm, Phường Bến Nghé, Quận 1, TPHCM",139.8,17,17,8,Sổ hồng,25/11/2025
"Góc 2MT Trần Quang Khải + Trần Khắc Chân, Quận 1 - 8x18m NH 10m 6 tầng",50.0,"Trần Quang Khải, Phường Tân Định, Quận 1, TPHCM",160.0,,,6,Sổ hồng,25/11/2025
"Bán tòa nhà mặt tiền Trần Quang Khải - Hai Bà Trưng, Q1, 6.5x23m, 5L,",69.9,"Trần Quang Khải, Phường Tân Định, Quận 1, TPHCM",145.0,5,5,5,Giấy tờ hợp lệ,25/11/2025
Bán gấp hầm + 10t mặt tiền P.Đa Kao - Q. 1 gần Nguyễn Bỉnh Khiêm,220.0,"Nguyễn Bỉnh Khiêm, Phường Đa Kao, Quận 1, TPHCM",659.0,,,8,Sổ hồng,25/11/2025
"Mặt Tiền Q1 Ngang 4,1m Dài 19m mà chỉ 22 tỷ ngay đường Nguyễn Thái Học",22.0,"Nguyễn Thái Học, Phường Cầu Ông Lãnh, Quận 1, TPHCM",71.0,2,2,,Sổ hồng,25/11/2025
"Bán nhà Mt Thủ Khoa Huân, Bến Thành, Quận 1, ngay chợ Bến Thành 4.3x25",84.999,"Thủ Khoa Huân, Phường Bến Thành, Quận 1, TPHCM",105.0,3,3,7,Giấy tờ hợp lệ,25/11/2025
"Bán nhà góc 2MT ngay Nguyễn Đình Chiểu, Đa Kao, Q1, 25.5 tỷ",25.0,"Nguyễn Đình Chiểu, Phường Đa Kao, Quận 1, TPHCM",75.0,6,6,2,Giấy tờ hợp lệ,25/11/2025
"Bán nhà MT ngay Trần Khắc Chân gần Trần Quang Khải, TĐ. Quận 1. 8.2x25",65.0,"Trần Khắc Chân, Phường Tân Định, Quận 1, TPHCM",210.0,6,6,4,Giấy tờ hợp lệ,25/11/2025
"Mặt Tiền Phường Bến Thành mà Chỉ 24,5 Tỷ có bề ngang 3,6m dài 15m",24.5,"Lê Thị Riêng, Phường Bến Thành, Quận 1, TPHCM",53.0,2,2,2,Sổ hồng,25/11/2025
Bán Siêu phẩm Mặt Tiền Trần Quang KhảiQ1 Dt 8 x 36m Cn 276m2 Giá 112Tỷ,112.0,"Trần Quang Khải, Phường Tân Định, Quận 1, TPHCM",276.0,1,1,8,Sổ hồng,25/11/2025
"Bán Mặt Tiền Nguyễn Công Trứ Q1 Dt 4,5 x 21m 6 Tầng gần Bank Nhà nước",65.0,"Nguyễn Công Trứ, Phường Nguyễn Thái Bình, Quận 1, TPHCM",91.0,8,6,6,Hợp đồng mua bán,25/11/2025
"Bán Siêu phẩm Mặt Tiền Nguyễn công trứ Q1 Dt 4,3 x 17m 7 Tầng 43,5 Tỷ",43.5,"Nguyễn Công Trứ, Phường Cầu Ông Lãnh, Quận 1, TPHCM",68.0,12,12,7,Sổ hồng,25/11/2025
Bán Siêu phẩm Mặt Tiền Lê Lai Q1 Dt 4 x 20m 4 Tầng Giá 70Tỷ giáp Ks NW,70.0,"Lê Lai, Phường Bến Thành, Quận 1, TPHCM",80.0,6,4,4,Sổ hồng,25/11/2025
"Mặt Tiền Nguyễn Thái Học Q1 ngang 7,5m Dài 20m 3 Tầng nở 8m Chỉ 82 Tỷ",82.0,"Nguyễn Thái Học, Phường Cầu Ông Lãnh, Quận 1, TPHCM",136.0,3,3,3,Không xác định,25/11/2025
"Bán nhà mặt tiền Võ Thị Sáu, phường Tân Định, Quận 1, Diện tích 10x18",50.0,"Võ Thị Sáu, Phường Tân Định, Quận 1, TPHCM",180.0,,,2,Sổ hồng,25/11/2025
"Bán gấp nhà mặt tiền Đề Thám gần Trần Hưng Đạo, Quận 1, 9x22m, 82 tỷ",82.0,"Đề Thám, Phường Cô Giang, Quận 1, TPHCM",198.0,3,3,6,Giấy tờ hợp lệ,25/11/2025
"Bán nhà mặt tiền gần Trần Nhật Duật, Tân Định, Quận 1 8.5x16m, 3 lầu",54.0,"Trần Quang Khải, Phường Tân Định, Quận 1, TPHCM",115.0,8,8,3,Giấy tờ hợp lệ,25/11/2025
"Bán nhà MT ngay Điện Biên Phủ, Đa Kao, Q1, 7.5x23m, H+5L, giá 46.5 tỷ",46.5,"Điện Biên Phủ, Phường Đa Kao, Quận 1, TPHCM",150.0,5,5,5,Giấy tờ hợp lệ,25/11/2025
"Mặt Tiền Hoàng Sa Q1 ngang 4m dài 16m 3 Tầng chỉ 21,5 tỷ gần chợ ĐaKao",21.5,"Hoàng Sa, Phường Đa Kao, Quận 1, TPHCM",64.0,3,3,3,Sổ hồng,25/11/2025
"2 mặt tiền Nguyễn Hữu Cầu,ngay Hai Bà Trưng đối diện chợ Tân Định, Q1",63.0,"Nguyễn Hữu Cầu, Phường Tân Định, Quận 1, TPHCM",130.0,6,6,5,Giấy tờ hợp lệ,25/11/2025
Mặt Tiền Trần Hưng Đạo Q1 gần Bến Thành Chỉ 49 Tỷ bề ngang 4m dài 21m.,49.0,"Trần Hưng Đạo, Phường Nguyễn Cư Trinh, Quận 1, TPHCM",83.0,3,3,7,Sổ hồng,25/11/2025
"Bán nhà góc 2 mặt tiền ngay Trần Quang Khải, Quận 1, 6.5x23m, giá 59 t",59.0,"Trần Khắc Chân, Phường Tân Định, Quận 1, TPHCM",188.0,3,3,10,Giấy tờ hợp lệ,25/11/2025
"Bán nhà góc 2 mặt tiền ngay Hai Bà Trưng, Quận 1, 6.2x23m, giá 65 tỷ",65.0,"Hai Bà Trưng, Phường Tân Định, Quận 1, TPHCM",188.0,3,3,10,Giấy tờ hợp lệ,25/11/2025
Bán nhà phố Nguyễn Cư Trinh Phạm Ngũ Lão Quận 1 đường lớn ngang 8.3m,48.0,"Nguyễn Trãi, Phường Nguyễn Cư Trinh, Quận 1, TPHCM",57.6,9,9,4,Sổ hồng,25/11/2025
Chỉ 35 tỷ! Là Sở Hữu Mặt Tiền Đề ThámQ1 ngang 4m Dài 17m 4Tầng đoạnđẹp,35.0,"Đề Thám, Phường Cô Giang, Quận 1, TPHCM",68.0,4,4,4,Sổ hồng,25/11/2025
"Bán tòa nhà đường Hai Bà Trưng, Bên Nghé, Q1, ngang 8, H+5T, 35.9 tỷ",35.9,"Hai Bà Trưng, Phường Bến Nghé, Quận 1, TPHCM",80.0,5,5,4,Giấy tờ hợp lệ,25/11/2025
Bán Siêu phẩm Mặt Tiền Đặng Dung Q1 Dt 4m x 15m 5 Tầng Chỉ 25 Tỷ,25.0,"Đặng Dung, Phường Tân Định, Quận 1, TPHCM",60.0,6,5,5,Sổ hồng,25/11/2025
"60 Tỷ ! Có dòng tiền 1,5 tỷ/ năm Và Sở Hữu Mặt Tiền Q1 có bể ngang 15m",60.0,"Nguyễn Cư Trinh, Phường Nguyễn Cư Trinh, Quận 1, TPHCM",103.9,3,3,3,Sổ hồng,25/11/2025
"Mặt Tiền 2 Căn Đôi đường Ký Con Q1 ngang 7,5m Dài 18m gầnchợ Bến Thành",83.0,"Ký Con, Phường Nguyễn Thái Bình, Quận 1, TPHCM",131.0,5,5,4,Sổ hồng,25/11/2025
"Mặt tiền Sương Nguyệt Ánh, Quận 1 - 5x20m - 5 tầng - HĐ thuê 320 triệu",85.0,"Sương Nguyệt Ánh, Phường Bến Thành, Quận 1, TPHCM",100.0,,,5,Sổ hồng,25/11/2025
"""Bán nhà đường Nguyễn Gia Trí-Võ Oanh, P.25, Quận Bình Thạnh, Tp.HCM V",45.0,"Hai Bà Trưng, Phường Tân Định, Quận 1, TPHCM",5.0,5,5,4,Giấy tờ hợp lệ,25/11/2025
"133 Tỷ! Có Dòng Tiền 3,6 Tỷ/năm Sỡ Hữu MT Bùi Thị Xuân Q1 bề ngang8,5m",133.0,"Bùi Thị Xuân, Phường Bến Thành, Quận 1, TPHCM",129.0,45,45,9,Sổ hồng,25/11/2025
"Bán gấp tòa nhà Hoàng Sa, Nguyễn Đình Chiểu, Q1, 5x23m H+5L, TM, 39 tỷ",39.0,"Nguyễn Đình Chiểu, Phường Đa Kao, Quận 1, TPHCM",110.0,6,6,5,Giấy tờ hợp lệ,25/11/2025
Mặt Tiền Trần Quang Khải Q1 ngang 4m Dài 16m 5Tầng Giá 30Tỷ có Hdt 70t,30.0,"Trần Quang Khải, Phường Tân Định, Quận 1, TPHCM",62.0,5,5,5,Sổ hồng,25/11/2025
"Bán nhà mặt tiền Đông Du – Nguyễn Huệ, vị trí vàng kinh doanh",80.0,"Đông Du, Phường Bến Nghé, Quận 1, TPHCM",53.0,,,3,Sổ hồng,25/11/2025
"Mặt Tiền Q1 ngang 4m Dài 12m nở 6,6m gần Chợ Bến Thành giá chỉ 25 Tỷ",25.0,"Cô Bắc, Phường Cầu Ông Lãnh, Quận 1, TPHCM",55.0,4,4,3,Sổ hồng,25/11/2025
"Toà nhà MT 85A Bùi Thị Xuân Q1, hầm 7 tầng thang máy, DT: 6,1m x 27m",62.0,"Bùi Thị Xuân, Phường Bến Thành, Quận 1, TPHCM",127.0,,,7,Sổ hồng,25/11/2025
"Bán nhà mt Đinh Tiên Hoàng gần Nguyễn Thị Minh Khai, Q1, 15x25m, 159 t",159.0,"Đinh Tiên Hoàng, Phường Đa Kao, Quận 1, TPHCM",362.0,4,3,,Giấy tờ hợp lệ,25/11/2025
"Bán khách sạn mặt tiền Lý Tự Trọng, Bến Thành, Quận 1, H+10 tầng,",119.9,"Lý Tự Trọng, Phường Bến Thành, Quận 1, TPHCM",110.0,22,23,10,Giấy tờ hợp lệ,25/11/2025
"Bán nhà mặt tiền ngay Trần Khắc Chân, Tân Định, Quận 1 8.5x16m, 3 lầu",54.0,"Trần Khắc Chân, Phường Tân Định, Quận 1, TPHCM",115.0,6,6,3,Giấy tờ hợp lệ,25/11/2025
"Bán nhà đường 10m Võ Thị Sáu, Quận 1, 4.2x23m, 4L, 24.9 tỷ",24.899,"Võ Thị Sáu, Phường Tân Định, Quận 1, TPHCM",108.0,9,9,4,Giấy tờ hợp lệ,25/11/2025
"Chỉ 72 Tỷ có ngay dòng tiền 2 tỷ/năm Mặt tiền Q1 bề ngang 8,2m dài 17m",72.0,"Trần Quý Khoách, Phường Tân Định, Quận 1, TPHCM",120.0,19,19,6,Sổ hồng,25/11/2025
Mặt Tiền Bùi Viện Q1 ngang 7m dài 16m nở 9m 4 Tầng dòng tiền 2 tỷ/năm,70.0,"Bùi Viện, Phường Phạm Ngũ Lão, Quận 1, TPHCM",114.0,4,4,4,Sổ hồng,25/11/2025
"Bán Nhà HXH 122/4 Trần Đình Xu, P. Nguyễn Cư Trinh, QUận 1. DT: 9x30m",52.0,"Trần Đình Xu, Phường Nguyễn Cư Trinh, Quận 1, TPHCM",270.0,,,2,Sổ hồng,25/11/2025
"Nhà mặt phố tại Nguyễn Trãi, Phường Nguyễn Cư Trinh, Quận 1. Giá 100tỷ",100.0,"Nguyễn Trãi, Phường Nguyễn Cư Trinh, Quận 1, TPHCM",183.0,,,,Sổ hồng,25/11/2025
"Bán tòa nhà CHDV mặt tiền gần Trần Quang Khải, Quận 1, H+7L, 47 tỷ",48.0,"Trần Quang Khải, Phường Tân Định, Quận 1, TPHCM",110.0,14,14,7,Giấy tờ hợp lệ,25/11/2025
"Bán Siêu phẩm Mặt Tiền Trần Nhật Duật Q1 Dt 7,9m x 16m Hầm 7 Tầng 79Tỷ",79.0,"Trần Nhật Duật, Phường Tân Định, Quận 1, TPHCM",121.0,7,7,7,Sổ hồng,25/11/2025
"Bán nhà MT Tôn Thất Đạm, Bến Nghé, Quận 1. DT: 4mx18m, 5 tầng",42.0,"Tôn Thất Đạm, Phường Bến Nghé, Quận 1, TPHCM",67.0,,,9,Sổ hồng,25/11/2025
"Bán nhà mặt tiền Lý Tự Trọng, Bến Thành, Quận 1, 200m, 3 lầu, 185 tỷ",180.0,"Lý Tự Trọng, Phường Bến Thành, Quận 1, TPHCM",230.0,3,3,4,Giấy tờ hợp lệ,25/11/2025
"Bán nhà mặt tiền gần Hai Bà Trưng, Tân Định, Quận 1 8.5x16m, 3 lầu,",53.999,"Hai Bà Trưng, Phường Tân Định, Quận 1, TPHCM",115.0,6,6,3,Giấy tờ hợp lệ,25/11/2025
"Bán Siêu phẩm Mặt Tiền Trần Quang Khải Q1 Dt 4,2 x 15m 5 Tầng 34 Tỷ",34.0,"Trần Quang Khải, Phường Tân Định, Quận 1, TPHCM",64.0,6,6,5,Sổ hồng,25/11/2025
bán nhà mặt tiền trần nhật duật quận 1 - dt (8 x 25) - 3 lầu - 59 tỷ,59.0,"Trần Nhật Duật, Phường Tân Định, Quận 1, TPHCM",200.0,,,3,Sổ hồng,25/11/2025
"Bán Siêu phẩm Mặt Tiền Nguyễn Hữu Cầu Q1 Dt 4,5m x 17m 4 Tầng Giá 45Tỷ",45.0,"Nguyễn Hữu Cầu, Phường Tân Định, Quận 1, TPHCM",80.0,4,4,4,Sổ hồng,25/11/2025
"Bán khách sạn Bến Thành, Nguyễn Trãi-Bùi Thị Xuân, Q1, 7.8x20, 5 tầng,",32.0,"Bùi Thị Xuân, Phường Bến Thành, Quận 1, TPHCM",140.0,20,21,5,Giấy tờ hợp lệ,25/11/2025
Siêu Phẩm Góc 2 Mặt Tiền Bùi ViệnQ1 Dt 4m x 17m 5Tầng Giá 39Tỷ Hdt 80t,39.0,"Bùi Viện, Phường Phạm Ngũ Lão, Quận 1, TPHCM",51.0,5,5,5,Sổ hồng,25/11/2025
"35 Tỷ ! Có dòng tiền 52 triệu, Sỡ Hữu Mặt Tiền Q1 ngang 4,5m Dài 14m .",35.0,"Lê Thị Riêng, Phường Bến Thành, Quận 1, TPHCM",62.0,4,4,4,Sổ hồng,25/11/2025
"Bán nhà HXH 150 Nguyễn Trãi, Bến Thành, Q.1 5x19m, 3L, 25.9 tỷ",26.0,"Nguyễn Trãi, Phường Bến Thành, Quận 1, TPHCM",90.0,6,6,3,Giấy tờ hợp lệ,25/11/2025
"Hẻm 4m Đề Thám Q1 ngang 4m Dài 16m giá15,5 Tỷ có dòng tiền 30 triệu/t",15.5,"Đề Thám, Phường Cầu Ông Lãnh, Quận 1, TPHCM",60.0,3,3,3,Sổ hồng,25/11/2025
"Mặt Tiền Trần Đình Xu Q1 ngang3,8m Dài 19m 3Tầng giáp Nguyễn Trãi 29Tỷ",29.0,"Trần Đình Xu, Phường Nguyễn Cư Trinh, Quận 1, TPHCM",71.0,2,2,7,Sổ hồng,25/11/2025
"Bán nhà mặt tiền gần Trần Quang Khải, Tân Định, Quận 1 8.5x16m, 3 lầu",54.0,"Trần Quang Khải, Phường Tân Định, Quận 1, TPHCM",115.0,6,6,3,Giấy tờ hợp lệ,25/11/2025
"Bán nhà đường 8m Thạch Thị Thanh, Quận 1, 4.2x23m, 4L, 24.9 tỷ",24.9,"Thạch Thị Thanh, Phường Tân Định, Quận 1, TPHCM",110.0,8,9,4,Giấy tờ hợp lệ,25/11/2025
"Giảm 10 tỷ còn 89 tỷ bán tòa nhà hầm 8 tầng 12,6 x 22m MT Mạc Đĩnh Chi",89.0,"Mạc Đĩnh Chi, Phường Đa Kao, Quận 1, TPHCM",277.0,,,15,Sổ hồng,25/11/2025
"Chính Chủ Bán Nhà Mặt Tiền Đường 62, Thảo Điền, Quận 2",19.5,"Đường số 62, Phường Thảo Điền, Quận 2 (TP. Thủ Đức), TPHCM",95.0,2,2,2,Giấy tờ hợp lệ,25/11/2025
"Bán nhà mt Quốc Hương Thảo Điền - Q2. DT: 4,5x15, trệt lầu. Giá: 14 tỷ",14.0,"Đường số 47, Phường Thảo Điền, Quận 2 (TP. Thủ Đức), TPHCM",70.0,2,2,1,Sổ hồng,25/11/2025
"Bán gấp nhà 2 tầng mặt tiền Thảo Điền - Q2. DT: 7,3x16. Giá: 13 tỷ TL",13.0,"Đường số 42, Phường Thảo Điền, Quận 2 (TP. Thủ Đức), TPHCM",111.0,4,4,2,Sổ hồng,25/11/2025
Biệt thự cao cấp Compound Bình An - Quận 2. DT: 350m2. Giá: 76 tỷ,76.0,"Đường số 32, Phường Bình An, Quận 2 (TP. Thủ Đức), TPHCM",350.0,5,6,2,Sổ hồng,25/11/2025
"Bán Biệt thự compound đường 25 - Bình An - Q2. DT: 20x26, Giá: 70 tỷ",70.0,"Đường số 20, Phường Bình An, Quận 2 (TP. Thủ Đức), TPHCM",510.0,5,6,,Sổ hồng,25/11/2025
"Biệt thự Compound khu Fideco Thảo Điền- Quận 2. DT: 400m2, Giá: 60 tỷ.",60.0,"Thảo Điền, Phường Thảo Điền, Quận 2 (TP. Thủ Đức), TPHCM",400.0,5,7,,Sổ hồng,25/11/2025
Biệt thự compoud Nguyễn Văn Hưởng - Quận 2. DT: 300m2. Giá: 58 tỷ.,58.0,"Nguyễn Văn Hưởng, Phường Thảo Điền, Quận 2 (TP. Thủ Đức), TPHCM",300.0,4,5,,Sổ hồng,25/11/2025
"Bán nhà mặt tiền đường số 44 Thảo Điền- Quận 2. DT: 7,5x16. Giá: 13 tỷ",13.0,"Đường số 44, Phường Thảo Điền, Quận 2 (TP. Thủ Đức), TPHCM",120.0,4,3,,Sổ hồng,25/11/2025
Bán rẻ nhà MT Vũ Tông Phan - An Phú - Quận 2. DT: 10x20. Giá: 200tr/ m,40.0,"Vũ Tông Phan, Phường An Phú, Quận 2 (TP. Thủ Đức), TPHCM",200.0,2,4,3,Sổ hồng,25/11/2025
Biệt thự Trệt 2 lầu - An Phú An Khánh- Quận 2. DT: 12x20. Giá: 160tr/m,42.24,"Đường số 17, Phường An Phú, Quận 2 (TP. Thủ Đức), TPHCM",264.0,4,4,2,Không xác định,25/11/2025
"Biệt thự cao cấp River Mark đường Trần Não - Quận 2. 12x24, giá: 66 tỷ",66.0,"Đường số 31, Phường Bình An, Quận 2 (TP. Thủ Đức), TPHCM",220.0,5,5,2,Sổ hồng,25/11/2025
RẺ NHẤT THỊ TRƯỜNG - Bán nhà ở Thảo Điền - Q2. DT: 200m2. Giá: 130tr/m,26.0,"Nguyễn Cừ, Phường Thảo Điền, Quận 2 (TP. Thủ Đức), TPHCM",200.0,2,2,5,Sổ hồng,25/11/2025
Bán nhà mt Thảo Điền- Quận 2. DT: 6x11. Giá: 12 tỷ (HĐT: 26 triệu),12.0,"Đường số 46, Phường Thảo Điền, Quận 2 (TP. Thủ Đức), TPHCM",68.0,2,2,,Sổ hồng,25/11/2025
"Cần bán nhà đường Quốc Hương - Thảo Điền- Quận 2. DT: 4x17, Giá: 15 tỷ",15.0,"Quốc Hương, Phường Thảo Điền, Quận 2 (TP. Thủ Đức), TPHCM",68.0,5,5,2,Sổ hồng,25/11/2025
Bán gấp nhà mặt tiền đường 19B - Bình An- Quận 2. DT: 4x14. Giá: 11 tỷ,11.0,"Đường số 19B, Phường Bình An, Quận 2 (TP. Thủ Đức), TPHCM",56.0,8,8,3,Sổ hồng,25/11/2025
"Nhà siêu HOT Thảo Điền- Q2. 4 tầng, 8 phòng CHDV, Thu nhập 57tr/ tháng",13.0,"Đường số 47, Phường Thảo Điền, Quận 2 (TP. Thủ Đức), TPHCM",61.0,8,8,3,Sổ hồng,25/11/2025
Ngộp Ngân hàng GIẢM 8 TỶ bán gấp. Nhà MT đường số 3 - Quận 2. DT: 443m,18.0,"Đường số 3, Phường Cát Lái, Quận 2 (TP. Thủ Đức), TPHCM",443.0,4,4,3,Sổ hồng,25/11/2025
BÁN GẤP nhà Thảo Điền - Quận 2. Mặt tiền đường trệt lầu - Giá: 12 tỷ,12.0,"Đường số 41, Phường Thảo Điền, Quận 2 (TP. Thủ Đức), TPHCM",68.0,2,2,,Sổ hồng,25/11/2025
"Bán nhà An Phú Quận 2, DT 5x20, Hầm T3L ngay Nguyễn Hoàng. Giá: 16 tỷ",16.5,"Đường số 7, Phường Thảo Điền, Quận 2 (TP. Thủ Đức), TPHCM",100.0,5,5,2,Sổ hồng,25/11/2025
Bán Villa đường Cao Đức Lân - APAK - Quận 2. DT: 8x16. Giá: 27 tỷ.,27.0,"Cao Đức Lân, Phường An Phú, Quận 2 (TP. Thủ Đức), TPHCM",128.0,5,5,2,Sổ hồng,25/11/2025
"Bán nhà MT đường số 17 - An Phú An Khánh - Q2. 5x20, Hầm 3L thang máy",17.0,"Đường số 17, Phường An Phú, Quận 2 (TP. Thủ Đức), TPHCM",100.0,6,6,2,Sổ hồng,25/11/2025
Bán biệt thự Vip đường 20 Bình An- Quận 2. DT: 15x23. 340m2. Giá 60 tỷ,60.0,"Đường số 20, Phường Bình An, Quận 2 (TP. Thủ Đức), TPHCM",340.0,5,5,2,Sổ hồng,25/11/2025
Bán biệt thự đẹp View Sông - Quận 2. DT: 14x16. Trệt 2 lầu. Giá: 35 tỷ,35.0,"Đường số 52, Phường Bình Trưng Đông, Quận 2 (TP. Thủ Đức), TPHCM",205.0,5,5,2,Sổ hồng,25/11/2025
"Bán nhà MT Phạm Công Trứ -Quận 2, TP.Thủ Đức. DT:5x20. Giá: 16 tỷ TL",16.0,"Phạm Công Trứ, Phường Thạnh Mỹ Lợi, Quận 2 (TP. Thủ Đức), TPHCM",100.0,5,5,3,Sổ hồng,25/11/2025
Chỉ 29 tỷ! Bán Nhà An Phú - An Khánh DT 100m2 (5m x20m) SHR,29.0,"Xa Lộ Hà Nội, Phường An Phú, Quận 2 (TP. Thủ Đức), TPHCM",100.0,4,4,3,Sổ hồng,25/11/2025
Bán Biệt Thự nhánh Trần Não- view sông Sài Gòn -134.5m2- 34 tỷ,34.0,"Đường số 33, Phường Bình An, Quận 2 (TP. Thủ Đức), TPHCM",134.5,4,5,2,Sổ đỏ,25/11/2025
Bán Nhà 64 Nguyễn Quý Đức DT 5m x 20m giá 32 tỷ phù hợp kinh doanh,32.0,"Xa Lộ Hà Nội, Phường An Phú, Quận 2 (TP. Thủ Đức), TPHCM",100.0,4,5,3,Sổ hồng,25/11/2025
"Bán Biệt Thự khu Thời báo kinh tế, An Khánh Quận 2 DT 119m2 giá 32 tỷ",32.0,"Lương Định Của, Phường An Khánh, Quận 2 (TP. Thủ Đức), TPHCM",119.0,5,6,3,Sổ hồng,25/11/2025
"Top 10 lô Huy Hoàng giá tốt T10 / 2025 sổ hồng, alo em Nhi nhé",40.0,"Liên Tỉnh Lộ 25B, Phường Thạnh Mỹ Lợi, Quận 2 (TP. Thủ Đức), TPHCM",160.0,3,3,,Sổ hồng,25/11/2025
"Chủ gửi em Nhi bán Mặt Tiền Thân Văn Nhiếp, DT 130m2 giá chỉ 33 tỷ",33.0,"Thân Văn Nhiếp, Phường An Phú, Quận 2 (TP. Thủ Đức), TPHCM",130.0,10,10,,Sổ hồng,25/11/2025
"Chỉ 39.5 tỷ, Sỡ hữu Biệt Thự An Phú Newcity Nguyễn Hoàng DT 149.5m2",39.5,"Nguyễn Hoàng, Phường An Phú, Quận 2 (TP. Thủ Đức), TPHCM",149.4,4,5,2,Sổ hồng,25/11/2025
Bán Biệt Thự góc 113 Bùi Tá Hán An Phú DT 249.6m2 (12m x18m) - 75 tỷ,75.0,"Xa Lộ Hà Nội, Phường An Phú, Quận 2 (TP. Thủ Đức), TPHCM",249.6,5,5,2,Sổ hồng,25/11/2025
Bán Nhà đẹp đường 17 nhánh đường Thái Thuận KĐT An Phú An Khánh 29.5tỷ,29.5,"Xa Lộ Hà Nội, Phường An Phú, Quận 2 (TP. Thủ Đức), TPHCM",100.0,4,5,2,Sổ hồng,25/11/2025
"Bán nhà đường Trần Não - Bình An - Quận 2. DT: 3,5x17,5. Giá bán: 6 tỷ",6.0,"Trần Não, Phường Bình An, Quận 2 (TP. Thủ Đức), TPHCM",62.4,4,2,2,Sổ hồng,25/11/2025
"Em Nhi chuyên môi giới Quận 2, bán Mặt tiền Nguyễn Duy Trinh 30 tỷ",30.0,"Nguyễn Duy Trinh, Phường Bình Trưng Tây, Quận 2 (TP. Thủ Đức), TPHCM",104.0,5,5,2,Sổ hồng,25/11/2025
Nhà Mặt Tiền Quận 2-Sổ Riêng-Hoàn Công Đủ-Không Quy Hoạch-90M2 Chỉ Với,9.4,"Đường 20, Phường Bình Trưng Đông, Quận 2 (TP. Thủ Đức), TPHCM",90.0,5,4,4,Sổ hồng,25/11/2025
Bán Gấp Nhà Quận 2-2 Tầng- Mới Đẹp-Hẻm Rộng-Sổ Hồng Riêng Sang Tên Nga,4.1,"Nguyễn Tuyển, Phường Bình Trưng Tây, Quận 2 (TP. Thủ Đức), TPHCM",37.0,2,2,2,Sổ hồng,25/11/2025
"Siêu biệt thự sân vườn DT 500m2 ,Thảo Điền Q2 ,Ngang 20m x 25m, 3 T",86.0,"Thảo Điền, Phường Thảo Điền, Quận 2 (TP. Thủ Đức), TPHCM",500.0,,,3,Sổ hồng,25/11/2025
siêu phẩm bán khuôn đất mặt tiền Trần Não hơn 400 m2 xây cao tầng,170.0,"Trần Não, Phường Bình An, Quận 2 (TP. Thủ Đức), TPHCM",400.0,,,,Sổ hồng,25/11/2025
120 tỷ còn 105 tỷ. Bán gấp nhà 2MT Khu Compound Eden Nguyễn Văn Hưởng,105.0,"Nguyễn Văn Hưởng, Phường Thảo Điền, Quận 2 (TP. Thủ Đức), TPHCM",460.0,,,4,Sổ hồng,25/11/2025
"Biệt thự mặt tiền Nguyễn Văn Hưởng dài 34m (cực rộng, cực sang).",180.0,"Nguyễn Văn Hưởng, Phường Thảo Điền, Quận 2 (TP. Thủ Đức), TPHCM",800.0,,,,Sổ hồng,25/11/2025
"bán lô đất Thủ Đức House đường 38- Trần Não Q2 cách sông 80m, dt 300m2",60.0,"Trần Não, Phường Bình An, Quận 2 (TP. Thủ Đức), TPHCM",300.0,,,4,Sổ hồng,25/11/2025
bán biệt thự MT Dương Văn An - đối diện công viên An Phú An Khánh,60.0,"Dương Văn An, Phường An Phú, Quận 2 (TP. Thủ Đức), TPHCM",237.0,,,,Sổ hồng,25/11/2025
"biệt thự view đẹp góc 2 MT Thân Văn Nhiếp - Sông Giồng, Q 2, dt 130 m2",33.5,"Thân Văn Nhiếp, Phường An Phú, Quận 2 (TP. Thủ Đức), TPHCM",130.0,,,2,Sổ hồng,25/11/2025
hàng hot giá rẻ! bán gấp lô góc bt 2 mặt tiền 276m2 chỉ 61 tỷ,61.0,"Xuân Thủy, Phường Thảo Điền, Quận 2 (TP. Thủ Đức), TPHCM",276.0,,,,Sổ hồng,25/11/2025
"Giảm thêm 3 tỷ, bán nhà MT Trần Não, P An Khánh, TP Thủ Đức, DT 5,3x29",42.0,"Trần Não, Phường Bình An, Quận 2 (TP. Thủ Đức), TPHCM",150.0,,,2,Sổ hồng,25/11/2025
"Bán nhà MT đường Số 39, P Bình An, TP Thủ Đức, DT 7 x 22m, hầm 4L ST",65.0,"Đường số 39, Phường Bình An, Quận 2 (TP. Thủ Đức), TPHCM",154.0,,,4,Sổ hồng,25/11/2025
Bán biệt thự hồ bơi rẻ nhất Thảo Điền 210m2 chỉ 37.8 tỷ,37.8,"Thảo Điền, Phường Thảo Điền, Quận 2 (TP. Thủ Đức), TPHCM",210.0,,,4,Sổ hồng,25/11/2025
"siêu biệt thự mặt tiền ngay nguyễn văn hưởng, thảo điền, q.2 - 14x23m",50.0,"Nguyễn Văn Hưởng, Phường Thảo Điền, Quận 2 (TP. Thủ Đức), TPHCM",360.0,,,,Sổ hồng,25/11/2025
Nhà 1 đời chủ. Mặt tiền đường Lương Định Của (Vị trí đẹp). (25x35m),199.0,"Lương Định Của, Phường An Khánh, Quận 2 (TP. Thủ Đức), TPHCM",844.0,,,5,Sổ hồng,25/11/2025
Siêu khan hiếm! Bán nhà mặt tiền Lương Định Của - DT 11 x 35m - 3 tầng,110.0,"Lương Định Của, Phường An Khánh, Quận 2 (TP. Thủ Đức), TPHCM",320.0,,,11,Sổ hồng,25/11/2025
"chị chủ thân gửi bán biệt thự đẹp khu Nguyễn Văn Hưởng - TĐ, 375 m2",90.0,"Nguyễn Văn Hưởng, Phường Thảo Điền, Quận 2 (TP. Thủ Đức), TPHCM",375.0,,,3,Sổ hồng,25/11/2025
"siêu hot! biệt thự bờ sông Đường 30b, P.Bình An, 170m2, 3l chỉ 45 tỷ",45.0,"Đường 30, Phường Bình An, Quận 2 (TP. Thủ Đức), TPHCM",163.0,,,6,Sổ hồng,25/11/2025
bán toà nhà mt Trần Não hơn 500 m2 sử dụng cho thuê gần 200 triệu,80.0,"Trần Não, Phường Bình An, Quận 2 (TP. Thủ Đức), TPHCM",132.0,,,,Sổ hồng,25/11/2025
"Bán toà nhà mặt tiện Quốc Hương, 100 tỷ, diện tích đất 236m2, 8 tầng",100.0,"Quốc Hương, Phường Thảo Điền, Quận 2 (TP. Thủ Đức), TPHCM",236.0,8,8,16,Sổ hồng,25/11/2025
"SIÊU VỊ TRÍ. Bán nhà mặt tiền ngay vòng xoay Lương Định Của, Quận 2",102.0,"Lương Định Của, Phường An Khánh, Quận 2 (TP. Thủ Đức), TPHCM",459.0,,,5,Sổ hồng,25/11/2025
"Siêu biệt thự view sông Sài Gòn - Mặt tiền đường số 34, P. An Khánh",200.0,"Đường số 34, Phường An Khánh, Quận 2 (TP. Thủ Đức), TPHCM",600.0,,,3,Sổ hồng,25/11/2025
"Bán nhà mặt phố Lương Định Của, An Khánh, Thủ Đức, 68 tỷ, 250m2",68.0,"Lương Định Của, Phường An Khánh, Quận 2 (TP. Thủ Đức), TPHCM",250.0,6,6,5,Sổ hồng,25/11/2025
"Bán nhà đường số 10 Trần Não P. An Khánh Q2, DT: 25 x 18m giá 38 tỷ",38.0,"Đường số 10, Phường An Khánh, Quận 2 (TP. Thủ Đức), TPHCM",481.0,,,2,Sổ hồng,25/11/2025
"Căn hiếm được xây hầm + 7 tầng, mặt tiền Trần Não, Quận 2. DT: 16x25m",89.0,"Trần Não, Phường Bình An, Quận 2 (TP. Thủ Đức), TPHCM",400.0,,,14,Sổ hồng,25/11/2025
Hot - Bán Building MT Lương Định Của An Khánh TP. Thủ Đức. Hầm 7 tầng,80.0,"Lương Định Của, Phường An Khánh, Quận 2 (TP. Thủ Đức), TPHCM",300.0,,,14,Sổ hồng,25/11/2025
"Bán góc 2 MT Trần Não, An Khánh, Q2, HCM, 40 tỷ, 200m2 siêu hot view",40.0,"Trần Não, Phường Bình An, Quận 2 (TP. Thủ Đức), TPHCM",200.0,,,,Sổ hồng,25/11/2025
"Bán biệt thự khu compoud Nguyễn Văn Hưởng Thảo Điền Q2, dt: 577m2",167.0,"Nguyễn Văn Hưởng, Phường Thảo Điền, Quận 2 (TP. Thủ Đức), TPHCM",577.0,,,2,Sổ hồng,25/11/2025
Biệt Thự Siêu Đẹp Thảo Điền-Phong cách Indochin DT sàn 386m2 3 tầng,68.8,"Nguyễn Văn Hưởng, Phường Thảo Điền, Quận 2 (TP. Thủ Đức), TPHCM",200.0,,,2,Sổ hồng,25/11/2025
"Bán biệt thự trong khu compound mặt tiền đường Nguyễn Văn Hưởng, Q.2",98.0,"Nguyễn Văn Hưởng, Phường Thảo Điền, Quận 2 (TP. Thủ Đức), TPHCM",338.0,4,4,3,Sổ hồng,25/11/2025
"Biệt thự sân vườn giá cực tốt Thảo Điền, 14.5x25.5m. 360m2, 52 TỶ",52.0,"Nguyễn Văn Hưởng, Phường Thảo Điền, Quận 2 (TP. Thủ Đức), TPHCM",360.0,,,2,Sổ hồng,25/11/2025
Bán biệt thự Thảo Điền - Đạt giải kiến trúc trong nước và quốc tế Q2.,50.0,"Nguyễn Văn Hưởng, Phường Thảo Điền, Quận 2 (TP. Thủ Đức), TPHCM",260.0,,,3,Sổ hồng,25/11/2025
"Bán biệt thự 215 Nguyễn Văn Hưởng, P. Thảo Điền, Quận 2; 379.3m2",90.0,"Nguyễn Văn Hưởng, Phường Thảo Điền, Quận 2 (TP. Thủ Đức), TPHCM",380.0,,,3,Sổ hồng,25/11/2025
"Bán biệt thự hiện đại đẹp khu 215 Nguyễn Văn Hưởng, Thảo Điền, Quận 2",95.0,"Nguyễn Văn Hưởng, Phường Thảo Điền, Quận 2 (TP. Thủ Đức), TPHCM",481.0,,,3,Sổ hồng,25/11/2025
Siêu phẩm mặt tiền 30m khu Trần Não 1.300m² đất thổ cư xây 20 tầng,154.7,"Trần Não, Phường Bình An, Quận 2 (TP. Thủ Đức), TPHCM",1300.0,,,40,Sổ hồng,25/11/2025
Chỉ 100 tỷ bán nhà 2 mặt tiền Nguyễn Văn Hưởng - khu Eden - 18x24m,100.0,"Nguyễn Văn Hưởng, Phường Thảo Điền, Quận 2 (TP. Thủ Đức), TPHCM",448.0,,,3,Sổ hồng,25/11/2025
"Siêu phẩm khu Compound Thảo Điền, Q2. Không có sản phẩm để so sánh.",95.0,"Thảo Điền, Phường Thảo Điền, Quận 2 (TP. Thủ Đức), TPHCM",417.0,,,2,Sổ hồng,25/11/2025
"Bán Nhà Mt Đường Xuân Thủy - Thảo Điền - Tp Thủ Đức, Dt 17x18m (342m2)",61.0,"Xuân Thủy, Phường Thảo Điền, Quận 2 (TP. Thủ Đức), TPHCM",342.0,,,3,Sổ hồng,25/11/2025
"Góc 2MT thương hiệu Trần Não, Q.2 - 6x36m - 2 tầng - CTXD Hầm 7 Tầng",58.0,"Trần Não, Phường Bình An, Quận 2 (TP. Thủ Đức), TPHCM",214.0,,,9,Sổ hồng,25/11/2025
Chính chủ kẹt tiền giảm mạnh bán gấp nhà góc 2MT ngay Trần Não giá rẻ,142.0,"Trần Não, Phường Bình An, Quận 2 (TP. Thủ Đức), TPHCM",670.0,,,9,Sổ hồng,25/11/2025
"Bán nhà 2 mặt tiền Lương Định Của, Quận 2. DT: 132m2 (6x22m), 51 tỷ",51.0,"Lương Định Của, Phường An Khánh, Quận 2 (TP. Thủ Đức), TPHCM",132.0,,,5,Sổ hồng,25/11/2025
"Định cư bán nhà cấp 4 MT Lương Định Của TP Thủ Đức (Quận 2), 6x22m",43.0,"Lương Định Của, Phường An Khánh, Quận 2 (TP. Thủ Đức), TPHCM",142.0,,,,Sổ hồng,25/11/2025
"Chính chủ kẹt tiền giảm 3tỷ bán gấp nhà ngay Lê Hiến Mai, giá rẻ 30tỷ",30.0,"Lê Hiến Mai, Phường Thạnh Mỹ Lợi, Quận 2 (TP. Thủ Đức), TPHCM",100.0,,,6,Sổ hồng,25/11/2025
"Bán nhà mặt tiền Lương Định Của, An Khánh - DT 10x30m - XD hầm 7 tầng",70.0,"Lương Định Của, Phường An Khánh, Quận 2 (TP. Thủ Đức), TPHCM",300.0,,,7,Sổ hồng,25/11/2025
"Bán nhà đất siêu hiếm mặt tiền Lương Định Của, An Khánh (12x22)",79.0,"Lương Định Của, Phường Bình An, Quận 2 (TP. Thủ Đức), TPHCM",264.0,,,,Sổ hồng,25/11/2025
"Siêu phẩm cực kỳ khan hiếm mặt tiền Tạ Hiện Thạnh Mỹ Lợi, Q.2 DT 10x20",64.0,"Tạ Hiện, Phường Thạnh Mỹ Lợi, Quận 2 (TP. Thủ Đức), TPHCM",200.0,,,,Sổ hồng,25/11/2025
Bán tòa nhà 48 Nguyễn Văn Kỉnh Quận Thủ Đức. DT 8x20m. Hầm 7 tầng,65.0,"Nguyễn Văn Kỉnh, Phường Thạnh Mỹ Lợi, Quận 2 (TP. Thủ Đức), TPHCM",160.0,,,6,Sổ hồng,25/11/2025
"Căn hiếm được xây hầm + 7 tầng, mặt tiền Trần Não, Quận 2. DT: 400m2",89.0,"Trần Não, Phường Bình An, Quận 2 (TP. Thủ Đức), TPHCM",400.0,,,14,Sổ hồng,25/11/2025
"Bán nhà MT 164 Đồng Văn Cống, Thạnh Mỹ Lợi, Thủ Đức, 7x16.5, H+5 lầu,",29.0,"Đồng Văn Cống, Phường Thạnh Mỹ Lợi, Quận 2 (TP. Thủ Đức), TPHCM",112.0,8,8,5,Giấy tờ hợp lệ,25/11/2025
"Bán tòa nhà VP-CHDV Nguyễn Văn Hưởng, Thảo Điền, Thủ Đức, 10x20, 6L",55.0,"Nguyễn Văn Hưởng, Phường Thảo Điền, Quận 2 (TP. Thủ Đức), TPHCM",200.0,14,15,6,Giấy tờ hợp lệ,25/11/2025
"Bán Gấp Biệt Thự 2 Mặt Tiền Đường Nguyễn Văn Hưởng, Thảo Điền 448m2",120.0,"Nguyễn Văn Hưởng, Phường Thảo Điền, Quận 2 (TP. Thủ Đức), TPHCM",448.0,,,,Sổ hồng,25/11/2025
"Lô Đất Biệt Thự Đẹp, Khu Compound Nguyễn Văn Hưởng, 100 Tỷ, 417m2",100.0,"Nguyễn Văn Hưởng, Phường Thảo Điền, Quận 2 (TP. Thủ Đức), TPHCM",417.0,,,,Sổ hồng,25/11/2025
Chính Chủ Nhờ Bán Lô Đất 890m2 Mặt Tiền Xa Lộ Hà Nội Thảo Điền,0.45,"Xa Lộ Hà Nội, Phường Thảo Điền, Quận 2 (TP. Thủ Đức), TPHCM",890.0,,,,Sổ hồng,25/11/2025
"Bán Lô Đất Số 99 Đường Thảo Điền Quận 2 , 763m2- Giá Siêu Tốt",0.288,"Thảo Điền, Phường Thảo Điền, Quận 2 (TP. Thủ Đức), TPHCM",763.0,,,,Sổ hồng,25/11/2025
"Bán biệt thự 300m2, 130 tỷ Xuống 105 tỷ tại Đặng Như Mai, Thạnh Mỹ Lợi",130.0,"Đặng Như Mai, Phường Thạnh Mỹ Lợi, Quận 2 (TP. Thủ Đức), TPHCM",300.0,,,5,Sổ hồng,25/11/2025
"Bán Nhà Mặt Tiền Đẹp Đường Xuân Thuỷ, Phường Thảo Điền, Tp. Thủ Đức",63.0,"Xuân Thuỷ, Phường Thảo Điền, Quận 2 (TP. Thủ Đức), TPHCM",224.0,,,,Sổ hồng,25/11/2025
"Siêu Phẩm Lô Góc 3 Mặt Tiền Trung Tâm Thảo Điền, Q2",196.0,"Thảo Điền, Phường Thảo Điền, Quận 2 (TP. Thủ Đức), TPHCM",815.0,,,7,Sổ hồng,25/11/2025
Bán gấp 1344m2 mặt tiền ngay đường Thảo Điền - P. Thảo Điền - Q. 2,430.08,"Thảo Điền, Phường Thảo Điền, Quận 2 (TP. Thủ Đức), TPHCM",1344.0,,,,Sổ hồng,25/11/2025
"Bán gấp nhà 2 mặt tiền đường Trần Não - Q. 2 (TP Thủ Đức), DT 10 x 23m",60.0,"Trần Não, Phường Bình An, Quận 2 (TP. Thủ Đức), TPHCM",230.0,,,,Sổ hồng,25/11/2025
"Bán nhà ngay góc 2MT LƯƠNG ĐỊNH CỦA, AN KHÁNH, THỦ ĐỨC, 250m2",68.0,"Lương Định Của, Phường An Khánh, Quận 2 (TP. Thủ Đức), TPHCM",250.0,,,,Sổ hồng,25/11/2025
CHDV 4lầu HXH Nguyễn Thị Định ngang 7.5m 310m2 53PN Tmáy TN200tr 39 tỷ,39.0,"Nguyễn Thị Định, Phường Bình Trưng Tây, Quận 2 (TP. Thủ Đức), TPHCM",310.0,53,53,8,Sổ hồng,25/11/2025
Siêu phẩm biệt thự Nguyễn Văn Hưởng Thảo Điền DT 18x24 giá 100 tỷ,100.0,"Nguyễn Văn Hưởng, Phường Thảo Điền, Quận 2 (TP. Thủ Đức), TPHCM",448.0,,,3,Sổ hồng,25/11/2025
"Bán nhà mới 105m2, 4 tầng, hẻm 7m Lê Văn Thịnh, Bình Trưng Tây, Quận 2",12.9,"Lê Văn Thịnh, Phường Bình Trưng Tây, Quận 2 (TP. Thủ Đức), TPHCM",105.0,7,5,6,Sổ hồng,25/11/2025
"Gía đầu tư !! Hiếm. Cần bán gấp MT Trương Văn Bang, TML. DT 16x20m",95.0,"Trương Văn Bang, Phường Thạnh Mỹ Lợi, Quận 2 (TP. Thủ Đức), TPHCM",320.0,,,,Sổ hồng,25/11/2025
"Bán rẻ nhà 2 tầng, 56m2 hẻm ô tô Nguyễn Duy Trinh, Bình Trưng Tây, Q.2",5.45,"Nguyễn Duy Trinh, Phường Bình Trưng Tây, Quận 2 (TP. Thủ Đức), TPHCM",56.0,2,2,4,Sổ hồng,25/11/2025
"Bán gấp nhà xưởng 280m2, mặt tiền đường số Nguyễn Thị Định, Q.2, 30 tỷ",30.0,"Nguyễn Thị Định, Phường Thạnh Mỹ Lợi, Quận 2 (TP. Thủ Đức), TPHCM",280.0,2,2,,Sổ hồng,25/11/2025
"Góc 2MT Quốc Hương, Quận 2 - 11x35m - XD: Hầm 7 tầng - HĐT 350 tr/th",79.0,"Quốc Hương, Phường Thảo Điền, Quận 2 (TP. Thủ Đức), TPHCM",366.0,,,7,Sổ hồng,25/11/2025
"Bán gấp nhà 100m2, cách mặt tiền Nguyễn Duy Trinh 20m, Bình T Tây, Q.2",6.75,"Nguyễn Duy Trinh, Phường Bình Trưng Tây, Quận 2 (TP. Thủ Đức), TPHCM",100.0,2,2,,Sổ hồng,25/11/2025
Bán biệt thự khu biệt lập cao cấp Eden Nguyễn Văn Hưởng P Thảo Điền Q2,105.0,"Nguyễn Văn Hưởng, Phường Thảo Điền, Quận 2 (TP. Thủ Đức), TPHCM",338.0,,,2,Sổ hồng,25/11/2025
"Bán rẻ biệt thự 2 tầng, 202m2, cách MT Nguyễn Duy Trinh, Q.2 hơn 50m",14.5,"Nguyễn Duy Trinh, Phường Bình Trưng Đông, Quận 2 (TP. Thủ Đức), TPHCM",202.0,5,5,4,Sổ hồng,25/11/2025
"Siêu phẩm! Biệt thự góc 3MT Compound Thảo Điền 1 DT 620m2 (20,5x30m) g",120.0,"Thảo Điền, Phường Thảo Điền, Quận 2 (TP. Thủ Đức), TPHCM",620.0,,,2,Sổ hồng,25/11/2025
Bán Biệt thự Đẹp nhất Thảo Điền Quận 2 Khu Compound Fideco Xây 4 Tầng,85.0,"Thảo Điền, Phường Thảo Điền, Quận 2 (TP. Thủ Đức), TPHCM",384.0,,,2,Sổ hồng,25/11/2025
"Bán rẻ nhà 107m2, 2 tầng, hẻm 5m, Nguyễn Thị Định, Thạnh Mỹ Lợi, Q. 2",8.2,"Nguyễn Thị Định, Phường Thạnh Mỹ Lợi, Quận 2 (TP. Thủ Đức), TPHCM",107.0,2,2,5,Sổ hồng,25/11/2025
"Bán biệt thự có bến du thuyền 189A1 Nguyễn Văn Hưởng, P. Thảo Điền, Q2",355.0,"Nguyễn Văn Hưởng, Phường Thảo Điền, Quận 2 (TP. Thủ Đức), TPHCM",668.0,,,5,Sổ hồng,25/11/2025
"Bán rẻ nhà 105m2, cấp 4, hẻm 7m Nguyễn Thị Định, Bình Trưng Tây, Q.2",9.5,"Nguyễn Thị Định, Phường Bình Trưng Tây, Quận 2 (TP. Thủ Đức), TPHCM",105.0,2,1,5,Sổ hồng,25/11/2025
"Bán gấp nhà 3 tầng, 79m2, hẻm ô tô Nguyễn Thị Định, Thạnh Mỹ Lợi, Q.2",8.5,"Nguyễn Thị Định, Phường Thạnh Mỹ Lợi, Quận 2 (TP. Thủ Đức), TPHCM",79.0,3,4,6,Sổ hồng,25/11/2025
"Khuôn đất 30x33 (870m2) mặt tiền Nguyễn Văn Hưởng, Thảo Điền, Quận 2.",245.0,"Nguyễn Văn Hưởng, Phường Thảo Điền, Quận 2 (TP. Thủ Đức), TPHCM",870.0,,,7,Sổ hồng,25/11/2025
"Bán gấp căn góc 2 mặt tiền đường số, 96m2, 4 tầng, Bình Trưng Tây, Q.2",13.0,"Đường số 39, Phường Bình Trưng Tây, Quận 2 (TP. Thủ Đức), TPHCM",96.0,5,4,7,Sổ hồng,25/11/2025
bán tòa nhà 6 lầu ngay Nguyễn Văn Hưởng Thảo Điền hơn 800 m2 sử dụng,55.0,"Nguyễn Văn Hưởng, Phường Thảo Điền, Quận 2 (TP. Thủ Đức), TPHCM",200.0,,,10,Sổ hồng,25/11/2025
"Bán Biệt Thự đường số 21 Trần Não, phường An Khánh, Quận 2, DT 24x15m",63.0,"Đường số 21, Phường An Khánh, Quận 2 (TP. Thủ Đức), TPHCM",360.0,,,6,Sổ hồng,25/11/2025
vị trí đẳng cấp nhất sông sài gòn! Khu River Mark - Trần Não DT 393 m2,0.0,"Trần Não, Phường Bình An, Quận 2 (TP. Thủ Đức), TPHCM",393.0,,,,Sổ hồng,25/11/2025
"Hạ sâu 20 tỷ - Bán gấp nhà 97 Trần Não, Bình An, Quận 2. Góc 2MT 15x30",85.0,"Trần Não, Phường Bình An, Quận 2 (TP. Thủ Đức), TPHCM",475.0,,,2,Sổ hồng,25/11/2025
"Chính chủ bán biệt thự hiện đại đẹp 204 Nguyễn Văn Hưởng, Thảo Điền DT",42.0,"Nguyễn Văn Hưởng, Phường Thảo Điền, Quận 2 (TP. Thủ Đức), TPHCM",164.0,,,2,Sổ hồng,25/11/2025
"Bán nhà Phường Thạch Mỹ Lợi, Cát Lái Thủ Đức 551,5m2 đất rộng, giá tốt",50.0,"Đường số 18, Phường Thạnh Mỹ Lợi, Quận 2 (TP. Thủ Đức), TPHCM",551.5,3,3,4,Sổ hồng,25/11/2025
"HĐT 135tr/th - Bán nhà villa ngay Quốc Hương Thảo Điền, Q2, 7m x 30m",37.0,"Quốc Hương, Phường Thảo Điền, Quận 2 (TP. Thủ Đức), TPHCM",210.0,,,4,Sổ hồng,25/11/2025
Chính chủ bán nhà nguyễn thiện thuật quận 3- 3m x 7m - 3pn 3wc,5.7,"Nguyễn Thiện Thuật, Phường 2, Quận 3, TPHCM",21.0,3,3,20,Sổ hồng,25/11/2025
Quận 3 - Nhà Mới Keng - 5 Tầng BTCT - 6m3 x 8m - 4PN - Nhỉnh 8 Tỷ,8.7,"Trần Quang Diệu, Phường 14, Quận 3, TPHCM",56.0,4,5,13,Không xác định,25/11/2025
Quận 3 - nhà mới ở ngay - đầy đủ nội thất - 4 tầng - nhỉnh 3 tỷ,3.75,"Nguyễn Thiện Thuật, Phường 2, Quận 3, TPHCM",,,,4,Sổ đỏ,25/11/2025
Quận 3 - Nhà Mới Ở Ngay - Đầy Đủ Nội Thất - 4 Tầng - Nhỉnh 3 Tỷ,3.749,"Nguyễn Thiện Thuật, Phường 2, Quận 3, TPHCM",11.0,2,1,8,Sổ hồng,25/11/2025
Quận 3 - 2 Mặt Thoáng - Nhà Mới Full Nội Thất - Nhỉnh 4 Tỷ,4.65,"Lê Văn Sỹ, Phường 12, Quận 3, TPHCM",26.0,2,2,3,Sổ hồng,25/11/2025
Cho Thuê Nguyên Căn Lê Văn Sỹ - 3PN - 14 Triệu,0.014,"Lê Văn Sỹ, Phường 14, Quận 3, TPHCM",32.0,3,3,3,Sổ hồng,25/11/2025
Quận 3 - Cách Mạng Tháng 8 - Không Quy Hoạch - 33M - Nhỉnh 3 Tỷ,3.6,"Cách Mạng Tháng 8, Phường 10, Quận 3, TPHCM",33.0,2,2,2,Sổ hồng,25/11/2025
"Mặt tiền Hai Bà Trưng - Q3. DT: 15x26,5m, CTXD: 1H 10L. Giá: 170 tỷ",170.0,"Hai Bà Trưng, Phường 6 (Phường Võ Thị Sáu), Quận 3, TPHCM",398.0,2,2,10,Sổ hồng,25/11/2025
Quận 3 - Nhà Mới 100% - 5 Tầng - 6x7m6 - - SỔ A4 - Chỉ 8.7 Tỷ,8.7,"Trần Quang Diệu, Phường 14, Quận 3, TPHCM",45.0,4,5,13,Sổ hồng,25/11/2025
Bán Văn phòng MT Nam Kỳ Khởi Nghĩa- 2 Hầm 15 Tầng- 3500m2 - Giá 425 tỷ,425.0,"Nam Kỳ Khởi Nghĩa, Phường 7 (Phường Võ Thị Sáu), Quận 3, TPHCM",490.0,2,15,15,Sổ hồng,25/11/2025
"BÁN GẤP tòa nhà MT Phạm Ngọc Thạch, F6, Quận 3. DT: 16x30. Hầm12 tầng.",450.0,"Phạm Ngọc Thạch, Phường 6 (Phường Võ Thị Sáu), Quận 3, TPHCM",435.0,2,12,11,Sổ hồng,25/11/2025
Bán Building Hầm 11 tầng MT Lý Chính Thắng – Q3. DT:12x38. Giá: 330 tỷ,330.0,"Lý Chính Thắng, Phường 7 (Phường Võ Thị Sáu), Quận 3, TPHCM",336.0,3,12,10,Sổ hồng,25/11/2025
"Tòa nhà 5 tầng MT Võ Thị Sáu thương hiệu, Quận 3. 68 TỶ. DT: 12x15.",68.0,"Võ Thị Sáu, Phường 6 (Phường Võ Thị Sáu), Quận 3, TPHCM",172.0,2,5,10,Sổ hồng,25/11/2025
"Bán tòa Văn phòng 7 TẦNG - Nguyễn Đình Chiểu, Quận 1. DT: 11x12. 95 TỶ",95.0,"Nguyễn Đình Chiểu, Phường 6 (Phường Võ Thị Sáu), Quận 3, TPHCM",120.0,5,7,,Sổ hồng,25/11/2025
"Chuyển nhượng khuôn đất lớn duy nhất TT Sài Gòn, Q.3 - DT 35x90m",2001.0,"Pasteur, Phường 6 (Phường Võ Thị Sáu), Quận 3, TPHCM",3033.0,,,44,Sổ hồng,25/11/2025
"Bán nhà ngay lõi trung tâm MT Ngô Thời Nhiệm, Phường VTS Quận 3, DT 12",160.0,"Ngô Thời Nhiệm, Phường 6 (Phường Võ Thị Sáu), Quận 3, TPHCM",286.0,,,,Sổ hồng,25/11/2025
"Bán khách sạn MT Võ Văn Tần, Q3. Ngay hồ Con Rùa (85 phòng) giá 400 tỷ",400.0,"Võ Văn Tần, Phường 6 (Phường Võ Thị Sáu), Quận 3, TPHCM",391.0,85,85,9,Sổ hồng,25/11/2025
"Giá cực tốt - Tòa VP duy nhất Q3 (26,5x39) 1000m2 - 5600m2 sàn",550.0,"Nguyễn Gia Thiều, Phường 6 (Phường Võ Thị Sáu), Quận 3, TPHCM",995.0,,,21,Sổ hồng,25/11/2025
Ngang 13m mặt tiền Bà Huyện Thanh Quan Q3 HĐT 130tr/tháng giá chỉ 55ty,55.0,"Bà Huyện Thanh Quan, Phường 6 (Phường Võ Thị Sáu), Quận 3, TPHCM",180.0,,,2,Sổ hồng,25/11/2025
"Building 2 MT Nam Kỳ Khởi Nghĩa, P8, Q3 12x22m, 6L giá 140 tỷ",140.0,"Nam Kỳ Khởi Nghĩa, Phường 8 (Phường Võ Thị Sáu), Quận 3, TPHCM",290.0,,,5,Sổ hồng,25/11/2025
"Bán nhà mặt phố 291 Nam Kỳ Khởi Nghĩa, Quận 3. CN 120m2, giá 55 tỷ",55.0,"Nam Kỳ Khởi Nghĩa, Phường 7 (Phường Võ Thị Sáu), Quận 3, TPHCM",120.0,,,,Sổ hồng,25/11/2025
"Bán nhà đường Nguyễn Đình Chiểu, P2, Q.3, 6x14, 5 tầng",25.0,"Nguyễn Đình Chiểu, Phường 2, Quận 3, TPHCM",80.0,5,5,5,Giấy tờ hợp lệ,25/11/2025
"Bán nhà HXH Phạm Ngọc Thạch ngay Hồ Con rùa, 3 lầu, chỉ 25 tỷ TL",25.0,"Phạm Ngọc Thạch, Phường 6 (Phường Võ Thị Sáu), Quận 3, TPHCM",88.0,6,6,3,Không xác định,25/11/2025
"Bán nhà Hẻm XH ngay Nguyễn Đình Chiểu-Bàn Cờ, Quận3, 5.5x18m, 18 tỷ",18.0,"Nguyễn Đình Chiểu, Phường 3, Quận 3, TPHCM",100.0,5,5,,Giấy tờ hợp lệ,25/11/2025
"Bán nhà mặt tiền Võ Văn Tần hai chiều Quận 3, 4.5x18m, 3 lầu, 45 tỷ",45.0,"Võ Văn Tần, Phường 5, Quận 3, TPHCM",78.5,6,5,3,Sổ hồng,25/11/2025
"Bán tòa nhà mt Lý Chính Thắng, Quận 3, H+7L, HĐT 120tr, giá 45 tỷ",45.5,"Lý Chính Thắng, Phường 8 (Phường Võ Thị Sáu), Quận 3, TPHCM",110.0,15,15,8,Giấy tờ hợp lệ,25/11/2025
"Bán tòa nhà CHDV gần Hai Bà Trưng, P. Võ Thị Sáu, Q3, H+4L, 24 CHDV, 2",27.0,"Hai Bà Trưng, Phường 8 (Phường Võ Thị Sáu), Quận 3, TPHCM",120.0,24,25,4,Giấy tờ hợp lệ,25/11/2025
Nhà hẻm 10m Cao Thắng ngay chợ ngang 6.5m 7lầu 163m2 16P TN100tr 50 tỷ,49.999,"Cao Thắng, Phường 3, Quận 3, TPHCM",163.0,16,16,14,Sổ hồng,25/11/2025
"Bán nhà Mặt tiền gần Trần Quốc Thảo, Võ Thị Sáu,Q.3 H, 5lầu, giá 24.9",24.9,"Trần Quốc Thảo, Phường 7 (Phường Võ Thị Sáu), Quận 3, TPHCM",68.0,13,14,5,Giấy tờ hợp lệ,25/11/2025
"Bán nhà HXH gần MT Nguyễn Đình Chiểu, Q.3, 132m2, 4L, 24.9 tỷ",24.9,"Nguyễn Đình Chiểu, Phường 4, Quận 3, TPHCM",132.0,5,5,4,Giấy tờ hợp lệ,25/11/2025
"Bán nhà Mặt tiền đường Quận 3, P. Võ Thị Sáu, H, 5lầu, giá 24.9 tỷ",24.99,"Võ Thị Sáu, Phường 7 (Phường Võ Thị Sáu), Quận 3, TPHCM",68.0,15,15,5,Giấy tờ hợp lệ,25/11/2025
Bán nhà mặt tiền Phạm Ngọc Thạch - Nguyễn Đình Chiểu 12x28m hầm 8 tầng,180.0,"Phạm Ngọc Thạch, Phường 6 (Phường Võ Thị Sáu), Quận 3, TPHCM",336.0,,,8,Sổ hồng,25/11/2025
Giảm 21 tỷ về 119 tỷ bán building 2 MT Nam Kỳ Khởi Nghĩa 22mx15m,119.0,"Nam Kỳ Khởi Nghĩa, Phường 7 (Phường Võ Thị Sáu), Quận 3, TPHCM",278.0,,,7,Sổ hồng,25/11/2025
Bán gấp cao ốc dư nợ 100 tỷ MT Nguyễn Thị Minh Khai Q.3 DT 12x30m,330.0,"Nguyễn Thị Minh Khai, Phường 6 (Phường Võ Thị Sáu), Quận 3, TPHCM",290.0,,,13,Sổ hồng,25/11/2025
"Bán nhà MT Võ Văn Tần, Quận 3, 5.5x18m, 6 lầu, 55 tỷ",55.0,"Võ Văn Tần, Phường 5, Quận 3, TPHCM",100.0,6,6,7,Giấy tờ hợp lệ,25/11/2025
"Bán toà Building Văn Phòng Góc 2MT Trung tâm ngay Nguyễn Đình Chiểu,Q3",85.0,"Nguyễn Đình Chiểu, Phường 6 (Phường Võ Thị Sáu), Quận 3, TPHCM",130.0,7,7,7,Giấy tờ hợp lệ,25/11/2025
"Bán nhà 2 Mặt Tiền Võ Văn Tần, Phường Võ Thị Sáu, Q3, 16x40m, giá 369.",369.9,"Võ Văn Tần, Phường 6 (Phường Võ Thị Sáu), Quận 3, TPHCM",643.0,6,6,3,Giấy tờ hợp lệ,25/11/2025
"Bán nhà HXH Trần Quang Diệu-Lê Văn Sỹ, Quận 3, 4.3x20m, 3 tầng, 14.99t",14.99,"Trần Quang Diệu, Phường 14, Quận 3, TPHCM",90.0,5,5,3,Giấy tờ hợp lệ,25/11/2025
Mặt Tiền Hiếm Nguyễn Đình Chiểu Q3 ngang 6m Dài 11m 5 Tầng Chỉ 36 Tỷ,36.0,"Nguyễn Đình Chiểu, Phường 2, Quận 3, TPHCM",62.0,5,5,5,Sổ hồng,25/11/2025
"Mặt Tiền Bàn Cờ Q3 Ngang 8,7m Dài 14m 5 Tầng Chỉ 55 Tỷ giáp Q1 .",55.0,"Bàn Cờ, Phường 3, Quận 3, TPHCM",116.0,5,5,9,Sổ hồng,25/11/2025
"Mặt tiền Nguyễn Thị Minh Khai, Quận 3 - 16x30m - XD mới: 2 Hầm 14 Tầng",250.0,"Nguyễn Thị Minh Khai, Phường 5, Quận 3, TPHCM",480.0,,,14,Sổ hồng,25/11/2025
"Bán nhà mặt tiền Lê Văn Sỹ gần Trần Quang Diệu, Quận 3, 4.2x25m, 3 lầu",36.0,"Lê Văn Sỹ, Phường 14, Quận 3, TPHCM",100.0,6,6,3,Giấy tờ hợp lệ,25/11/2025
"Nhà mặt tiền Quận 3 cần bán gấp ngay Cách Mạng Tháng 8, góc 2 mặt tiền",260.0,"Cách Mạng Tháng 8, Phường 6 (Phường Võ Thị Sáu), Quận 3, TPHCM",595.0,,,,Sổ hồng,25/11/2025
Mặt Tiền Q3 ngang 10m dài 17m giá giảm 48 Tỷ ngay đường Võ Thị Sáu,48.0,"Võ Thị Sáu, Phường 7 (Phường Võ Thị Sáu), Quận 3, TPHCM",170.0,2,2,9,Sổ hồng,25/11/2025
"137Tỷ! Có ngay Dòng Tiền 4 Tỷ/năm Sở Hữu luôn Mặt Tiền Q3 ngang 8,5m",137.0,"Trần Quốc Toản, Phường 8 (Phường Võ Thị Sáu), Quận 3, TPHCM",140.0,7,7,7,Không xác định,25/11/2025
"Bán tòa nhà CHDV Trần Quốc Thảo, P.Võ Thị Sáu, Q.3, H+6 lầu",36.9,"Trần Quốc Thảo, Phường 7 (Phường Võ Thị Sáu), Quận 3, TPHCM",115.0,26,27,6,Giấy tờ hợp lệ,25/11/2025
"78 Tỷ! Có Dòng Tiền 2,4 Tỷ/n,Sỡ Hữu MT Ngô Thời NhiệmQ3 ngang6m Dài15m",78.0,"Ngô Thời Nhiệm, Phường 6 (Phường Võ Thị Sáu), Quận 3, TPHCM",90.0,6,6,6,Sổ hồng,25/11/2025
"Diện tích lớn 1000 m2 MT Nguyễn Đình Chiểu 25x45m, 2 hầm 10 tầng",499.0,"Nguyễn Đình Chiểu, Phường 6 (Phường Võ Thị Sáu), Quận 3, TPHCM",1000.0,,,12,Sổ hồng,25/11/2025
"Bán nhà HXH 6m thông - Võ Văn Tần Quận 3,DT: (5x12m) Giá bán 10.7 tỷ",10.7,"Võ Văn Tần, Phường 5, Quận 3, TPHCM",60.0,4,5,3,Sổ hồng,25/11/2025
"Duy nhất - 8x20 đường Võ Văn Tần Quận 3 - nhà 6 tầng - HĐT 150,798 tr",48.0,"Võ Văn Tần, Phường 5, Quận 3, TPHCM",160.0,,,13,Sổ hồng,25/11/2025
"Mặt Tiền Q3 ngang 5,9m dài 21m có 70 triệu/tha ngay Nguyễn Thiện Thuật",59.0,"Nguyễn Thiện Thuật, Phường 3, Quận 3, TPHCM",122.0,2,2,2,Sổ hồng,25/11/2025
"Ngang 5m Dài 16,5m 5 Tầng Hẻm rộng 8m KhuVIP đườngCMT8 Q3 giá chỉ 24Tỷ",24.0,"Cách Mạng Tháng 8, Phường 11, Quận 3, TPHCM",83.0,5,5,5,Sổ hồng,25/11/2025
"Góc 2 MT Trần Quốc Toản, Quận 3 - 20x30m - XD mới: 2 hầm 9 tầng",60.0,"Trần Quốc Toản, Phường 7 (Phường Võ Thị Sáu), Quận 3, TPHCM",600.0,,,9,Sổ hồng,25/11/2025
"19,5 Tỷ ! Có dòng tiền 42 triệu, sở hữu Mặt Tiền Q3 ngang 3,7m dài 15m",19.5,"Lý Chính Thắng, Phường 7 (Phường Võ Thị Sáu), Quận 3, TPHCM",53.0,4,4,4,Sổ hồng,25/11/2025
"[Quận 3] Bán Nhà Mới 5 Tầng HXH, Gần Chợ Bàn Cờ – Giá Chỉ hơn 9 Tỷ",9.89,"Nguyễn Thiện Thuật, Phường 2, Quận 3, TPHCM",30.0,4,5,14,Sổ hồng,25/11/2025
"Tòa nhà hầm 6 tầng Nam Kỳ Khởi Nghĩa, Quận 3. DT 8,6x30 (15m) CN 300m2",65.0,"Nam Kỳ Khởi Nghĩa, Phường 7 (Phường Võ Thị Sáu), Quận 3, TPHCM",300.0,,,6,Sổ hồng,25/11/2025
"[Chợ Bàn Cờ] Bán Nhà 5 Tầng HXH 10M –Kinh Doanh Sầm Uất –Chỉ 10,05 Tỷ",10.05,"Nguyễn Thiện Thuật, Phường 3, Quận 3, TPHCM",30.0,4,4,9,Sổ hồng,25/11/2025
"[Quận 3] Bán Nhà 4 Tầng HXH Gần Ngã Sáu Ngang 4,5m Giá chỉ Hơn 12 Tỷ",12.5,"Nguyễn Đình Chiểu, Phường 2, Quận 3, TPHCM",39.0,3,4,7,Sổ hồng,25/11/2025
"[Quận 3] Bán Nhà 4 Tầng Tặng Full Nội Thất Lý Chính Thắng Giá 4,7 Tỷ",4.7,"Lý Chính Thắng, Phường 7 (Phường Võ Thị Sáu), Quận 3, TPHCM",20.0,3,3,15,Sổ hồng,25/11/2025
[P Bàn Cờ] Bán Nhà Mới Đẹp 5 Tầng Ở Ngay HXH Phân Lô Thoáng Chỉ 9.9 Tỷ,9.9,"Nguyễn Đình Chiểu, Phường 2, Quận 3, TPHCM",29.0,3,4,13,Sổ hồng,25/11/2025
[Quận 3] Bán Nhà Mới 4 Tầng Gần Vòng Xoay Lý Thái Tổ Giá Chỉ Hơn 6 Tỷ,6.5,"Lý Thái Tổ, Phường 1, Quận 3, TPHCM",25.0,3,3,8,Sổ hồng,25/11/2025
[Quận 3] Bán Nhà Đẹp 5 Tầng Bàn Cờ - Xe Hơi Ngủ Trong Nhà Chỉ 11.8 Tỷ,11.799,"Nguyễn Thiện Thuật, Phường 1, Quận 3, TPHCM",34.0,3,4,4,Sổ hồng,25/11/2025
"Bán nhà đường Lê Văn Sỹ, Quận 3, ngang 9.5x22, CTXD H+7L, giá 45 tỷ",45.0,"Lê Văn Sỹ, Phường 14, Quận 3, TPHCM",210.0,10,10,2,Giấy tờ hợp lệ,25/11/2025
[QUẬN 3] Bán Nhà Lô Góc Hẻm Thông – Gần Hoàng Sa – Ở Ngay Chỉ 3.88 Tỷ,3.88,"Trần Văn Đang, Phường 9, Quận 3, TPHCM",38.0,3,2,1,Sổ hồng,25/11/2025
"Bán tòa nhà góc 2mt Phường Võ Thị Sáu, Q3, H+8 tầng",57.999,"Trần Quốc Toản, Phường 7 (Phường Võ Thị Sáu), Quận 3, TPHCM",100.0,20,20,16,Giấy tờ hợp lệ,25/11/2025
[QUẬN 3] Bán Nhà 5 Tầng HXH 6M Thông Gần Lý Thái Tổ 4PN Chỉ Hơn 10 Tỷ,10.299,"Nguyễn Đình Chiểu, Phường 2, Quận 3, TPHCM",32.0,4,4,13,Sổ hồng,25/11/2025
[QUẬN 3] Bán Nhà 6 Tầng Đường 10M Full Nội Thất Giá Chỉ 15.95 Tỷ,15.95,"Điện Biên Phủ, Phường 1, Quận 3, TPHCM",56.0,4,5,12,Sổ hồng,25/11/2025
"Bán nhà đường Cao Thắng, Quận 3, sát bên Quận 1, 13.2x20m, giá 79 tỷ",79.9,"Cao Thắng, Phường 5, Quận 3, TPHCM",265.0,2,2,,Giấy tờ hợp lệ,25/11/2025
"Bán nhà góc 2 mặt tiền Điện Biên Phủ, P. Võ Thị Sáu Quận 3, DT 24x35m",340.0,"Điện Biên Phủ, Phường 7 (Phường Võ Thị Sáu), Quận 3, TPHCM",713.0,,,2,Sổ hồng,25/11/2025
"Bán nhà mặt tiền Cao Thắng Quận 3, 9,5x33m, giá 93 tỷ",93.0,"Cao Thắng, Phường 4, Quận 3, TPHCM",320.0,3,3,,Giấy tờ hợp lệ,25/11/2025
"Bán tòa nhà CHDV Võ Thị Sáu - Hai Bà Trưng, Quận 3, 5x25, 4L, TM",26.9,"Võ Thị Sáu, Phường 8 (Phường Võ Thị Sáu), Quận 3, TPHCM",140.0,24,25,8,Giấy tờ hợp lệ,25/11/2025
Bán Siêu phẩm đường Nguyễn Thiện Thuật Q3 Dt 5m x 17m 7 Tầng Chỉ 26 Tỷ,26.0,"Nguyễn Thiện Thuật, Phường 1, Quận 3, TPHCM",84.0,14,14,5,Sổ hồng,25/11/2025
"Bán tòa nhà mặt tiền Nguyễn Đình Chiểu, P6, Quận 3, ngang 13.8m, H+8L,",105.0,"Nguyễn Đình Chiểu, Phường 6 (Phường Võ Thị Sáu), Quận 3, TPHCM",120.0,8,8,8,Giấy tờ hợp lệ,25/11/2025
Cơ hội đầu tư và sở hữu tài sản vip cực kì khan hiếm ngay trung tâm Q3,190.0,"Nguyễn Thị Diệu, Phường 6 (Phường Võ Thị Sáu), Quận 3, TPHCM",358.0,,,2,Sổ hồng,25/11/2025
"Tòa CHDV hầm 6 tầng Nam Kì Khởi Nghĩa, Quận 3. DT 300m2 - DT 1376m2",65.0,"Nam Kỳ Khởi Nghĩa, Phường 7 (Phường Võ Thị Sáu), Quận 3, TPHCM",300.0,27,27,6,Sổ hồng,25/11/2025
"Bán Tòa Nhà MT Nam Kỳ Khởi Nghĩa, P.VTS, Quận 3. DT 10x35m, Hầm 8 Tầng",248.0,"Nam Kỳ Khởi Nghĩa, Phường 7 (Phường Võ Thị Sáu), Quận 3, TPHCM",350.0,,,8,Sổ hồng,25/11/2025
"Bán tòa nhà mặt tiền Lê Văn Sỹ gần cchợ Nguyễn Văn Trỗi, Quận 3, 5L,",63.999,"Lê Văn Sỹ, Phường 14, Quận 3, TPHCM",125.0,5,5,5,Giấy tờ hợp lệ,25/11/2025
Tòa nhà CHDV Nam Kỳ Khởi Nghĩa Q3 - 17m x 31m - hầm 6 tầng - TN 400 tr,70.0,"Nam Kỳ Khởi Nghĩa, Phường 7 (Phường Võ Thị Sáu), Quận 3, TPHCM",469.0,,,8,Sổ hồng,25/11/2025
"Bán tòa nhà VP Cách Mạng Tháng 8, Quận 3, 7.2x21m, H+7L, 45 tỷ",45.0,"Cách Mạng Tháng 8, Phường 11, Quận 3, TPHCM",150.0,6,6,7,Giấy tờ hợp lệ,25/11/2025
"Cần bán toà nhà mặt tiền Võ Văn Tần, P. Võ Thị Sáu, Quận 3.",60.0,"Võ Thị Sáu, Phường 7 (Phường Võ Thị Sáu), Quận 3, TPHCM",108.0,,,,Sổ hồng,25/11/2025
"Bán tòa nhà CHDV đường Trần Quang Diệu, Quận 3, 6.5x16.5, giá 16.5 tỷ",16.5,"Trần Quang Diệu, Phường 14, Quận 3, TPHCM",88.0,11,11,7,Giấy tờ hợp lệ,25/11/2025
Mặt Tiền Lê Văn Sỹ Q3 ngang 4m dài 25m 3 Tầng đoạn siêu đẹp Chỉ 35 tỷ,35.0,"Lê Văn Sỹ, Phường 13, Quận 3, TPHCM",100.0,3,3,3,Sổ hồng,25/11/2025
"Bán tòa nhà mặt tiền Võ Văn Tần gần Cao Thắng, Quận 3, 7x21m, 5L",119.0,"Võ Văn Tần, Phường 5, Quận 3, TPHCM",148.0,5,5,5,Giấy tờ hợp lệ,25/11/2025
"Tòa CHDV đường CMT8 Q3 ngang 9m Dài 12m 7Tầng dòngtiền 1,5 tỷ/năm 35Tỷ",35.0,"Cách Mạng Tháng 8, Phường 11, Quận 3, TPHCM",86.0,15,15,7,Sổ hồng,25/11/2025
"Bán nhà MT đường Hai Bà Trưng -Nguyễn Văn Mai, Q.3 5x36, 5tầng",34.9,"Hai Bà Trưng, Phường 6 (Phường Võ Thị Sáu), Quận 3, TPHCM",155.0,10,10,5,Giấy tờ hợp lệ,25/11/2025
Siêu phẩm Q3 Mặt Tiền Đỗ Thị Lời Dt 4m x 17m 7 Tầng Giá 27 Tỷ Hdt 80tr,27.0,"Đỗ Thị Lời, Phường 11, Quận 3, TPHCM",61.0,11,12,6,Sổ hồng,25/11/2025
"Bán nhà mặt tiền Pasteur, Phường Võ Thị Sáu, trung tâm Quận 3, TP. HCM",122.0,"Pasteur, Phường 6 (Phường Võ Thị Sáu), Quận 3, TPHCM",238.0,,,,Sổ hồng,25/11/2025
"Chỉ 41 Tỷ! Có Dòng Tiền 80 triệu, Sỡ Hữu Mặt Tiền Q3 ngang 5m Dài 21m",41.0,"Nguyễn Phúc Nguyên, Phường 9, Quận 3, TPHCM",103.0,10,10,4,Sổ hồng,25/11/2025
"Bán tòa nhà Mt Ngay Hồ Xuân Hương Cách Mạng Tháng 8, P6, Q 3, H+6 lầu",99.999,"Cách Mạng Tháng 8, Phường 6 (Phường Võ Thị Sáu), Quận 3, TPHCM",200.0,6,6,6,Giấy tờ hợp lệ,25/11/2025
"Bán nhà siêu khan hiếm đường Pasteur, Q. 3 - DT: 21 x 28m - HĐ: 250 tr",150.0,"Pasteur, Phường 7 (Phường Võ Thị Sáu), Quận 3, TPHCM",588.0,,,8,Sổ hồng,25/11/2025
"Tòa Nhà Mặt tiền Trần Quốc Toản - Nam kỳ Khởi Nghĩa, Q3. Hầm, 6 tầng.",62.0,"Trần Quốc Toản, Phường 7 (Phường Võ Thị Sáu), Quận 3, TPHCM",126.0,,,6,Sổ hồng,25/11/2025
"Bán nhà mặt tiền đường Tú Xương, Võ Thị Sáu, Q3, 10x32, 120 tỷ",120.0,"Tú Xương, Phường 7 (Phường Võ Thị Sáu), Quận 3, TPHCM",320.0,5,5,3,Giấy tờ hợp lệ,25/11/2025
"Bán nhà MT Nguyễn Đình Chiểu-Cách Mạng Tháng 8, Q3, 5.2x16m, 37 tỷ",37.0,"Nguyễn Đình Chiểu, Phường 5, Quận 3, TPHCM",70.0,6,5,3,Giấy tờ hợp lệ,25/11/2025
"bán nhà mặt tiền võ văn tần, quận 3 - 12x30m - ct: 2 hầm 14 tầng",145.0,"Võ Văn Tần, Phường 5, Quận 3, TPHCM",360.0,,,14,Sổ hồng,25/11/2025
"Bán tòa nhà 2MT Cách Mạng Tháng 8, Quận 3, 7x20m, 5 Lầu, 34 tỷ",34.0,"Cách Mạng Tháng 8, Phường 11, Quận 3, TPHCM",130.0,20,20,6,Giấy tờ hợp lệ,25/11/2025
Tòa nhà khu sang trọng ngay lõi trung tâm Quận 3 - 26X39m 11 tầng,550.0,"Võ Thị Sáu, Phường 6 (Phường Võ Thị Sáu), Quận 3, TPHCM",996.0,,,21,Sổ hồng,25/11/2025
"Bán nhà đường Pastuer, P. Võ Thị Sáu, Q.3, 11x13, 3 tầng lầu, 39tỷ",39.0,"Pasteur, Phường 6 (Phường Võ Thị Sáu), Quận 3, TPHCM",120.0,6,6,3,Giấy tờ hợp lệ,25/11/2025
"Bán nhà đường Trần Cao Vân ngay Hồ Con Rùa, Quận 3, 9.6x20m, 85 tỷ",85.0,"Trần Cao Vân, Phường 6 (Phường Võ Thị Sáu), Quận 3, TPHCM",220.0,3,3,,Giấy tờ hợp lệ,25/11/2025
"Bán nhà mặt tiền Nam Kỳ Khởi Nghĩa, P6, Quận 3, 18x40m, giá 750tỷ",750.0,"Nam Kỳ Khởi Nghĩa, Phường 6 (Phường Võ Thị Sáu), Quận 3, TPHCM",951.0,3,3,,Giấy tờ hợp lệ,25/11/2025
"siêu phẩm mặt tiền nguyễn thị minh khai q3 - dtcn: 600m2 , nagng 20m",400.0,"Lê Văn Sỹ, Phường 13, Quận 3, TPHCM",600.0,,,15,Sổ hồng,25/11/2025
"💥NHÀ SÁT HẺM Ô TÔ -💰3 TỶ 050 hơn -📍Nguyễn Thiện Thuật, Q3. ⚡️DT 3,5",3.05,"Nguyễn Thiện Thuật, Phường 2, Quận 3, TPHCM",35.0,4,3,4,Sổ hồng,25/11/2025
Bán nhà góc 2 MT đường Lý Chính Thắng + Huỳnh Tịnh Của 12x18m - 86 tỷ,86.0,"Lý Chính Thắng, Phường 7 (Phường Võ Thị Sáu), Quận 3, TPHCM",208.0,,,3,Sổ hồng,25/11/2025
"Chuyển nhượng 161 Pasteur, Q3 - DT (35x90m) CTXD 4 hầm 22 tầng",2000.0,"Pasteur, Phường 6 (Phường Võ Thị Sáu), Quận 3, TPHCM",3033.0,,,44,Sổ hồng,25/11/2025
"Bán tòa nhà CHDV Cách Mạng Tháng 8, Quận 3, ngang 8.5, 7 tầng, 26 tỷ",26.0,"Cách Mạng Tháng 8, Phường 11, Quận 3, TPHCM",83.0,6,6,7,Giấy tờ hợp lệ,25/11/2025
"Nhà biệt thự phố 11 Nguyễn Gia Thiều, P.6, Quận 3. DT: 20x23m, 150 tỷ",150.0,"Nguyễn Gia Thiều, Phường 6 (Phường Võ Thị Sáu), Quận 3, TPHCM",450.0,,,3,Sổ hồng,25/11/2025
"Bán tòa nhà CHDV trung tâm Quận 3, Cao Thắng,8.5x21, 4 lầu, mới",42.0,"Cao Thắng, Phường 3, Quận 3, TPHCM",180.0,20,20,1,Giấy tờ hợp lệ,25/11/2025
Bán gấp nhà 2 Mặt tiền Hồ Con Rùa 14x10m 5 tầng HĐT 125tr/th 27.5 tỷ,27.5,"Phạm Ngọc Thạch, Phường 6 (Phường Võ Thị Sáu), Quận 3, TPHCM",140.0,,,5,Sổ hồng,25/11/2025
"Siêu Phẩm! Bán Nhà Mặt Tiền Nguyễn Đình Chiểu, Q3 - Giá 38 tỷ",38.0,"Nguyễn Đình Chiểu, Phường 4, Quận 3, TPHCM",115.0,,,6,Sổ hồng,25/11/2025
"Bán nhà mặt tiền đường Pasteur gần Điện Biên Phủ, P6, 300m2 giá 99.9 t",99.9,"Pasteur, Phường 6 (Phường Võ Thị Sáu), Quận 3, TPHCM",300.0,6,6,3,Giấy tờ hợp lệ,25/11/2025
(Chính chủ) bán nhà mới xây 100% - PHỐ THỜI TRANG LÊ VĂN SỸ – TTQ3 SHR,3.789,"Lê Văn Sỹ, Phường 14, Quận 3, TPHCM",55.3,5,5,3,Sổ hồng,25/11/2025
Duy nhất 35x90m mặt tiền đường Phạm Ngọc Thạch Quận 3 - 4 hầm 22 tầng,1100.0,"Phạm Ngọc Thạch, Phường 6 (Phường Võ Thị Sáu), Quận 3, TPHCM",3100.0,,,26,Sổ hồng,25/11/2025
"BÁN nhà hẻm đường Lê văn sỹ phường 12 quận 3 Rộng 3,5 dài 6 nhà 1T2L",1.466,"Lê Văn Sỹ, Phường 12, Quận 3, TPHCM",21.0,2,2,3,Sổ hồng,25/11/2025
"Bán nhà góc 2 MT Lê Văn Sỹ, Quận 3, 4.3x20m, 5 lầu, giá 36.5 tỷ",36.5,"Lê Văn Sỹ, Phường 13, Quận 3, TPHCM",80.0,5,5,5,Giấy tờ hợp lệ,25/11/2025
"Bán nhà góc 2 MT Trần Quang Diệu gần Lê Văn Sỹ, Q.3, 5 lầu, giá 37 tỷ",37.0,"Lê Văn Sỹ, Phường 14, Quận 3, TPHCM",82.0,5,5,5,Giấy tờ hợp lệ,25/11/2025
"Bán nhà HXH gần mặt tiền Cao Thắng, Quận 3, 131m2, 4L, 24.9 tỷ",24.9,"Cao Thắng, Phường 3, Quận 3, TPHCM",131.0,5,5,4,Giấy tờ hợp lệ,25/11/2025
"Bán nhà trung tâm Q3, Điện Biên Phủ, Q3, 7.8x20m, CT H+6T, giá 32 tỷ",32.0,"Điện Biên Phủ, Phường 3, Quận 3, TPHCM",150.0,6,6,8,Giấy tờ hợp lệ,25/11/2025
"Bán nhà MT gần Cao Thắng, Quận 3, 5.5x18m, 6 lầu, 55 tỷ",55.0,"Cao Thắng, Phường 5, Quận 3, TPHCM",100.0,6,6,7,Giấy tờ hợp lệ,25/11/2025
"Bán nhà MT Võ Văn Tần, Quận 3, 5.5x18m, 6 lầu, 55 tỷ",55.0,"Võ Văn Tần, Phường 5, Quận 3, TPHCM",100.0,6,6,7,Giấy tờ hợp lệ,25/11/2025
"Bán nhà đường Hai Bà Trưng, 2Võ Thị Sáu, Quận 3, 1x20m, 5 lầu, 65 tỷ",650.0,"Hai Bà Trưng, Phường 6 (Phường Võ Thị Sáu), Quận 3, TPHCM",220.0,5,5,10,Giấy tờ hợp lệ,25/11/2025
"Bán nhà hẻm xe hơi gần Mt Cách Mạng Tháng 8, Quận 3, 5x18m, 5L, TM, gi",21.9,"Cách Mạng Tháng 8, Phường 10, Quận 3, TPHCM",83.0,6,6,5,Giấy tờ hợp lệ,25/11/2025
"Bán Building Hầm 8T MT Bến Vân Đồn – Q4. DT: 9,5x26. GIÁ 145 tỷ",145.0,"Bến Vân Đồn, Phường 9, Quận 4, TPHCM",231.0,3,8,16,Sổ hồng,25/11/2025
Bán TÒA CAO ỐC 2MT trung tâm TPHCM - DT: 13x32. Kết cấu: 2 Hầm 16 tầng,550.0,"Bến Vân Đồn, Phường 2, Quận 4, TPHCM",413.0,3,17,16,Sổ hồng,25/11/2025
Bán nhà ngang 4.5m 2 lầu đúc BTCT Không quy hoạch hẻm 368 Tôn Đản P4,4.5,"368 Tôn Đản, Phường 4, Quận 4, TPHCM",433.0,3,4,2,Sổ đỏ,24/11/2025
HÀNG HIẾM Bán nhà Ngang 6m hẻm 1/ gần MT 243 Tôn Đản Q4,10.5,"Tôn Đản, Phường 15, Quận 4, TPHCM",116.0,2,2,,Sổ hồng,24/11/2025
HH1% Bán MTKD Nguyễn Hữu Hào P9 Q4 44m2 Không quy hoạch,13.1,"Nguyễn Hữu Hào, Phường 9, Quận 4, TPHCM",44.0,2,2,2,Sổ hồng,24/11/2025
Bán nhà đẹp hẻm 1/ 57m2 Tôn Thất Thuyết P3 Q4 2 tầng BTCT gần MT,4.8,"Tôn Thất Thuyết, Phường 3, Quận 4, TPHCM",57.0,2,3,2,Sổ hồng,24/11/2025
HH2% Chính chủ bán nhà Ngang 4.5x24m đúc BTCT 254/30 Bến Vân Đồn Q4,9.5,"254/30 Bến Vân Đồn, Phường 5, Quận 4, TPHCM",108.0,3,2,1,Sổ hồng,24/11/2025
GIÁ CỰC MỀM bán đứt căn TÔN THẤT THUYẾT Q4 giá nét 2ty775 3PN,2.775,"Tôn Thất Thuyết, Phường 15, Quận 4, TPHCM",53.0,3,3,3,Sổ hồng,22/11/2025
"Bán nhà nhỏ Hẻm 76 Tôn Thất Thuyết, Q4: 26m2 đất: chỉ 1,79 tỷ",1.79,"Đoàn Văn Bơ, Phường 16, Quận 4, TPHCM",26.0,2,1,1,Sổ hồng,20/11/2025
"7,7 tỷ (91 triệu/m²) - Giá đang thấp hơn so với mức giá phổ biến",7.7,"Đoàn Văn Bơ, Phường 14, Quận 4, TPHCM",84.0,3,3,2,Sổ hồng,20/11/2025
💥💥💥 Bán Nhà Đẹp 3T - Đường Số Xe Hơi - Khu VIP - Nằm Trục Đường Số,3.555,"Vĩnh Hội, Phường 4, Quận 4, TPHCM",21.0,2,3,7,Sổ hồng,09/11/2025
[QUẬN 4 - TP.HCM] 💥💥 Bán nhà đẹp 4 tầng HOÀNG DIỆU quận 4 - KO QUY H,1.599,"Hoàng Diệu, Phường 12, Quận 4, TPHCM",38.0,3,3,7,Sổ hồng,06/11/2025
💥💥💥Bán nhà đẹp 4 tấm xịn xò - KHUDÂN CƯ HIỆN HỮU KHÔNG LO QUY HOẠCH,1.6989999999999998,"Tôn Thất Thuyết, Phường 16, Quận 4, TPHCM",30.6,3,3,3,Sổ hồng,06/11/2025
"45 tỷ! Bán LỖ 2MT trước sau Đ. Khánh Hội, P. 6, Q4 - 6*18m - 7 Tầng TM",45.0,"Khánh Hội, Phường 5, Quận 4, TPHCM",108.0,6,7,13,Sổ hồng,05/11/2025
"BÁN NHÀ HOÀNG DIỆU,Q4 53m2 1T2L 4pn 4wc 2,250 tỷ ntcb plrr",2.25,"Hoàng Diệu, Phường 13, Quận 4, TPHCM",53.0,4,4,3,Sổ hồng,05/11/2025
"Bán nhà hẻm Đoàn Văn Bơ, P16, Quận 4, giá: 1.7 tỷ đầu tư sinh lnhanh",1.7,"Đoàn Văn Bơ, Phường 16, Quận 4, TPHCM",16.0,1,1,1,Sổ hồng,23/10/2025
"Bán nhà hẻm Đoàn Văn Bơ, Quận 4, giá: 1.750 tỷ",1.75,"Đoàn Văn Bơ, Phường 16, Quận 4, TPHCM",16.0,1,1,1,Sổ hồng,23/10/2025
"Bán Nhà Hẻm Xe Hơi 112 Số Nhà 8 Đường Hoàng Diệu, P.Xóm Chiếu, Quận 4",17.0,"Hoàng Diệu, Phường 13, Quận 4, TPHCM",105.0,5,5,6,Sổ hồng,17/10/2025
"Bán tòa CHDV Bến Vân Đồn, Quận 4, 133m², thu nhập 200 triệu/th, 45 tỷ",45.0,"Bến Vân Đồn, Phường 5, Quận 4, TPHCM",133.0,19,19,7,Sổ hồng,27/09/2025
Bán nhà mặt tiền Hoàng Diệu P12 Q.4 Ngang 4m Giá 17.5 Tỷ,17.5,"Hoàng Diệu, Phường 12, Quận 4, TPHCM",65.0,5,5,6,Sổ hồng,11/09/2025
Bán CHDV Khánh Hội P4 Q.4 150m2 ngang 6m thu nhập 150tr Giá chỉ 28 Tỷ,28.0,"Khánh Hội, Phường 4, Quận 4, TPHCM",150.0,11,11,6,Sổ hồng,11/09/2025
"Siêu Hiếm quận 4 ngang 9m - Mặt tiền Hoàng Diệu, P8, Quận 4 giá 32,5",32.5,"Hoàng Diệu, Phường 8, Quận 4, TPHCM",63.0,3,3,4,Sổ hồng,03/09/2025
"Bán Toà Nhà CHDV Mặt Tiền Nguyễn Khoái - Quận 4 6.5x25m, 8 tầng 44 tỷ",44.0,"Nguyễn Khoái, Phường 2, Quận 4, TPHCM",122.0,24,25,8,Sổ hồng,03/09/2025
"Bán nhà Quận 4, khu dân cư hiện hữu, nhỉnh 5 tỷ",5.199,"Đoàn Văn Bơ, Phường 9, Quận 4, TPHCM",20.0,3,3,7,Sổ hồng,24/08/2025
"Cách cầu Khánh Hội chỉ vài bước chân, mặt tiền kinh doanh, Quận 4",7.18,"Đoàn Văn Bơ, Phường 14, Quận 4, TPHCM",57.7,2,1,,Sổ hồng,24/08/2025
"Quận 4, 3 tầng, nở hậu, 3 phòng ngủ, nhỉnh 5 tỷ",5.0,"Tôn Thất Thuyết, Phường 18, Quận 4, TPHCM",34.9,3,3,6,Sổ hồng,24/08/2025
Đoàn Văn Bơ-Nhà QUẬN 4 – Hơn 3 Tỷ – TRUNG TÂM SÀI GÒN,3.56,"Đoàn Văn Bơ, Phường 18, Quận 4, TPHCM",44.0,3,3,2,Sổ hồng,20/08/2025
"🏠 Nhà Hoàng Diệu Q4, 52m² Vuông Vức – Giá Hấp Dẫn 2Tỷ550 mua ngay nào",2.69,"Hoàng Diệu, Phường 6, Quận 4, TPHCM",52.0,3,4,3,Sổ hồng,16/08/2025
"Bán nhà 2 mặt tiền Bến Vân Đồn, Quận 4. 213,8m² đất. giá 380 triệu/m²",81.24,"Bến Vân Đồn, Phường 2, Quận 4, TPHCM",214.0,4,4,2,Sổ hồng,28/07/2025
"Bán nhà Bến Vân Đồn, phường 1, Quận 4, TP.HCM",10.0,"Bến Vân Đồn, Phường 1, Quận 4, TPHCM",107.6,3,2,,Sổ hồng,27/06/2025
Siêu nhà Quận 4| Nhà riêng 3 tầng có nội thất hiện đang có sẵn hd thuê,3.14,"Hoàng Diệu, Phường 12, Quận 4, TPHCM",65.0,3,3,3,Sổ hồng,15/06/2025
Bán gấp định cư nước ngoài Bến Vân Đồn Q4.P5. 60m2/3Tỷ9 sổ hồng riêng,3.9,"Bến Vân Đồn, Phường 5, Quận 4, TPHCM",60.0,2,2,5,Sổ hồng,09/06/2025
"NHÀ ĐẸP BẾN VÂN ĐỒN, Q.4 – 64m²/ CHỈ 3 TỶ 490 sổ hồng riêng chính chủ",3.49,"Bến Vân Đồn, Phường 1, Quận 4, TPHCM",64.0,3,4,4,Sổ hồng,09/06/2025
"Bán gấp Đường Khánh Hội, Phường 4, Quận 4 80m2/4tỷ sổ hồng riêng",4.0,"Khánh Hội, Phường 4, Quận 4, TPHCM",80.0,4,5,4,Sổ hồng,09/06/2025
"Bán gấp Đường Vĩnh Khánh, Phường 10, Quận 4 80m2/4tỷ1 sổ hồng riêng",4.1,"Vĩnh Khánh, Phường 10, Quận 4, TPHCM",80.0,3,3,4,Sổ hồng,09/06/2025
"Bán gấp Đường Hoàng Diệu, Phường 6, Quận 4,70m2/3tỷ8 sổ hồng riêng",3.8,"Hoàng Diệu, Phường 6, Quận 4, TPHCM",70.0,2,2,2,Sổ hồng,09/06/2025
"Bán gấp Đường Tôn Thất Thuyết, P.16, Q.4,70m2/3tỷ9 sổ hồng riêng",3.9,"Tôn Thất Thuyết, Phường 16, Quận 4, TPHCM",70.0,4,5,3,Sổ hồng,09/06/2025
Bán gấp Nguyễn Khoái P.2 Q4 70m2/4ty3 sổ hồng riêng chính chủ,4.3,"Nguyễn Khoái, Phường 2, Quận 4, TPHCM",70.0,4,3,,Sổ hồng,09/06/2025
"Đường Đoàn Văn Bơ, Phường 14, Quận 4, 70m2/3tỷ9 sổ hồng riêng",3.9,"Đoàn Văn Bơ, Phường 14, Quận 4, TPHCM",70.0,4,5,3,Sổ hồng,09/06/2025
"Bán gấp Đường Bến Vân Đồn, Phường 2, Quận 4, 70m2/4Tỷ9 sổ hồng riêng",4.9,"Bến Vân Đồn, Phường 2, Quận 4, TPHCM",80.0,5,5,3,Sổ hồng,09/06/2025
"Cần Bán Nhà Đường Đoàn Văn Bơ,P8,Q44 DT42m2/2Tỷ8 Sổ hồng chính chủ",2.8,"Đoàn Văn Bơ, Phường 10, Quận 4, TPHCM",42.0,3,4,3,Sổ hồng,09/06/2025
Bán mặt tiền phường 12 Q4 đường Lê Lợi 80m2/5Tỷ100 sổ hồng riêng,5.1,"Đường 41, Phường 12, Quận 4, TPHCM",81.0,5,4,,Sổ hồng,09/06/2025
"Cần ra nhanh căn nhà đường Bến Vân Đồn, P10, Q4, DT 47m2, GIÁ 2TỶ950TR",2.95,"Bến Vân Đồn, Phường 6, Quận 4, TPHCM",47.0,3,4,4,Sổ hồng,29/05/2025
"Bán gấp nhà để sang nước ngoài Hoàng Diệu, Quận 4, 68m2, 3.4tỷ, sổ sẵn",3.4,"Hoàng Diệu, Phường 13, Quận 4, TPHCM",68.0,4,4,3,Sổ hồng,05/05/2025
"Cần vốn kinh doanh bán nhà HXH Đ. Đoàn Văn Bơ, P14, Quận 4, 2tỷ250tr",2.25,"Đoàn Văn Bơ, Phường 14, Quận 4, TPHCM",46.2,2,3,2,Sổ hồng,05/05/2025
"Bán gấp nhà phố đầu hẻm 22 Hoàng Diệu, quận 4, 72m2, 4tỷ350, sổ sẵn",4.35,"Hoàng Diệu, Phường 13, Quận 4, TPHCM",72.0,5,5,4,Sổ hồng,05/05/2025
"Chính chủ cần bán căn nhà tâm huyết đ.Khánh hội ,p4,Q4,,Dt:56m2/2tỷ950",2.59,"Khánh Hội, Phường 4, Quận 4, TPHCM",56.0,3,3,2,Sổ hồng,03/05/2025
Bán nhà Đoàn Văn Bơ 2PN2WC DTSD 66 M2,4.2,"Đoàn Văn Bơ, Phường 18, Quận 4, TPHCM",33.0,2,2,3,Sổ hồng,29/04/2025
"Bán nhà 2MT Vĩnh Hội, Quận 4; DT 4x25m; CN 100m2; 5 Tầng + Thang máy",29.0,"Vĩnh Hội, Phường 4, Quận 4, TPHCM",100.0,1,1,5,Sổ hồng,28/04/2025
Phá Sản Bán nhà hẻm Đoàn Văn Bơ - Quận 4 - DT 60m2/1TY135 SHR lh Duy,1.135,"Đoàn Văn Bơ, Phường 14, Quận 4, TPHCM",60.0,3,3,1,Sổ hồng,24/04/2025
Cần tiền bán nhà đường Hoàng Diệu Q4 64m2/970 triệu gần chợ Xóm Chiếu,0.97,"Hoàng Diệu, Phường 12, Quận 4, TPHCM",64.0,3,3,,Sổ hồng,24/04/2025
"Chạy Thận bán nhà 1T1L - Lê Quốc Hưng Q4, DT 59m2/1TY279 Triệu Sổ HR",1.279,"Lê Quốc Hưng, Phường 12, Quận 4, TPHCM",59.0,3,3,2,Sổ hồng,24/04/2025
"Bán gấp căn nhà phố tuyệt đẹp!Nguyễn Trường Tộ,P13,Q4.",1.8599999999999999,"Nguyễn Trường Tộ, Phường 13, Quận 4, TPHCM",60.0,3,4,4,Sổ hồng,24/04/2025
"Chủ nhà ngập vốn bán gấp tại Đoàn Văn Bơ,P14,Q.4.Giá 3tỷ620tr.SHR",3.62,"Đoàn Văn Bơ, Phường 14, Quận 4, TPHCM",70.0,4,5,4,Sổ hồng,24/04/2025
"Cần tiền chữa bệnh bán nhà 60m2,1 trệt 2 lầu,980 triệu,đoàn văn bơ,Q4",0.98,"Đoàn Văn Bơ, Phường 13, Quận 4, TPHCM",60.0,3,2,,Sổ hồng,22/04/2025
"Làm ăn thua lỗ bán nhà 61m2,1 trệt 2 lầu,950tr,Nguyễn trường tộ,p12,Q4",0.95,"Nguyễn Trường Tộ, Phường 12, Quận 4, TPHCM",61.0,3,3,,Sổ hồng,22/04/2025
"Kinh doanh thua lỗ bán nhà 60m2,1 trệt 2 lầu,940 triệu,vĩnh hội,p4,Q4",0.94,"Vĩnh Hội, Phường 4, Quận 4, TPHCM",60.0,3,3,,Sổ hồng,22/04/2025
"kinh doanh thua lỗ bán nhà 60m2,1 trệt 2 lầu,940triệu,xóm chiếu,p15,Q4",0.94,"Xóm Chiếu, Phường 15, Quận 4, TPHCM",60.0,3,3,,Sổ hồng,22/04/2025
"Định cư nước ngoài bán gấp nhà Hoàng Diệu Q4 60m2/giá 1,15 tỷ. Gần ĐH",1.15,"Hoàng Diệu, Phường 12, Quận 4, TPHCM",60.0,3,3,,Sổ hồng,22/04/2025
Vỡ nợ bán gấp nhà Đoàn Văn Bơ 56m2/giá 870tr. Shr sang tên trong ngày,0.87,"Đoàn Văn Bơ, Phường 14, Quận 4, TPHCM",56.0,3,3,,Sổ hồng,22/04/2025
"Về quê bán nhà 64m2,1 trệt 2 lầu,SHR,960 triệu,Hoàng diệu,p13,quận 4",0.96,"Hoàng Diệu, Phường 13, Quận 4, TPHCM",64.0,3,3,,Sổ hồng,22/04/2025
"Chủ nhà nợ cần bán gấp nhà hxh Nguyễn Khoái ,Q4-DT 58m2-920tr-SỔ RIÊNG",0.92,"Nguyễn Khoái, Phường 2, Quận 4, TPHCM",58.0,3,3,2,Sổ hồng,22/04/2025
"Cần tiền trả nợ bán nhà 1t1l đ.Khánh Hội-q4,dt 67m2-giá 980tgr-shr",0.98,"Khánh Hội, Phường 4, Quận 4, TPHCM",67.0,3,3,2,Sổ hồng,22/04/2025
"Chạy nợ bán gấp nhà đ. Lê Văn Linh, q4 gần trường ,dt 64m2- giá 930tr",0.93,"Lê Văn Linh, Phường 13, Quận 4, TPHCM",64.0,3,2,,Sổ hồng,22/04/2025
"Vỡ nợ bán nhà 1t1l đường Nguyễn Thần Hiến, q4 -giá 1,1 tỷ- DT 70m2",1.1,"Nguyễn Thần Hiến, Phường 18, Quận 4, TPHCM",70.0,3,3,2,Sổ hồng,22/04/2025
Thanh lý thu hồi vốn 60m2 nhà Nguyễn Hữu Hào gần trường học chỉ 960tr,0.96,"Nguyễn Hữu Hào, Phường 9, Quận 4, TPHCM",60.0,3,3,,Sổ hồng,22/04/2025
Định cư nước ngoài bán gấp nhà Hoàng Diệu Q4 62m2/giá 915tr.,0.915,"Hoàng Diệu, Phường 12, Quận 4, TPHCM",60.0,3,3,,Sổ hồng,22/04/2025
Kẹt nợ bán gấp 67m2 nhà 1 Lầu đường Đoàn Văn Bơ-gần trường học-980tr,0.98,"Đoàn Văn Bơ, Phường 16, Quận 4, TPHCM",67.0,3,3,,Sổ hồng,22/04/2025
Chuyển về quê ở bán gấp nhà nở hậu 62m2 giá tt 920TR- GẦN CHỢ,0.92,"Hoàng Diệu, Phường 12, Quận 4, TPHCM",60.0,3,3,,Sổ hồng,22/04/2025
"Chia tài sản bán gấp 65m2 nhà đ.Dân Sinh,Q4-gần trường học-970tr-shr",0.97,"Dân Sinh, Phường 18, Quận 4, TPHCM",65.0,3,3,,Sổ hồng,22/04/2025
"Thu hồi nợ tl nhà hxh 5m,dt 60m2 Nguyễn Tất Thành,Q4-giá 870tr-shr",0.87,"Đoàn Như Hài, Phường 1, Quận 4, TPHCM",60.0,3,3,,Sổ hồng,22/04/2025
Gđ phá sản bán gấp dt 62m2 nhà đ Tôn Đản-q4-giá 830tr-gần chợ-sổ riêng,0.83,"Tôn Đản, Phường 4, Quận 4, TPHCM",62.0,3,3,,Sổ hồng,22/04/2025
"Ngộp Bank bán gấp nhà Lê Văn Linh Q4 1T1L 55m2 / 930Triệu, SHR",0.93,"Lê Văn Linh, Phường 12, Quận 4, TPHCM",55.0,2,2,2,Sổ hồng,21/04/2025
Nợ NH cần bán gấp nhà 1T1L ở Khánh Hội Quận 4 58m2 / 930Tr Sổ Hồng,0.93,"Khánh Hội, Phường 4, Quận 4, TPHCM",58.0,2,2,2,Sổ hồng,21/04/2025
"Ngộp Bank bán gấp nhà Lê Văn Linh Q4 1T1L 55m2 / 930Triệu, Sổ Hồng",0.93,"Lê Văn Linh, Phường 12, Quận 4, TPHCM",55.0,2,2,2,Sổ hồng,21/04/2025
Nợ NH cần bán gấp nhà 1T1L ở Xóm Chiếu P16 Q4 56m2( 4 x 14 ) / 890Tr,0.89,"Xóm Chiếu, Phường 14, Quận 4, TPHCM",56.0,2,2,4,Sổ hồng,21/04/2025
Bán nhà quận 4 - hẻm 3m Đoàn Văn Bơ - nhà 1 trệt 1 lầu 3PN - 60.6m2,1.35,"Đoàn Văn Bơ, Phường 14, Quận 4, TPHCM",60.6,3,3,8,Sổ hồng,20/04/2025
"Nhà đẹp hẻm Đoàn Văn Bơ, 59m2, giá 2tỷ490",2.49,"Đoàn Văn Bơ, Phường 18, Quận 4, TPHCM",59.0,3,3,2,Sổ hồng,16/04/2025
"Nhà đẹp hẻm Đoàn Văn Bơ, Q.4, 59m2, giá 2tỷ790",2.67,"Đoàn Văn Bơ, Phường 18, Quận 4, TPHCM",59.0,3,3,2,Sổ hồng,16/04/2025
"Siêu Phẩm Giá Tốt DOÀN VĂN BƠ,Q4 3TỶ230Tr 62,4m2",3.23,"Đoàn Văn Bơ, Phường 16, Quận 4, TPHCM",13.0,3,4,,Sổ hồng,16/04/2025
"Ở đây có bán nhà giá rẻ! Nhà riêng đường Đoàn Văn Bơ, Q4.Giá 1tỷ8/24,1",1.8,"Đoàn Văn Bơ, Phường 13, Quận 4, TPHCM",24.1,4,4,4,Sổ hồng,15/04/2025
"CC bán gấp căn nhà giá rẻ 1ty1/55m2 Vĩnh Khánh Q.4, Shr, HXH thoáng",1.1,"Vĩnh Khánh, Phường 10, Quận 4, TPHCM",55.0,4,3,2,Sổ hồng,14/04/2025
"Cần bán gấp giá 916 triệu 50m2 ở quận 4 Lê Quốc Hưng hxh, Shr đầy đủ",0.916,"Lê Quốc Hưng, Phường 12, Quận 4, TPHCM",50.0,4,3,3,Sổ hồng,14/04/2025
Chủ kẹt vốn KD bán gấp nhà 60m2/899Tr/1T2L/Hoàng Diệu gần chợ tiện kd,0.899,"Hoàng Diệu, Phường 9, Quận 4, TPHCM",60.0,4,3,3,Sổ hồng,14/04/2025
"Bán gấp căn Vĩnh Hội-Q.4, SHR/50m2/1ty150/HXH thông thoáng",1.15,"Vĩnh Hội, Phường 4, Quận 4, TPHCM",50.0,4,3,,Sổ hồng,14/04/2025
"Bán ngay căn nhà ở Tôn Đản-Q.4 giá chỉ 895 tr/52m2, Shr bao phí/HXH",0.895,"Tôn Đản, Phường 13, Quận 4, TPHCM",52.0,4,3,5,Sổ đỏ,14/04/2025
"Hàng hot!!! nhà đường tôn đản,q4 44m2 giá 1TỶ7",1.7,"Tôn Đản, Phường 4, Quận 4, TPHCM",44.0,2,2,1,Sổ hồng,13/04/2025
"Định cư nước ngoài bán gấp NR 2PN, 2WC, 52m2 tại Đoàn Văn Bơ",1.99,"Đoàn Văn Bơ, Phường 16, Quận 4, TPHCM",54.0,2,2,1,Sổ đỏ,13/04/2025
"BÁN NHÀ CHUẨN KHU DÂN CƯ, hẻm 76 Tôn Thất Thuyết, Q4: 1,79 tỷ",1.79,"Tôn Thất Thuyết, Phường 16, Quận 4, TPHCM",12.0,1,1,1,Sổ hồng,12/04/2025
"Nhà 1 trệt 1 lầu Đ. Nguyễn Trường Tộ, Q4, DT 55m2,1 tỷ 740 triệu, SHR",1.74,"Nguyễn Trường Tộ, Phường 13, Quận 4, TPHCM",55.0,2,2,2,Không xác định,03/04/2025
NƠ CON PHẢI BÁN NHÀ bán gấp XÓM CHIẾU Q4 54m2 3pn 2ty315 SHR,2.315,"Xóm Chiếu, Phường 1, Quận 4, TPHCM",54.0,3,3,2,Sổ hồng,31/03/2025
"Bán nhà mặt tiền Hoàng Diệu, Q4, gần cầu Ông Lãnh, 4x18m đất, 4 tầng",26.0,"Hoàng Diệu, Phường 6, Quận 4, TPHCM",72.0,3,3,4,Sổ hồng,27/03/2025
"Chính chủ cần bán gấp nhà Nguyễn Khoái Quận 4, căn góc vuông vức, SHR",6.2,"Nguyễn Khoái, Phường 2, Quận 4, TPHCM",51.0,2,3,1,Sổ hồng,26/03/2025
Bán Nhà Đường Lê Quốc Hưng Q4 58m2 Giá 1ty460tr KHU an Ninh,1.46,"Lê Quốc Hưng, Phường 14, Quận 4, TPHCM",58.0,3,3,2,Sổ hồng,23/03/2025
Bán Nhà Đường Lê Quốc Hưng Q4 58m2 Giá 1ty460tr KHU an Ninh,1.46,"Lê Quốc Hưng, Phường 12, Quận 4, TPHCM",58.0,3,3,2,Sổ hồng,21/03/2025
Chia Tài Sản bán nhà 61m2 đoàn văn bơ quận 4 ngay UBND,1.38,"Đoàn Văn Bơ, Phường 13, Quận 4, TPHCM",61.0,3,2,2,Sổ hồng,20/03/2025
Nhà 1 trệt 1 lầu nguyễn khoái Q4 45m2 chỉ 750 triệu dọn vô ở ngay,0.75,"Nguyễn Khoái, Phường 13, Quận 4, TPHCM",45.0,2,2,2,Sổ hồng,20/03/2025
"Bán gấp nhà H4m Hoàng Diệu 3,6x10m 3 lầu đúc giá 5,3 tỷ",5.3,"Hoàng Diệu, Phường 8, Quận 4, TPHCM",45.0,3,3,3,Sổ hồng,17/03/2025
"Siêu Phẩm Nhà Đẹp Lung Linh Hoàng Diệu P6 Q4 ,SHR,Giá 2 tỷ 6 ,70m2",2.6,"Hoàng Diệu, Phường 6, Quận 4, TPHCM",70.0,2,2,1,Sổ hồng,11/03/2025
"Cần Bán Nhanh Gấp Căn Đẹp Khánh Hội P15 Q 4 ,SHR,Giá 2tỷ700,70m2",2.7,"Khánh Hội, Phường 15, Quận 4, TPHCM",70.0,3,3,2,Sổ hồng,11/03/2025
"Chính Chủ Cần Bán Gấp Ngay Đoàn Văn Bơ P9 Q4 , SHR , Giá 1ty980,70m2",1.98,"Đoàn Văn Bơ, Phường 9, Quận 4, TPHCM",70.0,3,3,4,Sổ hồng,11/03/2025
Nhà Tôn Thất Thuyết 50m2 1 tầng 3pn giá siêu rẻ 1tỷ266 khu vip Quận 4,1.266,"Tôn Thất Thuyết, Phường 15, Quận 4, TPHCM",50.0,3,3,1,Sổ hồng,27/02/2025
"Bán nhà Quận 4 gần Khánh Hội, 13m2, 3 lầu, nhỉnh 2 tỷ",2.0,"Đường 16, Phường 4, Quận 4, TPHCM",12.0,2,3,3,Sổ hồng,18/02/2025
"Ngân hàng định giá 8 tỷ, bán 7,5 tỷ, Đoàn Văn Bơ, 4x24",7.5,"670/81 Đoàn Văn Bơ, Phường 16, Quận 4, TPHCM",94.0,4,3,,Sổ hồng,19/01/2025
"Bán Nhà Mặt Tiền Tôn Thất Thuyết, 100m2, Trệt, Ngay Nguyễn Khoái",26.0,"Tôn Thất Thuyết, Phường 3, Quận 4, TPHCM",100.0,1,1,,Sổ hồng,10/01/2025
"CỨU CỨU!! bán gấp nhà 576 Đoàn Văn Bơ,P14,Q4,60m2,3 tỷ 2,sổ sạch",3.2,"Đoàn Văn Bơ, Phường 14, Quận 4, TPHCM",60.0,4,3,3,Sổ hồng,28/12/2024
"Bán nhanh nhà đường Nguyễn Khoái, P2, Q4.DT:62M/2tỷ590tr.SHR",2.59,"Nguyễn Khoái, Phường 2, Quận 4, TPHCM",62.0,3,4,3,Sổ hồng,27/12/2024
"Kẹt vốn cần bán gấp nhà Tôn Đản,P.8,Quận 4.DT:58m/2 tỷ 350tr. Sổ riêng",2.35,"Tôn Đản, Phường 8, Quận 4, TPHCM",58.0,3,4,3,Sổ hồng,27/12/2024
"Cực sốc! Bán nhà giảm giá mạnh, tặng lại toàn bộ nội thất.Gía 2tỷ4/74m",2.49,"Đoàn Văn Bơ, Phường 16, Quận 4, TPHCM",74.0,5,5,3,Sổ hồng,27/12/2024
"Bán nhà GÓC 32-34 Đường Số 41, P. 6, Quận 4. DT: 9x19m",75.0,"32-34 Đường số 41, Phường 6, Quận 4, TPHCM",171.0,2,2,2,Sổ hồng,25/12/2024
"Bán nhà góc 2 MT 237 Hoàng Diệu, Quận 4, DT 14x4m, 2 lầu, HĐ thuê 80tr",30.0,"237 Hoàng Diệu, Phường 9, Quận 4, TPHCM",56.0,,2,3,Sổ hồng,25/12/2024
"Chính chủ bán nhà măt tiền 279 hoàng diệu, p6, quận 4",28.0,"Hoàng Diệu, Phường 6, Quận 4, TPHCM",80.0,4,4,3,Sổ hồng,18/12/2024
Bán nhà Hẻm xe hơi Đoàn Văn Bơ 96m2 P14 Quận 4 thu nhập 500tr/năm,11.0,"Đoàn Văn Bơ, Phường 14, Quận 4, TPHCM",97.0,13,13,4,Sổ hồng,14/12/2024
Nhà bán Quận 4 Chủ cực gấp bán MT KINH DOANH ĐƯỜNG SỐ 8m 3 tầng 6.x tê,6.25,"Đường số 34, Phường 6, Quận 4, TPHCM",30.0,3,3,6,Sổ hồng,09/12/2024
Bán nhà Quận 4 dưới 4 tỷ đường Nguyễn Tất Thành 5 tầng 6 PN 4 WC 3.85t,3.85,"Nguyễn Tất Thành, Phường 18, Quận 4, TPHCM",32.0,6,2,12,Sổ hồng,09/12/2024
Bán nhà trung tâm Quận 4 giá tốt nhất chỉ có 4 tỷ nhỏ.,4.0,"Tôn Đản, Phường 4, Quận 4, TPHCM",50.0,3,3,,Sổ hồng,08/12/2024
Bán rẽ nhà 4 tầng mặt tiền đường kinh doanh Q4 giá chỉ 8 tỷ nhỏ,8.4,"Vĩnh Hội, Phường 4, Quận 4, TPHCM",52.0,5,6,4,Sổ hồng,08/12/2024
Bán nhà 4 tầng 6x11m trung tâm Q4 hẻm 1 sẹt không quy hoạch chỉ 7.2 tỷ,7.2,"Đường số 11, Phường 4, Quận 4, TPHCM",66.0,5,5,12,Sổ hồng,08/12/2024
Bán nhà 5 tầng 4.2x16m sát mặt tiền đường TTT Q4 giá chỉ 6 tỷ nhỏ.,6.3,"Tôn Thất Thuyết, Phường 3, Quận 4, TPHCM",62.0,5,7,3,Sổ hồng,08/12/2024
Nhà rẽ Q4 6.5x11m 2 mặt tiền hẻm 4m thông thoáng không quy hoạch.,6.9,"Tôn Đản, Phường 8, Quận 4, TPHCM",69.0,2,2,2,Sổ hồng,08/12/2024
"24100659-Bán nhà Tôn thất Thuyết P18 Q4, DT 44m, HXH, SHR A4 4 tầng 4P",5.9,"Tôn Thất Thuyết, Phường 18, Quận 4, TPHCM",44.0,4,4,4,Sổ hồng,08/12/2024
Siêu phẩm! Nhà đẹp Hoàng Diệu Quận 4 sát nách Quận 1 84m2 nhỉnh 18 tỷ,17.999,"Lê Quốc Hưng, Phường 12, Quận 4, TPHCM",84.0,7,5,4,Sổ hồng,05/12/2024
"Bán gấp nhà giá 3ty390 ở đường Tôn Đản, P8, Q4 1 trệt 1 lầu, SHR",3.39,"Tôn Đản, Phường 8, Quận 4, TPHCM",58.5,2,2,2,Giấy tờ hợp lệ,04/12/2024
"Bán nhà đường Tôn Thất Thuyết Q4, hẻm 8m, nở hậu 4m, 3 tầng, 3.7 tỷ TL",3.55,"Tôn Thất Thuyết, Phường 3, Quận 4, TPHCM",28.0,3,3,6,Sổ hồng,03/12/2024
"Bán Nhà đường ĐOÀN VĂN BƠ, Q4 Giá Rẻ. HẺM 4M, 51M2 Nở Hậu. Chỉ 4.95Tỷ.",4.95,"Đoàn Văn Bơ, Phường 14, Quận 4, TPHCM",51.0,3,2,,Sổ hồng,03/12/2024
"Bán Nhà ĐOÀN VĂN BƠ, Q4. HẺM 4M, 45M2 Nở Hậu. 4 TẦNG BTCT. 4 tỷ 850 TL",4.849,"Đoàn Văn Bơ, Phường 10, Quận 4, TPHCM",45.0,4,4,8,Sổ hồng,03/12/2024
"Bán Nhà VIP MT Kinh Doanh - LÔ GÓC ĐS 1, P4, Q4, 4 TẦNG, CHỈ 15 Tỷ TL",15.0,"Vĩnh Hội, Phường 4, Quận 4, TPHCM",41.0,6,7,8,Sổ hồng,03/12/2024
"Tòa nhà 8 Tầng, Mặt tiền Nguyễn Khoái, 6.7x25m, 13 CHDV, PCCC, 44 tỷ",44.0,"Nguyễn Khoái, Phường 2, Quận 4, TPHCM",163.0,13,15,14,Sổ hồng,03/12/2024
"Bán nhà hẻm 91 Nguyễn Khoái, P.02 , Quận 4 .DT: 6.6x16m, Giá 12 tỷ TL.",12.0,"91 Nguyễn Khoái, Phường 2, Quận 4, TPHCM",108.0,5,3,6,Sổ hồng,03/12/2024
Nhà KHU VIP Lê Quốc Hưng Q. 4 – (4X21) 84m2 - 5 tầng – 7 PN - 18.5 tỷ,18.5,"Lê Quốc Hưng, Phường 2, Quận 4, TPHCM",84.0,7,4,8,Sổ hồng,03/12/2024
"Bán nhà VIP MT Đường Số 16, P4, Q4, 3 TẦNG, 98 m2, CHỈ 6 TỶ CÒN TL",6.0,"Đường số 16, Phường 4, Quận 4, TPHCM",35.0,2,3,6,Sổ hồng,03/12/2024
MỚI💯%~Nhà Mặt tiền Khánh Hội_Hầm 7 tầng_Thang máy_HĐT 90tr Chỉ 3x tỷ,33.299,"Khánh Hội, Phường 2, Quận 4, TPHCM",80.0,7,7,14,Sổ hồng,11/11/2024
"Chính chủ cần bán gấp nhà đẹp Lê Quốc Hưng, P12,Q4,72m2,3tỷ320,Sổ sẵn",3.32,"Lê Quốc Hưng, Phường 12, Quận 4, TPHCM",72.0,3,3,3,Sổ hồng,09/11/2024
"Bán Gấp Nhà Đẹp Chính Chủ Tại Tôn Đản,P8,Q4.75m2.2tỷ900.Sổ hồng riêng",2.9,"Tôn Đản, Phường 8, Quận 4, TPHCM",75.0,4,4,3,Sổ hồng,09/11/2024
45 Tỷ MT Khánh Hội 8x22m - Xây Dựng : 1 hầm 7 tầng - TN: 250 triệu,45.0,"Khánh Hội, Phường 6, Quận 4, TPHCM",185.0,1,1,7,Sổ hồng,06/11/2024
"50.9 Tỷ Mặt Tiền - Khánh Hội - 8.5x20m - 170m2 - 4 Tầng "" Có 1 O 2 """,50.9,"Khánh Hội, Phường 6, Quận 4, TPHCM",170.0,8,7,4,Sổ hồng,05/11/2024
"Chia tài sản cần bán gấp nhà đường Đoàn Văn Bơ, phường 16, Quận 4",0.98,"Đoàn Văn Bơ, Phường 16, Quận 4, TPHCM",62.0,3,2,,Sổ hồng,01/11/2024
Chia Tài Sản bán nhà 50m2 Lê Quốc Hưng quận 4 975 triệu ngay UBND,0.975,"Lê Quốc Hưng, Phường 12, Quận 4, TPHCM",50.0,2,2,2,Sổ hồng,01/11/2024
"Làm ăn thua lỗ bán nhà 60m2 sổ riêng,960tr,Nguyễn trường tộ",0.96,"Nguyễn Trường Tộ, Phường 12, Quận 4, TPHCM",60.0,3,3,,Sổ hồng,01/11/2024
"Định cư bên Úc bán nhà 64m2,1 trệt 2 lầu,SHR,980tr Q4",0.98,"Nguyễn Khoái, Phường 2, Quận 4, TPHCM",64.0,3,3,,Sổ hồng,01/11/2024
"Làm ăn thua lỗ bán nhà Đ.Hoàng Diệu, P.18, Q.4, 60M2 980TR",0.98,"Hoàng Diệu, Phường 18, Quận 4, TPHCM",60.0,4,2,,Sổ hồng,01/11/2024
"Về quê Bà Tám bán gấp nhà đường Xóm Chiếu Quận 4, 60m2",1.1,"Xóm Chiếu, Phường 15, Quận 4, TPHCM",60.0,3,2,,Sổ hồng,01/11/2024
Kẹt Tiền Bán Gấp Nhà Đường Hoàng Diệu Q.4 68m2 1 tỷ 100tr,1.1,"Hoàng Diệu, Phường 8, Quận 4, TPHCM",68.0,3,2,,Sổ hồng,01/11/2024
Nợ NH cần bán gấp nhà 1T1L ở Khánh Hội Quận 4 58m2 / 930Tr,0.93,"Khánh Hội, Phường 4, Quận 4, TPHCM",58.0,3,2,2,Sổ hồng,01/11/2024
"Bán gấp nhà 61m2,1 trệt 2 lầu/SHR/970tr, Tôn đản,Q.4",0.97,"Tôn Đản, Phường 15, Quận 4, TPHCM",61.0,3,3,,Sổ hồng,01/11/2024
Ngộp Bank bán gấp nhà Lê Văn Linh Q4 1T1L 55m2 930Triệu,0.93,"Lê Văn Linh, Phường 12, Quận 4, TPHCM",55.0,3,2,2,Sổ hồng,01/11/2024
"Cần tiền chữa bệnh bán nhà 61m2,1 trệt 2 lầu,SHR,940 triệu, Xóm Chiếu,",0.912,"Xóm Chiếu, Phường 13, Quận 4, TPHCM",60.0,3,2,2,Sổ hồng,31/10/2024
"Bán nhà đường Lê Văn Linh Q4 1T1L 55m2, giá 930triệu, sổ hồng riêng.",0.93,"Lê Thạch, Phường 13, Quận 4, TPHCM",55.0,3,2,2,Sổ hồng,31/10/2024
"Bán nhà đường Lê Văn Linh Q4 1t1l 55m2, giá 930 triệu, sổ hồng riêng",0.93,"Đường số 11, Phường 13, Quận 4, TPHCM",55.0,3,2,2,Sổ hồng,31/10/2024
"Bán nhà 1T1L, dt 64m2, giá 855tr, Đ.Tôn Thất Thuyết, Q4, gần chợ, SHR",0.855,"Đường số 12A, Phường 10, Quận 4, TPHCM",64.0,3,3,2,Sổ hồng,31/10/2024
Mặt Tiền Quận 5 - Trần Hưng Đạo - Kinh Doanh Đông - 86M - Nhỉnh 24 Tỷ,24.9,"Trần Hưng Đạo, Phường 11, Quận 5, TPHCM",86.0,4,2,2,Sổ hồng,25/11/2025
Quận 5 - 2 Mặt Hẻm - Xe Hơi LT - 43M - 3PN - Nhỉnh 10 Tỷ,10.199,"An Dương Vương, Phường 4, Quận 5, TPHCM",43.0,3,3,6,Sổ hồng,25/11/2025
"Bán nhà đường Trần Phú Q.5 - 4,8m x 12,3m chỉ 9,2 tỉ",9.2,"Trần Phú, Phường 7, Quận 5, TPHCM",57.0,4,4,6,Sổ hồng,25/11/2025
[BÁN NHÀ QUẬN 5] Nhà mới đẹp – trung tâm – vài bước ra Trần Hưng Đạo,5.9,"Trần Hưng Đạo, Phường 5, Quận 5, TPHCM",46.0,2,2,2,Sổ hồng,25/11/2025
"Mặt tiền Kinh doanh Nguyễn Trãi, P2, Quận 5: 7,3x16m-Trệt 3 Lầu Giá 60",59.999,"Nguyễn Trãi, Phường 2, Quận 5, TPHCM",115.0,6,6,3,Giấy tờ hợp lệ,25/11/2025
"Bán nhà ngay Trần Bình Trọng, Quận 5, 5.2x22m, 4L, giá 35 tỷ",35.0,"Trần Bình Trọng, Phường 4, Quận 5, TPHCM",120.0,5,5,4,Giấy tờ hợp lệ,25/11/2025
"Hẻm 8m Khu Kinh Doanh đường Trần Tuấn KhảiQ5 Ngang 4,4m Dài 17m 4 Tầng",19.0,"Trần Tuấn Khải, Phường 5, Quận 5, TPHCM",76.0,4,4,4,Sổ hồng,25/11/2025
Mặt Tiền Q5 Ngang 5.8m Dài 20m 5 Tầng Giáp Nguyễn Trãi Giá giảm 49 Tỷ,49.0,"Trần Bình Trọng, Phường 2, Quận 5, TPHCM",103.8,5,5,5,Sổ hồng,25/11/2025
Mặt Tiền Q5 Ngang 5m Dài 20m nở 8m gần Bv Chợ Rãy Giá 25 Tỷ Khu KD .,25.0,"Phó Cơ Điều, Phường 12, Quận 5, TPHCM",105.0,1,1,,Sổ hồng,25/11/2025
"Mặt Tiền Q5 Ngang 4m Dài 13m 5 Tầng Chỉ 18,5 Tỷ giáp đường Nguyễn Trãi",18.5,"Triệu Quang Phục, Phường 11, Quận 5, TPHCM",50.0,5,5,5,Sổ hồng,25/11/2025
56 Tỷ! Có dòng tiền 100 triệu/t Sở Hữu MT Nguyễn TrãiQ5 ngang5m Dài21m,56.0,"Nguyễn Trãi, Phường 3, Quận 5, TPHCM",100.0,5,5,5,Sổ hồng,25/11/2025
Chỉ 35 tỷ! Sỡ Hữu 100m2 Mặt Tiền Sư Vạn Hạnh Q5 đối diện An Đông plaza,35.5,"Sư Vạn Hạnh, Phường 9, Quận 5, TPHCM",98.0,6,4,4,Sổ hồng,25/11/2025
Bán Siêu phẩm Góc 2 Mặt Tiền Trần Hưng Đạo Q5 Dt 8.1 x 19m 2Tầng 95 Tỷ,95.0,"Trần Hưng Đạo, Phường 1, Quận 5, TPHCM",151.6,2,2,10,Sổ hồng,25/11/2025
"Mặt Tiền Q5 ngang 4,2m Dài 26m Giá chỉ 22 tỷ ngay đường Phan Văn Khoẻ",22.0,"Phan Văn Khỏe, Phường 15, Quận 5, TPHCM",105.0,2,2,1,Sổ hồng,25/11/2025
Mặt Tiền Q5 Ngang 4m Dài 16m 4 Tầng giá 27 Tỷ giáp ngay An Dương Vương,27.0,"Nguyễn Duy Dương, Phường 9, Quận 5, TPHCM",60.0,4,4,4,Sổ hồng,25/11/2025
"Mặt Tiền Q5 ngang 5,8m Dài 20m 3Tầng giáp Nguyễn Trãi 2chiều chỉ 40 Tỷ",40.0,"Trần Phú, Phường 7, Quận 5, TPHCM",98.0,3,3,3,Sổ hồng,25/11/2025
"Bán Siêu phẩm Mặt Tiền Lê Hồng phong p3 Q5 Dt 4,2m x 19m 5 Tầng 39,5Tỷ",39.5,"Lê Hồng Phong, Phường 3, Quận 5, TPHCM",79.0,5,5,5,Sổ hồng,25/11/2025
Tòa Building Mặt Tiền Q5 ngang 8m Dài 19m Hầm 8Tầng giáp Trần Hưng Đạo,67.0,"Nguyễn Văn Đừng, Phường 6, Quận 5, TPHCM",146.0,10,8,8,Sổ hồng,25/11/2025
Mặt Tiền Nguyễn Chí Thanh Q5 ngang 4m Dài 20m 5Tầng Trực diện Chợ Rãy,45.0,"Nguyễn Chí Thanh, Phường 12, Quận 5, TPHCM",81.0,5,5,5,Sổ hồng,25/11/2025
Mặt Tiền Hùng Vương Q5 ngang 3.8m dài 15m 5 Tầng giá 18 tỷ vỉ hè 8m,18.0,"Hùng Vương, Phường 9, Quận 5, TPHCM",51.0,5,5,10,Sổ hồng,25/11/2025
Mặt Tiền Hồng Bàng Q5 Ngang 7m dài 19m 6 Tầng giá 72tỷ giáp Bv chợ Rẫy,72.0,"Hồng Bàng, Phường 11, Quận 5, TPHCM",120.0,6,6,6,Sổ hồng,25/11/2025
"Mặt Tiền Hiếm Châu Văn Liêm Q5 ngang 5.1m dài 20m 2 Tầng giá 49,5 Tỷ",49.5,"Châu Văn Liêm, Phường 11, Quận 5, TPHCM",98.0,2,2,,Sổ hồng,25/11/2025
"Góc 2 Mặt Tiền Trịnh Hoài Đức Q5 ngang 8,6m dài 15m 5Tầng giáp bưuđiện",44.0,"Trịnh Hoài Đức, Phường 13, Quận 5, TPHCM",122.0,5,5,5,Sổ hồng,25/11/2025
"Siêu phẩm Góc 2 Mặt Tiền Nguyễn Trãi Q5 Dt 3,7m x 10m 4Tầng Giá 19,5Tỷ",19.5,"Nguyễn Trãi, Phường 2, Quận 5, TPHCM",32.0,4,4,4,Sổ hồng,25/11/2025
"Bán Siêu Phẩm Mặt Tiền An dương VươngQ5 Dt 4,7m x 12m 4Tầng Chỉ 31 Tỷ",31.0,"An Dương Vương, Phường 4, Quận 5, TPHCM",50.0,4,4,4,Sổ hồng,25/11/2025
"Siêu phẩm Góc 2 Mặt Tiền Trần Hưng Đạo Q5 Dt 9,5m x 35m 10 Tầng 300 Tỷ",300.0,"Trần Hưng Đạo, Phường 14, Quận 5, TPHCM",300.0,10,10,10,Sổ hồng,25/11/2025
"Mặt Tiền An Điềm Q5 giáp Trần Hưng Đạo ngang 7,3m Dài 18m 5 Tầng 46 Tỷ",46.0,"An Điềm, Phường 10, Quận 5, TPHCM",124.0,5,5,5,Sổ hồng,25/11/2025
"Bán nhà đường An Dương Vương, Q5, 5.2x22m, 4L, giá 35 tỷ",35.0,"An Dương Vương, Phường 4, Quận 5, TPHCM",115.0,5,5,4,Giấy tờ hợp lệ,25/11/2025
"Bán nhà mặt tiền đường Nguyễn Trãi, Quận 5, 8x17m, giá 42 tỷ",42.0,"Nguyễn Trãi, Phường 3, Quận 5, TPHCM",110.0,5,5,2,Giấy tờ hợp lệ,25/11/2025
"Tòa nhà mặt tiền Trần Bình Trọng, P4, Q5. 10mx20m. Hầm, 7 tầng. 152 tỷ",152.0,"Trần Bình Trọng, Phường 4, Quận 5, TPHCM",201.0,,,7,Sổ hồng,25/11/2025
"Nhà mới hẻm 3m / An Dương Vương, gần chợ An Đông, 36m2, 3 lầu BTCT",5.75,"An Dương Vương, Phường 3, Quận 5, TPHCM",36.0,3,3,3,Sổ hồng,25/11/2025
"Bán chung cư Đỗ Ngọc Thạnh 80m2, 2 phòng ngủ, nhà còn mới!",2.099,"Đỗ Ngọc Thạnh, Phường 14, Quận 5, TPHCM",80.0,2,1,,Sổ hồng,25/11/2025
"Bán căn nhà Mặt tiền Trần Phú-An Dương Vương, Quận 5, 11x23m, HĐT 180t",94.999,"Trần Phú, Phường 8, Quận 5, TPHCM",245.0,4,4,4,Giấy tờ hợp lệ,25/11/2025
"Bán nhà HXH 1/ Nguyễn Trãi, 67,8m2, 4 lầu 8 phòng giá đầu tư!",18.0,"Nguyễn Trãi, Phường 8, Quận 5, TPHCM",67.8,8,4,4,Sổ hồng,25/11/2025
"Chính chủ hạ giá cần bán gấp nhà mặt tiền Phan Phú Tiên, 4x22m,Quận 5.",19.5,"Phan Phú Tiên, Phường 10, Quận 5, TPHCM",88.0,8,8,5,Giấy tờ hợp lệ,25/11/2025
"Hiếm Bán nhà mặt tiền Nguyễn Trãi khu áo cưới quận 5, 5x12m 4 lầu Q5.",24.5,"Nguyễn Trãi, Phường 7, Quận 5, TPHCM",50.0,5,6,4,Giấy tờ hợp lệ,25/11/2025
CHDV cao cấp Q5 - Dòng tiền 60tr -70m2 - 5 tầng - 8pn,13.2,"An Bình, Phường 6, Quận 5, TPHCM",70.0,8,9,3,Sổ hồng,25/11/2025
Hàng Hiếm - Toà Nhà 6 Tầng Vị Trí Rất Đẹp Mặt Tiền Trần Bình Trọng Q.5,47.0,"Trần Bình Trọng, Phường 3, Quận 5, TPHCM",104.0,6,6,3,Sổ hồng,24/11/2025
Bán Căn Góc 2 MT An Dương Vương Lê Hồng Phong nhà mới đẹp 5 Tầng + TM,33.5,"An Dương Vương, Phường 3, Quận 5, TPHCM",27.0,5,5,5,Sổ đỏ,24/11/2025
"Bán nhà GÓC 2MT số 156 đường Tân Thành & Tạ Uyên, P.15, Q.5, HCM",34.0,"Tạ Uyên, Phường 15, Quận 5, TPHCM",45.0,2,2,3,Sổ hồng,24/11/2025
Bán nhà mini nhỏ xinh An Dương Vương P.4 Q.5 - 3m x7m giá 4 tỉ,4.0,"An Dương Vương, Phường 4, Quận 5, TPHCM",17.5,2,3,3,Sổ hồng,24/11/2025
Siêu phẩm tòa nhà mặt tiền Q5 - 8x27m - 5 tầng - thang may cao cấp,41.0,"Nguyễn Trãi, Phường 7, Quận 5, TPHCM",214.0,6,7,5,Sổ hồng,24/11/2025
GIÁ MỀM NHẤT KHU bán nhà AN DƯƠNG VƯƠNG Q5 3pn 2ty299 bao sang tên,2.299,"An Dương Vương, Phường 4, Quận 5, TPHCM",48.0,3,3,3,Sổ hồng,22/11/2025
Bán tòa nhà mặt tiền Trần Bình Trọng có dòng tiền 300 triệu/tháng,150.0,"Trần Bình Trọng, Phường 4, Quận 5, TPHCM",200.0,5,5,5,Sổ hồng,21/11/2025
"Bán nhà MT An Dương Vương, Phường 3, Quận 5, DT 4,7 x 18,1m, giá 59 tỷ",59.0,"An Dương Vương, Phường 3, Quận 5, TPHCM",83.0,4,4,4,Sổ hồng,21/11/2025
"🔥 Siêu VIP Building 2MT Trần Hưng Đạo, Q.5 – DT 200m² – HĐ thuê 240tr",118.0,"Trần Hưng Đạo, Phường 11, Quận 5, TPHCM",204.0,,,5,Sổ hồng,21/11/2025
"Bán toà nhà hầm 8T mới 100% MT Huỳnh Mẫn Đạt, DT 14,3 x 26m, HĐT 630tr",240.0,"Huỳnh Mẫn Đạt, Phường 1, Quận 5, TPHCM",402.0,8,8,16,Sổ hồng,21/11/2025
"Cho thuê nhà 7 tầng MT 166 & 168 Nguyễn Trãi, Phường 3, Quận 5",0.24,"Nguyễn Trãi, Phường 3, Quận 5, TPHCM",140.0,10,10,29,Sổ hồng,20/11/2025
"Bán nhà hẻm VIP 60 Nguyễn Trãi Quận 5, 5x20m, vị trí đẹp sát mặt tiền",25.0,"Nguyễn Trãi, Phường 3, Quận 5, TPHCM",88.0,3,3,2,Sổ hồng,18/11/2025
"Bán nhà mặt tiền Lão Tử Quận 5, 60m2, 6 tầng+thang máy, chỉ nhỉnh 20 T",20.4,"Lão Tử, Phường 14, Quận 5, TPHCM",60.0,5,6,10,Sổ hồng,18/11/2025
"Bán nhà 5 tầng mặt tiền Nguyễn Biểu Quận 5, 40m2 HDT 50 triệu/tháng",15.5,"Nguyễn Biểu, Phường 2, Quận 5, TPHCM",40.0,10,11,5,Sổ hồng,18/11/2025
"Bán Nhà HXH 236 Trần Hưng Đạo Quận 5, 50 m2 4 tầng chỉ nhỉnh 10 tỷ",10.8,"Trần Hưng Đạo, Phường 11, Quận 5, TPHCM",50.0,4,5,4,Sổ hồng,18/11/2025
"Bán nhà góc 2 mặt tiền Nguyễn Biểu Quận 5, 4x18m cn 77m2 chỉ nhỉnh 28T",28.6,"Nguyễn Biểu, Phường 1, Quận 5, TPHCM",77.0,6,6,3,Sổ hồng,18/11/2025
"Bán nhà góc 2 mặt tiền Trần Tuấn Khải Quận 5, 5x14m HDT 45tr/tháng",23.0,"Trần Tuấn Khải, Phường 5, Quận 5, TPHCM",50.0,3,3,3,Sổ hồng,18/11/2025
"Hiếm! bán nhà HXH 7m Trần Tuấn Khải Quận 5, 73m2 kc: Hầm+5 lầu chỉ 16T",16.0,"Trần Tuấn Khải, Phường 5, Quận 5, TPHCM",73.0,6,4,4,Sổ hồng,18/11/2025
"Bán Nhà Góc 2 Mặt Tiền Mạc Cửu - Võ Văn Kiệt, 48m2, Nhà 4 tầng 15,5 tỷ",15.5,"Võ Văn Kiệt, Phường 13, Quận 5, TPHCM",48.0,6,5,7,Sổ hồng,18/11/2025
"Bán nhà HXH Huỳnh Mẫn Đạt quận 5, 3.8x16m 59m2 hẻm đep chỉ nhỉnh 10 Tỷ",10.9,"Huỳnh Mẫn Đạt, Phường 3, Quận 5, TPHCM",60.0,2,2,1,Sổ hồng,18/11/2025
"Bán nhà mặt tiền Tân Hàng Quận 5, Dt 55m2, cấp 4 tiện xây mới chỉ 9.4T",9.4,"Tân Hàng, Phường 10, Quận 5, TPHCM",55.0,2,2,,Sổ hồng,18/11/2025
"Bán nhà mặt tiền Nguyễn Tri Phương Quận 5, 4,3x11m, 6 tầng chỉ 14.8 T",14.8,"Nguyễn Tri Phương, Phường 6, Quận 5, TPHCM",40.0,6,6,3,Sổ hồng,18/11/2025
"Bán nhà mặt tiền An Điềm p 10 Q5, 7,3x17 cn 124m2, 5 tầng giá 46 tỷ",46.0,"An Điềm, Phường 10, Quận 5, TPHCM",124.0,6,6,5,Sổ hồng,18/11/2025
Bán căn gốc HXH Nguyễn Trãi Quận 5 ngay ĐH Sài Gòn chỉ nhỉnh 10 tỷ,10.5,"Nguyễn Trãi, Phường 2, Quận 5, TPHCM",50.0,4,4,3,Sổ hồng,18/11/2025
Bán nhà 70m2 11 phòng CHDV đường Nguyễn Thời Trung Quận 5 chỉ 10.5 Tỷ,10.5,"Nguyễn Thời Trung, Phường 6, Quận 5, TPHCM",70.0,11,11,4,Sổ hồng,18/11/2025
Bán nhà 5 tầng hẻm ô tô 6m sát mặt tiền An Dương Vương Q5 68m2 chỉ 18T,18.5,"An Dương Vương, Phường 4, Quận 5, TPHCM",76.0,5,5,3,Sổ hồng,18/11/2025
"Bán nhà An Dương Vương Quận 5, HXH Ngay chợ An Đông 4 lầu chỉ 12.9 T",12.9,"An Dương Vương, Phường 9, Quận 5, TPHCM",50.0,5,5,6,Sổ hồng,18/11/2025
"Bán nhà 4 tầng đường Phan Văn Trị phường 7 Quận 5, 52m2 chỉ nhỉnh 9 tỷ",9.5,"Phan Văn Trị, Phường 7, Quận 5, TPHCM",52.0,4,3,6,Sổ hồng,18/11/2025
"Bán nhà mặt tiền Trần Hưng Đạo Q5, 3.8x21 cn 86m2, chỉ nhỉnh 24 tỷ",24.9,"Trần Hưng Đạo, Phường 11, Quận 5, TPHCM",86.0,2,2,4,Sổ hồng,18/11/2025
"Bán nhà mặt tiền Võ Văn Kiệt Q5, 3.9x21m cn 100 m2, 5 tầng chỉ 18,5 T",18.5,"Võ Văn Kiệt, Phường 5, Quận 5, TPHCM",100.0,10,11,4,Sổ hồng,18/11/2025
"Bán nhà HXH sát mặt tiền Trần Hưng Đạo Quận 5, 50m2 chỉ nhỉnh 9 tỷ",9.8,"Trần Hưng Đạo, Phường 11, Quận 5, TPHCM",50.0,2,2,1,Sổ hồng,18/11/2025
"Bán nhà HXH 315 Trần Bình Trọng Quận 5, 4.7x16m cn 76m2 4 tầng chỉ 17T",17.0,"Trần Bình Trọng, Phường 4, Quận 5, TPHCM",80.0,4,4,4,Sổ hồng,18/11/2025
"Bán nhà đẹp sát mặt tiền An Bình Quận 5, 4x17m cn 68m2, 5 tầng mới",13.2,"An Bình, Phường 6, Quận 5, TPHCM",68.0,7,7,3,Sổ hồng,18/11/2025
Bán Nhà Mặt Tiền Đỗ Ngọc Thạnh - Đối Diện Chợ Kim Biên - Quận 5,8.4,"Đỗ Ngọc Thạnh, Phường 14, Quận 5, TPHCM",34.0,2,2,2,Sổ hồng,16/11/2025
"Bán gấp HXH Chợ Kim Biên 4,5x20m 2 lầu sân thượng giá 12 tỷ",12.0,"Vạn Kiếp, Phường 13, Quận 5, TPHCM",89.0,4,4,2,Sổ hồng,13/11/2025
"Bán gấp Mặt Tiền Trần Hưng Đạo 4.2x23.5m trệt, 4 lầu giá 31,9 tỷ",31.9,"Trần Hưng Đạo, Phường 7, Quận 5, TPHCM",96.2,4,3,4,Sổ hồng,13/11/2025
🏡 Cực hiếm – nhà mới xây Q5 – TRẦN HƯNG ĐẠO – NGUYỄN VĂN CỪ 🏡 📍 Ngu,3.205,"Nguyễn Biểu, Phường 14, Quận 5, TPHCM",49.0,4,3,4,Sổ hồng,09/11/2025
"26 tỷ! Bán MT Đ. Nguyễn Chí Thanh, Quận 5 - 4.25*20m - 4 Tầng",26.0,"Nguyễn Chí Thanh, Phường 9, Quận 5, TPHCM",84.0,6,4,,Sổ hồng,05/11/2025
"GÓC 2 MT HIẾM 250 tỷ! Bán tòa nhà Đ. Trần Hưng Đạo, Q.5 – 224.2m2.",250.0,"Trần Hưng Đạo, Phường 2, Quận 5, TPHCM",225.0,11,11,19,Sổ hồng,05/11/2025
Bán MT DUY NHẤT <31 tỷ Đ.Trần Hưng Đạo 2 chiều Q5 4.5m x 18m 4 Tầng,31.0,"Trần Hưng Đạo, Phường 7, Quận 5, TPHCM",81.0,3,4,3,Sổ hồng,05/11/2025
"GÓC 2 MT HIẾM 250 tỷ! Bán tòa nhà Đ. Trần Hưng Đạo, Q.5 – 224.2m2.",250.0,"Trần Hưng Đạo, Phường 2, Quận 5, TPHCM",224.0,11,11,18,Sổ hồng,05/11/2025
RẺ 80 tỷ! Bán nhà MT Trần Bình Trọng - An Dương Vương Q5 – ngang 9.5m,80.0,"Trần Bình Trọng, Phường 3, Quận 5, TPHCM",181.5,2,3,3,Sổ hồng,05/11/2025
"🏘2 TẦNG BTCT Trần Hưng Đạo, P.5, Q.5 - Diện tích: 4M nở hậu 6M x 11M",4.2,"Trần Hưng Đạo, Phường 5, Quận 5, TPHCM",46.0,2,2,4,Sổ hồng,05/11/2025
Bán nhà Quận 10 đường Nguyễn Duy Dương 55m2,10.9,"Nguyễn Duy Dương, Phường 2, Quận 5, TPHCM",55.0,4,5,3,Sổ hồng,05/11/2025
330tr/th – 110 tỷ! Bán Building Đ. Trần Bình Trọng Quận 5 – Hầm 8 Tầng,110.0,"Trần Bình Trọng, Phường 2, Quận 5, TPHCM",200.0,8,8,13,Sổ hồng,04/11/2025
RẺ 20.5 tỷ! Bán MT Nguyễn Văn Cừ Q5 – 5.6x10m - 4 Tầng.,21.0,"Nguyễn Văn Cừ, Phường 2, Quận 5, TPHCM",56.0,4,3,4,Sổ hồng,04/11/2025
68 tỷ! Bán building MT Đ. Nguyễn Tri Phương Q.5 – 8x19m – hầm 8 Tầng,68.0,"Nguyễn Tri Phương, Phường 6, Quận 5, TPHCM",144.0,8,8,8,Sổ hồng,04/11/2025
"Bán Nhà 46m2, Đoạn Giao Lê Hồng Phong - Nguyễn Trãi, P2 - Q5",5.68,"Lê Hồng Phong, Phường 2, Quận 5, TPHCM",46.0,3,3,2,Sổ hồng,04/11/2025
Khu Hiếm Nhà Bán Lê Hồng Phong Phường 2 Quận 5.,7.2,"Lê Hồng Phong, Phường 2, Quận 5, TPHCM",25.0,4,4,5,Sổ hồng,31/10/2025
Khu vực hiếm nhà bán Huỳnh Mẫn Đạt Quận 5.,6.2,"Huỳnh Mẫn Đạt, Phường 3, Quận 5, TPHCM",33.0,4,4,4,Sổ hồng,31/10/2025
Chính Chủ Bán Nhà - 61m2 - Ngay An Đông Plaza- Trần Phú - Q5,8.5,"Trần Phú, Phường 7, Quận 5, TPHCM",62.0,2,2,10,Sổ hồng,31/10/2025
"Bán nhà quận 5 diện tích 57m2 ngang 4,8 x 12,3met giá 9 tỷ 200 tr còn",9.2,"Trần Phú, Phường 7, Quận 5, TPHCM",57.0,4,4,4,Sổ hồng,30/10/2025
"Bán mặt tiền Trần Tuấn Khải p5, q5. DT: 4 dài 18 T,3L giá 25ty (tl)",25.0,"Trần Tuấn Khải, Phường 5, Quận 5, TPHCM",82.0,6,4,3,Sổ hồng,09/10/2025
Bán Gấp Nhà 2 MT Đỗ Ngọc Thạnh – Nhà 5 Tầng BTCT Quận 5 – Chỉ 15 tỷ,15.0,"Đỗ Ngọc Thạnh, Phường 12, Quận 5, TPHCM",33.0,6,5,8,Sổ hồng,08/10/2025
Bán nhà MT nguyễn tri phương – ngang trên 4m – xe hơi vào nhà – 18 Tỷ,17.999,"Nguyễn Tri Phương, Phường 6, Quận 5, TPHCM",44.0,8,6,4,Sổ hồng,08/10/2025
"Nhà 2MT HXH Nguyễn Trãi Q5 – 68m², 4 tầng, 8PN – chỉ 17.5 tỷ",17.5,"Nguyễn Trãi, Phường 3, Quận 5, TPHCM",68.0,8,8,4,Sổ hồng,08/10/2025
"Bán nhà 2 MT Trần Hưng Đạo, Q5 – 64m², 5 tầng – chỉ 30 tỷ",30.0,"Trần Hưng Đạo, Phường 11, Quận 5, TPHCM",64.0,7,7,4,Sổ hồng,08/10/2025
Bán nhà hẻm ô tô tải Nguyễn Trãi Q5 – 4 tầng – giá 20 tỷ,20.0,"Nguyễn Trãi, Phường 7, Quận 5, TPHCM",68.0,6,4,4,Sổ hồng,08/10/2025
"Bán Toà nhà Mặt Tiền Đường Trần Bình Trọng, Q5, 8 tầng, 300tr/tháng",155.0,"Trần Bình Trọng, Phường 4, Quận 5, TPHCM",201.0,10,11,7,Sổ hồng,27/09/2025
"Bán Toà Nhà Mặt Tiền Nguyễn Trãi, P8, Q5, Đoạn 2 chiều, ngang 8m, 5lầu",66.0,"Nguyễn Trãi, Phường 8, Quận 5, TPHCM",140.0,12,13,,Sổ hồng,27/09/2025
"Bán Toà Nhà Building Ngay Trần Hưng Đạo, P6, Q5, 8x18m, 8tầng, 1200m2",66.0,"Nguyễn Văn Đừng, Phường 6, Quận 5, TPHCM",146.0,13,14,8,Sổ hồng,27/09/2025
"Bán nhà mặt tiền 84 Hùng Vương, Phường An Đông TPHCM, Ngay chợ An Đông",182.0,"Hùng Vương, Phường 9, Quận 5, TPHCM",457.0,3,4,,Sổ hồng,27/09/2025
"Bán Nhà Mặt Tiền Đường Trần Hưng Đạo, Đoạn 2 chiều, Ngay chợ Hoà Bình",80.0,"Trần Hưng Đạo, Phường 7, Quận 5, TPHCM",160.0,5,6,,Sổ hồng,27/09/2025
"Bán Nhà Mặt tiền đường Tản Đà, P10, Q5, Ngay Bệnh Viện Đại Học Y Dược",55.0,"Tản Đà, Phường 10, Quận 5, TPHCM",120.0,6,7,2,Sổ hồng,27/09/2025
"Bán Nhà Biệt Thự Hẻm Xe Hơi Đường Trần Hưng Đạo, Phường2, Quận5,",35.0,"Trần Hưng Đạo, Phường 2, Quận 5, TPHCM",208.0,6,7,2,Sổ hồng,27/09/2025
"Bán nhà Mặt Tiền Đường Nguyễn Duy Dương, P8, Q5, Ngay chợ An Đông Khu",19.5,"Nguyễn Duy Dương, Phường 8, Quận 5, TPHCM",48.0,2,1,5,Sổ hồng,27/09/2025
Bán nhà HXH Nguyễn Tri Phương P9 Q.5 Hẻm 6m ngang 4m 60m2 Giá 12.5 Tỷ,12.5,"Nguyễn Tri Phương, Phường 9, Quận 5, TPHCM",60.0,3,3,3,Sổ hồng,11/09/2025
Nhà 3 Tầng BTCT - Hoàn Công -Sổ Vuông - P15 - Quận 5 - Nhỉnh 3 tỷ,3.7,"Tân Thành, Phường 15, Quận 5, TPHCM",24.0,3,2,3,Sổ hồng,08/09/2025
An Bình - P6 - Quận 5 - 5 Tầng BTCT - 66m2 - Hoàn Công - Nhỉnh 13 Tỷ,13.2,"An Bình, Phường 6, Quận 5, TPHCM",66.0,6,6,3,Sổ hồng,08/09/2025
"Nhà 4 tầng BTCT - Hoàn Công - HXH - 2 Mặt hẻm - 59M2 - Chỉ 9,6 Tỷ",9.6,"Trần Phú, Phường 7, Quận 5, TPHCM",59.0,4,4,4,Sổ hồng,08/09/2025
Bán Nhà Đẹp Tại Quận 5 : 14 x 7m trệt + lửng + 2 lầu 25 tỷ tl,25.0,"Phan Huy Chú, Phường 11, Quận 5, TPHCM",96.0,5,6,2,Sổ hồng,03/09/2025
"Siêu phẩm trung tâm Q5! Nhà Ngô Quyền, 32m², 1T1L – giá 2.95 tỷ",2.95,"Ngô Quyền, Phường 6, Quận 5, TPHCM",32.0,3,2,2,Sổ hồng,20/08/2025
"Bán nhà Nguyễn Trãi, Chợ Quán, Quận 5, 4x26m, nhà trống, giá tốt",49.0,"Nguyễn Trãi, Phường 3, Quận 5, TPHCM",104.0,4,4,9,Sổ hồng,20/08/2025
"Bán nhà Trần Bình Trọng Q5, 43m², 1T1L, giá chỉ 4.12 tỷ sHr",4.12,"Trần Bình Trọng, Phường 1, Quận 5, TPHCM",43.0,3,2,2,Sổ hồng,17/08/2025
"Cô Hai kẹt tiền bán nhà Nguyễn Trãi, Q.5 62.5 m2 giá 4 tỷ 150 sổ riêng",4.15,"Nguyễn Trãi, Phường 3, Quận 5, TPHCM",62.5,3,3,3,Sổ hồng,16/08/2025
"Nhà đẹp Nguyễn Biểu, P1 Q5 – 44m², 3PN, Giá 2,79 tỷ, Vừa ở vừa đầu tư",2.79,"Nguyễn Biểu, Phường 1, Quận 5, TPHCM",44.0,3,2,,Sổ hồng,16/08/2025
"Tòa nhà 6 tầng + hầm Lê Hồng Phong, vị trí kinh doanh sầm uất",180.0,"Lê Hồng Phong, Phường 2, Quận 5, TPHCM",211.6,2,2,6,Sổ hồng,13/08/2025
Chủ Ngộp Bank – Bán Nhà Cấp 4 Nguyễn Trãi Q5 – Gần Chợ Bàu Sen – 28 Tỷ,28.0,"Nguyễn Trãi, Phường 2, Quận 5, TPHCM",118.0,2,2,3,Sổ hồng,11/08/2025
Bán nhà mặt tiền Nguyễn Trãi Q5 – Đối diện ĐH Y Dược – 61m² – 12.8 tỷ,12.8,"Nguyễn Trãi, Phường 11, Quận 5, TPHCM",61.0,3,,1,Sổ hồng,11/08/2025
"Bán Khách Sạn Mini – Mặt tiền Cao Đạt – Quận 5 – 10 Phòng – 12,5 Tỷ",12.499,"Cao Đạt, Phường 1, Quận 5, TPHCM",41.0,10,10,2,Sổ hồng,11/08/2025
Bán Lô góc mặt tiền Nguyễn Trãi – 5 Tầng BTCT – KD thời trang – 24 tỷ,23.999,"Nguyễn Trãi, Phường 7, Quận 5, TPHCM",54.0,4,3,1,Sổ hồng,11/08/2025
"Nhà MT 369E An Dương Vương, Q5. DT 4.5x21m NH, 3 tầng",39.5,"369E An Dương Vương, Phường 3, Quận 5, TPHCM",80.0,1,1,3,Sổ hồng,05/08/2025
"Nhà nở hậu đẹp - Phường 3 - Quận 5 - Gần đường lớn - Giá 4,1 tỷ",4.1,"Nguyễn Trãi, Phường 3, Quận 5, TPHCM",27.0,2,2,2,Sổ hồng,03/08/2025
"Bán nhà MT Lê Hồng Phong - 6,5x27m - 8tầng - HDT:300 triệu- giá:120 tỷ",120.0,"Lê Hồng Phong, Phường 4, Quận 5, TPHCM",170.0,10,9,7,Giấy tờ hợp lệ,31/07/2025
"Bán căn góc 2 mặt tiền SIÊU ĐẸP Tân Thành, Quận 5 Hiếm có mặt tiền 19m",31.0,"Tân Thành, Phường 12, Quận 5, TPHCM",171.0,3,3,1,Sổ đỏ,11/07/2025
Bán nhà Nguyễn Trãi Q5 DT: 6.5x20m kết cấu: Hầm 6 lâu HDDT Gía 40 tỷ,39.999,"Nguyễn Trãi, Phường 2, Quận 5, TPHCM",130.0,35,35,6,Sổ hồng,09/07/2025
"** SIÊU TOÀ NHÀ BỀ THẾ – Mặt Tiền Huỳnh Mẫn Đạt, Quận 5 🔥",240.0,"Huỳnh Mẫn Đạt, Phường 1, Quận 5, TPHCM",401.0,,,8,Sổ hồng,09/07/2025
Siêu phẩm 5 tầng 2 Mặt tiền Trần Hưng Đạo ngay Ái Huê - C.A Q5,28.5,"Trần Hưng Đạo, Phường 11, Quận 5, TPHCM",64.0,5,5,4,Sổ hồng,07/07/2025
"Nhà mặt tiền 4x17,5 chưa qua đầu tư , giá tốt !",19.7,"Hùng Vương, Phường 4, Quận 5, TPHCM",70.0,2,2,12,Sổ hồng,07/07/2025
BÁN NHÀ Mặt tiền Trần Bình Trọng Q5 - 4 tầng - Mặt tiền KD Hiếm Q5,30.0,"Trần Bình Trọng, Phường 1, Quận 5, TPHCM",67.5,8,8,3,Sổ hồng,07/07/2025
Cần bán gấp nhà mặt tiền đường An Dương Vương Quận 5,19.0,"An Dương Vương, Phường 3, Quận 5, TPHCM",40.14,5,4,3,Sổ đỏ,05/07/2025
"Nhà bán ở chi căn MT Đ. Ngô Quyền, P7, Q5 1ty033 - 62m2 SHR",1.033,"Ngô Quyền, Phường 7, Quận 5, TPHCM",62.0,3,3,,Sổ hồng,04/07/2025
Cần bán mặt tiền Huỳnh Mẫn Đạt Phường 2 Quận 5 DT: 36m2 HD thuê 39tr,15.2,"Huỳnh Mẫn Đạt, Phường 2, Quận 5, TPHCM",36.0,3,2,2,Sổ hồng,01/07/2025
"Bán nhà hẻm xe hơi 565 Nguyễn Trãi - 43m2 - xây mới 100%, tặng full nộ",10.0,"Nguyễn Trãi, Phường 7, Quận 5, TPHCM",43.0,6,6,4,Sổ hồng,01/07/2025
"Bán nhà mặt tiền Nguyễn Trãi Quận 5, 645m² nở hậu, vị trí hiếm",400.0,"Nguyễn Trãi, Phường 2, Quận 5, TPHCM",645.0,3,3,,Sổ hồng,27/06/2025
"Bán nhà Góc 2 Mặt Tiền Đường Ttần Hưng Đạo, Phường 5, Quận 5 :",80.0,"Trần Hưng Đạo, Phường 5, Quận 5, TPHCM",93.5,5,5,4,Sổ hồng,13/06/2025
"Bán Tòa nhà MTĐ Huỳnh Mẫn Đạt, P.1, Quận 5 :",250.0,"Huỳnh Mẫn Đạt, Phường 1, Quận 5, TPHCM",402.0,7,7,5,Sổ hồng,13/06/2025
Mặt Tiền Ký Hòa Q5 ( 4 * 24 ) 5 Lầu Thang Máy Hồ Bơi 21 Tỷ,21.0,"Ký Hòa, Phường 11, Quận 5, TPHCM",96.0,7,8,10,Sổ hồng,12/06/2025
Căn Góc Hai Mặt Tiền Bệnh Viện Chợ Rẫy Q5 ( 19 * 8.6 ) 2 Lầu 31 Tỷ,31.0,"Tân Thành, Phường 12, Quận 5, TPHCM",90.0,3,2,4,Sổ hồng,12/06/2025
Hai Mặt Tiền Trần Bình Trọng Q5 ( 4.5 * 16 ) 2 lầu 22.5 Tỷ,22.5,"Trần Bình Trọng, Phường 1, Quận 5, TPHCM",72.0,4,4,2,Sổ hồng,12/06/2025
222m Mặt Tiền Phan Văn Khỏe Chợ Kim Biên Q5 ( Nở Hậu 8m ) chỉ 35 Tỷ,35.0,"Phan Văn Khỏe, Phường 13, Quận 5, TPHCM",222.0,5,5,,Sổ hồng,12/06/2025
Hai Mặt Tiền An Dương Vương Q5 ( 3.9 * 20 ) 6 Lầu 34 tỷ,34.0,"An Dương Vương, Phường 3, Quận 5, TPHCM",63.0,6,7,11,Sổ hồng,12/06/2025
"Bán gấp nhà đẹp hẻm 5m Phó Cơ Điều ,P12,Q5,DT 49m2/2tỷ 870.Sổ riêng",2.8,"Phó Cơ Điều, Phường 12, Quận 5, TPHCM",49.0,3,4,3,Sổ hồng,09/06/2025
"Chính chủ gấp căn nhà hẻm 5m Ngô Quyền, P7, Q 5 .DT70 /2tỷ9 sổ hồng",2.9,"Ngô Quyền, Phường 7, Quận 5, TPHCM",70.0,4,5,3,Sổ hồng,09/06/2025
"Chủ nhà cần bán gấp Nguyễn Kim,P12,Q5.Giá 3tỷ450tr.SHR",3.45,"Nguyễn Kim, Phường 12, Quận 5, TPHCM",87.0,4,5,5,Sổ hồng,09/06/2025
"Bán ngộp nhà hẻm ôtô Nguyễn Trãi, P2, Q5, DT66m2, giá 3tỷ250, sổ riêng",3.25,"Nguyễn Trãi, Phường 2, Quận 5, TPHCM",66.0,3,5,4,Sổ hồng,09/06/2025
"Bán gấp nhà đẹp hẻm 5m Phó Cơ Điều ,P12,Q5,DT 49m2/2tỷ 870.Sổ riêng",2.87,"Phó Cơ Điều, Phường 12, Quận 5, TPHCM",49.0,3,4,3,Sổ hồng,09/06/2025
"Chính chủ gấp căn nhà hẻm 5m Ngô Quyền, P7, Q 5 .DT 58m/3 tỷ150.",3.15,"Ngô Quyền, Phường 7, Quận 5, TPHCM",58.0,4,5,4,Sổ hồng,09/06/2025
Bán nhà mặt tiền quận 5- vị tí trung tâm kinh doanh phù hợp,11.5,"Cao Đạt, Phường 1, Quận 5, TPHCM",36.0,4,4,3,Không xác định,09/06/2025
Nhà 1trệt 1 lầu hẻm Trần Hưng Đạo Trung tâm Q5 – SHR – Giá nhỉnh 2 tỷ,2.2,"Trần Hưng Đạo, Phường 2, Quận 5, TPHCM",18.0,1,1,2,Sổ hồng,30/05/2025
"✅ Bán nhà MT 148 Trần Bình Trọng, P.3, Q5",72.0,"Trần Bình Trọng, Phường 2, Quận 5, TPHCM",145.0,,,2,Sổ hồng,29/05/2025
"Bán nhà hẻm Đ. Bùi Hữu Nghĩa, P. 7, Q. 5, DT 54m2 GIÁ 2TỶ970TR",2.9699999999999998,"Bùi Hữu Nghĩa, Phường 7, Quận 5, TPHCM",54.0,3,4,,Sổ hồng,29/05/2025
"Chủ định cư nước ngoài bán nhà Trần Bình Trọng, Q5 DT 56m2 GIÁ 2TỶ930",2.93,"Trần Bình Trọng, Phường 3, Quận 5, TPHCM",56.0,3,3,,Sổ hồng,29/05/2025
Quận 6 - 96M - Hẻm Xe Hơi - Sát Mặt Tiền - Ngang Lớn - Nhỉnh 10 Tỷ,10.99,"Hậu Giang, Phường 11, Quận 6, TPHCM",96.0,2,2,2,Sổ hồng,25/11/2025
"🔥💯Nhà đẹp MTNB Bình Phú 1 - 4x12m 3 tầng ĐI BỘ RA CV BÌNH PHÚ,METRO",8.6,"Bình Phú 1, Phường 10, Quận 6, TPHCM",48.0,3,3,2,Sổ hồng,25/11/2025
💯ĐỐI DIỆN H.VIÊN🍃🌿MTNB khu Bình Phú 4x17m 4 tầng GÀN TRƯỜNG BÌNHPHÚ,10.2,"Bình Phú, Phường 10, Quận 6, TPHCM",68.0,4,5,3,Sổ hồng,25/11/2025
"🔥💯Nhà mới xây 100% đường 6m Lý Chiêu Hoàng 4x17,5m 5 tầng 5PN 6WC",8.55,"Lý Chiêu Hoàng, Phường 10, Quận 6, TPHCM",66.0,5,6,3,Sổ hồng,25/11/2025
💯ĐỐI DIỆN H.VIÊN🌿🍃Nhà đẹp KDC Bình Phú 4x12m 3 tầng GẦN CV VÀNH ĐAI,8.5,"Bình Phú, Phường 10, Quận 6, TPHCM",48.0,4,3,3,Sổ hồng,25/11/2025
💯FULL NỘI THẤT💥Nhà mới đẹp đường 8m - 4x16m 3PN ĐỐI DIỆN PHỐ ẨM THỰC,7.8,"Cư xá Phú Lâm A, Phường 12, Quận 6, TPHCM",61.0,3,3,1,Sổ hồng,25/11/2025
"🔥Bán nhà MTNB Bình Phú 1 - 4x13m 4 tầng+lửng SÁT MT CHỢ LỚN,HẬU GIANG",8.8,"Bình Phú 1, Phường 11, Quận 6, TPHCM",51.0,5,4,3,Sổ hồng,25/11/2025
"💃Nhà đẹp Hẻm Tân Hòa Đông 7,5 x 19m NỞ HẬU 10m 4 tầng GẦN CHỢ PHÚ LÂM",10.8,"Tân Hòa Đông, Phường 14, Quận 6, TPHCM",144.0,4,5,3,Sổ hồng,25/11/2025
🔥🔥💯Biệt Thự Góc Đẹp 2 MTNB Bình Phú 1- 9x17m 4 tầng KẾ BÊN UBND F11,26.0,"Bình Phú 1, Phường 11, Quận 6, TPHCM",150.0,4,5,3,Sổ hồng,25/11/2025
"💯THANG MÁY🔥Nhà đẹp đường Xe Tải An Dương Vương 4,1x16m NỞ HẬU 5 tầng",9.5,"An Dương Vương, Phường 10, Quận 6, TPHCM",56.0,4,5,3,Sổ hồng,25/11/2025
"🔥Bán nhà MTKD Phố Ẩm Thực Cư Xá B- 7,4x7,7m 1 trệt 1 lầu HĐ THUÊ 15tr",8.5,"Cư Xá Phú Lâm B, Phường 13, Quận 6, TPHCM",57.0,2,2,4,Sổ hồng,25/11/2025
"Nhà đẹp đường Xe Tải 8m KDC Lý Chiêu Hoàng 4x24m 4,5 tầng GIÁP BÌNHPHÚ",8.8,"Lý Chiêu Hoàng, Phường 10, Quận 6, TPHCM",92.5,5,6,4,Sổ hồng,25/11/2025
🍃🌿ĐỐI DIỆN HOA VIÊN💯MTNB 12m KDC Bình Phú 4x15m 4 tầng HĐ THUÊ 15tr,9.1,"Bình Phú, Phường 10, Quận 6, TPHCM",60.0,4,3,3,Sổ hồng,25/11/2025
"🔮💯MTKD đường 15m Bình Phú 1 - 4x19,5m 4 tầng 5PN VỊ TRÍ ĐẸP KO LỖI",13.5,"Bình Phú 1, Phường 10, Quận 6, TPHCM",78.0,5,6,3,Sổ hồng,25/11/2025
🔮🔮💯Bán nhà nát MTNB Bình Phú 1 - 4x24m 3 tầng SÁT UBND & MT CHỢ LỚN,12.8,"Bình Phú 1, Phường 11, Quận 6, TPHCM",95.0,3,3,3,Sổ hồng,25/11/2025
💃💯Nhà đẹp MTNB 12m Bình Phú 1 - 4x18m 4 Tầng - MT CHỢ LỚN,12.0,"Bình Phú 1, Phường 11, Quận 6, TPHCM",72.0,3,3,3,Sổ hồng,25/11/2025
CỰC VIP💫💫Nhà đẹp 2 MTKD Lê Tuấn Mậu 5x25m 1 Hầm 6 tầng 8PN THANG MÁY,24.5,"Lê Tuấn Mậu, Phường 13, Quận 6, TPHCM",125.0,8,8,5,Sổ hồng,25/11/2025
"💯🔥Nhà mới xây Bình Phú 1- 5x9m 5 tầng SÁT MT CHỢ LỚN, CV BÌNH PHÚ🌹",8.5,"Đường số 14, Phường 11, Quận 6, TPHCM",42.0,3,4,4,Sổ hồng,25/11/2025
💯🔥1 ĐỜI CHỦ XƯA GIỜ🔥MTKD Hậu Giang 4x31m Nở Hậu - GẦN CC AN PHÚ,17.5,"Hậu Giang, Phường 12, Quận 6, TPHCM",122.0,4,3,2,Sổ hồng,25/11/2025
💎💯Bán nhà HXT Kinh Dương Vương 4x16m 4 tầng ĐỐI DIỆN PHỐ ẨM THỰC,8.5,"Kinh Dương Vương, Phường 12, Quận 6, TPHCM",63.0,4,4,3,Sổ hồng,25/11/2025
🔥Bán nhà MTNB đường 12m Bình Phú 1 - 4x18m 4 tầng 4PN ĐANG CÓ HĐ THUÊ,10.7,"Bình Phú 1, Phường 10, Quận 6, TPHCM",72.0,4,5,3,Sổ hồng,25/11/2025
Bán lẻ hoặc cặp đôi mới 100%MTKD Chợ Lớn 8x18m Hầm 6 tầng CV SAU LƯNG,20.0,"Chợ Lớn, Phường 11, Quận 6, TPHCM",144.0,8,10,4,Sổ hồng,25/11/2025
🌹💯Bán nhà MTNB 12m Bình Phú 1-4x16m 1 trệt 1 lầu GẦN CHỢ & CÔNG VIÊN,8.2,"Bình Phú 1, Phường 10, Quận 6, TPHCM",64.0,2,2,2,Sổ hồng,25/11/2025
"💎💯Nhà Cấp 4 MTNB 12m Cư Xá PL D- 8x15,8m GẦN MT BÌNH PHÚ-CHỢ H.T.QUÝ",16.0,"Cư Xá Phú Lâm D, Phường 10, Quận 6, TPHCM",123.0,1,1,1,Sổ hồng,25/11/2025
💃Nhà đẹp nội bộ 5m Cư Xá Phú Lâm D 4x20m trệt 1 lửng GẦN CHỢ H.T.QUÝ,7.2,"Cư Xá Phú Lâm D, Phường 10, Quận 6, TPHCM",80.0,2,2,1,Sổ hồng,25/11/2025
KHÔNG THỂ RẺ HƠN🔥Đất tặng nhà MTKD Chợ Lớn 4x18m 4 tầng HĐ THUÊ 19TR,14.0,"Chợ Lớn, Phường 11, Quận 6, TPHCM",72.0,6,6,4,Sổ hồng,25/11/2025
💯ĐỐI DIỆN HOA VIÊN🌿Nhà đẹp FULL NỘI THẤT KDC Bình Phú 4x16m 4 tầng,10.5,"Bình Phú, Phường 10, Quận 6, TPHCM",64.0,5,5,3,Sổ hồng,25/11/2025
"🔥🔥💯Bán nhà MTKD Đường số 23- 4,5x20m 5 tầng ĐOẠN SUNG GẦN ĐƯỜNG 26",16.5,"Đường số 23, Phường 11, Quận 6, TPHCM",90.0,6,7,4,Sổ hồng,25/11/2025
"Bán Biệt Thự MTNB 10m Bình Phú 1 - DT: 8,4x22m CÓ THANG MÁY & CAMERA",43.0,"Đường số 5, Phường 11, Quận 6, TPHCM",183.0,8,9,4,Sổ hồng,25/11/2025
Nhà 2 MT Kinh Doanh 4x27m 5 tầng ĐỐI DIỆN CV LÊ TUẤN MẬU DOANH THU50TR,15.5,"Lê Tuấn Mậu, Phường 13, Quận 6, TPHCM",108.0,20,20,4,Sổ hồng,25/11/2025
"Căn Góc đẹp MTKD Lê Quang Sung 4,12 x12m 4 tầng LỀ 5m CỰC SUNG TIỆN KD",10.8,"Lê Quang Sung, Phường 6, Quận 6, TPHCM",47.8,6,4,4,Sổ hồng,25/11/2025
"CỰC HIẾM🔥🔥MTKD Đoạn Sung nhất Hậu Giang 4x18m NỞ HẬU 5m LỀ LỚN 8,5m",39.0,"Hậu Giang, Phường 6, Quận 6, TPHCM",79.0,5,5,3,Sổ hồng,25/11/2025
"💥💯Nhà Cấp 4 MT Đường số Cư Xá Ra Đa 4,3x16m NỞ HẬU 7m tiện xây mới",8.2,"Cư Xá Ra Đa, Phường 13, Quận 6, TPHCM",87.0,1,1,,Sổ hồng,25/11/2025
🌿💯KẾ BÊN CÔNG VIÊN !!! MTNB 12m khu Bình Phú 4x12m Xây Full 5 tầng,8.2,"Bình Phú, Phường 10, Quận 6, TPHCM",48.0,5,5,3,Sổ hồng,25/11/2025
⚓⚓💯MTKD đường lớn 60m Lý Chiêu Hoàng 4x20m 4 tầng VỊ TRÍ ĐẸP TIỆN KD,13.5,"Lý Chiêu Hoàng, Phường 10, Quận 6, TPHCM",80.0,4,5,3,Sổ hồng,25/11/2025
💐💯Nhà mới xây 100% KDC Bình Phú 4x17m 4 tầng SÁT C/VIÊN VÀNH ĐAI 30m,11.2,"Bình Phú, Phường 10, Quận 6, TPHCM",68.0,4,5,3,Sổ hồng,25/11/2025
💯ĐỐI DIỆN CÔNG VIÊN🍃🌿Nhà đẹp MTNB 12m KDC Bình Phú 5x15m 4 tầng 5PN,11.8,"Bình Phú, Phường 10, Quận 6, TPHCM",75.0,5,6,3,Sổ hồng,25/11/2025
"HOT💥💯MTKD Cư Xá D 3,5x11m Xây Full 5 tầng CÁCH MT BÌNH PHÚ CHỈ 1 CĂN",8.9,"Cư Xá Phú Lâm D, Phường 10, Quận 6, TPHCM",37.0,5,4,3,Sổ hồng,25/11/2025
🌹Nhà mới xây 100% MT 14m Bình Phú 1-4x20m 4 tầng CÁCH MT BÌNH PHÚ 40m,12.95,"Bình Phú 1, Phường 10, Quận 6, TPHCM",80.0,4,5,3,Sổ hồng,25/11/2025
🌿💯Bán nhà đẹp MT đường 15m Bình Phú 1- 4x18m 4 tầng GẦN CHỢ & C/VIÊN,10.5,"Bình Phú 1, Phường 10, Quận 6, TPHCM",72.0,4,5,3,Sổ hồng,25/11/2025
"Bán nhà đẹp 3 tầng MTKD Hậu Giang F5 Q6- 7x14,2m NỞ HẬU 7,1m 4PN 4WC",18.0,"Hậu Giang, Phường 5, Quận 6, TPHCM",88.2,4,4,3,Sổ hồng,25/11/2025
"Nhà mới xây MTKD Phạm Văn Chí 5,8x23m NỞ HẬU 7,1m 6 tầng+HẦM+THANG MÁY",35.0,"Phạm Văn Chí, Phường 4, Quận 6, TPHCM",156.0,6,6,5,Sổ hồng,25/11/2025
"Bán nhà HXT thông Mai Xuân Thưởng 4x15,5m 4 tầng+lửng 5PN GẦN UBND Q6",8.5,"Mai Xuân Thưởng, Phường 4, Quận 6, TPHCM",61.0,5,5,3,Sổ hồng,25/11/2025
"🌾💯Đất MT đường 16m khu Bình Phú 4x22,5 Xây Full - GẦN LÝ CHIÊU HOÀNG",8.8,"Bình Phú, Phường 10, Quận 6, TPHCM",90.1,1,1,3,Sổ hồng,25/11/2025
"💯Nhà 4 tầng MTKD Hậu Giang 4x18,5m NH 4,5m LỀ 9m GẦN NGÃ 4 MINH PHỤNG",22.0,"Hậu Giang, Phường 5, Quận 6, TPHCM",73.0,4,4,3,Sổ hồng,25/11/2025
"📌💯Nhà cấp 4 MTNB Cư Xá Ra Đa 4x20m SÁT CÔNG VIÊN LỚN, GẦN RẠP GALAXY",8.8,"Đường số 2, Phường 13, Quận 6, TPHCM",80.0,1,1,,Sổ hồng,25/11/2025
💯🏡Biệt Thự Sân Vườn KDC Bình Phú 8x16m 1 HẦM 2 LẦU - SÁT CV VÀNH ĐAI,16.3,"Bình Phú, Phường 10, Quận 6, TPHCM",128.0,4,5,2,Sổ đỏ,25/11/2025
CỰC HIẾM🔥CÓ THANG MÁY🔥🔥Cực Đẹp MTNB Bình Phú 1- 5 x 23m 4 tầng 5PN,18.0,"Đường số 25A, Phường 10, Quận 6, TPHCM",120.0,5,6,4,Sổ hồng,25/11/2025
"MTNB Cư Xá Phú Lâm D - 4x16m 5 tầng 4PN VỊ TRÍ KO LỖI, SÁT CHỢ H.T.QUÝ",9.6,"Cư Xá Phú Lâm D, Phường 10, Quận 6, TPHCM",64.0,4,3,3,Sổ hồng,25/11/2025
💥 Bán nhà MTKD chợ Hồ Trọng Quý 4x16m 3 tầng đông đúc tiện kinh doanh,12.4,"Cư xá Phú Lâm D, Phường 10, Quận 6, TPHCM",64.0,4,3,3,Sổ hồng,25/11/2025
💯ĐỐI DIỆN CV LỚN🌿🍃Đường 14m Bình Phú 1- 4x19m 3 tầng SÁT MT CHỢ LỚN,12.0,"Bình Phú 1, Phường 11, Quận 6, TPHCM",76.0,4,3,3,Sổ hồng,25/11/2025
"🔥💯Nhà đẹp đường Xe Hơi 6,4x13,5m 4 tầng 4PN SÁT MT BÀ HOM, CHỢ P/LÂM",9.4,"Bà Hom, Phường 13, Quận 6, TPHCM",82.0,4,5,3,Sổ hồng,25/11/2025
"💯NGAY C/VIÊN🌿🍃Nhà đẹp MTNB 15m Bình Phú 1 - 4x18,5m 4 tầng 6PN",9.4,"Bình Phú 1, Phường 10, Quận 6, TPHCM",74.0,6,5,3,Sổ hồng,25/11/2025
💯Bán nhà MTNB 12m KDC Bình Phú 4x20m 4 tầng 6PN SÁT MT LÝ CHIÊU HOÀNG,11.0,"Đường số 33, Phường 10, Quận 6, TPHCM",80.0,6,3,3,Sổ hồng,25/11/2025
"💥💯Bán nhanh MTKD 20m Đường 26 - 4,5x25m 4 tầng SÁT MT BÌNH PHÚ 30m",19.0,"Bình Phú, Phường 10, Quận 6, TPHCM",110.0,6,6,3,Sổ hồng,25/11/2025
🌿💯Nhà đẹp MT đường 15m Bình Phú 1 - 4x20m 5 tầng 5PN SÁT MT BÌNH PHÚ,14.5,"Bình Phú 1, Phường 11, Quận 6, TPHCM",80.0,5,5,3,Sổ hồng,25/11/2025
Siêu Phẩm 2 Mặt Tiền KD Chợ Bình Tiên 4x16m 5 tầng Xây Full Ko Lộ Giới,17.0,"Phạm Phú Thứ, Phường 4, Quận 6, TPHCM",67.2,4,3,3,Sổ hồng,25/11/2025
💯HOT💥💥Đoạn Đẹp Nhất MTKD Bình Phú 4x20m 5 tầng GẦN NGÃ 4 CHỢ LỚN,21.9,"Bình Phú, Phường 11, Quận 6, TPHCM",80.0,4,5,3,Sổ hồng,25/11/2025
"Giảm Sốc 2.5 tỷ - HXH An Dương Vương, 141m2( 6,8x20m) Giá mới 10.5 tỷ",10.5,"An Dương Vương, Phường 13, Quận 6, TPHCM",141.0,5,5,,Sổ hồng,25/11/2025
"Mặt Tiền Hậu Giang p5Q6 Ngang 4,5m Dài 17m nở 4,7m 5 Tầng Giá 41 Tỷ",41.0,"Hậu Giang, Phường 5, Quận 6, TPHCM",75.0,5,5,5,Sổ hồng,25/11/2025
"Bán nhà hẻm 3.5m Hậu Giang, 24m2, 1 trệt 1 lầu!",3.0,"Hậu Giang, Phường 12, Quận 6, TPHCM",24.0,1,2,2,Sổ hồng,25/11/2025
"Bán nhà hẻm 3m Bình Tiên, 42m2, nhà cũ tiện xây mới!",3.7,"Bình Tiên, Phường 7, Quận 6, TPHCM",42.0,2,2,1,Sổ hồng,25/11/2025
"Bán nhà MTNB 10m Bình Phú 2, 1 trệt 1 lầu, 4x10m",5.9,"Bình Phú 2, Phường 10, Quận 6, TPHCM",40.0,2,2,,Sổ hồng,25/11/2025
"Bán nhà hẻm 4m Văn Thân, 39m2, 1 trệt 1 lầu, nhỉnh 4 tỷ!",4.5,"Văn Thân, Phường 8, Quận 6, TPHCM",39.0,2,2,2,Sổ hồng,25/11/2025
"Bán nhà hẻm Nguyễn Văn Luông, 3.5 x 6.5m, 1 lầu, nhà đẹp!!",2.98,"Nguyễn Văn Luông, Phường 12, Quận 6, TPHCM",24.0,2,2,1,Sổ hồng,25/11/2025
"Bán nhà hẻm 3m CXPLA, 4.25 x 9m, giá nhỉnh 3 tỷ!",3.5,"Cư xá Phú Lâm A, Phường 12, Quận 6, TPHCM",39.0,1,1,,Sổ hồng,25/11/2025
"Cần tiền bán gấp căn nhà đôi Lò Gốm, 79m2, 1 lầu giá 5.2 tỷ",5.2,"Lò Gốm, Phường 7, Quận 6, TPHCM",79.0,4,4,2,Sổ hồng,25/11/2025
"Bán nhà đẹp hẻm 4m Bà Hom, 3.8 x 13.5m, 1 lầu, giá 4.99 tỷ!",4.989,"Bà Hom, Phường 13, Quận 6, TPHCM",51.3,2,2,2,Sổ hồng,25/11/2025
"Bán nhà hẻm 3m 1 sẹc Phạm Văn Chí, 4x10m, 2 lầu 4 phòng!",5.0,"Phạm Văn Chí, Phường 8, Quận 6, TPHCM",40.0,4,3,2,Sổ hồng,25/11/2025
"Bán nhà hẻm 3m Bình Tiên, 2 lầu, 3 phòng giá 3.3 tỷ!",3.3,"Bình Tiên, Phường 8, Quận 6, TPHCM",26.0,3,3,2,Sổ hồng,25/11/2025
"Bán nhà hẻm 3m Lò Gốm, 30m2, 1 lầu 2 phòng ngủ, 2.9 tỷ!",2.9,"Lò Gốm, Phường 7, Quận 6, TPHCM",30.0,2,2,1,Sổ hồng,25/11/2025
"Bán nhà MTNB Bình Phú 2, 1 trệt 1 lửng, nhà cấp 4, xe hơi tới nhà!",3.89,"Bình Phú 2, Phường 10, Quận 6, TPHCM",30.0,1,1,,Sổ hồng,25/11/2025
"Bán nhà mặt phố KDC Lý Chiêu Hoàng 5,9 tỷ, 44m2, 4PN, 3WC",5.9,"Lý Chiêu Hoàng, Phường 10, Quận 6, TPHCM",44.0,4,3,2,Sổ hồng,25/11/2025
"Bán nhà hẻm 3m Nguyễn Văn Luông, 35m2, 2 lầu giá chỉ 4.2 tỷ",4.199,"Nguyễn Văn Luông, Phường 12, Quận 6, TPHCM",35.0,1,3,2,Sổ hồng,25/11/2025
"Bán nhà hẻm 3m Tân Hòa Đông, 28m2, 1 lầu, giá 3.05 tỷ",3.05,"Tân Hòa Đông, Phường 14, Quận 6, TPHCM",28.0,1,1,2,Sổ hồng,25/11/2025
"Bán nhà hẻm 3m Hậu Giang, 36m2 , 1 lầu 2 PN, 2WC",4.4,"Hậu Giang, Phường 12, Quận 6, TPHCM",36.0,2,2,2,Sổ hồng,25/11/2025
"Bán nhà MT nội bộ CXPL B, 4.3m x 15.5m, nở hậu 6.1m, nhà cấp 4",8.199,"Cư xá Phú Lâm B, Phường 13, Quận 6, TPHCM",86.8,1,1,,Sổ hồng,25/11/2025
"Bán nhà HXH Minh Phụng, 48m2, 1 lửng, giá nhỉnh 5 tỷ!",5.199,"Minh Phụng, Phường 6, Quận 6, TPHCM",48.0,1,1,,Sổ hồng,25/11/2025
"Bán nhà hẻm 4m Hậu Giang, 2 lầu sân thượng, nhỉnh 5 tỷ",5.2,"Hậu Giang, Phường 5, Quận 6, TPHCM",32.0,4,3,3,Sổ hồng,25/11/2025
"Bán nhà hẻm 4m Hậu Giang, 3.8 x 13m, 2 lầu, nhà đẹp!",6.2,"Hậu Giang, Phường 12, Quận 6, TPHCM",48.0,3,3,2,Sổ hồng,25/11/2025
"Bán nhà 2 lầu Tân Hòa Đông, nhà mới chỉ 2.55 tỷ!",2.55,"Tân Hòa Đông, Phường 14, Quận 6, TPHCM",20.0,2,2,5,Sổ hồng,25/11/2025
"Bán nhà MT đường nhưạ 12m Bình Phú 1, 4mx15m, 3.5 tấm, nhà mới!",9.5,"Bình Phú 1, Phường 10, Quận 6, TPHCM",60.0,4,3,3,Sổ hồng,25/11/2025
"Tôi cần bán gấp Căn nhà 4 Tầng - 5 PN,Đường Cao Văn Lầu giá 5,5 Tỷ",5.5,"Cao Văn Lầu, Phường 2, Quận 6, TPHCM",125.0,5,3,12,Sổ đỏ,24/11/2025
"Bán nhà GÓC 2MT 229 Bình Phú, Phường 11, Quận 6, Hồ Chí Minh",35.0,"229-229/1 Bình Phú, Phường 11, Quận 6, TPHCM",81.0,3,3,3,Sổ hồng,24/11/2025
Chính chủ cần bán nhà đường Hồng Bàng – Phạm Nguyễn Tuân Q.6 :,6.0,"Hồng Bàng, Phường 9, Quận 6, TPHCM",34.0,3,4,3,Sổ hồng,24/11/2025
"Bán nhà cũ bà hom q6 - hẻm xe hơi - 4m x 12m giá 6,3 tỷ",6.3,"Bà Hom, Phường 13, Quận 6, TPHCM",48.0,1,1,5,Sổ hồng,24/11/2025
"Bán nhà hẻm 297 Hậu Giang Q.6 ( 3m x 5m ) chỉ 2,85 tỉ",2.85,"Hậu Giang, Phường 5, Quận 6, TPHCM",15.0,2,3,6,Sổ hồng,24/11/2025
CHỈ 1 TỶ 990 MUA ĐỨT BÁN ĐOẠN nhà MINH PHỤNG Q6 45m2 2 phòng ngủ,1.99,"Minh Phụng, Phường 9, Quận 6, TPHCM",45.0,2,3,2,Sổ hồng,22/11/2025
"Bán nhà mặt tiền kinh doanh đường Chợ Lớn, Phường 11, Quận 6",18.5,"324 Chợ Lớn, Phường 11, Quận 6, TPHCM",90.0,,,3,Sổ hồng,19/11/2025
Bán nhà quận 6 đường Kinh Dương Vương (3.55 x 13m) nhà 3 tầng kiên cố.,6.65,"Kinh Dương Vương, Phường 12, Quận 6, TPHCM",46.0,4,3,3,Sổ hồng,19/11/2025
"Nhà Mặt Tiền Đường số 55, Ngang 4m x12m, KDC Bình Phú - Quận 6",6.8,"Đường số 55, Phường 10, Quận 6, TPHCM",48.0,3,3,9,Sổ hồng,16/11/2025
"Bán nhà 5 Tầng góc 3MT 324 Chợ Lớn, P. 11, Q. 6|5.3 x 16m|18.5 Tỷ",18.5,"Chợ Lớn, Phường 11, Quận 6, TPHCM",84.6,10,10,5,Sổ hồng,14/11/2025
"BÁN NHÀ 3 TẦNG, BÌNH TIÊN PHƯỜNG 8 QUẬN 6 CHỈ 2xtỷ dọn vào ở ngay",2.55,"Bình Tiên, Phường 8, Quận 6, TPHCM",39.0,4,5,3,Sổ hồng,12/11/2025
Bán nhà quận 6 đường hậu giang 45 M2 ( 3.6 X12.5 ),5.0,"Hậu Giang, Phường 5, Quận 6, TPHCM",45.0,2,2,,Sổ hồng,04/11/2025
"Bán nhà quận 6 Mặt tiền, Cư Xá Phú Lâm A, Phường 12, Quận 6",14.5,"Cư xá Phú Lâm A, Phường 12, Quận 6, TPHCM",80.0,6,6,7,Sổ hồng,02/11/2025
"Bán nhà quận 6 nở hậu 6,5m giá 9 tỷ",9.0,"Hậu Giang, Phường 6, Quận 6, TPHCM",53.0,4,4,9,Sổ hồng,02/11/2025
Chủ Bán Nhà 47m2 - Ngay Chợ Phú Lâm - Tân Hòa Đông -P14-Q6,5.9,"Tân Hòa Đông, Phường 14, Quận 6, TPHCM",47.0,5,44,6,Sổ hồng,31/10/2025
Bán nhà quận 6 Diện tích: 4m x 14m. gia 6 tỷ 300tr,6.3,"Bến Phú Lâm, Phường 9, Quận 6, TPHCM",56.0,4,4,3,Sổ hồng,31/10/2025
bán nhà Quận 6 75m2 giá 10 tỷ 400tr,10.4,"Cư xá Phú Lâm A, Phường 12, Quận 6, TPHCM",75.0,5,5,10,Sổ đỏ,30/10/2025
"Bán nhà quận 6 - đường phan văn khỏe - giá 6,9 tỷ còn thương lượng",6.9,"Phan Văn Khỏe, Phường 5, Quận 6, TPHCM",47.0,2,2,2,Sổ đỏ,30/10/2025
Bán nhà quận 6 Đường An Dương Vương -giá 11 tỷ 500 tr còn thương lượng,11.5,"An Dương Vương, Phường 10, Quận 6, TPHCM",80.0,6,4,4,Sổ đỏ,30/10/2025
Cần bán nhà đường Bà Hom quận 6 - 5 tỷ 700 còn thương lượng,5.7,"Bà Hom, Phường 13, Quận 6, TPHCM",54.0,2,1,3,Sổ đỏ,30/10/2025
"Nhà mặt tiền khu Tên Lửa, P. Bình Trị Đông B, Bình Tân.",10.99,"Minh Phụng, Phường 6, Quận 6, TPHCM",80.0,6,6,3,Sổ đỏ,30/10/2025
"Siêu phẩm 4 tầng ngay Chợ Phú Lâm, vị trí đẹp trung tâm Quận 6.",6.899,"Tân Hòa Đông, Phường 14, Quận 6, TPHCM",57.0,5,4,11,Sổ đỏ,30/10/2025
NHÀ ĐẸP 3 tầng 4PN – Hẻm thông Nguyễn Văn Luông – Giá chỉ 5.X tỷ,5.699,"Nguyễn Văn Luông, Phường 12, Quận 6, TPHCM",49.0,4,1,6,Sổ đỏ,26/10/2025
"Bán nhà MT đường Lê Tuấn Mậu, P.13, Q.6, nhà 1 lầu, 4 x 15m, gíá 10.8",10.8,"Lê Tuấn Mậu, Phường 13, Quận 6, TPHCM",60.0,6,3,2,Sổ hồng,16/10/2025
"Bán nhà MT đường Hậu Giang, Q.6, nhà 2.5 tấm, 3.92 x 30.5m, 18,2 Tỷ",18.2,"Hậu Giang, Phường 12, Quận 6, TPHCM",120.0,4,4,,Sổ hồng,16/10/2025
"Bán nhà Góc 2 MT lô F khu Cư Xá Phú Lâm D, P.10, Q.6, nhà 1 lửng, 8.2",17.0,"Cư xá Phú Lâm D, Phường 10, Quận 6, TPHCM",130.0,3,3,,Sổ hồng,16/10/2025
"Bán nhà MT đường Đặng Nguyên Cẩn, P.14, Q.6, nhà 3 tấm, 4 x 12m, giá",7.5,"Đặng Nguyên Cẩn, Phường 14, Quận 6, TPHCM",52.0,6,3,,Sổ hồng,16/10/2025
"Bán nhà góc 2MT đường Chợ Lớn, Quận 6 giá 40 tỷ",40.0,"Chợ Lớn, Phường 11, Quận 6, TPHCM",195.0,6,3,5,Sổ hồng,16/10/2025
"Bán nhà Góc MT đường Chợ Lớn, P.11, Q.6, nhà 4.5 tấm, 5 x 18m, giá 19.",19.9,"Chợ Lớn, Phường 11, Quận 6, TPHCM",90.0,6,3,,Sổ hồng,16/10/2025
"Bán nhà 11,3 tỷ đường 33 gần chợ , quận 6 dt 5x15m",11.3,"Đường số 33, Phường 11, Quận 6, TPHCM",75.0,6,3,,Sổ đỏ,16/10/2025
"Bán nhà MT đường Số 10, P.13, Q.6, nhà 3.5 tấm, 4.5 x 18m, giá 13.7 tỷ",13.7,"Đường Số 10 Cx Rađa, Phường 13, Quận 6, TPHCM",81.0,6,3,,Sổ hồng,16/10/2025
"Bán nhà MT đường Lê Tuấn Mậu, P.13, Q.6, nhà 3.5 tấm, 4 x 25m, giá 17",17.0,"Lê Tuấn Mậu, Phường 13, Quận 6, TPHCM",100.0,6,3,,Sổ hồng,16/10/2025
"Bán nhà MT đường Trần Văn Kiểu, P.11, Q.6, nhà 3.5 tấm, 4 x 20m, giá 1",14.0,"Trần Văn Kiểu, Phường 11, Quận 6, TPHCM",80.0,6,3,,Sổ hồng,16/10/2025
"Bán nhà Hẻm 110 Bà Hom, P.13, Q.6, 4 x 14m, HXH 12m, 4 tấm, giá 9.5 tỷ",9.5,"Bà Hom, Phường 13, Quận 6, TPHCM",56.0,6,3,,Sổ hồng,15/10/2025
Cần bán nhà phường 13 quận 6 ngay phố ăn uống đẹp mới 9.4 tỷ,9.4,"Đường Số 10 Cx Rađa, Phường 13, Quận 6, TPHCM",64.0,6,3,4,Sổ hồng,15/10/2025
"Bán nhà MT đường Số 9, P. 13, Q. 6, nhà 3.5 tấm, 4 x 16m, giá 9.35 tỷ.",9.35,"Đường Số 10 Cx Rađa, Phường 13, Quận 6, TPHCM",64.0,6,3,,Sổ hồng,15/10/2025
"Bán nhà MT đường Số 44, P.10, Q.6, nhà 4.5 tấm, 4 x 20m, giá 12.9 tỷ",12.9,"Đường số 44, Phường 10, Quận 6, TPHCM",80.0,6,3,,Sổ hồng,15/10/2025
"Bán nhà 2 MT đường Hậu Giang, Phường 12, Quận 6, nhà 3.5 tấm, 5 x 20m,",28.0,"Hậu Giang, Phường 12, Quận 6, TPHCM",100.0,5,3,,Giấy tờ hợp lệ,15/10/2025
Bán cặp đất 16 tỷ cư xá phu lâm B đường nội bộ . Dt 8x19.5m,16.0,"Cư xá Phú Lâm B, Phường 13, Quận 6, TPHCM",156.0,6,3,,Sổ hồng,15/10/2025
Bán nhà MTKD đường số 10 dt 6x15m đang cho thuê 40tr/th quận 6,18.5,"Đường Số 10 Cx Rađa, Phường 13, Quận 6, TPHCM",90.0,6,3,,Sổ hồng,15/10/2025
"Bán nhà MT đường Số 10, P.13, Q.6, nhà 3.5 tấm, 4.5 x 18m, giá 13.8 tỷ",13.8,"Đường số 10, Phường 13, Quận 6, TPHCM",81.0,6,3,,Sổ hồng,15/10/2025
"Bán khách sạn MT đường Chợ Lớn, P.11, Q.6, nhà 5.5 tấm, 20 x 16m, giá",52.0,"Chợ Lớn, Phường 11, Quận 6, TPHCM",320.0,6,3,4,Sổ hồng,15/10/2025
Nhà phố MTKD đường số 2 cư xá đài ra đa quận 6 gía 10.5 tỷ TL cần bán,10.5,"Đường Số 10 Cx Rađa, Phường 13, Quận 6, TPHCM",82.0,6,3,,Sổ hồng,15/10/2025
"Bán cặp nhà Góc 2 MT đường Cư Xá Phú Lâm A, P.12, Q.6",15.6,"Cư xá Phú Lâm A, Phường 12, Quận 6, TPHCM",140.0,6,3,,Sổ hồng,15/10/2025
"Bán cặp nhà khu Cư Xá Rada, MT đường Số 2, DT 7.7 x 20m, cấp 4, giá 17",17.0,"Đường số 2, Phường 13, Quận 6, TPHCM",154.0,3,2,,Sổ hồng,11/10/2025
"Bán nhà MTKD ngay chợ p.10, Q.6. 4 tấm, giá 13,5 tỷ.",13.5,"Đường số 24A, Phường 10, Quận 6, TPHCM",66.0,4,5,,Sổ hồng,11/10/2025
"Bán nhà Góc 2MT Cư Xá Phú lâm A.p.12. Q.6. 4,2x18m, giá 10,2 tỷ.",10.2,"Cư xá Phú Lâm A, Phường 12, Quận 6, TPHCM",74.0,6,7,4,Sổ hồng,11/10/2025
"Nhà thơm Q6 - 6.35 tỷ có ngay nhà 50m, 3 tầng, trung tâm sát mặt tiền",6.35,"Tân Hòa Đông, Phường 14, Quận 6, TPHCM",50.0,5,5,3,Sổ hồng,07/10/2025
"Bán nhà hẻm 78 Tân Hòa Đông, 4,8 tỷ",4.8,"Tân Hòa Đông, Phường 14, Quận 6, TPHCM",45.0,1,1,1,Sổ hồng,27/09/2025
"Bán nhà mới hẻm Hậu Giang , P12 , Q6 sát trường học Lam Sơn, 5,35 tỷ",5.35,"Hậu Giang, Phường 12, Quận 6, TPHCM",46.0,3,2,,Sổ hồng,27/09/2025
"Nhà hẻm 1/ đường Hồng Bàng, P12, Q6 🔥🔥3,9tỷ🆘",3.9,"Hồng Bàng, Phường 12, Quận 6, TPHCM",40.0,2,3,1,Sổ hồng,27/09/2025
Bán nhà Hẻm xe tăng khu phân lô dân trí cao Cx phú lâm A ! P12 Q6,5.8,"Cư xá Phú Lâm A, Phường 12, Quận 6, TPHCM",64.0,4,2,2,Sổ hồng,27/09/2025
Bán nhà Mặt Tiền Đường Bình Phú 2 Quận 6,3.7800000000000002,"Đường số 72, Phường 10, Quận 6, TPHCM",30.0,1,1,2,Sổ hồng,27/09/2025
Bán nhà mặt tiền kinh doanh quận 6,3.6,"Mai Xuân Thưởng, Phường 4, Quận 6, TPHCM",21.0,1,1,,Sổ hồng,27/09/2025
"Siêu phẩm khuôn đất đẹp vuông vức 9,6x46m , tiện xây MT Chợ Lớn 65 tỷ",65.0,"Chợ Lớn, Phường 11, Quận 6, TPHCM",443.0,1,1,7,Sổ hồng,03/09/2025
"Bán nhà mặt tiền quận 6 gần chợ, 64m2 ngang 4m SHR , 7PN, 8.5 tỷ TL",8.5,"Đường số 31, Phường 10, Quận 6, TPHCM",64.0,7,5,12,Sổ hồng,27/08/2025
"Bán nhà mặt tiền quận 6 Bình Phú 1, 100m2 ngang 8m, SHR, 15 tỷ TL",15.0,"Đường số 8, Phường 11, Quận 6, TPHCM",100.0,4,6,11,Sổ hồng,27/08/2025
"Mặt tiền Trần Văn Kiểu Q6, 88m2, 4 tầng, không lộ giới, 12.9 tỷ TL",12.9,"Trần Văn Kiểu, Phường 10, Quận 6, TPHCM",88.0,5,5,12,Sổ hồng,27/08/2025
"Mặt tiền Phan Văn Khỏe P5 Q6 nhà 3 tầng BTCT 88m2 4x22, 13.5 tỷ TL",13.5,"Phan Văn Khỏe, Phường 5, Quận 6, TPHCM",88.0,4,3,9,Sổ hồng,27/08/2025
"Quận 6 hẻm xe tải 140m2 ngang 4.5m nở hậu, có dòng tiền, 12.x tỷ TL",12.7,"Nguyễn Văn Luông, Phường 10, Quận 6, TPHCM",140.0,4,3,,Sổ hồng,27/08/2025
"Mặt tiền Tân Hòa Đông 145m2 ngang 4 nở hậu, có 30tr/th, giá 15.5 tỷ TL",15.5,"Tân Hòa Đông, Phường 14, Quận 6, TPHCM",145.0,5,3,6,Sổ hồng,27/08/2025
"HXH ngang 12m Nguyễn Văn Luông Q6, 210m2 5PN rộng thoáng, 19.8 tỷ TL",19.8,"Nguyễn Văn Luông, Phường 12, Quận 6, TPHCM",210.0,5,2,4,Sổ hồng,27/08/2025
"HXT khu Bình Phú Q6, 88m2 4.5x19 4 tầng HC CHDV 12PN, có 15tr, 9 tỷ TL",9.0,"Nguyễn Văn Luông, Phường 10, Quận 6, TPHCM",88.0,12,12,10,Sổ hồng,27/08/2025
"Mặt tiền khu Bình Phú Quận 6, 88m2 4x22 SHR hoàn công, nhỉnh 11 tỷ TL",11.2,"Đường số 42, Phường 10, Quận 6, TPHCM",88.0,5,4,9,Sổ hồng,27/08/2025
"Biệt thự sân vườn MT P10 Quận 6, 256m2 16x16 vuông 3 tầng 26.8 tỷ TL",26.8,"Đường số 50, Phường 10, Quận 6, TPHCM",256.0,5,5,5,Sổ hồng,27/08/2025
"Mặt tiền khu Bình Phú 1 P11 Q6, 104m2 4x26, 6 tầng TM chờ, 15.3 tỷ TL",15.3,"Đường số 22, Phường 11, Quận 6, TPHCM",104.0,7,6,14,Sổ hồng,27/08/2025
"HXH Quận 6 ngang 5m nở hậu, 5 tầng 22PN, dòng tiền 60tr/th nhỉnh 17 tỷ",17.8,"Nguyễn Văn Luông, Phường 11, Quận 6, TPHCM",205.0,22,20,7,Sổ hồng,27/08/2025
"MTKD Nguyễn Văn Luông P10 Q6 80m2 4x20 4 tầng view CV, chỉ 11.8 tỷ TL",11.8,"Nguyễn Văn Luông, Phường 10, Quận 6, TPHCM",80.0,4,3,12,Sổ hồng,27/08/2025
Quận 7 - Hẻm Xe Hơi - Gần Mặt Tiền - 196M - 57 Triệu/M2 - 11.2 Tỷ,11.2,"Huỳnh Tấn Phát, Phường Tân Phú, Quận 7, TPHCM",195.0,2,1,,Sổ hồng,25/11/2025
Ngang 4m - Sổ vuông A4 - 4 tầng - Full nội thất gỗ xịn,8.5,"Huỳnh Tấn Phát, Phường Bình Thuận, Quận 7, TPHCM",60.0,,,4,Sổ hồng,25/11/2025
Bán nhà phố đang kinh doanh căn hộ dịch vụ phường Tân Hưng Quận 7,40.0,"Đường Số 75, Phường Tân Phong, Quận 7, TPHCM",161.0,10,10,,Sổ hồng,25/11/2025
"Bán nhà phố,mặt tiền Cao Triều Phát, có thang máy. Kinh doanh CHDV",37.0,"Nguyễn Văn Linh, Phường Tân Phú, Quận 7, TPHCM",111.0,10,10,4,Sổ hồng,25/11/2025
Nhà hẻm Lâm Văn Bền - 4 x 18m - Full nội thất - 8.x tỷ,7.26,"Lâm văn Bền, Phường Tân Kiểng, Quận 7, TPHCM",70.0,4,4,,Sổ đỏ,25/11/2025
Nhà Full nội thất - Vào ở liền - 73m2 - Lâm Văn Bền,6.699,"Lâm Văn Bền, Phường Tân Kiểng, Quận 7, TPHCM",73.0,4,4,,Sổ hồng,25/11/2025
CẦN BÁN Mỹ Thái 1B kế góc - Đường nội khu - PMH DT : 7*18m nhà,41.0,"Nguyễn Lương Bằng, Phường Tân Phú, Quận 7, TPHCM",126.0,4,5,3,Sổ hồng,25/11/2025
"Bán nhà Nguyễn Thị Thập và Lê Văn Lương, Tân Hưng, Q.7, 1020m2 Full",179.999,"Nguyễn Thị Thập, Phường Tân Hưng, Quận 7, TPHCM",1020.0,6,6,,Giấy tờ hợp lệ,25/11/2025
"Hàng hiếm - Nhà 2 lầu ST mặt tiền hẻm 3m Trần Xuân Soạn, Quận 7",4.95,"Trần Xuân Soạn, Phường Tân Hưng, Quận 7, TPHCM",30.0,4,3,4,Sổ hồng,25/11/2025
BIỆT THƯ đường nội khu Mỹ Thái 3 Dien tích 7x20 full nội thất,38.2,"Nguyễn Lương Bằng, Phường Tân Phú, Quận 7, TPHCM",140.0,4,5,,Sổ hồng,25/11/2025
Bán căn góc nhà phố Phạm Thái Bường Phú Mỹ Hưng Quận 7 nhà đẹp giá tốt,135.0,"Nguyễn Văn Linh, Phường Tân Phú, Quận 7, TPHCM",213.0,9,9,3,Sổ hồng,25/11/2025
"Siêu phẩm Mặt Tiền Lâm Văn Bền Q7 Dt 4,6m x 21m 4 Tầng 35 tỷ Hdt 55tr",35.0,"Lâm văn Bền, Phường Tân Quy, Quận 7, TPHCM",96.0,4,4,4,Sổ hồng,25/11/2025
Nam Thông - đường Nội khu - DT đất: 11*18 Nhà 1 trệt 2 lầu - 4 phòng,57.0,"Tân Phú, Phường Tân Phú, Quận 7, TPHCM",198.0,4,5,3,Sổ hồng,25/11/2025
"Bán nhanh căn nhà phố Hưng Gia, vị trí cực đẹp , gia 28 ty",28.0,"Bùi Bằng Đoàn, Phường Tân Phong, Quận 7, TPHCM",111.0,6,7,,Sổ hồng,25/11/2025
Bán nhà phố Phú Mỹ Hưng đường lớn khu Hưng Gia,38.0,"Phan Khiêm Ích, Phường Tân Phong, Quận 7, TPHCM",111.0,6,6,,Sổ hồng,25/11/2025
"Căn hộ dịch vụ đẹp 2 lầu ST TN 40tr/tháng khu Cư xá ngân hàng, Q7",12.5,"Lâm văn Bền, Phường Tân Thuận Tây, Quận 7, TPHCM",130.0,5,5,4,Sổ hồng,25/11/2025
"HOT HOT! Nhà đẹp ở liền 3 lầu ST mặt tiền Đường Số, Tân Quy, Quận 7",16.8,"Lâm văn Bền, Phường Tân Quy, Quận 7, TPHCM",92.0,4,4,6,Sổ hồng,25/11/2025
"Hàng hiếm - Nhà đẹp 1 lầu full nội thất hẻm 174 Lê Văn Lương, Quận 7",2.75,"Lê Văn Lương, Phường Tân Hưng, Quận 7, TPHCM",20.0,2,2,2,Sổ hồng,25/11/2025
"Nhà cấp 4 tiện xây mới 4x16m Đường nhựa 8m Gò Ô Môi, Quận 7",7.1,"Gò Ô Môi, Phường Phú Thuận, Quận 7, TPHCM",61.0,2,1,,Sổ hồng,25/11/2025
"Kèo thơm - Nhà cấp 4 4x16m hẻm xe hơi 6m Huỳnh Tấn Phát, Quận 7",6.7,"Huỳnh Tấn Phát, Phường Phú Thuận, Quận 7, TPHCM",64.0,2,1,,Sổ hồng,25/11/2025
"GIÁ SIÊU HOT! Nhà 3 tầng 4x20m mặt tiền Đường Số, Tân Quy, Quận 7",12.9,"Lâm văn Bền, Phường Tân Quy, Quận 7, TPHCM",80.0,4,5,5,Sổ hồng,25/11/2025
"Bán nhanh nhà 1 lầu mặt tiền hẻm xe hơi Trần Xuân Soạn, Quận 7",4.5,"Trần Xuân Soạn, Phường Tân Kiểng, Quận 7, TPHCM",27.0,2,2,2,Sổ hồng,25/11/2025
"Kèo thơm - Nhà phố 2 lầu ST mặt tiền Đường Số Chợ Tân Mỹ, Quận 7",11.0,"Tân Mỹ, Phường Tân Phú, Quận 7, TPHCM",64.0,4,5,4,Sổ hồng,25/11/2025
"Hàng hiếm - Bán đất tặng nhà mặt tiền kinh doanh Lê Thị Chợ, Quận 7",10.7,"Lê Thị Chợ, Phường Phú Thuận, Quận 7, TPHCM",64.0,1,1,,Sổ hồng,25/11/2025
"Hàng thơm - Nhà 2 lầu ST hẻm 88 Nguyễn Văn Quỳ, Phú Thuận, Quận 7",4.85,"Nguyễn Văn Quỳ, Phường Phú Thuận, Quận 7, TPHCM",42.0,3,4,4,Sổ hồng,25/11/2025
"HÀNG HOT - Nhà 3 tầng mặt tiền Đường 20m Lý Phục Man, Quận 7",10.8,"Lý Phục Man, Phường Bình Thuận, Quận 7, TPHCM",84.0,3,3,5,Sổ hồng,25/11/2025
"Cần bán biệt thự Mỹ Thái, Phú Mỹ Hưng, Quận 7, giá 35 tỷ rẻ nhất",35.0,"Nguyễn Lương Bằng, Phường Tân Phú, Quận 7, TPHCM",126.0,4,5,2,Sổ hồng,25/11/2025
"HÀNG HOT - Nhà phố 3 tầng mặt tiền Đường Số, Tân Quy, Quận 7",15.5,"Lâm văn Bền, Phường Tân Quy, Quận 7, TPHCM",102.0,4,5,5,Sổ hồng,25/11/2025
"Kèo thơm - Nhà nát tiện xây mới 9x14m Đường số Lâm Văn Bền, Quận 7",14.9,"Lâm văn Bền, Phường Bình Thuận, Quận 7, TPHCM",120.0,1,1,,Sổ hồng,25/11/2025
"Hàng hiếm - Nhà xinh lung linh 1 lầu hẻm 66 Trần Văn Khánh, Quận 7",1.75,"Trần Văn Khánh, Phường Tân Thuận Đông, Quận 7, TPHCM",21.0,2,2,2,Sổ hồng,25/11/2025
"HOT! Nhà đẹp ở liền 3 lầu mặt tiền hẻm nhựa 8m Lê Văn Lương, Quận 7",11.8,"Lê Văn Lương, Phường Tân Kiểng, Quận 7, TPHCM",70.0,4,5,6,Sổ hồng,25/11/2025
"Kèo thơm - Nhà 2 lầu ST hẻm 8 Phú Thuận cạnh Phú Mỹ Hưng, Quận 7",6.9,"Phú Thuận, Phường Tân Phú, Quận 7, TPHCM",88.0,4,5,4,Sổ hồng,25/11/2025
"VỊ TRÍ CỰC VIP - Mặt tiền kinh doanh Đường số 37, Tân Quy, Quận 7",15.9,"Đường 37, Phường Tân Quy, Quận 7, TPHCM",88.0,2,1,,Sổ hồng,25/11/2025
"Bán biệt thự cực đẹp song lập khu Mỹ Hưng, Phú Mỹ Hưng Quận 7 7",55.0,"Nguyễn Văn Linh, Phường Tân Phú, Quận 7, TPHCM",155.0,5,5,2,Sổ hồng,25/11/2025
"Kèo thơm - Nhà nát tiện xây mới mặt tiền Đường số Lâm Văn Bền, Quận 7",25.0,"Lâm Văn Bền, Phường Bình Thuận, Quận 7, TPHCM",182.0,1,1,,Sổ hồng,25/11/2025
"Nhà cấp 4 tiện xây mới 4.7x14m hẻm xe hơi 62 Lâm Văn Bền, Quận 7",7.3,"Lâm văn Bền, Phường Tân Kiểng, Quận 7, TPHCM",66.0,1,1,,Sổ hồng,25/11/2025
"Hàng hiếm - Nhà đẹp 1 lầu mặt tiền kinh doanh chợ Tân Quy, Quận 7",6.6,"Đường 17, Phường Tân Quy, Quận 7, TPHCM",58.0,3,3,2,Sổ hồng,25/11/2025
"Xuất cảnh bán gấp biệt thự 3 lầu ST Đường số Phạm Hữu Lầu, Quận 7",16.5,"Phạm Hữu Lầu, Phường Phú Mỹ, Quận 7, TPHCM",112.0,5,6,6,Sổ hồng,25/11/2025
"Bán nhanh nhà phố 3 lầu ST KDC Nam Long Trần Trọng Cung, Quận 7",19.0,"Trần Trọng Cung, Phường Tân Thuận Đông, Quận 7, TPHCM",110.0,6,7,6,Sổ hồng,25/11/2025
"HOT! Nhà phố hầm 3 lầu ST Đường 12m KDC Tạ Thị Ngọc Thảo, Quận 7",12.0,"Hoàng Quốc Việt, Phường Phú Thuận, Quận 7, TPHCM",80.0,4,5,5,Sổ hồng,25/11/2025
Bán nhà 5 tầng hẻm xe hơi Nguyễn Thị Thập Quận 7 giá 12 tỷ,12.0,"Nguyễn Thị Thập, Phường Tân Hưng, Quận 7, TPHCM",60.0,5,5,3,Sổ hồng,25/11/2025
"Hàng hiếm - Nhà 2 lầu mặt tiền hẻm xe hơi Nguyễn Thị Xiếu, Quận 7",8.5,"Nguyễn Thị Xiếu, Phường Tân Thuận Tây, Quận 7, TPHCM",66.0,4,5,4,Sổ hồng,25/11/2025
Bán nhà mặt tiền kdc Himlam Quận 7 giá 20 tỷ,20.0,"Nguyễn Hữu Thọ, Phường Tân Hưng, Quận 7, TPHCM",81.0,4,6,3,Sổ hồng,25/11/2025
Biệt thự view công viên Giá tốt Diện tích: 7 x 18m (126m²),37.0,"Bùi Bằng Đoàn, Phường Tân Phong, Quận 7, TPHCM",126.0,4,5,6,Sổ hồng,25/11/2025
"Hàng hiếm - Nhà đẹp ở liền 1 lầu hẻm 1041 Trần Xuân Soạn, Quận 7",2.75,"Trần Xuân Soạn, Phường Tân Hưng, Quận 7, TPHCM",19.0,2,2,2,Sổ hồng,25/11/2025
Biệt thự liên kế Mỹ Thái Phú Mỹ Hưng Q7 TP HCM giá tốt 39 tỷ. Nhà đẹp,37.0,"Nguyễn Lương Bằng, Phường Tân Phú, Quận 7, TPHCM",126.0,4,4,,Sổ hồng,25/11/2025
"GIÁ HOT! Nhà 1 mặt tiền kinh doanh đường Tân Thuận Tây, Quận 7",6.5,"Tân Thuận Tây, Phường Bình Thuận, Quận 7, TPHCM",60.0,3,2,1,Sổ hồng,25/11/2025
"Bán nhà mặt tiền đường số 45, phường Bình Thuận, Quận 7 giá 9 tỷ 500",9.5,"Đường số 45, Phường Bình Thuận, Quận 7, TPHCM",59.5,2,2,2,Sổ hồng,25/11/2025
Biệt thự Mỹ Thái 1 cần bán có vị trí nằm kế bên công viên Nam Viên PMH,36.5,"Nguyễn Lương Bằng, Phường Tân Phú, Quận 7, TPHCM",126.0,4,4,,Sổ hồng,25/11/2025
"Bán nhanh nhà cấp 4 mặt tiền hẻm 38 đường Tân Thuận Tây, Quận 7",4.95,"Tân Thuận Tây, Phường Tân Thuận Tây, Quận 7, TPHCM",57.0,3,2,,Sổ hồng,25/11/2025
Bán nhà góc 2 mặt tiền đường số gần đường Lý Phục Man Q7 giá 8 tỷ 500,8.5,"Lý Phục Man, Phường Bình Thuận, Quận 7, TPHCM",61.0,2,2,2,Sổ hồng,25/11/2025
"HÀNG HOT - Nhà phố 2 lầu ST Đường nhựa 8m khu Kiều Đàm, Quận 7",11.5,"Trần Xuân Soạn, Phường Tân Hưng, Quận 7, TPHCM",64.0,4,4,4,Sổ hồng,25/11/2025
"Thông tin có thật bán nhanh biệt thự Hưng Thái, PMH, 7x18m,",35.0,"Bùi Bằng Đoàn, Phường Tân Phong, Quận 7, TPHCM",126.0,4,4,3,Sổ hồng,25/11/2025
"Kèo thơm - Dãy trọ 16 phòng mặt tiền hẻm xe tải Lý Phục Man, Quận 7",15.5,"Lý Phục Man, Phường Bình Thuận, Quận 7, TPHCM",172.0,16,16,1,Sổ hồng,25/11/2025
"Cần bán biệt thự Hưng Thái, nhà 4 PN, giá 34 tỷ thương lượng tốt nhất",34.0,"Bùi Bằng Đoàn, Phường Tân Phong, Quận 7, TPHCM",126.0,4,4,3,Sổ hồng,25/11/2025
"Xuất cảnh bán biệt thự 4 lầu 2 mặt tiền Đường số chợ Tân Quy, Quận 7",21.8,"Đường 15, Phường Tân Quy, Quận 7, TPHCM",144.0,4,4,6,Sổ hồng,25/11/2025
"Cần tiền bán gấp căn biệt thự Hưng Thái, PMH, Q7, TP HCM",31.5,"Bùi Bằng Đoàn, Phường Tân Phong, Quận 7, TPHCM",126.0,4,4,,Sổ hồng,25/11/2025
"Kèo thơm - Nhà 2 lầu ST hẻm 1027 Huỳnh Tấn Phát, Phú Thuận, Quận 7",5.7,"Huỳnh Tấn Phát, Phường Phú Thuận, Quận 7, TPHCM",72.0,6,5,4,Sổ hồng,25/11/2025
Giảm mạnh 3 tỷ - bán gấp biệt thự khu Hưng Thái Quận 7 -,29.5,"Bùi Bằng Đoàn, Phường Tân Phong, Quận 7, TPHCM",126.0,4,4,2,Sổ hồng,25/11/2025
"HOT HOT! Nhà tuyệt đẹp 2 lầu hẻm xe hơi 88 Nguyễn Văn Quỳ, Quận 7",6.6,"Nguyễn Văn Quỳ, Phường Phú Thuận, Quận 7, TPHCM",46.0,4,3,4,Sổ hồng,25/11/2025
"HOT HOT! Nhà 2 lầu ST mặt tiền kinh doanh mua bán chợ Tân Mỹ, Quận 7",11.0,"Tân Mỹ, Phường Tân Phú, Quận 7, TPHCM",40.0,4,5,4,Sổ hồng,25/11/2025
"SIÊU VIP - Nhà mới 100% có thang máy Đường số Hoàng Quốc Việt, Quận 7",12.9,"Hoàng Quốc Việt, Phường Phú Thuận, Quận 7, TPHCM",63.0,4,6,3,Sổ hồng,25/11/2025
"HOT HOT! Nhà 2 lầu ST hẻm xe hơi 1135 Huỳnh Tấn Phát, Quận 7",7.5,"Huỳnh Tấn Phát, Phường Phú Thuận, Quận 7, TPHCM",61.0,4,5,4,Sổ hồng,25/11/2025
"Nhà đẹp vào ở liền 1 lầu mặt tiền hẻm 3m Huỳnh Tấn Phát, Quận 7",3.79,"Huỳnh Tấn Phát, Phường Tân Thuận Tây, Quận 7, TPHCM",31.0,3,2,2,Sổ hồng,25/11/2025
"VỊ TRÍ VIP - Nhà 1 lầu mặt tiền kinh doanh mua bán Bùi Văn Ba, Quận 7",18.5,"Bùi Văn Ba, Phường Tân Thuận Đông, Quận 7, TPHCM",144.0,3,3,2,Sổ hồng,25/11/2025
"GIÁ TỐT ĐẦU TƯ - Nhà 3 tầng lô nhì Huỳnh Tấn Phát, Phú Thuận, Quận 7",5.5,"Huỳnh Tấn Phát, Phường Phú Thuận, Quận 7, TPHCM",73.0,4,5,5,Sổ hồng,25/11/2025
Bán nhà mặt tiền Lê văn Lương Quận 7 giá 14 tỷ 500 triệu,14.5,"Lê Văn Lương, Phường Tân Hưng, Quận 7, TPHCM",80.0,3,3,3,Sổ hồng,25/11/2025
"SIÊU HOT! Biệt thự 2 lầu mặt tiền hẻm xe hơi Nguyễn Thị Thập, Quận 7",15.0,"Nguyễn Thị Thập, Phường Tân Phú, Quận 7, TPHCM",144.0,6,5,4,Sổ hồng,25/11/2025
Bán nhà mặt tiền đẹp 600 m2 Hoàng Quốc Việt Quận 7 giá 27 tỷ,27.0,"Hoàng Quốc Việt, Phường Phú Mỹ, Quận 7, TPHCM",132.0,1,5,4,Sổ hồng,25/11/2025
"Bán nhanh nhà 2 lầu ST Đường 12m KDC Tạ Thị Ngọc Thảo, Quận 7",12.5,"Hoàng Quốc Việt, Phường Phú Thuận, Quận 7, TPHCM",80.0,4,5,4,Sổ hồng,25/11/2025
Bán đất tặng dãy trọ - Thông Nguyễn Thị Thập - 85m2 chỉ nhỉnh 7 tỷ,7.499,"Trần Xuân Soạn, Phường Tân Hưng, Quận 7, TPHCM",85.0,,,,Sổ hồng,25/11/2025
"Nhà đẹp lung linh 1 lầu full nội thất hẻm 1027 Huỳnh Tấn Phát, Quận 7",4.7,"Huỳnh Tấn Phát, Phường Phú Thuận, Quận 7, TPHCM",35.0,2,2,2,Sổ hồng,25/11/2025
"VIP! Nhà phố tân cổ điển mới 100% có thang máy liền kề Phú Mỹ Hưng, Q7",18.6,"Phạm Hữu Lầu, Phường Phú Mỹ, Quận 7, TPHCM",90.0,4,6,3,Sổ hồng,25/11/2025
"VỊ TRÍ HOT - Nhà 2 lầu mặt tiền Đường Số, Tân Kiểng, Quận 7",15.0,"Đường số 3, Phường Tân Kiểng, Quận 7, TPHCM",70.0,3,4,4,Sổ hồng,25/11/2025
Bán nhà phố 4 tầng hẻm xe ô tô cực đẹp giá 9 tỷ 900,9.9,"Lý Phục Man, Phường Bình Thuận, Quận 7, TPHCM",68.0,4,4,7,Sổ hồng,25/11/2025
"Kèo thơm - Nhà cấp 4 5x20m hẻm xe hơi Nguyễn Văn Quỳ, Quận 7",8.5,"Nguyễn Văn Quỳ, Phường Phú Thuận, Quận 7, TPHCM",96.0,2,1,,Sổ hồng,25/11/2025
"GIÁ HOT! Nhà trệt lửng mặt tiền kinh doanh Trần Xuân Soạn, Quận 7",7.5,"Trần Xuân Soạn, Phường Tân Hưng, Quận 7, TPHCM",60.0,2,2,,Sổ hồng,25/11/2025
Trả nợ ngân hàng bán gấp biệt thự Mỹ Thái ngay công viên Nam viên,38.0,"Nguyễn Lương Bằng, Phường Tân Phú, Quận 7, TPHCM",126.0,4,4,3,Sổ hồng,25/11/2025
"Hàng hiếm - Nhà 1 lầu mặt tiền kinh doanh Đường Số chợ Tân Quy, Quận 7",6.3,"Đường 15, Phường Tân Kiểng, Quận 7, TPHCM",30.0,2,2,2,Sổ hồng,25/11/2025
"HOT! Nhà 1 lầu mặt tiền hẻm 3m cạnh khu Cư xá ngân hàng, Quận 7",6.5,"Đường 17, Phường Tân Thuận Tây, Quận 7, TPHCM",60.0,2,3,2,Sổ hồng,25/11/2025
"Kẹt tiền bán gấp nhà trệt lửng hẻm 283 Huỳnh Tấn Phát, Quận 7",4.15,"Huỳnh Tấn Phát, Phường Tân Thuận Đông, Quận 7, TPHCM",69.0,2,2,,Sổ hồng,25/11/2025
"Nhà xinh lung linh 1 lầu full nội thất lô nhì đường Tân Mỹ, Quận 7",4.5,"Tân Mỹ, Phường Tân Thuận Tây, Quận 7, TPHCM",32.0,2,2,2,Sổ hồng,25/11/2025
Cập nhật giá bán biệt thự CHATEAU Phú Mỹ Hưng Quận 7,140.0,"Nguyễn Lương Bằng, Phường Phú Mỹ, Quận 7, TPHCM",290.0,5,5,9,Sổ hồng,25/11/2025
"HOT HOT! Nhà nhỏ xinh 1 lầu SHR khu Kiều Đàm, Tân Hưng, Quận 7",1.45,"Trần Xuân Soạn, Phường Tân Hưng, Quận 7, TPHCM",14.0,1,1,2,Sổ hồng,25/11/2025
"HOT HOT! Nhà phố 2 lầu ST KDC Tân Thuận Nam, Phú Thuận, Quận 7",13.0,"Phú Thuận, Phường Phú Thuận, Quận 7, TPHCM",80.0,4,5,4,Sổ hồng,25/11/2025
"GIÁ HOT! Bán 2 căn đôi 1 lầu mặt tiền Đường Số, Tân Quy, Quận 7",12.9,"Lâm Văn Bền, Phường Tân Quy, Quận 7, TPHCM",118.0,5,4,3,Sổ hồng,25/11/2025
"Bán kho xưởng 9.250m2 mặt tiền đường Số 8 Khu Chế Xuất Tân Thuận, Q7",91.0,"Đường số 8, Phường Tân Thuận Đông, Quận 7, TPHCM",6117.0,1,1,3,Sổ đỏ,25/11/2025
Bán biệt thự rộng đẹp đường Đô Đốc Tuyết Phú Mỹ Hưng Quận 7 giá 79 tỷ,79.0,"Trần Văn Trà, Phường Tân Phong, Quận 7, TPHCM",211.0,4,5,3,Sổ hồng,25/11/2025
"Nhà cấp 4 tiện xây mới 4x20m hẻm xe hơi 1135 Huỳnh Tấn Phát, Quận 7",6.35,"Huỳnh Tấn Phát, Phường Phú Thuận, Quận 7, TPHCM",80.0,1,1,,Sổ hồng,25/11/2025
"Biệt thự sân vườn 1 lầu áp mái mặt tiền hẻm xe tải Gò Ô Môi, Quận 7",25.0,"Gò Ô Môi, Phường Phú Thuận, Quận 7, TPHCM",377.0,3,3,2,Sổ hồng,25/11/2025
"HÀNG HOT! Nhà 3 tầng mặt tiền hẻm xe hơi Bùi Văn Ba, Quận 7",11.0,"Bùi Văn Ba, Phường Tân Thuận Đông, Quận 7, TPHCM",154.0,8,8,6,Sổ hồng,25/11/2025
"VỊ TRÍ HOT - Nhà 3 lầu ST Đường 16m khu Cư xá ngân hàng, Quận 7",16.3,"Đường 7L, Phường Tân Thuận Tây, Quận 7, TPHCM",91.0,5,6,6,Sổ hồng,25/11/2025
"Kèo thơm - Nhà 2 lầu ST mặt tiền hẻm xe hơi Nguyễn Thị Thập, Quận 7",5.5,"Nguyễn Thị Thập, Phường Tân Phú, Quận 7, TPHCM",40.0,3,4,4,Sổ hồng,25/11/2025
"VỊ TRÍ VIP - Nhà 3 tầng mặt tiền kinh doanh Hoàng Quốc Việt, Quận 7",23.7,"Hoàng Quốc Việt, Phường Phú Thuận, Quận 7, TPHCM",192.0,4,5,5,Sổ hồng,25/11/2025
"Nhà mới đẹp lung linh 2 lầu ST hẻm xe hơi Phạm Hữu Lầu, Quận 7",7.9,"Phạm Hữu Lầu, Phường Phú Mỹ, Quận 7, TPHCM",75.0,3,3,3,Sổ hồng,25/11/2025
"Khách sạn 4 lầu TN 100tr/th đường số liền kề Phú Mỹ Hưng, Quận 7",11.9,"Phạm Hữu Lầu, Phường Phú Mỹ, Quận 7, TPHCM",72.0,10,10,8,Sổ hồng,25/11/2025
"Bán nhà mới đẹp hẻm Lâm Văn Bền, Quận 7 giá 4 tỷ 350 triệu",4.35,"Lâm văn Bền, Phường Bình Thuận, Quận 7, TPHCM",32.0,2,2,2,Sổ hồng,25/11/2025
"Nhà cấp 4 4.1x17m mặt tiền kinh doanh mua bán Phạm Hữu Lầu, Quận 7",12.5,"Phạm Hữu Lầu, Phường Phú Mỹ, Quận 7, TPHCM",68.0,1,1,,Sổ hồng,25/11/2025
"Bán nhanh 2 căn liền kề 3 tầng hẻm 1452 Huỳnh Tấn Phát, Quận 7",7.0,"Huỳnh Tấn Phát, Phường Phú Mỹ, Quận 7, TPHCM",85.0,8,6,5,Sổ hồng,25/11/2025
"Nhà tuyệt đẹp 2 lầu ST full nội thất lô nhì Trần Văn Khánh, Quận 7",6.79,"Trần Văn Khánh, Phường Tân Thuận Đông, Quận 7, TPHCM",56.0,3,4,4,Sổ hồng,25/11/2025
"HÀNG HOT - Nhà 1 lầu mặt tiền Đường số khu Cư xá ngân hàng, Quận 7",13.5,"Lâm văn Bền, Phường Tân Thuận Tây, Quận 7, TPHCM",81.0,3,2,2,Sổ hồng,25/11/2025
"Nhà phố 3 lầu ST có thang máy Đường 20m KDC Tân Quy Đông, Quận 7",25.5,"Nguyễn Thị Thập, Phường Tân Phong, Quận 7, TPHCM",108.0,5,6,5,Sổ hồng,25/11/2025
"GIÁ TỐT ĐẦU TƯ - Nhà 1 lầu hẻm 1428 Huỳnh Tấn Phát, Quận 7",5.6,"Huỳnh Tấn Phát, Phường Phú Mỹ, Quận 7, TPHCM",120.0,3,2,2,Sổ hồng,25/11/2025
"HÀNG VIP - Nhà đẹp ở liền 2 lầu ST mặt tiền Đường số Tân Quy, Quận 7",12.7,"Lâm văn Bền, Phường Tân Quy, Quận 7, TPHCM",68.0,4,5,4,Sổ hồng,25/11/2025
"Bán nhanh nhà 1 lầu lô nhì khu Nam Long, Tân Thuận Đông, Quận 7",5.5,"Võ Thị Nhờ, Phường Tân Thuận Đông, Quận 7, TPHCM",52.0,2,2,2,Sổ hồng,25/11/2025
"HÀNG HOT - Nhà cấp 4 tiện xây mới Đường 12m Nguyễn Thị Thập, Quận 7",11.5,"Nguyễn Thị Thập, Phường Bình Thuận, Quận 7, TPHCM",80.0,1,1,,Sổ hồng,25/11/2025
"Bán tòa nhà căn hộ dịch vụ phường Tân Quy, quận 7. DT:14x20m.Giá: 70tỷ",70.0,"Đường số 45, Phường Tân Quy, Quận 7, TPHCM",280.0,70,70,4,Sổ hồng,25/11/2025
"Bán nhanh nhà 1 lầu hẻm 1225 Huỳnh Tấn Phát, Phú Thuận, Quận 7",5.0,"Huỳnh Tấn Phát, Phường Phú Thuận, Quận 7, TPHCM",42.0,2,2,2,Sổ hồng,25/11/2025
"Chính chủ bán nhà 1 lầu hẻm 625 Trần Xuân Soạn, Tân Hưng, Quận 7",5.6,"Trần Xuân Soạn, Phường Tân Hưng, Quận 7, TPHCM",55.0,2,2,2,Sổ hồng,25/11/2025
Nhà phố mặt tiền hẻm 1056 Huỳnh Tấn Phátgần Đại Học RMIT Tôn Đức Thắng,5.6,"1056 Huỳnh Tấn Phát, Phường Tân Phú, Quận 7, TPHCM",63.9,2,2,,Sổ hồng,25/11/2025
"HOT! Nhà đẹp ở liền 2 lầu ST hẻm xe hơi 6m Huỳnh Tấn Phát, Quận 7",7.9,"Huỳnh Tấn Phát, Phường Phú Thuận, Quận 7, TPHCM",52.0,4,5,4,Sổ hồng,25/11/2025
Nhà Phố Hiện Đại Sang Trọng hẻm 4m 160 Nguyễn Văn Quỳ Gần Lotte Mart,7.45,"160 Nguyễn Văn Quỳ, Phường Phú Thuận, Quận 7, TPHCM",66.6,4,5,2,Sổ hồng,25/11/2025
"Nhà Phố hiện đại 4 tầng hẻm 3,5m Huỳnh Tấn Phát Phú Mỹ Q7",6.95,"1627 Huỳnh Tấn Phát, Phường Phú Mỹ, Quận 7, TPHCM",54.0,4,5,2,Sổ hồng,25/11/2025
"HOT! Nhà 1 lầu mặt tiền kinh doanh hẻm xe hơi Nguyễn Văn Quỳ, Quận 7",3.69,"Nguyễn Văn Quỳ, Phường Phú Thuận, Quận 7, TPHCM",27.0,2,2,2,Sổ hồng,25/11/2025
"Nhà mới hoàn thiện tuyệt đẹp 1 lầu hẻm 167 Huỳnh Tấn Phát, Quận 7",4.2,"Huỳnh Tấn Phát, Phường Tân Thuận Đông, Quận 7, TPHCM",30.0,2,2,2,Sổ hồng,25/11/2025
Nhà Phố hiện đại - Thiết kế Lửng - Thang máy - Mặt tiền hẻm 6m,13.5,"Huỳnh Tấn Phát, Phường Phú Thuận, Quận 7, TPHCM",72.5,4,5,6,Sổ hồng,25/11/2025
Nhà Phố Hiện Đại - Trần Văn Khánh ngay sát Quận 04 - Sổ hồng riêng,6.79,"Trần Văn Khánh, Phường Tân Thuận Đông, Quận 7, TPHCM",60.0,3,4,3,Sổ hồng,25/11/2025
Nhà 3 Tầng Mặt Tiền đường số -Khu Cư Xá Ngân Hàng sầm uất Giá cực tốt,16.5,"Đường số 5K, Phường Tân Thuận Tây, Quận 7, TPHCM",88.0,4,4,3,Sổ hồng,25/11/2025
"BÁN TOÀ NHÀ CĂN HỘ DỊCH VỤ – QUẬN 7, Đường số 45, P. Tân Quy, Q.7",70.0,"Đường số 45, Phường Tân Quy, Quận 7, TPHCM",280.0,70,70,4,Sổ hồng,25/11/2025
Nhà Phố Hiện Đại sang trọng - KDC Nam Long Phú Thuận Quận 7 - 5m x 19m,15.99,"Phú Thuận, Phường Phú Thuận, Quận 7, TPHCM",95.0,4,5,6,Sổ hồng,25/11/2025
Nhà Phố Hiện Đại -Gần Đại Học Tôn Đức Thắng - RMIT - Huỳnh Tấn Phát Q7,6.95,"Huỳnh Tấn Phát, Phường Phú Mỹ, Quận 7, TPHCM",64.0,4,5,4,Sổ hồng,25/11/2025
"Nhà góc phố hiện đại, xây dựng mới hẻm 3,5m Phạm Hữu Lầu Q7 - 4m x 15m",6.45,"Phạm Hữu Lầu, Phường Phú Mỹ, Quận 7, TPHCM",60.0,4,5,2,Sổ hồng,25/11/2025
Nhà Phố mặt tiền đường 12m KDC Công Ích Phạm Hữu Lầu Quận 7,13.2,"Phạm Hữu Lầu, Phường Phú Mỹ, Quận 7, TPHCM",80.0,4,5,6,Sổ hồng,25/11/2025
Nhà Phố 3 Tầng hiện đại 8m x 14m đường Phạm Hữu Lầu Quận 7,8.9,"Phạm Hữu Lầu, Phường Phú Mỹ, Quận 7, TPHCM",112.0,5,4,2,Sổ hồng,25/11/2025
Nhà Phố hiện đại sang trọng -Xây dựng mới -Đường 12m KDC Phạm Hữu Lầu,17.5,"Phạm Hữu Lầu, Phường Phú Mỹ, Quận 7, TPHCM",80.0,4,5,2,Sổ hồng,25/11/2025
Nhà phố hiện đại đường 6m Lâm Văn Bền - Gần Lotte Mart- RMIT -4m x 20m,10.2,"Lâm văn Bền, Phường Tân Kiểng, Quận 7, TPHCM",80.0,4,4,2,Sổ hồng,25/11/2025
Nhà Phố Hiện Đại đường 6m Nguyễn Thị Thập - Gần Lotte Mart- RMIT -,9.5,"Nguyễn Thị Thập, Phường Bình Thuận, Quận 7, TPHCM",54.0,4,4,2,Sổ hồng,25/11/2025
Nhà Phố hiện đại sang trọng - gần Đại Học Tôn Đức Thắng - RMIT - Lotte,5.2,"Trần Văn Khánh, Phường Tân Thuận Đông, Quận 7, TPHCM",60.0,3,3,,Sổ hồng,25/11/2025
Nhà Phố vị trí Đắc Địa - Hẻm 8m 95 Lê Văn Lương ngay Lotte Mart Q7,8.7,"95 Lê Văn Lương, Phường Tân Kiểng, Quận 7, TPHCM",64.0,2,3,2,Sổ hồng,25/11/2025
Nhà Mặt Tiền đường số 11 N - Khu Cư Xá Ngân Hàng sầm uất -Giá cực tốt,16.5,"Đường số 11N, Phường Tân Thuận Tây, Quận 7, TPHCM",88.0,2,2,2,Sổ hồng,25/11/2025
Nhà Phố hiện đại sang trọng đủ nội thất- Hẻm 128 Huỳnh Tấn Phát Q7,7.3,"128 Huỳnh Tấn Phát, Phường Tân Thuận Tây, Quận 7, TPHCM",50.0,4,5,2,Sổ hồng,25/11/2025
Nhà Phố xây dựng mới - Đường 8m KDC HOÀNG QUỐC VIỆT Quận 07,12.99,"Hoàng Quốc Việt, Phường Phú Mỹ, Quận 7, TPHCM",62.0,4,5,8,Sổ hồng,25/11/2025
Nhà Phố sang trọng mặt tiền hẻm 88 Nguyễn Văn Quỳ - Sổ hồng riêng mới,6.6,"88 Nguyễn Văn Quỳ, Phường Phú Thuận, Quận 7, TPHCM",45.0,4,5,2,Sổ hồng,25/11/2025
Nhà Phố hiện đại hẻm 4m 1422 Huỳnh Tấn Phát Phường Phú Mỹ Quận 7,5.2,"1422 Huỳnh Tấn Phát, Phường Phú Mỹ, Quận 7, TPHCM",60.0,4,3,2,Sổ hồng,25/11/2025
Mặt Tiền Kinh Doanh• Lâm Văn Bền• Q7• 4 Tầng• 90m2(5x18)• DT 600tr/năm,26.8,"Lâm văn Bền, Phường Tân Quy, Quận 7, TPHCM",90.0,5,5,4,Sổ hồng,25/11/2025
Mặt Tiền Đường• Tân Quy• Q7• 4 Tầng• BTCT• 5PN• 6WC• 72M2(4x18)• 16T6,16.6,"Đường số 41, Phường Tân Quy, Quận 7, TPHCM",72.0,5,6,4,Sổ hồng,25/11/2025
Siêu Ngon Mặt Tiền Đường Số 37• Tân Quy• Q7• Có Dòng Tiền• 80M2• 13tỷ8,13.8,"Đường số 37, Phường Tân Quy, Quận 7, TPHCM",80.0,3,3,2,Sổ hồng,25/11/2025
Siêu Ngon Ngay Cư Xá Ngân Hàng• Nhà Đẹp Ở Ngay• 80M2(4x20)• Đường 16M,15.0,"Đường 7L, Phường Tân Thuận Tây, Quận 7, TPHCM",80.0,3,3,2,Sổ hồng,25/11/2025
Khu VIP Tân Quy• Q7• Nhà Đẹp• 4 Tầng• 5PN• O tô Ngủ Trong Nhà• 4mx20M,18.8,"Đường số 51, Phường Tân Quy, Quận 7, TPHCM",80.0,4,5,4,Sổ hồng,25/11/2025
Vị Trí Vàng• Nguyễn Thị Thập• Xe Hơi Tránh• Kinh Doanh Sầm Uất•,11.6,"Nguyễn Thị Thập, Phường Bình Thuận, Quận 7, TPHCM",80.0,2,2,2,Sổ hồng,25/11/2025
Hàng Đầu Tư• Ngay Nhà Thi Đấu Q7• Xe Tải Vào• 276M2• Ngang Lớn Gần 8M,18.0,"Huỳnh Tấn Phát, Phường Bình Thuận, Quận 7, TPHCM",276.0,14,14,2,Sổ hồng,25/11/2025
Mặt Tiền Lê Thị Chợ• Q7• 136M2• 3 Tầng BTCT• Kinh Doanh Sầm Uất• 20tỷ,20.0,"Lê Thị Chợ, Phường Phú Thuận, Quận 7, TPHCM",160.0,5,5,3,Sổ hồng,25/11/2025
Lên Sóng Siêu Phẩm Khu Phú Mỹ• Nhà Đẹp FUll NT• 4 Tầng• Có Thang Máy,18.5,"Đường D6, Phường Phú Mỹ, Quận 7, TPHCM",90.0,5,6,3,Sổ hồng,25/11/2025
"Q7 Cạnh Phú Mỹ Hưng• Gò Ô Môi, Ô tô Ngủ Trong Nhà. 4 Tầng - 80m2, 11.x",11.7,"Gò Ô Môi, Phường Phú Thuận, Quận 7, TPHCM",80.0,4,5,3,Sổ hồng,25/11/2025
Siêu Vị Trí• CHDV• Khu Phú Mỹ• Q7• Dòng Tiền 60tr/tháng• 72M2• 12tỷ500,13.5,"Phạm Hữu Lầu, Phường Phú Mỹ, Quận 7, TPHCM",72.0,10,10,4,Sổ hồng,25/11/2025
Khu Phú Mỹ• Mặt Tiền Đường D1• Cạnh PMH• 4 Tầng• 110m2• 5PN• 15tỷ500,15.5,"Đường D1, Phường Phú Mỹ, Quận 7, TPHCM",110.0,4,5,3,Sổ hồng,25/11/2025
Cực Phẩm• Ngay PMH• 4 Tầng• Sân thượng • O tô Ngủ Trong Nhà• Chỉ 13tỷ5,13.5,"Phú Thuận, Phường Phú Thuận, Quận 7, TPHCM",80.0,4,4,4,Sổ hồng,25/11/2025
Siêu Phẩm Kinh Doanh• Ngay HTP Giao Hoàng Quốc Việt• 4 Tầng• 110m2•18T,18.0,"Huỳnh Tấn Phát, Phường Phú Mỹ, Quận 7, TPHCM",110.0,4,5,3,Sổ hồng,25/11/2025
"KDC Tân Thuận Nam Q7• Chính Chủ 1 Đời, 4 Tầng• 4PN• 80M2• Xe Tải Tránh",16.0,"Phú Thuận, Phường Phú Thuận, Quận 7, TPHCM",80.0,4,5,4,Sổ hồng,25/11/2025
Hot Nhất Q7• Đất 148M2• Ngay Lâm Văn Bền• Xây 6 Tầng• Chỉ 14tỷ,14.1,"Lâm văn Bền, Phường Tân Kiểng, Quận 7, TPHCM",148.0,2,2,,Sổ hồng,25/11/2025
"Bán nhà hẻm 3m Phú Định, 4m x 10.5m, 1 lầu, SHR, nhà mới!",3.85,"Phú Định, Phường 16, Quận 8, TPHCM",42.0,2,2,2,Sổ hồng,25/11/2025
Chỉ 173 triệu/m2 Mặt Tiền Hưng Phú Q8 giáp Q1 Dt 10m x 35m nở hậu 12m,65.0,"Hưng Phú, Phường 2, Quận 8, TPHCM",375.0,2,2,8,Sổ hồng,25/11/2025
Biệt Thự Liền Kề• Khu Cao Lỗ• Q8• Ngay Siêu Thị Parc Mall• 120M2(6x20),18.0,"Đường số 15, Phường 4, Quận 8, TPHCM",120.0,6,6,4,Sổ hồng,25/11/2025
Khu Cao Lỗ• 4 Tầng• Ngay Bệnh Viện Q8• Kế Siêu Thị Parc Maill• 80m2,14.5,"Đường 84 Cao Lỗ, Phường 4, Quận 8, TPHCM",89.0,4,4,3,Sổ hồng,25/11/2025
"Đường Bình Đông Q 8, ba tầng, xây kiên cố, một đời chủ. Sổ hồng riêng.",2.7800000000000002,"Bình Đông, Phường 11, Quận 8, TPHCM",35.0,3,2,,Sổ hồng,24/11/2025
"Nhà nát. 4m x 10m tiện xây mới, gần cầu chữ Y, quận 1. Sổ hồng riêng.",2.69,"Âu Dương Lân, Phường 2, Quận 8, TPHCM",40.0,2,2,,Sổ hồng,24/11/2025
"Nhà nhỏ, hẻm sạch rộng rãi. Sổ hồng riêng.",1.5,"Nguyễn Nhược Thị, Phường 16, Quận 8, TPHCM",15.0,1,1,,Sổ hồng,24/11/2025
"Nhà đẹp đường Tạ Quang Bửu, F4 Quận 8. Ba lầu 5m x 8m. Sổ hồng riêng.",2.98,"Tạ Quang Bửu, Phường 4, Quận 8, TPHCM",40.0,3,2,,Sổ hồng,24/11/2025
"Gần cầu Nguyễn Tri Phương, quận 8, đường Phạm Hùng. Sổ hồng riêng.",3.45,"Phạm Hùng, Phường 4, Quận 8, TPHCM",30.0,2,2,2,Sổ hồng,24/11/2025
"Chính chủ bán căn hộ A2-20-11 chung cư City gate 3pn, 2wc",3.049,"15 Võ Văn Kiệt, Phường 16, Quận 8, TPHCM",92.0,3,,,Hợp đồng mua bán,24/11/2025
Bán nhà liền kề sang trọng đường Liên Tỉnh - Tạ Quang Bửu - 57m2,9.2,"Liên Tỉnh 5, Phường 5, Quận 8, TPHCM",57.0,5,5,10,Sổ hồng,24/11/2025
"Bán nhà hẻm 4m đường Bùi Minh Trực Q.8 - 36m2, 4pn 3wc - giá 5,5 tỷ",5.5,"Bùi Minh Trực, Phường 5, Quận 8, TPHCM",36.0,4,3,8,Sổ hồng,24/11/2025
🆘NHÀ MỚI GIẢM 70TR - GIÁ CHỈ 3.98 TỶ 📍 Nguyễn Thị Tần – Phường 2,3.98,"Nguyễn Thị Tần, Phường 2, Quận 8, TPHCM",27.0,3,3,2,Sổ hồng,24/11/2025
"Bán nhà Hưng Phú - Võ Trứ gần cầu chữ y - 77m2- 2PN 3WC - giá 5,2 tỉ",5.2,"Hưng Phú, Phường 9, Quận 8, TPHCM",24.0,2,3,6,Sổ hồng,24/11/2025
"Nhà nhỏ gần cầu chữ Y, phường 2, quận 8. Sổ hồng riêng. Hẻm lớn.",2.9,"Nguyễn Thị Tần, Phường 2, Quận 8, TPHCM",20.0,2,1,,Sổ hồng,21/11/2025
"Nhà gần cầu Chánh Hưng Quận 8, ngang 4m. Hẻm rộng. Sổ hồng riêng.",3.2,"Hưng Phú, Phường 9, Quận 8, TPHCM",24.0,2,1,,Sổ hồng,21/11/2025
"Nhà 4 tầng phường 2 Quận 8 - vuông vức đẹp, sổ hồng riêng.",3.98,"Nguyễn Thị Tần, Phường 2, Quận 8, TPHCM",28.0,3,2,,Sổ hồng,21/11/2025
"Nhà nhỏ, hẻm lớn đường Tùng Thiện Vương 4m x 4m hai lầu. Sổ hồng riêng",1.99,"Tùng Thiện Vương, Phường 11, Quận 8, TPHCM",16.0,1,1,,Sổ hồng,21/11/2025
"Bán nhà HXH 258 Dương Bá Trạc, 4x34m cn 136m2, 3 tầng chỉ 12 tỷ",12.0,"Dương Bá Trạc, Phường 2, Quận 8, TPHCM",136.0,5,5,3,Sổ hồng,18/11/2025
"Bán nhà mặt tiền Dương Bá Trạc phường 1 Quận 8, 4x15m 55m2 chỉ 7.95 T",7.95,"Dương Bá Trạc, Phường 1, Quận 8, TPHCM",55.0,2,1,,Sổ hồng,18/11/2025
"Lô Đất Dương Bá Trạc, Ngang 6x12m, Đoạn Gần Cầu Nguyễn Văn Cừ - Quận 8",15.4,"Dương Bá Trạc, Phường 1, Quận 8, TPHCM",72.0,,,,Sổ hồng,17/11/2025
"QUẬN 8 – Bùi Minh Trực – 8.x TỶ – 60m² – HẺM 4M, SHR",8.0,"Bùi Minh Trực, Phường 5, Quận 8, TPHCM",60.0,3,4,13,Giấy tờ hợp lệ,14/11/2025
🏡 Nhà mặt tiền đường số KDC phân lô Phạm Thế Hiển - Quận 8– 6tỉ8,6.8,"Phạm Thế Hiển, Phường 7, Quận 8, TPHCM",88.0,4,5,4,Sổ hồng,10/11/2025
"🏡 Nhà Tạ Quang Bửu 93m² giá 7 tỷ – 3 căn liền kề, hoàn công 4 tầng",7.0,"Tạ Quang Bửu, Phường 3, Quận 8, TPHCM",93.0,7,7,8,Sổ hồng,10/11/2025
🏡 Nhà Dương Bá Trạc phường 2 quận 8 – 67m² – xe hơi 16 chỗ – 7.5 tỉ.,7.5,"Dương Bá Trạc, Phường 2, Quận 8, TPHCM",67.0,1,1,,Sổ hồng,10/11/2025
Tìm chủ nhân mới cho căn nhà hiện đại - an cư giữa lòng thành phố,5.2,"Võ Trứ, Phường 2, Quận 8, TPHCM",24.5,3,3,3,Sổ hồng,06/11/2025
Nhà bán. Phú Định P16 Q8. DT: 3m5 x 12m. Trệt+2 lầu+ sân thượng. 4PN 3,3.5,"Phú Định, Phường 16, Quận 8, TPHCM",42.0,4,4,2,Sổ hồng,05/11/2025
Tổ ấm lý tưởng ngay Trung tâm Q8,6.6,"Âu Dương Lân, Phường 2, Quận 8, TPHCM",37.0,3,3,3,Sổ hồng,05/11/2025
Nhà Mặt Tiền 60m2 - Dương Bá Trạc - P1 - Quận 8,8.4,"Dương Bá Trạc, Phường 1, Quận 8, TPHCM",60.0,3,3,2,Sổ hồng,29/10/2025
Cần bán gấp căn nhà Quận 8 - sổ hồng riêng - hẻm 1/ Phạm Thế Hiển,1.8,"Phạm Thế Hiển, Phường 7, Quận 8, TPHCM",53.6,2,2,,Sổ hồng,23/10/2025
"Chính chủ cần bán gấp căn nhà 30m2 - Hưng Phú,P9,Q8 - Cách BXQ8,BVQ1km",2.125,"Hưng Phú, Quận 8, TPHCM",30.0,2,2,,Sổ hồng,23/10/2025
Bán gấp nhà trệt lầu ngộp bank quận 8 - SHR - giá tốt,2.68,"Phạm Thế Hiển, Phường 6, Quận 8, TPHCM",54.0,3,3,2,Sổ hồng,23/10/2025
Nhà ngộp trệt lửng chính chủ - 30M2 - SHR - CẦN BÁN GẤP TRONG TUẦN,2.155,"Phạm Thế Hiển, Phường 7, Quận 8, TPHCM",30.0,2,2,,Sổ hồng,23/10/2025
Nhà cấp 4 ngộp cần bán gấp - SHR - Hẻm rộng rãi thoáng mát,1.7389999999999999,"Phạm Thế Hiển, Phường 7, Quận 8, TPHCM",53.0,2,2,,Sổ hồng,23/10/2025
"Bán nhà kê khai 1999, Hẻm 79 đường Phú Định P.16, Q8, giá 1,4 tỷ",1.4,"Bến Phú Định, Phường 16, Quận 8, TPHCM",23.1,2,2,2,Giấy tờ viết tay,27/09/2025
"Bán nhà hẻm 3-4m Phú Định Phường 16, Q8, gần bến xe Dasu, 4,95 tỷ",4.95,"Bến Phú Định, Phường 16, Quận 8, TPHCM",45.0,4,3,3,Sổ hồng,27/09/2025
"Bán nhà hẻm 6m An Dương Vương 3x12m, 1,8 tỷ",1.8,"An Dương Vương, Phường 16, Quận 8, TPHCM",36.0,2,2,1,Giấy tờ viết tay,27/09/2025
"Bán nhà Kk99, Phú Định, P16, Q8, 1,95 tỷ",1.95,"Bến Phú Định, Phường 16, Quận 8, TPHCM",33.0,2,2,1,Giấy tờ viết tay,27/09/2025
"Bán nhà hẻm Phú Định 4x8m, 1,75 tỷ",1.75,"Bến Phú Định, Phường 16, Quận 8, TPHCM",32.0,2,2,,Giấy tờ viết tay,27/09/2025
bán nhà đường rạch cát f15. Q8 giá 1ty370tr. thương lượng,1.37,"Rạch Cát, Phường 15, Quận 8, TPHCM",21.0,2,1,2,Giấy tờ hợp lệ,27/09/2025
Chính chủ cần bán nhanh căn nhà HXH đường Phú Định ( Giá thoả thuận ),6.0,"Phú Định, Phường 16, Quận 8, TPHCM",97.4,3,1,1,Sổ đỏ,22/09/2025
"Bán nhà đường Âu Dương Lân p3 Quận 8 nhà mới, hẻm thông thoáng",4.5,"Âu Dương Lân, Phường 3, Quận 8, TPHCM",60.0,4,4,2,Sổ hồng,17/09/2025
"MT view sông P16 Quận 8 ngang 6m SHR vuông vức có 20tr/th, 11.2 tỷ TL",11.2,"Phú Định, Phường 16, Quận 8, TPHCM",134.0,3,1,,Sổ hồng,27/08/2025
"Mặt tiền Q8 ngay Q5 180m2 ngang 5.8 nở hậu có 20tr/th, chỉ 17.4 tỷ TL",17.4,"Phong Phú, Phường 12, Quận 8, TPHCM",180.0,7,7,9,Sổ hồng,27/08/2025
"Bán Biệt Thự Hẻm Xe Hơi 6x23m, 3 Tầng Mới, Vị Trí Đắc Địa , 14 tỷ TL",14.0,"Hoàng Ngân, Phường 16, Quận 8, TPHCM",140.0,4,3,5,Sổ hồng,27/08/2025
"MT View sông Lưu Hữu Phước Q8 100m2 4x25 2T 7PN có 12tr/th, nhỉnh 7 tỷ",7.5,"Lưu Hữu Phước, Phường 15, Quận 8, TPHCM",100.0,7,3,4,Sổ hồng,27/08/2025
"Mặt tiền Hoàng Ngân Q8, 94m2 4x24 đắc địa, có dòng tiền, còn 8.7 tỷ TL",8.7,"Hoàng Ngân, Phường 16, Quận 8, TPHCM",94.0,3,2,6,Sổ hồng,27/08/2025
"MTKD Cao Lỗ Q8 278m2, 7.6x37 7T CHDV 80P có 150tr/th SHR, giá 42 tỷ TL",42.0,"Cao Lỗ, Phường 4, Quận 8, TPHCM",278.0,80,80,26,Sổ hồng,27/08/2025
"Mặt tiền Q8, 1000m2 ngang 24m biệt thự và nhà xưởng, giá 78 tỷ TL",78.0,"Phạm Đức Sơn, Phường 16, Quận 8, TPHCM",1000.0,4,5,3,Sổ hồng,27/08/2025
"Lô góc 2 Mặt tiền P16 Q8, ngang 10m 3 tầng view sông kd tốt, 6.4 tỷ TL",6.4,"Lý Đạo Thành, Phường 16, Quận 8, TPHCM",62.0,5,3,9,Sổ hồng,27/08/2025
"Hẻm 10m Q8, 78m2 4x19.5 có 6P trọ 15tr/th, gần trường, chợ, 5.9 tỷ TL",5.9,"Hoàng Ngân, Phường 16, Quận 8, TPHCM",78.0,6,6,,Sổ hồng,27/08/2025
"MTKD lô góc chợ An Dương Vương Q8, 220m2 ngang 6.3m nở hậu, 19 tỷ TL",19.0,"An Dương Vương, Phường 16, Quận 8, TPHCM",220.0,4,2,4,Sổ hồng,27/08/2025
Mặt tiền Mai Hắc Đế Q8 150m2 3 tầng ngang 5m đẹp thoáng nhỉnh 11 tỷ TL,11.5,"Mai Hắc Đế, Phường 15, Quận 8, TPHCM",150.0,5,3,8,Sổ hồng,27/08/2025
"MT lô góc Q8 view sông 240m2 nở hậu, hẻm sau, dòng tiền, 17.5 tỷ TL",17.5,"Phú Định, Phường 16, Quận 8, TPHCM",240.0,7,4,4,Sổ hồng,27/08/2025
"Bán Nhà ở Biệt lập Quận 8, hiện đại, thang máy, smart home, từ 8.1 tỷ",8.1,"Trương Đình Hội, Phường 16, Quận 8, TPHCM",45.0,4,5,,Sổ hồng,27/08/2025
"Mặt tiền lô góc Lưu Hữu Phước 84m2 4x21 4 tầng , view sông 6.5 tỷ TL",6.5,"Lưu Hữu Phước, Phường 15, Quận 8, TPHCM",84.0,4,4,4,Sổ hồng,27/08/2025
"HXH 8m P16 Quận 8, 1240m2 ngang 20 nở hậu, dòng tiền 65tr/th, 65 tỷ TL",65.0,"Phú Định, Phường 16, Quận 8, TPHCM",1240.0,2,2,,Sổ hồng,27/08/2025
"Bán nhà phường 16 Quận 8 diện tích lớn ngang 6m nở hậu, chỉ 5.9 tỷ TL",5.9,"Phú Định, Phường 16, Quận 8, TPHCM",98.0,3,1,,Sổ hồng,27/08/2025
"MT nội bộ Hoàng Ngân Q8, 320m2 16x20 vuông, 3T có 25tr/th, 26.5 tỷ TL",26.5,"Hoàng Ngân, Phường 16, Quận 8, TPHCM",320.0,4,3,3,Sổ hồng,27/08/2025
"MTKD view sông Phú Định Q 8, 88m2 3.8x23 4 tầng mới đẹp SHR, 9.2 tỷ TL",9.2,"Phú Định, Phường 16, Quận 8, TPHCM",88.0,4,4,7,Sổ hồng,27/08/2025
"Biệt thự P16 Q8 hẻm 10m 125m, 4 tầng ngang 8 nở hậu giá nhỉnh 11 tỷ TL",11.5,"Phú Định, Phường 16, Quận 8, TPHCM",122.0,5,3,4,Sổ hồng,27/08/2025
"MT chợ An Dương Vương Q8 207m2, 5x41 7 tầng thang máy, chỉ 27 tỷ TL",27.0,"An Dương Vương, Phường 16, Quận 8, TPHCM",207.0,28,30,19,Sổ hồng,27/08/2025
"Nhà vườn HXH 8m Lương Văn Can Q8 178m2 6.5x28 SHR đẹp, giá 11.1 tỷ TL",11.1,"Lương Văn Can, Phường 15, Quận 8, TPHCM",178.0,4,2,4,Sổ hồng,27/08/2025
"Mặt tiền view sông quận 8, 2515m2, 31x93 nở hậu tiện phân lô, 98 tỷ TL",98.0,"Phú Định, Phường 16, Quận 8, TPHCM",2515.0,3,2,3,Sổ hồng,27/08/2025
MTKD view sông Q8 ngang 20m dt 1560m2 tiện xây mới giá đầu tư 71 tỷ TL,71.0,"Mễ Cốc, Phường 15, Quận 8, TPHCM",1560.0,6,3,,Sổ hồng,27/08/2025
"Biệt Thự Siêu VIP 190m² 10x19 Mặt Tiền Đường 20m Quận 8, giá 18 tỷ TL",18.0,"Đường số 2, Phường 16, Quận 8, TPHCM",190.0,4,4,3,Sổ hồng,27/08/2025
"HXH An Dương Vương Quận 8, 6 tầng 70m2 4x17 có 25tr/th, nhỉnh 8 tỷ TL",8.2,"An Dương Vương, Phường 16, Quận 8, TPHCM",68.0,11,6,17,Sổ hồng,27/08/2025
"MTKD P16 Q8 100m2 5x20 3 tầng gần chợ view công viên, chỉ 8.3 tỷ TL",8.3,"Trương Đình Hội, Phường 16, Quận 8, TPHCM",100.0,5,5,6,Sổ hồng,27/08/2025
"Bán nhà Quận 8 – Góc 2 mặt tiền đường 8m, gần ĐH Tôn Đức Thắng",3.27,"Phạm Hùng, Phường 4, Quận 8, TPHCM",48.0,4,4,3,Sổ hồng,27/08/2025
Mặt tiền đường số sát chợ Phạm Thế Hiển Q.8 - 66 m 2 - 6 tầng - 8.8 Tỷ,8.8,"Phạm Thế Hiển, Phường 5, Quận 8, TPHCM",88.0,8,6,,Sổ hồng,26/08/2025
73 M2 - 4TẦNG - 7.3 TỶ - HXH Tùng Thiện Vương P.Xóm Củi Q.8 TP.HCM N,7.3,"Tùng Thiện Vương, Phường 12, Quận 8, TPHCM",73.0,5,4,,Sổ hồng,26/08/2025
"Quận 8 bán biệt thự, 120m2, khu an ninh, kiên cố, 24 tỷ thương lượng",24.0,"Tạ Quang Bửu, Phường 5, Quận 8, TPHCM",120.0,4,5,4,Sổ hồng,24/08/2025
"Quận 8 bán biệt thự diện tích khủng, ô tô tới nhà, 7pn, nhỉnh 24 tỷ tl",24.5,"Bông Sao, Phường 5, Quận 8, TPHCM",128.0,7,8,8,Sổ hồng,24/08/2025
"Quận 8 bán siêu phẩm nội thất đẹp, view sông, không lộ giới, ko qh",18.0,"Dương Bá Trạc, Phường 1, Quận 8, TPHCM",96.0,5,5,8,Sổ hồng,24/08/2025
"Quận 8 bán nhà trong hẻm ốc, sầm uất, shr, gần Quận 7, Quận 5, Quận 1",18.0,"Dương Bá Trạc, Phường 1, Quận 8, TPHCM",58.2,4,4,4,Sổ hồng,24/08/2025
"Quận 8 bán nhà gần trung tâm, kdc hiện hữu, ko quy hoạch,ko lộ giới",16.0,"Bông Sao, Phường 5, Quận 8, TPHCM",60.0,4,5,8,Sổ hồng,24/08/2025
"Quận 8 bán biệt thự vip đường 20m, có phòng ngủ trệt, 16.x tỷ",16.5,"Đường số 2, Phường 16, Quận 8, TPHCM",220.0,4,4,2,Sổ hồng,24/08/2025
"Quận 8 bán MTKD, 5 tầng hoàn công, 6pn7wc, giá 15tỷ thương lượng",15.0,"Hưng Phú, Phường 8, Quận 8, TPHCM",62.0,6,7,8,Sổ hồng,24/08/2025
"Quận 8 bán toà CHDV đang hoàn thiện, hầm 7 tầng, dòng tiền từ 100trieu",18.5,"Phú Định, Phường 16, Quận 8, TPHCM",200.0,21,21,7,Sổ hồng,24/08/2025
"Quận 8 bán nhà hẻm xe hơi, kế Quận 5, Quận 1, Quận 4, Quận 7, 14.x tỷ",14.7,"Nguyễn Thị Tần, Phường 2, Quận 8, TPHCM",106.2,4,5,4,Sổ hồng,24/08/2025
"Quận 8 bán mặt tiền kinh doanh, cho thuê tốt, khu sầm uất,kế Parc Mall",11.0,"Tạ Quang Bửu, Phường 2, Quận 8, TPHCM",52.1,3,3,3,Sổ hồng,24/08/2025
"Quận 8 bán mặt tiền kinh doanh, 80m2, gần Quận 1,Quận 5,Quận7, 11.x tỷ",11.9,"Phạm Thế Hiển, Phường 4, Quận 8, TPHCM",80.0,2,2,3,Sổ hồng,24/08/2025
"Quận 8 bán nhà 3 tầng 2 phòng ngủ, hẻm xe hơi, trung tâm, nhỉnh 2 tỷ",2.08,"Phạm Thế Hiển, Phường 1, Quận 8, TPHCM",11.5,2,2,6,Sổ hồng,24/08/2025
"Quận 8 bán 50m2, 2 phòng ngủ, gần trung tâm, nhỉnh 5 tỷ",5.95,"Âu Dương Lân, Phường 3, Quận 8, TPHCM",50.0,2,1,4,Sổ hồng,24/08/2025
"Quận 8, ngay cầu chữ Y, đi Quận 5 chỉ 2 phút, 44m2, nhỉnh 6 tỷ",6.9,"Dạ Nam, Phường 3, Quận 8, TPHCM",44.0,3,2,4,Sổ hồng,24/08/2025
"Quận 8 bán nhà khu dân cư hiện hữu, sổ hồng, 40m2 sử dụng, giá 2tỷ4 tl",2.4,"Hồ Thành Biên, Phường 4, Quận 8, TPHCM",20.5,2,2,2,Sổ hồng,24/08/2025
"Quận 8 bán đất, nhà cũ tiện xây, khu xd cao tầng,thông tứ tung,15.x tỷ",16.0,"Nguyễn Thị Tần, Phường 2, Quận 8, TPHCM",100.0,1,1,5,Sổ hồng,24/08/2025
"Quận 8 bán nhà kinh doanh tốt, ngang 4.6 dài 25.5m, giá 10.x tỷ",10.5,"Phạm Thế Hiển, Phường 4, Quận 8, TPHCM",118.0,3,2,4,Sổ hồng,24/08/2025
"Quận 8 bán nhà mới đẹp 4 tầng, 5on có pn trệt, hẻm xe hơi, 6.x tỷ",6.8,"Âu Dương Lân, Phường 3, Quận 8, TPHCM",66.0,5,5,7,Sổ hồng,24/08/2025
"Quận 8 bán 4 tầng, 102m2, 6phòng ngủ, gần Quận 5, Parc Mall, 7.x tỷ tl",7.5,"Phạm Thế Hiển, Phường 5, Quận 8, TPHCM",102.0,6,7,7,Sổ hồng,24/08/2025
Nhà Mặt Tiền Dương Bá Trạc QUẬN 8 4.5x15- NHỈNH 7 T.Ỷ,7.0,"Dương Bá Trạc, Phường 1, Quận 8, TPHCM",65.5,3,3,,Sổ hồng,21/08/2025
Nhà Mặt Tiền Bùi Minh Trực -Gần Chợ Giá Nhỉnh 11T.Ỷ,11.0,"Bùi Minh Trực, Phường 5, Quận 8, TPHCM",48.5,3,2,3,Sổ hồng,20/08/2025
Nhà Sát Hẻm Xe Hơi Dương BÁ Trạc QUẬN 8 4.5x12-3 TẦNG- NHỈNH 5 T.Ỷ,5.5,"Dương Bá Trạc, Phường 2, Quận 8, TPHCM",42.0,4,3,2,Sổ hồng,20/08/2025
Nhà mới 1T1L Phạm Thế Hiển P7 Q8 Giá 1Ty79,1.79,"Phạm Thế Hiển, Phường 7, Quận 8, TPHCM",56.0,2,2,,Sổ hồng,19/08/2025
"Nhà Cao Lỗ, Q8 – 40m², 3.19 tỷ 3PN, 2WC, Thuận tiện đi lại, sổ riêng",3.19,"102 Cao Lỗ, Phường 4, Quận 8, TPHCM",40.0,3,2,4,Sổ hồng,17/08/2025
Bán nhà HXH Âu Dương Lân Q.8 - 55 M2 - 3 tầng - 5.3 Tỷ,5.5,"Âu Dương Lân, Phường 2, Quận 8, TPHCM",54.0,3,2,,Sổ hồng,10/08/2025
"Nhà Mặt Tiền 3 Tầng ,Hưng Phú ,Chánh Hưng ,Cầu Chữ Y Chỉ Hơn 6 TỶ",6.2,"Trần Văn Thành, Phường 8, Quận 8, TPHCM",43.0,2,2,3,Sổ hồng,06/08/2025
"Bán Nhà Hẽm 1/ Mễ Cốc ,P.15, Q.8 , 27m2 , nhà cấp 4, 2.05 tỷ ( TL )",2.049,"Bến Mễ Cốc, Phường 15, Quận 8, TPHCM",27.0,1,1,,Sổ hồng,01/08/2025
"Nhà BÙI MINH TRỰC gần PHẠM THẾ HIỂN Q8 ,64m2,đất 80m2 ,3pn,chỉ 3 tỷ",3.8,"Bùi Minh Trực, Phường 6, Quận 8, TPHCM",63.0,3,1,3,Sổ hồng,24/07/2025
"Đất xấu bán nhà MT Đ. Hoành Ngân, P16, Q8 56m2 - 889tr",0.889,"Hoàng Ngân, Phường 16, Quận 8, TPHCM",56.0,4,3,,Sổ hồng,04/07/2025
"Bán luôn nhà tự MT Đ. Trương Đình Hội, P16, Q8 981tr - 71m2",0.981,"Trương Đình Hội, Phường 16, Quận 8, TPHCM",71.0,3,2,,Sổ hồng,04/07/2025
"Chủ mua căn hộ cần bán căn MT Đ. Trần Hưng Đạo, P11, Q5 68,8m2",1.071,"Cao Xuân Dục, Phường 12, Quận 8, TPHCM",68.0,2,2,,Sổ hồng,03/07/2025
"MT lô góc Lưu Hữu Phước 84m2 4x21 4 tầng vuông vức, view sông, 6.7 tỷ",6.7,"Lưu Hữu Phước, Phường 15, Quận 8, TPHCM",84.0,4,4,4,Sổ hồng,26/06/2025
"MT nội bộ Hoàng Ngân Q8, 320m2 16x20 vuông 3T có 25tr/th, 26.5 tỷ TL",26.5,"Hoàng Ngân, Phường 16, Quận 8, TPHCM",320.0,4,3,3,Sổ hồng,26/06/2025
"Mặt tiền Quận 8 gần Võ Văn Kiệt 105m2 3 tầng 4x26 , giá chỉ 7.8 tỷ TL",7.8,"Đường số 26, Phường 16, Quận 8, TPHCM",105.0,3,3,9,Sổ hồng,26/06/2025
"Mặt tiền Quận 8, 2410m2 thổ cư ngang 30m nở hậu tiện xây mới 100 tỷ TL",100.0,"Trương Đình Hội, Phường 16, Quận 8, TPHCM",2410.0,5,2,,Sổ hồng,26/06/2025
"Lô góc MT P4 gần UB Quận 8, 184m2 8x23 khu sầm uất Cao lỗ, 28.8 tỷ TL",0.028,"Phạm Nhữ Tăng, Phường 4, Quận 8, TPHCM",184.0,4,2,8,Sổ hồng,26/06/2025
"MTKD gần chợ P16 Q8 303m2, 6.2x38.5 nở hậu, có 20tr/th, giá 20 tỷ TL",20.0,"Trương Đình Hội, Phường 16, Quận 8, TPHCM",303.0,20,4,4,Sổ hồng,26/06/2025
"MTKD Cao Lỗ Q8 278m2, 7.6x37 7T CHDV 80P có 150tr/th, 42 tỷ TL, hiếm",42.0,"Cao Lỗ, Phường 4, Quận 8, TPHCM",278.0,80,80,26,Sổ hồng,26/06/2025
"Mặt tiền view sông Hoài Thanh Q8, 6x19 nở hậu HC đủ, giá 7.9 tỷ TL gấp",7.9,"Hoài Thanh, Phường 14, Quận 8, TPHCM",109.0,3,2,2,Sổ hồng,26/06/2025
"Đất 2515m MT Quận 8, 31x93 nở hậu,có 100tr/th, 2 mặt sông, 98 tỷ TL",98.0,"Phú Định, Phường 16, Quận 8, TPHCM",2515.0,10,2,3,Sổ hồng,26/06/2025
"MT view sông Mễ Cốc Q8 150m2, ngang 4 nở hậu, có 10tr/th, 10.2 tỷ TL",10.2,"Mễ Cốc, Phường 15, Quận 8, TPHCM",150.0,3,2,9,Sổ hồng,26/06/2025
"Nhà MTKD Q8 đường 12m, 100m2 5x20 SHR vuông đẹp ko LG, , nhỉnh 6 tỷ TL",6.35,"Đường số 1, Phường 16, Quận 8, TPHCM",100.0,1,1,6,Sổ hồng,26/06/2025
"MTKD chợ Phú Định Quận 8 110m2 5.2x21, 3T, kd ngày đêm, 9.7 tỷ TL, gấp",9.7,"Phạm Đức Sơn, Phường 16, Quận 8, TPHCM",100.0,4,3,7,Sổ hồng,26/06/2025
"2 Mặt tiền An Dương Vương Q8 500m2, 12.5x40 ngang khủng , chỉ 30 tỷ TL",30.0,"An Dương Vương, Phường 16, Quận 8, TPHCM",500.0,6,6,,Sổ hồng,26/06/2025
"MTKD ngay chợ Q8 156m2 5.2x30 nở hậu tiện xây mới, giá nhỉnh 9 tỷ TL",9.7,"Mễ Cốc, Phường 15, Quận 8, TPHCM",156.0,3,1,,Sổ hồng,26/06/2025
"Bán Nhà MT siêu đẹp Quận 8 149m2 4.8x32, 5PN, hồ cá Koi chỉ 11.5 tỷ TL",11.5,"Mai Hắc Đế, Phường 15, Quận 8, TPHCM",149.0,5,5,6,Sổ hồng,26/06/2025
"Mặt tiền ngay Ehome3 Q8, 100m2 ngang 5m SHR vuông vức, giá 9.5 tỷ TL",9.5,"Đường số 2, Phường 16, Quận 8, TPHCM",100.0,4,4,12,Sổ hồng,26/06/2025
"Biệt Thự Siêu VIP 190m² Mặt Tiền 10x19 Đường 20m Q8, giá 18 tỷ TL",18.0,"Đường số 2, Phường 16, Quận 8, TPHCM",190.0,4,4,3,Sổ hồng,26/06/2025
"MTKD An Dương Vương Q8, 1240m2 ngang 16m có 150tr/th, chỉ 55 tỷ TL",55.0,"An Dương Vương, Phường 16, Quận 8, TPHCM",1240.0,6,2,38,Sổ hồng,26/06/2025
Bán nhà khu vip Dương Bá Trạc ngay Trung Tâm Q8,5.0,"Dương Bá Trạc, Phường 2, Quận 8, TPHCM",48.0,3,3,3,Sổ hồng,20/06/2025
Bán Nhà Đường Dương Bá Trạc Q8 gần cầu Nguyễn Văn Cừ,4.0,"Dương Bá Trạc, Phường 1, Quận 8, TPHCM",42.0,3,2,3,Sổ hồng,20/06/2025
Bán Nhà gần đường Tạ Quang Bửu Q8 ngay bến xe Q8,2.9,"Tạ Quang Bửu, Phường 6, Quận 8, TPHCM",42.0,3,3,,Sổ hồng,20/06/2025
Bán gấp nhà Phạm thế Hiển p5 Q8 gần siêu thị Parc Mall,4.2,"Phạm Thế Hiển, Phường 5, Quận 8, TPHCM",90.0,5,3,,Sổ hồng,20/06/2025
Nhà đẹp hẻm xe hơi thoáng mát rộng rãi đường Âu Dương Lân gần cầu ChữY,5.6,"Âu Dương Lân, Phường 2, Quận 8, TPHCM",114.0,4,4,,Sổ hồng,20/06/2025
"Bán nhanh siêu phẩm nhà vuông vức 2 tỷ 550 triệu ở Dương Bá Trạc, Q8 1",2.55,"Dương Bá Trạc, Phường 1, Quận 8, TPHCM",65.0,3,3,1,Sổ hồng,14/06/2025
"Bán nhà 4 tầng 102m2 đường Phạm thế Hiển, Quận 8 giá nhỉnh 7 tỷ.",7.0,"Phạm Thế Hiển, Phường 5, Quận 8, TPHCM",102.0,5,5,8,Sổ hồng,13/06/2025
Mặt Tiền Tạ Quang Bửu Phạm Hùng Q8 ( 4 * 16 ) 4 Lầu 17 Tỷ,17.0,"Phạm Hùng, Phường 5, Quận 8, TPHCM",64.0,6,6,8,Sổ hồng,12/06/2025
"Nhà đẹp giá tốt Phạm Thế Hiển,P6,Q8.Giá 3tỷ620tr.DT: 80m2.SHR",3.62,"Phạm Thế Hiển, Phường 6, Quận 8, TPHCM",80.0,3,4,4,Sổ hồng,09/06/2025
"Bán nhà hẻm như mặt tiền phú định, q8 – kinh doanh đa ngành – chỉ hơn",5.15,"Phú Định, Phường 16, Quận 8, TPHCM",43.0,2,2,2,Sổ hồng,09/06/2025
Nhà mới 70m2 4x17 phú định quận 8 2 tầng 4pn tl hẻm 8m chỉ 4 đồng xíu,4.3,"Phú Định, Phường 16, Quận 8, TPHCM",70.0,4,2,4,Sổ hồng,09/06/2025
"Chủ định cư bán gấp nhà Bùi Minh Trực, Q8, DT 60m2 GIÁ 2TỶ850TR",2.85,"Bùi Minh Trực, Phường 5, Quận 8, TPHCM",60.0,3,4,3,Sổ hồng,29/05/2025
"Bán nhà đẹp hẻm Dương Bá Trạc, p2, Q8, DT 52m2 GIÁ 2TỶ250TR",2.25,"Dương Bá Trạc, Phường 2, Quận 8, TPHCM",52.0,3,4,2,Sổ hồng,29/05/2025
"Bán gấp nhà gần mặt tiền đường Phạm Thế Hiển, DT 52m2 GIÁ 2TỶ680TR",2.68,"Phạm Thế Hiển, Phường 6, Quận 8, TPHCM",52.0,2,3,,Sổ hồng,29/05/2025
Bán nhà hẻm Phạm Thế Hiển – Giá 4.1 tỷ – 3PN – Tiềm năng tăng giá cực,4.1,"2941 Phạm Thế Hiển, Phường 7, Quận 8, TPHCM",56.7,3,2,2,Sổ hồng,23/05/2025
Nhà mặt tiền Lương Văn Can - 50 m² - nhỉnh 3 tỷ - bán gấp,3.8,"Lương Văn Can, Phường 15, Quận 8, TPHCM",50.0,4,3,3,Sổ hồng,20/05/2025
"Nhà phố đúc kiên cố 2 tầng – hẻm Phạm Thế Hiển Quận 8, Nội bộ, An Ninh",4.6899999999999995,"Phạm Thế Hiển, Phường 7, Quận 8, TPHCM",59.1,2,1,2,Sổ hồng,14/05/2025
"GIÁ SIÊU HỜI NHẤT KHU 158 Bùi Minh Trực, P.5, Q.8 80m2/2tỷ850triệu SHR",2.85,"Bùi Minh Trực, Phường 5, Quận 8, TPHCM",80.0,4,4,4,Sổ hồng,05/05/2025
"GẤP!Chính chủ cần ra nhà đ.Nguyễn Thị Thập,70m2, 3tỷ350, sổ riêng.",3.35,"Âu Dương Lân, Phường 2, Quận 8, TPHCM",70.0,4,3,2,Sổ hồng,05/05/2025
"Nhà Bán Hẻm vị trí đẹp Âu Dương Lân P3 Q8, 100m2, 3Ty2,sổ hồng riêng.",3.2,"Âu Dương Lân, Phường 3, Quận 8, TPHCM",100.0,3,2,2,Sổ hồng,05/05/2025
"Bán căn A.D.Vương P.16 Q8, Dt 72m2, giá 3ty950, sổ sẵn",3.95,"An Dương Vương, Phường 16, Quận 8, TPHCM",72.0,4,3,3,Sổ hồng,05/05/2025
Nhà ngộp Quận 52.6m2/1tỷ900tr đường Âu Dương Lân-P. 2-Quận 8 SHR,1.9,"Âu Dương Lân, Phường 2, Quận 8, TPHCM",52.6,3,3,3,Sổ hồng,05/05/2025
"Nhà Đẹp Bán Gấp Căn 70m2 Lưu Hữu Phước P15 Q 8,SHR,Giá 2 tỷ550",2.55,"Lưu Hữu Phước, Phường 15, Quận 8, TPHCM",70.0,3,3,5,Sổ hồng,03/05/2025
Quận 8 -Hẻm xe hơi 6 tầng -Có thang máy nhỉnh 13 tỷ,13.0,"Phạm Hùng, Phường 5, Quận 8, TPHCM",72.0,8,9,6,Sổ hồng,25/04/2025
Thiếu tiền bán gấp nhà DT 60m2/ 1TY130 Bông Sao Q. 8 - sổ riêng.,1.13,"Bông Sao, Phường 5, Quận 8, TPHCM",60.0,3,3,,Sổ hồng,24/04/2025
Vỡ Nợ Bán nhà 60m2/1TY130 - Hưng Phú Q8 sổ riêng cho thuê 9 Triệu,1.13,"Hưng Phú, Phường 8, Quận 8, TPHCM",60.0,3,3,2,Sổ hồng,24/04/2025
"Vỡ nợ bán nhà 60m2/1TY050 - Hưng Phú Q8 sổ riêng, cho thuê 8 TRIỆU lh",1.05,"Hưng Phú, Phường 8, Quận 8, TPHCM",60.0,3,3,2,Sổ hồng,24/04/2025
"Vỡ nợ bán nhà Tạ Quang Bửu 65m2/1TY350 gần CC Bông Sao, sổ hồng",1.35,"Tạ Quang Bửu, Phường 5, Quận 8, TPHCM",65.0,3,3,2,Sổ hồng,24/04/2025
"Cần tiền trả nợ bán nhà 1T1L 63m2 GIÁ 820 Triệu Nguyễn Thị Tần, Q8",0.82,"Nguyễn Thị Tần, Phường 2, Quận 8, TPHCM",63.0,3,3,,Sổ hồng,24/04/2025
"Chia tài sản bán nhà 65m2/1TY220 Âu Dương Lân, Q8 gần Ubnd- P3 - SHR",1.22,"Âu Dương Lân, Phường 3, Quận 8, TPHCM",60.0,3,3,,Sổ hồng,24/04/2025
Bán Nhà Mặt Tiền Đường Man Thiên Ngay Trường Bưu Chính Viễn Thông,8.3,"Man Thiện, Phường Hiệp Phú, Quận 9 (TP. Thủ Đức), TPHCM",45.0,1,1,,Sổ hồng,25/11/2025
"Bán Dãy Nhà Trọ 144m2 Mặt Tiền Trương Văn Thành, P. Hiệp Phú",16.0,"Trương Văn Thành, Phường Hiệp Phú, Quận 9 (TP. Thủ Đức), TPHCM",135.0,8,8,,Sổ hồng,25/11/2025
"Nhà Cấp 4, DT 120m2 Ngang 5,25m, Măt Tiền Trương Văn Thành, Hiệp Phú",11.0,"Trương Văn Thành, Phường Hiệp Phú, Quận 9 (TP. Thủ Đức), TPHCM",94.0,1,1,,Sổ hồng,25/11/2025
Bán Dãy Nhà Trọ 156m2 Đường Võ Văn Hát Gần Trường Tài Chính Marketting,6.99,"Võ Văn Hát, Phường Long Trường, Quận 9 (TP. Thủ Đức), TPHCM",156.0,8,8,,Sổ hồng,25/11/2025
Nhà 1 Trệt 1 Lầu Ngay Chợ Đường 339 Phước Long B,5.8,"339, Phường Phước Long B, Quận 9 (TP. Thủ Đức), TPHCM",59.0,2,2,,Sổ hồng,25/11/2025
"Nhà 1 Trệt 1 Lửng 3PN, Đ. Man Thiện Ngay Trường Bưu Chính Viễn Thông",5.95,"Man Thiện, Phường Tăng Nhơn Phú A, Quận 9 (TP. Thủ Đức), TPHCM",47.0,3,2,2,Sổ hồng,25/11/2025
"Bán Đất 201m2 Ngang 8m Đường 147 Ngay Chợ Hoa Cau, Phước Long B",18.5,"Đường số 147, Phường Phước Long B, Quận 9 (TP. Thủ Đức), TPHCM",201.0,7,7,,Sổ hồng,25/11/2025
"Nhà 1 Trệt 5 Lầu 2 Mặt Tiền Đường Nguyễn Duy Trinh, Phường Phú Hữu",23.0,"Nguyễn Duy Trinh, Phường Phú Hữu, Quận 9 (TP. Thủ Đức), TPHCM",186.0,10,5,10,Sổ hồng,25/11/2025
Nhà 1 Trệt 2 Lầu MT Đường 13 Nguyễn Văn Tăng Ngay Trường Nguyễn Huệ,13.5,"Nguyễn Văn Tăng, Phường Long Thạnh Mỹ, Quận 9 (TP. Thủ Đức), TPHCM",102.0,5,3,3,Sổ hồng,25/11/2025
"Nhà 1 Trệt 2 Lầu Góc 2 MT Đường 4 Nguyễn Duy Trinh, P. Long Trường",7.7,"Đường số 4, Phường Long Trường, Quận 9 (TP. Thủ Đức), TPHCM",104.0,5,5,3,Sổ hồng,25/11/2025
"Bán Nhà Cấp 4, DT 126,5m2, 2 MT Trước Sau Đường 319 Hoàng Hữu Nam",7.2,"Hoàng Hữu Nam, Phường Tân Phú, Quận 9 (TP. Thủ Đức), TPHCM",126.0,2,1,,Sổ hồng,25/11/2025
"Bán Nhà 1 Trệt 3 Lầu Mặt Tiền Đường 4 Nguyễn Duy Trinh, Long Trường",9.0,"Đường số 4, Phường Long Trường, Quận 9 (TP. Thủ Đức), TPHCM",140.0,4,5,4,Sổ hồng,25/11/2025
"Bân nhà 2 lầu hẻm xe hơi, đường số 6P long bình, tp thủ đức",3.85,"Đường số 6, Phường Long Bình, Quận 9 (TP. Thủ Đức), TPHCM",52.0,2,2,,Sổ hồng,25/11/2025
SẢN PHẨM ĐẦU TƯ. Mặt tiền đường Man Thiện- Quận 9. DT: 5x20. Giá 9 tỷ,10.0,"Man Thiện, Phường Tăng Nhơn Phú A, Quận 9 (TP. Thủ Đức), TPHCM",100.0,5,5,2,Sổ hồng,25/11/2025
"Bán Nhà mặt tiền đường Huy Cận, KDC Gia Hoà 100m2 giá 18 tỷ SHR",18.0,"Đỗ Xuân Hợp, Phường Phước Long B, Quận 9 (TP. Thủ Đức), TPHCM",100.0,4,5,2,Sổ hồng,25/11/2025
Bán Biệt Thự ngang 15m đường Liên Phường Quận 9 DT 270m2 giá 27 tỷ,27.0,"Liên Phường, Phường Phước Long B, Quận 9 (TP. Thủ Đức), TPHCM",270.0,4,5,2,Sổ hồng,25/11/2025
"Bán Biệt Thự đường Liên Phường Quận 9, DT 180m2 (10mx18m) giá 22 tỷ",22.0,"Liên Phường, Phường Phước Long B, Quận 9 (TP. Thủ Đức), TPHCM",180.0,5,6,3,Sổ hồng,25/11/2025
Bán Nhà Mặt tiền Nguyễn Đình Thi Gia Hoà Quận 9 DT 180m2 giá 26 tỷ ạ,26.0,"Đỗ Xuân Hợp, Phường Phước Long B, Quận 9 (TP. Thủ Đức), TPHCM",180.0,4,5,3,Sổ hồng,25/11/2025
"Chủ gấp bán - Giá ra nhanh 4,5 tỷ thương lượng - 2 tầng - HXH - PhúHữu",4.5,"Gò Cát, Phường Phú Hữu, Quận 9 (TP. Thủ Đức), TPHCM",53.0,3,2,,Sổ hồng,25/11/2025
Bán Nhà Mặt Tiền View Hồ 148m2 Đường 15 Long Bình Kế Bên GA Metro 1,5.3,"Đường 15, Phường Long Bình, Quận 9 (TP. Thủ Đức), TPHCM",148.0,2,2,,Sổ hồng,25/11/2025
"Bán Nhà Đẹp 2 Tầng Đường Xe Hơi 10m - 52m2, Long Phước, Quận 9 Cũ",3.35,"Long Phước, Phường Long Phước, Quận 9 (TP. Thủ Đức), TPHCM",52.0,2,2,4,Sổ hồng,25/11/2025
"Bán Nhà 4 Tầng Hẻm Xe Hơi 5m, 68.3m2, Nguyễn Duy Trinh, Long Trường",6.5,"Nguyễn Duy Trinh, Phường Long Trường, Quận 9 (TP. Thủ Đức), TPHCM",68.3,4,5,4,Sổ hồng,25/11/2025
Bán Nhà 3 Tầng Hẻm Xe Hơi 5m Đường Số 8 Gần Vinhomes Grand Park - 56m2,5.8,"Đường số 8, Phường Trường Thạnh, Quận 9 (TP. Thủ Đức), TPHCM",56.0,4,3,6,Sổ hồng,25/11/2025
Bán Nhà 2 Tầng Hẻm Xe Hơi Đường Số 8 Gần Vinhomes - 64m2 (4m x 16m),4.5,"Đường số 8, Phường Trường Thạnh, Quận 9 (TP. Thủ Đức), TPHCM",64.0,2,3,4,Sổ hồng,25/11/2025
"Bán Nhà Đẹp Hẻm Xe Hơi 6m - 55.6m2 - 2 Tầng, Đường 102 Tăng Nhơn Phú A",6.2,"Đường số 102, Phường Tăng Nhơn Phú A, Quận 9 (TP. Thủ Đức), TPHCM",55.6,2,2,4,Sổ hồng,25/11/2025
"Bán Nhà 3 Tầng Hẻm Xe Hơi Phước Thiện Quận 9 Sát Vinhomes - 62m2, 4PN",5.0,"Phước Thiện, Phường Long Bình, Quận 9 (TP. Thủ Đức), TPHCM",62.0,4,3,8,Sổ hồng,25/11/2025
"Nhà Hẻm Xe Hơi 54.2m2(4.2 x 13) 2 Tầng, 3PN Đường 160, Tăng Nhơn Phú A",5.25,"Đường số 160, Phường Tăng Nhơn Phú A, Quận 9 (TP. Thủ Đức), TPHCM",54.2,3,2,3,Sổ hồng,25/11/2025
"Nhà Hẻm Xe Hơi Đường 160 Lã Xuân Oai, 75.6m2, 3 TẦNG, TĂNG NHƠN PHÚ A",6.8,"Đường số 160, Phường Tăng Nhơn Phú A, Quận 9 (TP. Thủ Đức), TPHCM",75.6,3,4,9,Sổ hồng,25/11/2025
"Bán CHDV 15 Phòng Dòng Tiền 45tr/th - 5 Tầng, 164.5m2 (6x18) Nở Hậu",11.0,"Nam Cao, Phường Tân Phú, Quận 9 (TP. Thủ Đức), TPHCM",164.5,15,15,10,Sổ hồng,25/11/2025
🏢Bán Tòa CHDV 4 Tầng - 80 Phòng Dòng Tiền 250triệu/tháng - Võ Văn Hát,88.0,"Võ Văn Hát, Phường Long Trường, Quận 9 (TP. Thủ Đức), TPHCM",3469.5,80,80,8,Sổ hồng,25/11/2025
"🏠 Bán Nhà Góc 2 Mặt Tiền 104.6m2 (5.5 X 19), 3 Tầng, Nguyễn Duy Trinh",7.7,"Nguyễn Duy Trinh, Phường Long Trường, Quận 9 (TP. Thủ Đức), TPHCM",104.6,3,4,6,Sổ hồng,25/11/2025
Bán Nhà 3 Tầng Hẻm Xe Hơi 5m - 82m2 (4.5m x 18.2m) - Nguyễn Xiển,5.2,"Nguyễn Xiển, Phường Long Thạnh Mỹ, Quận 9 (TP. Thủ Đức), TPHCM",82.0,4,2,6,Sổ hồng,25/11/2025
"🏡 Bán Nhà 4 Tầng Đường Xe Hơi 8m, 52m2, Ngay Vinhomes Nguyễn Xiển Q9",5.68,"Nguyễn Xiển, Phường Long Thạnh Mỹ, Quận 9 (TP. Thủ Đức), TPHCM",52.0,4,5,8,Sổ hồng,25/11/2025
"Nhà Đường Xe Hơi 8m - 111m2 (4,5x25) 3 Tầng, Đường 6, Long Bình, Quận9",6.55,"Đường số 6, Phường Long Bình, Quận 9 (TP. Thủ Đức), TPHCM",111.1,3,2,5,Sổ hồng,25/11/2025
"Nhà Mặt Tiền 4 Tầng, 85m2 (4.5x18.9), Đường 236 Lã Xuân Oai, TNP A, Q9",7.4,"Đường số 236, Phường Tăng Nhơn Phú A, Quận 9 (TP. Thủ Đức), TPHCM",85.0,5,3,8,Sổ hồng,25/11/2025
🌟 Bán Nhà 3 Tầng Mới Tinh Đường 7m - Nguyễn Xiển Ngay Vinhomes Quận 9,5.1,"Nguyễn Xiển, Phường Trường Thạnh, Quận 9 (TP. Thủ Đức), TPHCM",50.1,4,3,6,Sổ hồng,25/11/2025
"🏡 Bán Nhà Hẻm Xe Hơi Nguyễn Duy Trinh 104m2 (9.6m x 11.3m), 2 Tầng",5.95,"Nguyễn Duy Trinh, Phường Long Trường, Quận 9 (TP. Thủ Đức), TPHCM",104.0,5,4,4,Sổ hồng,25/11/2025
"🏡 Bán Nhà Hẻm Xe Hơi Võ Văn Hát 60m2 (4x15) 3 Tầng, 5PN - Long Trường",5.0,"Võ Văn Hát, Phường Long Trường, Quận 9 (TP. Thủ Đức), TPHCM",60.0,5,2,6,Sổ hồng,25/11/2025
"Bán Nhà Mặt Tiền Man Thiện 132m2(5x26) 4 Tầng Hiệp Phú, Quận 9",17.5,"Man Thiện, Phường Hiệp Phú, Quận 9 (TP. Thủ Đức), TPHCM",132.0,6,3,8,Sổ hồng,25/11/2025
"Bán Nhà Hẻm Xe Tải 6m - 117m2 (6.5x20) 2 Tầng, 9 Phòng Trọ, Đường số 2",7.99,"Đường số 2, Phường Tăng Nhơn Phú B, Quận 9 (TP. Thủ Đức), TPHCM",117.0,9,9,4,Sổ hồng,25/11/2025
"Bán Nhà Mặt Tiền Cầu Xây 2 - 100m2 (4x25), Kinh Doanh Đa Ngành, Quận 9",7.3,"Cầu Xây 2, Phường Tân Phú, Quận 9 (TP. Thủ Đức), TPHCM",100.0,4,2,,Sổ hồng,25/11/2025
"🏡 Bán Nhà Đường Xe Hơi 6m - 70m2 (5.7x12.3) 2 Tầng, Đường Cầu Xây, Q9",5.3,"Cầu xây, Phường Tân Phú, Quận 9 (TP. Thủ Đức), TPHCM",70.0,2,2,4,Sổ hồng,25/11/2025
Bán Nhà Hẻm Xe Hơi 5m - 60m2 (4x15) 2 Tầng - Hoàng Hữu Nam - Gần Metro,4.7,"Hoàng Hữu Nam, Phường Long Thạnh Mỹ, Quận 9 (TP. Thủ Đức), TPHCM",60.0,2,2,3,Sổ hồng,25/11/2025
Bán Nhà Mặt Tiền Làng Tăng Phú 84m2 (4m x 21m) Vị Trí Vàng Kinh Doanh,7.7,"Làng Tăng Phú, Phường Tăng Nhơn Phú A, Quận 9 (TP. Thủ Đức), TPHCM",84.0,2,1,,Sổ hồng,25/11/2025
"Bán Nhà 2 Tầng Hẻm Xe Hơi 5m - 124m2 - Nguyễn Văn Tăng, Long Thạnh Mỹ",6.9,"Nguyễn Văn Tăng, Phường Long Thạnh Mỹ, Quận 9 (TP. Thủ Đức), TPHCM",124.0,4,4,4,Sổ hồng,25/11/2025
"🔥 Bán Nhà Mới Siêu Đẹp Hẻm Xe Hơi 6m, Đường 160, Tăng Nhơn Phú A",8.2,"Đường số 160, Phường Tăng Nhơn Phú A, Quận 9 (TP. Thủ Đức), TPHCM",81.0,4,5,3,Sổ hồng,25/11/2025
"Bán Nhà Mặt Tiền Nguyễn Xiển 267m2 (7,8m x 30m) Kế Bên Vinhomes",19.5,"Nguyễn Xiển, Phường Long Bình, Quận 9 (TP. Thủ Đức), TPHCM",267.2,2,2,,Sổ hồng,25/11/2025
"Nhà 1 Trệt 3 Lầu 5PN, Hẻm 41 Đường Gò Cát, Phú Hữu, Quận 9",5.6,"Gò Cát, Phường Phú Hữu, Quận 9 (TP. Thủ Đức), TPHCM",55.0,5,5,3,Sổ hồng,25/11/2025
"Nhà 1 Trệt 1 Lầu, DT 232m2, Mặt Tiền Đường Cầu Xây 2, P. Tân Phú",14.4,"Cầu xây 2, Phường Tân Phú, Quận 9 (TP. Thủ Đức), TPHCM",192.0,3,3,,Sổ hồng,25/11/2025
"Bán Nhà Cấp 4,DT 118m2 Mặt Tiền Đường Nguyễn Xiển Đối Diện Vinhome Q9",14.5,"Nguyễn Xiển, Phường Long Thạnh Mỹ, Quận 9 (TP. Thủ Đức), TPHCM",118.0,2,1,,Sổ hồng,25/11/2025
"Nhà 1 Trệt 3 Lầu, 2 Mặt Tiền Hẻm Đường 10 Phường Tăng Nhơn Phú B",7.5,"Đường số 10, Phường Tăng Nhơn Phú B, Quận 9 (TP. Thủ Đức), TPHCM",72.0,4,3,4,Sổ hồng,25/11/2025
Bán Nhà 1 Trệt 3 Lầu Đường Số 4 Nguyễn Xiển Gần VinHomes,4.7,"Đường số 4, Phường Long Thạnh Mỹ, Quận 9 (TP. Thủ Đức), TPHCM",60.0,4,4,7,Sổ hồng,25/11/2025
"Nhà 1 Trệt 1 Lững 2 Lầu,DT 178m2 Ngang 10m MT Trương Văn Thành, P.HPhú",22.7,"Trương Văn Thành, Phường Hiệp Phú, Quận 9 (TP. Thủ Đức), TPHCM",178.0,5,5,3,Sổ hồng,25/11/2025
"Bán Nhà 1 Trệt 1 Lầu Mặt Tiền Đường Ngô Quyền, P. Hiệp Phú",12.5,"Ngô Quyền, Phường Hiệp Phú, Quận 9 (TP. Thủ Đức), TPHCM",85.0,2,2,4,Sổ hồng,25/11/2025
"Nhà 1 Trệt 3 Lầu Mặt Tiền Đường Ngô Quyền, Phường Hiệp Phú, Quận 9",9.0,"Ngô Quyền, Phường Hiệp Phú, Quận 9 (TP. Thủ Đức), TPHCM",52.0,3,3,3,Sổ hồng,25/11/2025
"Nhà 1 Trệt 1 Lầu,DT 87m2 Ngang 5m Đường Trịnh Hoài Đức, Hiệp Phú, Q9",8.5,"Trịnh Hoài Đức, Phường Hiệp Phú, Quận 9 (TP. Thủ Đức), TPHCM",87.0,3,2,,Sổ hồng,25/11/2025
"Nhà 1 Trệt 1 Lầu, DT Đất 93m2 Đường 297 Đỗ Xuân Hợp, Phước Long B. Q9",7.2,"Đường số 297, Phường Phước Long B, Quận 9 (TP. Thủ Đức), TPHCM",93.0,3,2,4,Sổ hồng,25/11/2025
Bán Nhà 3 Tầng Hẻm Xe Hơi 6m - 61.6m2 (4x15.5) Kế Vinhomes Nguyễn Xiển,5.6,"Nguyễn Xiển, Phường Long Bình, Quận 9 (TP. Thủ Đức), TPHCM",61.6,3,4,6,Sổ hồng,25/11/2025
"Bán Nhà Hẻm Xe Hơi - 32m2 - 2 Tầng, Nguyễn Duy Trinh, Long Trường",2.25,"Nguyễn Duy Trinh, Phường Long Trường, Quận 9 (TP. Thủ Đức), TPHCM",32.0,1,1,4,Sổ hồng,25/11/2025
"Bán Nhà Hẻm Xe Hơi 86m2 (6m x 12m) Nở Hậu, Cầu Xây, Tân Phú, Quận 9",4.25,"Cầu xây, Phường Tân Phú, Quận 9 (TP. Thủ Đức), TPHCM",86.0,2,1,,Sổ hồng,25/11/2025
"Bán Nhà Đẹp Hẻm Xe Hơi 5m - 142.4m2 Hoàng Hữu Nam, GẦN METRO 1",6.95,"Hoàng Hữu Nam, Phường Long Thạnh Mỹ, Quận 9 (TP. Thủ Đức), TPHCM",132.4,4,2,2,Sổ hồng,25/11/2025
"Bán Nhà Mặt Tiền Đường 379 - 120m2 (4,59m x 26,2m) Tăng Nhơn Phú A, Q9",8.7,"Đường số 379, Phường Tăng Nhơn Phú A, Quận 9 (TP. Thủ Đức), TPHCM",120.0,1,1,,Sổ hồng,25/11/2025
Bán Nhà Đẹp Hẻm Xe Hơi 54m2(4.3x12.5) 4 Tầng Đường 160 Tăng Nhơn Phú A,6.5,"Đường số 160, Phường Tăng Nhơn Phú A, Quận 9 (TP. Thủ Đức), TPHCM",54.0,4,5,8,Sổ hồng,25/11/2025
"🔥Bán Nhà Hẻm Xe Hơi 5m Lò Lu, 97m2 (4mx24.3m) Gần Vinhomes Grand Park",6.4,"Lò Lu, Phường Trường Thạnh, Quận 9 (TP. Thủ Đức), TPHCM",97.0,2,1,,Sổ hồng,25/11/2025
"🏡 Bán Nhà Căn Góc 3 Tầng, 40m2 (5.42m x 7.64m), 4PN, Lã Xuân Oai",3.85,"Lã Xuân Oai, Phường Long Trường, Quận 9 (TP. Thủ Đức), TPHCM",40.0,4,3,6,Sổ hồng,25/11/2025
"🏡Bán Biệt Thự Căn Góc 135.6m2 (8.5 x 16.5), 4 Tầng, Khu TĐC Long Sơn",7.79,"Nguyễn Xiển, Phường Long Bình, Quận 9 (TP. Thủ Đức), TPHCM",135.6,4,5,3,Sổ hồng,25/11/2025
"🌟 Bán Nhà Hẻm Xe Hơi Lò Lu 96m2 (6x16), 2 Tầng, 3PN, Trường Thạnh",4.95,"Lò Lu, Phường Trường Thạnh, Quận 9 (TP. Thủ Đức), TPHCM",96.0,3,3,4,Sổ hồng,25/11/2025
"🏡 Bán Nhà Căn Góc 2 Mặt Tiền Đường 8m Nguyễn Duy Trinh, 4 Tầng, 80m2",6.4,"Nguyễn Duy Trinh, Phường Long Trường, Quận 9 (TP. Thủ Đức), TPHCM",80.1,4,3,7,Sổ hồng,25/11/2025
"🏡Bán Nhà Hẻm Xe Hơi 6m - 76.4m2 (4.5x17) 2 Tầng, 3PN, Lã Xuân Oai",5.9,"Lã Xuân Oai, Phường Tăng Nhơn Phú A, Quận 9 (TP. Thủ Đức), TPHCM",76.4,3,3,4,Sổ hồng,25/11/2025
"💥Căn Hộ Dịch Vụ 20 Phòng - Dòng Tiền 80tr/th, 262m2, Hoàng Hữu Nam",18.0,"Hoàng Hữu Nam, Phường Tân Phú, Quận 9 (TP. Thủ Đức), TPHCM",262.6,20,21,8,Sổ hồng,25/11/2025
"Bán Đất mặt tiền đường D1 Man Thiện ,Hiệp Phú .Q9 - DT :105m2 (5x21)",9.8,"Đường D1, Phường Hiệp Phú, Quận 9 (TP. Thủ Đức), TPHCM",105.0,1,1,,Sổ hồng,25/11/2025
Bán Tòa Nhà 4 Tầng Mặt Tiền Hoàng Hữu Nam Đối Diện Metro và Bến Xe MĐ,24.0,"Hoàng Hữu Nam, Phường Long Bình, Quận 9 (TP. Thủ Đức), TPHCM",200.0,4,3,11,Sổ hồng,25/11/2025
"Bán nhà 1 trệt 1 lầu đường số 8 Lò Lu, trường thạnh, kế đông tăng long",4.2,"Đường số 8, Phường Trường Thạnh, Quận 9 (TP. Thủ Đức), TPHCM",64.0,2,2,2,Sổ hồng,25/11/2025
"Bán Nhà Hẻm Xe Hơi Mạc Hiển Tích, 56.4m2 (4 x 14), Gần Vinhomes Quận 9",3.5,"Mạc Hiển Tích, Phường Long Bình, Quận 9 (TP. Thủ Đức), TPHCM",56.4,2,1,,Sổ hồng,25/11/2025
"Bán Nhà 1 trệt + 2 Lầu. Liền kề Đông Tăng Long - đường số 8 Lò Lu, Q9",5.8,"Lò Lu, Phường Trường Thạnh, Quận 9 (TP. Thủ Đức), TPHCM",56.0,4,4,3,Sổ hồng,25/11/2025
"Biệt Thự Siêu Đẹp 865m2 (19m x 46m) Đường 8m, Hoàng Hữu Nam, Quận 9",35.5,"Hoàng Hữu Nam, Phường Tân Phú, Quận 9 (TP. Thủ Đức), TPHCM",865.0,9,10,,Sổ hồng,25/11/2025
"Bán Nhà Hẻm Xe Hơi 5m, Đường 339, 86m2 (5x17), 4 Tầng, Phước Long B",8.8,"Đường số 339, Phường Phước Long B, Quận 9 (TP. Thủ Đức), TPHCM",86.2,5,5,8,Sổ hồng,25/11/2025
"Bán Nhà Hẻm Xe Hơi KIA, 84m2(5x17), 3 Tầng,4PN, Lê Văn Việt, Hiệp Phú",6.3,"Lê Văn Việt, Phường Hiệp Phú, Quận 9 (TP. Thủ Đức), TPHCM",84.0,4,3,6,Sổ hồng,25/11/2025
"Bán nhà trục chính hẻm 68 DIAMOND TOWN Bưng Ông Thoàn, Phú Hữu, Q9",7.7,"Bưng Ông Thoàn, Phường Phú Hữu, Quận 9 (TP. Thủ Đức), TPHCM",63.0,4,4,4,Sổ hồng,25/11/2025
"🏡 Bán Nhà Đường Xe Hơi 6m - 130m2(5x24.6) Cầu Xây 2, Tân Phú, Quận 9",6.9,"Cầu xây 2, Phường Tân Phú, Quận 9 (TP. Thủ Đức), TPHCM",115.5,3,2,,Sổ hồng,25/11/2025
"Bán Nhà 1 Trệt 1 Lầu Đường 160 Lã Xuân Oai, TNP A, Q9 - DT: 67.5m2",6.3,"Đường 160, Phường Tăng Nhơn Phú A, Quận 9 (TP. Thủ Đức), TPHCM",67.5,3,3,2,Sổ hồng,25/11/2025
"Bán Nhà Hẻm Xe Hơi 6m - 134m2 (8,2m x 16,3m), 2 Tầng, Đường Lò Lu",8.0,"Lò Lu, Phường Trường Thạnh, Quận 9 (TP. Thủ Đức), TPHCM",134.2,9,7,6,Sổ hồng,25/11/2025
"Bán nhà đường 102 Lã Xuân Oai, TNP. A, Quận 9. - DT : 4.3 x 19m",5.9,"Đường số 102, Phường Tăng Nhơn Phú A, Quận 9 (TP. Thủ Đức), TPHCM",83.0,2,2,,Sổ hồng,25/11/2025
"Bán Nhà 3 Tầng Hẻm Xe Hơi 6m - 93.7m2 Đình Phong Phú, Tăng Nhơn Phú B",7.2,"Đình Phong Phú, Phường Tăng Nhơn Phú B, Quận 9 (TP. Thủ Đức), TPHCM",93.7,3,3,6,Sổ hồng,25/11/2025
"bán nhà lầu khu Kiến Thiết. Hiệp Phú, Q9 - DT : 5 x 17.7 = 89m2",8.5,"Trịnh Hoài Đức, Phường Hiệp Phú, Quận 9 (TP. Thủ Đức), TPHCM",89.0,2,3,,Sổ hồng,25/11/2025
"💥Bán Khách Sạn Kế Bên Suối Tiên 95m2 (6.12 x 16.47), 6 Tầng, 14 Phòng",10.0,"Xa Lộ Hà Nội, Phường Tân Phú, Quận 9 (TP. Thủ Đức), TPHCM",95.0,14,14,11,Sổ hồng,25/11/2025
"Bán đất góc 2 mặt hẻm , mặt tiền đường 175 , TNPB Q9 - DT: 163.2m2",9.0,"Đường số 2, Phường Tăng Nhơn Phú B, Quận 9 (TP. Thủ Đức), TPHCM",170.0,,,,Sổ hồng,25/11/2025
Bán Nhà Mặt Tiền Đường Số 1 Nguyễn Duy Trinh - 628m2 (12.6m x 48m),28.0,"Đường số 1, Phường Long Trường, Quận 9 (TP. Thủ Đức), TPHCM",628.0,4,2,,Sổ hồng,25/11/2025
Bán Nhà 4 Tầng - Hẻm Xe Hơi 6m - 59m2 - Sát Mặt Tiền Làng Tăng Phú,6.9,"Làng Tăng Phú, Phường Tăng Nhơn Phú A, Quận 9 (TP. Thủ Đức), TPHCM",59.0,4,5,11,Sổ hồng,25/11/2025
Bán Nhà Mặt Tiền Đường 179 Hoàng Hữu Nam - 135m2 (5m x 27m) 2 Tầng,8.2,"Đường số 179, Phường Tân Phú, Quận 9 (TP. Thủ Đức), TPHCM",135.0,4,2,4,Sổ hồng,25/11/2025
"Bán Nhà Mặt Tiền Trương Văn Thành, Hiệp Phú, Q9 - DT : 122m2 ( 5,3x23m",13.7,"Trương Văn Thành, Phường Hiệp Phú, Quận 9 (TP. Thủ Đức), TPHCM",122.0,4,4,,Sổ hồng,25/11/2025
"Bán Nhà 2 Tầng - 72m2 (Nở Hậu) Đường Man Thiện, Tăng Nhơn Phú A",5.2,"Man Thiện, Phường Tăng Nhơn Phú A, Quận 9 (TP. Thủ Đức), TPHCM",72.0,2,2,4,Sổ hồng,25/11/2025
"bán nhà Mặt tiền hẻm đường 160 Lã Xuân Oai, TNP.A, Q9 - DT 80m2",7.7,"Đường 160, Phường Tăng Nhơn Phú A, Quận 9 (TP. Thủ Đức), TPHCM",80.0,4,4,2,Sổ hồng,25/11/2025
🔥 Bán Nhà Mặt Tiền Đường Số 12 Long Sơn Phường Long Bình - 77.3m2,3.7,"Đường số 12, Phường Long Bình, Quận 9 (TP. Thủ Đức), TPHCM",77.3,2,1,10,Sổ hồng,25/11/2025
"Bán nhà Mặt tiền Nguyễn Xiển đối diện trực tiếp Vinhome ,Long Thạnh Mỹ",14.5,"Nguyễn Xiển, Phường Long Thạnh Mỹ, Quận 9 (TP. Thủ Đức), TPHCM",118.0,3,3,,Sổ hồng,25/11/2025
"🏡 Bán Nhà Đường Số 3 - 62m2 (3.75M X 16.7M) Tăng Nhơn Phú B, Quận 9",4.2,"Đường số 3, Phường Tăng Nhơn Phú B, Quận 9 (TP. Thủ Đức), TPHCM",62.7,1,1,,Sổ hồng,25/11/2025
🏡Bán Nhà 2 Mặt Tiền Hẻm Xe Hơi 50m2 (5x10) - 2 Tầng - Tăng Nhơn Phú B,5.65,"Đường số 6, Phường Tăng Nhơn Phú B, Quận 9 (TP. Thủ Đức), TPHCM",50.0,2,2,4,Sổ hồng,25/11/2025
"Bán Nhà 4 Tầng - 77,5m2 Dòng Tiền 13tr/tháng, Đường 11 Tăng Nhơn Phú B",5.8,"Đường số 11, Phường Tăng Nhơn Phú B, Quận 9 (TP. Thủ Đức), TPHCM",77.5,5,4,10,Sổ hồng,25/11/2025
"Bán Nhà Hẻm Xe Hơi Nguyễn Duy Trinh 45m2 (4x12.5) 2 Tầng, Long Trường",3.8,"Nguyễn Duy Trinh, Phường Long Trường, Quận 9 (TP. Thủ Đức), TPHCM",45.0,2,1,3,Sổ hồng,25/11/2025
Nhà Mặt Tiền Đường 447B Lê Văn Việt - 7 Phòng Cho Thuê 25triệu/tháng,9.999,"Lê Văn Việt, Phường Tăng Nhơn Phú A, Quận 9 (TP. Thủ Đức), TPHCM",72.0,7,7,12,Sổ hồng,25/11/2025
"Bán nhà MT đường 22, sau lưng CĐ Công Thương, Phước Long B.Q9 -",10.5,"Đường 22, Phường Phước Long B, Quận 9 (TP. Thủ Đức), TPHCM",107.0,4,4,,Sổ hồng,25/11/2025
"Bán Nhà Mặt Tiền Cầu Xây 2 - 133m2 (4.35 x 28.5), Tân Phú, Quận 9 Cũ",8.5,"Cầu xây 2, Phường Tân Phú, Quận 9 (TP. Thủ Đức), TPHCM",133.0,2,1,,Sổ hồng,25/11/2025
🏡 Bán Nhà Hẻm Xe Hơi 5m - 95m2 (5x19) 2 Tầng - 4 PN - Bưng Ông Thoàn,7.5,"Bưng Ông Thoàn, Phường Tăng Nhơn Phú B, Quận 9 (TP. Thủ Đức), TPHCM",95.0,4,3,4,Sổ hồng,25/11/2025
"bán Nhà mới 68m2. ngay trung tâm Long Trường, Q9 - nhà 4 tầng -",6.5,"Nguyễn Duy Trinh, Phường Long Trường, Quận 9 (TP. Thủ Đức), TPHCM",68.0,4,4,4,Sổ hồng,25/11/2025
"🏡Bán Gấp Nhà Mặt Tiền Nguyễn Xiển - 145m2 (6.54m x 22.42m), 2 Tầng",7.6,"Nguyễn Xiển, Phường Long Bình, Quận 9 (TP. Thủ Đức), TPHCM",145.0,4,1,4,Sổ hồng,25/11/2025
"Bán Nhà Đường Xe Hơi - 81m2 (7.1 x 11.5), 2 Tầng, Tam Đa, Trường Thạnh",5.4,"Tam Đa, Phường Trường Thạnh, Quận 9 (TP. Thủ Đức), TPHCM",81.0,3,3,6,Sổ hồng,25/11/2025
"Bán đất MT đường 96 Trương Văn Thành, Hiệp Phú. Q9. - DT: 5 x 21 = 110",9.0,"Đường 96, Phường Hiệp Phú, Quận 9 (TP. Thủ Đức), TPHCM",110.0,,,,Sổ hồng,25/11/2025
"Bán Nhà Lô Góc Hẻm 6m - 60m2 (4x15) 2 Tầng, Đường Số 2 Tăng Nhơn Phú B",6.4,"Đường số 2, Phường Tăng Nhơn Phú B, Quận 9 (TP. Thủ Đức), TPHCM",60.0,2,2,4,Sổ hồng,25/11/2025
"Bán Nhà Hẻm Xe Hơi 95m2(8x12) 2 Tầng, Hoàng Hữu Nam, Dòng Tiền 11tr/th",5.1,"Hoàng Hữu Nam, Phường Long Thạnh Mỹ, Quận 9 (TP. Thủ Đức), TPHCM",95.0,3,2,4,Sổ hồng,25/11/2025
🏡 Bán Nhà Căn Góc 2 Mặt Tiền Hẻm Xe Hơi Nguyễn Xiển 139.4m2 - 3 Tầng,6.8,"Nguyễn Xiển, Phường Long Thạnh Mỹ, Quận 9 (TP. Thủ Đức), TPHCM",139.4,3,3,5,Sổ hồng,25/11/2025
"🏡Bán Nhà 2 Mặt Tiền Hẻm Xe Hơi Đường Số 10 - 66m2 (4x16), 4 Tầng, 5PN",7.5,"Đường số 10, Phường Tăng Nhơn Phú B, Quận 9 (TP. Thủ Đức), TPHCM",66.0,5,5,12,Sổ hồng,25/11/2025
"🏡Bán Nhà 4 Tầng Hẻm Xe Hơi Đường Số 6, 80m2 (4x20) Tăng Nhơn Phú B",7.35,"Đường số 6, Phường Tăng Nhơn Phú B, Quận 9 (TP. Thủ Đức), TPHCM",80.0,5,4,12,Sổ hồng,25/11/2025
"🌟Bán Nhà Đường 400 Kế Bên Ga Metro 1 - 46.4m2 (4x12), 2 Tầng, Quận 9",2.75,"Đường số 400, Phường Tân Phú, Quận 9 (TP. Thủ Đức), TPHCM",46.4,2,1,3,Sổ hồng,25/11/2025
"Bán Nhà Hẻm Xe Hơi, 90m2 (6.45m x 14m), Lò Lu, Có Dòng Tiền Cho Thuê",5.2,"Lò Lu, Phường Trường Thạnh, Quận 9 (TP. Thủ Đức), TPHCM",90.0,2,2,,Sổ hồng,25/11/2025
"Bán Nhà Hẻm Xe Hơi Nguyễn Xiển, 120m2 (4,5m x 27m), Kế Vinhomes Quận 9",5.5,"Nguyễn Xiển, Phường Long Bình, Quận 9 (TP. Thủ Đức), TPHCM",120.0,2,1,,Sổ hồng,25/11/2025
"Bán Nhà Hẻm Xe Hơi Làng Tăng Phú, 115m2(7 x 16.5), Tăng Nhơn Phú A, Q9",6.2,"Làng Tăng Phú, Phường Tăng Nhơn Phú A, Quận 9 (TP. Thủ Đức), TPHCM",115.0,2,1,,Sổ hồng,25/11/2025
"Bán Nhà Hẻm Xe Hơi, 79m2 (5.3x13), 2 Tầng, Nguyễn Văn Tăng, Quận 9",5.2,"Nguyễn Văn Tăng, Phường Long Thạnh Mỹ, Quận 9 (TP. Thủ Đức), TPHCM",70.0,3,3,4,Sổ hồng,25/11/2025
"Nhà Mặt Tiền Võ Văn Hát 60m2 (5,5m x 11m), 4 tầng, 4 Phòng Ngủ, Quận 9",6.1,"Võ Văn Hát, Phường Long Trường, Quận 9 (TP. Thủ Đức), TPHCM",60.4,4,5,7,Sổ hồng,25/11/2025
"Bán Nhà Hẻm Xe Hơi Hoàng Hữu Nam, 127m2 (7.4 x 18m), 8 Phòng Trọ, Tân",6.0,"Hoàng Hữu Nam, Phường Tân Phú, Quận 9 (TP. Thủ Đức), TPHCM",135.0,8,8,,Sổ hồng,25/11/2025
"🏡Bán Nhà Mặt Tiền Đường 179 - 118.95m2 (5,5 x 22), Đối Diện Công Viên",6.8,"Đường số 179, Phường Tân Phú, Quận 9 (TP. Thủ Đức), TPHCM",119.0,4,1,2,Sổ hồng,25/11/2025
"🏡Bán Nhà Mặt Tiền Lê Văn Việt 65m2(4,4 x 15), 3 Tầng, Tăng Nhơn Phú A",23.0,"Lê Văn Việt, Phường Tăng Nhơn Phú A, Quận 9 (TP. Thủ Đức), TPHCM",65.0,4,3,6,Sổ hồng,25/11/2025
"🏡Bán Nhà Hẻm Xe Hơi 5m - 62,5m2 (5.45x11.5) 2 Tầng, Đường Cầu Xây, Q9",4.8,"Cầu xây, Phường Tân Phú, Quận 9 (TP. Thủ Đức), TPHCM",62.5,2,2,4,Sổ hồng,25/11/2025
"Bán Nhà Mặt Tiền Lô Góc 103.9m2 (5.3 X 20) Man Thiện, Tăng Nhơn Phú A",13.5,"Man Thiện, Phường Tăng Nhơn Phú A, Quận 9 (TP. Thủ Đức), TPHCM",103.9,2,2,,Sổ hồng,25/11/2025
🔥 Bán Nhà + Dãy Trọ Hẻm Xe Hơi Nguyễn Văn Tăng 91.7m2 Dòng Tiền 7.5tr,5.5,"Nguyễn Văn Tăng, Phường Long Thạnh Mỹ, Quận 9 (TP. Thủ Đức), TPHCM",91.7,5,4,1,Sổ hồng,25/11/2025
Bán căn biệt thự sân vườn rộng 1.000m2,26.0,"Đường 9, Phường Long Bình, Quận 9 (TP. Thủ Đức), TPHCM",1000.0,3,5,2,Sổ hồng,25/11/2025
"Bán nhà phố Khu Mahattan GLory. VIN : QUẬN 9 Mã căn T9.04, DT : 7,2x21",22.0,"Đường 109, Phường Long Bình, Quận 9 (TP. Thủ Đức), TPHCM",151.0,10,10,5,Sổ hồng,25/11/2025
Bán căn nhà phố khu dự án Melosa Khang Điền,11.0,"Vành Đai Trong, Phường Phú Hữu, Quận 9 (TP. Thủ Đức), TPHCM",100.0,5,4,,Sổ hồng,25/11/2025
Bán căn nhà vườn khu dự án BCR,6.5,"Tam Đa, Phường Trường Thạnh, Quận 9 (TP. Thủ Đức), TPHCM",133.5,2,1,3,Sổ đỏ,25/11/2025
"Bán nhà phố Khu Vin Quận 9 : Mahattan GLory. Mã căn T9.04, DT: 7x21m.",23.5,"Nguyễn Xiển, Phường Long Thạnh Mỹ, Quận 9 (TP. Thủ Đức), TPHCM",147.0,15,15,,Sổ hồng,25/11/2025
Bán căn nhà phố Khu compound Melosa Garden Khang Điền Quận 9 tặng NT,11.0,"Vành Đai Trong, Phường Phú Hữu, Quận 9 (TP. Thủ Đức), TPHCM",100.0,4,3,,Sổ hồng,25/11/2025
Bán căn nhà phố liền kề ngang 8m đường số 6 trường thạnh,9.5,"Đường số 6, Phường Trường Thạnh, Quận 9 (TP. Thủ Đức), TPHCM",164.0,4,4,3,Sổ hồng,25/11/2025
Chỉ 20 tỷ ❌ Bán Biệt Thự Valora Kikyo DT 162.5m2 gần The Global,20.0,"Đỗ Xuân Hợp, Phường Phú Hữu, Quận 9 (TP. Thủ Đức), TPHCM",162.9,4,4,1,Sổ hồng,25/11/2025
BÁN Biệt Thự Ngang 10M đường LIÊN PHƯỜNG DT180m2- GIÁ 23 TỶ- SHR,23.0,"Liên Phường, Phường Phước Long B, Quận 9 (TP. Thủ Đức), TPHCM",180.0,5,6,2,Sổ hồng,25/11/2025
"Bán Biệt Thự KDC Khang Điền, Dương Đình Hội, DT 356.7m2 chỉ 29.8 tỷ",29.8,"Dương Đình Hội, Phường Phước Long B, Quận 9 (TP. Thủ Đức), TPHCM",356.7,5,6,3,Sổ hồng,25/11/2025
Bán Nhà Quận 9-Sổ Riêng-5 Phút Ra Metro Chỉ Với Giá Siêu Hời -5Tỷ TL,5.0,"Nam Hòa, Phường Phước Long A, Quận 9 (TP. Thủ Đức), TPHCM",53.0,2,2,2,Sổ hồng,25/11/2025
Bán nhà 2 tầng mới - Hẻm Đường 138 P.Tân Phú - Q9. Giá chỉ 3.35 tỷ,3.35,"Đường 138, Phường Tân Phú, Quận 9 (TP. Thủ Đức), TPHCM",40.0,2,2,6,Sổ hồng,24/11/2025
Bán nhà 4 tầng Khu Phân Lô - Làng Tăng Phú Q9. Giá Chỉ 6.X Tỷ - Ở Ngay,6.0,"Làng Tăng Phú, Phường Tăng Nhơn Phú A, Quận 9 (TP. Thủ Đức), TPHCM",52.0,5,5,16,Sổ hồng,24/11/2025
"Nhà Mới Ở Ngay - Hoàng Hữu Nam, Ngay Ga Metro Suối Tiên, Q9 Giá 4.X Tỷ",4.0,"Hoàng Hữu Nam, Phường Long Thạnh Mỹ, Quận 9 (TP. Thủ Đức), TPHCM",52.0,2,2,2,Sổ hồng,24/11/2025
"Bán Nhà 128m2 Mặt Tiền Đường Cạnh BV Ung Bướu CS2, Gas Metro. Giá 12Tỷ",12.0,"Đường 225A, Phường Long Thạnh Mỹ, Quận 9 (TP. Thủ Đức), TPHCM",128.0,3,3,3,Sổ hồng,24/11/2025
"Bán Nhà 68m² Hẻm Xe Hơi Tam Đa, Long Trường, Quận 9 – Giá Nhỉnh 3 Tỷ",3.0,"Tam Đa, Phường Long Trường, Quận 9 (TP. Thủ Đức), TPHCM",68.0,3,2,2,Sổ hồng,24/11/2025
"Bán nhà đẹp 3 tầng full nội thất hxh – long bình, q9 giá nhỉnh 5 tỷ",5.0,"Đường số 6, Phường Long Bình, Quận 9 (TP. Thủ Đức), TPHCM",56.0,4,3,9,Sổ hồng,24/11/2025
"Bán nhà 60m2, Khu Phân Lô, Làng Tăng Phú, Q9, TP. HCM, Giá Nhỉnh 6 Tỷ",6.0,"Làng Tăng Phú, Phường Tăng Nhơn Phú A, Quận 9 (TP. Thủ Đức), TPHCM",60.0,4,3,4,Sổ hồng,24/11/2025
"Bán Nhà 3Tầng Mới Đẹp Hxh Gò Cát, Q9, TPHCM. Giá Nhỉnh 5 Tỷ",5.0,"Gò Cát, Phường Phú Hữu, Quận 9 (TP. Thủ Đức), TPHCM",60.0,5,4,11,Không xác định,24/11/2025
"Bán nhà 87m2 hẻm 1/ đường số 11,P.Phước Long A, gần chợ Nam Hòa",5.0,"Đường 11, Phường Phước Long A, Quận 9 (TP. Thủ Đức), TPHCM",87.0,2,2,1,Sổ đỏ,24/11/2025
"Bán Nhà Hẻm Ô Tô 62m² Đường Cầu Xây, Q9, Tp HCM – Giá Nhỉnh 4 Tỷ",4.0,"Cầu xây, Phường Tân Phú, Quận 9 (TP. Thủ Đức), TPHCM",62.0,2,2,,Sổ hồng,24/11/2025
"Bán Nhà Đẹp Đường 385 – Gần ĐH Tài Chính MKT, Quận 9. Giá Chỉ 6.5 Tỷ",6.5,"Đường số 385, Phường Tăng Nhơn Phú A, Quận 9 (TP. Thủ Đức), TPHCM",55.0,3,2,2,Sổ hồng,24/11/2025
"Nhà 2Tầng HXH - Gần CĐ Công Thương, Tăng Nhơn Phú B, Q9. Giá 5.xx Tỷ",5.0,"Đường số 6, Phường Tăng Nhơn Phú B, Quận 9 (TP. Thủ Đức), TPHCM",58.0,3,2,6,Sổ hồng,24/11/2025
"Nhà 3 Tấm Nguyễn Duy Trinh, Long Trường, Quận 9 – Giá Nhỉnh 6 Tỷ",6.0,"Nguyễn Duy Trinh, Phường Long Trường, Quận 9 (TP. Thủ Đức), TPHCM",56.0,4,3,3,Sổ hồng,24/11/2025
"Bán nhà 4Tầng Khu Phân Lô, Hoàng Hữu Nam Q9 - Gần Metro. Giá Nhỉnh 7Tỷ",7.0,"Hoàng Hữu Nam, Phường Long Thạnh Mỹ, Quận 9 (TP. Thủ Đức), TPHCM",56.0,5,5,12,Sổ hồng,24/11/2025
Bán Biệt Thự Mini - 2 Mặt Tiền - Cầu Xây 2 Tân Phú Q9. Giá Nhỉnh 9 Tỷ,9.0,"Cầu xây 2, Phường Tân Phú, Quận 9 (TP. Thủ Đức), TPHCM",147.0,4,4,,Sổ hồng,24/11/2025
Quận 10 - Nhà Ngang Khủng 7M - 8PN - Đang Có Dòng Tiền - 9.9 Tỷ,9.9,"Bà Hạt, Phường 9, Quận 10, TPHCM",55.0,8,8,3,Sổ hồng,25/11/2025
Quận 10 - Mặt Tiền - 8PN - Tiện Kinh Doanh Và Cho Thuê - Nhỉnh 13 Tỷ,13.5,"Hoà Hưng, Phường 12, Quận 10, TPHCM",44.0,8,5,15,Sổ hồng,25/11/2025
Quận 10 - lê hồng phong - 46m - tiện ở hoặc kinh doanh - nở hậu - 8 tỷ,8.59,"Lê Hồng Phong, Phường 2, Quận 10, TPHCM",46.0,,,2,Sổ đỏ,25/11/2025
Quận 10 - Hẻm Xe Hơi Cách 1 Căn - Không QH - 55M - 8PN - Nhỉnh 10 Tỷ,10.45,"Bà Hạt, Phường 9, Quận 10, TPHCM",55.0,8,8,13,Sổ hồng,25/11/2025
Thành Thái Quận 10 - Hẻm Xe Tải - 6PN - Tiện Ở Cho Thuê - Nhỉnh 10 Tỷ,10.699,"Thành Thái, Phường 14, Quận 10, TPHCM",43.0,6,7,15,Sổ hồng,25/11/2025
Quận 10 - Hẻm Xe Hơi - Gần MT - 39m - Bank Cho Vay 4 Tỷ - Nhỉnh 5 Tỷ,5.85,"Hoà Hưng, Phường 13, Quận 10, TPHCM",39.0,1,1,,Sổ hồng,25/11/2025
Nhà Bán 2 Tầng 17m2 diện tích xây dựng 37m2. Hẻn xe bagac,2.2,"Tô Hiến Thành, Phường 15, Quận 10, TPHCM",17.0,2,2,2,Sổ hồng,25/11/2025
Quận 10 - Hẻm Ba Gác - Nhà Mới - Đang Cho Thuê 14 Triệu - Nhỉnh 5 Tỷ,5.85,"Sư Vạn Hạnh, Phường 9, Quận 10, TPHCM",38.0,3,1,2,Sổ hồng,25/11/2025
Quận 10 - Tô Hiến Thành - Mặt Tiền Chợ KD- 76M 14 Tỷ,14.0,"Tô Hiến Thành, Phường 14, Quận 10, TPHCM",76.0,4,3,3,Sổ hồng,25/11/2025
Bán nhà MT hẻm như đường lớn Hoà Hưng - Hoàng Dư Khương Q.10,13.5,"Hoà Hưng, Phường 12, Quận 10, TPHCM",45.0,3,4,15,Sổ hồng,25/11/2025
Bán nhà Q.10 - 5 tầng btct - hxh nguyễn ngọc lộc -24m2 - 3pn 4wc,6.5,"Nguyễn Ngọc Lộc, Phường 14, Quận 10, TPHCM",24.0,3,4,10,Sổ hồng,25/11/2025
Quận 10 - Ngay VẠN HẠNH MALL - Hẻm Xe Hơi 8M - Kinh Doanh Tốt - 20 Tỷ,20.0,"Sư Vạn Hạnh, Phường 12, Quận 10, TPHCM",59.0,4,3,4,Sổ hồng,25/11/2025
Quận 10 - 42M - Ngang 6M - 3PN - Đầy Đủ Nội Thất – Chỉ 5.95 Tỷ,5.95,"Hoà Hưng, Phường 13, Quận 10, TPHCM",42.0,3,2,2,Sổ hồng,25/11/2025
"Bán nhà hxh cmt8 q10 - 3,9m x 10,5m giá chỉ 6,9 tỉ",6.9,"Cách Mạng Tháng 8, Phường 13, Quận 10, TPHCM",44.0,2,3,4,Sổ hồng,25/11/2025
"Bán nhà hẻm 480 Nguyễn Tri Phương Q.10 - 3m x 10m - chỉ 5,28 tỷ",5.28,"Nguyễn Tri Phương, Phường 5, Quận 10, TPHCM",27.0,3,3,6,Sổ hồng,25/11/2025
Quận 10 - Hẻm 8M - Hẻm Xe Hơi - 3PN - Đang Cho Thuê - Nhỉnh 6 Tỷ,6.7,"Sư Vạn Hạnh, Phường 2, Quận 10, TPHCM",29.0,3,2,4,Sổ hồng,25/11/2025
[BÁN NHÀ QUẬN 10] Nhà đẹp mới tinh – sáng như kim cương Hoà Hưng,6.7,"Hoà Hưng, Phường 13, Quận 10, TPHCM",39.0,3,3,5,Sổ hồng,25/11/2025
Hồ Thị Kỷ Quận 10 - Hẻm Xe Hơi - 60M2 - Tiện Sửa Xây Mới - Nhỉnh 6 Tỷ,6.5,"Hồ Thị Kỷ, Phường 1, Quận 10, TPHCM",60.0,3,2,4,Sổ hồng,25/11/2025
Lê Hồng Phong - Nhà Mới - 55M2 - 4 Tầng - 5 PN - 4WC - Nhỉnh 10 Tỷ,10.6,"Lê Hồng Phong, Phường 12, Quận 10, TPHCM",55.0,5,4,8,Sổ hồng,25/11/2025
CHÍNH CHỦ [BÁN NHÀ QUẬN 10] Nhà đẹp 4 tầng – phân lô chuẩn – ô tô vào,14.5,"Nguyễn Giản Thanh, Phường 15, Quận 10, TPHCM",66.0,6,7,12,Sổ hồng,25/11/2025
Bán căn Villa vị trí đẹp góc 2 mặt tiền Đường số 2 và 6. DTS 358m2.,56.0,"Đường 3 Tháng 2, Phường 12, Quận 10, TPHCM",154.0,5,5,3,Sổ hồng,25/11/2025
"Bán 8 căn nhà phố Hà Đô Centrosa vị trí đẹp nhất phường 12, Quận 10.",34.5,"Đường 3 Tháng 2, Phường 12, Quận 10, TPHCM",88.0,4,4,24,Sổ hồng,25/11/2025
2MT 4L ngay góc 3 Tháng 2 - Cao Thắng 953m2 giá 180 tỷ TL,180.0,"Đường 3 Tháng 2, Phường 12, Quận 10, TPHCM",953.0,,,4,Sổ hồng,25/11/2025
"💫 Bán nhiều nhà tại khu vực 200 đường 3/2, P12, Quận 10 giá 70-85 tr",12.6,"Đường 3 Tháng 2, Phường 12, Quận 10, TPHCM",180.0,2,2,,Hợp đồng mua bán,25/11/2025
Bán căn Villa vị trí đẹp góc 2 mặt tiền Đường số 2 và 6. DTS 647m2. 4l,110.0,"Đường 3 Tháng 2, Phường 12, Quận 10, TPHCM",255.0,5,5,4,Sổ hồng,25/11/2025
"Bán nhà Cách Mạng Tháng 8, P12, Q10, 5x20m, 5 lầu, giá 32 tỷ",31.999,"Cách Mạng Tháng 8, Phường 12, Quận 10, TPHCM",100.0,8,8,5,Giấy tờ hợp lệ,25/11/2025
Cần chuyển nhượng căn góc 3PN + 1 (138m2) toà I2 - View thoáng,11.8,"Đường 3 Tháng 2, Phường 12, Quận 10, TPHCM",138.0,3,3,,Hợp đồng mua bán,25/11/2025
"Bán tòa nhà CHDV khu Cư Xá Bắc Hải, Tân Bình, 9x28m, 4L, 39 tỷ",39.0,"Bắc Hải, Phường 15, Quận 10, TPHCM",270.0,39,39,5,Giấy tờ hợp lệ,25/11/2025
"Bán nhà mặt tiền ngay Ngô Gia Tự, Nguyễn Chí Thanh, Quận 10. 10.8x27m,",78.0,"Ngô Gia Tự, Phường 3, Quận 10, TPHCM",282.0,4,4,4,Giấy tờ hợp lệ,25/11/2025
"Bán nhà Mt đường 3 tháng 2, P.12, Quận 10, 8.6x27m, 4 tầng, giá 105 tỷ",105.0,"Đường 3 Tháng 2, Phường 12, Quận 10, TPHCM",225.0,10,10,4,Giấy tờ hợp lệ,25/11/2025
"Mặt Tiền Hùng Vương Q10 ngang 8,6m Dài 24m liền Kề Q1,Q3 Chỉ 49,5 Tỷ .",49.5,"Hùng Vương, Phường 1, Quận 10, TPHCM",125.0,2,1,,Sổ hồng,25/11/2025
"Mặt Tiền đường Tam Đảo Q10 Ngang 4,4m Dài 15m 6 Tầng Giá giảm 18,6 Tỷ",18.6,"Tam Đảo, Phường 15, Quận 10, TPHCM",62.5,6,8,6,Sổ hồng,25/11/2025
"Bán nhà khu VIP CMT 8 - Tô Hiến Thành, Q.10, 5 lầu, 20CHDV, giá 20.9tỷ",20.9,"Cách Mạng Tháng 8, Phường 13, Quận 10, TPHCM",120.0,20,21,5,Giấy tờ hợp lệ,25/11/2025
"Mặt Tiền Q10 Ngang 4m Dài 15m 5 Tầng Chỉ 19,2 tỷ Ngay đường Ngô Quyền.",19.2,"Ngô Quyền, Phường 6, Quận 10, TPHCM",58.0,4,4,4,Sổ hồng,25/11/2025
"Góc 2 Mặt Tiền Vĩnh viễn Q10 Ngang 4,3m dài 15m 5 Tầng chỉ 18,2 Tỷ",18.2,"Vĩnh Viễn, Phường 4, Quận 10, TPHCM",50.0,4,4,5,Sổ hồng,25/11/2025
"Hẻm kinh doanh rộng 12m Thành Thái Q10 ngang 4,2m dài 16m 4 Tầng 20 Tỷ",20.0,"Thành Thái, Phường 14, Quận 10, TPHCM",67.0,4,4,4,Sổ hồng,25/11/2025
"Bán căn Villa góc 2 mặt tiền 118 đường 3/2, P12. Q10. 4lâu- 60 tỷ (10x",60.0,"Đường 3 Tháng 2, Phường 12, Quận 10, TPHCM",154.0,5,5,3,Sổ hồng,25/11/2025
Ngang 10m Dài 12m 5 Tầng Hẻm rộng 10m mà chỉ 25 Tỷ ngay Tô Hiến Thành,25.0,"Tô Hiến Thành, Phường 15, Quận 10, TPHCM",95.0,5,5,5,Sổ hồng,25/11/2025
"Bán tòa nhà đường Sư Vạn Hạnh, Q10, 10.5x22,H+5L,TM, Giá 55 tỷ",55.0,"Sư Vạn Hạnh, Phường 12, Quận 10, TPHCM",220.0,5,5,5,Giấy tờ hợp lệ,25/11/2025
"Bán tòa nhà đường 3 tháng 2 -Sư Vạn Hạnh ngay Vạn Hạnh Mail 10.5x22m,",55.0,"Đường 3 Tháng 2, Phường 12, Quận 10, TPHCM",230.0,5,5,5,Giấy tờ hợp lệ,25/11/2025
[Quận 10] Bán Nhà CMT8 Ngay Vòng Xoay Dân Chủ Và Ga Metro - Chỉ 4.2 Tỷ,4.2,"Cách Mạng Tháng 8, Phường 12, Quận 10, TPHCM",47.0,2,1,3,Sổ hồng,25/11/2025
Bề ngang 4m Dài 25m Góc 2 Mặt Tiền đường 3/2 Q10 vỉ hè 12m Chỉ 35 Tỷ,35.0,"Đường 3/2, Phường 14, Quận 10, TPHCM",98.0,3,3,3,Sổ hồng,25/11/2025
"Bán nhà Mt đường 3 tháng 2, P.12, Quận 10, 12.8x27m, 4 tầng, giá 158tỷ",157.999,"Đường 3 Tháng 2, Phường 12, Quận 10, TPHCM",350.0,10,10,4,Giấy tờ hợp lệ,25/11/2025
[Quận 10] Bán Nhà Đẹp Tặng Full Nội Thất Hòa Hưng 42m² 3PN Chỉ 5.95 Tỷ,5.95,"Hòa Hưng, Phường 13, Quận 10, TPHCM",42.0,3,2,2,Sổ hồng,25/11/2025
[Quận 10] Bán Nhà Đẹp Trung Tâm - 4 Tầng BTCT - Gần CMT8 - Chỉ 6.3 Tỷ,6.3,"Hoà Hưng, Phường 13, Quận 10, TPHCM",30.0,3,3,15,Sổ hồng,25/11/2025
"Hẻm kinh doanh rộng 8m Tô hiến Thành Q10 ngang 6,3m dài 25m Hầm 4 Tầng",28.9,"Tô Hiến Thành, Phường 14, Quận 10, TPHCM",141.0,4,4,3,Sổ hồng,25/11/2025
"Mặt Tiền Lý Thái Tổ Q10 ngang 4.2m Dài 20m 5Tầng Giá 25,5Tỷ có hdt 50t",25.5,"Lý Thái Tổ, Phường 1, Quận 10, TPHCM",70.0,5,5,5,Sổ hồng,25/11/2025
Bán Siêu phẩm Toà Nhà Lê Hồng Phong Q10 Dt 12m x 20m Hầm 6 Tầng 58 Tỷ,58.0,"Lê Hồng Phong, Phường 12, Quận 10, TPHCM",226.0,6,6,6,Sổ hồng,25/11/2025
"Bán nhà khu VIP Tô Hiến Thành, P13 - Q.10, 5 lầu, 20CHDV, chỉ 20.9 tỷ",20.5,"Tô Hiến Thành, Phường 13, Quận 10, TPHCM",115.0,20,20,5,Giấy tờ hợp lệ,25/11/2025
"Bán nhà đường Lê Hồng Phong, P12, Q10, 5.3, 5 tầng 17.3 tỷ",0.017,"Lê Hồng Phong, Phường 12, Quận 10, TPHCM",52.0,6,6,5,Giấy tờ hợp lệ,25/11/2025
"[Quận 10] Bán Nhà Mặt Tiền KD, Đường 12M, 5 Tầng BTCT, Chỉ Hơn 13 Tỷ",13.5,"Hòa Hưng, Phường 12, Quận 10, TPHCM",45.0,8,5,5,Sổ hồng,25/11/2025
"Mặt Tiền Q10 Ngang 5,2m Dài 18m 6 Tầng Giá chỉ 46 tỷ ngay Cao Thắng",46.0,"Cao Thắng, Phường 12, Quận 10, TPHCM",88.0,15,15,6,Sổ hồng,25/11/2025
"Mặt Tiền Ngô Gia Tự Q10 Ngang 3,5m Dài 12m nở 4,8m 4 Tầng có 35triệu/t",20.0,"Ngô Gia Tự, Phường 4, Quận 10, TPHCM",45.0,4,4,4,Sổ hồng,25/11/2025
"Mặt Tiền Q10 Ngang 5,1m Dài 12m Chỉ 21,5 Tỷ ngay Lê Hồng Phong Q10.",21.5,"Lê Hồng Phong, Phường 2, Quận 10, TPHCM",52.0,2,2,,Sổ hồng,25/11/2025
"Bán nhà mặt tiền Đồng Nai, Q 10, 12x32m, Hầm 5L, giá 65.9 tỷ",65.9,"Đồng Nai, Phường 15, Quận 10, TPHCM",372.0,5,5,3,Giấy tờ hợp lệ,25/11/2025
"Bán nhà đường Lê Hồng Phong, P12, Q10, 5 lầu, 32 tỷ",32.0,"Lê Hồng Phong, Phường 12, Quận 10, TPHCM",123.0,9,9,5,Giấy tờ hợp lệ,25/11/2025
"Bán gấp tòa nhà 4 tầng ngay đường Cao Thắng, Quận 10 DT 16,5 x 54m",180.0,"Cao Thắng, Phường 12, Quận 10, TPHCM",876.0,,,8,Sổ hồng,25/11/2025
Tổng hợp 05 sản phẩm biệt thự Villa Hà Đô Centrosa Garden,38.0,"Đường 3 Tháng 2, Phường 12, Quận 10, TPHCM",150.0,5,5,19,Sổ hồng,25/11/2025
"Hẻm VIP🚗 Thành Thái Nhang 6m x 16m 5 Tầng có tiền 45triệu chỉ 22,5Tỷ",22.5,"Thành Thái, Phường 14, Quận 10, TPHCM",94.0,10,10,5,Sổ hồng,25/11/2025
Nhà siêu Đẹp Hầm 7 Tầng Bề Ngang 4.9m Dài 18m đường 3/2 Q10 Hẻmrộng 8m,28.5,"Đường 3 Tháng 2, Phường 14, Quận 10, TPHCM",79.0,7,7,21,Sổ hồng,25/11/2025
"Bán tòa nhà mặt tiền Điện Biên Phủ, Quận 10, 7.2x24m, 5L giá 67.8 tỷ",68.0,"Điện Biên Phủ, Phường 10, Quận 10, TPHCM",160.0,5,5,5,Giấy tờ hợp lệ,25/11/2025
Mặt Tiền Tô Hiến ThànhQ10 ngang 4m Dài 25m nở9m 5Tầng dòngtiền 70triệu,28.5,"Tô Hiến Thành, Phường 14, Quận 10, TPHCM",98.0,5,5,4,Sổ hồng,25/11/2025
Bán Villa Hà Đô vị trí đẹp nhất góc 2 mặt tiền Đ. số 2 và 5. DTS 330m,60.0,"Đường 3 Tháng 2, Phường 12, Quận 10, TPHCM",137.0,5,5,7,Sổ hồng,25/11/2025
"Bán biệt thự liền kề số 3 đường số 5 khu HaDo Centrosa, đang cho thuê",50.0,"Đường 3 Tháng 2, Phường 12, Quận 10, TPHCM",117.0,5,5,20,Sổ hồng,25/11/2025
"Mặt Tiền Q10 ngang 4,5m dài 14m 5 Tầng Chỉ 23 tỷ có dòng tiền 40 triệu",23.0,"Nguyễn Tiểu La, Phường 5, Quận 10, TPHCM",52.0,5,5,5,Sổ hồng,25/11/2025
"290 triệu/m2 Mặt Tiền Thành Thái Q10 Ngang 4,1m Dài 34m dòng tiền 65tr",41.0,"Thành Thái, Phường 14, Quận 10, TPHCM",138.0,4,4,4,Sổ hồng,25/11/2025
"Siêu phẩm Mặt Tiền Hiếm Lý Thường KiệtQ10 Dt 5,8mx 22m 7Tầng giá 58 Tỷ",58.0,"Lý Thường Kiệt, Phường 14, Quận 10, TPHCM",122.0,8,8,7,Sổ hồng,25/11/2025
"Bán Siêu phẩm Mặt Tiền Sư Vạn Hạnh Q10 Dt 4,5 x 16m 4 Tầng Chỉ 37 Tỷ",37.0,"Sư Vạn Hạnh, Phường 12, Quận 10, TPHCM",72.0,12,12,4,Sổ hồng,25/11/2025
"Bán nhà mt Thất Sơn, Đồng Nai, cư xá Bắc Hải, P15, Q10, 4.2x27m, 20 tỷ",24.999,"Đồng Nai, Phường 15, Quận 10, TPHCM",125.0,3,2,,Giấy tờ hợp lệ,25/11/2025
"Bán Siêu phẩm Mặt Tiền Bà Hạt Q10 Dt 4,1m x 20m 6 Tầng Giá 24,5 Tỷ",24.5,"Bà Hạt, Phường 6, Quận 10, TPHCM",65.0,6,6,6,Sổ hồng,25/11/2025
Mặt Tiền đường 3 Tháng 2 Q10 ngang 4m Dài 12m 6 Tầng đối diện Hà Đô,29.0,"Đường 3/2, Phường 10, Quận 10, TPHCM",45.0,6,6,6,Sổ hồng,25/11/2025
"Hẻm 8m , Ngang 6m Dài 18m đường 3 Tháng 2 Q10 Nhà đẹp 4Tầng Chỉ 25,5Tỷ",25.5,"Đường 3 Tháng 2, Phường 12, Quận 10, TPHCM",108.0,4,4,4,Sổ hồng,25/11/2025
"Hẻm VIP 🚗 đường Tô Hiến Thành Q10 ngang 4m Dài 20m 4 Tầng Giá 18,5 Tỷ",18.5,"Tô Hiến Thành, Phường 15, Quận 10, TPHCM",80.0,4,4,4,Sổ hồng,25/11/2025
"Mặt Tiền Trần Minh Quyền Q10 ngang 4m Dài 20m nở 4,7m 4 Tầng chỉ 25 Tỷ",25.0,"Trần Minh Quyền, Phường 11, Quận 10, TPHCM",80.0,4,4,4,Sổ hồng,25/11/2025
"Chỉ 14,8 Tỷ ! Sỡ hữu góc 2 Mặt Tiền Ngô Gia Tự ngang 3m Dài 12m 4 Tầng",14.8,"Ngô Gia Tự, Phường 3, Quận 10, TPHCM",31.0,4,4,4,Sổ hồng,25/11/2025
Mặt Tiền Q10 ngang 16m Dài 6m 5Tầng Chỉ 28tỷ gần Tô Hiến Thành có 120t,28.0,"Nguyễn Giản Thanh, Phường 15, Quận 10, TPHCM",88.0,15,15,5,Sổ hồng,25/11/2025
"Mặt Tiền Lý Thái Tổ Q10 ngang 4,2m Dài 20m nở 5,1m 5 Tầng Chỉ 26 Tỷ",26.0,"Lý Thái Tổ, Phường 1, Quận 10, TPHCM",70.0,5,5,5,Sổ hồng,25/11/2025
"Bán nhà cách mặt tiền Thành Thái, 30m Quận 10, 4 lầu, giá 16.9 tỷ",16.9,"Thành Thái, Phường 14, Quận 10, TPHCM",70.0,7,8,4,Giấy tờ hợp lệ,25/11/2025
"Bán nhà Mặt tiền đường khu cư Xá Bắc Hải, P15 Q10, 4.6x28m, chỉ 25 tỷ",25.0,"Đồng Nai, Phường 15, Quận 10, TPHCM",122.0,3,2,,Giấy tờ hợp lệ,25/11/2025
"Bán nhà MT Hồng Lĩnh - Đồng Nai, P15, Q10, 4.1x25m, giá 24 tỷ",23.9,"Hồng Lĩnh, Phường 15, Quận 10, TPHCM",94.0,3,2,2,Giấy tờ hợp lệ,25/11/2025
"Bán nhà mặt tiền Nguyễn Lâm, Nguyễn Tri Phương, Quận 10, 5.7x15m, 23 t",23.0,"Nguyễn Lâm, Phường 6, Quận 10, TPHCM",72.0,6,15,4,Giấy tờ hợp lệ,25/11/2025
"Bán nhà MT Bạch Mã - Đồng Nai, P15, Q10, 4.1x25m, giá 24 tỷ",24.0,"Bạch Mã, Phường 15, Quận 10, TPHCM",94.0,3,2,2,Giấy tờ hợp lệ,25/11/2025
Gỉam 2T chủ bán gấp trong 2 ngày 🚘🚘🔥🔥🔥 HẺM Ô TÔ NGUYỄN TRI PHƯƠNG,3.682,"Nguyễn Tri Phương, Phường 9, Quận 10, TPHCM",41.0,6,7,5,Sổ hồng,25/11/2025
"Bán tòa nhà ngay Đường 3/2 - Sư Vạn Hạnh, Q10, 11x21, H+7L, 55 tỷ",55.0,"Đường 3 Tháng 2, Phường 12, Quận 10, TPHCM",230.0,7,7,7,Giấy tờ hợp lệ,25/11/2025
"Bán nhà đường Cao Thắng gần Hoàng Dư Khương, Q10, 12x18m, 3 lầu, 23 tỷ",23.0,"Cao Thắng, Phường 12, Quận 10, TPHCM",270.0,6,6,2,Giấy tờ hợp lệ,25/11/2025
Bán nhà mặt tiền 150m2 + 6 tầng + thang máy chính chủ tại P.12 Q.10,45.0,"Cách Mạng Tháng 8, Phường 12, Quận 10, TPHCM",150.0,,,4,Sổ hồng,25/11/2025
"Bán tòa nhà VP đường Tô Hiến Thành, Quận 10, 6x20, H+6 lầu, 26 tỷ",26.0,"Tô Hiến Thành, Phường 13, Quận 10, TPHCM",110.0,6,6,4,Giấy tờ hợp lệ,25/11/2025
"Bán tòa nhà H+8 tầng, mặt tiền Sư Vạn Hạnh gần 3/2, P12, Q10, 42 tỷ",42.0,"Sư Vạn Hạnh, Phường 12, Quận 10, TPHCM",70.0,15,15,15,Giấy tờ hợp lệ,25/11/2025
"Bán nhà đường Cao Thắng - 3 tháng 2, Q10, 12x18m, 3 lầu, giá 23 tỷ",23.0,"Đường 3 Tháng 2, Phường 12, Quận 10, TPHCM",135.0,3,3,2,Giấy tờ hợp lệ,25/11/2025
"Bán nhà mặt tiền đường Ba Vì - Đồng Nai, P15, Quận 10, 4.1x25m, 24 tỷ",24.0,"Đồng Nai, Phường 15, Quận 10, TPHCM",92.0,3,2,2,Giấy tờ hợp lệ,25/11/2025
"Chủ hạ 5 tỷ cần bán gấp mặt tiền Lý Thái Tổ, 4x20m, 4 tầng, lề 7m, Q10",28.0,"Lý Thái Tổ, Phường 10, Quận 10, TPHCM",80.0,8,8,4,Giấy tờ hợp lệ,25/11/2025
"Hẻm 324, 284 rộng 10m, có lề, khu sang rất đẹp Lý Thường Kiệt P14 ,Q10",17.0,"Lý Thường Kiệt, Phường 14, Quận 10, TPHCM",64.0,6,6,3,Giấy tờ hợp lệ,25/11/2025
"Bán nhà mặt tiền Hoàng Dư Khương Cao Thắng, Q10, 3 lầu, 20 tỷ",20.0,"Cao Thắng, Phường 12, Quận 10, TPHCM",64.0,6,6,3,Giấy tờ hợp lệ,25/11/2025
"Hẻm xe hơi,ngay Hà Đô,Khu sang,dân trí cao,4x14m, 5 tầng,12.9 tỷ,Q10",12.9,"Cao Thắng, Phường 12, Quận 10, TPHCM",55.0,5,6,5,Giấy tờ hợp lệ,25/11/2025
"Xuất ngoại cần bán gấp nhà mặt tiền Ngô Quyền , 4x20m, 3 tầng, Q10",19.5,"Ngô Quyền, Phường 8, Quận 10, TPHCM",80.0,6,8,4,Giấy tờ hợp lệ,25/11/2025
"Biệt thự villa văn phòng ngang 8mx18m,sát Vạn Hạnh Mall, cực hiếm, Q10",36.5,"Sư Vạn Hạnh, Phường 12, Quận 10, TPHCM",120.0,4,4,2,Giấy tờ hợp lệ,25/11/2025
"Mặt tiền 3/2 đoạn Hà Đô,khúc đẹp nhất,ngang 4m, 29.8 tỷ ,thuê 80tr,Q10",29.8,"Đường 3 Tháng 2, Phường 11, Quận 10, TPHCM",55.0,8,8,5,Giấy tờ hợp lệ,25/11/2025
"Quá đặc biệt Chủ định cư, Thành Thái hẻm xe hơi, 4x16m. 10,5 tỷ, Q10",10.5,"Thành Thái, Phường 12, Quận 10, TPHCM",64.0,4,4,2,Giấy tờ hợp lệ,25/11/2025
"Bán gấp nhà hẻm xe hơi Tô Hiến Thành, Nguyễn Giản Thanh, 4x16m, Q10",14.5,"Nguyễn Giản Thanh, Phường 15, Quận 10, TPHCM",64.0,6,7,5,Giấy tờ hợp lệ,25/11/2025
"Mặt tiền Trần Thiện Chánh lề rộng 6m, Sư Vạn Hạnh Mall, 7x20m, Q10",39.8,"Trần Thiện Chánh, Phường 12, Quận 10, TPHCM",140.0,10,12,10,Giấy tờ hợp lệ,25/11/2025
"Hẻm xe hơi,5,3x18m,khu cực kỳ đẹp gần mặt tiền, 324 Lý Thường Kiệt,Q10",17.0,"Lý Thường Kiệt, Phường 14, Quận 10, TPHCM",89.0,1,1,,Giấy tờ hợp lệ,25/11/2025
"Định cư, cần bán gấp biệt thự,hẻm rộng 10m, 6.5x28m,Tô Hiến Thành, Q10",29.0,"Tô Hiến Thành, Phường 14, Quận 10, TPHCM",160.0,6,8,4,Giấy tờ hợp lệ,25/11/2025
"Khu biệt thự sang nhất, 506 đường 10m, ngang 6m, 5 tầng, đường 3/2,Q10",21.5,"Đường 3/2, Phường 14, Quận 10, TPHCM",78.0,6,7,10,Giấy tờ hợp lệ,25/11/2025
Q10- SIÊU HIẾM- 7 phòng cao cấp- Dt 600tr/năm,9.6,"Vĩnh Viễn, Phường 4, Quận 10, TPHCM",45.0,7,7,4,Giấy tờ hợp lệ,25/11/2025
Q10- Nhà siêu đẹp- 3PN- TẶNG HẾT NỘI THẤT,6.8,"Nguyễn Chí Thanh, Phường 3, Quận 10, TPHCM",37.0,3,3,6,Giấy tờ hợp lệ,25/11/2025
[Quận 10] Bán Nhà Hoà Hưng Giá Tốt – Hẻm Thông – SHR - Chỉ Hơn 6 Tỷ,6.2,"Hoà Hưng, Phường 13, Quận 10, TPHCM",57.0,2,1,2,Sổ hồng,25/11/2025
Q10- Hoà Hưng- Nhà mới hoàn thiện giá tốt- 3pn,6.7,"Hoà Hưng, Phường 13, Quận 10, TPHCM",40.0,3,3,5,Giấy tờ hợp lệ,25/11/2025
Q10- KHU TRUNG TÂM- tầng 4PN giá tốt,6.5,"Tân Phước, Phường 10, Quận 10, TPHCM",35.0,4,3,6,Giấy tờ hợp lệ,25/11/2025
"🏡 [P Hoà Hưng] Bán Nhà 3 Tầng Mới – Full Nội Thất – 40m2 – Chỉ 6,7 Tỷ",6.7,"Hoà Hưng, Phường 13, Quận 10, TPHCM",40.0,3,4,6,Sổ hồng,25/11/2025
Bán nhà nguyễn tri phương- phường 4 - sát mặt tiền- 3x10m - 5 tầng -,7.0,"Nguyễn Tri Phương, Phường 4, Quận 10, TPHCM",30.0,3,4,5,Sổ hồng,25/11/2025
"[#quận_10] -p12 kế bên vạn hạnh maill, vị trí đắc địa, kinh doanh cực",20.0,"Sư Vạn Hạnh, Phường 12, Quận 10, TPHCM",62.0,5,6,4,Sổ hồng,25/11/2025
Q10- Bà Hạt- 4 tângw 4PN- Hẻm 3G sát hẻm ôto,5.2,"Bà Hạt, Phường 9, Quận 10, TPHCM",42.0,4,3,8,Giấy tờ hợp lệ,25/11/2025
"Mặt Tiền Lê Hồng Phong Q10 Ngang 3,6m Dài 19m nở 5m 6Tầng có 80triệu/t",28.0,"Lê Hồng Phong, Phường 10, Quận 10, TPHCM",81.0,6,6,6,Sổ hồng,25/11/2025
Mặt Tiền Ngô Quyền Q10 Ngang 5m Dài 10m 5 Tầng gần Bệnh viện Chợ Rãy,21.5,"Ngô Quyền, Phường 5, Quận 10, TPHCM",50.0,5,5,5,Sổ hồng,25/11/2025
Nhà đẹp MT Nhật Tảo P8 Q10 4 tầng BTCT gần ngã tư Nguyễn Tri Phương,10.5,"Nhật Tảo, Phường 8, Quận 10, TPHCM",30.0,3,4,2,Sổ hồng,24/11/2025
Bán Căn Nhà 4 Tầng DT 11.6x28 Gần Ngô Gia Tự Thu Nhập Gần 2.5 Tỷ/Năm,78.0,"Nguyễn Duy Dương, Phường 3, Quận 10, TPHCM",300.0,4,4,19,Sổ hồng,24/11/2025
Bán Nhà Khu Nội Bộ Đẳng Cấp Bậc Nhất Quận 10 Rất Hiếm Nhà Bán,21.0,"Đường 3 Tháng 2, Phường 14, Quận 10, TPHCM",72.0,7,8,3,Sổ hồng,24/11/2025
Bán Biệt Thự Góc 2 Mặt Hẻm Siêu Hiếm DT 11.5x15 Đường Thành Thái Quận,32.0,"Thành Thái, Phường 14, Quận 10, TPHCM",171.0,4,4,3,Sổ hồng,24/11/2025
Bán Nhà 4 Tầng Mặt Tiền Gần Ngô Gia Tự Quận 10 DT 4.5x24,28.0,"Nguyễn Duy Dương, Phường 3, Quận 10, TPHCM",110.0,6,4,10,Sổ hồng,24/11/2025
Siêu Hiếm - Biệt Thự Cũ Ngang Hơn 10m Hẻm Xe Tải Thành Thái Quận 10,20.5,"Thành Thái, Phường 14, Quận 10, TPHCM",112.0,3,2,2,Không xác định,24/11/2025
Duy Nhất Mặt Tiền Khu TMDV Sầm Uất Nhất Quận 10 Diện Tích Khủng 14x19,100.0,"Trần Thiện Chánh, Phường 12, Quận 10, TPHCM",260.0,40,40,6,Sổ hồng,24/11/2025
Căn Nhà 6 Tầng Bề Ngang Gần 11m Mặt Tiền Khu Dịch Vụ Sư Vạn Hạnh Q.10,73.0,"Trần Thiện Chánh, Phường 12, Quận 10, TPHCM",200.0,30,30,6,Sổ hồng,24/11/2025
Bán Nhà Hẻm 6m Đường Cao Thắng Phường 12 Quận 10 Kế Bên Hà Đô 5.5x22,22.0,"Cao Thắng, Phường 12, Quận 10, TPHCM",123.0,1,1,6,Sổ hồng,24/11/2025
Nhà 5 Tầng Mặt Tiền Sư Vạn Hạnh P.12 Q.10 Thu Nhập 3.5 Tỷ Mỗi Năm,78.0,"Sư Vạn Hạnh, Phường 12, Quận 10, TPHCM",140.0,5,5,5,Sổ hồng,24/11/2025
Bán Tòa Nhà 7 Tầng Mặt Tiền Đường 285 Cách Mạng Tháng 8 P.12 Q.10,21.8,"Cách Mạng Tháng 8, Phường 12, Quận 10, TPHCM",66.0,7,7,7,Sổ hồng,24/11/2025
Mặt Tiền Lê Hồng Phong Quận 10 Đoạn Đẹp Nhất Con Đường 6 Tầng 8x23,78.0,"Lê Hồng Phong, Phường 12, Quận 10, TPHCM",184.0,6,6,6,Sổ hồng,24/11/2025
Bán nhà Quận 10 Mặt Tiền Nguyễn Tri Phương Có Thu Nhập 85 triệu/tháng,34.5,"Nguyễn Đình Chiểu, Phường 4, Quận 10, TPHCM",70.0,5,5,5,Sổ hồng,24/11/2025
Bán Tòa Nhà 5 Tầng DT 12x16 Đường Lý Thường Kiệt Quận 10,57.0,"Lý Thường Kiệt, Phường 14, Quận 10, TPHCM",200.0,10,10,5,Sổ hồng,24/11/2025
Bán Căn Góc Hẻm Nhựa 12m Đường Sư Vạn Hạnh P.12 Q.10 - DT 5.8x18.5,21.999,"Sư Vạn Hạnh, Phường 12, Quận 10, TPHCM",105.0,4,4,6,Sổ hồng,24/11/2025
Bán Nhà Đẹp Hẻm Sang Khu Siêu Vip Sư Vạn Hạnh Kế Bên Vạn Hạnh Mall,26.5,"Sư Vạn Hạnh, Phường 12, Quận 10, TPHCM",85.0,6,5,3,Sổ hồng,24/11/2025
Tòa Nhà Căn Hộ Dịch Vụ Đường Cao Thắng Q.10 Thu Nhập Trên 1 Tỷ Mỗi Năm,26.499,"Cao Thắng, Phường 12, Quận 10, TPHCM",99.0,11,11,11,Sổ hồng,24/11/2025
Hàng Hiếm Mặt Tiền Ba Tháng Hai Quận 10 DT 7x19 Chỉ Hơn 40 Tỷ,41.5,"Đường 3 Tháng 2, Phường 14, Quận 10, TPHCM",135.0,2,2,2,Sổ hồng,24/11/2025
Bán Nhà Quận 10 Mặt Tiền Sư Vạn Hạnh Phường gần Vạn Hạnh Mall,30.999,"Sư Vạn Hạnh, Phường 12, Quận 10, TPHCM",80.0,1,1,,Sổ hồng,24/11/2025
Tòa Nhà Mặt Tiền Đoạn Đẹp Nhất Ba Tháng Hai Quận 10 8x20 Hầm + 9 Tầng,108.0,"Đường 3 Tháng 2, Phường 12, Quận 10, TPHCM",160.0,10,10,9,Sổ hồng,24/11/2025
Bán Tòa Nhà 6 Tầng MT Lê Hồng Phong P.12 Q.10 Dòng Tiền Hơn 1 Tỷ/Năm,37.0,"Lê Hồng Phong, Phường 12, Quận 10, TPHCM",100.0,12,12,6,Sổ hồng,24/11/2025
Khuôn Đất 14.5x26 Nằm Trong Khu Biệt Thự Phường 12 Quận 10,65.0,"Hoàng Dư Khương, Phường 12, Quận 10, TPHCM",381.0,5,5,2,Sổ hồng,24/11/2025
Bán Nhà 2 Mặt Tiền Trước Sau Đường Ngô Quyền Nối Dài Q.10 DT 4.5x24,26.0,"Ngô Quyền, Phường 8, Quận 10, TPHCM",105.0,5,5,4,Sổ hồng,24/11/2025
Căn Nhà Duy Nhất Còn Lại Mặt Tiền Cao Thắng Q.10 Phân Khúc 30 Tỷ,32.0,"Cao Thắng, Phường 11, Quận 10, TPHCM",85.0,1,1,,Sổ hồng,24/11/2025
Sản Phẩm Duy Nhất - Biệt Thự Mặt Tiền Khu Cư Xá Bắc Hải Q.10 Chỉ 43 Tỷ,43.0,"Trường Sơn, Phường 15, Quận 10, TPHCM",150.0,5,6,3,Sổ hồng,24/11/2025
Duy Nhất - Biệt Thự 3 Tầng 10.5x21 Đường Sư Vạn Hạnh Phường 12 Quận 10,41.0,"Sư Vạn Hạnh, Phường 12, Quận 10, TPHCM",213.0,5,5,3,Sổ hồng,24/11/2025
Bán Nhà Đẹp Hẻm Sang Khu Siêu Vip Sư Vạn Hạnh Kế Bên Vạn Hạnh Mall,28.0,"Sư Vạn Hạnh, Phường 12, Quận 10, TPHCM",85.0,6,5,3,Sổ hồng,24/11/2025
Bán Khách Sạn 7 Tầng Đường Sư Vạn Hạnh P.12 Q.10 DT 6x18 Giá Chỉ 37 Tỷ,37.0,"Sư Vạn Hạnh, Phường 12, Quận 10, TPHCM",100.0,20,21,7,Sổ hồng,24/11/2025
Căn Góc MT Đường Lớn Gần Nguyễn Tri Phương Ngang Lớn Chỉ Hơn 200tr/m2,39.0,"Vĩnh Viễn, Phường 4, Quận 10, TPHCM",172.0,6,6,3,Sổ hồng,24/11/2025
Bán Căn Góc Đường Sư Vạn Hạnh Q.10 Gần Vạn Hạnh Mall 7.5x18 Nhà 5 Tầng,45.0,"Sư Vạn Hạnh, Phường 12, Quận 10, TPHCM",135.0,20,20,3,Sổ hồng,24/11/2025
Bán Căn Góc Khuôn Đất Cực Hiếm 25x15 Đường Nguyễn Tri Phương Q.10,75.0,"Nguyễn Tri Phương, Phường 9, Quận 10, TPHCM",373.0,10,10,4,Sổ hồng,24/11/2025
Bán Căn Góc 18x20 Hẻm Kinh Doanh Đường Sư Vạn Hạnh Và Tô Hiến Thành,82.999,"Sư Vạn Hạnh, Phường 13, Quận 10, TPHCM",390.0,3,3,3,Sổ hồng,24/11/2025
Sản Phẩm Hiếm Nhà 5 Tầng 4.4x24 Mặt Tiền Tô Hiến Thành Quận 10,29.0,"Tô Hiến Thành, Phường 13, Quận 10, TPHCM",107.0,8,4,5,Sổ hồng,24/11/2025
Căn Nhà Duy Nhất Mặt Tiền Khu Cư Xá Bắc Hải 5.4x25 Giá 32.5 Tỷ,32.5,"Thất Sơn, Phường 15, Quận 10, TPHCM",143.1,5,5,3,Sổ hồng,24/11/2025
Căn Góc Siêu Vị Trí Đường Cao Thắng Quận 10 Cho Thuê Gần 2 Tỷ Mỗi Năm,46.0,"Cao Thắng, Phường 12, Quận 10, TPHCM",55.0,6,6,6,Sổ hồng,24/11/2025
Bán Tòa Nhà 7 Tầng 2 Mặt Tiền Đường Lý Thường Kiệt Quận 10,59.0,"Lý Thường Kiệt, Phường 14, Quận 10, TPHCM",123.0,7,7,5,Sổ hồng,24/11/2025
Quận 11 - Hẻm Xe Hơi 4M – Gần Mặt Tiền - 4PN - Nhà Mới - Nhỉnh 5 Tỷ,5.98,"Xóm Đất, Phường 8, Quận 11, TPHCM",31.0,4,2,7,Sổ hồng,25/11/2025
"Bán gấp nhà đẹp Tống Lung, Q11 – giá chỉ 6.6 tỷ!",6.6,"Tổng Lung, Phường 13, Quận 11, TPHCM",60.0,2,2,4,Sổ hồng,25/11/2025
"Bán nhà HXH Lạc Long Quân - Q.11 - 6m x 13m - 5 tầng - giá chỉ 8,1 tỷ",8.1,"Lạc Long Quân, Phường 5, Quận 11, TPHCM",61.0,5,3,12,Sổ hồng,25/11/2025
Mặt Tiền Quận 11 - 6PN - Tiện Ở Kinh Doanh Đa Ngành - Nhỉnh 17 Tỷ,17.3,"Đường số 9, Phường 8, Quận 11, TPHCM",58.0,6,4,3,Sổ hồng,25/11/2025
"Bán nhà mặt tiền Minh phụng, này đừng 3/2, Quận 11, 8.5x26m, 4 t, 63tỷ",62.999,"Minh Phụng, Phường 2, Quận 11, TPHCM",231.0,5,5,4,Giấy tờ hợp lệ,25/11/2025
Mặt Tiền đường 3 Tháng 2 Q11 ngang 7m Dài 18m 4Tầng Chỉ 35tỷ có 70tr/t,35.0,"Đường 3 Tháng 2, Phường 16, Quận 11, TPHCM",83.0,4,4,4,Sổ hồng,25/11/2025
"27 Tỷ ! Có ngay dòng tiền 50 triệu, Sỡ hữu Mặt Tiền đường 3/2 sang xịn",27.0,"Đường 3 Tháng 2, Phường 2, Quận 11, TPHCM",65.0,9,9,6,Sổ hồng,25/11/2025
"Bán gấp mặt tiền Nguyễn Chí Thanh, BV Chợ Rẫy, lề 6m, 4.5x20m, 5 tầng.",44.0,"Nguyễn Chí Thanh, Phường 7, Quận 11, TPHCM",90.0,12,12,6,Giấy tờ hợp lệ,25/11/2025
"Cư Xá Lữ Gia,đường rộng 8m có lề hẻm thông,sát quận 10, nhà 4 tầng,Q11",15.3,"Cư Xá Lữ Gia, Phường 15, Quận 11, TPHCM",60.0,6,7,4,Giấy tờ hợp lệ,25/11/2025
"Bán nhà GÓC 2MT 1215 đường 3/2 -Hà Tôn Quyền, Phường 6, Quận 11",70.0,"1215 Đường 3 Tháng 2, Phường 6, Quận 11, TPHCM",92.0,3,3,2,Sổ hồng,24/11/2025
"Bán nhà Lạc Long Quân - Q.11 - 80m2 - 5PN giá chỉ 8,1 tỉ",8.1,"Lạc Long Quân, Phường 5, Quận 11, TPHCM",80.0,5,3,8,Sổ hồng,24/11/2025
Bán nhà Q.11 - hẻm trước nhà gần 5m - ngang 3m x 10m - 3 tầng - 4pn,5.9,"Thái Phiên, Phường 2, Quận 11, TPHCM",31.0,4,3,7,Sổ hồng,24/11/2025
"Bán nhà hxh Lê Đại Hành Q.11 - 55m2 - 4pn 3wc - giá 12,5 tỷ",12.5,"Lê Đại Hành, Phường 13, Quận 11, TPHCM",40.0,4,3,15,Sổ hồng,24/11/2025
"Bán nhà MT đường nội bộ Lý Thường Kiệt Q.11 - 4,5m x 16m",23.5,"Lý Thường Kiệt, Phường 15, Quận 11, TPHCM",72.0,8,8,24,Sổ hồng,24/11/2025
"Bán nhà cũ tiện cải tạo xây mới Hàn Hải Nguyên Q.11 - 50m2 - giá 5,6",5.6,"Hàn Hải Nguyên, Phường 1, Quận 11, TPHCM",50.0,3,3,,Sổ hồng,24/11/2025
Hẻm xe hơi Lạc Long Quân - 6m x 13m - 4 tầng - chỉ 8.1 tỷ thương lượn.,8.1,"Lạc Long Quân, Phường 5, Quận 11, TPHCM",60.0,4,4,8,Sổ hồng,22/11/2025
"Bán siêu phẩm nhà 2MT Nguyễn Chí Thanh, Phường 7 Quận 11, DT 4,2 x 19,",45.0,"Nguyễn Chí Thanh, Phường 7, Quận 11, TPHCM",81.0,3,3,3,Sổ hồng,21/11/2025
"Chỉ 5,8 tỷ(TL), Lê Đại Hành-Quận11, Đoạn Hẻm4m Thông Lý Nam Đế,2PN,3WC",5.8,"Lê Đại Hành, Phường 7, Quận 11, TPHCM",38.0,2,3,7,Sổ hồng,20/11/2025
"Bán Nhà MT 91 Lý Thường Kiệt, P.7, Q.11. DT: 4x16m 4 tầng Giá 28 tỷ !",28.0,"91 Lý Thường Kiệt, Phường 7, Quận 11, TPHCM",60.0,4,5,4,Sổ hồng,19/11/2025
"Bán nhà góc 2 MT 3 tháng 2 quận 11, 4x19m , 3 tầng, vị trí đẹp, 23,5 T",23.5,"Đường 3/2, Phường 12, Quận 11, TPHCM",67.0,3,3,3,Sổ hồng,18/11/2025
"Bán Nhà [Lạc Long Quân+Quận11], Ngay Cạnh Đầm Sen. 2PN, 1WC",2.98,"Lạc Long Quân, Phường 3, Quận 11, TPHCM",20.0,2,1,2,Sổ hồng,17/11/2025
"Bán gấp nhà Bình Thới 4,2x22m giá 7,5 tỷ",7.5,"Bình Thới, Phường 11, Quận 11, TPHCM",92.0,3,2,,Sổ hồng,13/11/2025
"Bán gấp H7m XH Tôn Thất Hiệp 3,6x13,5m giá 6,5 tỷ",6.5,"Tôn Thất Hiệp, Phường 13, Quận 11, TPHCM",49.0,2,2,,Sổ hồng,13/11/2025
"Mặt Tiền Kinh Doanh Đường 3/2, Quận 11 • Thang máy • HĐT 50tr/tháng",27.0,"Đường 3 Tháng 2, Phường 2, Quận 11, TPHCM",64.6,9,9,4,Sổ hồng,12/11/2025
"Chủ kẹt vốn bán gấp, nhà 4 tầng mt & 1 kho, lý thường kiệt q11",29.19,"Lý Thường Kiệt, Phường 15, Quận 11, TPHCM",270.0,5,5,12,Sổ đỏ,11/11/2025
NHỈNH 6 TỶ-NHÀ HXH 6M-Minh Phụng Q11-4PN - 3WC - hẻm hông - 2 ban công,6.4,"Minh Phụng, Phường 2, Quận 11, TPHCM",37.0,4,3,3,Sổ hồng,11/11/2025
Nhà 2 MT Phan Xích Long Q11 – vỉa hè 3m-4 tầng–Ngay 3/2–chỉ 8.15 tỷ TL,8.15,"Phan Xích Long, Phường 16, Quận 11, TPHCM",43.0,3,3,2,Sổ hồng,11/11/2025
"Nhà Lô Góc Ngang 6x13m,HXH,Ngay Ký Túc Xá ĐH.Sư Phạm-Lạc Long Quân-Q11",8.1,"Lạc Long Quân, Phường 5, Quận 11, TPHCM",80.0,5,4,16,Sổ hồng,10/11/2025
"Toà nhà 6 Tầng Thang Máy Sát Ba Tháng Hai,Q11 🏠 4 x 15 - 8PN 8WC 🏠",4.74,"Đường 3 Tháng 2, Phường 12, Quận 11, TPHCM",60.0,8,8,12,Sổ hồng,09/11/2025
Siêu Phẩm 6 Tầng Thang Máy Chủ NGỘP Bán Có Giá Chốt Cực TỐT Thái Phiên,5.185,"Thái Phiên, Phường 8, Quận 11, TPHCM",52.0,9,9,12,Sổ hồng,09/11/2025
"Bán nhà 2 MT số 43 đường Trịnh Đình Trọng, P.5, Q.11, 3x13, 1 lầu",6.6,"Trịnh Đình Trọng, Phường 5, Quận 11, TPHCM",39.0,2,2,1,Giấy tờ hợp lệ,07/11/2025
"Bán nhà quận 11 đường 3 tháng 2 – 6 phòng ngủ lớn, 6 WC",13.1,"Đường 3 Tháng 2, Phường 16, Quận 11, TPHCM",68.0,6,6,,Sổ hồng,07/11/2025
Bán nhà quận 11 đường lãnh bình thăng DT: 5.2 × 13.8m (CN 50m²),7.8,"Lãnh Binh Thăng, Phường 11, Quận 11, TPHCM",50.0,,,,Sổ hồng,07/11/2025
"✨ Bán nhà hẻm thông– GẦN CX LỮ GIA, Q11 ✨ 📏 DT: 4.1 x 16m, nở hậu 🏗",2.245,"Cư Xá Lữ Gia, Phường 15, Quận 11, TPHCM",66.0,4,2,2,Sổ hồng,06/11/2025
120 tỷ! Bán 756m2 MT nút giao Công viên nước Đầm Sen Q11 - 2 Hầm 9 Lầu,120.0,"Hòa Bình, Phường 5, Quận 11, TPHCM",756.0,1,1,9,Sổ hồng,05/11/2025
"HIẾM 1 hầm 8 tầng! Bán tòa nhà MT Lý Thường Kiệt, Q.11 – 14.6x20.75m –",180.0,"Lý Thường Kiệt, Phường 15, Quận 11, TPHCM",305.0,8,8,15,Sổ hồng,05/11/2025
Nhà Mới Đường Ông Ích Khiêm Quận 11 Chỉ 3 T.ỷ 450 TL,3.45,"Ông Ích Khiêm, Phường 14, Quận 11, TPHCM",24.0,2,2,2,Sổ hồng,05/11/2025
"DEAL TỐT 140 tỷ! Bán tòa nhà 2MT Lý Thường Kiệt, Q.11 – 14x19m – 5 lầu",140.0,"Lý Thường Kiệt, Phường 15, Quận 11, TPHCM",202.0,5,5,10,Sổ hồng,04/11/2025
HXH Trung Tâm Quận 11 - Đường Minh Phụng,6.4,"Minh Phụng, Phường 2, Quận 11, TPHCM",37.0,4,3,4,Sổ hồng,31/10/2025
Bán nhà quận 11 (52m2) giá 10 tỷ còn thương lượng,10.0,"Lạc Long Quân, Phường 5, Quận 11, TPHCM",52.0,5,2,3,Sổ hồng,30/10/2025
"Bán nhà quận 11 - đường Bình Thới - ngang 4 x 13,5m",8.7,"Bình Thới, Phường 11, Quận 11, TPHCM",52.0,3,3,3,Sổ đỏ,30/10/2025
Hiếm Nhà Bán HXH Xóm Đất Quận 11 .,5.98,"Xóm Đất, Phường 10, Quận 11, TPHCM",32.0,4,3,4,Sổ hồng,29/10/2025
Bán Nhà 64m2-HXH-Sát MT Lãnh Binh Thăng-NgayLê Đại Thành-P11-Q11,10.8,"Lãnh Binh Thăng, Phường 11, Quận 11, TPHCM",64.0,4,5,3,Sổ hồng,29/10/2025
"BÁN NHÀ 2 MẶT TIỀN TRƯỚC SAU – TRỊNH ĐÌNH TRỌNG, P.5, Q.11, 3x12m",6.8,"Trịnh Đình Trọng, Phường 5, Quận 11, TPHCM",36.0,2,2,2,Giấy tờ hợp lệ,28/10/2025
Bán nhà quận 11 đường hòa bình 2 mặt hẻm Diện tích: 54m² (4×13.5).,9.7,"Hòa Bình, Phường 5, Quận 11, TPHCM",54.0,6,5,9,Sổ hồng,28/10/2025
Bán nhà Quận 11 đường lãnh bình thăng giá 10 tỷ 800 còn thương lượng,10.8,"Lãnh Binh Thăng, Phường 13, Quận 11, TPHCM",64.0,4,5,3,Sổ hồng,28/10/2025
"Bán Nhà Thái Phiên Q11, vừa ở vừa cho thuê",7.9,"Thái Phiên, Phường 2, Quận 11, TPHCM",55.0,3,2,2,Sổ hồng,15/10/2025
"Bán Toà Nhà Mặt Tiền Đường Lê Đại Hành, P11, Q11, Ngang 10m Giá 44tỷ",44.0,"Lê Đại Hành, Phường 11, Quận 11, TPHCM",110.0,12,13,5,Sổ hồng,27/09/2025
"Bán nhà mặt tiền Tổng Lung P.13, Q.11",6.9,"Tổng Lung, Phường 13, Quận 11, TPHCM",62.5,2,2,2,Sổ hồng,27/09/2025
Bán nhà mặt tiền đường 8M nội bộ Lạc Long Quân Q11 Giáp Tân Phú,9.599,"Lạc Long Quân, Phường 5, Quận 11, TPHCM",59.0,7,8,3,Sổ hồng,22/09/2025
Bán nhà mặt tiền Nguyễn Thị Nhỏ P.15 Q.11 60m2 4 Lầu Giá 17 Tỷ,17.0,"Nguyễn Thị Nhỏ, Phường 15, Quận 11, TPHCM",60.0,8,8,8,Sổ hồng,11/09/2025
"Bán Nhà Mặt Tiền Số 50-52 Đường Số 7 Lãnh Binh Thăng, Phường 8 Quận 11",35.5,"Lãnh Binh Thăng, Phường 8, Quận 11, TPHCM",200.0,2,2,,Sổ hồng,06/09/2025
"Bán Nhà Góc 3 Mặt Tiền 299 Lãnh Binh Thăng, Phường 8, Quận 11",23.0,"299 Lãnh Binh Thăng, Phường 8, Quận 11, TPHCM",61.0,5,5,5,Sổ hồng,03/09/2025
"MT Cư xá Lữ Gia Q11 79m2 4x19.5 có dòng tiền, tiện xây mới, 15.5 tỷ TL",15.5,"Lữ Gia, Phường 15, Quận 11, TPHCM",79.0,3,2,1,Sổ hồng,27/08/2025
"Nhà TT Q.11 – Lò Siêu, Giá: 4 tỷ 790 1T3L, 5PN Không gian thoáng mát",4.78,"Lò Siêu, Phường 16, Quận 11, TPHCM",39.0,5,5,8,Sổ hồng,17/08/2025
Nhanh tay mua ngay nhà Tạ Uyên Q.11 1 tỷ 790 32.4 m2 sổ riêng,1.79,"Tạ Uyên, Phường 7, Quận 11, TPHCM",32.4,3,3,3,Sổ hồng,16/08/2025
Tòa nhà 189–291 Lý Thường Kiệt. DTS 1.960m²,180.0,"Lý Thường Kiệt, Phường 15, Quận 11, TPHCM",304.0,1,1,9,Sổ hồng,13/08/2025
"SIÊU NGON , Quận 11 gần Lê Đại Hành , 66m2 NGANG 6M , GIÁ 9.1 TỶ",9.1,"Lê Đại Hành, Phường 13, Quận 11, TPHCM",66.0,3,3,,Sổ đỏ,13/08/2025
"Nhà 38m2-4,7ỷ, 1T-2L, 4PN-3WC, Âu cơ P.14, ngay vòng xoay Lê đại hành",4.7,"58/1A 100 Bình Thới, Phường 4, Quận 11, TPHCM",38.0,4,3,3,Sổ hồng,09/08/2025
"Quận11 Nhà 2 Tầng Hẻm thông cách 1 căn ra MT Lãnh Binh Thăng, DT Vuông",6.8,"Lãnh Binh Thăng, Phường 13, Quận 11, TPHCM",55.0,1,2,2,Sổ đỏ,09/08/2025
"QUẬN11 Hẻm 1 xẹt Mới vào ở ngay 100 Bình Thới, BTCT 3PN Chỉ 3.9x Tỷ",3.98,"Bình Thới, Phường 14, Quận 11, TPHCM",24.0,3,3,,Sổ đỏ,06/08/2025
"Nhà HXH 8m ID485 Lạc Long Quân. DT 7x12m, 4 tầng",12.5,"Lạc Long Quân, Phường 5, Quận 11, TPHCM",82.0,1,1,4,Sổ hồng,05/08/2025
Hòa Bình 5.5mx 19m hẻm xe hơi ngay CV Đầm Sen chỉ 11.9 tỷ thương lượng,11.9,"Hòa Bình, Phường 5, Quận 11, TPHCM",105.0,6,4,,Sổ hồng,29/07/2025
Nhà đẹp 4 tầng Lạc Long Quân Đường 8m xe hơi,9.6,"Lạc Long Quân, Phường 5, Quận 11, TPHCM",59.0,7,8,3,Sổ hồng,22/07/2025
"Mặt tiền Hòa Bình Q11 686m2, 25.5x27 ngang khủng có 100tr/th,102 tỷ TL",102.0,"Hòa Bình, Phường 5, Quận 11, TPHCM",686.0,4,2,,Sổ hồng,26/06/2025
Nhà 4 tầng kiên cố hxh sát mặt tiền lạc long quân q11 4pn chỉ 8 tỷ,8.8,"Lạc Long Quân, Phường 10, Quận 11, TPHCM",47.0,4,3,12,Sổ hồng,17/06/2025
"Chính chủ bán căn nhà Tạ Uyên| Nhà SHR, mua bán chính chủ không phí",1.3,"Tạ Uyên, Phường 7, Quận 11, TPHCM",48.0,3,2,2,Sổ hồng,15/06/2025
Hai Mặt Tiền Dương Đình Nghệ Q11 ( 4 * 15 ) 3 Lầu 13.5 Tỷ,13.5,"Dương Đình Nghệ, Phường 8, Quận 11, TPHCM",60.0,6,6,3,Sổ hồng,12/06/2025
CĂN GÓC: Siêu Mặt Tiền Lãnh Binh Thăng ( 5 * 15 ) 5 Lầu Thang Máy,22.5,"Lãnh Binh Thăng, Phường 8, Quận 11, TPHCM",60.0,8,8,10,Sổ hồng,12/06/2025
💰 Hẻm 6m Khu Dân Trí Q11 ( 4.7 * 28 ) 1 Lầu 11.3 Tỷ 💰,11.3,"Tân Hóa, Phường 1, Quận 11, TPHCM",132.0,3,2,1,Sổ hồng,12/06/2025
Diện tích Khủng P10 Q11 (6.6 x 16m) 3 lầu. 9.7 tỷ.,9.7,"Bình Thới, Phường 10, Quận 11, TPHCM",56.0,10,10,5,Sổ hồng,12/06/2025
Hai Mặt Tiền Phó Cơ Điều p4 Q11 ( 8.6 * 11 ) 6 Lầu 28 Tỷ,28.0,"Phó Cơ Điều, Phường 6, Quận 11, TPHCM",86.0,5,6,11,Sổ hồng,12/06/2025
Hẻm 6m Lê Đại Hành q11 ( 4.5 * 10 ) 2 Lầu 6.5 tỷ,6.5,"Lê Đại Hành, Phường 6, Quận 11, TPHCM",44.0,3,2,12,Sổ hồng,12/06/2025
Duy Nhất Một Căn Cư Xá Bình Thới ( 4.5 * 14 ) 3 Lầu Dưới 13.8 tỷ,13.8,"Đường số 7A, Phường 8, Quận 11, TPHCM",63.0,3,3,3,Sổ hồng,12/06/2025
Đường 16m: Vỉa hè 6m Q11 (3.8/4.7 * 23) 2 lầu 11 tỷ.,11.0,"Lạc Long Quân, Phường 3, Quận 11, TPHCM",92.0,4,4,4,Sổ hồng,12/06/2025
Mặt Tiền Minh Phụng Hàn Hải Nguyên Q11 ( 3.3 * 16 ) 3 Lầu 12.2 Tỷ,12.2,"Minh Phụng, Phường 2, Quận 11, TPHCM",50.0,4,4,6,Sổ hồng,12/06/2025
Hai Mặt Tiền Phan Xích Long 3/2 Q11 ( 4 * 20 ) 2 Lầu 13 Tỷ,13.0,"Phan Xích Long, Phường 16, Quận 11, TPHCM",80.0,2,2,4,Sổ hồng,12/06/2025
Siêu Phẩm Mặt Tiền Đội Cung Q11 ( 3.4 * 16 ) 6 Lầu 12 Tỷ,12.0,"Đội Cung, Phường 9, Quận 11, TPHCM",50.0,5,6,12,Sổ hồng,12/06/2025
Mặt Tiền Lý Nam Đế Bệnh Viện Chợ Rẫy ( 4 * 14 ) 3 Lầu 14.9 Tỷ,14.9,"Lý Nam Đế, Phường 7, Quận 11, TPHCM",56.0,4,4,6,Sổ hồng,12/06/2025
Đường 8m Ông Ích Khiêm Q11 ( 7 * 26 ) Thang Máy 4 Lầu 25 Tỷ,25.0,"Ông Ích Khiêm, Phường 5, Quận 11, TPHCM",185.0,7,7,8,Sổ hồng,12/06/2025
Hai Mặt Tiền Hàn Hải Nguyên Xóm Đất Q11 ( 3.4 * 12.5 ) 4 Lầu 11.8 Tỷ,11.8,"Hàn Hải Nguyên, Phường 8, Quận 11, TPHCM",40.0,3,4,8,Sổ hồng,12/06/2025
Đường 8m 49 Âu Cơ Q11 ( 3.6/10 * 20 ) 2 Lầu 10.5 Tỷ,10.5,"Âu Cơ, Phường 14, Quận 11, TPHCM",118.0,4,4,4,Sổ hồng,12/06/2025
Mặt Tiền Đường Số 7 Cư Xá Bình Thới Q11 ( 4 * 16 ) 2 Lầu 14.5 Tỷ,14.5,"Đường số 7, Phường 8, Quận 11, TPHCM",64.0,3,2,2,Sổ hồng,12/06/2025
188m : Đường 10m Thái Phiên Q11 ( 6 * 33 ) 3 Lầu 25 Tỷ,25.0,"Thái Phiên, Phường 8, Quận 11, TPHCM",188.0,8,10,,Sổ hồng,12/06/2025
Mặt Tiền Minh Phụng Vỉa Hè 7m ( 8.4 * 26.5 ),60.0,"Minh Phụng, Phường 2, Quận 11, TPHCM",223.0,5,6,6,Sổ hồng,12/06/2025
Hai Mặt Tiền Thái Phiên P8 Q11 ( 3.5 * 18 ) 3 Lầu 12 Tỷ,12.0,"Thái Phiên, Phường 8, Quận 11, TPHCM",63.0,5,5,7,Sổ hồng,12/06/2025
"Hồng Bàng Quận 11. DT 31m2 ngang 2,6m nở hậu 3m dài 13m. 3 tỷ xí",3.75,"Hồng Bàng, Phường 1, Quận 11, TPHCM",31.0,2,2,2,Sổ hồng,11/06/2025
Bán nhà mặt tiền kinh doanh- Quận 11 vị trí đẹp kinh doanh,7.9,"Đội Cung, Phường 8, Quận 11, TPHCM",35.0,3,4,6,Sổ hồng,03/06/2025
"Kẹt tiền bán gấp nhà Lê Đại Hành, P. 13, Q. 11, DT 46,8m2 GIÁ 1TỶ860TR",1.8599999999999999,"Lê Đại Hành, Phường 13, Quận 11, TPHCM",46.8,2,3,,Sổ hồng,29/05/2025
"Bán nhà mặt tiền kinh doanh sầm uất - 205 Hàn Hải Nguyên, P.2, Q. 11",11.9,"205 Hàn Hải Nguyên, Phường 2, Quận 11, TPHCM",42.0,1,1,4,Sổ hồng,27/05/2025
"Cần bán nhà chính chủ – 197/6 Lê Thị Bạch Cát, Quận 11",1.999,"197/6 Lê Thị Bạch Cát, Phường 11, Quận 11, TPHCM",8.7,1,1,2,Sổ hồng,27/05/2025
"Bán gấp nhà Mặt Tiền Lê Đại Hành 3,5x30m giá 26,5 tỷ",26.5,"Lê Đại Hành, Phường 13, Quận 11, TPHCM",103.0,5,4,4,Sổ hồng,23/05/2025
"Chính chủ cần bán nhà DT 12m2. Hẻm đường Lạc long quân, P.1, Q.11",1.3900000000000001,"Lạc Long Quân, Phường 1, Quận 11, TPHCM",12.0,1,1,,Sổ hồng,23/05/2025
"Bán nhà MT Âu Cơ Q11, gần Lê Đại Hành 4,2x15m 6 Lầu mới lề đường 8m",18.2,"Âu Cơ, Phường 14, Quận 11, TPHCM",60.0,6,5,6,Sổ hồng,17/05/2025
"Nhà mới xây, 27 m2. Giá 3,6 tỷ. Quận 11, pháp lí chuẩn ko quy hoạch",3.6,"Âu Cơ, Phường 5, Quận 11, TPHCM",27.0,2,4,6,Sổ hồng,17/05/2025
"Gấp, bán nhà 2 mặt tiền Lạc Long Quân, 4x14 2 lầu, giá 13,5 tỷ TL",13.5,"Lạc Long Quân, Phường 5, Quận 11, TPHCM",56.0,3,3,3,Sổ hồng,17/05/2025
"Ngộp, Bán nhà MT Âu Cơ, 4x16. 6 lầu, giấy tờ đầy đủ công chứng nhanh",18.0,"Âu Cơ, Phường 14, Quận 11, TPHCM",64.0,6,7,6,Sổ hồng,17/05/2025
"Ngộp, Cần Bán nhà MT Ông Ích Khiêm 32m2, công nhận đủ 8 tỷ",8.0,"Ông Ích Khiêm, Phường 5, Quận 11, TPHCM",32.0,2,1,,Sổ hồng,17/05/2025
"Ngộp, Cần bán nhà mặt tiền Lạc Long quân, 4x13 , 2 lầu, 9,2 tỷ TL",9.2,"Lạc Long Quân, Phường 5, Quận 11, TPHCM",52.0,4,3,3,Không xác định,17/05/2025
"Bán nhà xoay vốn-hẻm xe hơi: 71.2m2/3tỷ200tr Lãnh Binh Thăng, Quận 11",3.2,"Lãnh Binh Thăng, Phường 13, Quận 11, TPHCM",71.2,4,4,4,Sổ hồng,05/05/2025
"THIẾT KẾ SANG TRỌNG Công Chúa Ngọc Hân, P.13, Q.11 57.5m2/3tỷ750tr SHR",3.75,"Công Chúa Ngọc Hân, Phường 13, Quận 11, TPHCM",57.5,3,3,,Sổ hồng,05/05/2025
"Nhà đẹp cần tìm chủ mới Lạc Long Quân, quận 11, 68m2, 2tỷ350, sổ sẵn.",2.35,"Lạc Long Quân, Phường 10, Quận 11, TPHCM",68.0,3,3,2,Sổ hồng,05/05/2025
"Hàng thơm! nhà HXH Lý Thường Kiệt, p15,Q11, 50m2,1tỷ9,Sổ hồng riêng.",1.9,"Lý Thường Kiệt, Phường 15, Quận 11, TPHCM",50.0,2,2,2,Sổ hồng,05/05/2025
"Lên sóng siêu phẩm Lãnh Binh Thăng,P13,Q11,60m2,3Tỷ100,sổ hồng riêng",3.1,"Lãnh Binh Thăng, Phường 13, Quận 11, TPHCM",60.0,3,3,2,Sổ hồng,05/05/2025
"Chủ nhà để lại giá rẻ bất ngờ 72m2/3tỷ350 đ.Phó Cơ Điều ,p.6,q.11 SHR",3.35,"Phó Cơ Điều, Phường 6, Quận 11, TPHCM",72.0,4,4,3,Sổ hồng,05/05/2025
"SIÊU PHẨM MINI HOUSE SANG TRỌNG 68m2/4tỷ2 đ.Lý Thường Kiệt, p15, q.11",4.2,"Lý Thường Kiệt, Phường 15, Quận 11, TPHCM",68.0,3,3,2,Sổ hồng,05/05/2025
Nhà ngộp sang tên gấp 72m2 HXH Phó Cơ Điều-P.6-Q.11 đang cho thuê SHR,3.15,"Phó Cơ Điều, Phường 6, Quận 11, TPHCM",72.0,5,5,4,Sổ hồng,05/05/2025
"Gấp siêu phẩm nhà Lạc Long Quân, p3, Q10, 70m2, 2tỷ950, sổ hồng riêng.",2.95,"Lạc Long Quân, Phường 3, Quận 11, TPHCM",70.0,3,2,3,Sổ hồng,05/05/2025
"Nhà đẹp giá tốt Trần Quý, p.4, q.11 65m2 giá 3tỷ1 cho thuê 18tr/th SHR",3.1,"Trần Quý, Phường 4, Quận 11, TPHCM",65.0,3,3,3,Sổ hồng,05/05/2025
"Chủ bán gáp siêu phẩm Lạc Long Quân,P3, Q11, 70m2, 2tỷ950, sổ riêng.",2.95,"Lạc Long Quân, Phường 3, Quận 11, TPHCM",70.0,3,2,3,Sổ hồng,05/05/2025
"Cần bán nhà riêng tại Đ.Ông Ích Khiêm, P.5 Q.11,80m2,3T750tr,HĐT18Tr/T",3.75,"Ông Ích Khiêm, Phường 5, Quận 11, TPHCM",80.0,4,3,3,Sổ hồng,28/04/2025
"Chính chủ cần bán nhà Đ.Hàn Hải Nguyên,P.10,Q11, 76m2, 4tỷ250tr, SHR",4.25,"Hàn Hải Nguyên, Phường 10, Quận 11, TPHCM",76.0,4,3,3,Sổ hồng,28/04/2025
"Chú Sơn bán nhà đ.Lê Thị Bạch Cát,p11,q11,90m2,4,5tỷ,SHR,HĐT 21tr/T",4.5,"Lê Thị Bạch Cát, Phường 11, Quận 11, TPHCM",90.0,3,4,,Sổ hồng,28/04/2025
Du học Úc bán nhà 58m2/1TY080 Đ. Lãnh Binh Thăng - Q11 - lh Duy,1.08,"Lãnh Binh Thăng, Phường 13, Quận 11, TPHCM",58.0,3,3,,Sổ hồng,24/04/2025
"Kd thua lỗ bán gấp nhà 60m2/1TY120 triệu Bình Thới, Q11, gần BV, shr",1.12,"Bình Thới, Phường 14, Quận 11, TPHCM",60.0,3,3,3,Sổ hồng,24/04/2025
"Tôi kẹt tiền bán gấp nhà đường Xóm Đất phường 8 quận 11 57m2/1,150 TY",1.15,"Xóm Đất, Phường 8, Quận 11, TPHCM",57.0,3,3,2,Sổ hồng,24/04/2025
Mở rộng kinh doanh bán gấp nhà Đ. Tống Văn Trân Q11 60m2 giá 815 TRIỆU,0.815,"Tống Văn Trân, Phường 5, Quận 11, TPHCM",60.0,3,3,,Sổ hồng,24/04/2025
"Bán gấp căn nhà phố tuyệt đẹp!Đ.Lạc Long Quân,P1,Q11.Giá 5tỷ480tr.SHR",5.48,"Lạc Long Quân, Phường 1, Quận 11, TPHCM",125.0,4,7,5,Sổ hồng,24/04/2025
"Chính chủ Bán Nhà bình thới ,p14,quận 11,(dt:54m2/2tỷ 650,SHR",2.65,"Bình Thới, Phường 14, Quận 11, TPHCM",54.0,2,3,4,Sổ hồng,24/04/2025
"Về quê bán nhà 60m2,1 trệt 2 lầu,SHR,920 triệu,ông ích khiêm,p14,q11",0.92,"Ông Ích Khiêm, Phường 14, Quận 11, TPHCM",60.0,3,3,3,Sổ hồng,22/04/2025
Làm ăn vỡ nợ cần bán gấp nhà.Thái Phiên Q11 62m2/giá 935tr gần bv Q11,0.935,"Thái Phiên, Phường 9, Quận 11, TPHCM",62.0,3,3,,Sổ hồng,22/04/2025
Bán gấp nhà 61m2/ 860 triệu Lãnh Binh Thăng - Q11 gần bệnh viện,0.86,"Lãnh Binh Thăng, Phường 13, Quận 11, TPHCM",61.0,3,3,,Sổ hồng,22/04/2025
Thua chứng khoáng bán gấp nhà Bình Thới gần chợ Chim Xanh- giá 970tr,0.97,"Bình Thới, Phường 11, Quận 11, TPHCM",62.0,3,3,,Sổ hồng,22/04/2025
"KDTL bán gấp nhà 60m2 Bình Thới, Q11, gần BV, giá 825tr dọn vào ở ngay",0.825,"Bình Thới, Phường 14, Quận 11, TPHCM",60.0,3,3,3,Sổ hồng,22/04/2025
Ngộp bank cần bán gấp nhà 1T2L.Lạc Long Quân Q11 60m2/giá 940tr. Shr,0.94,"Lạc Long Quân, Phường 1, Quận 11, TPHCM",60.0,3,3,,Sổ hồng,22/04/2025
"Bán Gấp Nhà Đường Lý Nam Đế , P7 , Q11 - Hxh - Giá 1,25 tỷ, sổ riêng",1.25,"Lý Nam Đế, Phường 7, Quận 11, TPHCM",60.0,3,3,3,Sổ hồng,22/04/2025
"cần bán nhà giá rẻ 59m2,1 trệt 2 lầu,SHR,910tr,Lãnh binh thăng,p12,Q11",0.91,"Lãnh Binh Thăng, Phường 12, Quận 11, TPHCM",59.0,3,3,,Sổ hồng,22/04/2025
"định cư Úc bán nhà 60m2,1 trệt 2 lầu,920 triệu,bình thới,p9,quận 11",0.92,"Bình Thới, Phường 9, Quận 11, TPHCM",60.0,3,3,3,Sổ hồng,22/04/2025
Vỡ nợ GĐ tôi cần bán nhà Hàn Hải Nguyên Q11 59m2/ 915TR SHR,0.915,"Hàn Hải Nguyên, Phường 9, Quận 11, TPHCM",59.0,2,2,1,Sổ hồng,21/04/2025
Cách 7m ra hẻm ô tô Nguyễn Chí Thanh 23m2 Quận 11,2.65,"Lò Siêu, Phường 6, Quận 11, TPHCM",23.0,2,2,1,Sổ hồng,20/04/2025
"bán nhà Hàn Hải Nguyên, Q11 sát Vinmart 60m2 - sổ riêng, hẻm 4m",1.29,"Hàn Hải Nguyên, Phường 2, Quận 11, TPHCM",60.0,3,3,2,Sổ hồng,20/04/2025
Cần Tiền Chạy Bệnh Cho Con Bán Nhà Đ.Nguyễn Văn Phú - 62m2 - 1 Tỷ 150T,1.15,"Nguyễn Văn Phú, Phường 3, Quận 11, TPHCM",62.0,3,3,2,Sổ hồng,20/04/2025
Hẻm 6m Sát Quận 10 Lãnh Binh Thăng 50m2 GIá 5.6 tỷ Quận 11,5.6,"Lãnh Binh Thăng, Phường 8, Quận 11, TPHCM",40.0,4,3,3,Sổ hồng,20/04/2025
"Lò Siêu 21m2 Giá 2,6 tỷ Quận 11",2.6,"Lò Siêu, Phường 16, Quận 11, TPHCM",21.0,2,2,,Sổ hồng,20/04/2025
"Hẻm 10 m thông, cạnh Mặt Tiền Lạc Long Quân Q11 Giá 9 tỷ",9.0,"Cư Xá Phú Bình, Phường 5, Quận 11, TPHCM",45.0,6,5,4,Sổ hồng,20/04/2025
"Hẻm 3m đường Âu Cơ 28m2 Giá 3,5 tỷ - Quận 11",3.5,"Âu Cơ, Phường 14, Quận 11, TPHCM",28.0,2,2,2,Sổ hồng,20/04/2025
"Bán gấp nhà 55m2 tại Minh Phụng,Q11,Giá 1tỷ575",1.575,"Minh Phụng, Phường 9, Quận 11, TPHCM",55.0,2,2,,Sổ hồng,16/04/2025
"Cần bán gấp căn nhà đ.Hòa Hảo Q.11 DT 56m2 giá 941 tr, HXH, Shr bao đủ",0.941,"Hòa Hảo, Phường 8, Quận 11, TPHCM",56.0,4,3,3,Sổ hồng,14/04/2025
"GĐ vỡ nợ bán gấp nhà 60m2 Đường Minh Phụng-Q.11, giá 1ty150tr/Shr",1.15,"Minh Phụng, Phường 9, Quận 11, TPHCM",60.0,4,3,,Sổ hồng,14/04/2025
"🔥 GIẢM SỐC 2 TỶ – BÁN GẤP NHÀ MặT TiềN BìnH ThớI, Q11 🔥",19.5,"Bình Thới, Phường 11, Quận 11, TPHCM",53.0,6,5,3,Sổ hồng,02/04/2025
📣23_ SIêU VỊ TRÍ ViP – MặT TiềN ĐườNG LớN MINH PHỤNG – TRuNG TÂM QUẬN,12.8,"Minh Phụng, Phường 2, Quận 11, TPHCM",50.0,2,2,,Sổ hồng,02/04/2025
🔥 Nhà cao cấp Q.11 _ KD căn hộ dịch vụ _ thu nhập 40tr/th,8.8,"Lạc Long Quân, Phường 3, Quận 11, TPHCM",40.0,7,7,3,Sổ hồng,02/04/2025
"🔥 Bán nhà 4 lầu Q11_giá chỉ 5,8 tỷ (tL) 🔥",5.8,"Đội Cung, Phường 11, Quận 11, TPHCM",31.0,4,3,7,Sổ hồng,02/04/2025
🔥 Bán nhà 4 tầng BTCT Q11_ thu nhập 39tr/ tháng 🔥,8.2,"Nguyễn Chí Thanh, Phường 16, Quận 11, TPHCM",50.0,7,7,7,Sổ hồng,02/04/2025
🔥31_ Hàng mới ra lò – Mặt tiền kinh doanhVIP Q11 🔥,8.6,"Tôn Thất Hiệp, Phường 12, Quận 11, TPHCM",32.0,4,3,2,Sổ hồng,02/04/2025
"🔥 C46 – NHÀ 4 TẦNG Hẻm 6M Thông – Quận 11 🔥GIÁ : 8,6 TỶ THương LƯỢNG",8.6,"Xóm Đất, Phường 10, Quận 11, TPHCM",52.0,6,5,7,Sổ hồng,02/04/2025
SỔ HỒNG CHÍNH CHỦ bán gấp nhà MINH PHỤNG Q6 49m2 2PN 2ty099,2.099,"Minh Phụng, Phường 2, Quận 11, TPHCM",48.0,2,2,1,Sổ hồng,31/03/2025
CHẠY BỆNH bán nhà 1t2l 62M2 NGUYỄN VĂN PHÚ Q11 Giá 1ty870tr hẻm rộng -,1.87,"Nguyễn Văn Phú, Phường 13, Quận 11, TPHCM",62.0,3,3,,Sổ hồng,25/03/2025
Chú 7 Bán Nhà để trả nợ 1T1L Minh Phụng q11 60m2 gía 1Tỷ150tr hẻm thôn,1.15,"Minh Phụng, Phường 10, Quận 11, TPHCM",60.0,3,3,,Sổ hồng,23/03/2025
"Bán nhà quận 11, DT: 3.6 x 12, 3 tầng, Hẻm 7m thông, chỉ 6.8 tỷ(TL)",6.8,"Lãnh Binh Thăng, Phường 8, Quận 11, TPHCM",41.0,3,3,3,Sổ đỏ,23/03/2025
"Bán Nhà Mặt Tiền Đường Song Hành Quận !2, Ngay Ngã Tư An Sương",6.7,"Song Hành Quốc Lộ 22, Phường Tân Hưng Thuận, Quận 12, TPHCM",65.0,2,2,2,Sổ đỏ,25/11/2025
Cần bán nhà biệt thự + kho tổng 845m2 khu BT Thạnh Xuân Quận 12,51.0,"Hà Huy Giáp, Phường Thạnh Xuân, Quận 12, TPHCM",845.0,8,8,2,Sổ hồng,25/11/2025
Bán nhà xưởng 2 mặt đường Đông Hưng Thuận Quận 12,150.0,"Kênh Tham Lương, Phường Đông Hưng Thuận, Quận 12, TPHCM",3550.0,4,6,,Sổ hồng,25/11/2025
Cần bán nhà Biệt thự Tân Thới Nhất Quận 12,50.0,"Tân Thới Nhất 8, Phường Tân Thới Nhất, Quận 12, TPHCM",377.0,6,4,3,Sổ hồng,25/11/2025
Bán Gấp Xưởng 5000m2 kcn Q12 .,46.0,"Nguyễn Ảnh Thủ, Phường Hiệp Thành, Quận 12, TPHCM",5000.0,5,4,,Giấy tờ hợp lệ,25/11/2025
KHÁCH SẠN 8lầu ngang 5m MT Hiệp Thành Q12 118m2 41P DT hơn 100tr 17 tỷ,16.999,"Đường HT 45, Phường Hiệp Thành, Quận 12, TPHCM",118.0,41,41,24,Sổ hồng,25/11/2025
Nhỉnh 12 tỷ MTKD sầm uất Nguyễn Văn Quá 100m2 ngang 4.1m 4 lầu gần chợ,12.95,"Nguyễn Văn Quá, Phường Đông Hưng Thuận, Quận 12, TPHCM",100.0,7,7,8,Sổ hồng,25/11/2025
GẤP BÁN xưởng đường 16m QL1A 825m2 rộng 33m sát CVPM Quang Trung 33 tỷ,33.0,"Quốc Lộ 1A, Phường Tân Chánh Hiệp, Quận 12, TPHCM",825.0,4,2,,Sổ hồng,25/11/2025
Biệt thự nghỉ dưỡng 1226m2 rộng 26m Nguyễn Văn Quá tặng hồ bơi 40 tỷ,40.0,"Nguyễn Văn Quá, Phường Đông Hưng Thuận, Quận 12, TPHCM",1226.0,2,1,,Sổ hồng,25/11/2025
Bán xưởng MTKD Võ Thị Thừa An Phú Đông Q12 1309m2 (17x77) 4lầu 46.5 tỷ,46.499,"Võ Thị Thừa, Phường An Phú Đông, Quận 12, TPHCM",1309.0,5,7,8,Sổ hồng,25/11/2025
NGỘP MTKD Nguyễn Ảnh Thủ Q12 ngang 4.5m 135m2 4lầu KD đa ngành 14.8 tỷ,14.799,"Nguyễn Ảnh Thủ, Phường Tân Chánh Hiệp, Quận 12, TPHCM",135.0,3,4,4,Sổ hồng,25/11/2025
Biệt thự 3L mái Thái 1316m2 ngang khủng 53m đường 16m sát Tô Ký 56 tỷ.,55.999,"Tô Ký, Phường Tân Chánh Hiệp, Quận 12, TPHCM",1316.0,5,5,6,Sổ hồng,25/11/2025
KHÁCH SẠN KDC Nam Long Hà Huy Giáp ngang 9m 7 lầu 180m2 26PN chỉ 25 tỷ,24.999,"Hà Huy Giáp, Phường Thạnh Lộc, Quận 12, TPHCM",180.0,26,26,14,Sổ hồng,25/11/2025
NHÀ MỚI XÂY RẤT ĐẸP 5 x 19m 5 tấm Đường Nhựa 7m KHU TRUNG TÂM QUẬN 12,7.6899999999999995,"Thới An 16, Phường Thới An, Quận 12, TPHCM",86.0,5,6,3,Sổ hồng,25/11/2025
BÁN NHÀ MẶT TIỀN 590M Đường Lê Văn Khương QUẬN 12 TUYẾN ĐƯỜNG CHÍNH,49.0,"Lê Văn Khương, Phường Thới An, Quận 12, TPHCM",590.0,2,1,,Sổ hồng,25/11/2025
NHÀ MỚI XÂY Đường Lê Văn Khương vào 100m. Đường Nhựa 1/ 4x14 Giá ngộp,6.0,"Lê Văn Khương, Phường Thới An, Quận 12, TPHCM",56.0,4,5,4,Sổ hồng,25/11/2025
Nhà đường lê thị riêng hẻm xe tải 4 tầng 5 tỷ 890 phường thới an quận,5.89,"Lê Thị Riêng, Phường Thới An, Quận 12, TPHCM",50.0,6,5,7,Sổ hồng,25/11/2025
"Bán nhà HXH Hà Huy Giáp,P.Thạnh Xuân, 4 x 13,5 giá 4.3 tỷ tl.gởi HH 2%",4.3,"Hà Huy Giáp, Phường Thạnh Xuân, Quận 12, TPHCM",53.0,3,2,2,Sổ hồng,25/11/2025
Nhà thới an 13 ngang 4m3 2 tầng 4 tỷ 680 p. thới an quận 12 cũ.,4.68,"Thới An 13, Phường Thới An, Quận 12, TPHCM",56.0,2,2,4,Sổ hồng,25/11/2025
"Bán căn nhà đẹp 60m2 2 tầng 4 tỷ 850 huỳnh thị hai, gần chợ hạt điều,",4.85,"Huỳnh Thị Hai, Phường Tân Chánh Hiệp, Quận 12, TPHCM",60.0,2,2,4,Sổ hồng,25/11/2025
Nhà hiệp thành 45 quận 12 cũ 3 tầng mới đẹp 5 tỷ 7.,5.7,"Hiệp Thành 45, Phường Hiệp Thành, Quận 12, TPHCM",56.0,4,4,7,Sổ hồng,25/11/2025
Nhà hẻm 551 lê văn khương nở hậu 5m2 75m2 4 tầng 5 tỷ 850.,5.85,"Lê Văn Khương, Phường Hiệp Thành, Quận 12, TPHCM",75.0,4,4,8,Sổ hồng,25/11/2025
Nhà thới an 16 60m2 3 tầng nở hậu 4 tỷ 990 phường thới an quận 12 cũ.,4.99,"Thới An 16, Phường Thới An, Quận 12, TPHCM",60.0,3,3,6,Sổ hồng,25/11/2025
Biệt thự lô góc thới an ngang 9m giá 5 tỷ 990 phường thới an quận 12,5.99,"Thới An 16, Phường Thới An, Quận 12, TPHCM",99.0,4,3,,Sổ hồng,25/11/2025
Nhà hiệp thành 45 68m2 nhỉnh 3 tỷ phường tân thới hiệp quận 12 cũ.,3.4699999999999998,"Hiệp Thành 45, Phường Hiệp Thành, Quận 12, TPHCM",68.0,2,1,,Sổ hồng,25/11/2025
Nhà 4 tầng hẻm ô tô 65m2 lâm thị hố p.tân chánh hiệp quận 12 cũ 5 tỷ,5.95,"Lâm Thị Hố, Phường Tân Chánh Hiệp, Quận 12, TPHCM",65.0,5,6,7,Sổ hồng,25/11/2025
Nhà 5 tầng full nội thất hẻm ô tô trần thị năm phường tân chánh hiệp,6.3,"Trần Thị Năm, Phường Tân Chánh Hiệp, Quận 12, TPHCM",54.0,4,6,13,Sổ hồng,25/11/2025
Nhà 1 sẹc lê văn khương thới an quận 12 cũ 93m2 hẻm ô tô 4 tỷ 9.,4.9,"Lê Văn Khương, Phường Thới An, Quận 12, TPHCM",93.0,2,1,,Sổ hồng,25/11/2025
Bán nhà 2 tầng lô góc lâm thị hố p.tân chánh hiệp 50m2 4 tỷ 330.,4.33,"Lâm Thị Hố, Phường Tân Chánh Hiệp, Quận 12, TPHCM",50.0,2,2,4,Sổ hồng,25/11/2025
Bán nhà 2 tầng trương thị hoa p.tân thới hiệp hẻm xe hơi chỉ 4 tỷ 850.,4.85,"Trương Thị Hoa, Phường Tân Thới Hiệp, Quận 12, TPHCM",60.0,3,2,4,Sổ hồng,25/11/2025
Nhà 1 sẹc thới an 11 quận 12 cũ 70m2 4 tầng 5 tỷ 950.,5.95,"Thới An 11, Phường Thới An, Quận 12, TPHCM",70.0,4,5,7,Sổ hồng,25/11/2025
Nhà lê văn khương thới an 2 tầng chỉ 2 tỷ 480.,2.48,"Lê Văn Khương, Phường Thới An, Quận 12, TPHCM",27.0,2,2,4,Sổ hồng,25/11/2025
Nhà trần thị cờ thới an 60m2 2 tầng chỉ 3 tỷ 990 thương lượng.,3.99,"Trần Thị Cờ, Phường Thới An, Quận 12, TPHCM",60.0,3,2,4,Sổ hồng,25/11/2025
Mặt tiền chợ trần thị cờ p.thới an 88m2 chỉ 7 tỷ 850.,7.85,"Trần Thị Cờ, Phường Thới An, Quận 12, TPHCM",88.0,3,2,1,Sổ hồng,25/11/2025
Mặt tiền trần thị cờ thới an 72m2 chỉ 6 tỷ 3 tl.,6.3,"Trần Thị Cờ, Phường Thới An, Quận 12, TPHCM",72.0,3,2,,Sổ hồng,25/11/2025
Bán nhà trương thị hoa ngang 5m 4 tầng 5 tỷ 590 phường tân thới hiệp,5.59,"Trương Thị Hoa, Phường Tân Thới Hiệp, Quận 12, TPHCM",55.0,4,3,8,Sổ hồng,25/11/2025
Bán nhà 3 tầng nở hậu 5m5 63m2 5 tỷ 99 phường hiệp thành quận 12 cũ.,5.99,"Nguyễn Thị Đặng, Phường Hiệp Thành, Quận 12, TPHCM",63.0,3,3,6,Sổ hồng,25/11/2025
Nhà thới an 22 phường thới an 100m2 4 tầng chỉ 5 tỷ 950 tl.,5.95,"Thới An 22, Phường Thới An, Quận 12, TPHCM",100.0,4,3,8,Sổ hồng,25/11/2025
Nhà thới an 22 quận 12 100m2 3 tầng chỉ 6 tỷ.,6.0,"Thới An 22, Phường Thới An, Quận 12, TPHCM",100.0,11,10,6,Sổ hồng,25/11/2025
Nhà mặt tiền trần thị cờ thới an quận 12 127m² chỉ 11 tỷ 900 tl.,11.9,"Trần Thị Cờ, Phường Thới An, Quận 12, TPHCM",127.0,3,2,1,Sổ hồng,25/11/2025
Nhà trần thị cờ phường thới an 53m2 2 tầng chỉ 3 tỷ 850 tl.,3.85,"Trần Thị Cờ, Phường Thới An, Quận 12, TPHCM",53.0,4,2,4,Sổ hồng,25/11/2025
Nhà lê thị riêng p. thới an (quận 12 cũ) 56m2 3pn chỉ 3 tỷ 380 tl.,3.38,"Lê Thị Riêng, Phường Thới An, Quận 12, TPHCM",56.0,3,2,1,Sổ hồng,25/11/2025
Nhà hiệp thành 45 p. hiệp thành(cũ) q12 90m2 hẻm 5m 4 tỷ 950.,4.95,"Hiệp Thành 45, Phường Hiệp Thành, Quận 12, TPHCM",90.0,3,1,,Sổ hồng,25/11/2025
"Nhà 3 Tầng Hẻm Thông Xe Hơi Đường Nguyễn Văn Quá, Q 12, 4x13, 5,35 tỷ",5.35,"Nguyễn Văn Quá, Phường Đông Hưng Thuận, Quận 12, TPHCM",53.0,3,3,5,Sổ hồng,25/11/2025
Nhà thới an 12 phường thới an (quận 12 cũ) 4 tầng ngang 5m8 hẻm 5m 4,4.95,"Thới An 22, Phường Thới An, Quận 12, TPHCM",55.0,5,4,8,Sổ hồng,25/11/2025
Nhà Đúc 3 Tầng Hẻm Ô Tô 5m Nguyễn Văn Quá Quận 12 - 4.8x18m - Sổ Hồng,7.6,"Nguyễn Văn Quá, Phường Đông Hưng Thuận, Quận 12, TPHCM",80.0,4,3,5,Sổ hồng,25/11/2025
Nhà nguyễn thị căn p. tân thới hiệp(quận 12 cũ) 72m2 hẻm 7m 3 tỷ 150.,3.15,"Nguyễn Thị Căn, Phường Tân Thới Hiệp, Quận 12, TPHCM",72.0,2,2,,Sổ hồng,25/11/2025
Mặt tiền phường thới an ngang 5m 82m2 chỉ 5 tỷ 850 tl.,5.85,"Thới An 22, Phường Thới An, Quận 12, TPHCM",82.0,3,2,2,Sổ hồng,25/11/2025
"Nhà khu phố Vip hẻm nhựa 6m - Dương Thị Mười, Quận 12, 4,5x19, 6tỷ500",6.5,"Dương Thị Mười, Phường Tân Chánh Hiệp, Quận 12, TPHCM",107.0,4,4,2,Sổ hồng,25/11/2025
Bán nhà thới an 16 phường thới an 2 tầng chỉ 4 tỷ 350.,4.35,"Thới An 16, Phường Thới An, Quận 12, TPHCM",44.0,2,2,4,Sổ hồng,25/11/2025
Nhà mặt tiền hiệp thành 13 90m2 ngang 5m3 6 tỷ 2.,6.2,"Hiệp Thành 13, Phường Hiệp Thành, Quận 12, TPHCM",90.0,2,3,2,Sổ hồng,25/11/2025
"Nhà Mặt Tiền kinh doanh, đường Đông Hưng Thuận, Quận 12, Sổ Hồng 6x34m",14.0,"Nguyễn Văn Quá, Phường Đông Hưng Thuận, Quận 12, TPHCM",204.0,4,5,5,Sổ hồng,25/11/2025
Nhà trương thị hoa tân thới hiệp ngang 6m 2 tầng 5 tỷ 360.,5.36,"Trương Thị Hoa, Phường Tân Thới Hiệp, Quận 12, TPHCM",72.0,3,2,4,Sổ hồng,25/11/2025
"Bán nhà Trệt - Lửng Đường Nguyễn Văn Quá, Quận 12, 3,2x8m, 2 tỷ 350",2.35,"Nguyễn Văn Quá, Phường Đông Hưng Thuận, Quận 12, TPHCM",23.5,2,1,,Sổ hồng,25/11/2025
Mặt tiền thới an 10 phường thới an 64m2 2 tầng 5 tỷ 350.,5.35,"Thới An 10, Phường Thới An, Quận 12, TPHCM",60.0,2,2,4,Sổ hồng,25/11/2025
"Nhà Mặt Tiền Phan Văn Hớn, P.Tân Thới Nhất, Quận 12, DT 207m2, 20 tỷ",20.0,"Phan Văn Hớn, Phường Tân Thới Nhất, Quận 12, TPHCM",207.0,1,1,,Sổ hồng,25/11/2025
Bán nhà lê văn khương 60m2 3 phòng ngủ 3 tỷ 450 p.hiệp thành quận 12,3.45,"Lê Văn Khương, Phường Hiệp Thành, Quận 12, TPHCM",60.0,3,2,1,Sổ hồng,25/11/2025
Nhà hẻm 567 lê văn khương 2 tầng 3 phòng ngủ 3 tỷ 980 phường hiệp,3.98,"Lê Văn Khương, Phường Hiệp Thành, Quận 12, TPHCM",48.0,3,2,4,Sổ hồng,25/11/2025
Nhà thới an 29 ngang 5m 2 tầng chỉ 3 tỷ 350 thới an quận 12 cũ.,3.35,"Thới An 29, Phường Thới An, Quận 12, TPHCM",40.0,2,2,4,Sổ hồng,25/11/2025
"Nhà mặt tiền Đông Hưng Thuận, ngay KDC An Sương Quận 12, 4x15m, 5tỷ200",5.2,"Đông Hưng Thuận 6, Phường Tân Hưng Thuận, Quận 12, TPHCM",60.0,3,2,,Sổ hồng,25/11/2025
Nhà ngang 6m4 nở hậu hẻm 6m 140m2 7 tỷ 3 trần thị cờ thới an quận 12.,7.3,"Trần Thị Cờ, Phường Thới An, Quận 12, TPHCM",140.0,3,1,,Sổ hồng,25/11/2025
"Nhà đúc 1 lầu, hẻm xe hơi đường Đông Hưng Thuận, Quận 12, 4x20. 5 tỷ 8",5.8,"Nguyễn Văn Quá, Phường Đông Hưng Thuận, Quận 12, TPHCM",80.0,3,4,4,Sổ hồng,25/11/2025
Nhà lâm thị hố 72m2 3 tầng 5 tỷ 9 p.tân chánh hiệp quận 12 cũ.,5.9,"Lâm Thị Hố, Phường Tân Chánh Hiệp, Quận 12, TPHCM",72.0,4,5,6,Sổ hồng,25/11/2025
"Nhà đúc 3 Tầng - Mặt tiền đường Đông Hưng Thuận, Quận 12, 8x21m, 15tỷ",15.0,"Đông Hưng Thuận 2, Phường Đông Hưng Thuận, Quận 12, TPHCM",170.0,4,4,3,Sổ hồng,25/11/2025
"Bán Nhà 8x11m – Hẻm 6m Thông – P.Tân Thới Nhất, Quận 12, Giá 6 Tỷ",6.0,"Trường Chinh, Phường Tân Thới Nhất, Quận 12, TPHCM",81.0,4,4,,Sổ hồng,25/11/2025
"Bán nhà hẻm xe hơi 5m Phan Văn Hớn, Quận 12, DT 4,5m x 20, 6tỷ100",6.1,"Phan Văn Hớn, Phường Tân Thới Nhất, Quận 12, TPHCM",90.0,3,2,,Sổ hồng,25/11/2025
"Bán nhà mặt tiền ngay Galaxy Nguyễn Văn Quá, Quận 12, DT 4x30m, 13tỷ8",13.8,"Nguyễn Văn Quá, Phường Đông Hưng Thuận, Quận 12, TPHCM",120.0,4,3,4,Sổ hồng,25/11/2025
"Bán nhà mặt tiền chợ Bùi Văn Ngữ P.Hiệp Thành, Quận 12, DT 4x30, 11tỷ5",11.5,"Bùi Văn Ngữ, Phường Hiệp Thành, Quận 12, TPHCM",120.0,1,1,,Sổ hồng,25/11/2025
"Bán nhà mặt tiền kinh doanh Nguyễn Văn Quá, Quận 12, 13,5x66m, 75 tỷ",75.0,"Nguyễn Văn Quá, Phường Đông Hưng Thuận, Quận 12, TPHCM",984.0,1,1,,Sổ hồng,25/11/2025
"Bán đất tặng nhà – ngang 5m, hẻm xe hơi thông Song Hành, THT, Quận 12",5.6,"Song Hành Quốc Lộ 22, Phường Tân Hưng Thuận, Quận 12, TPHCM",95.0,1,1,,Sổ hồng,25/11/2025
"Bán Nhà Cấp 4 – 5x21m – Hẻm ÔTô Vào Nhà – Đường Tân Thới Nhất 02, Q 12",5.1,"Phan Văn Hớn, Phường Tân Thới Nhất, Quận 12, TPHCM",103.0,2,1,,Sổ hồng,25/11/2025
"Bán nhà Mặt Tiền Đông Hưng Thuận 02, Quận 12, 10x25m, sổ hồng, 24 tỷ",24.0,"Đông Hưng Thuận 02, Phường Đông Hưng Thuận, Quận 12, TPHCM",250.0,1,1,,Sổ hồng,25/11/2025
"Bán Nhà Mặt Tiền Nguyễn Văn Quá, Quận 12 – DT 4,5x23m, 13 tỷ",13.0,"Nguyễn Văn Quá, Phường Đông Hưng Thuận, Quận 12, TPHCM",95.0,1,1,,Sổ hồng,25/11/2025
Nhà 30m2 1 lầu 2 phòng ngủ - Tân Thới Hiệp - Quận 12 Full thổ cư,1.38,"Tân Thới Hiệp 13, Phường Tân Thới Hiệp, Quận 12, TPHCM",30.0,2,2,2,Sổ hồng,25/11/2025
"Nhà Đúc 3 Tầng - 5x20m - Hẻm Xe Hơi Thông - P. Tân Thới Nhất, Quận 12",7.7,"Phan Văn Hớn, Phường Tân Thới Nhất, Quận 12, TPHCM",100.0,4,5,5,Sổ hồng,25/11/2025
"Nhà đúc 2 tầng Mặt Tiền Đường Trương Thị Hoa, Quận 12, gần Metro, 4x25",9.7,"Trương Thị Hoa, Phường Tân Thới Hiệp, Quận 12, TPHCM",98.0,3,4,4,Sổ hồng,25/11/2025
"Bán dãy nhà trọ - Đường Phan Văn Hớn, Quận 12, 8x20m, 10 phòng, 11tỷ5",11.5,"Phan Văn Hớn, Phường Tân Thới Nhất, Quận 12, TPHCM",160.0,10,10,,Sổ hồng,25/11/2025
"Nhà Cấp 4 Gác Lửng Đúc – Hẻm 4m Thông – Gần KDC An Sương, Quận 12",3.8,"Nguyễn Văn Quá, Phường Tân Hưng Thuận, Quận 12, TPHCM",60.0,2,2,,Sổ hồng,25/11/2025
"Nhà Cấp 4 Mặt Tiền Tân Thới Nhất 02, Quận 12, 5x20 – Sổ Riêng, 7tỷ500",7.5,"Tân Thới Nhất 2, Phường Tân Thới Nhất, Quận 12, TPHCM",100.0,1,1,,Sổ hồng,25/11/2025
"Bán nhà đẹp 3 tầng 4x17m chỉ 7 tỷ 900 khu dân cư An Sương, Quận 12",7.9,"Nguyễn Văn Quá, Phường Tân Hưng Thuận, Quận 12, TPHCM",68.0,4,5,6,Sổ hồng,25/11/2025
"Nhà cấp 4, đường Nguyễn Văn Quá, Quận 12, 5x14m, sổ hồng riêng, 4tỷ500",4.5,"Nguyễn Văn Quá, Phường Đông Hưng Thuận, Quận 12, TPHCM",60.0,1,1,,Sổ hồng,25/11/2025
"🌟 Mua nhà mặt tiền NGUYỄN ẢNH THỦ, 4 tầng, VỊ TRÍ KINH DOANH SẦM UẤT",2.456,"Nguyễn Ảnh Thủ, Phường Thạnh Lộc, Quận 12, TPHCM",110.0,3,4,8,Sổ hồng,25/11/2025
"Bán nhà 2 tầng hẻm xe hơi Trường Chinh, Quận 12, 6x16, sổ riêng, 5tỷ9",5.9,"Trường Chinh, Phường Tân Hưng Thuận, Quận 12, TPHCM",96.0,3,3,2,Sổ hồng,25/11/2025
"Bán Nhà Cấp 4 Sổ Hồng Riêng 5x14m, Hẻm 5m, Gần Nguyễn Văn Quá Quận 12",4.48,"Nguyễn Văn Quá, Phường Đông Hưng Thuận, Quận 12, TPHCM",70.0,2,1,,Sổ hồng,25/11/2025
Nhà 3 Tầng gần công viên Thuận Kiều - Khu 38 Hecta Tân Thới Nhất Q 12,8.5,"Dương Thị Giang, Phường Tân Thới Nhất, Quận 12, TPHCM",80.0,4,3,3,Sổ hồng,25/11/2025
"Bán Nhà Cấp 4 – Hẻm Xe Hơi – Gần Chợ Cây Sộp – Đông Hưng Thuận 6, Q 12",4.2,"Đông Hưng Thuận 6, Phường Tân Hưng Thuận, Quận 12, TPHCM",64.0,1,1,,Sổ hồng,25/11/2025
"Nhà mặt tiền Song Hành Tân Hưng Thuận Quận 12, 4,2x18, 4 tầng, 10tỷ900",10.9,"Song Hành Quốc Lộ 22, Phường Tân Hưng Thuận, Quận 12, TPHCM",75.0,4,5,4,Sổ hồng,25/11/2025
Bán Nhà Mặt Tiền Đông Hưng Thuận Quận 12 – 6x18m – Giá Nhỉnh 9 Tỷ,9.0,"Đông Hưng Thuận 02, Phường Đông Hưng Thuận, Quận 12, TPHCM",108.0,1,1,,Sổ hồng,25/11/2025
"Nhà Cấp 4 - hẻm XH 8m Nguyễn Văn Quá, Quận 12 - 4x17m - Sổ Riêng, 5 tỷ",5.99,"Nguyễn Văn Quá, Phường Đông Hưng Thuận, Quận 12, TPHCM",68.0,1,1,,Sổ hồng,25/11/2025
"Bán nhà Quận 12 – mặt tiền Nguyễn Văn Quá, buôn bán sầm uất, 5.5x21m",14.5,"Nguyễn Văn Quá, Phường Đông Hưng Thuận, Quận 12, TPHCM",105.0,1,1,,Sổ hồng,25/11/2025
"Nhà 7 tầng mặt tiền Nguyễn Văn Quá, Quận 12, 5x30m, thu nhập 60tr/th",19.0,"Nguyễn Văn Quá, Phường Đông Hưng Thuận, Quận 12, TPHCM",150.0,20,21,7,Sổ hồng,25/11/2025
"Nhà 3 Tầng - Hẻm 7m Tân Thới Nhất, Gần Chợ Lạc Quang, 4x20, 7 tỷ 500",7.5,"Phan Văn Hớn, Phường Tân Thới Nhất, Quận 12, TPHCM",80.0,4,4,3,Sổ hồng,25/11/2025
"Nhà Hẻm Xe Hơi Gần Công Viên Thuận Kiều – Tân Thới Nhất Q12, 4x11m",4.95,"Phan Văn Hớn, Phường Tân Thới Nhất, Quận 12, TPHCM",44.0,2,2,,Sổ hồng,25/11/2025
"Bán Nhà Khu K82 Tô Ký Quận 12 - DT 6x20m, 4 Tầng, Đường 8m, Giá 12 Tỷ",12.0,"Tô Ký, Phường Trung Mỹ Tây, Quận 12, TPHCM",120.0,6,20,8,Sổ hồng,25/11/2025
"Bán nhà 5 tầng đường 10m Tân Thới Nhất 1, Quận 12, 4x15m, SHR, 7tỷ300",7.3,"Tân Thới Nhất 1, Phường Tân Thới Nhất, Quận 12, TPHCM",60.0,4,5,9,Sổ hồng,25/11/2025
"Nhà Đúc 1 Lầu - Hẻm 5m - Đường Nguyễn Văn Quá, Quận 12, 4x12, 3 tỷ 900",3.9,"Nguyễn Văn Quá, Phường Đông Hưng Thuận, Quận 12, TPHCM",48.0,1,1,1,Sổ hồng,25/11/2025
"Bán nhà Dương Thị Giang, Tân Thới Nhất quận 12 - 5m x 16m - 8 tỷ 500",8.5,"Dương Thị Giang, Phường Tân Thới Nhất, Quận 12, TPHCM",80.0,4,3,2,Sổ hồng,25/11/2025
"Bán nhà cấp 4 - Hẻm 4m - Đg Đông Hưng Thuận 42, Q 12, 4,3x20, 4tỷ200",4.2,"Đông Hưng Thuận 42, Phường Tân Hưng Thuận, Quận 12, TPHCM",86.0,1,1,,Sổ hồng,25/11/2025
"Bán nhà Nguyễn Văn Quá quận 12 - đường 8m thông - 8,5m x 30m - 12 tỷ 5",12.5,"Nguyễn Văn Quá, Phường Đông Hưng Thuận, Quận 12, TPHCM",286.0,1,1,,Sổ hồng,25/11/2025
Nhà Hẻm Xe Hơi 8m Nguyễn Văn Quá Q12 – 4x21m – XD Ngay – SHR – 6tỷ100,6.1,"Nguyễn Văn Quá, Phường Đông Hưng Thuận, Quận 12, TPHCM",90.0,2,1,,Sổ hồng,25/11/2025
Bán nhà hẻm oto Nguyễn Văn Quá q12 - 4m x 16m - 5 tỷ 350 - đủ nội thất,5.35,"Nguyễn Văn Quá, Phường Đông Hưng Thuận, Quận 12, TPHCM",64.0,3,3,,Sổ hồng,25/11/2025
Bán nhà mặt tiền đường Đông Hưng Thuận quận 12 - 5m x 23m - 8 tỷ 450,8.45,"Đông Hưng Thuận 02, Phường Tân Hưng Thuận, Quận 12, TPHCM",115.0,10,10,,Sổ hồng,25/11/2025
Bán nhà mặt tiền Nguyễn Văn Quá quận 12 - 5 tầng - 4m x 20m - 11 tỷ 2,11.2,"Nguyễn Văn Quá, Phường Đông Hưng Thuận, Quận 12, TPHCM",80.0,6,6,5,Sổ hồng,25/11/2025
"Bán nhà đúc 5 tầng Mặt tiền Nguyễn Văn Quá, Quận 12, 4x20m, 11 tỷ 200",11.2,"Nguyễn Văn Quá, Phường Đông Hưng Thuận, Quận 12, TPHCM",80.0,4,4,9,Sổ hồng,25/11/2025
"Dãy Nhà Trọ Hẻm 4m - Đường Tô Ký, P.Tân Chánh Hiệp, Quận 12, DT 5x30m",5.8,"Tô Ký, Phường Tân Chánh Hiệp, Quận 12, TPHCM",160.0,10,10,,Sổ hồng,25/11/2025
Bán đất mặt tiền Đông Hưng Thuận quận 12 - 6m x 43m - 11 tỷ 500,11.5,"Nguyễn Văn Quá, Phường Đông Hưng Thuận, Quận 12, TPHCM",258.0,,,,Sổ hồng,25/11/2025
Bán nhà mặt tiền Nguyễn Văn Quá Quận 12 - có 6 tầng - 5m x 30m - 19 tỷ,19.0,"Nguyễn Văn Quá, Phường Đông Hưng Thuận, Quận 12, TPHCM",150.0,20,20,5,Sổ hồng,25/11/2025
"Bán nhà hẻm xe hơi Đông Hưng Thuận 02, Quận 12, 4x26, 1 lửng, 1 tỷ 990",1.99,"Đông Hưng Thuận 02, Phường Đông Hưng Thuận, Quận 12, TPHCM",104.0,4,2,,Hợp đồng mua bán,25/11/2025
Bán nhà Nguyễn Văn Quá quận 12 - đường nhựa 6m thông - 4mX15m - 5 tỷ 2,5.2,"Nguyễn Văn Quá, Phường Đông Hưng Thuận, Quận 12, TPHCM",60.0,2,3,2,Sổ hồng,25/11/2025
"Nhà đúc 3 tầng đường 6m thông Nguyễn Văn Quá Quận 12, 4x14, giá 4tỷ980",4.98,"Nguyễn Văn Quá, Phường Đông Hưng Thuận, Quận 12, TPHCM",56.0,3,3,5,Sổ hồng,25/11/2025
"Bán nhà Tân Hưng Thuận quận 12 - đường 6m - 4,8m x 23m - 7 tỷ 999",7.999,"Đông Hưng Thuận 03, Phường Tân Hưng Thuận, Quận 12, TPHCM",110.0,4,3,3,Sổ hồng,25/11/2025
"Nhà đuc 3 tầng hẻm xe hơi ngay chợ Tân Thới Nhất Quận 12, nhỉnh 8 tỷ",8.5,"Phan Văn Hớn, Phường Tân Thới Nhất, Quận 12, TPHCM",64.0,5,5,3,Sổ hồng,25/11/2025
"Bán nhà mặt tiền kinh doanh đúc 4 tầng đường Tân Thới Nhất, Quận 12",12.8,"Tân Thới Nhất 17, Phường Tân Thới Nhất, Quận 12, TPHCM",82.0,4,5,3,Sổ hồng,25/11/2025
"Bán nhà đường Song Hành, Tân Hưng Thuận quận 12 - 5m x 16m - 4 tỷ 300",4.3,"Đông Hưng Thuận 05, Phường Tân Hưng Thuận, Quận 12, TPHCM",80.0,2,1,,Sổ hồng,25/11/2025
"Nhà đúc 4 tầng mặt tiền Đông Hưng Thuận Quận 12, 5x20m, nhỉnh 8 tỷ",8.0,"Đông Hưng Thuận 6, Phường Tân Hưng Thuận, Quận 12, TPHCM",110.0,5,5,3,Sổ hồng,25/11/2025
"Xưởng 8x26 - Đường nhựa 10m - Khu 10ha Tân Thới Nhất, Quận 12 sổ riêng",16.0,"Tân Thới Nhất 17, Phường Tân Thới Nhất, Quận 12, TPHCM",208.0,1,1,,Sổ hồng,25/11/2025
"Bán nhà Đông Hưng Thuận quận 12, cạnh KDC An Sương, 4m X 14m, 4 tỷ 300",4.25,"Đông Hưng Thuận 6, Phường Tân Hưng Thuận, Quận 12, TPHCM",56.0,2,2,,Sổ hồng,25/11/2025
"Biệt thự khu đồng bộ Đông Hưng Thuận, Quận 12, 7x11m, 3 lầu, 8 tỷ 500",8.5,"Đông Hưng Thuận 10B, Phường Đông Hưng Thuận, Quận 12, TPHCM",77.0,4,3,3,Sổ hồng,25/11/2025
"Bán nhà hẻm oto Trường Chinh thông Song Hành - 4x24m - 5 tầng - 6,8 tỷ",6.8,"Tô Ký, Phường Trung Mỹ Tây, Quận 12, TPHCM",99.0,5,6,4,Sổ hồng,25/11/2025
"Bán nhà hẻm 7m Tân Thới Nhất gần chợ Lạc Quang - 4x20- 3 tầng - 7,5 tỷ",7.5,"Tân Thới Nhất 2, Phường Tân Thới Nhất, Quận 12, TPHCM",80.0,4,4,2,Sổ hồng,25/11/2025
"Nhà đúc 2 tầng, hẻm 3m Nguyễn Văn Quá, Q 12, sổ hồng riêng, nhỉnh 4 tỷ",4.8,"Nguyễn Văn Quá, Phường Tân Hưng Thuận, Quận 12, TPHCM",81.0,1,1,,Sổ hồng,25/11/2025
"Nhà cấp 4 mặt tiền Đông Hưng Thuận, Quận 12, sổ hồng riêng, giá 8,3 tỷ",8.3,"Đông Hưng Thuận 02, Phường Đông Hưng Thuận, Quận 12, TPHCM",120.0,1,1,,Sổ hồng,25/11/2025
"Bán xưởng đường 8m Nguyễn Văn Quá, Quận 12, 290m2, nhỉnh 10 tỷ",13.0,"Nguyễn Văn Quá, Phường Đông Hưng Thuận, Quận 12, TPHCM",286.0,1,1,,Sổ hồng,25/11/2025
"Bán căn hộ dịch vụ mặt tiền Nguyễn Văn Quá, Quận 12, thu nhập 60tr/th",19.0,"Nguyễn Văn Quá, Phường Đông Hưng Thuận, Quận 12, TPHCM",150.0,20,20,7,Sổ hồng,25/11/2025
"Nhà đúc 4 tầng – hẻm ô tô 5m đường Nguyễn Văn Quá, Quận 12, sổ hồng",6.95,"Nguyễn Văn Quá, Phường Đông Hưng Thuận, Quận 12, TPHCM",64.0,4,5,7,Sổ hồng,25/11/2025
"Bán dãy nhà trọ đường Tân Thới Nhất, Quận 12, sổ hồng riêng, 8x11m",3.8,"Phan Văn Hớn, Phường Tân Thới Nhất, Quận 12, TPHCM",55.0,6,6,,Sổ hồng,25/11/2025
"Nhà góc 3 mặt tiền hẻm xe hơi 6m, cạnh KDC An Sương, Quận 12, 6x16m",5.6,"Đông Hưng Thuận 42, Phường Tân Hưng Thuận, Quận 12, TPHCM",101.0,2,2,,Sổ hồng,25/11/2025
"Nhà cấp 4, hẻm 3m Đông Hưng Thuận 42, Quận 12, 5x21m, Giá tốt 4 tỷ 900",4.9,"Đông Hưng Thuận 42, Phường Tân Hưng Thuận, Quận 12, TPHCM",105.0,2,1,,Sổ hồng,25/11/2025
"Nhà Đúc 2 Tầng - Hẻm ô tô 8m - phường Đông Hưng Thuận, Quận 12, 5x14m",6.9,"Nguyễn Văn Quá, Phường Đông Hưng Thuận, Quận 12, TPHCM",70.0,2,2,3,Sổ hồng,25/11/2025
"Bán nhà đúc 5 tầng, hẻm 5m Trường Chinh, Quận 12, 4x25m, 6 tỷ 800",6.8,"Trường Chinh, Phường Tân Hưng Thuận, Quận 12, TPHCM",100.0,5,6,5,Sổ hồng,25/11/2025
"Bán đất Tặng nhà TL53 quận 12 4x17m Nhà c4 Giá 2,2 tỷ TL",2.2,"Thạnh Lộc 53, Phường Thạnh Lộc, Quận 12, TPHCM",68.0,1,1,,Sổ hồng,25/11/2025
"Bán Nhà 1 Lầu Nguyễn Văn Quá, Quận 12, 4x9m, Hẻm 4m, SHR, 3 tỷ 500",3.5,"Nguyễn Văn Quá, Phường Đông Hưng Thuận, Quận 12, TPHCM",36.0,2,2,1,Sổ hồng,25/11/2025
"Quận 12, Nhà bán 5 tầng Mặt tiền Thạnh Lộc 31 DT 4x13m",8.2,"Thạnh Lộc 31, Phường Thạnh Lộc, Quận 12, TPHCM",53.0,4,6,4,Sổ hồng,24/11/2025
"Quận 12, Bán nhà 5 tầng mới xây Tân Chánh Hiệp 36 DT 4x14.5m",6.65,"Tân Chánh Hiệp 36, Phường Tân Chánh Hiệp, Quận 12, TPHCM",58.0,4,5,4,Sổ hồng,24/11/2025
"Quận 12, Bán nhà C4 Thới An 11, DT 5x18m Chỉ 5.26 tỷ",5.26,"Thới An 11, Phường Thới An, Quận 12, TPHCM",89.0,1,1,,Sổ hồng,24/11/2025
"Quận 12, Chủ cần bán nhà hẻm xe hơi 5m, Mới 5 tầng TCH36 DT 4x14.5m",6.65,"Tân Chánh Hiệp 36, Phường Tân Chánh Hiệp, Quận 12, TPHCM",55.0,4,5,9,Sổ hồng,24/11/2025
"Quận 12, Nhà bán 5 tầng Thạnh Lộc 31 DT 4x13m",8.2,"Thạnh Lộc 31, Phường Thạnh Lộc, Quận 12, TPHCM",52.0,4,5,4,Sổ hồng,24/11/2025
"Quận 12, Bán nhà 1 lầu Mặt tiền TMT19 Nguyễn Ảnh Thủ DT 7.2x26m",11.0,"Trung Mỹ Tây 19, Phường Trung Mỹ Tây, Quận 12, TPHCM",183.0,2,2,2,Sổ hồng,24/11/2025
"Bán mặt tiền Đông Hưng Thuận 02, ngay chợ cây Sộp - 4m x 16m - 10 tỷ 2",10.2,"Đông Hưng Thuận 02, Phường Tân Hưng Thuận, Quận 12, TPHCM",64.0,4,4,3,Sổ hồng,24/11/2025
Bán tòa nhà chdv mặt tiền Nguyễn Văn Quá 7 tầng. DT 60 triệu/ tháng,19.0,"Nguyễn Văn Quá, Phường Đông Hưng Thuận, Quận 12, TPHCM",110.0,21,21,7,Sổ hồng,24/11/2025
Bán nhà 300m2. Đường 8m thông Nguyễn Văn Qúa giá 12 tỷ 5,12.499,"Nguyễn Văn Quá, Phường Đông Hưng Thuận, Quận 12, TPHCM",300.0,,,,Sổ hồng,24/11/2025
Bán nhà 4 tầng. DT 5m x 17m. Hẻm ô tô Nguyễn Văn Quá,7.65,"Nguyễn Văn Quá, Phường Đông Hưng Thuận, Quận 12, TPHCM",80.0,5,4,3,Sổ hồng,24/11/2025
Bán nhà cấp 4 hẻm ô tô PHAN VĂN HỚN 5M X21M .Gía 5 tỷ nhỉnh,5.9,"Phan Văn Hớn, Phường Tân Thới Nhất, Quận 12, TPHCM",110.0,2,2,,Sổ hồng,24/11/2025
"Bán nhà đường 7m Hiệp Thành Q12, 4PN, sổ riêng, giá 5 tỷ 9",5.9,"Nguyễn Ảnh Thủ, Phường Hiệp Thành, Quận 12, TPHCM",64.0,4,4,,Sổ hồng,24/11/2025
Nguyễn Văn Quá - 6m x 16.5m - chỉ 4.99 tỷ thương lượng,4.99,"Nguyễn Văn Quá, Phường Đông Hưng Thuận, Quận 12, TPHCM",99.0,3,3,,Sổ hồng,22/11/2025
"Nhà mặt tiền Tân Thới Nhất chỉ 50 TR/m2 6m x 29m, đường xe tải",9.0,"Tân Thới Nhất 5, Phường Tân Thới Nhất, Quận 12, TPHCM",180.0,3,2,,Sổ hồng,22/11/2025
Nhà căn góc162m2 Nguyễn Văn Quá- Đông Hưng Thuận 27 Quận 12,8.9,"Nguyễn Văn Quá, Phường Đông Hưng Thuận, Quận 12, TPHCM",162.0,4,4,,Sổ hồng,21/11/2025
Bán đất tặng kho xưởng hẻm xe tải rẻ (8x16) An Phú Đông Q12 Tất Thành,3.5,"An Phú Đông, Phường An Phú Đông, Quận 12, TPHCM",127.0,1,1,,Sổ hồng,19/11/2025
NHÀ MỚI XÂY 4 x 19m Trung tâm QUẬN 12 RẤT ĐẸP. Giá chỉ nhỉnh 6 Tỷ,6.39,"Thới An 16, Phường Thới An, Quận 12, TPHCM",76.0,5,5,3,Sổ hồng,19/11/2025
"Nhà Có Thang Máy, Ngay Cổng BV Q12, DT:4x18M, Lửng, 3Lầu, 4PN, Gara Xe",9.85,"Dương Thị Mười, Phường Tân Thới Hiệp, Quận 12, TPHCM",72.0,4,6,3,Sổ hồng,19/11/2025
Bán nhà Mặt tiền đg.17A đối diện siêu thị Aeon Bình Tân giá 27 Tỷ,27.0,"Đường số 17A, Phường Bình Trị Đông B, Quận Bình Tân, TPHCM",100.0,6,7,2,Sổ hồng,25/11/2025
Bán nhà Mặt tiền đg.17A đối diện siêu thị Aeon Bình Tân giá 27 Tỷ,27.0,"Đường 17A, Phường Bình Trị Đông B, Quận Bình Tân, TPHCM",100.0,6,7,2,Sổ hồng,25/11/2025
bán Biệt thự GỐC khu Tên Lửa kế AEON Bình Tân diện tích 540m giá 75 tỷ,75.0,"Đường 13, Phường Bình Trị Đông B, Quận Bình Tân, TPHCM",540.0,7,8,1,Sổ hồng,25/11/2025
bán Biệt thự GỐC khu Tên Lửa kế AEON Bình Tân diện tích 540m giá 75 tỷ,75.0,"Đường 13, Phường Bình Hưng Hòa B, Quận Bình Tân, TPHCM",540.0,7,8,1,Sổ hồng,25/11/2025
"Nhà Hẻm 8m Bình Trị Đông (Tên Lửa N Dài) 6x15mx2Tầng, 4PN 3WC SHR 2025",6.85,"Bình Trị Đông, Phường Bình Trị Đông, Quận Bình Tân, TPHCM",90.0,4,3,2,Sổ hồng,25/11/2025
Kẹt tiền làm ăn cần bán gấp nhà phường Tân Tạo A đường hẻm xe hơi vào,2.8,"Lê Ngung, Phường Tân Tạo A, Quận Bình Tân, TPHCM",64.0,2,2,,Hợp đồng mua bán,25/11/2025
Giữ chỗ 212 căn nhà phố The Meadow Bình Chánh từ PKD Gamuda Land,6.9,"Trần Văn Giàu, Phường Bình Hưng Hòa A, Quận Bình Tân, TPHCM",85.0,3,4,9,Hợp đồng mua bán,25/11/2025
"Nhà mới 2 tầng Bình Tân – giá 4,9 tỷ gần Bốn Xã",4.9,"Bình Trị Đông, Phường Bình Trị Đông, Quận Bình Tân, TPHCM",55.0,3,2,4,Sổ hồng,25/11/2025
"Nhà 2 Tầng– Sổ Vuông – Hẻm Nhựa 6m – Giáp Tân Phú – Giá 3,35 Tỷ",3.35,"Đường 20, Phường Bình Trị Đông A, Quận Bình Tân, TPHCM",48.0,3,2,,Sổ hồng,25/11/2025
"Bán Nhà Đường Số 9 BHH 40m2 xây 2 Tầng chỉ 3,08 Tỷ TL",3.08,"Đường số 9, Phường Bình Hưng Hòa, Quận Bình Tân, TPHCM",40.0,2,2,1,Sổ hồng,25/11/2025
Mặt Tiền Lô Góc - NGANG 10M - Biệt Thự Sân Vườn - Phù Hợp Vừa Vừa Kinh,18.0,"Đường số 5, Phường An Lạc, Quận Bình Tân, TPHCM",169.0,3,4,6,Sổ hồng,25/11/2025
"Bán lô đất đẹp MTKD LK2-5, dt: 8 x 18m, thổ cư 100%, Giá: 16 tỷ",16.0,"Liên Khu 2-5, Phường Bình Trị Đông, Quận Bình Tân, TPHCM",148.0,,,,Sổ hồng,25/11/2025
Bán Nhà mới 3 tầng FULL nội thất 65m2 Tây Lân giá 4.3 Tỷ,4.3,"Tây Lân, Phường Bình Trị Đông A, Quận Bình Tân, TPHCM",65.0,3,3,2,Sổ hồng,25/11/2025
Bán Nhà 2 Tầng Mới Xây – 2 Mặt Hẻm Xe Hơi – Khu LÊ VĂN QƯỚI,3.95,"Bình Trị Đông, Phường Bình Trị Đông, Quận Bình Tân, TPHCM",47.0,2,2,2,Sổ hồng,25/11/2025
"Bán nhà đường số 20 hẻm ô tô diện tích 44m2 xay 4 tầng giá 5,2 tỷ",5.2,"Đường 20, Phường Bình Hưng Hòa A, Quận Bình Tân, TPHCM",44.0,4,3,,Sổ hồng,25/11/2025
Nhà hẻm xe tải Bình Tân chỉ hơn 3 tỷ – siêu rẻ,3.499,"Bình Thành, Phường Bình Hưng Hòa B, Quận Bình Tân, TPHCM",79.0,3,2,1,Sổ hồng,25/11/2025
"Bán Nhà Trương Phước Phan Bình Trị Đông 28m2 hẻm 3m Giá 2,9 Tỷ",2.9,"Trương Phước Phan, Phường Bình Trị Đông, Quận Bình Tân, TPHCM",28.0,2,2,2,Sổ hồng,25/11/2025
Nhỉnh 5 Tỷ Có Nhà 4 Tầng Ngay AEON Mall Tân Phú,5.25,"Tân Kỳ Tân Quý, Phường Bình Hưng Hòa, Quận Bình Tân, TPHCM",40.0,4,4,7,Sổ hồng,25/11/2025
"🌹💯Bán nhà đẹp MTNB khu Tên Lửa 4,5x15m Xây Full tầng GẦN COOPMART",9.6,"Đường số 19, Phường Bình Trị Đông B, Quận Bình Tân, TPHCM",68.0,4,5,1,Sổ hồng,25/11/2025
💯CÓ THANG MÁY🔥Cặp Nhà Đôi MTNB khu Tên Lửa 9x20m 4 tầng GẦN COOPMART,27.0,"Đường số 30, Phường Bình Trị Đông B, Quận Bình Tân, TPHCM",180.0,9,9,3,Sổ hồng,25/11/2025
"🌹💯Nhà mới xây 100% HXH Tên Lửa 4,5x18m 5 tầng CÁCH MT CHỈ 3 CĂN NHÀ",8.2,"Tên Lửa, Phường Bình Trị Đông B, Quận Bình Tân, TPHCM",77.0,4,5,3,Sổ hồng,25/11/2025
"💯HOT💃💃Bán nhà MTKD sung túc Tên Lửa 4,5x20m 4 tầng - CÁCH AEON 20m",26.0,"Tên Lửa, Phường Bình Trị Đông B, Quận Bình Tân, TPHCM",90.0,4,5,3,Sổ hồng,25/11/2025
"🔥💯Nhà đẹp MT đường lớn 20m khu Ao Sen 5x20m SÁT MT TÊN LỬA,AEON MALL",16.5,"Đường số 5, Phường Bình Trị Đông B, Quận Bình Tân, TPHCM",100.0,5,5,3,Sổ hồng,25/11/2025
🍃🍃FULL NỘI THẤT💯Nhà đẹp MTNB khu Tên Lửa 5x19m 4 tầng - SÁT ĐS 6,13.0,"Đường số 6, Phường Bình Trị Đông B, Quận Bình Tân, TPHCM",95.0,4,5,3,Sổ hồng,25/11/2025
"💐💯Nhà đẹp MTNB khu Tên Lửa 4x20m 4 tầng SÁT MT TÊN LỬA,GẦN COOPMART",10.65,"Đường số 25, Phường Bình Trị Đông B, Quận Bình Tân, TPHCM",80.0,4,5,3,Sổ hồng,25/11/2025
"Nhà HXT 8m Bình Trị Đông 6x15m x 2Tầng, 4PN 3WC Thẳng Trục Tên Lửa",6.85,"Bình Trị Đông, Phường Bình Trị Đông A, Quận Bình Tân, TPHCM",90.0,4,3,2,Sổ hồng,25/11/2025
"💃Biệt Thự Vip MT 14m khu Tên Lửa 8x21m NGAY TRƯỜNG HỌC,SÁT V.Đ.TRONG",23.9,"Đường số 11, Phường Bình Trị Đông B, Quận Bình Tân, TPHCM",168.0,4,4,2,Sổ hồng,25/11/2025
"🌹💯Nhà mới xây 100% Góc 2 MT khu Tên Lửa 5,2x15,35m NỞ 6,25m 4 tầng",8.8,"Bùi Hữu Diên, Phường An Lạc A, Quận Bình Tân, TPHCM",85.0,3,3,3,Sổ hồng,25/11/2025
"🌳🌳💯Bán nhà 3 tầng MTNB khu Tên Lửa 4x21m GẦN CÔNG VIÊN, COOPMART",9.4,"Đường số 25, Phường Bình Trị Đông B, Quận Bình Tân, TPHCM",84.0,3,3,3,Sổ hồng,25/11/2025
"Cần Bán Căn Biệt Thự Khu Tên Lửa, Bình Tân",25.5,"Đường 28, Phường Bình Trị Đông B, Quận Bình Tân, TPHCM",184.0,4,5,3,Sổ hồng,25/11/2025
🔥💯Bán nhà MTKD 20m Đường số 1- 6x20m 5 tầng LỀ 4m ĐANG CHO THUÊ 55tr,27.0,"Đường số 1, Phường Bình Trị Đông B, Quận Bình Tân, TPHCM",120.0,5,6,3,Sổ hồng,25/11/2025
CỰC ĐẸP KO LỖI💥💯MTNB khu Tên Lửa 5x20m 4 tầng SÁT ĐS 19 & V.Đ.TRONG,13.5,"Đường số 25, Phường Bình Trị Đông B, Quận Bình Tân, TPHCM",100.0,4,5,3,Sổ hồng,25/11/2025
🍃🍃NGAY CÔNG VIÊN💯Cực Đẹp MTNB khu Tên Lửa- 5x20m 4 tầng GẦN Đ/SỐ 6,11.9,"Đường số 8A, Phường Bình Trị Đông B, Quận Bình Tân, TPHCM",100.0,4,4,3,Sổ hồng,25/11/2025
💥💯Bán MTKD chợ Nguyễn Thức Tự 4x22m 3 tầng TIỆN K.DOANH - CÓ HĐ THUÊ,11.5,"Nguyễn Thức Tự, Phường An Lạc A, Quận Bình Tân, TPHCM",64.0,4,3,3,Sổ hồng,25/11/2025
👑💯Biệt Thự Vip Tên Lửa 10x20m 2 tầng HỒ CÁ KOI - SÁT NHÀ THỜ PHAO LÔ,23.0,"Đường số 8, Phường Bình Trị Đông B, Quận Bình Tân, TPHCM",200.0,4,5,2,Sổ hồng,25/11/2025
📌💯Bán nhà MTNB 12m khu Tên Lửa 4x20m 4 tầng SÁT ĐS 19 GẦN COOPMART,10.0,"Đường số 24, Phường Bình Trị Đông B, Quận Bình Tân, TPHCM",80.0,4,4,3,Sổ hồng,25/11/2025
💯CỰC ĐẸP💃💃Đường 15m khu Tên Lửa 4x20m 3 tầng KẾ C/VIÊN- MT TÊN LỬA,13.0,"Đường số 15, Phường Bình Trị Đông B, Quận Bình Tân, TPHCM",80.0,4,5,3,Sổ hồng,25/11/2025
"Nhà đẹp MTNB 12m khu Tên Lửa 4,5 x11m 3 tầng GẦN CÔNG VIÊN, CHỢ DA SÀ",8.0,"Đường số 21B, Phường Bình Trị Đông B, Quận Bình Tân, TPHCM",50.0,4,3,3,Sổ hồng,25/11/2025
"💥💯Nhà đẹp MTNB khu Tên Lửa 5x18,5m 4 tầng GẦN CHỢ,GIÁP Q6 CV PHÚ LÂM",9.0,"Kinh Dương Vương, Phường An Lạc A, Quận Bình Tân, TPHCM",92.0,4,4,3,Sổ hồng,25/11/2025
"💃Biệt Thự Vip khu Tên Lửa 8x20m 4 tầng 10PN 11WC CÓ THANG MÁY,GIÁP Q6",24.0,"Đường số 4, Phường Bình Trị Đông B, Quận Bình Tân, TPHCM",160.0,10,11,3,Sổ hồng,25/11/2025
"💎💯Hẻm thông Xe Hơi Đường số 29 - 4x17,5m 4 tầng 4PN GIÁP TÊN LỬA",7.9,"Tỉnh Lộ 10, Phường Bình Trị Đông B, Quận Bình Tân, TPHCM",71.0,4,5,3,Sổ hồng,25/11/2025
🔮💯Nhà đẹp MTNB khu Tên Lửa 4x20m 4 tầng 5PN SÁT C/VIÊN- GẦN COOPMART,11.0,"Đường số 24, Phường Bình Trị Đông B, Quận Bình Tân, TPHCM",80.0,5,5,3,Sổ hồng,25/11/2025
Bán nhà đẹp MTNB 10m khu Tên Lửa - 4x18m trệt 2 lầu 4PN GẦN CV PHÚ LÂM,8.5,"Dương Bá Cung, Phường An Lạc A, Quận Bình Tân, TPHCM",72.0,3,4,3,Sổ hồng,25/11/2025
🏡🍂Biệt Thự mini Tên Lửa 8x13m 3 tầng GARA ÔTÔ-TẶNG FULL NỘI THẤT GỖ,14.5,"Đường số 21, Phường Bình Trị Đông B, Quận Bình Tân, TPHCM",102.0,5,4,6,Sổ hồng,25/11/2025
TẶNG NỘI THẤT💃💃Biệt Thự Vip Hồ Cá Koi 10x19m 3 tầng SÁT NHÀ THỜ PALO,24.0,"Đường số 19E, Phường Bình Trị Đông B, Quận Bình Tân, TPHCM",190.0,4,4,3,Sổ hồng,25/11/2025
FULL NỘI THẤT 💋💋 Cực Đẹp ở liền khu Tên Lửa 5x18m 4 tầng HĐ THUÊ 25,11.6,"Đường số 6, Phường An Lạc A, Quận Bình Tân, TPHCM",90.0,4,5,3,Sổ hồng,25/11/2025
"🔥CÒN 1 CĂN MTNB 12m khu Tên Lửa 4,5x20m 4 tầng SÁT ĐS 6, HĐ THUÊ 18tr",11.2,"Đường số 6, Phường Bình Trị Đông B, Quận Bình Tân, TPHCM",90.0,4,5,7,Sổ hồng,25/11/2025
🔥Bán Đất tặng nhà C4 MTKD Đường số 4 - 4x20m ĐANG CÓ HĐ THUÊ ỔN ĐỊNH,11.2,"Đường số 4, Phường An Lạc A, Quận Bình Tân, TPHCM",80.0,1,1,,Sổ hồng,25/11/2025
💯ĐỐI DIỆN CÔNG VIÊN🍃CỰC ĐẸP MTNB khu Ao Sen- 5x20m 4 tầng SÁT ĐS 32A,14.5,"Đường số 5B, Phường Bình Trị Đông B, Quận Bình Tân, TPHCM",100.0,4,5,3,Sổ hồng,25/11/2025
💯RẺ NHẤT🔥🔥Biệt thự khu Ao Sen 10x20m Hầm 3 tầng CÁCH AEON CHỈ 1P,26.8,"Đường số 32, Phường Bình Trị Đông B, Quận Bình Tân, TPHCM",200.0,5,5,3,Sổ hồng,25/11/2025
💯CỰC ĐẸP💥💥Góc 2 Mặt Tiền KD Tên Lửa 4x21m 4 tầng LỀ LỚN 8m SÁT AEON,27.0,"Tên Lửa, Phường Bình Trị Đông B, Quận Bình Tân, TPHCM",84.0,4,5,3,Sổ hồng,25/11/2025
💯 ĐỐI DIỆN CV🍃🌿Nhà đẹp khu Ao Sen 5x20m 1 Hầm 4 tầng CÁCH AEON 1P,16.5,"Đường số 1B, Phường Bình Trị Đông B, Quận Bình Tân, TPHCM",100.0,5,6,3,Sổ hồng,25/11/2025
📌💯Bán Nhà Cấp 4 MTKD Chợ Da Sà 4x18m tiện kinh doanh hoặc xây mới,8.8,"Đường số 6E, Phường Bình Trị Đông B, Quận Bình Tân, TPHCM",72.0,1,1,,Sổ hồng,25/11/2025
"🌿ĐỐI DIỆN CV💥CÓ THANG MÁY🔥Nhà đẹp MT 16m khu Tên Lửa 6x21,5m 5 tầng",18.0,"Đường số 18, Phường Bình Trị Đông B, Quận Bình Tân, TPHCM",129.0,5,6,3,Sổ hồng,25/11/2025
"Bán nhà gần khu TTTM Aeon Tân Phú - Diện tích: 142m, Nhỉnh 9 tỷ",9.0,"Hương lộ 3, Phường Bình Hưng Hòa, Quận Bình Tân, TPHCM",142.0,10,11,8,Sổ hồng,25/11/2025
"Nhà 2 Mt Khu Tên Lửa, đường số 10 , 4 x 13 , nhà cấp 4, giá 5.7 tỷ(tl)",5.7,"Đường số 10, Phường An Lạc A, Quận Bình Tân, TPHCM",52.0,1,1,,Sổ đỏ,25/11/2025
"Biệt Thự Góc 2mt Khu Ao Sen-Tên Lửa, Cách AEON chỉ 2p, 10 x 20, 3 tấm",33.999,"Đường 13C, Phường Bình Trị Đông B, Quận Bình Tân, TPHCM",200.0,5,6,3,Sổ hồng,25/11/2025
"Bán nhà nát 1/ Bình Trị Đông, 70m2, cách Aeon Tên Lửa 3 phút",4.7,"Bình Trị Đông, Phường Bình Trị Đông, Quận Bình Tân, TPHCM",70.0,1,1,3,Sổ hồng,25/11/2025
"Bán nhà HXH An Dương Vương, 8x10m, chỉ 6.6 tỷ",6.6,"An Dương Vương, Phường An Lạc, Quận Bình Tân, TPHCM",79.9,1,1,,Sổ hồng,25/11/2025
"Bán Nhà Hẻm 8m Bình Trị Đông 6x15m x 2Tầng, 4PN 3WC Thẳng Trục Tên Lửa",6.85,"Bình Trị Đông, Phường Bình Trị Đông A, Quận Bình Tân, TPHCM",90.0,4,3,2,Sổ hồng,25/11/2025
Nhà 1 sẹc TÊN LỬA 4.5X15M cách mặt tiền 30m giá 4.85 tỷ,4.85,"Tên Lửa, Phường Bình Trị Đông B, Quận Bình Tân, TPHCM",68.0,3,2,,Sổ hồng,25/11/2025
Nhà gần NGÃ TƯ BỐN XÃ 4x12m 3PN đúc 1.5 tấm giá 3.85 tỷ,3.85,"Hương Lộ 2, Phường Bình Trị Đông, Quận Bình Tân, TPHCM",48.0,3,2,2,Sổ hồng,25/11/2025
Nhà hẻm 8m Hương Lộ 2 4x18m đúc 5 tấm giá 5.6 tỷ,5.6,"Hương Lộ 2, Phường Bình Trị Đông A, Quận Bình Tân, TPHCM",72.0,5,5,3,Sổ hồng,25/11/2025
"Sở hữu ngay nhà đẹp hẻm sạch vị trí 1 sec Lê Văn Qưới, 50m2, 2 lầu.",6.8,"Lê Văn Quới, Phường Bình Hưng Hòa A, Quận Bình Tân, TPHCM",50.0,4,3,3,Sổ hồng,25/11/2025
Nhà bán đường Bình Trị Đông 4x9M 1 tấm giá 2.98 tỷ,2.98,"Bình Trị Đông, Phường Bình Trị Đông, Quận Bình Tân, TPHCM",36.0,2,2,,Sổ hồng,25/11/2025
"Bán nhà hẻm 634/ Tỉnh Lộ 10, 4m x 10m, 2 lầu. Giá: 4.55 tỷ.",4.55,"Tỉnh Lộ 10, Phường Bình Trị Đông, Quận Bình Tân, TPHCM",40.0,3,2,3,Sổ hồng,25/11/2025
"MTKD sầm uất đường Ấp Chiến Lược, 4,6mx 24,6m, cấp 4. giá: 8,9 tỷ.",8.9,"Ấp Chiến Lược, Phường Bình Hưng Hòa A, Quận Bình Tân, TPHCM",113.0,,,,Sổ hồng,25/11/2025
Nhà bán MẶT TIỀN giáp TÂN HÒA ĐÔNG 4x18m đúc 4.5 tấm giá 7.6 tỷ,7.6,"Tân Hòa Đông, Phường Bình Trị Đông, Quận Bình Tân, TPHCM",72.0,4,5,3,Sổ hồng,25/11/2025
"Bán nhanh nhà hẻm 276/29 Mã Lò, 4 x 17m, 2 lầu, ST. Giá: 7.3 tỷ.",7.3,"Mã Lò, Phường Bình Trị Đông A, Quận Bình Tân, TPHCM",68.0,4,4,4,Sổ hồng,25/11/2025
"Bán nhanh nhà hẻm 325/ Lê Văn Qưới, 4 x 14m, đúc 4,5 tấm. Giá: 7.1 tỷ",7.1,"Lê Văn Quới, Phường Bình Trị Đông, Quận Bình Tân, TPHCM",56.0,5,4,5,Sổ hồng,25/11/2025
Bbán nhà Lê Văn Quới 4x12m đúc 1 tấm giá 3.55 tỷ,3.55,"Lê Văn Quới, Phường Bình Trị Đông, Quận Bình Tân, TPHCM",48.0,2,2,2,Sổ hồng,25/11/2025
"Nhà thiết kế đẹp hẻm 55/ Tây Lân, 60m2, lửng, 3 lầu, St. Giá: 7.5 tỷ.",7.5,"Tây Lân, Phường Bình Trị Đông A, Quận Bình Tân, TPHCM",60.0,5,4,4,Sổ hồng,25/11/2025
Nhà Tân Hòa Đông hẻm xe tải 4x12m giá 3.89 tỷ,3.89,"Tân Hòa Đông, Phường Bình Trị Đông, Quận Bình Tân, TPHCM",48.0,2,2,,Sổ hồng,25/11/2025
"Bán nhà hẻm 211/ Gò Xoài, dt: 4 x 16m, đúc 3,5 tấm. Giá: 7.4 tỷ.",7.4,"Gò Xoài, Phường Bình Hưng Hòa A, Quận Bình Tân, TPHCM",64.0,4,3,4,Sổ hồng,25/11/2025
"Nhà bán MẶT TIỀN Tây Lân 4x16m, vỉa hè rộng 15m 8.5 tỷ",8.5,"Tây Lân, Phường Bình Trị Đông A, Quận Bình Tân, TPHCM",60.0,4,4,3,Sổ hồng,25/11/2025
"Sở hữu ngay nhà hẻm 8m Hương Lộ 2, 4 x 20m, 2 lầu, ST. Giá: 8.25 tỷ",8.25,"Hương Lộ 2, Phường Bình Trị Đông A, Quận Bình Tân, TPHCM",80.0,4,4,3,Sổ hồng,25/11/2025
"Nhà chính chủ hẻm 4m đường Bình Trị Đông, 4 x 13m, 1 lầu. Giá: 3.75 ty",3.75,"Bình Trị Đông, Phường Bình Trị Đông, Quận Bình Tân, TPHCM",52.0,2,2,2,Sổ hồng,25/11/2025
"Nhà cần bán hẻm 146/ Gò Xoài, dt: 68m2, lửng, 2 lầu, St. Giá: 7.9 tỷ",7.9,"Gò Xoài, Phường Bình Hưng Hòa A, Quận Bình Tân, TPHCM",68.0,4,5,3,Sổ hồng,25/11/2025
Bán nhà khu Tên Lửa 4x18m đúc 4 tấm giá 7.6 tỷ,7.6,"Đường số 4, Phường An Lạc A, Quận Bình Tân, TPHCM",72.0,4,5,,Sổ hồng,25/11/2025
"Bán nhà hẻm rộng 8m tại 168/ Bình Trị Đông, 4x16m, 2 lầu. giá: 7.1 tỷ.",7.1,"Bình Trị Đông, Phường Bình Trị Đông, Quận Bình Tân, TPHCM",64.0,4,4,3,Sổ hồng,25/11/2025
"Nhà bán hẻm 55/ Tây Lân, 4 x 12m, 2 lầu, hẻm rộng 5m. Giá: 4.9 tỷ.",4.9,"Tây Lân, Phường Bình Trị Đông A, Quận Bình Tân, TPHCM",48.0,4,3,2,Sổ hồng,25/11/2025
"Bán gấp nhà cấp 4 hẻm 305/ Lê Văn Qưới, 5m x 21m, Giá: 5.8 tỷ",5.8,"Lê Văn Quới, Phường Bình Trị Đông, Quận Bình Tân, TPHCM",112.0,2,1,,Sổ hồng,25/11/2025
"Bán nhanh nhà hẻm 122/ Miếu Gò Xoài, 4 x 11m vuông, 2 lầu. Giá: 6 tỷ",6.0,"Miếu Gò Xoài, Phường Bình Hưng Hòa A, Quận Bình Tân, TPHCM",44.0,4,3,2,Sổ hồng,25/11/2025
"Bán nhà MTKD đường Ấp Chiến Lược, 4m x 24m, gác lửng. giá: 7.98 tỷ.",7.98,"Ấp Chiến Lược, Phường Bình Hưng Hòa A, Quận Bình Tân, TPHCM",96.0,2,1,,Sổ hồng,25/11/2025
"Nhà bán hẻm 410/ Lê Văn Qưới, 4 x 12m vuông, gác lửng. Giá: 5.5 tỷ",5.5,"Đường số 14, Phường Bình Hưng Hòa A, Quận Bình Tân, TPHCM",48.0,1,1,,Sổ hồng,25/11/2025
"Nhà bán MTKD đường số 14 LVQ, dt: 4 x 18m, 2 lầu, St. Giá: 8.3 tỷ",8.3,"Đường số 14, Phường Bình Hưng Hòa A, Quận Bình Tân, TPHCM",72.0,4,4,3,Sổ hồng,25/11/2025
"Tìm chủ mới cho nhà MTKD Lê Văn Qưới, 4m x 23.5m, cấp 4. Giá: 15.5 tỷ",15.5,"Lê Văn Quới, Phường Bình Trị Đông, Quận Bình Tân, TPHCM",93.0,3,3,,Sổ hồng,25/11/2025
"Sở hữu ngay nhà hẻm 320/ Bình Trị Đông, 4 x 12m, 2 lầu. Giá: 5.1 tỷ",5.1,"Bình Trị Đông, Phường Bình Trị Đông, Quận Bình Tân, TPHCM",48.0,3,3,2,Sổ hồng,25/11/2025
"Nhà hẻm 490/ Hương Lộ 2, dt: 3,7 x 12m, lửng, lầu, ST. Gía: 5.2 tỷ",5.2,"Hương Lộ 2, Phường Bình Trị Đông, Quận Bình Tân, TPHCM",45.0,3,3,1,Sổ hồng,25/11/2025
"Nhà MTKD Bình Trị Đông, DT: 5m x 30m, 1 lầu, Giá: 12 tỷ",12.0,"Bình Trị Đông, Phường Bình Trị Đông A, Quận Bình Tân, TPHCM",150.0,2,2,2,Sổ hồng,25/11/2025
"Bán gấp nhà MTKD đường Nguyễn Thị Tú, 20x28m, thuê 188tr. giá: 60 tỷ.",60.0,"Nguyễn Thị Tú, Phường Bình Hưng Hòa B, Quận Bình Tân, TPHCM",560.0,,,,Sổ hồng,25/11/2025
"Nhà đẹp tại hẻm 61/ LK1-6, DT:56m2, lửng, 2 lầu. ST. GIÁ: 6.7 tỷ.",6.7,"Liên Khu 1-6, Phường Bình Trị Đông, Quận Bình Tân, TPHCM",56.0,4,4,3,Sổ hồng,25/11/2025
"Cần bán nhà hẻm 754/ TKTQ, 56m2, 2 lầu. Giá: 5.95 tỷ.",5.949,"Tân Kỳ Tân Quý, Phường Bình Hưng Hòa, Quận Bình Tân, TPHCM",56.0,3,3,3,Sổ hồng,25/11/2025
"Bán nhanh nhà hẻm 6m Lê Văn Qưới, 56m2, 2 lầu. Giá: 7,2 tỷ",7.2,"Lê Văn Quới, Phường Bình Hưng Hòa A, Quận Bình Tân, TPHCM",56.0,4,3,3,Sổ hồng,25/11/2025
"Nhà hẻm 394/ Chiến Lược, 4,1m x 14m, lửng, 2 lầu, ST. Giá: 5.95 tỷ",5.95,"Chiến Lược, Phường Bình Trị Đông A, Quận Bình Tân, TPHCM",57.0,4,3,3,Sổ hồng,25/11/2025
"Sở hữu nhà đẹp hẻm 836/ Hương Lộ 2, 4 x 18m NH 8m, Giá: 9.5 tỷ",9.5,"Hương Lộ 2, Phường Bình Trị Đông A, Quận Bình Tân, TPHCM",72.0,5,5,2,Sổ hồng,25/11/2025
"Chủ cần bán nhà hẻm 355/ Mã Lò,DT: 6.7m x 10m, 2 lầu. giá: 6.6 tỷ",6.6,"Mã Lò, Phường Bình Trị Đông A, Quận Bình Tân, TPHCM",67.0,4,4,3,Sổ hồng,25/11/2025
"Bán nhanh nhà MTKD đường Mã Lò, 4 x 27m vuông, 1 lầu. Giá: 10.5 tỷ",10.5,"Mã Lò, Phường Bình Hưng Hòa A, Quận Bình Tân, TPHCM",108.0,2,2,2,Sổ hồng,25/11/2025
"Nhà bán lửng, 2 lầu, ST, hẻm 730/ Hương Lộ 2, DT: 56m2. Gía: 8.5 tỷ",8.5,"Lê Văn Quới, Phường Bình Trị Đông A, Quận Bình Tân, TPHCM",56.0,4,4,2,Sổ hồng,25/11/2025
"Chủ cần bán gấp nhà cấp 4 hẻm 1 sec Lê Văn Qưới, 5m x 30m,nở hậu 5.17m",8.7,"Lê Văn Quới, Phường Bình Trị Đông, Quận Bình Tân, TPHCM",150.0,2,1,,Sổ hồng,25/11/2025
"Sở hữu ngay nhà vị trí hẻm KD, 1 hầm, 2 lầu, ST. 6.2m x 11m. giá: 9 tỷ",9.0,"Bình Trị Đông, Phường Bình Trị Đông A, Quận Bình Tân, TPHCM",69.0,5,5,3,Sổ hồng,25/11/2025
"Nhà đẹp hẻm 61/2/ đường Lk 1-6, Bình Tân, 4 x 14m, 2 lầu. Giá: 5.9 tỷ",5.9,"Liên Khu 1-6, Phường Bình Trị Đông, Quận Bình Tân, TPHCM",56.0,4,3,3,Sổ hồng,25/11/2025
"Nhà bán MT nội bộ đường số 24a LVQ, dt: 56m2, 1 lầu. Giá: 5.8 tỷ",5.8,"Đường số 24A, Phường Bình Hưng Hòa A, Quận Bình Tân, TPHCM",56.0,2,2,2,Sổ hồng,25/11/2025
"Bán gấp nhà hẻm 479/ Tân Hoà Đông, 4m x 14m, 1 lầu. Giá: 5.4 tỷ",5.4,"Tân Hòa Đông, Phường Bình Trị Đông, Quận Bình Tân, TPHCM",56.0,2,2,2,Sổ hồng,25/11/2025
"Nếu bạn từng nghĩ khu Mã Lò khó tìm nhà đẹp, hãy xem thử căn này",7.6,"Mã Lò, Phường Bình Trị Đông A, Quận Bình Tân, TPHCM",58.0,5,5,2,Sổ hồng,25/11/2025
"Sở hữu căn nhà 3 lầu, st, hẻm 238/ Lê Văn Qưới, 64m2. Giá: 7.8 tỷ.",7.8,"Lê Văn Quới, Phường Bình Hưng Hòa A, Quận Bình Tân, TPHCM",64.0,4,4,3,Sổ hồng,25/11/2025
"Nhà bán hẻm 145/ Mã Lò, 4m x 16.5m, lửng, 3 lầu, st. Giá: 8.2 tỷ",8.2,"Mã Lò, Phường Bình Trị Đông A, Quận Bình Tân, TPHCM",66.0,5,5,3,Sổ hồng,25/11/2025
"Bán nhanh nhà MTKD Gò Xoài, 4 x 22m, cấp 4. Giá: 11 tỷ",11.0,"Gò Xoài, Phường Bình Hưng Hòa A, Quận Bình Tân, TPHCM",88.0,2,2,,Sổ hồng,25/11/2025
"Nhà hẻm 822/ HL2, mới đẹp 1 lửng, 2 lầu, ST, Dt: 4 x 15m, giá: 7 tỷ.",7.0,"Hương Lộ 2, Phường Bình Trị Đông A, Quận Bình Tân, TPHCM",60.0,5,5,3,Sổ hồng,25/11/2025
"Chủ cần tiền xoay việc, bán gấp căn nhà giá mềm nhất khu vực, 150m2.",8.7,"Lê Văn Quới, Phường Bình Trị Đông, Quận Bình Tân, TPHCM",150.0,2,1,,Sổ hồng,25/11/2025
"Nhà cấp 4 tại hẻm 205/ Bình Trị Đông, 8 x 16.5m vuông, Giá: 11.5 tỷ",11.5,"Bình Trị Đông, Phường Bình Trị Đông, Quận Bình Tân, TPHCM",132.0,,,,Sổ hồng,25/11/2025
"Sở hữu nhà hẻm 243/33 Mã Lò, 4.03 x 16.6m, cấp 4. Giá: 5.65 tỷ",5.65,"Mã Lò, Phường Bình Trị Đông A, Quận Bình Tân, TPHCM",65.0,1,1,,Sổ hồng,25/11/2025
"Bán gấp nhà có DT 5m x 20m, cấp 4, hẻm 6m đường số 18b. Giá: 6,6 tỷ",6.6,"Đường 18b, Phường Bình Hưng Hòa A, Quận Bình Tân, TPHCM",100.0,2,1,,Sổ hồng,25/11/2025
"Nhà bán hẻm 424/ Lê Văn Qưới, 1 lầu, 2 Mt hẻm, 56m2. Giá : 5.85 tỷ",5.85,"Lê Văn Quới, Phường Bình Hưng Hòa A, Quận Bình Tân, TPHCM",56.0,2,2,2,Sổ hồng,25/11/2025
"Nhà bán hẻm 754/ Tân Kỳ Tân Quý, dt: 4 x 15m, lửng, lầu. Gía: 5.8 tỷ.",5.8,"Tân Kỳ Tân Quý, Phường Bình Hưng Hòa, Quận Bình Tân, TPHCM",60.0,3,2,2,Sổ hồng,25/11/2025
"Bán nhà hẻm 98/ Bình Trị Đông, 4 x 19m, 1 lầu, ST. Gía: 6.4 tỷ",6.4,"Bình Trị Đông, Phường Bình Trị Đông, Quận Bình Tân, TPHCM",76.0,3,2,2,Sổ hồng,25/11/2025
"Sở hữu nhà đẹp Mặt tiền đường số 2 LVQ, 4m x 15m, 3 tầng, Giá: 9.7 tỷ.",9.7,"Đường số 2, Phường Bình Hưng Hòa A, Quận Bình Tân, TPHCM",60.0,4,4,4,Sổ hồng,25/11/2025
"Bán gấp nhà hẻm 688/ Tân Kỳ Tân Quý, 4 x 10m, 2 lầu, St. Giá: 4.95 tỷ",4.95,"Tân Kỳ Tân Quý, Phường Bình Hưng Hòa, Quận Bình Tân, TPHCM",40.0,4,3,3,Sổ hồng,25/11/2025
"Hxh 8m Trương Phước Phan, 80m2, 5 tầng, 5PN full nội thất, chỉ 8.68 tỷ",8.68,"Trương Phước Phan, Phường Bình Trị Đông, Quận Bình Tân, TPHCM",80.0,5,4,20,Sổ hồng,25/11/2025
"Bán nhanh nhà MTKD đường Lê Văn Qưới, DT: 365m2, cấp 4. Giá: 70 tỷ",70.0,"Lê Văn Quới, Phường Bình Trị Đông A, Quận Bình Tân, TPHCM",365.0,1,1,,Sổ hồng,25/11/2025
"Bán nhà hẻm 5m Kinh Dương Vương, 31m2, giá chỉ 2.5 tỷ!",2.5,"Kinh Dương Vương, Phường An Lạc, Quận Bình Tân, TPHCM",31.0,2,1,,Sổ hồng,25/11/2025
Nhà đẹp giá rẻ – Sổ hồng riêng – Ở ngay - NH vay 80% Giá 1ty750tr,1.75,"Nguyễn Triệu Luật, Phường Tân Tạo, Quận Bình Tân, TPHCM",30.0,2,2,2,Sổ hồng,25/11/2025
"Sở hữu nhà biệt thự Mini sang trọng hẻm 8m Lê Văn Qưới, 190m2, 2 lầu.",17.5,"Lê Văn Quới, Phường Bình Hưng Hòa A, Quận Bình Tân, TPHCM",190.0,4,6,3,Sổ hồng,25/11/2025
"Hxh Hương Lộ 2, 56m2, 4 tầng mới tinh 4PN, chỉ 5.9 tỷ, dọn vào ở ngay",5.9,"Hương Lộ 2, Phường Bình Trị Đông A, Quận Bình Tân, TPHCM",56.0,4,3,15,Sổ hồng,25/11/2025
Nhà bán chính chủ full thổ cư - 30m2 Kết cấu BTCT 2 pn 2wc đường 5m,1.85,"Tỉnh Lộ 10, Phường Bình Trị Đông, Quận Bình Tân, TPHCM",30.0,2,2,2,Sổ hồng,25/11/2025
"Bán nhanh nhà biệt thự 10m x 20m, 2 lầu., hẻm 12m. Giá: 15 tỷ",15.0,"Tân Kỳ Tân Quý, Phường Bình Hưng Hòa, Quận Bình Tân, TPHCM",200.0,6,7,3,Sổ hồng,25/11/2025
"Bán nhà HXT Bùi Tư Toàn, 63m2, 1 lầu, pháp lý chuẩn, giá chỉ 4.7 tỷ!",4.7,"Bùi Tư Toàn, Phường An Lạc, Quận Bình Tân, TPHCM",63.0,5,3,1,Sổ hồng,25/11/2025
"Bán nhà HXH Tỉnh Lộ 10, trệt 2 lầu BTCT, 59m2, giá 5.5 tỷ!",5.5,"Tỉnh Lộ 10, Phường Bình Trị Đông, Quận Bình Tân, TPHCM",59.0,4,3,1,Sổ hồng,25/11/2025
"Bán nhà đẹp 2 lầu 4 phòng ngủ, diện tích 36m2 đường nhựa 6m nhựa",2.45,"Liên khu 5-6, Phường Bình Hưng Hòa B, Quận Bình Tân, TPHCM",36.0,4,3,7,Sổ hồng,25/11/2025
"Nhà đẹp sang xịn mịn 4.5 tấm, hẻm 818/ Lê Trọng Tấn 68m2, Giá: 9.9 tỷ.",9.9,"Lê Trọng Tấn, Phường Bình Hưng Hòa, Quận Bình Tân, TPHCM",68.0,5,4,,Sổ hồng,25/11/2025
Bán nhà 4 lầu mới – 5×14m – Đường 12m vỉa hè rộng – Tân Kỳ Tân Quý,8.3,"Tân Kỳ Tân Quý, Phường Bình Hưng Hòa, Quận Bình Tân, TPHCM",70.0,5,5,4,Sổ hồng,25/11/2025
"Bán nhà HXH Lê Đình Cẩn, 54m2, BTCT, 2 lầu sân thượng, nhỉnh 5 tỷ",5.6,"Lê Đình Cẩn, Phường Tân Tạo, Quận Bình Tân, TPHCM",54.0,4,5,2,Sổ hồng,25/11/2025
Tòa nhà 60 phòng Bình Tân – 5 tầng + thang máy – dòng tiền >2 tỷ/năm,26.8,"Lê Trọng Tấn, Phường Bình Hưng Hòa, Quận Bình Tân, TPHCM",314.0,60,61,,Sổ hồng,25/11/2025
"Nhà giá tốt hẻm 5m đường Hương Lộ 2, 4 x 12m, 2 lầu, Giá: 5.8 tỷ.",5.8,"Hương Lộ 2, Phường Bình Trị Đông, Quận Bình Tân, TPHCM",48.0,4,3,3,Sổ hồng,25/11/2025
"Bán gấp nhà MTKD đường Khiếu Năng Tĩnh, 124m2, cấp 4. Giá: 11 tỷ",11.0,"Khiếu Năng Tĩnh, Phường An Lạc, Quận Bình Tân, TPHCM",124.0,,,,Sổ hồng,25/11/2025
"Nhà đẹp Sang xịn mịn hẻm 272/ Gò Xoài, 64m2, đúc 4,5 tấm, Giá: 9.6 tỷ.",9.69,"Gò Xoài, Phường Bình Hưng Hòa A, Quận Bình Tân, TPHCM",64.0,5,4,,Sổ hồng,25/11/2025
"Bán nhà hẻm 4/ đường số 5, dt: 4 x 12m, 1 lầu. Giá: 4.76 tỷ",4.76,"Đường số 5, Phường Bình Hưng Hòa, Quận Bình Tân, TPHCM",48.0,2,2,2,Sổ hồng,25/11/2025
"Sở hữu ngay nhà MTNB đường số 1 Mã Lò, 41m2, 1 lầu, Giá: 4.6 tỷ.",4.6,"Đường số 1, Phường Bình Hưng Hòa A, Quận Bình Tân, TPHCM",41.0,2,2,2,Sổ hồng,25/11/2025
"Bán nhà hẻm 3m Bùi Tư Toàn, 5 tầng, giá 2.95 tỷ!",2.95,"Bùi Tư Toàn, Phường An Lạc, Quận Bình Tân, TPHCM",19.0,3,4,3,Sổ hồng,25/11/2025
"Bán CHDV Mặt tiền CXPL C, thu nhập 40tr/tháng, chỉ 14 tỷ!",14.0,"Tạ Mỹ Duật, Phường An Lạc A, Quận Bình Tân, TPHCM",82.2,9,9,3,Sổ hồng,25/11/2025
"Bán nhà HXH Kinh Dương Vương, 1 lầu, 3.2mx9.5m",2.9,"Kinh Dương Vương, Phường An Lạc, Quận Bình Tân, TPHCM",30.0,2,2,1,Sổ hồng,25/11/2025
"Nhà HXT 8m Bình Trị Đông 6x15mx2Tầng, 4PN 3WC SHR Xe Hơi Ngủ Trong Nhà",6.85,"Bình Trị Đông, Phường Bình Trị Đông A, Quận Bình Tân, TPHCM",90.0,4,3,2,Sổ hồng,25/11/2025
"Cần bán MTKD 5x25m Hồ Văn Long, Bình Hưng Hòa B, Bình tân",9.5,"Hồ Văn Long, Phường Bình Hưng Hòa B, Quận Bình Tân, TPHCM",125.0,2,2,,Sổ hồng,24/11/2025
"Bình Tân, Bán Biệt thự căn góc KDC Lê Thành, DT 10x17m chỉ 18 tỷ",18.0,"Đường số 5, Phường An Lạc, Quận Bình Tân, TPHCM",169.0,3,4,3,Sổ hồng,24/11/2025
"Bán nhà 4X20 7.2T mặt tiền đường Tham Lương, P Bình Hưng Hòa, Bình Tân",7.2,"Đường số 10, Phường Bình Hưng Hòa, Quận Bình Tân, TPHCM",80.0,3,2,2,Sổ hồng,24/11/2025
"Bán nhà MT Võ Văn Kiệt - Q.Bình Tân - 13,5m x 20m - giá 80 tỉ",80.0,"Võ Văn Kiệt, Phường An Lạc, Quận Bình Tân, TPHCM",268.0,6,8,9,Sổ hồng,24/11/2025
Hàng Hiếm Gần Chợ Gò Xoài – Góc 2Mặt Hẻm Xe Hơi– 2Tầng –Chỉ Nhỉnh 2Ty,2.99,"Đường số 4, Phường Bình Hưng Hòa A, Quận Bình Tân, TPHCM",22.0,2,2,,Sổ hồng,24/11/2025
Hơn 4 Tỷ – Nhà 3 Tầng Gần Tên Lửa – 3PN – Hẻm 4M,4.2,"Lê Đình Cẩn, Phường Tân Tạo, Quận Bình Tân, TPHCM",32.0,3,3,6,Sổ hồng,24/11/2025
Chỉ 4.888Tỷ Lô Góc Cực Chất Ngay Aeon T.Phú–55m2 -Xe Tải Sổ A4 Nở Hậu,4.888,"Hương Lộ 3, Phường Bình Hưng Hòa, Quận Bình Tân, TPHCM",55.0,1,1,,Sổ hồng,23/11/2025
Bình Tân Giáp Tân Phú – Hẻm Ô Tô Taxi 4C– 3Tầng BTCT Mới – Sổ Đẹp,3.7,"Liên Khu 7-13, Phường Bình Hưng Hòa A, Quận Bình Tân, TPHCM",30.0,2,2,4,Sổ hồng,23/11/2025
Mặt Tiền Bình Thạnh - 122M - Nở Hậu 12M - Tiện Ở Và Kinh Doanh - 22 Tỷ,22.0,"Lê Quang Định, Phường 7, Quận Bình Thạnh, TPHCM",122.0,5,4,3,Sổ hồng,25/11/2025
Bình Thạnh - Hẻm Xe Hơi - Nhà Mới - 3PN - Full Nội Thất - Nhỉnh 4 Tỷ,4.45,"Bùi Đình Túy, Phường 12, Quận Bình Thạnh, TPHCM",27.0,3,3,2,Sổ hồng,25/11/2025
Đang cần bán căn nhà 1 trệt 2 lầu 1 ST 14 tỷ hẻm xe hơi Phan Văn Hân,14.0,"Phan Văn Hân, Phường 17, Quận Bình Thạnh, TPHCM",62.53,4,3,3,Sổ hồng,25/11/2025
BÁN building MT Ung Văn Khiêm 2 Hầm 14Lầu - HDT 40 tỷ/năm. Giá: 250 tỷ,250.0,"Ung Văn Khiêm, Phường 25, Quận Bình Thạnh, TPHCM",1000.0,2,15,28,Sổ hồng,25/11/2025
Building Hầm 9 Lầu Điện Biên Phủ - Tân Cảng: DT 15x35m- Giá: 135 tỷ,135.0,"Điện Biên Phủ, Phường 25, Quận Bình Thạnh, TPHCM",480.0,2,10,9,Sổ hồng,25/11/2025
"Bán nhà mặt tiền bình thạnh thiên hộ dương ngang 8m dài 8,5m 1 trệt 2",6.68,"Thiên Hộ Dương, Phường 11, Quận Bình Thạnh, TPHCM",68.0,4,3,6,Sổ hồng,25/11/2025
"Bán nhà bình thạnh hxh điện biên phủ p.17 ngang 3,2m dài 20m trệt lầu",6.5,"Điện Biên Phủ, Phường 17, Quận Bình Thạnh, TPHCM",64.0,6,6,4,Sổ hồng,25/11/2025
"Tòa nhà VP Ung Văn Khiêm - Tân Cảng, Bình Thạnh - 15x38m - 7 tầng",100.0,"Ung Văn Khiêm, Phường 25, Quận Bình Thạnh, TPHCM",480.0,,,7,Sổ hồng,25/11/2025
"Cần bán chdv cao cấp hẻm xe hơi Nguyễn Cửu Vân, p.17, q.Bình Thạnh",46.0,"Nguyễn Cửu Vân, Phường 17, Quận Bình Thạnh, TPHCM",162.0,,,6,Sổ hồng,25/11/2025
"Bán building mặt tiền Phạm Viết Chánh - Ngô Tất Tố, P19, Bình Thạnh",55.0,"Phạm Viết Chánh, Phường 19, Quận Bình Thạnh, TPHCM",144.0,,,16,Sổ hồng,25/11/2025
Đi nước ngoài bán Toà nhà 7 tầng đường Xô Viết Nghệ Tĩnh Q.Bình Thạnh,48.0,"Xô Viết Nghệ Tĩnh, Phường 21, Quận Bình Thạnh, TPHCM",237.0,,,6,Sổ hồng,25/11/2025
"Bán building giá rẻ MT Bùi Đình Tuý, p.12, Q Bình Thạnh, DT 6,2x30m",47.0,"Bùi Đình Túy, Phường 12, Quận Bình Thạnh, TPHCM",165.0,13,13,6,Sổ hồng,25/11/2025
Bán nhà góc 2 mặt tiền Đường Lam Sơn P.6 Bình Thạnh.DT: 10x18m vv,41.0,"Lam Sơn, Phường 6, Quận Bình Thạnh, TPHCM",180.0,,,7,Sổ hồng,25/11/2025
BÁN tòa nhà 1137M2 Nguyễn Huy Tưởng P6 BÌNH THẠNH (10X30M) Hầm,52.0,"Nguyễn Huy Tưởng, Phường 6, Quận Bình Thạnh, TPHCM",300.0,10,5,5,Sổ hồng,25/11/2025
BÁN NHÀ 65 tỷ - mặt tiền - Nguyễn Gia Trí - 12x20m- 228m2 - 4 tầng,65.0,"Nguyễn Gia Trí, Phường 25, Quận Bình Thạnh, TPHCM",228.0,18,18,4,Sổ hồng,25/11/2025
Bán nhà 63 tỷ - Mê Linh - Phố Nhật - 15x20m 410m2 - cấp 4,63.0,"Mê Linh, Phường 19, Quận Bình Thạnh, TPHCM",410.0,,,7,Sổ hồng,25/11/2025
"Bán building góc 2MT Lê Quang Định, phường 5, Q Bình Thạnh, DT 9 x 40m",105.0,"Lê Quang Định, Phường 5, Quận Bình Thạnh, TPHCM",360.0,,,7,Sổ hồng,25/11/2025
Siêu vị trí! Nhà góc 2 MT Điện Biên Phủ Bình Thạnh (NH: 15x20m) - NH,55.0,"Điện Biên Phủ, Phường 17, Quận Bình Thạnh, TPHCM",300.0,,,5,Sổ hồng,25/11/2025
Biệt thự sân vườn gara hẻm 10m Nơ Trang Long 198m2 ngang 9m chợ 32 tỷ,32.0,"Nơ Trang Long, Phường 13, Quận Bình Thạnh, TPHCM",198.0,3,4,2,Sổ hồng,25/11/2025
"Bán CHDV Nơ Trang Long -Lê Quang Định, Bình Thạnh, H+5L, giá 25 tỷ",25.0,"Nơ Trang Long, Phường 11, Quận Bình Thạnh, TPHCM",136.0,20,21,6,Giấy tờ hợp lệ,25/11/2025
"Bán tòa nhà CHDV Nơ Trang Long, Bình Thạnh, 6.5x18m, H+5L, giá 24.5 tỷ",24.5,"Nơ Trang Long, Phường 12, Quận Bình Thạnh, TPHCM",140.0,21,21,5,Giấy tờ hợp lệ,25/11/2025
"Bán nhà đường 12m Bùi Đình Túy, Bình Thạnh, 8x24m, 4 tầng, chỉ 28 tỷ",27.999,"Bùi Đình Túy, Phường 12, Quận Bình Thạnh, TPHCM",175.0,8,8,4,Giấy tờ hợp lệ,25/11/2025
"Bán tòa nhà CHDV 10x48m hầm 6 tầng ngay MT Bạch Đằng, chỉ 60 tỷ",60.0,"Bạch Đằng, Phường 15, Quận Bình Thạnh, TPHCM",478.0,,,6,Sổ hồng,25/11/2025
Bán nhà mặt tiền Xô Viết Nghệ Tĩnh - DT: 11 x 24m - HĐT: 160 triệu/th,40.0,"Xô Viết Nghệ Tĩnh, Phường 25, Quận Bình Thạnh, TPHCM",264.0,,,3,Sổ hồng,25/11/2025
Bán gấp khuôn đất hiếm 18x15m Nguyễn Hữu Cảnh đối diện VinhomeS Ba Son,52.0,"Nguyễn Hữu Cảnh, Phường 22, Quận Bình Thạnh, TPHCM",270.0,,,7,Sổ hồng,25/11/2025
"Kẹt giảm 45 tỷ về 145 tỷ bán khuôn đất hiếm 30,2x40m MT Phan Đăng Lưu",145.0,"Phan Đăng Lưu, Phường 7, Quận Bình Thạnh, TPHCM",997.0,,,14,Sổ hồng,25/11/2025
"Bán nhà Mt Ung Văn Khiêm ngay Nguyễn Gia Trí, BT, 13x40m, giá 103 tỷ",105.0,"Ung Văn Khiêm, Phường 25, Quận Bình Thạnh, TPHCM",362.0,3,3,,Giấy tờ hợp lệ,25/11/2025
Vị trí siêu đẹp - MT Xô Viết Nghệ Tĩnh (2 chiều) Bình Thạnh - 7.5x35m,53.0,"Xô Viết Nghệ Tĩnh, Phường 26, Quận Bình Thạnh, TPHCM",268.0,,,7,Sổ hồng,25/11/2025
Nhỉnh 30 tỷ CHDV 7lầu T.máy hẻm 8m QL13 150m2 ngang 5.5m 17PN TN 120tr,30.5,"Quốc Lộ 13, Phường 26, Quận Bình Thạnh, TPHCM",150.0,17,18,14,Sổ hồng,25/11/2025
"Gía tốt - Bán lô góc 2 mặt tiền đường Nơ Trang Long, Q. BT - 26x18m",40.0,"Nơ Trang Long, Phường 13, Quận Bình Thạnh, TPHCM",388.0,,,7,Sổ hồng,25/11/2025
"Ngộp - giảm 25 tỷ - bán tài sản mặt tiền Nguyễn Hữu Cảnh, P. 19, Q. BT",70.0,"Nguyễn Hữu Cảnh, Phường 22, Quận Bình Thạnh, TPHCM",400.0,,,,Sổ hồng,25/11/2025
"Giảm Mạnh Từ 120tỷ Còn 90tỷ, Khu Vip D Bình Thạnh, Nguyễn Gia Trí",90.0,"Nguyễn Gia Trí, Phường 25, Quận Bình Thạnh, TPHCM",240.0,,,12,Sổ hồng,25/11/2025
"Bán tòa nhà CHDV Bùi Đình Túy, gần chợ Bà Chiểu, BT, 5x22m, 5 lầu 25.9",25.9,"Bùi Đình Túy, Phường 24, Quận Bình Thạnh, TPHCM",110.0,23,23,4,Giấy tờ hợp lệ,25/11/2025
"Khan Hiếm !Căn góc 2MT Bùi Đình Tuý p26 BT, (4,2x20) 5tầng nhỉnh 22Tỷ",22.0,"Bùi Đình Túy, Phường 26, Quận Bình Thạnh, TPHCM",90.0,5,5,5,Sổ đỏ,25/11/2025
Siêu rẻ! Cần tiền bán gấp đất Điện Biên Phủ - DT: 14x28m (vuông),52.0,"Điện Biên Phủ, Phường 17, Quận Bình Thạnh, TPHCM",392.0,,,14,Sổ hồng,25/11/2025
"Cực hiếm!Góc 2MT cách 30m ra Nguyễn Văn Đậu, 5x21, GPXD:7T chỉ 13,7ty",13.7,"Nguyễn Văn Đậu, Phường 11, Quận Bình Thạnh, TPHCM",106.0,1,1,4,Sổ hồng,25/11/2025
Giảm 5 tỷ cần bán gấp tòa nhà 7T Xô Viết Nghệ Tĩnh sát Quận 1,47.9,"Xô Viết Nghệ Tĩnh, Phường 26, Quận Bình Thạnh, TPHCM",250.0,,,13,Sổ hồng,25/11/2025
"Bán nhà mặt tiền NB 36 Nguyễn Gia Trí, P.25, Bình Thạnh, 8.5x20, H+4L",45.0,"Nguyễn Gia Trí, Phường 25, Quận Bình Thạnh, TPHCM",165.0,5,5,5,Giấy tờ hợp lệ,25/11/2025
"Bán nhà c4 MT Đặng Thuỳ Trâm-p13, ( 5x22) HĐT: 20Tr/th, GPXD:HẦM 6Tầng",22.499,"Đặng Thùy Trâm, Phường 13, Quận Bình Thạnh, TPHCM",120.0,1,1,6,Sổ hồng,25/11/2025
Bán nhà siêu vị trí mặt tiền Nguyễn Gia Trí (D2 cũ) - DT: 9 x 21m,45.0,"Nguyễn Gia Trí, Phường 25, Quận Bình Thạnh, TPHCM",198.0,,,3,Sổ hồng,25/11/2025
Hiếm! Toà CHDV 2 mặt tiền Nguyễn Cửu Vân - Bình Thạnh | hầm 6 tầng,38.0,"Nguyễn Cửu Vân, Phường 17, Quận Bình Thạnh, TPHCM",87.0,13,13,6,Sổ hồng,25/11/2025
"Tòa nhà 1140m2 sàn, hầm - 5 tầng, DT: 10x30m, tại Phan Đăng Lưu, Q.BT",52.0,"Phan Đăng Lưu, Phường 7, Quận Bình Thạnh, TPHCM",300.0,,,5,Sổ hồng,25/11/2025
"Khan hiếm! Bán nhà 2 mặt Hẻm 8m Nơ Trang Long P12 BThạnh 5x24, 6tầng",13.899000000000001,"Nơ Trang Long, Phường 12, Quận Bình Thạnh, TPHCM",110.0,7,7,6,Sổ hồng,25/11/2025
Tin thật 100%! Tòa nhà VP 7 tầng MT Lê Quang Định P14 BT - 8 x 40m,58.0,"Lê Quang Định, Phường 14, Quận Bình Thạnh, TPHCM",309.0,,,7,Sổ hồng,25/11/2025
"Bán nhà Lê Quang Định Nguyễn Văn Đậu, Bình Thạnh, 9x25m, giá 23 tỷ",23.0,"Lê Quang Định, Phường 11, Quận Bình Thạnh, TPHCM",240.0,5,5,2,Giấy tờ hợp lệ,25/11/2025
"Siêu lợi nhuận! Cần bán gấp tòa CHDV Nguyễn Xí, DT: 20x60m, 6 tầng HĐT",60.0,"Nguyễn Xí, Phường 13, Quận Bình Thạnh, TPHCM",1200.0,,,6,Sổ hồng,25/11/2025
"Bán nhà MT Bạch Đằng p24 góc 2 mặt tiền,( 5,2x12 ) 4tầng nhỉnh 15tỷ",14.999,"Bạch Đằng, Phường 24, Quận Bình Thạnh, TPHCM",60.0,4,5,2,Sổ hồng,25/11/2025
"Rẻ nhất thị trường, khuôn đất 15x30 , CN 418m2 MT ngay Lê Quang Định",48.0,"Lê Quang Định, Phường 14, Quận Bình Thạnh, TPHCM",450.0,,,8,Sổ hồng,25/11/2025
"Căn góc 2 mặt tiền ngang 6m nở hậu, hẻm xe tải Nguyễn Văn Đậu 4Tầng",15.99,"Nguyễn Văn Đậu, Phường 11, Quận Bình Thạnh, TPHCM",100.0,6,6,4,Sổ hồng,25/11/2025
"60 tỷ! Bán toà nhà góc 2MT Nguyễn Cửu Vân, Bình Thạnh",60.0,"Nguyễn Cửu Vân, Phường 17, Quận Bình Thạnh, TPHCM",176.0,,,10,Sổ hồng,25/11/2025
Toà Nhà 8 Tầng Thang Máy - MT Lê Quang Định. DT: 4x22m. Giá: 24.5 Tỷ,24.5,"Lê Quang Định, Phường 11, Quận Bình Thạnh, TPHCM",80.0,8,8,7,Sổ hồng,25/11/2025
"Bán nhà c4 ngay Mặt Tiền Chu Văn An 4x20,GPXD: Hầm 7tầng, nhỉnh 14Tỷ",14.0,"Chu Văn An, Phường 26, Quận Bình Thạnh, TPHCM",80.0,1,1,7,Sổ hồng,25/11/2025
"Bán nhà MT siêu hiếm Điện Biên Phủ 9,8x28m hầm 10 tầng chỉ 128 tỷ",128.0,"Điện Biên Phủ, Phường 25, Quận Bình Thạnh, TPHCM",275.0,,,10,Sổ hồng,25/11/2025
"Khan hiếm! MTKD Lê Quang Định, (5,225x17) 80M2, 3lầu - nhỉnh 12 tỷ",12.0,"Lê Quang Định, Phường 7, Quận Bình Thạnh, TPHCM",80.0,4,4,2,Sổ hồng,25/11/2025
"Bán nhà 2MT Hoàng Hoa Thám, (5,35x20) 7tầng thang máy nhỉnh 23 tỷ",23.0,"Hoàng Hoa Thám, Phường 6, Quận Bình Thạnh, TPHCM",105.0,7,8,7,Sổ hồng,25/11/2025
"Bán nhà MT Nguyễn Thiện Thuật, (5x20) 5TẦNG, HĐT : 40tr/th,Nhỉnh 20ty",20.0,"Nguyễn Thiện Thuật, Phường 14, Quận Bình Thạnh, TPHCM",100.0,5,6,5,Sổ hồng,25/11/2025
"Bán Đất Nguyễn Hữu Cảnh, Bình Thạnh, 180 tỷ, 1300m2, view đẹp!",180.0,"Nguyễn Hữu Cảnh, Phường 22, Quận Bình Thạnh, TPHCM",1300.0,,,,Sổ hồng,25/11/2025
"Bán nhà MT Nguyễn Văn Đậu,(4,5x20) 6tầng thang máy,50tr/th chỉ 21,8ty",21.8,"Nguyễn Văn Đậu, Phường 11, Quận Bình Thạnh, TPHCM",90.0,5,6,4,Không xác định,25/11/2025
"Bán nhà 3 mặt tiền Hoàng Hoa Thám gần Phan Đăng Lưu, B Thạnh, 8.5x25m",65.0,"Hoàng Hoa Thám, Phường 6, Quận Bình Thạnh, TPHCM",182.0,3,3,2,Sổ hồng,25/11/2025
"Bán nhà phường 5, bình thạnh nguyễn văn đậu hxh trệt lầu btct",4.7,"Nguyễn Văn Đậu, Phường 5, Quận Bình Thạnh, TPHCM",53.0,3,2,2,Sổ hồng,25/11/2025
"Nhà bán P.25, Bình Thạnh Xô Viết Nghệ Tỉnh ngang 4m dài 18m 4tầng BTCT",8.7,"Xô Viết Nghệ Tĩnh, Phường 25, Quận Bình Thạnh, TPHCM",72.0,4,4,10,Sổ hồng,25/11/2025
"Bán nhà MT Lê Quang Định, Bình Thạnh gần chợ Bà Chiểu 16x42m, CTXD H+L",122.999,"Lê Quang Định, Phường 14, Quận Bình Thạnh, TPHCM",610.0,3,3,9,Giấy tờ hợp lệ,25/11/2025
"Bán nhà MT đường Điện Biên Phủ, P25, Bình Thạnh (12x22,5)m, 89 tỷ",89.0,"Điện Biên Phủ, Phường 25, Quận Bình Thạnh, TPHCM",245.0,,,,Sổ hồng,25/11/2025
"Nhà bán Quận Bình Thạnh dưới 5,5 tỷ Xô Viết Nghệ Tình ngang 5m dài 12m",5.5,"Xô Viết Nghệ Tĩnh, Phường 26, Quận Bình Thạnh, TPHCM",60.0,1,1,,Sổ hồng,25/11/2025
Bán nhà Hẻm sát đường lớn Nơ Trang Long DT4.3x10m xây 2L st. 6.85 tỷtl,6.85,"Nơ Trang Long, Phường 13, Quận Bình Thạnh, TPHCM",40.0,3,4,2,Sổ hồng,25/11/2025
"Bán nhà mặt tiền Ngô Đức Kế p12 Bthanh, 5tầng (5,5x23) 6pn nhà đẹp",16.5,"Ngô Đức Kế, Phường 12, Quận Bình Thạnh, TPHCM",125.0,6,6,4,Sổ hồng,25/11/2025
"Bán nhà 2MT Hoàng Hoa Thám P6 Bình Thạnh, 7Tầng thang máy, 5x22, 10pn",23.499,"Hoàng Hoa Thám, Phường 6, Quận Bình Thạnh, TPHCM",110.0,10,10,6,Sổ hồng,25/11/2025
CHDV 6L 16PN ngang 4.3m 75m2 MT ngay trường Nguyễn Thượng Hiền 19.8 tỷ,19.799,"Nguyễn Thượng Hiền, Phường 5, Quận Bình Thạnh, TPHCM",75.0,16,16,12,Sổ hồng,25/11/2025
"Siêu phẩm tòa nhà CHDV Nguyễn Cửu Vân - DT 6x28m, 164m2 - 4 tầng - TN",31.0,"Nguyễn Cửu Vân, Phường 17, Quận Bình Thạnh, TPHCM",164.0,14,14,4,Sổ hồng,25/11/2025
"Nhà bán P.11, Bình Thạnh HXH Lê Quang Định ngang 4m dài 12m trệt lầu",5.95,"Lê Quang Định, Phường 11, Quận Bình Thạnh, TPHCM",48.0,2,2,2,Sổ hồng,25/11/2025
GẤP view GÓC MTKD Nguyễn Xí gần 6m 120m2 DT 55tr cạnh VinCom 24.7 tỷ,24.699,"Nguyễn Xí, Phường 26, Quận Bình Thạnh, TPHCM",120.0,2,2,8,Sổ hồng,25/11/2025
"Bán nhà mặt tiền Đinh Bộ Lĩnh P26, 4x20m, GPXD: Hầm 7Tầng nhỉnh 14tỷ",14.0,"Đinh Bộ Lĩnh, Phường 26, Quận Bình Thạnh, TPHCM",80.0,1,1,7,Sổ đỏ,25/11/2025
Ngộp bank bán gấp! Bán đất Nguyễn Hữu Cảnh - DT: 9x50m - CTXD: Hầm 8T,49.0,"Nguyễn Hữu Cảnh, Phường 22, Quận Bình Thạnh, TPHCM",450.0,,,8,Sổ hồng,25/11/2025
"Bán biệt thự 3 mặt tiền tại Nguyễn Cửu Vân, 52 tỷ, 210m2 HĐT 120tr",52.0,"Nguyễn Cửu Vân, Phường 17, Quận Bình Thạnh, TPHCM",210.0,,,3,Sổ hồng,25/11/2025
"Bán tòa nhà mặt tiền Nơ Trang Long - DT: 11x47m hầm 6 tầng, HĐT 450 tr",55.0,"Nơ Trang Long, Phường 13, Quận Bình Thạnh, TPHCM",517.0,,,6,Sổ hồng,25/11/2025
"Hạ giá 28tỷ về 22,xtỷ bán nhà 4T MTIỀN Tân Cảng(4x25m) view Landmar 81",22.499,"Tân Cảng, Phường 25, Quận Bình Thạnh, TPHCM",100.0,4,4,3,Sổ hồng,25/11/2025
"VỊ TRÍ RẤT ĐẸP - MT Hoàng Hoa Thám, Q.BT - DT 9 x 25m - 4 Tầng - 60 tỷ",60.0,"Hoàng Hoa Thám, Phường 6, Quận Bình Thạnh, TPHCM",225.0,,,4,Sổ hồng,25/11/2025
"CHDV Ung Văn Khiêm,Q.Bình Thạnh.DT: 7.5x28m. hầm, 7 tầng. TN: 265tr",44.0,"Ung Văn Khiêm, Phường 25, Quận Bình Thạnh, TPHCM",210.0,,,7,Sổ hồng,25/11/2025
"Nhà bán 2mặt tiền HXH Nơ Trang Long ,( 5x24)5Tầng 6pn6wc,nhỉnh 14tỷ",14.0,"Nơ Trang Long, Phường 12, Quận Bình Thạnh, TPHCM",120.0,6,6,4,Sổ hồng,25/11/2025
"Khan Hiếm! Đường 12m View sông Bình Lợi,(6x21,8)Hầm 4tầng-chỉ 15,99tỷ",15.99,"Bình Lợi, Phường 13, Quận Bình Thạnh, TPHCM",130.8,6,6,4,Sổ hồng,25/11/2025
"Bán gấp tòa CHDV đường Nguyễn Cửu Vân, P. 17 - Bình Thạnh 9x20m 7 tầng",46.0,"Nguyễn Cửu Vân, Phường 17, Quận Bình Thạnh, TPHCM",180.0,,,6,Sổ hồng,25/11/2025
"Khan hiếm! Mặt tiền Ngô Đức Kế - P12, BT (5,3x23) 5tầng 5PN, nhỉnh 16t",16.0,"Ngô Đức Kế, Phường 12, Quận Bình Thạnh, TPHCM",125.0,5,5,3,Sổ hồng,25/11/2025
"Bán nhà 2mặt tiền Nguyễn Văn Đậu p7, (4X23,3) 5Tầng mới full Nội Thất",19.5,"Nguyễn Văn Đậu, Phường 7, Quận Bình Thạnh, TPHCM",93.2,6,6,5,Sổ hồng,25/11/2025
Bán CHDV đường 12m Bình Lợi (5x20m) Hầm 4 tầng cho thuê 50tr/th,14.8,"Bình Lợi, Phường 13, Quận Bình Thạnh, TPHCM",100.0,7,7,4,Sổ đỏ,25/11/2025
"Cách 200 ra Q1! Bán nhà hẻm lớn Bùi Hữa Nghĩa, 5x16 - 5Tầng chỉ 12,9tỷ",12.9,"Bùi Hữu Nghĩa, Phường 2, Quận Bình Thạnh, TPHCM",80.0,5,5,3,Sổ hồng,25/11/2025
Bán tòa khách sạn hầm 8 tầng ngay phố Nhật HDT 460tr/ tháng còn 6 năm,110.0,"Phạm Viết Chánh, Phường 19, Quận Bình Thạnh, TPHCM",224.0,,,8,Sổ hồng,25/11/2025
Bán căn góc 2MT Biệt thự 69/ Nguyễn Gia Trí p25 Bthạnh (9x20) 4tầng,36.0,"Nguyễn Gia Trí, Phường 25, Quận Bình Thạnh, TPHCM",180.0,4,5,2,Sổ hồng,25/11/2025
"Hạ 2Tỷ!Bán nhà MT Nguyễn Văn Đậu, 4x22 trệt lầu,GPXD:Hầm 7T nhỉnh 15tỷ",15.5,"Nguyễn Văn Đậu, Phường 11, Quận Bình Thạnh, TPHCM",88.0,2,2,4,Sổ hồng,25/11/2025
Bán nhà Mặt tiền đường Lê Trực Bình Thạnh ngang 8m dài 8m SHCN 61m2.,7.2,"Lê Trực, Phường 7, Quận Bình Thạnh, TPHCM",61.0,1,1,1,Sổ hồng,25/11/2025
"Bán nhà MT Tân Cảng ngay Điện Biên Phủ, P25, Bình Thạnh, 470m2, 92 tỷ",92.0,"Điện Biên Phủ, Phường 25, Quận Bình Thạnh, TPHCM",470.0,3,2,9,Giấy tờ hợp lệ,25/11/2025
Nhà mặt tiền Đặng Thùy Trâm 5 lầu ngang 5m 120m2 KD đa ngành 27.2 tỷ.,27.2,"Đặng Thùy Trâm, Phường 13, Quận Bình Thạnh, TPHCM",120.0,6,6,10,Sổ hồng,25/11/2025
"Bán tòa nhà 7 tầng (NH 7,5) x 42m,CN: 291m2, MT Lê Quang Định Q.BT",62.0,"Lê Quang Định, Phường 14, Quận Bình Thạnh, TPHCM",291.0,,,5,Sổ hồng,25/11/2025
Bán gấp nhà 2 mặt tiền Ung Văn Khiêm P. 25 Bình Thạnh (10x55m) H+9L,123.0,"Ung Văn Khiêm, Phường 25, Quận Bình Thạnh, TPHCM",540.0,2,2,,Giấy tờ hợp lệ,25/11/2025
"Kẹt bank!Bán gấp Biệt thự Bình Lợi p13, 10x18-trệt 2 lầu ST chỉ 18,6ty",18.6,"Bình Lợi, Phường 13, Quận Bình Thạnh, TPHCM",180.0,4,5,2,Sổ hồng,25/11/2025
"Bán toà nhà hầm, 8 lầu MT NGUYỄN VĂN ĐẬU. P7. BÌNH THẠNH, DT: 9,5X38m.",155.0,"Nguyễn Văn Đậu, Phường 7, Quận Bình Thạnh, TPHCM",450.0,,,8,Sổ hồng,25/11/2025
"Bán nhà 2 mặt tiền đường Ung Văn Khiêm, P.25 Bình Thạnh, 10,3x40, 74tỷ",74.0,"Ung Văn Khiêm, Phường 25, Quận Bình Thạnh, TPHCM",300.0,2,2,12,Giấy tờ hợp lệ,25/11/2025
CHDV 7 lầu TMáy HXT Xô Viết Nghệ Tĩnh rộng 6m 120m2 27PN DT 120tr 35tỷ,35.0,"Xô Viết Nghệ Tĩnh, Phường 26, Quận Bình Thạnh, TPHCM",120.0,27,27,14,Sổ hồng,25/11/2025
"Bán nhà Mặt tiền đường 30m Đặng Thuỳ Trâm,10x22 - GPXD Hầm 7Tầng",54.0,"Đặng Thùy Trâm, Phường 13, Quận Bình Thạnh, TPHCM",220.0,1,1,7,Sổ hồng,25/11/2025
"Bán nhà mặt tiền Bình Lợi p13 Bình Thạnh, 5x22, 4Tầng cho thuê 30tr/th",17.299,"Bình Lợi, Phường 13, Quận Bình Thạnh, TPHCM",110.0,5,6,4,Sổ hồng,25/11/2025
Bán nhà đường 12m ngay Công Viên Đặng Thùy Trâm(4.5x20m) cổng Văn Lang,14.0,"Đặng Thùy Trâm, Phường 13, Quận Bình Thạnh, TPHCM",90.0,7,7,2,Sổ hồng,25/11/2025
"Bán nhà đường Nguyễn Gia Trí - Võ Oanh, P.25, Bình Thạnh, 8.5x20, H+4L",45.0,"Nguyễn Gia Trí, Phường 25, Quận Bình Thạnh, TPHCM",160.0,6,6,5,Giấy tờ hợp lệ,25/11/2025
"Bán nhà hẻm 8m Xô Viết Nghệ Tĩnh giáp Q1, (4x17)4Tầng,HĐT: 30tr/t",16.0,"Xô Viết Nghệ Tĩnh, Phường 21, Quận Bình Thạnh, TPHCM",68.0,5,6,4,Sổ hồng,25/11/2025
"Bán Nhà Bình Lợi đường 16m - 5Tầng phù hợp ở + VPhòng, cạnh sông",16.9,"Bình Lợi, Phường 13, Quận Bình Thạnh, TPHCM",120.0,6,6,4,Sổ đỏ,25/11/2025
"Giá tốt! Bán nhà mặt tiền Bùi Đình Tuý p12 Bthạnh,(5,3x20) 5tầng, 22ty",22.0,"Bùi Đình Túy, Phường 12, Quận Bình Thạnh, TPHCM",100.0,5,6,3,Sổ hồng,25/11/2025
"Toà nhà MT Hoàng Hoa Thám, Phường 6. 10x35m - hầm 7 lầu - HĐT: 300 tr",60.0,"Hoàng Hoa Thám, Phường 6, Quận Bình Thạnh, TPHCM",350.0,,,7,Sổ hồng,25/11/2025
"Bán Toà Văn Phòng mặt tiền NGUYỄN VĂN THƯƠNG,(4x20) 5tầng - 60tr/th",25.799,"Nguyễn Văn Thương, Phường 25, Quận Bình Thạnh, TPHCM",82.0,5,5,5,Sổ hồng,25/11/2025
"Bán nhà đường D2, Nguyễn Gia Trí, P.25, Q. Bình Thạnh, 8x20m, giá 27tỷ",27.0,"Nguyễn Gia Trí, Phường 25, Quận Bình Thạnh, TPHCM",160.0,5,5,,Giấy tờ hợp lệ,25/11/2025
Khu biệt thự Đặng Thùy Trâm Bình Thạnh – 132M2 – 5 TẦNG – CHỈ 18 T,18.4,"Đường Trục, Phường 13, Quận Bình Thạnh, TPHCM",132.0,6,4,7,Sổ hồng,25/11/2025
CỰC HIẾM - Hẻm 6m Nguyễn Văn Đậu thông – 68M2 – 5 TẦNG – CHỈ 9 TỶ 9,9.9,"Nguyễn Văn Đậu, Phường 5, Quận Bình Thạnh, TPHCM",68.0,7,7,12,Sổ hồng,25/11/2025
Tòa nhà Phan Văn Trị Bình Thạnh – 238M2 VUÔNG A4 – 6 TẦNG - 31 tỷ 5,31.5,"Phan Văn Trị, Phường 11, Quận Bình Thạnh, TPHCM",238.0,31,31,16,Sổ hồng,25/11/2025
"Bán nhà mặt tiền Điện Biên Phủ, P25, Bình Thạnh. Giá 85 tỷ",85.0,"Điện Biên Phủ, Phường 25, Quận Bình Thạnh, TPHCM",149.0,,,,Sổ hồng,25/11/2025
87 tỷ! Bán tòa building mặt tiền Điện Biên Phủ P25 Bình Thạnh - 12*22,87.0,"Điện Biên Phủ, Phường 25, Quận Bình Thạnh, TPHCM",245.0,,,12,Sổ hồng,25/11/2025
"Bán 800m2 đất đường Nguyễn Hữu Cảnh, phường 22, Bình Thạnh, giá 75tỷ",75.0,"Nguyễn Hữu Cảnh, Phường 22, Quận Bình Thạnh, TPHCM",800.0,,,2,Sổ hồng,25/11/2025
"Bán TBuilding VP MT Lê Quang Định-Nguyễn Văn Đậu, BT, H+8L, Giá 159.9",159.9,"Lê Quang Định, Phường 7, Quận Bình Thạnh, TPHCM",410.0,9,9,8,Giấy tờ hợp lệ,25/11/2025
"Nhà bán p.13, bình thạnh nguyễn xí ngang 3,5m dài 8m 3 tầng lầu",3.5,"Nguyễn Xí, Phường 13, Quận Bình Thạnh, TPHCM",28.0,3,2,9,Sổ hồng,25/11/2025
"Buidling Mini Góc 2MT Ngay Điện Biên Phủ - Đinh Bộ Lĩnh, BT, 8 T+TM",38.0,"Điện Biên Phủ, Phường 15, Quận Bình Thạnh, TPHCM",100.0,8,8,8,Giấy tờ hợp lệ,25/11/2025
"Bán Nhà MT Lê Quang Định, P14, Bình Thạnh -Chợ Bà Chiểu: 11,89mx30m",85.0,"Lê Quang Định, Phường 14, Quận Bình Thạnh, TPHCM",373.0,,,7,Sổ hồng,25/11/2025
"Bán nhà đường Nguyễn Hữu Cảnh, Bình Thạnh 11x24m, 45 tỷ",45.0,"Nguyễn Hữu Cảnh, Phường 22, Quận Bình Thạnh, TPHCM",264.0,3,3,,Giấy tờ hợp lệ,25/11/2025
"Bán nhà đường Lê Quang Định, Bình Thạnh, 9x25m, giá 23 tỷ",23.0,"Lê Quang Định, Phường 11, Quận Bình Thạnh, TPHCM",356.0,3,3,2,Giấy tờ hợp lệ,25/11/2025
"Chính chủ bán gấp nhà vip MT ngay Phan Xích Long, BT. DT 8x15m hầm 6 L",33.0,"Phan Xích Long, Phường 3, Quận Bình Thạnh, TPHCM",120.0,,,6,Sổ hồng,25/11/2025
Nhà mặt tiền Ung Văn Khiêm ngang 15m DT 1000 m2. Hệ số 8 lần. Giá mềm,100.0,"Ung Văn Khiêm, Phường 25, Quận Bình Thạnh, TPHCM",100.0,,,12,Sổ hồng,25/11/2025
Tòa Nhà Hầm + 7 Lầu Góc 2 Mặt Tiền Nguyễn Huy Tưởng và Phan Đăng Lưu,108.0,"Nguyễn Huy Tưởng, Phường 6, Quận Bình Thạnh, TPHCM",227.0,,,14,Sổ hồng,25/11/2025
"Tòa Nhà 14 Tầng ( 30x45 )Mặt Tiền Ung Văn Khiêm, Phường 25, Bình Thạnh",345.0,"Ung Văn Khiêm, Phường 25, Quận Bình Thạnh, TPHCM",650.0,,,28,Sổ hồng,25/11/2025
"Bán tòa nhà văn phòng cao cấp mt Điện Biên Phủ 11x32m, hầm 9 tầng",160.0,"Điện Biên Phủ, Phường 25, Quận Bình Thạnh, TPHCM",352.0,,,9,Sổ hồng,25/11/2025
"230 tỷ! Bán tòa nhà đẹp 10 tầng 2800m2, mặt tiền Điện Biên Phủ, Q. BT",230.0,"Điện Biên Phủ, Phường 25, Quận Bình Thạnh, TPHCM",400.0,,,20,Sổ hồng,25/11/2025
"Bán nhà ngay Nguyễn Hữu Cảnh, Bình Thạnh giáp Quận 1, 11.5x25m, 45 tỷ",45.0,"Nguyễn Hữu Cảnh, Phường 22, Quận Bình Thạnh, TPHCM",245.0,3,3,,Giấy tờ hợp lệ,25/11/2025
"Bán nhà mặt tiền Ung Văn Khiêm, vị trí siêu đẹp ngay góc với D2",72.0,"Ung Văn Khiêm, Phường 25, Quận Bình Thạnh, TPHCM",300.0,,,10,Sổ hồng,25/11/2025
"Toà nhà 2 MT Đinh Bộ Lĩnh & Bạch Đằng, Q.BT - DT 8 x 28m - Hầm 7 Tầng",75.0,"Đinh Bộ Lĩnh, Phường 24, Quận Bình Thạnh, TPHCM",224.0,,,7,Sổ hồng,25/11/2025
"Bán 709m2 đất Nguyễn Hữu Cảnh, P.19, Bình Thạnh, 21x42m giá 150 tỷ",150.0,"Nguyễn Hữu Cảnh, Phường 22, Quận Bình Thạnh, TPHCM",709.0,,,,Sổ hồng,25/11/2025
Bán tòa nhà văn phòng tại Điện Biên Phủ - Bình Thạnh - 12m x 41m,280.0,"Điện Biên Phủ, Phường 25, Quận Bình Thạnh, TPHCM",477.0,,,10,Sổ hồng,25/11/2025
Bán nhà mặt tiền Hoàng Hoa Thám - Quận Bình Thạnh - DT 9mx25m nhà 5 T,62.0,"Phan Đăng Lưu, Phường 6, Quận Bình Thạnh, TPHCM",225.0,,,5,Sổ hồng,25/11/2025
"Toà nhà 2 MT Đinh Bộ Lĩnh & Bạch Đằng, Q.BT - DT 8 x 28m - Hầm 7 Tầng",75.0,"Đinh Bộ Lĩnh, Phường 24, Quận Bình Thạnh, TPHCM",224.0,,,7,Sổ hồng,25/11/2025
Giảm 30 tỷ còn 89 tỷ Bán tòa nhà hầm 7 tầng 10 x24m MT Phan Đăng Lưu,89.0,"Phan Đăng Lưu, Phường 7, Quận Bình Thạnh, TPHCM",240.0,,,14,Sổ hồng,25/11/2025
"Bán tòa nhà MT Nguyễn Gia Trí (D2), Bình Thạnh, 8x20m, H+7L, TM 120 tỷ",120.0,"Nguyễn Gia Trí, Phường 25, Quận Bình Thạnh, TPHCM",168.0,7,7,7,Giấy tờ hợp lệ,25/11/2025
"Bán nhà 2 mặt tiền Đinh Bộ Lĩnh Bình Thạnh 8x26m hầm 8 tầng, 75 tỷ",75.0,"Đinh Bộ Lĩnh, Phường 26, Quận Bình Thạnh, TPHCM",208.0,,,8,Sổ hồng,25/11/2025
"Bán nhà MT ngay Phan Đăng Lưu - Đinh Tiên Hoàng, Bình Thạnh, 8.2x30m,",24.5,"Phan Đăng Lưu, Phường 3, Quận Bình Thạnh, TPHCM",240.0,2,1,,Giấy tờ hợp lệ,25/11/2025
"Bán tòa nhà văn phòng Xô Viết Nghệ Tĩnh, Bình Thạnh, 6.5x28m, 29.5 tỷ",29.5,"Xô Viết Nghệ Tĩnh, Phường 17, Quận Bình Thạnh, TPHCM",162.0,3,3,5,Giấy tờ hợp lệ,25/11/2025
Bình Thạnh - bán HXH 16m Nguyễn Cửu Vân - cấp 4. DT: 35x35m. 180 tỷ,180.0,"Nguyễn Cửu Vân, Phường 17, Quận Bình Thạnh, TPHCM",950.0,,,12,Sổ hồng,25/11/2025
"Bán nhà 2 mặt tiền ngay Phạm Viết Chánh, Bình Thạnh, 4x23m, 4L, 18.9tỷ",18.9,"Phạm Viết Chánh, Phường 19, Quận Bình Thạnh, TPHCM",90.0,8,8,4,Giấy tờ hợp lệ,25/11/2025
"Góc 2 Mặt tiền Nguyễn Gia Trí, Quận Bình Thạnh 8.3x21m, 3 tầng",40.0,"Nguyễn Gia Trí, Phường 25, Quận Bình Thạnh, TPHCM",173.0,,,6,Sổ hồng,25/11/2025
Bán toà CHDV Điện Biên Phủ P17 Bình Thạnh 216m2 (12x18)m hầm 7 tầng,46.0,"Điện Biên Phủ, Phường 17, Quận Bình Thạnh, TPHCM",216.0,,,7,Sổ hồng,25/11/2025
Giảm 5 tỷ cần bán gấp tòa nhà 7T Xô Viết Nghệ Tĩnh sát Quận 1,47.9,"Xô Viết Nghệ Tĩnh, Phường 21, Quận Bình Thạnh, TPHCM",250.0,,,13,Sổ hồng,25/11/2025
Tòa nhà Nguyễn Huy Tưởng q.Bình Thạnh (9x33m) DT sàn 1150m2 giá 52 tỷ,52.0,"Nguyễn Huy Tưởng, Phường 6, Quận Bình Thạnh, TPHCM",282.0,,,5,Sổ hồng,25/11/2025
"Cần tiền bán gấp Góc 2MT Hoàng Hoa Thám-Phan Đăng Lưu, DT: 12x30m",60.0,"Hoàng Hoa Thám, Phường 6, Quận Bình Thạnh, TPHCM",350.0,,,7,Sổ hồng,25/11/2025
"Bán nhà hẻm 236 Điện Biên Phủ, P17, Bình Thạnh, 6.6x18, 25 tỷ",25.0,"Điện Biên Phủ, Phường 17, Quận Bình Thạnh, TPHCM",112.0,2,2,,Giấy tờ hợp lệ,25/11/2025
Hạ giá 48 tỷ về 43 tỷ - góc 2 mặt tiền Đặng Thùy Trâm Quận Bình Thạnh,43.0,"Đặng Thùy Trâm, Phường 13, Quận Bình Thạnh, TPHCM",360.0,,,6,Sổ hồng,25/11/2025
"Bán tòa nhà mặt tiền đường số Nguyễn Văn Đậu, P11, Bình Thạnh, hầm 9 T",250.0,"Nguyễn Văn Đậu, Phường 11, Quận Bình Thạnh, TPHCM",566.0,,,9,Sổ hồng,25/11/2025
"Bán nhà đường Hoàng Hoa Thám gần Phan Đăng Lưu, P7, Bình Thạnh, 6.6x25",16.499,"Hoàng Hoa Thám, Phường 7, Quận Bình Thạnh, TPHCM",140.0,3,3,,Giấy tờ hợp lệ,25/11/2025
"Bán nhà mặt tiền ngay Xô Viết Nghệ Tỉnh sát bên Quận 1, 12x24m, 65 tỷ",65.0,"Xô Viết Nghệ Tĩnh, Phường 17, Quận Bình Thạnh, TPHCM",230.0,1,1,2,Giấy tờ hợp lệ,25/11/2025
"Bán tòa nhà CHDV Xô Viết Nghệ Tĩnh, Bình Thạnh, 5.2x30m, 7 Lầu, 30 tỷ",30.0,"Xô Viết Nghệ Tĩnh, Phường 26, Quận Bình Thạnh, TPHCM",150.0,22,22,7,Giấy tờ hợp lệ,25/11/2025
"Nhà riêng 6PN, 6WC, 3 tầng, 80m2 tại Quang Trung, Phường 11, Gò Vấp, 8",8.5,"Quang Trung, Phường 11, Quận Gò Vấp, TPHCM",80.0,6,6,3,Sổ đỏ,25/11/2025
"Nhà riêng tại Bùi Quang Là, Phường 12, Gò Vấp, Hồ Chí Minh với diện tí",6.2,"Bùi Quang Là, Phường 12, Quận Gò Vấp, TPHCM",130.0,3,2,,Sổ đỏ,25/11/2025
P8 Gò Vấp - Hẻm Xe Hơi - Gần Công Viên Làng Hoa - 75M - Nhỉnh 9 Tỷ,9.2,"Lê Văn Thọ, Phường 8, Quận Gò Vấp, TPHCM",75.0,4,1,7,Sổ hồng,25/11/2025
"Bán NP 3PN, 3WC, 60m2 tại Đường Số 7, P3, Gò Vấp, HCM, giá cực chất 7,",7.65,"Đường số 7, Phường 3, Quận Gò Vấp, TPHCM",60.0,3,3,2,Sổ đỏ,25/11/2025
"Bán NR Đường Số 8, Gò Vấp, 6,5 tỷ, 50m2 giá chuẩn, nhà ở tốt.",6.499,"Đường số 8, Phường 11, Quận Gò Vấp, TPHCM",50.0,4,3,4,Sổ đỏ,25/11/2025
"Bán biệt thự 237m2, giá 23 tỷ tại Quang Trung, Phường 11, Gò Vấp, HCM",22.999,"Quang Trung, Phường 11, Quận Gò Vấp, TPHCM",237.0,5,6,2,Sổ đỏ,25/11/2025
"Bán NR đẹp xuất sắc tại Phan Văn Trị, p 10, Gò Vấp, HCM, hơn 6 tỷ, 49m",6.5,"Phan Văn Trị, Phường 10, Quận Gò Vấp, TPHCM",49.0,3,3,,Sổ đỏ,25/11/2025
"Bán Nhà Riêng tại Quang Trung, Gò Vấp, hẻm xe hơi 6,6 tỷ, 73m2, giá đầ",6.599,"Quang Trung, Phường 11, Quận Gò Vấp, TPHCM",73.0,2,2,5,Sổ đỏ,25/11/2025
Nhà Gò Vấp giá rẻ Nguyễn Thái Sơn 1 trệt 2 lầu BTCT.,3.7,"Nguyễn Thái Sơn, Phường 3, Quận Gò Vấp, TPHCM",36.0,2,3,6,Sổ hồng,25/11/2025
Nhà phố 3lầu hẻm 8m Tô Ngọc Vân ngang 5.3m 132m2 ở ngay tặng NT 12.3tỷ,12.3,"Tô Ngọc Vân, Phường 15, Quận Gò Vấp, TPHCM",132.0,5,4,6,Sổ hồng,25/11/2025
Hiếm nhà hẻm 497 Phan Văn Trị ngang 5.2m 4lầu 90m2 ngay Emart 12.3 tỷ,12.3,"Phan Văn Trị, Phường 5, Quận Gò Vấp, TPHCM",90.0,6,6,4,Sổ hồng,25/11/2025
Nhà đẹp 6lầu Tmáy rộng 4.2m HXH Nguyễn Oanh 72m2 tặng NT gần ĐH 13.9tỷ,13.9,"Nguyễn Oanh, Phường 6, Quận Gò Vấp, TPHCM",72.0,5,7,12,Sổ hồng,25/11/2025
Nhà đẹp 6L lung linh hẻm 317 Thống Nhất rộng 4.2m 67m2 KM Tmáy 13.3 tỷ,13.3,"Thống Nhất, Phường 11, Quận Gò Vấp, TPHCM",67.0,7,7,12,Sổ hồng,25/11/2025
Mặt tiền ngộp Phố 59 ngang 5m 110m2 5L T.máy ngay chợ KD đa nghề 16 tỷ,16.0,"Đường số 59, Phường 14, Quận Gò Vấp, TPHCM",110.0,6,8,5,Sổ hồng,25/11/2025
HIẾM! Nhà 5T đẹp hẻm 549 Lê Văn Thọ ngang 5m 75m2 T.máy tặng NT 9.8 tỷ,9.8,"Lê Văn Thọ, Phường 14, Quận Gò Vấp, TPHCM",75.0,4,4,10,Sổ hồng,25/11/2025
Bán nhà 4L 81m2 đi bộ tới Làng Hoa hẻm 347 Lê Văn Thọ ngang 4.5m 9.2tỷ,9.2,"Lê Văn Thọ, Phường 9, Quận Gò Vấp, TPHCM",81.0,4,4,8,Sổ hồng,25/11/2025
NGỘP hẻm 730 Lê Đức Thọ 90m2(4.1x22) 5 lầu gara có PN người già 9.5 tỷ,9.5,"Lê Đức Thọ, Phường 15, Quận Gò Vấp, TPHCM",90.0,6,4,15,Sổ hồng,25/11/2025
Nhà đẹp 5lầu hẻm 237 Phạm Văn Chiêu 72m2 ở ngay gần Dream Home hơn 9tỷ,9.7,"Phạm Văn Chiêu, Phường 14, Quận Gò Vấp, TPHCM",72.0,8,5,10,Sổ hồng,25/11/2025
Nhà đẹp Nguyễn Tư Giản ngang 5m ô tô ngủ trong nhà 105m2 tặng NT 13.5T,13.5,"Nguyễn Tư Giản, Phường 12, Quận Gò Vấp, TPHCM",105.0,5,6,4,Sổ hồng,25/11/2025
NGỘP BANK nhà hẻm 736 Lê Đức Thọ 88m2 ngang 4.1m 5lầu tặng NT 9.99 tỷ,9.99,"Lê Đức Thọ, Phường 15, Quận Gò Vấp, TPHCM",88.0,6,4,10,Sổ hồng,25/11/2025
MTKD Nguyễn Oanh 135m2 ngang 5m C4 tiện xây mới gần chợ An Nhơn 21.5Tỷ,21.499,"Nguyễn Oanh, Phường 6, Quận Gò Vấp, TPHCM",135.0,1,1,,Sổ hồng,25/11/2025
TÒA NHÀ 8 lầu mặt tiền Lê Văn Thọ ngang 5.2m 156m2 KD đa ngành 33 tỷ,33.0,"Lê Văn Thọ, Phường 9, Quận Gò Vấp, TPHCM",156.0,18,18,24,Sổ hồng,25/11/2025
CHDV 5L HXH Lê Đức Thọ ngang 5.5m 110m2 12PN gần chợ TN 86tr 17.32 tỷ,17.32,"Lê Đức Thọ, Phường 6, Quận Gò Vấp, TPHCM",110.0,13,13,10,Sổ hồng,25/11/2025
Nhà CC Phan Văn Trị P10 62m2 nở hậu 4.25m 3L sát bên Cityland 10.6 tỷ,10.6,"Phan Văn Trị, Phường 10, Quận Gò Vấp, TPHCM",62.0,3,3,6,Sổ hồng,25/11/2025
Nhà 4 lầu HXH Phan Văn Trị ngang 5.2m 78m2 KD tốt ngay Cityland 12 tỷ,12.0,"Phan Văn Trị, Phường 10, Quận Gò Vấp, TPHCM",78.0,3,5,8,Sổ hồng,25/11/2025
Bán đất tặng nhà VT đẹp HXT Lê Đức Thọ ngang 6.8m 109m2 xây siêu phẩm.,9.7,"Lê Đức Thọ, Phường 13, Quận Gò Vấp, TPHCM",109.0,1,1,6,Sổ hồng,25/11/2025
Nhà phố 6T đẹp Tmáy hẻm 525 Quang Trung 88m2 gần Vincom tặng NT 16.5tỷ,16.5,"Quang Trung, Phường 10, Quận Gò Vấp, TPHCM",88.0,5,8,12,Sổ hồng,25/11/2025
Siêu phẩm 7L ngang 6m 110m2 HXT Phan Huy Ích tặng NT gần ga T3 20.5 tỷ,20.5,"Phan Huy Ích, Phường 12, Quận Gò Vấp, TPHCM",110.0,10,10,7,Sổ hồng,25/11/2025
"Bán nhà hẻm 2,5m đường Quang Trung, P.8, 3,3 x 10, giá 4.75 tỷ tl",4.75,"Quang Trung, Phường 8, Quận Gò Vấp, TPHCM",33.0,3,3,3,Sổ hồng,25/11/2025
CC gửi bán MTKD Nguyễn Văn Công 84m2 3 lầu KD sầm uất sát TSN 13.8 tỷ,13.8,"Nguyễn Văn Công, Phường 3, Quận Gò Vấp, TPHCM",84.0,3,4,6,Sổ hồng,25/11/2025
"Bán nhà hẻm 3m đườg Phạm Văn Chiêu,P.14, 4 x 10, 3 tầng giá 5.29 tỷ tl",5.29,"Phạm Văn Chiêu, Phường 14, Quận Gò Vấp, TPHCM",40.0,3,3,3,Sổ hồng,25/11/2025
CHDV 6L hẻm 416 Dương Quảng Hàm DTS 650m2 ngang 5m 16PN TN 100tr 27 tỷ,27.0,"Dương Quảng Hàm, Phường 5, Quận Gò Vấp, TPHCM",135.0,17,17,12,Sổ hồng,25/11/2025
"Gởi HHMG 1% bán nhà hẻm 6m Nguyễn Văn Lượng, 4,8 x 6,5 giá 4.65 tỷ tl",4.65,"Nguyễn Văn Lượng, Phường 17, Quận Gò Vấp, TPHCM",31.0,2,2,3,Sổ hồng,25/11/2025
"Bán CHDV Thốg Nhất,P.15, 5,5 x 8 NH 6m,TN 26 triệu/thág giá 5.85 tỷ tl",5.85,"Thống Nhất, Phường 15, Quận Gò Vấp, TPHCM",50.0,6,7,4,Sổ hồng,25/11/2025
"Bán nhà hẻm xe hơi sát mặt tiền đường Nguyễn Du,P.1, 5 x 8, giá 6.92",6.92,"Nguyễn Du, Phường 7, Quận Gò Vấp, TPHCM",40.0,3,4,4,Sổ hồng,25/11/2025
Tòa nhà 8L T.máy MTKD Phạm Văn Chiêu rộng 10m 55PN 500m2 KD đỉnh 59 tỷ,59.0,"Phạm Văn Chiêu, Phường 16, Quận Gò Vấp, TPHCM",500.0,55,55,16,Sổ hồng,25/11/2025
"Bán nhà hẻm xe hơi Phạm Văn Chiêu, 4,1 x 14, có thang máy giá 7.95 tỷ",7.95,"Phạm Văn Chiêu, Phường 16, Quận Gò Vấp, TPHCM",58.0,4,5,4,Sổ hồng,25/11/2025
"Bán nhà hẻm xe hơi thông 1 sẹc đường số 1, P.13, 4,5 x 11, giá 5.9 tỷ",5.9,"Đường số 1, Phường 13, Quận Gò Vấp, TPHCM",46.0,4,3,4,Sổ hồng,25/11/2025
CHDV 6L 19PN 148m2 MT 6.5m HXT Phan Huy Ích TN 1TỶ năm kế Emart 21.5tỷ,21.5,"Phan Huy Ích, Phường 12, Quận Gò Vấp, TPHCM",148.0,19,19,6,Sổ hồng,25/11/2025
"Bán nhà hẻm xe hơi 1 sẹc Quang Trug,P.14, 3,6 x 15, 3PN giá 4.98 tỷ tl",4.98,"Quang Trung, Phường 14, Quận Gò Vấp, TPHCM",51.0,3,2,2,Sổ hồng,25/11/2025
"Bán nhà hẻm xe hơi 5m Bùi Quang Là, P.12, 3,8 x 13, giá 6.39 tỷ tl",6.39,"Bùi Quang Là, Phường 12, Quận Gò Vấp, TPHCM",49.0,3,4,3,Sổ hồng,25/11/2025
BÁN nhà hẻm 312 Quang Trung 204m2 ngang 6m gần Cityland P.10 chỉ 22 tỷ,21.999,"Quang Trung, Phường 10, Quận Gò Vấp, TPHCM",204.0,12,13,,Sổ hồng,25/11/2025
"Bán nhà hẻm xe hơi Phạm Văn Chiêu, P.14, 3,7 x 13, 4PN giá 5.8 tỷ tl",5.8,"Phạm Văn Chiêu, Phường 14, Quận Gò Vấp, TPHCM",48.0,4,3,4,Sổ hồng,25/11/2025
"Bán nhà hẻm 5m sát MT Phạm Văn Chiêu, P.14, 4 x 14, giá 7.68 tỷ tl",7.68,"Phạm Văn Chiêu, Phường 14, Quận Gò Vấp, TPHCM",56.0,4,5,4,Sổ hồng,25/11/2025
Nhà 5lầu hẻm 36 lê thị hồng ngang 5m 100m2 tặng thang máy ở ngay 19 tỷ,19.0,"Lê Thị Hồng, Phường 17, Quận Gò Vấp, TPHCM",100.0,5,6,10,Sổ hồng,25/11/2025
"Bán nhà hẻm 6m đường Bùi Quang Là, P.12, 5 x 11, 6 tầng giá 7.7 tỷ tl",7.7,"Bùi Quang Là, Phường 12, Quận Gò Vấp, TPHCM",50.0,3,4,4,Sổ hồng,25/11/2025
GẤP LẮM nhà 1 sẹc HXH vài bước ra Đ.số 1 115m2 ngang 5m C4 chỉ 8.7 tỷ,8.7,"Đường số 1, Phường 11, Quận Gò Vấp, TPHCM",115.0,5,5,,Sổ hồng,25/11/2025
"Bán nhà hẻm 6m sau căn mặt tiền đường số 28, P.6, 6 x 7, giá 7.8 tỷ tl",7.8,"Đường số 28, Phường 6, Quận Gò Vấp, TPHCM",42.0,3,3,3,Sổ hồng,25/11/2025
HIẾM 9.5 tỷ có nhà 3lầu HXH Quang Trung làm CTY 64m2 ngang 4m ngay P10,9.5,"Quang Trung, Phường 10, Quận Gò Vấp, TPHCM",64.0,2,2,3,Sổ hồng,25/11/2025
"Bán nhà hẻm xe hơi sau căn MT đường Lê Văn Thọ, P.9, 5 x 10, giá 6.48",6.48,"Lê Văn Thọ, Phường 9, Quận Gò Vấp, TPHCM",50.0,3,3,3,Sổ hồng,25/11/2025
Biệt thự cổ mái Thái rộng 14m 233m2 GẤP BÁN hẻm 537 Nguyễn Oanh 22.5tỷ,22.5,"Nguyễn Oanh, Phường 17, Quận Gò Vấp, TPHCM",233.0,4,4,,Sổ hồng,25/11/2025
"Bán nhà hẻm xe tải 6m thông Lê Đức Thọ, P.15, 4,5 x 9, 5 lầu giá 5.35",5.35,"Lê Đức Thọ, Phường 15, Quận Gò Vấp, TPHCM",40.0,4,3,3,Sổ hồng,25/11/2025
"Bán nhà hẻm xe hơi Nguyễn Tư Giản, P.12, 5.2 x 13, 3 tầng, giá 6.85 tỷ",6.85,"Nguyễn Tư Giản, Phường 12, Quận Gò Vấp, TPHCM",67.0,3,4,3,Sổ hồng,25/11/2025
MTKD ngang 4.2m 56m2 KD sầm uất 4L ngay CV cạnh Dương Quảng Hàm 15 tỷ,14.999,"Nguyễn Văn Lượng, Phường 6, Quận Gò Vấp, TPHCM",56.0,4,3,8,Sổ hồng,25/11/2025
"Bán nhà hẻm 3,5m đường Nguyễn Duy Cung, P.12, 4,1 x 17, 2PN giá 4.6 tỷ",4.6,"Nguyễn Duy Cung, Phường 12, Quận Gò Vấp, TPHCM",70.0,2,2,1,Sổ hồng,25/11/2025
"Bán nhà hẻm xe hơi đường Lê Đức Thọ, P.13, 6 x 10, 2 tầng, 4PN giá 5.6",5.6,"Lê Đức Thọ, Phường 13, Quận Gò Vấp, TPHCM",60.0,4,3,2,Sổ hồng,25/11/2025
"Bán nhà hẻm 3m đường Phạm Văn Chiêu, P.14, 4 x 11, 3 tầng giá 4.95 tỷ",4.95,"Phạm Văn Chiêu, Phường 14, Quận Gò Vấp, TPHCM",44.0,3,3,3,Sổ hồng,25/11/2025
HÀNG HIẾM MT ngay Lotte Nguyễn Văn Lượng sầm uất 131m2 ngang 4.1m 25tỷ,25.0,"Nguyễn Văn Lượng, Phường 10, Quận Gò Vấp, TPHCM",131.0,2,1,2,Sổ hồng,25/11/2025
"Bán nhà hẻm xe hơi đường số 1, P.13, 4 x 8,5, 5 tầng, 3PN giá 4.85 tỷ",4.85,"Đường số 1, Phường 13, Quận Gò Vấp, TPHCM",34.0,3,3,3,Sổ hồng,25/11/2025
CHDV HXH Dương Quảng Hàm 138m2 ngang 4.6m 5 lầu 16PN TN 720tr 16.5 tỷ,16.499,"Dương Quảng Hàm, Phường 6, Quận Gò Vấp, TPHCM",138.0,16,16,15,Sổ hồng,25/11/2025
"Bán nhà hẻm xe hơi 5m đường Phan Huy Ích, P.12, 6 x 10, giá 7.1 tỷ tl",7.1,"Phan Huy Ích, Phường 12, Quận Gò Vấp, TPHCM",60.0,3,4,3,Sổ hồng,25/11/2025
Bán đất tặng nhà 3lầu 384m2 HXH Nguyễn Văn Lượng rộng 8m 17PN 28.6 tỷ,28.6,"Nguyễn Văn Lượng, Phường 17, Quận Gò Vấp, TPHCM",384.0,17,18,9,Sổ hồng,25/11/2025
"Bán nhà hẻm 3m đườg Phan Huy Ích,P.12, 3,2 x 13, 4 tầng giá 4.62 tỷ tl",4.62,"Phan Huy Ích, Phường 12, Quận Gò Vấp, TPHCM",41.0,2,3,4,Sổ hồng,25/11/2025
"Bán nhà hẻm 3m sát hẻm XH Phạm Văn Chiêu,P.14, 4,5 x 15, giá 5.7 tỷ tl",5.7,"Phạm Văn Chiêu, Phường 14, Quận Gò Vấp, TPHCM",67.0,3,3,3,Sổ hồng,25/11/2025
Nhà mặt tiền Trần Bá Giao 111m2 nở hậu 6.3m view góc TL tiện xây 8.9tỷ,8.989,"Trần Bá Giao, Phường 5, Quận Gò Vấp, TPHCM",111.0,4,1,2,Sổ hồng,25/11/2025
"Bán nhà hẻm 3,5m đườg Nguyễn Tư Giản,P.12, 5 x 9, 4 tầng giá 5.8 tỷ tl",5.8,"Nguyễn Tư Giản, Phường 12, Quận Gò Vấp, TPHCM",45.0,3,3,4,Sổ hồng,25/11/2025
Biệt thự 5lầu mái Thái MTKD Nguyễn Văn Khối 7m 266m2 KM hồ bơi 22.5 tỷ,22.499,"Nguyễn Văn Khối, Phường 11, Quận Gò Vấp, TPHCM",266.0,4,4,10,Sổ hồng,25/11/2025
"Bán nhà hẻm xe hơi Phạm Văn Chiêu, P.15, 4 x 11, 4PN giá 5.65 tỷ tl",5.65,"Phạm Văn Chiêu, Phường 15, Quận Gò Vấp, TPHCM",44.0,4,3,5,Sổ hồng,25/11/2025
Nhà Gò Vấp giá rẻ đường số 7 ngang 4m dài 8m trệt lầu củ,3.3,"Đường số 7, Phường 3, Quận Gò Vấp, TPHCM",32.0,2,1,,Sổ hồng,25/11/2025
Nhà mặt tiền đường 30m Lê Đức Thọ 151m2 ngang 5.1m 4 lầu KD đỉnh 21 tỷ,21.0,"Lê Đức Thọ, Phường 13, Quận Gò Vấp, TPHCM",151.0,5,5,8,Sổ hồng,25/11/2025
"Bán nhà hẻm 3,5m đường Phạm Văn Chiêu, P.14, 3,7 x 11, giá 4.6 tỷ tl",4.6,"Phạm Văn Chiêu, Phường 14, Quận Gò Vấp, TPHCM",39.0,2,2,2,Sổ hồng,25/11/2025
CHDV ngang 8m hẻm 276 Thống Nhất 240m2 6T 31PN 160tr gần Lotte 36.5 tỷ,36.499,"Thống Nhất, Phường 16, Quận Gò Vấp, TPHCM",240.0,33,33,12,Sổ hồng,25/11/2025
"Bán nhà hẻm xe hơi Nguyễn Thái Sơn,P.5, 4,3 NH 5,3 x 12, giá 6.2 tỷ tl",6.2,"Nguyễn Thái Sơn, Phường 5, Quận Gò Vấp, TPHCM",60.0,4,3,3,Sổ hồng,25/11/2025
"Bán nhà hẻm 6m 1 sẹc thông Quang Trung, P.8, 4 x 15, giá 6.72 tỷ tl",6.72,"Quang Trung, Phường 8, Quận Gò Vấp, TPHCM",60.0,3,4,2,Sổ hồng,25/11/2025
"Bán nhà hẻm xe tải 5m thông Lê Đức Thọ, P.15, 4 x 17, giá 8.8 tỷ tl",8.8,"Lê Đức Thọ, Phường 15, Quận Gò Vấp, TPHCM",68.0,4,5,4,Sổ hồng,25/11/2025
Bán nhà hẻm 350 Nguyễn Văn Lượng 168m2 ngang 6.7m 8PN TN36tr chỉ 21 tỷ,21.0,"Nguyễn Văn Lượng, Phường 16, Quận Gò Vấp, TPHCM",168.0,10,8,2,Sổ hồng,25/11/2025
"Bán nhà hẻm xe hơi 4,5m Phạm Văn Chiêu,P.9, 5 x 11, 5 tầng giá 7.8 tỷ",7.8,"Phạm Văn Chiêu, Phường 9, Quận Gò Vấp, TPHCM",55.0,3,3,4,Sổ hồng,25/11/2025
Biệt thự 4 lầu ngang HIẾM 11.5m hẻm 12m Lê Văn Thọ 230m2 tặng NT 32 tỷ,32.0,"Lê Văn Thọ, Phường 9, Quận Gò Vấp, TPHCM",230.0,7,8,8,Sổ hồng,25/11/2025
"Bán nhà hẻm 5m xe hơi thông Bùi Quang Là, P.12, 9 x 6, giá 6.6 tỷ tl",6.6,"Bùi Quang Là, Phường 12, Quận Gò Vấp, TPHCM",54.0,4,4,3,Sổ hồng,25/11/2025
CHDV view GÓC 5lầu 85m2(5x17) 15PN+MB HXH Phạm Huy Thông DT 90tr 22 tỷ,22.0,"Phạm Huy Thông, Phường 6, Quận Gò Vấp, TPHCM",85.0,16,16,5,Sổ hồng,25/11/2025
"Bán nhà hẻm 5m xe hơi thông Bùi Quang Là, P.12, 9 x 6, 3 tầng giá 6.6",6.6,"Bùi Quang Là, Phường 12, Quận Gò Vấp, TPHCM",54.0,4,4,3,Sổ hồng,25/11/2025
HIẾM MTKD sầm uất Thống Nhất P11 ngang 13.5m 459m2 KD trường học 51.5T,51.5,"Thống Nhất, Phường 11, Quận Gò Vấp, TPHCM",459.0,3,5,,Sổ hồng,25/11/2025
"Bán nhà c4 MT đường 40m với 6làn xe Dương Quảng Hàm,(5x20),GPXD:Hầm 7T",23.2,"Dương Quảng Hàm, Phường 5, Quận Gò Vấp, TPHCM",100.0,3,3,7,Sổ hồng,25/11/2025
"Bán nhà hẻm xe hơi đường số 51,P.14, 4 x 13, 4 tầng, 4PN giá 6.4 tỷ tl",6.4,"Đường số 51, Phường 14, Quận Gò Vấp, TPHCM",52.0,4,4,4,Sổ hồng,25/11/2025
Biệt thự mini ngang 8m 120m2 mái Thái hẻm 183 Nguyễn Văn Khối 13.2 tỷ,13.2,"Nguyễn Văn Khối, Phường 8, Quận Gò Vấp, TPHCM",120.0,4,2,2,Sổ hồng,25/11/2025
"Bán nhà hẻm xe hơi Lê Đức Thọ, P.6, 3,6 x 11, 3 tầng, 3PN giá 5.65 tỷ",5.65,"Lê Đức Thọ, Phường 6, Quận Gò Vấp, TPHCM",38.0,3,3,3,Sổ hồng,25/11/2025
Chỉ 16 tỷ sở hữu CHDV rộng 6.3m 110m2 6 lầu TMáy 14PN HXH Thống Nhất,16.0,"Thống Nhất, Phường 16, Quận Gò Vấp, TPHCM",110.0,14,14,12,Sổ hồng,25/11/2025
"Mặt tiền KD ngay Emart Phan Huy Ích, 6x33m, Chỉ nhỉnh 90 triệu/m2.",20.0,"Phan Huy Ích, Phường 12, Quận Gò Vấp, TPHCM",185.0,10,11,8,Sổ hồng,25/11/2025
"Bán nhà hẻm 3m đường Quang Trung, P.11, 4,2 x 13, 3 tầng giá 5.7 tỷ tl",5.7,"Quang Trung, Phường 11, Quận Gò Vấp, TPHCM",52.0,3,3,3,Sổ hồng,25/11/2025
CC gửi bán MTKD Tân Sơn 150m2 ngang 5m KD làm VP Cty gần ga T3 22.5 tỷ,22.5,"Tân Sơn, Phường 12, Quận Gò Vấp, TPHCM",150.0,4,3,2,Sổ hồng,25/11/2025
"Bán nhà hẻm 3.5m đường Phạm Văn Chiêu,P.16, 4 x 14, 3PN, giá 5.2 tỷ tl",5.2,"Phạm Văn Chiêu, Phường 16, Quận Gò Vấp, TPHCM",56.0,3,2,2,Sổ hồng,25/11/2025
CHDV 5L HXH Lê Đức Thọ ngang 5.5m 110m2 12PN gần chợ TN 86tr 17.32 tỷ,17.319,"Lê Đức Thọ, Phường 6, Quận Gò Vấp, TPHCM",110.0,13,13,10,Sổ hồng,25/11/2025
"Bán nhà hẻm xe tải thông 5m 1 sẹc Phạm Văn Chiêu, P.16, 4,5 x 14 tỷ tl",7.55,"Phạm Văn Chiêu, Phường 16, Quận Gò Vấp, TPHCM",60.0,4,5,4,Sổ hồng,25/11/2025
"Bán nhà hẻm 3m Bùi Quang Là,P.12, 3,5 x 10, 3 tầng, 3PN,giá 4.45 tỷ tl",4.45,"Bùi Quang Là, Phường 12, Quận Gò Vấp, TPHCM",35.0,3,3,3,Sổ hồng,25/11/2025
Nhà 3L hẻm 256 Phan Huy Ích ngang 7m 170m2 sát Tân Bình GẤP BÁN 16.7tỷ,16.7,"Phan Huy Ích, Phường 12, Quận Gò Vấp, TPHCM",170.0,4,2,13,Sổ hồng,25/11/2025
"Bán nhà hẻm 3m đường Nguyễn Văn Khối, P.9, 4 x 10, 2 tầng, 3PN giá 4.5",4.5,"Nguyễn Văn Khối, Phường 9, Quận Gò Vấp, TPHCM",40.0,3,2,2,Sổ hồng,25/11/2025
MTKD sầm uất ngang 4.2m 120m2 4 lầu gần Thống Nhất KD đa nghề 13.5 tỷ,13.5,"Đường số 1, Phường 16, Quận Gò Vấp, TPHCM",120.0,5,5,8,Sổ hồng,25/11/2025
"Biệt phủ 5 Tầng Thang Máy ngay Emart - Ngang 5,5M, 300m2 Sàn, G.bán 12",12.88,"Phan Huy Ích, Phường 12, Quận Gò Vấp, TPHCM",83.0,6,6,5,Sổ hồng,25/11/2025
"Bán nhà hẻm 3m sát hẻm xe tải thông Thống Nhất,P.16, 3,5 x 11, giá 4.7",4.7,"Thống Nhất, Phường 16, Quận Gò Vấp, TPHCM",38.0,2,2,2,Sổ hồng,25/11/2025
Biệt thự 4lầu Gò Vấp ngang 8m 144m2 view GÓC đẹp HXH Nguyễn Oanh 25 tỷ,25.0,"Nguyễn Oanh, Phường 17, Quận Gò Vấp, TPHCM",144.0,4,6,8,Sổ hồng,25/11/2025
"Bán nhà hẻm xe hơi đườg Lê Đức Thọ,P.13, 4 x 13, 3 tầng,giá 6.67 tỷ tl",6.67,"Lê Đức Thọ, Phường 13, Quận Gò Vấp, TPHCM",52.0,3,3,3,Sổ hồng,25/11/2025
Chỉ 48 tỷ có tòa nhà 9L GYM+CHDV ngang 5.1m 230m2 mặt tiền Lê Đức Thọ,48.0,"Lê Đức Thọ, Phường 17, Quận Gò Vấp, TPHCM",230.0,24,24,27,Sổ hồng,25/11/2025
"Bán nhà hẻm 3m 1 sẹc đường số 27, P.6, 4 x 7,5, 3 tầng giá 3.95 tỷ tl",3.95,"Đường số 27, Phường 6, Quận Gò Vấp, TPHCM",24.0,2,3,3,Sổ hồng,25/11/2025
Nhà XẤU ngang 7m 150m2 hẻm 252 Phạm Văn Chiêu xây siêu phẩm 13.5 tỷ.,13.499,"Phạm Văn Chiêu, Phường 8, Quận Gò Vấp, TPHCM",150.0,4,2,,Sổ hồng,25/11/2025
"Bán nhà hẻm xe tải 5m Phạm Văn Chiêu, P.16, 4,2 x 13, giá 7.39 tỷ tl",7.39,"Phạm Văn Chiêu, Phường 16, Quận Gò Vấp, TPHCM",54.0,4,4,4,Sổ hồng,25/11/2025
CƠ HỘI KHÁCH mua nhà Ngợp Bank - Nhà 4 tầng KD gần chợ nhỉnh 10 tỷ,10.95,"Nguyễn Tư Giản, Phường 12, Quận Gò Vấp, TPHCM",72.0,5,4,6,Sổ hồng,25/11/2025
"Bán nhà hẻm xe tải 5m thông Bùi Quang Là,P.12, 4,3 x 9, giá 6.68 tỷ tl",6.68,"Bùi Quang Là, Phường 12, Quận Gò Vấp, TPHCM",39.0,3,4,3,Sổ hồng,25/11/2025
"Bán nhà hẻm xe hơi thông Phạm Văn Chiêu, P.16, 4 x 9, 3 tầng giá 5.39",5.39,"Phạm Văn Chiêu, Phường 16, Quận Gò Vấp, TPHCM",36.0,3,4,3,Sổ hồng,25/11/2025
Bán nhà 5lầu Dương Quảng Hàm ngắm Landmark rộng 5.5m 93m2 11PN 15.5 tỷ,15.5,"Dương Quảng Hàm, Phường 5, Quận Gò Vấp, TPHCM",93.0,11,11,10,Sổ hồng,25/11/2025
"Bán nhà mới hẻm xe hơi đường số 1, P.13, 4 x 9, 5 tầng, giá 4.85 tỷ tl",4.85,"Đường số 1, Phường 13, Quận Gò Vấp, TPHCM",36.0,3,3,3,Sổ hồng,25/11/2025
"Bán nhà xây mới 100% hẻm 3,5m Nguyễn Tư Giản, P12, GV, 8x7m, 6.35 tỷTL",6.35,"Nguyễn Tư Giản, Phường 12, Quận Gò Vấp, TPHCM",56.0,3,3,4,Sổ hồng,25/11/2025
"Bán nhà xây mới hẻm xe tải 4,5m Lê Văn Thọ,P.11, 4 x 15, giá 7.9 tỷ tl",7.9,"Lê Văn Thọ, Phường 11, Quận Gò Vấp, TPHCM",60.0,4,4,3,Sổ hồng,25/11/2025
HIẾM MT VIEW GÓC ngang 17M Thống Nhất 295m2 sát Lotte KD đỉnh 59.5 tỷ.,59.5,"Thống Nhất, Phường 16, Quận Gò Vấp, TPHCM",295.0,8,7,,Sổ hồng,25/11/2025
"Bán nhà hẻm 3m thông sát HXT Quang Trung, P.8, 3 x 12, giá 4.28 tỷ tl",4.28,"Quang Trung, Phường 8, Quận Gò Vấp, TPHCM",34.0,3,2,2,Sổ hồng,25/11/2025
"Tài sản hiếm 5500 m2, bán nhà mặt tiền Quang Trung - Gò Vấp - 50x100m",400.0,"Quang Trung, Phường 12, Quận Gò Vấp, TPHCM",5500.0,,,14,Sổ hồng,25/11/2025
"Bán nhà hẻm xe hơi thông Quang Trung, P.11, 4,1 x 9, giá 5.2 tỷ tl",5.2,"Quang Trung, Phường 11, Quận Gò Vấp, TPHCM",36.0,3,3,3,Sổ hồng,25/11/2025
HIẾM GÒ VẤP nhà 3 tầng 75m2 HXT ngang to 5m gần MT Lê Đức Thọ 8.6 tỷ,8.6,"Lê Đức Thọ, Phường 16, Quận Gò Vấp, TPHCM",75.0,5,4,6,Sổ hồng,25/11/2025
"Bán nhà hẻm 3m sát hẻm xe hơi Lê Đức Thọ, P.17, 4,6 x 12, giá 4.95 tỷ",4.95,"Lê Đức Thọ, Phường 17, Quận Gò Vấp, TPHCM",55.0,2,2,2,Sổ hồng,25/11/2025
Nhà hẻm thông Lê Thị Hồng ngang 4.5m 86m2 3 lầu ở & KD ngay chợ 14 tỷ,14.0,"Lê Thị Hồng, Phường 17, Quận Gò Vấp, TPHCM",86.0,7,6,6,Sổ hồng,25/11/2025
"Bán nhà hẻm 3m đường Quang Trung, P.11, 3,5 x 10, 2 tầng, 2PN giá 3.95",3.95,"Quang Trung, Phường 11, Quận Gò Vấp, TPHCM",35.0,2,2,2,Sổ hồng,25/11/2025
"Bán nhà hẻm xe hơi 5m đường Lê Đức Thọ, P.17, 4 x 12, 2 tầng giá 5.79",5.79,"Lê Đức Thọ, Phường 17, Quận Gò Vấp, TPHCM",48.0,2,3,2,Sổ hồng,25/11/2025
NGỘP BANK bán nhà hẻm 102 Lê Văn Thọ 79m2 nở hậu 5.7m 4lầu sát CV 9 tỷ,8.999,"Lê Văn Thọ, Phường 11, Quận Gò Vấp, TPHCM",79.0,4,4,12,Sổ hồng,25/11/2025
"Bán nhà hẻm 4,5m đường Quang Trung, P.14, 3,8 x 13, 3 tầng giá 5.6 tỷ",5.6,"Quang Trung, Phường 14, Quận Gò Vấp, TPHCM",49.0,3,3,3,Sổ hồng,25/11/2025
GẤP bán nhà hẻm 102 Lê Văn Thọ ngang 6m 5 lầu 175m2 KD căn hộ 20.5 tỷ.,20.5,"Lê Văn Thọ, Phường 11, Quận Gò Vấp, TPHCM",175.0,11,11,5,Sổ hồng,25/11/2025
"Gởi HHMG 1%, bán nhà hẻm 2m Lê Đức Thọ,P.17, 4,5 x 8,5, giá 4.39 tỷ tl",4.39,"Lê Đức Thọ, Phường 17, Quận Gò Vấp, TPHCM",38.0,3,3,2,Sổ hồng,25/11/2025
Bán nhà Mặt tiền Gò Vấp Đường số 6 ngang 5m dài 9m 1 trệt 1 lầu.,5.1,"Đường số 6, Phường 5, Quận Gò Vấp, TPHCM",43.0,3,2,4,Sổ hồng,25/11/2025
Biệt thự đẳng cấp 4lầu ngang 12m ngay KDC Cityland P10 240m2 VIP 55 tỷ,55.0,"Phan Văn Trị, Phường 10, Quận Gò Vấp, TPHCM",240.0,5,6,8,Sổ hồng,25/11/2025
BIỆT THỰ mini 1 hầm 4 lầu - NGAY ĐẠI HỌC CÔNG NGHIỆP - Chỉ 9 tỷ 8,9.8,"Lê Lai, Phường 3, Quận Gò Vấp, TPHCM",68.0,6,4,4,Sổ hồng,25/11/2025
"Bán nhà hẻm 3m sát hẻm xe tải Phạm Văn Chiêu, P.14, 4 x 20, giá 5.95",5.95,"Phạm Văn Chiêu, Phường 14, Quận Gò Vấp, TPHCM",80.0,3,3,3,Sổ hồng,25/11/2025
"Ngay chợ Gò Vấp - 110m2 - 4 tầng - 6 phòng ngủ, hẻm thông, chỉ 8 tỷ 8",8.8,"Nguyễn Văn Nghi, Phường 7, Quận Gò Vấp, TPHCM",110.0,6,3,8,Sổ hồng,25/11/2025
"Bán nhà xây mới hẻm xe hơi 5m Quang Trung, P.8, 5 x 8, giá 6.59 tỷ tl",6.59,"Quang Trung, Phường 8, Quận Gò Vấp, TPHCM",40.0,3,3,3,Sổ hồng,25/11/2025
Khu VIP CITYLAND CENTER HILLS - 100M2 - 4 tấm - chỉ 20 tỷ 8,20.8,"Đường số 1, Phường 7, Quận Gò Vấp, TPHCM",100.0,4,4,,Sổ hồng,25/11/2025
"Bán nhà xây mới hẻm 3m Phạm Văn Chiêu, P.14, 4,5 x 11, giá 5.85 tỷ tl",5.85,"Phạm Văn Chiêu, Phường 14, Quận Gò Vấp, TPHCM",46.0,3,3,3,Sổ hồng,25/11/2025
RẺ MTKD sầm uất đường 25m Lê Đức Thọ rộng 10m 710m2 TN hơn 100tr 68 tỷ,67.999,"Lê Đức Thọ, Phường 15, Quận Gò Vấp, TPHCM",710.0,21,21,10,Sổ hồng,25/11/2025
Mặt tiền An Nhơn Gò Vấp – 100M2 vuông A4 – 6 TẦNG MỚI CÓNG – CHỈ 12 TỶ,12.9,"An Nhơn, Phường 17, Quận Gò Vấp, TPHCM",100.0,11,11,11,Sổ hồng,25/11/2025
"Bán nhà hẻm xe hơi đường số 59, P.14, 4 x 13, 3 tầng giá 5.85 tỷ tl",5.85,"Đường số 59, Phường 14, Quận Gò Vấp, TPHCM",52.0,3,3,3,Sổ hồng,25/11/2025
GẤP nhà đẹp hẻm 616 Lê Đức Thọ rộng 10m 220m2 khu Osimi có gara 22.3tỷ,22.3,"Lê Đức Thọ, Phường 15, Quận Gò Vấp, TPHCM",220.0,4,4,2,Sổ hồng,25/11/2025
Nguyễn Văn Nghi - Hẻm xe hơi sát mặt tiền - 36m2 - chỉ 3 tỷ 8,3.8,"Nguyễn Văn Nghi, Phường 7, Quận Gò Vấp, TPHCM",36.0,2,2,4,Sổ hồng,25/11/2025
"Bán nhà hẻm xe hơi thông Lê Văn Thọ, P.16, 3,6 x 10, giá 4.06 tỷ tl",4.06,"Lê Văn Thọ, Phường 16, Quận Gò Vấp, TPHCM",36.0,2,2,2,Sổ hồng,25/11/2025
Giảm SỐC 1.3 TỶ nhà hẻm 62 Phạm Huy Thông 6 lầu có Tmáy KD Spa 15.7 tỷ,15.7,"Phạm Huy Thông, Phường 7, Quận Gò Vấp, TPHCM",80.0,7,7,12,Sổ hồng,25/11/2025
Mặt tiền Phường 7 Gò Vấp – 210M2 CHÍNH CHỦ 40 NĂM – Chỉ 17 tỷ,17.0,"Đường số 7, Phường 7, Quận Gò Vấp, TPHCM",210.0,2,1,,Sổ hồng,25/11/2025
"Bán nhà hẻm xe hơi 1 sẹc đườg Phan Huy Ích,P.12, 4 x 11, giá 5.9 tỷ tl",5.9,"Phan Huy Ích, Phường 12, Quận Gò Vấp, TPHCM",44.0,4,3,3,Sổ hồng,25/11/2025
CHDV hẻm 220 Nguyễn Oanh ngang 5m 95m2 5L 12PN TN 55tr NT đẹp 12.6 tỷ,12.6,"Nguyễn Oanh, Phường 17, Quận Gò Vấp, TPHCM",95.0,12,12,11,Sổ hồng,25/11/2025
Mặt tiền kinh doanh sầm uất –GẦN EMART PHAN VĂN TRỊ - 128M2 – CHỈ 17 T,17.8,"Trần Quốc Tuấn, Phường 1, Quận Gò Vấp, TPHCM",128.0,1,1,7,Sổ hồng,25/11/2025
"Bán nhà hẻm 3m đường Bùi Quang Là, P.12, 3,8 x 13, 2 tầng, 3PN giá 5.2",5.2,"Bùi Quang Là, Phường 12, Quận Gò Vấp, TPHCM",49.0,3,2,2,Sổ hồng,25/11/2025
Nhà đẹp 4L có hầm HXT Quang Trung 80m2 ngang 4m gần Emart 2 chỉ 9.5 tỷ,9.5,"Quang Trung, Phường 8, Quận Gò Vấp, TPHCM",80.0,4,5,8,Sổ hồng,25/11/2025
"Bán Vila hẻm xe tải 5m đường Bùi Quang Là, P.12, 8,5 x 10, giá 8.59 tỷ",8.59,"Bùi Quang Là, Phường 12, Quận Gò Vấp, TPHCM",85.0,4,5,4,Sổ hồng,25/11/2025
CHDV 4lầu ngang 6m HXH thông Phạm Văn Chiêu 153m2 15PN TN 60tr 15.8 tỷ,15.8,"Phạm Văn Chiêu, Phường 16, Quận Gò Vấp, TPHCM",153.0,15,15,8,Sổ hồng,25/11/2025
Khu VIP CITYLAND PARK HILLS -100m2 - 4 tấm thang máy - chỉ 22 tỷ 5,22.5,"Đường số 5, Phường 10, Quận Gò Vấp, TPHCM",100.0,6,7,,Sổ hồng,25/11/2025
Nhà hẻm 5m gò vấp nguyễn văn nghi trệt lầu btct hoàn công đủ,3.8,"Nguyễn Văn Nghi, Phường 7, Quận Gò Vấp, TPHCM",30.0,2,2,2,Sổ hồng,25/11/2025
Phú Nhuận - Căn Góc 3 Mặt Tiền Hẻm Xe Hơi - Kinh Doanh Đông Đúc - 53M,11.999,"Phan Đình Phùng, Phường 2, Quận Phú Nhuận, TPHCM",53.0,3,2,,Sổ hồng,25/11/2025
Lê Văn Sỹ - Hẻm Trước Nhà 8M - Xe Tải Gần Nhà - 35M - Nhỉnh 5 Tỷ,5.899,"Lê Văn Sỹ, Phường 13, Quận Phú Nhuận, TPHCM",35.0,2,2,2,Sổ hồng,25/11/2025
"Bán nhà sát mặt tiền Phan Đình Phùng Q.Phú Nhuận - 2,6m x 7m",4.15,"Phan Đình Phùng, Phường 1, Quận Phú Nhuận, TPHCM",19.0,2,2,6,Sổ hồng,25/11/2025
"Bán nhà MT Phan Đăng Lưu, P.5 Q Phú Nhuận, DT 10,65 x 34,7, HĐT 170tr",75.0,"Phan Đăng Lưu, Phường 5, Quận Phú Nhuận, TPHCM",160.0,,,3,Sổ hồng,25/11/2025
"Bán tòa nhà CHDV Lê Văn Sỹ, Phú Nhuận, 5x30m, H+8tầng, HĐ thuê 120 tri",38.9,"Lê Văn Sỹ, Phường 13, Quận Phú Nhuận, TPHCM",150.0,15,16,8,Giấy tờ hợp lệ,25/11/2025
Bán nhà căn góc 2 MT đường Phan Đăng Lưu & đường Trần Kế Xương Q.PN,170.0,"Phan Đăng Lưu, Phường 7, Quận Phú Nhuận, TPHCM",335.0,,,4,Sổ hồng,25/11/2025
"Bán nhà HXH ngay Nguyễn Văn Trỗi, Hồ Biểu Chánh Phú Nhuận,18x13m 38tỷ",37.999,"Nguyễn Văn Trỗi, Phường 11, Quận Phú Nhuận, TPHCM",234.0,2,2,,Giấy tờ hợp lệ,25/11/2025
"Bán tòa nhà Mặt tiền Trần Huy Liệu- Nguyễn Văn Trỗi, Phú Nhuận, 22x23m",162.0,"Nguyễn Văn Trỗi, Phường 12, Quận Phú Nhuận, TPHCM",483.0,3,3,13,Giấy tờ hợp lệ,25/11/2025
"Bán nhà gần Mt ngay Nguyễn Văn Trỗi, Phú Nhuận, 18x13m, 37.9 tỷ",37.9,"Nguyễn Văn Trỗi, Phường 11, Quận Phú Nhuận, TPHCM",210.0,3,3,,Giấy tờ hợp lệ,25/11/2025
CC gửi bán nhà 1/ Huỳnh Văn Bánh 4lầu 84m2 ngay chợ Phú Nhuận KD 15 tỷ,14.999,"Huỳnh Văn Bánh, Phường 17, Quận Phú Nhuận, TPHCM",84.0,6,3,8,Sổ hồng,25/11/2025
Tòa nhà 9 lầu mặt tiền 6m Đào Duy Anh 156m2 có hầm/T.máy TN170tr 54 tỷ,54.0,"Đào Duy Anh, Phường 9, Quận Phú Nhuận, TPHCM",156.0,10,12,18,Sổ hồng,25/11/2025
"Bán nhà Nguyễn Đình Chiểu- Phan Xích Long, Phú Nhuận 4.5x12.5, 5 lầu,",14.8,"Phan Xích Long, Phường 3, Quận Phú Nhuận, TPHCM",52.0,10,10,10,Giấy tờ hợp lệ,25/11/2025
"Giảm 40 tỷ về 105 tỷ Bán tòa nhà hầm 8 tầng Nguyễn Văn Trỗi 12,5 x30m",105.0,"Nguyễn Văn Trỗi, Phường 8, Quận Phú Nhuận, TPHCM",318.0,,,6,Sổ hồng,25/11/2025
"Bán nhà mặt tiền Nguyễn Văn Trỗi, Phú Nhuận, 16.5x30m, CTXD H+10T",350.0,"Nguyễn Văn Trỗi, Phường 11, Quận Phú Nhuận, TPHCM",465.0,2,2,2,Giấy tờ hợp lệ,25/11/2025
"Bán nhà MT Phan Đăng Lưu ngay Phan Xích Long, Phú Nhuận, 9x31m, 115 tỷ",115.0,"Phan Đăng Lưu, Phường 2, Quận Phú Nhuận, TPHCM",260.0,1,1,,Giấy tờ hợp lệ,25/11/2025
"Bán nhà mặt tiền Lê Văn Sỹ Phú Nhuận, 7.8x25m, 4 lầu, 49.9 tỷ",49.989,"Lê Văn Sỹ, Phường 13, Quận Phú Nhuận, TPHCM",186.0,5,5,4,Giấy tờ hợp lệ,25/11/2025
Bán nhà mặt tiền phú nhuận phùng văn cung ngang 4m dài 8m trệt lững,4.4,"Phùng Văn Cung, Phường 4, Quận Phú Nhuận, TPHCM",32.0,2,2,2,Sổ hồng,25/11/2025
Bán nhà Phú Nhuận hẻm ba gác Duy Tân ngang 4m dài 10m 3 tầng.,5.4,"Duy Tân, Phường 15, Quận Phú Nhuận, TPHCM",40.0,2,3,6,Sổ hồng,25/11/2025
"Mặt tiền đường Lê Văn Sỹ khu thời trang, văn phòng 8.5x30m giá 90 tỷ",90.0,"Lê Văn Sỹ, Phường 14, Quận Phú Nhuận, TPHCM",250.0,3,3,,Giấy tờ hợp lệ,25/11/2025
Hàng hiếm giá đầu tư góc vip Trần Huy Liệu - Nguyễn Đình Chính (35x40),106.0,"Trần Huy Liệu, Phường 15, Quận Phú Nhuận, TPHCM",452.0,,,,Sổ hồng,25/11/2025
Bán GẤP nhà 4 lầu HXT Huỳnh Văn Bánh PN 88m2 9PN vị trí đẹp 17.5 tỷ,17.5,"Huỳnh Văn Bánh, Phường 13, Quận Phú Nhuận, TPHCM",88.0,9,11,8,Sổ hồng,25/11/2025
"Bán gâó nhà Mt Lê Văn Sỹ, dt: 8X33m, 3 tầng 80triệu/tháng, giá 57.9tỷ",58.0,"Lê Văn Sỹ, Phường 13, Quận Phú Nhuận, TPHCM",215.0,6,6,3,Giấy tờ hợp lệ,25/11/2025
"Bán nhà HXH Nguyễn Văn Trỗi, Phú Nhuận sát bên Quận 1 tiện xây CHDV",16.5,"Nguyễn Văn Trỗi, Phường 15, Quận Phú Nhuận, TPHCM",92.0,2,1,1,Giấy tờ hợp lệ,25/11/2025
"Bán nhà phú nhuận nguyễn thượng hiền ngang 4,8m dài 10m 3 tấm btct",5.6,"Nguyễn Thượng Hiền, Phường 5, Quận Phú Nhuận, TPHCM",48.0,3,3,8,Sổ hồng,25/11/2025
Bán Siêu phẩm Mặt Tiền Trường Sa Dt 6 x 11m 4 Tầng Giá 27 Tỷ Hdt 60tri,27.0,"Trường Sa, Phường 2, Quận Phú Nhuận, TPHCM",64.0,4,4,4,Sổ hồng,25/11/2025
Phan Đăng Lưu – Hẻm xe hơi – 50M2 – 4 TẦNG – 5 PHÒNG NGỦ - CHỈ 9 TỶ 1,9.1,"Phan Đăng Lưu, Phường 3, Quận Phú Nhuận, TPHCM",50.0,5,4,8,Sổ hồng,25/11/2025
"Ngang 4,1m Dài 12m 3 Tầng Góc 2 Mặt Tiền Trương Quốc Dung chỉ 23 Tỷ",23.0,"Trương Quốc Dung, Phường 10, Quận Phú Nhuận, TPHCM",48.0,3,3,3,Sổ hồng,25/11/2025
"Bán nhà 2 Mặt tiền Trương Quốc Dung, Hoàng Diệu Phú Nhuận, 7x19m, H+4L",37.99,"Trương Quốc Dung, Phường 10, Quận Phú Nhuận, TPHCM",135.0,8,8,3,Giấy tờ hợp lệ,25/11/2025
"Bán nhà Nguyễn Văn Trỗi, Phường 17, Quận Phú Nhuận, DT 7.4x19m Hầm 5 T",48.0,"Nguyễn Văn Trỗi, Phường 17, Quận Phú Nhuận, TPHCM",136.0,,,5,Sổ hồng,25/11/2025
"Bán nhà mặt tiền Nguyễn Văn Trỗi, Phú Nhuận, 17x31m, CTXD H+10T",329.0,"Nguyễn Văn Trỗi, Phường 12, Quận Phú Nhuận, TPHCM",490.0,2,2,,Giấy tờ hợp lệ,25/11/2025
"Bán nhà mặt tiền Phan Xích Long khu phố ẩm thực, 4 lầu, giá 32 tỷ",31.9,"Phan Xích Long, Phường 7, Quận Phú Nhuận, TPHCM",80.0,8,8,8,Giấy tờ hợp lệ,25/11/2025
"Bán Biệt thự Huỳnh Văn Bánh, P11, Phú Nhuận, 9x20m, 3 tầng 35 tỷ",35.0,"Huỳnh Văn Bánh, Phường 11, Quận Phú Nhuận, TPHCM",175.0,5,5,3,Giấy tờ hợp lệ,25/11/2025
"Bán nhà đường Nguyễn Văn Đậu gần Phan Đăng Lưu, PN, 16x26, Giá 99.9 tỷ",99.9,"Phan Đăng Lưu, Phường 5, Quận Phú Nhuận, TPHCM",430.0,3,3,,Giấy tờ hợp lệ,25/11/2025
"Bán nhà khu NB Phan Đăng Lưu, Phú Nhuận 4.6x20m, 5 lầu mới gần MT đờng",16.5,"Phan Đăng Lưu, Phường 3, Quận Phú Nhuận, TPHCM",96.0,6,6,5,Giấy tờ hợp lệ,25/11/2025
Bán nhà căn góc 2 MT đường Phan Đăng Lưu & đường Trần Kế Xương Q.PN,170.0,"Phan Đăng Lưu, Phường 7, Quận Phú Nhuận, TPHCM",335.0,,,4,Sổ hồng,25/11/2025
"Bán nhà HXH Phan Đăng Lưu, P.7, Phú Nhuận, 4x16m, 3lầu, giá 16 tỷ",16.0,"Phan Đăng Lưu, Phường 7, Quận Phú Nhuận, TPHCM",74.0,6,6,2,Giấy tờ hợp lệ,25/11/2025
"Bán tòa Building góc 2MT ngay Phan Đăng Lưu, Bình Thạnh, 12x21, H+6L",120.0,"Phan Đăng Lưu, Phường 2, Quận Phú Nhuận, TPHCM",230.0,6,6,,Giấy tờ hợp lệ,25/11/2025
"Kẹt Ngân Hàng, Bán Gấp Tòa Nhà Mặt Tiền 10x23M, 5 Tầng, HĐT: 220Tr/th",48.0,"Trường Sa, Phường 2, Quận Phú Nhuận, TPHCM",230.0,,,5,Sổ hồng,25/11/2025
"Bán nhà đường Hồ Biểu Chánh, Phú Nhuận, 18x13m, 38 tỷ",38.0,"Hồ Biểu Chánh, Phường 11, Quận Phú Nhuận, TPHCM",210.0,3,3,,Giấy tờ hợp lệ,25/11/2025
"Giảm mạnh 12 tỷ về 82 tỷ, bán nhà hầm 7 tầng, 8x20m MT Phan Xích Long",82.0,"Phan Xích Long, Phường 2, Quận Phú Nhuận, TPHCM",160.0,,,7,Sổ hồng,25/11/2025
"Bán nhà đường Hồ Biểu Chánh gần Nguyễn Văn Trỗi, Phú Nhuận, 7.5x22m,",27.99,"Hồ Biểu Chánh, Phường 11, Quận Phú Nhuận, TPHCM",160.0,1,1,4,Giấy tờ hợp lệ,25/11/2025
"Bán nhà 2 Mặt tiền gần Nguyễn Văn Trỗi, Phú Nhuận, 7x19m, H+4L,ST,",28.0,"Nguyễn Văn Trỗi, Phường 11, Quận Phú Nhuận, TPHCM",135.0,8,8,3,Giấy tờ hợp lệ,25/11/2025
"Bán gấp nhà mặt tiền Huỳnh Văn Bánh gần Nguyễn Văn Trỗi, 4.6x20, 25 tỷ",25.0,"Huỳnh Văn Bánh, Phường 11, Quận Phú Nhuận, TPHCM",82.0,5,5,2,Giấy tờ hợp lệ,25/11/2025
"Bán nhà Mặt tiền Huỳnh Văn Bánh gần Nguyễn Văn Trỗi, Phú Nhuận, 5x25m,",25.0,"Huỳnh Văn Bánh, Phường 11, Quận Phú Nhuận, TPHCM",84.0,6,6,3,Giấy tờ hợp lệ,25/11/2025
Bán nhà khu VIP Nguyễn Văn Trỗi quận Phú Nhuận (8x30m) giá sốc 52 tỷ,52.0,"Nguyễn Văn Trỗi, Phường 8, Quận Phú Nhuận, TPHCM",209.0,,,2,Sổ hồng,25/11/2025
"Bán nhà mặt tiền Huỳnh Văn Bánh gần Nguyễn Văn Trỗi, Phú Nhuận, 5x23m",36.0,"Huỳnh Văn Bánh, Phường 11, Quận Phú Nhuận, TPHCM",110.0,5,5,2,Giấy tờ hợp lệ,25/11/2025
"Bán nhà Bệt thự ngay Nguyễn Văn Trỗi, P11, Phú Nhuận, 9x20m, 3 tầng 35",35.0,"Nguyễn Văn Trỗi, Phường 11, Quận Phú Nhuận, TPHCM",176.0,6,6,3,Giấy tờ hợp lệ,25/11/2025
"Bán nhà mặt tiền Trần Kế Xương, Phú Nhuận. Xây CHDV rất đẹp DT: 8mx27m",38.0,"Trần Kế Xương, Phường 7, Quận Phú Nhuận, TPHCM",205.0,,,,Sổ hồng,25/11/2025
"Bán nhà đường Nguyễn Trọng Tuyển, Phú Nhuận, 4 lầu, TM 19.xtỷ",19.4,"Nguyễn Trọng Tuyển, Phường 8, Quận Phú Nhuận, TPHCM",68.0,6,6,8,Giấy tờ hợp lệ,25/11/2025
"Bán nhà góc 2Mt Nguyễn Văn Trỗi, Phú Nhuận, 5.5mx17m, 4 lầu, giá 26.9",26.9,"Nguyễn Văn Trỗi, Phường 12, Quận Phú Nhuận, TPHCM",80.0,5,5,4,Giấy tờ hợp lệ,25/11/2025
🌟 Siêu phẩm HOA HỒNG – PHÚ NHUẬN – 4 tầng mới đẹp 📏 DT: 4x11m (CN 44,2.799,"Hoa Hồng, Phường 9, Quận Phú Nhuận, TPHCM",44.0,4,3,4,Sổ hồng,25/11/2025
"Bán nhà mt đường Hoa Lan, P2, Phú Nhuận 4x17m, 4L ngay Phan Xích Long",23.0,"Hoa Lan, Phường 2, Quận Phú Nhuận, TPHCM",64.0,6,6,3,Giấy tờ hợp lệ,25/11/2025
"💰1T875 - 💥Ô TÔ TỚI NHÀ -Hoàng Văn Thụ, Phú Nhuận ⚡️3.6x11M - 3 Tầng",1.875,"Hoàng Văn Thụ, Phường 9, Quận Phú Nhuận, TPHCM",39.6,4,4,3,Sổ hồng,25/11/2025
"Bán nhà ngay đường Nguyễn Văn Trỗi, P11, Phú Nhuận, 8x24m, 36.9 tỷ",36.9,"Nguyễn Văn Trỗi, Phường 11, Quận Phú Nhuận, TPHCM",190.0,3,3,,Giấy tờ hợp lệ,25/11/2025
"Hẻm xe hơi - PHAN XÍCH LONG – gần BV HOÀN MỸ – 70M² – 4 tầng, 7 PHÒNG",2.585,"Phan Xích Long, Phường 1, Quận Phú Nhuận, TPHCM",70.0,7,6,4,Sổ hồng,25/11/2025
Bán gấp nhà ngay ngã 4 Phú Nhuận - Phan Đình Phùng gần 500m2 ngang 26m,56.0,"Phan Đình Phùng, Phường 1, Quận Phú Nhuận, TPHCM",475.0,,,,Sổ hồng,25/11/2025
Siêu phẩm duy nhất ngang 20m x 30m - mặt tiền đường Ngyễn Văn Trỗi,120.0,"Nguyễn Văn Trỗi, Phường 8, Quận Phú Nhuận, TPHCM",600.0,,,12,Sổ hồng,25/11/2025
"Bán tòa nhà CHDV hẻm 211 Hoàng Hoa Thám, P4, Phú Nhuận, Hầm, 5 lầu, TM",16.2,"Hoàng Hoa Thám, Phường 5, Quận Phú Nhuận, TPHCM",80.0,14,14,5,Giấy tờ hợp lệ,25/11/2025
Bán nhà đẹp góc 2 mặt tiền 131 Hoa Lan p2 Phú Nhuận (Phan Xích Long),26.5,"Hoa Lan, Phường 2, Quận Phú Nhuận, TPHCM",68.0,3,4,4,Sổ hồng,25/11/2025
"Bán nhà gần Nguyễn Văn Trỗi, Phú Nhuận, 4 lầu, TM, nhà mới 19.xtỷ",19.5,"Nguyễn Văn Trỗi, Phường 8, Quận Phú Nhuận, TPHCM",64.0,7,7,8,Giấy tờ hợp lệ,25/11/2025
"Bán nhà hẻm xe hơi đường Nguyễn Văn Trỗi, phường 15, quận Phú Nhuận.",29.0,"Nguyễn Văn Trỗi, Phường 15, Quận Phú Nhuận, TPHCM",75.0,14,14,5,Sổ hồng,25/11/2025
"Bán nhà HXH ngay Phan Đình Phùng, PN sát bên Quận 1 tiện xây CHDV, VP",16.5,"Phan Đình Phùng, Phường 15, Quận Phú Nhuận, TPHCM",92.0,2,1,1,Giấy tờ hợp lệ,25/11/2025
"Bán tòa nhà CHDV cao cấp Nguyễn Văn Trỗi, Phú Nhuận, 7 lầu, TM, 22 PN",59.999,"Nguyễn Văn Trỗi, Phường 12, Quận Phú Nhuận, TPHCM",155.0,22,23,6,Giấy tờ hợp lệ,25/11/2025
Bán nhà mặt tiền 3 lầu 148 PHAN ĐĂNG LƯU p3 PHÚ NHUẬN (Ngã 4 PXL - PN),14.5,"Phan Đăng Lưu, Phường 3, Quận Phú Nhuận, TPHCM",33.0,3,4,3,Sổ hồng,25/11/2025
"Bán nhà HXH Huỳnh Văn Bánh Phú Nhuận sát bên Quận 1 tiện xây CHDV, VP",16.5,"Huỳnh Văn Bánh, Phường 15, Quận Phú Nhuận, TPHCM",92.0,2,2,1,Giấy tờ hợp lệ,25/11/2025
Phú Nhuận- hẻm 8m 4 tầng 4PN có sân thượng,16.99,"Huỳnh Văn Bánh, Phường 13, Quận Phú Nhuận, TPHCM",74.0,4,4,7,Giấy tờ hợp lệ,25/11/2025
Phú Nhuận- Hẻm xe hơi gần mặt tiền- 7PN khai thác tốt,12.8,"Lê Văn Sỹ, Phường 11, Quận Phú Nhuận, TPHCM",80.0,7,7,4,Giấy tờ hợp lệ,25/11/2025
Bán nhà đặng văn ngữ- p10- xe hơi ngủ trong nhà - ngang khủng hơn 5m,14.5,"Đặng Văn Ngữ, Phường 10, Quận Phú Nhuận, TPHCM",62.0,5,6,3,Sổ hồng,25/11/2025
Huỳnh Văn Bánh Phú Nhuận - Nhà Mới Full Nội Thất - 3PN - Nhỉnh 6 Tỷ,6.85,"Huỳnh Văn Bánh, Phường 13, Quận Phú Nhuận, TPHCM",32.0,3,3,3,Không xác định,25/11/2025
Phú Nhuận- Duy Tân 35m2- 3 PN- 5m ra mặt tiền giá tốt,5.45,"Duy Tân, Phường 15, Quận Phú Nhuận, TPHCM",35.0,3,2,,Giấy tờ hợp lệ,25/11/2025
Phú Nhuận- Phùng Văn Cung- Dt 4x18- 8 CHDV,11.6,"Phùng Văn Cung, Phường 7, Quận Phú Nhuận, TPHCM",72.0,8,8,2,Giấy tờ hợp lệ,25/11/2025
Phú Nhuận- Phan Đăng Lưu- HXH tránh- 3.9x11 -3 Phòng master,14.5,"Phan Đăng Lưu, Phường 3, Quận Phú Nhuận, TPHCM",41.0,4,4,10,Giấy tờ hợp lệ,25/11/2025
Phú Nhuận- Hoàng Văn Thụ- Nhà siêu đẹp giá cực tốt,5.98,"Hoàng Văn Thụ, Phường 9, Quận Phú Nhuận, TPHCM",28.0,3,3,6,Giấy tờ hợp lệ,25/11/2025
Phú Nhuận- Nguyễn Đình Chính- 2 PN lớn- 2 căn ra hẻm lớn.,5.45,"Nguyễn Đình Chính, Phường 15, Quận Phú Nhuận, TPHCM",26.0,2,3,6,Giấy tờ hợp lệ,25/11/2025
Khuôn Đất Cực Hiếm 10x21 Đường Nguyễn Trọng Tuyển Giá Chỉ 160 Triệu/m2,33.5,"Nguyễn Trọng Tuyển, Phường 10, Quận Phú Nhuận, TPHCM",209.0,8,8,3,Sổ hồng,24/11/2025
Tòa Nhà Hầm + 7 Tầng MT Gần Phan Đăng Lưu Q.PN Dòng Tiền Gần 3 Tỷ/Năm,65.0,"Đặng Thai Mai, Phường 7, Quận Phú Nhuận, TPHCM",152.0,7,7,7,Sổ hồng,24/11/2025
Bán Căn Góc Hẻm Nhựa 8m Nguyễn Đình Chính DT 6.1x17 Nhà 2 Tầng,13.9,"Nguyễn Đình Chính, Phường 11, Quận Phú Nhuận, TPHCM",90.3,4,3,2,Sổ hồng,24/11/2025
Biệt Thự Mini Khu Vip Lê Văn Sỹ Đầy Đủ Tiện Nghi Đẳng Cấp,25.999,"Lê Văn Sỹ, Phường 14, Quận Phú Nhuận, TPHCM",100.0,5,6,5,Sổ hồng,24/11/2025
Bán Biệt Thự 2 Tầng 8x20 Khu Vip Đường Nguyễn Trong Tuyển Q.PN,26.499,"Nguyễn Trọng Tuyển, Phường 10, Quận Phú Nhuận, TPHCM",160.0,3,3,2,Sổ hồng,24/11/2025
Villa Mặt Tiền Khu Biệt Thự Đường Hoa Phan Xích Long Cực Kì Đẳng Cấp,49.999,"Hoa Đào, Phường 2, Quận Phú Nhuận, TPHCM",144.0,5,4,2,Sổ hồng,24/11/2025
Bán Nhà Hẻm Nhựa 10m Đặng Văn Ngữ Q.PN Không Còn Căn Thứ Hai Tương Tự,16.0,"Đặng Văn Ngữ, Phường 10, Quận Phú Nhuận, TPHCM",83.0,4,2,2,Sổ hồng,24/11/2025
"Chính Chủ Cần Bán nhà 224-226 Phan Xích Long, Phường 7, Quận Phú Nhuận",82.0,"224-226 Phan Xích Long, Phường 7, Quận Phú Nhuận, TPHCM",128.0,5,5,5,Sổ hồng,24/11/2025
"Bán nhà GÓC 2MT số 40-42 đường Phan Đăng Lưu, Phường 5, Quận Phú Nhuận",68.0,"40-42 Phan Đăng Lưu, Phường 5, Quận Phú Nhuận, TPHCM",160.0,3,3,3,Sổ hồng,24/11/2025
"Phú Nhuận, Bán nhà Mặt tiền Đường Trương Quốc Dung 3 tầng DT 4.15x14.m",23.0,"Trương Quốc Dung, Phường 10, Quận Phú Nhuận, TPHCM",46.0,4,3,6,Sổ hồng,24/11/2025
"Bán nhà đường Nhiêu Tứ, P. Cầu Kiệu, TP Hồ Chí Minh 💰 Giá 7,2 Tỷ",7.2,"Nhiêu Tứ, Phường 7, Quận Phú Nhuận, TPHCM",34.0,4,4,3,Sổ hồng,24/11/2025
"Bán nhà Huỳnh Văn Bánh, đang có dòng tiền - 86m2 - 9pn 10 wc - 15,5 tỷ",15.5,"Huỳnh Văn Bánh, Phường 13, Quận Phú Nhuận, TPHCM",86.0,9,10,10,Sổ hồng,24/11/2025
Bán Nhà Hoàng Hoa Thám Phú Nhuận 3 Tầng Diện Tích 73 M2 Giá 9 Tỷ.,9.0,"Hoàng Hoa Thám, Phường 5, Quận Phú Nhuận, TPHCM",73.0,3,3,3,Sổ hồng,24/11/2025
Phú Nhuận- biệt thự 7 tầng 6pn master-đường 8m- MT42,29.0,"Đặng Văn Ngữ, Phường 14, Quận Phú Nhuận, TPHCM",102.0,6,6,,Giấy tờ hợp lệ,24/11/2025
"Bán tòa nhà văn phòng Phú Nhuận, Phan Đăng Lưu, 453m2, 2 hầm 14 lầu",450.0,"Phan Đăng Lưu, Phường 2, Quận Phú Nhuận, TPHCM",453.0,2,2,14,Sổ hồng,24/11/2025
"Bán Nhà Mặt Tiền Hoa Trà –Phan Xích Long, 5 Tầng BTCT, DT 128m2, 55 tỷ",55.0,"Hoa Trà, Phường 7, Quận Phú Nhuận, TPHCM",128.0,6,5,8,Sổ hồng,22/11/2025
"Bán nhà 5 tầng Trần Kế Xương-Ng.Công Hoan, gần CV Hải Nam, 71m2, 8.8ty",8.8,"Trần Kế Xương, Phường 7, Quận Phú Nhuận, TPHCM",71.0,9,9,9,Sổ hồng,22/11/2025
Hơn 2.x tỷ có ngay nhà phố 3 tầng sát MT Hồ Biểu Chánh DTSD 40m2,2.7,"Hồ Biểu Chánh, Phường 11, Quận Phú Nhuận, TPHCM",13.0,2,2,9,Sổ hồng,22/11/2025
Mini House nhỏ xinh 2 tầng đủ công năng gần MT Phú Nhuận chỉ 2.5 tỷ,2.5,"Trần Hữu Trang, Phường 11, Quận Phú Nhuận, TPHCM",18.0,2,2,4,Sổ hồng,22/11/2025
"Bán Nhà 4 tầng Khu Phan Xích Long – Đoàn Thị Điểm, P1, DTSD 120m2 chỉ",7.4,"Đoàn Thị Điểm, Phường 1, Quận Phú Nhuận, TPHCM",35.0,3,3,7,Sổ hồng,22/11/2025
"Bán nhà mới đẹp 4 tầng HXH Cô Bắc, P1, DTSD 110m2, chỉ hơn 6 tỷ",6.3,"Cô Bắc, Phường 1, Quận Phú Nhuận, TPHCM",32.0,5,4,6,Sổ hồng,22/11/2025
"Bán Nhà phố mới đẹp 4 tầng Cô Bắc P1, DTSD 50m2 chỉ hơn 2 tỷ",2.79,"Cô Bắc, Phường 1, Quận Phú Nhuận, TPHCM",16.0,2,3,7,Sổ hồng,22/11/2025
"Bán Nhà mới 5 tầng hẻm 8m thông Huỳnh Văn Bánh, DTSD 140m2 chỉ 9.5 tỷ",9.5,"Huỳnh Văn Bánh, Phường 11, Quận Phú Nhuận, TPHCM",32.0,6,5,16,Sổ hồng,22/11/2025
"Bán nhà 4 tầng HXH tránh nhau, Đào Duy Anh P9, DTSD 240m2, 11.3 tỷ",11.3,"Đào Duy Anh, Phường 9, Quận Phú Nhuận, TPHCM",62.0,4,4,8,Sổ hồng,22/11/2025
"Bán nhà 4 tầng HXH tránh nhau, Đào Duy Anh P9, DTSD 240m2, 11.3 tỷ",11.3,"Đào Duy Anh, Phường 9, Quận Phú Nhuận, TPHCM",62.0,4,4,8,Sổ hồng,22/11/2025
"Bán nhà 2 tầng gần ngã tư Nguyễn Văn Trỗi-Huỳnh Văn Bánh, 41m2, 5.8 ty",5.8,"Huỳnh Văn Bánh, Phường 11, Quận Phú Nhuận, TPHCM",41.0,2,2,4,Sổ hồng,22/11/2025
"Bán Nhà Mới 5 tầng Có Thang Máy, Căn Góc 2MT Phan Tây Hồ, 54m2, 11.9Tỷ",11.9,"Phan Tây Hồ, Phường 7, Quận Phú Nhuận, TPHCM",54.0,5,5,10,Sổ hồng,22/11/2025
"Bán Nhà đẹp Nguyễn Công Hoan – Trần Kế Xương, DTSD 35m2, 2.9 tỷ",2.9,"Trần Kế Xương, Phường 7, Quận Phú Nhuận, TPHCM",18.0,2,2,2,Sổ hồng,22/11/2025
"Bán Nhà 5 tầng HXH Trần Kế Xương –Nguyễn Công Hoan, 60m2, 6PN chỉ 11 t",11.0,"Trần Kế Xương, Phường 7, Quận Phú Nhuận, TPHCM",60.0,6,7,9,Sổ hồng,22/11/2025
"Bán nhà phố 3 tầng BTCT Phan Tây Hồ, 5PN gần 50m2 chỉ 6.2 tỷ",6.2,"Phan Tây Hồ, Phường 7, Quận Phú Nhuận, TPHCM",50.0,3,3,6,Sổ hồng,22/11/2025
"Bán nhà 3 tầng, 43m2, 4PN, gần MT Đoàn Thị Điểm, 8.6 tỷ",8.6,"Đoàn Thị Điểm, Phường 1, Quận Phú Nhuận, TPHCM",43.0,4,5,6,Sổ hồng,22/11/2025
"Bán nhà 3 tầng BTCT Chiến Thắng P9, DTSD 155m2, GIẢM CÒN 6,89 tỷ",6.89,"Chiến Thắng, Phường 9, Quận Phú Nhuận, TPHCM",55.0,4,4,6,Sổ hồng,22/11/2025
"Bán Nhà 2 tầng HXH Thích Quảng Đức P5, 68m2 chỉ 6.2 tỷ còn TL",6.8,"Thích Quảng Đức, Phường 5, Quận Phú Nhuận, TPHCM",68.0,3,3,4,Sổ hồng,22/11/2025
"Bán nhà 5 tầng HXH khu ẩm thực Phan Xích Long, DT 101m2 chỉ 15.5 tỷ",15.5,"Cô Giang, Phường 2, Quận Phú Nhuận, TPHCM",101.0,6,7,15,Sổ hồng,22/11/2025
"Bán nhà 4 tầng, hẻm đẹp thông Huỳnh Văn Bánh P17, DT 40m2 chỉ hơn 6 tỷ",6.5,"Huỳnh Văn Bánh, Phường 17, Quận Phú Nhuận, TPHCM",40.0,5,5,12,Sổ hồng,22/11/2025
"Bán nhà 3 tầng Phan Tây Hồ - Trần Kế Xương, gần 50m2 chỉ hơn 6 tỷ",6.2,"Phan Tây Hồ, Phường 7, Quận Phú Nhuận, TPHCM",50.0,3,3,6,Sổ hồng,22/11/2025
"Bán nhà HXH, 4 tầng BTCT Trần Quang Diệu P14, 41m2 chỉ 7.55 tỷ",7.55,"Trần Quang Diệu, Phường 13, Quận Phú Nhuận, TPHCM",41.0,4,4,8,Sổ hồng,22/11/2025
"Bán gấp nhà mới sửa 2 tầng, 2PN, 2WC gần MT Cô Giang, DT 57m2, 7.5 tỷ",7.5,"Cô Giang, Phường 1, Quận Phú Nhuận, TPHCM",56.0,2,2,4,Sổ hồng,22/11/2025
"Bán nhà mới 4 tầng BTCT xe hơi dừng trước cửa Trường Sa, 42m2, 7.1 ty",7.1,"Trường Sa, Phường 13, Quận Phú Nhuận, TPHCM",42.0,5,5,12,Sổ hồng,22/11/2025
"Hiếm, Trần Huy Liệu, PN - DT 70m2 hxh tránh. Chỉ nhỉnh 15 tỷ tl",15.8,"Trần Huy Liệu, Phường 15, Quận Phú Nhuận, TPHCM",70.0,4,3,3,Sổ hồng,22/11/2025
Q. PHÚ NHUẬN - Bán nhà mặt tiền - DT đẹp 98m2. nhỉnh 17 tỷ tl,17.8,"Ngô Thời Nhiệm, Phường 17, Quận Phú Nhuận, TPHCM",98.0,4,4,2,Sổ hồng,22/11/2025
"Nhà đẹp- 65m2 (4.9*13) – khu Phan Xích Long, Phú Nhuận, nhỉnh 22 tỷ tl",22.5,"Hoa sữa, Phường 7, Quận Phú Nhuận, TPHCM",65.0,4,5,2,Sổ hồng,22/11/2025
"Mặt tiền Phan Đình Phùng, DT 10*28|cn245m2, xây mới hầm 8 tầng, 89tỷ",89.0,"Phan Đình Phùng, Phường 17, Quận Phú Nhuận, TPHCM",245.0,3,3,8,Sổ hồng,22/11/2025
"Giảm 9 tỷ, bán nhà MT Hoàng Văn Thụ, P15, Q Phú Nhuận, DT 8 x 18m, HĐT",61.0,"Hoàng Văn Thụ, Phường 15, Quận Phú Nhuận, TPHCM",137.0,5,5,5,Sổ hồng,21/11/2025
"Bán nhà MT Phan Đăng Lưu, phường 5 Q Phú Nhuận, DT 10,65 x 34,7, HĐT 1",75.0,"Phan Đăng Lưu, Phường 5, Quận Phú Nhuận, TPHCM",160.0,3,3,3,Sổ hồng,21/11/2025
"Bán nhà góc 2MT Phan Đăng Lưu, Q Phú Nhuận, DT 10,65 x 34,7, HĐT 170 t",75.0,"Phan Đăng Lưu, Phường 5, Quận Phú Nhuận, TPHCM",160.0,2,2,3,Sổ hồng,21/11/2025
"Bán nhà MT Trường Sa, P2, Q Phú Nhuận, DT 6,4 x 11m, HĐT 60 triệu/thán",27.0,"Trường Sa, Phường 2, Quận Phú Nhuận, TPHCM",64.0,3,3,3,Sổ hồng,21/11/2025
"Bán căn góc 2MT Lê Văn Sỹ, P13, Q Phú Nhuận, DT 17,2 x 27m, HĐT 390 tr",225.0,"Lê Văn Sỹ, Phường 13, Quận Phú Nhuận, TPHCM",450.0,2,2,,Sổ hồng,21/11/2025
"Bán tòa building MT Nguyễn Văn Trỗi, P10, Q Phú Nhuận, DT 12 x 23m, HĐ",280.0,"Nguyễn Văn Trỗi, Phường 10, Quận Phú Nhuận, TPHCM",160.0,7,7,7,Sổ hồng,21/11/2025
"Bán nhà vị trí trung tâm MT Hoàng Văn Thụ, Phường 9 Q Phú Nhuận, DT 8",59.5,"Hoàng Văn Thụ, Phường 9, Quận Phú Nhuận, TPHCM",167.0,4,4,4,Sổ hồng,21/11/2025
"Giảm 7 tỷ, bán đất tặng nhà Hầm 7Tầng MT Phan Xích Long, Q Phú Nhuận,",35.5,"Phan Xích Long, Phường 7, Quận Phú Nhuận, TPHCM",208.0,13,7,14,Sổ hồng,21/11/2025
"120 tỷ giảm về 85 tỷ, bán nhà MT Hoàng Văn Thụ, P8 Q Phú Nhuận, DT 7 x",85.0,"Hoàng Văn Thụ, Phường 8, Quận Phú Nhuận, TPHCM",161.0,8,8,8,Sổ hồng,21/11/2025
"Bán nhà nằm trên con đường thương hiệu nối liền Quận 3 MT Lê Văn Sỹ, Q",68.0,"Lê Văn Sỹ, Phường 10, Quận Phú Nhuận, TPHCM",175.0,3,2,3,Sổ hồng,21/11/2025
"Bán nhà góc 2MT cực kỳ thoáng MT Nguyễn Trọng Tuyển, phường 10, Q Phú",35.0,"Nguyễn Trọng Tuyển, Phường 10, Quận Phú Nhuận, TPHCM",68.0,4,4,4,Sổ hồng,21/11/2025
"Bán căn góc 2MT Nguyễn Văn Trỗi, Q Phú Nhuận, DT 6,6 x 14m, KC 2 lầu,",50.0,"Nguyễn Văn Trỗi, Phường 8, Quận Phú Nhuận, TPHCM",72.0,2,2,214,Sổ hồng,21/11/2025
"Bán 15CHDV 7L TM Lê Văn Sỹ Phú Nhuận 4,7x30 (143m²) HĐT120tr - 37 tỷ",37.0,"Lê Văn Sỹ, Phường 10, Quận Phú Nhuận, TPHCM",143.0,15,15,7,Không xác định,21/11/2025
"Hẻm 309 Nguyễn Văn Trỗi - nhà 4 lầu đẹp (9x7,5m) giá 14.5 tỷ",14.5,"Nguyễn Văn Trỗi, Phường 10, Quận Phú Nhuận, TPHCM",57.0,5,6,3,Sổ hồng,20/11/2025
"Thương hiệu MT Phan Đăng Lưu (4x21m) - Hầm nổi 2 lầu, giá 25 tỷ",25.0,"Phan Đăng Lưu, Phường 3, Quận Phú Nhuận, TPHCM",75.0,3,4,3,Sổ hồng,20/11/2025
"Nhà 3 lầu (4,5x19m) - Hẻm Trương Quốc Dung, Phú Nhuận. Có hẻm hông 4m",20.799,"Trương Quốc Dung, Phường 8, Quận Phú Nhuận, TPHCM",96.4,4,4,4,Sổ hồng,20/11/2025
"Bán nhà Phú Nhuận, MT Hoa Lan, diện tích 60,9m², 3 tầng, giá 26,5 tỷ",26.5,"Hoa Lan, Phường 2, Quận Phú Nhuận, TPHCM",60.9,3,3,6,Sổ hồng,20/11/2025
Góc 2 mặt tiền cung đường vàng Nguyễn Văn Trỗi – ngang 7m – 47 tỷ,47.0,"Nguyễn Văn Trỗi, Phường 8, Quận Phú Nhuận, TPHCM",104.9,3,3,3,Sổ hồng,19/11/2025
"Bán nhà mặt tiền ngang 16m đường Phan Xích Long, PHường 2, Phú Nhuận",193.0,"169-171 Phan Xích Long, Phường 2, Quận Phú Nhuận, TPHCM",256.0,,,2,Sổ hồng,19/11/2025
"Bán nhà mặt tiền đẹp 4 lầu (4,35x31) 142 Nguyễn Trọng Tuyển PHÚ NHUẬN",34.0,"Nguyễn Trọng Tuyển, Phường 10, Quận Phú Nhuận, TPHCM",115.0,13,13,4,Sổ hồng,19/11/2025
Bán nhà mặt tiền rộng rẻ đẹp 3 lầu PHAN XÍCH LONG p2 PHÚ NHUẬN HOÀNMY,11.9,"Phan Xích Long, Phường 2, Quận Phú Nhuận, TPHCM",48.0,3,4,3,Sổ hồng,19/11/2025
Chỉ 1 TỶ 550- bán nhà PHÚ NHUẬN - ngang khủng 7M - 3 TẦNG BTCT Đ.NVT,1.55,"Nguyễn Văn Trỗi, Phường 12, Quận Phú Nhuận, TPHCM",70.0,2,3,6,Sổ hồng,19/11/2025
"SIÊU PHẨM Q.PHÚ NHUẬN - 4 TẦNG - CHỈ 1 TỶ 186 MT cô giang, kd sầm uất",1.186,"Cô Giang, Phường 1, Quận Phú Nhuận, TPHCM",52.0,3,3,6,Sổ hồng,19/11/2025
"[Chính chủ Thúy Nga môi giới] [Nhà 4 tầng mới xây full nt, 3.8x15 NTT",1.755,"Nguyễn Trọng Tuyển, Phường 15, Quận Phú Nhuận, TPHCM",58.0,4,6,7,Sổ hồng,19/11/2025
Giảm 1 tỷ - chủ gấp bán !!! KHU VIP HẺM 6M - NGUYỄN TRỌNG TUYỂN - PN,1.6320000000000001,"Nguyễn Trọng Tuyển, Phường 8, Quận Phú Nhuận, TPHCM",60.0,3,4,7,Sổ hồng,19/11/2025
🔥Nhà đẹp xây mới 100% TẠI HUỲNH VĂN BÁNH PHÚ NHUẬN Diện tích: 3.2mx6m,1.488,"Huỳnh Văn Bánh, Phường 13, Quận Phú Nhuận, TPHCM",20.0,2,3,3,Sổ hồng,19/11/2025
"Bán nhà Hẻm 104 Nguyễn Trọng Tuyển, DT: 60m2, xât 4 tầng full NT",10.0,"104 Nguyễn Trọng Tuyển, Phường 15, Quận Phú Nhuận, TPHCM",60.0,4,5,3,Sổ hồng,19/11/2025
Bán nhà mặt tiền rộng đẹp 2 lầu (12x10) 23 LÊ TỰ TÀI P4 Phú Nhuận,17.5,"Lê Tự Tài, Phường 4, Quận Phú Nhuận, TPHCM",120.0,8,4,2,Sổ hồng,18/11/2025
Bán nhà mặt tiền đẹp 3 lầu 148 PHAN ĐĂNG LƯU P3 Phú Nhuận (Ngã 4 PXL),14.5,"Phan Xích Long, Phường 3, Quận Phú Nhuận, TPHCM",33.0,4,5,3,Sổ hồng,18/11/2025
"Bán nhà mặt tiền rẻ đẹp 3 lầu (8,3x3) 283 Phan Xích Long p2 PHÚ NHUẬN",11.9,"Phan Xích Long, Phường 1, Quận Phú Nhuận, TPHCM",21.0,3,3,,Sổ hồng,18/11/2025
"Bán nhà mới góc 2MT Trần Hữu Trang Phú Nhuận, 6x13m, Hầm, Thang máy",18.0,"Trần Hữu Trang, Phường 11, Quận Phú Nhuận, TPHCM",70.0,5,5,5,Sổ hồng,18/11/2025
Bán nhà 5 tầng ngang 6m mặt tiền Phùng Văn Cung Phú Nhuận chỉ 8.6 tỷ,8.6,"Phùng Văn Cung, Phường 7, Quận Phú Nhuận, TPHCM",30.0,4,5,5,Sổ hồng,18/11/2025
Bán nhà 4 tầng HXH Nguyễn Trọng Tuyển Phú Nhuận 3.7x15m chỉ nhỉnh 13T,13.3,"Nguyễn Trọng Tuyển, Phường 15, Quận Phú Nhuận, TPHCM",55.0,5,5,4,Sổ hồng,18/11/2025
"Chủ giảm 600tr còn 9,9tỷ, 4 tầng khu biệt thự P15, Tân Bình, gần ga T3",9.9,"Tân Trụ, Phường 15, Quận Tân Bình, TPHCM",73.0,5,4,4,Sổ hồng,25/11/2025
CMT8 - Nhà Mới Ở Liền - Hẻm 3M - 34M - Nhỉnh 5 Tỷ,5.68,"Cách Mạng Tháng 8, Phường 7, Quận Tân Bình, TPHCM",34.0,1,1,2,Sổ hồng,25/11/2025
CMT8 Ngay CV Lê Thị Riêng - Xe Tải Gần Nhà - 52M - 3PN - Nhỉnh 5 Tỷ,5.5,"Cách Mạng Tháng 8, Phường 5, Quận Tân Bình, TPHCM",47.0,3,1,2,Sổ hồng,25/11/2025
Cách Mạng Tháng Tám - Xe Hơi Thông - Gần Mặt Tiền - 11 Tỷ,11.0,"Cách Mạng Tháng 8, Phường 5, Quận Tân Bình, TPHCM",65.0,5,3,8,Không xác định,25/11/2025
Mặt Tiền Cách Mạng Tháng Tám - 6PN - Đang Cho Thuê - 80M - 25 Tỷ,25.0,"Cách Mạng Tháng 8, Phường 7, Quận Tân Bình, TPHCM",80.0,6,6,6,Sổ hồng,25/11/2025
Tân Bình - 131M - 5 Tầng - 10 Phòng CHDV - Hẻm Xe Hơi - 12.5 Tỷ,12.5,"Phạm Văn Hai, Phường 3, Quận Tân Bình, TPHCM",131.0,10,10,10,Sổ hồng,25/11/2025
Tân Bình - Sát Lý Thường Kiệt - 99M - Xe Hơi Đỗ Cửa - Chỉ 13 Tỷ,13.0,"Đất Thánh, Phường 6, Quận Tân Bình, TPHCM",99.0,,1,2,Sổ hồng,25/11/2025
Bán Nhà Trần Thánh Tông 3 x10 hẽm ô Tô Tặng full nội ThấT,4.68,"Trần Thánh Tông, Phường 15, Quận Tân Bình, TPHCM",26.0,4,3,3,Sổ hồng,25/11/2025
Nhà Mới Tân Bình - 3PN - Tặng Full Nội Thất - Nhỉnh 4 Tỷ,4.75,"Âu Cơ, Phường 10, Quận Tân Bình, TPHCM",35.0,3,2,2,Sổ hồng,25/11/2025
Tân Bình Giáp Quận 10 - Hẻm Xe Hơi - 43 M - Gần Mặt Tiền - Nhỉnh 7 Tỷ,7.35,"Bành Văn Trân, Phường 7, Quận Tân Bình, TPHCM",31.0,2,2,4,Sổ hồng,25/11/2025
Tân Bình - 16 Phòng - Thang Máy - Hẻm Xe Hơi - Dòng Tiền 80TR - 16 Tỷ,15.999,"Hiệp Nhất, Phường 4, Quận Tân Bình, TPHCM",89.0,16,16,,Sổ hồng,25/11/2025
"Nhà Âu Cơ, Bảy Hiền Tân Bình Giá 1,75 Tỷ 12m2 xây 3 Tầng sổ Riêng",1.75,"Âu Cơ, Phường 10, Quận Tân Bình, TPHCM",12.0,2,2,3,Sổ hồng,25/11/2025
Tân Bình - 57M - Nở Hậu - Hoàn Công Đủ - Hẻm Ba Gác - Nhỉnh 5 Tỷ,5.6,"Nguyễn Sỹ Sách, Phường 15, Quận Tân Bình, TPHCM",57.0,2,1,2,Sổ hồng,25/11/2025
"Bán Nhà 52m2 xây 2 Tầng – Hẻm Xe Hơi – Hoang Văn Thụ, Giá 8,4 Tỷ",8.4,"Hoàng Văn Thụ, Phường 4, Quận Tân Bình, TPHCM",52.0,2,2,4,Sổ hồng,25/11/2025
Mặt Tiền Quận 3 - Tiện Ở Và Kinh Doanh - 42M - Nhỉnh 6 Tỷ,6.5,"Trần Văn Đang, Phường 9, Quận Tân Bình, TPHCM",42.0,4,40,3,Sổ hồng,25/11/2025
Hẻm Xe Hơi 373 Lý Thường Kiệt - 4x16M - 4PN - Nhỉnh 10 Tỷ,10.3,"Lý Thường Kiệt, Phường 9, Quận Tân Bình, TPHCM",65.0,4,4,3,Không xác định,25/11/2025
Tân Bình - Gần Mặt Tiền - Ngang Hơn 5M - 53M - Nhỉnh 6 Tỷ,6.85,"Đồng Xoài, Phường 13, Quận Tân Bình, TPHCM",53.0,3,2,,Sổ hồng,25/11/2025
"Bán nhà HXH tránh Âu Cơ - Q.Tân Bình - 3,6m x 20,4m - 8pn giá 12,9 tỷ",12.9,"Âu Cơ, Phường 10, Quận Tân Bình, TPHCM",72.0,8,9,18,Sổ hồng,25/11/2025
Hẻm xe hơi 373 lý thường kiệt - 4x16m - không lộ giới - không quy,10.3,"Lý Thường Kiệt, Phường 9, Quận Tân Bình, TPHCM",65.0,,,7,Sổ đỏ,25/11/2025
Bán nhà hxh 8m lí thường kiệt - tân bình - 28m2 chỉ 6 tỉ,6.0,"Lý Thường Kiệt, Phường 9, Quận Tân Bình, TPHCM",28.0,2,3,6,Sổ hồng,25/11/2025
Khu Vip Nguyễn Hồng Đào - Hẻm nhựa Xe Hơi - 92M - Nhỉnh 10 Tỷ,10.9,"Nguyễn Hồng Đào, Phường 14, Quận Tân Bình, TPHCM",92.0,4,1,3,Sổ hồng,25/11/2025
"Bán nhà cấp 4 Siêu vị trí MT Lam Sơn, F2, Tân Bình. DT: 295m2. 75 tỷ",75.0,"Lam Sơn, Phường 2, Quận Tân Bình, TPHCM",295.0,2,2,8,Sổ hồng,25/11/2025
Lạc Long Quân - 65M - Hẻm XE TẢI - Tiện Ở Kinh Doanh - Nhỉnh 9 Tỷ,9.5,"Lạc Long Quân, Phường 9, Quận Tân Bình, TPHCM",65.0,4,3,4,Sổ hồng,25/11/2025
"Bán nhà hxh lạc long quân - q.tân bình - 60m2 chỉ 7,2 tỉ",7.199,"Lạc Long Quân, Phường 10, Quận Tân Bình, TPHCM",60.0,4,3,6,Sổ hồng,25/11/2025
Tân Bình - Hẻm Xe Hơi - 4.3 x 11.3 - Kinh Doanh Tốt - Nhỉnh 6 Tỷ,6.58,"Trần Văn Quang, Phường 10, Quận Tân Bình, TPHCM",48.0,2,2,3,Không xác định,25/11/2025
Lạc Long Quân - Tân Bình - Hẻm Xe Hơi - 60M - Nhỉnh 6 Tỷ,6.899,"Đồng Xoài, Phường 13, Quận Tân Bình, TPHCM",60.0,2,2,2,Sổ hồng,25/11/2025
"Bán Nhà Phố Đẹp Đường Phan Huy ích, Phường 15, Quận Tân Bình",9.9,"Phan Huy Ích, Phường 15, Quận Tân Bình, TPHCM",60.0,3,4,4,Sổ hồng,25/11/2025
1200m2 đất MT Hoàng Văn Thụ Tân Bình 17x60m giá cực hấp dẫn,330.0,"Hoàng Văn Thụ, Phường 4, Quận Tân Bình, TPHCM",1271.0,,,3,Sổ hồng,25/11/2025
"BÁN Siêu vị trí MẶT TIỀN CỘNG HÒA - Q.TÂN BÌNH. DT: 27x44m, CN: 1028m",350.0,"Cộng Hòa, Phường 12, Quận Tân Bình, TPHCM",1028.0,,,,Sổ hồng,25/11/2025
Mặt tiền KD sầm uất 25m Phạm Văn Bạch TB 190m2 ngang 5m gần chợ 23 tỷ,23.0,"Phạm Văn Bạch, Phường 15, Quận Tân Bình, TPHCM",190.0,4,2,1,Sổ hồng,25/11/2025
"Bán nhà MT Yên Thế, Hồng Hà, Tân Bình, 8x30m, CTXD H+7 L, giá 51 tỷ",50.999,"Yên Thế, Phường 2, Quận Tân Bình, TPHCM",220.0,5,5,3,Giấy tờ hợp lệ,25/11/2025
"Bán tòa nhà đường Cửu Long , Quận Tân Bình, 11x18m, H+7L, HĐ 200 tr",59.9,"Cửu Long, Phường 2, Quận Tân Bình, TPHCM",170.0,35,36,7,Giấy tờ hợp lệ,25/11/2025
"Bán nhà 2MT trước sau ngay Trần Quốc Hoàn, Tân Bình, 8x32m, CTH+8 tầng",69.9,"Trần Quốc Hoàn, Phường 4, Quận Tân Bình, TPHCM",364.0,2,2,2,Giấy tờ hợp lệ,25/11/2025
"Bán nhà hẻm xe hơi đường Cống Lở,P.15, 3,3 x 11, 2 tầng, giá 4.4 tỷ tl",4.4,"Cống Lở, Phường 15, Quận Tân Bình, TPHCM",36.0,2,2,2,Sổ hồng,25/11/2025
Nhà NGỘP HXT Cống Lở ngang 4.7m 4tầng 94m2 KD buôn bán gần chợ 15.5 tỷ,15.5,"Cống Lở, Phường 15, Quận Tân Bình, TPHCM",94.0,5,6,8,Sổ hồng,25/11/2025
"Bán tòa nhà góc 2mt Phạm Văn Hai, H+7L+TM, 18x20m, giá 65 tỷ",65.0,"Phạm văn hai, Phường 1, Quận Tân Bình, TPHCM",300.0,8,8,9,Giấy tờ hợp lệ,25/11/2025
"Bán tòa nhà khách sạn Trường Sơn-Thăng Long, Tân Bình, H+5L,",69.9,"Trường Sơn, Phường 4, Quận Tân Bình, TPHCM",230.0,45,44,4,Giấy tờ hợp lệ,25/11/2025
"Bán nhà MT Bàu Cát Đôi Nguyễn Hồng Đào, Tân Bình, 8x18m, 4 lầu",60.0,"Bàu Cát Đôi, Phường 14, Quận Tân Bình, TPHCM",144.0,4,4,4,Sổ hồng,25/11/2025
"Bán nhà mặt tiền Sông Đà ngay Trường Sơn, Tân Bình, 12.9x20, giá 50 tỷ",49.999,"Sông Đà, Phường 2, Quận Tân Bình, TPHCM",250.0,3,3,2,Giấy tờ hợp lệ,25/11/2025
Đầu Tư Dữ Tiền -CHDV 5 Tầng Thang Máy Khu Sân Bay(5.2x19m) Nhỉnh 12 tỷ,12.8,"Phổ Quang, Phường 2, Quận Tân Bình, TPHCM",96.0,10,11,5,Sổ hồng,25/11/2025
"Nhà 2 mặt tiền khu K300 Tân Bình, 3 tầng""220m Kinh Doanh nhỉnh 18 tỷ",18.0,"Nguyễn Thái Bình, Phường 12, Quận Tân Bình, TPHCM",78.0,6,6,3,Sổ hồng,25/11/2025
"Nhà đa công năng sử dụng - HXH Âu Cơ - 72M2, 5 tầng, 6PN, nhỉnh 8 tỷ",8.45,"Âu Cơ, Phường 10, Quận Tân Bình, TPHCM",72.0,6,6,4,Sổ hồng,25/11/2025
"Chỉ 5 Tỷ hơn -HXH 80m2 ngay chợ Tân Trụ, F15 Tân Bình",5.75,"Nguyễn Sỹ Sách, Phường 15, Quận Tân Bình, TPHCM",63.0,3,2,8,Sổ hồng,25/11/2025
MTKD 7L Bạch Đằng sát sân bay rộng 6m DTS 434m2 14PN TN 100tr 36.5 tỷ.,36.5,"Bạch Đằng 2, Phường 2, Quận Tân Bình, TPHCM",84.0,14,14,14,Sổ hồng,25/11/2025
"HXH thông - 93m2 hơn 8 tỷ Kế khu Bàu Cát Tân Bình, Gía bán 8.55 tỷ",8.55,"Trường Chinh, Phường 14, Quận Tân Bình, TPHCM",93.0,4,3,,Sổ hồng,25/11/2025
"Chỉ hơn 3 tỷ - 3 tầng BTCT sát chợ Tân Bình, 42m, có 3PN vào ở ngay!",3.95,"Lạc Long Quân, Phường 8, Quận Tân Bình, TPHCM",42.0,3,3,3,Sổ hồng,25/11/2025
"Chủ bán nhà vị trí sát bên chợ, Có 5 Phòng 15tr/th, 81m2, nhỉnh 6 tỷ",6.45,"Nguyễn Sỹ Sách, Phường 15, Quận Tân Bình, TPHCM",82.0,6,6,,Sổ hồng,25/11/2025
Bán nhà MTKD vị trí đẹp Hoàng Văn Thụ 88m2 ngang 4.3m view ADORA 19 tỷ,18.999,"Hoàng Văn Thụ, Phường 4, Quận Tân Bình, TPHCM",88.0,2,2,2,Sổ hồng,25/11/2025
"Bán nhà HXH gần chợ Tân Trụ -Fường 15 Tân Bình (4x16m) 3PN, nhỉnh 5 tỷ",5.65,"Nguyễn Sỹ Sách, Phường 15, Quận Tân Bình, TPHCM",64.0,3,2,,Sổ hồng,25/11/2025
Cơ hội hôm nay - Nhà đẹp 4 tầng HxH Phan Huy Ích (4.1x19.5) Nhỉnh 7 tỷ,7.68,"Phan Huy Ích, Phường 15, Quận Tân Bình, TPHCM",79.0,4,4,3,Sổ hồng,25/11/2025
"SIÊU MẶT TIỀN KD Tân Bình Kế khu sân bay - 5T (4.1x20m) Nhỉnh 12,8 tỷ",12.8,"Nguyễn Sỹ Sách, Phường 15, Quận Tân Bình, TPHCM",82.0,6,6,8,Sổ hồng,25/11/2025
Bán nhà 4L BTCT hẻm 8m Cộng Hòa sát ga T3 ngang 5m 100m2 có gara 23 tỷ,23.0,"Cộng Hòa, Phường 13, Quận Tân Bình, TPHCM",100.0,4,6,8,Sổ hồng,25/11/2025
Mặt tiền hẻm KD ngay Bàu Cát chỉ 95 triệu/m2 - Dt: 133m Quá rẻ.,13.0,"Bàu cát 2, Phường 14, Quận Tân Bình, TPHCM",133.0,5,3,2,Sổ hồng,25/11/2025
"Gấp bán tổng giảm 3 tỷ, kế chợ Hoàng Hoa Thám, 96m2 CN đủ, G.bán 8.3 t",8.3,"Bình Giã, Phường 13, Quận Tân Bình, TPHCM",96.0,5,3,8,Sổ hồng,25/11/2025
"Mặt tiền 5,5m * 20m Bùi Thị Xuân P.2 Tân Bình, 1 trệt 2 lầu.",11.4,"Bùi Thị Xuân, Phường 2, Quận Tân Bình, TPHCM",87.0,3,3,6,Sổ hồng,25/11/2025
"Tòa nà MT Trường Sơn - Bạch Đằng, Tân Bình - 8.5x32m - Hầm 10 tầng",95.0,"Trường Sơn, Phường 2, Quận Tân Bình, TPHCM",272.0,,,8,Sổ hồng,25/11/2025
"Bán Building Mt Khu Sân Bay, gần Trường Sơn, P2, Tân Bình, 8m, H+5L",38.0,"Trường Sơn, Phường 2, Quận Tân Bình, TPHCM",156.0,5,5,5,Giấy tờ hợp lệ,25/11/2025
Mtkd ngang hiếm 6.5m 182m2 trần thị trọng kd đa ngành nghề ngay tt,22.7,"Trần Thị Trọng, Phường 15, Quận Tân Bình, TPHCM",182.0,2,2,,Sổ hồng,25/11/2025
"Bán nhà góc 2 mặt tiền đường Cửu Long - Trường Sơn P2, Q.Tân Bình",26.0,"Trường Sơn, Phường 2, Quận Tân Bình, TPHCM",123.0,5,5,2,Giấy tờ hợp lệ,25/11/2025
"Bán nhà hẻm xe hơi 1 sẹc Trần Thị Trọng, P.15, 4 x 14, giá 6.3 tỷ tl",6.3,"Trần Thị Trọng, Phường 15, Quận Tân Bình, TPHCM",56.0,3,3,3,Sổ hồng,25/11/2025
"Bán nhà góc 3MT Hoàng Việt P.4 Q.Tân Bình, 10x25m, giá 69.9tỷ",70.0,"Hoàng Việt, Phường 4, Quận Tân Bình, TPHCM",240.0,3,3,8,Giấy tờ hợp lệ,25/11/2025
"Bán Building Hầm -10 Tầng, 10x40m, Hoàng Hoa Thám- Cộng Hòa, Tân Bình",108.0,"Cộng Hòa, Phường 13, Quận Tân Bình, TPHCM",389.0,10,10,20,Giấy tờ hợp lệ,25/11/2025
"Bán nhà hẻm xe hơi đường Huỳnh Văn Nghệ, P.15, 4 x 15, giá 6.95 tỷ tl",6.95,"Huỳnh Văn Nghệ, Phường 15, Quận Tân Bình, TPHCM",60.0,3,3,3,Sổ hồng,25/11/2025
"Bán nhà đường Nguyễn Văn Trỗi, Tân Bình, 16x22m, GPXD:H+9 tầng, 69.9tỷ",70.0,"Nguyễn Văn Trỗi, Phường 1, Quận Tân Bình, TPHCM",320.0,6,6,12,Giấy tờ hợp lệ,25/11/2025
Bán tòa nhà văn phòng 2h + 10 tầng-MT Hoàng Việt Tân Bình. DT: 12mx20m,158.0,"Hoàng Việt, Phường 4, Quận Tân Bình, TPHCM",240.0,,,20,Sổ hồng,25/11/2025
"Bán nhà 2 MT Hậu Giang - Trường Sơn, Tân Bình, 8x32m, CT H+8 tầng,",69.9,"Trường Sơn, Phường 4, Quận Tân Bình, TPHCM",267.0,2,2,2,Giấy tờ hợp lệ,25/11/2025
"Bán nhà Mặt Tiền ngay Trường Sơn, Sân Bay Tân Sơn Nhất, TB, 13x22m, 53",52.999,"Trường Sơn, Phường 2, Quận Tân Bình, TPHCM",250.0,5,5,2,Giấy tờ hợp lệ,25/11/2025
"Hẻm VIP 🚗 Lý Thường Kiệt Ngang 6,8m Dài 32m Hầm 5 Tầng có 140 triệu/t",37.0,"Lý Thường Kiệt, Phường 9, Quận Tân Bình, TPHCM",216.0,40,40,5,Sổ hồng,25/11/2025
Qúa hot! Bán tòa nhà đường lớn Trường Chinh. DT 15x40m. Hầm 8 tầng,125.0,"Trường Chinh, Phường 14, Quận Tân Bình, TPHCM",600.0,,,6,Sổ hồng,25/11/2025
"Bán nhà hẻm trước nhà 5m Nguyễn Sỹ Sách, P.15, 3,4 x 18, 3PN giá 5.25",5.25,"Nguyễn Sỹ Sách, Phường 15, Quận Tân Bình, TPHCM",57.0,3,2,1,Sổ hồng,25/11/2025
"Bán tòa nhà VP ngay Nguyễn Văn Trỗi-Nguyễn Trọng Tuyển, 10x28m, H+7L,",150.0,"Nguyễn Văn Trỗi, Phường 1, Quận Tân Bình, TPHCM",260.0,7,7,7,Giấy tờ hợp lệ,25/11/2025
"Bán tà nhà văn phòng Phan Đình Giót-Trường Sơn, Tân Bình, 12x20m, H+8L",120.0,"Phan Đình Giót, Phường 2, Quận Tân Bình, TPHCM",240.0,8,8,8,Giấy tờ hợp lệ,25/11/2025
"Bán nhà ngay Công viên Hoàng Văn Thụ, Lê Văn Sỹ, Tân Bình, 15x21m,31tỷ",31.0,"Lê Văn Sỹ, Phường 1, Quận Tân Bình, TPHCM",240.0,4,4,3,Giấy tờ hợp lệ,25/11/2025
"Bán nhà hẻm xe hơi thông Trần Thị Trọng, P.15, 4 x 10, giá 4.95 tỷ tl",4.95,"Trần Thị Trọng, Phường 15, Quận Tân Bình, TPHCM",40.0,2,2,2,Sổ hồng,25/11/2025
"Bán Siêu phẩm Góc 3 mặt tiền Út Tịch - Hoàng Việt,Tân Bình 12x25, giá",69.9,"Út Tịch, Phường 4, Quận Tân Bình, TPHCM",240.0,2,2,8,Giấy tờ hợp lệ,25/11/2025
"Hẻm 4m Cách Mạng Tháng 8, 44.4m2 ngang 4.5m, 4 tầng mới tặng nội thất,",7.4,"Cách Mạng Tháng 8, Phường 5, Quận Tân Bình, TPHCM",45.0,4,4,8,Sổ hồng,25/11/2025
"Hxh 8m Lạc Long Quân, 45m2, 3 tầng mới đẹp full nội thất, chỉ 8.95 tỷ,",8.95,"Lạc Long Quân, Phường 8, Quận Tân Bình, TPHCM",45.0,2,3,6,Sổ hồng,25/11/2025
"Hxh 5m Trường Chinh, 51m2, 4 tầng hiện đại, 4PN, chỉ 8.6 tỷ, ở ngay",8.6,"Trường Chinh, Phường 14, Quận Tân Bình, TPHCM",51.0,4,4,15,Sổ hồng,25/11/2025
"Bán đất hẻm 3m cách MT 30 Nguyễn Sỹ Bách,P.15, 3,11 x 12,5 giá 3.25",3.25,"Nguyễn Sỹ Sách, Phường 15, Quận Tân Bình, TPHCM",42.0,,,,Sổ hồng,25/11/2025
"Hxh 5m Âu Cơ, 70m2, nở hậu 4.6m, 5 tầng 3PN kiên cố, chỉ 10.2 tỷ",10.2,"Âu Cơ, Phường 9, Quận Tân Bình, TPHCM",70.0,4,4,18,Sổ hồng,25/11/2025
"Gần MT Âu Cơ, 35m2 nở hậu, 3PN mới keng, chỉ 4.75 tỷ, dọn vào ở ngay",4.75,"Âu Cơ, Phường 10, Quận Tân Bình, TPHCM",35.0,3,2,2,Sổ hồng,25/11/2025
"Hxh Lạc Long Quân, 150m2 nở hậu, 4 tầng 17 phòng,100tr/tháng dòng tiền",21.0,"Lạc Long Quân, Phường 11, Quận Tân Bình, TPHCM",150.0,17,17,4,Sổ hồng,25/11/2025
"Bán nhà góc 2MT Cửu Long gần Trường Sơn, Tân Bìnhngang 5.5x23m, 26 tỷ",26.0,"Cửu Long, Phường 2, Quận Tân Bình, TPHCM",125.0,4,4,7,Không xác định,25/11/2025
"Mặt tiền đường gần Hoàng Văn Thu khu văn phòng, KS, sang trọng 8.5x30m",90.0,"Hoàng Văn Thụ, Phường 1, Quận Tân Bình, TPHCM",240.0,3,2,,Giấy tờ hợp lệ,25/11/2025
"Bán nhà hẻm xe hơi sát mặt tiền Cống Lỡ,P.15, 3,4 x 10, giá 4.55 tỷ tl",4.55,"Cống Lở, Phường 15, Quận Tân Bình, TPHCM",34.0,2,2,2,Sổ hồng,25/11/2025
"Tân Bình - gần ga T3 & siêu thị EMART 🚛 XE TẢI THÔNG - 3 TẦNG - 3 PN,",2.58,"Hoàng Hoa Thám, Phường 13, Quận Tân Bình, TPHCM",52.0,3,3,3,Sổ hồng,25/11/2025
"Bán gấp nhà đường Nguyễn Văn Trỗi, Tân Bình, 8x18m, H+5 Lầu, HĐT:100tr",37.9,"Nguyễn Văn Trỗi, Phường 1, Quận Tân Bình, TPHCM",144.0,,,4,Sổ hồng,25/11/2025
"Hxh Huỳnh Văn Nghệ, 44m2, 4 tầng full nội thất, 4PN, chỉ 6.98 tỷ",6.979,"Huỳnh Văn Nghệ, Phường 15, Quận Tân Bình, TPHCM",42.0,4,5,11,Sổ hồng,25/11/2025
"Hxh 4m Trần Thị Trọng, 52m2, 3 tầng mới đẹp full nội thất, chỉ 6.38 tỷ",6.38,"Trần Thị Trọng, Phường 15, Quận Tân Bình, TPHCM",52.0,3,3,3,Sổ hồng,25/11/2025
Chính chủ bán nhà đẹp hẻm xe hơi đang cho thuê 20triệu tháng 1/ HN TB,1.999,"Hiệp Nhất, Phường 4, Quận Tân Bình, TPHCM",50.4,4,4,2,Sổ hồng,25/11/2025
"🔥 Bán nhà Giải Phóng, Phường 4, Tân Bình - Vị trí đẹp, gần sân bay!",2.123,"Giải Phóng, Phường 4, Quận Tân Bình, TPHCM",68.0,4,5,4,Sổ hồng,25/11/2025
"Bán nhà 2Mt Phạm Văn Hai gần Lê Văn Sỹ, Tân Bình, 5.5x21m, giá 25 tỷ",24.999,"Phạm Văn Hai, Phường 3, Quận Tân Bình, TPHCM",130.0,6,6,7,Giấy tờ hợp lệ,25/11/2025
Bán nhà 5 tầng đẹp (5x14) 124/2B Phan Huy Ích P.15 Tân Bình,9.2,"Phan Huy Ích, Phường 15, Quận Tân Bình, TPHCM",68.0,4,5,4,Sổ hồng,25/11/2025
🏢 Tòa nhà căn hộ dịch vụ gần đường Út Tịch - mặt tiền đ.Trường Sa TB,3.015,"Trường Sa, Phường 9, Quận Tân Bình, TPHCM",110.0,16,16,5,Sổ hồng,25/11/2025
"Bán nhà hẻm 3,5m Trần Thánh Tông,P.15, 3,4 x 11, 3 tầng,giá 4.55 tỷ tl",4.55,"Trần Thánh Tông, Phường 15, Quận Tân Bình, TPHCM",37.0,3,3,3,Sổ hồng,25/11/2025
"Nhà mặt tiền đẹp đường Tân Hải – Gần Etown Cộng Hòa, 3x12m, 4 tầng",10.5,"Tân Hải, Phường 13, Quận Tân Bình, TPHCM",36.0,5,4,4,Sổ hồng,25/11/2025
"Bán tòa BUiDING Đường C1, Phường 13, Quận Tân Bình. ĐT: 7,2x19m",36.0,"Đường C1, Phường 13, Quận Tân Bình, TPHCM",136.0,10,10,5,Sổ hồng,25/11/2025
"Bán nhà góc 2mt Lê Văn Huân, P.13, Tân Bình. DT: 5,2x16m. Giá: 17,5 tỷ",17.5,"Lê Văn Huân, Phường 13, Quận Tân Bình, TPHCM",83.2,4,4,2,Sổ hồng,25/11/2025
"Bán nhà mt Hoàng Văn Thụ, P.2, Tân Bình. DT: 4,15x30m. Giá: 27 tỷ",27.0,"Hoàng Văn Thụ, Phường 2, Quận Tân Bình, TPHCM",124.5,4,4,4,Sổ hồng,25/11/2025
"Bán nhà hẻm đẹp Nguyễn Minh Hoàng, P.12, Tân Bình. DT: 5x16m.Giá: 17tỷ",17.0,"Nguyễn Minh Hoàng, Phường 12, Quận Tân Bình, TPHCM",80.0,3,3,2,Sổ hồng,25/11/2025
"Bán nhà Mặt tiền đường Hồng Hà, P2, Q Tân Bình, 11x20, CTXD H+7L, 58tỷ",58.0,"Hồng Hà, Phường 2, Quận Tân Bình, TPHCM",185.0,1,1,,Giấy tờ hợp lệ,25/11/2025
"Bán nhà hẻm 158 đường Hoàng Hoa Thám, P.12, Tân Bình. DT: 4x20m.",17.0,"Hoàng Hoa Thám, Phường 12, Quận Tân Bình, TPHCM",80.0,4,4,3,Sổ hồng,25/11/2025
"Bán nhà hẻm 125 đường Hoàng Hoa Thám, P.13, Tân Bình. DT: 4,15x11,5m.",11.2,"Hoàng Hoa Thám, Phường 13, Quận Tân Bình, TPHCM",48.0,5,5,3,Sổ hồng,25/11/2025
"Bán nhà mt đường Lê Văn Huân, P.13, Tân Bình. DT: 7x26m. Giá: 46 tỷ",46.0,"Lê Văn Huân, Phường 13, Quận Tân Bình, TPHCM",167.0,7,7,5,Sổ hồng,25/11/2025
"Bán nhà 25/ đường Cửu Long, phường 2, Tân Bình. DT: 10x15m. Giá: 46 tỷ",46.0,"Cửu Long, Phường 2, Quận Tân Bình, TPHCM",150.0,23,23,7,Sổ hồng,25/11/2025
"Bán góc 2mt chính K300 phường 12, Quận Tân Bình. Dt:8,5x20m. Giá: 58tỷ",58.0,"Đường K300, Phường 12, Quận Tân Bình, TPHCM",169.0,6,6,4,Sổ hồng,25/11/2025
"Bán nhà mt Trương Hoàng Thanh K300, Phường 12, quận Tân Bình. DT: 5x14",14.8,"Trương Hoàng Thanh, Phường 12, Quận Tân Bình, TPHCM",70.0,2,3,2,Sổ hồng,25/11/2025
"Bán nhà hẻm 4m Núi Thành, P.13, Tân Bình. DT: 4,4x23m. Giá: 11,5 tỷ",11.5,"Núi Thành, Phường 13, Quận Tân Bình, TPHCM",100.0,4,4,,Sổ hồng,25/11/2025
"Bán nhà hxh Nhất Chi Mai, phường 13, Tân Bình. DT: 4x14m. Giá: 11,5 tỷ",11.5,"Nhất Chi Mai, Phường 13, Quận Tân Bình, TPHCM",64.0,2,2,1,Sổ hồng,25/11/2025
"Bán Nhà Mặt Tiền Kinh Doanh Đường số 1, Phường 10, Quận Tân Bình",12.9,"Đường số 1, Phường 10, Quận Tân Bình, TPHCM",68.0,4,5,3,Sổ hồng,25/11/2025
"Bán nhà hẻm 8m Lê Minh Xuân, Phường 7, Q. Tân Bình. Dt: 4,4x16,7m.",16.0,"Lê Minh Xuân, Phường 7, Quận Tân Bình, TPHCM",73.92,8,8,10,Sổ hồng,25/11/2025
"Bán biệt thự đường Trường Sơn, P.2, Tân Bình. DT: 10,5x28m. Giá 42 tỷ",42.0,"Trường Sơn, Phường 2, Quận Tân Bình, TPHCM",294.0,5,5,2,Sổ hồng,25/11/2025
"Bán nhà 4 lầu sát SÂN BAY xe tải (4,7x14) 36/22 YÊN THẾ p2 TÂN BÌNH",14.9,"Yên Thế, Phường 2, Quận Tân Bình, TPHCM",63.0,6,7,,Sổ hồng,25/11/2025
"Bán nhà mt chính K300, Phường 12, Tân Bình. DT: 8x20m. Giá: 35 tỷ",35.0,"Đường K300, Phường 12, Quận Tân Bình, TPHCM",160.0,4,4,3,Sổ hồng,25/11/2025
"Bán Nhà Phố Đường Hoàng Văn Thụ, Phường 04, Quận Tân Bình, Hồ chí Minh",10.4,"Hoàng Văn Thụ, Phường 4, Quận Tân Bình, TPHCM",55.0,3,3,3,Sổ hồng,25/11/2025
"Bán tòa nhà Building mới khu sân bay đường Bạch Đằng, P.2, Tân Bình.",40.0,"Bạch Đằng, Phường 2, Quận Tân Bình, TPHCM",181.5,10,10,6,Sổ hồng,25/11/2025
"Bán căn góc 3mt Cù Chính Lan, P.13, Tân Bình. DT: 9x18m. Giá: 35 tỷ",35.0,"Cù Chính Lan, Phường 13, Quận Tân Bình, TPHCM",172.0,4,4,3,Sổ hồng,25/11/2025
"Bán nhà hxh Nguyễn Hồng Đào,Phường 14, Tân Bình. DT:4x13m. Giá: 13,9tỷ",13.9,"Nguyễn Hồng Đào, Phường 14, Quận Tân Bình, TPHCM",52.0,2,1,,Sổ hồng,25/11/2025
"Bán nhà mt Nguyễn Minh Hoàng, Phường 12, quận Tân Bình. DT: 5x16m.",20.6,"Nguyễn Minh Hoàng, Phường 12, Quận Tân Bình, TPHCM",80.0,5,5,3,Sổ hồng,25/11/2025
"Bán Nhà Cấp 4 Đường Cộng Hoà, Phường 13, Quận Tân Bình, Hồ chí Minh",16.5,"Cộng Hòa, Phường 13, Quận Tân Bình, TPHCM",100.0,4,4,,Sổ hồng,25/11/2025
Khu COMPOUND 99C Cộng Hòa - đường bàn cờ khu dân cư cao cấp biệt lập,16.8,"Cộng Hòa, Phường 13, Quận Tân Bình, TPHCM",64.0,6,6,4,Sổ hồng,25/11/2025
"Bán Nhà Phố Đẹp Đường Phan Sào Nam, Phường 11, Quận Tân Bình",10.5,"Phan Sào Nam, Phường 11, Quận Tân Bình, TPHCM",54.0,5,4,3,Sổ hồng,25/11/2025
"Bán nhà hẻm 45 Lê Văn Huân, phường 13, quận Tân Bình. DT: 4x15m, 6 tỷ",6.0,"Lê Văn Huân, Phường 13, Quận Tân Bình, TPHCM",60.0,2,2,,Sổ hồng,25/11/2025
"Bán nhà hẻm Nguyễn Đình Khơi, phường 4, Tân Bình. DT: 4,2x12,5m.",9.5,"Nguyễn Đình Khơi, Phường 4, Quận Tân Bình, TPHCM",52.5,3,3,3,Sổ hồng,25/11/2025
"Bán nhà hẻm 581 Trường Chinh, P.14, Tân Bình. DT: 4x16m. Giá: 7,5 tỷ",7.5,"Trường Chinh, Phường 14, Quận Tân Bình, TPHCM",64.0,3,3,2,Sổ hồng,25/11/2025
"Bán nhà mt đường số 3 phường 10, Quận Tân Bình. DT: 4x15m.Giá: 12,4 tỷ",12.4,"Đường số 3, Phường 10, Quận Tân Bình, TPHCM",60.0,5,5,3,Sổ hồng,25/11/2025
"Bán nhà góc 2mt hẻm Nguyễn Thái Bình, P.12, Tân Bình. DT: 5,5x15m.",19.0,"Nguyễn Thái Bình, Phường 12, Quận Tân Bình, TPHCM",73.0,3,3,3,Sổ hồng,25/11/2025
"Bán nhà hẻm Lê Văn Huân, P.13, Tân Bình. DT: 4x15m. Giá: 6,5 tỷ",6.5,"Lê Văn Huân, Phường 13, Quận Tân Bình, TPHCM",60.0,2,2,2,Sổ hồng,25/11/2025
"Bán nhà mt gần nhà ga T3, Phường 13, Tân Bình. DT: 7x15m. Giá: 20 tỷ",20.0,"Đường C12, Phường 13, Quận Tân Bình, TPHCM",105.0,4,4,3,Sổ hồng,25/11/2025
"Bán Toà Nhà Đường Bình Giã, Phường 13, Quận Tân Bình, Hồ chí Minh",65.0,"Bình Giã, Phường 13, Quận Tân Bình, TPHCM",222.0,77,78,13,Sổ hồng,25/11/2025
"Bán nhà hẻm đường Cách Mạng Tháng Tám, P.5, Tân Bình. DT: 5,5x8m.",6.2,"Cách Mạng Tháng 8, Phường 5, Quận Tân Bình, TPHCM",43.0,2,2,2,Sổ hồng,25/11/2025
"Bán Nhà Phố Đẹp Góc 2 Mặt Tiền Đường Trường Chinh, Phường 14, Tân Bình",10.8,"Trường Chinh, Phường 14, Quận Tân Bình, TPHCM",52.0,4,5,3,Sổ hồng,25/11/2025
"Bán nhà đường Đồng Đen, Phường 11, Tân Bình. DT: 6,5x27m. Giá: 42 tỷ",42.0,"Đồng Đen, Phường 11, Quận Tân Bình, TPHCM",226.0,5,5,9,Sổ hồng,25/11/2025
"Bán nhà hẻm VIP Bàu Bàng, Bình Giã, P.13, Tân Bình. DT: 4,3x21m.",14.8,"Bình Giã, Phường 13, Quận Tân Bình, TPHCM",90.0,2,2,2,Sổ hồng,25/11/2025
"Bán nhà rẻ 3 lầu hxh (6,2x15) 187/37 Bạch Đằng p2 Tân Bình (Sân bay)",13.5,"Bạch Đằng, Phường 2, Quận Tân Bình, TPHCM",73.0,6,6,3,Sổ hồng,25/11/2025
"Tân Bình khu đẹp đường 10m, 12x38m,Long Hưng Bình Giã khu sang quá đẹp",56.5,"Bình Giã, Phường 13, Quận Tân Bình, TPHCM",450.0,1,1,2,Giấy tờ hợp lệ,25/11/2025
"Bán nhà c4 hẻm Bình Giã - Đồng Xoài, P.13, Tân Bình. DT: 13x37m.",56.0,"Bình Giã, Phường 13, Quận Tân Bình, TPHCM",481.0,2,2,,Sổ hồng,25/11/2025
"Bán căn biệt thự góc 2mt Cửu Long, Phường 4, quận Tân Bình. DT: 8x20m.",35.7,"Cửu Long, Phường 2, Quận Tân Bình, TPHCM",160.0,7,7,4,Sổ hồng,25/11/2025
"Bán nhà Mt Sông Đà ngay Trường Sơn, Tân Bình 12.9x20, 55 tỷ",54.999,"Trường Sơn, Phường 2, Quận Tân Bình, TPHCM",245.0,3,3,2,Giấy tờ hợp lệ,25/11/2025
"Bán nhà hẻm 8m đường Bình Giã, Phường 13, Tân Bình.DT:5x16m.Giá:13,5tỷ",13.5,"Bình Giã, Phường 13, Quận Tân Bình, TPHCM",80.0,4,4,2,Sổ hồng,25/11/2025
"Bán nhà hẻm VIP đường Bàu Bàng, P.13, Tân Bình. DT:5,5x27m. Giá:21,9tỷ",21.9,"Bàu Bàng, Phường 13, Quận Tân Bình, TPHCM",14.5,11,11,3,Sổ hồng,25/11/2025
"Bán nhà hẻm xe hơi Bạch Đằng, P.2, Tân Bình. DT: 4x17m. Giá: 12,5 tỷ",12.5,"Bạch Đằng, Phường 2, Quận Tân Bình, TPHCM",68.0,5,5,2,Sổ hồng,25/11/2025
"Bán nhà mt Hoàng Hoa Thám, Phường13, Tân Bình. DT: 4x23m. Giá: 25,8 tỷ",25.8,"Hoàng Hoa Thám, Phường 13, Quận Tân Bình, TPHCM",92.0,6,6,3,Sổ hồng,25/11/2025
"Bán nhà mặt tiền ngay chợ Nhất Chi Mai phường 13 Tân Bình. DT: 4,7x14",14.5,"Nhất Chi Mai, Phường 13, Quận Tân Bình, TPHCM",65.8,5,5,2,Sổ hồng,25/11/2025
"Bán nhà mặt tiền ngay chợ Nhất Chi Mai phường 13 Tân Bình. DT: 4,7x14",14.5,"Nhất Chi Mai, Phường 13, Quận Tân Bình, TPHCM",65.8,5,5,2,Sổ hồng,25/11/2025
"Bán nhà góc 2mt Lê Văn Huân, P.13, Tân Bình. DT: 5,2x16m. Giá: 17,5 tỷ",17.5,"Lê Văn Huân, Phường 13, Quận Tân Bình, TPHCM",83.2,4,4,2,Sổ hồng,25/11/2025
"Bán nhà hẻm xe hơi Phường 13, quận Tân Bình. DT: 4x15m. Giá: 11,5 tỷ",11.5,"Nhất Chi Mai, Phường 13, Quận Tân Bình, TPHCM",60.0,4,4,2,Sổ hồng,25/11/2025
"Bán nhà khu biệt thự HỒNG LONG – Huỳnh Lan Khanh, Phường 2, Tân Bình",27.5,"Huỳnh Lan Khanh, Phường 2, Quận Tân Bình, TPHCM",101.0,5,6,4,Sổ hồng,25/11/2025
Tân Bình- nhà mới 100/100 đẹp nội thất cao cấp- thang máy,13.89,"Lê Văn Sỹ, Phường 1, Quận Tân Bình, TPHCM",61.0,5,4,8,Giấy tờ hợp lệ,25/11/2025
"Bán CHDV Bạch Đằng 2, Tân Bình, 72m², 6 tầng, Doanh Thu 100Tr/Tháng",37.0,"Bạch Đằng 2, Phường 2, Quận Tân Bình, TPHCM",72.0,9,9,6,Sổ hồng,25/11/2025
"Nhà 2 lầu cần bán hẻm 137/ Gò Dầu, Tp, dt: 4 x 10.6m. giá: 6.5 tỷ",6.5,"Gò Dầu, Phường Tân Quý, Quận Tân Phú, TPHCM",42.0,4,3,3,Sổ hồng,25/11/2025
Giữ chỗ nhà phố 4 tầng 3 mặt tiền đường Võ Thị Sáu TPM Bình Dương,9.999,"Đường N1, Phường Sơn Kỳ, Quận Tân Phú, TPHCM",130.0,2,2,11,Hợp đồng mua bán,25/11/2025
Nhà Bán HXH Trần Thị Bảo (Phan Anh) - 4 X 19M - Nhỉnh Nhẹ 6 Tỷ,6.2,"Phan Anh, Phường Phú Trung, Quận Tân Phú, TPHCM",76.0,1,1,,Sổ hồng,25/11/2025
"Giá 4,3 Tỷ - 43M2 (3X14) - Hẻm Xe Hơi - 2 Tầng - 2PN,2WC - Phú Thọ Hòa",4.3,"Phú Thọ Hoà, Phường Phú Thọ Hòa, Quận Tân Phú, TPHCM",43.0,2,2,4,Sổ hồng,25/11/2025
"Bán căn góc The Glen đẹp, Celadon City mua trực tiếp từ chủ đầu tư",31.8,"Đường CN1, Phường Sơn Kỳ, Quận Tân Phú, TPHCM",96.0,6,7,,Giấy tờ hợp lệ,25/11/2025
Bán Nhà MặT Tiền Đường Tân Hương 71m2 Xây 4 Tầng Giá 16 Tỷ,16.0,"Tân Hương, Phường Tân Quý, Quận Tân Phú, TPHCM",71.0,6,7,4,Sổ hồng,25/11/2025
Mặt tiền Tân Hương – 5 tầng – 9PN – gần Aeon Tân Phú,16.5,"Tân Hương, Phường Tân Quý, Quận Tân Phú, TPHCM",81.0,9,7,9,Sổ hồng,25/11/2025
Nhà 2 tầng BTCT – hẻm xe hơi tránh – gần AEON Tân Phú!,6.2,"Lê Đình Thám, Phường Tân Quý, Quận Tân Phú, TPHCM",56.0,3,3,4,Sổ hồng,25/11/2025
"Nhà 2 tầng cực đẹp, ô tô tới cửa – giá chỉ 5,5 tỷ!",5.5,"Dương Văn Dương, Phường Tân Quý, Quận Tân Phú, TPHCM",55.0,3,2,4,Sổ hồng,25/11/2025
Tân Phú - Mặt Tiền Kinh Doanh Đỉnh - Dòng Tiền Gần 400 Triệu / Tháng -,94.999,"Tây Thạnh, Phường Tây Thạnh, Quận Tân Phú, TPHCM",409.0,,,14,Sổ hồng,25/11/2025
"Đối Diễn AEON Tân Phú – Nhà Bán Đẹp 5 Tầng – Hẻm NHhựa 7M – Chỉ 9,9 Tỷ",9.9,"Bờ Bao Tân Thắng, Phường Sơn Kỳ, Quận Tân Phú, TPHCM",60.0,5,6,2,Sổ hồng,25/11/2025
"Nhà 5 tầng – hẻm 6m – đối diện Aeon Tân Phú – chỉ 9,9 tỷ!",9.9,"Bờ Bao Tân Thắng, Phường Sơn Kỳ, Quận Tân Phú, TPHCM",60.0,5,6,7,Sổ hồng,25/11/2025
"Bán Nhà Tân Phú, 3.5tỷ, 48m2, 4 phòng ngủ, 1trệt 1lầu",3.5,"Gò Dầu, Phường Tân Quý, Quận Tân Phú, TPHCM",48.0,4,3,2,Sổ hồng,25/11/2025
"Bán Nhà hẻm Baga Tân Kỳ Tân Quý 23m2 xây 2Tầng Giá 3,18 Tỷ sổ Riêng",3.18,"Tân Kỳ Tân Quý, Phường Tân Sơn Nhì, Quận Tân Phú, TPHCM",23.0,1,2,2,Sổ hồng,25/11/2025
"Bán Nhà 14,8m2 Xây 2 Tầng Giá 1,75 Tỷ sổ Riêng Tân Phú",1.75,"Lê Thúc Hoạch, Phường Phú Thọ Hòa, Quận Tân Phú, TPHCM",14.8,1,1,,Sổ hồng,25/11/2025
"Bán Nhà 48m2 Xây 2 Hẻm Ô Tô sổ vuông giá 4,99 Tỷ",4.99,"Nguyễn Súy, Phường Tân Thới Hòa, Quận Tân Phú, TPHCM",48.0,2,2,4,Không xác định,25/11/2025
Nhà đẹp Lý Tuệ – xe hơi tới cửa – sát AEON Tân Phú,5.95,"Lý Tuệ, Phường Tân Quý, Quận Tân Phú, TPHCM",65.0,2,2,1,Sổ hồng,25/11/2025
"Bán Nhà Tây Thạnh Tân Phú sổ vuông không lộ giới giá 3,2 Tỷ",3.2,"Tây Thạnh, Phường Tây Thạnh, Quận Tân Phú, TPHCM",31.0,1,1,1,Sổ hồng,25/11/2025
"Nhà Bán 2 Tầng – Đường Lý Tuệ, Tân Qúy – Gần AEON Tân Phú",5.15,"Lý Tuệ, Phường Tân Quý, Quận Tân Phú, TPHCM",51.0,3,2,2,Sổ hồng,25/11/2025
"Nhà đẹp 3 tầng Vườn Lài – hẻm xe hơi – giá chỉ 8,9 tỷ",8.9,"Vườn Lài, Phường Phú Thọ Hòa, Quận Tân Phú, TPHCM",76.0,1,3,9,Sổ hồng,25/11/2025
"Nhà 3 tầng kiên cố – hẻm xe hơi Vườn Lài Tân Phú, khu VIP, giá chỉ 6,5",6.5,"Vườn Lài, Phường Phú Thọ Hòa, Quận Tân Phú, TPHCM",68.0,3,3,6,Sổ hồng,25/11/2025
Nhà Đường Vào Chợ Đường Nguyễn Sơn Căn Góc 4 Tầng DT 66m2 Giá 10 Tỷ,10.0,"Nguyễn Sơn, Phường Phú Thọ Hòa, Quận Tân Phú, TPHCM",66.0,4,4,11,Sổ hồng,25/11/2025
Nhà Đẹp 4 Tầng Lô Góc Hẻm 12m Kế Bên Aeon Mall Tân Phú,8.6,"Tân Kỳ Tân Quý, Phường Tân Quý, Quận Tân Phú, TPHCM",51.0,4,5,12,Sổ hồng,25/11/2025
Nhà Bán Căn Góc 4 Tầng - Không Lộ Giới - Nở Hậu 8M Tài Lộc - Khu Dân T,11.9,"Nguyễn Văn Săng, Phường Tân Sơn Nhì, Quận Tân Phú, TPHCM",86.0,5,5,4,Sổ hồng,25/11/2025
"Bán nhà Lũy Bán Bích 26,5 xây 2 Tầng giá 3,4 Tỷ Thương lượng hẽm Thoán",3.4,"Lũy Bán Bích, Phường Hòa Thạnh, Quận Tân Phú, TPHCM",27.0,2,2,2,Sổ hồng,25/11/2025
"Bán Nhà lô Góc 2 Tầng Hẻm 4m Trung Tâm Tân Phú Chỉ 3,1 Tỷ",3.1,"Nguyễn Súy, Phường Tân Quý, Quận Tân Phú, TPHCM",25.0,2,2,4,Sổ hồng,25/11/2025
"Bán Nhà đường Lũy Bán Bích 40m2 xây 2 Tầng giá 3,19 Tỷ",3.19,"Lũy Bán Bích, Phường Tân Thới Hòa, Quận Tân Phú, TPHCM",40.0,2,2,2,Sổ hồng,25/11/2025
"Nhà Bán 3,8 Tỷ - 46m2 - Hẻm Xe Máy - 2 Tầng - Lý Thánh Tông - Hiệp Tân",3.8,"Lý Thái Tông, Phường Hiệp Tân, Quận Tân Phú, TPHCM",48.0,1,1,1,Sổ đỏ,25/11/2025
Bán Nhà 67m2 hẻm 4m Thông sáT mặT Tiền Tây Thạnh,5.9,"Tây Thạnh, Phường Tây Thạnh, Quận Tân Phú, TPHCM",67.0,3,2,3,Sổ hồng,25/11/2025
"Bán Nhà Bình Long 32m2 xây 2 Tầng Giá 3,55 Tỷ",3.55,"Bình Long, Phường Sơn Kỳ, Quận Tân Phú, TPHCM",32.0,2,2,3,Sổ hồng,25/11/2025
"Bán Nhà Dương Văn Dương 22,3m2 xây 2 Tầng Giá 3,45 Tỷ",3.45,"Dương Văn Dương, Phường Tân Quý, Quận Tân Phú, TPHCM",22.0,2,1,2,Sổ hồng,25/11/2025
"Bán Nhà Lê Lư 24m2 Xây 2 tầng Nhà Mới ở ngay 3,4 tỷ thương lượng",3.4,"Lê Lư, Phường Phú Thọ Hòa, Quận Tân Phú, TPHCM",24.0,2,2,4,Sổ hồng,25/11/2025
"Bán Nhà Trần Tấn 15m2 xây 2 Tầng hẻm ô Tô giá 2,2 Tỷ",2.2,"Trần Tấn, Phường Tân Sơn Nhì, Quận Tân Phú, TPHCM",15.0,1,1,2,Sổ hồng,25/11/2025
"Nhà 52,4m² TÂn Sơn Nhì – Hẻm 4m – Giá chỉ 5,35 tỷ",5.35,"Nguyễn Văn Săng, Phường Tân Sơn Nhì, Quận Tân Phú, TPHCM",52.4,3,2,2,Sổ hồng,25/11/2025
Mặt tiền lô góc Nguyễn Bá Tòng – Nguyễn Trường Tộ,12.2,"Nguyễn Bá Tòng, Phường Tân Quý, Quận Tân Phú, TPHCM",47.0,5,5,4,Sổ hồng,25/11/2025
Nhà bán Phú Thọ Hòa – DT KHỦNG 112M2 – HẺM 7M – CẤP 4 TIỆN XÂY MỚI,10.5,"Phú Thọ Hoà, Phường Phú Thọ Hòa, Quận Tân Phú, TPHCM",112.0,2,2,,Sổ hồng,25/11/2025
"Bán Nhà hẽm ô tô tránh Dân trí cao Nguyễn Quý Anh 45m2 Giá 4,6",4.6,"Nguyễn Quý Anh, Phường Tân Sơn Nhì, Quận Tân Phú, TPHCM",45.0,2,2,2,Sổ hồng,25/11/2025
"Nhà hẽm 5m ngay Đại Học Công Thương giá chỉ 2,85 tỷ còn thương lượng",2.85,"Đường số 27, Phường Sơn Kỳ, Quận Tân Phú, TPHCM",14.0,2,2,6,Sổ hồng,25/11/2025
"Bán Nhà 4 x 14 Thoại Ngọc Hầu 4,8 Tỷ Thương Lượng",4.8,"Thoại Ngọc Hầu, Phường Phú Thạnh, Quận Tân Phú, TPHCM",55.0,2,1,,Không xác định,25/11/2025
Bán Nhà Ngay Nhà Thờ Tân Hương sổ vuông 33m2 hẽm Trước nhà 6,4.1,"Đường số 18, Phường Tân Quý, Quận Tân Phú, TPHCM",33.0,2,2,1,Sổ hồng,25/11/2025
"Nhà 3 tầng 4PN 3WC cạnh AEON Tân Phú – 4,25 tỷ",4.25,"Bờ Bao Tân Thắng, Phường Sơn Kỳ, Quận Tân Phú, TPHCM",31.0,4,3,3,Sổ hồng,25/11/2025
"Bán Nhà Phú Thọ Hòa hẽm 2,4m Giá 3,2 Tỷ DT 25m2 xây 2 Tầng",3.2,"Phú Thọ Hòa, Phường Phú Thọ Hòa, Quận Tân Phú, TPHCM",25.0,2,2,2,Sổ hồng,25/11/2025
🔥Bán Nhà Hẻm Xe Hơi Thông - Khuông Việt - Q. Tân Phú - 54m2 - Sổ Vuôn,4.5,"Khuông Việt, Phường Phú Trung, Quận Tân Phú, TPHCM",54.0,1,1,,Sổ hồng,25/11/2025
Bán nhanh căn Shop S1Celadon City giá Tốt chỉ 84 tr/m2 sắp nhận nhà,33.995,"Đường N1, Phường Sơn Kỳ, Quận Tân Phú, TPHCM",439.5,,4,1,Hợp đồng mua bán,25/11/2025
Căn nhà 2 tầng vị trí đẹp trên đường Lê Đình Thám đang cần chủ mới. Di,4.75,"Lê Đình Thám, Phường Tân Quý, Quận Tân Phú, TPHCM",50.0,2,2,2,Sổ hồng,25/11/2025
Nhận booking Siêu phẩm nhà phố Artisan Park TP Mới Bình Dương,9.999,"Đường N1, Phường Sơn Kỳ, Quận Tân Phú, TPHCM",130.0,5,6,7,Hợp đồng mua bán,25/11/2025
Rổ hàng The Glen CondoVilla-Celadon City Tân Phú giá tốt mua từ CĐT,21.0,"Đường CN1, Phường Sơn Kỳ, Quận Tân Phú, TPHCM",80.0,6,7,,Giấy tờ hợp lệ,25/11/2025
Nhà đẹp - Hẻm otô - Đi bộ ra chợ - Gần Aeon Tân Phú - Trường học,6.6,"Trần Văn Ơn, Phường Tân Sơn Nhì, Quận Tân Phú, TPHCM",43.0,2,2,2,Sổ hồng,25/11/2025
MT LÔ GÓC ngang 6.3m KD đỉnh SHOWROOM 169m2 gần Lê Văn Khương 12.2 tỷ,12.199,"Lũy Bán Bích, Phường Hòa Thạnh, Quận Tân Phú, TPHCM",169.0,1,1,,Sổ hồng,25/11/2025
MTKD đắc địa 5lầu gần Âu Cơ Tân Phú ngang 8m 192m2 T.máy KD đỉnh 47 tỷ,47.0,"Âu Cơ, Phường Phú Trung, Quận Tân Phú, TPHCM",192.0,12,9,10,Sổ hồng,25/11/2025
NGỘP giảm 6 tỷ MTKD 4 lầu đẹp Nguyễn Hữu Tiến 160m2 ngang 5m 19.3 tỷ,19.3,"Nguyễn Hữu Tiến, Phường Tây Thạnh, Quận Tân Phú, TPHCM",160.0,6,6,8,Sổ hồng,25/11/2025
"Ngợp Bank bán gấp nhà đẹp Ngay Đầm Sen 4,5x10m, g.bán 4,25 tỷ",4.25,"Khuông Việt, Phường Phú Trung, Quận Tân Phú, TPHCM",44.0,3,2,2,Sổ hồng,25/11/2025
"Gần Đầm Sen - Diện tích 60m2 CN đủ, 5PN, 3WC giá bán 4.95 tỷ",4.95,"Kênh Tân Hóa, Phường Phú Trung, Quận Tân Phú, TPHCM",60.0,5,3,6,Sổ hồng,25/11/2025
"Mặt tiền hẻm KD Trịnh Đình Trọng kế Đầm Sen, 5Tầng 112m2, Nhỉnh 10 tỷ",10.95,"Trịnh Đình Trọng, Phường Phú Trung, Quận Tân Phú, TPHCM",112.0,5,5,5,Sổ hồng,25/11/2025
"Bán gấp nhà MTKD địa thế đẹp, 8m x 19m vuông vức, 1 lầu. giá: 30 tỷ",30.0,"Trương Vĩnh Ký, Phường Tân Thành, Quận Tân Phú, TPHCM",152.0,,,2,Sổ hồng,25/11/2025
"Bán kho xưởng 10.000m2 trong KCN Tân Bình, P. Tây Thạnh, Q. Bình Tân.",195.0,"Đường CN13, Phường Tây Thạnh, Quận Tân Phú, TPHCM",10000.0,1,1,,Sổ đỏ,25/11/2025
"Bán nhà MTKD đường Nguyễn Suý, 4 x 18m, 2 lầu, ST. Giá: 14.2 tỷ.",14.2,"Nguyễn Súy, Phường Tân Quý, Quận Tân Phú, TPHCM",72.0,4,3,3,Sổ hồng,25/11/2025
"Sở hữu ngay nhà hẻm 87/ Bờ Bao Tân Thắng, 4 x 20m, 2 lầu, Giá: 9.5 tỷ",9.5,"Bờ Bao Tân Thắng, Phường Sơn Kỳ, Quận Tân Phú, TPHCM",80.0,4,3,3,Sổ hồng,25/11/2025
"Bán gấp nhà hẻm 66/ Đỗ Công Tường, 4 x 12,5m, 1 lầu. Giá: 5.5 tỷ",5.5,"Đỗ Công Tường, Phường Tân Quý, Quận Tân Phú, TPHCM",50.0,2,1,2,Sổ hồng,25/11/2025
"Hxh 5m Nguyễn Sơn, 51m2, 3 tầng 4PN mới đẹp, chỉ 7.3 tỷ, vào ở ngay",7.3,"Nguyễn Sơn, Phường Phú Thọ Hòa, Quận Tân Phú, TPHCM",51.0,4,3,9,Sổ hồng,25/11/2025
"Hxh 6m Đỗ Thừa Luông, 84m2, cấp 4 tiện xây mới, cho thuê 8tr/tháng, ch",7.9,"Đỗ Thừa Luông, Phường Tân Quý, Quận Tân Phú, TPHCM",84.0,2,2,5,Sổ hồng,25/11/2025
"Hxh Lê Trọng Tấn, 182m2, 3 tầng 9PN full gỗ cao cấp, chỉ 20 tỷ, ở ngay",20.0,"Lê Trọng Tấn, Phường Sơn Kỳ, Quận Tân Phú, TPHCM",182.0,9,5,6,Sổ hồng,25/11/2025
"Lý Thánh Tông, 62m2 ngang 5.2m, 3PN full nội thất, xe hơi trong nhà",7.6,"Lý Thánh Tông, Phường Tân Thới Hòa, Quận Tân Phú, TPHCM",62.0,3,3,,Sổ hồng,25/11/2025
"Hxh 8m Tân Kỳ Tân Quý, 64m2 nở hậu, mới đẹp, chỉ 7.2 tỷ, về ở ngay",7.2,"Tân Kỳ Tân Quý, Phường Tân Quý, Quận Tân Phú, TPHCM",64.0,2,2,,Sổ hồng,25/11/2025
"Hẻm 6m Khuông Việt Phú Trung, 96m2, 4 tầng 7PN kiên cố, chỉ 11.5 tỷ",11.5,"Khuông Việt, Phường Phú Trung, Quận Tân Phú, TPHCM",96.0,7,4,7,Sổ hồng,25/11/2025
"Hxh 5m Phú Thọ Hòa, 64m2, 4 tầng mới đẹp kiên cố, chỉ 7.2 tỷ,về ở ngay",7.199,"Phú Thọ Hoà, Phường Phú Thọ Hòa, Quận Tân Phú, TPHCM",62.0,4,4,16,Sổ hồng,25/11/2025
"Sở hữu ngay nhà 2 lầu, St, hẻm 7m Tân Sơn Nhì, 4 x 14m. Giá: 9.8 tỷ",9.8,"Tân Sơn Nhì, Phường Tân Sơn Nhì, Quận Tân Phú, TPHCM",56.0,4,4,4,Sổ hồng,25/11/2025
"Hxh 6m Khuông Việt gần Đầm Sen, 75m2 nở hậu, tiện xây mới, chỉ 7.9 tỷ",7.9,"Khuông Việt, Phường Phú Trung, Quận Tân Phú, TPHCM",75.0,2,2,5,Sổ hồng,25/11/2025
"Sở hữu nhà giá tốt hẻm 5m đường Gò Dầu, 42m2, 2 lầu. Giá: 6.5 tỷ",6.5,"Gò Dầu, Phường Tân Quý, Quận Tân Phú, TPHCM",41.5,4,3,3,Sổ hồng,25/11/2025
"Hẻm 6m Thoại Ngọc Hầu, 100m2 (4x25), 3 tầng 4PN, chỉ 10.5 tỷ, giá tốt",10.5,"Tân Thành, Phường Tân Thành, Quận Tân Phú, TPHCM",100.0,4,3,3,Sổ hồng,25/11/2025
"MT đường Lê Lâm, 80m2, 4 tầng, 4PN, khu VIP bàn cờ, chỉ 11.9 tỷ, ở nga",11.9,"Lê Lâm, Phường Phú Thạnh, Quận Tân Phú, TPHCM",80.0,4,5,12,Sổ hồng,25/11/2025
"HXH Trường Chinh gần Pandora, 61m2, 5m x12m, 3 tầng 4PN, chỉ 6.75 tỷ",6.749,"Trường Chinh, Phường Tây Thạnh, Quận Tân Phú, TPHCM",61.0,4,3,3,Sổ hồng,25/11/2025
"Bán nhanh toà nhà VP cao cấp MT Trần Văn Giáp, 166m2, hầm, 5 tầng.",40.0,"Trần Văn Giáp, Phường Phú Thọ Hòa, Quận Tân Phú, TPHCM",166.0,,,5,Sổ hồng,25/11/2025
"Chính chủ bán căn góc 2 MT đường 12m ngay Vườn Lài. DT: 6,1x22m",21.5,"Vườn Lài, Phường Tân Thành, Quận Tân Phú, TPHCM",134.2,8,10,4,Sổ hồng,25/11/2025
"Bán Nhà Cấp 4 Đường phan Đình Phùng, Phường Tân Thành, Quận Tân Phú",23.8,"Phan Đình Phùng, Phường Tân Thành, Quận Tân Phú, TPHCM",276.0,10,10,,Sổ hồng,25/11/2025
"Bán nhà mt VIP Tân Sơn Nhì, quận Tân Phú. Dt: 8,05x24m. Giá: 43 tỷ",43.0,"Tân Sơn Nhì, Phường Tân Sơn Nhì, Quận Tân Phú, TPHCM",197.0,3,3,,Sổ hồng,25/11/2025
"Bán Căn Hộ Dịch Vụ Cao Cấp gần Chợ Tân Hương, Tân Phú. DT: 8x20m.",25.0,"Tân Hương, Phường Tân Quý, Quận Tân Phú, TPHCM",160.0,20,20,5,Sổ hồng,25/11/2025
"Hxh Lương Thế Vinh, 54m2 (4x13.5), GPXD 4 tầng sẵn, chỉ 5.4 tỷ, tiện x",5.4,"Lương Thế Vinh, Phường Tân Thới Hòa, Quận Tân Phú, TPHCM",54.0,2,2,14,Sổ hồng,25/11/2025
Chủ cần bán - Giảm ngay 600tr - Mặt tiền Đường Tân Sơn Nhì - Tân Phú,9.9,"Tân Sơn Nhì, Phường Tân Sơn Nhì, Quận Tân Phú, TPHCM",28.7,2,3,3,Sổ hồng,25/11/2025
Siêu phẩm 4 tầng Đường Độc Lập - Tân Phú,7.3,"Độc Lập, Phường Tân Thành, Quận Tân Phú, TPHCM",40.0,4,3,8,Sổ hồng,25/11/2025
"Bán Nhà HXH 6m 345 Tân Kỳ Tân Qúy,P.Tân Quý 4x19m đúc BTCT",8.5,"Tân Kỳ Tân Quý, Phường Tân Quý, Quận Tân Phú, TPHCM",77.0,5,3,2,Sổ đỏ,24/11/2025
"Nhà phố Tân Phú -Mặt Tiền VƯỜN LÀI – PHÚ THỌ HÒA, TÂN PHÚ – 31M²",4.3,"Vườn Lài, Phường Phú Thọ Hòa, Quận Tân Phú, TPHCM",31.0,2,2,2,Sổ đỏ,24/11/2025
"Bán nhà đường Phan Anh Q.Tân Phú - 4m x 11m - giá 6,15 tỉ",6.15,"Phan Anh, Phường Hiệp Tân, Quận Tân Phú, TPHCM",44.0,5,5,4,Sổ hồng,24/11/2025
Giá 4 Tỷ 399 Đỗ Thừa Tự Tân Phú – 4 x 10m (40m2) –Trệt Lầu–2Phòng Ngủ,4.399,"Đỗ Thừa Tự, Phường Tân Quý, Quận Tân Phú, TPHCM",40.0,2,2,2,Sổ hồng,23/11/2025
Mặt tiền kinh doanh Tân Phú 4M x 15M - 3 tầng hai mặt tiền chỉ 8.6 ty,8.6,"Phạm Quý Thích, Phường Tân Quý, Quận Tân Phú, TPHCM",63.0,4,3,6,Sổ hồng,22/11/2025
Gò Dầu hẻm xe hơi - 4m x 14m - 4 tầng - chỉ nhỉnh 6 tỷ thương lượng,6.7,"Gò Dầu, Phường Tân Quý, Quận Tân Phú, TPHCM",56.0,4,4,3,Sổ hồng,22/11/2025
Nhà 5 tầng 4.4M x 16M - Âu Cơ Tân Phú chủ 8.2 Tỷ thương lượng.,8.2,"Âu Cơ, Phường Phú Trung, Quận Tân Phú, TPHCM",65.0,6,6,8,Sổ hồng,22/11/2025
Hẻm xe hơi như mặt tiền 220m2(7.2m x30m) chỉ 21.99 tỷ thương lượng,0.021,"Nguyễn Minh Châu, Phường Phú Trung, Quận Tân Phú, TPHCM",220.0,3,3,1,Sổ hồng,22/11/2025
Tân kỳ Tân quý hẻm 4m - 2 tầng - 55m2 chỉ 5.3 tỷ thương lượng,5.3,"Tân Kỳ Tân Quý, Phường Tân Sơn Nhì, Quận Tân Phú, TPHCM",55.0,3,2,4,Sổ hồng,22/11/2025
Hẻm xe tải gần đầm sen nhà đẹp 99m2 chỉ 11.4 tỷ thương lượng,11.4,"Khuông Việt, Phường Phú Trung, Quận Tân Phú, TPHCM",99.0,4,24,3,Sổ hồng,22/11/2025
Trịnh Đình Trọng hẻm xe tải 4.2m x 22.3m - 4 tầng. Chỉ 14.99 tỷ,14.99,"Trịnh Đình Trọng, Phường Phú Trung, Quận Tân Phú, TPHCM",83.0,5,4,7,Sổ hồng,22/11/2025
Nhà đẹp ở liền kênh 19 tháng 5 Tân Phú gần Aeon Tân Phú 4M x 18m,8.7,"Đường Kênh 19 Tháng 5, Phường Sơn Kỳ, Quận Tân Phú, TPHCM",74.0,4,4,4,Sổ hồng,22/11/2025
Mặt tiền F. Hoà Thạnh Tân Phú 120m2 - 3 tầng chỉ 11.8 tỷ thương lượng,11.8,"Huỳnh Thiện Lộc, Phường Hòa Thạnh, Quận Tân Phú, TPHCM",120.0,7,5,6,Sổ hồng,22/11/2025
Âu cơ giáp Tân Bình 4M x 11m - 3 Tầng Hẻm xe hơi chỉ 6.4 tỷ,6.4,"Âu Cơ, Phường Tân Sơn Nhì, Quận Tân Phú, TPHCM",44.0,3,3,6,Sổ hồng,22/11/2025
Lê Trọng Tấn hẻm xe hơi thông 4mx19m - 3 tầng chỉ 7.5 tỷ thương lượng,7.5,"Lê Trọng Tấn, Phường Sơn Kỳ, Quận Tân Phú, TPHCM",76.0,4,3,3,Sổ hồng,22/11/2025
Hẻm xe hơi ngày chợ Chợ Tân Hương 35m2 - 2 tầng chỉ 3.65 tỷ,3.65,"Tân Hương, Phường Tân Quý, Quận Tân Phú, TPHCM",35.0,2,2,2,Sổ hồng,22/11/2025
Thoại Ngọc Hầu 4.5m x 13m - hẻm xe tải - chỉ 4.5 tỷ thương lượng,7.5,"Thoại Ngọc Hầu, Phường Phú Thạnh, Quận Tân Phú, TPHCM",60.0,2,2,,Sổ hồng,22/11/2025
"Chính Chủ Bán Nhà MT Đường Bình Long, Quận Tân phú.",23.0,"Bình Long, Phường Sơn Kỳ, Quận Tân Phú, TPHCM",180.0,13,13,4,Sổ hồng,21/11/2025
"Nhà 4Tầng Mới Đẹp, 48M Nhỉnh 6 Đồng Tân Sơn Nhì Tân Phú Gần Aeon Mall",6.789,"Tân Sơn Nhì, Phường Tân Sơn Nhì, Quận Tân Phú, TPHCM",48.0,4,4,8,Sổ hồng,21/11/2025
Nhỉnh 3 Tỷ – Âu Cơ – 24M² (3x8) – 2 Phòng Ngủ – Trung Tâm Tân Phú,3.2,"Âu Cơ, Phường Phú Trung, Quận Tân Phú, TPHCM",24.0,2,2,2,Sổ hồng,21/11/2025
Khu ADC VIP Phú Thạnh Tân Phú Nhà 2 Tầng Đẹp 45M² Nở Hậu Chỉ 3.199 Tỷ,3.199,"Đường B, Phường Phú Thạnh, Quận Tân Phú, TPHCM",45.0,3,3,4,Sổ hồng,21/11/2025
Nhà Đẹp Sát AEON MALL TP 1Đời Chủ BTCT Ở Ngay 5Tầng Giá Chỉ 5 Đồng 6Xu,4.99,"Bờ Bao Tân Thắng, Phường Sơn Kỳ, Quận Tân Phú, TPHCM",39.0,3,3,10,Sổ hồng,21/11/2025
Nhà Đẹp Tân Phú–Chỉ Nhỉnh 5 Tỷ TL–Hẻm Ô Tô–4 Tầng BTCT– DT CN 40m²-4PN,5.599,"Nguyễn Hữu Tiến, Phường Tây Thạnh, Quận Tân Phú, TPHCM",42.0,4,3,8,Sổ hồng,21/11/2025
"Chỉ 3,099Tỷ Gò Dầu & Nguyễn Suý Tân Phú – DTSD 50M² – 2 Phòng Ngủ",3.099,"Nguyễn Súy, Phường Tân Quý, Quận Tân Phú, TPHCM",26.0,2,2,2,Sổ hồng,21/11/2025
"Nhà Mới Tân Phú 3Tầng Hoàn Công Đầy Đủ–77m²–Chỉ 5,9Tỷ–Gần Aeon Mall",5.9,"Đô Đốc Chấn, Phường Sơn Kỳ, Quận Tân Phú, TPHCM",77.0,3,3,9,Sổ hồng,21/11/2025
Siêu Phẩm Tân Phú Chỉ 3.6 Tỷ Gần Chợ Tân Hương - 37m² –3 Tầng - 4PN,3.8890000000000002,"Nguyễn Ngọc Nhựt, Phường Tân Quý, Quận Tân Phú, TPHCM",38.0,4,3,9,Sổ hồng,21/11/2025
Sát MT Phú Thọ Hòa 4Tầng Mới Đẹp Giá Nhỉnh 4 Đồng 3PN+3WC+Sân Thượng,4.87,"Phú Thọ Hoà, Phường Phú Thọ Hòa, Quận Tân Phú, TPHCM",36.0,3,3,7,Sổ hồng,21/11/2025
"Nhà Mới Đẹp Hiếm Khu Vực Tân Phú Sổ Hồng Giá Nhỉnh 3,59Tỷ Trệt+Lầu 2PN",3.59,"Nguyễn Súy, Phường Tân Quý, Quận Tân Phú, TPHCM",32.0,2,2,2,Sổ hồng,21/11/2025
Nhà Tân Phú–Gần Đại Học Công Thương Aeon TP–56m² –Sát HXH–Chỉ 5.199Ty,5.199,"Chế Lan Viên, Phường Tây Thạnh, Quận Tân Phú, TPHCM",56.0,2,1,1,Sổ hồng,21/11/2025
Chỉ 4 Đồng Nhỉnh Hàng Hiếm Khu Víp Vườn Lài Tân Phú,4.499,"Vườn Lài, Phường Phú Thọ Hòa, Quận Tân Phú, TPHCM",35.0,3,2,5,Sổ hồng,21/11/2025
Hiếm Căn Thứ 2 Sơn Kỳ TânPhú 2Tầng Đẹp Ở Ngay Nhỉnh 3Tỷ Gần Nhà Ga T3,3.6790000000000003,"Sơn Kỳ, Phường Sơn Kỳ, Quận Tân Phú, TPHCM",30.0,2,1,2,Sổ hồng,21/11/2025
40M2 (4 x 14)–Giá 3.839 Tỷ Thương Lượng-Nhà Cũ 2Tầng Tây Thạnh Tân Phú,3.839,"Lưu Chí Hiếu, Phường Tây Thạnh, Quận Tân Phú, TPHCM",40.0,2,2,4,Sổ hồng,21/11/2025
"ÔTô Thông – Gần Mặt Tiền Lương Thế Vinh – Nhà Đẹp 48m² 3PN Giá 4,8 Tỷ",4.799,"Lương Thế Vinh, Phường Tân Thới Hòa, Quận Tân Phú, TPHCM",48.0,3,2,2,Sổ hồng,21/11/2025
"Chỉ 3.65 tỷ(TL), Nhà Đường Số 18-Tân Phú,Ngay Chợ Và Nhà Thờ Tân Hương",3.65,"Đường số 18, Phường Tân Quý, Quận Tân Phú, TPHCM",35.0,2,2,2,Sổ hồng,20/11/2025
MT LỚN 8M Tân Sơn Nhì - 128m2 (8x16) - 4 Tầng - HĐT PNJ 95 triệu,44.999,"Tân Sơn Nhì, Phường Tân Thành, Quận Tân Phú, TPHCM",128.0,4,4,12,Sổ hồng,19/11/2025
Bán tòa nhà 31 phòng CHDV mới 100%- HĐT 140 triệu/tháng - 40 tỷ TL,39.999,"Thoại Ngọc Hầu, Phường Phú Thạnh, Quận Tân Phú, TPHCM",174.0,31,31,6,Sổ hồng,19/11/2025
Bán nhà mtkd ngay tân sơn nhì-Tân Phú.DT 11x18 ~DTCN 200m2- chỉ 25 TỶ,25.0,"Diệp Minh Châu, Phường Tân Sơn Nhì, Quận Tân Phú, TPHCM",200.0,1,1,,Sổ hồng,18/11/2025
Bán nhà MT đường Cầu Xéo-Tân Phú.DT 5.5x31-DTCN 166m2- Giá rẻ 99Tr/m,15.9,"Cầu Xéo, Phường Tân Quý, Quận Tân Phú, TPHCM",166.0,1,1,,Sổ hồng,18/11/2025
Bán nhà HXH Phan Đình Phùng-Tân Phú.DT 12x25. DTCN 275m2 chỉ 24.5 TỶ,24.5,"Phan Đình Phùng, Phường Tân Thành, Quận Tân Phú, TPHCM",275.0,10,10,,Sổ hồng,18/11/2025
Bán gấp nhà 2 mặt HXH5m đường Vườn Lài-Tân Phú.DT 6.2x16.5m- Đúc 2 Lầu,12.0,"Vườn Lài, Phường Tân Thành, Quận Tân Phú, TPHCM",102.0,4,3,3,Sổ hồng,18/11/2025
Bán nhà MTNB Lê Văn Phan- Vườn Lài-Tân Phú.DT 4.1x12.5m- ĐÚc 3 Lầu,8.8,"Lê Văn Phan, Phường Phú Thọ Hòa, Quận Tân Phú, TPHCM",48.0,3,4,4,Sổ hồng,18/11/2025
Bán nhà MT Lê Lâm- Tân Phú.DT 8x19.5 Vị trí đẹp đường rộng kd tốt,17.8,"Lê Lâm, Phường Phú Thạnh, Quận Tân Phú, TPHCM",156.0,2,2,,Sổ hồng,18/11/2025
Bán nhà GÓC 2MT Nguyễn Bá Tòng-Tân Phú.DT 4.2x12- ĐÚc 4 Tấm VỊ TRÍ ĐẸP,12.2,"Nguyễn Bá Tòng, Phường Tân Thành, Quận Tân Phú, TPHCM",48.0,5,4,4,Sổ hồng,18/11/2025
Bán nhà HXH đường Khuông Việt-Tân Phú.DT 4.5x17- nở hậu nhẹ- DTCN 75m2,7.9,"Khuông Việt, Phường Phú Trung, Quận Tân Phú, TPHCM",75.0,2,2,1,Sổ hồng,18/11/2025
"GIẢM 300TR- Bán nhà MT Nguyễn Văn Tố,Tân Phú.dt 4x17. 1L chỉ Hơn 9 Tỷ",9.5,"Nguyễn Văn Tố, Phường Tân Thành, Quận Tân Phú, TPHCM",68.0,2,2,1,Sổ hồng,18/11/2025
"Bán nhà MT Tân Thành-Tân Phú.DT 5x27. KC Đúc 3 Lầu,St VỊ TRÍ ĐẸP",16.5,"Tân Thành, Phường Tân Thành, Quận Tân Phú, TPHCM",125.0,8,5,4,Sổ hồng,18/11/2025
Bán nhà đường NB Nguyễn Hậu-p Tân Thành-Tân Phú.DT 8x14- Đúc 3 Lầu-ST,17.6,"Nguyễn Hậu, Phường Tân Thành, Quận Tân Phú, TPHCM",112.0,6,4,4,Sổ hồng,18/11/2025
Bán nhà HXH8m Nguyễn Văn Yến-Tân Phú.DT 4.1x18. 1 Lầu- chỉ 6.5 TỶ,6.5,"Nguyễn Văn Yến, Phường Tân Thới Hòa, Quận Tân Phú, TPHCM",72.0,2,2,1,Sổ hồng,18/11/2025
"Bán nhà MTNB 24m Nguyễn Cửu Đàm, pTSN, Tân Phú. DT 4x19. Đúc 4 Tấm",12.5,"Nguyễn Cửu Đàm, Phường Tân Sơn Nhì, Quận Tân Phú, TPHCM",76.0,4,4,3,Sổ hồng,18/11/2025
"Bán nhà MT Lê Lâm,p Phú Thạnh,Tân Phú.DT 4x15.Đúc 3 Lầu chỉ nhỉnh 9 TỶ",9.999,"Lê Lâm, Phường Phú Thạnh, Quận Tân Phú, TPHCM",60.0,5,4,4,Sổ hồng,18/11/2025
Bán nhà MT Kênh Tân Hóa-Tân Phú.DT 13.5x17- DTCN 216m2- VỊ TRÍ ĐẸP,38.5,"Kênh Tân Hóa, Phường Phú Trung, Quận Tân Phú, TPHCM",216.0,4,4,3,Sổ hồng,18/11/2025
"Biệt Thự Mặt Tiền Tân Sơn Nhì- DT 8x32- 1 Hầm, 3 Lầu, NT Gỗ Cao Cấp",57.9,"Tân Sơn Nhì, Phường Tân Sơn Nhì, Quận Tân Phú, TPHCM",280.0,8,8,4,Sổ hồng,18/11/2025
"Bán Biệt Thự Đẹp MT Tân Sơn Nhì- Tân Phú. DT 8x32. 1 Hầm, 3 Lầu- NTCC",57.9,"Tân Sơn Nhì, Phường Tân Sơn Nhì, Quận Tân Phú, TPHCM",280.0,8,8,4,Sổ hồng,18/11/2025
Bán nhà MTNB đường 14m CX Độc Lập-Tân Phú.DT 4x15.ĐÚc 3 Lầu-Chỉ 9.9 TỶ,9.9,"Độc Lập, Phường Tân Quý, Quận Tân Phú, TPHCM",60.0,4,4,3,Sổ hồng,18/11/2025
Bán nhà MT CHu văn An- Tân PHú.DT 3.9x15- ĐÚc 2 Lầu-ST-Giá rẻ 8.2 TỶ,8.2,"Chu Văn An, Phường Tân Thành, Quận Tân Phú, TPHCM",58.0,4,3,3,Sổ hồng,18/11/2025
"Bán nhà mặt tiền Khuông Việt Q Tân Phú, 4x18m cn 69m2 kc 4 tầng chỉ 11",11.0,"Khuông Việt, Phường Phú Trung, Quận Tân Phú, TPHCM",70.0,4,3,2,Sổ hồng,18/11/2025
"Bán nhà Mặt tiền Tân Quý Tân Phú, 5x20m cn 96 m2, 5 tầng chỉ nhỉnh 16T",16.399,"Tân Quý, Phường Tân Quý, Quận Tân Phú, TPHCM",95.0,7,5,2,Sổ hồng,18/11/2025
"Bán nhà góc 2 mặt tiền Lũy Bán Bích Quận Tân Phú, 4.8x26m 127m2 19,5T",19.5,"Lũy Bán Bích, Phường Hòa Thạnh, Quận Tân Phú, TPHCM",127.0,3,3,2,Sổ hồng,18/11/2025
"nhà đẹp, hẻm thông, khu vip phú thọ hoà, tân phú",4.0,"Phú Thọ Hoà, Phường Phú Thọ Hòa, Quận Tân Phú, TPHCM",36.0,3,3,7,Sổ hồng,18/11/2025
Bán nhà góc 2 MT Nguyễn Hậu - Chu Văn An Tân Phú 82m2 5 tầng chỉ 17.5T,17.5,"Nguyễn Hậu, Phường Tân Thành, Quận Tân Phú, TPHCM",82.0,5,5,3,Sổ hồng,17/11/2025
"Bán nhà LÔ GÓC HẺM ÔTÔ - chợ vải PHÚ THỌ HOÀ -TÂN PHÚ - 38m2 - 4,05 tỷ",4.05,"Phú Thọ Hoà, Phường Phú Thọ Hòa, Quận Tân Phú, TPHCM",38.0,2,2,2,Sổ hồng,17/11/2025
Bán Nhà 2 tầng BTCT - Trần Văn Ơn-Tân Sơn Nhì-Tân Phú chỉ hơn 4tỷ,4.1,"Trần Văn Ơn, Phường Tân Sơn Nhì, Quận Tân Phú, TPHCM",31.0,2,2,4,Sổ hồng,17/11/2025
Nhà bán Nguyễn Văn Vịnh - Tân Phú sát bên ĐẦM SEN - Diện tích : 75m2,6.1,"Nguyễn Văn Vịnh, Phường Phú Thạnh, Quận Tân Phú, TPHCM",75.0,2,2,1,Sổ hồng,17/11/2025
"BÁN NHÀ Hẻm Thông Xe Tải Tránh , Sát MT THOẠI NGỌC HẦU-TÂN PHÚ",7.3,"Thoại Ngọc Hầu, Phường Phú Thạnh, Quận Tân Phú, TPHCM",65.0,2,2,3,Sổ hồng,15/11/2025
"Bán gấp hẻm Huỳnh Văn Chính 4x4,5m 1 trệt 1 lầu giá 1,68 tỷ.",1.6800000000000002,"32/53 Huỳnh Văn Chính, Phường Phú Trung, Quận Tân Phú, TPHCM",13.0,2,1,4,Sổ hồng,13/11/2025
"Bán nhà H4m Kênh 19/5 Tân Phú, DT 4,05x15,5m, 1 lầu giá 5.75 tỷ.",5.5,"Kênh 19 Tháng 5, Phường Tây Thạnh, Quận Tân Phú, TPHCM",70.0,2,2,1,Sổ hồng,13/11/2025
Bán gấp Mặt Tiền Tô Hiệu 4.7x18m giá 13 tỷ,13.0,"Tô Hiệu, Phường Hiệp Tân, Quận Tân Phú, TPHCM",80.0,2,1,,Sổ hồng,13/11/2025
"Bán Nhà 65m2,Gần Đoạn Giao Thoại Ngọc Hầu, Sát MT-Lũy Bán Bích-Tân Phú",4.5,"Lũy Bán Bích, Phường Hòa Thạnh, Quận Tân Phú, TPHCM",65.0,2,1,1,Sổ hồng,12/11/2025
"BÁN NHÀ 2 Mặt Tiền KD, NGAY ĐH CÔNG THƯƠNG-Bùi Xuân Phái -Tân Phú",4.9,"Bùi Xuân Phái, Phường Tây Thạnh, Quận Tân Phú, TPHCM",28.0,4,4,6,Sổ hồng,10/11/2025
"Bán nhà quận Tân Phú đường Tô Hiêu ngang 4 x 18m giá 8,9 tỷ",8.9,"Tô Hiệu, Phường Tân Thới Hòa, Quận Tân Phú, TPHCM",68.0,5,4,5,Sổ hồng,08/11/2025
Chính Chủ Gửi Bán Gấp Nhà Phố Mặt Tiền Cách Đặng Văn Bi 20m,19.0,"Đặng Văn Bi, Phường Bình Thọ, Quận Thủ Đức (TP. Thủ Đức), TPHCM",196.0,3,2,2,Sổ hồng,25/11/2025
"Bán Dãy Trọ 20 Phòng, DT 231m2 Ngang 11m Đường 7 Linh Trung Thủ Đức",14.5,"Đường số 7, Phường Linh Trung, Quận Thủ Đức (TP. Thủ Đức), TPHCM",160.0,20,20,,Sổ hồng,25/11/2025
"Nhà Mặt Tiền, DT 274m2 Ngang 8,7m, Đg Nguyễn Văn Bá, Bình Thọ, T. Đức",40.0,"Nguyễn Văn Bá, Phường Bình Thọ, Quận Thủ Đức (TP. Thủ Đức), TPHCM",274.0,2,2,2,Sổ hồng,25/11/2025
"Nhà Cấp 4, DT 158m2 Ngang 5,3m MT Đường Đặng Văn Bi, Bình Thọ Thủ Đức.",28.5,"Đặng Văn Bi, Phường Bình Thọ, Quận Thủ Đức (TP. Thủ Đức), TPHCM",158.0,1,1,,Sổ hồng,25/11/2025
"Nhà Cấp 4, DT 96m2 Ngang 4,3m, MT Đường 6 Linh Trung Gần ĐH Ngân Hàng",10.5,"Đường số 6, Phường Linh Trung, Quận Thủ Đức (TP. Thủ Đức), TPHCM",96.0,1,1,,Sổ hồng,25/11/2025
"Bán tòa nhà MT Đặng Văn Bi Làng -Đại Học Thủ Đức,12x26m, H+7 lầu, 72tỷ",72.0,"Đặng Văn Bi, Phường Bình Thọ, Quận Thủ Đức (TP. Thủ Đức), TPHCM",330.0,7,8,7,Giấy tờ hợp lệ,25/11/2025
"Bán Nhà 3 Tầng Hẻm Xe Hơi 53,4m2 (4m x 13,36m) Đường Số 4 Trường Thọ",8.0,"Đường số 4, Phường Trường Thọ, Quận Thủ Đức (TP. Thủ Đức), TPHCM",53.4,3,2,6,Sổ hồng,25/11/2025
"Bán Mặt tiền Linh Trung Thủ Đức , ngang 9m DT : 538m2. Giá 41 tỷ",41.0,"Linh Trung, Phường Linh Trung, Quận Thủ Đức (TP. Thủ Đức), TPHCM",538.0,1,1,,Sổ hồng,25/11/2025
❇️Nhà 3 Tầng - Hẻm Xe Tải - Đường Số 11 - Trường Thọ - Sát Ga Metro -,2.575,"Đường số 11, Phường Trường Thọ, Quận Thủ Đức (TP. Thủ Đức), TPHCM",68.0,3,4,6,Sổ hồng,25/11/2025
Bán toà nhà CHDV 2 Mặt Tiền đường số 30 Linh Đông Thủ Đức -DT: 10x 30m,33.5,"Đường 30, Phường Linh Đông, Quận Thủ Đức (TP. Thủ Đức), TPHCM",300.0,49,49,4,Sổ hồng,25/11/2025
"Bán CHDV 400m2 – 100 Tr/Th – Hẻm 8m, QL13 Cũ, Thủ Đức – Giá Chỉ 32 Tỷ",32.0,"Quốc Lộ 13 cũ, Phường Hiệp Bình Phước, Quận Thủ Đức (TP. Thủ Đức), TPHCM",400.0,34,34,8,Sổ hồng,24/11/2025
Bán Nhà 1 Trệt 1 Lầu 200m2 Ngang 10m Có 21 Phòng Đường 36 Linh Đông,17.5,"Đường số 36, Phường Linh Đông, Quận Thủ Đức (TP. Thủ Đức), TPHCM",200.0,21,21,2,Sổ hồng,25/11/2025
"BĐS Khang Hiếm - Bán GÓC 2MT 188 Võ Văn Ngân, P.Bình Thọ, Quận Thủ Đức",343.0,"188 Võ Văn Ngân, Phường Bình Thọ, Quận Thủ Đức (TP. Thủ Đức), TPHCM",1668.0,2,2,2,Sổ hồng,24/11/2025
Bán Nhà 2 Mặt Hẻm oto - Đường 11 - Trường Thọ - Thủ Đức - 68.1m2,7.5,"Đường 11, Phường Trường Thọ, Quận Thủ Đức (TP. Thủ Đức), TPHCM",68.1,3,3,6,Sổ hồng,24/11/2025
Bán Nhà Nở Hậu 9.22m Linh Xuân Thủ Đức - 88m2 - Giảm 300tr còn 4.3T,4.3,"Đường số 8, Phường Linh Xuân, Quận Thủ Đức (TP. Thủ Đức), TPHCM",88.0,4,3,,Sổ hồng,24/11/2025
Bán Nhà HXH 5 tầng - Linh Đông Thủ Đức - 88m2 - 4pn Tân Cổ Điển,8.5,"Đường 30, Phường Linh Đông, Quận Thủ Đức (TP. Thủ Đức), TPHCM",88.0,4,5,5,Sổ hồng,24/11/2025
Siêu Vip - 80M2 - 4 Tầng - Xe Hơi Đậu Cửa - Khu Vip Hiệp Bình Chánh,9.0,"Đường 48, Phường Hiệp Bình Chánh, Quận Thủ Đức (TP. Thủ Đức), TPHCM",80.0,4,5,12,Sổ hồng,24/11/2025
Bán 2 Lô Đất Hiếm Bình Thọ - Lô Góc - Xe Tải Đậu Cửa - Khu Xây Cao,6.5,"Đường số 4, Phường Bình Thọ, Quận Thủ Đức (TP. Thủ Đức), TPHCM",69.0,,,,Sổ hồng,24/11/2025
Bán Nhà Siêu Vip - Hiệp Bình Chánh - 100m2 - Nhà Thiết kế Đỉnh,5.599,"Quốc Lộ 13, Phường Hiệp Bình Chánh, Quận Thủ Đức (TP. Thủ Đức), TPHCM",100.0,2,3,2,Sổ hồng,24/11/2025
Siêu Phẩm MTKD Đường 49 Hiệp Bình Chánh Thủ Đức - 95m2 - Tân Cổ Điển,10.8,"Đường 49, Phường Hiệp Bình Chánh, Quận Thủ Đức (TP. Thủ Đức), TPHCM",95.0,4,5,3,Sổ hồng,24/11/2025
Bán Nhà 4 Tầng - Hiệp Bình Chánh - Thủ Đức - Khu Phân Lô - 52m2,7.1,"Đường 50, Phường Hiệp Bình Chánh, Quận Thủ Đức (TP. Thủ Đức), TPHCM",52.0,4,3,7,Sổ hồng,24/11/2025
Bán Nhà Đs 8 Linh Xuân - 3 Tầng - 60m2 -Hoàn Công - Thủ Đức,4.95,"Đường số 8, Phường Linh Xuân, Quận Thủ Đức (TP. Thủ Đức), TPHCM",60.0,3,3,6,Sổ hồng,24/11/2025
Bán Nhà Mới - Đường Số 11 - Linh Xuân - Thủ Đức - Xe tải ngủ trong nhà,5.6,"Đường số 8, Phường Linh Xuân, Quận Thủ Đức (TP. Thủ Đức), TPHCM",75.0,3,3,3,Sổ hồng,24/11/2025
Bán Nhà Đs8 Linh Đông - Thủ Đức - Đường 7M thông - 4 Tầng - 60m2,7.5,"Đường số 8, Phường Linh Đông, Quận Thủ Đức (TP. Thủ Đức), TPHCM",60.0,4,4,7,Sổ hồng,24/11/2025
Bán nhà CHDV - 5 Tầng - Dòng Tiền - Mặt Tiền Đường - Linh Tây Thủ Đức,7.8,"Đường số 6, Phường Linh Tây, Quận Thủ Đức (TP. Thủ Đức), TPHCM",62.0,8,8,10,Sổ hồng,24/11/2025
Bán Nhà Linh Trung - Đường 5M - KQH - Khu Vực Xây Cao - Thủ Đức,6.7,"Đường 11, Phường Linh Trung, Quận Thủ Đức (TP. Thủ Đức), TPHCM",88.0,2,1,5,Sổ hồng,24/11/2025
Bán Nhà Mặt Tiền Đường 53 - 152m2 - Tân Cổ Điển - HBC - Thủ Đức,12.8,"Đường 53, Phường Hiệp Bình Chánh, Quận Thủ Đức (TP. Thủ Đức), TPHCM",152.0,5,4,6,Sổ hồng,24/11/2025
Giảm 300tr còn 3.35 tỷ nhà đs 49 HBC - Thủ Đức,3.149,"Đường số 49, Phường Hiệp Bình Chánh, Quận Thủ Đức (TP. Thủ Đức), TPHCM",28.0,2,2,,Sổ hồng,24/11/2025
Bán Nhà 4 Tầng - Xe Tải Đậu Cửa - Đs 24 - Linh Đông - Nhà Mới Đẹp,6.8,"Đường 24, Phường Linh Đông, Quận Thủ Đức (TP. Thủ Đức), TPHCM",51.0,4,3,8,Sổ hồng,24/11/2025
Lô Đất - Xây CHDV - Biệt Thự - 50TR/m2 - 321M2 - Tô Ngọc Vân - Thủ Đức,16.0,"Tô Ngọc Vân, Phường Tam Phú, Quận Thủ Đức (TP. Thủ Đức), TPHCM",321.0,5,5,,Sổ hồng,24/11/2025
Bán Nhà - Khu Gigamail - 53M2 - 3 Tầng - Hiệp Bình Chánh - Thủ Đức,9.499,"Đường 19, Phường Hiệp Bình Chánh, Quận Thủ Đức (TP. Thủ Đức), TPHCM",53.0,4,5,3,Sổ hồng,24/11/2025
SOS - 321M2 - Khu Biệt Thự VIP - KDC Hồng Long - Ngang Khung 10m,15.5,"Đường số 8, Phường Hiệp Bình Phước, Quận Thủ Đức (TP. Thủ Đức), TPHCM",321.0,1,1,,Sổ hồng,24/11/2025
Bán Nhà - Khu Vip - 60m2 - 4 Tầng - Ngang hiếm 5m - Hiệp Bình Phước,9.999,"Đường số 15, Phường Hiệp Bình Phước, Quận Thủ Đức (TP. Thủ Đức), TPHCM",59.0,4,5,,Sổ hồng,24/11/2025
Bán Nhà - Khu Vip - 60m2 - 3 Tầng - Xe Hơi Đậu Cửa - Dân Trí Cao,7.599,"Quốc Lộ 13, Phường Hiệp Bình Phước, Quận Thủ Đức (TP. Thủ Đức), TPHCM",60.0,4,4,6,Sổ hồng,24/11/2025
Siêu Phẩm - 4 Tầng - Khu Dân Cư Tri Thức - 4 PN - Hiệp Bình Phước,8.4,"Quốc Lộ 13, Phường Hiệp Bình Phước, Quận Thủ Đức (TP. Thủ Đức), TPHCM",54.0,4,4,4,Sổ hồng,24/11/2025
Siêu Phẩm - Thang Máy - Gỗ Đỏ - 5 Tầng Mới Keng - Vip Hiệp Bình Phước,12.9,"Quốc Lộ 13, Phường Hiệp Bình Phước, Quận Thủ Đức (TP. Thủ Đức), TPHCM",108.0,5,6,5,Sổ hồng,24/11/2025
Bán Nhà Thấp Hơn Bank Định Giá 3 Tỷ - 167m2 - Hiếm - TT Trường Thọ,13.0,"Đường số 8, Phường Trường Thọ, Quận Thủ Đức (TP. Thủ Đức), TPHCM",167.0,8,9,8,Sổ hồng,24/11/2025
Bán nhà Khu VIP Bên Sông Hiệp Bình Chánh 101m2 - Dòng Tiền - Nhà Mới,11.7,"Đường 20, Phường Hiệp Bình Chánh, Quận Thủ Đức (TP. Thủ Đức), TPHCM",101.0,3,4,3,Sổ hồng,24/11/2025
Bán Nhà Mới 4 Tầng - Ngay Chợ Hiệp Bình - Khu Phân Lô - Xe tải đậu cửa,7.2,"Đường 50, Phường Hiệp Bình Chánh, Quận Thủ Đức (TP. Thủ Đức), TPHCM",52.0,4,4,8,Sổ hồng,24/11/2025
Siêu Phẩm Chợ Hiệp Bình 240m2 - Dòng tiền 30tr - Nội Thất Gỗ Đỏ,11.5,"Đường 35, Phường Hiệp Bình Chánh, Quận Thủ Đức (TP. Thủ Đức), TPHCM",240.0,5,6,3,Sổ hồng,24/11/2025
"Bán nhà mặt tiền ĐẶNG VĂN BI, THỦ ĐỨC - Giá bán: giảm Còn 22 tỷ 800",22.8,"Đặng Văn Bi, Phường Bình Thọ, Quận Thủ Đức (TP. Thủ Đức), TPHCM",125.0,3,3,12,Sổ hồng,24/11/2025
"NC: BIỆT THỰ VƯỜN 1TRỆT 1LẦU , đường: Lê Văn Chí -Linh Trung - Thủ Đức",15.4,"Lê Văn Chí, Phường Linh Trung, Quận Thủ Đức (TP. Thủ Đức), TPHCM",374.0,3,3,2,Sổ hồng,24/11/2025
"Thủ Đức, Bán nhà Mặt tiền đường Quốc Lộ 13, DT 8x25m #199m2 Đã trừ Lộ",32.0,"Quốc Lộ 13, Phường Hiệp Bình Phước, Quận Thủ Đức (TP. Thủ Đức), TPHCM",199.0,2,1,,Sổ hồng,24/11/2025
"Bán Nhà 1 Trệt 2 Lầu, Tum, DT 68m2, 3PN, Đường Số 8 Linh Xuân Thủ Đức",4.5,"Đường số 8, Phường Linh Xuân, Quận Thủ Đức (TP. Thủ Đức), TPHCM",68.0,3,3,3,Sổ hồng,23/11/2025
"Bán Nhà 1 Trệt 3 Lầu MT Phạm Văn Đồng, Phường Linh Đông Thủ Đức",14.7,"Phạm Văn Đồng, Phường Linh Đông, Quận Thủ Đức (TP. Thủ Đức), TPHCM",56.0,4,4,4,Sổ hồng,23/11/2025
"Bán Nhà Mặt Tiền Đường Kha Vạn Cân, Linh Tây Thủ Đức",13.5,"Kha Vạn Cân, Phường Linh Tây, Quận Thủ Đức (TP. Thủ Đức), TPHCM",76.0,1,1,,Sổ hồng,23/11/2025
"Nhà 110m2 Ngang 5,4m Mặt Tiền Đặng Văn Bi Phường Bình Thọ Thủ Đức",22.8,"Đặng Văn Bi, Phường Bình Thọ, Quận Thủ Đức (TP. Thủ Đức), TPHCM",110.0,2,2,7,Sổ hồng,23/11/2025
"Bán tòa nhà siêu khan hiếm MT Tô Ngọc Vân, TP Thủ Đức, DT 14 x 38m, HĐ",82.0,"Tô Ngọc Vân, Phường Tam Phú, Quận Thủ Đức (TP. Thủ Đức), TPHCM",501.0,4,4,4,Sổ hồng,21/11/2025
"Bán tòa nhà siêu khan hiếm MT Tô Ngọc Vân, TP Thủ Đức, DT 14 x 38m, HĐ",82.0,"Tô Ngọc Vân, Phường Tam Phú, Quận Thủ Đức (TP. Thủ Đức), TPHCM",501.0,4,4,4,Sổ hồng,21/11/2025
Nhà Đẹp VIP gần MT Võ Văn Ngân ngang 8m vỉa hè 10m giá chỉ160tr/m2,43.0,"Võ Văn Ngân, Phường Linh Chiểu, Quận Thủ Đức (TP. Thủ Đức), TPHCM",256.0,2,2,,Sổ hồng,19/11/2025
Nhà Đẹp Đoạn VIP Nhất Hoàng Diệu 2 ngang 8m vỉa hè 10m giá chỉ160tr/m2,43.0,"Hoàng Diệu 2, Phường Linh Chiểu, Quận Thủ Đức (TP. Thủ Đức), TPHCM",252.0,3,3,,Sổ hồng,19/11/2025
"Chính chủ bán toà nhà 485 Tô Ngọc Vân (DT 2000m2 sàn), dd gần 4%/năm",95.0,"Tô Ngọc Vân, Phường Linh Đông, Quận Thủ Đức (TP. Thủ Đức), TPHCM",501.0,6,6,5,Sổ hồng,19/11/2025
- Bán Toà Nhà Hầm Hầm 5 tầng 700m2 Siêu Khan Hiếm MT Đặng Văn Bi,45.0,"Đặng Văn Bi, Phường Trường Thọ, Quận Thủ Đức (TP. Thủ Đức), TPHCM",183.0,5,5,5,Sổ hồng,19/11/2025
"🔥 Bán Tòa Nhà 2 Mặt Tiền Võ Văn Ngân HĐT VUS 4,2 tỷ/n 1800m2sd",87.0,"Võ Văn Ngân, Phường Linh Chiểu, Quận Thủ Đức (TP. Thủ Đức), TPHCM",443.0,5,6,4,Sổ hồng,19/11/2025
"Bán góc 2MT 168 Đặng Văn Bi Thủ Đức, đang cho Katinat thuê 130tr/thán",50.0,"168 Đặng Văn Bi, Phường Bình Thọ, Quận Thủ Đức (TP. Thủ Đức), TPHCM",180.6,,,2,Sổ hồng,19/11/2025
Bán căn góc 2 Mặt tiền Hợp đồng thuê Katinat 130 triệu/tháng |55 Tỷ,54.999,"Đặng Văn Bi, Phường Bình Thọ, Quận Thủ Đức (TP. Thủ Đức), TPHCM",100.2,3,3,2,Sổ hồng,14/11/2025
"Bán tòa nhà 5tầng mặt tiền Võ Văn Ngân, Thủ Đức, hợp đồng thuê dài hạn",105.0,"Võ Văn Ngân, Phường Linh Chiểu, Quận Thủ Đức (TP. Thủ Đức), TPHCM",444.0,10,8,5,Sổ hồng,14/11/2025
Bán nhà 🏠 Chủ kẹt cần bán gấp căn nhà đ kha vạn cân linh đông thủ Đức,1.4,"Kha Vạn Cân, Phường Linh Đông, Quận Thủ Đức (TP. Thủ Đức), TPHCM",36.0,2,2,1,Sổ hồng,05/11/2025
"Bán Nhà 1 trệt 2 lầu đường số 2, TP.Thủ Đức Giá bán 3 tỷ980 gồm 3PN 4W",3.98,"Đường số 2, Phường Linh Tây, Quận Thủ Đức (TP. Thủ Đức), TPHCM",80.0,3,4,3,Sổ hồng,05/11/2025
"BÁN NHÀ mặt tiền đường 10M khu HOÀNG DIỆU 2 THỦ ĐỨC, 2 sổ ngang 10,35m",29.0,"Hoàng Diệu 2, Phường Linh Chiểu, Quận Thủ Đức (TP. Thủ Đức), TPHCM",230.0,,,4,Sổ hồng,29/10/2025
"Nhà Đẹp, Trường Thọ, Thủ Đức, Thông XLHN, PVĐ.",3.6,"Đường số 2, Phường Trường Thọ, Quận Thủ Đức (TP. Thủ Đức), TPHCM",60.0,3,2,2,Giấy tờ hợp lệ,19/10/2025
"Bán tòa nhà mặt tiền Tô Ngọc Vân, TP. Thủ Đức, 2.000m² sàn, giá 95 tỷ",95.0,"Tô Ngọc Vân, Phường Tam Phú, Quận Thủ Đức (TP. Thủ Đức), TPHCM",501.0,4,4,4,Sổ hồng,15/10/2025
"Bán nhà 2 tầng đẹp 70m2, HXH bên hông chợ Thủ Đức - 5,2 tỷ.",5.2,"Kha Vạn Cân, Phường Linh Đông, Quận Thủ Đức (TP. Thủ Đức), TPHCM",70.0,2,2,2,Sổ hồng,15/10/2025
"Biệt thự góc 2mt đường số dt: 2150m2, phường bình thọ, quận thủ đức.",98.0,"Đường 11, Phường Trường Thọ, Quận Thủ Đức (TP. Thủ Đức), TPHCM",2150.0,10,8,,Sổ hồng,09/10/2025
"Biệt thự 349m2 mặt tiền Chương Dương, phường Linh Chiểu, quận Thủ Đức.",36.5,"Chương Dương, Phường Linh Chiểu, Quận Thủ Đức (TP. Thủ Đức), TPHCM",349.0,6,5,,Sổ hồng,09/10/2025
"Biệt thự 2MT đường số dtcn: 2150m2, P: bình thọ, Q: thủ đức giá 98ty",98.0,"Đường 11, Phường Bình Thọ, Quận Thủ Đức (TP. Thủ Đức), TPHCM",2150.0,10,8,,Sổ hồng,09/10/2025
"Bán Nhà HXH Võ Văn Ngân, 47m2, 4PN, Ở Ngay, 5.25 Tỷ",5.25,"Võ Văn Ngân, Phường Bình Thọ, Quận Thủ Đức (TP. Thủ Đức), TPHCM",47.0,4,2,2,Sổ đỏ,08/10/2025
"Bán nhà đường ô tô - diện tích 55m2 ( 3pn/2wc ) sổ hồng, giá 5tyx còn",5.3,"Hoàng Diệu 2, Phường Linh Trung, Quận Thủ Đức (TP. Thủ Đức), TPHCM",55.0,3,2,2,Sổ hồng,23/09/2025
"Bán nhà đường ô tô - diện tích 55m2 sổ hồng, giá 5tyx còn thương",5.3,"Hoàng Diệu 2, Phường Linh Trung, Quận Thủ Đức (TP. Thủ Đức), TPHCM",55.0,3,2,2,Sổ hồng,21/09/2025
"🌹🌹HX TẢI THÔNG 3 tầng .dt : 120m2 ngang 5,5m tỉnh lộ 43 bình chiểu.",6.2,"Tỉnh lộ 43, Phường Bình Chiểu, Quận Thủ Đức (TP. Thủ Đức), TPHCM",120.0,4,4,12,Sổ hồng,20/09/2025
Siêu Phẩm - Chỉ 50Tr/m2 - Đường Số 1 - Linh Xuân - Thủ Đức.,9.7,"Đường số 1, Phường Linh Xuân, Quận Thủ Đức (TP. Thủ Đức), TPHCM",194.0,3,3,,Sổ hồng,19/09/2025
Dòng Tiền 40Tr/T - MTKD - Nhà 5Tầng -Đường Số 9- Hiệp Bình Phước - TD.,9.9,"Đường số 9, Phường Hiệp Bình Phước, Quận Thủ Đức (TP. Thủ Đức), TPHCM",94.0,8,8,4,Sổ hồng,19/09/2025
Bán Nhà- 2Tầng - Hoàn Công Đủ - 58M2 - Ngô Chí Quốc - Bình Chiểu - TD.,4.2,"Ngô Chí Quốc, Phường Bình Chiểu, Quận Thủ Đức (TP. Thủ Đức), TPHCM",58.0,3,2,2,Sổ hồng,19/09/2025
Bán Biệt Thự VÍP- 3Tầng - Hiệp Bình Chánh - Thủ Đức.,17.5,"Đường số 27, Phường Hiệp Bình Chánh, Quận Thủ Đức (TP. Thủ Đức), TPHCM",155.0,4,4,3,Sổ hồng,19/09/2025
Bán Biệt Thự - 4 Tầng - 119M2 - Hiệp Bình Chánh - Thủ Đức.,16.0,"Đường số 12, Phường Hiệp Bình Chánh, Quận Thủ Đức (TP. Thủ Đức), TPHCM",119.0,6,7,4,Sổ hồng,19/09/2025
Chỉ 47Tr/M2 - Nhà 2 Tầng - 294M2 - Hiệp Bình Phước - Thủ Đức.,13.9,"Quốc Lộ 13 cũ, Phường Hiệp Bình Phước, Quận Thủ Đức (TP. Thủ Đức), TPHCM",294.0,3,3,2,Sổ hồng,19/09/2025
Chỉ 6.49 Tỷ -Nhà 2 Tầng - HXH - 80M2 - Hiệp Bình Phước - Thủ Đức.,6.49,"Đường số 2, Phường Hiệp Bình Phước, Quận Thủ Đức (TP. Thủ Đức), TPHCM",80.0,2,2,1,Sổ hồng,19/09/2025
CHỈ 6.7 Tỷ - Nhà 4 Tầng - 116M2 - Hiệp Bình Phước - Thủ Đức.,6.7,"Quốc Lộ 13, Phường Hiệp Bình Phước, Quận Thủ Đức (TP. Thủ Đức), TPHCM",116.0,4,3,4,Sổ hồng,19/09/2025
Ngô Chí Quốc - Binh Chiếu - Thủ Đức - Nhà 2 Tầng - XH Đỗ Cửa.,3.6,"Ngô Chí Quốc, Phường Bình Chiểu, Quận Thủ Đức (TP. Thủ Đức), TPHCM",51.0,1,1,4,Sổ hồng,19/09/2025
Bán Nhà Đẹp 3 Tầng - Xe Hơi Đỗ Của - Bình Chiểu - Thủ Đức.,4.9,"Tỉnh lộ 43, Phường Bình Chiểu, Quận Thủ Đức (TP. Thủ Đức), TPHCM",55.0,4,3,3,Sổ hồng,19/09/2025
Bán Nhà -2Tầng - Hẻm Xe Tải - Ngô Chí Quốc -Bình Chiếu -Thủ Đức.,5.2,"Ngô Chí Quốc, Phường Bình Chiểu, Quận Thủ Đức (TP. Thủ Đức), TPHCM",70.0,2,2,2,Sổ hồng,19/09/2025
Giá Tốt Nhất - Nhà 2 Tầng - 51M2 - Ngô Chí Quốc - Bình Chiểu-Thủ Đức.,3.6,"Ngô Chí Quốc, Phường Bình Chiểu, Quận Thủ Đức (TP. Thủ Đức), TPHCM",52.0,2,2,4,Sổ hồng,19/09/2025
Bán Nhà 3Tầng - Hoàn Công Đủ - HXH -Tình Lộ 43 - Bình Chiểu - Thủ Đức.,5.3,"Tỉnh lộ 43, Phường Bình Chiểu, Quận Thủ Đức (TP. Thủ Đức), TPHCM",73.0,3,3,3,Sổ hồng,19/09/2025
Bán Nhà MTKD - 152M2 - 3 Tầng - Đường 53 - Hiệp Bình Chánh - Thủ Đức.,12.8,"Đường 53, Phường Hiệp Bình Chánh, Quận Thủ Đức (TP. Thủ Đức), TPHCM",152.0,5,4,6,Sổ hồng,19/09/2025
BÁN NHÀ 1 TRỆT 1 LỬNG – HXH -168M2– ĐƯỜNG TL43 – Tam Bình - Thủ Đức .,8.5,"Gò Dưa, Phường Tam Bình, Quận Thủ Đức (TP. Thủ Đức), TPHCM",168.0,3,2,2,Sổ hồng,19/09/2025
Quá Rẻ - 160M2 - Hẻm XH Tận Của - Đường Số 48 - Hiệp Bình Chánh - TD.,9.5,"Đường số 48, Phường Hiệp Bình Chánh, Quận Thủ Đức (TP. Thủ Đức), TPHCM",160.0,3,2,2,Sổ hồng,19/09/2025
Bán Nhà MTKD -186M2 -Đường Số 10 - Linh Xuân - Thủ Đức.,13.5,"Đường 10, Phường Linh Xuân, Quận Thủ Đức (TP. Thủ Đức), TPHCM",186.0,4,4,,Sổ hồng,19/09/2025
Bán Biệt Thự Sân Vườn - 193M2 - Đường số 38 - Hiệp Bình Chánh - Thủ Đ.,8.9,"Đường 38, Phường Hiệp Bình Chánh, Quận Thủ Đức (TP. Thủ Đức), TPHCM",193.0,3,2,,Sổ hồng,19/09/2025
Nhà Mới 2 TẦNG - HẺM XE TẢI - 63M2 - Đường Số 16 - Linh Đông - Thủ Đức,5.5,"Đường số 16, Phường Linh Đông, Quận Thủ Đức (TP. Thủ Đức), TPHCM",63.0,3,2,4,Sổ hồng,19/09/2025
Nhà Đẹp 4 Tầng - Đường Số 37 -72M2 - Hiệp Bình Chánh - Thủ Đức.,8.8,"Đường số 37, Phường Hiệp Bình Chánh, Quận Thủ Đức (TP. Thủ Đức), TPHCM",72.0,4,3,7,Sổ hồng,19/09/2025
Bán Nhà 3Tâng - 96M2- Đường Số 10 - Linh Trung - Thủ Đức.,11.0,"Đường số 10, Phường Linh Trung, Quận Thủ Đức (TP. Thủ Đức), TPHCM",96.0,3,4,3,Sổ hồng,19/09/2025
Bao Đầu Tư - Nhà 2 Tầng -185M2 - Đường số 10 - Linh Xuân - Thủ Đức.,10.4,"Đường 10, Phường Linh Xuân, Quận Thủ Đức (TP. Thủ Đức), TPHCM",185.0,4,6,2,Hợp đồng mua bán,19/09/2025
"Bán Nhà 3 Tầng +Kho, Đường10M,265 M2,Ngô Chí Quốc,Bình Chiểu,Thủ Đức.",17.5,"Ngô Chí Quốc, Phường Bình Chiểu, Quận Thủ Đức (TP. Thủ Đức), TPHCM",289.6,5,4,3,Sổ hồng,19/09/2025
Chỉ Hơn 40triệu/m2 - HXH- Đường Số 6 - Linh Xuân - Thủ Đức.,9.5,"Đường số 6, Phường Linh Xuân, Quận Thủ Đức (TP. Thủ Đức), TPHCM",210.0,6,4,2,Sổ hồng,19/09/2025
Chỉ 28Triệu/m2 - Hẻm 8m - Lê Thị Hoa - Bình Chiểu - Thủ Đức.,17.0,"Lê Thị Hoa, Phường Bình Chiểu, Quận Thủ Đức (TP. Thủ Đức), TPHCM",603.0,4,1,,Sổ hồng,19/09/2025
Bán Nhà DT Rộng -113M2 - Đường Số 4 - Hiệp Bình Phước - Thủ Đức.,8.7,"Đường số 4, Phường Hiệp Bình Phước, Quận Thủ Đức (TP. Thủ Đức), TPHCM",113.0,3,1,1,Sổ hồng,19/09/2025
Biệt Thự Siêu Rẻ - 3 Tầng - 241M2 - Đường Số 14 - Linh Chiểu -T Đức.,17.5,"Đường số 14, Phường Linh Chiểu, Quận Thủ Đức (TP. Thủ Đức), TPHCM",241.0,4,4,6,Sổ hồng,19/09/2025
Bán nhà Đẹp - HXH - 3 Tầng - Đường Số 10- Hiệp Bình Phước - Thủ Đức,6.6,"Đường 10, Phường Hiệp Bình Phước, Quận Thủ Đức (TP. Thủ Đức), TPHCM",60.0,4,6,3,Sổ hồng,19/09/2025
Nhà Hiếm - 3Tầng - HXH - Đường số 4 - Hiệp Bình Phước - Thủ Đức.,8.0,"Đường số 4, Phường Hiệp Bình Phước, Quận Thủ Đức (TP. Thủ Đức), TPHCM",53.0,4,3,3,Sổ hồng,19/09/2025
Nhà 4Tầng-HXH -108m2 - Ngan hơn 7m - Hoàn Công Đủ - Lê Thị Hoa .,6.8,"Lê Thị Hoa, Phường Bình Chiểu, Quận Thủ Đức (TP. Thủ Đức), TPHCM",108.0,4,5,8,Sổ hồng,19/09/2025
Ô Tô Đỗ Của - Tam Bình - Thủ Đức - 68M2 - Chỉ 4TỶ 4.,4.4,"Đường số 2, Phường Tam Bình, Quận Thủ Đức (TP. Thủ Đức), TPHCM",68.0,2,2,,Sổ hồng,19/09/2025
ĐƯỜNG 17 – Bình Chiểu – NGANG KHỦNG 6M – Giá Siêu Rẻ Chỉ Hơn 50TR/M2,6.9,"Đường số 17, Phường Bình Chiểu, Quận Thủ Đức (TP. Thủ Đức), TPHCM",132.0,6,3,2,Sổ hồng,19/09/2025
HẺM XE TẢI - Nhà Cấp 4 - Đường số 2 - Hiệp Bình Phước - Thủ Đức.,3.4,"Đường số 2, Phường Hiệp Bình Phước, Quận Thủ Đức (TP. Thủ Đức), TPHCM",36.0,2,2,,Sổ hồng,19/09/2025
HẺM Xe Hơi - Chỉ 3TỶ xx - Gần Trường ĐH LUẬT- Hiệp Bình Phước-Thủ Đức.,3.45,"Đường số 2, Phường Hiệp Bình Phước, Quận Thủ Đức (TP. Thủ Đức), TPHCM",36.0,2,1,,Sổ hồng,19/09/2025
Nhà Rẻ Đẹp- Hiệp Bình Phước -Thủ Đức -Nhà 2Tầng - 64M2 - Nhỉnh 4TỶ.,4.999,"Đường 10, Phường Hiệp Bình Phước, Quận Thủ Đức (TP. Thủ Đức), TPHCM",64.0,2,2,1,Sổ hồng,19/09/2025
Hiệp Bình Phước - Thủ Đức - Nhà Cấp 4 - Hẻm xe Hơi Thông Tứ Tung.,17.8,"Quốc Lộ 13, Phường Hiệp Bình Phước, Quận Thủ Đức (TP. Thủ Đức), TPHCM",196.0,2,2,,Sổ hồng,19/09/2025
Nhà Giá Tốt - 2 Tầng - Quốc Lộ 13 Cũ - Hiệp Bình Phước - Thủ Đức.,3.2,"Quốc Lộ 13 cũ, Phường Hiệp Bình Phước, Quận Thủ Đức (TP. Thủ Đức), TPHCM",36.0,2,2,2,Sổ hồng,19/09/2025
Bán Nhà 2 Tầng - HXH - Đường Số 10 - Hiệp Bình Phước - Thủ Đức.,5.2,"Đường số 10, Phường Hiệp Bình Phước, Quận Thủ Đức (TP. Thủ Đức), TPHCM",67.0,2,2,1,Sổ hồng,19/09/2025
Nhà Ngon Hẻm 5m - 4 Tầng - QL13 - Hiệp Bình Phước - Thủ Đức.,7.11,"Quốc Lộ 13, Phường Hiệp Bình Phước, Quận Thủ Đức (TP. Thủ Đức), TPHCM",60.0,4,4,3,Sổ hồng,19/09/2025
BÁN nhà 4Tầng-HXH - Hiệp Bình Phước - Thủ Đức.,4.9,"Đường số 2, Phường Hiệp Bình Phước, Quận Thủ Đức (TP. Thủ Đức), TPHCM",57.0,3,3,3,Sổ hồng,19/09/2025
BÁN nhà 4 Tầng - HXH - 82M2 - Hiệp Bình Phước - Thủ Đức.,8.4,"Đường số 2, Phường Hiệp Bình Phước, Quận Thủ Đức (TP. Thủ Đức), TPHCM",82.0,4,4,8,Sổ hồng,19/09/2025
Bán Nhà 4 Tầng - Ngang 5.5m - Hiệp Bình Chánh - Thủ Đức.,10.5,"Đường số 9, Phường Hiệp Bình Chánh, Quận Thủ Đức (TP. Thủ Đức), TPHCM",88.0,4,4,8,Sổ hồng,19/09/2025
Nhà Ngon Đẹp - Hẻm Xe Hơi - 3 TẦNG - Bình Chiểu - Thủ Đức.,5.0,"Đường số 9, Phường Bình Chiểu, Quận Thủ Đức (TP. Thủ Đức), TPHCM",68.0,5,4,6,Sổ hồng,19/09/2025
Nhà Ngon 2 Tầng - 70M2 - Linh Đông - Thủ Đức.,4.99,"Đường số 40, Phường Linh Đông, Quận Thủ Đức (TP. Thủ Đức), TPHCM",70.0,2,2,2,Sổ hồng,19/09/2025
Giáo Viên Bán Nhà 2 Tầng - Hẻm xe Hơi - Linh Đông - Thủ Đức.,3.2,"Đường số 17, Phường Linh Đông, Quận Thủ Đức (TP. Thủ Đức), TPHCM",30.0,2,2,1,Sổ hồng,19/09/2025
BÁN Nhà MTKD - 3 Tầng - 120M2 - Tam Bình - Thủ Đức.,13.0,"Gò Dưa, Phường Tam Bình, Quận Thủ Đức (TP. Thủ Đức), TPHCM",120.0,5,5,6,Sổ hồng,19/09/2025
Bán Nhà Cấp 4 - HXH + 4 Phòng Trọ - 64M2 - Tam Bình - Thủ Đức.2,3.8,"Đường số 2, Phường Tam Bình, Quận Thủ Đức (TP. Thủ Đức), TPHCM",64.0,5,5,,Sổ hồng,19/09/2025
Bán Nhà Mới - 2 TẦNG - Đường số 11 - Linh Xuân - Thủ Đức.,5.6,"Đường số 11, Phường Linh Xuân, Quận Thủ Đức (TP. Thủ Đức), TPHCM",75.0,4,2,2,Sổ hồng,19/09/2025
BÁN NHÀ - CẤP 4 - Đường số 7 - Linh Tây - Thủ Đức.,4.3,"Đường số 7, Phường Linh Tây, Quận Thủ Đức (TP. Thủ Đức), TPHCM",90.0,2,2,,Sổ hồng,19/09/2025
BÁN NHÀ MẶT TIỀN - 3 Tầng - Đường Số 4 - Linh Xuân - Thủ Đức.,9.2,"Đường số 4, Phường Linh Xuân, Quận Thủ Đức (TP. Thủ Đức), TPHCM",139.0,4,4,,Sổ hồng,19/09/2025
MẶT TIỀN KD - Nhà 4 TẦNG PHẠM VĂN ĐỒNG - Hiệp Bình Chánh - Thủ Đức.,15.0,"Phạm Văn Đồng, Phường Hiệp Bình Chánh, Quận Thủ Đức (TP. Thủ Đức), TPHCM",88.0,5,5,4,Sổ hồng,19/09/2025
HẺM XE HƠI - Nhà 3 TẦNG - Đường 22 - Linh Đông - Thủ Đức.,7.7,"Đường 22, Phường Linh Đông, Quận Thủ Đức (TP. Thủ Đức), TPHCM",81.0,2,4,3,Sổ hồng,19/09/2025
"Cần tiền gấp bán nhà 2 tầng đường kha vạn cân, giá 4 tỷ còn thương",4.0,"Kha Vạn Cân, Phường Linh Trung, Quận Thủ Đức (TP. Thủ Đức), TPHCM",85.0,3,4,4,Sổ hồng,19/09/2025
Hẽm xe hơi - 139M2 - giá 11ty5,11.5,"Đường số 4, Phường Tam Phú, Quận Thủ Đức (TP. Thủ Đức), TPHCM",140.0,2,2,1,Sổ hồng,17/09/2025
"Bán nhà trệt lầu hẻm xe hơi 80m2 - Đặng Văn Bi - Trường Thọ, Thủ Đức",6.2,"Đặng Văn Bi, Phường Trường Thọ, Quận Thủ Đức (TP. Thủ Đức), TPHCM",80.0,3,3,,Sổ hồng,03/09/2025
"Bán gấp nhà 3 tầng-hẻm ô tô-Đường số 7, phường Linh Trung, TP. Thủ Đức",6.5,"Hoàng Diệu 2, Phường Linh Trung, Quận Thủ Đức (TP. Thủ Đức), TPHCM",60.0,4,4,6,Sổ hồng,03/09/2025
Giảm ngay 500tr! nhà hẽm xe hơi đẹp gần Hiệp Bình Thủ đức,8.799,"Hiệp Bình, Phường Hiệp Bình Chánh, Quận Thủ Đức (TP. Thủ Đức), TPHCM",72.0,5,5,,Sổ hồng,03/09/2025
"Biệt thự sân vườn, dài 205m, tổng 3.461m2 hẻm xe hơi,Linh Xuân,Thủ Đức",25.0,"Đường số 11, Phường Linh Xuân, Quận Thủ Đức (TP. Thủ Đức), TPHCM",3461.0,4,3,2,Sổ đỏ,02/09/2025
"🏡 nhà 3 tầng btct – đường 12, hiệp bình chánh, thủ đức",3.6,"Đường 12, Phường Hiệp Bình Chánh, Quận Thủ Đức (TP. Thủ Đức), TPHCM",46.0,7,5,3,Sổ hồng,28/08/2025
Nhà 2 Tầng-Thiết Kế Hiện Đại – Chợ THỦ ĐỨC – GIÁ CHỈ 3 TỶ 700,3.7,"Linh Đông, Phường Linh Đông, Quận Thủ Đức (TP. Thủ Đức), TPHCM",60.0,2,2,4,Sổ hồng,25/08/2025
"Bán góc 2 mặt tiền Võ Văn Ngân, Thủ Đức, 443,8m², đang cho thuê",105.0,"Võ Văn Ngân, Phường Linh Chiểu, Quận Thủ Đức (TP. Thủ Đức), TPHCM",443.8,3,3,5,Sổ hồng,25/08/2025
"Bán nhà mặt tiền Linh Chiểu, 125m2, 9,8 tỷ",9.8,"Đường 13, Phường Linh Chiểu, Quận Thủ Đức (TP. Thủ Đức), TPHCM",125.0,2,1,,Sổ đỏ,23/08/2025
"Mua nhà phố Bến Cát – Gia Khải Luxury, giá chỉ từ 2,4 tỷ, sổ hồng riên",2.4,"DT43, Phường Hiệp Bình Chánh, Quận Thủ Đức (TP. Thủ Đức), TPHCM",70.0,2,2,,Sổ đỏ,20/08/2025
"Bán nhà hẻm 6m đường 48, Hiệp Bình Chánh, TP Thủ Đức, 4,1x25m, 4PN",4.5,"Đường số 48, Phường Hiệp Bình Chánh, Quận Thủ Đức (TP. Thủ Đức), TPHCM",102.5,4,2,,Giấy tờ hợp lệ,19/08/2025
"🌟 Bán Nhà Đường Số 19, Hiệp Bình Chánh, Thủ Đức – 40m², 2 Tỷ 190 shr",2.19,"Đường 19, Phường Hiệp Bình Chánh, Quận Thủ Đức (TP. Thủ Đức), TPHCM",40.0,3,2,2,Sổ hồng,16/08/2025
"Nhà mặt tiền mới đẹp ở ngay gần chợ Tam Hà 115m2 chỉ 7,05 tỷ",7.05,"Đường số 8, Phường Tam Phú, Quận Thủ Đức (TP. Thủ Đức), TPHCM",114.0,4,2,2,Sổ hồng,15/08/2025
"Nhà đẹp ở ngay, mặt tiền đường, gần Phạm văn Đồng, 5,5x26 chỉ 8,5 tỷ",8.5,"Đường 3, Phường Linh Trung, Quận Thủ Đức (TP. Thủ Đức), TPHCM",142.0,2,1,,Sổ hồng,15/08/2025
"Nhà đẹp 3 tầng gần Phạm văn Đồng thu nhập 16tr/th 5,5x27 chỉ 12,6 tỷ",12.6,"Linh Đông, Phường Linh Đông, Quận Thủ Đức (TP. Thủ Đức), TPHCM",149.0,3,4,6,Sổ hồng,15/08/2025
"Mặt tiền KD tố,t 4 tầng gần Đ. Phạm v. Đồng, có dòng tiền 5x18; 7,6 tỷ",7.6,"Đường số 18, Phường Linh Đông, Quận Thủ Đức (TP. Thủ Đức), TPHCM",82.0,3,3,8,Sổ hồng,15/08/2025
"Mặt tiền KD VIP gần nút giao Gò Dưa, thu nhập 25tr/th 6,2x26; 17,8 tỷ",17.8,"Đường số 12, Phường Tam Bình, Quận Thủ Đức (TP. Thủ Đức), TPHCM",156.0,2,2,,Sổ hồng,15/08/2025
Nhà đẹp ở ngay 3 tầng nở hậu hẻm xe hơi gần Đặng văn Bi 5x17 chỉ 9 tỷ.,9.0,"Đường số 4, Phường Trường Thọ, Quận Thủ Đức (TP. Thủ Đức), TPHCM",90.0,3,3,6,Sổ hồng,15/08/2025
"Mặt tiền kinh doanh đa ngành gần chợ Thủ đức 4,8x15 chỉ 8 tỷ",8.0,"Đường số 42, Phường Linh Đông, Quận Thủ Đức (TP. Thủ Đức), TPHCM",70.0,1,1,,Sổ hồng,15/08/2025
"Nhà đẹp ở ngay 5 tầng thang máy, hẻm 6m gần Đ. Linh Đông 5x20; 12,5 tỷ",12.5,"Đường số 24, Phường Linh Đông, Quận Thủ Đức (TP. Thủ Đức), TPHCM",100.0,5,6,13,Sổ hồng,15/08/2025
"Nhà đẹp hẻm xe tải tránh sát ngã 3 Tô ngọc Vân-Linh Đông 5,5x20; 8 tỷ",8.0,"Linh Đông, Phường Linh Đông, Quận Thủ Đức (TP. Thủ Đức), TPHCM",110.0,3,3,4,Sổ hồng,15/08/2025
"Mặt tiền kinh doanh cực tốt, gần chợ Hiệp Bình ,3 tầng 4,3x31; 16,9 tỷ",16.9,"Hiệp Bình, Phường Hiệp Bình Chánh, Quận Thủ Đức (TP. Thủ Đức), TPHCM",110.0,3,4,6,Sổ hồng,15/08/2025
"Nhà 6 tầng hẻm thông xe hơi quay đầu gần Phạm v. Đồng 4,7x19 chỉ 13 tỷ",13.0,"Kha Vạn Cân, Phường Linh Đông, Quận Thủ Đức (TP. Thủ Đức), TPHCM",90.0,5,6,14,Sổ hồng,15/08/2025
"Khu dân cư đẳng cấp quốc gia, 5 tầng, nội thất châu Âu 8x21 chỉ 28 tỷ",28.0,"Đường số 5, Phường Hiệp Bình Phước, Quận Thủ Đức (TP. Thủ Đức), TPHCM",166.0,4,4,8,Sổ hồng,15/08/2025
"Bán nhà 2 tầng hẻm xe hơi tránh gần chợ Tam Bình 118m2 chỉ 7,2 tỷ.",7.2,"Đường số 10, Phường Tam Bình, Quận Thủ Đức (TP. Thủ Đức), TPHCM",118.0,3,2,4,Sổ hồng,15/08/2025
"Lô góc hẻm nhựa 8m thông 3 tầng sát bệnh viện Thủ Đức 4x21 chỉ 12,5 tỷ",12.5,"Tô Ngọc Vân, Phường Tam Phú, Quận Thủ Đức (TP. Thủ Đức), TPHCM",86.0,4,3,5,Sổ hồng,15/08/2025
Nhà 2 tầng hẻm xe tải thông nở hậu sát Đ. Linh Trung 342m2 chỉ 21 tỷ,21.0,"Đường số 6, Phường Linh Trung, Quận Thủ Đức (TP. Thủ Đức), TPHCM",342.0,5,3,2,Sổ hồng,15/08/2025
