Tieu_de,gia,dia_chi,dien_tich_dat,phong_ngu,phong_tam,so_tang,phap_ly,ngay_dang
Bán nhà 7 tầng thang máy ngõ 204 Đội Cấn Ba Đình Hà Nội,"11,8 tỷ","Đường Đội Cấn, Phường Đội Cấn, Quận Ba Đình, Hà Nội",82 m²,N/A,N/A,7,Sổ đỏ,2025-11-17
Bán nhà chính chủ mặt phố Phan Kế Bính gần phố Linh Lang,"36,5 tỷ","Đường Phan Kế Bính, Phường Cống Vị, Quận Ba Đình, Hà Nội",75 m²,N/A,N/A,5,Sổ đỏ,2025-11-25
"Bán căn hộ dịch vụ phố Đội Cấn - Ngọc Hà cạnh hồ Đầm Tròn, Lăng Bác",27 tỷ,"Đường Đội Cấn, Phường Ngọc Hà, Quận Ba Đình, Hà Nội",60 m²,N/A,N/A,7,Sổ đỏ,2025-11-26
Bán nhà 6 tầng ngõ ô tô đường Hoàng Hoa Thám,42 tỷ,"Đường Hoàng Hoa Thám, Phường Liễu Giai, Quận Ba Đình, Hà Nội",140 m² (7.0x21.0),9 phòng,11 WC,6,Sổ đỏ,2025-11-25
"Bán nhà mặt ngõ 189 Hoàng Hoa Thám, Phường Ngọc Hà, Q.Ba Đình, Hà Nội",18 tỷ,"Đường Hoàng Hoa Thám, Phường Ngọc Hà, Quận Ba Đình, Hà Nội",58.3 m²,N/A,N/A,2.5,Sổ đỏ,2025-11-25
"Phân lô, ngõ nông, sau dãy mặt phố Giang Văn Minh, 7 tầng, hiếm bán","25,6 tỷ","68, Đường Giang Văn Minh, Phường Đội Cấn, Quận Ba Đình, Hà Nội",55 m²,8 phòng,N/A,7,Sổ hồng,2025-11-22
Bán Tòa Nhà VP Đường Đội Cấn Liễu Giai Ba Đình Hà Nội Diện tích 88 m2,"62,5 tỷ","Đường Đội Cấn, Phường Đội Cấn, Quận Ba Đình, Hà Nội",980 m² (7.8x15.0),N/A,N/A,10,Sổ đỏ,2025-11-21
"Bán nhà 7 tầng thang máy khu phân lô phố Kim Mã, mặt tiền 6m",27 tỷ,"Đường Kim Mã, Phường Ngọc Khánh, Quận Ba Đình, Hà Nội",80 m²,N/A,N/A,7,Sổ đỏ,2025-11-20
"Bán căn biệt thự lô góc trung tâm Ba Đình đường Thuỵ Khuê, DTSD 550m2","75,5 tỷ","Đường Thụy Khuê, Phường Liễu Giai, Quận Ba Đình, Hà Nội",200 m²,6 phòng,N/A,N/A,Sổ đỏ,2025-11-15
"Chính chủ nhờ bán gấp căn nhà 4,5 tầng 65m hơn 30 tỷ Ba Đình",31 tỷ,"Đường Nguyễn Công Hoan, Phường Giảng Võ, Quận Ba Đình, Hà Nội",65 m² (4.0x16.0),6 phòng,4 WC,5,Sổ đỏ,2025-11-11
"Đội Cấn, 61m2, 4.5m ngang, Ô tô tránh, mặt ngõ to thông, thang máy 6T","24,5 tỷ","283, Đường Đội Cấn, Phường Liễu Giai, Quận Ba Đình, Hà Nội",61 m²,N/A,N/A,6,Sổ đỏ,2025-11-26
"GẤP - Ba Đình - 50M - 7 Tầng - Mt 4,5M - đường hè 10M - Kd đỉnh","17,8 tỷ","Đường Vĩnh Phúc, Phường Vĩnh Phúc, Quận Ba Đình, Hà Nội",50 m² (4.5x12.0),7 phòng,6 WC,7,Sổ đỏ,2025-11-26
Ngõ 55 Hoàng Hoa Thám – Ba Đình – 55 M2 – 4 T – MT 3.6 M – Giá 14.3 Tỷ,"14,3 tỷ","Đường Hoàng Hoa Thám, Phường Ngọc Hà, Quận Ba Đình, Hà Nội",55 m² (3.6x15.5),4 phòng,4 WC,4,Sổ đỏ,2025-11-26
HIẾM - CẦU GIẤY - XUÂN THUỶ - 60M - 7 TẦNG - MT 4.1 - phân Lô Ô Tô,"27,8 tỷ","Đường Cầu Giấy, Phường Cống Vị, Quận Ba Đình, Hà Nội",60 m² (4.2x15.0),5 phòng,5 WC,7,Sổ đỏ,2025-11-26
"Chính Chủ Bán nhà 5 Tầng ĐC 128 Ngõ 639 Đường Hoàng Hoa Thám, BĐ, HN","30,5 tỷ","128/639, Đường Hoàng Hoa Thám, Phường Vĩnh Phúc, Quận Ba Đình, Hà Nội",121.9 m² (7.1x18.0),26 phòng,26 WC,5,Sổ đỏ,2025-11-26
Mặt Ngõ 55 Hoàng Hoa Thám –  Ô TÔ - 71 M- 3 T – MT 6 M – Giá 20.8 Tỷ.,"20,8 tỷ","Đường Hoàng Hoa Thám, Phường Ngọc Hà, Quận Ba Đình, Hà Nội",71 m² (6.0x12.0),5 phòng,4 WC,3,Sổ đỏ,2025-11-26
Bán nhà Dòng tiền thu 40tr/ 1 tháng địa chỉ số 18 ngõ 162/22 Đội Cấn,"12,8 tỷ","18 ngo 162/22, Đường Đội Cấn, Phường Đội Cấn, Quận Ba Đình, Hà Nội",51 m² (4.8x11.0),11 phòng,11 WC,6,Sổ đỏ,2025-11-25
💥HOT – HOÀNG HOA THÁM – 30M – 5 TẦNG – KD – LÔ GÓC – Ở NGAY💥,"10,8 tỷ","173, Đường Hoàng Hoa Thám, Phường Ngọc Hà, Quận Ba Đình, Hà Nội",30 m²,3 phòng,4 WC,5,Sổ đỏ,2025-11-25
BÁN NHÀ ĐỘI CẤN – BA ĐÌNH - VIEW HỒ - 5 TẦNG ĐẸP Ở NGAY,"8,2 tỷ","Phường Đội Cấn, Quận Ba Đình, Hà Nội",38 m²,3 phòng,4 WC,5,Giấy tờ hợp lệ,2025-11-25
"Cực hiếm, nhà 2 tầng phố Đội Cấn, 10m ra mặt phố 58m2 giá chỉ 9.1 tỷ","9,1 tỷ","Phường Liễu Giai, Quận Ba Đình, Hà Nội",58 m² (4.5x14.0),4 phòng,2 WC,2,Giấy tờ hợp lệ,2025-11-25
Ba Đình - Mặt Phố 7T Thang Máy - 2 Thoáng Cho Thuê 720Tr - 29.9Tỷ,"29,9 tỷ","Đường Linh Lang, Phường Liễu Giai, Quận Ba Đình, Hà Nội",52 m²,5 phòng,7 WC,7,Sổ đỏ,2025-11-25
Bán Nhà Phố Giang Văn Minh- Trung Tâm Ba Đình 145m2 Mt8.3m Đg hè 30m.,56 tỷ,"43, Đường Giang Văn Minh, Phường Đội Cấn, Quận Ba Đình, Hà Nội",142 m²,5 phòng,5 WC,9,Sổ đỏ,2025-11-25
"Bán nhà Kim Mã, Ba Đình vài bước ra phố, 74m2, 6t, mt 4.3m, đẹp ở ngay","21,9 tỷ","Đường Kim Mã, Phường Kim Mã, Quận Ba Đình, Hà Nội",74 m² (4.3x17.0),5 phòng,5 WC,6,Sổ hồng,2025-11-25
"VĨNH PHÚC - BA ĐÌNH - PHÂN LÔ VỈA HÈ – Ô TÔ TRÁNH -KD 55M2*5T 19,6TY.","19,6 tỷ","Phường Vĩnh Phúc, Quận Ba Đình, Hà Nội",55 m² (4.0x15.0),5 phòng,5 WC,5,Giấy tờ hợp lệ,2025-11-25
"( Chính chủ) tôi cần Bán Toà nhà MP Trúc Bạch Q Ba Đình, HN, Dt 230 m",160 tỷ,"Đường Trúc Bạch, Phường Trúc Bạch, Quận Ba Đình, Hà Nội",230 m²,N/A,N/A,11,Sổ đỏ,2025-11-25
Lô góc 5T đẹp ngõ Đào Tấn ngõ ba gác cách Mp 40m cách oto 10m,"13,4 tỷ","Đường Đào Tấn, Phường Cống Vị, Quận Ba Đình, Hà Nội",40 m²,4 phòng,4 WC,5,Sổ đỏ,2025-11-24
bán tòa nhà 220m2 x 12 tầng mặt phố đào tấn,270 tỷ,"Phường Cống Vị, Quận Ba Đình, Hà Nội",220 m²,N/A,N/A,12,Sổ đỏ,2025-11-24
"Bán nhà Đội Cấn. Giang Văn Minh. Ba Đình. Hà Nội 20m x 5 tầng 4,9 tỷ.","4,9 tỷ","Phường Đội Cấn, Quận Ba Đình, Hà Nội",20 m²,3 phòng,4 WC,5,Sổ đỏ,2025-11-24
"Bán nhà mặt phố Vạn Phúc, Ba Đình, 105m2, mặt tiền 7.6m chỉ 41.5 tỷ","41,5 tỷ","Đường Vạn Phúc, Phường Kim Mã, Quận Ba Đình, Hà Nội",105 m²,2 phòng,2 WC,2,Sổ đỏ,2025-11-16
"Bán nhà phố Điện Biên Phủ, 65m2, lô góc 8 tầng mặt tiền 8m, 33.5 tỷ","33,5 tỷ","Đường Điện Biên Phủ, Phường Điện Biên, Quận Ba Đình, Hà Nội",65 m²,12 phòng,8 WC,8,Sổ đỏ,2025-11-17
"Bán gấp nhà 4 tầng Ngọc Hà Ba Đình 8,15 tỷ","8,15 tỷ","Phường Ngọc Hà, Quận Ba Đình, Hà Nội",40 m² (4.0x10.0),3 phòng,3 WC,5,Sổ đỏ,2025-11-21
"bán lô đất mặt phố kim mã thượng 230m2 ,MT 8m",90 tỷ,"Phường Cống Vị, Quận Ba Đình, Hà Nội",190 m²,N/A,N/A,N/A,Sổ đỏ,2025-11-24
Bán toà căn hộ dịch vụ 19 Liễu Giai Ba Đình - OTO TRÁNH 110M2 9T,60 tỷ,"Đường Liễu Giai, Phường Liễu Giai, Quận Ba Đình, Hà Nội",110 m²,N/A,N/A,9,Sổ đỏ,2025-11-24
"Đất 38m² HOÀNG HOA THÁM, ngõ nông, trước nhà thoáng sáng.","7,75 tỷ","Đường Hoàng Hoa Thám, Phường Ngọc Hà, Quận Ba Đình, Hà Nội",38 m²,4 phòng,4 WC,5,Sổ đỏ,2025-11-24
MẶT PHỐ TT BA ĐÌNH – LÔ GÓC – VỈA HÈ – KINH DOANH ĐỈNH. 42m 5t 17 tỷ 9,Thỏa thuận,"Phường Ngọc Hà, Quận Ba Đình, Hà Nội",42 m² (6.0x7.0),4 phòng,5 WC,5,Sổ đỏ,2025-11-24
GẤP - MẶT PHỐ VĨNH PHÚC - BA ĐÌNH - 60M - 5 TẦNG - VỈA HÈ 10M,"26,5 tỷ","Đường Vĩnh Phúc, Phường Vĩnh Phúc, Quận Ba Đình, Hà Nội",60 m² (4.0x15.0),6 phòng,4 WC,5,Sổ đỏ,2025-11-24
"Cần bán hà riêng 91m chính chủ phường Kim Mã, phố Kim Mã quận Ba Đình",22 tỷ,"Đường Kim Mã, Phường Kim Mã, Quận Ba Đình, Hà Nội",91 m² (8.0x12.0),4 phòng,3 WC,4,Sổ đỏ,2025-11-24
bán nhà mặt phố 22A kim mã thượng 80m2 x 4 tầng,32 tỷ,"Phường Cống Vị, Quận Ba Đình, Hà Nội",80 m²,N/A,N/A,4,Sổ đỏ,2025-11-24
Dòng Tiền Ba Đình 60m2 - 7 Tầng Thang Máy - 17 Phòng KK - Gần Phố,15 tỷ,"Phường Đội Cấn, Quận Ba Đình, Hà Nội",60 m² (4.0x12.0),11 phòng,7 WC,7,Giấy tờ hợp lệ,2025-11-23
"Bán nhà mặt phố Phạm Hồng Thái, BD,DT:55 m / 60 m x5 TG, GIÁ: 32 TY",32 tỷ,"Đường Phạm Hồng Thái, Phường Quán Thánh, Quận Ba Đình, Hà Nội",55 m² (4.0x15.0),4 phòng,5 WC,5,Sổ đỏ,2025-11-23
VIP - PHÂN LÔ 2 Ô TÔ - PHỐ VĨNH PHÚC - BA ĐÌNH -55M - 5 TẦNG - MT 4M,"19,7 tỷ","Đường Vĩnh Phúc, Phường Vĩnh Phúc, Quận Ba Đình, Hà Nội",55 m² (4.0x14.0),5 phòng,4 WC,5,Sổ đỏ,2025-11-23
Chính chủ cần bán biệt thự Grandeur Palace Giảng Võ,200 tỷ,"Phường Giảng Võ, Quận Ba Đình, Hà Nội",290 m²,N/A,N/A,1,Sổ đỏ,2025-11-22
"Chính chủ bán căn nhà ngõ Văn Cao, cách mặt ngõ oto 5m","10,8 tỷ","Đường Văn Cao, Phường Liễu Giai, Quận Ba Đình, Hà Nội",37.5 m²,N/A,N/A,4,Sổ hồng,2025-11-20
Bán nhà Kim Mã. Thông Núi Trúc. Ba Đình. Hà Nội 18'5m x 6 tầng ô tô 30,"4,9 tỷ","Đường Kim Mã, Phường Giảng Võ, Quận Ba Đình, Hà Nội",19 m²,3 phòng,4 WC,6,Sổ đỏ,2025-11-22
"Tuyệt Phẩm, Bán Tòa Nhà  Phố Giang Văn Minh, Đội Cấn, BĐ: 90m2, MT 7.6",60 tỷ,"Đường Giang Văn Minh, Phường Đội Cấn, Quận Ba Đình, Hà Nội",90 m² (7.6x12.0),N/A,N/A,9,Sổ đỏ,2025-11-22
"Chính chủ bán nhà Văn Cao Liễu Giai. Ba Đình. Hà Nội. 19m x 5 tầng 4,9","4,95 tỷ","Phường Liễu Giai, Quận Ba Đình, Hà Nội",19 m²,3 phòng,4 WC,5,Sổ đỏ,2025-11-22
"(HOT)  Liễu Giai – Đội Cấn 45m², MT 5.3m, Ngõ Rộng, Vừa Ở Vừa Cho Thuê","10,5 tỷ","Phường Cống Vị, Quận Ba Đình, Hà Nội",45 m²,3 phòng,5 WC,4,Giấy tờ hợp lệ,2025-11-22
"Cực hiếm nhỉnh 3 tỷ có nhà 19m2 x 4 tầng, Tân Ấp, Ba Đình, Hà Nội","3,48 tỷ","Phường Phúc Xá, Quận Ba Đình, Hà Nội",19 m² (3.0x6.1),3 phòng,3 WC,4,Giấy tờ hợp lệ,2025-11-22
"Chính chủ bán nhà Văn Cao Liễu Giai. Ba Đình. Hà Nội. 19m x 5 tầng 4,9","4,95 tỷ","Phường Liễu Giai, Quận Ba Đình, Hà Nội",19 m²,3 phòng,4 WC,5,Sổ đỏ,2025-11-22
SIÊU PHẨM VIEW HỒ NGỌC HÀ – NGÕ THÔNG  – Ở SƯỚNG KINH DOANH ĐỈNH,"7,2 tỷ","Phường Ngọc Hà, Quận Ba Đình, Hà Nội",32 m²,3 phòng,3 WC,5,Giấy tờ hợp lệ,2025-11-22
Nhà mới siêu đẹp phố Phan Kế Bính,"13,1 tỷ","Đường Phan Kế Bính, Phường Cống Vị, Quận Ba Đình, Hà Nội",48 m²,2,N/A,6,Sổ đỏ,2025-11-21
BÁN NHÀ PHAN KẾ BÍNH —BA ĐÌNH – OTO ĐỖ CỔNG – 10M RA PHỐ,12 tỷ,"Phường Cống Vị, Quận Ba Đình, Hà Nội",46 m²,4 phòng,4 WC,6,Giấy tờ hợp lệ,2025-11-21
BÁN Nhà Nghĩa Dũng Ba Đình Ô Tô Tránh 50m2 4 Tầng Nhỉnh 9 Tỷ,9 tỷ,"Phường Phúc Xá, Quận Ba Đình, Hà Nội",50 m²,4 phòng,2,4,Giấy tờ hợp lệ,2025-11-21
SIÊU HIẾM TRUNG TÂM BA ĐÌNH – VÀI BƯỚC RA PHỐ KIM MÃ – NGÕ RỘNG THOÁNG,"8,2 tỷ","Phường Kim Mã, Quận Ba Đình, Hà Nội",40 m²,4 phòng,4 WC,5,Giấy tờ hợp lệ,2025-11-21
"Bán nhà mặt phố thụy Khuê, bd,dt :80 m x 5 tg,mt:4m, giá: 34,5 tỷ","34,5 tỷ","Đường Thụy Khuê, Phường Quán Thánh, Quận Ba Đình, Hà Nội",80 m² (4.0x20.0),4 phòng,4 WC,5,Sổ đỏ,2025-11-21
"Bán nhà Ba Đình 50m2, vỉa hè 2 bên, ô tô qua, ngõ thông kinh doanh","19,2 tỷ","Đường Thành Công, Phường Giảng Võ, Quận Ba Đình, Hà Nội",50 m²,N/A,N/A,5,Sổ đỏ,2025-11-21
"Bán nhà mặt ngõ 135 đội Cấn ,BD,dt:30 m x 5 tg, mt:6m, giá :15 tỷ",15 tỷ,"Đường Đội Cấn, Phường Đội Cấn, Quận Ba Đình, Hà Nội",30 m² (6.0x5.0),3 phòng,4 WC,5,Sổ đỏ,2025-11-21
"BÁN NHÀ ĐỘI CẤN – BA ĐÌNH – 5 TẦNG ĐẸP  – GẦN PHỐ, TIỆN ÍCH BỦA VÂY",6 tỷ,"Phường Ngọc Hà, Quận Ba Đình, Hà Nội",32 m²,3 phòng,4 WC,5,Giấy tờ hợp lệ,2025-11-20
"VIP - HOÀNG HOA THÁM - VĨNH PHÚC - BA ĐÌNH - 45M - 4 TẦNG - MT 4,7M","13,3 tỷ","Đường Hoàng Hoa Thám, Phường Vĩnh Phúc, Quận Ba Đình, Hà Nội",45 m² (4.7x9.0),4 phòng,3 WC,4,Sổ đỏ,2025-11-20
NHÀ HIẾM LÁNG HẠ – BA ĐÌNH – THIẾT KẾ HIỆN ĐẠI – THOÁNG TRƯỚC SAU,"7,1 tỷ","Phường Thành Công, Quận Ba Đình, Hà Nội",38 m²,3 phòng,4 WC,5,Giấy tờ hợp lệ,2025-11-20
"MẶT NGÕ THÔNG - KINH DOANH ĐỈNH- HOÀNG HOA THÁM GẦN NGỌC HÀ, ĐỘI CẤN","10,8 tỷ","Phường Ngọc Hà, Quận Ba Đình, Hà Nội",30 m²,3 phòng,4 WC,6,Giấy tờ hợp lệ,2025-11-20
"Ban nhà mặt phố hang than,dt 25mx5 tg, giá :15 ty",15 tỷ,"Đường Hàng Than, Phường Quán Thánh, Quận Ba Đình, Hà Nội",25 m²,4 phòng,4 WC,5,Sổ đỏ,2025-11-20
Bán nhà Ngõ An Dương 40m lô góc 2.1 tỷ.,"2,1 tỷ","Đường An Dương, Phường Phúc Xá, Quận Ba Đình, Hà Nội",20 m²,1 phòng,2 WC,N/A,Hợp đồng mua bán,2025-11-20
"Bán nhà ngõ 23 Tôn thất thiệp ,Bd,dt:60 m x 5 tg,mt:5 m, giá 26 tỷ",26 tỷ,"Đường Tôn Thất Thiệp, Phường Điện Biên, Quận Ba Đình, Hà Nội",60 m² (4.5x12.0),4 phòng,4 WC,5,Sổ đỏ,2025-11-20
"Chính Chủ Bán Căn Nhà Cách Mặt Phố ĐỘI CẤN 10m, ngay sát Lăng Bác","7,1 tỷ","Đường Đội Cấn, Phường Ngọc Hà, Quận Ba Đình, Hà Nội",23 m²,N/A,N/A,5,Sổ hồng,2025-11-20
"KV hiếm nhà bán !!! Linh Lang – Đào Tấn 38m² x 5T, sát phố, chỉ 7.9 tỷ","7,9 tỷ","Phường Cống Vị, Quận Ba Đình, Hà Nội",38 m²,4 phòng,5 WC,5,Giấy tờ hợp lệ,2025-11-19
❌   Hàng cực hiếm ❌ Ba đình - mặt ngõ thông-KD-su cóc đỗ cửa- nở hậu,"13,9 tỷ","Phường Đội Cấn, Quận Ba Đình, Hà Nội",39 m²,3 phòng,3 WC,4,Giấy tờ hợp lệ,2025-11-19
"Bán Căn nhà ngõ phố Văn Cao - Ba Đình , sát hồ Tây","2,2 tỷ","188d, Đường Văn Cao, Phường Liễu Giai, Quận Ba Đình, Hà Nội",14 m²,3 phòng,3 WC,5,Giấy tờ hợp lệ,2025-11-19
BÁN NHÀ KIM MÃ – BA ĐÌNH — 5 TẦNG ĐẸP – NGÕ THÔNG GIANG VĂN MINH,"7,7 tỷ","Phường Kim Mã, Quận Ba Đình, Hà Nội",38 m²,4 phòng,4 WC,6,Giấy tờ hợp lệ,2025-11-19
Tôi cần bán nhà Tiểu Khu Ngọc Khánh 5tầng thang máy full nội thất,26 tỷ,"Phường Ngọc Khánh, Quận Ba Đình, Hà Nội",85 m²,6 phòng,6 WC,5,Giấy tờ hợp lệ,2025-11-19
BÁN NHÀ HOÀNG HOA THÁM – TRUNG TÂM BA ĐÌNH--50M RA Ô TÔ TRÁNH,"14,5 tỷ","Phường Ngọc Hà, Quận Ba Đình, Hà Nội",53 m²,4 phòng,3 WC,4,Giấy tờ hợp lệ,2025-11-19
GẤP - NHÀ PHỐ PHAN KẾ BÍNH - ĐÀO TẤN - 50M - 6 TẦNG - MT 5M,"12,9 tỷ","Phường Cống Vị, Quận Ba Đình, Hà Nội",50 m² (5.0x10.0),6 phòng,5 WC,6,Sổ đỏ,2025-11-19
"Hiếm! Nhà Đào Tấn - Linh Lang 40m², ngõ nông, thoáng đẹp, chỉ 8.5 tỷ","8,5 tỷ","Phường Cống Vị, Quận Ba Đình, Hà Nội",40 m²,4 phòng,5 WC,5,Giấy tờ hợp lệ,2025-11-19
"Bán đất Giang Văn Minh 40m2, tặng GPXD, 30m ra phố, oto đỗ, giá 9.5tỷ.","9,5 tỷ","Đường Giang Văn Minh, Phường Kim Mã, Quận Ba Đình, Hà Nội",40 m² (9.8x4.0),N/A,N/A,6,Sổ đỏ,2025-11-19
"Bán nhà măt ngõ khu 28 ông ích khiêm, bd ,dt:45 mx 4 tg, giá: 14,8 ty","14,8 tỷ","Đường Ông Ích Khiêm, Phường Kim Mã, Quận Ba Đình, Hà Nội",58 m² (4.0x13.0),4 phòng,4 WC,N/A,Sổ đỏ,2025-11-18
Nguyên Hồng – Ba Đình – Ô TÔ Tránh – 67 M2 – 3 T – MT 5.4 M – Giá 15.7,"15,7 tỷ","Đường Nguyên Hồng, Phường Thành Công, Quận Ba Đình, Hà Nội",67 m² (5.4x12.0),4 phòng,3 WC,5,Sổ đỏ,2025-11-18
"Bán nhà măt hồ ngõ 135 đội Cấn,dt: 80 x 5 tg, mt:5 m, giá : 35,5 tỷ",35 tỷ,"Đường Đội Cấn, Phường Đội Cấn, Quận Ba Đình, Hà Nội",80 m²,5 phòng,5 WC,5,Sổ đỏ,2025-11-18
Tân Ấp – Ba Đình  – Ô Tô Tránh – KD – 61 M – 5 T – MT 5 M – Giá 20.1 T,"20,1 tỷ","Phường Phúc Xá, Quận Ba Đình, Hà Nội",61 m² (5.0x12.0),5 phòng,5 WC,5,Sổ đỏ,2025-11-18
BÁN Tòa  NHÀ MẶT PHỐ  TOÀ VĂN PHÒNG - KINH DOANH - DT450 M giá 380 tỷ,380 tỷ,"Đường Đào Tấn, Phường Liễu Giai, Quận Ba Đình, Hà Nội",450 m² (12.0x19.0),8 phòng,N/A,14,Sổ đỏ,2025-11-17
"Bán nhà Giang Văn Minh 7 tầng, có thang máy, ngõ nông, gần phố","25,5 tỷ","Đường Giang Văn Minh, Phường Kim Mã, Quận Ba Đình, Hà Nội",70 m²,N/A,N/A,7,Sổ đỏ,2025-11-18
Mặt Phố Hoàng Hao Thám – Ba Đình = 207 M – 4T – MT 6.8 M – Giá 64.8 Tỷ,"64,8 tỷ","Đường Hoàng Hoa Thám, Phường Ngọc Hà, Quận Ba Đình, Hà Nội",207 m² (6.8x30.0),5 phòng,5 WC,4,Sổ đỏ,2025-11-17
"Tôi chính chủ bán toà BUlDING Mp Văn Cao, Q Ba Đình, Dt 115 m, 10T, mt",80 tỷ,"Đường Văn Cao, Phường Liễu Giai, Quận Ba Đình, Hà Nội",115 m²,N/A,N/A,10,Sổ đỏ,2025-11-17
"Chính chủ bán nhà Phố Đào Tấn, 55M x 6 Tầng, ô tô qua 17,9 tỷ","17,9 tỷ","Đường Đào Tấn, Phường Cống Vị, Quận Ba Đình, Hà Nội",55 m² (4.0x14.0),6 phòng,6 WC,6,Sổ đỏ,2025-11-17
Chính Chủ Cần Bán Nhà Kim Mã - 35m2 - 1 nhà ra mặt phố - sổ vuông đẹp,"9,5 tỷ","Phường Kim Mã, Quận Ba Đình, Hà Nội",35 m²,3 phòng,4 WC,5,Giấy tờ hợp lệ,2025-11-16
"Mặt Phố Lô góc Phan Huy Ích Ba Đình 55m2 6 tầng mặt 14m 43,3 Tỷ","43,3 tỷ","Phường Nguyễn Trung Trực, Quận Ba Đình, Hà Nội",55 m²,11 phòng,7 WC,6,Giấy tờ hợp lệ,2025-11-16
"Hiếm Hot BA ĐÌNH! HÀNG SIÊU QUÝ HIẾM, LÔ GÓC - CẢ PHỐ CHỈ CÓ 1 NHÀ BÁN",40 tỷ,"Phường Điện Biên, Quận Ba Đình, Hà Nội",52 m² (12.0x5.0),3 phòng,5 WC,6,Giấy tờ hợp lệ,2025-11-16
"Cực hiếm! Nhà đẹp Giang Văn Minh – Kim Mã, 32m² x5T, ở ngay chỉ 7,6 tỷ","7,6 tỷ","Phường Giảng Võ, Quận Ba Đình, Hà Nội",32 m²,3 phòng,5 WC,5,Giấy tờ hợp lệ,2025-11-16
TOÀ CCMN RẺ NHẤT PHÂN KHÚC DÒNG TIỀN!,"20,6 tỷ","Đường Đội Cấn, Phường Đội Cấn, Quận Ba Đình, Hà Nội",88 m²,15 phòng,15 WC,7,Sổ đỏ,2025-11-16
"Tôi cần bán nhà mặt ngõ ô tô Đào Tấn, 6tầng thang máy full nội thất","17,96 tỷ","Phường Liễu Giai, Quận Ba Đình, Hà Nội",50 m²,6 phòng,6 WC,6,Giấy tờ hợp lệ,2025-11-16
"Tôi cần bán nhà ngõ Đào Tấn, BĐ giá 7.1 tỷ, 40m2x4T, ở luôn","7,1 tỷ","Đường Đào Tấn, Phường Cống Vị, Quận Ba Đình, Hà Nội",40 m² (4.0x10.0),N/A,N/A,4,Sổ đỏ,2025-11-16
"Bán nhanh nhà ngõ 6 Vĩnh Phúc, giá 9.9 tỷ, hơn 36m2x2T, SDCC","9,9 tỷ","Đường Vĩnh phúc, Phường Vĩnh Phúc, Quận Ba Đình, Hà Nội",36 m² (4.0x8.0),N/A,N/A,2,Sổ đỏ,2025-11-16
"Sở hữu ngay nhà Tân Ấp, giá 6.3 tỷ, 26m2x5T, ngõ thoáng ẢNH THẬT","6,3 tỷ","Đường Tân Ấp, Phường Phúc Xá, Quận Ba Đình, Hà Nội",26 m²,N/A,2,5,Sổ đỏ,2025-11-16
"bán nhà 6 tầng, thang máy, nhà xây dựng mới, đầy đủ nội thất cơ bản","8,8 tỷ","10, ngách 109 D, ngõ 409 Kim Mã, Đường Kim Mã, Phường Ngọc Khánh, Quận Ba Đình, Hà Nội",40 m² (6.0x6.0),4 phòng,5 WC,6,Sổ hồng,2025-11-15
chính chủ bán nhà hoàng hoa thám,"14,5 tỷ","40A ngõ 55/24 , Đường Hoàng Hoa Thám, Phường Ngọc Hà, Quận Ba Đình, Hà Nội",53 m² (3.7x15.0),4 phòng,3 WC,4,Sổ đỏ,2025-11-16
"SỔ 37M2x6T THANG MÁY, 15M RA PHỐ HOÀNG HOA THÁM, BA ĐÌNH","11,3 tỷ","Đường Hoàng Hoa Thám, Phường Ngọc Hà, Quận Ba Đình, Hà Nội",37 m²,4 phòng,4 WC,6,Sổ đỏ,2025-11-15
"💥 Bán gấp nhà 5 tầng Kim Mã - đẹp gần phố đi lại tiện, giá cả hợp lý","8,08 tỷ","Phường Kim Mã, Quận Ba Đình, Hà Nội",30 m²,3 phòng,3 WC,5,Đang chờ sổ,2025-11-14
Bán nhà 124 mặt phố Thụy Khuê 200 m xây mới 9 tầng,85 tỷ,"124, Đường Thụy Khuê, Phường Trúc Bạch, Quận Ba Đình, Hà Nội",200 m² (7.0x129.0),3 phòng,2 WC,9,Sổ đỏ,2025-11-14
"VĨNH PHÚC Đội Nhân 35m² _ ngõ thông thoáng rộng rãi, gần đường ô tô.",8 tỷ,"Đường Vĩnh Phúc, Phường Vĩnh Phúc, Quận Ba Đình, Hà Nội",35 m²,3 phòng,3 WC,N/A,Sổ đỏ,2025-11-13
SIÊU PHẨM ĐÀO TẤN – NHÀ ĐẸP DÂN XÂY – 3 THOÁNG – GIÁ CỰC,"12,9 tỷ","Phường Cống Vị, Quận Ba Đình, Hà Nội",54 m²,4 phòng,3 WC,6,Giấy tờ hợp lệ,2025-11-13
Siêu Phẩm Ba Đình Đón Tết 42m2 - 5 Tầng - Sát Phố - Ngõ Nông - 10 Tỷ,10 tỷ,"Phường Đội Cấn, Quận Ba Đình, Hà Nội",42 m² (4.2x10.0),5 phòng,4 WC,5,Giấy tờ hợp lệ,2025-11-13
"Chính chủ bán nhà Ngọc Hà- Hoàng Hoa Thám. Ba Đình. Hà Nội 21m x 5,5 t","4,85 tỷ","Phường Giảng Võ, Quận Ba Đình, Hà Nội",21 m²,3 phòng,4 WC,5.5,Sổ đỏ,2025-11-12
Nhà mới Ba Đình 7tầng thang máy. Oto tránh dừng đỗ ngày đêm.,"13,3 tỷ","Phường Ngọc Hà, Quận Ba Đình, Hà Nội",35 m²,1,N/A,7,Sổ đỏ,2025-10-28
"Bán nhà Lê Hồng Phong. Ngọc Hà. Ba Đình Hà Nội 19m x 6 tầng 4,89 tỷ. C","4,88 tỷ","Phường Quán Thánh, Quận Ba Đình, Hà Nội",19 m²,3 phòng,4 WC,6,Sổ đỏ,2025-11-12
TOÀ KHÁCH SẠN – CH CAO CẤP MẶT PHỐ XUÂN DIỆU 300 TỶ 300M2 XÂY 10 T,48 tỷ,"Đường Láng Hạ, Phường Thành Công, Quận Ba Đình, Hà Nội",125 m² (9.0x16.0),N/A,N/A,4,Sổ đỏ,2025-11-11
bán gấp căn nhà khu plô VIP Vĩnh Phúc. Giáp khu 72ha  BA Đình DT 50M,"30,2 tỷ","Đường Bưởi, Phường Vĩnh Phúc, Quận Ba Đình, Hà Nội",50 m² (4.3x11.0),7 phòng,7 WC,9,Sổ đỏ,2025-11-11
NHÀ 2 MẶT NGÕ GIANG VĂN MINH - VỪA Ở VỪA CHO THUÊ,"14,8 tỷ","Phường Đội Cấn, Quận Ba Đình, Hà Nội",50 m²,5 phòng,3 WC,5,Giấy tờ hợp lệ,2025-11-12
⚠️KHU VỰC CẢ NĂM MỚI CÓ 1 NHÀ BÁN -Bán Nhà - Mặt Hồ - Đội Cấn Ba Đình,"25,9 tỷ","Phường Ngọc Hà, Quận Ba Đình, Hà Nội",57 m² (4.9x11.5),4 phòng,5 WC,5,Giấy tờ hợp lệ,2025-11-12
"Hiếm phân khúc Kim Mã, ngõ nông thoáng sáng, cách phố 60m, chỉ 6.6 Tỷ","6,6 tỷ","Phường Kim Mã, Quận Ba Đình, Hà Nội",27 m²,3 phòng,3 WC,4,Giấy tờ hợp lệ,2025-11-11
Bán Nhà Mặt Phố Linh Lang - 105M2* 9 Tầng - Cho Thuê 200Tr/ Tháng,65 tỷ,"Đường Linh Lang, Phường Liễu Giai, Quận Ba Đình, Hà Nội",105 m²,13 phòng,14 WC,9,Sổ đỏ,2025-11-11
bán tòa nhà mặt phố văn cao 110m2 × 9 tầng,78 tỷ,"Phường Cống Vị, Quận Ba Đình, Hà Nội",110 m²,N/A,N/A,9,Sổ đỏ,2025-11-11
Tân Ấp Ba ĐÌnh – 84 M2 – 3 Tầng – MT 7.3 M – Giá 8.2 Tỷ,"8,2 tỷ","Đường Tân Ấp, Phường Phúc Xá, Quận Ba Đình, Hà Nội",83 m² (7.3x11.0),3 phòng,3 WC,3,Sổ đỏ,2025-11-15
"bán nhà khu vạn bảo 75m2 x 6,5 tầng",37 tỷ,"Phường Cống Vị, Quận Ba Đình, Hà Nội",75 m²,N/A,N/A,6.5,Sổ đỏ,2025-11-11
"Hiếm nhà Kim Mã –35m²x5t, ngõ nông rộng, 3 mặt thoáng, giá chỉ 7,6 tỷ","7,4 tỷ","Phường Giảng Võ, Quận Ba Đình, Hà Nội",38 m²,3 phòng,5 WC,5,Giấy tờ hợp lệ,2025-11-11
"Nhà Ngọc Khánh,35m2x5t, sát Vinhomes Giảng Võ, Giá trị tăng tương lai",8 tỷ,"Phường Ngọc Khánh, Quận Ba Đình, Hà Nội",35 m²,3 phòng,4 WC,5,Giấy tờ hợp lệ,2025-11-11
Bán nhà mặt phố Linh Lang- Phan Kế Bính trung tâm quận Ba Đình,45 tỷ,"Đường Linh Lang, Phường Cống Vị, Quận Ba Đình, Hà Nội",54 m²,N/A,N/A,8,Sổ đỏ,2025-11-14
"Phân lô Ba Đình 52m2*5T,mt 4m,vỉa hè,kd,oto tránh,nhà mới,giá 20.5tỷ.","20,5 tỷ","Đường Vĩnh phúc, Phường Đội Cấn, Quận Ba Đình, Hà Nội",52 m² (4.0x11.9),7 phòng,4 WC,5,Sổ hồng,2025-11-10
"Bán BT Vip Phố Liễu Giai, Ba Đình DT190m2 Mt 15m Đường oto gia 76,6ty","76,6 tỷ","68, Đường Liễu Giai, Phường Liễu Giai, Quận Ba Đình, Hà Nội",190 m²,4 phòng,4 WC,3,Sổ đỏ,2025-11-14
"Chính chủ Bán Nhà 10m ra phố Kim Mã, 36m² x 4T, cạnh Lotte Liễu Giai","6,2 tỷ","Phường Kim Mã, Quận Ba Đình, Hà Nội",36 m²,3 phòng,5 WC,4,Giấy tờ hợp lệ,2025-11-11
"BÁN BT KHU PL Vip Giảng Võ-  BA ĐÌNH ,OTO TRÁNH 136M2X3,5T - 66 TỶ",66 tỷ,"66, Đường Giảng Võ, Phường Giảng Võ, Quận Ba Đình, Hà Nội",136.8 m²,5 phòng,3 WC,35,Sổ đỏ,2025-11-14
"Bán Toà 8 nổi 1 Hầm Phố Linh Lang -Đào Tấn 109m2 mt8m Kd vip 68,886ty.","68,88 tỷ","55, Đường Linh Lang, Phường Liễu Giai, Quận Ba Đình, Hà Nội",109 m²,15 phòng,16 WC,N/A,Sổ đỏ,2025-11-14
BÁN NHÀ ĐẸP BA ĐÌNH – FULL NỘI THẤT – GẦN Ô TÔ – GIÁ TỐT,"11,5 tỷ","Phường Phúc Xá, Quận Ba Đình, Hà Nội",40 m²,2 phòng,3 WC,4,Giấy tờ hợp lệ,2025-11-10
"Bán nhà 8t Thang Máy MP Nguyễn Thái Học- Điện Biên Phủ DT 92m2 MT4,15m","89,99 tỷ","68, Đường Nguyễn Thái Học, Phường Điện Biên, Quận Ba Đình, Hà Nội",92 m²,16 phòng,17 WC,8,Sổ đỏ,2025-11-14
Cần chuyển nhượng nhà trung tâm phố cổ,"7,8 tỷ","Phường Quán Thánh, Quận Ba Đình, Hà Nội",29 m² (8.0x4.0),3 phòng,3 WC,4,Giấy tờ hợp lệ,2025-11-10
"Bán nhà Liễu Giai 70m2, khu phân lô, ô tô ra vào, cần bán gấp","20,8 tỷ","Đường Liễu Giai, Phường Liễu Giai, Quận Ba Đình, Hà Nội",70 m²,N/A,N/A,3,Sổ đỏ,2025-11-09
Bán nhà trong ngõ 25 phan đình Phùng,"13,5 tỷ","25, Đường Phan Đình Phùng, Phường Quán Thánh, Quận Ba Đình, Hà Nội",47 m²,5 phòng,3 WC,5,Sổ đỏ,2025-11-09
GIÁ NÀO CŨNG BÁN NHÀ PHỐ HOÀNG HOA THÁM – BA ĐÌNH 55m 3 TẦNG MẶT TIỀN,13 tỷ,"Đường Hoàng Hoa Thám, Phường Ngọc Hà, Quận Ba Đình, Hà Nội",55 m²,4 phòng,4 WC,3,Sổ đỏ,2025-11-13
"BA ĐÌNH VIP Ô TÔ ĐỖ CỬA, KINH DOANH SẦM UẤT, NHÀ 5 TẦNG MỚI ĐẸP Ở NGAY",40 tỷ,"Đường Ngọc Khánh, Phường Ngọc Khánh, Quận Ba Đình, Hà Nội",40 m²,N/A,N/A,5,Sổ đỏ,2025-11-13
Cực hiếm!  Bán Nhà ba đình – đào tấn 41m2 x4 tầng ngõ thông kinh doanh,"14,65 tỷ","Đường Đào Tấn, Phường Đội Cấn, Quận Ba Đình, Hà Nội",41 m²,4 phòng,3 WC,4,Sổ đỏ,2025-11-13
"45m² ĐÀO TẤN mặt tiền 5m - ngõ rộng, thoáng sáng, gần mặt đường.",14 tỷ,"Đường Đào Tấn, Phường Cống Vị, Quận Ba Đình, Hà Nội",40.8 m²,4 phòng,3 WC,N/A,Sổ đỏ,2025-11-08
"Lô Góc Ba Đình 35m2 - 5 Tầng - Gần Phố - Ở Ngay - Giá 7,6 Tỷ","7,6 tỷ","Phường Giảng Võ, Quận Ba Đình, Hà Nội",35 m² (3.5x10.0),3 phòng,4 WC,5,Giấy tờ hợp lệ,2025-11-09
"Bán nhà khu 28 Ông ích Khiêm ,dt :85m² x 5 tg,mt : 6m, giá:28,5 ty","28,5 tỷ","Đường Ông Ích Khiêm, Phường Đội Cấn, Quận Ba Đình, Hà Nội",85 m² (6.0x26.0),6 phòng,7 WC,4,Sổ đỏ,2025-11-08
🏡 TÂN ẤP – BA ĐÌNH | NHÀ ĐẸP DÂN XÂY – FULL NỘI THẤT – GẦN Ô TÔ,"11,5 tỷ","Phường Phúc Xá, Quận Ba Đình, Hà Nội",40 m²,4 phòng,3 WC,4,Giấy tờ hợp lệ,2025-11-09
Lô Góc Ba Đình 45m2 - 6 Tầng Thang Máy - Ngõ Thông - Ô Tô - Giá 12 Tỷ,12 tỷ,"Phường Vĩnh Phúc, Quận Ba Đình, Hà Nội",45 m² (4.5x10.0),3 phòng,4 WC,6,Giấy tờ hợp lệ,2025-11-09
💥  NHÀ ĐẸP TRUNG TÂM BA ĐÌNH – Ở NGAY – CÁCH Ô TÔ VÀI BƯỚC 💥,"8,6 tỷ","612, Đường Đê La Thành, Phường Giảng Võ, Quận Ba Đình, Hà Nội",41.3 m² (7.0x6.0),4 phòng,3 WC,4,Sổ đỏ,2025-11-12
Đội Cấn 29m2-6 tầng-mt 5m-ô tô tránh đỗ 14.5 tỷ(Có thương lượng),"14,5 tỷ","279, Đường Đội Cấn, Phường Ngọc Hà, Quận Ba Đình, Hà Nội",29 m² (5.0x6.0),3 phòng,5 WC,6,Sổ đỏ,2025-11-12
Phố Tân Ấp – Ba Đình – Ô Tô Tránh – 61 M – 5 T – MT 5 M – Giá 19.5 Tỷ.,"19,5 tỷ","Đường Tân Ấp, Phường Phúc Xá, Quận Ba Đình, Hà Nội",61 m² (5.0x12.0),5 phòng,4 WC,5,Sổ đỏ,2025-11-12
"HIẾM !!! BÁN NHÀ GIANG VĂN MINH–KIM MÃ–42M²x 5T–GẦN PHỐ–CHỈ 9,8 TỶ","9,8 tỷ","Phường Kim Mã, Quận Ba Đình, Hà Nội",42 m²,3 phòng,5 WC,5,Giấy tờ hợp lệ,2025-11-08
"🇻🇳Nhà mới kính koong #Ba_Đình, 22m2, 5 tầng, mt 3.5, Giá chỉ 5.9 tỷ","5,9 tỷ","Phường Phúc Xá, Quận Ba Đình, Hà Nội",22 m²,3 phòng,3 WC,5,Giấy tờ hợp lệ,2025-11-08
"Mặt ngõ kinh doanh Núi Trúc - 38m2-10m ra phố -Ngõ thông, Chỉ 9,2 Tỷ","9,2 tỷ","Phường Giảng Võ, Quận Ba Đình, Hà Nội",38 m²,3 phòng,5 WC,4,Giấy tờ hợp lệ,2025-11-08
"Đội Cấn 27m² 5T 4PN 8.8 Tỷ Ba Đình – TRUNG TÂM, VÀI BƯỚC RA PHỐ","8,8 tỷ","Phường Đội Cấn, Quận Ba Đình, Hà Nội",27 m²,2 phòng,3 WC,5,Giấy tờ hợp lệ,2025-11-08
NHÀ ĐẸP TRUNG TÂM BA ĐÌNH – VÀI BƯỚC RA PHỐ – 5 TẦNG FULL CÔNG NĂNG,"8,8 tỷ","Phường Đội Cấn, Quận Ba Đình, Hà Nội",27 m²,2 phòng,3 WC,5,Giấy tờ hợp lệ,2025-11-08
PHÂN LÔ – NỞ HẬU – 2 MẶT THOÁNG – LÕI BA ĐÌNH,"7,8 tỷ","Phường Cống Vị, Quận Ba Đình, Hà Nội",29 m²,4 phòng,3 WC,4,Giấy tờ hợp lệ,2025-11-08
HÓT BA ĐÌNH – GIÁ ĐẦU TƯ – SỔ ĐỎ CHÍNH CHỦ,"7,5 tỷ","Phường Vĩnh Phúc, Quận Ba Đình, Hà Nội",34 m²,2 phòng,3 WC,3,Giấy tờ hợp lệ,2025-11-08
"bán nhà nhõ 2 linh lang - ba đình 76m2 x 6,5 tầng",35 tỷ,"Đường Linh Lang, Phường Cống Vị, Quận Ba Đình, Hà Nội",76 m²,N/A,N/A,6.5,Sổ đỏ,2025-11-07
"bán nhà mặt phố linh lang-kim mã thượng 230m2,MT 7m.",90 tỷ,"Phường Cống Vị, Quận Ba Đình, Hà Nội",230 m²,N/A,N/A,N/A,Sổ đỏ,2025-11-07
Vĩnh Phúc – Ba Đình – Ô Tô tránh – 123 m2 – 5 T – MT 4.5 m – Giá 30.3,"30,3 tỷ","Đường Vĩnh Phúc, Phường Cống Vị, Quận Ba Đình, Hà Nội",123 m² (4.5x27.0),7 phòng,7 WC,5,Sổ đỏ,2025-11-11
"Bán 22 kim mã thượng 80m2 x 4,5 tầng     giá: 21,5ti",30 tỷ,"Đường Kim Mã Thượng, Phường Cống Vị, Quận Ba Đình, Hà Nội",80 m²,N/A,N/A,4.5,Sổ đỏ,2025-11-07
"HIẾM - BÁN NHÀ PHỐ NGỌC HÀ - GẦN LĂNG BÁC - 40M - 4,5 TẦNG - MT 5,2M","13,5 tỷ","Đường Ngọc Hà, Phường Ngọc Hà, Quận Ba Đình, Hà Nội",40 m² (5.2x8.0),5 phòng,4 WC,4,Sổ đỏ,2025-11-11
Bán gấp nhà 6 tầng sát phố Giảng Võ hơn 6 tỷ,"6,86 tỷ","Đường Giảng Võ, Phường Giảng Võ, Quận Ba Đình, Hà Nội",30 m²,3 phòng,3 WC,6,Sổ đỏ,2025-11-11
Phân Lô Ô Tô Ngọc Khánh - Vỉa Hè 3m - Kinh Doanh - 45M2* 5T - 19.2 Tỷ.,"19,2 tỷ","Đường Ngọc Khánh, Phường Ngọc Khánh, Quận Ba Đình, Hà Nội",45 m²,5 phòng,5 WC,5,Sổ hồng,2025-11-11
Bán nhà Hoàng Hoa Thám 54m² ngõ thoáng gần phố giá đầu tư 9 tỷ,9 tỷ,"Đường Hoàng Hoa Thám, Phường Ngọc Hà, Quận Ba Đình, Hà Nội",54 m²,N/A,N/A,N/A,Sổ đỏ,2025-11-10
"Bán nhà ngõ 371 kim mã , ba đình, dt: 75 m, mt: 4,5 , giá 10,5 ty","10,5 tỷ","Đường Kim Mã, Phường Kim Mã, Quận Ba Đình, Hà Nội",75 m² (4.5x18.0),3 phòng,2 WC,N/A,Sổ đỏ,2025-11-06
BÁN NHÀ MẶT PHỐ - VỈA HÈ KINH DOANH - YÊN PHỤ - BA ĐÌNH - NGUYỄN TRUNG,"8,9 tỷ","88, Đường Yên Phụ, Phường Nguyễn Trung Trực, Quận Ba Đình, Hà Nội",22.2 m²,N/A,N/A,4,Sổ đỏ,2025-11-10
CỰC ĐẸP - ĐÀO TẤN - LINH LANG - 70M - 4 TẦNG - 2 THOÁNG - chỉ 22 tỷ,22 tỷ,"Đường Đào Tấn, Phường Cống Vị, Quận Ba Đình, Hà Nội",70 m² (4.0x17.5),5 phòng,4 WC,4,Sổ đỏ,2025-11-10
BÁN NHÀ NGỌC HÀ  – TRUNG TÂM BA ĐÌNH– 3 BƯỚC RA PHỐ –DÂN XÂY CHẮC NỊCH,"5,88 tỷ","Phường Ngọc Hà, Quận Ba Đình, Hà Nội",24 m²,2 phòng,3 WC,4,Giấy tờ hợp lệ,2025-11-06
NHÀ MỚI TRUNG TÂM ĐỐNG ĐA - 22M2 4 TẦNG CHỈ 7.3 TỶ,"7,3 tỷ","Phường Liễu Giai, Quận Ba Đình, Hà Nội",22 m²,2 phòng,3 WC,4,Giấy tờ hợp lệ,2025-11-06
"NHÀ MỚI TRUNG TÂM BA ĐÌNH - 40m2 7 TẦNG THANG MÁY CHỈ 11,8 TỶ","11,8 tỷ","Phường Ngọc Hà, Quận Ba Đình, Hà Nội",40 m²,7 phòng,7 WC,7,Giấy tờ hợp lệ,2025-11-06
CÁCH MẶT PHỐ HOÀNG HOA THÁM 50M - NHÀ ĐẸP - VỪA TIỀN - SỔ ĐỎ CHÍNH CHỦ,"7,3 tỷ","Phường Liễu Giai, Quận Ba Đình, Hà Nội",25 m² (3.0x8.0),2 phòng,2 WC,4,Giấy tờ hợp lệ,2025-11-06
"SIÊU RẺ TRUNG TÂM BA ĐÌNH - 51M2 - 5PN - 5 TẦNG CHỈ 10,5 TỶ","10,5 tỷ","Phường Liễu Giai, Quận Ba Đình, Hà Nội",51 m²,5 phòng,6 WC,5,Giấy tờ hợp lệ,2025-11-06
"GIÁ 14.2 TỶ! ĐẤT ĐỘI CẤN - BA ĐÌNH: 65M², GẦN Ô TÔ!","14,2 tỷ","Phường Đội Cấn, Quận Ba Đình, Hà Nội",65 m²,2 phòng,N/A,2,Giấy tờ hợp lệ,2025-11-06
"BÁN NHÀ ĐẸP  – LÔ GÓC SIÊU THOÁNG – 5 NHÀ RA Ô TÔ – NGỌC HÀ, BA ĐÌNH","11,5 tỷ","Phường Ngọc Hà, Quận Ba Đình, Hà Nội",42 m²,5 phòng,5 WC,4,Giấy tờ hợp lệ,2025-11-06
"BÁN NHÀ ĐỘI CẤN - VỪA Ở VỪA SINH LỜI - 55M2X4T MẶT TIỀN 5,5M, NGÕ RỘNG","10,5 tỷ","Phường Đội Cấn, Quận Ba Đình, Hà Nội",55 m²,3 phòng,5 WC,5,Giấy tờ hợp lệ,2025-11-06
"HIẾM VỊ TRÍ !!! NHÀ KIM MÃ–38M²–CÁCH PHỐ 50M –2 MẶT THOÁNG–CHỈ 7,3 TỶ","7,3 tỷ","Phường Kim Mã, Quận Ba Đình, Hà Nội",38 m²,3 phòng,4 WC,4,Giấy tờ hợp lệ,2025-11-06
"NHÀ MỚI TRUNG TÂM BA ĐÌNH - 40M2 6 TẦNG THANG MÁY CHỈ 12,1 TỶ","12,1 tỷ","Phường Liễu Giai, Quận Ba Đình, Hà Nội",40 m²,3 phòng,4 WC,6,Giấy tờ hợp lệ,2025-11-06
Bán nhà 4 tầng ngõ 379 Đội Cấn,"17,13 tỷ","Đường Đội Cấn, Phường Liễu Giai, Quận Ba Đình, Hà Nội",68.5 m²,4 phòng,3 WC,4,Sổ đỏ,2025-11-05
"Bán nhà mặt ngõ Giang Văn Minh, BD, dt::50 m x 5 tg,mt:4m, giá 18,8 tỷ","18,8 tỷ","Đường Giang Văn Minh, Phường Kim Mã, Quận Ba Đình, Hà Nội",50 m² (4.0x14.0),4 phòng,5 WC,5,Sổ đỏ,2025-11-05
"Bán nhà ngõ 112 Ngọc Khánh, bd, dt: 60 m 6 tg,mt:4,5m, giá 18,5 tỷ","18,5 tỷ","Đường Ngọc Khánh, Phường Ngọc Khánh, Quận Ba Đình, Hà Nội",60 m² (4.5x15.0),5 phòng,5 WC,6,Sổ đỏ,2025-11-05
"Bán nhà mặt phố Đội Cấn, 100m2, xây 10 tầng, MT 8m, cho thuê hơn 200 t",60 tỷ,"Đường Đội Cấn, Phường Đội Cấn, Quận Ba Đình, Hà Nội",100 m² (8.0x12.0),10 phòng,N/A,10,Sổ đỏ,2025-11-09
HIẾM CÓ KHÓ TÌM - 8x TỶ SỞ HỮU TRUNG TÂM QUẬN BA ĐÌNH - VÀI BƯỚC RA NG,"8,6 tỷ","Phường Kim Mã, Quận Ba Đình, Hà Nội",42 m²,4 phòng,3 WC,4,Sổ đỏ,2025-11-09
"Thiện chí bán nhà đầu ngõ Phó Đức Chính, giá chỉ 7.5 tỷ, 32m2x4 tầng,","7,5 tỷ","Đường Phó Đức Chính, Phường Phúc Xá, Quận Ba Đình, Hà Nội",32 m²,N/A,N/A,4,Sổ đỏ,2025-11-09
Bán nhà nhỏ phố Sơn Tây-Ba Đình 26m/2 tầng .Gía 5.7 tỷ,"5,7 tỷ","Đường Sơn Tây, Phường Kim Mã, Quận Ba Đình, Hà Nội",26 m² (3.2x8.0),2 phòng,2 WC,2,Sổ đỏ,2025-11-09
"Giảng Võ, hiếm nhà 7 tầng bán, 5m ngang, ô tô vào nhà, phân lô, No QH","24,95 tỷ","283, Đường Giảng Võ, Phường Giảng Võ, Quận Ba Đình, Hà Nội",50 m²,2,N/A,7,Sổ đỏ,2025-11-04
"🏡 BÁN NHÀ ĐẸP – HOÀNG HOA THÁM– LÔ GÓC, GẦN HỒ, TRUNG TÂM, DÂN TRÍ CAO","11,8 tỷ","Phường Ngọc Hà, Quận Ba Đình, Hà Nội",45 m² (4.0x11.3),3 phòng,3 WC,4,Giấy tờ hợp lệ,2025-11-05
"🏡 BÁN NHÀ MỚI XÂY – HOÀNG HOA THÁM – THANG MÁY, TRUNG TÂM CỦA  PHỐ","11,7 tỷ","Phường Ngọc Hà, Quận Ba Đình, Hà Nội",39 m² (4.6x8.4),4 phòng,3 WC,5,Giấy tờ hợp lệ,2025-11-05
BÁN LÔ ĐẤT LỚN TRUNG TÂM BA ĐÌNH - VÔ ĐỊCH VỀ GIÁ - BA GÁC ĐỖ CỬA 685M,"46,9 tỷ","Phường Ngọc Hà, Quận Ba Đình, Hà Nội",683 m² (10.0x70.0),11 phòng,7 WC,2,Giấy tờ hợp lệ,2025-11-05
"Khách sạn 9 tầng phố Liễu Giai, 100m2,dòng tiền 200 triệu,nhỉnh 60 tỷ",68 tỷ,"Đường Liễu Giai, Phường Liễu Giai, Quận Ba Đình, Hà Nội",100 m²,13 phòng,15 WC,9,Sổ đỏ,2025-11-04
Vị trí vàng Toà 5T Mp Văn Cao-Liễu Giai vỉa hè 6m đường 42m kd sầm uất,65 tỷ,"Đường Liễu Giai, Phường Liễu Giai, Quận Ba Đình, Hà Nội",95 m²,4 phòng,4 WC,5,Sổ đỏ,2025-11-03
Bán gấp chdv 7 tầng 17 phòng khép kín full khách Ngọc Khánh,"22,5 tỷ","6, Đường Ngọc Khánh, Phường Giảng Võ, Quận Ba Đình, Hà Nội",70 m² (5.0x14.0),17 phòng,17 WC,7,Sổ đỏ,2025-11-11
GIẢM 5 TỶ...! MẶT PHỐ MẶT TIỀN 10M - 9 TẦNG CHO THUÊ 2.2 TỶ - 105M2,65 tỷ,"Đường Đào Tấn, Phường Liễu Giai, Quận Ba Đình, Hà Nội",105 m²,10 phòng,11 WC,9,Sổ đỏ,2025-11-08
"TRUNG TÂM BA ĐÌNH 39M2 - 5 TẦNG - THANG MÁY CHỈ 11,7 TỶ","11,7 tỷ","Phường Liễu Giai, Quận Ba Đình, Hà Nội",39 m²,3 phòng,4 WC,5,Giấy tờ hợp lệ,2025-11-04
"BÁN GẤP NHÀ PHAN KẾ BÍNH - BA ĐÌNH, 4 TẦNG 4PN, NGÕ THẲNG GIÁ HƠN 7 TỶ","7,7 tỷ","Phường Liễu Giai, Quận Ba Đình, Hà Nội",30 m²,4 phòng,3 WC,4,Giấy tờ hợp lệ,2025-11-04
BÁN NHÀ CHO THUÊ KINH DOANH Ở ĐÀO TẤN - THANG MÁY - GẦN PHỐ VÀI BƯỚC,22 tỷ,"Phường Ngọc Khánh, Quận Ba Đình, Hà Nội",65 m²,4 phòng,N/A,5,Giấy tờ hợp lệ,2025-11-04
"Nhà Nghĩa Dũng - Phúc Xá - 28 m * 2 tầng -4,5 tỷ","4,5 tỷ","Phường Phúc Xá, Quận Ba Đình, Hà Nội",25 m² (4.0x7.0),2 phòng,2 WC,2,Giấy tờ hợp lệ,2025-11-04
Nhà Phân lô Phúc Xá - 52 m- 6 tầng -23 tỷ,23 tỷ,"Phường Phúc Xá, Quận Ba Đình, Hà Nội",52 m² (4.8x11.0),5 phòng,5 WC,6,Giấy tờ hợp lệ,2025-11-04
BÁN NHÀ HOÀNG HOA THÁM – 3 TẦNG – NGÕ THOÁNG – BA ĐÌNH,"7,5 tỷ","Phường Vĩnh Phúc, Quận Ba Đình, Hà Nội",34 m²,2 phòng,2 WC,3,Giấy tờ hợp lệ,2025-11-04
"BÁN GẤP NHÀ MP ĐÊ LA THÀNH, 40M2×5T, MT 3.5M, 19 TỶ - 0987104878",19 tỷ,"Đường Đê La Thành, Phường Giảng Võ, Quận Ba Đình, Hà Nội",40 m² (4.0x11.0),5 phòng,4 WC,5,Sổ đỏ,2025-11-03
"Nhà 4T ngõ 612 La Thành-94 Ngọc Khánh cách oto 20m ngõ 2,5m dt 75m","15,5 tỷ","Đường La Thành, Phường Giảng Võ, Quận Ba Đình, Hà Nội",69.2 m²,4 phòng,4 WC,4,Sổ đỏ,2025-11-03
"Ngọc Hà, Ba Đình, Hà Nội  37m² x 6 tầng thang máy, giá 11.3 tỷ","11,3 tỷ","Đường Ngọc Hà, Phường Ngọc Hà, Quận Ba Đình, Hà Nội",37 m²,4 phòng,5 WC,6,Sổ đỏ,2025-11-02
"Bán nhà nghách 25 ngõ 629 Kim Mã, quận Ba Đình, DT sổ","26,9 tỷ","Phường Kim Mã, Quận Ba Đình, Hà Nội",78 m²,N/A,N/A,6,Sổ đỏ,2025-10-19
Mặt Phố - Vĩnh Phúc Ba Đình – 98 M2 – 5 T – MT 6.2 M – Giá 36.5 Tỷ. 🔥,"36,5 tỷ","Đường Vĩnh phúc, Phường Vĩnh Phúc, Quận Ba Đình, Hà Nội",98 m² (6.1x16.0),9 phòng,7 WC,5,Sổ đỏ,2025-11-07
BÁN GẤP - TOÀ CĂN HỘ PHỐ VĨNH PHÚC - BA ĐÌNH,"19,4 tỷ","Đường Vĩnh phúc, Phường Vĩnh Phúc, Quận Ba Đình, Hà Nội",50 m² (4.5x12.0),11 phòng,11 WC,7,Sổ đỏ,2025-11-07
"CẦN BÁN NHÀ VĨNH PHÚC , BA ĐÌNH , KHU PHỐ CỰC HIẾM NHÀ BÁN . NGÕ THÔNG","11,1 tỷ","Đường Vĩnh Phúc, Phường Vĩnh Phúc, Quận Ba Đình, Hà Nội",40 m²,3 phòng,5 WC,6,Sổ hồng,2025-11-06
"Có việc bán gấp nhà trung tâm Kim Mã, Ba Đình - 31m 5 tầng 7,98tỷ","7,98 tỷ","Phường Kim Mã, Quận Ba Đình, Hà Nội",31 m²,3 phòng,3 WC,5,Giấy tờ hợp lệ,2025-11-03
Mặt Phố Sơn Tây – Ba Đình – 66 M2 – 7 Tầng – MT 3.5 M – Giá 26.8 Tỷ. M,"26,8 tỷ","Đường Sơn Tây, Phường Nguyễn Trung Trực, Quận Ba Đình, Hà Nội",66 m² (3.5x19.0),5 phòng,4 WC,7,Sổ đỏ,2025-11-06
SIÊU HIẾM- BÁN NHÀ PHỐ CỔ- YÊN NINH- BA ĐÌNH- 5 TẦNG THANG MÁY- 9 TỶ,9 tỷ,"Đường Yên Ninh, Phường Trúc Bạch, Quận Ba Đình, Hà Nội",43 m²,3 phòng,N/A,5,Sổ đỏ,2025-11-06
Nghĩa Dũng – Ba Đình – 179 m2 – 3 Tầng – Mặt Tiền 4 m – Giá 18.5 Tỷ.,"18,5 tỷ","Đường Nghĩa Dũng, Phường Phúc Xá, Quận Ba Đình, Hà Nội",179 m² (4.0x45.0),2 phòng,1 WC,3,Sổ đỏ,2025-11-06
BÁN NHÀ BA ĐÌNH - NHÀ MỚI - 5 TẦNG THANG MÁY - Ở NGAY,"11,7 tỷ","Phường Ngọc Hà, Quận Ba Đình, Hà Nội",39 m²,3 phòng,N/A,5,Giấy tờ hợp lệ,2025-11-02
7.05 Tỷ có nhà phố Láng Hạ 30m2,"7,05 tỷ","Phường Thành Công, Quận Ba Đình, Hà Nội",30 m²,3 phòng,N/A,5,Giấy tờ hợp lệ,2025-11-02
BÁN NHÀ  LÔ GÓC HOÀNG HOA THÁM - NGỌC HÀ– LÕI BA ĐÌNH-CHỈ 100M RA Ô TÔ,"11,8 tỷ","Phường Vĩnh Phúc, Quận Ba Đình, Hà Nội",45 m²,4 phòng,3 WC,4,Giấy tờ hợp lệ,2025-11-02
BÁN NHÀ NGỌC HÀ  – THANG MÁY – DÒNG TIỀN 50TR/THÁNG  – BA ĐÌNH,19 tỷ,"Phường Ngọc Hà, Quận Ba Đình, Hà Nội",40 m²,4 phòng,5 WC,6,Giấy tờ hợp lệ,2025-11-02
BÁN NHÀ  ĐÀO TẤN – 4 TẦNG - 42M – Ô TÔ ĐỖ CỬA – GẦN PHỐ,"14,8 tỷ","Phường Cống Vị, Quận Ba Đình, Hà Nội",42 m²,4 phòng,N/A,4,Giấy tờ hợp lệ,2025-11-02
BÁN NHÀ BA ĐÌNH - NHÀ MỚI - THIẾT KẾ HIỆN ĐẠI - KINH DOANH ĐỈNH,"19,9 tỷ","Phường Ngọc Khánh, Quận Ba Đình, Hà Nội",49 m²,11 phòng,7 WC,7,Giấy tờ hợp lệ,2025-11-02
"Bán nhà mặt phố Linh Lang 84m x 5T, mặt tiền7m, giá 62,8 tỷ","62,8 tỷ","80, Đường Linh Lang, Phường Liễu Giai, Quận Ba Đình, Hà Nội",85 m² (7.0x12.0),5 phòng,5 WC,5,Sổ hồng,2025-11-01
Chính chủ bán nhà mặt phố Lý Thường Kiệt 86 m xây 7 tầng,61 tỷ,"50, Đường Quán Thánh, Phường Quán Thánh, Quận Ba Đình, Hà Nội",86 m²,5 phòng,4 WC,7,Sổ đỏ,2025-07-10
"Bán nhà phố TRÚC BẠCH, BD. Dt: 60m2 x 5 , giá 19 ty",19 tỷ,"Đường Phó Đức Chính, Phường Trúc Bạch, Quận Ba Đình, Hà Nội",60 m² (4.0x15.0),5 phòng,5 WC,5,Sổ đỏ,2025-11-01
"Ban nhà măt ngõ phố giang văn minh , bd, dt:42 mx 5 tg, giá: 13,5 ty","13,5 tỷ","Đường Giang Văn Minh, Phường Kim Mã, Quận Ba Đình, Hà Nội",42 m² (4.0x11.0),4 phòng,5 WC,5,Sổ đỏ,2025-11-01
Đội Cấn – Ba Đình – Ô Tô – 74 m2 – 3 Tâmgf – MT 5.4 m – Giá 20.9 Tỷ.,"20,9 tỷ","Đường Đội Cấn, Phường Đội Cấn, Quận Ba Đình, Hà Nội",74 m² (5.4x13.5),3 phòng,3 WC,3,Sổ đỏ,2025-11-05
"bán tòa nhà APARTMENT phố Phan Kế Bính 120m2 x 10tầng lô góc giá 48,8","48,8 tỷ","22, Đường Phan Kế Bính, Phường Cống Vị, Quận Ba Đình, Hà Nội",120 m² (7.0x17.0),29 phòng,30 WC,9,Sổ hồng,2025-10-31
ĐỘI CẤN MẶT NGÕ Ô TÔ-2THOÁNG -MẶT TIỀN ĐẸP-NGÕ NÔNG -DT49M*5T-10.5TỶ,"10,5 tỷ","Phường Đội Cấn, Quận Ba Đình, Hà Nội",49 m² (3.2x15.3),4 phòng,4 WC,5,Giấy tờ hợp lệ,2025-11-01
Liễu Giai phố VIP trung tâm-nhà dòng tiền 7p cho thuê ngõ ô tô giá đẹp,"29,3 tỷ","Phường Liễu Giai, Quận Ba Đình, Hà Nội",60 m²,7 phòng,7 WC,5,Giấy tờ hợp lệ,2025-11-01
HOÀNG HOA THÁM-2THOÁNG-NGÕ NÔNG - MẶT TIỀN RỘNG-DT35M*5T-11.6 Tỷ,"11,6 tỷ","Phường Đội Cấn, Quận Ba Đình, Hà Nội",35 m² (5.6x6.3),3 phòng,4 WC,5,Giấy tờ hợp lệ,2025-11-01
"Bán Nhà Mặt Phố Trung Tâm Ba Đình 10 Tầng Xây Mới Văn Phòng MT 7,65M",62 tỷ,"Đường Đội Cấn, Phường Đội Cấn, Quận Ba Đình, Hà Nội",82 m²,4 phòng,12 WC,10,Sổ đỏ,2025-10-31
BÁN TÒA NHÀ VP MẶT PHỐ VĂN CAO DT 101 m x 10 TẦNG -MT 6M - GIÁ 79 TỶ,79 tỷ,"Đường Văn cao, Phường Liễu Giai, Quận Ba Đình, Hà Nội",101 m²,6 phòng,9 WC,10,Sổ đỏ,2025-10-31
Bán tòa Apartment cao cấp Liễu Giai 8 tầng 1 tum 13 Căn Hộ 1 Penthouse,68 tỷ,"Đường Liễu Giai, Phường Liễu Giai, Quận Ba Đình, Hà Nội",100 m²,15 phòng,16 WC,9,Sổ đỏ,2025-10-31
"Bán nhà 6t MP Nguyễn Thái Học DT 80m2 MT4,2m sđcc bán 35 tỷ",35 tỷ,"Đường Nguyễn Thái Học, Phường Điện Biên, Quận Ba Đình, Hà Nội",80 m²,6 phòng,7 WC,7,Sổ đỏ,N/A
Bán TOÀ NHÀ APARTMENT CAO CẤP Phan Kế Bính 8 Tầng 1 Hầm 28 Căn Hộ Víp,48 tỷ,"Đường Phan Kế Bính, Phường Liễu Giai, Quận Ba Đình, Hà Nội",119 m²,40 phòng,29 WC,8,Sổ đỏ,2025-10-31
BÁN TÒA NHÀ 71 HÀNG THAN TRUNG TÂM PHỐ CỔ - VIEW ĐẸP - 10 TẦNG,150 tỷ,"số 71, Đường Hàng Than, Phường Nguyễn Trung Trực, Quận Ba Đình, Hà Nội",90 m²,1,N/A,10,Sổ đỏ,2025-11-04
"Gần Nhà Đài VTV,  phân lô vuông đét, vỉa hè, Gara ô tô, kinh doanh","16,5 tỷ","Đường Nguyễn Công Hoan, Phường Ngọc Khánh, Quận Ba Đình, Hà Nội",39 m²,4 phòng,N/A,5,Sổ đỏ,2025-10-31
GIANG VĂN MINH – BA ĐÌNH  PHÂN LÔ Ô TÔ – KINH DOANH – NGÕ THÔNG.,19 tỷ,"Đường Giang Văn Minh, Phường Ngọc Hà, Quận Ba Đình, Hà Nội",46 m² (4.0x12.5),4 phòng,4 WC,5,Sổ đỏ,2025-11-04
"Mảnh đất mặt phố Ngũ Xã, 88m2, xây toà 7 tầng kinh doanh, nhỉnh 34 tỷ",34 tỷ,"Đường Ngũ Xã, Phường Trúc Bạch, Quận Ba Đình, Hà Nội",88 m²,3 phòng,4 WC,4,Sổ đỏ,2025-11-04
"Nhỉnh 7 tỷ – Nhà phố Quán Thánh, lõi phố cổ, 5 tầng,
Lô góc","7,08 tỷ","Phường Quán Thánh, Quận Ba Đình, Hà Nội",22 m²,3 phòng,N/A,5,Giấy tờ hợp lệ,2025-10-31
"Phố Liễu Giai- Đào Tân- 60M, ô tô qua 29 tỷ",29 tỷ,"Phường Liễu Giai, Quận Ba Đình, Hà Nội",60 m² (4.0x16.0),5 phòng,5 WC,5,Sổ đỏ,2025-10-30
"Bán  biêt thự ngõ 445 đội cấn, dt 150 m x 5tg,mt:9 m, giá : 80 ty",80 tỷ,"Phường Cống Vị, Quận Ba Đình, Hà Nội",150 m² (9.0x16.0),5 phòng,7 WC,4,Sổ đỏ,2025-10-30
Ô TÔ VÀO NHÀ 110m RỘNG 5m NHÀ 6 TẦNG ĐỘI CẤN 181 TR/M,"19,9 tỷ","21, Đường Đội Cấn, Phường Đội Cấn, Quận Ba Đình, Hà Nội",110 m² (5.0x24.0),6 phòng,7 WC,6,Sổ đỏ,2025-10-30
"TOÀ NHÀ 8T + 1 HẦM TẠI MẶT PHỐ LINH LANG - ĐÀO TẤN, MẶT TIỀN 10M","68,8 tỷ","Đường Linh Lang, Phường Đội Cấn, Quận Ba Đình, Hà Nội",102 m²,N/A,N/A,9,Sổ đỏ,2025-11-03
"Cực hiếm Nhà Đào Tấn ngõ thông ô tô  đỗ cửa,mặt tiền khủng, kinh doanh","14,65 tỷ","Đường Đào Tấn, Phường Cống Vị, Quận Ba Đình, Hà Nội",48 m² (5.2x10.0),4 phòng,3 WC,5,Sổ đỏ,2025-11-03
HIẾM - TOÀ VĂN PHÒNG MẶT PHỐ - TRUNG TÂM BA ĐÌNH,42 tỷ,"Đường Đào Tấn, Phường Cống Vị, Quận Ba Đình, Hà Nội",65 m² (5.5x12.0),7 phòng,6 WC,9,Sổ đỏ,2025-11-03
"CỰC HIẾM - MẶT PHỐ VĨNH PHÚC - ĐỘI NHÂN - BA ĐÌNH chỉ 17,8 tỷ","17,8 tỷ","Đường Đội Nhân, Phường Vĩnh Phúc, Quận Ba Đình, Hà Nội",45 m² (4.5x10.0),5 phòng,5 WC,7,Sổ đỏ,2025-11-03
PHÂN LÔ Ô TÔ BÀN CỜ - MẶT TIỀN KIÊU HÃNH HOÀNH TRÁNG - KINH DOANH,"15,45 tỷ","Đường Hồng Hà, Phường Phúc Xá, Quận Ba Đình, Hà Nội",55 m²,N/A,1,5,Sổ đỏ,2025-11-03
HẠ GIÁ-TÒA VP 7 TẦNG PHỐ LIỄU GIAI-VẠN BẢO DT66/70M2-MT8.65M-33 TỶ,33 tỷ,"Đường Liễu Giai, Phường Liễu Giai, Quận Ba Đình, Hà Nội",66 m²,6 phòng,6 WC,7,Sổ đỏ,2025-11-03
SIÊU PHẨM ĐỘI CẤN - NGÕ RỘNG - MẶT TIỀN KHỦNG  - VỪA Ở VỪA SINH LỜI,"10,2 tỷ","Phường Ngọc Hà, Quận Ba Đình, Hà Nội",55 m²,4 phòng,3 WC,4,Giấy tờ hợp lệ,2025-10-30
"Bán nhà Đội Cấn, diện tích 25m2, 5 tầng, 3 ngủ, giá 6 tỷ",6 tỷ,"Phường Đội Cấn, Quận Ba Đình, Hà Nội",25 m²,3 phòng,4 WC,5,Giấy tờ hợp lệ,2025-10-30
"BÁN NHÀ ĐÀO TẤN – 35M² GIÁ CHỈ 6,9TỶ NGÕ THÔNG – GẦN PHỐ – SỔ NỞ HẬU","6,9 tỷ","Phường Cống Vị, Quận Ba Đình, Hà Nội",35 m²,3 phòng,3 WC,3,Giấy tờ hợp lệ,2025-10-30
"30M, trung tâm ba đình văn cao, hoàng hoa thám đầy đủ công năng","7,98 tỷ","Phường Ngọc Hà, Quận Ba Đình, Hà Nội",30 m² (5.0x6.0),3 phòng,2 WC,5,Giấy tờ hợp lệ,2025-10-30
Bán nhà dân xây 5t Liễu Giai - Văn Cao 7.98ty,"7,98 tỷ","Phường Liễu Giai, Quận Ba Đình, Hà Nội",35 m²,3 phòng,4 WC,5,Giấy tờ hợp lệ,2025-10-30
"Hoa Hậu Đào Tấn, 47m, 4 tầng,ô tô đỗ cửa, kinh doanh ngày đêm","14,8 tỷ","Phường Cống Vị, Quận Ba Đình, Hà Nội",47 m²,4 phòng,N/A,4,Giấy tờ hợp lệ,2025-10-30
"Tôi cần bán toà BUlDING Mp Liễu Giai, quận Ba Đình, Dt 110 m, 10 tầng",80 tỷ,"Đường Liễu Giai, Phường Liễu Giai, Quận Ba Đình, Hà Nội",120 m²,N/A,N/A,10,Sổ đỏ,2025-10-29
"VĂN CAO BA ĐÌNH, NHÀ ĐẸP 5 TẦNG, GẦN PHỐ, NGÕ NÔNG.","7,9 tỷ","Phường Liễu Giai, Quận Ba Đình, Hà Nội",32 m²,4 phòng,N/A,5,Giấy tờ hợp lệ,2025-10-30
Bán nhà 7 tầng diện tích 60m2  mặt tiền 5m khu  phố Hồng Hà - Hà Nội,"26,5 tỷ","Đường Hồng Hà, Phường Phúc Xá, Quận Ba Đình, Hà Nội",60 m² (5.0x12.0),6 phòng,7 WC,7,Sổ đỏ,2025-11-09
HOT NHẤT BA ĐÌNH – NHÀ MỚI ĐỘI CẤN 5 TẦNG – NGÕ GẦN PHỐ,"7,2 tỷ","Phường Ngọc Hà, Quận Ba Đình, Hà Nội",35 m²,3 phòng,3 WC,5,Giấy tờ hợp lệ,2025-10-29
"HIẾM! ĐỘI CẤN–32M²–MẶT TIỀN 6M–50M RA Ô TÔ–2 THOÁNG–CHỈ 7,3 TỶ","7,3 tỷ","Phường Đội Cấn, Quận Ba Đình, Hà Nội",32 m²,3 phòng,3 WC,3,Giấy tờ hợp lệ,2025-10-29
BÁN NHÀ LA THÀNH – 30M² x 6 TẦNG – 15M RA PHỐ – MẶT TIỀN 7.5M – CHỈ 7,"7,6 tỷ","Phường Ngọc Khánh, Quận Ba Đình, Hà Nội",33 m²,3 phòng,5 WC,6,Giấy tờ hợp lệ,2025-10-29
"Tôi cần bán nhà căn góc, 8tầng thang máy full nội thất, mặt ngõ ô tô","67,9 tỷ","Phường Giảng Võ, Quận Ba Đình, Hà Nội",104 m²,8 phòng,7 WC,8,Giấy tờ hợp lệ,2025-10-29
"HIẾM! BÁN NHÀ ĐẸP ĐỘI CẤN 33m2 x4T- NGÕ THOÁNG- GẦN PHỐ- GIÁ CHỈ 6,9TỶ","6,9 tỷ","Phường Đội Cấn, Quận Ba Đình, Hà Nội",33 m²,3 phòng,4 WC,4,Giấy tờ hợp lệ,2025-10-29
Phân Lô Vĩnh Phúc Ba Đình 125M- 5T- ô tô qua 29 tỷ,"29,9 tỷ","Đường Bưởi, Phường Cống Vị, Quận Ba Đình, Hà Nội",125 m² (5.0x29.0),5 phòng,6 WC,5,Sổ đỏ,2025-10-28
"Bán nhà 9 tầng APARTMENT phố đào tấn, Phan Kế Bính 120m2 lô góc giá 48","44,8 tỷ","26, Đường Đào Tấn, Phường Liễu Giai, Quận Ba Đình, Hà Nội",120 m² (7.0x17.0),29 phòng,29 WC,10,Sổ hồng,2025-10-28
Bán đất lô góc 2 mặt ngõ ôto Quận Ba Đình.,41 tỷ,"Phường Ngọc Hà, Quận Ba Đình, Hà Nội",118 m²,N/A,N/A,N/A,Sổ đỏ,2025-10-28
"VIP - ĐÀO TẤN - BA ĐÌNH - PHÂN LÔ Ô TÔ - MT 5,2M - 5 TẦNG","14,65 tỷ","Đường Đào Tấn, Phường Cống Vị, Quận Ba Đình, Hà Nội",43 m² (5.2x5.5),4 phòng,4 WC,5,Sổ đỏ,2025-11-01
"VĂN CAO, TRUNG TÂM BA ĐÌNH - NHÀ MỚI ĐẸP Ở NGAY- CỰC GẦN Ô TÔ, GIÁ TỐT","7,85 tỷ","Phường Liễu Giai, Quận Ba Đình, Hà Nội",31 m²,3 phòng,4 WC,5,Giấy tờ hợp lệ,2025-10-28
NHÀ ĐẸP Ở LUÔN - ĐỘI CẤN - BA ĐÌNH - TIỆN ÍCH - GẦN PHỐ,"8,9 tỷ","Phường Đội Cấn, Quận Ba Đình, Hà Nội",40 m²,3 phòng,3 WC,4,Giấy tờ hợp lệ,2025-10-28
"BÁN BT KHU PL Vip Giảng Võ-  BA ĐÌNH ,OTO TRÁNH 136M2X3,5T - 66 TỶ",66 tỷ,"66, Đường Giảng Võ, Phường Giảng Võ, Quận Ba Đình, Hà Nội",136.8 m²,5 phòng,3 WC,35,Sổ đỏ,2025-10-31
NHÀ ĐỘI CẤN GẦN PHỐ - Ô TÔ 7 CHỖ QUA - Ở NGAY - KD NHỎ SIÊU TIỆN,"14,6 tỷ","Phường Ngọc Hà, Quận Ba Đình, Hà Nội",48 m²,3 phòng,4 WC,4,Giấy tờ hợp lệ,2025-10-28
"HIẾM!!! 1CĂN PHÂN LÔ LÁNG HẠ–33M²x5T–THOÁNG SÁNG TRƯỚC NHÀ –CHỈ 7,1TỶ","7,1 tỷ","Phường Giảng Võ, Quận Ba Đình, Hà Nội",33 m²,3 phòng,4 WC,5,Giấy tờ hợp lệ,2025-10-28
"VIP Đào Tấn,Lô Góc ,khu đông dân cư nước ngoài, kinh doanh và ở",12 tỷ,"Phường Cống Vị, Quận Ba Đình, Hà Nội",35 m²,3 phòng,4 WC,5,Giấy tờ hợp lệ,2025-10-28
"Nhà Đẹp Văn Cao 35m2 - 5 Tầng - Gần Phố - Tiện Ích - Giá 7,8 Tỷ - Hiếm","7,8 tỷ","Phường Liễu Giai, Quận Ba Đình, Hà Nội",35 m² (3.5x10.0),3 phòng,4 WC,5,Giấy tờ hợp lệ,2025-10-28
Bán Nhà Giảng Võ Ba Đình S52m 5T Giá 12.77 Tỷ Có Thương Lượng,"12,77 tỷ","Phường Giảng Võ, Quận Ba Đình, Hà Nội",47 m²,4 phòng,5 WC,5,Giấy tờ hợp lệ,2025-10-28
"Bán nhà phố Vạn Bảo 70m2, phân lô, ô tô ra vào. 20 tỷ",20 tỷ,"Đường Vạn Bảo, Phường Liễu Giai, Quận Ba Đình, Hà Nội",70 m²,N/A,N/A,3,Sổ đỏ,2025-10-27
"CHỦ NHỜ BÁN NHÀ ĐÀO TẤN - LÔ GÓC 3 THOÁNG, MẶT NGÕ THÔNG - KD, 11.X TỶ","11,78 tỷ","Phường Liễu Giai, Quận Ba Đình, Hà Nội",35 m² (6.0x6.0),3 phòng,4 WC,5,Giấy tờ hợp lệ,2025-10-27
Bán nhà mặt ngõ Kinh doanh Ba Đình,"8,2 tỷ","Đường Ngọc Hà, Phường Ngọc Hà, Quận Ba Đình, Hà Nội",25 m² (3.0x8.0),N/A,N/A,3,Sổ đỏ,2025-10-31
Bán nhà ngõ 4 Quần Ngựa phường Ngọc Hà quận Ba Đình Hà Nội,"37,6 tỷ","Đường Quần Ngựa, Phường Ngọc Hà, Quận Ba Đình, Hà Nội",80 m²,N/A,N/A,4,Sổ đỏ,2025-10-31
"Bán nhà mặt phố giảng Võ, bd,dt: 60 m x 5 tg ,mt:4 m, giá 28,5 tỷ",30 tỷ,"Đường Giảng Võ, Phường Giảng Võ, Quận Ba Đình, Hà Nội","60 m² (4,0x15,0)",4 phòng,5 WC,5,Sổ đỏ,2025-07-29
ĐÀO TẤN - LÔ GÓC - NHÀ MỚI ĐẸP Ở NGAY - MẶT TIỀN RỘNG,"11,8 tỷ","Phường Cống Vị, Quận Ba Đình, Hà Nội",42 m²,3 phòng,4 WC,5,Giấy tờ hợp lệ,2025-10-27
BÁN NHÀ BA ĐÌNH - VỊ TRÍ ĐẸP - 3 BƯỚC RA PHỐ - Ở NGAY,"10,5 tỷ","Phường Đội Cấn, Quận Ba Đình, Hà Nội",31 m²,5 phòng,4 WC,5,Giấy tờ hợp lệ,2025-10-27
BÁN NHÀ  BA ĐÌNH – MÓNG 10 TẦNG – NHÀ ĐẸP Ở NGAY – GẦN LĂNG BÁC,"10,5 tỷ","Phường Đội Cấn, Quận Ba Đình, Hà Nội",31 m²,6 phòng,5 WC,5,Giấy tờ hợp lệ,2025-10-27
"TT BA ĐÌNH - THANG MÁY - DT 39m - MT 4,6m- 5 TẦNG","11,7 tỷ","Phường Vĩnh Phúc, Quận Ba Đình, Hà Nội",39 m² (4.6x8.4),3 phòng,4 WC,5,Giấy tờ hợp lệ,2025-10-27
NGỌC HÀ 37M² – 6 TẦNG – MẶT TIỀN 7M – GIÁ 9.15 TỶ – BA ĐÌNH,"9,15 tỷ","Phường Ngọc Hà, Quận Ba Đình, Hà Nội",37 m²,5 phòng,4 WC,6,Giấy tờ hợp lệ,2025-10-27
"BÁN NHÀ 5 TẦNG BA ĐÌNH, DT 66M², MT 3.5M, Ô TÔ VÀO NHÀ, GIÁ 11 TỶ",11 tỷ,"Phường Ngọc Khánh, Quận Ba Đình, Hà Nội",67 m² (3.3x20.0),6 phòng,3 WC,5,Giấy tờ hợp lệ,2025-10-27
"HOÀNG HOA THÁM - NHÀ ĐẸP DÂN XÂY, NGÕ THÔNG RỘNG THOÁNG - 42M2X4T -","9,6 tỷ","Đường Hoàng Hoa Thám, Phường Vĩnh Phúc, Quận Ba Đình, Hà Nội",42 m² (4.2x10.0),4 phòng,3 WC,4,Sổ đỏ,2025-10-26
"Bán nhà 5T 36m2 MT 3,6m hai mặt ngõ , phố Kim Mã cạnh CV hồ Thủ Lệ","11,65 tỷ","Đường Kim Mã, Phường Kim Mã, Quận Ba Đình, Hà Nội",36 m²,6 phòng,4 WC,5,Sổ đỏ,2025-11-06
BÁN NHÀ HOÀNG HOA THÁM  – NHÀ MỚI 5 TẦNG THANG MÁY – SỔ ĐỎ HOA KHÔI,"11,7 tỷ","Phường Ngọc Hà, Quận Ba Đình, Hà Nội",39 m²,3 phòng,N/A,5,Giấy tờ hợp lệ,2025-10-26
TT BA ĐÌNH - LÔ GÓC - NGÕ BA GÁC - Ô TÔ 15M,"5,1 tỷ","Phường Ngọc Hà, Quận Ba Đình, Hà Nội",18 m² (5.0x3.6),3 phòng,3 WC,3,Giấy tờ hợp lệ,2025-10-26
Siêu Phẩm Ba Đình 40m2 - 5 Tầng - Ô Tô - Kinh Doanh - Giá 10 Tỷ ( TL ),10 tỷ,"Phường Đội Cấn, Quận Ba Đình, Hà Nội",40 m² (4.0x10.0),3 phòng,4 WC,5,Giấy tờ hợp lệ,2025-10-26
CCMN BA ĐÌNH - DOANH THU KHỦNG - BA GÁC NÉ XE MÁY - DT 73M,"13,8 tỷ","Phường Đội Cấn, Quận Ba Đình, Hà Nội",73 m² (4.1x17.8),7 phòng,7 WC,4,Giấy tờ hợp lệ,2025-10-26
Cần bán gấp căn nhà gần bệnh viện Hòe Nhai 18m 3 tầng 3mt giá 3.3 tỷ,"3,3 tỷ","Phường Phúc Xá, Quận Ba Đình, Hà Nội",18 m² (3.0x6.0),2 phòng,3 WC,2,Giấy tờ hợp lệ,2025-10-26
BÁN NHÀ-LÔ GÓ-3 THOÁNG-MẶT TIỀN BỀ THẾ,13 tỷ,"Phường Ngọc Hà, Quận Ba Đình, Hà Nội",30.3 m²,3 phòng,3 WC,7,Giấy tờ hợp lệ,2025-10-26
BÁN NHÀ HOÀNG HOA THÁM--GÓC LÕI BA ĐÌNH – NHÀ ĐẸP NHƯ HOA KHÔI PHỐ CỔ,"11,7 tỷ","Phường Ngọc Hà, Quận Ba Đình, Hà Nội",39 m²,3 phòng,4 WC,5,Giấy tờ hợp lệ,2025-10-26
"Bán nhà mặt phố linh lang, BD,dt::60 m x 7 tg,mt:4 m, giá: 28,5 ty","28,5 tỷ","Đường Linh Lang, Phường Cống Vị, Quận Ba Đình, Hà Nội",60 m²,6 phòng,6 WC,7,Sổ đỏ,2025-10-25
BÁN NHÀ NGỌC KHÁNH - GIẢNG VÕ - NHÀ ĐẸP DÂN XÂY - 42M2X5T - 9.85 TỶ,"9,85 tỷ","Đường La Thành, Phường Giảng Võ, Quận Ba Đình, Hà Nội",42 m² (5.0x8.4),3 phòng,4 WC,5,Sổ đỏ,2025-10-25
"NHÀ 3 TẦNG - 50 M RA MẶT PHỐ - BA ĐÌNH - 68 M2 - MT 3,5 M- GIÁ 10.5 TỶ","10,5 tỷ","Phường Ngọc Hà, Quận Ba Đình, Hà Nội",68 m² (3.5x19.4),3 phòng,2 WC,3,Giấy tờ hợp lệ,2025-10-26
BÁN NHÀ PHÂN LÔ KIM MÃ - GẦN CÔNG VIÊN THỦ LỆ - 2 THOÁNG - GIÁ 11.9 TỶ,"11,9 tỷ","Đường Kim Mã, Phường Ngọc Khánh, Quận Ba Đình, Hà Nội",40 m² (4.0x10.0),7 phòng,4 WC,5,Sổ đỏ,2025-10-25
"Chính chủ bán nhà mặt phố Văn Cao 90m2x10t. Giá 61,5 tỷ","61,5 tỷ","Đường Văn Cao, Phường Liễu Giai, Quận Ba Đình, Hà Nội",86 m² (8.0x11.0),3 phòng,N/A,10,Sổ đỏ,2025-10-30
"Bán nhà mặt ngõ 210 phố đội Cấn,dt: 80mx 4 tg, mt:4,2 m,giá :15 tỷ","14,5 tỷ","Đường Đội Cấn, Phường Đội Cấn, Quận Ba Đình, Hà Nội",75 m²,4 phòng,3 WC,N/A,Sổ đỏ,2025-07-22
Bán Nhà Mặt Ngõ Vĩnh Phúc Ba Đình 33m2 Hơn 7 Tỷ,7 tỷ,"Phường Vĩnh Phúc, Quận Ba Đình, Hà Nội",33 m²,3 phòng,4 WC,5,Giấy tờ hợp lệ,2025-10-25
"Biệt thự phố Nguyễn Thái Học, kinh doanh mặt phố và Ở","3,2 tỷ","Phường Kim Mã, Quận Ba Đình, Hà Nội",15 m²,1 phòng,N/A,N/A,Giấy tờ hợp lệ,2025-10-25
BÁN NHÀ KIM MÃ 31M2 -4T -MẶT TIỀN 4M -50M RA PHỐ -SỔ VUÔNG -CHỈ 6.5 TỶ,"6,5 tỷ","Phường Kim Mã, Quận Ba Đình, Hà Nội",31 m²,3 phòng,3 WC,4,Giấy tờ hợp lệ,2025-10-25
BÁN NHÀ ĐỘI CẤN - 5 TẦNG - CHỦ THIỆN CHÍ - Ở NGAY,"5,5 tỷ","Phường Đội Cấn, Quận Ba Đình, Hà Nội",23 m²,3 phòng,4 WC,5,Giấy tờ hợp lệ,2025-10-25
BA ĐÌNH – LÔ GÓC 3 THOÁNG – KHU  DÂN TRÍ CAO,"12,5 tỷ","Phường Ngọc Hà, Quận Ba Đình, Hà Nội",64 m²,4 phòng,3 WC,4,Giấy tờ hợp lệ,2025-10-25
"Nhà Lô góc, giữa 2 hồ điều hoà lớn, 7 tầng hiện đại, cực gần mặt phố",68 tỷ,"89, Đường Láng Hạ, Phường Thành Công, Quận Ba Đình, Hà Nội",104 m²,1,N/A,7,Sổ đỏ,2025-10-31
Bán nhà ngõ 112 Ngọc Khánh phường Giảng Võ Hà Nội,"9,8 tỷ","Đường Ngọc Khánh, Phường Giảng Võ, Quận Ba Đình, Hà Nội",40 m²,N/A,N/A,3,Sổ đỏ,2025-10-29
"Bán nhà mặt phố đốc Ngữ, BD, dt: 55x 5 tg, mt:4m, giá: 15 ty",15 tỷ,"Đường Đốc Ngữ, Phường Đội Cấn, Quận Ba Đình, Hà Nội",55 m²,4 phòng,4 WC,5,Sổ đỏ,N/A
Bán Nhà Lô góc mặt Ngõ Kinh doanh Ba Đình,42 tỷ,"Đường Hoàng Hoa Thám, Phường Kim Mã, Quận Ba Đình, Hà Nội",128 m² (5.8x21.0),N/A,N/A,3,Sổ đỏ,2025-10-31
"Gần khu đất vàng dự án Vinhomes Giảng Võ 59m2 * 5.6m, nở hậu, giá trị","17,99 tỷ","112, Đường Ngọc Khánh, Phường Giảng Võ, Quận Ba Đình, Hà Nội",59 m²,4 phòng,N/A,4,Sổ đỏ,2025-10-31
"Mặt Phố cách Hồ Tây 500m, chuẩn văn phòng hạng B+, GPXD, PCCC đầy đủ","78,9 tỷ","66, Đường Văn cao, Phường Liễu Giai, Quận Ba Đình, Hà Nội",101 m²,N/A,N/A,10,Sổ đỏ,2025-10-31
Bán nhà ĐÀO TẤN - BA ĐÌNH - 2 mặt ngõ - THANG MÁY - DÒNG TIỀN ỔN ĐỊNH,"21,5 tỷ","Phường Đội Cấn, Quận Ba Đình, Hà Nội",70 m²,5 phòng,N/A,5,Giấy tờ hợp lệ,2025-10-24
GIÁ NÀO CŨNG BÁN NHÀ PHỐ HOÀNG HOA THÁM – BA ĐÌNH 55m 3 TẦNG MẶT TIỀN,13 tỷ,"Đường Hoàng Hoa Thám, Phường Ngọc Khánh, Quận Ba Đình, Hà Nội",55 m²,4 phòng,3 WC,3,Sổ đỏ,2025-10-28
BÁN NHÀ BA ĐÌNH - VỊ TRÍ TRUNG TÂM - DÂN XÂY - PHÂN KHÚC HIẾM CÓ,6 tỷ,"Phường Đội Cấn, Quận Ba Đình, Hà Nội",19 m²,3 phòng,4 WC,5,Giấy tờ hợp lệ,2025-10-24
"BÁN NHÀ ĐẸP KIM MÃ, BA ĐÌNH 48M 5 TÀNG 5 NGỦ 12.9 TỶ","12,9 tỷ","Phường Đội Cấn, Quận Ba Đình, Hà Nội",48 m²,5 phòng,4 WC,5,Giấy tờ hợp lệ,2025-10-24
TT BA ĐÌNH - LÔ GÓC - BA GÁC QUA NHÀ - 4 TẦNG DÂN XÂY,"5,5 tỷ","Phường Vĩnh Phúc, Quận Ba Đình, Hà Nội",28 m² (6.0x5.0),4 phòng,3 WC,4,Giấy tờ hợp lệ,2025-10-23
Bán nhà 7 tầng THANG MÁYmặt ngõ Đội Cấn Quận Ba Đình,"13,2 tỷ","Đường Đội Cấn, Phường Ngọc Hà, Quận Ba Đình, Hà Nội",30 m² (5.0x7.0),N/A,N/A,7,Sổ đỏ,2025-10-30
BÁN NHÀ KIM MÃ – 37m² – 6 TẦNG – MT 5.5m – GIÁ 8.8 TỶ – BA ĐÌNH,"8,8 tỷ","Phường Kim Mã, Quận Ba Đình, Hà Nội",37 m²,6 phòng,6 WC,6,Giấy tờ hợp lệ,2025-10-23
"💎 KHÁCH SẠN PHỐ CỬA BẮC – VIEW- HỒ TÂY-DÒNG TIỀN 500TR/THÁNG, 165 tỷ",165 tỷ,"Phường Quán Thánh, Quận Ba Đình, Hà Nội",150 m²,11 phòng,N/A,15,Giấy tờ hợp lệ,2025-10-23
BÁN NHÀ BA ĐÌNH - DÂN XÂY - 3 BƯỚC RA PHỐ - GIÁ TỐT,"5,88 tỷ","Phường Ngọc Hà, Quận Ba Đình, Hà Nội",16 m²,2 phòng,3 WC,3,Giấy tờ hợp lệ,2025-10-23
Ngọc Hà 16m² (SD 24m²) – 4 tầng – 3.5m mặt tiền – 5.88 Tỷ – Ba Đình,"5,88 tỷ","Phường Ngọc Hà, Quận Ba Đình, Hà Nội",16 m²,2 phòng,3 WC,4,Giấy tờ hợp lệ,2025-10-23
BÁN NHÀ MẶT NGÕ BA ĐÌNH 33m2 5 TẦNG HƠN 7 TỶ. 40m RA Ô TÔ,7 tỷ,"Phường Vĩnh Phúc, Quận Ba Đình, Hà Nội",33 m²,3 phòng,N/A,5,Giấy tờ hợp lệ,2025-10-23
TT BA ĐÌNH - NGÕ THÔNG KINH DOANH - GẦN Ô TÔ - DÂN XÂY CHẮC CHẮN,"5,88 tỷ","Phường Đội Cấn, Quận Ba Đình, Hà Nội",16 m² (3.5x6.5),2 phòng,3 WC,4,Giấy tờ hợp lệ,2025-10-23
"KIM MÃ  – 5 TẦNG MỚI ĐẸP, Ở NGAY – NGÕ THOÁNG","9,2 tỷ","Phường Kim Mã, Quận Ba Đình, Hà Nội",40 m²,3 phòng,3 WC,5,Giấy tờ hợp lệ,2025-10-23
"BÁN NHÀ PHỐ GIẢNG VÕ 17,8TỶ THÔNG TẦNG THOÁNG TRƯỚC XAU, NỘI THẤT SỊN","17,8 tỷ","Phường Giảng Võ, Quận Ba Đình, Hà Nội",53 m² (4.8x11.0),8 phòng,7 WC,7,Giấy tờ hợp lệ,2025-10-23
"Bán nhà Kim Mã. gần Vincom Liễu giai. gần phố, gần ô tô 52m chỉ 6,5 tỷ","6,5 tỷ","Phường Kim Mã, Quận Ba Đình, Hà Nội",52 m²,3 phòng,2 WC,N/A,Giấy tờ hợp lệ,2025-10-23
Bán nhà 689 đường hoàng hoa thám,18 tỷ,"689, 689, Quận Ba Đình, Hà Nội",41 m² (3.2x11.0),5 phòng,4 WC,5,Sổ đỏ,2025-10-27
Nhà Mới Ba Đình 40m2 - 5 Tầng - Ngõ Thông - Kinh Doanh - Gần Ô Tô,"10,5 tỷ","Phường Đội Cấn, Quận Ba Đình, Hà Nội",40 m² (4.0x10.0),4 phòng,4 WC,5,Giấy tờ hợp lệ,2025-10-23
"Bán nhà mặt đường Hoàng Hoa Thám, Ba Đình, HN","10,35 tỷ","515, Đường Hoàng Hoa Thám, Phường Vĩnh Phúc, Quận Ba Đình, Hà Nội",24 m² (4.0x6.0),3 phòng,3 WC,4,Sổ đỏ,2025-10-27
"Cần tiền bán gấp căn Kim Mã – rẻ hơn thị trường 10%, trung tâm Ba Đình","36,2 tỷ","Đường Kim Mã, Phường Ngọc Khánh, Quận Ba Đình, Hà Nội",102 m² (10.0x10.0),13 phòng,13 WC,8,Sổ hồng,2025-10-27
Bán nhà khu A3 Ngọc Khánh - Ba Đình - Hà Nội.gần bệnh viện Phụ sản HN,Thỏa thuận,"A3, Đường Ngọc Khánh, Phường Ngọc Khánh, Quận Ba Đình, Hà Nội",55 m²,N/A,N/A,5,Sổ đỏ,2025-10-26
VĂN CAO 40M2 – NGÕ Ô TÔ – NHÀ ĐẸP 3 TẦNG – GIÁ MỀM TRUNG TÂM BA ĐÌNH,"7,6 tỷ","Phường Liễu Giai, Quận Ba Đình, Hà Nội",41 m² (5.4x8.0),2 phòng,3 WC,3,Đang chờ sổ,2025-10-22
"Bán nhà Nghĩa Dũng, dân xây 5 tầng, 20m2, 5.7tỷ","5,7 tỷ","Phường Phúc Xá, Quận Ba Đình, Hà Nội",20 m²,3 phòng,4 WC,4,Giấy tờ hợp lệ,2025-10-22
"NHÀ HOÀNG HOA THÁM 45M-4 TẦNG-8,5 TỶ-CÁCH PHỐ 20M-HAI THOÁNG.","8,5 tỷ","Phường Vĩnh Phúc, Quận Ba Đình, Hà Nội",45 m²,3 phòng,N/A,4,Giấy tờ hợp lệ,2025-10-22
Bán Nhà Phân Lô Hoàng Hoa Thám- 45m - 5 Phòng Ngủ - Full Nội Thất,"14,9 tỷ","Phường Ngọc Hà, Quận Ba Đình, Hà Nội",45 m²,5 phòng,5 WC,5,Giấy tờ hợp lệ,2025-10-22
"Bán toà nhà văn phòng mặt tiền ~14m tại Giảng Võ, Ba Đình, Hà Nội",150 tỷ,"Đường Giảng Võ, Phường Giảng Võ, Quận Ba Đình, Hà Nội",250 m²,N/A,N/A,9,Sổ đỏ,2025-10-21
"Cần bán căn nhà số 7 Ngõ 12/85 Đào Tấn, nhà xây mới 7  tầng thang máy","19,5 tỷ","07, Đường Đào Tấn, Phường Cống Vị, Quận Ba Đình, Hà Nội","40 m² (4,0x10,0)",5 phòng,6 WC,7,Sổ đỏ,2025-07-27
CHI 180 TRIỆU/ MET ĐỘI CẤN - BA ĐÌNH - Ô TÔ VÀO NHÀ NÓI KHÔNG VỚI QUY,"19,9 tỷ","279, Đường Đội Cấn, Phường Đội Cấn, Quận Ba Đình, Hà Nội",110 m² (5.0x22.0),6 phòng,7 WC,6,Sổ đỏ,2025-10-26
"Bán nhà riêng Mặt phố Lõi Ba Đình, 2 thoáng, sổ A4, chất nhất nhì phố","46,5 tỷ","102, Đường Phạm Hồng Thái, Phường Trúc Bạch, Quận Ba Đình, Hà Nội",60 m²,6 phòng,N/A,5,Sổ đỏ,2025-10-28
"Mặt phố 7m ngang, kinh doanh nhà hàng, khách sạn khu phố người Nhật","64,95 tỷ","68, Đường Linh Lang, Phường Liễu Giai, Quận Ba Đình, Hà Nội",84 m² (7.0x12.0),N/A,N/A,5,Sổ đỏ,2025-10-28
bài đăng chỉ mang tính chất test api,10 tỷ,"2121, 2121, Quận Ba Đình, Hà Nội",100 m² (20.0x100.0),4 phòng,4 WC,N/A,Sổ đỏ,2025-10-25
"🏡 8.2 TỶ – LÊ TRỰC, 52m² – TRUNG TÂM BA ĐÌNH, PHỐ VIP, HIẾM NHÀ BÁN","8,2 tỷ","Phường Điện Biên, Quận Ba Đình, Hà Nội",52 m²,3 phòng,N/A,5,Giấy tờ hợp lệ,2025-10-21
"GIÁ 25.5 TỶ! NHÀ KIM MÃ - BA ĐÌNH: 60M², 4 TẦNG - PHÂN LÔ, Ô TÔ TRÁNH!","25,5 tỷ","Phường Kim Mã, Quận Ba Đình, Hà Nội",60 m²,7 phòng,N/A,4,Giấy tờ hợp lệ,2025-10-21
Kim Mã - Nhà gần ô tô 7 phòng ở và cho thuê - dòng tiền 30triệu/tháng,"11,7 tỷ","Phường Kim Mã, Quận Ba Đình, Hà Nội",40 m²,7 phòng,4 WC,6,Giấy tờ hợp lệ,2025-10-21
"Nhà mới - Trung tâm KIM MÃ - 32m2 - 5 tầng - CHỈ 8,25 TỶ","8,25 tỷ","Phường Kim Mã, Quận Ba Đình, Hà Nội",32 m²,3 phòng,4 WC,5,Giấy tờ hợp lệ,2025-10-21
SIÊU PHẨM TRUNG TÂM BA ĐÌNH – NHÀ ĐẸP 5 TẦNG – NGÕ THÔNG,"8,9 tỷ","Phường Đội Cấn, Quận Ba Đình, Hà Nội",36 m²,4 phòng,4 WC,4,Giấy tờ hợp lệ,2025-10-21
BÁN NHÀ BA ĐÌNH - LÔ GÓC 3 THOÁNG - OTO ĐỖ CỬA,13 tỷ,"Phường Ngọc Hà, Quận Ba Đình, Hà Nội",30.3 m²,3 phòng,5 WC,7,Giấy tờ hợp lệ,2025-10-21
Bán Căn Hộ TT Thành Công Đẹp Như Chung Cư - 85m2 - Tầng 2 - 3 ngủ,"4,85 tỷ","Phường Thành Công, Quận Ba Đình, Hà Nội",85 m²,3 phòng,2 WC,2,Giấy tờ hợp lệ,2025-10-21
BÁN NHÀ BA ĐÌNH - DÂN XÂY CHẮC CHẮN - NHÀ ĐẸP Ở NGAY,"8,25 tỷ","Phường Kim Mã, Quận Ba Đình, Hà Nội",32 m²,3 phòng,4 WC,5,Giấy tờ hợp lệ,2025-10-21
SIÊU PHẨM ĐỘI CẤN - 10M RA Ô TÔ - DT SIÊU TO 44M - Ô CHỜ THANG MÁY,"10,8 tỷ","Phường Đội Cấn, Quận Ba Đình, Hà Nội",43.4 m² (3.2x13.5),6 phòng,4 WC,5,Giấy tờ hợp lệ,2025-10-21
BÁN NHÀ BA ĐÌNH - FULL NỘI THẤT - 10M RA PHỐ,"7,85 tỷ","Phường Đội Cấn, Quận Ba Đình, Hà Nội",23 m²,3 phòng,4 WC,5,Giấy tờ hợp lệ,2025-10-21
"Tôi cần bán nhà mặt phố Nguyễn Khắc Hiếu,10tầng thangmáy full nội thất","157,9 tỷ","Phường Trúc Bạch, Quận Ba Đình, Hà Nội",217 m²,11 phòng,7 WC,10,Giấy tờ hợp lệ,2025-10-21
Tôi cần bán nhà Đào Tấn mặt ngõ ô tô chánh kinh doanh sầm uất.,"25,45 tỷ","Phường Ngọc Khánh, Quận Ba Đình, Hà Nội",53 m²,6 phòng,4 WC,4,Giấy tờ hợp lệ,2025-10-21
"46 tỷ - Mặt phố Phạm Hồng Thái, 57m2, 5 tầng, mặt tiền 4m",46 tỷ,"Phường Quán Thánh, Quận Ba Đình, Hà Nội",57 m²,3 phòng,N/A,5,Giấy tờ hợp lệ,2025-10-21
"Bán nhà mặt phố Văn Cao, vỉa hè rộng",50 tỷ,"Đường Văn Cao, Phường Liễu Giai, Quận Ba Đình, Hà Nội",50 m²,N/A,N/A,9,Sổ đỏ,2025-10-28
"Bán nhà 7 tầng THANG MÁY phố Kim Mã, Quận Ba Đình, MB 40m2","29,5 tỷ","Đường Kim Mã, Phường Kim Mã, Quận Ba Đình, Hà Nội",31 m² (4.0x8.0),N/A,1,7,Sổ đỏ,2025-10-31
NHÀ HOÀNG HOA THÁM-TT BA ĐÌNH-45M2-SIÊU ĐẸP -FULL NỘI THẤT - GẦN Ô TÔ,"7,95 tỷ","Phường Vĩnh Phúc, Quận Ba Đình, Hà Nội",45 m²,4 phòng,N/A,3,Giấy tờ hợp lệ,2025-10-20
"🏡 Nhà đẹp Đội Cấn Ba Đình, 5 tầng, 3 ngủ, full nội thất, 4.95 tỷ","4,95 tỷ","Phường Đội Cấn, Quận Ba Đình, Hà Nội",19 m² (1.9x10.0),3 phòng,2 WC,5,Giấy tờ hợp lệ,2025-10-20
BÁN NHÀ ĐỘI CẤN - 6 TẦNG FULL NỘI THẤT - TRUNG TÂM BA ĐÌNH,"4,98 tỷ","Phường Đội Cấn, Quận Ba Đình, Hà Nội",18 m²,3 phòng,5 WC,6,Giấy tờ hợp lệ,2025-10-20
Bán Nhà Ba Đình Mặt Ngõ Thông - 33m2 Hơn 7 Tỷ. 40m Ra Ô Tô Tránh,7 tỷ,"Phường Vĩnh Phúc, Quận Ba Đình, Hà Nội",33 m²,3 phòng,N/A,5,Giấy tờ hợp lệ,2025-10-20
Bán đất tặng nhà 2t Hoàng Hoa Thám 6.5ty,"6,5 tỷ","Phường Ngọc Hà, Quận Ba Đình, Hà Nội",38 m²,1 phòng,1 WC,N/A,Giấy tờ hợp lệ,2025-10-20
"BÁN GẤP - PL 2 Ô TÔ - PHỐ ĐÀO TẤN - LINH LANG - 55M - 4 TẦNG -MT 5,2M","24,5 tỷ","Đường Đào Tấn, Phường Cống Vị, Quận Ba Đình, Hà Nội",55 m² (5.2x12.0),6 phòng,4 WC,4,Sổ đỏ,2025-10-22
"BÁN TOÀ NHÀ MẶT PHỐ TRẤN VŨ,BA ĐÌNH,131M,73 TỶ",73 tỷ,"Đường Trấn Vũ, Phường Trúc Bạch, Quận Ba Đình, Hà Nội",131 m²,6 phòng,6 WC,N/A,Sổ đỏ,2025-10-03
BÁN NHÀ MẶT PHỐ ĐỘI CẤN- VỈA HÈ - KINH DOANH VÔ ĐỐI,18 tỷ,"Đường Đội Cấn, Phường Đội Cấn, Quận Ba Đình, Hà Nội",37 m²,N/A,N/A,N/A,Sổ đỏ,2025-10-23
"Bán nhà mặt ngõ 34 vạn bảo ,Bd,dt:80 m x 7 tg , mt; 8m, giá 39 ty",39 tỷ,"Đường Đội Cấn, Phường Đội Cấn, Quận Ba Đình, Hà Nội","80 m² (7,5x11,0)",6 phòng,6 WC,7,Sổ đỏ,2025-06-16
"Bán Nhà Mặt Phố Phan Kế Bính, DT 53m2 * 7 Tầng TM - 28 Tỷ.",28 tỷ,"Đường Phan Kế Bính, Phường Cống Vị, Quận Ba Đình, Hà Nội",53 m²,N/A,N/A,7,Sổ đỏ,2025-10-21
"Mặt ngõ Đội Cấn-rộng 108m2, mặt tiền khủng, 2 thoáng, làm ăn Phát Tài","41,99 tỷ","283, Đường Đội Cấn, Phường Liễu Giai, Quận Ba Đình, Hà Nội",108 m²,2,N/A,5,Sổ đỏ,2025-10-23
Nhà 5T vị trí đẹp khu P/Lô Víp Đào Tấn - Linh Lang đường rộng 6m,24 tỷ,"Đường Đào Tấn, Phường Cống Vị, Quận Ba Đình, Hà Nội",55 m²,4 phòng,4 WC,5,Sổ đỏ,2025-10-23
Bán nhà mặt phố Linh Lang- Đào Tấn. Trung tâm quận Ba Đình,65 tỷ,"Đường Linh Lang, Phường Cống Vị, Quận Ba Đình, Hà Nội",84 m²,N/A,N/A,4,Sổ đỏ,2025-10-20
"Bán nhà mặt phố Kim Mã,dt 47m2 x 5t, MT 3,7m,nở hậu,vị trí đẹp.kd tốt.","34,5 tỷ","Đường Kim Mã, Phường Ngọc Khánh, Quận Ba Đình, Hà Nội",47 m²,N/A,1,5,Sổ đỏ,2025-10-20
"Bán Nhà Cực Đẹp CCMN 9 Tầng Thang Máy – Có Hầm, Ô Tô Tránh – Phố Đội C","36,5 tỷ","Đường Đội Cấn, Phường Đội Cấn, Quận Ba Đình, Hà Nội",90 m²,N/A,N/A,9,Sổ đỏ,2025-10-20
KIM MÃ BA ĐÌNH - NHÀ ĐẸP Ở NGAY - 35M - 5 TẦNG - NỘI THẤT SANG TRỌNG -,8 tỷ,"Phường Kim Mã, Quận Ba Đình, Hà Nội",35 m²,4 phòng,5 WC,5,Giấy tờ hợp lệ,2025-10-16
"Siêu rẻ Trung tâm Ba Đình - 58m2 chỉ 8,6 tỷ - Mặt tiền rộng","8,6 tỷ","Phường Ngọc Hà, Quận Ba Đình, Hà Nội",58 m²,3 phòng,4 WC,3,Giấy tờ hợp lệ,2025-10-16
BÁN NHÀ ĐỘI CẤN – 25m² – 5 TẦNG – MT 3.3M – GIÁ 7.36 TỶ – BA ĐÌNH,"7,36 tỷ","Phường Đội Cấn, Quận Ba Đình, Hà Nội",25 m²,3 phòng,3 WC,5,Giấy tờ hợp lệ,2025-10-16
"Bán nhà phân lô mặt ngõ kinh doanh ,lô góc TT ba đình .","15,1 tỷ","Phường Ngọc Hà, Quận Ba Đình, Hà Nội",43 m²,4 phòng,4 WC,5,Giấy tờ hợp lệ,2025-10-16
🌟BÁN NHÀ ĐỘI CẤN – 40m² – 5 TẦNG – MT 5M – GIÁ 8.5 TỶ – BA ĐÌNH 🌟,"8,5 tỷ","Phường Đội Cấn, Quận Ba Đình, Hà Nội",40 m²,3 phòng,3 WC,5,Giấy tờ hợp lệ,2025-10-16
Nhà 5 Tầng 32m2 Mới Xây Ngõ 290 Kim Mã,"7,8 tỷ","Phường Kim Mã, Quận Ba Đình, Hà Nội",32 m²,3 phòng,4 WC,5,Giấy tờ hợp lệ,2025-10-16
Cực hiếm phân khúc dưới 5 tỷ Đội Cấn - 6 tầng,"4,98 tỷ","Phường Đội Cấn, Quận Ba Đình, Hà Nội",18 m²,3 phòng,5 WC,6,Giấy tờ hợp lệ,2025-10-16
ĐỘI CẤN 6 TỶ - 5 TẦNG MỚI ĐẸP - TRUNG TÂM BA ĐÌNH - GẦN LĂNG BÁC - HỒ,6 tỷ,"Phường Đội Cấn, Quận Ba Đình, Hà Nội",25 m²,3 phòng,4 WC,5,Giấy tờ hợp lệ,2025-10-16
"Siêu hiếm, bán nhà khu Đào Tấn, 50m², 6 tầng thang máy, ô tô vào, 19",18 tỷ,"Phường Ngọc Khánh, Quận Ba Đình, Hà Nội",50 m² (4.0x13.0),5 phòng,5 WC,6,Giấy tờ hợp lệ,2025-10-16
"NHÀ PHỐ VĨNH PHÚC-BA ĐÌNH-30M2–MT 4M-7,7 TỶ- 2 THOÁNG - GẦN PHỐ -","7,7 tỷ","Phường Vĩnh Phúc, Quận Ba Đình, Hà Nội",30 m²,3 phòng,N/A,N/A,Giấy tờ hợp lệ,2025-10-16
BÁN NHÀ HOÀNG HOA THÁM – 30.3M² – OTO ĐỖ CỬA  – MT 8.8M – 13 TỶ,13 tỷ,"Phường Ngọc Hà, Quận Ba Đình, Hà Nội",30.3 m²,3 phòng,3 WC,7,Giấy tờ hợp lệ,2025-10-16
"Siêu rẻ - Ba Đình trung tâm 5 tầng CHỈ 6,9 tỷ","6,9 tỷ","Phường Ngọc Hà, Quận Ba Đình, Hà Nội",29 m²,3 phòng,3 WC,5,Giấy tờ hợp lệ,2025-10-15
"Bán nhà cấp 4 mặt phố Phan Kế Bính- Linh Lang, mặt tiền 5m, lô góc",68 tỷ,"Phường Cống Vị, Quận Ba Đình, Hà Nội",183 m²,N/A,N/A,7,Sổ đỏ,2025-10-20
BÁN NHÀ QUẬN BA ĐÌNH 6 tầng mặt đường ô tô tránh mặt ngõ Núi Trúc,"8,2 tỷ","Đường Núi Trúc, Phường Giảng Võ, Quận Ba Đình, Hà Nội",20 m²,N/A,N/A,6,Sổ đỏ,2025-10-26
"Đẳng cấp nhà đẹp ngõ Yên Ninh, giá 7.9 tỷ, 23m2x5T, lô góc, ẢNH THẬT","7,9 tỷ","Đường Yên Ninh, Phường Nguyễn Trung Trực, Quận Ba Đình, Hà Nội",23 m²,N/A,N/A,5,Sổ đỏ,2025-10-19
"NHÀ ĐỘI CẤN-BA ĐÌNH-18M2-6 TẦNG-MT 5M-4,98 TỶ-20M RA PHỐ-3 NGỦ","4,98 tỷ","Phường Đội Cấn, Quận Ba Đình, Hà Nội",18 m²,3 phòng,N/A,6,Giấy tờ hợp lệ,2025-10-15
Bán Nhà Ba Đình 33m2 Hơn 7 Tỷ-Đúng 40m 1 Ngoặt Ra Mặt Phố Vĩnh Phúc,7 tỷ,"Phường Vĩnh Phúc, Quận Ba Đình, Hà Nội",33 m²,3 phòng,N/A,5,Giấy tờ hợp lệ,2025-10-15
"Trung Tâm Ba Đình 45m2 - 4 tầng CHỈ 8,5 tỷ","8,5 tỷ","Phường Ngọc Hà, Quận Ba Đình, Hà Nội",45 m²,3 phòng,3 WC,4,Giấy tờ hợp lệ,2025-10-15
"🏡☘️ Phố Nguyễn Công Hoan 
SIÊU PHẨM BA ĐÌNH - NGÕ TO NHƯ PHỐ, KD ĐỈNH","16,4 tỷ","Phường Ngọc Khánh, Quận Ba Đình, Hà Nội",42 m²,4 phòng,6 WC,5,Giấy tờ hợp lệ,2025-10-15
"Nhà đẹp full nội thất, chỉ việc ở","7,95 tỷ","Phường Ngọc Hà, Quận Ba Đình, Hà Nội",45 m² (4.1x11.0),4 phòng,3 WC,3,Giấy tờ hợp lệ,2025-10-15
"Siêu hiếm, bán nhà Ngọc Hà, diện tích rộng 115m, mặt tiền 7m chỉ 22 tỷ",22 tỷ,"Phường Ngọc Hà, Quận Ba Đình, Hà Nội",115 m² (7.0x16.4),5 phòng,5 WC,N/A,Giấy tờ hợp lệ,2025-10-15
"Cực hiếm, bán nhà Ngọc Hà, ô tô đỗ cửa, 70m², mặt tiền 5m, 25 tỷ",25 tỷ,"Phường Ngọc Hà, Quận Ba Đình, Hà Nội",70 m² (5.0x14.0),5 phòng,5 WC,N/A,Giấy tờ hợp lệ,2025-10-15
BÁN NHÀ HOÀNG HOA THÁM - LÔ GÓC 3 THOÁNG  – Ô TÔ DỪNG ĐỖ NGÀY ĐÊM,13 tỷ,"Phường Ngọc Hà, Quận Ba Đình, Hà Nội",30 m²,3 phòng,5 WC,7,Giấy tờ hợp lệ,2025-10-15
Cần bán gấp nhà phố Lý Nam Đế 25m  5 tầng 3.8mt  5.5 Tỷ Hoàn Kiếm,"5,5 tỷ","Phường Quán Thánh, Quận Ba Đình, Hà Nội",25 m² (3.8x7.0),3 phòng,3 WC,5,Giấy tờ hợp lệ,2025-10-15
"Bán nhà mặt ngõ 55 Hoàng Hoa thám , Bd,dt:58m x 6 tầng, giá 15 tỷ",15 tỷ,"Đường Hoàng Hoa Thám, Phường Ngọc Hà, Quận Ba Đình, Hà Nội",58 m²,5 phòng,5 WC,5,Sổ đỏ,2025-10-19
"Thiện chí bán nhà đầu ngõ Phó Đức Chính, giá chỉ 7.5 tỷ, 32m2x4 tầng,","7,5 tỷ","Đường Phó Đức Chính, Phường Phúc Xá, Quận Ba Đình, Hà Nội",32 m²,N/A,N/A,4,Sổ đỏ,2025-10-19
Bán Nhà Mặt Ngõ Vĩnh Phúc-33m2 Hơn 7 Tỷ- Có Ô Thang Máy,7 tỷ,"Phường Vĩnh Phúc, Quận Ba Đình, Hà Nội",33 m²,3 phòng,N/A,5,Giấy tờ hợp lệ,2025-10-14
💥HÓT! MẶT PHỐ TRẦN HUY LIỆU -VỈA HÈ Ô TÔ - KINH DOANH 110M NHỈNH 10TỶ,"10,4 tỷ","Phường Giảng Võ, Quận Ba Đình, Hà Nội",56 m²,2 phòng,1 WC,2,Giấy tờ hợp lệ,2025-10-14
Gđ cần bán nhà 5 cạnh Lăng Bác - Kim Mã 6t,6 tỷ,"Phường Kim Mã, Quận Ba Đình, Hà Nội",28 m²,3 phòng,4 WC,5,Giấy tờ hợp lệ,2025-10-14
BÁN NHÀ TRUNG TÂM BA ĐÌNH – DIỆN TÍCH RỘNG – FULL NỘI THẤT –GIÁ ĐẦU TƯ,"8,6 tỷ","Phường Ngọc Hà, Quận Ba Đình, Hà Nội",58 m²,3 phòng,3 WC,3,Giấy tờ hợp lệ,2025-10-14
"NHÀ HOÀNG HOA THÁM-BA ĐÌNH-LÔ GÓC BA THOÁNG-26M2-5T-5,5 TỶ.","5,5 tỷ","Phường Vĩnh Phúc, Quận Ba Đình, Hà Nội",26 m²,3 phòng,N/A,N/A,Giấy tờ hợp lệ,2025-10-14
"nhà ô tô đỗ cửa 9,5 tỷ nguyễn chí thanh,dt 55m2,mặt tiền 4m","9,5 tỷ","Phường Ngọc Khánh, Quận Ba Đình, Hà Nội",53 m²,3 phòng,3 WC,4,Giấy tờ hợp lệ,2025-10-14
BÁN NHÀ ĐỘI CẤN - GẦN PHỐ - VỊ TRÍ THUẬN LỢI - TRƯỚC NHÀ THOÁNG SÁNG,"10,8 tỷ","Phường Đội Cấn, Quận Ba Đình, Hà Nội",43.4 m² (3.2x13.0),6 phòng,N/A,5,Giấy tờ hợp lệ,2025-10-14
BÁN NHÀ BA ĐÌNH 33m2- HƠN 7 TỶ- 40m RA MẶT PHỖ,7 tỷ,"Phường Vĩnh Phúc, Quận Ba Đình, Hà Nội",33 m²,3 phòng,N/A,5,Giấy tờ hợp lệ,2025-10-14
CẦN BÁN NHANH 45m2 NHÀ 4 TẦNG ĐƯỜNG HOÀNG HOA THÁM,8 tỷ,"Phường Liễu Giai, Quận Ba Đình, Hà Nội",45 m²,4 phòng,4 WC,4,Giấy tờ hợp lệ,2025-10-14
BÀN TÒA CCMN VĨNH PHÚC-BA ĐÌNH-55M2-6 TẦNG THANG MÁY-ĐẦY ĐỦ GPXD PCCC,"12,6 tỷ","Phường Vĩnh Phúc, Quận Ba Đình, Hà Nội",55 m²,11 phòng,7 WC,6,Giấy tờ hợp lệ,2025-10-14
"NHÀ ĐỘI CẤN-42M2-MT 11M-12,8 TỶ-BA MẶT NGÕ.","12,85 tỷ","Phường Đội Cấn, Quận Ba Đình, Hà Nội",42 m²,1 phòng,N/A,2,Giấy tờ hợp lệ,2025-10-13
"NHÀ ĐỘI NHÂN-BA ĐÌNH-55M2-5 TẦNG-26,5 TỶ-HAI THOÁNG-Ô TÔ TRÁN.","26,5 tỷ","Phường Vĩnh Phúc, Quận Ba Đình, Hà Nội",55 m²,4 phòng,N/A,5,Giấy tờ hợp lệ,2025-10-13
HOÀNG HOA THÁM - BA ĐÌNH - Ô TÔ - ĐANG CHO THUÊ 30TR/THÁNG,"20,5 tỷ","Đường Hoàng Hoa Thám, Phường Ngọc Hà, Quận Ba Đình, Hà Nội",102 m²,8 phòng,5 WC,5,Sổ đỏ,2025-10-12
"Nhà Đào Tấn, 2 thoáng, mặt tiền rộng, nở hậu, Gara Ô tô, hiếm nhà bán","25,5 tỷ","102, Đường Đào Tấn, Phường Cống Vị, Quận Ba Đình, Hà Nội",58 m²,7 phòng,7 WC,4,Sổ đỏ,2025-10-20
"Bán căn hộ dịch vụ phố Đội Cấn - Ngọc Hà cạnh hồ Đầm Tròn, Lăng Bác",27 tỷ,"Đường Đội Cấn, Phường Ngọc Hà, Quận Ba Đình, Hà Nội",60 m²,N/A,N/A,7,Sổ đỏ,26-11-2025
"Bán nhà mặt ngõ 189 Hoàng Hoa Thám, Phường Ngọc Hà, Q.Ba Đình, Hà Nội",18 tỷ,"Đường Hoàng Hoa Thám, Phường Ngọc Hà, Quận Ba Đình, Hà Nội",58.3 m²,N/A,N/A,2.5,Sổ đỏ,25-11-2025
Bán nhà 7 tầng thang máy ngõ 204 Đội Cấn Ba Đình Hà Nội,"11,8 tỷ","Đường Đội Cấn, Phường Đội Cấn, Quận Ba Đình, Hà Nội",82 m²,N/A,N/A,7,Sổ đỏ,17-11-2025
Bán nhà 6 tầng ngõ ô tô đường Hoàng Hoa Thám,42 tỷ,"Đường Hoàng Hoa Thám, Phường Liễu Giai, Quận Ba Đình, Hà Nội",140 m² (7.0x21.0),9 phòng,11 WC,6,Sổ đỏ,25-11-2025
Bán nhà chính chủ mặt phố Phan Kế Bính gần phố Linh Lang,"36,5 tỷ","Đường Phan Kế Bính, Phường Cống Vị, Quận Ba Đình, Hà Nội",75 m²,N/A,N/A,5,Sổ đỏ,25-11-2025
"Phân lô, ngõ nông, sau dãy mặt phố Giang Văn Minh, 7 tầng, hiếm bán","25,6 tỷ","68, Đường Giang Văn Minh, Phường Đội Cấn, Quận Ba Đình, Hà Nội",55 m²,8 phòng,N/A,7,Sổ hồng,22-11-2025
Bán Tòa Nhà VP Đường Đội Cấn Liễu Giai Ba Đình Hà Nội Diện tích 88 m2,"62,5 tỷ","Đường Đội Cấn, Phường Đội Cấn, Quận Ba Đình, Hà Nội",980 m² (7.8x15.0),N/A,N/A,10,Sổ đỏ,21-11-2025
"Chính chủ nhờ bán gấp căn nhà 4,5 tầng 65m hơn 30 tỷ Ba Đình",31 tỷ,"Đường Nguyễn Công Hoan, Phường Giảng Võ, Quận Ba Đình, Hà Nội",65 m² (4.0x16.0),6 phòng,4 WC,5,Sổ đỏ,11-11-2025
"Bán căn biệt thự lô góc trung tâm Ba Đình đường Thuỵ Khuê, DTSD 550m2","75,5 tỷ","Đường Thụy Khuê, Phường Liễu Giai, Quận Ba Đình, Hà Nội",200 m²,6 phòng,N/A,N/A,Sổ đỏ,15-11-2025
"Bán nhà 7 tầng thang máy khu phân lô phố Kim Mã, mặt tiền 6m",27 tỷ,"Đường Kim Mã, Phường Ngọc Khánh, Quận Ba Đình, Hà Nội",80 m²,N/A,N/A,7,Sổ đỏ,20-11-2025
"Đội Cấn, 61m2, 4.5m ngang, Ô tô tránh, mặt ngõ to thông, thang máy 6T","24,5 tỷ","283, Đường Đội Cấn, Phường Liễu Giai, Quận Ba Đình, Hà Nội",61 m²,N/A,N/A,6,Sổ đỏ,26-11-2025
"Chính Chủ Bán nhà 5 Tầng ĐC 128 Ngõ 639 Đường Hoàng Hoa Thám, BĐ, HN","30,5 tỷ","128/639, Đường Hoàng Hoa Thám, Phường Vĩnh Phúc, Quận Ba Đình, Hà Nội",121.9 m² (7.1x18.0),26 phòng,26 WC,5,Sổ đỏ,26-11-2025
Ngõ 55 Hoàng Hoa Thám – Ba Đình – 55 M2 – 4 T – MT 3.6 M – Giá 14.3 Tỷ,"14,3 tỷ","Đường Hoàng Hoa Thám, Phường Ngọc Hà, Quận Ba Đình, Hà Nội",55 m² (3.6x15.5),4 phòng,4 WC,4,Sổ đỏ,26-11-2025
"GẤP - Ba Đình - 50M - 7 Tầng - Mt 4,5M - đường hè 10M - Kd đỉnh","17,8 tỷ","Đường Vĩnh Phúc, Phường Vĩnh Phúc, Quận Ba Đình, Hà Nội",50 m² (4.5x12.0),7 phòng,6 WC,7,Sổ đỏ,26-11-2025
HIẾM - CẦU GIẤY - XUÂN THUỶ - 60M - 7 TẦNG - MT 4.1 - phân Lô Ô Tô,"27,8 tỷ","Đường Cầu Giấy, Phường Cống Vị, Quận Ba Đình, Hà Nội",60 m² (4.2x15.0),5 phòng,5 WC,7,Sổ đỏ,26-11-2025
Mặt Ngõ 55 Hoàng Hoa Thám –  Ô TÔ - 71 M- 3 T – MT 6 M – Giá 20.8 Tỷ.,"20,8 tỷ","Đường Hoàng Hoa Thám, Phường Ngọc Hà, Quận Ba Đình, Hà Nội",71 m² (6.0x12.0),5 phòng,4 WC,3,Sổ đỏ,26-11-2025
"Cực hiếm, nhà 2 tầng phố Đội Cấn, 10m ra mặt phố 58m2 giá chỉ 9.1 tỷ","9,1 tỷ","Phường Liễu Giai, Quận Ba Đình, Hà Nội",58 m² (4.5x14.0),4 phòng,2 WC,2,Giấy tờ hợp lệ,25-11-2025
Bán nhà Dòng tiền thu 40tr/ 1 tháng địa chỉ số 18 ngõ 162/22 Đội Cấn,"12,8 tỷ","18 ngo 162/22, Đường Đội Cấn, Phường Đội Cấn, Quận Ba Đình, Hà Nội",51 m² (4.8x11.0),11 phòng,11 WC,6,Sổ đỏ,25-11-2025
💥HOT – HOÀNG HOA THÁM – 30M – 5 TẦNG – KD – LÔ GÓC – Ở NGAY💥,"10,8 tỷ","173, Đường Hoàng Hoa Thám, Phường Ngọc Hà, Quận Ba Đình, Hà Nội",30 m²,3 phòng,4 WC,5,Sổ đỏ,25-11-2025
BÁN NHÀ ĐỘI CẤN – BA ĐÌNH - VIEW HỒ - 5 TẦNG ĐẸP Ở NGAY,"8,2 tỷ","Phường Đội Cấn, Quận Ba Đình, Hà Nội",38 m²,3 phòng,4 WC,5,Giấy tờ hợp lệ,25-11-2025
Ba Đình - Mặt Phố 7T Thang Máy - 2 Thoáng Cho Thuê 720Tr - 29.9Tỷ,"29,9 tỷ","Đường Linh Lang, Phường Liễu Giai, Quận Ba Đình, Hà Nội",52 m²,5 phòng,7 WC,7,Sổ đỏ,25-11-2025
"Bán nhà Kim Mã, Ba Đình vài bước ra phố, 74m2, 6t, mt 4.3m, đẹp ở ngay","21,9 tỷ","Đường Kim Mã, Phường Kim Mã, Quận Ba Đình, Hà Nội",74 m² (4.3x17.0),5 phòng,5 WC,6,Sổ hồng,25-11-2025
"VĨNH PHÚC - BA ĐÌNH - PHÂN LÔ VỈA HÈ – Ô TÔ TRÁNH -KD 55M2*5T 19,6TY.","19,6 tỷ","Phường Vĩnh Phúc, Quận Ba Đình, Hà Nội",55 m² (4.0x15.0),5 phòng,5 WC,5,Giấy tờ hợp lệ,25-11-2025
Bán Nhà Phố Giang Văn Minh- Trung Tâm Ba Đình 145m2 Mt8.3m Đg hè 30m.,56 tỷ,"43, Đường Giang Văn Minh, Phường Đội Cấn, Quận Ba Đình, Hà Nội",142 m²,5 phòng,5 WC,9,Sổ đỏ,25-11-2025
"( Chính chủ) tôi cần Bán Toà nhà MP Trúc Bạch Q Ba Đình, HN, Dt 230 m",160 tỷ,"Đường Trúc Bạch, Phường Trúc Bạch, Quận Ba Đình, Hà Nội",230 m²,N/A,N/A,11,Sổ đỏ,25-11-2025
Lô góc 5T đẹp ngõ Đào Tấn ngõ ba gác cách Mp 40m cách oto 10m,"13,4 tỷ","Đường Đào Tấn, Phường Cống Vị, Quận Ba Đình, Hà Nội",40 m²,4 phòng,4 WC,5,Sổ đỏ,24-11-2025
"Bán nhà Đội Cấn. Giang Văn Minh. Ba Đình. Hà Nội 20m x 5 tầng 4,9 tỷ.","4,9 tỷ","Phường Đội Cấn, Quận Ba Đình, Hà Nội",20 m²,3 phòng,4 WC,5,Sổ đỏ,24-11-2025
bán tòa nhà 220m2 x 12 tầng mặt phố đào tấn,270 tỷ,"Phường Cống Vị, Quận Ba Đình, Hà Nội",220 m²,N/A,N/A,12,Sổ đỏ,24-11-2025
"Bán nhà mặt phố Vạn Phúc, Ba Đình, 105m2, mặt tiền 7.6m chỉ 41.5 tỷ","41,5 tỷ","Đường Vạn Phúc, Phường Kim Mã, Quận Ba Đình, Hà Nội",105 m²,2 phòng,2 WC,2,Sổ đỏ,16-11-2025
"Bán nhà phố Điện Biên Phủ, 65m2, lô góc 8 tầng mặt tiền 8m, 33.5 tỷ","33,5 tỷ","Đường Điện Biên Phủ, Phường Điện Biên, Quận Ba Đình, Hà Nội",65 m²,12 phòng,8 WC,8,Sổ đỏ,17-11-2025
"Bán gấp nhà 4 tầng Ngọc Hà Ba Đình 8,15 tỷ","8,15 tỷ","Phường Ngọc Hà, Quận Ba Đình, Hà Nội",40 m² (4.0x10.0),3 phòng,3 WC,5,Sổ đỏ,21-11-2025
Bán toà căn hộ dịch vụ 19 Liễu Giai Ba Đình - OTO TRÁNH 110M2 9T,60 tỷ,"Đường Liễu Giai, Phường Liễu Giai, Quận Ba Đình, Hà Nội",110 m²,N/A,N/A,9,Sổ đỏ,24-11-2025
"bán lô đất mặt phố kim mã thượng 230m2 ,MT 8m",90 tỷ,"Phường Cống Vị, Quận Ba Đình, Hà Nội",190 m²,N/A,N/A,N/A,Sổ đỏ,24-11-2025
"Đất 38m² HOÀNG HOA THÁM, ngõ nông, trước nhà thoáng sáng.","7,75 tỷ","Đường Hoàng Hoa Thám, Phường Ngọc Hà, Quận Ba Đình, Hà Nội",38 m²,4 phòng,4 WC,5,Sổ đỏ,24-11-2025
MẶT PHỐ TT BA ĐÌNH – LÔ GÓC – VỈA HÈ – KINH DOANH ĐỈNH. 42m 5t 17 tỷ 9,Thỏa thuận,"Phường Ngọc Hà, Quận Ba Đình, Hà Nội",42 m² (6.0x7.0),4 phòng,5 WC,5,Sổ đỏ,24-11-2025
GẤP - MẶT PHỐ VĨNH PHÚC - BA ĐÌNH - 60M - 5 TẦNG - VỈA HÈ 10M,"26,5 tỷ","Đường Vĩnh Phúc, Phường Vĩnh Phúc, Quận Ba Đình, Hà Nội",60 m² (4.0x15.0),6 phòng,4 WC,5,Sổ đỏ,24-11-2025
bán nhà mặt phố 22A kim mã thượng 80m2 x 4 tầng,32 tỷ,"Phường Cống Vị, Quận Ba Đình, Hà Nội",80 m²,N/A,N/A,4,Sổ đỏ,24-11-2025
Dòng Tiền Ba Đình 60m2 - 7 Tầng Thang Máy - 17 Phòng KK - Gần Phố,15 tỷ,"Phường Đội Cấn, Quận Ba Đình, Hà Nội",60 m² (4.0x12.0),11 phòng,7 WC,7,Giấy tờ hợp lệ,23-11-2025
"Cần bán hà riêng 91m chính chủ phường Kim Mã, phố Kim Mã quận Ba Đình",22 tỷ,"Đường Kim Mã, Phường Kim Mã, Quận Ba Đình, Hà Nội",91 m² (8.0x12.0),4 phòng,3 WC,4,Sổ đỏ,24-11-2025
"Bán nhà mặt phố Phạm Hồng Thái, BD,DT:55 m / 60 m x5 TG, GIÁ: 32 TY",32 tỷ,"Đường Phạm Hồng Thái, Phường Quán Thánh, Quận Ba Đình, Hà Nội",55 m² (4.0x15.0),4 phòng,5 WC,5,Sổ đỏ,23-11-2025
VIP - PHÂN LÔ 2 Ô TÔ - PHỐ VĨNH PHÚC - BA ĐÌNH -55M - 5 TẦNG - MT 4M,"19,7 tỷ","Đường Vĩnh Phúc, Phường Vĩnh Phúc, Quận Ba Đình, Hà Nội",55 m² (4.0x14.0),5 phòng,4 WC,5,Sổ đỏ,23-11-2025
Chính chủ cần bán biệt thự Grandeur Palace Giảng Võ,200 tỷ,"Phường Giảng Võ, Quận Ba Đình, Hà Nội",290 m²,N/A,N/A,1,Sổ đỏ,22-11-2025
"Chính chủ bán căn nhà ngõ Văn Cao, cách mặt ngõ oto 5m","10,8 tỷ","Đường Văn Cao, Phường Liễu Giai, Quận Ba Đình, Hà Nội",37.5 m²,N/A,N/A,4,Sổ hồng,20-11-2025
"Chính chủ bán nhà Văn Cao Liễu Giai. Ba Đình. Hà Nội. 19m x 5 tầng 4,9","4,95 tỷ","Phường Liễu Giai, Quận Ba Đình, Hà Nội",19 m²,3 phòng,4 WC,5,Sổ đỏ,22-11-2025
Bán nhà Kim Mã. Thông Núi Trúc. Ba Đình. Hà Nội 18'5m x 6 tầng ô tô 30,"4,9 tỷ","Đường Kim Mã, Phường Giảng Võ, Quận Ba Đình, Hà Nội",19 m²,3 phòng,4 WC,6,Sổ đỏ,22-11-2025
"Tuyệt Phẩm, Bán Tòa Nhà  Phố Giang Văn Minh, Đội Cấn, BĐ: 90m2, MT 7.6",60 tỷ,"Đường Giang Văn Minh, Phường Đội Cấn, Quận Ba Đình, Hà Nội",90 m² (7.6x12.0),N/A,N/A,9,Sổ đỏ,22-11-2025
"Cực hiếm nhỉnh 3 tỷ có nhà 19m2 x 4 tầng, Tân Ấp, Ba Đình, Hà Nội","3,48 tỷ","Phường Phúc Xá, Quận Ba Đình, Hà Nội",19 m² (3.0x6.1),3 phòng,3 WC,4,Giấy tờ hợp lệ,22-11-2025
"Chính chủ bán nhà Văn Cao Liễu Giai. Ba Đình. Hà Nội. 19m x 5 tầng 4,9","4,95 tỷ","Phường Liễu Giai, Quận Ba Đình, Hà Nội",19 m²,3 phòng,4 WC,5,Sổ đỏ,22-11-2025
SIÊU PHẨM VIEW HỒ NGỌC HÀ – NGÕ THÔNG  – Ở SƯỚNG KINH DOANH ĐỈNH,"7,2 tỷ","Phường Ngọc Hà, Quận Ba Đình, Hà Nội",32 m²,3 phòng,3 WC,5,Giấy tờ hợp lệ,22-11-2025
"(HOT)  Liễu Giai – Đội Cấn 45m², MT 5.3m, Ngõ Rộng, Vừa Ở Vừa Cho Thuê","10,5 tỷ","Phường Cống Vị, Quận Ba Đình, Hà Nội",45 m²,3 phòng,5 WC,4,Giấy tờ hợp lệ,22-11-2025
Nhà mới siêu đẹp phố Phan Kế Bính,"13,1 tỷ","Đường Phan Kế Bính, Phường Cống Vị, Quận Ba Đình, Hà Nội",48 m²,2,N/A,6,Sổ đỏ,21-11-2025
SIÊU HIẾM TRUNG TÂM BA ĐÌNH – VÀI BƯỚC RA PHỐ KIM MÃ – NGÕ RỘNG THOÁNG,"8,2 tỷ","Phường Kim Mã, Quận Ba Đình, Hà Nội",40 m²,4 phòng,4 WC,5,Giấy tờ hợp lệ,21-11-2025
"Bán nhà mặt phố thụy Khuê, bd,dt :80 m x 5 tg,mt:4m, giá: 34,5 tỷ","34,5 tỷ","Đường Thụy Khuê, Phường Quán Thánh, Quận Ba Đình, Hà Nội",80 m² (4.0x20.0),4 phòng,4 WC,5,Sổ đỏ,21-11-2025
BÁN NHÀ PHAN KẾ BÍNH —BA ĐÌNH – OTO ĐỖ CỔNG – 10M RA PHỐ,12 tỷ,"Phường Cống Vị, Quận Ba Đình, Hà Nội",46 m²,4 phòng,4 WC,6,Giấy tờ hợp lệ,21-11-2025
BÁN Nhà Nghĩa Dũng Ba Đình Ô Tô Tránh 50m2 4 Tầng Nhỉnh 9 Tỷ,9 tỷ,"Phường Phúc Xá, Quận Ba Đình, Hà Nội",50 m²,4 phòng,2,4,Giấy tờ hợp lệ,21-11-2025
"Bán nhà Ba Đình 50m2, vỉa hè 2 bên, ô tô qua, ngõ thông kinh doanh","19,2 tỷ","Đường Thành Công, Phường Giảng Võ, Quận Ba Đình, Hà Nội",50 m²,N/A,N/A,5,Sổ đỏ,21-11-2025
"Bán nhà mặt ngõ 135 đội Cấn ,BD,dt:30 m x 5 tg, mt:6m, giá :15 tỷ",15 tỷ,"Đường Đội Cấn, Phường Đội Cấn, Quận Ba Đình, Hà Nội",30 m² (6.0x5.0),3 phòng,4 WC,5,Sổ đỏ,21-11-2025
"BÁN NHÀ ĐỘI CẤN – BA ĐÌNH – 5 TẦNG ĐẸP  – GẦN PHỐ, TIỆN ÍCH BỦA VÂY",6 tỷ,"Phường Ngọc Hà, Quận Ba Đình, Hà Nội",32 m²,3 phòng,4 WC,5,Giấy tờ hợp lệ,20-11-2025
"VIP - HOÀNG HOA THÁM - VĨNH PHÚC - BA ĐÌNH - 45M - 4 TẦNG - MT 4,7M","13,3 tỷ","Đường Hoàng Hoa Thám, Phường Vĩnh Phúc, Quận Ba Đình, Hà Nội",45 m² (4.7x9.0),4 phòng,3 WC,4,Sổ đỏ,20-11-2025
NHÀ HIẾM LÁNG HẠ – BA ĐÌNH – THIẾT KẾ HIỆN ĐẠI – THOÁNG TRƯỚC SAU,"7,1 tỷ","Phường Thành Công, Quận Ba Đình, Hà Nội",38 m²,3 phòng,4 WC,5,Giấy tờ hợp lệ,20-11-2025
"MẶT NGÕ THÔNG - KINH DOANH ĐỈNH- HOÀNG HOA THÁM GẦN NGỌC HÀ, ĐỘI CẤN","10,8 tỷ","Phường Ngọc Hà, Quận Ba Đình, Hà Nội",30 m²,3 phòng,4 WC,6,Giấy tờ hợp lệ,20-11-2025
"Ban nhà mặt phố hang than,dt 25mx5 tg, giá :15 ty",15 tỷ,"Đường Hàng Than, Phường Quán Thánh, Quận Ba Đình, Hà Nội",25 m²,4 phòng,4 WC,5,Sổ đỏ,20-11-2025
Bán nhà Ngõ An Dương 40m lô góc 2.1 tỷ.,"2,1 tỷ","Đường An Dương, Phường Phúc Xá, Quận Ba Đình, Hà Nội",20 m²,1 phòng,2 WC,N/A,Hợp đồng mua bán,20-11-2025
"Bán nhà ngõ 23 Tôn thất thiệp ,Bd,dt:60 m x 5 tg,mt:5 m, giá 26 tỷ",26 tỷ,"Đường Tôn Thất Thiệp, Phường Điện Biên, Quận Ba Đình, Hà Nội",60 m² (4.5x12.0),4 phòng,4 WC,5,Sổ đỏ,20-11-2025
"Chính Chủ Bán Căn Nhà Cách Mặt Phố ĐỘI CẤN 10m, ngay sát Lăng Bác","7,1 tỷ","Đường Đội Cấn, Phường Ngọc Hà, Quận Ba Đình, Hà Nội",23 m²,N/A,N/A,5,Sổ hồng,20-11-2025
"KV hiếm nhà bán !!! Linh Lang – Đào Tấn 38m² x 5T, sát phố, chỉ 7.9 tỷ","7,9 tỷ","Phường Cống Vị, Quận Ba Đình, Hà Nội",38 m²,4 phòng,5 WC,5,Giấy tờ hợp lệ,19-11-2025
❌   Hàng cực hiếm ❌ Ba đình - mặt ngõ thông-KD-su cóc đỗ cửa- nở hậu,"13,9 tỷ","Phường Đội Cấn, Quận Ba Đình, Hà Nội",39 m²,3 phòng,3 WC,4,Giấy tờ hợp lệ,19-11-2025
"Bán Căn nhà ngõ phố Văn Cao - Ba Đình , sát hồ Tây","2,2 tỷ","188d, Đường Văn Cao, Phường Liễu Giai, Quận Ba Đình, Hà Nội",14 m²,3 phòng,3 WC,5,Giấy tờ hợp lệ,19-11-2025
BÁN NHÀ KIM MÃ – BA ĐÌNH — 5 TẦNG ĐẸP – NGÕ THÔNG GIANG VĂN MINH,"7,7 tỷ","Phường Kim Mã, Quận Ba Đình, Hà Nội",38 m²,4 phòng,4 WC,6,Giấy tờ hợp lệ,19-11-2025
Tôi cần bán nhà Tiểu Khu Ngọc Khánh 5tầng thang máy full nội thất,26 tỷ,"Phường Ngọc Khánh, Quận Ba Đình, Hà Nội",85 m²,6 phòng,6 WC,5,Giấy tờ hợp lệ,19-11-2025
BÁN NHÀ HOÀNG HOA THÁM – TRUNG TÂM BA ĐÌNH--50M RA Ô TÔ TRÁNH,"14,5 tỷ","Phường Ngọc Hà, Quận Ba Đình, Hà Nội",53 m²,4 phòng,3 WC,4,Giấy tờ hợp lệ,19-11-2025
"Hiếm! Nhà Đào Tấn - Linh Lang 40m², ngõ nông, thoáng đẹp, chỉ 8.5 tỷ","8,5 tỷ","Phường Cống Vị, Quận Ba Đình, Hà Nội",40 m²,4 phòng,5 WC,5,Giấy tờ hợp lệ,19-11-2025
"Bán đất Giang Văn Minh 40m2, tặng GPXD, 30m ra phố, oto đỗ, giá 9.5tỷ.","9,5 tỷ","Đường Giang Văn Minh, Phường Kim Mã, Quận Ba Đình, Hà Nội",40 m² (9.8x4.0),N/A,N/A,6,Sổ đỏ,19-11-2025
GẤP - NHÀ PHỐ PHAN KẾ BÍNH - ĐÀO TẤN - 50M - 6 TẦNG - MT 5M,"12,9 tỷ","Phường Cống Vị, Quận Ba Đình, Hà Nội",50 m² (5.0x10.0),6 phòng,5 WC,6,Sổ đỏ,19-11-2025
"Bán nhà măt ngõ khu 28 ông ích khiêm, bd ,dt:45 mx 4 tg, giá: 14,8 ty","14,8 tỷ","Đường Ông Ích Khiêm, Phường Kim Mã, Quận Ba Đình, Hà Nội",58 m² (4.0x13.0),4 phòng,4 WC,N/A,Sổ đỏ,18-11-2025
Nguyên Hồng – Ba Đình – Ô TÔ Tránh – 67 M2 – 3 T – MT 5.4 M – Giá 15.7,"15,7 tỷ","Đường Nguyên Hồng, Phường Thành Công, Quận Ba Đình, Hà Nội",67 m² (5.4x12.0),4 phòng,3 WC,5,Sổ đỏ,18-11-2025
"Bán nhà măt hồ ngõ 135 đội Cấn,dt: 80 x 5 tg, mt:5 m, giá : 35,5 tỷ",35 tỷ,"Đường Đội Cấn, Phường Đội Cấn, Quận Ba Đình, Hà Nội",80 m²,5 phòng,5 WC,5,Sổ đỏ,18-11-2025
Tân Ấp – Ba Đình  – Ô Tô Tránh – KD – 61 M – 5 T – MT 5 M – Giá 20.1 T,"20,1 tỷ","Phường Phúc Xá, Quận Ba Đình, Hà Nội",61 m² (5.0x12.0),5 phòng,5 WC,5,Sổ đỏ,18-11-2025
BÁN Tòa  NHÀ MẶT PHỐ  TOÀ VĂN PHÒNG - KINH DOANH - DT450 M giá 380 tỷ,380 tỷ,"Đường Đào Tấn, Phường Liễu Giai, Quận Ba Đình, Hà Nội",450 m² (12.0x19.0),8 phòng,N/A,14,Sổ đỏ,17-11-2025
"Bán nhà Giang Văn Minh 7 tầng, có thang máy, ngõ nông, gần phố","25,5 tỷ","Đường Giang Văn Minh, Phường Kim Mã, Quận Ba Đình, Hà Nội",70 m²,N/A,N/A,7,Sổ đỏ,18-11-2025
"Chính chủ bán nhà Phố Đào Tấn, 55M x 6 Tầng, ô tô qua 17,9 tỷ","17,9 tỷ","Đường Đào Tấn, Phường Cống Vị, Quận Ba Đình, Hà Nội",55 m² (4.0x14.0),6 phòng,6 WC,6,Sổ đỏ,17-11-2025
"Tôi chính chủ bán toà BUlDING Mp Văn Cao, Q Ba Đình, Dt 115 m, 10T, mt",80 tỷ,"Đường Văn Cao, Phường Liễu Giai, Quận Ba Đình, Hà Nội",115 m²,N/A,N/A,10,Sổ đỏ,17-11-2025
Chính Chủ Cần Bán Nhà Kim Mã - 35m2 - 1 nhà ra mặt phố - sổ vuông đẹp,"9,5 tỷ","Phường Kim Mã, Quận Ba Đình, Hà Nội",35 m²,3 phòng,4 WC,5,Giấy tờ hợp lệ,16-11-2025
Mặt Phố Hoàng Hao Thám – Ba Đình = 207 M – 4T – MT 6.8 M – Giá 64.8 Tỷ,"64,8 tỷ","Đường Hoàng Hoa Thám, Phường Ngọc Hà, Quận Ba Đình, Hà Nội",207 m² (6.8x30.0),5 phòng,5 WC,4,Sổ đỏ,17-11-2025
"Mặt Phố Lô góc Phan Huy Ích Ba Đình 55m2 6 tầng mặt 14m 43,3 Tỷ","43,3 tỷ","Phường Nguyễn Trung Trực, Quận Ba Đình, Hà Nội",55 m²,11 phòng,7 WC,6,Giấy tờ hợp lệ,16-11-2025
"Hiếm Hot BA ĐÌNH! HÀNG SIÊU QUÝ HIẾM, LÔ GÓC - CẢ PHỐ CHỈ CÓ 1 NHÀ BÁN",40 tỷ,"Phường Điện Biên, Quận Ba Đình, Hà Nội",52 m² (12.0x5.0),3 phòng,5 WC,6,Giấy tờ hợp lệ,16-11-2025
"Tôi cần bán nhà mặt ngõ ô tô Đào Tấn, 6tầng thang máy full nội thất","17,96 tỷ","Phường Liễu Giai, Quận Ba Đình, Hà Nội",50 m²,6 phòng,6 WC,6,Giấy tờ hợp lệ,16-11-2025
"Cực hiếm! Nhà đẹp Giang Văn Minh – Kim Mã, 32m² x5T, ở ngay chỉ 7,6 tỷ","7,6 tỷ","Phường Giảng Võ, Quận Ba Đình, Hà Nội",32 m²,3 phòng,5 WC,5,Giấy tờ hợp lệ,16-11-2025
TOÀ CCMN RẺ NHẤT PHÂN KHÚC DÒNG TIỀN!,"20,6 tỷ","Đường Đội Cấn, Phường Đội Cấn, Quận Ba Đình, Hà Nội",88 m²,15 phòng,15 WC,7,Sổ đỏ,16-11-2025
"Tôi cần bán nhà ngõ Đào Tấn, BĐ giá 7.1 tỷ, 40m2x4T, ở luôn","7,1 tỷ","Đường Đào Tấn, Phường Cống Vị, Quận Ba Đình, Hà Nội",40 m² (4.0x10.0),N/A,N/A,4,Sổ đỏ,16-11-2025
"Sở hữu ngay nhà Tân Ấp, giá 6.3 tỷ, 26m2x5T, ngõ thoáng ẢNH THẬT","6,3 tỷ","Đường Tân Ấp, Phường Phúc Xá, Quận Ba Đình, Hà Nội",26 m²,N/A,2,5,Sổ đỏ,16-11-2025
chính chủ bán nhà hoàng hoa thám,"14,5 tỷ","40A ngõ 55/24 , Đường Hoàng Hoa Thám, Phường Ngọc Hà, Quận Ba Đình, Hà Nội",53 m² (3.7x15.0),4 phòng,3 WC,4,Sổ đỏ,16-11-2025
"Bán nhanh nhà ngõ 6 Vĩnh Phúc, giá 9.9 tỷ, hơn 36m2x2T, SDCC","9,9 tỷ","Đường Vĩnh phúc, Phường Vĩnh Phúc, Quận Ba Đình, Hà Nội",36 m² (4.0x8.0),N/A,N/A,2,Sổ đỏ,16-11-2025
"bán nhà 6 tầng, thang máy, nhà xây dựng mới, đầy đủ nội thất cơ bản","8,8 tỷ","10, ngách 109 D, ngõ 409 Kim Mã, Đường Kim Mã, Phường Ngọc Khánh, Quận Ba Đình, Hà Nội",40 m² (6.0x6.0),4 phòng,5 WC,6,Sổ hồng,15-11-2025
"SỔ 37M2x6T THANG MÁY, 15M RA PHỐ HOÀNG HOA THÁM, BA ĐÌNH","11,3 tỷ","Đường Hoàng Hoa Thám, Phường Ngọc Hà, Quận Ba Đình, Hà Nội",37 m²,4 phòng,4 WC,6,Sổ đỏ,15-11-2025
"💥 Bán gấp nhà 5 tầng Kim Mã - đẹp gần phố đi lại tiện, giá cả hợp lý","8,08 tỷ","Phường Kim Mã, Quận Ba Đình, Hà Nội",30 m²,3 phòng,3 WC,5,Đang chờ sổ,14-11-2025
Bán nhà 124 mặt phố Thụy Khuê 200 m xây mới 9 tầng,85 tỷ,"124, Đường Thụy Khuê, Phường Trúc Bạch, Quận Ba Đình, Hà Nội",200 m² (7.0x129.0),3 phòng,2 WC,9,Sổ đỏ,14-11-2025
"VĨNH PHÚC Đội Nhân 35m² _ ngõ thông thoáng rộng rãi, gần đường ô tô.",8 tỷ,"Đường Vĩnh Phúc, Phường Vĩnh Phúc, Quận Ba Đình, Hà Nội",35 m²,3 phòng,3 WC,N/A,Sổ đỏ,13-11-2025
SIÊU PHẨM ĐÀO TẤN – NHÀ ĐẸP DÂN XÂY – 3 THOÁNG – GIÁ CỰC,"12,9 tỷ","Phường Cống Vị, Quận Ba Đình, Hà Nội",54 m²,4 phòng,3 WC,6,Giấy tờ hợp lệ,13-11-2025
Siêu Phẩm Ba Đình Đón Tết 42m2 - 5 Tầng - Sát Phố - Ngõ Nông - 10 Tỷ,10 tỷ,"Phường Đội Cấn, Quận Ba Đình, Hà Nội",42 m² (4.2x10.0),5 phòng,4 WC,5,Giấy tờ hợp lệ,13-11-2025
"Chính chủ bán nhà Ngọc Hà- Hoàng Hoa Thám. Ba Đình. Hà Nội 21m x 5,5 t","4,85 tỷ","Phường Giảng Võ, Quận Ba Đình, Hà Nội",21 m²,3 phòng,4 WC,5.5,Sổ đỏ,12-11-2025
Nhà mới Ba Đình 7tầng thang máy. Oto tránh dừng đỗ ngày đêm.,"13,3 tỷ","Phường Ngọc Hà, Quận Ba Đình, Hà Nội",35 m²,1,N/A,7,Sổ đỏ,28-10-2025
TOÀ KHÁCH SẠN – CH CAO CẤP MẶT PHỐ XUÂN DIỆU 300 TỶ 300M2 XÂY 10 T,48 tỷ,"Đường Láng Hạ, Phường Thành Công, Quận Ba Đình, Hà Nội",125 m² (9.0x16.0),N/A,N/A,4,Sổ đỏ,11-11-2025
"Bán nhà Lê Hồng Phong. Ngọc Hà. Ba Đình Hà Nội 19m x 6 tầng 4,89 tỷ. C","4,88 tỷ","Phường Quán Thánh, Quận Ba Đình, Hà Nội",19 m²,3 phòng,4 WC,6,Sổ đỏ,12-11-2025
bán gấp căn nhà khu plô VIP Vĩnh Phúc. Giáp khu 72ha  BA Đình DT 50M,"30,2 tỷ","Đường Bưởi, Phường Vĩnh Phúc, Quận Ba Đình, Hà Nội",50 m² (4.3x11.0),7 phòng,7 WC,9,Sổ đỏ,11-11-2025
NHÀ 2 MẶT NGÕ GIANG VĂN MINH - VỪA Ở VỪA CHO THUÊ,"14,8 tỷ","Phường Đội Cấn, Quận Ba Đình, Hà Nội",50 m²,5 phòng,3 WC,5,Giấy tờ hợp lệ,12-11-2025
"Hiếm phân khúc Kim Mã, ngõ nông thoáng sáng, cách phố 60m, chỉ 6.6 Tỷ","6,6 tỷ","Phường Kim Mã, Quận Ba Đình, Hà Nội",27 m²,3 phòng,3 WC,4,Giấy tờ hợp lệ,11-11-2025
⚠️KHU VỰC CẢ NĂM MỚI CÓ 1 NHÀ BÁN -Bán Nhà - Mặt Hồ - Đội Cấn Ba Đình,"25,9 tỷ","Phường Ngọc Hà, Quận Ba Đình, Hà Nội",57 m² (4.9x11.5),4 phòng,5 WC,5,Giấy tờ hợp lệ,12-11-2025
Bán Nhà Mặt Phố Linh Lang - 105M2* 9 Tầng - Cho Thuê 200Tr/ Tháng,65 tỷ,"Đường Linh Lang, Phường Liễu Giai, Quận Ba Đình, Hà Nội",105 m²,13 phòng,14 WC,9,Sổ đỏ,11-11-2025
bán tòa nhà mặt phố văn cao 110m2 × 9 tầng,78 tỷ,"Phường Cống Vị, Quận Ba Đình, Hà Nội",110 m²,N/A,N/A,9,Sổ đỏ,11-11-2025
"bán nhà khu vạn bảo 75m2 x 6,5 tầng",37 tỷ,"Phường Cống Vị, Quận Ba Đình, Hà Nội",75 m²,N/A,N/A,6.5,Sổ đỏ,11-11-2025
"Hiếm nhà Kim Mã –35m²x5t, ngõ nông rộng, 3 mặt thoáng, giá chỉ 7,6 tỷ","7,4 tỷ","Phường Giảng Võ, Quận Ba Đình, Hà Nội",38 m²,3 phòng,5 WC,5,Giấy tờ hợp lệ,11-11-2025
Tân Ấp Ba ĐÌnh – 84 M2 – 3 Tầng – MT 7.3 M – Giá 8.2 Tỷ,"8,2 tỷ","Đường Tân Ấp, Phường Phúc Xá, Quận Ba Đình, Hà Nội",83 m² (7.3x11.0),3 phòng,3 WC,3,Sổ đỏ,15-11-2025
"Chính chủ Bán Nhà 10m ra phố Kim Mã, 36m² x 4T, cạnh Lotte Liễu Giai","6,2 tỷ","Phường Kim Mã, Quận Ba Đình, Hà Nội",36 m²,3 phòng,5 WC,4,Giấy tờ hợp lệ,11-11-2025
"Nhà Ngọc Khánh,35m2x5t, sát Vinhomes Giảng Võ, Giá trị tăng tương lai",8 tỷ,"Phường Ngọc Khánh, Quận Ba Đình, Hà Nội",35 m²,3 phòng,4 WC,5,Giấy tờ hợp lệ,11-11-2025
"Phân lô Ba Đình 52m2*5T,mt 4m,vỉa hè,kd,oto tránh,nhà mới,giá 20.5tỷ.","20,5 tỷ","Đường Vĩnh phúc, Phường Đội Cấn, Quận Ba Đình, Hà Nội",52 m² (4.0x11.9),7 phòng,4 WC,5,Sổ hồng,10-11-2025
"Bán BT Vip Phố Liễu Giai, Ba Đình DT190m2 Mt 15m Đường oto gia 76,6ty","76,6 tỷ","68, Đường Liễu Giai, Phường Liễu Giai, Quận Ba Đình, Hà Nội",190 m²,4 phòng,4 WC,3,Sổ đỏ,14-11-2025
Bán nhà mặt phố Linh Lang- Phan Kế Bính trung tâm quận Ba Đình,45 tỷ,"Đường Linh Lang, Phường Cống Vị, Quận Ba Đình, Hà Nội",54 m²,N/A,N/A,8,Sổ đỏ,14-11-2025
"BÁN BT KHU PL Vip Giảng Võ-  BA ĐÌNH ,OTO TRÁNH 136M2X3,5T - 66 TỶ",66 tỷ,"66, Đường Giảng Võ, Phường Giảng Võ, Quận Ba Đình, Hà Nội",136.8 m²,5 phòng,3 WC,35,Sổ đỏ,14-11-2025
"Bán Toà 8 nổi 1 Hầm Phố Linh Lang -Đào Tấn 109m2 mt8m Kd vip 68,886ty.","68,88 tỷ","55, Đường Linh Lang, Phường Liễu Giai, Quận Ba Đình, Hà Nội",109 m²,15 phòng,16 WC,N/A,Sổ đỏ,14-11-2025
"Bán nhà 8t Thang Máy MP Nguyễn Thái Học- Điện Biên Phủ DT 92m2 MT4,15m","89,99 tỷ","68, Đường Nguyễn Thái Học, Phường Điện Biên, Quận Ba Đình, Hà Nội",92 m²,16 phòng,17 WC,8,Sổ đỏ,14-11-2025
Cần chuyển nhượng nhà trung tâm phố cổ,"7,8 tỷ","Phường Quán Thánh, Quận Ba Đình, Hà Nội",29 m² (8.0x4.0),3 phòng,3 WC,4,Giấy tờ hợp lệ,10-11-2025
BÁN NHÀ ĐẸP BA ĐÌNH – FULL NỘI THẤT – GẦN Ô TÔ – GIÁ TỐT,"11,5 tỷ","Phường Phúc Xá, Quận Ba Đình, Hà Nội",40 m²,2 phòng,3 WC,4,Giấy tờ hợp lệ,10-11-2025
"Bán nhà Liễu Giai 70m2, khu phân lô, ô tô ra vào, cần bán gấp","20,8 tỷ","Đường Liễu Giai, Phường Liễu Giai, Quận Ba Đình, Hà Nội",70 m²,N/A,N/A,3,Sổ đỏ,09-11-2025
Bán nhà trong ngõ 25 phan đình Phùng,"13,5 tỷ","25, Đường Phan Đình Phùng, Phường Quán Thánh, Quận Ba Đình, Hà Nội",47 m²,5 phòng,3 WC,5,Sổ đỏ,09-11-2025
Cực hiếm!  Bán Nhà ba đình – đào tấn 41m2 x4 tầng ngõ thông kinh doanh,"14,65 tỷ","Đường Đào Tấn, Phường Đội Cấn, Quận Ba Đình, Hà Nội",41 m²,4 phòng,3 WC,4,Sổ đỏ,13-11-2025
"BA ĐÌNH VIP Ô TÔ ĐỖ CỬA, KINH DOANH SẦM UẤT, NHÀ 5 TẦNG MỚI ĐẸP Ở NGAY",40 tỷ,"Đường Ngọc Khánh, Phường Ngọc Khánh, Quận Ba Đình, Hà Nội",40 m²,N/A,N/A,5,Sổ đỏ,13-11-2025
GIÁ NÀO CŨNG BÁN NHÀ PHỐ HOÀNG HOA THÁM – BA ĐÌNH 55m 3 TẦNG MẶT TIỀN,13 tỷ,"Đường Hoàng Hoa Thám, Phường Ngọc Hà, Quận Ba Đình, Hà Nội",55 m²,4 phòng,4 WC,3,Sổ đỏ,13-11-2025
"45m² ĐÀO TẤN mặt tiền 5m - ngõ rộng, thoáng sáng, gần mặt đường.",14 tỷ,"Đường Đào Tấn, Phường Cống Vị, Quận Ba Đình, Hà Nội",40.8 m²,4 phòng,3 WC,N/A,Sổ đỏ,08-11-2025
"Lô Góc Ba Đình 35m2 - 5 Tầng - Gần Phố - Ở Ngay - Giá 7,6 Tỷ","7,6 tỷ","Phường Giảng Võ, Quận Ba Đình, Hà Nội",35 m² (3.5x10.0),3 phòng,4 WC,5,Giấy tờ hợp lệ,09-11-2025
🏡 TÂN ẤP – BA ĐÌNH | NHÀ ĐẸP DÂN XÂY – FULL NỘI THẤT – GẦN Ô TÔ,"11,5 tỷ","Phường Phúc Xá, Quận Ba Đình, Hà Nội",40 m²,4 phòng,3 WC,4,Giấy tờ hợp lệ,09-11-2025
Lô Góc Ba Đình 45m2 - 6 Tầng Thang Máy - Ngõ Thông - Ô Tô - Giá 12 Tỷ,12 tỷ,"Phường Vĩnh Phúc, Quận Ba Đình, Hà Nội",45 m² (4.5x10.0),3 phòng,4 WC,6,Giấy tờ hợp lệ,09-11-2025
"Bán nhà khu 28 Ông ích Khiêm ,dt :85m² x 5 tg,mt : 6m, giá:28,5 ty","28,5 tỷ","Đường Ông Ích Khiêm, Phường Đội Cấn, Quận Ba Đình, Hà Nội",85 m² (6.0x26.0),6 phòng,7 WC,4,Sổ đỏ,08-11-2025
💥  NHÀ ĐẸP TRUNG TÂM BA ĐÌNH – Ở NGAY – CÁCH Ô TÔ VÀI BƯỚC 💥,"8,6 tỷ","612, Đường Đê La Thành, Phường Giảng Võ, Quận Ba Đình, Hà Nội",41.3 m² (7.0x6.0),4 phòng,3 WC,4,Sổ đỏ,12-11-2025
Đội Cấn 29m2-6 tầng-mt 5m-ô tô tránh đỗ 14.5 tỷ(Có thương lượng),"14,5 tỷ","279, Đường Đội Cấn, Phường Ngọc Hà, Quận Ba Đình, Hà Nội",29 m² (5.0x6.0),3 phòng,5 WC,6,Sổ đỏ,12-11-2025
Phố Tân Ấp – Ba Đình – Ô Tô Tránh – 61 M – 5 T – MT 5 M – Giá 19.5 Tỷ.,"19,5 tỷ","Đường Tân Ấp, Phường Phúc Xá, Quận Ba Đình, Hà Nội",61 m² (5.0x12.0),5 phòng,4 WC,5,Sổ đỏ,12-11-2025
"🇻🇳Nhà mới kính koong #Ba_Đình, 22m2, 5 tầng, mt 3.5, Giá chỉ 5.9 tỷ","5,9 tỷ","Phường Phúc Xá, Quận Ba Đình, Hà Nội",22 m²,3 phòng,3 WC,5,Giấy tờ hợp lệ,08-11-2025
"HIẾM !!! BÁN NHÀ GIANG VĂN MINH–KIM MÃ–42M²x 5T–GẦN PHỐ–CHỈ 9,8 TỶ","9,8 tỷ","Phường Kim Mã, Quận Ba Đình, Hà Nội",42 m²,3 phòng,5 WC,5,Giấy tờ hợp lệ,08-11-2025
"Mặt ngõ kinh doanh Núi Trúc - 38m2-10m ra phố -Ngõ thông, Chỉ 9,2 Tỷ","9,2 tỷ","Phường Giảng Võ, Quận Ba Đình, Hà Nội",38 m²,3 phòng,5 WC,4,Giấy tờ hợp lệ,08-11-2025
"Đội Cấn 27m² 5T 4PN 8.8 Tỷ Ba Đình – TRUNG TÂM, VÀI BƯỚC RA PHỐ","8,8 tỷ","Phường Đội Cấn, Quận Ba Đình, Hà Nội",27 m²,2 phòng,3 WC,5,Giấy tờ hợp lệ,08-11-2025
NHÀ ĐẸP TRUNG TÂM BA ĐÌNH – VÀI BƯỚC RA PHỐ – 5 TẦNG FULL CÔNG NĂNG,"8,8 tỷ","Phường Đội Cấn, Quận Ba Đình, Hà Nội",27 m²,2 phòng,3 WC,5,Giấy tờ hợp lệ,08-11-2025
HÓT BA ĐÌNH – GIÁ ĐẦU TƯ – SỔ ĐỎ CHÍNH CHỦ,"7,5 tỷ","Phường Vĩnh Phúc, Quận Ba Đình, Hà Nội",34 m²,2 phòng,3 WC,3,Giấy tờ hợp lệ,08-11-2025
PHÂN LÔ – NỞ HẬU – 2 MẶT THOÁNG – LÕI BA ĐÌNH,"7,8 tỷ","Phường Cống Vị, Quận Ba Đình, Hà Nội",29 m²,4 phòng,3 WC,4,Giấy tờ hợp lệ,08-11-2025
"bán nhà nhõ 2 linh lang - ba đình 76m2 x 6,5 tầng",35 tỷ,"Đường Linh Lang, Phường Cống Vị, Quận Ba Đình, Hà Nội",76 m²,N/A,N/A,6.5,Sổ đỏ,07-11-2025
"bán nhà mặt phố linh lang-kim mã thượng 230m2,MT 7m.",90 tỷ,"Phường Cống Vị, Quận Ba Đình, Hà Nội",230 m²,N/A,N/A,N/A,Sổ đỏ,07-11-2025
"Bán 22 kim mã thượng 80m2 x 4,5 tầng     giá: 21,5ti",30 tỷ,"Đường Kim Mã Thượng, Phường Cống Vị, Quận Ba Đình, Hà Nội",80 m²,N/A,N/A,4.5,Sổ đỏ,07-11-2025
Vĩnh Phúc – Ba Đình – Ô Tô tránh – 123 m2 – 5 T – MT 4.5 m – Giá 30.3,"30,3 tỷ","Đường Vĩnh Phúc, Phường Cống Vị, Quận Ba Đình, Hà Nội",123 m² (4.5x27.0),7 phòng,7 WC,5,Sổ đỏ,11-11-2025
"HIẾM - BÁN NHÀ PHỐ NGỌC HÀ - GẦN LĂNG BÁC - 40M - 4,5 TẦNG - MT 5,2M","13,5 tỷ","Đường Ngọc Hà, Phường Ngọc Hà, Quận Ba Đình, Hà Nội",40 m² (5.2x8.0),5 phòng,4 WC,4,Sổ đỏ,11-11-2025
Bán gấp nhà 6 tầng sát phố Giảng Võ hơn 6 tỷ,"6,86 tỷ","Đường Giảng Võ, Phường Giảng Võ, Quận Ba Đình, Hà Nội",30 m²,3 phòng,3 WC,6,Sổ đỏ,11-11-2025
Phân Lô Ô Tô Ngọc Khánh - Vỉa Hè 3m - Kinh Doanh - 45M2* 5T - 19.2 Tỷ.,"19,2 tỷ","Đường Ngọc Khánh, Phường Ngọc Khánh, Quận Ba Đình, Hà Nội",45 m²,5 phòng,5 WC,5,Sổ hồng,11-11-2025
"Bán nhà ngõ 371 kim mã , ba đình, dt: 75 m, mt: 4,5 , giá 10,5 ty","10,5 tỷ","Đường Kim Mã, Phường Kim Mã, Quận Ba Đình, Hà Nội",75 m² (4.5x18.0),3 phòng,2 WC,N/A,Sổ đỏ,06-11-2025
Bán nhà Hoàng Hoa Thám 54m² ngõ thoáng gần phố giá đầu tư 9 tỷ,9 tỷ,"Đường Hoàng Hoa Thám, Phường Ngọc Hà, Quận Ba Đình, Hà Nội",54 m²,N/A,N/A,N/A,Sổ đỏ,10-11-2025
BÁN NHÀ MẶT PHỐ - VỈA HÈ KINH DOANH - YÊN PHỤ - BA ĐÌNH - NGUYỄN TRUNG,"8,9 tỷ","88, Đường Yên Phụ, Phường Nguyễn Trung Trực, Quận Ba Đình, Hà Nội",22.2 m²,N/A,N/A,4,Sổ đỏ,10-11-2025
CỰC ĐẸP - ĐÀO TẤN - LINH LANG - 70M - 4 TẦNG - 2 THOÁNG - chỉ 22 tỷ,22 tỷ,"Đường Đào Tấn, Phường Cống Vị, Quận Ba Đình, Hà Nội",70 m² (4.0x17.5),5 phòng,4 WC,4,Sổ đỏ,10-11-2025
BÁN NHÀ NGỌC HÀ  – TRUNG TÂM BA ĐÌNH– 3 BƯỚC RA PHỐ –DÂN XÂY CHẮC NỊCH,"5,88 tỷ","Phường Ngọc Hà, Quận Ba Đình, Hà Nội",24 m²,2 phòng,3 WC,4,Giấy tờ hợp lệ,06-11-2025
"NHÀ MỚI TRUNG TÂM BA ĐÌNH - 40m2 7 TẦNG THANG MÁY CHỈ 11,8 TỶ","11,8 tỷ","Phường Ngọc Hà, Quận Ba Đình, Hà Nội",40 m²,7 phòng,7 WC,7,Giấy tờ hợp lệ,06-11-2025
NHÀ MỚI TRUNG TÂM ĐỐNG ĐA - 22M2 4 TẦNG CHỈ 7.3 TỶ,"7,3 tỷ","Phường Liễu Giai, Quận Ba Đình, Hà Nội",22 m²,2 phòng,3 WC,4,Giấy tờ hợp lệ,06-11-2025
CÁCH MẶT PHỐ HOÀNG HOA THÁM 50M - NHÀ ĐẸP - VỪA TIỀN - SỔ ĐỎ CHÍNH CHỦ,"7,3 tỷ","Phường Liễu Giai, Quận Ba Đình, Hà Nội",25 m² (3.0x8.0),2 phòng,2 WC,4,Giấy tờ hợp lệ,06-11-2025
"SIÊU RẺ TRUNG TÂM BA ĐÌNH - 51M2 - 5PN - 5 TẦNG CHỈ 10,5 TỶ","10,5 tỷ","Phường Liễu Giai, Quận Ba Đình, Hà Nội",51 m²,5 phòng,6 WC,5,Giấy tờ hợp lệ,06-11-2025
"GIÁ 14.2 TỶ! ĐẤT ĐỘI CẤN - BA ĐÌNH: 65M², GẦN Ô TÔ!","14,2 tỷ","Phường Đội Cấn, Quận Ba Đình, Hà Nội",65 m²,2 phòng,N/A,2,Giấy tờ hợp lệ,06-11-2025
"BÁN NHÀ ĐẸP  – LÔ GÓC SIÊU THOÁNG – 5 NHÀ RA Ô TÔ – NGỌC HÀ, BA ĐÌNH","11,5 tỷ","Phường Ngọc Hà, Quận Ba Đình, Hà Nội",42 m²,5 phòng,5 WC,4,Giấy tờ hợp lệ,06-11-2025
"HIẾM VỊ TRÍ !!! NHÀ KIM MÃ–38M²–CÁCH PHỐ 50M –2 MẶT THOÁNG–CHỈ 7,3 TỶ","7,3 tỷ","Phường Kim Mã, Quận Ba Đình, Hà Nội",38 m²,3 phòng,4 WC,4,Giấy tờ hợp lệ,06-11-2025
"BÁN NHÀ ĐỘI CẤN - VỪA Ở VỪA SINH LỜI - 55M2X4T MẶT TIỀN 5,5M, NGÕ RỘNG","10,5 tỷ","Phường Đội Cấn, Quận Ba Đình, Hà Nội",55 m²,3 phòng,5 WC,5,Giấy tờ hợp lệ,06-11-2025
"NHÀ MỚI TRUNG TÂM BA ĐÌNH - 40M2 6 TẦNG THANG MÁY CHỈ 12,1 TỶ","12,1 tỷ","Phường Liễu Giai, Quận Ba Đình, Hà Nội",40 m²,3 phòng,4 WC,6,Giấy tờ hợp lệ,06-11-2025
Bán nhà 4 tầng ngõ 379 Đội Cấn,"17,13 tỷ","Đường Đội Cấn, Phường Liễu Giai, Quận Ba Đình, Hà Nội",68.5 m²,4 phòng,3 WC,4,Sổ đỏ,05-11-2025
"Bán nhà mặt ngõ Giang Văn Minh, BD, dt::50 m x 5 tg,mt:4m, giá 18,8 tỷ","18,8 tỷ","Đường Giang Văn Minh, Phường Kim Mã, Quận Ba Đình, Hà Nội",50 m² (4.0x14.0),4 phòng,5 WC,5,Sổ đỏ,05-11-2025
"Bán nhà mặt phố Đội Cấn, 100m2, xây 10 tầng, MT 8m, cho thuê hơn 200 t",60 tỷ,"Đường Đội Cấn, Phường Đội Cấn, Quận Ba Đình, Hà Nội",100 m² (8.0x12.0),10 phòng,N/A,10,Sổ đỏ,09-11-2025
"Bán nhà ngõ 112 Ngọc Khánh, bd, dt: 60 m 6 tg,mt:4,5m, giá 18,5 tỷ","18,5 tỷ","Đường Ngọc Khánh, Phường Ngọc Khánh, Quận Ba Đình, Hà Nội",60 m² (4.5x15.0),5 phòng,5 WC,6,Sổ đỏ,05-11-2025
HIẾM CÓ KHÓ TÌM - 8x TỶ SỞ HỮU TRUNG TÂM QUẬN BA ĐÌNH - VÀI BƯỚC RA NG,"8,6 tỷ","Phường Kim Mã, Quận Ba Đình, Hà Nội",42 m²,4 phòng,3 WC,4,Sổ đỏ,09-11-2025
"Thiện chí bán nhà đầu ngõ Phó Đức Chính, giá chỉ 7.5 tỷ, 32m2x4 tầng,","7,5 tỷ","Đường Phó Đức Chính, Phường Phúc Xá, Quận Ba Đình, Hà Nội",32 m²,N/A,N/A,4,Sổ đỏ,09-11-2025
Bán nhà nhỏ phố Sơn Tây-Ba Đình 26m/2 tầng .Gía 5.7 tỷ,"5,7 tỷ","Đường Sơn Tây, Phường Kim Mã, Quận Ba Đình, Hà Nội",26 m² (3.2x8.0),2 phòng,2 WC,2,Sổ đỏ,09-11-2025
"Giảng Võ, hiếm nhà 7 tầng bán, 5m ngang, ô tô vào nhà, phân lô, No QH","24,95 tỷ","283, Đường Giảng Võ, Phường Giảng Võ, Quận Ba Đình, Hà Nội",50 m²,2,N/A,7,Sổ đỏ,04-11-2025
"🏡 BÁN NHÀ ĐẸP – HOÀNG HOA THÁM– LÔ GÓC, GẦN HỒ, TRUNG TÂM, DÂN TRÍ CAO","11,8 tỷ","Phường Ngọc Hà, Quận Ba Đình, Hà Nội",45 m² (4.0x11.3),3 phòng,3 WC,4,Giấy tờ hợp lệ,05-11-2025
"🏡 BÁN NHÀ MỚI XÂY – HOÀNG HOA THÁM – THANG MÁY, TRUNG TÂM CỦA  PHỐ","11,7 tỷ","Phường Ngọc Hà, Quận Ba Đình, Hà Nội",39 m² (4.6x8.4),4 phòng,3 WC,5,Giấy tờ hợp lệ,05-11-2025
BÁN LÔ ĐẤT LỚN TRUNG TÂM BA ĐÌNH - VÔ ĐỊCH VỀ GIÁ - BA GÁC ĐỖ CỬA 685M,"46,9 tỷ","Phường Ngọc Hà, Quận Ba Đình, Hà Nội",683 m² (10.0x70.0),11 phòng,7 WC,2,Giấy tờ hợp lệ,05-11-2025
"Khách sạn 9 tầng phố Liễu Giai, 100m2,dòng tiền 200 triệu,nhỉnh 60 tỷ",68 tỷ,"Đường Liễu Giai, Phường Liễu Giai, Quận Ba Đình, Hà Nội",100 m²,13 phòng,15 WC,9,Sổ đỏ,04-11-2025
Bán gấp chdv 7 tầng 17 phòng khép kín full khách Ngọc Khánh,"22,5 tỷ","6, Đường Ngọc Khánh, Phường Giảng Võ, Quận Ba Đình, Hà Nội",70 m² (5.0x14.0),17 phòng,17 WC,7,Sổ đỏ,11-11-2025
Vị trí vàng Toà 5T Mp Văn Cao-Liễu Giai vỉa hè 6m đường 42m kd sầm uất,65 tỷ,"Đường Liễu Giai, Phường Liễu Giai, Quận Ba Đình, Hà Nội",95 m²,4 phòng,4 WC,5,Sổ đỏ,03-11-2025
GIẢM 5 TỶ...! MẶT PHỐ MẶT TIỀN 10M - 9 TẦNG CHO THUÊ 2.2 TỶ - 105M2,65 tỷ,"Đường Đào Tấn, Phường Liễu Giai, Quận Ba Đình, Hà Nội",105 m²,10 phòng,11 WC,9,Sổ đỏ,08-11-2025
"TRUNG TÂM BA ĐÌNH 39M2 - 5 TẦNG - THANG MÁY CHỈ 11,7 TỶ","11,7 tỷ","Phường Liễu Giai, Quận Ba Đình, Hà Nội",39 m²,3 phòng,4 WC,5,Giấy tờ hợp lệ,04-11-2025
"BÁN GẤP NHÀ PHAN KẾ BÍNH - BA ĐÌNH, 4 TẦNG 4PN, NGÕ THẲNG GIÁ HƠN 7 TỶ","7,7 tỷ","Phường Liễu Giai, Quận Ba Đình, Hà Nội",30 m²,4 phòng,3 WC,4,Giấy tờ hợp lệ,04-11-2025
BÁN NHÀ CHO THUÊ KINH DOANH Ở ĐÀO TẤN - THANG MÁY - GẦN PHỐ VÀI BƯỚC,22 tỷ,"Phường Ngọc Khánh, Quận Ba Đình, Hà Nội",65 m²,4 phòng,N/A,5,Giấy tờ hợp lệ,04-11-2025
"Nhà Nghĩa Dũng - Phúc Xá - 28 m * 2 tầng -4,5 tỷ","4,5 tỷ","Phường Phúc Xá, Quận Ba Đình, Hà Nội",25 m² (4.0x7.0),2 phòng,2 WC,2,Giấy tờ hợp lệ,04-11-2025
Nhà Phân lô Phúc Xá - 52 m- 6 tầng -23 tỷ,23 tỷ,"Phường Phúc Xá, Quận Ba Đình, Hà Nội",52 m² (4.8x11.0),5 phòng,5 WC,6,Giấy tờ hợp lệ,04-11-2025
BÁN NHÀ HOÀNG HOA THÁM – 3 TẦNG – NGÕ THOÁNG – BA ĐÌNH,"7,5 tỷ","Phường Vĩnh Phúc, Quận Ba Đình, Hà Nội",34 m²,2 phòng,2 WC,3,Giấy tờ hợp lệ,04-11-2025
"Nhà 4T ngõ 612 La Thành-94 Ngọc Khánh cách oto 20m ngõ 2,5m dt 75m","15,5 tỷ","Đường La Thành, Phường Giảng Võ, Quận Ba Đình, Hà Nội",69.2 m²,4 phòng,4 WC,4,Sổ đỏ,03-11-2025
"BÁN GẤP NHÀ MP ĐÊ LA THÀNH, 40M2×5T, MT 3.5M, 19 TỶ - 0987104878",19 tỷ,"Đường Đê La Thành, Phường Giảng Võ, Quận Ba Đình, Hà Nội",40 m² (4.0x11.0),5 phòng,4 WC,5,Sổ đỏ,03-11-2025
"Bán nhà nghách 25 ngõ 629 Kim Mã, quận Ba Đình, DT sổ","26,9 tỷ","Phường Kim Mã, Quận Ba Đình, Hà Nội",78 m²,N/A,N/A,6,Sổ đỏ,19-10-2025
"Ngọc Hà, Ba Đình, Hà Nội  37m² x 6 tầng thang máy, giá 11.3 tỷ","11,3 tỷ","Đường Ngọc Hà, Phường Ngọc Hà, Quận Ba Đình, Hà Nội",37 m²,4 phòng,5 WC,6,Sổ đỏ,02-11-2025
Mặt Phố - Vĩnh Phúc Ba Đình – 98 M2 – 5 T – MT 6.2 M – Giá 36.5 Tỷ. 🔥,"36,5 tỷ","Đường Vĩnh phúc, Phường Vĩnh Phúc, Quận Ba Đình, Hà Nội",98 m² (6.1x16.0),9 phòng,7 WC,5,Sổ đỏ,07-11-2025
"CẦN BÁN NHÀ VĨNH PHÚC , BA ĐÌNH , KHU PHỐ CỰC HIẾM NHÀ BÁN . NGÕ THÔNG","11,1 tỷ","Đường Vĩnh Phúc, Phường Vĩnh Phúc, Quận Ba Đình, Hà Nội",40 m²,3 phòng,5 WC,6,Sổ hồng,06-11-2025
BÁN GẤP - TOÀ CĂN HỘ PHỐ VĨNH PHÚC - BA ĐÌNH,"19,4 tỷ","Đường Vĩnh phúc, Phường Vĩnh Phúc, Quận Ba Đình, Hà Nội",50 m² (4.5x12.0),11 phòng,11 WC,7,Sổ đỏ,07-11-2025
"Có việc bán gấp nhà trung tâm Kim Mã, Ba Đình - 31m 5 tầng 7,98tỷ","7,98 tỷ","Phường Kim Mã, Quận Ba Đình, Hà Nội",31 m²,3 phòng,3 WC,5,Giấy tờ hợp lệ,03-11-2025
Mặt Phố Sơn Tây – Ba Đình – 66 M2 – 7 Tầng – MT 3.5 M – Giá 26.8 Tỷ. M,"26,8 tỷ","Đường Sơn Tây, Phường Nguyễn Trung Trực, Quận Ba Đình, Hà Nội",66 m² (3.5x19.0),5 phòng,4 WC,7,Sổ đỏ,06-11-2025
SIÊU HIẾM- BÁN NHÀ PHỐ CỔ- YÊN NINH- BA ĐÌNH- 5 TẦNG THANG MÁY- 9 TỶ,9 tỷ,"Đường Yên Ninh, Phường Trúc Bạch, Quận Ba Đình, Hà Nội",43 m²,3 phòng,N/A,5,Sổ đỏ,06-11-2025
Nghĩa Dũng – Ba Đình – 179 m2 – 3 Tầng – Mặt Tiền 4 m – Giá 18.5 Tỷ.,"18,5 tỷ","Đường Nghĩa Dũng, Phường Phúc Xá, Quận Ba Đình, Hà Nội",179 m² (4.0x45.0),2 phòng,1 WC,3,Sổ đỏ,06-11-2025
7.05 Tỷ có nhà phố Láng Hạ 30m2,"7,05 tỷ","Phường Thành Công, Quận Ba Đình, Hà Nội",30 m²,3 phòng,N/A,5,Giấy tờ hợp lệ,02-11-2025
BÁN NHÀ BA ĐÌNH - NHÀ MỚI - 5 TẦNG THANG MÁY - Ở NGAY,"11,7 tỷ","Phường Ngọc Hà, Quận Ba Đình, Hà Nội",39 m²,3 phòng,N/A,5,Giấy tờ hợp lệ,02-11-2025
BÁN NHÀ  LÔ GÓC HOÀNG HOA THÁM - NGỌC HÀ– LÕI BA ĐÌNH-CHỈ 100M RA Ô TÔ,"11,8 tỷ","Phường Vĩnh Phúc, Quận Ba Đình, Hà Nội",45 m²,4 phòng,3 WC,4,Giấy tờ hợp lệ,02-11-2025
BÁN NHÀ NGỌC HÀ  – THANG MÁY – DÒNG TIỀN 50TR/THÁNG  – BA ĐÌNH,19 tỷ,"Phường Ngọc Hà, Quận Ba Đình, Hà Nội",40 m²,4 phòng,5 WC,6,Giấy tờ hợp lệ,02-11-2025
BÁN NHÀ  ĐÀO TẤN – 4 TẦNG - 42M – Ô TÔ ĐỖ CỬA – GẦN PHỐ,"14,8 tỷ","Phường Cống Vị, Quận Ba Đình, Hà Nội",42 m²,4 phòng,N/A,4,Giấy tờ hợp lệ,02-11-2025
BÁN NHÀ BA ĐÌNH - NHÀ MỚI - THIẾT KẾ HIỆN ĐẠI - KINH DOANH ĐỈNH,"19,9 tỷ","Phường Ngọc Khánh, Quận Ba Đình, Hà Nội",49 m²,11 phòng,7 WC,7,Giấy tờ hợp lệ,02-11-2025
"Bán nhà mặt phố Linh Lang 84m x 5T, mặt tiền7m, giá 62,8 tỷ","62,8 tỷ","80, Đường Linh Lang, Phường Liễu Giai, Quận Ba Đình, Hà Nội",85 m² (7.0x12.0),5 phòng,5 WC,5,Sổ hồng,01-11-2025
Chính chủ bán nhà mặt phố Lý Thường Kiệt 86 m xây 7 tầng,61 tỷ,"50, Đường Quán Thánh, Phường Quán Thánh, Quận Ba Đình, Hà Nội",86 m²,5 phòng,4 WC,7,Sổ đỏ,10-07-2025
"Bán nhà phố TRÚC BẠCH, BD. Dt: 60m2 x 5 , giá 19 ty",19 tỷ,"Đường Phó Đức Chính, Phường Trúc Bạch, Quận Ba Đình, Hà Nội",60 m² (4.0x15.0),5 phòng,5 WC,5,Sổ đỏ,01-11-2025
"Ban nhà măt ngõ phố giang văn minh , bd, dt:42 mx 5 tg, giá: 13,5 ty","13,5 tỷ","Đường Giang Văn Minh, Phường Kim Mã, Quận Ba Đình, Hà Nội",42 m² (4.0x11.0),4 phòng,5 WC,5,Sổ đỏ,01-11-2025
Đội Cấn – Ba Đình – Ô Tô – 74 m2 – 3 Tâmgf – MT 5.4 m – Giá 20.9 Tỷ.,"20,9 tỷ","Đường Đội Cấn, Phường Đội Cấn, Quận Ba Đình, Hà Nội",74 m² (5.4x13.5),3 phòng,3 WC,3,Sổ đỏ,05-11-2025
"bán tòa nhà APARTMENT phố Phan Kế Bính 120m2 x 10tầng lô góc giá 48,8","48,8 tỷ","22, Đường Phan Kế Bính, Phường Cống Vị, Quận Ba Đình, Hà Nội",120 m² (7.0x17.0),29 phòng,30 WC,9,Sổ hồng,31-10-2025
ĐỘI CẤN MẶT NGÕ Ô TÔ-2THOÁNG -MẶT TIỀN ĐẸP-NGÕ NÔNG -DT49M*5T-10.5TỶ,"10,5 tỷ","Phường Đội Cấn, Quận Ba Đình, Hà Nội",49 m² (3.2x15.3),4 phòng,4 WC,5,Giấy tờ hợp lệ,01-11-2025
Liễu Giai phố VIP trung tâm-nhà dòng tiền 7p cho thuê ngõ ô tô giá đẹp,"29,3 tỷ","Phường Liễu Giai, Quận Ba Đình, Hà Nội",60 m²,7 phòng,7 WC,5,Giấy tờ hợp lệ,01-11-2025
HOÀNG HOA THÁM-2THOÁNG-NGÕ NÔNG - MẶT TIỀN RỘNG-DT35M*5T-11.6 Tỷ,"11,6 tỷ","Phường Đội Cấn, Quận Ba Đình, Hà Nội",35 m² (5.6x6.3),3 phòng,4 WC,5,Giấy tờ hợp lệ,01-11-2025
"Bán nhà 6t MP Nguyễn Thái Học DT 80m2 MT4,2m sđcc bán 35 tỷ",35 tỷ,"Đường Nguyễn Thái Học, Phường Điện Biên, Quận Ba Đình, Hà Nội",80 m²,6 phòng,7 WC,7,Sổ đỏ,N/A
"Bán Nhà Mặt Phố Trung Tâm Ba Đình 10 Tầng Xây Mới Văn Phòng MT 7,65M",62 tỷ,"Đường Đội Cấn, Phường Đội Cấn, Quận Ba Đình, Hà Nội",82 m²,4 phòng,12 WC,10,Sổ đỏ,31-10-2025
BÁN TÒA NHÀ VP MẶT PHỐ VĂN CAO DT 101 m x 10 TẦNG -MT 6M - GIÁ 79 TỶ,79 tỷ,"Đường Văn cao, Phường Liễu Giai, Quận Ba Đình, Hà Nội",101 m²,6 phòng,9 WC,10,Sổ đỏ,31-10-2025
Bán tòa Apartment cao cấp Liễu Giai 8 tầng 1 tum 13 Căn Hộ 1 Penthouse,68 tỷ,"Đường Liễu Giai, Phường Liễu Giai, Quận Ba Đình, Hà Nội",100 m²,15 phòng,16 WC,9,Sổ đỏ,31-10-2025
Bán TOÀ NHÀ APARTMENT CAO CẤP Phan Kế Bính 8 Tầng 1 Hầm 28 Căn Hộ Víp,48 tỷ,"Đường Phan Kế Bính, Phường Liễu Giai, Quận Ba Đình, Hà Nội",119 m²,40 phòng,29 WC,8,Sổ đỏ,31-10-2025
"Gần Nhà Đài VTV,  phân lô vuông đét, vỉa hè, Gara ô tô, kinh doanh","16,5 tỷ","Đường Nguyễn Công Hoan, Phường Ngọc Khánh, Quận Ba Đình, Hà Nội",39 m²,4 phòng,N/A,5,Sổ đỏ,31-10-2025
BÁN TÒA NHÀ 71 HÀNG THAN TRUNG TÂM PHỐ CỔ - VIEW ĐẸP - 10 TẦNG,150 tỷ,"số 71, Đường Hàng Than, Phường Nguyễn Trung Trực, Quận Ba Đình, Hà Nội",90 m²,1,N/A,10,Sổ đỏ,04-11-2025
"Mảnh đất mặt phố Ngũ Xã, 88m2, xây toà 7 tầng kinh doanh, nhỉnh 34 tỷ",34 tỷ,"Đường Ngũ Xã, Phường Trúc Bạch, Quận Ba Đình, Hà Nội",88 m²,3 phòng,4 WC,4,Sổ đỏ,04-11-2025
GIANG VĂN MINH – BA ĐÌNH  PHÂN LÔ Ô TÔ – KINH DOANH – NGÕ THÔNG.,19 tỷ,"Đường Giang Văn Minh, Phường Ngọc Hà, Quận Ba Đình, Hà Nội",46 m² (4.0x12.5),4 phòng,4 WC,5,Sổ đỏ,04-11-2025
"Nhỉnh 7 tỷ – Nhà phố Quán Thánh, lõi phố cổ, 5 tầng,
Lô góc","7,08 tỷ","Phường Quán Thánh, Quận Ba Đình, Hà Nội",22 m²,3 phòng,N/A,5,Giấy tờ hợp lệ,31-10-2025
"Phố Liễu Giai- Đào Tân- 60M, ô tô qua 29 tỷ",29 tỷ,"Phường Liễu Giai, Quận Ba Đình, Hà Nội",60 m² (4.0x16.0),5 phòng,5 WC,5,Sổ đỏ,30-10-2025
"Bán  biêt thự ngõ 445 đội cấn, dt 150 m x 5tg,mt:9 m, giá : 80 ty",80 tỷ,"Phường Cống Vị, Quận Ba Đình, Hà Nội",150 m² (9.0x16.0),5 phòng,7 WC,4,Sổ đỏ,30-10-2025
Ô TÔ VÀO NHÀ 110m RỘNG 5m NHÀ 6 TẦNG ĐỘI CẤN 181 TR/M,"19,9 tỷ","21, Đường Đội Cấn, Phường Đội Cấn, Quận Ba Đình, Hà Nội",110 m² (5.0x24.0),6 phòng,7 WC,6,Sổ đỏ,30-10-2025
"TOÀ NHÀ 8T + 1 HẦM TẠI MẶT PHỐ LINH LANG - ĐÀO TẤN, MẶT TIỀN 10M","68,8 tỷ","Đường Linh Lang, Phường Đội Cấn, Quận Ba Đình, Hà Nội",102 m²,N/A,N/A,9,Sổ đỏ,03-11-2025
"Cực hiếm Nhà Đào Tấn ngõ thông ô tô  đỗ cửa,mặt tiền khủng, kinh doanh","14,65 tỷ","Đường Đào Tấn, Phường Cống Vị, Quận Ba Đình, Hà Nội",48 m² (5.2x10.0),4 phòng,3 WC,5,Sổ đỏ,03-11-2025
"CỰC HIẾM - MẶT PHỐ VĨNH PHÚC - ĐỘI NHÂN - BA ĐÌNH chỉ 17,8 tỷ","17,8 tỷ","Đường Đội Nhân, Phường Vĩnh Phúc, Quận Ba Đình, Hà Nội",45 m² (4.5x10.0),5 phòng,5 WC,7,Sổ đỏ,03-11-2025
HIẾM - TOÀ VĂN PHÒNG MẶT PHỐ - TRUNG TÂM BA ĐÌNH,42 tỷ,"Đường Đào Tấn, Phường Cống Vị, Quận Ba Đình, Hà Nội",65 m² (5.5x12.0),7 phòng,6 WC,9,Sổ đỏ,03-11-2025
PHÂN LÔ Ô TÔ BÀN CỜ - MẶT TIỀN KIÊU HÃNH HOÀNH TRÁNG - KINH DOANH,"15,45 tỷ","Đường Hồng Hà, Phường Phúc Xá, Quận Ba Đình, Hà Nội",55 m²,N/A,1,5,Sổ đỏ,03-11-2025
HẠ GIÁ-TÒA VP 7 TẦNG PHỐ LIỄU GIAI-VẠN BẢO DT66/70M2-MT8.65M-33 TỶ,33 tỷ,"Đường Liễu Giai, Phường Liễu Giai, Quận Ba Đình, Hà Nội",66 m²,6 phòng,6 WC,7,Sổ đỏ,03-11-2025
SIÊU PHẨM ĐỘI CẤN - NGÕ RỘNG - MẶT TIỀN KHỦNG  - VỪA Ở VỪA SINH LỜI,"10,2 tỷ","Phường Ngọc Hà, Quận Ba Đình, Hà Nội",55 m²,4 phòng,3 WC,4,Giấy tờ hợp lệ,30-10-2025
"Bán nhà Đội Cấn, diện tích 25m2, 5 tầng, 3 ngủ, giá 6 tỷ",6 tỷ,"Phường Đội Cấn, Quận Ba Đình, Hà Nội",25 m²,3 phòng,4 WC,5,Giấy tờ hợp lệ,30-10-2025
"BÁN NHÀ ĐÀO TẤN – 35M² GIÁ CHỈ 6,9TỶ NGÕ THÔNG – GẦN PHỐ – SỔ NỞ HẬU","6,9 tỷ","Phường Cống Vị, Quận Ba Đình, Hà Nội",35 m²,3 phòng,3 WC,3,Giấy tờ hợp lệ,30-10-2025
"30M, trung tâm ba đình văn cao, hoàng hoa thám đầy đủ công năng","7,98 tỷ","Phường Ngọc Hà, Quận Ba Đình, Hà Nội",30 m² (5.0x6.0),3 phòng,2 WC,5,Giấy tờ hợp lệ,30-10-2025
Bán nhà dân xây 5t Liễu Giai - Văn Cao 7.98ty,"7,98 tỷ","Phường Liễu Giai, Quận Ba Đình, Hà Nội",35 m²,3 phòng,4 WC,5,Giấy tờ hợp lệ,30-10-2025
"Hoa Hậu Đào Tấn, 47m, 4 tầng,ô tô đỗ cửa, kinh doanh ngày đêm","14,8 tỷ","Phường Cống Vị, Quận Ba Đình, Hà Nội",47 m²,4 phòng,N/A,4,Giấy tờ hợp lệ,30-10-2025
"VĂN CAO BA ĐÌNH, NHÀ ĐẸP 5 TẦNG, GẦN PHỐ, NGÕ NÔNG.","7,9 tỷ","Phường Liễu Giai, Quận Ba Đình, Hà Nội",32 m²,4 phòng,N/A,5,Giấy tờ hợp lệ,30-10-2025
"Tôi cần bán toà BUlDING Mp Liễu Giai, quận Ba Đình, Dt 110 m, 10 tầng",80 tỷ,"Đường Liễu Giai, Phường Liễu Giai, Quận Ba Đình, Hà Nội",120 m²,N/A,N/A,10,Sổ đỏ,29-10-2025
Bán nhà 7 tầng diện tích 60m2  mặt tiền 5m khu  phố Hồng Hà - Hà Nội,"26,5 tỷ","Đường Hồng Hà, Phường Phúc Xá, Quận Ba Đình, Hà Nội",60 m² (5.0x12.0),6 phòng,7 WC,7,Sổ đỏ,09-11-2025
"HIẾM! ĐỘI CẤN–32M²–MẶT TIỀN 6M–50M RA Ô TÔ–2 THOÁNG–CHỈ 7,3 TỶ","7,3 tỷ","Phường Đội Cấn, Quận Ba Đình, Hà Nội",32 m²,3 phòng,3 WC,3,Giấy tờ hợp lệ,29-10-2025
HOT NHẤT BA ĐÌNH – NHÀ MỚI ĐỘI CẤN 5 TẦNG – NGÕ GẦN PHỐ,"7,2 tỷ","Phường Ngọc Hà, Quận Ba Đình, Hà Nội",35 m²,3 phòng,3 WC,5,Giấy tờ hợp lệ,29-10-2025
BÁN NHÀ LA THÀNH – 30M² x 6 TẦNG – 15M RA PHỐ – MẶT TIỀN 7.5M – CHỈ 7,"7,6 tỷ","Phường Ngọc Khánh, Quận Ba Đình, Hà Nội",33 m²,3 phòng,5 WC,6,Giấy tờ hợp lệ,29-10-2025
"Tôi cần bán nhà căn góc, 8tầng thang máy full nội thất, mặt ngõ ô tô","67,9 tỷ","Phường Giảng Võ, Quận Ba Đình, Hà Nội",104 m²,8 phòng,7 WC,8,Giấy tờ hợp lệ,29-10-2025
"HIẾM! BÁN NHÀ ĐẸP ĐỘI CẤN 33m2 x4T- NGÕ THOÁNG- GẦN PHỐ- GIÁ CHỈ 6,9TỶ","6,9 tỷ","Phường Đội Cấn, Quận Ba Đình, Hà Nội",33 m²,3 phòng,4 WC,4,Giấy tờ hợp lệ,29-10-2025
Phân Lô Vĩnh Phúc Ba Đình 125M- 5T- ô tô qua 29 tỷ,"29,9 tỷ","Đường Bưởi, Phường Cống Vị, Quận Ba Đình, Hà Nội",125 m² (5.0x29.0),5 phòng,6 WC,5,Sổ đỏ,28-10-2025
"Bán nhà 9 tầng APARTMENT phố đào tấn, Phan Kế Bính 120m2 lô góc giá 48","44,8 tỷ","26, Đường Đào Tấn, Phường Liễu Giai, Quận Ba Đình, Hà Nội",120 m² (7.0x17.0),29 phòng,29 WC,10,Sổ hồng,28-10-2025
Bán đất lô góc 2 mặt ngõ ôto Quận Ba Đình.,41 tỷ,"Phường Ngọc Hà, Quận Ba Đình, Hà Nội",118 m²,N/A,N/A,N/A,Sổ đỏ,28-10-2025
"VIP - ĐÀO TẤN - BA ĐÌNH - PHÂN LÔ Ô TÔ - MT 5,2M - 5 TẦNG","14,65 tỷ","Đường Đào Tấn, Phường Cống Vị, Quận Ba Đình, Hà Nội",43 m² (5.2x5.5),4 phòng,4 WC,5,Sổ đỏ,01-11-2025
"BÁN BT KHU PL Vip Giảng Võ-  BA ĐÌNH ,OTO TRÁNH 136M2X3,5T - 66 TỶ",66 tỷ,"66, Đường Giảng Võ, Phường Giảng Võ, Quận Ba Đình, Hà Nội",136.8 m²,5 phòng,3 WC,35,Sổ đỏ,31-10-2025
"VĂN CAO, TRUNG TÂM BA ĐÌNH - NHÀ MỚI ĐẸP Ở NGAY- CỰC GẦN Ô TÔ, GIÁ TỐT","7,85 tỷ","Phường Liễu Giai, Quận Ba Đình, Hà Nội",31 m²,3 phòng,4 WC,5,Giấy tờ hợp lệ,28-10-2025
NHÀ ĐẸP Ở LUÔN - ĐỘI CẤN - BA ĐÌNH - TIỆN ÍCH - GẦN PHỐ,"8,9 tỷ","Phường Đội Cấn, Quận Ba Đình, Hà Nội",40 m²,3 phòng,3 WC,4,Giấy tờ hợp lệ,28-10-2025
NHÀ ĐỘI CẤN GẦN PHỐ - Ô TÔ 7 CHỖ QUA - Ở NGAY - KD NHỎ SIÊU TIỆN,"14,6 tỷ","Phường Ngọc Hà, Quận Ba Đình, Hà Nội",48 m²,3 phòng,4 WC,4,Giấy tờ hợp lệ,28-10-2025
"HIẾM!!! 1CĂN PHÂN LÔ LÁNG HẠ–33M²x5T–THOÁNG SÁNG TRƯỚC NHÀ –CHỈ 7,1TỶ","7,1 tỷ","Phường Giảng Võ, Quận Ba Đình, Hà Nội",33 m²,3 phòng,4 WC,5,Giấy tờ hợp lệ,28-10-2025
"VIP Đào Tấn,Lô Góc ,khu đông dân cư nước ngoài, kinh doanh và ở",12 tỷ,"Phường Cống Vị, Quận Ba Đình, Hà Nội",35 m²,3 phòng,4 WC,5,Giấy tờ hợp lệ,28-10-2025
Bán Nhà Giảng Võ Ba Đình S52m 5T Giá 12.77 Tỷ Có Thương Lượng,"12,77 tỷ","Phường Giảng Võ, Quận Ba Đình, Hà Nội",47 m²,4 phòng,5 WC,5,Giấy tờ hợp lệ,28-10-2025
"Nhà Đẹp Văn Cao 35m2 - 5 Tầng - Gần Phố - Tiện Ích - Giá 7,8 Tỷ - Hiếm","7,8 tỷ","Phường Liễu Giai, Quận Ba Đình, Hà Nội",35 m² (3.5x10.0),3 phòng,4 WC,5,Giấy tờ hợp lệ,28-10-2025
"Bán nhà phố Vạn Bảo 70m2, phân lô, ô tô ra vào. 20 tỷ",20 tỷ,"Đường Vạn Bảo, Phường Liễu Giai, Quận Ba Đình, Hà Nội",70 m²,N/A,N/A,3,Sổ đỏ,27-10-2025
"CHỦ NHỜ BÁN NHÀ ĐÀO TẤN - LÔ GÓC 3 THOÁNG, MẶT NGÕ THÔNG - KD, 11.X TỶ","11,78 tỷ","Phường Liễu Giai, Quận Ba Đình, Hà Nội",35 m² (6.0x6.0),3 phòng,4 WC,5,Giấy tờ hợp lệ,27-10-2025
Bán nhà mặt ngõ Kinh doanh Ba Đình,"8,2 tỷ","Đường Ngọc Hà, Phường Ngọc Hà, Quận Ba Đình, Hà Nội",25 m² (3.0x8.0),N/A,N/A,3,Sổ đỏ,31-10-2025
Bán nhà ngõ 4 Quần Ngựa phường Ngọc Hà quận Ba Đình Hà Nội,"37,6 tỷ","Đường Quần Ngựa, Phường Ngọc Hà, Quận Ba Đình, Hà Nội",80 m²,N/A,N/A,4,Sổ đỏ,31-10-2025
"Bán nhà mặt phố giảng Võ, bd,dt: 60 m x 5 tg ,mt:4 m, giá 28,5 tỷ",30 tỷ,"Đường Giảng Võ, Phường Giảng Võ, Quận Ba Đình, Hà Nội","60 m² (4,0x15,0)",4 phòng,5 WC,5,Sổ đỏ,29-07-2025
BÁN NHÀ BA ĐÌNH - VỊ TRÍ ĐẸP - 3 BƯỚC RA PHỐ - Ở NGAY,"10,5 tỷ","Phường Đội Cấn, Quận Ba Đình, Hà Nội",31 m²,5 phòng,4 WC,5,Giấy tờ hợp lệ,27-10-2025
ĐÀO TẤN - LÔ GÓC - NHÀ MỚI ĐẸP Ở NGAY - MẶT TIỀN RỘNG,"11,8 tỷ","Phường Cống Vị, Quận Ba Đình, Hà Nội",42 m²,3 phòng,4 WC,5,Giấy tờ hợp lệ,27-10-2025
BÁN NHÀ  BA ĐÌNH – MÓNG 10 TẦNG – NHÀ ĐẸP Ở NGAY – GẦN LĂNG BÁC,"10,5 tỷ","Phường Đội Cấn, Quận Ba Đình, Hà Nội",31 m²,6 phòng,5 WC,5,Giấy tờ hợp lệ,27-10-2025
"TT BA ĐÌNH - THANG MÁY - DT 39m - MT 4,6m- 5 TẦNG","11,7 tỷ","Phường Vĩnh Phúc, Quận Ba Đình, Hà Nội",39 m² (4.6x8.4),3 phòng,4 WC,5,Giấy tờ hợp lệ,27-10-2025
NGỌC HÀ 37M² – 6 TẦNG – MẶT TIỀN 7M – GIÁ 9.15 TỶ – BA ĐÌNH,"9,15 tỷ","Phường Ngọc Hà, Quận Ba Đình, Hà Nội",37 m²,5 phòng,4 WC,6,Giấy tờ hợp lệ,27-10-2025
"BÁN NHÀ 5 TẦNG BA ĐÌNH, DT 66M², MT 3.5M, Ô TÔ VÀO NHÀ, GIÁ 11 TỶ",11 tỷ,"Phường Ngọc Khánh, Quận Ba Đình, Hà Nội",67 m² (3.3x20.0),6 phòng,3 WC,5,Giấy tờ hợp lệ,27-10-2025
"HOÀNG HOA THÁM - NHÀ ĐẸP DÂN XÂY, NGÕ THÔNG RỘNG THOÁNG - 42M2X4T -","9,6 tỷ","Đường Hoàng Hoa Thám, Phường Vĩnh Phúc, Quận Ba Đình, Hà Nội",42 m² (4.2x10.0),4 phòng,3 WC,4,Sổ đỏ,26-10-2025
"Bán nhà 5T 36m2 MT 3,6m hai mặt ngõ , phố Kim Mã cạnh CV hồ Thủ Lệ","11,65 tỷ","Đường Kim Mã, Phường Kim Mã, Quận Ba Đình, Hà Nội",36 m²,6 phòng,4 WC,5,Sổ đỏ,06-11-2025
BÁN NHÀ HOÀNG HOA THÁM  – NHÀ MỚI 5 TẦNG THANG MÁY – SỔ ĐỎ HOA KHÔI,"11,7 tỷ","Phường Ngọc Hà, Quận Ba Đình, Hà Nội",39 m²,3 phòng,N/A,5,Giấy tờ hợp lệ,26-10-2025
TT BA ĐÌNH - LÔ GÓC - NGÕ BA GÁC - Ô TÔ 15M,"5,1 tỷ","Phường Ngọc Hà, Quận Ba Đình, Hà Nội",18 m² (5.0x3.6),3 phòng,3 WC,3,Giấy tờ hợp lệ,26-10-2025
CCMN BA ĐÌNH - DOANH THU KHỦNG - BA GÁC NÉ XE MÁY - DT 73M,"13,8 tỷ","Phường Đội Cấn, Quận Ba Đình, Hà Nội",73 m² (4.1x17.8),7 phòng,7 WC,4,Giấy tờ hợp lệ,26-10-2025
Siêu Phẩm Ba Đình 40m2 - 5 Tầng - Ô Tô - Kinh Doanh - Giá 10 Tỷ ( TL ),10 tỷ,"Phường Đội Cấn, Quận Ba Đình, Hà Nội",40 m² (4.0x10.0),3 phòng,4 WC,5,Giấy tờ hợp lệ,26-10-2025
Cần bán gấp căn nhà gần bệnh viện Hòe Nhai 18m 3 tầng 3mt giá 3.3 tỷ,"3,3 tỷ","Phường Phúc Xá, Quận Ba Đình, Hà Nội",18 m² (3.0x6.0),2 phòng,3 WC,2,Giấy tờ hợp lệ,26-10-2025
BÁN NHÀ-LÔ GÓ-3 THOÁNG-MẶT TIỀN BỀ THẾ,13 tỷ,"Phường Ngọc Hà, Quận Ba Đình, Hà Nội",30.3 m²,3 phòng,3 WC,7,Giấy tờ hợp lệ,26-10-2025
BÁN NHÀ HOÀNG HOA THÁM--GÓC LÕI BA ĐÌNH – NHÀ ĐẸP NHƯ HOA KHÔI PHỐ CỔ,"11,7 tỷ","Phường Ngọc Hà, Quận Ba Đình, Hà Nội",39 m²,3 phòng,4 WC,5,Giấy tờ hợp lệ,26-10-2025
"NHÀ 3 TẦNG - 50 M RA MẶT PHỐ - BA ĐÌNH - 68 M2 - MT 3,5 M- GIÁ 10.5 TỶ","10,5 tỷ","Phường Ngọc Hà, Quận Ba Đình, Hà Nội",68 m² (3.5x19.4),3 phòng,2 WC,3,Giấy tờ hợp lệ,26-10-2025
"Bán nhà mặt phố linh lang, BD,dt::60 m x 7 tg,mt:4 m, giá: 28,5 ty","28,5 tỷ","Đường Linh Lang, Phường Cống Vị, Quận Ba Đình, Hà Nội",60 m²,6 phòng,6 WC,7,Sổ đỏ,25-10-2025
BÁN NHÀ NGỌC KHÁNH - GIẢNG VÕ - NHÀ ĐẸP DÂN XÂY - 42M2X5T - 9.85 TỶ,"9,85 tỷ","Đường La Thành, Phường Giảng Võ, Quận Ba Đình, Hà Nội",42 m² (5.0x8.4),3 phòng,4 WC,5,Sổ đỏ,25-10-2025
BÁN NHÀ PHÂN LÔ KIM MÃ - GẦN CÔNG VIÊN THỦ LỆ - 2 THOÁNG - GIÁ 11.9 TỶ,"11,9 tỷ","Đường Kim Mã, Phường Ngọc Khánh, Quận Ba Đình, Hà Nội",40 m² (4.0x10.0),7 phòng,4 WC,5,Sổ đỏ,25-10-2025
"Bán nhà mặt ngõ 210 phố đội Cấn,dt: 80mx 4 tg, mt:4,2 m,giá :15 tỷ","14,5 tỷ","Đường Đội Cấn, Phường Đội Cấn, Quận Ba Đình, Hà Nội",75 m²,4 phòng,3 WC,N/A,Sổ đỏ,22-07-2025
"Chính chủ bán nhà mặt phố Văn Cao 90m2x10t. Giá 61,5 tỷ","61,5 tỷ","Đường Văn Cao, Phường Liễu Giai, Quận Ba Đình, Hà Nội",86 m² (8.0x11.0),3 phòng,N/A,10,Sổ đỏ,30-10-2025
Bán Nhà Mặt Ngõ Vĩnh Phúc Ba Đình 33m2 Hơn 7 Tỷ,7 tỷ,"Phường Vĩnh Phúc, Quận Ba Đình, Hà Nội",33 m²,3 phòng,4 WC,5,Giấy tờ hợp lệ,25-10-2025
BÁN NHÀ KIM MÃ 31M2 -4T -MẶT TIỀN 4M -50M RA PHỐ -SỔ VUÔNG -CHỈ 6.5 TỶ,"6,5 tỷ","Phường Kim Mã, Quận Ba Đình, Hà Nội",31 m²,3 phòng,3 WC,4,Giấy tờ hợp lệ,25-10-2025
"Biệt thự phố Nguyễn Thái Học, kinh doanh mặt phố và Ở","3,2 tỷ","Phường Kim Mã, Quận Ba Đình, Hà Nội",15 m²,1 phòng,N/A,N/A,Giấy tờ hợp lệ,25-10-2025
BÁN NHÀ ĐỘI CẤN - 5 TẦNG - CHỦ THIỆN CHÍ - Ở NGAY,"5,5 tỷ","Phường Đội Cấn, Quận Ba Đình, Hà Nội",23 m²,3 phòng,4 WC,5,Giấy tờ hợp lệ,25-10-2025
BA ĐÌNH – LÔ GÓC 3 THOÁNG – KHU  DÂN TRÍ CAO,"12,5 tỷ","Phường Ngọc Hà, Quận Ba Đình, Hà Nội",64 m²,4 phòng,3 WC,4,Giấy tờ hợp lệ,25-10-2025
"Bán nhà mặt phố đốc Ngữ, BD, dt: 55x 5 tg, mt:4m, giá: 15 ty",15 tỷ,"Đường Đốc Ngữ, Phường Đội Cấn, Quận Ba Đình, Hà Nội",55 m²,4 phòng,4 WC,5,Sổ đỏ,N/A
Bán nhà ngõ 112 Ngọc Khánh phường Giảng Võ Hà Nội,"9,8 tỷ","Đường Ngọc Khánh, Phường Giảng Võ, Quận Ba Đình, Hà Nội",40 m²,N/A,N/A,3,Sổ đỏ,29-10-2025
"Nhà Lô góc, giữa 2 hồ điều hoà lớn, 7 tầng hiện đại, cực gần mặt phố",68 tỷ,"89, Đường Láng Hạ, Phường Thành Công, Quận Ba Đình, Hà Nội",104 m²,1,N/A,7,Sổ đỏ,31-10-2025
Bán Nhà Lô góc mặt Ngõ Kinh doanh Ba Đình,42 tỷ,"Đường Hoàng Hoa Thám, Phường Kim Mã, Quận Ba Đình, Hà Nội",128 m² (5.8x21.0),N/A,N/A,3,Sổ đỏ,31-10-2025
"Gần khu đất vàng dự án Vinhomes Giảng Võ 59m2 * 5.6m, nở hậu, giá trị","17,99 tỷ","112, Đường Ngọc Khánh, Phường Giảng Võ, Quận Ba Đình, Hà Nội",59 m²,4 phòng,N/A,4,Sổ đỏ,31-10-2025
"Mặt Phố cách Hồ Tây 500m, chuẩn văn phòng hạng B+, GPXD, PCCC đầy đủ","78,9 tỷ","66, Đường Văn cao, Phường Liễu Giai, Quận Ba Đình, Hà Nội",101 m²,N/A,N/A,10,Sổ đỏ,31-10-2025
GIÁ NÀO CŨNG BÁN NHÀ PHỐ HOÀNG HOA THÁM – BA ĐÌNH 55m 3 TẦNG MẶT TIỀN,13 tỷ,"Đường Hoàng Hoa Thám, Phường Ngọc Khánh, Quận Ba Đình, Hà Nội",55 m²,4 phòng,3 WC,3,Sổ đỏ,28-10-2025
Bán nhà ĐÀO TẤN - BA ĐÌNH - 2 mặt ngõ - THANG MÁY - DÒNG TIỀN ỔN ĐỊNH,"21,5 tỷ","Phường Đội Cấn, Quận Ba Đình, Hà Nội",70 m²,5 phòng,N/A,5,Giấy tờ hợp lệ,24-10-2025
"BÁN NHÀ ĐẸP KIM MÃ, BA ĐÌNH 48M 5 TÀNG 5 NGỦ 12.9 TỶ","12,9 tỷ","Phường Đội Cấn, Quận Ba Đình, Hà Nội",48 m²,5 phòng,4 WC,5,Giấy tờ hợp lệ,24-10-2025
BÁN NHÀ BA ĐÌNH - VỊ TRÍ TRUNG TÂM - DÂN XÂY - PHÂN KHÚC HIẾM CÓ,6 tỷ,"Phường Đội Cấn, Quận Ba Đình, Hà Nội",19 m²,3 phòng,4 WC,5,Giấy tờ hợp lệ,24-10-2025
Bán nhà 7 tầng THANG MÁYmặt ngõ Đội Cấn Quận Ba Đình,"13,2 tỷ","Đường Đội Cấn, Phường Ngọc Hà, Quận Ba Đình, Hà Nội",30 m² (5.0x7.0),N/A,N/A,7,Sổ đỏ,30-10-2025
TT BA ĐÌNH - LÔ GÓC - BA GÁC QUA NHÀ - 4 TẦNG DÂN XÂY,"5,5 tỷ","Phường Vĩnh Phúc, Quận Ba Đình, Hà Nội",28 m² (6.0x5.0),4 phòng,3 WC,4,Giấy tờ hợp lệ,23-10-2025
BÁN NHÀ KIM MÃ – 37m² – 6 TẦNG – MT 5.5m – GIÁ 8.8 TỶ – BA ĐÌNH,"8,8 tỷ","Phường Kim Mã, Quận Ba Đình, Hà Nội",37 m²,6 phòng,6 WC,6,Giấy tờ hợp lệ,23-10-2025
BÁN NHÀ BA ĐÌNH - DÂN XÂY - 3 BƯỚC RA PHỐ - GIÁ TỐT,"5,88 tỷ","Phường Ngọc Hà, Quận Ba Đình, Hà Nội",16 m²,2 phòng,3 WC,3,Giấy tờ hợp lệ,23-10-2025
Ngọc Hà 16m² (SD 24m²) – 4 tầng – 3.5m mặt tiền – 5.88 Tỷ – Ba Đình,"5,88 tỷ","Phường Ngọc Hà, Quận Ba Đình, Hà Nội",16 m²,2 phòng,3 WC,4,Giấy tờ hợp lệ,23-10-2025
"💎 KHÁCH SẠN PHỐ CỬA BẮC – VIEW- HỒ TÂY-DÒNG TIỀN 500TR/THÁNG, 165 tỷ",165 tỷ,"Phường Quán Thánh, Quận Ba Đình, Hà Nội",150 m²,11 phòng,N/A,15,Giấy tờ hợp lệ,23-10-2025
TT BA ĐÌNH - NGÕ THÔNG KINH DOANH - GẦN Ô TÔ - DÂN XÂY CHẮC CHẮN,"5,88 tỷ","Phường Đội Cấn, Quận Ba Đình, Hà Nội",16 m² (3.5x6.5),2 phòng,3 WC,4,Giấy tờ hợp lệ,23-10-2025
BÁN NHÀ MẶT NGÕ BA ĐÌNH 33m2 5 TẦNG HƠN 7 TỶ. 40m RA Ô TÔ,7 tỷ,"Phường Vĩnh Phúc, Quận Ba Đình, Hà Nội",33 m²,3 phòng,N/A,5,Giấy tờ hợp lệ,23-10-2025
"BÁN NHÀ PHỐ GIẢNG VÕ 17,8TỶ THÔNG TẦNG THOÁNG TRƯỚC XAU, NỘI THẤT SỊN","17,8 tỷ","Phường Giảng Võ, Quận Ba Đình, Hà Nội",53 m² (4.8x11.0),8 phòng,7 WC,7,Giấy tờ hợp lệ,23-10-2025
"Bán nhà Kim Mã. gần Vincom Liễu giai. gần phố, gần ô tô 52m chỉ 6,5 tỷ","6,5 tỷ","Phường Kim Mã, Quận Ba Đình, Hà Nội",52 m²,3 phòng,2 WC,N/A,Giấy tờ hợp lệ,23-10-2025
"KIM MÃ  – 5 TẦNG MỚI ĐẸP, Ở NGAY – NGÕ THOÁNG","9,2 tỷ","Phường Kim Mã, Quận Ba Đình, Hà Nội",40 m²,3 phòng,3 WC,5,Giấy tờ hợp lệ,23-10-2025
Nhà Mới Ba Đình 40m2 - 5 Tầng - Ngõ Thông - Kinh Doanh - Gần Ô Tô,"10,5 tỷ","Phường Đội Cấn, Quận Ba Đình, Hà Nội",40 m² (4.0x10.0),4 phòng,4 WC,5,Giấy tờ hợp lệ,23-10-2025
Bán nhà 689 đường hoàng hoa thám,18 tỷ,"689, 689, Quận Ba Đình, Hà Nội",41 m² (3.2x11.0),5 phòng,4 WC,5,Sổ đỏ,27-10-2025
"Cần tiền bán gấp căn Kim Mã – rẻ hơn thị trường 10%, trung tâm Ba Đình","36,2 tỷ","Đường Kim Mã, Phường Ngọc Khánh, Quận Ba Đình, Hà Nội",102 m² (10.0x10.0),13 phòng,13 WC,8,Sổ hồng,27-10-2025
"Bán nhà mặt đường Hoàng Hoa Thám, Ba Đình, HN","10,35 tỷ","515, Đường Hoàng Hoa Thám, Phường Vĩnh Phúc, Quận Ba Đình, Hà Nội",24 m² (4.0x6.0),3 phòng,3 WC,4,Sổ đỏ,27-10-2025
Bán nhà khu A3 Ngọc Khánh - Ba Đình - Hà Nội.gần bệnh viện Phụ sản HN,Thỏa thuận,"A3, Đường Ngọc Khánh, Phường Ngọc Khánh, Quận Ba Đình, Hà Nội",55 m²,N/A,N/A,5,Sổ đỏ,26-10-2025
"Bán nhà Nghĩa Dũng, dân xây 5 tầng, 20m2, 5.7tỷ","5,7 tỷ","Phường Phúc Xá, Quận Ba Đình, Hà Nội",20 m²,3 phòng,4 WC,4,Giấy tờ hợp lệ,22-10-2025
VĂN CAO 40M2 – NGÕ Ô TÔ – NHÀ ĐẸP 3 TẦNG – GIÁ MỀM TRUNG TÂM BA ĐÌNH,"7,6 tỷ","Phường Liễu Giai, Quận Ba Đình, Hà Nội",41 m² (5.4x8.0),2 phòng,3 WC,3,Đang chờ sổ,22-10-2025
"NHÀ HOÀNG HOA THÁM 45M-4 TẦNG-8,5 TỶ-CÁCH PHỐ 20M-HAI THOÁNG.","8,5 tỷ","Phường Vĩnh Phúc, Quận Ba Đình, Hà Nội",45 m²,3 phòng,N/A,4,Giấy tờ hợp lệ,22-10-2025
Bán Nhà Phân Lô Hoàng Hoa Thám- 45m - 5 Phòng Ngủ - Full Nội Thất,"14,9 tỷ","Phường Ngọc Hà, Quận Ba Đình, Hà Nội",45 m²,5 phòng,5 WC,5,Giấy tờ hợp lệ,22-10-2025
"Bán toà nhà văn phòng mặt tiền ~14m tại Giảng Võ, Ba Đình, Hà Nội",150 tỷ,"Đường Giảng Võ, Phường Giảng Võ, Quận Ba Đình, Hà Nội",250 m²,N/A,N/A,9,Sổ đỏ,21-10-2025
CHI 180 TRIỆU/ MET ĐỘI CẤN - BA ĐÌNH - Ô TÔ VÀO NHÀ NÓI KHÔNG VỚI QUY,"19,9 tỷ","279, Đường Đội Cấn, Phường Đội Cấn, Quận Ba Đình, Hà Nội",110 m² (5.0x22.0),6 phòng,7 WC,6,Sổ đỏ,26-10-2025
"Cần bán căn nhà số 7 Ngõ 12/85 Đào Tấn, nhà xây mới 7  tầng thang máy","19,5 tỷ","07, Đường Đào Tấn, Phường Cống Vị, Quận Ba Đình, Hà Nội","40 m² (4,0x10,0)",5 phòng,6 WC,7,Sổ đỏ,27-07-2025
"Bán nhà riêng Mặt phố Lõi Ba Đình, 2 thoáng, sổ A4, chất nhất nhì phố","46,5 tỷ","102, Đường Phạm Hồng Thái, Phường Trúc Bạch, Quận Ba Đình, Hà Nội",60 m²,6 phòng,N/A,5,Sổ đỏ,28-10-2025
"Mặt phố 7m ngang, kinh doanh nhà hàng, khách sạn khu phố người Nhật","64,95 tỷ","68, Đường Linh Lang, Phường Liễu Giai, Quận Ba Đình, Hà Nội",84 m² (7.0x12.0),N/A,N/A,5,Sổ đỏ,28-10-2025
bài đăng chỉ mang tính chất test api,10 tỷ,"2121, 2121, Quận Ba Đình, Hà Nội",100 m² (20.0x100.0),4 phòng,4 WC,N/A,Sổ đỏ,25-10-2025
"🏡 8.2 TỶ – LÊ TRỰC, 52m² – TRUNG TÂM BA ĐÌNH, PHỐ VIP, HIẾM NHÀ BÁN","8,2 tỷ","Phường Điện Biên, Quận Ba Đình, Hà Nội",52 m²,3 phòng,N/A,5,Giấy tờ hợp lệ,21-10-2025
"GIÁ 25.5 TỶ! NHÀ KIM MÃ - BA ĐÌNH: 60M², 4 TẦNG - PHÂN LÔ, Ô TÔ TRÁNH!","25,5 tỷ","Phường Kim Mã, Quận Ba Đình, Hà Nội",60 m²,7 phòng,N/A,4,Giấy tờ hợp lệ,21-10-2025
Kim Mã - Nhà gần ô tô 7 phòng ở và cho thuê - dòng tiền 30triệu/tháng,"11,7 tỷ","Phường Kim Mã, Quận Ba Đình, Hà Nội",40 m²,7 phòng,4 WC,6,Giấy tờ hợp lệ,21-10-2025
"Nhà mới - Trung tâm KIM MÃ - 32m2 - 5 tầng - CHỈ 8,25 TỶ","8,25 tỷ","Phường Kim Mã, Quận Ba Đình, Hà Nội",32 m²,3 phòng,4 WC,5,Giấy tờ hợp lệ,21-10-2025
SIÊU PHẨM TRUNG TÂM BA ĐÌNH – NHÀ ĐẸP 5 TẦNG – NGÕ THÔNG,"8,9 tỷ","Phường Đội Cấn, Quận Ba Đình, Hà Nội",36 m²,4 phòng,4 WC,4,Giấy tờ hợp lệ,21-10-2025
Bán Căn Hộ TT Thành Công Đẹp Như Chung Cư - 85m2 - Tầng 2 - 3 ngủ,"4,85 tỷ","Phường Thành Công, Quận Ba Đình, Hà Nội",85 m²,3 phòng,2 WC,2,Giấy tờ hợp lệ,21-10-2025
BÁN NHÀ BA ĐÌNH - LÔ GÓC 3 THOÁNG - OTO ĐỖ CỬA,13 tỷ,"Phường Ngọc Hà, Quận Ba Đình, Hà Nội",30.3 m²,3 phòng,5 WC,7,Giấy tờ hợp lệ,21-10-2025
BÁN NHÀ BA ĐÌNH - DÂN XÂY CHẮC CHẮN - NHÀ ĐẸP Ở NGAY,"8,25 tỷ","Phường Kim Mã, Quận Ba Đình, Hà Nội",32 m²,3 phòng,4 WC,5,Giấy tờ hợp lệ,21-10-2025
SIÊU PHẨM ĐỘI CẤN - 10M RA Ô TÔ - DT SIÊU TO 44M - Ô CHỜ THANG MÁY,"10,8 tỷ","Phường Đội Cấn, Quận Ba Đình, Hà Nội",43.4 m² (3.2x13.5),6 phòng,4 WC,5,Giấy tờ hợp lệ,21-10-2025
BÁN NHÀ BA ĐÌNH - FULL NỘI THẤT - 10M RA PHỐ,"7,85 tỷ","Phường Đội Cấn, Quận Ba Đình, Hà Nội",23 m²,3 phòng,4 WC,5,Giấy tờ hợp lệ,21-10-2025
"Tôi cần bán nhà mặt phố Nguyễn Khắc Hiếu,10tầng thangmáy full nội thất","157,9 tỷ","Phường Trúc Bạch, Quận Ba Đình, Hà Nội",217 m²,11 phòng,7 WC,10,Giấy tờ hợp lệ,21-10-2025
Tôi cần bán nhà Đào Tấn mặt ngõ ô tô chánh kinh doanh sầm uất.,"25,45 tỷ","Phường Ngọc Khánh, Quận Ba Đình, Hà Nội",53 m²,6 phòng,4 WC,4,Giấy tờ hợp lệ,21-10-2025
"46 tỷ - Mặt phố Phạm Hồng Thái, 57m2, 5 tầng, mặt tiền 4m",46 tỷ,"Phường Quán Thánh, Quận Ba Đình, Hà Nội",57 m²,3 phòng,N/A,5,Giấy tờ hợp lệ,21-10-2025
"Bán nhà mặt phố Văn Cao, vỉa hè rộng",50 tỷ,"Đường Văn Cao, Phường Liễu Giai, Quận Ba Đình, Hà Nội",50 m²,N/A,N/A,9,Sổ đỏ,28-10-2025
"Bán nhà 7 tầng THANG MÁY phố Kim Mã, Quận Ba Đình, MB 40m2","29,5 tỷ","Đường Kim Mã, Phường Kim Mã, Quận Ba Đình, Hà Nội",31 m² (4.0x8.0),N/A,1,7,Sổ đỏ,31-10-2025
NHÀ HOÀNG HOA THÁM-TT BA ĐÌNH-45M2-SIÊU ĐẸP -FULL NỘI THẤT - GẦN Ô TÔ,"7,95 tỷ","Phường Vĩnh Phúc, Quận Ba Đình, Hà Nội",45 m²,4 phòng,N/A,3,Giấy tờ hợp lệ,20-10-2025
"🏡 Nhà đẹp Đội Cấn Ba Đình, 5 tầng, 3 ngủ, full nội thất, 4.95 tỷ","4,95 tỷ","Phường Đội Cấn, Quận Ba Đình, Hà Nội",19 m² (1.9x10.0),3 phòng,2 WC,5,Giấy tờ hợp lệ,20-10-2025
BÁN NHÀ ĐỘI CẤN - 6 TẦNG FULL NỘI THẤT - TRUNG TÂM BA ĐÌNH,"4,98 tỷ","Phường Đội Cấn, Quận Ba Đình, Hà Nội",18 m²,3 phòng,5 WC,6,Giấy tờ hợp lệ,20-10-2025
Bán Nhà Ba Đình Mặt Ngõ Thông - 33m2 Hơn 7 Tỷ. 40m Ra Ô Tô Tránh,7 tỷ,"Phường Vĩnh Phúc, Quận Ba Đình, Hà Nội",33 m²,3 phòng,N/A,5,Giấy tờ hợp lệ,20-10-2025
Bán đất tặng nhà 2t Hoàng Hoa Thám 6.5ty,"6,5 tỷ","Phường Ngọc Hà, Quận Ba Đình, Hà Nội",38 m²,1 phòng,1 WC,N/A,Giấy tờ hợp lệ,20-10-2025
"BÁN GẤP - PL 2 Ô TÔ - PHỐ ĐÀO TẤN - LINH LANG - 55M - 4 TẦNG -MT 5,2M","24,5 tỷ","Đường Đào Tấn, Phường Cống Vị, Quận Ba Đình, Hà Nội",55 m² (5.2x12.0),6 phòng,4 WC,4,Sổ đỏ,22-10-2025
"BÁN TOÀ NHÀ MẶT PHỐ TRẤN VŨ,BA ĐÌNH,131M,73 TỶ",73 tỷ,"Đường Trấn Vũ, Phường Trúc Bạch, Quận Ba Đình, Hà Nội",131 m²,6 phòng,6 WC,N/A,Sổ đỏ,03-10-2025
"Bán nhà mặt ngõ 34 vạn bảo ,Bd,dt:80 m x 7 tg , mt; 8m, giá 39 ty",39 tỷ,"Đường Đội Cấn, Phường Đội Cấn, Quận Ba Đình, Hà Nội","80 m² (7,5x11,0)",6 phòng,6 WC,7,Sổ đỏ,16-06-2025
BÁN NHÀ MẶT PHỐ ĐỘI CẤN- VỈA HÈ - KINH DOANH VÔ ĐỐI,18 tỷ,"Đường Đội Cấn, Phường Đội Cấn, Quận Ba Đình, Hà Nội",37 m²,N/A,N/A,N/A,Sổ đỏ,23-10-2025
"Bán Nhà Mặt Phố Phan Kế Bính, DT 53m2 * 7 Tầng TM - 28 Tỷ.",28 tỷ,"Đường Phan Kế Bính, Phường Cống Vị, Quận Ba Đình, Hà Nội",53 m²,N/A,N/A,7,Sổ đỏ,21-10-2025
"Mặt ngõ Đội Cấn-rộng 108m2, mặt tiền khủng, 2 thoáng, làm ăn Phát Tài","41,99 tỷ","283, Đường Đội Cấn, Phường Liễu Giai, Quận Ba Đình, Hà Nội",108 m²,2,N/A,5,Sổ đỏ,23-10-2025
Nhà 5T vị trí đẹp khu P/Lô Víp Đào Tấn - Linh Lang đường rộng 6m,24 tỷ,"Đường Đào Tấn, Phường Cống Vị, Quận Ba Đình, Hà Nội",55 m²,4 phòng,4 WC,5,Sổ đỏ,23-10-2025
"Bán Nhà Cực Đẹp CCMN 9 Tầng Thang Máy – Có Hầm, Ô Tô Tránh – Phố Đội C","36,5 tỷ","Đường Đội Cấn, Phường Đội Cấn, Quận Ba Đình, Hà Nội",90 m²,N/A,N/A,9,Sổ đỏ,20-10-2025
Bán nhà mặt phố Linh Lang- Đào Tấn. Trung tâm quận Ba Đình,65 tỷ,"Đường Linh Lang, Phường Cống Vị, Quận Ba Đình, Hà Nội",84 m²,N/A,N/A,4,Sổ đỏ,20-10-2025
"Bán nhà mặt phố Kim Mã,dt 47m2 x 5t, MT 3,7m,nở hậu,vị trí đẹp.kd tốt.","34,5 tỷ","Đường Kim Mã, Phường Ngọc Khánh, Quận Ba Đình, Hà Nội",47 m²,N/A,1,5,Sổ đỏ,20-10-2025
"Siêu rẻ Trung tâm Ba Đình - 58m2 chỉ 8,6 tỷ - Mặt tiền rộng","8,6 tỷ","Phường Ngọc Hà, Quận Ba Đình, Hà Nội",58 m²,3 phòng,4 WC,3,Giấy tờ hợp lệ,16-10-2025
KIM MÃ BA ĐÌNH - NHÀ ĐẸP Ở NGAY - 35M - 5 TẦNG - NỘI THẤT SANG TRỌNG -,8 tỷ,"Phường Kim Mã, Quận Ba Đình, Hà Nội",35 m²,4 phòng,5 WC,5,Giấy tờ hợp lệ,16-10-2025
"Bán nhà phân lô mặt ngõ kinh doanh ,lô góc TT ba đình .","15,1 tỷ","Phường Ngọc Hà, Quận Ba Đình, Hà Nội",43 m²,4 phòng,4 WC,5,Giấy tờ hợp lệ,16-10-2025
BÁN NHÀ ĐỘI CẤN – 25m² – 5 TẦNG – MT 3.3M – GIÁ 7.36 TỶ – BA ĐÌNH,"7,36 tỷ","Phường Đội Cấn, Quận Ba Đình, Hà Nội",25 m²,3 phòng,3 WC,5,Giấy tờ hợp lệ,16-10-2025
🌟BÁN NHÀ ĐỘI CẤN – 40m² – 5 TẦNG – MT 5M – GIÁ 8.5 TỶ – BA ĐÌNH 🌟,"8,5 tỷ","Phường Đội Cấn, Quận Ba Đình, Hà Nội",40 m²,3 phòng,3 WC,5,Giấy tờ hợp lệ,16-10-2025
Cực hiếm phân khúc dưới 5 tỷ Đội Cấn - 6 tầng,"4,98 tỷ","Phường Đội Cấn, Quận Ba Đình, Hà Nội",18 m²,3 phòng,5 WC,6,Giấy tờ hợp lệ,16-10-2025
ĐỘI CẤN 6 TỶ - 5 TẦNG MỚI ĐẸP - TRUNG TÂM BA ĐÌNH - GẦN LĂNG BÁC - HỒ,6 tỷ,"Phường Đội Cấn, Quận Ba Đình, Hà Nội",25 m²,3 phòng,4 WC,5,Giấy tờ hợp lệ,16-10-2025
"NHÀ PHỐ VĨNH PHÚC-BA ĐÌNH-30M2–MT 4M-7,7 TỶ- 2 THOÁNG - GẦN PHỐ -","7,7 tỷ","Phường Vĩnh Phúc, Quận Ba Đình, Hà Nội",30 m²,3 phòng,N/A,N/A,Giấy tờ hợp lệ,16-10-2025
"Siêu hiếm, bán nhà khu Đào Tấn, 50m², 6 tầng thang máy, ô tô vào, 19",18 tỷ,"Phường Ngọc Khánh, Quận Ba Đình, Hà Nội",50 m² (4.0x13.0),5 phòng,5 WC,6,Giấy tờ hợp lệ,16-10-2025
BÁN NHÀ HOÀNG HOA THÁM – 30.3M² – OTO ĐỖ CỬA  – MT 8.8M – 13 TỶ,13 tỷ,"Phường Ngọc Hà, Quận Ba Đình, Hà Nội",30.3 m²,3 phòng,3 WC,7,Giấy tờ hợp lệ,16-10-2025
Nhà 5 Tầng 32m2 Mới Xây Ngõ 290 Kim Mã,"7,8 tỷ","Phường Kim Mã, Quận Ba Đình, Hà Nội",32 m²,3 phòng,4 WC,5,Giấy tờ hợp lệ,16-10-2025
"Siêu rẻ - Ba Đình trung tâm 5 tầng CHỈ 6,9 tỷ","6,9 tỷ","Phường Ngọc Hà, Quận Ba Đình, Hà Nội",29 m²,3 phòng,3 WC,5,Giấy tờ hợp lệ,15-10-2025
"Bán nhà cấp 4 mặt phố Phan Kế Bính- Linh Lang, mặt tiền 5m, lô góc",68 tỷ,"Phường Cống Vị, Quận Ba Đình, Hà Nội",183 m²,N/A,N/A,7,Sổ đỏ,20-10-2025
BÁN NHÀ QUẬN BA ĐÌNH 6 tầng mặt đường ô tô tránh mặt ngõ Núi Trúc,"8,2 tỷ","Đường Núi Trúc, Phường Giảng Võ, Quận Ba Đình, Hà Nội",20 m²,N/A,N/A,6,Sổ đỏ,26-10-2025
"Đẳng cấp nhà đẹp ngõ Yên Ninh, giá 7.9 tỷ, 23m2x5T, lô góc, ẢNH THẬT","7,9 tỷ","Đường Yên Ninh, Phường Nguyễn Trung Trực, Quận Ba Đình, Hà Nội",23 m²,N/A,N/A,5,Sổ đỏ,19-10-2025
"NHÀ ĐỘI CẤN-BA ĐÌNH-18M2-6 TẦNG-MT 5M-4,98 TỶ-20M RA PHỐ-3 NGỦ","4,98 tỷ","Phường Đội Cấn, Quận Ba Đình, Hà Nội",18 m²,3 phòng,N/A,6,Giấy tờ hợp lệ,15-10-2025
Bán Nhà Ba Đình 33m2 Hơn 7 Tỷ-Đúng 40m 1 Ngoặt Ra Mặt Phố Vĩnh Phúc,7 tỷ,"Phường Vĩnh Phúc, Quận Ba Đình, Hà Nội",33 m²,3 phòng,N/A,5,Giấy tờ hợp lệ,15-10-2025
"Trung Tâm Ba Đình 45m2 - 4 tầng CHỈ 8,5 tỷ","8,5 tỷ","Phường Ngọc Hà, Quận Ba Đình, Hà Nội",45 m²,3 phòng,3 WC,4,Giấy tờ hợp lệ,15-10-2025
"🏡☘️ Phố Nguyễn Công Hoan 
SIÊU PHẨM BA ĐÌNH - NGÕ TO NHƯ PHỐ, KD ĐỈNH","16,4 tỷ","Phường Ngọc Khánh, Quận Ba Đình, Hà Nội",42 m²,4 phòng,6 WC,5,Giấy tờ hợp lệ,15-10-2025
"Nhà đẹp full nội thất, chỉ việc ở","7,95 tỷ","Phường Ngọc Hà, Quận Ba Đình, Hà Nội",45 m² (4.1x11.0),4 phòng,3 WC,3,Giấy tờ hợp lệ,15-10-2025
"Siêu hiếm, bán nhà Ngọc Hà, diện tích rộng 115m, mặt tiền 7m chỉ 22 tỷ",22 tỷ,"Phường Ngọc Hà, Quận Ba Đình, Hà Nội",115 m² (7.0x16.4),5 phòng,5 WC,N/A,Giấy tờ hợp lệ,15-10-2025
"Cực hiếm, bán nhà Ngọc Hà, ô tô đỗ cửa, 70m², mặt tiền 5m, 25 tỷ",25 tỷ,"Phường Ngọc Hà, Quận Ba Đình, Hà Nội",70 m² (5.0x14.0),5 phòng,5 WC,N/A,Giấy tờ hợp lệ,15-10-2025
BÁN NHÀ HOÀNG HOA THÁM - LÔ GÓC 3 THOÁNG  – Ô TÔ DỪNG ĐỖ NGÀY ĐÊM,13 tỷ,"Phường Ngọc Hà, Quận Ba Đình, Hà Nội",30 m²,3 phòng,5 WC,7,Giấy tờ hợp lệ,15-10-2025
Cần bán gấp nhà phố Lý Nam Đế 25m  5 tầng 3.8mt  5.5 Tỷ Hoàn Kiếm,"5,5 tỷ","Phường Quán Thánh, Quận Ba Đình, Hà Nội",25 m² (3.8x7.0),3 phòng,3 WC,5,Giấy tờ hợp lệ,15-10-2025
"Bán nhà mặt ngõ 55 Hoàng Hoa thám , Bd,dt:58m x 6 tầng, giá 15 tỷ",15 tỷ,"Đường Hoàng Hoa Thám, Phường Ngọc Hà, Quận Ba Đình, Hà Nội",58 m²,5 phòng,5 WC,5,Sổ đỏ,19-10-2025
"Thiện chí bán nhà đầu ngõ Phó Đức Chính, giá chỉ 7.5 tỷ, 32m2x4 tầng,","7,5 tỷ","Đường Phó Đức Chính, Phường Phúc Xá, Quận Ba Đình, Hà Nội",32 m²,N/A,N/A,4,Sổ đỏ,19-10-2025
Bán Nhà Mặt Ngõ Vĩnh Phúc-33m2 Hơn 7 Tỷ- Có Ô Thang Máy,7 tỷ,"Phường Vĩnh Phúc, Quận Ba Đình, Hà Nội",33 m²,3 phòng,N/A,5,Giấy tờ hợp lệ,14-10-2025
💥HÓT! MẶT PHỐ TRẦN HUY LIỆU -VỈA HÈ Ô TÔ - KINH DOANH 110M NHỈNH 10TỶ,"10,4 tỷ","Phường Giảng Võ, Quận Ba Đình, Hà Nội",56 m²,2 phòng,1 WC,2,Giấy tờ hợp lệ,14-10-2025
Gđ cần bán nhà 5 cạnh Lăng Bác - Kim Mã 6t,6 tỷ,"Phường Kim Mã, Quận Ba Đình, Hà Nội",28 m²,3 phòng,4 WC,5,Giấy tờ hợp lệ,14-10-2025
BÁN NHÀ TRUNG TÂM BA ĐÌNH – DIỆN TÍCH RỘNG – FULL NỘI THẤT –GIÁ ĐẦU TƯ,"8,6 tỷ","Phường Ngọc Hà, Quận Ba Đình, Hà Nội",58 m²,3 phòng,3 WC,3,Giấy tờ hợp lệ,14-10-2025
"NHÀ HOÀNG HOA THÁM-BA ĐÌNH-LÔ GÓC BA THOÁNG-26M2-5T-5,5 TỶ.","5,5 tỷ","Phường Vĩnh Phúc, Quận Ba Đình, Hà Nội",26 m²,3 phòng,N/A,N/A,Giấy tờ hợp lệ,14-10-2025
"nhà ô tô đỗ cửa 9,5 tỷ nguyễn chí thanh,dt 55m2,mặt tiền 4m","9,5 tỷ","Phường Ngọc Khánh, Quận Ba Đình, Hà Nội",53 m²,3 phòng,3 WC,4,Giấy tờ hợp lệ,14-10-2025
BÁN NHÀ ĐỘI CẤN - GẦN PHỐ - VỊ TRÍ THUẬN LỢI - TRƯỚC NHÀ THOÁNG SÁNG,"10,8 tỷ","Phường Đội Cấn, Quận Ba Đình, Hà Nội",43.4 m² (3.2x13.0),6 phòng,N/A,5,Giấy tờ hợp lệ,14-10-2025
BÁN NHÀ BA ĐÌNH 33m2- HƠN 7 TỶ- 40m RA MẶT PHỖ,7 tỷ,"Phường Vĩnh Phúc, Quận Ba Đình, Hà Nội",33 m²,3 phòng,N/A,5,Giấy tờ hợp lệ,14-10-2025
CẦN BÁN NHANH 45m2 NHÀ 4 TẦNG ĐƯỜNG HOÀNG HOA THÁM,8 tỷ,"Phường Liễu Giai, Quận Ba Đình, Hà Nội",45 m²,4 phòng,4 WC,4,Giấy tờ hợp lệ,14-10-2025
BÀN TÒA CCMN VĨNH PHÚC-BA ĐÌNH-55M2-6 TẦNG THANG MÁY-ĐẦY ĐỦ GPXD PCCC,"12,6 tỷ","Phường Vĩnh Phúc, Quận Ba Đình, Hà Nội",55 m²,11 phòng,7 WC,6,Giấy tờ hợp lệ,14-10-2025
"NHÀ ĐỘI CẤN-42M2-MT 11M-12,8 TỶ-BA MẶT NGÕ.","12,85 tỷ","Phường Đội Cấn, Quận Ba Đình, Hà Nội",42 m²,1 phòng,N/A,2,Giấy tờ hợp lệ,13-10-2025
"NHÀ ĐỘI NHÂN-BA ĐÌNH-55M2-5 TẦNG-26,5 TỶ-HAI THOÁNG-Ô TÔ TRÁN.","26,5 tỷ","Phường Vĩnh Phúc, Quận Ba Đình, Hà Nội",55 m²,4 phòng,N/A,5,Giấy tờ hợp lệ,13-10-2025
HOÀNG HOA THÁM - BA ĐÌNH - Ô TÔ - ĐANG CHO THUÊ 30TR/THÁNG,"20,5 tỷ","Đường Hoàng Hoa Thám, Phường Ngọc Hà, Quận Ba Đình, Hà Nội",102 m²,8 phòng,5 WC,5,Sổ đỏ,12-10-2025
"Nhà Đào Tấn, 2 thoáng, mặt tiền rộng, nở hậu, Gara Ô tô, hiếm nhà bán","25,5 tỷ","102, Đường Đào Tấn, Phường Cống Vị, Quận Ba Đình, Hà Nội",58 m²,7 phòng,7 WC,4,Sổ đỏ,20-10-2025
"Chính chủ bán nhà Lạc Long Quân, tiện ích xung quanh đầy đủ .","16,5 tỷ","Đường Lạc Long Quân, Phường Nghĩa Đô, Quận Cầu Giấy, Hà Nội",50 m²,4 phòng,3 WC,4,Sổ đỏ,25-11-2025
"Bán nhà Hoàng Quốc Việt, 7 tầng, có thang máy, ô tô đỗ cửa, nhà mới","27,2 tỷ","Đường Hoàng Quốc Việt, Phường Nghĩa Đô, Quận Cầu Giấy, Hà Nội",65 m²,N/A,N/A,7,Sổ đỏ,25-11-2025
"Bán nhà ngõ phố Trần Quốc Vượng Cầu Giấy Hà Nội 6,5 tầng thang máy","15,1 tỷ","Đường Trần Quốc Vượng, Phường Nghĩa Đô, Quận Cầu Giấy, Hà Nội",46.1 m²,N/A,N/A,6.5,Sổ đỏ,18-11-2025
Chính chủ bán nhà phân lô ô tránh ngõ 106 Hoàng Quốc Việt-55m2x 5 tầng,"22,8 tỷ","106, Đường Hoàng Quốc Việt, Phường Nghĩa Đô, Quận Cầu Giấy, Hà Nội",55 m²,6 phòng,6 WC,6,Sổ đỏ,26-11-2025
"Bán nhà ngõ 106 Hoàng Quốc Việt, Cầu Giấy, Hà Nội, đường ôtô",35 tỷ,"Đường Hoàng Quốc Việt, Phường Nghĩa Đô, Quận Cầu Giấy, Hà Nội",68 m²,N/A,N/A,4,Sổ đỏ,24-11-2025
"CC bán nhà 7 tầng 65m2 ,9p kk , lô góc 3 mặt tiền 15m , ô tô đỗ cửa","18,6 tỷ","Đường Hoàng Quốc Việt, Phường Nghĩa Tân, Quận Cầu Giấy, Hà Nội",65 m²,10 phòng,10 WC,7,Sổ đỏ,24-11-2025
Bán nhà đất 3 tầng 79m2 MT ~5m MP Nghĩa Tân - Cầu Giấy - KD sầm uất,45 tỷ,"Đường Nghĩa Tân, Phường Nghĩa Tân, Quận Cầu Giấy, Hà Nội",79 m²,3 phòng,3 WC,3,Sổ đỏ,24-11-2025
"Đẹp, Hiếm, Bán Gấp! Mặt Phố Nguyễn Chánh - KD Nhà Hàng - 100M2* 54Tỷ",54 tỷ,"Đường Nguyễn Chánh, Phường Yên Hòa, Quận Cầu Giấy, Hà Nội",100 m²,4 phòng,4 WC,4,Sổ đỏ,24-11-2025
"Bán nhà mặt phố 8T 65m2  Nguyễn Xiển làm VP, Cty, Spa",35 tỷ,"Đường Khuất Duy Tiến, Phường Trung Hòa, Quận Cầu Giấy, Hà Nội",65 m²,6 phòng,8 WC,8,Sổ đỏ,24-11-2025
"GIÁ TỐT, Ô TÔ TRÁNH, XÂY MỚI, THANG MÁY, BÁN NHÀ PHÂN LÔ CẦU GIẦY",Thỏa thuận,"Phường Yên Hòa, Quận Cầu Giấy, Hà Nội",50 m²,N/A,N/A,N/A,Sổ đỏ,24-11-2025
"Bán nhà MP VIP Trần Đăng Ninh:DT 50M2, MT4.5M, 5Tầng, KD, Gía 33.5 Tỷ","33,5 tỷ","Đường Trần Đăng Ninh, Phường Dịch Vọng Hậu, Quận Cầu Giấy, Hà Nội",50 m²,N/A,N/A,5,Sổ hồng,22-11-2025
"Bán nhà ngõ 204 đường Trần Duy Hưn- Cầu Giấy, 6 tầng thang máy, lô góc","22,9 tỷ","Đường Trần Duy Hưng, Phường Yên Hòa, Quận Cầu Giấy, Hà Nội",52.7 m²,N/A,N/A,6,Sổ đỏ,04-11-2025
NHÀ ĐẸP TRUNG TÂM CẦU GIẤY – XUÂN THỦY – 42m² – MT 4M – VÀI BƯỚC RA PH,"1,38 tỷ","Đường Xuân Thủy, Phường Dịch Vọng Hậu, Quận Cầu Giấy, Hà Nội",42 m²,N/A,N/A,4,Sổ đỏ,26-11-2025
"BÁN NHÀ VÕ CHÍ CÔNG CẦU GIẤY 25m x5T PHÂN LÔ,ÔTÔ ĐỖ CỬA,VIEW CÔNG VIÊN","7,95 tỷ","Phường Nghĩa Đô, Quận Cầu Giấy, Hà Nội",25 m²,4 phòng,4 WC,5,Giấy tờ hợp lệ,26-11-2025
BÁN NHÀ KHU PHÂN LÔ ĐƯỜNG 800A DIỆN TÍCH 52M GIÁ 18TY Ô TÔ ĐỖ CỬA,18 tỷ,"Phường Nghĩa Đô, Quận Cầu Giấy, Hà Nội",52 m² (5.0x11.0),6 phòng,5 WC,5,Giấy tờ hợp lệ,25-11-2025
Nguyễn Khang – Cầu Giấy – Ô TÔ – 85 M2 – 4 T – MT 4.3 M – Giá 17.8 Tỷ.,"17,8 tỷ","Đường Nguyễn Khang, Phường Trung Hòa, Quận Cầu Giấy, Hà Nội",85 m² (4.3x20.0),4 phòng,3 WC,4,Sổ đỏ,25-11-2025
"Bán nhà đẹp phố Hoàng Quốc Việt, nhà 6t x 37m Giá Nhỉnh 11 tỷ",11 tỷ,"Đường Hoàng Quốc Việt, Phường Yên Hòa, Quận Cầu Giấy, Hà Nội",37 m²,5 phòng,N/A,6,Sổ đỏ,25-11-2025
GẤP - PHÂN LÔ 2 Ô TÔ - MẠC THÁI TỔ - TRUNG KÍNH - 66M - 7 TẦNG - MT 5M,36 tỷ,"Đường Mạc Thái Tổ, Phường Trung Hòa, Quận Cầu Giấy, Hà Nội",66 m² (5.0x14.0),6 phòng,5 WC,7,Sổ đỏ,25-11-2025
GẤP - MẠC THÁI TỔ - TRUNG KÍNH - 55M - 7 TẦNG - THANG MÁY - PCCC,"33,9 tỷ","Đường Mạc Thái Tổ, Phường Trung Hòa, Quận Cầu Giấy, Hà Nội",54 m² (4.2x13.0),8 phòng,8 WC,7,Sổ đỏ,25-11-2025
NHÀ MỚI NỘI THẤT SANG TRỌNG KHU PHÂN LÔ CẦU GIẤY DIỆN TÍCH 60M 6T 18TỶ,"24,5 tỷ","Phường Nghĩa Đô, Quận Cầu Giấy, Hà Nội",60 m² (5.0x12.0),9 phòng,7 WC,6,Giấy tờ hợp lệ,25-11-2025
Tài Chính 9-10 Tỷ Tìm Nhà Cầu Giấy Thang Máy Gọi Ngay Em Nhé,10 tỷ,"Phường Quan Hoa, Quận Cầu Giấy, Hà Nội",42 m²,3 phòng,4 WC,6,Giấy tờ hợp lệ,25-11-2025
"Nhà Đẹp Thang Máy, Trần Duy Hưng, Cầu Giấy 44m, 6 tầng, giá 17.8 tỷ","17,8 tỷ","Đường Trần Duy Hưng, Phường Trung Hòa, Quận Cầu Giấy, Hà Nội",44 m² (3.5x12.5),3 phòng,5 WC,6,Sổ đỏ,16-11-2025
ĐẸP - Phân Lô Ngõ 89 Lạc long quân - Tây Hồ - Hà nội,15 tỷ,"Phường Nghĩa Đô, Quận Cầu Giấy, Hà Nội",40 m² (4.0x10.0),6 phòng,5 WC,6,Sổ đỏ,25-11-2025
Chính Chủ Bán Nhà Trung Kính To . Diện Tích 68m2,"32,6 tỷ","Phường Yên Hòa, Quận Cầu Giấy, Hà Nội",68 m²,N/A,N/A,5,Sổ đỏ,24-11-2025
"💥💥💥 TRẦN DUY HƯNG - 6 TẦNG THANG MÁY, XÂY MỚI - ÔTÔ ĐỖ CỔNG -",15 tỷ,"Đường Trần Duy Hưng, Phường Trung Hòa, Quận Cầu Giấy, Hà Nội",48 m²,8 phòng,3,6,Sổ hồng,24-11-2025
Nhà Đẹp Ở Ngay Hoàng Đạo Thuý - LVL - Căn Góc 250M2 Vỉa Hè To - KD,86 tỷ,"Đường Lê Văn Lương, Phường Trung Hòa, Quận Cầu Giấy, Hà Nội",250 m²,5 phòng,5 WC,4,Sổ đỏ,24-11-2025
Phố Xuân Thuỷ Cầu Giấy – Ô Tô – 158 M2 – 4 T– MT 25 M – Giấ 39.3 Tỷ.,"39,3 tỷ","Đường Xuân Thủy, Phường Dịch Vọng Hậu, Quận Cầu Giấy, Hà Nội",158 m² (12.0x13.0),6 phòng,6 WC,4,Sổ đỏ,24-11-2025
Bán Nhà Phân Lô Ngõ Hoàng Quốc Việt Ô Tô Vào Nhà Có Thang Máy 18 tỷ,"18,3 tỷ","Đường Hoàng Quốc Việt, Phường Nghĩa Tân, Quận Cầu Giấy, Hà Nội",37 m² (4.0x9.3),5 phòng,6 WC,7,Sổ hồng,24-11-2025
Bán nhà 5 tầng 40m2 PL ô tô đỗ cửa cách phố 50m cạnh Lotte L L Quân,"13,8 tỷ","Đường Lạc Long Quân, Phường Nghĩa Đô, Quận Cầu Giấy, Hà Nội",40 m²,4 phòng,4 WC,5,Sổ đỏ,24-11-2025
"BÁN TOÀ CCMN HỒ TÙNG MẬU, 55M2×5T, 9 PHÒNG KK, DT 50TR/THÁNG, 12.8 TỶ","12,8 tỷ","Đường Hồ Tùng Mậu, Phường Mai Dịch, Quận Cầu Giấy, Hà Nội",55 m² (4.0x13.0),9 phòng,9 WC,5,Sổ đỏ,24-11-2025
Nguyễn Ngọc Vũ – Cầu Giấy – 108 M – 2 Tầng – MT 9.3 M – Giá 32.6 Tỷ.,"32,6 tỷ","Đường Nguyễn Ngọc Vũ, Phường Trung Hòa, Quận Cầu Giấy, Hà Nội",108 m² (9.3x11.7),3 phòng,3 WC,2,Sổ đỏ,24-11-2025
Phùng Chí Kiên – Cầu Giấy – Ô Tô Tránh 58 M2 – 4 T – MT 4.8 M – Giá 20,"20,3 tỷ","Đường Phùng Chí Kiên, Phường Dịch Vọng, Quận Cầu Giấy, Hà Nội",58 m² (4.8x12.0),5 phòng,4 WC,N/A,Sổ đỏ,23-11-2025
Cần bán gấp căn nhà Nguyễn Thị Định Đỗ Quang của chị gái 90m2 7 tầng,43 tỷ,"Đường Hoàng Ngân, Phường Trung Hòa, Quận Cầu Giấy, Hà Nội",90 m² (6.0x15.0),8 phòng,7 WC,7,Sổ đỏ,24-11-2025
"BÁN NHÀ CẦU GIẤY - XUÂN THỦY: CHUNG CƯ MINI 7 PHÒNG, MT 6,3M,NGÕ 3 GÁC","11,5 tỷ","Phường Dịch Vọng Hậu, Quận Cầu Giấy, Hà Nội",45.2 m²,7 phòng,N/A,N/A,Sổ đỏ,14-11-2025
Trần Bình – Cầu Giấy – Ô Tô KD – 71 M2 – 4 T – MT 4.5 M – Giá 18.3 Tỷ.,"18,3 tỷ","Đường Trần Bình, Phường Mai Dịch, Quận Cầu Giấy, Hà Nội",71 m² (4.5x15.8),4 phòng,4 WC,4,Sổ đỏ,23-11-2025
Phố Cầu Giấy – Ô Tô Tránh – 135 M2 – 4 Tầng – MT 7.2 M – Giá 43.7 Tỷ.,"43,7 tỷ","Đường Cầu Giấy, Phường Dịch Vọng, Quận Cầu Giấy, Hà Nội",135 m² (7.2x19.0),5 phòng,5 WC,4,Sổ đỏ,23-11-2025
"Nhà mới tinh Trương Công Giai - ngõ thông,45m2x7 tầng thang máy 13.3ty","13,3 tỷ","Phường Dịch Vọng, Quận Cầu Giấy, Hà Nội",45 m²,5 phòng,N/A,7,Giấy tờ hợp lệ,23-11-2025
Hoàng Quốc Việt – Cầu Giấy – Ô Tô – 71 M2 – 4 T – MT 10 M – Giấ 22.3 T,"22,3 tỷ","Đường Hoàng Quốc Việt, Phường Dịch Vọng, Quận Cầu Giấy, Hà Nội",71 m² (10.0x7.1),6 phòng,4 WC,4,Sổ đỏ,23-11-2025
"CHÍNH CHỦ BÁN NHÀ DƯƠNG QUẢNG HÀM - CG, SÁT PHỐ, DT 54m,18.9 tỷ","18,9 tỷ","Phường Quan Hoa, Quận Cầu Giấy, Hà Nội",52 m² (4.3x12.0),5 phòng,5 WC,6,Giấy tờ hợp lệ,23-11-2025
"GẤP - NHÀ PHỐ ĐẶNG THUỲ TRÂM - PHẠM TUẤN TÀI CẦU GIẤY - 60M - MT 4,5M","22,5 tỷ","Đường Đặng Thùy Trâm, Phường Nghĩa Đô, Quận Cầu Giấy, Hà Nội",60 m² (4.5x13.0),6 phòng,5 WC,4,Sổ đỏ,22-11-2025
Phân Lô Nguyễn Chánh - Ô Tô Đỗ Cửa - Đầu Tư KD - 70M2 x 4 Tầng: 22.9tỷ,"22,9 tỷ","Đường Nguyễn Chánh, Phường Yên Hòa, Quận Cầu Giấy, Hà Nội",70 m²,5,N/A,5,Sổ đỏ,22-11-2025
HIẾM - BÁN NHÀ NGUYỄN KHÁNH TOÀN - PHÙNG CHÍ KIÊN - CẦU GIẤY,"20,5 tỷ","Đường Phùng Chí Kiên, Phường Quan Hoa, Quận Cầu Giấy, Hà Nội",59 m² (4.5x15.0),5 phòng,4 WC,4,Sổ đỏ,22-11-2025
YÊN HÒA - CẦU GIẤY – NHÀ ĐẸP DÂN XÂY 5 TẦNG  HAI THOÁNG,"7,2 tỷ","Phường Yên Hòa, Quận Cầu Giấy, Hà Nội",32 m²,3 phòng,4 WC,5,Giấy tờ hợp lệ,22-11-2025
"Nhà Đẹp Kinh Doanh, Ô TÔ, Mạc Thái Tổ, 50m, 7 tầng, mt 4.2m, 34.9 tỷ","34,9 tỷ","Đường Mạc Thái Tổ, Phường Trung Hòa, Quận Cầu Giấy, Hà Nội",50 m² (4.2x11.9),3 phòng,4 WC,7,Sổ đỏ,22-11-2025
"☘ Đón Tết an yên – về nhà mới ngay XUÂN THUỶ, Trần Quốc Vượng",Thỏa thuận,"Đường Xuân Thủy, Phường Dịch Vọng, Quận Cầu Giấy, Hà Nội",33 m²,N/A,N/A,6,Sổ đỏ,21-11-2025
"Nhà 60m2,ngã tư Khuất Duy Tiến-TDH, gần ga Metro,BigC,Vincom,Công viên",25 tỷ,"Phường Trung Hòa, Quận Cầu Giấy, Hà Nội",60 m² (5.0x12.0),6 phòng,1,4,Giấy tờ hợp lệ,21-11-2025
VIP - MẠC THÁI TỔ - TRUNG KÍNH - 86M - 5 TẦNG - MT 15M chỉ 35 tỷ,35 tỷ,"Đường Trung Kính, Phường Yên Hòa, Quận Cầu Giấy, Hà Nội",86 m² (15.0x7.0),6 phòng,5 WC,5,Sổ đỏ,21-11-2025
Bán Gấp Nhà xuân Thuỷ - Cầu Giấy - hà nội,"15,6 tỷ","Đường Cầu Giấy, Phường Dịch Vọng, Quận Cầu Giấy, Hà Nội",46 m² (3.7x12.5),5 phòng,4 WC,4,Sổ đỏ,21-11-2025
"CCMN 7T*145m2. MT: 9m tại Phố Nguyễn Thị Định Cầu Giấy, ô tô tránh.",Thỏa thuận,"Phường Yên Hòa, Quận Cầu Giấy, Hà Nội",131 m²,N/A,N/A,7,Sổ đỏ,21-11-2025
BÁN NHÀ VÕ CHÍ CÔNG –– CÁCH PHỐ CHỈ 15M – NGÕ 4M SIÊU TIỆN KINH DOANH,7 tỷ,"Phường Nghĩa Đô, Quận Cầu Giấy, Hà Nội",23 m²,7 phòng,6 WC,4,Giấy tờ hợp lệ,21-11-2025
"Bán nhà phân lô 52 Quan Nhân 45m2,oto vào nhà,kinh doanh,17.5tỷ.","17,5 tỷ","Ngõ 52, Đường Quan Nhân, Phường Trung Hòa, Quận Cầu Giấy, Hà Nội",45 m² (4.5x10.0),4 phòng,3 WC,4,Sổ đỏ,17-11-2025
BÁN NHÀ LẠC LONG QUÂN – TÒA CĂN HỘ DỊCH VỤ   – OTO ĐỖ CỬA,28 tỷ,"Phường Nghĩa Đô, Quận Cầu Giấy, Hà Nội",104 m²,11 phòng,7 WC,42,Giấy tờ hợp lệ,21-11-2025
"GẤP - TRUNG KÍNH - 80M - 6 TẦNG - MT 4,5M - Ô TÔ 7 chỗ - hơn 22 tỷ","22,8 tỷ","Đường Trung Kính, Phường Yên Hòa, Quận Cầu Giấy, Hà Nội",80 m² (4.5x18.0),6 phòng,4 WC,6,Sổ đỏ,21-11-2025
"HIẾM - BÁN NHÀ KHÚC THỪA DỤ - CẦU GIẤY - 45M - 7 TẦNG - MT 4,7M","13,5 tỷ","Đường Khúc Thừa Dụ, Phường Dịch Vọng Hậu, Quận Cầu Giấy, Hà Nội",45 m² (4.6x10.0),5 phòng,4 WC,7,Sổ đỏ,21-11-2025
"Bán nhà ngõ 193 Trung Kính 86m2,lô góc 15m,kinh doanh,oto tránh,35tỷ.",35 tỷ,"Ngõ 193, Đường Trung Kính, Phường Trung Hòa, Quận Cầu Giấy, Hà Nội",86 m²,4 phòng,3 WC,6,Sổ hồng,10-11-2025
"CỰC HIẾM, HOÀNG QUỐC VIỆT, CẦU GIẤY, 55M2 CĂN GÓC, XE TẢI TRÁNH, 16.5","16,5 tỷ","Đường Hoàng Quốc Việt, Phường Nghĩa Đô, Quận Cầu Giấy, Hà Nội",55 m² (5.0x11.0),10 phòng,10 WC,5,Sổ đỏ,21-11-2025
Chính Chủ Bán Biệt Thự VIMECO Trần Duy Hưng - Giáp BigC - 130M2 54 TỶ,54 tỷ,"Đường Trần Duy Hưng, Phường Trung Hòa, Quận Cầu Giấy, Hà Nội",130 m²,4 phòng,5 WC,4,Sổ đỏ,20-11-2025
Bán Nhà PHố Trần Quốc Vượng - Cầu giấy,"15,5 tỷ","Đường Trần Quốc Vượng, Phường Dịch Vọng Hậu, Quận Cầu Giấy, Hà Nội",50 m² (5.0x10.0),6 phòng,5 WC,7,Sổ đỏ,20-11-2025
CCMN HẠNG SANG– CĂN CUỐI CÙNG TẠI QUẬN CẦU GIẤY - NHỈNH 22 TỶ,22 tỷ,"Phường Yên Hòa, Quận Cầu Giấy, Hà Nội",68 m² (9.3x7.0),11 phòng,7 WC,7,Giấy tờ hợp lệ,20-11-2025
"Bán Nhà Hoàng Quốc Việt, Cầu Giấy, 90m2 = 22,6 Tỷ, 5 Tầng, Oto Đỗ 24h","22,6 tỷ","Đường Hoàng Quốc Việt, Phường Nghĩa Đô, Quận Cầu Giấy, Hà Nội",90 m²,6 phòng,5 WC,5,Sổ đỏ,20-11-2025
BÁN NHÀ TRUNG TÂM CẦU GIẤY – NGÕ Ô TÔ – THANG MÁY – CHO THUÊ ĐỈNH,"15,4 tỷ","Phường Dịch Vọng, Quận Cầu Giấy, Hà Nội",62 m²,4 phòng,5 WC,7,Giấy tờ hợp lệ,20-11-2025
Siêu Biệt Thự 400M2 Cầu Giấy - 18M MT - Kinh Doanh Bất Chấp: 120 Tỷ,120 tỷ,"Đường Trần Kim Xuyến, Phường Trung Hòa, Quận Cầu Giấy, Hà Nội",400 m²,4 phòng,4 WC,4,Sổ hồng,20-11-2025
"Bán Nhà Phố Nguyễn Chánh, Ô Tô Cất Trong Nhà 246M2 x 11m MT - 40 Tỷ.",40 tỷ,"Đường Nguyễn Chánh, Phường Trung Hòa, Quận Cầu Giấy, Hà Nội",246 m²,4 phòng,4 WC,4,Sổ hồng,20-11-2025
"Bán Nhà ngõ Bưu Điện Cầu Giấy: 55m2x5T, 10m ôtô Tránh, KD, sđcc 14 tỷ",Thỏa thuận,"Đường Cầu Giấy, Phường Dịch Vọng, Quận Cầu Giấy, Hà Nội",55 m²,6 phòng,6 WC,5,Sổ đỏ,19-11-2025
NHà Nguyễn Khang Cầu Giấy- Phân khúc nhiều khách tìm - Căn duy hơn 8Tỉ,"8,2 tỷ","Đường Nguyễn Khang, Phường Yên Hòa, Quận Cầu Giấy, Hà Nội",51 m²,4 phòng,4 WC,5,Sổ đỏ,19-11-2025
Biệt Thự Căn Góc 3 Mặt Thoáng Phố Trần Kim Xuyến - 165M2* 75 Tỷ,75 tỷ,"Đường Trần Kim Xuyến, Phường Yên Hòa, Quận Cầu Giấy, Hà Nội",165 m²,5 phòng,5 WC,4,Sổ đỏ,19-11-2025
BÁN NHÀ PHÂN LÔ VIP – PHẠM TUẤN TÀI – 7 TẦNG THANG MÁY – Ô TÔ TRÁNH,"26,5 tỷ","Phường Nghĩa Tân, Quận Cầu Giấy, Hà Nội",46 m²,4 phòng,5 WC,7,Giấy tờ hợp lệ,19-11-2025
"Bán nhà 5 tầng ô bàn cờ - ô tô tránh, khu dân cư yên tĩnh, nhỉnh 15 ty","15,9 tỷ","Đường Phạm Tuấn Tài, Phường Nghĩa Tân, Quận Cầu Giấy, Hà Nội",38 m² (5.0x8.0),4 phòng,4 WC,5,Sổ hồng,18-11-2025
Nhà phố Yên Hoà-2 mặt tiền-oto đỗ cửa-kinh doanh tốt-6 tầng xịn đẹp,"12,5 tỷ","Phường Yên Hòa, Quận Cầu Giấy, Hà Nội",34 m² (6.0x5.6),3 phòng,5 WC,6,Giấy tờ hợp lệ,19-11-2025
Biệt Thự Vũ Phạm Hàm 165M2 Kinh Doanh -  Đầu Tư - 55 Tỷ.,55 tỷ,"Đường Vũ Phạm Hàm, Phường Trung Hòa, Quận Cầu Giấy, Hà Nội",165 m²,5 phòng,5 WC,4,Sổ đỏ,19-11-2025
"Bán nhà phân lô ô tô đỗ, nhà khu , Dương Khuê, Trần Bình , gia 15 tỷ",15 tỷ,"Đường Dương Khuê, Phường Mai Dịch, Quận Cầu Giấy, Hà Nội",55 m² (5.0x9.0),5 phòng,4 WC,N/A,Sổ hồng,18-11-2025
"BÁN NHÀ PHỐ PHÙNG CHÍ KIÊN, KINH DOANH,  50M2x4T, MT 4M, 23 TỶ",23 tỷ,"Đường 800A, Phường Nghĩa Đô, Quận Cầu Giấy, Hà Nội",50 m² (4.0x13.0),4 phòng,4 WC,4,Sổ đỏ,19-11-2025
yên hòa full nội thất-ở ngay-gần phố-ngõ oto-2 thoáng vĩnh viễn,"13,5 tỷ","Phường Yên Hòa, Quận Cầu Giấy, Hà Nội",39 m² (3.5x11.2),3 phòng,3 WC,5,Giấy tờ hợp lệ,19-11-2025
BÁN NHÀ YÊN HOÀ-CĂN GÓC 2 MẶT NGÕ THOÁNG RỘNG-5 TẦNG ĐẸP-GẦN ĐƯỜNG OTO,8 tỷ,"Phường Yên Hòa, Quận Cầu Giấy, Hà Nội",32 m² (3.0x11.0),6 phòng,3 WC,5,Giấy tờ hợp lệ,19-11-2025
BÁN NHÀ ĐẸP CẦU GIẤY – GẦN OTO  – SỔ VUÔNG  – HIẾM TRONG TẦM TIỀN,"9,7 tỷ","Phường Quan Hoa, Quận Cầu Giấy, Hà Nội",35 m²,3 phòng,5 WC,6,Giấy tờ hợp lệ,19-11-2025
"[Chính chủ] tôi cần bán lô Liền Kề-Mạc Thái Tông - Cầu Giấy. Dt 161 m,","54,5 tỷ","Đường Mạc Thái Tông, Phường Yên Hòa, Quận Cầu Giấy, Hà Nội",162 m²,N/A,N/A,4,Sổ đỏ,19-11-2025
"Bán Nhà 5T Nguyễn Khang, Cầu Giấy, Dt 85M2 = 19,8 Tỷ, Oto 7c Vào Nhà.","19,8 tỷ","Đường Nguyễn Khang, Phường Yên Hòa, Quận Cầu Giấy, Hà Nội",85 m²,4 phòng,4 WC,5,Sổ đỏ,18-11-2025
BÁN NHÀ HOÀNG QUỐC VIỆT – PHÂN LÔ ĐẸP – 7 TẦNG THANG MÁY – NGÕ THÔNG,"18,5 tỷ","Phường Nghĩa Tân, Quận Cầu Giấy, Hà Nội",31 m²,3 phòng,6 WC,7,Giấy tờ hợp lệ,18-11-2025
TRUNG KÍNH – CẦU GIẤY – PHÂN LÔ – VỈA HÈ – Ô TÔ TRÁNH – KINH DOANH.,Thỏa thuận,"Đường Trung Kính, Phường Yên Hòa, Quận Cầu Giấy, Hà Nội",65 m² (5.0x13.0),3 phòng,4 WC,5,Sổ đỏ,18-11-2025
BÁN NHÀ LÔ GÓC 3 THOÁNG – NGÕ THÔNG KD – MẶT TIỀN 5M  – DT 78M2,21 tỷ,"Đường Trung Kính, Phường Yên Hòa, Quận Cầu Giấy, Hà Nội",78 m²,4 phòng,4 WC,4,Sổ đỏ,17-11-2025
HIẾM - PHÂN LÔ HOÀNG QUỐC VIỆT DT 65 * 5 TẦNG *THÔNG Ô TÔ GARA - 21 TỶ,21 tỷ,"Phường Nghĩa Đô, Quận Cầu Giấy, Hà Nội",65 m² (4.5x14.5),6 phòng,4 WC,5,Giấy tờ hợp lệ,18-11-2025
Biệt Thự Siêu Đẹp Phố Nguyễn Chánh - 135m2  - Đường To Vỉa Hè KD,"54,5 tỷ","Đường Nguyễn Chánh, Phường Trung Hòa, Quận Cầu Giấy, Hà Nội",135 m²,5 phòng,5 WC,4,Sổ hồng,18-11-2025
Bán nhà trung tâm Cầu Giấy – diện tích 60m² – 6 tầng — 20m ra Phố Lớn,"14,3 tỷ","Phường Quan Hoa, Quận Cầu Giấy, Hà Nội",60 m²,6 phòng,5 WC,6,Giấy tờ hợp lệ,18-11-2025
BÁN NHÀ XUÂN THUỶ – LÔ GÓC 3THOÁNG – Ô TÔ ĐỖ CỬA – KINH DOANH SẦM UẤT,"15,6 tỷ","Phường Dịch Vọng, Quận Cầu Giấy, Hà Nội",42 m²,5 phòng,4 WC,4,Giấy tờ hợp lệ,18-11-2025
"Nhà Đẹp Kinh Doanh Mặt Phố, Q. Cầu Giấy 76/90m, 9 tầng, mt 4m, 64.8 tỷ","64,8 tỷ","Đường Trần Tử Bình, Phường Nghĩa Tân, Quận Cầu Giấy, Hà Nội",76 m² (4.0x19.0),6 phòng,6 WC,9,Sổ đỏ,18-11-2025
"BIỆT THỰ MINI SÂN VƯỜN Lạc Long Quân, Cầu Giấy, 110m², 4 tầng, 24 tỷ",24 tỷ,"Đường Lạc Long Quân, Phường Nghĩa Đô, Quận Cầu Giấy, Hà Nội",110 m² (5.3x20.7),N/A,N/A,4,Sổ đỏ,18-11-2025
"Biệt Thự Hoàng Minh Giám, VinCom Trần Duy Hưng 135M2* 8M  - Kinh Doanh","54,5 tỷ","Đường Hoàng Minh Giám, Phường Trung Hòa, Quận Cầu Giấy, Hà Nội",135 m² (8.0x17.0),4 phòng,5 WC,4,Sổ hồng,18-11-2025
Toà Văn Phòng View Vườn Hoa Công Viên Phố Tôn Thất Thuyết - 300m2* 9 T,190 tỷ,"Đường Tôn Thất Thuyết, Phường Dịch Vọng Hậu, Quận Cầu Giấy, Hà Nội",300 m²,6 phòng,7 WC,9,Sổ hồng,18-11-2025
BÁN GẤP..! BIỆT THỰ NGUYỄN CHÁNH 163M2* 55 TỶ - VỈA HÈ 4M - KD.,55 tỷ,"Đường Nguyễn Chánh, Phường Trung Hòa, Quận Cầu Giấy, Hà Nội",163 m²,5 phòng,5 WC,4,Sổ hồng,18-11-2025
Chính Chủ Bán Gấp Nhà Cầu Giấy 6 Tầng Thang Máy 39m2 Hơn 10 Tỷ,10 tỷ,"Phường Mai Dịch, Quận Cầu Giấy, Hà Nội",39 m²,3 phòng,N/A,6,Giấy tờ hợp lệ,17-11-2025
Bán Gấp Căn Biệt Thự Villa Siêu Đẹp Trung Tâm Quận Cầu Giấy DT 135M,"44,9 tỷ","Đường Cầu Giấy, Phường Yên Hòa, Quận Cầu Giấy, Hà Nội",135 m² (7.0x15.0),6 phòng,5 WC,4,Sổ đỏ,17-11-2025
"ĐÔNG QUAN - PHÙNG CHÍ KIÊN - 88M - 3 TẦNG - Ô TÔ 7 CHỖ - chỉ 16,9 tỷ","16,9 tỷ","Đường Đông Quan, Phường Quan Hoa, Quận Cầu Giấy, Hà Nội",88 m² (3.9x23.0),4 phòng,4 WC,3,Sổ đỏ,17-11-2025
"Bán nhà lô góc ô tô xây mới Trần Duy Hưng Cầu Giấy 50m2x6T, 22.5 tỷ","22,5 tỷ","Đường Trần Duy Hưng, Phường Trung Hòa, Quận Cầu Giấy, Hà Nội",350 m² (5.0x10.0),N/A,N/A,7,Sổ đỏ,17-11-2025
"BIỆT THỰ LÔ GÓC ĐƯỜNG VÕ CHÍ CÔNG, CẦU GIẤY MẶT TIỀN 12M, GIÁ 50 TỶ",50 tỷ,"Đường Võ Chí Công, Phường Nghĩa Đô, Quận Cầu Giấy, Hà Nội",204 m² (12.0x17.0),N/A,N/A,4,Sổ đỏ,17-11-2025
"🏡 Nhà đẹp trung tâm Cầu Giấy – An cư đẳng cấp, cuộc sống viên mãn 🌿",10 tỷ,"Phường Yên Hòa, Quận Cầu Giấy, Hà Nội",40 m² (4.4x9.0),4 phòng,5 WC,5,Giấy tờ hợp lệ,17-11-2025
Bán nhà xây thô 5 tầng 120m2 MT 5m đường 7m ô tô cách phố 20m,"31,5 tỷ","Đường Doãn Kế Thiện, Phường Mai Dịch, Quận Cầu Giấy, Hà Nội",120 m²,16 phòng,16 WC,5,Sổ đỏ,17-11-2025
"PHẠM TUẤN TÀI – PHÂN LÔ – Ô TÔ TRÁNH – THANG MÁY – KINH DOANH, 7T 46M2",Thỏa thuận,"Đường Phạm Tuấn Tài, Phường Dịch Vọng Hậu, Quận Cầu Giấy, Hà Nội",45.5 m² (4.5x10.0),3 phòng,4 WC,7,Sổ đỏ,17-11-2025
"CC bán nhà 7 tầng 60m2 ngõ ô tô sát phố Xuân Thuỷ ,full nội thất","28,6 tỷ","Đường Xuân Thủy, Phường Dịch Vọng Hậu, Quận Cầu Giấy, Hà Nội",60 m²,5 phòng,7 WC,7,Sổ đỏ,17-11-2025
"Bán nhà plô  XÂY  7 tầng  mới mặt  Nghĩa Đô  HQV  DT 60M2  GIÁ 30,2 TỶ","28,9 tỷ","Đường Mạc Thái Tổ, Phường Yên Hòa, Quận Cầu Giấy, Hà Nội",60 m² (5.0x12.0),4 phòng,N/A,5,Sổ đỏ,17-11-2025
"CẦU GIẤY NHÀ PHÂN LÔ Ô TÔ KD 1 NHÀ RA PHỐ, DÂN XÂY SỔ VUÔNG - 20 TỶ TL",20 tỷ,"Phường Nghĩa Đô, Quận Cầu Giấy, Hà Nội",53 m² (4.2x10.6),4 phòng,3 WC,5,Giấy tờ hợp lệ,17-11-2025
"Bán nhà Hoàng Quốc Việt P/Lô ô tô tránh vỉa hè, Dt 65m2, 7t, mt 4.5m,","28,8 tỷ","Đường Hoàng Quốc Việt, Phường Nghĩa Đô, Quận Cầu Giấy, Hà Nội",65 m² (4.5x14.4),6 phòng,5 WC,7,Sổ hồng,16-11-2025
Bán nhà phố Trung Kính 165m2 căn góc mặt tiền 8m giá đầu tư,Thỏa thuận,"88, Đường Trung Kính, Phường Trung Hòa, Quận Cầu Giấy, Hà Nội",165 m² (8.0x20.0),5 phòng,5 WC,5,Sổ hồng,16-11-2025
"Bán nhà Hoàng Quốc Việt P/Lô ô tô tránh, Dt 55m2, 5t, mt 5m, mới đẹp.",21 tỷ,"Đường Hoàng Quốc Việt, Phường Nghĩa Đô, Quận Cầu Giấy, Hà Nội",55 m² (5.0x11.0),4 phòng,4 WC,5,Sổ hồng,16-11-2025
"Bán Tòa Nhà Trần Thái Tông, Cầu Giấy 125m, 9 tầng, mt 8.1m, 89.9 tỷ","89,9 tỷ","Đường Trần Thái Tông, Phường Dịch Vọng Hậu, Quận Cầu Giấy, Hà Nội",125 m² (8.1x15.4),7 phòng,8 WC,9,Sổ đỏ,15-11-2025
Nguyễn Khang - Ô Tô Vào Nhà - Kinh doanh - Sát Phố - 4 Tầng 9.6 Tỷ,"9,6 tỷ","Phường Trung Hòa, Quận Cầu Giấy, Hà Nội",30 m² (4.3x7.6),3 phòng,3 WC,4,Giấy tờ hợp lệ,15-11-2025
Chính Chủ Bán Nhà Cầu Giấy 6 Tầng Thang Máy 38m2 Hơn 10 Tỷ Oto đỗ cổng,10 tỷ,"Phường Mai Dịch, Quận Cầu Giấy, Hà Nội",38 m²,3 phòng,5 WC,6,Giấy tờ hợp lệ,15-11-2025
Ccmn  xây mới-thang máy full nội thất-10 phòng cho thuê -dòng tiền,"13,8 tỷ","Phường Yên Hòa, Quận Cầu Giấy, Hà Nội",40 m² (4.3x9.3),10 phòng,7 WC,6,Giấy tờ hợp lệ,15-11-2025
🎈CẦU GIẤY - THANG MÁY - Ô TÔ GẦN - 38M NHỈNH 9 TỶ HIẾM CẦU GIẤY,"9,5 tỷ","Phường Quan Hoa, Quận Cầu Giấy, Hà Nội",38 m²,4 phòng,5 WC,6,Giấy tờ hợp lệ,15-11-2025
"Bán Tòa CCMN Cầu Giấy 45m, 9 Phòng Khép Kín Cho Thuê","10,8 tỷ","Phường Trung Hòa, Quận Cầu Giấy, Hà Nội",38 m² (4.0x10.0),9 phòng,7 WC,5,Giấy tờ hợp lệ,15-11-2025
"Nhà Đẹp Kinh Doanh, Ô TÔ, Mạc Thái Tổ, Cầu Giấy 50m, 7 tầng, 34.9 tỷ","34,9 tỷ","Đường Mạc Thái Tổ, Phường Yên Hòa, Quận Cầu Giấy, Hà Nội",50 m² (4.2x11.9),3 phòng,5 WC,7,Sổ đỏ,15-11-2025
Bán nhà Nguyễn Khang - Cầu Giấy - full nội thất đẹp - gần ô tô tránh,"8,8 tỷ","Phường Yên Hòa, Quận Cầu Giấy, Hà Nội",31 m² (3.2x9.7),3 phòng,3 WC,5,Giấy tờ hợp lệ,15-11-2025
"Bán nhà phân lô Vip Cầu Giấy 7 tầng thang máy ô tô, thông sàn KD đỉnh","33,29 tỷ","Phường Trung Hòa, Quận Cầu Giấy, Hà Nội",51 m²,4 phòng,4 WC,7,Giấy tờ hợp lệ,15-11-2025
"Tôi cần bán nhà mặt phố Cầu Giấy, nhà 5tầng full nội thất.","29,86 tỷ","Phường Dịch Vọng, Quận Cầu Giấy, Hà Nội",40 m²,4 phòng,5 WC,5,Giấy tờ hợp lệ,14-11-2025
HOÀNG QUỐC VIỆT – VỈA HÈ RỘNG – KINH DOANH – Ở SƯỚNG,"15,8 tỷ","Phường Nghĩa Đô, Quận Cầu Giấy, Hà Nội",56 m²,3 phòng,4 WC,5,Giấy tờ hợp lệ,14-11-2025
"Bán nhà Lê Văn Lương, Cầu Giấy lô góc ô tô 35m 10 tỷ",10 tỷ,"Phường Trung Hòa, Quận Cầu Giấy, Hà Nội",35 m²,3 phòng,4 WC,4,Giấy tờ hợp lệ,14-11-2025
"Nhà Đẹp Cầu Giấy 45m2 - 4 Tầng - Vừa Ở - Cho Thuê - Gần Phố - 9,5 Tỷ","9,5 tỷ","Phường Yên Hòa, Quận Cầu Giấy, Hà Nội",45 m² (4.5x10.0),4 phòng,3 WC,4,Giấy tờ hợp lệ,14-11-2025
"Bán gấp nhà Cầu Giấy để mua biệt thự, 50m2, 6 tầng, giá nhỉnh 15 tỷ","15,8 tỷ","Đường Cầu Giấy, Phường Dịch Vọng, Quận Cầu Giấy, Hà Nội",52 m² (4.0x13.0),5 phòng,5 WC,6,Sổ hồng,14-11-2025
DÒNG TIỀN CẦU GIẤY 70m2 - 5 TẦNG KIÊN CỐ - GẦN PHỐ - NGÕ THÔNG - HIẾM,12 tỷ,"Phường Yên Hòa, Quận Cầu Giấy, Hà Nội",70 m² (4.0x17.5),8 phòng,7 WC,5,Giấy tờ hợp lệ,14-11-2025
"Bán gấp  nhà Cầu giấy, HQV, 52m2 ngõ ô tô, phân lô, giá nhỉnh 14 tỷ","14,5 tỷ","Đường Hoàng Quốc Việt, Phường Dịch Vọng, Quận Cầu Giấy, Hà Nội",52 m² (4.0x13.0),5 phòng,5 WC,6,Sổ hồng,14-11-2025
Lô Góc Cầu Giấy 60m2 - 5 Tầng - Ngõ Thông - Kinh Doanh - Giá 11 Tỷ TL,11 tỷ,"Phường Quan Hoa, Quận Cầu Giấy, Hà Nội",60 m² (4.0x12.0),6 phòng,4 WC,5,Giấy tờ hợp lệ,13-11-2025
"Chính chủ cần bán nhà số 20/1/643 Phạm Văn Đồng, phường Nghĩa Đô","11,2 tỷ","Phường Nghĩa Đô, Quận Cầu Giấy, Hà Nội",61 m²,3 phòng,2 WC,2,Sổ đỏ,13-11-2025
Lô Góc Cầu Giấy 40m2 - 6 Tầng Thang Máy - Gần Phố - Ở Ngay - 11 Tỷ,11 tỷ,"Phường Mai Dịch, Quận Cầu Giấy, Hà Nội",40 m² (4.0x10.0),4 phòng,5 WC,6,Giấy tờ hợp lệ,13-11-2025
BÁN NHÀ PHẠM VĂN ĐỒNG - NGÕ THÔNG NHÀ THOÁNG - KINH DOANH ĐỈNH,"10,2 tỷ","Phường Mai Dịch, Quận Cầu Giấy, Hà Nội",35 m² (4.7x7.4),2 phòng,N/A,3,Giấy tờ hợp lệ,13-11-2025
Dòng Tiền Cầu Giấy 60m2 - 6 Tầng Thang Máy - Ngõ Thông - Giá 15 Tỷ,15 tỷ,"Phường Yên Hòa, Quận Cầu Giấy, Hà Nội",60 m² (4.0x12.0),10 phòng,7 WC,6,Giấy tờ hợp lệ,13-11-2025
Nhà Đẹp Võ Chí Công 40m2 - 5 Tầng Thang Máy - Gần Phố - Ở Sướng,9 tỷ,"Phường Nghĩa Đô, Quận Cầu Giấy, Hà Nội",40 m² (4.0x10.0),3 phòng,4 WC,5,Giấy tờ hợp lệ,13-11-2025
BÁN NHÀ CẦU GIẤY – MẶT NGÕ THÔNG – KINH DOANH,"9,5 tỷ","Phường Yên Hòa, Quận Cầu Giấy, Hà Nội",48 m²,4 phòng,3 WC,4,Giấy tờ hợp lệ,13-11-2025
PHÂN LÔ NGUYỄN KHÁNH TOÀN_ 6T THANG MÁY_ GARA Ô TÔ_NGÕ THÔNG KD_,"15,5 tỷ","Phường Nghĩa Đô, Quận Cầu Giấy, Hà Nội",55 m²,6 phòng,6 WC,6,Giấy tờ hợp lệ,12-11-2025
🔥 SIÊU PHẨM CẦU GIẤY – Ô TÔ ĐỖ CỬA – LÔ GÓC 3 THOÁNG,"15,2 tỷ","Phường Dịch Vọng, Quận Cầu Giấy, Hà Nội",55 m²,4 phòng,3 WC,5,Giấy tờ hợp lệ,12-11-2025
Chính Chủ Bán Biệt Thự KĐT Dịch Vọng . Mặt Phố Chính Thọ Tháp,87 tỷ,"Đường Thọ Tháp, Phường Dịch Vọng, Quận Cầu Giấy, Hà Nội",199 m²,6 phòng,8 WC,3.5,Sổ đỏ,16-11-2025
"Tôi Chính Chủ Cần Bán Nhà Khu Phố Trung Kính Đường Đôi . 66,5m2 Xây 7T","33,5 tỷ","Đường Trung Kính, Phường Yên Hòa, Quận Cầu Giấy, Hà Nội",66.5 m²,7 phòng,8 WC,7,Sổ đỏ,16-11-2025
"22 TỶ NHÀ PHÂN LÔ 2 MẶT NGÕ – OTO VÀO NHÀ – 74M2, 5T  HOÀNG QUỐC VIỆT",22 tỷ,"Đường Phùng Chí Kiên, Phường Nghĩa Đô, Quận Cầu Giấy, Hà Nội",74 m²,5 phòng,4 WC,5,Sổ đỏ,11-11-2025
SIÊU PHẨM MẶT NGÕ _ OTO ĐỖ CỬA _ KINH DOANH _ THANG MÁY _Ở NGAY,21 tỷ,"ngõ 5, Đường Hoàng Quốc Việt, Phường Quan Hoa, Quận Cầu Giấy, Hà Nội",50 m²,4 phòng,4 WC,5,Sổ đỏ,16-11-2025
"Bán nhà Phố Hoàng Ngân, 52m2, ô tô đỗ cửa, kinh doanh, 13.3 tỷ!","13,3 tỷ","Phường Trung Hòa, Quận Cầu Giấy, Hà Nội",52 m²,4 phòng,4 WC,4,Giấy tờ hợp lệ,12-11-2025
"CẦN BÁN SIÊU PHẨM ĐỐNG ĐA – DOÃN KẾ THIỆN 70M², 9 TẦNG, MT 5M – 28 TỶ","27,98 tỷ","Phường Mai Dịch, Quận Cầu Giấy, Hà Nội",70 m² (5.0x14.0),11 phòng,N/A,9,Giấy tờ hợp lệ,12-11-2025
"Bán nhà Chính Chủ Yên Hoà Cầu Giấy, 36m2, 80m ra phố, 10.2 tỷ!","10,2 tỷ","Phường Yên Hòa, Quận Cầu Giấy, Hà Nội",36 m²,4 phòng,4 WC,5,Giấy tờ hợp lệ,12-11-2025
"Bán Nhà ĐẤT MẶT NGÕ 22  TRUNG KÍNH. TRẦN DUY HƯNG CẦU GIẤY DT 50,74 M","17,5 tỷ","Đường Trung Kính, Phường Trung Hòa, Quận Cầu Giấy, Hà Nội",50.7 m² (3.8x14.0),5 phòng,3 WC,14,Sổ đỏ,11-11-2025
"Lưu Quang Vũ, Cầu Giấy, ô tô đỗ cửa 60m, 6t, 30 tỷ",30 tỷ,"Đường Lưu Quang Vũ, Phường Dịch Vọng, Quận Cầu Giấy, Hà Nội",55 m² (475.0x14.0),6 phòng,6 WC,7,Sổ đỏ,11-11-2025
"Bán nhà mặt phố Nguyễn Khánh Toàn, diện tích 110m² mặt tiền 5,5m  61,5","61,5 tỷ","Phường Quan Hoa, Quận Cầu Giấy, Hà Nội",110 m² (6.0x16.0),N/A,N/A,6,Sổ đỏ,11-11-2025
"Bán gấp biệt thự Lão Thành Cách Mạng khu 5.2ha Yên Hòa, DT 160M 65 TỶ",65 tỷ,"Quận Cầu Giấy, Hà Nội",160 m² (12.0x18.0),6 phòng,N/A,4,Sổ đỏ,11-11-2025
"Phân lô Trung Kính 59m2*5T,50m ra phố,oto tránh,3thoáng,lô góc,19,3tỷ.","19,3 tỷ","Đường Trung Kính, Phường Trung Hòa, Quận Cầu Giấy, Hà Nội",59 m² (4.0x14.8),4 phòng,3 WC,5,Sổ hồng,10-11-2025
Tin Chuẩn..! Liền Kề Tôn Thất Thuyết 110m2 * 6 Tầng Thang Máy - KD,55 tỷ,"Đường Tôn Thất Thuyết, Phường Yên Hòa, Quận Cầu Giấy, Hà Nội",110 m²,5 phòng,5 WC,6,Sổ đỏ,15-11-2025
"Bán nhà Cầu Giấy 30m2, ngay mặt đường Cầu Giấy, nhỉnh 8 tỷ","8,4 tỷ","Đường Cầu Giấy, Phường Dịch Vọng, Quận Cầu Giấy, Hà Nội",30 m²,3 phòng,4 WC,4,Sổ đỏ,15-11-2025
"🌟 Bán Nhà 6 Tầng Thang Máy – Mặt Ngõ Thông Trần Duy Hưng, Cầu Giấy – 5",17 tỷ,"Phường Trung Hòa, Quận Cầu Giấy, Hà Nội",52 m²,3 phòng,N/A,6,Giấy tờ hợp lệ,11-11-2025
Bán nhà Trần Cung -mới đẹp full nội thất 3pn Ở NGAY giá chỉ nhỉnh 8 tỷ,"8,39 tỷ","Phường Nghĩa Tân, Quận Cầu Giấy, Hà Nội",31 m²,4 phòng,4 WC,5,Giấy tờ hợp lệ,11-11-2025
"BÁN NHÀ PHỐ TRẦN DUY HƯNG. 44/52 M. NHÀ MỚI 6 TẦNG THANG MÁY. 17,8 TỶ","17,8 tỷ","Phường Trung Hòa, Quận Cầu Giấy, Hà Nội",52 m²,3 phòng,4 WC,6,Giấy tờ hợp lệ,11-11-2025
"Nhà đẹp phố Dương Quảng Hàm, 2 thoáng, gần công viên Nghĩa Đô, 11.5 tỷ","11,5 tỷ","Phường Quan Hoa, Quận Cầu Giấy, Hà Nội",40 m²,6 phòng,4 WC,6,Giấy tờ hợp lệ,11-11-2025
TRẦN DUY HƯNG-MỚI -Ở NGAY-FULL NỘI THẤT-6T THANG MÁY,"17,8 tỷ","Phường Trung Hòa, Quận Cầu Giấy, Hà Nội",44 m² (3.5x15.0),3 phòng,4 WC,6,Giấy tờ hợp lệ,11-11-2025
PHỐ HOA BẰNG - XÂY MỚI THANG MÁY - 10 PHÒNG THUÊ - GPXD PHÒNG CHÁY ĐỦ,"13,95 tỷ","Phường Yên Hòa, Quận Cầu Giấy, Hà Nội",40 m² (4.5x9.0),10 phòng,7 WC,6,Giấy tờ hợp lệ,11-11-2025
BÁN NHÀ LẠC LONG QUÂN – 12 PHÒNG KHÉP KÍN – 2 MẶT THOÁNG –Ô TÔ ĐỖ CỬA,28 tỷ,"Phường Nghĩa Đô, Quận Cầu Giấy, Hà Nội",104 m²,11 phòng,7 WC,6,Giấy tờ hợp lệ,11-11-2025
"*** 1 CĂN CCMN DÒNG TIỀN CẦU GIẤY 66M -6 TẦNG-MT 5,5M  CHỈ 1 NGOẶ","18,3 tỷ","Phường Nghĩa Đô, Quận Cầu Giấy, Hà Nội",66 m² (5.5x14.0),11 phòng,7 WC,6,Giấy tờ hợp lệ,11-11-2025
Trần Duy Hưng lô góc-thang máy -full nội thất-ngõ ôtô-ở ngay,"13,3 tỷ","Phường Trung Hòa, Quận Cầu Giấy, Hà Nội",48.6 m²,3 phòng,4 WC,5,Giấy tờ hợp lệ,11-11-2025
💥 NGUYỄN KHÁNH TOÀN - NGÕ THÔNG - CÁCH Ô TÔ 10M,"11,6 tỷ","Phường Quan Hoa, Quận Cầu Giấy, Hà Nội",52 m²,6 phòng,4 WC,5,Giấy tờ hợp lệ,11-11-2025
"BÁN NHANH TOÀ NHÀ KHU NGHĨA TÂN HOÀNG Q VIỆT, MẶT PHỐ Ô TÔ, KD ĐỈNH","62,8 tỷ","Phường Nghĩa Tân, Quận Cầu Giấy, Hà Nội",76 m²,8 phòng,7 WC,9,Giấy tờ hợp lệ,11-11-2025
PHỐ NGUYỄN VĂN HUYÊN - THANG MÁY - 2 MẶT TIỀN - Ô TÔ ĐỖ CỬA - NGÕ RỘNG,"13,9 tỷ","Phường Quan Hoa, Quận Cầu Giấy, Hà Nội",40 m² (3.5x10.5),4 phòng,5 WC,6,Giấy tờ hợp lệ,11-11-2025
"Bán PL Trung kính đường đôi 70m2 x 7T, thang máy MT 5m - 20m ra Phố","32,5 tỷ","Đường Trung Kính, Phường Yên Hòa, Quận Cầu Giấy, Hà Nội",70 m² (5.0x14.0),N/A,N/A,7,Sổ đỏ,10-11-2025
Chính chủ bán liền kề Nghĩa Đô cạnh Starlake Tây Hồ 121m2x4t giá tốt,55 tỷ,"Đường Hoàng Quốc Việt, Phường Nghĩa Đô, Quận Cầu Giấy, Hà Nội",121 m² (20.0x12.0),5 phòng,5 WC,4,Sổ đỏ,10-11-2025
"Cần Bán Căn Nhà PLô  Trung Kính Mạc Thái Tổ Yên Hòa  DT 55 M  34,9 TỶ","34,9 tỷ","Đường Trung Kính, Phường Yên Hòa, Quận Cầu Giấy, Hà Nội",55 m² (4.2x12.0),7 phòng,5 WC,7,Sổ đỏ,10-11-2025
"BÁN NHÀ NGUYỄN KHÁNH TOÀN 68M2 - OTO ĐỖ CỬA - GIÁ 18,8 TỶ - 5 TẦNG","18,8 tỷ","Đường Nguyễn Khánh Toàn, Phường Quan Hoa, Quận Cầu Giấy, Hà Nội",68 m²,6 phòng,5 WC,5,Sổ đỏ,09-11-2025
BÁN NHÀ NGUYỄN VĂN HUYÊN – CẦU GIẤY – DIỆN TÍCH 67 M2 – 5 TẦNG/6 NGỦ -,"18,6 tỷ","Đường Nguyễn Văn Huyên, Phường Quan Hoa, Quận Cầu Giấy, Hà Nội",67 m²,6 phòng,5 WC,5,Sổ đỏ,09-11-2025
"BÁN NHÀ PHÂN LÔ CÁN BỘ SỔ VUÔNG Ô TÔ VÀO NHÀ , PHỐ DƯƠNG KHUÊ, 15TỶ","15,5 tỷ","Đường Cầu Giấy, Phường Dịch Vọng, Quận Cầu Giấy, Hà Nội",45 m² (5.0x10.0),4 phòng,4 WC,5,Sổ hồng,14-11-2025
Hàng Hiếm - Bán nhà Ngõ 68 Cầu giấy - 10M ra ô tô tránh - cực đẹp,"12,2 tỷ","Đường Cầu Giấy, Phường Quan Hoa, Quận Cầu Giấy, Hà Nội",35 m² (5.1x8.0),4 phòng,3 WC,5,Sổ đỏ,14-11-2025
"Hiếm - 9,5 tỷ - Dương quảng hàm - Cầu giấy - 6 tầng - Thang máy -mt 8m","9,5 tỷ","Đường Dương Quảng Hàm, Phường Dịch Vọng Hậu, Quận Cầu Giấy, Hà Nội",40 m² (8.0x5.0),6 phòng,4 WC,6,Sổ đỏ,14-11-2025
"Bán nhà Nguyễn Khang, Lô Góc, 6 tầng, 69m, 5m mt, giá 25 tỷ",25 tỷ,"Đường Nguyễn Khang, Phường Yên Hòa, Quận Cầu Giấy, Hà Nội",69 m²,5 phòng,N/A,6,Sổ đỏ,14-11-2025
"Biệt Thự Căn Góc Vườn Hoa - Khu VIP Đường To, Vỉa Hè To - 270M2* 110ty",110 tỷ,"Đường Nguyễn Chánh, Phường Yên Hòa, Quận Cầu Giấy, Hà Nội",270 m²,5 phòng,5 WC,4,Sổ hồng,14-11-2025
"Bán nhanh  nhà Trần Duy Hưng, lô góc, 30m, 5 tầng, 4m MT, Gía 8,6 tỷ","8,6 tỷ","Đường Trần Duy Hưng, Phường Yên Hòa, Quận Cầu Giấy, Hà Nội",30 m²,3 phòng,N/A,4,Sổ đỏ,09-11-2025
"89 Lạc Long Quân - MẶT TIỀN KINH DOANH, NHÀ VEN HỒ, VIEW XANH MÁT",16 tỷ,"Đường Lạc Long Quân, Phường Nghĩa Đô, Quận Cầu Giấy, Hà Nội",40 m²,4 phòng,3 WC,N/A,Sổ đỏ,08-11-2025
"💥 Bán nhà NGUYỄN KHANG,ÔTÔ đỗ, công năng linh động,ở kết hợp giữ tiền",12 tỷ,"Đường Nguyễn Khang, Phường Yên Hòa, Quận Cầu Giấy, Hà Nội",55 m²,N/A,N/A,4,Sổ đỏ,13-11-2025
"Bán Nhanh Nhà Phố Yên Hoà,  thang máy, 35m, 7 tầng, 5m MT, Nhỉnh 11 tỷ",11 tỷ,"Đường Yên Hòa, Phường Yên Hòa, Quận Cầu Giấy, Hà Nội",35 m²,5 phòng,N/A,7,Sổ đỏ,13-11-2025
"Bán Tòa Văn Phòng Phố Trần Thái Tông, Xuân Thủy 9 Tầng 1 Hầm Lô Góc",298 tỷ,"Đường Xuân Thủy, Phường Dịch Vọng Hậu, Quận Cầu Giấy, Hà Nội",300 m²,3 phòng,10 WC,9,Sổ đỏ,08-11-2025
"BÁN NHÀ PHỐ TRẦN DUY HƯNG CẦU GIẤY. DT 40M, 5 TẦNG. GIÁ 13,4 TỈ","13,4 tỷ","Phường Trung Hòa, Quận Cầu Giấy, Hà Nội",40 m²,6 phòng,4 WC,5,Giấy tờ hợp lệ,09-11-2025
"Bán gấp nhà  Yên Hoà ở ngay, 30m ra MP 50m2,MT 4.5m, giá 12,9 tỷ","12,9 tỷ","Đường Yên Hòa, Phường Yên Hòa, Quận Cầu Giấy, Hà Nội",50 m²,4 phòng,N/A,2,Sổ đỏ,07-11-2025
"Nhà Trần Duy Hưng, 45m x6T-MT 5M-KD-Ở Luôn-Ngõ Thông-Gara Ô Tô-Sầm Uất","22,5 tỷ","Đường Trần Duy Hưng, Phường Trung Hòa, Quận Cầu Giấy, Hà Nội",45 m²,N/A,N/A,6,Sổ đỏ,24-10-2025
"GẤP - Nhà Ngõ 79 Cầu Giấy - 40M - 4 tầng - MT 3,5M - lô góc - 11.5 tỷ","11,5 tỷ","Đường Cầu Giấy, Phường Quan Hoa, Quận Cầu Giấy, Hà Nội",40 m² (4.0x10.0),5 phòng,3 WC,4,Sổ đỏ,12-11-2025
"Siêu Phẩm Phân lô Trần Duy Hưng, Thang máy, 49 m, 6 tầng, giá 16,5 tỷ","16,5 tỷ","Đường Trần Duy Hưng, Phường Yên Hòa, Quận Cầu Giấy, Hà Nội",49 m²,8 phòng,N/A,6,Sổ đỏ,12-11-2025
"Siêu phẩm  Trung Kính, gara oto, 74m, 6 tầng, 4,5m MT, GIÁ 22,8 tỷ","22,8 tỷ","Phường Trung Hòa, Quận Cầu Giấy, Hà Nội",74 m²,6 phòng,N/A,6,Sổ đỏ,12-11-2025
"Bán Nhanh - Nhà Ngõ 79 Cầu Giấy - hà nội - 50M - 5 Tầng - Mt 4,5M",13 tỷ,"Phường Quan Hoa, Quận Cầu Giấy, Hà Nội",50 m² (4.5x11.0),5 phòng,4 WC,5,Sổ đỏ,12-11-2025
Bán Gấp - Nhà Ngõ 175 Lạc long quân - Cầu giấy - Hà nội,"17,9 tỷ","Đường Lạc Long Quân, Phường Nghĩa Đô, Quận Cầu Giấy, Hà Nội",55 m² (4.2x11.0),5 phòng,4 WC,5,Sổ đỏ,12-11-2025
BÁN ĐẤT TẶNG NHÀ CẦU GIẤY_60M_CÓ 7P KK_DÂN XÂY_NGÕ THÔNG_20M RA OTO,"14,5 tỷ","Phường Dịch Vọng, Quận Cầu Giấy, Hà Nội",60 m²,7 phòng,7 WC,44,Giấy tờ hợp lệ,08-11-2025
"Tôi cần bán nhà mặt ngõ Trần Duy Hưng, 6tầng thang máy full nội thất","17,79 tỷ","Phường Trung Hòa, Quận Cầu Giấy, Hà Nội",45 m²,4 phòng,6 WC,6,Giấy tờ hợp lệ,08-11-2025
BÁN NHÀ – NGUYỄN KHANG -CẦU GIẤY 44m2 – Gần Phố - NHỈNH 11 TỶ.,"11,5 tỷ","Đường Nguyễn Khang, Phường Yên Hòa, Quận Cầu Giấy, Hà Nội",44 m² (3.9x11.3),6 phòng,4 WC,5,Sổ đỏ,07-11-2025
"Nhà Nguyễn Ngọc Vũ, 90m-MT 7M-Ngõ thông-Kinh Doanh-Ở-Sổ Đẹp-Xây CCMN","19,2 tỷ","Đường Nguyễn Ngọc Vũ, Phường Trung Hòa, Quận Cầu Giấy, Hà Nội",90 m²,N/A,N/A,N/A,Sổ đỏ,23-10-2025
"Nhà Nguyễn Ngọc Vũ, 72m x3T-MT Đẹp-KD-Ở-2 Thoáng-Ngõ Thông-Gara Ô Tô",15 tỷ,"Đường Nguyễn Ngọc Vũ, Phường Trung Hòa, Quận Cầu Giấy, Hà Nội",72 m²,N/A,N/A,3,Sổ đỏ,23-10-2025
"Nhà Nguyễn Ngọc Vũ, 133m x3T-MT 7M-Kinh Doanh-Ở-Ngõ Thông-Ô Tô Tránh",45 tỷ,"Đường Nguyễn Ngọc Vũ, Phường Trung Hòa, Quận Cầu Giấy, Hà Nội",133 m²,N/A,N/A,3,Sổ đỏ,23-10-2025
"Bán gấp nhà Xuân thủy, Cầu giấy thang máy gần ngõ ô tô giá nhỉnh 12tỷ","12,5 tỷ","Phường Dịch Vọng, Quận Cầu Giấy, Hà Nội",38 m² (4.0x9.0),6 phòng,5 WC,6,Sổ hồng,11-11-2025
"Bán gấp ngay nhà phố Cầu Giấy, phân lô ô tô đỗ, lô góc MT 8m, giá nhỉn","14,2 tỷ","Đường Cầu Giấy, Phường Nghĩa Đô, Quận Cầu Giấy, Hà Nội",36 m² (5.0x8.0),5 phòng,4 WC,6,Sổ hồng,11-11-2025
"Bán nhà Nguyễn Văn Huyên Cầu Giấy 38m² 6 tầng thang máy mới giá 9,5 t","9,5 tỷ","Đường Nguyễn Văn Huyên, Phường Quan Hoa, Quận Cầu Giấy, Hà Nội",38 m²,4 phòng,6 WC,6,Sổ đỏ,11-11-2025
Nguyễn Khánh Toàn – Cầu Giấy Ô tô – 65 m2 -5 Tầng – Mặt Tiền 9.9 m,"18,6 tỷ","Đường Nguyễn Khánh Toàn, Phường Nghĩa Đô, Quận Cầu Giấy, Hà Nội",65 m² (9.9x7.0),16 phòng,8 WC,5,Sổ đỏ,11-11-2025
"Bán nhà phố Hoàng Quốc Việt Cầu Giấy Hà Nội, ngõ phân lô ô tô tránh","18,5 tỷ","Đường Hoàng Quốc Việt, Phường Nghĩa Đô, Quận Cầu Giấy, Hà Nội",37 m²,N/A,N/A,7,Sổ đỏ,11-11-2025
"Bán nhà LƯU QUANG VŨ  DT 50M2, 6 TẦNG",32 tỷ,"Đường Lưu Quang Vũ, Phường Trung Hòa, Quận Cầu Giấy, Hà Nội",50 m²,6 phòng,5 WC,6,Sổ đỏ,11-11-2025
"PHÂN LÔ TRUNG KÍNH, MẠC THÁI TỔ, 50M 7T THANG MÁY – NỘI THẤT SANG, SỊN","22,5 tỷ","Đường Trung Kính, Phường Yên Hòa, Quận Cầu Giấy, Hà Nội",50 m² (4.2x12.8),3 phòng,5 WC,7,Sổ đỏ,11-11-2025
"Bán nhà 48 m2x5 tầng, số 9 ngách 3 ngõ 41 Trần Duy Hưng, MT 4m","15,6 tỷ","Đường Trần Duy Hưng, Phường Trung Hòa, Quận Cầu Giấy, Hà Nội",48 m²,N/A,N/A,5,Sổ đỏ,11-11-2025
NHÀ ĐẸP LẠC LONG QUÂN – HỘ KHẨU CẦU GIẤY – NGÕ BA GÁC – NỞ HẬU,"8,2 tỷ","Phường Nghĩa Đô, Quận Cầu Giấy, Hà Nội",27 m²,5 phòng,3 WC,4,Giấy tờ hợp lệ,07-11-2025
NHÀ ĐẸP – 2 MẶT THOÁNG VĨNH VIỄN – 15M RA Ô TÔ – 50M RA PHỐ XUÂN THUỶ,"8,9 tỷ","Phường Dịch Vọng Hậu, Quận Cầu Giấy, Hà Nội",30 m²,3 phòng,4 WC,6,Giấy tờ hợp lệ,07-11-2025
"NHÀ CẦU GIẤY-30M2-5 TẦNG- 3 NGỦ GẦN NGÕ Ô TÔ-NGÕ BA GÁC-7,8 TỶ.","7,8 tỷ","Phường Quan Hoa, Quận Cầu Giấy, Hà Nội",30 m²,3 phòng,N/A,N/A,Giấy tờ hợp lệ,07-11-2025
NHÀ NGÕ QUẬN ỦY – CẦU GIẤY – 5 TẦNG – 2 MẶT THOÁNG – ĐANG CHO THUÊ TỐT,"8,25 tỷ","Phường Quan Hoa, Quận Cầu Giấy, Hà Nội",30 m²,3 phòng,4 WC,5,Giấy tờ hợp lệ,07-11-2025
"Nhà Hoàng Quốc Việt, 58m x7T-MT 4.5M-2 Thoáng-Ở-KD-Ô Tô Tránh-Nhà mới","29,8 tỷ","Đường Hoàng Quốc Việt, Phường Nghĩa Tân, Quận Cầu Giấy, Hà Nội",58 m²,N/A,N/A,7,Sổ đỏ,22-10-2025
"Nhà Hoàng Quốc Việt, 60m x6T-MT 5.1M-2 Mặt Ngõ-Ở-KD-Gara Ô Tô-Nhà Mới","26,5 tỷ","Đường Hoàng Quốc Việt, Phường Nghĩa Tân, Quận Cầu Giấy, Hà Nội",60 m²,N/A,N/A,7,Sổ đỏ,22-10-2025
"Bán Gấp Lô Vip Trung Kính, gara oto, 100m, 6 tầng, 12,5m MT, Gía 33 tỷ",33 tỷ,"Đường Trung Kính, Phường Yên Hòa, Quận Cầu Giấy, Hà Nội",100 m²,4 phòng,N/A,N/A,Sổ đỏ,10-11-2025
Bán Nhà Phố Tú Mỡ - Cầu Giấy - 83m2 x 8m MT - 30m Ra Phố KD - 21.9 Tỷ,"21,99 tỷ","Đường Tú Mỡ, Phường Trung Hòa, Quận Cầu Giấy, Hà Nội",83 m²,5 phòng,5 WC,4,Sổ hồng,10-11-2025
HOÀNG QUỐC VIỆT - NGHĨA ĐÔ - CẦU GIẤY - 80M - 7 TẦNG - 3 MT - KD ĐỈNH,"30,5 tỷ","Đường Hoàng Quốc Việt, Phường Nghĩa Đô, Quận Cầu Giấy, Hà Nội",80 m² (8.5x10.0),10 phòng,7 WC,7,Sổ đỏ,10-11-2025
CẦN BÁN GẤP NHÀ PHẠM VĂN ĐỒNG - CẦU GIẤY,"11,5 tỷ","Phường Mai Dịch, Quận Cầu Giấy, Hà Nội",35 m²,3 phòng,3 WC,6,Giấy tờ hợp lệ,06-11-2025
Bán nhà dân xây 4t - Quan Hoa - Nguyễn Khánh Toàn 6.1ty,"6,1 tỷ","Phường Quan Hoa, Quận Cầu Giấy, Hà Nội",25 m²,3 phòng,3 WC,4,Giấy tờ hợp lệ,06-11-2025
NHÀ CẦU GIẤY – NGÕ THÔNG – 10M RA Ô TÔ TRÁNH,"6,1 tỷ","Phường Dịch Vọng, Quận Cầu Giấy, Hà Nội",21 m²,3 phòng,4 WC,4,Giấy tờ hợp lệ,06-11-2025
BÁN NHÀ ĐẸP – LÔ GÓC 3 THOÁNG – Ô TÔ ĐỖ CỬA  – CẦU GIẤY,"15,6 tỷ","Phường Dịch Vọng Hậu, Quận Cầu Giấy, Hà Nội",42 m²,5 phòng,5 WC,4,Giấy tờ hợp lệ,06-11-2025
"CHỈ 11,6TỶ PHẠM VĂN ĐỒNG CẦU GIẤY 35m GẦN PHỐ NGÕ THÔNG THANG MÁY","11,6 tỷ","Phường Mai Dịch, Quận Cầu Giấy, Hà Nội",35 m²,3 phòng,N/A,6,Giấy tờ hợp lệ,06-11-2025
NHÀ MỚI ĐẸP DƯƠNG QUẢNG HÀM - CỰC THOÁNG- ÔTÔ VÀO NHÀ-VỊ TRÍ KIM CƯƠNG,"18,5 tỷ","Phường Quan Hoa, Quận Cầu Giấy, Hà Nội",55 m² (5.0x11.0),4 phòng,5 WC,6,Giấy tờ hợp lệ,06-11-2025
PHỐ DOÃN KẾ THIỆN - 8 TẦNG XÂY MỚI THANG MÁY–4 Ô TÔ TRÁNH–VỈA HÈ RỘNG,"42,5 tỷ","Phường Mai Dịch, Quận Cầu Giấy, Hà Nội",80 m² (5.5x14.5),10 phòng,7 WC,8,Giấy tờ hợp lệ,06-11-2025
Tôi cần bán nhà 4tầng mặt ngõ Hoàng Quốc Việt ô tô chánh đỗ.,"15,6 tỷ","Phường Nghĩa Đô, Quận Cầu Giấy, Hà Nội",41 m²,4 phòng,4 WC,4,Giấy tờ hợp lệ,06-11-2025
Tôi cần bán nhà 5tầng mặt phố Hoa Bằng Cầu Giấy.,"24,86 tỷ","Phường Yên Hòa, Quận Cầu Giấy, Hà Nội",61 m²,4 phòng,5 WC,5,Giấy tờ hợp lệ,06-11-2025
"Bán nhà Võ Chí Công, 7 tầng thang máy, ngõ thông, ô tô đỗ cửa","27,5 tỷ","Đường Võ Chí Công, Phường Nghĩa Đô, Quận Cầu Giấy, Hà Nội",97 m²,N/A,N/A,7,Sổ đỏ,05-11-2025
"Bán nhà Hoàng Quốc Việt đường vào to như phố, DT 85m2, 5t, mt 5.9m.","33,3 tỷ","Đường Hoàng Quốc Việt, Phường Nghĩa Đô, Quận Cầu Giấy, Hà Nội",85 m² (5.9x14.4),5 phòng,4 WC,5,Sổ hồng,05-11-2025
Phố Xuân Thuỷ - Cầu Giấy – 218 M2 – 4 Tầng -MT 14 M – Giá 38.3 Tỷ.,"38,3 tỷ","Đường Xuân Thủy, Phường Dịch Vọng, Quận Cầu Giấy, Hà Nội",218 m² (14.0x15.5),5 phòng,5 WC,4,Sổ đỏ,09-11-2025
"Bán nhà mặt phố Hoàng Quốc Việt Việt, P Nghĩa Đô 100m2, 9 tầng, MT 6m",50 tỷ,"Đường Hoàng Quốc Việt, Phường Nghĩa Đô, Quận Cầu Giấy, Hà Nội",100 m² (6.0x17.0),8 phòng,N/A,9,Sổ đỏ,09-11-2025
"Bán nhà phân lô phố Trung Kính, 80m2, 5 tầng, MT5m, ô tô, kính doanh.",30 tỷ,"Đường Trung Kính, Phường Yên Hòa, Quận Cầu Giấy, Hà Nội",80 m² (5.0x16.0),6 phòng,N/A,5,Sổ đỏ,09-11-2025
"Hạ sâu! 7 tầng thang máy Hoàng Quốc Việt, tầm nhìn mới, đẳng cấp 5*","28,79 tỷ","89, Đường Hoàng Quốc Việt, Phường Nghĩa Đô, Quận Cầu Giấy, Hà Nội",65 m²,6 phòng,N/A,7,Sổ đỏ,04-11-2025
"Nhà quận Cầu Giấy, ô tô tránh, 3 thoáng, 6 tầng, thang máy, 13.5 tỷ","13,5 tỷ","Phường Nghĩa Đô, Quận Cầu Giấy, Hà Nội",40 m²,4 phòng,5 WC,6,Giấy tờ hợp lệ,05-11-2025
Bán nhà phố Nguyễn Quốc Trị  - Vỉa Hè 3 Ô Tô Tránh - 140m2 - 54 Tỷ.,54 tỷ,"Đường Nguyễn Quốc Trị, Phường Trung Hòa, Quận Cầu Giấy, Hà Nội",140 m²,4 phòng,4 WC,4,Sổ hồng,08-11-2025
PHÂN LÔ NGUYỄN VĂN HUYÊN - Ô TÔ - KD - THANG MÁY 13tỷ,13 tỷ,"Phường Nghĩa Đô, Quận Cầu Giấy, Hà Nội",40 m²,4 phòng,5 WC,6,Giấy tờ hợp lệ,05-11-2025
Chính Chủ Bán Đất Tặng Nhà 4 tầng Cầu Giấy . Giá 14.5tỷ,"14,5 tỷ","Đường Cầu Giấy, Phường Quan Hoa, Quận Cầu Giấy, Hà Nội",60 m²,7 phòng,4 WC,4,Sổ đỏ,08-11-2025
"Chính chủ cần bán nhà số 20/1/643 Phạm Văn Đồng, phường Nghĩa Đô, ô ô,","11,2 tỷ","20/1/643, Đường Phạm Văn Đồng, Phường Nghĩa Đô, Quận Cầu Giấy, Hà Nội",61 m²,3 phòng,2 WC,2,Sổ đỏ,08-11-2025
PHÂN LÔ_HỒ TÙNG MẠUA_5 TẦNG DÂN XÂY_Ô TÔ TRÁNH_NGAY ĐH THƯƠNG MẠI,"8,4 tỷ","Phường Mai Dịch, Quận Cầu Giấy, Hà Nội",30 m²,3 phòng,4 WC,5,Giấy tờ hợp lệ,04-11-2025
BÁN NHÀ VÕ CHÍ CÔNG – 5T THANG MÁY – 50M RA MẶT PHỐ – CHỈ 8.9 TỶ,"8,9 tỷ","Phường Nghĩa Đô, Quận Cầu Giấy, Hà Nội",35 m²,3 phòng,4 WC,5,Giấy tờ hợp lệ,04-11-2025
NHÀ MỚI TRUNG TÂM BA ĐÌNH - 35M2 - 6 TẦNG CÓ THANG MÁY - NỞ HẬU,"11,6 tỷ","Phường Mai Dịch, Quận Cầu Giấy, Hà Nội",35 m²,4 phòng,N/A,6,Giấy tờ hợp lệ,04-11-2025
TRẦN THÁI TÔNG – 6 TẦNG – 2 THOÁNG – CHỈ 8.9 TỶ – CẦU GIẤY,"8,9 tỷ","Phường Dịch Vọng Hậu, Quận Cầu Giấy, Hà Nội",30 m²,3 phòng,3 WC,6,Giấy tờ hợp lệ,04-11-2025
"🏡☘️ Bán nhà Hoàng Quốc Việt, Cầu Giấy 7 tầng thang máy, gara ôtô, 65m","27,9 tỷ","Phường Nghĩa Tân, Quận Cầu Giấy, Hà Nội",65 m²,4 phòng,5 WC,7,Giấy tờ hợp lệ,04-11-2025
BÁN BIỆT THƯ Ở CẦU GIẤY - DIỆN TÍCH 222M2 THỔ CƯ - NGÕ RỘNG THOÁNG,"38,5 tỷ","Phường Dịch Vọng Hậu, Quận Cầu Giấy, Hà Nội",222 m²,4 phòng,4 WC,4,Giấy tờ hợp lệ,03-11-2025
Bán nhà phân lô ngõ 175 Xuân Thủy - cầu giấy,44 tỷ,"175, Đường Xuân Thủy, Phường Dịch Vọng Hậu, Quận Cầu Giấy, Hà Nội",270 m² (16.0x26.0),N/A,N/A,N/A,Sổ đỏ,18-10-2025
Chính Chủ Bán Toà Nhà VP 9 Tầng Mặt Phố Quận Cầu Giấy,110 tỷ,"Phường Quan Hoa, Quận Cầu Giấy, Hà Nội",150 m²,11 phòng,10 WC,9,Sổ đỏ,07-11-2025
Bán Nhà Phân Lô Ngõ Trần Quốc Hoàn Ô Tô Vào. 41m x 7 Tầng thang máy,"24,3 tỷ","Đường Trần Quốc Hoàn, Phường Dịch Vọng Hậu, Quận Cầu Giấy, Hà Nội",41 m²,6 phòng,6 WC,77,Sổ hồng,07-11-2025
NHÀ PHÂN LÔ 2 MẶT NGÕ – OTO VÀO NHÀ – 76 M2 x 5 TẦNG – HOÀNG QUỐC VIỆT,"21,9 tỷ","Đường Hoàng Quốc Việt, Phường Nghĩa Đô, Quận Cầu Giấy, Hà Nội",76 m²,5 phòng,4 WC,5,Sổ đỏ,10-11-2025
"Cầu giấy - 50M - 6 Tầng - Ô Tô - kinh doanh - Chỉ 15,8 tỷ","15,8 tỷ","Đường Cầu Giấy, Phường Quan Hoa, Quận Cầu Giấy, Hà Nội",50 m² (3.6x14.0),5 phòng,4 WC,6,Sổ đỏ,07-11-2025
Nhà dòng tiền-căn hộ cho thuê  74mx  thang máy Trung kính 20.5 tỷ,"20,5 tỷ","Phường Yên Hòa, Quận Cầu Giấy, Hà Nội",74 m² (6.0x12.0),10 phòng,7 WC,66,Giấy tờ hợp lệ,03-11-2025
"Bán nhà đường Cầu Giấy, Dân xây mặt tiền rộng thoáng sáng nội thất đẹp",15 tỷ,"Phường Dịch Vọng, Quận Cầu Giấy, Hà Nội",58 m² (6.0x10.0),5 phòng,N/A,5,Giấy tờ hợp lệ,03-11-2025
"Bán nhà phân lô mặt ngõ đường Cầu Giấy dt 100m², mặt tiền 6,6m giá 308",Thỏa thuận,"26, Đường Cầu Giấy, Phường Quan Hoa, Quận Cầu Giấy, Hà Nội",100 m² (6.0x16.0),5 phòng,4 WC,5,Sổ hồng,02-11-2025
HIẾM - HOÀNG QUỐC VIỆT - NGUYỄN VĂN HUYÊN- 70M - 5 TẦNG - MT 5M,23 tỷ,"Đường Hoàng Quốc Việt, Phường Nghĩa Đô, Quận Cầu Giấy, Hà Nội",70 m² (5.0x14.0),9 phòng,8 WC,5,Sổ đỏ,07-11-2025
Tôi cần bán nhà Trần Quốc Hoàn 4tầng mặt ngõ ô tô chánh đỗ kinh doanh,"19,89 tỷ","Phường Dịch Vọng Hậu, Quận Cầu Giấy, Hà Nội",52.6 m²,4 phòng,4 WC,4,Giấy tờ hợp lệ,03-11-2025
Siêu phẩm mặt phố Dương Khuê - kinh doanh đỉnh - 46m2x5 tầng 25.5tỷ,"25,5 tỷ","Phường Mai Dịch, Quận Cầu Giấy, Hà Nội",46 m² (4.2x11.0),5 phòng,N/A,N/A,Giấy tờ hợp lệ,03-11-2025
Tậu nhà Mặt ngõ oto tránh-ngõ thôngTrung Kính 57mx6T KD đa dạng-22.5tỷ,"22,5 tỷ","Phường Yên Hòa, Quận Cầu Giấy, Hà Nội",57 m² (4.0x14.0),5 phòng,5 WC,5,Giấy tờ hợp lệ,03-11-2025
BÁN NHÀ CẦU GIẤY - NHÀ MỚI - NGÕ THÔNG - OTO VỈA HÈ - NỘI THẤT CAO CẤP,"21,7 tỷ","Phường Dịch Vọng Hậu, Quận Cầu Giấy, Hà Nội",40 m²,3 phòng,5 WC,7,Giấy tờ hợp lệ,02-11-2025
BÁN NHÀ CẦU GIẤY - CĂN HỘ DỊCH VỤ - DÒNG TIỀN KHỦNG,"23,5 tỷ","Phường Dịch Vọng, Quận Cầu Giấy, Hà Nội",77 m²,11 phòng,7 WC,6,Giấy tờ hợp lệ,02-11-2025
"MẶT PHỐ GẦN NGÃ 3 KHÚC THỪA DỤ, CẦU GIẤY, 5T THANG MÁY, LÔ GÓC. 70M","48,9 tỷ","Đường Cầu Giấy, Phường Dịch Vọng, Quận Cầu Giấy, Hà Nội",70 m² (5.0x14.0),5 phòng,5 WC,5,Sổ đỏ,06-11-2025
"Bán nhà Võ Chí Công. 1 nhà ra ô tô, vài bước ra mặt đường. 65m- 13 tỷ",13 tỷ,"Đường Võ Chí Công, Phường Nghĩa Đô, Quận Cầu Giấy, Hà Nội",65 m² (6.0x11.0),3 phòng,2 WC,3,Sổ hồng,06-11-2025
BÁN BIỆT THỰ CẦU GIẤY  – FULL THỔ CƯ – CHIA LÔ XÂY TÒA ĐẲNG CẤP,"38,5 tỷ","Phường Dịch Vọng Hậu, Quận Cầu Giấy, Hà Nội",222 m²,4 phòng,4 WC,4,Giấy tờ hợp lệ,02-11-2025
BÁN NHÀ LẠC LONG QUÂN – CĂN GÓC 3 MẶT THOÁNG – GẦN HỒ TÂY,"11,9 tỷ","Phường Nghĩa Đô, Quận Cầu Giấy, Hà Nội",39 m²,5 phòng,4 WC,5,Giấy tờ hợp lệ,02-11-2025
CỰC HIẾM - NHÀ CẦU GIẤY - MẶT NGÕ Ô TÔ - 50M - 6 TẦNG - KD ĐỈNH,"15,8 tỷ","Đường Cầu Giấy, Phường Quan Hoa, Quận Cầu Giấy, Hà Nội",50 m² (3.5x15.0),5 phòng,3 WC,6,Sổ đỏ,06-11-2025
BÁN NHÀ CẦU GIẤY - GẦN PHỐ - 30M RA OTO TRÁNH,"11,9 tỷ","Phường Nghĩa Đô, Quận Cầu Giấy, Hà Nội",39 m²,5 phòng,4 WC,6,Giấy tờ hợp lệ,02-11-2025
BÁN NHÀ CẦU GIẤY - NHÀ MẶT PHỐ - VỊ TRÍ VÀNG - KINH DOANH ĐỈNH,"29,8 tỷ","Phường Dịch Vọng, Quận Cầu Giấy, Hà Nội",40 m²,5 phòng,5 WC,5,Giấy tờ hợp lệ,02-11-2025
BÁN NHÀ CẦU GIẤY - BIỆT THỰ SÂN VƯỜN - NHÀ ĐẸP RỰC RỠ - CƠ HỘI ĐẦU TƯ,"38,5 tỷ","Phường Dịch Vọng Hậu, Quận Cầu Giấy, Hà Nội",222 m²,4 phòng,4 WC,4,Giấy tờ hợp lệ,02-11-2025
BÁN CCMN DÒNG TIỀN - DOANH THU KHỦNG - 3 GÁC ĐỖ CỬA,"40,5 tỷ","Phường Quan Hoa, Quận Cầu Giấy, Hà Nội",126 m²,11 phòng,7 WC,7,Giấy tờ hợp lệ,02-11-2025
"Nhà đẹp đón Tết - Cạnh Hoàng Quốc Việt - 40m2,6 tầng thang máy 11.4tỷ","11,4 tỷ","Phường Dịch Vọng Hậu, Quận Cầu Giấy, Hà Nội",40 m²,5 phòng,4 WC,6,Giấy tờ hợp lệ,02-11-2025
"CẦN TIỀN BÁN GẤP NHÀ NGÕ 78 VÕ CHÍ CÔNG GIÁ 8,9 TỶ DT 35M NHÀ MỚI","8,9 tỷ","Phường Nghĩa Đô, Quận Cầu Giấy, Hà Nội",35 m² (4.2x8.5),4 phòng,5 WC,5,Giấy tờ hợp lệ,02-11-2025
"NHÀ MẶT NGÕ THÔNG, GARA ÔTÔ - KINH DOANH - THANG MÁY, CẠNH HỒ ĐIỀU HÒA",16 tỷ,"Phường Nghĩa Đô, Quận Cầu Giấy, Hà Nội",35 m²,4 phòng,5 WC,6,Giấy tờ hợp lệ,02-11-2025
BÁN NHÀ LẠC LONG QUÂN – 39M – 5 TẦNG – CẦU GIẤY – CHỈ 11.9 TỶ,"11,9 tỷ","Phường Nghĩa Đô, Quận Cầu Giấy, Hà Nội",39 m²,5 phòng,4 WC,5,Giấy tờ hợp lệ,02-11-2025
Tôi cần bán nhà 7tầng thang máy full nội thất mặt ngõ ô tô chánh đỗ,"25,45 tỷ","Phường Nghĩa Tân, Quận Cầu Giấy, Hà Nội",52 m²,8 phòng,7 WC,7,Giấy tờ hợp lệ,02-11-2025
"TÒA CHUNG CƯ MINI, TRẦN CUNG, PHƯỜNG NGHĨA ĐÔ,  HÀ NỘI","18,8 tỷ","Phường Nghĩa Đô, Quận Cầu Giấy, Hà Nội",70 m² (5.0x14.0),11 phòng,7 WC,N/A,Giấy tờ hợp lệ,01-11-2025
"Bán Nhà Mặt Phố Kinh Doanh Trần Tử Bình 76/90m, 9 tầng, mt 4m, 64.8 tỷ","64,8 tỷ","Đường Trần Tử Bình, Phường Nghĩa Tân, Quận Cầu Giấy, Hà Nội",76 m² (4.0x19.0),6 phòng,4 WC,9,Sổ đỏ,01-11-2025
"Hoàng Quốc Việt, Cầu Giấy 2 mặt tiền, 85M, 4T, 35 tỷ",35 tỷ,"Đường Hoàng Quốc Việt, Phường Nghĩa Đô, Quận Cầu Giấy, Hà Nội",85 m² (6.0x12.0),6 phòng,5 WC,4,Sổ đỏ,01-11-2025
"Trần Quốc Vượng- Dịch Vọng Hậu- Cầu Giấy- 130M, 10T, 86 tỷ","86,9 tỷ","Đường Trần quốc vượng, Phường Dịch Vọng Hậu, Quận Cầu Giấy, Hà Nội",131 m² (6.1x22.0),9 phòng,9 WC,9,Sổ đỏ,01-11-2025
"Bán nhà đẹp ở ngay Nguyễn Khang, 10m ra oto, 30m, 5 tầng, giá 8,9 tỷ","8,9 tỷ","Đường Nguyễn Khang, Phường Trung Hòa, Quận Cầu Giấy, Hà Nội",30 m²,3 phòng,N/A,5,Sổ đỏ,12-11-2025
"BÁN GẤP NHÀ Ô TÔ , CẦU GIẤY, LẠC LONG QUÂN,  SỔ VUÔNG , GIÁ 10.4 tỷ","10,4 tỷ","Phường Nghĩa Đô, Quận Cầu Giấy, Hà Nội",36 m² (4.5x9.0),4 phòng,5 WC,N/A,Sổ hồng,05-11-2025
HIẾM - NGUYỄN VĂN HUYÊN - CẦU GIẤY - 40M - 6 TẦNG - THANG MÁY - Ô TÔ,"13,5 tỷ","Đường Nguyễn Văn Huyên, Phường Nghĩa Đô, Quận Cầu Giấy, Hà Nội",40 m² (4.0x10.0),5 phòng,6 WC,6,Sổ đỏ,05-11-2025
"Hoàng Quốc Việt - 58m x 5 Ngủ x MT rộng - LÔ GÓC, Ô TÔ, KINH DOANH","16,99 tỷ","Đường Hoàng Quốc Việt, Phường Nghĩa Tân, Quận Cầu Giấy, Hà Nội",58 m²,5 phòng,5 WC,N/A,Sổ đỏ,05-11-2025
"CHỦ CẦN BÁN GẤP NHÀ PHỐ QUAN HOA 50M GIÁ 11,5 TỶ CÓ THƯƠNG LƯỢNG","11,5 tỷ","Phường Quan Hoa, Quận Cầu Giấy, Hà Nội",47 m² (4.5x11.0),10 phòng,7 WC,6,Giấy tờ hợp lệ,01-11-2025
🏡 NHÀ ĐẸP TRUNG TÂM CẦU GIẤY –35m2 XÂY MỚI 5 TẦNG CHỈ 8 TỶ,8 tỷ,"Phường Mai Dịch, Quận Cầu Giấy, Hà Nội",35 m²,3 phòng,N/A,5,Giấy tờ hợp lệ,01-11-2025
SIÊU PHẨM MẶT PHỐ NGUYỄN KHẢ TRẠC - OTO TRÁNH - PHÂN LÔ - KINH DOANH,24 tỷ,"Phường Mai Dịch, Quận Cầu Giấy, Hà Nội",58 m² (4.4x13.0),6 phòng,N/A,5,Giấy tờ hợp lệ,01-11-2025
"Mặt ngõ thông, ôtô vào nhà, 20m nhà ra phố, DT45m, 6 tầng thang máy","18,6 tỷ","Phường Nghĩa Đô, Quận Cầu Giấy, Hà Nội",45 m²,3 phòng,N/A,6,Giấy tờ hợp lệ,01-11-2025
"PHÂN LÔ, GARA ÔTÔ- 7 TẦNG THANG MÁY- 13 PHÒNG NGỦ KHÉP KÍN- KINH DOANH","26,5 tỷ","Phường Nghĩa Đô, Quận Cầu Giấy, Hà Nội",52 m²,11 phòng,7 WC,7,Giấy tờ hợp lệ,01-11-2025
BÁN NHÀ DOÃN KẾ THIỆN - CĂN NHÀ CỰC SANG TRỌNG - OTO NGỦ TRONG NHÀ,26 tỷ,"Phường Mai Dịch, Quận Cầu Giấy, Hà Nội",55 m² (4.8x11.0),4 phòng,N/A,8,Giấy tờ hợp lệ,01-11-2025
🌺ĐẲNG CẤP - SANG TRỌNG - HIỆN ĐẠI - ĐẸP TỪNG CM  🌺,26 tỷ,"Phường Mai Dịch, Quận Cầu Giấy, Hà Nội",55 m²,4 phòng,6 WC,N/A,Giấy tờ hợp lệ,01-11-2025
"CẦU GIẤY, 6 TẦNG, GARA ÔTÔ 7 CHỖ, KINH DOANH","21,3 tỷ","Phường Yên Hòa, Quận Cầu Giấy, Hà Nội",55 m²,N/A,N/A,6,Sổ đỏ,30-10-2025
"Bán Nhà Đẹp - Hoàng Quốc Việt chính chủ, giao dịch ngay",10 tỷ,"Đường Hoàng Quốc Việt, Phường Nghĩa Đô, Quận Cầu Giấy, Hà Nội",31 m² (6.0x5.2),4 phòng,5 WC,6,Sổ đỏ,11-11-2025
ĐỈNH - HOÀNG QUỐC VIỆT - NGHĨA TÂN - CẦU GIẤY - HÀ NỘI,"28,8 tỷ","Đường Hoàng Quốc Việt, Phường Dịch Vọng, Quận Cầu Giấy, Hà Nội",65 m² (4.5x15.0),6 phòng,6 WC,7,Sổ đỏ,04-11-2025
CỰC RẺ - PHÙNG CHÍ KIÊN - CẦU GIẤY - 85M - 5 Tầng,24 tỷ,"Phường Nghĩa Đô, Quận Cầu Giấy, Hà Nội",85 m² (4.5x18.0),7 phòng,6 WC,6,Sổ đỏ,04-11-2025
"Bán nhà phân lô phùng chí kiên Cầu Giấy, Hà Nội 72m2 xây 4,5tầng giá 2","21,8 tỷ","5, Đường Phùng Chí Kiên, Phường Nghĩa Đô, Quận Cầu Giấy, Hà Nội",72 m² (5.0x14.0),5 phòng,5 WC,5,Sổ hồng,30-10-2025
"Chính chủ bán nhà 4T DT 60m² ngõ 132 Cầu Giấy, cho thuê 35tr/tháng",15 tỷ,"Phường Quan Hoa, Quận Cầu Giấy, Hà Nội",60 m² (6.0x10.0),7 phòng,7 WC,4,Giấy tờ hợp lệ,31-10-2025
Cc Bán nhà Phố Quan Hoa_40m 6 Tầng _Ngõ Ô tô 15M_2 Thoáng_Full Nội Thấ,"9,3 tỷ","Phường Nghĩa Đô, Quận Cầu Giấy, Hà Nội",40 m²,3 phòng,4 WC,6,Giấy tờ hợp lệ,31-10-2025
BÁN NHÀ CẦU GIẤY - MẶT PHỐ - KINH DOANH - THANG MÁY - OTO TRÁNH,"29,8 tỷ","Phường Dịch Vọng, Quận Cầu Giấy, Hà Nội",40 m²,4 phòng,4 WC,5,Giấy tờ hợp lệ,31-10-2025
BÁN NHÀ LẠC LONG QUÂN –TRUNG TÂM TÂY HỒ– NGÕ BA GÁC – KINH DOANH ĐỈNH,"13,5 tỷ","Phường Nghĩa Đô, Quận Cầu Giấy, Hà Nội",50 m²,1 phòng,1 WC,1,Giấy tờ hợp lệ,31-10-2025
BÁN CCMN CẦU GIẤY – THANG MÁY – FULL NỘI THẤT – DÒNG TIỀN 50TR/THÁNG,21 tỷ,"Phường Yên Hòa, Quận Cầu Giấy, Hà Nội",75 m²,10 phòng,7 WC,7,Giấy tờ hợp lệ,31-10-2025
BÁN NHÀ LẠC LONG QUÂN  – VÀI BƯỚC LÀ RA HỒ TÂY – KINH DOANH ĐỈNH,32 tỷ,"Phường Nghĩa Đô, Quận Cầu Giấy, Hà Nội",45 m²,1 phòng,1 WC,1,Giấy tờ hợp lệ,31-10-2025
"Gara ôtô, thang máy, đường Lạc Long Quân, DT 52m2, 6 tầng, 7P. Ngủ","18,5 tỷ","Phường Nghĩa Đô, Quận Cầu Giấy, Hà Nội",52 m²,7 phòng,N/A,6,Giấy tờ hợp lệ,30-10-2025
"Bán nhà Phùng Chí Kiên, Cầu Giấy - 105m2 - 5 tầng - Ô tô - Kinh doanh","29,8 tỷ","Đường Phùng Chí Kiên, Phường Nghĩa Đô, Quận Cầu Giấy, Hà Nội",105 m²,6 phòng,6 WC,5,Sổ đỏ,30-10-2025
"Bán căn nhà liền kề  ngõ 196 Hồ Tùng Mậu, 80m² 6 tầng, thang máy","28,8 tỷ","15, Đường Hồ Tùng Mậu, Phường Mai Dịch, Quận Cầu Giấy, Hà Nội",80 m² (5.0x16.0),6 phòng,3 WC,6,Sổ hồng,30-10-2025
"BÁN NHÀ CẦU GIẤY - XUÂN THỦY: SIÊU PHẨM PHÂN LÔ BÀN CỜ,ÔTÔ,KINH DOANH","17,5 tỷ","Phường Dịch Vọng Hậu, Quận Cầu Giấy, Hà Nội",40 m²,N/A,N/A,5,Sổ đỏ,30-10-2025
"Bán Tổ Ấm Vàng - Phân lô Hoàng Quốc Việt, Cầu Giấy - ÔTÔ, K/Doanh Đỉnh","29,5 tỷ","Đường Hoàng Quốc Việt, Phường Nghĩa Tân, Quận Cầu Giấy, Hà Nội",68 m²,6 phòng,8 WC,7,Sổ đỏ,30-10-2025
"Chính chủ, Mặt Phố Nguyễn Bá Khoản, Cầu Giấy 85M, ô tô, 45 tỷ",46 tỷ,"Đường Nguyễn Bá Khoản, Phường Dịch Vọng Hậu, Quận Cầu Giấy, Hà Nội",85 m²,5 phòng,6 WC,6,Sổ đỏ,30-10-2025
"BÁN NHÀ PHỐ DƯƠNG ĐÌNH NGHỆ, PHƯỜNG YÊN HOÀ, QUẬN CẦU GIẤY",120 tỷ,"Đường Dương Đình Nghệ, Phường Yên Hòa, Quận Cầu Giấy, Hà Nội",165 m²,N/A,N/A,12,Sổ hồng,15-10-2025
"Bán nhà 6 tầng thang máy, P/Lô phố Hoàng Quốc Viêt, Dt 65m2, Mt 5m.","26,5 tỷ","Đường Hoàng Quốc Việt, Phường Nghĩa Đô, Quận Cầu Giấy, Hà Nội",65 m² (5.1x12.7),7 phòng,6 WC,6,Sổ hồng,29-10-2025
Phố Cầu Giấy – 139 m2 – 3 Tầng – Mặt Tiền 8.6 m – Giá 40.8 Tỷ. 💥,"40,8 tỷ","Đường Cầu Giấy, Phường Trung Hòa, Quận Cầu Giấy, Hà Nội",139 m² (8.6x16.0),3 phòng,3 WC,3,Sổ đỏ,03-11-2025
"Siêu phẩm  Trần Duy Hưng, Ôto đỗ cửa, , 60M, 4,68m MT, giá 22,5 tỷ","22,5 tỷ","Đường Trần Duy Hưng, Phường Yên Hòa, Quận Cầu Giấy, Hà Nội",60 m²,4 phòng,N/A,5,Sổ đỏ,03-11-2025
"Bán Nhà 7 Tầng Thang Máy ,Phân Lô Đường 800A Ô Tô Vào. Giá 27 tỷ",27 tỷ,"Đường 800A, Phường Nghĩa Đô, Quận Cầu Giấy, Hà Nội",64 m²,10 phòng,7 WC,7,Sổ đỏ,03-11-2025
"Mặt Phố Quận Cầu Giấy Nhà Dân Xây 40m, 4 Tầng Kinh Doanh Sầm Uất",15 tỷ,"Phường Yên Hòa, Quận Cầu Giấy, Hà Nội",40 m²,3 phòng,3 WC,4,Giấy tờ hợp lệ,30-10-2025
"Nhà đẹp Lạc Long Quân, DT30m², 5 tầng, 3P.ngủ, ô chờ thang máy (11 tỷ)",11 tỷ,"Phường Nghĩa Đô, Quận Cầu Giấy, Hà Nội",30 m²,3 phòng,4 WC,5,Giấy tờ hợp lệ,30-10-2025
BÁN NHÀ TRẦN QUỐC HOÀN CẦU GIẤY PHÂN LÔ Ô TÔ VÀO NHÀ 2 THOÁNG 7 TẦNG,21 tỷ,"Phường Dịch Vọng Hậu, Quận Cầu Giấy, Hà Nội",40 m² (4.0x10.0),4 phòng,5 WC,7,Giấy tờ hợp lệ,30-10-2025
"Trung tâm cầu giấy 36m2,4 phòng ngủ, 5 tầng giá siêu hời","10,2 tỷ","Phường Yên Hòa, Quận Cầu Giấy, Hà Nội",36 m² (4.4x9.0),4 phòng,5 WC,5,Giấy tờ hợp lệ,30-10-2025
"Bán nhà Vũ Phạm Hàm, Yên Hòa, Cầu Giấy, VỊ TRÍ ĐẮC ĐỊA, nhà đẹp bề thế",42 tỷ,"Phường Yên Hòa, Quận Cầu Giấy, Hà Nội",100 m² (10.0x10.0),5 phòng,5 WC,5,Giấy tờ hợp lệ,30-10-2025
BÁN NHÀ CẦU GIẤY – 2 MẶT THOÁNG VĨNH VIỄN – 5 TẦNG – 15 TỶ 🏡,15 tỷ,"Phường Dịch Vọng, Quận Cầu Giấy, Hà Nội",50 m²,4 phòng,2 WC,5,Giấy tờ hợp lệ,30-10-2025
BÁN NHÀ 4 TẦNG - 50M2 - CẦU GIẤY - VỊ TRÍ VÀNG - NHÀ DÂN XÂY F0,18 tỷ,"Phường Dịch Vọng, Quận Cầu Giấy, Hà Nội",50 m² (4.5x11.0),4 phòng,N/A,4,Giấy tờ hợp lệ,30-10-2025
"BÁN GẤP NHÀ  NGÕ 89 LẠC LONG QUÂN , TÂY HỒ .  NGÕ OTO ĐỖ CỬA","16,5 tỷ","Phường Nghĩa Đô, Quận Cầu Giấy, Hà Nội",45 m²,3 phòng,4 WC,4,Giấy tờ hợp lệ,30-10-2025
"Bán biệt thự mặt đường Hoàng Quán Chi 212m2, MT17m lô góc mặt công viê",Thỏa thuận,"86, Đường Thành Thái, Phường Dịch Vọng, Quận Cầu Giấy, Hà Nội",212 m² (17.0x13.0),5 phòng,5 WC,4,Sổ hồng,29-10-2025
"Bán Gấp Siêu Phẩm Trung Kính, oto đỗ cửa, 54m, 6 tầng, giá 22,5 tỷ","22,5 tỷ","Đường Trung Kính, Phường Yên Hòa, Quận Cầu Giấy, Hà Nội",54 m²,6 phòng,N/A,N/A,Sổ đỏ,29-10-2025
"Chính chủ, Building Trần Đăng Ninh, Cầu Giấy, 100m, MT 7,5, 10T, 86 ty",86 tỷ,"Đường Trần Đăng Ninh, Phường Nghĩa Tân, Quận Cầu Giấy, Hà Nội",100 m² (7.5x16.0),9 phòng,9 WC,9,Sổ đỏ,29-10-2025
"( BÁN NHÀ ) XUÂN THỦY - CẦU GIẤY 89 M2 = 21,8 TỶ - 5 TẦNG - OTO VÀO NH","21,8 tỷ","Đường Xuân Thủy, Phường Dịch Vọng Hậu, Quận Cầu Giấy, Hà Nội",89 m²,6 phòng,5 WC,5,Sổ đỏ,02-11-2025
"Bán nhà Nguyễn Khang, 30m ra phố, 45m2, 5 tầng, 4m MT, Gíá 11,5 tỷ","11,5 tỷ","Đường Nguyễn Khang, Phường Trung Hòa, Quận Cầu Giấy, Hà Nội",45 m²,6 phòng,N/A,5,Sổ đỏ,09-11-2025
HIẾM PHẢI NHANH - XUÂN THỦY - CẦU GIẤY - NGÕ ÔTÔ - LÔ GÓC - THOÁNG,14 tỷ,"Phường Dịch Vọng Hậu, Quận Cầu Giấy, Hà Nội",41.6 m²,2,N/A,5,Sổ đỏ,28-10-2025
Chính Chủ Cần Bán Gấp Biệt Thự KĐT Dịch Vọng,87 tỷ,"Đường Thọ Tháp, Phường Dịch Vọng, Quận Cầu Giấy, Hà Nội",195 m²,3,N/A,3.5,Sổ đỏ,10-07-2025
Bán Nhà Ngõ 132 Cầu Giấy Diện Tích Rộng Còn Sót Lại. Giá 14.5 tỷ,"14,5 tỷ","Đường Cầu Giấy, Phường Quan Hoa, Quận Cầu Giấy, Hà Nội",60 m²,6 phòng,4 WC,4,Sổ đỏ,02-11-2025
Tôi Chính Chủ Cần Bán Toà Nhà KĐT Trung Yên . Đang Cho Thuê 350tr/Th,86 tỷ,"Đường Xuân Quỳnh, Phường Trung Hòa, Quận Cầu Giấy, Hà Nội",180 m²,N/A,N/A,8.5,Sổ đỏ,27-07-2025
BÁN NHÀ RẺ NHẤT YÊN HOÀ-5 TẦNG Ở LUÔN-10M RA ĐƯỜNG OTO-NGÕ RỘNG THOÁNG,"8,8 tỷ","Phường Yên Hòa, Quận Cầu Giấy, Hà Nội",40 m² (3.7x10.8),4 phòng,4 WC,5,Giấy tờ hợp lệ,29-10-2025
"Bán nhà Nguyễn Khánh Toàn, Cầu giấy, Ô tô đỗ, kinh doanh, 2 thoáng",21 tỷ,"Phường Quan Hoa, Quận Cầu Giấy, Hà Nội",90 m² (8.0x11.0),5 phòng,5 WC,5,Giấy tờ hợp lệ,29-10-2025
BÁN NHÀ LẠC LONG QUÂN – 30M² – 5 TẦNG – MT 3M – GIÁ 11.5 TỶ – CẦU GIẤY,"11,5 tỷ","Phường Nghĩa Đô, Quận Cầu Giấy, Hà Nội",30 m²,3 phòng,4 WC,5,Giấy tờ hợp lệ,29-10-2025
"Nhà đẹp ở ngay, giá tốt, khu vực sầm uất","7,7 tỷ","Phường Quan Hoa, Quận Cầu Giấy, Hà Nội",29 m² (3.0x10.0),3 phòng,4 WC,5,Giấy tờ hợp lệ,29-10-2025
✨ NHÀ ĐẸP LÔ GÓC – HỒ TÙNG MẬU,"8,7 tỷ","Phường Mai Dịch, Quận Cầu Giấy, Hà Nội",42 m²,2 phòng,2 WC,3,Giấy tờ hợp lệ,29-10-2025
SIÊU PHẨM KHUẤT DUY TIẾN - PHÂN LÔ - OTO TRÁNH - DÂN TRÍ CAO,17 tỷ,"Phường Trung Hòa, Quận Cầu Giấy, Hà Nội",38 m² (5.7x6.6),5 phòng,1,6,Giấy tờ hợp lệ,29-10-2025
"Bán nhà Trần Cung, Cầu Giấy, Nhà dân xây, ngõ nông rộng, thoáng sáng","7,3 tỷ","Phường Nghĩa Đô, Quận Cầu Giấy, Hà Nội",38 m² (4.0x9.0),4 phòng,4 WC,5,Giấy tờ hợp lệ,29-10-2025
"Bán nhà mặt phố Tô Hiệu, Cầu Giấy, kinh doanh, mặt tiền khủng, sầm uất",115 tỷ,"Phường Nghĩa Tân, Quận Cầu Giấy, Hà Nội",268 m² (16.0x16.0),5 phòng,4 WC,4,Giấy tờ hợp lệ,29-10-2025
BÁN NHÀ CẦU GIẤY - NHÀ ĐẸP - NGÕ THÔNG - 20M RA PHỐ,"15,5 tỷ","Phường Trung Hòa, Quận Cầu Giấy, Hà Nội",44 m²,6 phòng,4 WC,5,Giấy tờ hợp lệ,29-10-2025
"Bán nhà Nguyễn Khang-40m ra đường oto tránh-nhà 5 tầng-mới đẹp,NT xịn",7 tỷ,"Phường Yên Hòa, Quận Cầu Giấy, Hà Nội",33 m²,3 phòng,3 WC,5,Giấy tờ hợp lệ,29-10-2025
BÁN NHÀ YÊN HÒA - NHÀ ĐẸP - VỊ TRÍ ĐỈNH - TIỆN ÍCH BẠT NGÀN,"10,2 tỷ","Phường Yên Hòa, Quận Cầu Giấy, Hà Nội",36 m² (4.4x8.1),4 phòng,N/A,5,Giấy tờ hợp lệ,29-10-2025
"Bán nhà Trần Kim Xuyến, Yên Hòa, Cầu Giấy, Mặt phố, kinh doanh, lô góc",45 tỷ,"Phường Yên Hòa, Quận Cầu Giấy, Hà Nội",110 m² (8.0x11.0),6 phòng,6 WC,5,Giấy tờ hợp lệ,29-10-2025
"Bán nhà Mai Dịch, Cầu giấy, Phân lô tô tô tránh, kinh doanh,2 mặt tiền",26 tỷ,"Phường Mai Dịch, Quận Cầu Giấy, Hà Nội",110 m² (5.0x18.0),5 phòng,5 WC,4,Giấy tờ hợp lệ,28-10-2025
"Bán Gấp Siêu Phẩm Trần Duy Hưng, Thang máy, 52m, 6 tầng, giá 17,8 tỷ","17,8 tỷ","Đường Trần Duy Hưng, Phường Yên Hòa, Quận Cầu Giấy, Hà Nội",52 m²,4 phòng,N/A,6,Sổ đỏ,08-11-2025
"Chính chủ, Mặt Phố Cầu Giấy, 70m, 6t, 2 mặt tiền 50 tỷ",50 tỷ,"Đường Cầu Giấy, Phường Dịch Vọng, Quận Cầu Giấy, Hà Nội",70 m² (5.0x14.0),6 phòng,6 WC,6,Sổ đỏ,28-10-2025
HIẾM – MẶT PHỐ CẦU GIẤY – GIÁ RẺ NGANG PHÂN LÔ – 2 THOÁNG – KINH DOANH,"24,9 tỷ","Đường Hồ Tùng Mậu, Phường Mai Dịch, Quận Cầu Giấy, Hà Nội",52 m² (4.0x13.0),6 phòng,4 WC,6,Sổ đỏ,08-11-2025
"CẦU GIẤY,HIẾM, CÒN SÓT LẠI, 5 TẦNG,4 NGỦ, DT 35M2, PHẢI THẬT NHANH","7,5 tỷ","Phường Dịch Vọng, Quận Cầu Giấy, Hà Nội",30 m²,N/A,N/A,5,Sổ đỏ,27-10-2025
"TRUNG TÂM CẦU GIẤY: PHƯỜNG DỊCH VỌNG, 7 TẦNG THANG MÁY,ÔTÔ, KINH DOANH",18 tỷ,"Phường Dịch Vọng Hậu, Quận Cầu Giấy, Hà Nội",48.8 m²,N/A,N/A,7,Sổ đỏ,27-10-2025
Bán Gấp Nhà Ngõ 79 Cầu Giấy-30m2 Trước Nhà Sh Quay Đầu Hơn 7 Tỷ,7 tỷ,"Phường Quan Hoa, Quận Cầu Giấy, Hà Nội",30 m²,3 phòng,N/A,5,Giấy tờ hợp lệ,28-10-2025
"Lô Góc Cầu Giấy 35m2 - 5 Tầng Thang Máy - Ô Tô - Ngõ Thông - 9,5 Tỷ","9,5 tỷ","Phường Nghĩa Đô, Quận Cầu Giấy, Hà Nội",35 m² (3.5x10.0),3 phòng,4 WC,5,Giấy tờ hợp lệ,28-10-2025
"Mặt tiền Vàng đường Lạc Long Quân, ô tô vào nhà, kinh doanh ngày đêm","16,5 tỷ","Phường Nghĩa Đô, Quận Cầu Giấy, Hà Nội",40 m²,3 phòng,4 WC,4,Giấy tờ hợp lệ,28-10-2025
"Bán nhà Dịch Vọng Hậu, Cầu Giấy, Biệt thự sân vườn, Diện tích rộng",36 tỷ,"Phường Dịch Vọng Hậu, Quận Cầu Giấy, Hà Nội",230 m² (12.0x20.0),5 phòng,5 WC,4,Giấy tờ hợp lệ,28-10-2025
"Lô Góc Cầu Giấy 40m2 - 5 Tầng - Gần Phố - Ở Ngay - Giá 9,8 Tỷ ( TL )","9,8 tỷ","Phường Yên Hòa, Quận Cầu Giấy, Hà Nội",40 m² (4.0x10.0),4 phòng,4 WC,5,Giấy tờ hợp lệ,28-10-2025
Siêu phẩm dòng tiền 203 Trần Duy Hưng 72m2 5 tầng 11 phòng khép kín,14 tỷ,"Phường Trung Hòa, Quận Cầu Giấy, Hà Nội",65 m² (6.7x14.0),11 phòng,7 WC,5,Giấy tờ hợp lệ,28-10-2025
BÁN NHÀ CẦU GIẤY – 52/60M² – 5 TẦNG – MT 4M – OTO ĐỖ CỬA – GIÁ 18.5 TỶ,18 tỷ,"Phường Nghĩa Đô, Quận Cầu Giấy, Hà Nội",52 m²,6 phòng,3 WC,5,Giấy tờ hợp lệ,28-10-2025
"Bán Nhà Mới Xây , Ngõ 89 Lạc Long Quân , 15m Ra Ngõ Oto tránh","11,5 tỷ","Phường Nghĩa Đô, Quận Cầu Giấy, Hà Nội",35 m²,3 phòng,4 WC,5,Giấy tờ hợp lệ,28-10-2025
GIẢM 500TR - NHÀ PHÂN LÔ QUÂN ĐỘI – Ô TÔ TRÁNH – SAU NHÀ VIEW BẢO TÀNG,18 tỷ,"Phường Mai Dịch, Quận Cầu Giấy, Hà Nội",52 m²,6 phòng,6 WC,5,Giấy tờ hợp lệ,28-10-2025
"Bán nhà Phố Hoàng Quốc Việt, 8 tầng thang máy,  122m2, 70 tỷ",77 tỷ,"Phường Nghĩa Đô, Quận Cầu Giấy, Hà Nội",122 m²,11 phòng,7 WC,8,Giấy tờ hợp lệ,28-10-2025
"Phân lô Thọ Tháp - 56m2 x 7 tầng, MT4.2m, kinh doanh chỉ hơn 18tỷ","18,95 tỷ","Phường Dịch Vọng Hậu, Quận Cầu Giấy, Hà Nội",56 m²,6 phòng,5 WC,7,Giấy tờ hợp lệ,28-10-2025
Siêu Phẩm Cầu Giấy 40m2 - 6 Tầng Thang Máy - Ô Tô - Ngõ Thông - Hiếm,"12,5 tỷ","Phường Nghĩa Đô, Quận Cầu Giấy, Hà Nội",40 m² (4.0x10.0),3 phòng,5 WC,6,Giấy tờ hợp lệ,28-10-2025
TT CẦU GIẤY - NHÀ 2 MẶT NGÕ THANG MÁY - KINH DOANH - CÁCH Ô TÔ 5M,"20,5 tỷ","Phường Nghĩa Tân, Quận Cầu Giấy, Hà Nội",65 m² (4.0x16.0),8 phòng,7 WC,6,Giấy tờ hợp lệ,28-10-2025
"Bán nhà Phố Cầu Giấy, ô tô đỗ cổng, nhà ngõ riêng ,giá nhinh 9 tỷ","8,5 tỷ","Đường Cầu Giấy, Phường Dịch Vọng, Quận Cầu Giấy, Hà Nội",34 m²,3 phòng,4 WC,6,Sổ hồng,24-07-2025
"BÁN NHÀ HOÀNG QUỐC VIỆT 91 M2 = 22 TỶ – 5 TẦNG - MT 5,6M  – HAI THOÁNG",22 tỷ,"Đường Hoàng Quốc Việt, Phường Nghĩa Đô, Quận Cầu Giấy, Hà Nội",91 m²,5 phòng,5 WC,5,Sổ đỏ,31-10-2025
"BÁN NHÀ ĐƯỜNG VÕ CHÍ CÔNG, SÁT PHỐ, NGÕ RỘNG, THÔNG TỨ TUNG, MT HƠN 5M","8,2 tỷ","Phường Nghĩa Đô, Quận Cầu Giấy, Hà Nội",30 m²,N/A,N/A,5,Sổ đỏ,26-10-2025
"Bán nhà phân lô Trung Hòa 100m2 x 8 tầng, MT 7m giá 53.8","53,8 tỷ","26, Đường Nam Trung Yên, Phường Trung Hòa, Quận Cầu Giấy, Hà Nội",100 m² (7.0x14.0),9 phòng,9 WC,8,Sổ hồng,26-10-2025
Lạc Long Quân – Cầu Giấy – 95 M2 -4 T – MT 9 M – Giá 34.2 Tỷ. 💥 VỊ TR,"34,2 tỷ","Đường Lạc Long Quân, Phường Nghĩa Tân, Quận Cầu Giấy, Hà Nội",300 m² (9.0x10.5),5 phòng,4 WC,4,Sổ đỏ,31-10-2025
"BÁN GẤP NHÀ DT 80M2 ,, CẦU GIẤY, SỔ NỞ HẬU, GIÁ NHỈNH 14 TỶ","14,5 tỷ","Đường Hoàng Quốc Việt, Phường Dịch Vọng, Quận Cầu Giấy, Hà Nội",80 m² (5.0x16.0),4 phòng,4 WC,5,Sổ hồng,31-10-2025
BÁN NHÀ DƯƠNG QUẢNG HÀM – Ô TÔ VF3 VÀO NHÀ – NGÕ THÔNG – SỔ HOA KHÔI,17 tỷ,"Phường Quan Hoa, Quận Cầu Giấy, Hà Nội",51 m²,5 phòng,4 WC,5,Giấy tờ hợp lệ,27-10-2025
Mặt phố trung tâm Cầu Giấy - Phạm Thận Duật - 55m2x5 tầng nhinh 22tỷ,"22,4 tỷ","Phường Mai Dịch, Quận Cầu Giấy, Hà Nội",55 m²,6 phòng,5 WC,5,Giấy tờ hợp lệ,27-10-2025
"Phố Trung Kính - 10m ra phố - 45m2 x 5 tầng,Vf3 đỗ cửa chỉ hơn 13tỷ","13,3 tỷ","Phường Yên Hòa, Quận Cầu Giấy, Hà Nội",45 m²,6 phòng,N/A,5,Giấy tờ hợp lệ,27-10-2025
Bán nhà dân xây Hoàng Quốc Việt 7.35ty,"7,35 tỷ","Phường Nghĩa Tân, Quận Cầu Giấy, Hà Nội",38 m²,4 phòng,3 WC,4,Giấy tờ hợp lệ,27-10-2025
"Nhà đẹp đón Tết - 45m2x6 tầng thang máy, MT đẹp chỉ hơn 9tỷ, gần phố","9,38 tỷ","Phường Quan Hoa, Quận Cầu Giấy, Hà Nội",45 m²,6 phòng,5 WC,6,Giấy tờ hợp lệ,27-10-2025
"Siêu Phẩm Cầu Giấy 40m2 - 5 Tầng - Gần Phố - Ở Ngay - Giá 9,5 Tỷ","9,5 tỷ","Phường Yên Hòa, Quận Cầu Giấy, Hà Nội",40 m² (4.0x10.0),3 phòng,4 WC,5,Giấy tờ hợp lệ,27-10-2025
BÁN NHÀ HOÀNG QUỐC VIỆT– 7 TẦNG THANG MÁY– 3 MẶT THOÁNG,"32,5 tỷ","Phường Nghĩa Đô, Quận Cầu Giấy, Hà Nội",59 m²,8 phòng,7 WC,7,Giấy tờ hợp lệ,27-10-2025
"Phân lô Vip Phạm Tuấn Tài - 55m2 x 5 tầng thang máy,MT5m nhỉnh 22tỷ","22,5 tỷ","Phường Dịch Vọng Hậu, Quận Cầu Giấy, Hà Nội",55 m²,5 phòng,4 WC,5,Giấy tờ hợp lệ,27-10-2025
"10 tầng Hồ Tùng Mậu Cầu Giấy 39,3 Tỷ 150m2 mặt 5,5m 2 thoáng trước sau","39,3 tỷ","Phường Mai Dịch, Quận Cầu Giấy, Hà Nội",150 m²,8 phòng,7 WC,2,Giấy tờ hợp lệ,27-10-2025
Lô Góc Cầu Giấy 40m2 - 5 Tầng - Gần Phố - Tiện Ích - Giá 9 Tỷ,9 tỷ,"Phường Trung Hòa, Quận Cầu Giấy, Hà Nội",40 m² (4.0x10.0),3 phòng,4 WC,5,Giấy tờ hợp lệ,27-10-2025
"Nhà đẹp Yên Hoà - 42m2 x 5 tầng x mt4.4m, ngõ nông, full đồ dưới 10tỷ","9,98 tỷ","Phường Yên Hòa, Quận Cầu Giấy, Hà Nội",42 m²,6 phòng,5 WC,5,Giấy tờ hợp lệ,27-10-2025
"Bá.n nhà Lạc Long Quân, DT35m2, 6 tầng, thang máy, ngõ thông (12.8 tỷ)","12,8 tỷ","Phường Nghĩa Đô, Quận Cầu Giấy, Hà Nội",35 m²,3 phòng,5 WC,6,Giấy tờ hợp lệ,27-10-2025
🏠 PHÂN LÔ CẦU GIẤY 40M – Ô TÔ VÀO NHÀ NGÕ THÔNG – KHU CÁN BỘ 🍀,"9,9 tỷ","Phường Nghĩa Đô, Quận Cầu Giấy, Hà Nội",40 m²,4 phòng,5 WC,4,Giấy tờ hợp lệ,27-10-2025
CỰC HIẾM VỊ TRÍ - TT CẦU GIẤY 45M2 X 5T - DÂN XÂY 2 THOÁNG - 15M Ô TÔ,13 tỷ,"Phường Trung Hòa, Quận Cầu Giấy, Hà Nội",45 m²,4 phòng,N/A,5,Giấy tờ hợp lệ,27-10-2025
🌟 MẶT PHỐ HỒ TÙNG MẬU – 60M² – 5.5 TẦNG – THANG MÁY – KINH DOAN,36 tỷ,"Phường Mai Dịch, Quận Cầu Giấy, Hà Nội",60 m²,2 phòng,N/A,5,Giấy tờ hợp lệ,27-10-2025
"Bán Kiệt tác Hiện đại – Nhà 7 Tầng TM, Gara Ô TÔ - NGUYỄN PHONG SẮC","29,5 tỷ","Đường Nguyễn Phong Sắc, Phường Nghĩa Tân, Quận Cầu Giấy, Hà Nội",66 m²,6 phòng,8 WC,7,Sổ đỏ,30-10-2025
"TRUNG TÂM CẦU GIẤY, ĐƯỜNG XUÂN THỦY: NHÀ ĐẸP Ở LUÔN, 20M RA ÔTÔ",10 tỷ,"Phường Dịch Vọng Hậu, Quận Cầu Giấy, Hà Nội",39 m²,N/A,N/A,5,Sổ đỏ,25-10-2025
"BÁN TÒA NHÀ 7 TẦNG, TRẦN CUNG, PHƯỜNG NGHĨA ĐÔ,  HÀ NỘI",18 tỷ,"Đường Trần Cung, Phường Nghĩa Đô, Quận Cầu Giấy, Hà Nội",75 m² (5.0x15.0),18 phòng,18 WC,7,Sổ đỏ,30-10-2025
"Bán gấp nhà phố Trung Kính ở ngay,  49m2, 4 tầng, giá 12.2 tỷ","12,2 tỷ","Đường Trung Kính, Phường Yên Hòa, Quận Cầu Giấy, Hà Nội",49 m²,4 phòng,N/A,4,Sổ đỏ,06-11-2025
"Siêu phầm Hoàng Quốc Việt, ô tô tránh, lô góc, thang máy 55m2 21 tỷ",21 tỷ,"Phường Nghĩa Đô, Quận Cầu Giấy, Hà Nội",55 m² (5.5x10.0),5 phòng,5 WC,5,Giấy tờ hợp lệ,26-10-2025
"Bán nhà Hoàng Quốc Việt, Cầu Giấy, CC.MN dòng tiền, 8 tầng thang máy",32 tỷ,"Phường Nghĩa Đô, Quận Cầu Giấy, Hà Nội",120 m² (10.0x12.0),11 phòng,7 WC,8,Giấy tờ hợp lệ,26-10-2025
SIÊU PHẨM DƯƠNG QUẢNG HÀM - OTO VÀO NHÀ - VỊ TRÍ ĐỈNH - SỔ ĐỎ ĐẸP,"20,2 tỷ","Phường Quan Hoa, Quận Cầu Giấy, Hà Nội",51 m² (4.3x11.8),4 phòng,N/A,6,Giấy tờ hợp lệ,26-10-2025
Ị TRÍ ĐỈNH - NHÀ ĐẸP MÊ LI -CÁCH Ô TÔ 30M - NGÕ THÔNG - NỞ HẬU,"12,8 tỷ","Phường Trung Hòa, Quận Cầu Giấy, Hà Nội",52 m²,6 phòng,4 WC,6,Giấy tờ hợp lệ,26-10-2025
"Bán nhà Doãn Kế Thiện - 41m - dân xây, ngõ nông, lô góc - nhỉnh 8 tỷ",8 tỷ,"Phường Mai Dịch, Quận Cầu Giấy, Hà Nội",41 m²,4 phòng,5 WC,3,Giấy tờ hợp lệ,26-10-2025
"Bán CCMN, Mai Dịch, thang máy, ngõ nông, GPXD, PCCC đủ : 67/91m, 7T","14,3 tỷ","Phường Mai Dịch, Quận Cầu Giấy, Hà Nội",67 m²,11 phòng,7 WC,7,Giấy tờ hợp lệ,26-10-2025
BÁN  NHÀ TRẦN DUY HƯNG --VỊ TRÍ ĐỈNH  – NGÕ THÔNG – NỞ HẬU,"12,8 tỷ","Phường Trung Hòa, Quận Cầu Giấy, Hà Nội",52 m²,6 phòng,5 WC,5,Giấy tờ hợp lệ,26-10-2025
BÁN NHÀ-CẦU GIẤY-GIÁ ĐẸP BẤT NGỜ-VÀO Ở LUÔN,"12,8 tỷ","Phường Trung Hòa, Quận Cầu Giấy, Hà Nội",52 m²,6 phòng,4 WC,5,Đang chờ sổ,26-10-2025
CỐT LÕI CẦU GIẤY - DÂN XÂY - NGÕ THÔNG KINH DOANH - Ô TÔ TRÁNH 30M,"12,8 tỷ","Phường Trung Hòa, Quận Cầu Giấy, Hà Nội",52 m² (3.3x15.7),6 phòng,4 WC,5,Giấy tờ hợp lệ,26-10-2025
NHÀ MỚI ĐẸP – Ô TÔ VÀO NHÀ – GẦN PHỐ – VỊ TRÍ KIM CƯƠNG – SỔ HOA HẬU,"20,2 tỷ","Phường Quan Hoa, Quận Cầu Giấy, Hà Nội",55 m²,4 phòng,5 WC,6,Giấy tờ hợp lệ,26-10-2025
BÁN NHÀ-PHÙNG CHÍ KIÊN- PHÂN LÔ OTO TRÁNH -GIÁ ĐẸP BẤT NGỜ,"25,85 tỷ","Phường Nghĩa Đô, Quận Cầu Giấy, Hà Nội",55 m²,8 phòng,7 WC,7,Giấy tờ hợp lệ,26-10-2025
Nhà mới đẹp Hoàng Quốc Việt – Cầu Giấy,10 tỷ,"Phường Quan Hoa, Quận Cầu Giấy, Hà Nội",31 m²,5 phòng,N/A,6,Giấy tờ hợp lệ,26-10-2025
CẦU GIẤY - LÔ GÓC - DÂN XÂY 5 TẦNG - DT 36M - MT 7M,"7,2 tỷ","Phường Nghĩa Đô, Quận Cầu Giấy, Hà Nội",36 m² (7.0x5.1),4 phòng,3 WC,5,Giấy tờ hợp lệ,25-10-2025
HÀNG SIÊU HIẾM CẦU GIẤY KHÔNG CÓ CĂN THỨ 2,7 tỷ,"Đường Cầu Giấy, Phường Quan Hoa, Quận Cầu Giấy, Hà Nội",35 m² (5.0x7.0),4 phòng,5 WC,5,Sổ đỏ,25-10-2025
"LÕI CẦU GIẤY: PHÂN LÔ, ÔTÔ, KINH DOANH, 7T THANG MÁY MỚI TING,2 THOÁNG","23,5 tỷ","Phường Dịch Vọng Hậu, Quận Cầu Giấy, Hà Nội",40.5 m²,N/A,N/A,7,Sổ đỏ,24-10-2025
"Tôi cần bán toà KS phố Trần Thái Tông, Q Cầu Giấy, Dt 190 m x 11 T.",155 tỷ,"Đường Trương Công Giai, Phường Dịch Vọng, Quận Cầu Giấy, Hà Nội",200 m²,N/A,N/A,12,Sổ đỏ,29-10-2025
Cần Bán Gấp Nhà Ngõ Oto Tránh Phố Lạc Long Quân,"9,7 tỷ","Phường Nghĩa Đô, Quận Cầu Giấy, Hà Nội",40 m²,3 phòng,4 WC,5,Giấy tờ hợp lệ,25-10-2025
BÁN NHÀ NGÕ 79 CẦU GIẤY - LÔ GÓC - ĐƯỜNG TO 3M,"7,5 tỷ","Phường Dịch Vọng, Quận Cầu Giấy, Hà Nội",30 m² (10.5x3.0),4 phòng,3 WC,3,Giấy tờ hợp lệ,25-10-2025
BÁN NHÀ DƯƠNG QUẢNG HÀM – 51/55M² – 6 TẦNG – MT 4.3M – GIÁ 20.2 TỶ,"20,2 tỷ","Phường Quan Hoa, Quận Cầu Giấy, Hà Nội",51 m²,4 phòng,4 WC,6,Giấy tờ hợp lệ,25-10-2025
Nhà mới Cầu Giấy - Xe hơi đỗ cửa - 31m2 CHỈ 10 tỷ - Có tháng máy,10 tỷ,"Phường Nghĩa Đô, Quận Cầu Giấy, Hà Nội",31 m²,3 phòng,4 WC,5,Giấy tờ hợp lệ,25-10-2025
Ô tô đỗ cửa - 80m2 - 7 tầng - Trung tâm Cầu Giấy - Rẻ trong phân,"32,5 tỷ","Phường Nghĩa Đô, Quận Cầu Giấy, Hà Nội",80 m²,8 phòng,4 WC,6,Giấy tờ hợp lệ,25-10-2025
"Bán nhà Lạc Long Quân - Tây Hồ, DT72m2, MT5m, gần Hồ Tây(11.3 tỷ)","11,3 tỷ","Phường Nghĩa Đô, Quận Cầu Giấy, Hà Nội",72 m²,3 phòng,4 WC,5,Giấy tờ hợp lệ,25-10-2025
"Lạc Long Quân - NHÀ MỚI, NGÕ 3M - 15M RA Ô TÔ TRÁNH - PHÂN LÔ GIÁ 9.X","9,55 tỷ","Phường Nghĩa Đô, Quận Cầu Giấy, Hà Nội",31 m²,3 phòng,4 WC,5,Giấy tờ hợp lệ,25-10-2025
"Bán nhà Nguyễn Khánh Toàn, DT60m2, 5 tầng, 8P.ngủ, ngõ thông(14.75 tỷ)","14,75 tỷ","Phường Nghĩa Đô, Quận Cầu Giấy, Hà Nội",60 m²,8 phòng,4 WC,5,Giấy tờ hợp lệ,25-10-2025
Bán nhà Hồ Tùng Mậu - 42m - dân xây - gần phố - 8 tỷ nhỉnh,8 tỷ,"Phường Mai Dịch, Quận Cầu Giấy, Hà Nội",42 m²,4 phòng,5 WC,N/A,Giấy tờ hợp lệ,25-10-2025
BÁN NHÀ NGHĨA ĐÔ – Ô TÔ TRÁNH – GẦN PHỐ – 5 TẦNG – THANG MÁY,"16,5 tỷ","Phường Nghĩa Đô, Quận Cầu Giấy, Hà Nội",44 m²,8 phòng,5 WC,5,Giấy tờ hợp lệ,25-10-2025
"💥 BÁN NHÀ PHÂN LÔ – TRẦN QUỐC HOÀN, NGHĨA TÂN, CẦU GIẤY – 7 TẦNG THANG","24,5 tỷ","Phường Nghĩa Tân, Quận Cầu Giấy, Hà Nội",77 m²,3 phòng,6 WC,7,Giấy tờ hợp lệ,25-10-2025
"BÁN NHÀ CẦU GIẤY - VF3 ĐỖ CỬA - 10,5M MẶT TIỀN -  30M - GIÁ 7,5 TỶ","7,5 tỷ","Phường Quan Hoa, Quận Cầu Giấy, Hà Nội",30.3 m²,4 phòng,3 WC,3,Giấy tờ hợp lệ,25-10-2025
"Nhà Đẹp Cầu Giấy 40m2 - 5 Tầng - Gần Phố - Ở Sướng - Giá 7,5 Tỷ (TL)","7,5 tỷ","Phường Nghĩa Đô, Quận Cầu Giấy, Hà Nội",40 m² (4.0x10.0),3 phòng,4 WC,5,Giấy tờ hợp lệ,24-10-2025
"Bán gấp Cầu Giấy,  ô tô vào nhà, lô góc, MT 6m, giá nhỉnh 13 tỷ",13 tỷ,"Đường Cầu Giấy, Phường Nghĩa Đô, Quận Cầu Giấy, Hà Nội",40 m² (5.0x5.0),5 phòng,5 WC,N/A,Sổ hồng,24-10-2025
"CHÍNH CHỦ BÁN NHÀ CẦU GIẤY, SÁT PHỐ, Ô TÔ 7 CHỖ QUA NHÀ 54m, 19,4 tỷ","19,4 tỷ","Đường Dương Quảng Hàm, Phường Nghĩa Đô, Quận Cầu Giấy, Hà Nội",54 m²,N/A,N/A,5.5,Sổ đỏ,24-10-2025
"Bán nhà lô góc mặt phố Nguyễn Khánh Toàn, Hà Nội","222,22 tỷ","Đường Nguyễn Khánh Toàn, Phường Quan Hoa, Quận Cầu Giấy, Hà Nội",263 m² (15.0x16.0),N/A,N/A,4,Sổ đỏ,24-10-2025
"HOÀNG QUỐC VIỆT, 6 TẦNG THANG MÁY, ÔTÔ NGÀY ĐÊM, FULL ĐỒ NT,KINH DOANH",17 tỷ,"Phường Nghĩa Đô, Quận Cầu Giấy, Hà Nội",51 m²,9 phòng,N/A,6,Sổ đỏ,23-10-2025
"Phạm Tuấn Tài_Toà nhà 7 tầng Dòng tiền, sinh lời ngay khi mua vào, VIP","25,5 tỷ","88, Đường Phạm Tuấn Tài, Phường Dịch Vọng Hậu, Quận Cầu Giấy, Hà Nội",52 m²,10 phòng,10 WC,7,Sổ đỏ,31-10-2025
"Bán Nhanh Khúc Thừa Dụ, Thang máy, 49M, 7 Tầng, 4,1m Mt, giá 18,5 tỷ","18,5 tỷ","Đường Khúc Thừa Dụ, Phường Dịch Vọng, Quận Cầu Giấy, Hà Nội",49 m²,5 phòng,N/A,7,Sổ đỏ,28-10-2025
Lô Góc Cầu Giấy 38m2 - 5 Tầng - Sổ Vuông - Gần Phố - Ở Ngay - 8 Tỷ,8 tỷ,"Phường Nghĩa Đô, Quận Cầu Giấy, Hà Nội",38 m² (3.8x10.0),3 phòng,4 WC,5,Giấy tờ hợp lệ,24-10-2025
Lô Góc Cầu Giấy 38m2 - 5 Tầng - Sổ Vuông - Gần Phố - Ở Ngay - 8 Tỷ,8 tỷ,"Phường Nghĩa Đô, Quận Cầu Giấy, Hà Nội",38 m² (3.8x10.0),3 phòng,4 WC,5,Giấy tờ hợp lệ,24-10-2025
"Bán nhà Hồ Tùng Mậu, Nam Từ Liêm, Nhà dân xây, lô góc, 42 m², 7 tỷ 5","7,5 tỷ","Phường Mai Dịch, Quận Cầu Giấy, Hà Nội",42 m² (4.0x10.0),5 phòng,N/A,5,Giấy tờ hợp lệ,24-10-2025
CẦN BÁN GÁP NHÀ 6 TẦNG THANG MÁY CẦU GIẤY 38m2 HƠN 10 TỶ,10 tỷ,"Phường Mai Dịch, Quận Cầu Giấy, Hà Nội",38 m²,3 phòng,N/A,6,Giấy tờ hợp lệ,24-10-2025
BÁN NHÀ CẦU GIẤY - NHÀ ĐẸP GẦN PHỐ - VỊ TRÍ VÀNG - DÒNG TIỀN ỔN ĐỊNH,"8,3 tỷ","Phường Mai Dịch, Quận Cầu Giấy, Hà Nội",33 m²,5 phòng,5 WC,6,Giấy tờ hợp lệ,24-10-2025
BÁN NHÀ CẦU GIẤY - VỊ TRÍ VÀNG - 2 OTO TRÁNH - 3 MẶT THOÁNG - Ở NGAY,"32,5 tỷ","Phường Nghĩa Đô, Quận Cầu Giấy, Hà Nội",58 m²,8 phòng,7 WC,7,Giấy tờ hợp lệ,24-10-2025
BÁN NHÀ TRẦN QUỐC VƯỢNG – THANG MÁY – DOANH THU 60 TRIỆU/THÁNG – 12,12 tỷ,"Phường Dịch Vọng Hậu, Quận Cầu Giấy, Hà Nội",38.6 m²,10 phòng,N/A,6,Giấy tờ hợp lệ,24-10-2025
MẶT PHỐ HỒ TÙNG MẬU CẦU GIẤY 100m MT4.5m GIA 33 Ty5,"33,5 tỷ","Phường Mai Dịch, Quận Cầu Giấy, Hà Nội",100 m² (5.0x22.0),2 phòng,2 WC,2,Giấy tờ hợp lệ,24-10-2025
"💎 BÁN NHÀ MỚI KOONG – XUÂN THỦY, CẦU GIẤY – 6 TẦNG THANG MÁY, FULL NỘI","12,95 tỷ","Phường Dịch Vọng Hậu, Quận Cầu Giấy, Hà Nội",34 m²,3 phòng,4 WC,6,Giấy tờ hợp lệ,24-10-2025
"Lô Góc 2 Thoáng Cầu Giấy 40m2 - 5 Tầng - Ngõ Thông - Gần Phố - 8,8 Tỷ","8,8 tỷ","Phường Nghĩa Đô, Quận Cầu Giấy, Hà Nội",40 m² (4.0x10.0),3 phòng,4 WC,5,Giấy tờ hợp lệ,24-10-2025
Bán Nhà Lô Góc Dân Xây Ngõ 68 Cầu Giấy- 47m2 Hơn 11 Tỷ,11 tỷ,"Phường Quan Hoa, Quận Cầu Giấy, Hà Nội",47 m²,5 phòng,N/A,5,Giấy tờ hợp lệ,24-10-2025
BÁN NHÀ CẦU GIẤY - LÔ GÓC 2 MẶT - OTO CON ĐỖ CỬA - VÀI PHÚT RA PHỐ,"7,5 tỷ","Phường Dịch Vọng, Quận Cầu Giấy, Hà Nội",30 m²,2 phòng,2 WC,3,Giấy tờ hợp lệ,24-10-2025
"BÁN NHÀ LÔ GÓC NGÕ HOÀNG QUỐC VIỆT-OTO TRÁNH-THANG MÁY, 32,5 TỈ","32,5 tỷ","Phường Nghĩa Đô, Quận Cầu Giấy, Hà Nội",58 m²,8 phòng,N/A,7,Giấy tờ hợp lệ,24-10-2025
BÁN NHÀ CẦU GIẤY - 7 TẦNG - OTO ĐỖ CỬA - NỘI THẤT CAO CẤP - Ở NGAY,"25,85 tỷ","Phường Nghĩa Đô, Quận Cầu Giấy, Hà Nội",50 m²,8 phòng,7 WC,7,Giấy tờ hợp lệ,24-10-2025
"SIÊU PHẨM NGUYỄN PHONG SẮC,CẦU GIẤY KINH DOANH 15.2 TỶ","15,2 tỷ","22, Đường Nguyễn Phong Sắc, Phường Dịch Vọng, Quận Cầu Giấy, Hà Nội",22 m²,N/A,N/A,6,Sổ đỏ,28-10-2025
"BÁN NHÀ NGHĨA TÂN OTO TRÁNH , VỊ TRÍ VÀNG",10 tỷ,"Phường Nghĩa Tân, Quận Cầu Giấy, Hà Nội",31 m²,N/A,N/A,3,Sổ hồng,28-10-2025
CC cần bán nhà MP Tô Hiệu - Cầu Giấy. DT 90m2X5T MT 6m đường hè 15m,"46,8 tỷ","Đường Tô Hiệu, Phường Nghĩa Tân, Quận Cầu Giấy, Hà Nội",90 m²,5 phòng,4 WC,5,Sổ đỏ,12-07-2025
BÁN NHÀ HOÀNG QUỐC VIỆT - THANG MÁY - NGÕ THÔNG KINH DOANH,"19,8 tỷ","Phường Nghĩa Đô, Quận Cầu Giấy, Hà Nội",31 m² (4.0x7.8),3 phòng,N/A,7,Giấy tờ hợp lệ,23-10-2025
BÁN NHÀ-CẦU GIẤY-NGÕ THÔNG KINH DOANH-VÀO Ở LUÔN,"19,8 tỷ","Phường Nghĩa Tân, Quận Cầu Giấy, Hà Nội",35 m²,3 phòng,4 WC,7,Giấy tờ hợp lệ,23-10-2025
"Bán nhà Doãn Kế Thiện, 80m² 14.5 tỷ, ôtô vào nhà, gần phố, ở sướng","14,5 tỷ","Phường Mai Dịch, Quận Cầu Giấy, Hà Nội",80 m²,4 phòng,4 WC,N/A,Giấy tờ hợp lệ,23-10-2025
BÁN NHÀ Ở HOÀNG QUỐC VIỆT - NHÀ PHÂN LÔ 7 TẦNG THANG MÁY - NGÕ THÔNG,"19,8 tỷ","Phường Nghĩa Đô, Quận Cầu Giấy, Hà Nội",31 m²,4 phòng,N/A,7,Giấy tờ hợp lệ,23-10-2025
Siêu Phẩm Trần Quốc Hoàn – Phân Lô – Vỉa Hè – Ô Tô Vào Nhà,17 tỷ,"Phường Dịch Vọng Hậu, Quận Cầu Giấy, Hà Nội",52 m²,4 phòng,4 WC,5,Giấy tờ hợp lệ,23-10-2025
CẦN BÁN NHÀ PHỐ TRẦN THÁI TÔNG-09 PHÒNG CCMN KHÉP KÍN-DÒNG TIỀN 50T/th,15 tỷ,"Phường Dịch Vọng Hậu, Quận Cầu Giấy, Hà Nội",52 m²,9 phòng,7 WC,5,Giấy tờ hợp lệ,23-10-2025
SIÊU PHẨM HOÀNG QUỐC VIỆT - Ô TÔ VÀO NHÀ - 7 TẦNG - DT 60M - THANG MÁY,"29,8 tỷ","Phường Nghĩa Đô, Quận Cầu Giấy, Hà Nội",60 m² (4.4x13.6),2 phòng,5 WC,7,Giấy tờ hợp lệ,23-10-2025
CẦU GIẤY – NHÀ MỚI 6 TẦNG – Ô TÔ NGỦ TRONG NHÀ,"19,2 tỷ","Phường Quan Hoa, Quận Cầu Giấy, Hà Nội",70 m²,6 phòng,4 WC,6,Giấy tờ hợp lệ,23-10-2025
SIÊU PHẨM PHÙNG CHÍ KIÊN - VỊ TRÍ ĐẸP - DÂN TRÍ CAO - KINH DOANH TỐT,"25,85 tỷ","Phường Nghĩa Đô, Quận Cầu Giấy, Hà Nội",50 m² (3.7x13.5),8 phòng,N/A,7,Giấy tờ hợp lệ,23-10-2025
Phùng Chí Kiên - Hoàng Quốc Việt 5 TẦNG PHÂN LÔ Ô TÔ - CHỈ NHỈNH 8TỶ,"8,7 tỷ","Phường Nghĩa Đô, Quận Cầu Giấy, Hà Nội",33 m²,4 phòng,4 WC,5,Giấy tờ hợp lệ,23-10-2025
BÁN NHÀ CẦU GIẤY - NGÕ THÔNG - OTO ĐỖ CỬA - KINH DOANH - 7X THANG MÁY,"29,8 tỷ","Phường Nghĩa Đô, Quận Cầu Giấy, Hà Nội",57.4 m²,6 phòng,6 WC,7,Giấy tờ hợp lệ,23-10-2025
NHÀ ĐẸP TT CẦU GIẤY – 6T THANG MÁY – 2 MẶT THOÁNG – KINH DOANH ĐỈNH,"9,35 tỷ","Phường Yên Hòa, Quận Cầu Giấy, Hà Nội",34 m²,4 phòng,5 WC,6,Giấy tờ hợp lệ,23-10-2025
Cần bán nhà rộng nhất phố Yên Hoà 64m2 - 5 Tầng thang máy,"18,2 tỷ","Phường Yên Hòa, Quận Cầu Giấy, Hà Nội",64 m²,11 phòng,7 WC,5,Giấy tờ hợp lệ,23-10-2025
SIÊU PHẨM NGUYỄN KHANG – 8T TM – THÔNG SÀN – PCCC FULL – VỈA HÈ RỘNG,"69,6 tỷ","Phường Yên Hòa, Quận Cầu Giấy, Hà Nội",79 m²,6 phòng,6 WC,8,Giấy tờ hợp lệ,23-10-2025
BÁN NHÀ NGÕ 389 HOÀNG QUỐC VIỆT- PHÂN LÔ- Ô TÔ - 7 TẦNG - THANG MÁY,"19,8 tỷ","Phường Nghĩa Tân, Quận Cầu Giấy, Hà Nội",31 m² (4.0x8.7),3 phòng,4 WC,7,Giấy tờ hợp lệ,23-10-2025
"Lô Góc Cầu Giấy 40m2 - 4 Tầng - Gần Phố - Ngõ Thông - Giá 8,3 Tỷ","8,3 tỷ","Phường Mai Dịch, Quận Cầu Giấy, Hà Nội",40 m² (4.0x10.0),4 phòng,3 WC,4,Giấy tờ hợp lệ,23-10-2025
"Lô Góc Cầu Giấy 32m2 - 5 Tầng - Gần Phố - Tiện Ích - Giá 7,8 Tỷ","7,8 tỷ","Phường Quan Hoa, Quận Cầu Giấy, Hà Nội",32 m² (3.2x10.0),3 phòng,4 WC,5,Giấy tờ hợp lệ,23-10-2025
🏡☘️ TOÀ CCMN 5 TẦNG - NGÕ NÔNG THOÁNG - 9 PHÒNG  FULL NỘI THẤT 12 Tỷ,"12,5 tỷ","Phường Mai Dịch, Quận Cầu Giấy, Hà Nội",54 m²,9 phòng,7 WC,5,Giấy tờ hợp lệ,23-10-2025
"Bán nhà Đường Võ Chí Công , 40m tặng full nội thất cao cấp",8 tỷ,"Phường Nghĩa Đô, Quận Cầu Giấy, Hà Nội",40 m²,4 phòng,5 WC,5,Giấy tờ hợp lệ,23-10-2025
Căn CỰC HIẾM còn xót tại Cầu Giấy ở thời điểm hiện tại,Thỏa thuận,"Đường Trung Yên, Phường Yên Hòa, Quận Cầu Giấy, Hà Nội",30 m²,3 phòng,4 WC,5,Sổ đỏ,26-10-2025
Liền Kề Cao Cấp Phố Nguyễn Chánh - 120m2 View Công Viên - Bảo Vệ 24/7,63 tỷ,"Đường Nguyễn Chánh, Phường Trung Hòa, Quận Cầu Giấy, Hà Nội",120 m² (6.0x20.0),5 phòng,5 WC,5,Sổ đỏ,26-10-2025
BÁN NHÀ PHẠM VĂN ĐỒNG NGÕ THÔNG - LÔ GÓC -SÁT PHỐ HOÀNG QUỐC VIỆT KÉO,"13,5 tỷ","Phường Mai Dịch, Quận Cầu Giấy, Hà Nội",44 m² (5.0x9.0),4 phòng,4 WC,6,Giấy tờ hợp lệ,22-10-2025
"Nhà 6 tầng thang máy Hoàng Quốc Việt, ô tô vào tận nhà",17 tỷ,"Phường Nghĩa Tân, Quận Cầu Giấy, Hà Nội",58 m²,4 phòng,4 WC,6,Giấy tờ hợp lệ,22-10-2025
"Bán nhà Dịch Vọng,Cầu Giấy,7tầng,ô tô, kinhdoanh,thoáng sáng,50m²,18tỷ",18 tỷ,"Phường Dịch Vọng, Quận Cầu Giấy, Hà Nội",50 m² (4.2x12.0),5 phòng,5 WC,7,Giấy tờ hợp lệ,22-10-2025
BÁN NHÀ CẦU GIẤY NGÕ THÔNG - KINH DOANH NHỎ - 10M RA Ô TÔ,"10,6 tỷ","Phường Quan Hoa, Quận Cầu Giấy, Hà Nội",32 m² (3.7x9.0),3 phòng,4 WC,6,Giấy tờ hợp lệ,22-10-2025
TRUNG TÂM CẦU GIẤY - NHÀ ĐẸP CHỦ XÂY TÂM HUYẾT - 5 TẦNG ĐỦ CÔNG NĂNG,7 tỷ,"Phường Quan Hoa, Quận Cầu Giấy, Hà Nội",30 m²,3 phòng,4 WC,5,Giấy tờ hợp lệ,22-10-2025
VÀI BƯỚC RA OTO - TRUNG TÂM CẦU GIẤY - SỬ DỤNG 42M - NỘI THẤT CAO CẤP,"8,59 tỷ","Phường Mai Dịch, Quận Cầu Giấy, Hà Nội",42 m²,4 phòng,3 WC,N/A,Giấy tờ hợp lệ,22-10-2025
BÁN TOÀ NHÀ DÒNG TIỀN CẦU GIẤY - LÔ GÓC - 14 PHÒNG KHÉP KÍN,"15,9 tỷ","Phường Quan Hoa, Quận Cầu Giấy, Hà Nội",56 m² (5.3x11.0),11 phòng,7 WC,6,Giấy tờ hợp lệ,22-10-2025
BÁN NHÀ CẦU GIẤY - VỊ TRÍ ĐẸP - GIÔNG THÔNG THUẬN TIỆN - Ở NGAY,"9,8 tỷ","Phường Yên Hòa, Quận Cầu Giấy, Hà Nội",34 m²,3 phòng,N/A,5,Giấy tờ hợp lệ,22-10-2025
BÁN NHÀ CẦU GIẤY - NGÕ RỘNG - VỊ TRỊ ĐẸP - GIÁ ĐẦU TƯ,"6,5 tỷ","Phường Nghĩa Đô, Quận Cầu Giấy, Hà Nội",36 m²,3 phòng,4 WC,5,Giấy tờ hợp lệ,22-10-2025
OTO DỪNG ĐỖ NGÀY ĐÊM - 10M RA MẶT PHỐ HOÀNG QUỐC VIỆT - ĐẦU TƯ ĐỈNH,"19,36 tỷ","Phường Nghĩa Tân, Quận Cầu Giấy, Hà Nội",90 m²,6 phòng,5 WC,N/A,Giấy tờ hợp lệ,22-10-2025
SIÊU PHẨM NHÀ XÂY MỚI CẦU GIẤY - THANG MÁY,9 tỷ,"Phường Quan Hoa, Quận Cầu Giấy, Hà Nội",38 m²,3 phòng,5 WC,6,Giấy tờ hợp lệ,22-10-2025
"Bán nhà Nghĩa tân, Cầu giấy, phân lô, ô tô, vỉa hè, NT đẹp, 30m²,1x tỷ",10 tỷ,"Phường Nghĩa Tân, Quận Cầu Giấy, Hà Nội",30 m² (3.8x9.0),6 phòng,N/A,5,Giấy tờ hợp lệ,22-10-2025
BÁN NHÀ VÕ CHÍ CÔNG GẦN PHỐ - NGÕ RỘNG GẦN 3M THOÁNG SÁNG,"9,5 tỷ","Phường Nghĩa Đô, Quận Cầu Giấy, Hà Nội",31 m² (4.2x7.8),3 phòng,4 WC,6,Giấy tờ hợp lệ,22-10-2025
🔥TRUNG TÂM CẦU GIẤY - NHÀ ĐẸP LỘNG LẪY - LÔ GÓC THOÁNG SÁNG,8 tỷ,"Phường Quan Hoa, Quận Cầu Giấy, Hà Nội",35 m²,3 phòng,4 WC,5,Giấy tờ hợp lệ,22-10-2025
TRẦN DUY HƯNG - MẶT TIỀN 5M - 6 TẦNG THANG MÁY - CÓ GARA OTO,"22,5 tỷ","Phường Trung Hòa, Quận Cầu Giấy, Hà Nội",44.1 m²,3 phòng,4 WC,N/A,Giấy tờ hợp lệ,22-10-2025
Tôi cần bán nhà mặt ngõ ô tô chánh Hoàng Quốc Việt 6tầng thang máy .,"26,45 tỷ","Phường Nghĩa Đô, Quận Cầu Giấy, Hà Nội",60 m²,8 phòng,6 WC,6,Giấy tờ hợp lệ,22-10-2025
SIÊU PHẨM TRUNG TÂM CẦU GIẤY – NHÀ ĐẸP NHƯ MƠ–SÂN RỘNG–GIÁ CHỈ 11.5 TỶ,"11,5 tỷ","Phường Dịch Vọng, Quận Cầu Giấy, Hà Nội",38 m²,4 phòng,2 WC,4,Giấy tờ hợp lệ,22-10-2025
PHỐ DOÃN KẾ THIỆN -NHÀ MỚI- NÔI THẤT XỊN -VÀI BƯỚC CHÂN RA Ô TÔ TRÁNH,"8,6 tỷ","Phường Mai Dịch, Quận Cầu Giấy, Hà Nội",43 m² (4.0x11.0),4 phòng,5 WC,5,Giấy tờ hợp lệ,22-10-2025
"Bán nhà Hồ Tùng Mậu, 42m², 8 tỷ nhỉnh, nhà dân xây, gần phố, lô góc","8,45 tỷ","Phường Mai Dịch, Quận Cầu Giấy, Hà Nội",42 m²,4 phòng,4 WC,N/A,Giấy tờ hợp lệ,22-10-2025
BÁN NHÀ NGHĨA ĐÔ – NGÕ BA GÁC ĐUA – Ở HAY CHO THUÊ ĐỀU ĐỈNH,"7,4 tỷ","Phường Nghĩa Đô, Quận Cầu Giấy, Hà Nội",37 m²,3 phòng,N/A,5,Giấy tờ hợp lệ,21-10-2025
"Nhà đẹp Cầu Giấy DT 30m, MT 6m","7,7 tỷ","Phường Dịch Vọng, Quận Cầu Giấy, Hà Nội",30 m²,4 phòng,N/A,5,Giấy tờ hợp lệ,21-10-2025
"Bán nhà phố Yên Hoà, DT 65m2 x 3 tầng, MT 6,4m, cách ô tô 20m, phù hợp",13 tỷ,"Đường Hoa Bằng, Phường Yên Hòa, Quận Cầu Giấy, Hà Nội",65 m²,N/A,N/A,3,Sổ đỏ,06-10-2025
MẶT TIỀN KINH DOANH-TRUNG TÂM CẦU GIẤY - NHÀ ĐẸP Ở NGAY - ÔTÔ VÀO NHÀ,"15,8 tỷ","Phường Quan Hoa, Quận Cầu Giấy, Hà Nội",46 m²,5 phòng,4 WC,6,Giấy tờ hợp lệ,22-10-2025
BÁN NHÀ NGHĨA ĐÔ – NGÕ BA GÁC ĐUA – Ở HAY CHO THUÊ ĐỀU ĐỈNH,"7,4 tỷ","Phường Nghĩa Đô, Quận Cầu Giấy, Hà Nội",37 m²,3 phòng,N/A,5,Giấy tờ hợp lệ,21-10-2025
BÁN  NHÀ DÒNG TIỀN KHỦNG – LÔ GÓC--CÁCH PHỐ VÕ CHÍ CÔNG 10M,79 tỷ,"Phường Nghĩa Đô, Quận Cầu Giấy, Hà Nội",176 m²,11 phòng,7 WC,9,Giấy tờ hợp lệ,21-10-2025
SIÊU PHẨM TRẦN DUY HƯNG - PHÂN LÔ - NGÕ THÔNG - KINH DOANH ĐỈNH,"15,2 tỷ","Phường Trung Hòa, Quận Cầu Giấy, Hà Nội",43.8 m² (3.6x12.0),7 phòng,2,5,Giấy tờ hợp lệ,21-10-2025
"BÁN NHÀ CẦU GIẤY DÂN XÂY LÔ GÓC, MẶT NGÕ BA GÁC 100M RA PHỐ","7,8 tỷ","Phường Dịch Vọng, Quận Cầu Giấy, Hà Nội",27 m²,3 phòng,4 WC,5,Giấy tờ hợp lệ,21-10-2025
SIÊU PHẨM YÊN HOÀ - Ô TÔ ĐỖ CỬA - KHÔNG CÓ CĂN THỨ 2,"13,5 tỷ","Phường Yên Hòa, Quận Cầu Giấy, Hà Nội",39 m²,3 phòng,N/A,5,Giấy tờ hợp lệ,21-10-2025
BÁN NHÀ 7 TẦNG CẦU GIẤY– PHÂN LÔ – Ô TÔ TRÁNH – KINH DOANH - VĂN PHÒNG,24 tỷ,"Phường Dịch Vọng Hậu, Quận Cầu Giấy, Hà Nội",45 m² (4.0x11.0),4 phòng,7 WC,7,Giấy tờ hợp lệ,21-10-2025
"7,5 TỶ-NHÀ NGÕ 79 CẦU GIẤY-28M-5 TẦNG-CÁCH Ô TÔ 1OM-NGÕ BA GÁC .","7,5 tỷ","Phường Quan Hoa, Quận Cầu Giấy, Hà Nội",28 m²,3 phòng,N/A,5,Giấy tờ hợp lệ,21-10-2025
"HÀNG ĐỘC! VIP CẦU GIẤY, 52m2, MT 4.3m, GẦN PHỐ, 2 THOÁNG, Ở SƯỚNG","9,4 tỷ","Phường Yên Hòa, Quận Cầu Giấy, Hà Nội",52 m²,4 phòng,4 WC,4,Giấy tờ hợp lệ,21-10-2025
NHÀ CẠNH MẶT PHỐ - NGÕ THÔNG - THOÁNG SÁNG - 3 BƯỚC RA MẶT ĐƯỜNG,"9,8 tỷ","Phường Trung Hòa, Quận Cầu Giấy, Hà Nội",35 m² (6.0x5.6),3 phòng,4 WC,5,Giấy tờ hợp lệ,21-10-2025
"BÁN NHÀ CẦU GIẤY DÂN XÂY GẦN PHỐ, Ô TÔ, BA GÁC ĐỖ CỬA, FULL NỘI THẤT","10,6 tỷ","Phường Dịch Vọng, Quận Cầu Giấy, Hà Nội",42 m²,4 phòng,3 WC,4,Giấy tờ hợp lệ,21-10-2025
PHÂN LÔ QUÂN ĐỘI - Ô TÔ TRÁNH - DIỆN TÍCH RỘNG -VIEW BẢO TẦNG DÂN TỘC.,"18,5 tỷ","Phường Nghĩa Đô, Quận Cầu Giấy, Hà Nội",60 m² (4.0x15.0),6 phòng,7 WC,5,Giấy tờ hợp lệ,21-10-2025
"NHÀ DƯƠNG QUẢNG HÀM-CẦU GIẤY- 38M- 6 TẦNG- MT 7,8M- 9,5 TỶ -GẦN Ô TÔ-","9,5 tỷ","Phường Quan Hoa, Quận Cầu Giấy, Hà Nội",38 m²,4 phòng,N/A,6,Giấy tờ hợp lệ,21-10-2025
BÁN NHÀ CẦU GIẤY - DÂN XÂY CHẮC CHẮN - 4 TẦNG - NỞ HẬU - Ở NGAY,"11,5 tỷ","Phường Quan Hoa, Quận Cầu Giấy, Hà Nội",38 m²,4 phòng,3 WC,4,Giấy tờ hợp lệ,21-10-2025
Bán Gấp Nhà Cầu Giấy 6Tầng Thang Máy-40m2 Xây Mới Nhỉnh 9 Tỷ,9 tỷ,"Phường Quan Hoa, Quận Cầu Giấy, Hà Nội",40 m²,3 phòng,N/A,6,Giấy tờ hợp lệ,21-10-2025
"145m2 9 tầng mặt 7,1m 109 Tỷ Quan Hoa Cầu Giấy",109 tỷ,"Phường Quan Hoa, Quận Cầu Giấy, Hà Nội",145 m²,11 phòng,7 WC,9,Giấy tờ hợp lệ,21-10-2025
BÁN NHANH NHÀ NGÕ 79 CẦU GIẤY - DT38m - GẦN Ô TÔ,"11,5 tỷ","Phường Dịch Vọng, Quận Cầu Giấy, Hà Nội",38 m² (3.5x11.0),4 phòng,3 WC,4,Giấy tờ hợp lệ,21-10-2025
NHÀ ĐẸP LỘNG LẪY CẦU GIẤY - LÔ GÓC THOÁNG SÁNG - DÂN XÂY CHẮC CHẮN,"11,5 tỷ","Phường Quan Hoa, Quận Cầu Giấy, Hà Nội",45 m² (4.0x11.0),4 phòng,4 WC,4,Giấy tờ hợp lệ,21-10-2025
BÁN NHÀ-CẦU GIẤY-NGÕ ĐẸP-VÀO Ở LUÔN,"11,5 tỷ","Phường Quan Hoa, Quận Cầu Giấy, Hà Nội",38 m²,4 phòng,3 WC,4,Giấy tờ hợp lệ,21-10-2025
"Siêu phẩm Cầu Giấy, Đầu tư sinh lời, ô tô đậu cửa,DT 141m, giá 38,5 tỷ","38,5 tỷ","Phường Quan Hoa, Quận Cầu Giấy, Hà Nội",141 m² (8.4x17.2),6 phòng,N/A,5,Giấy tờ hợp lệ,21-10-2025
SIÊU PHẨM TRẦN CUNG - 37M - NHỈNH 7 TỶ - DÂN XÂY CHẮC CHẮN - Ở/ THUÊ,"7,4 tỷ","Phường Nghĩa Tân, Quận Cầu Giấy, Hà Nội",37 m²,3 phòng,4 WC,5,Giấy tờ hợp lệ,21-10-2025
BÁN NHÀ TRUNG TÂM CẦU GIẤY – NHÀ ĐẸP LỘNG LẪY – NỞ HẬU TÀI LỘC,"11,5 tỷ","Phường Quan Hoa, Quận Cầu Giấy, Hà Nội",38 m²,4 phòng,4 WC,4,Giấy tờ hợp lệ,21-10-2025
CC bán BT lô góc 3 mặt thoáng 240m2 MT 20m phố Trần Thái Tông,127 tỷ,"Đường Trần Thái Tông, Phường Dịch Vọng Hậu, Quận Cầu Giấy, Hà Nội",236 m²,6 phòng,6 WC,5,Sổ đỏ,24-10-2025
Bán nhà Hồ Tùng Mậu- 8.45 tỷ - 41m² - Gần phố - lô góc dân xây,"8,45 tỷ","Phường Mai Dịch, Quận Cầu Giấy, Hà Nội",41 m² (3.5x12.0),4 phòng,4 WC,N/A,Giấy tờ hợp lệ,21-10-2025
Nhà Hoàng Quốc Việt có gara riêng nhỉnh 8 tỷ,"8,5 tỷ","Phường Nghĩa Đô, Quận Cầu Giấy, Hà Nội",35 m²,3 phòng,N/A,4,Giấy tờ hợp lệ,21-10-2025
BÁN NHÀ HOÀNG QUỐC VIỆT-  PHÂN LÔ  – 7 TẦNG THANG MÁY – NGÕ THÔNG,"19,8 tỷ","Phường Nghĩa Đô, Quận Cầu Giấy, Hà Nội",35 m²,4 phòng,5 WC,7,Giấy tờ hợp lệ,20-10-2025
BÁN NHÀ YÊN HOÀ – 43M² GẦN PHỐ ÔTÔ– VỪA Ở VỪA KINH DOANH DÒNG TIỀN,"8,8 tỷ","Đường Yên Hòa, Phường Yên Hòa, Quận Cầu Giấy, Hà Nội",40 m²,4 phòng,5 WC,5,Sổ đỏ,24-10-2025
"NHÀ ĐẸP NGUYỄN KHANG-31M2-4 TẦNG-8,450 TỶ-NGÕ NÔNG-VÀI BƯỚC CHÂN RA  H","8,45 tỷ","Phường Yên Hòa, Quận Cầu Giấy, Hà Nội",31 m²,3 phòng,N/A,4,Giấy tờ hợp lệ,20-10-2025
BÁN NHÀ HOÀNG QUỐC VIỆT – PHÂN LÔ KINH DOANH – 7 TẦNG THANG MÁY,"19,8 tỷ","Phường Nghĩa Đô, Quận Cầu Giấy, Hà Nội",35 m²,4 phòng,5 WC,7,Giấy tờ hợp lệ,20-10-2025
NHÀ NGHĨA ĐÔ- HQV- TRẦN CUNG - 40Mx5T-MT3.9M 4 NGỦ-3 GÁC ĐUA - GẦN PHỐ,"7,4 tỷ","Phường Nghĩa Đô, Quận Cầu Giấy, Hà Nội",40 m²,4 phòng,5 WC,5,Giấy tờ hợp lệ,20-10-2025
BÁN NHÀ CẦU GIẤY THANG MÁY 6 TẦNG-38m2 HƠN 10 TỶ,10 tỷ,"Phường Mai Dịch, Quận Cầu Giấy, Hà Nội",38 m²,3 phòng,N/A,6,Giấy tờ hợp lệ,20-10-2025
"NHÀ MỚI NGUYỄN ĐÌNH HOÀN, Ô TÔ THANG MÁY 6 TẦNG NGÕ THÔNG, 45M2 18.5TỶ","18,5 tỷ","Phường Nghĩa Đô, Quận Cầu Giấy, Hà Nội",45 m² (4.5x10.0),5 phòng,6 WC,6,Giấy tờ hợp lệ,20-10-2025
BÁN NHÀ HOÀNG QUỐC VIỆT - Ô TÔ VÒNG QUANH -PHÂN LÔ-7 TẦNG THANG MÁY,"29,8 tỷ","Phường Nghĩa Đô, Quận Cầu Giấy, Hà Nội",60 m²,6 phòng,7 WC,7,Giấy tờ hợp lệ,20-10-2025
SIÊU PHẨM  HỒ TÙNG MẬU - GARA OTO - CÓ THANG MÁY - VỊ TRÍ THUẬN TIỆN,"19,5 tỷ","Phường Mai Dịch, Quận Cầu Giấy, Hà Nội",42 m² (5.7x7.3),4 phòng,N/A,7,Giấy tờ hợp lệ,20-10-2025
NHÀ ĐẸP Ở NGAY - TRUNG TÂM CẦU GIẤY - SD 43M - NỘI THẤT CAO CẤP,"8,6 tỷ","Phường Mai Dịch, Quận Cầu Giấy, Hà Nội",43 m²,4 phòng,5 WC,N/A,Giấy tờ hợp lệ,20-10-2025
"HIẾM, MẶT PHỐ CẦU GIẤY - KINH DOANH - MẶT TIỀN 5,2M CHO THUÊ ĐỈNH CAO","20,38 tỷ","Phường Dịch Vọng, Quận Cầu Giấy, Hà Nội",25 m²,2 phòng,2 WC,3,Giấy tờ hợp lệ,20-10-2025
BÁN NHÀ Ở CẦU GIẤY - 50M2 RỘNG - 7 TẦNG THANG MÁY - OTO ĐỖ CỬA VÔ NHÀ,"25,85 tỷ","Phường Nghĩa Đô, Quận Cầu Giấy, Hà Nội",50 m²,4 phòng,N/A,7,Giấy tờ hợp lệ,20-10-2025
Bán nhà dân xây 5t Ngõ 155 Cầu Giấy 7.7ty,"7,7 tỷ","Phường Yên Hòa, Quận Cầu Giấy, Hà Nội",35 m²,3 phòng,3 WC,5,Giấy tờ hợp lệ,20-10-2025
NHÀ PHỐ DOÃN KẾ THIỆN-CẦU GIẤY-35M2-5 TẦNG-VÀI BƯỚC CHÂN RA Ô TÔ .,"8,6 tỷ","Phường Mai Dịch, Quận Cầu Giấy, Hà Nội",35 m²,3 phòng,N/A,5,Giấy tờ hợp lệ,20-10-2025
Bán nhà Hồ Tùng Mậu - 40m2 - 4 tầng - dân xây - 7 phòng cho thuê,"7,9 tỷ","Phường Mai Dịch, Quận Cầu Giấy, Hà Nội",40 m² (4.0x10.0),7 phòng,6 WC,4,Giấy tờ hợp lệ,20-10-2025
BÁN NHÀ-CẦU GIẤY-NGÕ TRƯỚC NHÀ RỘNG-XÁCH VALI VÀO Ở LUÔN,"14,8 tỷ","Phường Nghĩa Đô, Quận Cầu Giấy, Hà Nội",40 m²,3 phòng,4 WC,5,Giấy tờ hợp lệ,20-10-2025
SIÊU PHẨM  PHỐ DOÃN KẾ THIỆN - NHÀ ĐẸP LONG LANH - NÔI THẤT XỊN SÒ,"8,6 tỷ","Phường Mai Dịch, Quận Cầu Giấy, Hà Nội",35 m² (3.0x11.0),4 phòng,N/A,4,Giấy tờ hợp lệ,20-10-2025
🔥 TRUNG TÂM CẦU GIẤY - Nhà Đẹp Ở Ngay-Tiện Ích Phủ Kín-An sinh,15 tỷ,"Phường Yên Hòa, Quận Cầu Giấy, Hà Nội",75 m² (4.0x20.0),8 phòng,3 WC,5,Giấy tờ hợp lệ,20-10-2025
BÁN NHÀ PHÂN LÔ Ở CẦU GIẤY - NHÀ XÂY MỚI CÓ THANG MÁY - OTO ĐỖ CỬA,"29,8 tỷ","Phường Nghĩa Đô, Quận Cầu Giấy, Hà Nội",57.5 m²,4 phòng,N/A,7,Giấy tờ hợp lệ,20-10-2025
BÁN NHÀ LẠC LONG QUÂN – 40M² – 5T – MT 3.9M – GIÁ 14.8 TỶ – CẦU GIẤY,"14,8 tỷ","Phường Nghĩa Đô, Quận Cầu Giấy, Hà Nội",40 m²,3 phòng,N/A,5,Giấy tờ hợp lệ,20-10-2025
SIÊU PHẨM NGHĨA ĐÔ- NGÕ BA GÁC ĐUA - 1 NGOẶT ĐẾN NHÀ - HX KĐT NAM,"7,4 tỷ","Phường Nghĩa Đô, Quận Cầu Giấy, Hà Nội",37 m² (3.7x10.0),3 phòng,4 WC,5,Giấy tờ hợp lệ,20-10-2025
BÁN NHÀ VÕ CHÍ CÔNG - NGÕ THOÁNG SÁNG  - CHỈ CẦN CÁCH VALI VỀ Ở LUÔN,"9,5 tỷ","Phường Nghĩa Đô, Quận Cầu Giấy, Hà Nội",31 m² (4.2x7.3),3 phòng,N/A,6,Giấy tờ hợp lệ,20-10-2025
"Bán nhà phân lô ô tô, Gara,Cầu Giấy, D/T: 51m2,6T thang máy, ở tốt K/D","23,6 tỷ","Phường Nghĩa Đô, Quận Cầu Giấy, Hà Nội",51 m²,5 phòng,5 WC,6,Giấy tờ hợp lệ,20-10-2025
Tôi cần bán nhà mới koong 6tầng thang máy mặt ngõ ô tô chánh đỗ.,"18,56 tỷ","Phường Quan Hoa, Quận Cầu Giấy, Hà Nội",40 m²,6 phòng,6 WC,6,Giấy tờ hợp lệ,20-10-2025
Bán nhà Hồ Tùng Mậu - 41m - 8.45 tỷ - lô góc - dân xây - full nội thất,"8,4 tỷ","Phường Mai Dịch, Quận Cầu Giấy, Hà Nội",41 m²,4 phòng,5 WC,N/A,Giấy tờ hợp lệ,20-10-2025
Siêu phẩm YÊN HÒA - Xách Vali về ở ngay - giá *** khu vực,"9,55 tỷ","Phường Yên Hòa, Quận Cầu Giấy, Hà Nội",30 m²,3 phòng,N/A,5,Giấy tờ hợp lệ,20-10-2025
Phố Nguyễn Khang - Cần Bán luôn - Nhà 7 tầng Có thang máy - Kinh doanh,15 tỷ,"Phường Yên Hòa, Quận Cầu Giấy, Hà Nội",51.4 m²,2 phòng,5 WC,7,Giấy tờ hợp lệ,20-10-2025
BÁN  NHÀ 7 TẦNG THANG MÁY- NGHĨA ĐÔ - Ô TÔ VÀO NHÀ -KINH DOANH ĐỈNH,"25,85 tỷ","Phường Nghĩa Đô, Quận Cầu Giấy, Hà Nội",55 m²,8 phòng,6 WC,6,Giấy tờ hợp lệ,20-10-2025
HOÀNG QUỐC VIỆT – MẶT PHỐ – 7 TẦNG THANG MÁY – MT 4.36M – GIÁ 29.8 TỶ,"29,8 tỷ","Phường Nghĩa Tân, Quận Cầu Giấy, Hà Nội",60 m²,5 phòng,5 WC,7,Giấy tờ hợp lệ,20-10-2025
"NHÀ CẦU GIẤY-34M2-6 TẦNG-MT 4M-9,35 TỶ-HAI THOÁNG TRƯỚC SAU-10M RA","9,35 tỷ","Phường Dịch Vọng, Quận Cầu Giấy, Hà Nội",34 m²,3 phòng,N/A,6,Giấy tờ hợp lệ,20-10-2025
"BÁN NHÀ CẦU GIẤY, GẦN HỒ TÂY, NHÀ XÂY TÂM HUYẾT, FULL NỘI THẤT Ở NGAY","8,25 tỷ","Phường Nghĩa Tân, Quận Cầu Giấy, Hà Nội",32 m²,4 phòng,3 WC,5,Giấy tờ hợp lệ,20-10-2025
BÁN NHÀ TRẦN CUNG – 37M² – 5 TẦNG – MT 3.9M – GIÁ 7.4 TỶ – CẦU GIẤY,"7,4 tỷ","Phường Nghĩa Đô, Quận Cầu Giấy, Hà Nội",37 m²,3 phòng,3 WC,5,Giấy tờ hợp lệ,20-10-2025
BÁN NHÀ PHÙNG CHÍ KIÊN – 7 TẦNG THANG MÁY – KINH DOANH  – GARA Ô TÔ,"25,85 tỷ","Phường Nghĩa Đô, Quận Cầu Giấy, Hà Nội",55 m²,8 phòng,7 WC,7,Giấy tờ hợp lệ,20-10-2025
"Bán nhà Hồ Tùng Mậu, Cầu Giấy - 8.45 tỷ - 40m - lô góc,gần phố","8,45 tỷ","Phường Mai Dịch, Quận Cầu Giấy, Hà Nội",40 m²,4 phòng,4 WC,N/A,Giấy tờ hợp lệ,20-10-2025
"BÁN NHÀ NGUYỄN KHANG NGÕ NÔNG GẦN PHỐ, SÁT HỒ TẶNG NỘI THẤT Ở NGAY","7,9 tỷ","Phường Quan Hoa, Quận Cầu Giấy, Hà Nội",30.1 m²,4 phòng,3 WC,4,Giấy tờ hợp lệ,20-10-2025
"GIÁ 7.6 TỶ!BÁN GẤP NHÀ CẦU GIẤY - HÀ NỘI: 30M², 5 TẦNG - MẶT TIỀN 6.5M","7,6 tỷ","Phường Quan Hoa, Quận Cầu Giấy, Hà Nội",30 m²,4 phòng,N/A,5,Giấy tờ hợp lệ,20-10-2025
BÁN GẤP NHÀ PHỐ NGUYỄN KHANG – TRUNG TÂM CẦU GIẤY,"8,35 tỷ","Phường Yên Hòa, Quận Cầu Giấy, Hà Nội",31 m²,4 phòng,N/A,4,Giấy tờ hợp lệ,20-10-2025
PHÙNG CHÍ KIÊN - 50M2 - 7 TẦNG THANG MÁY - MT 3.68M - GIÁ 25.85 TỶ,"25,85 tỷ","Phường Nghĩa Đô, Quận Cầu Giấy, Hà Nội",55 m²,8 phòng,7 WC,7,Giấy tờ hợp lệ,20-10-2025
"Bán nhà chính chủ Trần Quốc Vượng, Cầu Giấy 61m2 - 4 tầng - 17,5 tỷ","17,5 tỷ","Đường Trần Quốc Vượng, Phường Dịch Vọng, Quận Cầu Giấy, Hà Nội",61.1 m²,N/A,N/A,4,Sổ đỏ,23-10-2025
PHÂN LÔ - OTO TRÁNH - KD SẦM UẤT– SIÊU VĂN PHÒNG,16 tỷ,"Đường Vũ Phạm Hàm, Phường Trung Hòa, Quận Cầu Giấy, Hà Nội",60 m²,6 phòng,5 WC,5,Sổ đỏ,21-07-2025
"Bán nhà phân lô mặt ngõ Nguyễn Phong Sắc 100m2, mt 6m đường ôtô dừng","41,3 tỷ","2, Đường Nguyễn Phong Sắc, Phường Dịch Vọng Hậu, Quận Cầu Giấy, Hà Nội",100 m² (6.0x16.0),2 phòng,2 WC,1,Sổ hồng,23-10-2025
"Bán nhà phố Võ Chí Công, tòa nhà 9 tầng, 1 hầm 200m2, MT 8m, 76 phòng",70 tỷ,"Đường Võ Chí Công, Phường Nghĩa Đô, Quận Cầu Giấy, Hà Nội",200 m² (8.0x25.0),76 phòng,N/A,9,Sổ đỏ,23-10-2025
TÒA NHÀ VIP - SIÊU VĂN PHÒNG - KD SẦM UẤT – THANG MÁY,22 tỷ,"Đường Trần Duy Hưng, Phường Trung Hòa, Quận Cầu Giấy, Hà Nội",70 m²,7 phòng,6 WC,7,Sổ đỏ,22-10-2025
"CC bán nhà 5T 75m2 Mt 6m mặt phố Đặng Thuỳ Trâm - Cầu Giấy làm VP, Cty","28,3 tỷ","Đường Phạm Tuấn Tài, Phường Nghĩa Tân, Quận Cầu Giấy, Hà Nội",75 m²,5 phòng,5 WC,5,Sổ đỏ,29-10-2025
"Phân lô ô tô hiếm Phùng Chí Kiên chỉ gần 9 tỷ, 30m2, 5T, full nội thất","8,8 tỷ","Phường Nghĩa Tân, Quận Cầu Giấy, Hà Nội",30 m²,3 phòng,N/A,5,Giấy tờ hợp lệ,17-10-2025
Bán Nhà Căn Hộ Cao Cấp Phân Lô Hoàng Quốc Việt 8 Tầng 1 Hầm Ngay Phố,"40,5 tỷ","Đường Hoàng Quốc Việt, Phường Nghĩa Đô, Quận Cầu Giấy, Hà Nội",91 m²,18 phòng,22 WC,9,Sổ đỏ,17-10-2025
"Nhà Hoàng Quốc Việt, 88m x4T-MT 5.6M-2 Thoáng-Ở-KD-5m ô tránh","19,35 tỷ","Đường Hoàng Quốc Việt, Phường Nghĩa Tân, Quận Cầu Giấy, Hà Nội",88 m²,4 phòng,N/A,4,Sổ đỏ,22-10-2025
BIỆT THỰ SÂN VƯỜN KIỂU PHÁP GIỮA TRUNG TAM CẦÙ GIẤY (CHÍNH CHỦ),43 tỷ,"Đường Xuân Thủy, Phường Dịch Vọng Hậu, Quận Cầu Giấy, Hà Nội",220 m² (14.0x15.7),4 phòng,3 WC,4,Sổ đỏ,22-10-2025
Bán nhà ngõ 5 Hoàng Quốc Việt quy hoạch mặt phố vuông chằn chặn 9m MT,10 tỷ,"Đường Hoàng Quốc Việt, Phường Nghĩa Đô, Quận Cầu Giấy, Hà Nội",54 m² (6.0x7.5),8 phòng,5 WC,5,Sổ đỏ,21-10-2025
BÁN NHÀ NGUYỄN KHANG - 79M2 - 8 TẦNG THANG MÁY - MT 4.5M - GIÁ 69.6TỶ,"69,6 tỷ","Phường Yên Hòa, Quận Cầu Giấy, Hà Nội",80 m²,7 phòng,7 WC,8,Giấy tờ hợp lệ,17-10-2025
VÕ CHÍ CÔNG - 5 TẦNG - MẶT TIỀN 4.2M - GIÁ 9.5 TỶ - TRÁI TIM CẦU GIẤY,"9,5 tỷ","Phường Nghĩa Đô, Quận Cầu Giấy, Hà Nội",31 m²,4 phòng,4 WC,6,Giấy tờ hợp lệ,17-10-2025
BÁN NHÀ DƯƠNG QUẢNG HÀM – 51m² – 5 TẦNG – MT 5.15m – GIÁ 17 TỶ,17 tỷ,"Phường Quan Hoa, Quận Cầu Giấy, Hà Nội",51 m²,5 phòng,3 WC,5,Giấy tờ hợp lệ,17-10-2025
"Lô góc, Dịch Vọng Hậu Cầu Giấy, ngõ thông, 39m2, mặt tiền 5.9m, 9.5 tỷ","9,5 tỷ","Phường Dịch Vọng Hậu, Quận Cầu Giấy, Hà Nội",38 m²,4 phòng,3 WC,5,Giấy tờ hợp lệ,16-10-2025
Chính chủ bán nhà phân lô 2 mặt tiền đường oto ngõ 106 Hoàng Quốc Việt,"28,9 tỷ","Đường Hoàng Quốc Việt, Phường Nghĩa Đô, Quận Cầu Giấy, Hà Nội",78 m²,5 phòng,5 WC,5,Sổ đỏ,27-10-2025
"Bán nhà gần vòng xuyến Hoàng Quốc Việt, gần mặt phố 30m, ô tô vào nhà","18,6 tỷ","66, Đường Nguyễn Đình Hoàn, Phường Nghĩa Đô, Quận Cầu Giấy, Hà Nội",45 m²,3 phòng,N/A,6,Sổ đỏ,23-10-2025
"Bán nhà 5T 42m2 , khu PL ĐHSP chợ Xanh, nhà 2 mặt ngõ thoáng KD",15 tỷ,"Đường Xuân Thủy, Phường Dịch Vọng Hậu, Quận Cầu Giấy, Hà Nội",40 m²,6 phòng,N/A,5,Sổ đỏ,20-10-2025
"Bán CHDV Nguyễn Khánh Toàn - 95m2, 18 Phòng - Dòng tiền 120 triệu/ th","24,8 tỷ","Đường Nguyễn Khánh Toàn, Phường Quan Hoa, Quận Cầu Giấy, Hà Nội",95 m²,18 phòng,18 WC,N/A,Sổ đỏ,20-10-2025
"Cần bán gấp nhà Cầu Giấy, mặt tiền Gần 4 m, ô tô đỗ cổng, giá 8.6 tỷ","8,6 tỷ","Đường Cầu Giấy, Phường Trung Hòa, Quận Cầu Giấy, Hà Nội",30 m² (5.0x6.0),3 phòng,4 WC,5,Sổ hồng,20-10-2025
Bán nhà số 21 ngõ 342/38 Hồ Tùng Mậu,"7,25 tỷ","Đường Hồ Tùng Mậu, Phường Mai Dịch, Quận Cầu Giấy, Hà Nội",33 m²,3 phòng,4 WC,5,Sổ đỏ,20-10-2025
SIÊU HIẾM PHỐ YÊN HÒA -  NHÀ XÂY MỚI 7 TẦNG - DÒNG TIỀN TỐT,"15,6 tỷ","Phường Yên Hòa, Quận Cầu Giấy, Hà Nội",53 m²,10 phòng,7 WC,7,Giấy tờ hợp lệ,16-10-2025
PHÂN LÔ TRUNG TÂM CẦU GIẤY - NỘI THẤT XỊN SÒ - DT SỬ DỤNG 43M,"8,6 tỷ","Phường Mai Dịch, Quận Cầu Giấy, Hà Nội",35 m²,4 phòng,4 WC,N/A,Giấy tờ hợp lệ,16-10-2025
"SIÊU PHẨM HIẾM PHỐ DOÃN KẾ THIỆN – NHÀ MỚI LONG LANH, NỘI THẤT XỊN SÒ","8,6 tỷ","Phường Mai Dịch, Quận Cầu Giấy, Hà Nội",30 m²,4 phòng,5 WC,4,Giấy tờ hợp lệ,16-10-2025
"BÁN NHÀ VÕ CHÍ CÔNG, NHÀ ĐẸP FULL NỘI THẤT, NGÕ THÔNG, SÁT PHỐ","8,8 tỷ","Phường Nghĩa Đô, Quận Cầu Giấy, Hà Nội",30 m²,3 phòng,4 WC,5,Giấy tờ hợp lệ,16-10-2025
BÁN NHÀ DOÃN KẾ THIỆN – 30/43m² – 5 TẦNG – GIÁ 8.6 TỶ – CẦU GIẤY 🌟,"8,6 tỷ","Phường Mai Dịch, Quận Cầu Giấy, Hà Nội",30 m²,4 phòng,3 WC,4,Giấy tờ hợp lệ,16-10-2025
"Bán nhà phố Cầu Giấy, ngõ rộng thoáng, trung tâm quận 30m2, 7.7 tỷ","7,7 tỷ","Phường Yên Hòa, Quận Cầu Giấy, Hà Nội",30 m² (6.5x5.0),4 phòng,4 WC,5,Giấy tờ hợp lệ,16-10-2025
"CẦN BÁN GẤP NHÀ MẶT NGÕ VÕNG THỊ , DT 54M2  MẶT TIỀN 5M2",4 tỷ,"Phường Nghĩa Đô, Quận Cầu Giấy, Hà Nội",54 m² (5.0x23.2),3 phòng,2 WC,2,Giấy tờ hợp lệ,16-10-2025
TOÀ CCMN HÀNG HIẾM CẦU GIẤY - TẦM TIỀN NHỎ - DOANH THU 45m/THÁNG,"10,5 tỷ","Phường Yên Hòa, Quận Cầu Giấy, Hà Nội",40 m² (4.0x10.0),10 phòng,7 WC,N/A,Giấy tờ hợp lệ,16-10-2025
OTO VÀO NHÀ QUAY ĐẦU - PHỐ LẠC LONG QUÂN - THANG MÁY - 52M,"13,8 tỷ","Phường Nghĩa Đô, Quận Cầu Giấy, Hà Nội",52 m²,7 phòng,7 WC,1,Giấy tờ hợp lệ,16-10-2025
TRUNG TÂM CẦU GIẤY - BÁN NHÀ ĐẸP 9P CHO THUÊ DÒNG TIỀN CAO - GẦN Ô TÔ,"10,3 tỷ","Phường Yên Hòa, Quận Cầu Giấy, Hà Nội",38 m²,9 phòng,7 WC,5,Giấy tờ hợp lệ,16-10-2025
"NHÀ ĐẸP ĐÓN TẾT 35m * 5t HOÀNG QUỐC VIỆT giá 8,5 tỷ","8,5 tỷ","Phường Nghĩa Đô, Quận Cầu Giấy, Hà Nội",35 m²,4 phòng,N/A,5,Giấy tờ hợp lệ,16-10-2025
"LÔ GÓC, NGÕ THÔNG, KD TRẦN DUY HƯNG, CẦU GIẤY","8,6 tỷ","Phường Yên Hòa, Quận Cầu Giấy, Hà Nội",35 m² (4.0x8.0),4 phòng,5 WC,5,Giấy tờ hợp lệ,16-10-2025
"PHỐ VIP VÕ CHÍ CÔNG, NGÕ CỰC NÔNG, 30M RA OTO. 55M MÀ NHỈNH 10 TỶ","10,5 tỷ","Phường Nghĩa Đô, Quận Cầu Giấy, Hà Nội",55 m²,6 phòng,6 WC,N/A,Giấy tờ hợp lệ,16-10-2025
Tôi cần bán nhà Đỗ Quang 5tầng full nội thất cao cấp .,"33,79 tỷ","Phường Trung Hòa, Quận Cầu Giấy, Hà Nội",56 m²,4 phòng,5 WC,5,Giấy tờ hợp lệ,16-10-2025
✨ SIÊU PHẨM CẦU GIẤY - THANG MÁY NHẬP KHẨU - 38m2 HƠN 10 TỶ,10 tỷ,"Phường Mai Dịch, Quận Cầu Giấy, Hà Nội",38 m²,3 phòng,N/A,6,Giấy tờ hợp lệ,16-10-2025
"NGUYỄN ĐÌNH HOÀN-CẦU GIẤY-32m-5 TẦNG-MT 4M-8,4 TỶ.","8,4 tỷ","Phường Nghĩa Đô, Quận Cầu Giấy, Hà Nội",32 m²,3 phòng,N/A,5,Giấy tờ hợp lệ,16-10-2025
BÁN NHÀ ĐƯỜNG 800A - PHÂN LÔ - OTO TRÁNH - DIỆN TÍCH RỘNG - VỊ TRÍ ĐẸP,"18,5 tỷ","Phường Nghĩa Đô, Quận Cầu Giấy, Hà Nội",52 m² (4.0x13.0),6 phòng,N/A,5,Giấy tờ hợp lệ,16-10-2025
"Bán gấp nhà Cầu Giấy, HQV phân lô ô tô đỗ,mặt tiền 4m, giá nhỉnh 13 tỷ","13,5 tỷ","Đường Cầu Giấy, Phường Dịch Vọng, Quận Cầu Giấy, Hà Nội",38 m² (5.0x5.0),4 phòng,4 WC,4,Sổ hồng,15-10-2025
Bán nhà mặt phố phân lô Trung Yên.,57 tỷ,"Phường Trung Hòa, Quận Cầu Giấy, Hà Nội",90 m²,N/A,N/A,5,Sổ đỏ,15-10-2025
"Chính chủ bán nhà mặt phố Nguyễn Phong Sắc, 58m2 mặt tiền 5m giá 35,8t",36 tỷ,"26, Đường Nguyễn Phong Sắc, Phường Dịch Vọng Hậu, Quận Cầu Giấy, Hà Nội",58 m² (5.0x13.0),5 phòng,5 WC,5,Sổ hồng,20-10-2025
"Chính chủ bán nhà ngõ 61 Phùng Chí Kiên, giá 10 tỷ miễn trung gian",10 tỷ,"Đường Phùng Chí Kiên, Phường Nghĩa Đô, Quận Cầu Giấy, Hà Nội",30 m² (10.0x3.2),5 phòng,4 WC,4,Sổ đỏ,20-10-2025
"Bán nhà đất ngã tư Trương Công Giai giao Trần Thái Tông, Khúc Thừa Dụ",117 tỷ,"Phường Dịch Vọng, Quận Cầu Giấy, Hà Nội",242 m²,N/A,N/A,5,Sổ đỏ,19-10-2025
Yên Hòa - Cầu Giấy - Mặt Tiền Rộng - Full Nội Thất - Nhà Đẹp,"7,7 tỷ","Phường Yên Hòa, Quận Cầu Giấy, Hà Nội",35 m² (6.5x4.0),3 phòng,3 WC,5,Giấy tờ hợp lệ,15-10-2025
BÁN NHÀ LẠC LONG QUÂN - VỊ TRÍ VÀNG Ô TÔ TRÁNH - VÀI PHÚT RA HỒ TÂY,"16,5 tỷ","Phường Nghĩa Đô, Quận Cầu Giấy, Hà Nội",40 m²,3 phòng,4 WC,4,Giấy tờ hợp lệ,15-10-2025
Doãn Kế Thiện - 76m² - ôtô vào nhà - dân xây - 14 tỷ nhỉnh,"14,5 tỷ","Phường Mai Dịch, Quận Cầu Giấy, Hà Nội",75 m²,3 phòng,N/A,3,Giấy tờ hợp lệ,15-10-2025
"🆘 CẦU GIẤY - CHỦ CẦN THANH KHOẢN GẤP, HẠ CHÀO TIẾP 400TR BÁN 7,5 TỶ","7,5 tỷ","Phường Dịch Vọng Hậu, Quận Cầu Giấy, Hà Nội",27 m²,3 phòng,3 WC,5,Giấy tờ hợp lệ,15-10-2025
Siêu Phẩm Yên Hòa 34m2 - Ô TÔ vào tận nhà 6 Tầng,"12,5 tỷ","Phường Yên Hòa, Quận Cầu Giấy, Hà Nội",34 m²,3 phòng,3 WC,6,Giấy tờ hợp lệ,15-10-2025
BÁN NHÀ XUÂN THUỶ 42m2- 40m RA Ô TÔ -DÂN XÂY GIÁ HƠN 10 TỶ,10 tỷ,"Phường Dịch Vọng, Quận Cầu Giấy, Hà Nội",42 m²,4 phòng,N/A,4,Giấy tờ hợp lệ,15-10-2025
Tôi cần bán nhà Nguyễn Thị Định mặt ngõ ô tô chánh đỗ kinh doanh,"42,9 tỷ","Phường Trung Hòa, Quận Cầu Giấy, Hà Nội",96 m²,11 phòng,7 WC,8,Giấy tờ hợp lệ,15-10-2025
"Bán nhà 5 tầng ngõ 245 Lạc Long Quân, ôtô đỗ cửa",Thỏa thuận,"Đường Lạc Long Quân, Phường Nghĩa Đô, Quận Cầu Giấy, Hà Nội",55 m²,N/A,N/A,5,Sổ đỏ,21-10-2025
"Cần bán siêu phẩm Nguyễn Khang 32m2, 5T, ô tô đỗ cửa, gần phố, giá chố","10,4 tỷ","Đường Nguyễn Khang, Phường Yên Hòa, Quận Cầu Giấy, Hà Nội",32 m²,3 phòng,4 WC,N/A,Sổ đỏ,18-10-2025
Bán Nhà Trần Duy Hưng - Trung Hoà - Cấy Giấy - Hà nội,"33,8 tỷ","Phường Trung Hòa, Quận Cầu Giấy, Hà Nội",65 m²,4 phòng,3 WC,5,Giấy tờ hợp lệ,14-10-2025
"Bán nhà Trung Kính, ngõ thông ô tô, 42m2 10 tỷ, kinh doanh tốt",10 tỷ,"Phường Trung Hòa, Quận Cầu Giấy, Hà Nội",42 m² (4.0x10.5),4 phòng,3 WC,3,Giấy tờ hợp lệ,14-10-2025
"TRẦN DUY HƯNG-CẦU GIẤY-38M2-5 TẦNG-9,8 TỶ-50M RA Ô TÔ TRÁNH.","9,8 tỷ","Phường Trung Hòa, Quận Cầu Giấy, Hà Nội",38 m²,3 phòng,N/A,5,Giấy tờ hợp lệ,14-10-2025
"BÁN NHÀ NGHĨA ĐÔ– NHÀ MỚI XÂY 6 PHÒNG NGỦ, NỘI THẤT CAO CẤP – 9.5 TỶ","9,5 tỷ","Phường Nghĩa Đô, Quận Cầu Giấy, Hà Nội",55 m²,4 phòng,3 WC,N/A,Giấy tờ hợp lệ,14-10-2025
NHÀ PHÂN LÔ – OTO VÀO NHÀ  65M2 x 5T - HOÀNG QUỐC VIỆT - CẦU GIẤY - HN,"9,9 tỷ","Phường Nghĩa Tân, Quận Cầu Giấy, Hà Nội",54 m²,6 phòng,5 WC,5,Giấy tờ hợp lệ,14-10-2025
Cần Bán - Nhà Phố Yên Hòa - NGÕ THÔNG KINH DOANH SH quay đầu,"9,1 tỷ","Phường Yên Hòa, Quận Cầu Giấy, Hà Nội",30 m²,4 phòng,N/A,N/A,Giấy tờ hợp lệ,14-10-2025
BÁN NHÀ LẠC LONG QUÂN - ĐƯỜNG OTO TRÁNH – 40M²– MT 3.5M – 16.5 TỶ,"16,5 tỷ","Phường Nghĩa Đô, Quận Cầu Giấy, Hà Nội",40 m²,3 phòng,2 WC,4,Giấy tờ hợp lệ,14-10-2025
BÁN NHÀ THANG MÁY PHẠM VĂN ĐỒNG 38m2 - HƠN 10 TỶ- NGÃ TƯ MAI DỊCH,10 tỷ,"Phường Mai Dịch, Quận Cầu Giấy, Hà Nội",38 m²,3 phòng,N/A,6,Giấy tờ hợp lệ,14-10-2025
"Bán nhà Lạc Long quân, ngõ thông ô tô, 6 tầng thang máy, 50m2 13.8 tỷ","13,8 tỷ","Phường Nghĩa Đô, Quận Cầu Giấy, Hà Nội",50 m² (3.5x14.3),5 phòng,6 WC,7,Giấy tờ hợp lệ,14-10-2025
BÁN TÒA CCMN 58 NGUYỄN KHÁNH TOÀN 60M2-7T THANG MÁY-ĐẦY ĐỦ GPXD-PCCC,"15,68 tỷ","Phường Quan Hoa, Quận Cầu Giấy, Hà Nội",60 m² (4.0x15.0),11 phòng,7 WC,7,Giấy tờ hợp lệ,14-10-2025
Bán Tòa Văn Phòng Phố Víp Lô Góc Quận Cầu Giấy 381M2 Xây 9 Tầng MT 38M,290 tỷ,"Đường Xuân Thủy, Phường Dịch Vọng, Quận Cầu Giấy, Hà Nội",341 m²,3 phòng,10 WC,10,Sổ đỏ,23-07-2025
"TRUNG KÍNH CẦU GIẤY, HAI Ô TÔ TRÁNH,ĐỖ CỬA NGÀY ĐÊM,74M,6 TẦNG.","22,4 tỷ","Đường Trung Kính, Phường Trung Hòa, Quận Cầu Giấy, Hà Nội",74 m²,6 phòng,6 WC,6,Sổ đỏ,12-10-2025
BÁN NHÀ CẦU GIẤY VỊ TRÍ ĐẸP NGÕ THÔNG BA GÁC 100M RA PHỐ FULL NỘI THẤT,"7,7 tỷ","Phường Dịch Vọng, Quận Cầu Giấy, Hà Nội",28 m²,3 phòng,4 WC,5,Giấy tờ hợp lệ,20-10-2025
"BÁN TOÀ VĂN PHÒNG ĐƯỜNG TRUNG YÊN TRUNG KÍNH SỐ 35 LÔ T1 100m2, 6 TT",Thỏa thuận,"Đường Trung Kính, Phường Trung Hòa, Quận Cầu Giấy, Hà Nội",100 m²,2,N/A,7,Sổ đỏ,17-10-2025
"Bán nhà phân lô 3,5 tầng nhà cũ mặt ngõ 385 đường Hoàng Quốc Việt",18 tỷ,"Đường Nghĩa Tân, Phường Nghĩa Tân, Quận Cầu Giấy, Hà Nội",46 m²,N/A,N/A,3.5,Sổ đỏ,27-06-2025
BÁN NHÀ PHẠM THẬN DUẬT – KINH DOANH ĐỈNH  – TRUNG TÂM CẦU GIẤY.,25 tỷ,"Phường Mai Dịch, Quận Cầu Giấy, Hà Nội",48 m²,6 phòng,7 WC,5,Giấy tờ hợp lệ,13-10-2025
Nhà mặt phố siêu hiếm – Vị trí vàng kinh doanh – Giá tốt đầu tư,"3,5 tỷ","Phường Nghĩa Đô, Quận Cầu Giấy, Hà Nội",21 m²,3 phòng,4 WC,4,Hợp đồng mua bán,13-10-2025
BÁN NHÀ MẶT NGÕ PHẠM VĂN ĐỒNG DT55M2 4T MT 11M GIÁ 13.95 TỶ,"13,95 tỷ","Phường Mai Dịch, Quận Cầu Giấy, Hà Nội",55 m²,4 phòng,N/A,4,Giấy tờ hợp lệ,13-10-2025
SIÊU PHẨM MẶT PHỐ PHẠM THẬN DUẬT - KINH DOANH ĐỈNH - OTO ĐỖ NGÀY ĐEM,25 tỷ,"Phường Mai Dịch, Quận Cầu Giấy, Hà Nội",48 m² (4.0x192.0),6 phòng,N/A,5,Giấy tờ hợp lệ,13-10-2025
🏡 BÁN NHÀ XUÂN THUỶ – 42m² – CÁCH Ô TÔ 40M – GIÁ HƠN 10 TỶ,10 tỷ,"Phường Dịch Vọng Hậu, Quận Cầu Giấy, Hà Nội",42 m²,4 phòng,3,4,Giấy tờ hợp lệ,13-10-2025
Yên Hoà Cầu Giấy. 36m 5 tầng nhà đẹp ở ngay lô góc.,8 tỷ,"Phường Yên Hòa, Quận Cầu Giấy, Hà Nội",36 m²,8 phòng,5 WC,5,Giấy tờ hợp lệ,13-10-2025
SIÊU PHẨM MẶT PHỐ CẦU GIẤY- 5 TẦNG- VỈA HÈ KHU VỰC SẦM UẤT,25 tỷ,"Phường Mai Dịch, Quận Cầu Giấy, Hà Nội",48 m² (4.0x12.0),6 phòng,4 WC,5,Giấy tờ hợp lệ,13-10-2025
Nhà 10 tầng phố Nguyễn Khánh Toàn Cầu Giấy 60 tỷ. 180m2 thiết kế hiên,60 tỷ,"Đường Nguyễn Khánh Toàn, Phường Quan Hoa, Quận Cầu Giấy, Hà Nội",180 m² (6.0x30.0),N/A,N/A,10,Sổ đỏ,17-10-2025
"Bán nhà mặt phố Cầu Giấy, vỉa hè rộng, kinh doanh,  91m2 x5T, 57.6 tỷ","57,6 tỷ","Phường Yên Hòa, Quận Cầu Giấy, Hà Nội",91 m²,4 phòng,4 WC,5,Giấy tờ hợp lệ,13-10-2025
BÁN NHÀ CẦU GIẤY – THANG MÁY – 21 PHÒNG KHÉP KÍN– SỔ VUÔNG HOA HẬU.,"24,5 tỷ","Phường Dịch Vọng, Quận Cầu Giấy, Hà Nội",77 m²,11 phòng,7 WC,6,Giấy tờ hợp lệ,13-10-2025
"CCMN 7 TẦNG X 58M, 12P TRUNG TÂM CẦU GIẤY","15,7 tỷ","Phường Quan Hoa, Quận Cầu Giấy, Hà Nội",58 m² (4.0x15.0),11 phòng,N/A,7,Giấy tờ hợp lệ,13-10-2025
"Bán Nhà 3T lo Góc Minh Khai- Ngõ Hoà Bình 35m2 7,88 tỷ","7,88 tỷ","10, Đường Minh Khai, Phường Bạch Mai, Quận Hai Bà Trưng, Hà Nội",29.2 m²,4 phòng,3 WC,3,Sổ đỏ,21-11-2025
"Cần bán gấp nhà mặt phố Lê Thanh Nghị, 52 m2, mặt tiền 3,5m, 5 tầng",25 tỷ,"Đường Lê Thanh Nghị, Phường Bách Khoa, Quận Hai Bà Trưng, Hà Nội",52 m²,N/A,N/A,5,Sổ đỏ,25-11-2025
"BÁN ĐẤT MP TRẦN KHÁT CHÂN,2 LÀN OTO TRÁNH,DT 83M,MT 5.2M,GIÁ 32 TỶ",32 tỷ,"Đường Trần Khát Chân, Phường Thanh Lương, Quận Hai Bà Trưng, Hà Nội",83 m² (5.2x16.0),2 phòng,2 WC,1,Sổ đỏ,24-11-2025
"Nhà ngõ Hoà Bình 7 Minh Khai-Bạch Mai. MB42m2*5T mới. 5p,4WC","9,65 tỷ","Ngõ hòa bình 7, Đường Minh Khai, Phường Bạch Mai, Quận Hai Bà Trưng, Hà Nội",42 m² (4.0x11.0),6 phòng,4 WC,5,Sổ đỏ,19-11-2025
Bán nhà đất nền Chính chủ số 20 ngõ 98 Trần Khát chân nối dài,"13,5 tỷ","Phường Thanh Nhàn, Quận Hai Bà Trưng, Hà Nội",46.9 m² (3.8x14.0),N/A,N/A,N/A,Sổ đỏ,22-11-2025
Cần Bán Cực Gấp Nhà Phố Minh Khai Hai Bà Trưng Dòng tiền 50tr/tháng,"11,85 tỷ","Đường Minh Khai, Phường Minh Khai, Quận Hai Bà Trưng, Hà Nội",50 m² (8.0x6.0),8 phòng,8 WC,5,Sổ đỏ,21-11-2025
"Bán Nhà 5,5T MP Thanh Nhàn- Kim Ngưu Dt60m mt4,5m hè 4m giá 27,88tỷ","27,88 tỷ","168, Đường Thanh nhàn, Phường Thanh Nhàn, Quận Hai Bà Trưng, Hà Nội",58.5 m²,5 phòng,4 WC,5.5,Sổ đỏ,21-11-2025
6.35 TỶ-25M2- 5 TẦNG NGÕ NÔNG-BẠCH MAI-CHÙA LIÊN PHÁI-PHỐ HUỂ,"6,35 tỷ","Đường Bạch Mai, Phường Bạch Mai, Quận Hai Bà Trưng, Hà Nội",25 m²,3 phòng,4 WC,5,Sổ đỏ,21-11-2025
Bán nhà mặt phố Thi Sách Diện tích: 76 m2 x 3 tầng,42 tỷ,"Đường Thi Sách, Phường Ngô Thì Nhậm, Quận Hai Bà Trưng, Hà Nội",76 m²,N/A,N/A,3,Sổ đỏ,12-11-2025
"Chính chủ cần bán gấp nhà 7 tầng thang máy vỉa hè 30,9 tỷ kinh doanh",Thỏa thuận,"Phường Minh Khai, Quận Hai Bà Trưng, Hà Nội",40 m² (5.0x8.0),3 phòng,6 WC,7,Sổ đỏ,26-11-2025
"Bán đất tặng nhà trong ngõ, Phố Minh Khai, quận Hai Bà Trưng, Hà nội",Thỏa thuận,"Đường Minh Khai, Phường Minh Khai, Quận Hai Bà Trưng, Hà Nội",155 m²,N/A,N/A,N/A,Sổ đỏ,26-11-2025
"45m² MINH KHAI TIMECITY, nhà mới đẹp ở ngay; 4PN thoáng sáng.","8,25 tỷ","Đường Minh Khai, Phường Vĩnh Tuy, Quận Hai Bà Trưng, Hà Nội",45 m²,4 phòng,3 WC,4,Sổ đỏ,26-11-2025
"Bán Nhà Dòng Tiền Minh Khai, Hai Bà 110m, 7 tầng, mt 8.9m, giá 38.6 tỷ","38,6 tỷ","Đường Minh Khai, Phường Minh Khai, Quận Hai Bà Trưng, Hà Nội",110 m² (8.9x12.3),21 phòng,22 WC,7,Sổ đỏ,26-11-2025
"Bán nhà phố Minh Khai, Dt 45m2, 5t, mt 4m, mới đẹp ở ngay.","9,8 tỷ","Đường Minh Khai, Phường Minh Khai, Quận Hai Bà Trưng, Hà Nội",45 m² (4.0x11.0),5 phòng,4 WC,5,Sổ hồng,25-11-2025
"Bán nhà phố Minh Khai, Hai Bà Trưng 102m, 7 tầng. Giá: 26.5 tỷ","26,5 tỷ","Phường Minh Khai, Quận Hai Bà Trưng, Hà Nội",102 m²,21 phòng,21 WC,7,Sổ đỏ,25-11-2025
"Tôi cần bán nhà Mp Võ Thị Sáu, Q HBT, Dt 65 m, 4 T, Mt 5 m, 43 Tỷ",43 tỷ,"Đường Võ Thị Sáu, Phường Thanh Nhàn, Quận Hai Bà Trưng, Hà Nội",65 m²,N/A,N/A,4,Sổ đỏ,25-11-2025
"Bán nhà Ngõ Quỳnh Bạch Mai, Lô góc, Dt 42m2, 5t mt 5m, 7.8 tỷ.","7,8 tỷ","Đường Ngõ Quỳnh, Phường Cầu Dền, Quận Hai Bà Trưng, Hà Nội",42 m²,3 phòng,4 WC,5,Sổ hồng,25-11-2025
"Nhà Đẹp, Gần Phố, Vân Đồn, Hai Bà Trưng 33m, 5 tầng, mt 3.9m, 7.5 tỷ","7,5 tỷ","Đường Vân Đồn, Phường Bạch Đằng, Quận Hai Bà Trưng, Hà Nội",33 m² (3.9x8.5),3 phòng,4 WC,5,Sổ đỏ,25-11-2025
"175m² mặt tiền Chợ Hôm PHỐ HUẾ, giấy tờ pháp lý đầy đủ.","139,6 tỷ","Đường Phố Huế, Phường Ngô Thì Nhậm, Quận Hai Bà Trưng, Hà Nội",175 m²,35 phòng,25 WC,N/A,Sổ đỏ,19-11-2025
"Bán nhà gấp Trần Khát Chân ngõ thông 3 bước ra phố, Dt 55m2, 2t, mt 4m","13,5 tỷ","Đường Trần Khát Chân, Phường Đống Mác, Quận Hai Bà Trưng, Hà Nội",55 m²,2 phòng,2 WC,2,Sổ hồng,25-11-2025
"Bán nhà Minh Khai ngõ thoáng mới đẹp ở ngay, Dt 41m2, 4t, mt 3.7m.","7,6 tỷ","Đường Minh Khai, Phường Minh Khai, Quận Hai Bà Trưng, Hà Nội",41 m²,4 phòng,3 WC,4,Sổ hồng,25-11-2025
"Bán nhà phố 8/3 ngõ thông kinh doanh, Dt 38m2, 5t, mt 4.1m, đẹp ở ngay","6,9 tỷ","Đường Phố 8/3, Phường Quỳnh Lôi, Quận Hai Bà Trưng, Hà Nội",38 m² (4.1x9.0),3 phòng,4 WC,5,Sổ hồng,25-11-2025
"Bán Nhà, Xây Mới, Hoa Lư, Vân Hồ, Hai Bà 38m, 5 tầng, mt 4.5m, 14.2 tỷ","14,2 tỷ","Đường Hoa Lư, Phường Lê Đại Hành, Quận Hai Bà Trưng, Hà Nội",38 m² (4.5x8.4),3 phòng,4 WC,5,Sổ đỏ,25-11-2025
TRUNG TAM-QUẬN HAI BÀ TRƯNG- NGÕ THÔNG- BÁN ĐẤT TẶNG NHÀ.,"7,7 tỷ","Phường Cầu Dền, Quận Hai Bà Trưng, Hà Nội",30 m²,3 phòng,2 WC,3,Giấy tờ hợp lệ,24-11-2025
Bán nhà mặt phố Vân đồn Hà Nội,12 tỷ,"Phường Bạch Đằng, Quận Hai Bà Trưng, Hà Nội",73 m²,N/A,N/A,N/A,Sổ đỏ,24-11-2025
"Bán nhà mặt phố Hàn Thuyên cực đẹp, 291m2, mặt tiền 12m chỉ 135 tỷ",135 tỷ,"Đường Hàn Thuyên, Phường Phạm Đình Hổ, Quận Hai Bà Trưng, Hà Nội",291 m²,8 phòng,8 WC,3,Sổ đỏ,16-11-2025
"Nhà Đẹp Thanh Nhàn, Hai Bà Trưng 38m, 5 tầng, mt 3.1m, giá 8.8 tỷ.","8,8 tỷ","Đường Thanh Nhàn, Phường Thanh Nhàn, Quận Hai Bà Trưng, Hà Nội",38 m² (3.1x12.2),5 phòng,4 WC,5,Sổ đỏ,24-11-2025
"Nhà Đẹp Gần Phố, Duơng Văn Bé, Hai Bà Trưng 33m, 5 tầng, giá 8.45 tỷ","8,450 tỷ","Đường Dương Văn Bé, Phường Vĩnh Tuy, Quận Hai Bà Trưng, Hà Nội",33 m² (3.5x9.4),3 phòng,4 WC,5,Sổ đỏ,24-11-2025
Bán nhà 3 tầng Cách công viên Thống Nhất 100 m,"3,86 tỷ","Phường Lê Đại Hành, Quận Hai Bà Trưng, Hà Nội",20 m²,3 phòng,2 WC,3,Giấy tờ hợp lệ,24-11-2025
CHÍNH CHỦ BÁN NHÀ TRUNG TÂM HAI BÀ TRƯNG,"8,65 tỷ","Đường Hoa Lư, Phường Lê Đại Hành, Quận Hai Bà Trưng, Hà Nội",25 m² (4.0x7.0),4 phòng,3 WC,5,Sổ đỏ,24-11-2025
"Bán Nhà Gần Đường Ô Tô Bùi Ngọc Dương, Hai Bà Trưng 65m, giá 3.95 tỷ","3,95 tỷ","Đường Bùi Ngọc Dương, Phường Bạch Mai, Quận Hai Bà Trưng, Hà Nội",65 m² (4.0x16.2),2 phòng,1 WC,1,Sổ đỏ,15-11-2025
"Nhà Đẹp Gần Phố, Minh Khai, Hai Bà Trưng 21m, 5 tầng, mt 4.8m, 6.72 tỷ","6,72 tỷ","Đường Minh Khai, Phường Minh Khai, Quận Hai Bà Trưng, Hà Nội",21 m² (4.8x4.3),3 phòng,3 WC,5,Sổ đỏ,24-11-2025
"Nhà Đẹp Ở Luôn Phố Quỳnh Mai, Hai Bà Trưng 85m, tầng 3, giá 4.8 tỷ.","4,8 tỷ","Đường Quỳnh Mai, Phường Quỳnh Mai, Quận Hai Bà Trưng, Hà Nội",85 m² (5.0x17.0),3 phòng,2 WC,1,Sổ đỏ,23-11-2025
"Nhà Đẹp Gần Phố, Bùi Ngọc Dương, Hai Bà Trưng 90m, giá 4.28 tỷ.","4,28 tỷ","Đường Bùi Ngọc Dương, Phường Bạch Mai, Quận Hai Bà Trưng, Hà Nội",90 m² (5.0x18.0),3 phòng,2 WC,1,Sổ đỏ,23-11-2025
Bán Nhà Hai Bà Trưng 68m²–6 Tầng – MT 6.2m – Dòng Tiền 60 Triệu/Tháng,"14,5 tỷ","Đường Trương Định, Phường Trương Định, Quận Hai Bà Trưng, Hà Nội",68 m²,13 phòng,13 WC,6,Sổ đỏ,22-11-2025
Nhỉnh 6Tỷ-Nhà Phố Bạch Mai-Ngõ Rộng-Gần ÔTÔ-27m2 x 5Tầng (3Ngủ)-Sổ Đỏ,"6,35 tỷ","Đường Bạch Mai, Phường Bạch Mai, Quận Hai Bà Trưng, Hà Nội",27 m² (3.1x9.0),3 phòng,4 WC,5,Sổ hồng,22-11-2025
Bán nhà 6 tầng xây mới phố Nguyễn công trứ _ Đỗ ngọc du,"10,9 tỷ","Phường Đồng Nhân, Quận Hai Bà Trưng, Hà Nội",44 m²,4 phòng,5 WC,6,Sổ đỏ,22-11-2025
"Hiếm nhà bán - Nhỏ xinh 20m2 x 4T phố Bạch Mai, sổ đỏ vuông đẹp","4,5 tỷ","Phường Bạch Mai, Quận Hai Bà Trưng, Hà Nội",20 m² (3.2x6.0),3 phòng,3 WC,4,Giấy tờ hợp lệ,22-11-2025
"NHÀ DÂN XÂY PHỐ HỒNG MAI - 5 TẦNG KIÊN CỐ - GIÁ HỢP LÝ -57m CHỈ 9,8 TỶ","9,8 tỷ","Phường Bạch Mai, Quận Hai Bà Trưng, Hà Nội",57 m²,4 phòng,N/A,5,Giấy tờ hợp lệ,22-11-2025
"Nhà Ngõ Hoà Bình 7 Minh Khai, Bạch Mai. MB42*4T mới, Full nội thất","9,65 tỷ","Hòa bình 7, Đường Minh Khai, Phường Minh Khai, Quận Hai Bà Trưng, Hà Nội",170 m² (4.0x11.0),5 phòng,4 WC,4,Sổ đỏ,21-11-2025
"Bán Nhà Kinh Doanh, Ô TÔ, Quỳnh Mai 140m, giá 8,9 tỷ.","8,9 tỷ","Đường Quỳnh Mai, Phường Quỳnh Mai, Quận Hai Bà Trưng, Hà Nội",140 m² (5.0x28.0),4 phòng,3 WC,1,Sổ đỏ,21-11-2025
"Căn hộ Tập thể mặt phố Thi Sách, 70m2, 2 ngủ 2WC, 4.8 tỷ!","4,8 tỷ","Đường Thi Sách, Phường Ngô Thì Nhậm, Quận Hai Bà Trưng, Hà Nội",70 m² (7.0x10.0),2 phòng,2 WC,1,Sổ đỏ,21-11-2025
30m Ra Phố Võ Thị Sáu-View Hồ-Sát Công Viên-72m2-5Tầng Đẳng Cấp-18Tỷ6,"18,6 tỷ","Đường Võ Thị Sáu, Phường Thanh Nhàn, Quận Hai Bà Trưng, Hà Nội",72 m² (6.0x12.0),6 phòng,4 WC,5,Sổ đỏ,21-11-2025
"Bán Nhà Phố Lê Thanh Nghị-Trần Đại Nghĩa,hè Dt 95m2 Mt 6.5m, 28,99Ty.","28,99 tỷ","Đường Lê Thanh Nghị, Phường Bách Khoa, Quận Hai Bà Trưng, Hà Nội",95 m²,10 phòng,7 WC,4,Sổ đỏ,21-11-2025
Bán Nhà Phố Trần Khát Chân quận Hai Bà Trưng 55m 5 Tầng Mặt Tiền 5.1m,"13,73 tỷ","Đường Trần Khát Chân, Phường Đống Mác, Quận Hai Bà Trưng, Hà Nội",55 m² (5.1x11.0),5 phòng,6 WC,5,Sổ hồng,21-11-2025
"Trần Đại Nghĩa mặt ngõ 3m, thông tứ phía,nhà đẹp mê ly,nội thất xịn sò","6,95 tỷ","Phường Bách Khoa, Quận Hai Bà Trưng, Hà Nội",32 m² (4.0x8.0),3 phòng,4 WC,5,Giấy tờ hợp lệ,21-11-2025
"Nhà đẹp Lạc Trung-20m ra oto, full nội thất, ở ngay 53m x 5T, nở hậu","9,5 tỷ","Phường Thanh Lương, Quận Hai Bà Trưng, Hà Nội",53 m² (5.0x11.0),6 phòng,5 WC,5,Giấy tờ hợp lệ,21-11-2025
"Bạch Mai ngõ thông, gần oto, nhà đẹp, vị trí vip, giá hợp lý,về ở ngay","7,9 tỷ","Phường Bạch Mai, Quận Hai Bà Trưng, Hà Nội",41 m² (4.0x10.0),4 phòng,N/A,5,Giấy tờ hợp lệ,21-11-2025
"Nhà Đẹp Gần Đường Ô Tô Quỳnh Mai - Kim Ngưu, Hai Bà Trưng 90m, 5.09 tỷ","5,09 tỷ","Đường Quỳnh Mai, Phường Quỳnh Mai, Quận Hai Bà Trưng, Hà Nội",90 m² (5.0x18.0),3 phòng,2 WC,1,Sổ đỏ,21-11-2025
"Bán Nhà 5 tầng  88 võ thị sáu gần hồ 55m2 XD giá 18,99 tỷ.","18,99 tỷ","68, Đường Võ Thị Sáu, Phường Quỳnh Lôi, Quận Hai Bà Trưng, Hà Nội",46 m²,6 phòng,5 WC,5,Sổ hồng,21-11-2025
Bán nhà để ở hoặc làm văn phòng công ty,"7,95 tỷ","9b ngõ 22, Đường Đại La, Phường Bạch Mai, Quận Hai Bà Trưng, Hà Nội",20 m² (4.3x4.6),2 phòng,2 WC,4,Sổ đỏ,19-11-2025
"Bán nhà phân lô ngõ 230 Lạc Trung 78m2*8T,oto tránh,MT:5.4m,KD,29.8tỷ.","29,8 tỷ","Ngõ 230 , Đường Lạc Trung, Phường Thanh Lương, Quận Hai Bà Trưng, Hà Nội",78 m² (5.4x14.4),8 phòng,7 WC,8,Sổ hồng,11-11-2025
PHỐ VÕ THỊ SÁU - TT QUẬN HAI BÀ - GẦN HỒ - SÁT PHỐ - NGÕ RỘNG BA G,"18,5 tỷ","Phường Thanh Nhàn, Quận Hai Bà Trưng, Hà Nội",70 m²,6 phòng,7 WC,5,Giấy tờ hợp lệ,20-11-2025
"Dương Văn Bé, nhà dân xây, bền đẹp, bán nhanh giá rẻ nhất thị trường!","6,7 tỷ","Phường Vĩnh Tuy, Quận Hai Bà Trưng, Hà Nội",40 m² (4.0x10.0),3 phòng,3 WC,4,Giấy tờ hợp lệ,20-11-2025
"nhà mặt phố Tạ Quang Bửu, Hai Bà Trưng 68m, 6t, mt 5.5m. Giá: 59.9 tỷ","59,9 tỷ","Phường Bạch Mai, Quận Hai Bà Trưng, Hà Nội",68 m²,4 phòng,5 WC,6,Sổ đỏ,20-11-2025
"Bán nhà Bạch Mai, 36m x 5T, nhà đang cho thuê 18tr/th giá bán hợp lý","7,3 tỷ","Phường Bạch Mai, Quận Hai Bà Trưng, Hà Nội",36 m² (4.0x9.0),7 phòng,5 WC,5,Giấy tờ hợp lệ,20-11-2025
"Nhà Đẹp, Phố 8 - 3, Hai Bà Trưng 65m, tầng 2, giá 3.98 tỷ.","3,98 tỷ","Đường Phố 8-3, Phường Quỳnh Mai, Quận Hai Bà Trưng, Hà Nội",65 m² (4.0x16.3),2 phòng,1 WC,1,Sổ đỏ,20-11-2025
Bán Nhà-Phân Lô-Ngõ ÔTÔ-Phố Hồng Mai-Hai Bà Trưng-35m x 4Tầng-Hơn 10Tỷ,"10,5 tỷ","Đường Hồng Mai, Phường Bạch Mai, Quận Hai Bà Trưng, Hà Nội",35 m² (3.5x10.0),3 phòng,4 WC,4,Sổ hồng,20-11-2025
NGÕ THÔNG MINH KHAI - KINH DOANH - NGÕ BA GÁC - 39m2 - NHỈNH 6 TỶ,"6,85 tỷ","Phường Minh Khai, Quận Hai Bà Trưng, Hà Nội",39 m²,3 phòng,3 WC,4,Giấy tờ hợp lệ,20-11-2025
"Bán nhà Nguyễn Văn Viên, mới đẹp, nội thất hiện đại chỉ 7.2tỷ nhận nhà","7,2 tỷ","Phường Vĩnh Tuy, Quận Hai Bà Trưng, Hà Nội",33 m² (4.0x8.0),3 phòng,N/A,7,Giấy tờ hợp lệ,20-11-2025
"Minh Khai, nhà đẹp, chất lượng, xem là thích, giá hợp lý! Mua là thắng","6,8 tỷ","Phường Vĩnh Tuy, Quận Hai Bà Trưng, Hà Nội",38 m²,4 phòng,3 WC,5,Giấy tờ hợp lệ,20-11-2025
Bán nhà mặt phố Lương yên chính chủ,Thỏa thuận,"96, Đường Lương Yên, Phường Bạch Đằng, Quận Hai Bà Trưng, Hà Nội",34 m² (4.0x7.0),N/A,N/A,2,Sổ đỏ,20-11-2025
"Bán nhà phố Bạch Mai thoáng trước sau, Dt 50m2, 5t, Mt 4.5m, ở ngay.","11,2 tỷ","Đường Bạch Mai, Phường Cầu Dền, Quận Hai Bà Trưng, Hà Nội",50 m² (4.5x11.0),5 phòng,4 WC,5,Sổ hồng,19-11-2025
"MINH KHAI - Ô TÔ ĐỖ CỬA - NGÕ THÔNG - MẶT TIỀN 5M - 72m CHỈ 16,5 TỶ","16,5 tỷ","Phường Vĩnh Tuy, Quận Hai Bà Trưng, Hà Nội",72 m²,4 phòng,N/A,3,Giấy tờ hợp lệ,19-11-2025
"Bán nhà phố Lạc Trung, Hai Bà Trưng 73m, 4 tầng, mt 4.5m. Giá: 28.5 tỷ","28,5 tỷ","Đường Lạc Trung, Phường Vĩnh Tuy, Quận Hai Bà Trưng, Hà Nội",73 m²,4 phòng,3 WC,4,Sổ đỏ,19-11-2025
"nhà phố Trần Đại Nghĩa, Hai Bà Trưng 110m, 7t, mt 5.3m. Giá: 38 tỷ",38 tỷ,"Đường Trần Đại Nghĩa, Phường Bách Khoa, Quận Hai Bà Trưng, Hà Nội",110 m²,27 phòng,27 WC,7,Sổ đỏ,19-11-2025
BÁN NHÀ MẶT PHỐ PHỐ VỌNG – GIẢI PHÓNG – TRUNG TÂM HÀ NỘI – 54M² – GIÁ,"22,5 tỷ","Phường Đồng Tâm, Quận Hai Bà Trưng, Hà Nội",54 m²,4 phòng,3 WC,4,Sổ đỏ,19-11-2025
BÁN NHÀ  PHỐ PHỐ VỌNG – GIẢI PHÓNG – TRUNG TÂM HÀ NỘI – 54M² – 22.5 tỷ,"22,5 tỷ","Phường Đồng Tâm, Quận Hai Bà Trưng, Hà Nội",54 m²,4 phòng,4 WC,4,Sổ đỏ,19-11-2025
"Chính Chủ tôi cần bán nhà PL, Phố Lạc Trung, Q HBT, HN, Dt 80 m, 6 T","23,5 tỷ","Đường Lạc Trung, Phường Vĩnh Tuy, Quận Hai Bà Trưng, Hà Nội",80 m²,02,N/A,6,Sổ đỏ,19-11-2025
Bán  nhà 30m² x 2T nhà mới đủ đồ ngõ 219 Đê Tô Hoàng HBT - HN,3 tỷ,"33, 33, Phường Bạch Mai, Quận Hai Bà Trưng, Hà Nội",30 m²,2 phòng,2 WC,2,Giấy tờ hợp lệ,19-11-2025
"Cc bán nhà Bạch Mai, ngõ ba gác, 47m, 4 tầng, 8.2 tỷ","8,2 tỷ","Phường Bạch Mai, Quận Hai Bà Trưng, Hà Nội",47 m²,4 phòng,N/A,4,Sổ đỏ,19-11-2025
"Bán nhà mặt phố Lạc Trung, Hai Bà Trưng 51m, 4t, mt 4.5m. Giá: 29.6 tỷ","29,6 tỷ","Đường Lạc Trung, Phường Thanh Lương, Quận Hai Bà Trưng, Hà Nội",51 m²,3 phòng,3 WC,4,Sổ đỏ,19-11-2025
"bán nhà phố Thanh Nhàn, Hai Bà Trưng 88m, 6 tầng. Giá: 18.5 tỷ","18,5 tỷ","Đường Thanh Nhàn, Phường Quỳnh Lôi, Quận Hai Bà Trưng, Hà Nội",88 m²,10 phòng,10 WC,6,Sổ đỏ,19-11-2025
"Nhà Minh Khai, 8 tầng hiện đại, thiết kế đẹp, công năng hoàn hảo",Thỏa thuận,"Đường Minh Khai, Phường Bạch Mai, Quận Hai Bà Trưng, Hà Nội",50 m²,1,N/A,8,Sổ đỏ,18-11-2025
"🔥 HÀNG HIẾM MINH KHAI – NHÀ LÔ GÓC – MẶT TIỀN RỘNG ,4 TẦNG ,GIÁ 5,38 T","5,38 tỷ","Phường Minh Khai, Quận Hai Bà Trưng, Hà Nội",25 m²,3 phòng,3 WC,4,Giấy tờ hợp lệ,19-11-2025
"Bán Nhà Dòng Tiền Nguyễn An Ninh 42m, 5 tầng, mt 3,5m, giá 10.6 tỷ.","10,6 tỷ","Đường Trương Định, Phường Trương Định, Quận Hai Bà Trưng, Hà Nội",42 m² (3.5x12.0),8 phòng,9 WC,5,Sổ đỏ,18-11-2025
"[Chính chủ] tôi cần bán toà MP, Bùi Thị Xuân, quận HBT, Dt 115 m, 8 T",105 tỷ,"Phường Bùi Thị Xuân, Quận Hai Bà Trưng, Hà Nội",115 m²,N/A,N/A,8,Sổ đỏ,17-11-2025
PHÂN LÔ => Ô TÔ ĐỖ CỬA => THANG MÁY => HBT.,"12,8 tỷ","Phường Vĩnh Tuy, Quận Hai Bà Trưng, Hà Nội",39 m²,3 phòng,4 WC,5,Giấy tờ hợp lệ,17-11-2025
"Bán Nhà Ô Tô Trong Nhà, Kim Ngưu, 30/35m, 5 tầng, mt 5m, giá 14.85 tỷ","14,85 tỷ","Đường Kim Ngưu, Phường Thanh Lương, Quận Hai Bà Trưng, Hà Nội",30 m² (5.0x6.0),3 phòng,4 WC,5,Sổ đỏ,17-11-2025
Bán Nhà Minh Khai-Đối Diện TimeCity-ÔTÔ Thông-37m2 x 4Tầng-Chỉ 7Tỷ18,"7,18 tỷ","Đường Minh Khai, Phường Vĩnh Tuy, Quận Hai Bà Trưng, Hà Nội",37 m² (4.5x8.0),3 phòng,3 WC,4,Sổ hồng,17-11-2025
"Tôi cần bán nhà phố Thịnh Yên, Q HBT, HN.DT 230 m, Mt 11 m, giá 75 Tỷ",75 tỷ,"Đường Thịnh Yên, Phường Phố Huế, Quận Hai Bà Trưng, Hà Nội",230 m²,N/A,N/A,9,Sổ đỏ,17-11-2025
"(Chính chủ) Tôi Cần bán toà Mp Lê Văn Hưu, Q HBT, Dt 120 m,10 T, 110ty",110 tỷ,"Đường Lê Văn Hưu, Phường Ngô Thì Nhậm, Quận Hai Bà Trưng, Hà Nội",120 m²,N/A,N/A,10,Sổ đỏ,17-11-2025
"Bán nhanh nhà đầu ngõ Bạch Đằng, giá 9.5 tỷ, 31m2x4T, ở luôn","9,5 tỷ","Đường Bạch Đằng, Phường Bạch Đằng, Quận Hai Bà Trưng, Hà Nội",31 m² (3.2x10.0),N/A,4,4,Sổ đỏ,17-11-2025
NHÀ RIÊNG MINH KHAI-ĐỐI DIỆN TIMECITY-ÔTÔ ĐỖ CỬA-22m2-4TẦNG-CHỈ 3TỶ500,"3,5 tỷ","Đường Minh Khai, Phường Vĩnh Tuy, Quận Hai Bà Trưng, Hà Nội",22 m² (3.5x6.0),2 phòng,3 WC,4,Sổ đỏ,17-11-2025
"[ Chính chủ ] tôi cần bán nhà phố Mình Khai, Q HBT, Dt 50 m, 6T, Mt 5m","24,5 tỷ","Đường Minh Khai, Phường Minh Khai, Quận Hai Bà Trưng, Hà Nội",50 m²,N/A,N/A,6,Sổ đỏ,17-11-2025
"Nhà Mặt Phố, Ô tô 2 chiều, Vỉa hè, Vừa ở vừa Kinh doanh",15 tỷ,"Đường Nguyễn An Ninh, Phường Trương Định, Quận Hai Bà Trưng, Hà Nội",36 m² (3.4x11.0),4 phòng,4 WC,4,Sổ đỏ,17-11-2025
Phố Hiếm Nhà Bán_Khu VIP Hai Bà Trưng-Giáp VinCom Bà Triệu_Công Viên,"14,8 tỷ","Đường Thể Giao, Phường Lê Đại Hành, Quận Hai Bà Trưng, Hà Nội",45 m² (4.1x11.0),3 phòng,3 WC,4,Sổ hồng,17-11-2025
"Bán Nhà, Phố VIP Bạch Mai 50m, tầng 1, mt 4,3m, giá 4,35 tỷ.","4,350 tỷ","Đường Bạch Mai, Phường Bạch Mai, Quận Hai Bà Trưng, Hà Nội",50 m² (4.3x11.6),3 phòng,2 WC,1,Sổ đỏ,17-11-2025
Hơn 2 tỷ Có nhà Ở Ngay -Bạch Mai,"2,25 tỷ","Phường Bạch Mai, Quận Hai Bà Trưng, Hà Nội",14 m²,3 phòng,N/A,4,Hợp đồng mua bán,17-11-2025
"9,25 tỷ-38M2-5 TẦNG THANG MÁY-MỚI GẦN PHỐ -ĐẠI LA-PHỐ VỌNG-HBT","9,25 tỷ","Phường Đồng Tâm, Quận Hai Bà Trưng, Hà Nội",38 m²,3 phòng,4 WC,5,Giấy tờ hợp lệ,17-11-2025
Nhà ngõ Chùa Hưng Ký 26m2 mặt tiền 4.2m 5 tầng 5.25 tỷ.,"5,25 tỷ","Đường Minh Khai, Phường Minh Khai, Quận Hai Bà Trưng, Hà Nội",26 m²,3 phòng,4 WC,5,Sổ đỏ,13-11-2025
BÁN NHÀ MINH KHAI – GẦN TIMES CITY – 60M² – 5 TẦNG THANG MÁY – 6 PHÒNG,"14,5 tỷ","Đường Minh Khai, Phường Minh Khai, Quận Hai Bà Trưng, Hà Nội",60 m² (5.0x15.0),6 phòng,5 WC,5,Sổ đỏ,16-11-2025
Bán nhà Mặt Phố Đồng Nhân quận hai bà trưng,"16,85 tỷ","30, Đường Đồng Nhân, Phường Đồng Nhân, Quận Hai Bà Trưng, Hà Nội",30.5 m² (3.3x9.2),3 phòng,3 WC,4,Sổ đỏ,16-11-2025
"Nhà Đẹp Phố VIP Bạch Mai, Hai Bà Trưng 42m, 6 tầng, mt 4.1m, 13.3 tỷ","13,3 tỷ","Đường Bạch Mai, Phường Bạch Mai, Quận Hai Bà Trưng, Hà Nội",42 m² (4.1x10.6),3 phòng,4 WC,6,Sổ đỏ,16-11-2025
"Nhà đẹp ngõ Dương Văn Bé, giá 6.7 tỷ, 32m2x5T, ẢNH THẬT","6,7 tỷ","Đường Dương Văn Bé, Phường Vĩnh Tuy, Quận Hai Bà Trưng, Hà Nội",32 m²,N/A,3,5,Sổ đỏ,16-11-2025
"Nhà 43.2m² Trần Khát Trân, 4 tầng chắc chắn, MT 3.5m, ngõ rộng,4.35 tỷ","4,35 tỷ","Phường Bạch Đằng, Quận Hai Bà Trưng, Hà Nội",43.2 m²,5 phòng,N/A,4,Hợp đồng mua bán,16-11-2025
🔥🔥🔥 TRUNG TÂM QUẬN – OTO ĐỖ CỔNG – 2 MẶT THOÁNG SÁNG VĨNH VIỄN,"4,8 tỷ","Phường Quỳnh Mai, Quận Hai Bà Trưng, Hà Nội",22 m²,2 phòng,1 WC,1,Giấy tờ hợp lệ,16-11-2025
🏠 TẬP THỂ QUỲNH MAI – MẶT PHỐ KIM NGƯU 3 NGỦ – SD ~85M²– FULL NỘI THẤT,5 tỷ,"Phường Quỳnh Mai, Quận Hai Bà Trưng, Hà Nội",46 m²,3 phòng,2 WC,N/A,Giấy tờ hợp lệ,16-11-2025
"Nhà Đẹp Thang Máy, Dương Văn Bé 39/43m, 5  tầng, mt 3.4m, giá 12.8 tỷ","12,8 tỷ","Đường Bạch Mai, Phường Bạch Mai, Quận Hai Bà Trưng, Hà Nội",39 m² (3.4x11.4),3 phòng,4 WC,5,Sổ đỏ,16-11-2025
"Nhà đẹp ngõ 105 Bạch Mai, giá 6.9 tỷ, 39m2x4T, lô góc, ngõ thông","6,9 tỷ","Đường Bạch Mai, Phường Bạch Mai, Quận Hai Bà Trưng, Hà Nội",39 m² (4.0x10.0),4,3,3,Sổ đỏ,16-11-2025
Hơn 12Tỷ-Nhà Mới-43m2 / 5Tầng-Thang Máy-ÔTÔ Đỗ Cửa-Q. Hai Bà Trưng,"12,8 tỷ","Đường Dương Văn Bé, Phường Vĩnh Tuy, Quận Hai Bà Trưng, Hà Nội",43 m² (3.5x13.0),3 phòng,4 WC,5,Sổ hồng,16-11-2025
Cảnh báo cho nguời mua nhà 325/72 thanh lương có 6 ngôi mộ sau nhà,"6,2 tỷ","Phường Thanh Lương, Quận Hai Bà Trưng, Hà Nội",22 m² (4.7x4.6),2 phòng,3 WC,5,Giấy tờ hợp lệ,16-11-2025
Bán nhà phố Minh Khai DT 85 m2 x 7 tầng thang máy x VP - CTy,"24,5 tỷ","Đường Minh Khai, Phường Minh Khai, Quận Hai Bà Trưng, Hà Nội",85 m² (5.0x17.0),6 phòng,6 WC,7,Sổ đỏ,15-11-2025
"🏡 SIÊU PHẨM QUỲNH MAI – MẶT PHỐ, TẦNG THẤP, SÂN RỘNG THOÁNG SÁNG 🌿","3,98 tỷ","Phường Quỳnh Mai, Quận Hai Bà Trưng, Hà Nội",25 m²,2 phòng,1 WC,N/A,Giấy tờ hợp lệ,15-11-2025
"Bán nhà TT Minh Khai 80m2, 3 ngủ, ngõ ô tô tránh đỗ, giá 4,35 tỷ","4,35 tỷ","Phường Bạch Mai, Quận Hai Bà Trưng, Hà Nội",33 m²,3 phòng,2 WC,1,Giấy tờ hợp lệ,15-11-2025
"Bán nhà Thọ Lão, Hai Bà Trưng 41m², 2 tầng, MT4.2m, vị trí trung tâm","12,68 tỷ","Phường Đồng Nhân, Quận Hai Bà Trưng, Hà Nội",41 m²,3 phòng,N/A,2,Giấy tờ hợp lệ,15-11-2025
"Trần Khát Chân-43m -nhà mới , gần ô tô 10m, vị trí trung tâm","6,7 tỷ","Phường Thanh Lương, Quận Hai Bà Trưng, Hà Nội",37 m²,4 phòng,4 WC,5,Giấy tờ hợp lệ,15-11-2025
"Nhà Đẹp Ô TÔ Vào Nhà, Lạc Trung, Hai Bà Trưng 70m, 8 tầng, giá 29.8 tỷ","29,800 tỷ","Đường Lạc Trung, Phường Vĩnh Tuy, Quận Hai Bà Trưng, Hà Nội",70 m²,10 phòng,8 WC,8,Sổ đỏ,15-11-2025
"Bán Nhà Kinh Doanh, Ô TÔ, Yên Lạc, Hai Bà Trưng 51m, 7 tâng, giá 28 tỷ",28 tỷ,"Đường Yên Lạc, Phường Vĩnh Tuy, Quận Hai Bà Trưng, Hà Nội",51 m² (4.8x10.6),4 phòng,5 WC,7,Sổ đỏ,15-11-2025
BÁN NHÀ TRUNG TÂM HAI BÀ TRƯNG - 5 TẦNG - FULL NỘI THẤT XỊN SÒ,"8,3 tỷ","Phường Bạch Mai, Quận Hai Bà Trưng, Hà Nội",38 m² (3.5x12.0),3 phòng,4 WC,5,Giấy tờ hợp lệ,15-11-2025
"NHÀ PHỐ THỂ GIAO – SÁT PHỐ CỔ, VINCOM BÀ TRIỆU✨
💎 DT 45m², 4 tầng","14,8 tỷ","Phường Lê Đại Hành, Quận Hai Bà Trưng, Hà Nội",45 m²,3 phòng,N/A,4,Giấy tờ hợp lệ,15-11-2025
"Nhà Đẹp Dòng Tiền Nguyễn An Ninh, Hai Bà Trưng 42 m, 5 tầng, 12.6 tỷ","12,6 tỷ","Đường Nguyễn An Ninh, Phường Trương Định, Quận Hai Bà Trưng, Hà Nội",42 m² (3.5x12.0),7 phòng,8 WC,5,Sổ đỏ,15-11-2025
NHÀ MINH KHAI 20m Ra Phố Mới Keeng,8 tỷ,"Phường Minh Khai, Quận Hai Bà Trưng, Hà Nội",32 m²,3 phòng,4 WC,5,Giấy tờ hợp lệ,14-11-2025
Phố Bạch Mai - vài bước mặt phố - 45m2 - 4 tầng - 8 tỷ,8 tỷ,"Phường Bạch Mai, Quận Hai Bà Trưng, Hà Nội",45 m²,4 phòng,3 WC,4,Giấy tờ hợp lệ,14-11-2025
Bán Nhà Bạch Mai-Đẳng Cấp Quý Phái-DT65m2 x 4Tầng x MT5m-Hơn 17Tỷ,"17,9 tỷ","Đường Bạch Mai, Phường Bạch Mai, Quận Hai Bà Trưng, Hà Nội",65 m² (5.0x13.0),4 phòng,4 WC,4,Sổ đỏ,14-11-2025
"Tôi cần bán gấp Mp Ngô Thì Nhậm,Q HBT, DT 235 m  x 3 T, MT 8 m,150 Tỷ",150 tỷ,"Đường Ngô Thì Nhậm, Phường Ngô Thì Nhậm, Quận Hai Bà Trưng, Hà Nội",235 m²,N/A,N/A,N/A,Sổ đỏ,14-11-2025
"Bán nhà phố Minh Khai, Hai Bà Trưng 93m, 7 tầng, mt 5.2m. Giá: 25.5 tỷ","25,5 tỷ","Đường Minh Khai, Phường Minh Khai, Quận Hai Bà Trưng, Hà Nội",93 m²,18 phòng,19 WC,7,Sổ đỏ,14-11-2025
"Nhà mặt phố Trần Đại Nghĩa, Hai Bà Trưng 78m ,6t, mt 11m. Giá: 67 tỷ",67 tỷ,"Phường Bách Khoa, Quận Hai Bà Trưng, Hà Nội",78 m²,3 phòng,6 WC,6,Sổ đỏ,14-11-2025
Chính chủ bán nhà mặt phố 22 Nguyễn thượng Hiền,20 tỷ,"Đường Nguyễn Thượng Hiền, Phường Nguyễn Du, Quận Hai Bà Trưng, Hà Nội",50 m²,2 phòng,2 WC,N/A,Sổ đỏ,14-11-2025
"Nhà nhỏ đủ công năng giá shock, phố Hồng Mai, Hai Bà Trưng","3,55 tỷ","Phường Quỳnh Lôi, Quận Hai Bà Trưng, Hà Nội",15 m²,3 phòng,2 WC,5,Giấy tờ hợp lệ,14-11-2025
"TRUNG TÂM HBT, PHÂN LÔ, Ô TÔ ĐỖ CỬA, KHU VỰC HIẾM NHÀ BÁN.","9,6 tỷ","Phường Bạch Mai, Quận Hai Bà Trưng, Hà Nội",32 m² (3.5x10.0),3 phòng,3 WC,3,Giấy tờ hợp lệ,14-11-2025
"Bán nhà phố Hồng Mai, Hai Bà Trưng 56m, 5 tầng. Giá: 16.5 tỷ","16,5 tỷ","Phường Quỳnh Lôi, Quận Hai Bà Trưng, Hà Nội",56 m²,4 phòng,4 WC,5,Sổ đỏ,13-11-2025
🔥NHÀ ĐẸP Ở LUÔN-CÁCH 10M RA ĐƯỜNG MINH KHAI - HAI ÔTÔ TRÁNH - THÔNG SỐ,8 tỷ,"Phường Minh Khai, Quận Hai Bà Trưng, Hà Nội",33 m² (4.8x8.0),3 phòng,3 WC,5,Giấy tờ hợp lệ,13-11-2025
"SIÊU ĐẸP BÁN NHÀ PHÂN LÔ,ÔTÔ ĐỖ,3 THOÁNG. DT 45M*MT3,8M GIÁ 15.5 TỶ","15,5 tỷ","Phường Vĩnh Tuy, Quận Hai Bà Trưng, Hà Nội",45 m²,5 phòng,3 WC,N/A,Giấy tờ hợp lệ,13-11-2025
Bán nhà Đại La 54m² – 4 tầng – MT 4.5m – cách phố 20m – full nội thất,"12,65 tỷ","Phường Trương Định, Quận Hai Bà Trưng, Hà Nội",55 m² (5.0x11.0),4 phòng,3 WC,4,Giấy tờ hợp lệ,13-11-2025
GĐ CẦN BÁN NHÀ PHỐ HUẾ - LÒ ĐÚC 39m2 5T 30m ra phố nhỉnh 8 Tỷ,"8,98 tỷ","Phường Phố Huế, Quận Hai Bà Trưng, Hà Nội",38 m² (4.0x10.0),3 phòng,4 WC,5,Giấy tờ hợp lệ,13-11-2025
"🌹🌹🌹 BÁN NHÀ HOÀNG MAI: 19M/ 4 TẦNG/ 3 NGỦ/ 5,95 TỶ","5,95 tỷ","Phường Minh Khai, Quận Hai Bà Trưng, Hà Nội",19 m²,3 phòng,3 WC,4,Giấy tờ hợp lệ,13-11-2025
Bán Nhà Đường Kim Ngưu - Minh Khai về ở ngay giá hơn 5 tỷ,"5,2 tỷ","559, Đường Đông Kim Ngưu, Phường Minh Khai, Quận Hai Bà Trưng, Hà Nội",19 m² (4.0x5.0),3 phòng,4 WC,5,Sổ đỏ,13-11-2025
"🌹🌹🌹BÁN NHÀ NGÕ QUỲNH: 49M/ 4 TẦNG/ 13,8 TỶ/ Ô TRÁNH","13,8 tỷ","Phường Quỳnh Mai, Quận Hai Bà Trưng, Hà Nội",49 m²,3 phòng,N/A,3,Giấy tờ hợp lệ,13-11-2025
✅ Bán nhà Ngõ Quỳnh – 35m² – 5 tầng – MT 5.3m – Ô tô – Kinh doanh – 8.,"8,67 tỷ","Phường Bạch Mai, Quận Hai Bà Trưng, Hà Nội",35 m² (5.4x7.0),3 phòng,3 WC,4,Giấy tờ hợp lệ,13-11-2025
"Bán nhà Trần Khát Chân, ô tô dừng đỗ ngày đêm,ngõ thông,nhà đẹp ở ngay","15,5 tỷ","Phường Thanh Nhàn, Quận Hai Bà Trưng, Hà Nội",61 m²,4 phòng,N/A,4,Giấy tờ hợp lệ,13-11-2025
"Bán nhà măt phố HOÀ MÃ, HBT, dt: 120 mx 10 tg, giá :105 tỷ",105 tỷ,"Đường Hòa Mã, Phường Nguyễn Du, Quận Hai Bà Trưng, Hà Nội",120 m² (4.0x30.0),8 phòng,10 WC,9,Sổ đỏ,12-11-2025
Phố Hiếm Nhà Bán-Khu VIP Q.Hai Bà Trưng-Giáp VinCom Bà Triệu-Công Viên,"14,8 tỷ","Đường Thể Giao, Phường Lê Đại Hành, Quận Hai Bà Trưng, Hà Nội",45 m² (4.1x11.0),3 phòng,3 WC,4,Sổ đỏ,12-11-2025
"(Chính chủ) tôi cần bán nhà Mp, Lê Văn Hưu, Q HBT, Dt 120 m, 10 tầng.",110 tỷ,"Phường Ngô Thì Nhậm, Quận Hai Bà Trưng, Hà Nội",120 m²,N/A,N/A,10,Sổ đỏ,12-11-2025
Chỉ 6Tỷ25-Nhà Riêng 24m2-Xây Mới 5Tầng-Full Nội Thất-Cạnh KĐT TimeCity,"6,25 tỷ","Đường Tam Trinh, Phường Vĩnh Tuy, Quận Hai Bà Trưng, Hà Nội",24 m² (3.0x8.0),3 phòng,4 WC,5,Sổ hồng,11-11-2025
HÀNG XÓM TIMECITY – NGÕ Ô TÔ  – LÔ GÓC THOÁNG SÁNG,"7,35 tỷ","Phường Vĩnh Tuy, Quận Hai Bà Trưng, Hà Nội",21 m² (3.6x10.0),2 phòng,4 WC,N/A,Sổ đỏ,03-11-2025
𝐁𝐀́𝐍 𝐍𝐇𝐀̀ 𝐋𝐎̀ Đ𝐔́𝐂 - 𝐂𝐀́𝐂𝐇 𝐇Ồ 𝐆ƯƠ𝐌 𝐍𝐇𝐈̉𝐍𝐇 𝟐𝐊𝐌,"12,99 tỷ","32 ngõ 180, Đường Lò Đúc, Phường Đống Mác, Quận Hai Bà Trưng, Hà Nội",41.4 m²,N/A,N/A,N/A,Sổ đỏ,16-11-2025
"Cc bán nhà mới Đầm Trấu 35m, 5 tầng, ful đồ 7.5 tỷ","7,5 tỷ","Đường Đầm Trấu, Phường Bạch Đằng, Quận Hai Bà Trưng, Hà Nội",35 m²,3 phòng,N/A,5,Sổ đỏ,19-11-2025
Phân Lô Oto Kim Ngưu Hai Bà Trưng. Diện Tích 42m Mặt 4m,"14,8 tỷ","Đường Kim Ngưu, Phường Thanh Lương, Quận Hai Bà Trưng, Hà Nội",42 m²,1,N/A,5,Sổ đỏ,16-11-2025
NHÀ TRUNG TÂM HAI BÀ TRƯNG 4 TẦNG 3 NGỦ 3 VỆ SINH,"5,93 tỷ","Phường Bạch Mai, Quận Hai Bà Trưng, Hà Nội",22 m² (3.2x6.8),3 phòng,3 WC,4,Giấy tờ hợp lệ,12-11-2025
"Bán nhà Kim Ngưu, ô tô tránh, ngõ thông, nhà 59m² nội thất cao cấp","14,9 tỷ","Phường Thanh Nhàn, Quận Hai Bà Trưng, Hà Nội",59 m²,4 phòng,N/A,5,Giấy tờ hợp lệ,12-11-2025
Hiếm! Hơn 12 tỷ Hai Bà Trưng 60m² MT 4.2m 10m ô tô tiện ích ngập tràn,"12,68 tỷ","Phường Đồng Nhân, Quận Hai Bà Trưng, Hà Nội",60 m²,2 phòng,1,2,Giấy tờ hợp lệ,12-11-2025
"4 Tầng trung tâm Hai Bà Trưng – 43m² –, 2 Thoáng – Gần Bách Khoa","9,8 tỷ","Phường Quỳnh Lôi, Quận Hai Bà Trưng, Hà Nội",43 m²,5 phòng,4 WC,4,Giấy tờ hợp lệ,12-11-2025
💥💥 HIẾM!! NHỈNH 1 TỶ NHÀ 4 TẦNG ĐẦY ĐỦ CÔNG NĂNG_ TT QUẬN HAI BÀ,"1,9 tỷ","Phường Vĩnh Tuy, Quận Hai Bà Trưng, Hà Nội",14 m²,2 phòng,3 WC,4,Giấy tờ khác,12-11-2025
Nhà đẹp dân xây trương định Bạch Mai,"5,65 tỷ","Phường Trương Định, Quận Hai Bà Trưng, Hà Nội",25 m² (3.2x8.0),3 phòng,4 WC,5,Giấy tờ hợp lệ,11-11-2025
Bán nhà số 66 Ngõ 121 Kim Ngưu mặt Ngõ to vừa ở và kinh doanh đa ngành,"10,3 tỷ","66/121 Kim ngưu, Đường Phố Kim Ngưu, Phường Thanh Lương, Quận Hai Bà Trưng, Hà Nội",54 m² (3.8x14.7),7 phòng,3 WC,4,Sổ đỏ,11-11-2025
"Bán gấp nhà ngõ 105 phố Bạch Mai, cách phố 50m, diện tích 48m2, 4,5T","11,19 tỷ","07, Đường Bạch Mai, Phường Bạch Mai, Quận Hai Bà Trưng, Hà Nội",48 m²,4 phòng,4 WC,5,Sổ đỏ,15-11-2025
"Bán nhà Ngõ Quỳnh DT 125m2, 2T, Mt 6.7m, kinh doanh dòng tiền.","22,2 tỷ","Đường Quỳnh Lôi, Phường Quỳnh Lôi, Quận Hai Bà Trưng, Hà Nội",125 m² (6.7x18.6),5 phòng,3 WC,2,Sổ hồng,11-11-2025
"Trung tâm ngõ thoáng, nhà ngõ 118 Trương Định, cấp 4 DT 34m2 10,2 tỷ","10,2 tỷ","Phường Trương Định, Quận Hai Bà Trưng, Hà Nội",34 m² (3.2x11.0),N/A,N/A,N/A,Sổ đỏ,15-11-2025
"Nhà đẹp ở khu vực Vĩnh Tuy - Hai Bà Trưng, nhà 5 tầng xây mới, an sinh","7,2 tỷ","Phường Minh Khai, Quận Hai Bà Trưng, Hà Nội",30 m²,1,N/A,5,Sổ đỏ,15-11-2025
🏡 Dương Văn Bé – Hai Bà Trưng PHÂN LÔ – Ô TÔ – 43m² – 11 TỶ  ✨,Thỏa thuận,"Đường Dương Văn Bé, Phường Vĩnh Tuy, Quận Hai Bà Trưng, Hà Nội",43 m²,1,N/A,5,Sổ đỏ,15-11-2025
TT HAI BÀ TRƯNG _ THÔNG CÁC PHỐ_ 5 tầng _ 6 phòng ngủ,"8,8 tỷ","Phường Quỳnh Lôi, Quận Hai Bà Trưng, Hà Nội",42 m²,6 phòng,4 WC,5,Giấy tờ hợp lệ,11-11-2025
"Bán Nhà 5 tầng Lo góc Minh Khai 3 thoáng 72m2 ,9mt oto gần phố 18 tỷ.",18 tỷ,"Phường Minh Khai, Quận Hai Bà Trưng, Hà Nội",75 m²,5 phòng,6 WC,N/A,Sổ đỏ,14-11-2025
ĐÊ TRẦN KHÁT CHÂN 61M2 – Ô TÔ TRÁNH – MẶT NGÕ KINH DOANH – 15.6 TỶ,"15,6 tỷ","Phường Thanh Nhàn, Quận Hai Bà Trưng, Hà Nội",61 m²,4 phòng,4 WC,4,Giấy tờ hợp lệ,11-11-2025
"Chỉ 5,3tỷ có nhà phố Lê Ngọc Hân Hai Bà Trưng cách phố 15m","5,3 tỷ","Phường Phạm Đình Hổ, Quận Hai Bà Trưng, Hà Nội",22 m²,2 phòng,2 WC,4,Giấy tờ hợp lệ,11-11-2025
"Bán gấp giảm 2 tỷ, nhà dòng tiền Trương Định 17P 90m2 7 tầng 13.5 tỷ","13,5 tỷ","Phường Trương Định, Quận Hai Bà Trưng, Hà Nội",90 m² (6.0x15.0),11 phòng,7 WC,7,Giấy tờ hợp lệ,11-11-2025
Bán Nhà Phố Chùa Quỳnh-ÔTÔ Đỗ Cửa-2Mặt Ngõ Thông-50m2/4Tầng-Hơn 13Tỷ,"13,8 tỷ","Đường Phố Chùa Quỳnh, Phường Quỳnh Lôi, Quận Hai Bà Trưng, Hà Nội",50 m² (3.5x14.0),3 phòng,3 WC,4,Sổ hồng,10-11-2025
#TRUNG TÂM HAI BÀ TRƯNG - #GIÁP ĐH BÁCH KINH XÂY  - #THOÁNG TRƯỚC SAU,"9,85 tỷ","Phường Trương Định, Quận Hai Bà Trưng, Hà Nội",61 m²,6 phòng,6 WC,4,Giấy tờ hợp lệ,11-11-2025
Mặt Phố Lãng Yên-Giáp Trần khát Chân-DT52m2 x 4Tầng x MT4m-Hơn 19Tỷ,"19,8 tỷ","Đường Lãng Yên, Phường Thanh Lương, Quận Hai Bà Trưng, Hà Nội",52 m² (4.0x13.0),4 phòng,3 WC,4,Sổ hồng,10-11-2025
"Bán Nhà Kinh Doanh, Ô TÔ, Yên Lạc, 51m, 7 tầng, mt 4.8m, giá 28 tỷ",28 tỷ,"Đường Yên Lạc, Phường Vĩnh Tuy, Quận Hai Bà Trưng, Hà Nội",51 m² (4.8x10.6),7 phòng,4 WC,7,Sổ đỏ,10-11-2025
"NHÀ ĐẸP NGÕ QUỲNH , MT 4,2m ,5 TẦNG CÓ THANG MÁY - 13,5 tỷ","13,5 tỷ","224, Đường Ngõ Quỳnh, Phường Thanh Nhàn, Quận Hai Bà Trưng, Hà Nội",200 m² (4.2x9.8),5 phòng,5 WC,5,Sổ đỏ,17-11-2025
"Bán Nhà Ô TÔ, Kim Ngưu, Hai Bà Trưng 80m, 5 tầng, mt 5.3m, giá 18 tỷ.",18 tỷ,"Đường Kim Ngưu, Phường Vĩnh Tuy, Quận Hai Bà Trưng, Hà Nội",80 m² (5.3x15.0),3 phòng,4 WC,5,Sổ đỏ,10-11-2025
"Bán nhà quận Hai Bà Trưng, 30m ra mặt phố, sân để xe riêng, 35m,5 tầng","7,5 tỷ","Đường Phố Vân Đồn, Phường Bạch Đằng, Quận Hai Bà Trưng, Hà Nội",35 m² (3.9x8.5),3 phòng,3 WC,5,Sổ đỏ,10-11-2025
"Bán gấp nhà lô góc mặt phố Kim Ngưu, diện tích 30m2, 5 tầng","12,5 tỷ","Đường Kim Ngưu, Phường Quỳnh Mai, Quận Hai Bà Trưng, Hà Nội",30 m²,4 phòng,4 WC,5,Sổ đỏ,14-11-2025
"Nhà 5 tầng phố Bạch Mai, đầu ngã 5 Phố Huế - Đại Cồ Việt","7,75 tỷ","Đường Bạch Mai, Phường Bạch Mai, Quận Hai Bà Trưng, Hà Nội",32 m²,6 phòng,5 WC,5,Sổ đỏ,14-11-2025
"Bán gấp nhà 4 tầng phố Trần Khát Chân, cách phố 50m","6,3 tỷ","Đường Trần Khát Chân, Phường Thanh Nhàn, Quận Hai Bà Trưng, Hà Nội",32 m²,3 phòng,3 WC,4,Sổ đỏ,14-11-2025
"Bán gấp nhà ngõ phố Bạch Mai, cách phố 50m, diện tích 47m2, 4,5 tầng","11,2 tỷ","Đường Bạch Mai, Phường Bạch Mai, Quận Hai Bà Trưng, Hà Nội",47 m²,5 phòng,4 WC,4,Sổ đỏ,14-11-2025
"Bán gấp nhà cấp 4 ngõ phố Kim Ngưu, cách mặt phố 70m","12,5 tỷ","Đường Kim Ngưu, Phường Thanh Nhàn, Quận Hai Bà Trưng, Hà Nội",67 m²,N/A,N/A,N/A,Sổ đỏ,14-11-2025
"Bán gấp nhà 4,5 tầng ngõ phố Bạch Mai, cạnh Vincom Bà Triệu - Phố Huế","15,95 tỷ","Đường Bạch Mai, Phường Bạch Mai, Quận Hai Bà Trưng, Hà Nội",60 m²,4 phòng,4 WC,4,Sổ đỏ,14-11-2025
Bán gấp nhà 2 tầng cũ lô góc tại ngõ phố Dương Văn Bé,"10,9 tỷ","Đường Dương Văn Bé, Phường Vĩnh Tuy, Quận Hai Bà Trưng, Hà Nội",65 m²,4 phòng,4 WC,2,Sổ đỏ,14-11-2025
"Bán tòa nhà văn phòng phố Lạc Trung, P/Lô, vỉa hè ô tô tránh, 78m2, 8t","29,8 tỷ","Đường Lạc Trung, Phường Vĩnh Tuy, Quận Hai Bà Trưng, Hà Nội",70 m² (5.4x14.4),7 phòng,7 WC,8,Sổ hồng,09-11-2025
"Nhà đẹp long lanh ngõ Hoà Bình 7, giá 9.9 tỷ, 42m2x5T, ở luôn","9,9 tỷ","Đường Hòa Bình 7, Phường Minh Khai, Quận Hai Bà Trưng, Hà Nội",42 m²,2,4,4,Sổ đỏ,09-11-2025
"9,25 tỷ-38M2 - 5 TẦNG THANG MÁY - NHÀ MỚI GẦN PHỐ -ĐẠI LA-PHỐ VỌNG","9,25 tỷ","Đường Đại La, Phường Đồng Tâm, Quận Hai Bà Trưng, Hà Nội",38 m²,3 phòng,4 WC,5,Sổ đỏ,16-11-2025
"BÁN NHÀ MP TUỆ TĨNH 200M RA CV THỐNG NHẤT, 100M2×3T, MT 5M, 95 TỶ",95 tỷ,"Đường Tuệ Tĩnh, Phường Nguyễn Du, Quận Hai Bà Trưng, Hà Nội",100 m² (5.0x20.0),4 phòng,4 WC,3,Sổ đỏ,13-11-2025
BÁN NHÀ VÂN HỒ – VIEW CÔNG VIÊN THỐNG NHẤT – LÔ GÓC 3 THOÁNG,"42,5 tỷ","Đường Vân Hồ 3, Phường Lê Đại Hành, Quận Hai Bà Trưng, Hà Nội",68 m²,4,N/A,4,Sổ đỏ,13-11-2025
"""GÀ ĐẺ TRỨNG VÀNG""  TRUNG TÂM #HAI_BÀ_TRƯNG – GIÁ CỰC MỀM CHỈ 11.5 TỶ","11,8 tỷ","Phường Bạch Mai, Quận Hai Bà Trưng, Hà Nội",45 m²,11 phòng,7 WC,6,Giấy tờ hợp lệ,09-11-2025
"NHÀ ĐẸP PHỐ THỌ LÃO - ÔTÔ ĐỖ CÁCH 10M, 100M RA TRUNG TÂM HAI BÀ TRƯNG","12,68 tỷ","Phường Đồng Nhân, Quận Hai Bà Trưng, Hà Nội",61 m²,3 phòng,2 WC,2,Giấy tờ hợp lệ,09-11-2025
BÁN NHÀ NGÕ THÔNG MINH KHAI – NHÀ MỚI KOONG – NGÕ BA GÁC TRÁNH XE MÁY,"7,5 tỷ","Phường Minh Khai, Quận Hai Bà Trưng, Hà Nội",39 m²,4 phòng,3 WC,2,Giấy tờ hợp lệ,09-11-2025
"VÕ THỊ SÁU - 56m2, 6 tầng thang máy, nhà mới, thiết kế hiện đại","17,9 tỷ","Phường Thanh Nhàn, Quận Hai Bà Trưng, Hà Nội",56 m²,3 phòng,N/A,6,Giấy tờ hợp lệ,09-11-2025
CẦN bán nhà MINH KHAI - DƯƠNG VĂN BÉ 29m2 4T 10m ra phố SĐCC,"6,28 tỷ","Phường Vĩnh Tuy, Quận Hai Bà Trưng, Hà Nội",29 m² (4.5x7.0),3 phòng,3 WC,4,Giấy tờ hợp lệ,09-11-2025
BÁN NHÀ MINH KHAI – DƯƠNG VĂN BÉ – HAI BÀ TRƯNG 30.5m² – 5 TẦNG,"7,59 tỷ","Phường Minh Khai, Quận Hai Bà Trưng, Hà Nội",33.5 m² (4.2x8.0),3 phòng,4 WC,5,Giấy tờ hợp lệ,09-11-2025
"Bán nhà phố Bạch Mai ngõ nông thoáng sáng, Dt 32m2, 5t, đẹp ở ngay.","7,2 tỷ","Đường Pho Bạch Mai, Phường Bách Khoa, Quận Hai Bà Trưng, Hà Nội",32 m²,3 phòng,4 WC,5,Sổ hồng,08-11-2025
💥 Nhà đẹp phố Hồng Mai – 32m² × 5 tầng – ô tô đỗ cửa – full nội thất 💥,"8,86 tỷ","Phường Quỳnh Lôi, Quận Hai Bà Trưng, Hà Nội",32 m²,3 phòng,N/A,5,Giấy tờ hợp lệ,08-11-2025
"Bán nhà mặt phố Võ Thị Sáu, dt 70m2, mt 18m, giá 21 tỷ.",21 tỷ,"Đường Võ Thị Sáu, Phường Thanh Nhàn, Quận Hai Bà Trưng, Hà Nội",70 m² (18.0x3.9),3 phòng,3 WC,1,Sổ hồng,08-11-2025
"Chủ nhà bán nhà số 12A Khu đô thị Đầm Trấu, vỉa hè, phân lô ô tô tránh","22,9 tỷ","A12, Đường Đầm Trấu, Phường Bạch Đằng, Quận Hai Bà Trưng, Hà Nội",50 m²,N/A,N/A,5,Sổ đỏ,23-10-2025
12.78 TỶ-39M2-Ô TÔ ĐỖ-THANG MÁY-DƯƠNG VĂN BÉ-HBT-GẦN PHỐ,"12,78 tỷ","Đường Dương Văn Bé, Phường Vĩnh Tuy, Quận Hai Bà Trưng, Hà Nội",39 m²,3 phòng,4 WC,5,Sổ đỏ,15-11-2025
Chủ nhà bán nhà số A 980 mặt phố Bạch mai,69 tỷ,"A980, Đường Bạch Mai, Phường Bạch Mai, Quận Hai Bà Trưng, Hà Nội",110 m²,N/A,N/A,7,Sổ đỏ,23-10-2025
Chính chủ bán nhà minh khai diện tích 18m sổ riêng,"3,750 tỷ","Phường Minh Khai, Quận Hai Bà Trưng, Hà Nội",18 m²,2,2,3,Sổ hồng,12-11-2025
"Chính chủ bán nhà ngõ 559 Kim Ngưu, HBT, 5 tầng, 3 ngủ, chỉ 5 tỷ!",5 tỷ,"Ngõ 559, Đường Phố Kim Ngưu, Phường Vĩnh Tuy, Quận Hai Bà Trưng, Hà Nội",20 m²,3 phòng,4 WC,5,Sổ đỏ,12-11-2025
"MẶT NGÕ Ô TÔ TRÁNH, MẶT TIỀN ĐẸP - KINH DOANH, KHU VỰC HIẾM NHÀ BÁN.","20,5 tỷ","Đường Quỳnh Lôi, Phường Bạch Mai, Quận Hai Bà Trưng, Hà Nội",50 m²,5 phòng,6 WC,6,Sổ đỏ,12-11-2025
"Nhà 4 tầng, 44m2 gần Dương Văn Bé, ô tô đỗ cổng",5 tỷ,"Phường Vĩnh Tuy, Quận Hai Bà Trưng, Hà Nội",44 m²,3 phòng,3 WC,4,Giấy tờ hợp lệ,08-11-2025
Nhà đẹp Minh khai Hòa Bình 7 - ngõ quỳnh.,"8,6 tỷ","Phường Minh Khai, Quận Hai Bà Trưng, Hà Nội",35 m² (5.0x7.0),4 phòng,4 WC,5,Giấy tờ hợp lệ,08-11-2025
Chính chủ bán nhà tại đê Trần Khát Chân ngõ cách ô tô 30m,"7,25 tỷ","Phường Thanh Lương, Quận Hai Bà Trưng, Hà Nội",38 m²,4 phòng,4 WC,4,Giấy tờ hợp lệ,08-11-2025
CHÍNH CHỦ BÁN NHÀ KHÔNG QUA TRUNG GIAN,"6,2 tỷ","Phường Vĩnh Tuy, Quận Hai Bà Trưng, Hà Nội",24 m² (3.0x8.0),3 phòng,4 WC,5,Giấy tờ hợp lệ,08-11-2025
"NHÀ ĐẸP PHỐ THỌ LÃO - ÔTÔ ĐỖ CÁCH 10M, 100M RA TRUNG TÂM HAI BÀ TRƯNG.","12,68 tỷ","130, Đường Dốc Thọ Lão, Phường Đồng Nhân, Quận Hai Bà Trưng, Hà Nội",41 m²,3 phòng,2 WC,2,Sổ hồng,07-11-2025
NHÀ ĐƯỜNG MINH KHAI-CẠNH CHỢ MƠ-NGÕ ÔTÔ-GẦN PHỐ-60m2 x 4TẦNG-CHỈ 9TỶ3,"9,3 tỷ","Đường Minh Khai, Phường Minh Khai, Quận Hai Bà Trưng, Hà Nội",60 m² (15.0x4.0),6 phòng,6 WC,4,Sổ hồng,07-11-2025
"Nhà Mới Thang Máy, 20m Ra Phố - Ngõ Thông, Nguồn Kín Giá Tốt","13,47 tỷ","Đường Minh Khai, Phường Vĩnh Tuy, Quận Hai Bà Trưng, Hà Nội",40 m²,3 phòng,5 WC,6,Sổ đỏ,18-11-2025
"Bán nhà mặt phố Thọ Lão, Lò Đúc, quận Hai Bà Trưng Hà Nội",12 tỷ,"Đường Thọ Lão, Phường Đồng Nhân, Quận Hai Bà Trưng, Hà Nội",38 m²,N/A,N/A,3,Sổ đỏ,14-11-2025
"Nhà phố TRẦN KHÁT CHÂN.. sát cạnh phố Huế, chợ trời..38m2, 5 tầng...","8,9 tỷ","Phường Bạch Mai, Quận Hai Bà Trưng, Hà Nội",31 m² (3.3x10.3),4 phòng,3 WC,5,Sổ đỏ,11-11-2025
Mặt phố siêu VIP thi sách Hai Bà Trưng,"117,5 tỷ","Phường Phạm Đình Hổ, Quận Hai Bà Trưng, Hà Nội",110 m²,11 phòng,7 WC,10,Giấy tờ hợp lệ,07-11-2025
"8,2 TỶ-5 TẦNG MỚI-THANG MÁY-THANH NHÀN-HBT","8,2 tỷ","Phường Thanh Nhàn, Quận Hai Bà Trưng, Hà Nội",30 m²,3 phòng,4 WC,5,Giấy tờ hợp lệ,07-11-2025
"PHÂN LÔ Ô TÔ TRÁNH - Ô TÔ ĐỖ CỬA VỪA Ở VỪA KINH DOANH - CHỈ 17,7 TỶ","17,7 tỷ","Phường Vĩnh Tuy, Quận Hai Bà Trưng, Hà Nội",60 m²,6 phòng,1,5,Giấy tờ hợp lệ,07-11-2025
"Nhà Đẹp Ô Tô Đỗ Cửa, Phố 8- 3 , Hai Bà Trưng 50/80m, giá 5.85 tỷ","5,85 tỷ","Đường Phố 8/3, Phường Quỳnh Mai, Quận Hai Bà Trưng, Hà Nội",80 m² (5.0x16.0),2 phòng,2 WC,1,Sổ đỏ,06-11-2025
6.35 TỶ-25M2- 5 TẦNG NGÕ NÔNG-BẠCH MAI-CHÙA LIÊN PHÁI-PHỐ HUỂ,"6,35 tỷ","Phường Bạch Mai, Quận Hai Bà Trưng, Hà Nội",25 m²,3 phòng,4 WC,5,Giấy tờ hợp lệ,07-11-2025
Rất Hiếm-Hơn 5Tỷ-Nhà 3Tầng-21m2-Mặt Ngõ ÔTÔ-Thẳng 30m Ra Phố Bạch Mai,"5,99 tỷ","Đường Bạch Mai, Phường Cầu Dền, Quận Hai Bà Trưng, Hà Nội",21 m² (3.0x7.0),2 phòng,3 WC,3,Sổ đỏ,06-11-2025
"Nhà Đẹp Ô TÔ Vào Nhà, Lạc Trung, 70/78m, 8 tầng, mt 5,4m, giá 29.8 tỷ","29,8 tỷ","Đường Lạc Trung, Phường Vĩnh Tuy, Quận Hai Bà Trưng, Hà Nội",70 m² (5.4x13.0),10 phòng,10 WC,8,Sổ đỏ,06-11-2025
"8,2 TỶ-5 TẦNG MỚI-THANG MÁY-THANH NHÀN-HAI BÀ TRƯNG","8,2 tỷ","Đường Thanh nhàn, Phường Thanh Nhàn, Quận Hai Bà Trưng, Hà Nội",30 m²,3 phòng,4 WC,5,Sổ đỏ,13-11-2025
"Bán nhà Thanh Nhàn, lô góc thang máy, 30m, 5T, 8.25 tỷ","8,25 tỷ","Đường Thanh Nhàn, Phường Quỳnh Mai, Quận Hai Bà Trưng, Hà Nội",30 m²,3 phòng,N/A,N/A,Sổ đỏ,13-11-2025
"TRUNG TÂM HAI BÀ TRƯNG - SÁT MẶT PHỐ, GẦN Ô TÔ - NGÕ THÔNG RỘNG - GẦN",Thỏa thuận,"Phường Thanh Nhàn, Quận Hai Bà Trưng, Hà Nội",27 m²,4 phòng,3 WC,4,Sổ đỏ,10-11-2025
"EM HỌ MẶT PHỐ MINH KHAI - 1 BƯỚC RA PHỐ - DÂN XÂY - 60m CHỈ 16,3 TỶ","16,3 tỷ","Phường Vĩnh Tuy, Quận Hai Bà Trưng, Hà Nội",60 m²,3 phòng,N/A,5,Giấy tờ hợp lệ,06-11-2025
SỔ RIÊNG . 18 m x 4 TẦNG  . 3 TỶ 55 . LƯƠNG YÊN . hai bà,"3,55 tỷ","Phường Thanh Lương, Quận Hai Bà Trưng, Hà Nội",18 m² (4.0x5.0),2 phòng,2 WC,4,Giấy tờ hợp lệ,06-11-2025
HỒNG MAI - Ô TÔ ĐỖ CỬA - DÂN XÂY - MẶT TIỀN BỀ THẾ - CHỈ 16 TỶ,16 tỷ,"Phường Bạch Mai, Quận Hai Bà Trưng, Hà Nội",60 m²,4 phòng,N/A,4,Giấy tờ hợp lệ,06-11-2025
NHÀ ĐẸP NGÕ QUỲNH - Ô TÔ ĐỖ CỬA - NỘI THẤT HIỆN ĐẠI -  CHỦ TỰ THIẾT KẾ,"8,68 tỷ","Phường Bạch Mai, Quận Hai Bà Trưng, Hà Nội",35 m² (5.0x7.0),3 phòng,4 WC,5,Giấy tờ hợp lệ,06-11-2025
"BÁN NHÀ KIM NGƯU - DÂN XÂY - NGÕ THÔNG - Ô TÔ ĐỖ GẦN - CHỈ 10,4 TỶ","10,4 tỷ","Phường Vĩnh Tuy, Quận Hai Bà Trưng, Hà Nội",39 m²,4 phòng,1,4,Giấy tờ hợp lệ,06-11-2025
Bán Nhà Phố Vân Đồn-Hai Bà Trưng-Giáp Hoàn Kiếm-34m Xây Mới 5Tầng-7Tỷ5,"7,5 tỷ","Đường Phố Vân Đồn, Phường Bạch Đằng, Quận Hai Bà Trưng, Hà Nội",34 m² (4.0x8.0),3 phòng,4 WC,5,Sổ hồng,05-11-2025
Bán Nhà Phố Minh Khai-2Mặt Ngõ Thông-ÔTÔ Tránh-Phân Lô-60m 5Tầng-17Tỷ9,"17,9 tỷ","Đường Minh Khai, Phường Thanh Lương, Quận Hai Bà Trưng, Hà Nội",60 m² (3.6x17.0),4 phòng,4 WC,5,Sổ hồng,05-11-2025
Nhà chính chủ Kim Ngưu - ngõ thông - ở ngay - chỉ 5 tỷ,5 tỷ,"Đường Phố Kim Ngưu, Phường Vĩnh Tuy, Quận Hai Bà Trưng, Hà Nội",20 m²,3 phòng,4 WC,5,Sổ đỏ,05-11-2025
BÁN NHÀ PHỐ BẠCH MAI - Q.HAI BÀ TRƯNG - HÀ NỘI DT45M,"13,3 tỷ","19, Đường Bạch Mai, Phường Bách Khoa, Quận Hai Bà Trưng, Hà Nội",45 m²,4 phòng,4 WC,6,Sổ đỏ,16-11-2025
"Bán khách sạn mặt phố Huế- Hàng Bài 390m2×10T, mt;10m, giá 520 tỷ",520 tỷ,"Đường Phố Huế, Phường Phố Huế, Quận Hai Bà Trưng, Hà Nội",390 m²,N/A,N/A,10,Sổ đỏ,09-11-2025
"Bán nhà phố Kim Ngưu, 80m2, 7 tầng Thang máy MT 4,5 m, 16 phòng, 16 tỷ",16 tỷ,"Đường Kim Ngưu, Phường Thanh Nhàn, Quận Hai Bà Trưng, Hà Nội",80 m² (4.5x19.0),16 phòng,N/A,7,Sổ đỏ,09-11-2025
"Lô góc 3T ngõ Minh Khai ngõ 2,5m cách Mp 60m hai ngoặt tới nhà","7,9 tỷ","Đường Minh Khai, Phường Minh Khai, Quận Hai Bà Trưng, Hà Nội",29.5 m²,3 phòng,3 WC,3,Sổ đỏ,09-11-2025
"NHÀ NGÕ TRẠI CÁ, TRƯƠNG ĐỊNH – 50M2 x 4,5 TẦNG –BA GÁC ĐỖ CỬA 17,8 tỷ","18,8 tỷ","Đường Trương Định, Phường Trương Định, Quận Hai Bà Trưng, Hà Nội",50 m² (3.7x14.0),6 phòng,4 WC,4.5,Sổ đỏ,09-11-2025
🏦#G TRUNG TÂM #HAI #BÀ #TRƯNG- NGÕ THÔNG THOÁNG -4 TẦNG- FULL NỘI THẤT,"3,92 tỷ","Phường Bạch Mai, Quận Hai Bà Trưng, Hà Nội",19 m²,3 phòng,2 WC,4,Giấy tờ hợp lệ,05-11-2025
NGÕ NÔNG THOÁNG - FULL NỘI THẤT - 3PN - ĐẦY ĐỦ CÔNG NĂNG,"3,95 tỷ","Phường Bạch Mai, Quận Hai Bà Trưng, Hà Nội",19 m²,3 phòng,3 WC,N/A,Giấy tờ hợp lệ,05-11-2025
"BÁN NHÀ chỉ 2.6 tỷ 15m x 4 tầng Lương Yên, Hai Bà Trưng","2,6 tỷ","Phường Bạch Đằng, Quận Hai Bà Trưng, Hà Nội",15 m²,2 phòng,3 WC,4,Hợp đồng mua bán,05-11-2025
💥 Bán nhà phố Minh Khai – 33m² x 5 tầng – gần Times City – thiết kế đẹ,"7,8 tỷ","Phường Minh Khai, Quận Hai Bà Trưng, Hà Nội",33 m²,3 phòng,4 WC,5,Giấy tờ hợp lệ,05-11-2025
"Bán nhà số 88 Giếng Mứt, Hai Bà Trưng, DT 48,9m2, nở hậu, ngõ 3m","6,8 tỷ","Phường Trương Định, Quận Hai Bà Trưng, Hà Nội",48.9 m²,N/A,N/A,N/A,Sổ đỏ,03-11-2025
"Bán nhà mới tinh Lương Yên , HBT: 18m2, 4 tầng, full nội thất, 2,6 tỷ","2,6 tỷ","Đường Lương Yên, Phường Bạch Đằng, Quận Hai Bà Trưng, Hà Nội",18 m²,3 phòng,3 WC,4,Giấy tờ hợp lệ,15-11-2025
Bán Nhà Dòng Tiền 180tr/tháng Ở phố Minh Khai Hai quận Bà Trưng Hà Nội,"29,89 tỷ","Đường Minh Khai, Phường Vĩnh Tuy, Quận Hai Bà Trưng, Hà Nội",90 m² (6.2x15.0),28 phòng,29 WC,7,Sổ đỏ,11-11-2025
"Bán nhà mặt phố thiền Quang, Hk, dt 25 m x 2 tg, giá 7 ty",7 tỷ,"K, Đường Thiền Quang, Phường Nguyễn Du, Quận Hai Bà Trưng, Hà Nội",25 m²,3 phòng,2 WC,N/A,Sổ đỏ,08-11-2025
"Bán Nhà Trần Khát Chân Hai Bà Trưng 35m 5 tầng sổ Riêng Nhà Mới 7,05Tỷ","7,19 tỷ","Đường Đê Trần Khát Chân, Phường Thanh Lương, Quận Hai Bà Trưng, Hà Nội",35 m² (5.0x7.0),3 phòng,4 WC,5,Sổ đỏ,11-11-2025
BÁN NHÀ NHỎ  . NGÕ TO . NGÃ TƯ TÔ HIẾN THÀNH,Thỏa thuận,"15c, 15c, Phường Lê Đại Hành, Quận Hai Bà Trưng, Hà Nội",22 m² (3.6x6.3),3 phòng,3 WC,4,Sổ đỏ,08-11-2025
"NHÀ 5 TẦNG XÂY MỚI CHÍNH CHỦ Nguyễn Văn Viên, Vĩnh Tuy, Hai Bà Trưng",Thỏa thuận,"Phường Vĩnh Tuy, Quận Hai Bà Trưng, Hà Nội",31 m²,3,N/A,5,Sổ đỏ,08-11-2025
"Bán nhà phố Lò Đúc, 25m2, 4 tầng, 3 phòng ngủ riêng biệt, gần mặt phố","3,2 tỷ","Đường Lò Đúc, Phường Đồng Nhân, Quận Hai Bà Trưng, Hà Nội",25 m² (3.0x8.0),3 phòng,4,4,Sổ đỏ,08-11-2025
"Siêu Hot! Chính chủ bán nhà Trương Định, 20m ra phố, 18m2, 5T, 4,85 tỷ","4,85 tỷ","Phường Trương Định, Quận Hai Bà Trưng, Hà Nội",18 m² (3.5x6.0),3 phòng,4 WC,5,Giấy tờ hợp lệ,04-11-2025
"Bán nhà phố Minh Khai, Hai Bà Trưng 72m, 5 tầng, mt 5.5m. Giá: 21.8 tỷ","21,8 tỷ","Đường Minh Khai, Phường Thanh Lương, Quận Hai Bà Trưng, Hà Nội",72 m²,6 phòng,4 WC,5,Sổ đỏ,03-11-2025
"Bán nhà phố Minh Khai, Hai Bà Trưng 96m, 7 tầng. Giá: 28.5 tỷ","28,5 tỷ","Phường Vĩnh Tuy, Quận Hai Bà Trưng, Hà Nội",96 m²,26 phòng,26 WC,7,Sổ đỏ,03-11-2025
Bán nhà ngõ 392 Phố Bạch Mai. DT 33m x 5T. Nhà đẹp gần Ô tô,"7,86 tỷ","Đường Bạch Mai, Phường Bạch Mai, Quận Hai Bà Trưng, Hà Nội",33 m²,4 phòng,4 WC,N/A,Sổ đỏ,10-11-2025
BÁN NHÀ HAI BÀ TRƯNG – 6 TẦNG THANG MÁY – NGÕ Ô TÔ – 13.5 TỶ,"13,5 tỷ","Đường Phố Kim Ngưu, Phường Thanh Lương, Quận Hai Bà Trưng, Hà Nội",41 m²,N/A,1,6,Sổ đỏ,07-11-2025
🏙 #G TRUNG TÂM #HAI #BÀ #TRƯNG - SỔ NỞ HẬU - CỰC HIẾM -0M2 -CHỈ 3.92Tỷ,"3,92 tỷ","Phường Bạch Mai, Quận Hai Bà Trưng, Hà Nội",20 m²,2 phòng,3 WC,5,Giấy tờ hợp lệ,03-11-2025
CHÍNH CHỦ BÁN NHÀ PHỐ MINH KHAI.DIỆN TÍCH 55M2 XÂY 4 TẦNG Ở LUÔN,"10,3 tỷ","Phường Minh Khai, Quận Hai Bà Trưng, Hà Nội",55 m² (4.0x13.8),4 phòng,3 WC,4,Giấy tờ hợp lệ,03-11-2025
"Bán Nhà Ngõ Quỳnh 25M x 5T Chỉ 5,4 Tỷ.Lô góc, 20m ra phố,full nội thất","5,4 tỷ","Phường Thanh Nhàn, Quận Hai Bà Trưng, Hà Nội",16 m²,3 phòng,3 WC,5,Giấy tờ hợp lệ,03-11-2025
BÁN NHÀ PHỐ MINH KHAI – 30m Ô TÔ TRÁNH – NHÀ MỚI 5 TẦNG – 48M²,"8,5 tỷ","Đường Minh Khai, Phường Minh Khai, Quận Hai Bà Trưng, Hà Nội",48 m²,4 phòng,4 WC,5,Sổ đỏ,07-11-2025
Nhà đẹp Ngõ Gốc Đề – Minh Khai – Hai Bà Trưng – 30m² – giá 6.95 tỷ,"6,95 tỷ","Phường Minh Khai, Quận Hai Bà Trưng, Hà Nội",41 m²,4 phòng,4,5,Giấy tờ hợp lệ,03-11-2025
"Bán Nhà Hồng Mai 23M x 5T Chỉ 4,5 Tỷ.10m ô tô, full nội thất, ở luôn","4,5 tỷ","Phường Bạch Mai, Quận Hai Bà Trưng, Hà Nội",23 m²,3 phòng,3 WC,5,Giấy tờ hợp lệ,03-11-2025
"[Chính chủ] tôi cần bán MP Huế, Q HBT, Dt 150 m x 8 tầng, Mt 5,7 m,",120 tỷ,"Phường Phố Huế, Quận Hai Bà Trưng, Hà Nội",150 m²,N/A,N/A,8,Sổ đỏ,02-11-2025
"NHÀ ĐẸP PHỐ THỌ LÃO - ÔTÔ ĐỖ CÁCH 10M, 100M RA TRUNG TÂM HAI BÀ TRƯNG.","12,68 tỷ","130, Đường Dốc Thọ Lão, Phường Đồng Nhân, Quận Hai Bà Trưng, Hà Nội",41 m² (3.9x10.6),3 phòng,2 WC,2,Sổ đỏ,06-11-2025
Bán nhà mặt ngõ quỳnh quận hai bà trưng hn.,"8,7 tỷ","Phường Quỳnh Lôi, Quận Hai Bà Trưng, Hà Nội",32 m²,4,N/A,5,Sổ đỏ,06-11-2025
Chính chỉ bán nhà tập thể tầng 1 nhà C4 TT Quỳnh Mai,"4,15 tỷ","Nhà c4, Đường Quỳnh Lôi, Phường Quỳnh Mai, Quận Hai Bà Trưng, Hà Nội",68 m² (5.6x12.0),N/A,N/A,1,Sổ đỏ,05-11-2025
"🏠🏠VĨNH TUY-DƯƠNG VĂN BÉ NHÀ MỚI 50m2 * 2 TẦNG *3 NGỦ  2,8 Tỷ","2,8 tỷ","Phường Vĩnh Tuy, Quận Hai Bà Trưng, Hà Nội",50 m²,3 phòng,2 WC,2,Giấy tờ khác,01-11-2025
"Nhà Đẹp Gần Đường Ô TÔ Lạc Trung, Hai Bà Trưng 70m, tầng 1, 4.55 tỷ","4,55 tỷ","Đường Lạc Trung, Phường Vĩnh Tuy, Quận Hai Bà Trưng, Hà Nội",70 m² (5.0x14.0),3 phòng,1 WC,1,Sổ đỏ,31-10-2025
"Nhà Đẹp Ô Tô,  Dốc Thọ Lão 26m, 4  tầng,  mt 4m, 8.2 tỷ","8,2 tỷ","Phường Đồng Nhân, Quận Hai Bà Trưng, Hà Nội",25 m² (4.0x6.3),3 phòng,3 WC,4,Sổ đỏ,31-10-2025
"Nhà Đẹp Như Khách Sạn 5*, Phố Lạc Trung, Hai Bà Trưng 90m, giá 5.4 tỷ.","5,4 tỷ","Đường Lạc Trung, Phường Vĩnh Tuy, Quận Hai Bà Trưng, Hà Nội",90 m² (5.0x18.0),3 phòng,2 WC,1,Sổ đỏ,31-10-2025
"Bán nhà Hai Bà Trưng, 8 tầng thang máy, 100m2, có hầm, ô tô tránh.",35 tỷ,"Đường Trần Đại Nghĩa, Phường Đồng Tâm, Quận Hai Bà Trưng, Hà Nội",100 m²,N/A,N/A,8,Sổ đỏ,31-10-2025
Chính chủ cần bán nhà 33/85 chua lien Bach mai,"6,9 tỷ","33/85 ngo chùa liên , Đường Pho Bạch Mai, Phường Bách Khoa, Quận Hai Bà Trưng, Hà Nội",45 m² (4.0x11.5),2 phòng,2 WC,3,Sổ đỏ,07-11-2025
Nhà hiếm - Quận Hai Bà Trưng – cần bán - Siêu nhiều tiện ích – Cực Gần,3 tỷ,"Phường Bạch Mai, Quận Hai Bà Trưng, Hà Nội",40 m² (4.0x10.0),2 phòng,1 WC,2,Sổ đỏ,04-11-2025
"Bán nhà phố Bạch Mai, 70m2, 6 tầng, MT 6m, 12 PN, gần mặt phố, 15 tỷ",15 tỷ,"Đường Bạch Mai, Phường Bạch Mai, Quận Hai Bà Trưng, Hà Nội",70 m² (6.0x12.0),12 phòng,N/A,6,Sổ đỏ,04-11-2025
"Nhà đẹp ngõ 315 Trần Đại Nghĩa, chợ Đồng Tâm– 55m² x 4,5t – 21,5 tỷ","21,5 tỷ","315 Phố Trần Đại Nghĩa, Phường Trương Định, Quận H, Đường Trần Đại Nghĩa, Phường Trương Định, Quận Hai Bà Trưng, Hà Nội",55 m² (4.0x14.0),6 phòng,4 WC,5,Sổ đỏ,04-11-2025
NHÀ ĐẸP MINH KHAI 4T 4 PN- THOÁNG TRƯỚC  - NGÕ TO  - GẦN OTO - T.TÂM H,"9,9 tỷ","Đường Minh Khai, Phường Minh Khai, Quận Hai Bà Trưng, Hà Nội",45 m²,4 phòng,3 WC,4,Sổ đỏ,04-11-2025
"💥SIÊU HIẾM – PHỐ HUẾ – 1 NHÀ RA PHỐ💥
Nhỉnh 7 tỷ ,nhà 5 tầng","7,45 tỷ","Phường Phố Huế, Quận Hai Bà Trưng, Hà Nội",22 m²,3 phòng,N/A,5,Giấy tờ hợp lệ,31-10-2025
BÁN NHÀ ĐẠI LA HAI BÀ TRƯNG VF3 ĐỖ CỬA KINH DOANH THOÁNG SÁNG 4 TẦNG,"8,4 tỷ","Phường Bạch Mai, Quận Hai Bà Trưng, Hà Nội",21 m² (4.4x5.0),2 phòng,3 WC,4,Giấy tờ hợp lệ,31-10-2025
"CHÍNH CHỦ BÁN TÒA VP HẠNG SANG MẶT PHỐ BẠCH MAI, HAI BÀ TRƯNG.",150 tỷ,"Phường Cầu Dền, Quận Hai Bà Trưng, Hà Nội",168 m²,N/A,N/A,N/A,Sổ đỏ,10-11-2025
Nhà 4T P/Lô Võ Thị Sáu sát Hồ gần Mp vỉa hè oto tránh kd sầm uất,19 tỷ,"Đường Võ Thị Sáu, Phường Thanh Nhàn, Quận Hai Bà Trưng, Hà Nội",46 m²,4 phòng,3 WC,5,Sổ đỏ,30-10-2025
Đất 165m xây 2 toà CCMN phố Minh Khai ngõ oto tránh cách Mp 30m,"23,5 tỷ","Đường Minh Khai, Phường Bách Khoa, Quận Hai Bà Trưng, Hà Nội",165 m²,4 phòng,4 WC,2,Sổ đỏ,30-10-2025
"Bán nhà 20,8 tỷ - 80m2 Thanh Nhàn, ngõ ô tô tránh","20,8 tỷ","Đường Thanh nhàn, Phường Thanh Nhàn, Quận Hai Bà Trưng, Hà Nội",80 m²,4 phòng,3 WC,3,Sổ đỏ,10-11-2025
"Bán nhà Kim Ngưu ngõ ô tô thông, Dt 48m2, 5t, giá 11.7 tỷ, kinh doanh.","11,7 tỷ","Đường Phố Kim Ngưu, Phường Vĩnh Tuy, Quận Hai Bà Trưng, Hà Nội",240 m² (3.7x12.9),8 phòng,8 WC,5,Sổ hồng,29-10-2025
"Bán Gấp! Nhà Hiếm 7.9ty phố Lò Đúc 40m 3T, 4 phòng, ban công mặt phố","7,9 tỷ","Đường Lò Đúc, Phường Phạm Đình Hổ, Quận Hai Bà Trưng, Hà Nội",40 m²,4 phòng,2 WC,N/A,Sổ đỏ,03-11-2025
"Bán nhà Nguyễn Đình Chiểu, tường giáp CV Thống Nhất, 100 m2, 2x tỷ.",Thỏa thuận,"Đường Nguyễn Đình Chiểu, Phường Lê Đại Hành, Quận Hai Bà Trưng, Hà Nội",100 m² (5.0x20.0),N/A,N/A,5,Sổ đỏ,03-11-2025
LÔ GÓC 2 MẶT THOÁNG_ FULL NỘI THẤT_ NGÕ THÔNG_ RA PHỐ MINH KHAI 50M GI,"9,5 tỷ","Đường Hồng mai, Phường Minh Khai, Quận Hai Bà Trưng, Hà Nội",40 m²,4 phòng,3 WC,4,Sổ đỏ,03-11-2025
"Mặt phố quy hoạch ổn định, Vỉa hè rộng Ô tô đỗ thoải mái, Kinh doanh",25 tỷ,"Đường Thanh nhàn, Phường Bạch Mai, Quận Hai Bà Trưng, Hà Nội",42 m² (3.8x11.0),7 phòng,7 WC,7,Sổ đỏ,03-11-2025
"39 tỷ - Mặt phố Lê Ngọc Hân, 77m2, 3 tầng, mặt tiền 5m, kinh doanh",39 tỷ,"Phường Ngô Thì Nhậm, Quận Hai Bà Trưng, Hà Nội",77 m²,4 phòng,N/A,3,Giấy tờ hợp lệ,30-10-2025
"🌟 Bán nhà phố Kim Ngưu 41m² x 6 tầng thang máy ,ô tô tránh cách 40m","13,8 tỷ","Phường Thanh Lương, Quận Hai Bà Trưng, Hà Nội",41 m²,4 phòng,5 WC,6,Giấy tờ hợp lệ,30-10-2025
"Nhà phân lô phố Kim Ngưu,54m² x 5 tầng ,thang máy ,lô góc,ô tô  cửa","15,6 tỷ","Phường Thanh Lương, Quận Hai Bà Trưng, Hà Nội",54 m²,4 phòng,4 WC,5,Giấy tờ hợp lệ,30-10-2025
Nhà phố Trần Khát Chân 37m² x 5 tầng – full nội thất sổ đỏ chính chủ,"8,9 tỷ","Phường Đống Mác, Quận Hai Bà Trưng, Hà Nội",37 m²,3 phòng,4 WC,5,Giấy tờ hợp lệ,30-10-2025
"NHÀ MẶT NGÕ, SÁT PHỐ] MINH KHAI - 55M2 x 5 TẦNG - MT 4M - 10.9 TỶ","10,9 tỷ","Đường Minh Khai, Phường Vĩnh Tuy, Quận Hai Bà Trưng, Hà Nội",55 m² (4.0x13.5),6 phòng,4 WC,5,Sổ đỏ,02-11-2025
"NHÀ PHÂN LÔ PHỐ VÕ THỊ SÁU, Ô TÔ ĐỖ CỬA, Ở VĂN PHÒNG CHUNG CƯ MINI VIP","20,2 tỷ","Đường Võ Thị Sáu, Phường Thanh Nhàn, Quận Hai Bà Trưng, Hà Nội",105 m²,N/A,N/A,3,Sổ đỏ,02-11-2025
Bán nhà gần trường đại học Kinh tế quốc Dân  hơn 4 tỷ 21m  5 tầng 3 ng,"4,8 tỷ","Phường Bạch Mai, Quận Hai Bà Trưng, Hà Nội",21 m² (3.0x7.0),3 phòng,3 WC,5,Giấy tờ hợp lệ,29-10-2025
"CHÍNH CHỦ bán nhà phố Bạch Mai. Diện tích 39m2, 3,5 tầng, lô góc.","6,9 tỷ","Đường Bạch Mai, Phường Bạch Mai, Quận Hai Bà Trưng, Hà Nội",39 m² (3.8x11.0),4 phòng,3 WC,3.5,Sổ đỏ,02-11-2025
"Bán Nhà Dương Văn Bé 25M x 5T Chỉ 5,98 Tỷ. Lô góc 3 thoáng, 30m ra phố","5,98 tỷ","Phường Vĩnh Tuy, Quận Hai Bà Trưng, Hà Nội",25 m²,3 phòng,3 WC,5,Giấy tờ hợp lệ,29-10-2025
🌟 Bán nhà thổ cư phố Nguyễn An Ninh – 23m² x 4 tầng – ô tô đỗ cổng –,"3,76 tỷ","Phường Trương Định, Quận Hai Bà Trưng, Hà Nội",23 m²,2 phòng,3 WC,4,Giấy tờ hợp lệ,29-10-2025
BÁN NHÀ 5 TẦNG THANG MÁY TRẦN KHÁT CHÂN - 41m2 - GIÁ CHỈ 10TY400,"10,4 tỷ","16, Đường Đê Trần Khát Chân, Phường Thanh Nhàn, Quận Hai Bà Trưng, Hà Nội",41 m² (4.0x10.0),5 phòng,5 WC,5,Sổ đỏ,04-11-2025
"Nhà cấp 4 phố Trần Đại Nghĩa  43,5m², giá 14,5 tỷ – gần ô tô, gần chợ","14,5 tỷ","Đường Trần Đại Nghĩa, Phường Trương Định, Quận Hai Bà Trưng, Hà Nội",43 m²,N/A,N/A,N/A,Sổ đỏ,01-11-2025
DƯƠNG VĂN BÉ NHÀ ĐẸP Ở NGAY GIÁ CHẤT,"5,98 tỷ","Phường Vĩnh Tuy, Quận Hai Bà Trưng, Hà Nội",19 m²,3 phòng,4 WC,4,Giấy tờ hợp lệ,28-10-2025
🌟 Bán nhà phố Hồng Mai – 40m² x 4 tầng – nội thất 5★ – sổ đỏ chính chủ,"8,8 tỷ","Phường Quỳnh Mai, Quận Hai Bà Trưng, Hà Nội",40 m²,4 phòng,4 WC,5,Giấy tờ hợp lệ,28-10-2025
"Bán Nhà Kinh Doanh VP Phố Vọng 80m, 7 tầng, mt 5m, giá 40.2 tỷ.","40,2 tỷ","Đường Phố Vọng, Phường Đồng Tâm, Quận Hai Bà Trưng, Hà Nội",80 m² (5.0x16.0),6 phòng,6 WC,7,Sổ đỏ,27-10-2025
🏡 BÁN NHÀ LÒ ĐÚC – GẦN Ô TÔ – 42M² – 2 THOÁNG – CHƯA ĐẾN 12 TỶ!,"11,95 tỷ","Đường Lò Đúc, Phường Đống Mác, Quận Hai Bà Trưng, Hà Nội",42 m²,4 phòng,N/A,N/A,Sổ đỏ,31-10-2025
10 tỷ - 6 tầng - THANG MÁY NHẬP- 15M RA MẶT PHỐ,10 tỷ,"Phường Minh Khai, Quận Hai Bà Trưng, Hà Nội",36 m² (4.0x9.0),4 phòng,5 WC,6,Giấy tờ hợp lệ,27-10-2025
"Nhà Nguyễn An Ninh, diện tích 15/18m2, 4 tầng, 2 ngủ, giá 3,76 tỷ","3,76 tỷ","Phường Trương Định, Quận Hai Bà Trưng, Hà Nội",15 m²,2 phòng,3 WC,4,Giấy tờ hợp lệ,27-10-2025
Nhà đẹp phố Minh khai -Bạch Mai,"4,29 tỷ","Phường Bạch Mai, Quận Hai Bà Trưng, Hà Nội",17 m² (3.0x6.0),3 phòng,4 WC,5,Giấy tờ hợp lệ,27-10-2025
"BÁN NHÀ DƯƠNG VĂN BÉ , NGÕ 3 GÁC ĐỖ CỬA , HÀG XÓM TIME CITY DTSD 48M","8,5 tỷ","Phường Minh Khai, Quận Hai Bà Trưng, Hà Nội",33 m²,3 phòng,4 WC,5,Giấy tờ hợp lệ,27-10-2025
"Minh Khai _ 40m_nhà mới , Lô góc , 4 ngủ ,nội thất đầy đủ","6,5 tỷ","Phường Minh Khai, Quận Hai Bà Trưng, Hà Nội",40 m²,4 phòng,4 WC,N/A,Giấy tờ hợp lệ,27-10-2025
Trực tiếp chủ nhà giao bán không qua trung gian,"16,2 tỷ","115, Đường Phố Kim Ngưu, Phường Thanh Lương, Quận Hai Bà Trưng, Hà Nội",41 m² (3.0x16.0),4 phòng,3 WC,4,Sổ đỏ,26-10-2025
"Bán Nhà Kinh Doanh, Mặt Phố Quỳnh Mai 98m, tầng 1, mt 4.4m, 10.5 tỷ","10,5 tỷ","Đường Quỳnh Mai, Phường Quỳnh Mai, Quận Hai Bà Trưng, Hà Nội",98 m² (4.4x22.3),2 phòng,1 WC,1,Sổ đỏ,26-10-2025
"CHÍNH CHỦ BÁN TOÀ VP HẠNG SANG MẶT PHỐ ĐẠI LA, HBT",160 tỷ,"Đường Đại La, Phường Đồng Tâm, Quận Hai Bà Trưng, Hà Nội",270 m²,N/A,N/A,N/A,Sổ đỏ,06-11-2025
📌TUYỆT PHẨM DƯƠNG VĂN BÉ - NHÀ MỚI KOONG - 6 TẦNG THANG MÁY HIỆN ĐẠI,15 tỷ,"Đường Dương Văn Bé, Phường Vĩnh Tuy, Quận Hai Bà Trưng, Hà Nội",50 m² (4.0x16.0),3 phòng,3 WC,6,Sổ đỏ,30-10-2025
"Nhà 44m² Đê Tô Hoàng 2 mặt thoáng, sổ đôi, ngõ thông Đại Cồ Việt,11 tỷ",11 tỷ,"Đường Đê Tô Hoàng, Phường Bạch Mai, Quận Hai Bà Trưng, Hà Nội",44 m² (6.0x7.3),N/A,N/A,N/A,Sổ đỏ,30-10-2025
PHỐ LẠC TRUNG 2BT - MẶT NGÕ OTO TRÁNH  -6 TẦNG THANG MÁY NHẬP KHẨU XỊN,"16,2 tỷ","Phường Minh Khai, Quận Hai Bà Trưng, Hà Nội",44 m²,3 phòng,5 WC,6,Giấy tờ hợp lệ,26-10-2025
"BÁN NHÀ BẠCH ĐẰNG , NGÕ NÔNG GẦN CHỢ , DTSD 30M . 4 TẦNG . FUL NỘITHAT","7,25 tỷ","Phường Bạch Đằng, Quận Hai Bà Trưng, Hà Nội",24 m²,2 phòng,3 WC,4,Giấy tờ hợp lệ,26-10-2025
"BÁN NHÀ CẢM HỘI , DTSD 30M . NGÕ 3 GÁC , GẦN CHỢ VS TRƯỜG HỌC","8,5 tỷ","Phường Đống Mác, Quận Hai Bà Trưng, Hà Nội",26 m²,3 phòng,4 WC,5,Giấy tờ hợp lệ,26-10-2025
Phố Vọng - TT HAI BÀ TRƯNG _ 5 tầng 8 ngủ NGÕ THÔNG,"13,3 tỷ","Phường Đồng Tâm, Quận Hai Bà Trưng, Hà Nội",45 m²,8 phòng,7 WC,5,Giấy tờ hợp lệ,26-10-2025
"Bán nhà mặt phố dt 200m2 , mt8m , giá 150 tỷ",150 tỷ,"Phường Nguyễn Du, Quận Hai Bà Trưng, Hà Nội",200 m²,N/A,N/A,N/A,Sổ đỏ,30-10-2025
"Bán Nhà TT Hàn Thuyên 30M x 2 Tầng Giá 6 Tỷ. 50m ra phố, Full nội thất",6 tỷ,"Phường Phạm Đình Hổ, Quận Hai Bà Trưng, Hà Nội",30 m²,2 phòng,2 WC,2,Giấy tờ hợp lệ,25-10-2025
💥 NHÀ ĐẸP GẦN PHỐ MINH KHAI – 40M RA Ô TÔ TRÁNH – BA GÁC VÀO TẬN NHÀ,"8,4 tỷ","Phường Minh Khai, Quận Hai Bà Trưng, Hà Nội",42 m²,5 phòng,4 WC,5,Giấy tờ hợp lệ,25-10-2025
Tòa CHDV lô góc Minh Khai – 7 tầng – 11 phòng – dòng tiền 65tr/tháng,"13,5 tỷ","Phường Minh Khai, Quận Hai Bà Trưng, Hà Nội",60 m²,11 phòng,7 WC,7,Giấy tờ hợp lệ,25-10-2025
"Bán nhà Hoa Lư - Hai Bà Trưng, Dt 46m2, 4t, mt 4m, 12.8 tỷ, kinh doanh","12,8 tỷ","Đường Hoa Lư, Phường Lê Đại Hành, Quận Hai Bà Trưng, Hà Nội","736 m² (4,0x11,5)",4 phòng,4 WC,4,Sổ hồng,16-07-2025
"Bán nhà MInh Khai DT 60m2, 5t, Mt 4.1m, giá 12.5 tỷ, kinh doanh dòng t","12,5 tỷ","Đường Ngõ Quỳnh, Phường Quỳnh Lôi, Quận Hai Bà Trưng, Hà Nội",60 m² (4.1x14.6),9 phòng,6 WC,5,Sổ hồng,24-10-2025
Trần Khát Chân-Gần ÔTÔ-Xây Mới-35m x 6Tầng-Thang Máy-Nội Thất Đẹp-9Tỷ3,"9,3 tỷ","Đường Trần Khát Chân, Phường Thanh Lương, Quận Hai Bà Trưng, Hà Nội",35 m² (3.5x10.0),3 phòng,4 WC,6,Sổ hồng,24-10-2025
"Bán gấp nhà ngõ phố Bạch Mai, ngõ to đẹp, gần TTTM Chợ Mơ","5,5 tỷ","Đường Bạch Mai, Phường Bạch Mai, Quận Hai Bà Trưng, Hà Nội",37 m²,3 phòng,3 WC,4,Sổ đỏ,28-10-2025
🏙 MẶT PHỐ ĐẠI LA - KHU VỰC SẦM UẤT - SÁT ĐH BÁCH- Kinh - Xây,"5,5 tỷ","Phường Bạch Mai, Quận Hai Bà Trưng, Hà Nội",15 m²,3 phòng,3 WC,5,Giấy tờ hợp lệ,24-10-2025
"Bán Nhà Tô Hoàng 15M x 4 Tầng Chỉ 2,1 Tỷ. Nhà mới, ở luôn, 30m ra ô tô","2,1 tỷ","Phường Cầu Dền, Quận Hai Bà Trưng, Hà Nội",15 m²,2 phòng,2 WC,4,Hợp đồng mua bán,24-10-2025
"GIÁ 6.2 TỶ! NHÀ TRƯƠNG ĐỊNH - HOÀNG MAI: 45M², 4 TẦNG - 4 PHÒNG NGỦ!","6,2 tỷ","Phường Trương Định, Quận Hai Bà Trưng, Hà Nội",45 m²,4 phòng,N/A,4,Giấy tờ hợp lệ,24-10-2025
"GIẢM CHÀO! SIÊU VIP HAI BÀ TRƯNG, Ô TÔ, SÁT PHỐ, LÔ GÓC, NGÕ THÔNG, KD","5,05 tỷ","Phường Thanh Nhàn, Quận Hai Bà Trưng, Hà Nội",22 m²,3 phòng,N/A,4,Giấy tờ hợp lệ,24-10-2025
"Hiếm! Nhà dân xây 40m Minh Khai, lô góc, 4 tầng, 4 ngủ, giá nhỉnh 7 tỷ",7 tỷ,"Phường Minh Khai, Quận Hai Bà Trưng, Hà Nội",40 m² (3.5x11.0),4 phòng,4 WC,4,Giấy tờ hợp lệ,24-10-2025
BÁN NHÀ Ở HAI BÀ TRƯNG - 45 TỶ - CHO THUÊ LẠI 80 TRIỆU/THÁNG,45 tỷ,"Phường Lê Đại Hành, Quận Hai Bà Trưng, Hà Nội",70 m²,10 phòng,N/A,7,Giấy tờ hợp lệ,23-10-2025
"BÁN NHÀ BÙI NGỌC DƯƠNG, HAI BÀ TRƯNG 20/90M GIÁ CHỈ 3.6 TỶ","3,6 tỷ","Phường Bạch Mai, Quận Hai Bà Trưng, Hà Nội",20 m²,2 phòng,2 WC,2,Giấy tờ hợp lệ,24-10-2025
"Bán nhà mặt phố Đông Kim Ngưu, Hà Nội, mặt tiền 3,9m, diện tích 66m2",36 tỷ,"Đường Đông Kim Ngưu, Phường Thanh Lương, Quận Hai Bà Trưng, Hà Nội",66 m²,N/A,N/A,7,Sổ đỏ,08-10-2025
"🏙 #G TRUNG TÂM #HAI #BÀ #TRƯNG -SỔ NỞ HẬU -CỰC HIẾM- 20M2 -CHỈ 3,92 TỶ","3,92 tỷ","Phường Minh Khai, Quận Hai Bà Trưng, Hà Nội",16 m²,3 phòng,4 WC,N/A,Giấy tờ hợp lệ,23-10-2025
Bán Nhà Hồng Mai-Ngõ ÔTÔ Tránh-Vỉa Hè-Kinh Doanh-52m2 x 5Tầng-16Tỷ500,"16,5 tỷ","Đường Hồng Mai, Phường Bạch Mai, Quận Hai Bà Trưng, Hà Nội",52 m² (3.5x15.0),4 phòng,5 WC,5,Sổ hồng,23-10-2025
"Bán nhanh nhà dòng tiền phố Trần Đại Nghĩa,DT 56m, 9 phòng kk,hơn 9tỷ","9,8 tỷ","Đường Lê Thanh Nghị, Phường Bách Khoa, Quận Hai Bà Trưng, Hà Nội",56 m²,9 phòng,9 WC,6,Sổ đỏ,27-10-2025
💥 CCMN MINH KHAI – ĐỐI DIỆN TIMES CITY – DÒNG TIỀN KHỦNG – 17.8 TỶ 💥,"17,8 tỷ","Đường Minh Khai, Phường Minh Khai, Quận Hai Bà Trưng, Hà Nội",55 m²,15 phòng,N/A,7,Sổ đỏ,27-10-2025
"CHÍNH CHỦ BÁN NHÀ HAI BÀ TRƯNG ĐẸP NỘI THẤT XỊN 4PN,NGÕ THÔNG, 20M OTO","8,8 tỷ","Đường Hồng Mai, Phường Quỳnh Lôi, Quận Hai Bà Trưng, Hà Nội",40 m² (3.8x11.0),4 phòng,3 WC,4,Sổ hồng,27-10-2025
BÁN NHÀ HAI BÀ TRƯNG - PHÂN LÔ CÁN BỘ - 5 TẠ ĐỖ CỬA - SIÊU HIẾM,"10,5 tỷ","Phường Bạch Mai, Quận Hai Bà Trưng, Hà Nội",35 m²,5 phòng,3 WC,4,Giấy tờ hợp lệ,23-10-2025
"Bán Nhà Chùa Liên Phái 25M x 4T Chỉ 5,8 Tỷ.Dân xây, 2 thoáng, 30m ô tô","5,8 tỷ","Phường Cầu Dền, Quận Hai Bà Trưng, Hà Nội",20 m²,3 phòng,2 WC,4,Giấy tờ hợp lệ,23-10-2025
"CHƯA ĐẾN 2 TỶ, CÓ CĂN NHÀ HỘ KHẨU MINH KHAI","1,83 tỷ","Phường Minh Khai, Quận Hai Bà Trưng, Hà Nội",16 m² (3.1x5.3),2 phòng,1 WC,3,Đang chờ sổ,23-10-2025
"Bán Nhà Minh Khai 16M x 3T Chỉ 1,85 Tỷ.Ngõ thông, 30m ra ô tô, gần phố","1,85 tỷ","Phường Minh Khai, Quận Hai Bà Trưng, Hà Nội",16 m²,2 phòng,2 WC,3,Sổ hồng,23-10-2025
Chính chủ bán nhà minh khai quận Hai bà trưng,"3,75 tỷ","Phường Minh Khai, Quận Hai Bà Trưng, Hà Nội",18 m²,N/A,N/A,3,Sổ hồng,27-10-2025
"HIẾM! CHỦ NHÀ CÁN BỘ BÁCH KHOA VỀ HƯU, BÁN GẤP NHÀ TẠ QUANG BỬU, 45M2x","7,5 tỷ","Đường Tạ Quang Bửu, Phường Bạch Mai, Quận Hai Bà Trưng, Hà Nội",45 m² (4.0x9.0),4 phòng,4 WC,5,Sổ đỏ,26-10-2025
"BÁN NHÀ - MINH KHAI -DT 23/35M - MT 3,4 - 3T - 5,25 TỶ","5,25 tỷ","Phường Minh Khai, Quận Hai Bà Trưng, Hà Nội",23 m²,3 phòng,N/A,N/A,Giấy tờ hợp lệ,22-10-2025
Hiếm nhà Dương Văn Bé 44m2 xây mới 6 tầng thang máy view hồ dân sinh,"14,86 tỷ","Phường Vĩnh Tuy, Quận Hai Bà Trưng, Hà Nội",44 m²,4 phòng,3 WC,4,Giấy tờ hợp lệ,22-10-2025
CCMN MINH KHAI RẺ NHẤT CHUẨN PCCC - 43M 5 TẦNG - MẶT TIỀN 5M - 8 TỶ 2,"8,2 tỷ","Phường Minh Khai, Quận Hai Bà Trưng, Hà Nội",43 m²,7 phòng,6 WC,5,Giấy tờ hợp lệ,22-10-2025
"Bán Nhà Kim Ngưu 20M x 5T, MT: 4,4M Giá 5,2 Tỷ. Full nội thất, Ở ngay.","5,2 tỷ","Phường Vĩnh Tuy, Quận Hai Bà Trưng, Hà Nội",20 m²,3 phòng,3 WC,5,Giấy tờ hợp lệ,22-10-2025
MẶT PHỐ TT 2 BÀ Ô TÔ VÀO NHÀ - LÔ GÓC - 7 TẦNG THANG MÁY - KINH DOANH,28 tỷ,"Phường Vĩnh Tuy, Quận Hai Bà Trưng, Hà Nội",51 m²,4 phòng,7 WC,7,Giấy tờ hợp lệ,22-10-2025
Hai bà trưng Nhà đẹp thang máy nhập khẩu. tặng nội thất cao cấp,"18,3 tỷ","Phường Vĩnh Tuy, Quận Hai Bà Trưng, Hà Nội",72 m² (3.9x15.0),4 phòng,5 WC,6,Giấy tờ hợp lệ,22-10-2025
TRUNG TÂM HAI BÀ TRƯNG - NHỎ TIỀN - NỘI THẤT ĐẸP Ở LUÔN,"3,9 tỷ","Phường Minh Khai, Quận Hai Bà Trưng, Hà Nội",18 m²,3 phòng,4 WC,4,Giấy tờ hợp lệ,22-10-2025
HỒNG MAI NHÀ MỚI 4 TẦNG – FULL NỘI THẤT Ở LUÔN – GẦN Ô TÔ,"8,8 tỷ","Phường Bạch Mai, Quận Hai Bà Trưng, Hà Nội",40 m²,4 phòng,4 WC,4,Giấy tờ hợp lệ,22-10-2025
"GIÁ 8.5 TỶ! NHÀ DƯƠNG VĂN BÉ - HBT: 36M², 5 TẦNG -HÀNG XÓM TIMES CITY!","8,5 tỷ","Phường Minh Khai, Quận Hai Bà Trưng, Hà Nội",36 m²,3 phòng,N/A,5,Giấy tờ hợp lệ,22-10-2025
"Bán Nhà Hồng Mai 15M x 4T Giá 4,68 Tỷ. Ngõ nông, dân xây, 20m ra phố.","4,68 tỷ","Phường Bạch Mai, Quận Hai Bà Trưng, Hà Nội",15 m²,3 phòng,N/A,4,Giấy tờ hợp lệ,22-10-2025
MINH KHAI - HAI BÀ TRƯNG - 16M 4 TẦNG - 3.95 TỶ -SỔ ĐỎ RIÊNG CHÍNH CHỦ,"3,95 tỷ","Phường Minh Khai, Quận Hai Bà Trưng, Hà Nội",16 m²,3 phòng,3 WC,4,Giấy tờ hợp lệ,22-10-2025
"Nhà thang máy Chính chủ cần bán nhà Dương Văn Bé, gần trường cấp 1, 2","14,5 tỷ","Phường Vĩnh Tuy, Quận Hai Bà Trưng, Hà Nội",51 m² (4.0x12.8),3 phòng,N/A,5,Giấy tờ hợp lệ,22-10-2025
BÁN NHÀ BẠCH MAI - TT.HAI BÀ TRƯNG - 15M RA Ô TÔ - GẦN PHỐ,"2,6 tỷ","Phường Bạch Mai, Quận Hai Bà Trưng, Hà Nội",22 m² (3.0x6.0),3 phòng,4 WC,4,Giấy tờ khác,22-10-2025
NHÀ PHỐ LÒ ĐÚC - TRẦN KHÁT CHÂN - Phường Hai Bà Trưng - 32m2 x 5 Tầng,8 tỷ,"Phường Bùi Thị Xuân, Quận Hai Bà Trưng, Hà Nội",32 m² (3.0x10.0),4 phòng,4 WC,5,Giấy tờ hợp lệ,21-10-2025
"Bán 220m2 mặt phố Bà Triệu, Hai Bà Trưng, Hà Nội",180 tỷ,"Đường Bà Triệu, Phường Nguyễn Du, Quận Hai Bà Trưng, Hà Nội",220 m²,N/A,N/A,2,Sổ đỏ,21-10-2025
"Chủ nhà cần bán nhà số 12A, phân lô Đầm trấu, vỉa hè, đường to,","22,9 tỷ","12A, Đường Đầm Trấu, Phường Bạch Đằng, Quận Hai Bà Trưng, Hà Nội",50 m²,N/A,N/A,5,Sổ đỏ,02-07-2025
"GIÁ 9.7 TỶ! NHÀ MINH KHAI - HOÀNG MAI: 36M²,7 TẦNG - LÔ GÓC,THANG MÁY!","9,7 tỷ","Phường Minh Khai, Quận Hai Bà Trưng, Hà Nội",36 m²,3 phòng,N/A,7,Giấy tờ hợp lệ,21-10-2025
"Bán Nhà Phố 8/3 20M x 4T Giá 5,5 Tỷ. Lô góc, 2 thoáng, 1 nhà ra ô tô","5,5 tỷ","Phường Quỳnh Mai, Quận Hai Bà Trưng, Hà Nội",20 m²,3 phòng,3 WC,4,Giấy tờ hợp lệ,21-10-2025
"GÀ ĐẺ TRỨNG VÀNG CCMN MINH KHAI- 65M2 X 7 TẦNG, 13 PHÒNG, CHỈ 14.5 TỶ","14,5 tỷ","Phường Minh Khai, Quận Hai Bà Trưng, Hà Nội",65 m² (7.0x9.0),11 phòng,7 WC,7,Giấy tờ hợp lệ,21-10-2025
"Bán nhà mặt phố Hàng Chuối , Hai Bà Trưng Hà Nội","19,5 tỷ","Phường Phạm Đình Hổ, Quận Hai Bà Trưng, Hà Nội",25 m²,3 phòng,3 WC,4,Giấy tờ hợp lệ,21-10-2025
BÁN CCMN MINH KHAI - HAI BÀ TRƯNG - NGÕ OTO THÔNG KINH DOANH,"26,5 tỷ","Phường Minh Khai, Quận Hai Bà Trưng, Hà Nội",81 m²,11 phòng,7 WC,8,Giấy tờ hợp lệ,21-10-2025
BÁN CCMN HÒA BÌNH 7 - HAI BÀ TRƯNG -14 PHÒNG KK - DÒNG TIỀN 85Tr/Tháng,"16,9 tỷ","Phường Minh Khai, Quận Hai Bà Trưng, Hà Nội",54 m²,11 phòng,N/A,7,Giấy tờ hợp lệ,21-10-2025
"Tôi bán nhà Nguyễn Cao, Lò Đúc 48m2,ngõ gần 3m,nhà ở ngay, giá 8.65 tỷ","8,65 tỷ","Phường Bạch Đằng, Quận Hai Bà Trưng, Hà Nội",48 m² (3.5x15.0),3 phòng,N/A,3,Giấy tờ hợp lệ,21-10-2025
"PHỐ VIP, HIẾM NHÀ BÁN, Ô TÔ LÙI CỬA, HÀNG XÓM TIMECITY.","7,35 tỷ","Phường Minh Khai, Quận Hai Bà Trưng, Hà Nội",36 m² (4.0x9.0),3 phòng,4 WC,5,Giấy tờ hợp lệ,21-10-2025
💥 TRUNG TÂM HAI BÀ TRƯNG NHÀ XÂY MỚI TINH 5 TẦNG THANG MÁY – TẦM TIỀN,"9,3 tỷ","Phường Bạch Mai, Quận Hai Bà Trưng, Hà Nội",38 m²,3 phòng,4 WC,5,Giấy tờ hợp lệ,21-10-2025
BÁN NHÀ HAI BÀ TRƯNG - THOÁNG TRƯỚC SAU - OTO ĐỖ CỬA - DÂN XÂY,"10,5 tỷ","Phường Bạch Mai, Quận Hai Bà Trưng, Hà Nội",35 m²,5 phòng,6 WC,4,Giấy tờ hợp lệ,21-10-2025
"Bán ccmn Minh Khai, 80m x7T thang máy 18 phòng, dòng tiền 1.1 tỷ/năm","17,5 tỷ","Phường Minh Khai, Quận Hai Bà Trưng, Hà Nội",80 m² (5.0x16.0),11 phòng,N/A,10,Giấy tờ hợp lệ,21-10-2025
"TRUNG TÂM QUẬN HAI BÀ - 5 TẦNG XÂY MỚI - NGÕ NÔNG, GẦN PHỐ - AN SNH ĐỈ","7,2 tỷ","Phường Minh Khai, Quận Hai Bà Trưng, Hà Nội",35 m²,4 phòng,4 WC,5,Giấy tờ hợp lệ,21-10-2025
TT HAI BÀ TRƯNG _ 43m2 LÔ GÓC _ 5 NGỦ FULL CÔNG NĂNG,"9,5 tỷ","Phường Bạch Mai, Quận Hai Bà Trưng, Hà Nội",43 m²,5 phòng,4 WC,4,Giấy tờ hợp lệ,21-10-2025
"BÁN CCMN BẠCH MAI MỚI TINH 70M x6TẦNG, DÒNG TIỀN MẠNH MẼ-CHỈ HƠN 14 TỶ","14,9 tỷ","Phường Bách Khoa, Quận Hai Bà Trưng, Hà Nội",70 m² (6.0x12.0),11 phòng,N/A,6,Giấy tờ hợp lệ,20-10-2025
"Bán Nhà Đê Tô Hoàng 25M x 4T Giá 5,72 Tỷ. Mặt ngõ thông, 30m ra phố","5,72 tỷ","Phường Cầu Dền, Quận Hai Bà Trưng, Hà Nội",25 m²,2 phòng,2 WC,4,Giấy tờ hợp lệ,20-10-2025
NHÀ ĐẠI LA- 20M RA OTO - 33m2 - 5T - 11.6TỶ( CTL),"11,6 tỷ","Phường Đồng Tâm, Quận Hai Bà Trưng, Hà Nội",33 m² (4.0x9.0),4 phòng,N/A,N/A,Giấy tờ hợp lệ,20-10-2025
"Hơn 8 tỷ - NHÀ ĐẸP GẦN TIMES CITY – TAM TRINH – THOÁNG SÁNG, CÓ SÂN","8,6 tỷ","Phường Vĩnh Tuy, Quận Hai Bà Trưng, Hà Nội",45 m²,3 phòng,N/A,5,Giấy tờ hợp lệ,20-10-2025
Tòa VP hạng A giữa trung tâm Kim Ngưu /Lạc Trung 78 m 8 tầng thang máy,"29,8 tỷ","Phường Thanh Lương, Quận Hai Bà Trưng, Hà Nội",78 m²,7 phòng,7 WC,8,Giấy tờ hợp lệ,20-10-2025
"Nhà 120 Dương Văn Bé 62m2 xây 5 tầng full đồ rất đẹp, ngõ thông oto","12,5 tỷ","Phường Vĩnh Tuy, Quận Hai Bà Trưng, Hà Nội",62 m²,4 phòng,N/A,5,Giấy tờ hợp lệ,20-10-2025
"Hơn 27 TỶ – MẶT PHỐ ĐẠI CỒ VIỆT – VÂN HỒ 3, SIÊU HIẾM – 6 TẦNG","27,5 tỷ","Phường Bách Khoa, Quận Hai Bà Trưng, Hà Nội",57 m²,8 phòng,N/A,6,Giấy tờ hợp lệ,20-10-2025
BÁN NHÀ BẠCH MAI- DTSD 70m2-4T- CHỈ 13.5TỶ- NGÕ 3 GÁC,"13,5 tỷ","Phường Bạch Mai, Quận Hai Bà Trưng, Hà Nội",70 m²,4 phòng,N/A,7,Giấy tờ hợp lệ,20-10-2025
BÁN NHÀ RẺ NHẤT QUẬN HAI BÀ 41M2 X 4 TẦNG XÂY MỚI 3 BƯỚC RA Ô TÔ TRÁNH,"6,1 tỷ","Phường Trương Định, Quận Hai Bà Trưng, Hà Nội",41 m²,3 phòng,3 WC,4,Giấy tờ hợp lệ,20-10-2025
nhà mới 42m2 phố Dương Văn Bé-oto đỗ-6 tầng thang máy nhập-view hồ,"14,86 tỷ","Phường Vĩnh Tuy, Quận Hai Bà Trưng, Hà Nội",42 m²,4 phòng,4 WC,6,Giấy tờ hợp lệ,20-10-2025
"BÁN NHÀ 7 TẦNG - 40M2 - THANG MÁY - 3 MẶT THOÁNG - GIÁ CHỈ 9,2 TỶ","9,2 tỷ","Phường Minh Khai, Quận Hai Bà Trưng, Hà Nội",40 m²,5 phòng,N/A,4,Giấy tờ hợp lệ,20-10-2025
"Do chuyển đổi công viêc GĐ cần bán căn nhà 5tầng xây mới, diện tích 30","7,59 tỷ","Phường Đồng Nhân, Quận Hai Bà Trưng, Hà Nội",30 m² (3.3x9.5),3 phòng,4 WC,5,Giấy tờ hợp lệ,20-10-2025
"Bán Nhà Lò Đúc 15M x 4T Giá 4,5 Tỷ. Ngõ nông, 15m ra ô tô, 2 thoáng","4,5 tỷ","Phường Phạm Đình Hổ, Quận Hai Bà Trưng, Hà Nội",15 m²,3 phòng,2 WC,4,Giấy tờ hợp lệ,20-10-2025
BẠCH MAI - DÂN XÂY - NỘI THẤT XỊN - THOÁNG TRƯỚC SAU - MÓNG 7 TẦNG,"13,5 tỷ","Phường Bạch Mai, Quận Hai Bà Trưng, Hà Nội",55 m²,3 phòng,N/A,4,Giấy tờ hợp lệ,20-10-2025
"Bán nhà ngõ rộng 3,5 m - ngõ 55 Lê Quý Đôn- quận Hai Bà Trưng","8,8 tỷ","Đường Lê Quý Đôn, Phường Bạch Đằng, Quận Hai Bà Trưng, Hà Nội",62 m²,N/A,N/A,5.5,Sổ đỏ,19-10-2025
"Nhà ngõ Trại Cá đường Trương Định DT 45m2 x 2t  mt 3,5  giá 13xx tỷ","13,9 tỷ","118, Đường Trương Định, Phường Trương Định, Quận Hai Bà Trưng, Hà Nội",45 m² (3.6x13.0),2 phòng,2 WC,2,Sổ đỏ,23-10-2025
"Bán nhà phố Bạch Mai , ngõ Ba gác thông 15m, 4 tầng giá 2,1 tỷ","2,1 tỷ","Đường Bạch Mai, Phường Bạch Mai, Quận Hai Bà Trưng, Hà Nội",70 m²,2 phòng,2 WC,4,Giấy tờ hợp lệ,23-10-2025
"Bán nhà P/Lô phố Lạc Trung ô tô tránh vỉa hè, Dt 70m2, 4t, mt 4.5m.",27 tỷ,"Đường Lạc Trung, Phường Vĩnh Tuy, Quận Hai Bà Trưng, Hà Nội",70 m² (4.5x15.5),5 phòng,4 WC,N/A,Sổ hồng,23-10-2025
"Chính chủ bán nhà Lò Đúc,  Nguyễn Cao, Lương Yên ngõ Nông và Thông","3,55 tỷ","Đường Lò Đúc, Phường Bạch Đằng, Quận Hai Bà Trưng, Hà Nội",18 m²,2 phòng,2 WC,4,Sổ đỏ,23-10-2025
"Bán nhà Mạc Thị Bưởi ô tô đỗ cửa, dt 38m2, 4t, giá 7.35 tỷ.","7,35 tỷ","Đường Mạc Thị Bưởi, Phường Vĩnh Tuy, Quận Hai Bà Trưng, Hà Nội",38 m² (3.8x10.0),3 phòng,3 WC,4,Sổ hồng,23-10-2025
KIM NGƯU 40M2 HƠN 13 TỶ NỞ HẬU- Ô TÔ TRÁNH 15M - THANG MÁY - SIÊU HIẾM,"13,8 tỷ","Đường Phố Kim Ngưu, Phường Thanh Lương, Quận Hai Bà Trưng, Hà Nội",42 m²,4 phòng,N/A,6,Sổ đỏ,22-10-2025
"Bán nhà đê Tô Hoàng, phố Bạch Mai, phường Bạch Mai, quận Hai Bà Trưng","7,2 tỷ","Đường Đê Tô Hoàng, Phường Bạch Mai, Quận Hai Bà Trưng, Hà Nội",28 m²,N/A,N/A,4.5,Sổ đỏ,22-10-2025
Vị Trí VIP-Võ Thị Sáu-Sát Hồ-View Công Viên-ÔTÔ Tránh-50m x 4Tầng-19Tỷ,19 tỷ,"Đường Võ Thị Sáu, Phường Thanh Nhàn, Quận Hai Bà Trưng, Hà Nội",50 m² (4.0x12.5),4 phòng,4 WC,4,Sổ hồng,22-10-2025
BÁN NHÀ VIEW HỒ HAI BÀ TRƯNG – 74M² – 5 TẦNG THANG MÁY – 27.5 TỶ,"27,5 tỷ","Đường Đồng Nhân, Phường Đồng Nhân, Quận Hai Bà Trưng, Hà Nội",75 m²,4 phòng,2,6,Sổ đỏ,22-10-2025
"Bán nhà Minh Khai đường ô tô tránh 5 tầng thang máy, Dt 52m2, mt 4.6m.","13,8 tỷ","Đường Minh Khai, Phường Vĩnh Tuy, Quận Hai Bà Trưng, Hà Nội",52 m²,3 phòng,4 WC,5,Sổ hồng,22-10-2025
"Bán nhà phố Võ Thị Sáu 50m2, phân lô, có vỉa hè, ô tô tránh. 19 tỷ",19 tỷ,"Đường Võ Thị Sáu, Phường Thanh Nhàn, Quận Hai Bà Trưng, Hà Nội",50 m²,N/A,N/A,5,Sổ đỏ,22-10-2025
"Bán nhà mặt phố Minh Khai vỉa hè mênh mông, DT 55m2, 6t, mt 6m.",39 tỷ,"Đường Minh Khai, Phường Vĩnh Tuy, Quận Hai Bà Trưng, Hà Nội",55 m² (6.0x9.1),5 phòng,5 WC,6,Sổ hồng,24-10-2025
Bán Nhà phố yên lạc - vĩnh tuy - Hai Bà Trưng,28 tỷ,"Phường Vĩnh Tuy, Quận Hai Bà Trưng, Hà Nội",56 m²,3 phòng,5 WC,7,Giấy tờ hợp lệ,16-10-2025
"CHỈ 6,6 TỶ CÓ NHÀ 5 TẦNG XÂY MỚI ĐẸP ĐƯỜNG DƯƠNG VĂN BÉ, HAI BÀ TRƯNG,","6,6 tỷ","Đường Dương Văn Bé, Phường Vĩnh Tuy, Quận Hai Bà Trưng, Hà Nội",31 m² (4.0x8.0),3 phòng,4 WC,5,Sổ đỏ,21-10-2025
BÁN NHÀ HỒNG MAI_BÙI NGỌC DƯƠNG-HAI BÀ TRƯNG- NGÕ Ô TÔ-HAI MẶT NGÕ,"10,5 tỷ","Đường Bùi Ngọc Dương, Phường Bạch Mai, Quận Hai Bà Trưng, Hà Nội",35 m²,4 phòng,4 WC,4,Sổ đỏ,20-10-2025
"Bán nhà phố Kim Ngưu, Hai Bà Trưng 86m, 7 tầng. Giá: 19.8 tỷ","19,8 tỷ","Đường Kim Ngưu, Phường Thanh Nhàn, Quận Hai Bà Trưng, Hà Nội",86 m²,16 phòng,16 WC,7,Sổ đỏ,20-10-2025
"Bán Nhà Mặt Phố KD, Thanh Nhàn, Hai Bà Trưng 80m, mt 4.2m, 9,3 tỷ","9,3 tỷ","Đường Thanh Nhàn, Phường Thanh Nhàn, Quận Hai Bà Trưng, Hà Nội",80 m² (4.2x19.0),2 phòng,2 WC,1,Sổ đỏ,20-10-2025
"Bán nhà phố Minh Khai, Hai Bà Trưng 53m, 7 tầng, mt 4.6m. Giá: 25.5 tỷ","25,5 tỷ","Đường Minh Khai, Phường Minh Khai, Quận Hai Bà Trưng, Hà Nội",53 m²,3 phòng,6 WC,7,Sổ đỏ,20-10-2025
"Bán nhà phố Trần Đại Nghĩa, Hai Bà Trưng 42m, 5 tầng. Giá: 15 tỷ",15 tỷ,"Đường Trần Đại Nghĩa, Phường Bách Khoa, Quận Hai Bà Trưng, Hà Nội",42 m²,3 phòng,4 WC,5,Sổ đỏ,20-10-2025
"Nhà mặt phố Đại Cồ Việt, Hai Bà Trưng 62m, 6t, mt 4.5m. Giá: 26.8 tỷ","26,8 tỷ","Đường Đại Cồ Việt, Phường Lê Đại Hành, Quận Hai Bà Trưng, Hà Nội",62 m²,11 phòng,12 WC,6,Sổ đỏ,20-10-2025
Minh Khai-Đối Diện TimeCity-Ngõ ÔTÔ Thông-DT37m2 x 4Tầng-Giá 7Tỷ350,"7,35 tỷ","Đường Minh Khai, Phường Vĩnh Tuy, Quận Hai Bà Trưng, Hà Nội",37 m² (3.7x10.0),2 phòng,3 WC,4,Sổ đỏ,19-10-2025
"Nhà mặt phố khu vực Đại La 70m2, 6 tầng tm, giá nhỉnh 25 tỷ (có TL)",25 tỷ,"Phường Bạch Đằng, Quận Hai Bà Trưng, Hà Nội",70 m² (4.5x16.0),5 phòng,6 WC,6,Giấy tờ hợp lệ,16-10-2025
MINH KHAI - VÀI CHỤC MÉT Ô TÔ TRÁNH - MỚI - 47m2 - 5 Tầng - Nhỉnh 8 tỷ,"8,5 tỷ","Phường Minh Khai, Quận Hai Bà Trưng, Hà Nội",47 m²,4 phòng,4 WC,5,Giấy tờ hợp lệ,16-10-2025
MINH KHAI - HAI BÀ TRƯNG 65m x 4 tầng x mt 4.3 - GIÁ : 13.9tỷ,"13,9 tỷ","Phường Minh Khai, Quận Hai Bà Trưng, Hà Nội",65 m²,4 phòng,4 WC,4,Giấy tờ hợp lệ,16-10-2025
"Bán Nhà Nguyễn Công Trứ 25M x 4T Giá 6,2 Tỷ. Ngõ thông, 30m ra phố","6,2 tỷ","Phường Phạm Đình Hổ, Quận Hai Bà Trưng, Hà Nội",25 m²,3 phòng,3 WC,4,Giấy tờ hợp lệ,16-10-2025
"Siêu phẩm nha mặt phố Trần Đại Nghĩa bờ sông Sét lô góc, mặt tiền rộng",27 tỷ,"Phường Trương Định, Quận Hai Bà Trưng, Hà Nội",55 m²,3 phòng,4 WC,5,Giấy tờ hợp lệ,16-10-2025
"Lò Đúc Nhà mới tinh, ở Ngay Hai Bai Trưng, 3 PN,30m x 5 Tầng, 7.65 tỷ","7,65 tỷ","Phường Đồng Nhân, Quận Hai Bà Trưng, Hà Nội",30 m² (3.2x9.8),3 phòng,4 WC,5,Giấy tờ hợp lệ,16-10-2025
BÁN TẬP THỂ MINH KHAI-HAI BÀ TRƯNG-50m2-2N1WC,"2,5 tỷ","Phường Minh Khai, Quận Hai Bà Trưng, Hà Nội",50 m² (5.0x10.0),2 phòng,1 WC,5,Giấy tờ hợp lệ,16-10-2025
"Bán nhà ô tô đỗ cửa, phố Tây Kết, Hai Bà Trưng, Hà Nội","10,26 tỷ","Phường Bạch Đằng, Quận Hai Bà Trưng, Hà Nội",44.8 m² (3.1x15.0),3 phòng,3 WC,4,Giấy tờ hợp lệ,16-10-2025
"BÁN NHÀ MẶT PHỐ QUẬN HBT , DT 51M , MT 4.8M",28 tỷ,"Phường Minh Khai, Quận Hai Bà Trưng, Hà Nội",51 m²,3 phòng,4 WC,7,Giấy tờ hợp lệ,16-10-2025
"VIP Bạch Mai! CCMN 7 tầng, 20 phòng full khách, 100tr/th-chỉ hơn 14 tỷ","14,5 tỷ","Phường Bạch Mai, Quận Hai Bà Trưng, Hà Nội",65 m² (5.0x13.0),11 phòng,N/A,7,Giấy tờ hợp lệ,16-10-2025
🌟 HAI BÀ TRƯNG – Ô TÔ TRÁNH – 2 THOÁNG – 60M² – NHÀ ĐẸP – 15 TỶ 6 🌟,"15,6 tỷ","Phường Vĩnh Tuy, Quận Hai Bà Trưng, Hà Nội",60 m²,4 phòng,4 WC,4,Giấy tờ hợp lệ,16-10-2025
"Nhà đẹp ở ngay phố Kim Ngưu ngõ 3 gác tránh xe máy ,sổ đỏ đẹp nở hậu","9,95 tỷ","Phường Thanh Lương, Quận Hai Bà Trưng, Hà Nội",50 m²,3 phòng,3 WC,3,Giấy tờ hợp lệ,16-10-2025
CHÍNH CHỦ CÂN BÁN GẤP - NHÀ ĐẸP HÒA BÌNH - VỊ TRÍ ĐẸP- KHU DÂN TRÍ CAO,"9,5 tỷ","Phường Minh Khai, Quận Hai Bà Trưng, Hà Nội",40 m² (3.3x12.0),4 phòng,N/A,4,Giấy tờ hợp lệ,16-10-2025
"Bán Nhà Đại Cồ Việt 16M x 4T Giá 3,96 Tỷ. Lô góc, 30m ra phố.","3,98 tỷ","Phường Lê Đại Hành, Quận Hai Bà Trưng, Hà Nội",16 m²,3 phòng,2 WC,4,Giấy tờ hợp lệ,16-10-2025
"Bán nhà phố Bạch Mai, Hai Bà Trưng 68m, 6 tầng. Giá: 17.9 tỷ","17,9 tỷ","Đường Bạch Mai, Phường Bạch Mai, Quận Hai Bà Trưng, Hà Nội",68 m²,13 phòng,13 WC,6,Sổ đỏ,20-10-2025
1NHÀ RA PHỐ LÊ THANH NGHỊ-ĐH BÁCH KHOA-ÔTÔ ĐỖ CỬA-56m2-4TẦNG-16TỶ500,"16,5 tỷ","Đường Lê Thanh Nghị, Phường Đồng Tâm, Quận Hai Bà Trưng, Hà Nội",56 m² (3.1x18.0),4 phòng,3 WC,4,Sổ đỏ,19-10-2025
Nhà Đẹp Đại La-Ngõ Nông Rộng-2Thoáng-DT38m2 x 5Tầng-Thang Máy-Hơn 9Tỷ,"9,3 tỷ","Đường Đại La, Phường Đồng Tâm, Quận Hai Bà Trưng, Hà Nội",38 m² (4.0x9.5),3 phòng,4 WC,5,Sổ đỏ,19-10-2025
"Tôi cần bán nhà PL, Phố Lạc Trung, Q HBT, HN, Dt 80 m, 5 T, Mt 6,5,","22,5 tỷ","Đường Lạc Trung, Phường Thanh Lương, Quận Hai Bà Trưng, Hà Nội",85 m²,02,N/A,5,Sổ đỏ,19-10-2025
"Tôi cần bán nhà phố Bạch Mai, Q HBT, HN, DT 23 m x 5T, MT 3,2 m, 5,2ty","5,2 tỷ","Đường Bạch Mai, Phường Cầu Dền, Quận Hai Bà Trưng, Hà Nội",23 m²,N/A,N/A,5,Sổ đỏ,13-07-2025
Siêu Phẩm-Lô Góc 53m2-5Tầng-Thang Máy-Mặt Ngõ Thông-Phố Hồng Mai-16Tỷ8,"16,8 tỷ","Đường Hồng Mai, Phường Bạch Mai, Quận Hai Bà Trưng, Hà Nội",53 m² (5.0x11.0),4 phòng,4 WC,5,Sổ đỏ,19-10-2025
"Bán nhà Lê Thanh Nghị –10m ra mặt phố, thang máy, 42m x5T - hơn 10 tỷ","10,5 tỷ","Phường Bách Khoa, Quận Hai Bà Trưng, Hà Nội",42 m² (5.0x8.0),4 phòng,4 WC,5,Giấy tờ hợp lệ,15-10-2025
BÁN NHÀ NGÕ THÔNG KIM NGƯU - BA GÁC TRÁNH XE MÁY - LÔ GÓC - 36m2 - 5T,"7,35 tỷ","Phường Thanh Lương, Quận Hai Bà Trưng, Hà Nội",36 m²,4 phòng,4 WC,5,Giấy tờ hợp lệ,15-10-2025
"Bán Nhà Trương Định 25M x 5T Chỉ 5,85 Tỷ.Lô góc 2 thoáng full nội thất","5,85 tỷ","Phường Trương Định, Quận Hai Bà Trưng, Hà Nội",25 m²,3 phòng,3 WC,5,Giấy tờ hợp lệ,15-10-2025
"chính chủ bán nhà mặt phố Kim Ngưu, phường Vĩnh Tuy, TP Hà Nội (40 tỷ)",40 tỷ,"Đường Kim Ngưu, Phường Vĩnh Tuy, Quận Hai Bà Trưng, Hà Nội",81 m² (4.0x22.0),N/A,N/A,3,Sổ đỏ,21-10-2025
CHINH CHỦ CẦN BÁN CCMN FULL ĐỒ - 7 PHÒNG KHÉP KÍN ĐANG CHO THUÊ,"8,2 tỷ","Phường Thanh Lương, Quận Hai Bà Trưng, Hà Nội",43 m²,7 phòng,7 WC,5,Giấy tờ hợp lệ,15-10-2025
"Bán nhà phố Vĩnh Tuy xây mới thang máy, Dt 63m2, 5t, mt 4.6m, 9.9 tỷ.","9,9 tỷ","Đường Vĩnh Tuy, Phường Vĩnh Tuy, Quận Hai Bà Trưng, Hà Nội",63 m² (4.6x13.6),6 phòng,6 WC,5,Sổ hồng,18-10-2025
"Nhà Đẹp Ô TÔ ĐỖ CỬA Hồng Mai, Hai Bà Trưng 70m, giá 3.85 tỷ.","3,85 tỷ","Đường Bạch Mai, Phường Bạch Mai, Quận Hai Bà Trưng, Hà Nội",70 m² (5.0x14.0),2 phòng,2 WC,1,Sổ đỏ,18-10-2025
Kim Ngưu-Hai Bà Trưng-Nhà Đẹp-3Thoáng-30m2 x 5Tầng-Full Nội Thất-7Tỷ25,"7,25 tỷ","Đường Phố Kim Ngưu, Phường Thanh Lương, Quận Hai Bà Trưng, Hà Nội",30 m² (5.0x6.0),3 phòng,3 WC,5,Sổ hồng,18-10-2025
Nhà HBT ngõ thông nhà xây chắc chắn 6 phòng ngủ có thể ở hoặc cho thue,"8,6 tỷ","Đường Đại La, Phường Bạch Mai, Quận Hai Bà Trưng, Hà Nội",53 m²,6 phòng,5 WC,4,Sổ đỏ,18-10-2025
"Nhà Đẹp Ô Tô, Thọ Lão, Hai Bà Trưng 25/27m, 4 tầng, mt 4m, giá 7.6 tỷ.","7,6 tỷ","Đường Thọ Lão, Phường Đồng Nhân, Quận Hai Bà Trưng, Hà Nội",25 m² (4.0x6.3),3 phòng,3 WC,4,Sổ đỏ,18-10-2025
"HÀNG HIẾM PHỐ DƯƠNG VĂN BÉ , DT 30M ĐI BỘ 20M RA MẶT PHỐ","6,3 tỷ","Phường Vĩnh Tuy, Quận Hai Bà Trưng, Hà Nội",30 m²,3 phòng,2 WC,4,Giấy tờ hợp lệ,14-10-2025
💥 Tìm đâu ra căn nhà pháp lý chuẩn – gần phố mà chỉ hơn 2 tỷ!,"2,65 tỷ","Phường Bạch Mai, Quận Hai Bà Trưng, Hà Nội",14 m²,2 phòng,3 WC,3,Hợp đồng mua bán,14-10-2025
"BÁN NHÀ LÒ ĐÚC , 10M RA MẶT PHỐ , DT 22,3M MT 4M GIÁ 5,1 TỶ","5,1 tỷ","Phường Đống Mác, Quận Hai Bà Trưng, Hà Nội",22.3 m²,4 phòng,2 WC,4,Giấy tờ hợp lệ,14-10-2025
📣 CƠ HỘI ĐẦU TƯ  MẢNH ĐẤT VÀNG XÓT LẠI KHU ĐẠI LA-HAI BÀ TRƯNG,"5,5 tỷ","Phường Trương Định, Quận Hai Bà Trưng, Hà Nội",29.6 m²,1 phòng,2 WC,2,Giấy tờ hợp lệ,14-10-2025
"TRẦN KHÁT CHÂN , GẦN HỒ THANH NHÀN VÀ CV TUỔI TRẺ , BAGAC ĐỖ CỬA DT30M","8,8 tỷ","Phường Bạch Mai, Quận Hai Bà Trưng, Hà Nội",30 m²,3 phòng,4 WC,5,Giấy tờ hợp lệ,14-10-2025
"BÁN NHÀ PHỐ HỒNG MAI HAI BÀ TRƯNG– 5T 25/30m – GIÁ CHỈ 6,9 TỶ 20M RA P","6,9 tỷ","Phường Bạch Mai, Quận Hai Bà Trưng, Hà Nội",25 m²,3 phòng,3 WC,5,Giấy tờ hợp lệ,14-10-2025
NHÀ PHỐ BẠCH MAI - TT QUẬN 2 BÀ - NGÕ THÔNG TỨ PHÍA,"4,5 tỷ","Phường Bạch Mai, Quận Hai Bà Trưng, Hà Nội",18 m² (3.0x6.0),3 phòng,3 WC,5,Giấy tờ hợp lệ,14-10-2025
TOÀ NHÀ VP HẠNG A LẠC TRUNG – 70M² x 8 TẦNG THANG MÁY – PHÂN LÔ VỈA HÈ,"29,8 tỷ","Phường Thanh Lương, Quận Hai Bà Trưng, Hà Nội",70 m² (5.4x12.9),6 phòng,N/A,8,Giấy tờ hợp lệ,14-10-2025
📍 Giếng Mứt – Bạch Mai 💰 4 tỷ 650,"4,65 tỷ","Phường Bạch Mai, Quận Hai Bà Trưng, Hà Nội",21 m²,2 phòng,3 WC,5,Giấy tờ hợp lệ,14-10-2025
CHUNG CƯ MINI - DÒNG TIỀN - PHÒNG KHÉP KÍ,"13,8 tỷ","Phường Minh Khai, Quận Hai Bà Trưng, Hà Nội",65 m²,10 phòng,7 WC,7,Giấy tờ hợp lệ,14-10-2025
KIM NGƯU -  NHÀ ĐẸP Ở SƯỚNG - MẶT TIỀN RỘNG - CHỈ 9.5 TỶ,"9,5 tỷ","Phường Thanh Lương, Quận Hai Bà Trưng, Hà Nội",42 m² (4.3x11.0),3 phòng,3 WC,4,Giấy tờ hợp lệ,14-10-2025
"BÁN NHÀ 3 TẦNG MỚI TINH KV NGÕ TÔ HOÀNG, BẠCH MAI",12 tỷ,"Phường Cầu Dền, Quận Hai Bà Trưng, Hà Nội",76.9 m²,4 phòng,2 WC,3,Giấy tờ hợp lệ,14-10-2025
Trần Đại Nghĩa- Đại La. 38m 5 tầng Tm gần phố 9 tỷ,9 tỷ,"Phường Đồng Tâm, Quận Hai Bà Trưng, Hà Nội",38 m²,5 phòng,5 WC,5,Giấy tờ hợp lệ,14-10-2025
CỰC HIẾM - Q.HAI BÀ TRƯNG - NGÕ THÔNG - NHÀ DÂN XÂY.,"6,75 tỷ","Phường Minh Khai, Quận Hai Bà Trưng, Hà Nội",36 m² (4.0x9.0),4 phòng,4 WC,5,Giấy tờ hợp lệ,14-10-2025
"Nhà đẹp ở ngay phố Minh Khai - tặng full nội thất ,giá hợp lý sổ đỏ CC","9,5 tỷ","Phường Minh Khai, Quận Hai Bà Trưng, Hà Nội",40 m²,4 phòng,3 WC,4,Giấy tờ hợp lệ,14-10-2025
"Nhà mặt ngõ 3 gác đua phố Minh Khai , mặt tiền rộng sổ đỏ chính chủ","6,9 tỷ","Phường Minh Khai, Quận Hai Bà Trưng, Hà Nội",38 m²,3 phòng,3 WC,4,Giấy tờ hợp lệ,14-10-2025
HÀNG XÓM TIME CITY- MINH KHAI - Q.HAI BÀ TRƯNG - GẦN Ô TÔ,"7,6 tỷ","Phường Minh Khai, Quận Hai Bà Trưng, Hà Nội",33 m² (4.0x9.0),4 phòng,5 WC,6,Giấy tờ hợp lệ,14-10-2025
"lô góc 90,2m2 Nguyễn Đình Chiểu ngang 5 dài 18 view Hồ, có nhà 5T 24Ty",24 tỷ,"37 ngõ 30, Đường Nguyễn Đình Chiểu, Phường Lê Đại Hành, Quận Hai Bà Trưng, Hà Nội",90 m² (5.0x18.0),9 phòng,8 WC,5,Sổ đỏ,18-10-2025
"Nhà Đẹp Ô TÔ ĐỖ CỬA, Thang Máy, Trần Khát Chân, 54m, 6 tầng, 18.5 tỷ","18,5 tỷ","Đường Trần Khát Chân, Phường Đống Mác, Quận Hai Bà Trưng, Hà Nội",54 m² (3.7x14.6),6 phòng,5 WC,6,Sổ đỏ,17-10-2025
"Nhà Đẹp Gần Đường Ô Tô, Bùi Ngọc Dương 35m,  tầng 1, giá 2,68 tỷ.","2,68 tỷ","Đường Bùi Ngọc Dương, Phường Bạch Mai, Quận Hai Bà Trưng, Hà Nội",35 m² (3.5x10.0),1 phòng,1 WC,1,Sổ đỏ,17-10-2025
"Bán nhà mặt phố Lê Ngọc Hân, dt: 80 m x 7 tg ,mt:4 m , giá:55 tỷ","56,5 tỷ","Đường Lê Ngọc Hân, Phường Phố Huế, Quận Hai Bà Trưng, Hà Nội",80 m² (4.0x20.0),5 phòng,5 WC,7,Sổ đỏ,17-10-2025
"Nhà Đẹp Ô Tô, Thọ Lão, Hai Bà Trưng 25/27m, 4 tầng, mt 4m, giá 7.6 tỷ.","7,6 tỷ","Đường Thọ Lão, Phường Đồng Nhân, Quận Hai Bà Trưng, Hà Nội",25 m² (4.0x6.3),3 phòng,3 WC,4,Sổ đỏ,17-10-2025
"BÁ.N NHÀ GIÁP DANH PHỐ ĐẠI LA_HAI BÀ TRƯNG. LÔ GÓC, NỘI THẤT XỊN SÒ","6,9 tỷ","Phường Trương Định, Quận Hai Bà Trưng, Hà Nội",26.2 m²,3 phòng,3 WC,4,Giấy tờ hợp lệ,13-10-2025
"Bán Nhà Mai Hắc Đế 19M x 2 Tầng, Giá 3,1 Tỷ. 20m ra phố, dân xây","3,1 tỷ","Phường Bùi Thị Xuân, Quận Hai Bà Trưng, Hà Nội",19 m²,1 phòng,1 WC,2,Giấy tờ hợp lệ,13-10-2025
"NHÀ MẶT PHỐ TÂN MAI - HOÀNG MAI: 43M² 6 TẦNG - LÔ GÓC, MT 8.5M KD ĐỈNH",27 tỷ,"Phường Trương Định, Quận Hai Bà Trưng, Hà Nội",42 m²,3 phòng,N/A,6,Giấy tờ hợp lệ,13-10-2025
Tòa CCMN 6 tầng thang máy 13 phòng full kín Dòng tiền 70tr/tháng,17 tỷ,"Phường Minh Khai, Quận Hai Bà Trưng, Hà Nội",65 m²,11 phòng,7 WC,6,Giấy tờ hợp lệ,13-10-2025
CHÍNH CHỦ NHỜ BÁN - Q.HAI BÀ TRƯNG -  KHÔNG MỘT LỖI NHỎ -NHÀ DÂN XÂY,"5,99 tỷ","Phường Bạch Mai, Quận Hai Bà Trưng, Hà Nội",35 m² (4.0x9.0),3 phòng,3 WC,4,Giấy tờ hợp lệ,13-10-2025
ĐẲNG CẤP LUXURY - TÒA NHÀ 8 TẦNG PHÂN LÔ Q HAI BÀ - TẶNG NỘI THẤT 5 TỶ,"29,8 tỷ","Phường Vĩnh Tuy, Quận Hai Bà Trưng, Hà Nội",70 m² (5.4x16.0),9 phòng,6 WC,8,Giấy tờ hợp lệ,13-10-2025
"CHÍNH CHỦ CẦN BÁN KHÁCH SẠN SỐ 5+7 CỬA ĐÔNG, QUẬN HOÀN KIẾM",295 tỷ,"Đường Cửa Đông, Phường Cửa Đông, Quận Hoàn Kiếm, Hà Nội",158 m²,N/A,N/A,10,Sổ đỏ,03-11-2025
Bán nhà Kinh Doanh phân vỉa hè lô ô tô phố Lò Đúc 47m 2 tầng 6mt giá,"5,8 tỷ","Phường Lê Đại Hành, Quận Hai Bà Trưng, Hà Nội",47 m² (6.0x8.0),2 phòng,3 WC,2,Giấy tờ hợp lệ,13-10-2025
🔥SIÊU HỜI-BÁN NHÀ MẶT PHỐ LÊ DUẨN–VỊ TRÍ KINH DOANH ĐỈNH–61M-20 TỶ🔥,20 tỷ,"Đường Lê Duẩn, Phường Cửa Nam, Quận Hoàn Kiếm, Hà Nội",61 m²,N/A,N/A,2,Sổ đỏ,25-11-2025
Bán nhà phố cổ Hoàn Kiếm - Đường Lý Nam Đế -106m - 5 tầng -oto - 50 tỷ,50 tỷ,"Đường Lý Nam Đế, Phường Cửa Nam, Quận Hoàn Kiếm, Hà Nội",106 m² (4.3x26.0),7 phòng,5 WC,5,Sổ đỏ,24-11-2025
"Bán nhà mặt phố Ngõ Gạch, Hoàn Kiếm, mặt bằng 31.3m2, nở hậu",37 tỷ,"Đường Ngõ Gạch, Phường Hàng Buồm, Quận Hoàn Kiếm, Hà Nội",31.3 m²,N/A,N/A,3,Sổ đỏ,21-11-2025
"Bán nhà số 6, ngõ 71 Hai Bà Trưng, P.Cửa Nam, DT 28 m2 x 4 tầng,","7,55 tỷ","Đường Hai Bà Trưng, Phường Cửa Nam, Quận Hoàn Kiếm, Hà Nội",28 m²,N/A,N/A,4,Sổ hồng,26-11-2025
"Bán hoặc cho thuê nhà số 44 Thợ Nhuộm, nhà trong ngõ, tầng 2 và tầng 3",Thỏa thuận,"Phường Trần Hưng Đạo, Quận Hoàn Kiếm, Hà Nội",30 m²,N/A,N/A,N/A,Giấy tờ khác,12-11-2025
"Bán nhà mặt phố thuốc Bắc , hoàn kiếm Hà Nội",Thỏa thuận,"Đường Thuốc Bắc, Phường Hàng Bạc, Quận Hoàn Kiếm, Hà Nội",46 m²,N/A,N/A,4,Sổ đỏ,25-11-2025
Chính chủ bán gấp (LỖ GẦN 100 CÂY VÀNG) nhà mặt phố 17 Lương Văn Can,78 tỷ,"Phường Hàng Đào, Quận Hoàn Kiếm, Hà Nội",60 m²,N/A,N/A,N/A,Giấy tờ hợp lệ,24-11-2025
"Bán nhà quận Hoàn Kiếm, phường Cửa Nam, thành phố Hà Nội.",Thỏa thuận,"Phường Cửa Nam, Quận Hoàn Kiếm, Hà Nội",416 m²,N/A,N/A,2,Sổ đỏ,24-11-2025
"Bán nhà mặt phố Hàng Cót, phường Hàng Mã, quận Hoàn Kiếm, Hà Nội.",50 tỷ,"Đường Hàng Cót, Phường Hàng Mã, Quận Hoàn Kiếm, Hà Nội",49 m²,N/A,N/A,5,Sổ đỏ,23-11-2025
"Bán nhà trong ngõ 823 đường Hồng Hà, Hoàn Kiếm, DT 13 m2, 6 tầng","2,45 tỷ","Phường Chương Dương, Quận Hoàn Kiếm, Hà Nội",13 m²,N/A,N/A,6,Giấy tờ hợp lệ,22-11-2025
"Mặt phố Hàng Mã, 45m2, 4 tầng, mặt tiền đẹp, KD sầm uất, vị trí hiếm",42 tỷ,"Đường Hàng Mã, Phường Hàng Mã, Quận Hoàn Kiếm, Hà Nội",45 m²,N/A,N/A,4,Sổ đỏ,26-11-2025
"Bán nhà riêng tại Cầu Đất, Chương Dương, Hoàn Kiếm, Hà Nội","5,5 tỷ","Phường Chương Dương, Quận Hoàn Kiếm, Hà Nội",61 m² (3.5x20.0),N/A,N/A,4,Sổ đỏ,26-11-2025
"Bán nhà ngõ 34 Lý Nam Đế Hoàn Kiếm. Diện tích 55m, 3 tầng, ngõ 3m.",Thỏa thuận,"3D, 3D, Phường Cửa Đông, Quận Hoàn Kiếm, Hà Nội",55 m² (3.2x15.0),N/A,N/A,3,Sổ đỏ,26-11-2025
"[ Chính chủ ] tôi bán nhà Mp Hàng Nón, Q Hoàn Kiếm, dt 52 m, 3T, Mt5m",45 tỷ,"Phường Hàng Gai, Quận Hoàn Kiếm, Hà Nội",52 m²,N/A,02,3,Sổ đỏ,25-11-2025
"Tôi cần bán nhà Mp phố Liên Trì, Q Hoàn Kiếm, Dt 100 m, 9 tầng 54 Tỷ",Thỏa thuận,"Đường Liên Trì, Phường Trần Hưng Đạo, Quận Hoàn Kiếm, Hà Nội",100 m²,N/A,N/A,9,Sổ đỏ,25-11-2025
"Mặt phố cổ Hàng Tre giá 21.9 tỷ, 22mx7 tầng, thang máy","21,9 tỷ","Phường Hàng Trống, Quận Hoàn Kiếm, Hà Nội",22 m²,N/A,N/A,7,Sổ đỏ,25-11-2025
"Bán nhà mặt phố Lý Thường Kiệt, 221m2, mặt tiền siêu đẹp 11.6m, 109 tỷ",109 tỷ,"Đường Lý Thường Kiệt, Phường Hàng Bài, Quận Hoàn Kiếm, Hà Nội",221 m²,3 phòng,3 WC,3,Sổ đỏ,16-11-2025
"Bán nhà mặt phố Tràng Thi VIP, lô góc 219m2, mặt tiền 19.8m, 215 tỷ",215 tỷ,"Đường Tràng Thi, Phường Hàng Bông, Quận Hoàn Kiếm, Hà Nội",219 m²,8 phòng,8 WC,3,Sổ đỏ,17-11-2025
"Bán căn hộ phố Lê Thánh tông, dt:50 m, giá 3,5 tỷ","3,5 tỷ","Đường Lê Thánh Tông, Phường Tràng Tiền, Quận Hoàn Kiếm, Hà Nội",45 m² (4.0x12.0),2 phòng,2 WC,N/A,Sổ đỏ,23-11-2025
Mặt Phố Phúc Tân – Hoàn Kiếm – 81 M2 – 4 T – MT 3.8M – Giá 23.8 Tỷ.,"23,8 tỷ","Đường Phúc Tân, Phường Phúc Tân, Quận Hoàn Kiếm, Hà Nội",81 m² (3.8x21.5),5 phòng,4 WC,4,Sổ đỏ,23-11-2025
Phố Phúc Tân – Hoàn Kiếm- Ô Tô – 61 M2 – 3 T – MT 3.5 M – Giá 12.4 Tỷ.,"12,4 tỷ","Đường Phúc Tân, Phường Phúc Tân, Quận Hoàn Kiếm, Hà Nội",61 m² (3.5x17.0),2 phòng,3 WC,3,Sổ đỏ,23-11-2025
"Bán nhà mặt phố hang bồ , HK, dt 60 m x6 tg, mt: 5, giá 48 ty",48 tỷ,"Đường Hàng Bồ, Phường Hàng Bồ, Quận Hoàn Kiếm, Hà Nội",60 m²,5 phòng,8 WC,6,Sổ đỏ,23-11-2025
NHÀ PHỐ HÀNG BÔNG NHUỘM - CHÍNH CHỦ TÊN SỔ BÁN!,"3,95 tỷ","Đường Thợ Nhuộm, Phường Cửa Nam, Quận Hoàn Kiếm, Hà Nội",20 m² (3.0x6.8),2 phòng,1 WC,2,Sổ đỏ,21-11-2025
"Bán nhà ngõ phố tràng tiền ,Hai Bà Trưng, dt:60,4 tg, giá 14 tỷ",14 tỷ,"Đường Hai Bà Trưng, Phường Hàng Bài, Quận Hoàn Kiếm, Hà Nội",60 m² (4.0x15.0),4 phòng,4 WC,4,Sổ đỏ,21-11-2025
"Bán nhà phố Đường Thành, Hoàn Kiếm - Dtsd 50m2 - Mt 6m - Sổ đỏ","13,5 tỷ","Đường Phố Đường Thành, Phường Cửa Đông, Quận Hoàn Kiếm, Hà Nội",50 m²,N/A,N/A,N/A,Sổ đỏ,21-11-2025
🌹HOMESTAY -PHỐ MÃ MÂY – 55m² LÕI PHỐ CỔ – 21 TỶ 🌹,21 tỷ,"Phường Hàng Buồm, Quận Hoàn Kiếm, Hà Nội",55 m²,8 phòng,N/A,N/A,Giấy tờ hợp lệ,20-11-2025
Chính chủ bán nhà mặt phố Hàng Điếu,15 tỷ,"Đường Hàng Điếu, Phường Cửa Đông, Quận Hoàn Kiếm, Hà Nội",25 m²,N/A,N/A,2,Sổ đỏ,18-11-2025
"50m² PHÚC TÂN HỒNG HÀ_5 tầng 1 tum, NGÕ THÔNG, thoáng sáng",9 tỷ,"Đường Phúc Tân, Phường Phúc Tân, Quận Hoàn Kiếm, Hà Nội",47 m²,5 phòng,4 WC,5,Sổ đỏ,19-11-2025
"Bán nhà KS phố  Nguyễn Quang Bích , dt:67mx 8 tg, mt :4 m, giá 51,5 t","51,5 tỷ","Phường Hàng Mã, Quận Hoàn Kiếm, Hà Nội",67 m² (4.0x18.0),5 phòng,8 WC,8,Sổ đỏ,18-11-2025
"[Chính chủ] tôi bán nhà Mp Hàng Nón, Q Hoàn Kiếm, dt 52 m x 3 T,mt4,8",45 tỷ,"Phường Cửa Nam, Quận Hoàn Kiếm, Hà Nội",52 m²,N/A,02,3,Sổ đỏ,17-11-2025
"Nhà phố Hai Bà Trưng, gần Cửa Nam– DOANH THU 50–60TR/TH, 4 tầng","9,8 tỷ","Phường Cửa Nam, Quận Hoàn Kiếm, Hà Nội",25 m²,3 phòng,N/A,4,Giấy tờ hợp lệ,17-11-2025
"Bán nhà mặt phố Nhà Chung , 89 m2 xây 4 tầng",53 tỷ,"O, Đường Lý Quốc Sư, Phường Hàng Bông, Quận Hoàn Kiếm, Hà Nội",89 m²,6 phòng,4 WC,5,Sổ đỏ,14-11-2025
"Bán nhà lô góc 4 tầng mặt phố Hàng Buồm, quận Hoàn Kiếm 👉🏻Diện tích","21,5 tỷ","Phường Đồng Xuân, Quận Hoàn Kiếm, Hà Nội",70 m²,2 phòng,1 WC,4,Sổ hồng,14-11-2025
Bán tổng thể nhà mặt phố Cầu gỗ số nhà 96,"123,05 triệu","96, Đường Cầu Gỗ, Phường Hàng Bạc, Quận Hoàn Kiếm, Hà Nội",150 m²,2 phòng,1 WC,3,Sổ đỏ,14-11-2025
"LinhHK – Bán nhà duy nhất phố Hàng Dầu 300m², mt10m – hàng hiếm phố cổ",Thỏa thuận,"Phường Lý Thái Tổ, Quận Hoàn Kiếm, Hà Nội",300 m²,N/A,N/A,N/A,Sổ đỏ,14-11-2025
Bán nhà trong ngõ hàng thiếc 2 tỷ,2 tỷ,"Đường Hàng Thiếc, Phường Hàng Bồ, Quận Hoàn Kiếm, Hà Nội",20 m²,2 phòng,2 WC,N/A,Giấy tờ hợp lệ,14-11-2025
"bán nhà mặt phố hàng Hành 31 m2 mặt tiền 5,3 m 3,5 tầng",19 tỷ,"O, Đường Hàng Bông, Phường Hàng Bông, Quận Hoàn Kiếm, Hà Nội",31 m²,4 phòng,3 WC,4,Sổ đỏ,14-11-2025
Bán nhà mặt phố số 23 Hàng bè . 142 m2,"123,45 triệu","23, Đường Hàng Bè, Phường Hàng Bạc, Quận Hoàn Kiếm, Hà Nội",142 m²,N/A,N/A,3,Sổ đỏ,14-11-2025
Chính chủ bán nhà mặt phố đường thành 44 m2 4 tầng,28 tỷ,"Đường Dã Tượng, Phường Phan Chu Trinh, Quận Hoàn Kiếm, Hà Nội",45 m² (6.0x9.0),3 phòng,2 WC,5,Sổ đỏ,14-11-2025
"Chính chủ bán nhà mặt phố nam Ngư 60 m 3,5 Tầng",25 tỷ,"Đường Nam Ngư, Phường Cửa Nam, Quận Hoàn Kiếm, Hà Nội",60 m²,3 phòng,2 WC,3,Sổ đỏ,14-11-2025
"Bán nhà trong ngõ 36 Phan Đình Phùng 11,5 tỷ","11,5 tỷ","36 , Đường Phan Đình Phùng, Phường Cửa Đông, Quận Hoàn Kiếm, Hà Nội",45 m²,4 phòng,2 WC,7,Sổ đỏ,14-11-2025
Bán nhà mặt phố Cổng Đục .Hàng Mã,"16,5 tỷ","Đường Cổng Đục, Phường Hàng Bồ, Quận Hoàn Kiếm, Hà Nội",65 m²,2 phòng,2 WC,4,Sổ đỏ,14-11-2025
Chính chủ bán nhà mặt phố Nguyễn khắc cần,280 tỷ,"Đường Nguyễn Khắc Cần, Phường Phan Chu Trinh, Quận Hoàn Kiếm, Hà Nội",500 m² (30.0x9.0),3 phòng,2 WC,5,Sổ đỏ,14-11-2025
Gia đình tôi cần bán nhà mặt phố Bát đàn Hoàn Kiếm Hà Nội. - DT 100,46 tỷ,"Đường Bát Sứ, Phường Cửa Đông, Quận Hoàn Kiếm, Hà Nội",100 m² (5.0x12.0),3 phòng,2 WC,5,Sổ hồng,14-11-2025
Bán nhà mặt phố hàng bè 65 m 4 tầng kinh doanh tốt,36 tỷ,"Đường Hàng Vải, Phường Hàng Mã, Quận Hoàn Kiếm, Hà Nội",65 m²,5 phòng,5 WC,4,Sổ đỏ,14-11-2025
Bán nhà mặt phố lý quốc sư 240 m  mặt tiền 9 m 4 tầng,"126,5 tỷ","39 , Đường Ngõ Huyện, Phường Hàng Bông, Quận Hoàn Kiếm, Hà Nội",240 m²,7 phòng,4 WC,4,Sổ đỏ,14-11-2025
"LinhHK – Bán đất tặng nhà duy nhất phố Hàng Dầu 300m², mặt tiền 10m",Thỏa thuận,"Đường Hàng Dầu, Phường Lý Thái Tổ, Quận Hoàn Kiếm, Hà Nội",300 m² (10.0x30.0),N/A,N/A,N/A,Sổ đỏ,13-11-2025
Nhà ngõ 12 phố lý nam đế.60 m2 xây 5 tầng,11 tỷ,"Đường Lý Nam Đế, Phường Cửa Đông, Quận Hoàn Kiếm, Hà Nội",60 m² (5.0x12.0),5 phòng,3 WC,5,Sổ đỏ,06-11-2025
"Bán nhà mặt phố 104 hàng bạc 40 m 3 tầng 17,5 tỷ","17,5 tỷ","104 , Đường Hàng Bạc, Phường Hàng Bạc, Quận Hoàn Kiếm, Hà Nội",40 m²,4 phòng,3 WC,3,Sổ đỏ,01-11-2025
BÁN NHÀ mặt phố Hàng Cót 56 m2. 4 tầng. Đang cần tiền,26 tỷ,"Đường Hàng Cót, Phường Cửa Nam, Quận Hoàn Kiếm, Hà Nội",56 m² (4.0x10.0),5 phòng,3 WC,5,Sổ đỏ,01-11-2025
Bán nhà mặt phố Quang Trung gần Lý Thường Kiệt,"17,5 tỷ","Đường Quang Trung, Phường Tràng Tiền, Quận Hoàn Kiếm, Hà Nội",20 m² (3.3x6.0),4 phòng,4 WC,5,Sổ đỏ,11-11-2025
Chính chủ bán nhà 90m2 cực đẹp mặt phố cổ Hoàn Kiếm,Thỏa thuận,"Phường Đồng Xuân, Quận Hoàn Kiếm, Hà Nội",50 m²,N/A,N/A,4,Sổ đỏ,23-11-2025
"Bán nhà đẹp mặt phố Hàng Thùng, DT 60 m2, mặt tiền rộng, vị trí đẹp!",75 tỷ,"Đường Hàng Thùng, Phường Hàng Bạc, Quận Hoàn Kiếm, Hà Nội",60 m² (4.5x13.3),4 phòng,3 WC,4,Sổ hồng,15-11-2025
Phân lô Lý Nam Đế 60m2*3T cũ giá 19 tỷ.,19 tỷ,"66, Đường Lý Nam Đế, Phường Cửa Nam, Quận Hoàn Kiếm, Hà Nội",55 m²,2 phòng,2 WC,3,Sổ đỏ,14-11-2025
"Bán nhà  phố hai bà trưng, hk, dt : 25 m x 5 tg, giá : 4,8 ty","4,8 tỷ","Đường Hai Bà Trưng, Phường Tràng Tiền, Quận Hoàn Kiếm, Hà Nội",25 m² (3.5x5.5),4 phòng,4 WC,5,Sổ đỏ,14-11-2025
"SIÊU PHẨM PHỐ HÀNG BÔNG – VIEW HIẾM- Chỉ 22 tỷ, nhà 5 tầng, MT 6,2m,",22 tỷ,"Phường Hàng Bông, Quận Hoàn Kiếm, Hà Nội",45 m²,4 phòng,N/A,5,Giấy tờ hợp lệ,09-11-2025
Cần bán gấp nhà mặt phố Hàng Gai .phường Hàng Gai .,90 tỷ,"Đường Hàng Gai, Phường Hàng Gai, Quận Hoàn Kiếm, Hà Nội",126 m²,2 phòng,2 WC,4,Sổ hồng,14-11-2025
"Bán nhà phố Hàm Long, phường Cửa Nam, quận Hoàn Kiếm","193,6 tỷ","Đường Hàm Long, Phường Cửa Nam, Quận Hoàn Kiếm, Hà Nội",176 m²,N/A,N/A,8,Sổ đỏ,24-10-2025
Nhà mặt phố hàng điếu 78 m2 xây 6 Kinh doanh cực kỳ đắc địa,39 tỷ,"Đường Hàng Điếu, Phường Hàng Bồ, Quận Hoàn Kiếm, Hà Nội",78 m²,4 phòng,3 WC,5,Sổ đỏ,18-07-2025
"Nhà Hàng Đậu -22m -5 tầng -5,8 tỷ","5,8 tỷ","Phường Đồng Xuân, Quận Hoàn Kiếm, Hà Nội",22 m² (3.2x7.0),3 phòng,3 WC,5,Giấy tờ hợp lệ,06-11-2025
"Bán nhà mặt phố Yên Thái, Hoàn Kiếm, mặt bằng 26m2, SD 128m2, 4 tầng","21,5 tỷ","Đường Yên Thái, Phường Hàng Gai, Quận Hoàn Kiếm, Hà Nội",26 m²,N/A,N/A,N/A,Sổ đỏ,06-11-2025
Bán nhà Bạch Đằng ngõ to cách Bờ Hồ 600m,"9,5 tỷ","9A, Đường Ngõ 23 Bạch Đằng, Phường Chương Dương, Quận Hoàn Kiếm, Hà Nội",31 m² (3.2x10.0),5 phòng,4 WC,5,Sổ đỏ,05-11-2025
MẶT ĐƯỜNG HÀNG MÃ - TRUNG TÂM HOÀN KIẾM - MẶT PHỐ - NỞ HẬU- KINH DOANH,58 tỷ,"Phường Hàng Mã, Quận Hoàn Kiếm, Hà Nội",55 m² (4.0x16.0),6 phòng,6 WC,5,Giấy tờ hợp lệ,06-11-2025
"Tôi cần bán nhà mặt phố Hàm Tử Quan, nhà 3tầng mặt phố kinh doanh","22,98 tỷ","Phường Phúc Tân, Quận Hoàn Kiếm, Hà Nội",69 m²,3 phòng,3 WC,3,Giấy tờ hợp lệ,06-11-2025
"Chính chủ cần bán hoặc cho thuê nhà mặt ngõ 76 Bà Triệu, Hoàn Kiếm",8 tỷ,"ngõ 76, Đường Bà Triệu, Phường Hàng Bài, Quận Hoàn Kiếm, Hà Nội",15 m²,N/A,N/A,4,Sổ đỏ,12-11-2025
"Bán nhà số 6 Hà Trung - Diện tích 61m2, mặt tiền hơn 4m",Thỏa thuận,"Đường Hà Trung, Phường Hàng Bông, Quận Hoàn Kiếm, Hà Nội",61 m²,N/A,N/A,N/A,Sổ đỏ,09-11-2025
"🌿 6 TỶ – NHÀ PHỐ QUÁN SỨ – PHỐ CỔ SỔ RIÊNG BIỆT
💎 20m ra mặt phố",6 tỷ,"Phường Trần Hưng Đạo, Quận Hoàn Kiếm, Hà Nội",20 m²,3 phòng,N/A,3,Giấy tờ hợp lệ,05-11-2025
"Bán nhà 38m2, 5 tầng thang máy tại phố Bạch Đằng, Hoàn Kiếm","15,8 tỷ","Đường Bạch Đằng, Phường Chương Dương, Quận Hoàn Kiếm, Hà Nội",38 m²,6 phòng,4 WC,5,Sổ đỏ,10-11-2025
Cần bán nhà 6 tầng ngõ lý Nam Đế DT60m2 MT4.5 bán 25ty.,25 tỷ,"Đường Lý Nam Đế, Phường Cửa Đông, Quận Hoàn Kiếm, Hà Nội",60 m² (4.5x15.0),10 phòng,10 WC,5,Sổ đỏ,08-11-2025
"Bán nhà mặt phố Ấu  triệu, HK, dt:45mx9 tg, mt:4m, giá: 43 ty",43 tỷ,"Đường Ấu Triệu, Phường Hàng Trống, Quận Hoàn Kiếm, Hà Nội",45 m² (4.0x12.0),N/A,N/A,9,Sổ đỏ,08-11-2025
"Cực Phẩm, Bán Khách sạn Hồ Gươm, Hồ Hoàn kiếm: 500m2, Mặt tiền 13m, 10","1,000 tỷ","Đường Đinh Tiên Hoàng, Phường Lý Thái Tổ, Quận Hoàn Kiếm, Hà Nội",500 m² (13.0x30.0),N/A,N/A,10,Sổ đỏ,07-11-2025
"Bán nhà mặt phố Lãn Ông, Hk,dt: 90 m x 2 tg, mt:5m, giá:53 ty",53 tỷ,"Đường Lãn Ông, Phường Hàng Bạc, Quận Hoàn Kiếm, Hà Nội",90 m² (5.0x18.0),3 phòng,3 WC,2,Sổ đỏ,01-11-2025
Bán nhà mặt phố hàng Ngang Hoàn kiếm hà nội,60 tỷ,"Đường Hàng Ngang, Phường Hàng Bạc, Quận Hoàn Kiếm, Hà Nội",150 m²,4 phòng,2 WC,4,Sổ hồng,10-07-2025
Chính chủ bán nhà phố cổ Yên Thái - Hoàn Kiếm,Thỏa thuận,"Đường Yên Thái, Phường Hàng Bông, Quận Hoàn Kiếm, Hà Nội",40 m²,N/A,N/A,5,Sổ đỏ,05-11-2025
"CHÍNH CHỦ BÁN NHÀ mặt đất trong ngõ phố cổ, quận Hòa Kiếm. Hà Nội",Thỏa thuận,"Đường Phố Đường Thành, Phường Cửa Nam, Quận Hoàn Kiếm, Hà Nội",15 m²,N/A,N/A,N/A,Sổ đỏ,12-11-2025
Cần bán nhà 3 tầng cũ phố Hàm Long Hoàn Kiếm,18 tỷ,"Phường Phan Chu Trinh, Quận Hoàn Kiếm, Hà Nội",50 m²,N/A,N/A,3,Sổ đỏ,05-11-2025
Bán nhà ngay sau lưng căn mặt tiền phố cổ,6 tỷ,"9, Đường Nguyễn Siêu, Phường Hàng Buồm, Quận Hoàn Kiếm, Hà Nội","20 m² (5,0x4,0)",2 phòng,1 WC,2,Sổ hồng,16-07-2025
"Bán nhà mặt Ngõ Lý thường kiệt- Quán sứ dt xd 50m mt 4,6 m x3t 17,2 ty",15 tỷ,"68, Đường Lý Thường Kiệt, Phường Trần Hưng Đạo, Quận Hoàn Kiếm, Hà Nội","43,6 m²",3 phòng,3 WC,3,Sổ đỏ,24-07-2025
"Bán nhà mặt phố mã mây , hk, dt 200m, mt :8m ,giá 140 ty",140 tỷ,"Đường Hàng Đậu, Phường Đồng Xuân, Quận Hoàn Kiếm, Hà Nội","200 m² (8,0x30,0)",4 phòng,4 WC,4,Sổ đỏ,29-07-2025
"CC gửi bán Nhà Mặt phố Tràng Tiền, Hoàn Kiếm, 170m2, mặt tiền 6.5m",425 tỷ,"Đường Tràng Tiền, Phường Tràng Tiền, Quận Hoàn Kiếm, Hà Nội",170 m² (6.5x26.0),N/A,N/A,3,Sổ đỏ,10-11-2025
"BÁN GẤP NHÀ MẶT PHỐ HAI BÀ TRƯNG P HOÀN KIẾM, 125M×6T, MT 5.5M, 1 TỶ/M",122 tỷ,"Đường Hai Bà Trưng, Phường Cửa Nam, Quận Hoàn Kiếm, Hà Nội",125 m² (6.0x22.0),8 phòng,8 WC,6,Sổ đỏ,31-10-2025
"Bán nhà tầng 1 mặt phố Lý Nam Đế, Hoàn Kiếm, diện tích 48m2, MT 4m","28,8 tỷ","Đường Lý Nam Đế, Phường Hàng Mã, Quận Hoàn Kiếm, Hà Nội",48 m²,N/A,N/A,N/A,Sổ đỏ,05-11-2025
"Bán nhà mặt phố, số 84 phố Hàng Khoai - Đồng Xuân - Hoàn Kiếm",Thỏa thuận,"Phường Đồng Xuân, Quận Hoàn Kiếm, Hà Nội",26 m²,N/A,N/A,5,Sổ đỏ,14-10-2025
"💎 11,3 TỶ – LÝ THƯỜNG KIỆT – TRUNG TÂM HOÀN KIẾM 💎","11,3 tỷ","Phường Trần Hưng Đạo, Quận Hoàn Kiếm, Hà Nội",25 m²,2 phòng,3,4,Giấy tờ hợp lệ,29-10-2025
"Tôi cần bán toà Ks Mp Đào Duy Từ , Q Hoàn Kiếm, Hn, Dt 85 m, 6 tầng,",71 tỷ,"Phường Hàng Buồm, Quận Hoàn Kiếm, Hà Nội",82 m²,N/A,N/A,6,Sổ đỏ,27-10-2025
"BÁN NHÀ MẶT PHỐ LƯƠNG NGỌC QUYẾN TRÁI TIM PHỐ CỔ, SẢN PHẨM VIP HIẾM CÓ",150 tỷ,"Đường Lương Ngọc Quyến, Phường Hàng Buồm, Quận Hoàn Kiếm, Hà Nội",230 m² (8.0x28.8),3 phòng,3 WC,3,Sổ đỏ,28-10-2025
SIÊU PHẨM LÔ GÓC 3 MẶT THOÁNG – PHAN CHU TRINH – CÁCH HỒ GƯƠM 5P,140 tỷ,"Phường Phan Chu Trinh, Quận Hoàn Kiếm, Hà Nội",160 m² (4.0x40.0),4 phòng,4 WC,5,Giấy tờ hợp lệ,27-10-2025
"Bán nhà mặt phố cầu gỗ, Hk,dt:55m x  5Tg, giá: 62 tỷ ,",62 tỷ,"Phường Hàng Bạc, Quận Hoàn Kiếm, Hà Nội",52 m² (4.0x14.0),4 phòng,4 WC,5,Sổ đỏ,31-10-2025
"BÁN NHÀ MẶT PHỐ HÀM LONG, QUẬN HOÀN KIẾM, DT 40 M2 X 5 TẦNG",48 tỷ,"Phường Cửa Nam, Quận Hoàn Kiếm, Hà Nội",40 m²,N/A,N/A,5,Sổ hồng,25-10-2025
"HƠN 5 TỶ-PHỐ LÝ NAM ĐẾ, 5 tầng– TT PHỐ CỔ 💥 Ô TÔ ĐỖ CỔNG","5,5 tỷ","Phường Cửa Đông, Quận Hoàn Kiếm, Hà Nội",20 m²,4 phòng,N/A,5,Giấy tờ hợp lệ,25-10-2025
"Bán nhà ngõ phô hai bà trưng , hk ,dt: 40 mx 5 tg, mt:4m. Giá:10,5 ty","10,5 tỷ","Đường Hai Bà Trưng, Phường Cửa Nam, Quận Hoàn Kiếm, Hà Nội",40 m² (4.0x10.0),5 phòng,5 WC,5,Sổ đỏ,24-10-2025
"Bán nhà quận Hoàn Kiếm, phường Cửa Nam, thành phố Hà Nội",Thỏa thuận,"Phường Cửa Nam, Quận Hoàn Kiếm, Hà Nội",350 m²,N/A,N/A,2.,Sổ đỏ,27-10-2025
Bán nhà trong Ngõ Phố hàng đậu,"7,6 tỷ","Phường Đồng Xuân, Quận Hoàn Kiếm, Hà Nội",46 m²,4 phòng,2 WC,3,Giấy tờ hợp lệ,24-10-2025
Bán nhà mặt phố quận hoàn kiếm hn.,48 tỷ,"Phường Hàng Trống, Quận Hoàn Kiếm, Hà Nội",45 m²,N/A,N/A,3,Sổ đỏ,26-10-2025
"Bán Nhà Thợ Nhuộm 20M, MT: 3,5M Giá 4 Tỷ. 1 nhà ra phố, nhà mới ở luôn",4 tỷ,"Phường Cửa Nam, Quận Hoàn Kiếm, Hà Nội",20 m²,2 phòng,1 WC,1,Giấy tờ hợp lệ,22-10-2025
NHÀ TRUNG TÂM HOÀN KIẾM – HIẾM CÓ KHÓ TÌM!,"5,1 tỷ","Phường Hàng Bông, Quận Hoàn Kiếm, Hà Nội",12 m²,2 phòng,2 WC,4,Đang chờ sổ,22-10-2025
"Bán nhà mặt phố Hàng Buồm, Hoàn Kiếm, 4 tầng lô góc, tổng DTSD 230m2",Thỏa thuận,"Đường Hàng Buồm, Phường Hàng Buồm, Quận Hoàn Kiếm, Hà Nội",20 m²,N/A,N/A,4,Sổ đỏ,29-10-2025
Bán Nhà Đẹp Phố Cổ Quận Hoàn Kiếm Hà Nội,13 tỷ,"Phường Hàng Trống, Quận Hoàn Kiếm, Hà Nội",23 m²,3 phòng,3 WC,4,Giấy tờ hợp lệ,21-10-2025
CẦN BÁN GẤP NHÀ TRONG NGÕ PHỐ BẠCH ĐẰNG,16 tỷ,"Đường Bạch Đằng, Phường Chương Dương, Quận Hoàn Kiếm, Hà Nội",73 m²,6,N/A,4,Sổ đỏ,24-10-2025
"VÍP PHỐ CỔ , NƠI HỘI TỤ CỦA KHÁCH NƯỚC NGOÀI , KINH DOANH SẦM UẤT .",32 tỷ,"Phường Hàng Buồm, Quận Hoàn Kiếm, Hà Nội",30 m²,2 phòng,3 WC,4,Giấy tờ hợp lệ,20-10-2025
"HƠN 10 TỶ, NHÀ LÝ NAM ĐẾ – 45M², 4 TẦNG – Ô TÔ ĐỖ CỬA","10,8 tỷ","Phường Cửa Đông, Quận Hoàn Kiếm, Hà Nội",45 m²,4 phòng,N/A,4,Giấy tờ hợp lệ,20-10-2025
"Bán Căn Hộ Duplex 2PN  2Vs Mặt phố Nguyễn Siêu, Sổ đỏ, Dtsd 60m2","5,19 tỷ","Phường Hàng Buồm, Quận Hoàn Kiếm, Hà Nội",36 m² (4.0x9.0),2 phòng,2 WC,3,Giấy tờ hợp lệ,20-10-2025
"Bán nhà măt phố hàng buồm, hàng giầy,dt : 25 m x 5 tg, giá : 20 ty",20 tỷ,"Đường Phố Hàng Giầy, Phường Hàng Buồm, Quận Hoàn Kiếm, Hà Nội",25 m² (4.0x6.0),4 phòng,4 WC,5,Sổ đỏ,22-10-2025
"Bán nhà mặt phố lý quôc sư ,Hk,dt::200 m ,mt: 7 m , giá : 170 ty",170 tỷ,"Đường Ngõ Huyện, Phường Hàng Trống, Quận Hoàn Kiếm, Hà Nội",200 m² (7.0x30.0),7 phòng,7 WC,N/A,Sổ đỏ,22-10-2025
Duy nhất Mặt phố Hoàn Kiếm Một chủị trí tốt Kinh doanh đỉnh - tầm tiền,40 tỷ,"Đường Hàng Điếu, Phường Cửa Đông, Quận Hoàn Kiếm, Hà Nội",44 m²,3 phòng,4 WC,5,Sổ đỏ,21-10-2025
"Bán nhà mặt phố Hàng Trống , Hk,dt50 m ,mt: 4 m, giá 90 tỷ",90 tỷ,"Đường Hàng Trống, Phường Hàng Trống, Quận Hoàn Kiếm, Hà Nội","150 m² (4,0x35,0)",4 phòng,4 WC,N/A,Sổ đỏ,21-06-2025
"Bán nhà mặt phố Chân Cầm, 120m2 x 3T, MT: 6m",75 tỷ,"Đường Chân Cầm, Phường Hàng Trống, Quận Hoàn Kiếm, Hà Nội",120 m² (6.0x20.0),6 phòng,3 WC,3,Sổ đỏ,21-10-2025
Bán nhà 3 t ngõ ô tô lý nam Đế DT 125m2 MT 8m sdcc 46 ty.,46 tỷ,"Đường Lý Nam Đế, Phường Cửa Đông, Quận Hoàn Kiếm, Hà Nội",125 m²,N/A,N/A,9,Sổ đỏ,18-10-2025
"BÁN KHÁCH SẠN PHỐ CỔ MÃ MÂY, 80M2×5T, 14 PHÒNG, DT 3 TỶ/NĂM, 75 TỶ",75 tỷ,"Đường Mã Mây, Phường Hàng Buồm, Quận Hoàn Kiếm, Hà Nội",78 m² (6.0x13.0),14 phòng,14 WC,5,Sổ đỏ,17-10-2025
"Bán nhà phố Phan Đình Giót, phường Phương Liệt, HN, 2 mặt thoáng","21,8 tỷ","Đường Phan Đình Giót, Phường Phương Liệt, Quận Thanh Xuân, Hà Nội",50 m²,N/A,N/A,N/A,Sổ đỏ,17-11-2025
"Chính chủ bán nhà phố Khương Đình, lô góc ô tô đỗ cổng","4,95 tỷ","Đường Khương Đình, Phường Khương Đình, Quận Thanh Xuân, Hà Nội",24 m²,N/A,N/A,5,Sổ đỏ,24-11-2025
"GẤP GẤP THANH KHOẢN NHANH, NHÀ PHỐ KHƯƠNG TRUNG, DT 143m2x6 TẦNG+TUM",42 tỷ,"Đường Khương Trung, Phường Phương Liệt, Quận Thanh Xuân, Hà Nội",143 m²,N/A,N/A,6,Sổ đỏ,12-11-2025
"BÁN NHÀ MẶT TIỀN PHỐ TRƯỜNG CHINH, 5 TẦNG THANG MÁY","32,5 tỷ","Đường Trường Chinh, Phường Khương Mai, Quận Thanh Xuân, Hà Nội",35 m²,3 phòng,3 WC,5,Sổ hồng,22-09-2025
BÁN NHÀ MẶT NGÕ CÓ  CỬA HÀNG NGÕ 125 BÙI XƯƠNG TRẠCH – KHƯƠNG ĐÌNH,"4,1 tỷ","Đường Bùi Xương Trạch, Phường Khương Đình, Quận Thanh Xuân, Hà Nội",35 m²,N/A,N/A,2,Sổ đỏ,26-11-2025
"CHÍNH CHỦ BÁN NHÀ THANH XUÂN, XÂY MỚI, THANG MÁY, KINH DOANH","13,2 tỷ","Phường Khương Đình, Quận Thanh Xuân, Hà Nội",55 m²,N/A,N/A,N/A,Sổ đỏ,25-11-2025
"Ô TÔ VÀO NHÀ, NGÕ THÔNG, Ô TÔ TRÁNH, SÁT PHỐ, NGUYỄN XIỂN, THANH XUÂN",Thỏa thuận,"Phường Hạ Đình, Quận Thanh Xuân, Hà Nội",65 m²,N/A,N/A,N/A,Sổ đỏ,24-11-2025
"Bán nhà 7 tầng, lô góc, phố Vũ Hữu, quận Thanh Xuân","19,9 tỷ","Phường Thanh Xuân Bắc, Quận Thanh Xuân, Hà Nội",60 m²,N/A,N/A,7,Sổ đỏ,22-11-2025
"Bán Nhà MP LÊ TRỌNG TẤN-HOÀNG VĂN THÁI 80m2 x3 tầng hai thoáng 27,38ty","27,36 tỷ","68, Đường Lê Trọng Tấn, Phường Khương Mai, Quận Thanh Xuân, Hà Nội",79.6 m²,3 phòng,3 WC,3,Sổ đỏ,21-11-2025
"Bán nhà số 16 ngõ 146 phố Vương Thừa Vũ, 80.2m2x 4.5 tầng mới xây",20 tỷ,"Đường Vương Thừa Vũ, Phường Khương Trung, Quận Thanh Xuân, Hà Nội",80.2 m²,N/A,N/A,5,Sổ đỏ,13-11-2025
Chính Chủ Cần Bán Biệt Thự Lô Góc Dự Án HDI Mạc Thái Tông DT 160M2,54 tỷ,"Đường Nguyễn Tuân, Phường Nhân Chính, Quận Thanh Xuân, Hà Nội",160 m²,6 phòng,4 WC,4,Sổ đỏ,26-11-2025
PHÂN LÔ 6 TẦNG– KINH DOANH TẤP NẬP – CÓ GARA Ô TÔ,"13,25 tỷ","Phường Nhân Chính, Quận Thanh Xuân, Hà Nội",40 m²,3 phòng,N/A,6,Giấy tờ hợp lệ,26-11-2025
✅ bẤt ngỜ!: Ô TÔ 35M🚘 - DÂN XÂY BỀN CHẮC - PHÂN LÔ CÁN BỘ - bán nhà,"5,2 tỷ","Phường Khương Trung, Quận Thanh Xuân, Hà Nội",31 m² (3.2x9.0),4 phòng,5 WC,4,Giấy tờ hợp lệ,25-11-2025
Tôi cần bán nhà mặt phố Lê Trọng Tấn Thanh Xuân 5tầng full nội thất.,"41,87 tỷ","Phường Phương Liệt, Quận Thanh Xuân, Hà Nội",68 m²,6 phòng,5 WC,5,Giấy tờ hợp lệ,25-11-2025
🔥 LÔ GÓC – Ô TÔ TRÁNH – KINH DOANH CỰC ĐỈNH | HÀNG SIÊU HIẾM CỰC HOT🔥,"9,8 tỷ","Phường Khương Trung, Quận Thanh Xuân, Hà Nội",35 m² (4.3x8.2),3 phòng,4 WC,6,Giấy tờ hợp lệ,25-11-2025
"Bán nhà phố Trường Chinh, Thanh Xuân 43m, 5 tầng. Giá: 16.8 tỷ","16,8 tỷ","Phường Khương Mai, Quận Thanh Xuân, Hà Nội",43 m²,3 phòng,4 WC,5,Sổ đỏ,25-11-2025
"Bán nhà phố Lê Trọng Tấn - Trường Chinh 85m2, ô tô qua, có vỉa hè","30,5 tỷ","Đường Lê Trọng Tấn, Phường Khương Mai, Quận Thanh Xuân, Hà Nội",85 m²,N/A,N/A,4,Sổ đỏ,25-11-2025
⚡️BẤt ngỜ!: Ô TÔ 40M🚘 - VUÔNG VẮN - DÂN XÂY BỀN ĐẸP. Bán nhà THANH,"5,2 tỷ","Phường Thanh Xuân Nam, Quận Thanh Xuân, Hà Nội",30 m² (3.6x8.0),3 phòng,4 WC,5,Giấy tờ hợp lệ,25-11-2025
"BÁN NHÀ PLQĐ DT: 59M x 5T MT: 4,2M PHỐ TÔ VĨNH DIỆN GIÁ :15,5 TỶ","15,5 tỷ","Đường Tô Vĩnh Diện, Phường Khương Trung, Quận Thanh Xuân, Hà Nội",59 m² (4.3x15.0),4,N/A,5,Sổ đỏ,25-11-2025
"Bán nhà phân lô Tô Vĩnh Diện, Thanh Xuân ô tô đỗ cửa, 1 nhà ra phố","16,8 tỷ","Đường Tô Vĩnh Diện, Phường Khương Trung, Quận Thanh Xuân, Hà Nội",45 m²,2,N/A,4,Sổ đỏ,24-11-2025
Cơ Hội Hiếm: Nhà Chuẩn 5 Sao – Nội Thất Cao Cấp – Giá Tốt,"15,5 tỷ","20, Đường Nguyễn Viết Xuân, Phường Khương Đình, Quận Thanh Xuân, Hà Nội",45 m² (4.0x13.0),5 phòng,4 WC,4,Sổ đỏ,24-11-2025
BÁN NHÀ RIÊNG PHÓI VŨ TÔNG PHAN - 4 TẦNG - 33M2 -FULL NỘI THẤT XỊN SÒ,"7,8 tỷ","Phường Khương Đình, Quận Thanh Xuân, Hà Nội",33 m² (5.0x7.0),3 phòng,3 WC,4,Giấy tờ hợp lệ,24-11-2025
"VIP nhất Thanh Xuân,NGUYỄN VIẾT XUÂN dt45m, PHÂN LÔ QUAN CHỨC,gần phố",12 tỷ,"Phường Phương Liệt, Quận Thanh Xuân, Hà Nội",38 m²,5 phòng,4 WC,N/A,Giấy tờ hợp lệ,24-11-2025
Cần bán nhà vương thừa vũ tô vĩnh diện,165 triệu,"Phường Khương Trung, Quận Thanh Xuân, Hà Nội",45 m²,N/A,N/A,8,Sổ đỏ,24-11-2025
"Bán nhà Q.Thanh Xuân, oto tránh ,KD,dân xây,113m2, mặt tiền 10m, 31tỷ",31 tỷ,"Đường Bùi Xương Trạch, Phường Khương Đình, Quận Thanh Xuân, Hà Nội",113 m² (10.0x11.3),8 phòng,6 WC,5,Sổ đỏ,24-11-2025
"31.5 tỷ cho 150m2 đất tặng nhà 2 tầng phố Phương Liệt, oto vào nhà","31,5 tỷ","Đường Phương Liệt, Phường Phương Liệt, Quận Thanh Xuân, Hà Nội",150 m² (6.0x25.0),3 phòng,2 WC,2,Sổ đỏ,24-11-2025
SIÊU PHẨM MẶT NGÕ LÔ GÓC –KINH DOANH ĐỈNH–Ô TÔ TRÁNH–THANG MÁY,"9,8 tỷ","Phường Khương Trung, Quận Thanh Xuân, Hà Nội",34 m² (4.3x8.0),3 phòng,4 WC,5,Giấy tờ hợp lệ,23-11-2025
GIA ĐÌNH CẦN BÁN CĂN NHÀ LÔ GÓC 7 TẦNG CỰC ĐẸP KHU PHÂN LÔ VŨ HỮU – TH,"19,9 tỷ","Phường Thanh Xuân Bắc, Quận Thanh Xuân, Hà Nội",60 m² (5.0x12.0),7 phòng,6 WC,7,Giấy tờ hợp lệ,23-11-2025
BÁN NHÀ RIÊNG VTP - 35M2 - 5 TẦNG - FULL NỘI THẤT XỊN SÒ - Ô TÔ ĐỖ CỬA,10 tỷ,"Phường Khương Đình, Quận Thanh Xuân, Hà Nội",35 m² (3.6x10.0),3 phòng,4 WC,5,Giấy tờ hợp lệ,23-11-2025
"BÁN NHÀ LÊ TRỌNG TẤN, DIỆN TÍCH, 35.M2.. XD. 8.TẦNG. GIÁ. 14.3 TỶ","14,3 tỷ","Phường Phương Liệt, Quận Thanh Xuân, Hà Nội",35 m² (3.2x10.5),6 phòng,6 WC,8,Giấy tờ hợp lệ,23-11-2025
Hiếm có ! Hơn 3 tỷ có nhà dân xây Phan Đình Giót-30m ra phố-52m*3T;4N,"3,6 tỷ","Phường Thanh Xuân Bắc, Quận Thanh Xuân, Hà Nội",52 m²,4 phòng,N/A,3,Giấy tờ khác,23-11-2025
Nhà đẹp Khương Đình vừa hoàn thiện,"8,4 tỷ","Phường Khương Đình, Quận Thanh Xuân, Hà Nội",32 m² (3.2x10.0),3 phòng,4 WC,5,Giấy tờ hợp lệ,22-11-2025
[ 6 Tầng - Chỉ 7.5 tỷ ] Bán Nhà Khuất Duy Tiến - 5m ra Oto,"7,5 tỷ","Phường Thanh Xuân Bắc, Quận Thanh Xuân, Hà Nội",27 m²,4 phòng,3 WC,6,Giấy tờ hợp lệ,22-11-2025
"🏡 BÁN NHÀ VŨ TÔNG PHAN: 23/30M* 3 TẦNG* 3,5 TỶ","3,5 tỷ","Phường Khương Đình, Quận Thanh Xuân, Hà Nội",30 m²,2 phòng,2 WC,3,Giấy tờ khác,22-11-2025
"CCMN 11 Phòng, Dòng Tiền 480 Triệu/Năm,Gần Vin Nguyễn Trãi,Ngõ Rộng 3m","11,4 tỷ","Phường Thanh Xuân Trung, Quận Thanh Xuân, Hà Nội",48.8 m²,11 phòng,6 WC,3,Giấy tờ hợp lệ,22-11-2025
"- Bán nhà mặt đường Giải Phóng, Thanh Xuân, Siêu đẹp, 148m2, 46.8 tỷ","46,8 tỷ","Đường Giải Phóng, Phường Phương Liệt, Quận Thanh Xuân, Hà Nội",148 m²,N/A,N/A,3,Sổ đỏ,22-11-2025
KHÓ TÌM! BÁN NHÀ BÙI XƯƠNG TRẠCH - ĐẸP LUXURY,"17,95 tỷ","Phường Khương Đình, Quận Thanh Xuân, Hà Nội",51.8 m² (3.5x15.0),5 phòng,N/A,7,Giấy tờ hợp lệ,22-11-2025
SIÊU PHẨM NGUYỄN VIẾT XUÂN – PHÂN LÔ QUAN CHỨC – 44.7M² – 4 TẦNG ĐẸP –,"15,5 tỷ","Đường Nguyễn Viết Xuân, Phường Khương Mai, Quận Thanh Xuân, Hà Nội",44.7 m²,N/A,N/A,4,Sổ đỏ,22-11-2025
"BÙI XƯƠNG TRẠCH 30M2x3 TẦNG MẶT TIỀN 5.3M, GẦN NGÕ Ô TÔ GIÁ 6.9 TỶ","6,9 tỷ","Phường Khương Đình, Quận Thanh Xuân, Hà Nội",30 m² (5.3x6.0),3 phòng,3 WC,3,Giấy tờ hợp lệ,22-11-2025
⚡️A NHÀ ĐÂY!: Ô TÔ 40M🚘 - ĐẤT VUÔNG - DÂN XÂY BỀN ĐẸP. bán nhà,"5,2 tỷ","Phường Khương Trung, Quận Thanh Xuân, Hà Nội",30 m² (3.2x9.0),4 phòng,5 WC,4,Giấy tờ hợp lệ,22-11-2025
"Bán nhà Bùi Xương Trạch ô tô đỗ cửa, kinh doanh tốt, mt 3.5m, 35m2 *5T","7,7 tỷ","Đường Bùi Xương Trạch, Phường Khương Trung, Quận Thanh Xuân, Hà Nội",35 m² (3.5x9.0),4 phòng,3 WC,N/A,Sổ đỏ,22-11-2025
Tôi cần bán nhà Liền Kề Nguyễn Tuân 6tầng thang máy full nội thất,"47,45 tỷ","Phường Nhân Chính, Quận Thanh Xuân, Hà Nội",72 m²,8 phòng,7 WC,6,Giấy tờ hợp lệ,21-11-2025
"Bán nhà dân xây khung cột , mặt ngõ xe con vào .","2,7 tỷ","Phường Thanh Xuân Nam, Quận Thanh Xuân, Hà Nội",15 m²,3 phòng,3 WC,5,Hợp đồng mua bán,21-11-2025
"Bán nhà Thanh Xuân 36m², thang máy, 10m ra ô tô, trước nhà SH quay","9,6 tỷ","Phường Khương Đình, Quận Thanh Xuân, Hà Nội",36 m²,3 phòng,4 WC,5,Giấy tờ hợp lệ,21-11-2025
"Phân lô Quân Đội Hoàng Văn Thái 49m2,2thoáng,nở hậu,13.6tỷ,ở ngay.","13,6 tỷ","Ngõ 69A Hoàng Văn Thái, Đường Hoàng Văn Thái, Phường Khương Mai, Quận Thanh Xuân, Hà Nội",49 m² (3.9x12.5),5 phòng,4 WC,6,Sổ hồng,13-11-2025
"VIP nhất Thanh Xuân,NGUYỄN VIẾT XUÂN dt45m, PHÂN LÔ QUAN CHỨC,gần phố",15 tỷ,"Phường Phương Liệt, Quận Thanh Xuân, Hà Nội",45 m²,5 phòng,N/A,N/A,Giấy tờ hợp lệ,21-11-2025
"Bán nhà lô góc 45m2 ngõ 192 Lê Trọng Tấn,6T thang máy,20m oto,14.5tỷ.","14,5 tỷ","Ngõ 192 Lê Trọng Tấn, Đường Lê Trọng Tấn, Phường Khương Mai, Quận Thanh Xuân, Hà Nội",45 m² (5.0x9.0),3 phòng,4 WC,6,Sổ đỏ,17-11-2025
⚡️H!ẾM!: 50M RA PHỐ - SỔ ĐẸP - DÂN XÂY 🏡bán nhà THANH XUÂN 4.7 Tỷ,"4,79 tỷ","Phường Hạ Đình, Quận Thanh Xuân, Hà Nội",30 m² (3.0x10.0),3 phòng,3 WC,4,Giấy tờ hợp lệ,21-11-2025
[SIÊU PHẨM] BÁN NHÀ NGUYỄN NGỌC VŨ – 38M² – 6T THANG MÁY– Ô TÔ – 10.5Đ,"10,5 tỷ","Phường Nhân Chính, Quận Thanh Xuân, Hà Nội",38 m² (3.5x10.8),4 phòng,4 WC,6,Giấy tờ hợp lệ,21-11-2025
"Bán nhà Thanh Xuân, hơn 9tỷ ngõ ô tô, 5 tầng thang máy","9,8 tỷ","Phường Khương Trung, Quận Thanh Xuân, Hà Nội",35 m² (4.3x8.0),3 phòng,4 WC,5,Giấy tờ hợp lệ,21-11-2025
✨ hIẾm!: LÔ GÓC - GẦN Ô TÔ 🚘- HỒ SINH THÁI - DÂN XÂY BÁN NHÀ KHƯƠNG,"7,95 tỷ","Phường Khương Trung, Quận Thanh Xuân, Hà Nội",50 m² (3.5x15.0),6 phòng,6 WC,5,Giấy tờ hợp lệ,21-11-2025
🔥 KHƯƠNG TRUNG - THANG MÁY - NHÀ 5 TẦNG MỚI - NGÕ Ô TÔ TRÁNH - 34M²,"9,8 tỷ","Phường Khương Trung, Quận Thanh Xuân, Hà Nội",34 m² (4.3x8.0),3 phòng,3 WC,5,Giấy tờ hợp lệ,20-11-2025
Tôi cần bán tòa nhà mặt phố Quan Nhân 8tầng thang máy full nội thất,"46,79 tỷ","Phường Nhân Chính, Quận Thanh Xuân, Hà Nội",123 m²,6 phòng,7 WC,8,Giấy tờ hợp lệ,20-11-2025
LÔ GÓC – NGUYỄN XIỂN – CÁCH Ô TÔ 2M – 6 TẦNG THANG MÁY – DTSD 62M²,"12,86 tỷ","Phường Khương Đình, Quận Thanh Xuân, Hà Nội",42 m² (4.0x10.0),3 phòng,3 WC,6,Giấy tờ hợp lệ,20-11-2025
"Bán NHÀ mặt phố Nguyễn Ngọc Nại DTSĐ 163M X 4T MT8,1 SĐCC giá 75,5 tỷ","75,5 tỷ","Đường Nguyễn Ngọc Nại, Phường Khương Mai, Quận Thanh Xuân, Hà Nội",165 m²,N/A,N/A,N/A,Sổ đỏ,20-11-2025
quĩ căn KD Tòa nhà mặt phố Vương Thừa Vũ DTSĐ180m2x 8T giá 58 tỷ,36 tỷ,"Đường Vương Thừa Vũ, Phường Khương Mai, Quận Thanh Xuân, Hà Nội",100 m²,10 phòng,8 WC,N/A,Sổ đỏ,20-11-2025
"Bán nhà c4 ngõ 43 Tô Vĩnh Diện DTSĐ 54m2,MT3,6 ,12,7 tỷ cách phố30m","12,7 tỷ","Đường Nguyễn Ngọc Nại, Phường Khương Mai, Quận Thanh Xuân, Hà Nội",54 m²,N/A,N/A,N/A,Sổ đỏ,20-11-2025
Bán Nhà Chính Kinh – gần Royal City –  vị trí trung tâm Thanh Xuân,"8,4 tỷ","Phường Nhân Chính, Quận Thanh Xuân, Hà Nội",40 m² (3.0x13.0),3 phòng,N/A,2,Giấy tờ hợp lệ,19-11-2025
"Cc bán nhà lô góc Khương Đình 58m, 6 tầng, 10.8 tỷ","10,8 tỷ","Đường Khương Đình, Phường Khương Đình, Quận Thanh Xuân, Hà Nội",58 m²,6 phòng,5 WC,6,Sổ đỏ,19-11-2025
"Bán nhà đẹp thang máy, Ô tô, kinh doanh Thanh Xuân","9,8 tỷ","Phường Khương Trung, Quận Thanh Xuân, Hà Nội",35 m² (4.3x8.0),3 phòng,4 WC,5,Giấy tờ hợp lệ,19-11-2025
Bán nhà mặt ngõ kinh doanh Thanh Xuân,"9,2 tỷ","Phường Nhân Chính, Quận Thanh Xuân, Hà Nội",25 m² (3.2x7.0),3 phòng,4 WC,5,Giấy tờ hợp lệ,19-11-2025
NHÀ ĐWPJ Ở NGAY - 6 TẦNG - FULL NỘI THẤT - NGÕ NÔNG - AN NINH TỐT.,"7,1 tỷ","Phường Khương Đình, Quận Thanh Xuân, Hà Nội",32 m² (4.8x8.0),3 phòng,4 WC,6,Giấy tờ hợp lệ,19-11-2025
"Bán nhà phố Hoàng Văn Thái, Thanh Xuân. Nhà mới đẹp sáng chói loá","17,5 tỷ","Phường Phương Liệt, Quận Thanh Xuân, Hà Nội",47 m² (4.1x10.0),4 phòng,3 WC,4,Giấy tờ hợp lệ,19-11-2025
"Nhà Đẹp Hoàng Văn Thái, Thanh Xuân 50m, 6 tầng, mt 8.4m, giá 15.3 tỷ.","15,3 tỷ","Đường Hoàng Văn Thái, Phường Khương Mai, Quận Thanh Xuân, Hà Nội",50 m² (8.4x6.0),3 phòng,4 WC,6,Sổ đỏ,19-11-2025
NHÀ ĐẸP LUNG LINH - 5 TẦNG - FULL NỘI THẤT XỊN SÒ -KCBT CHẮC CHẮN 35M2,"8,5 tỷ","Phường Khương Đình, Quận Thanh Xuân, Hà Nội",35 m² (3.5x10.0),3 phòng,4 WC,5,Giấy tờ hợp lệ,19-11-2025
Em bán nhà mặt phố Khuất Duy Tiến Thanh Xuân,"6,5 tỷ","114, Đường Khuất Duy Tiến, Phường Thanh Xuân Bắc, Quận Thanh Xuân, Hà Nội",32 m² (6.0x11.0),1 phòng,1 WC,1,Sổ đỏ,19-11-2025
NHÀ PHỐ HOÀNG VĂN THÁI - THANH XUÂN - ÔTÔ ĐỖ CỔNG,"7,95 tỷ","Phường Khương Trung, Quận Thanh Xuân, Hà Nội",51 m² (4.7x8.0),3 phòng,2 WC,3,Giấy tờ hợp lệ,19-11-2025
Nhà rộng ở sướng 45m cầu thang bê tông 4 ngủ 3wc,"3,98 tỷ","Phường Khương Đình, Quận Thanh Xuân, Hà Nội",45 m²,4 phòng,3 WC,6,Giấy tờ hợp lệ,18-11-2025
Bán nhà 2 tầng Thanh Xuân Bắc – mặt ngõ ô tô – giá 2.15 tỷ,"2,15 tỷ","Phường Thanh Xuân Bắc, Quận Thanh Xuân, Hà Nội",24 m²,2 phòng,1 WC,2,Đang chờ sổ,18-11-2025
"- Bán nhà ngõ Trường Chinh, Thanh Xuân, Siêu rẻ, 33m2, 6 tỷ",6 tỷ,"Đường Trường Chinh, Phường Phương Liệt, Quận Thanh Xuân, Hà Nội",33 m² (3.8x10.0),2 phòng,1 WC,N/A,Sổ đỏ,18-11-2025
NHÀ ĐẸP Ở NGAY - 6 TẦNG - THANG MÁY - Ô TÔ ĐỖ CỬA - 48M2 -NGUYỄN XIỂN,"13,5 tỷ","Phường Hạ Đình, Quận Thanh Xuân, Hà Nội",48 m² (4.0x12.0),4 phòng,5 WC,6,Giấy tờ hợp lệ,18-11-2025
"Bán Gấp Siêu Phẩm Lương Thế Vinh, lô góc, 80m2, 5 tầng, giá 23 tỷ",23 tỷ,"Đường Lương Thế Vinh, Phường Thanh Xuân Trung, Quận Thanh Xuân, Hà Nội",80 m²,9 phòng,N/A,5,Sổ đỏ,18-11-2025
"Bán nhà phố Khương Hạ, full nội thất sịn đẹp, view hồ","15,5 tỷ","Phường Khương Đình, Quận Thanh Xuân, Hà Nội",46 m² (3.4x12.0),6 phòng,4 WC,5,Giấy tờ hợp lệ,18-11-2025
"ĐẦU TƯ CỰC HOT! Nhà 3 Tầng Cũ, 71m2 Ngõ 3m Khu Vực Tiềm Năng Xây CCMN","12,8 tỷ","Phường Khương Đình, Quận Thanh Xuân, Hà Nội",71 m² (6.0x12.0),3 phòng,3 WC,3,Giấy tờ hợp lệ,17-11-2025
⚡️BẤT NGỜ: LÔ GÓC - Ô TÔ🚘 CÁCH 15M - MT RỘNG - Bán nhà THANH XUÂN,"5,7 tỷ","Phường Kim Giang, Quận Thanh Xuân, Hà Nội",32 m² (4.2x8.0),3 phòng,2 WC,4,Giấy tờ hợp lệ,17-11-2025
🔥Không Thể Tin : Ô TÔ ĐỖ CỬA - 40M RA PHỐ - DÂN XÂY - Bán nhà KHƯƠNG,"4,95 tỷ","Phường Khương Đình, Quận Thanh Xuân, Hà Nội",24 m² (4.0x8.0),4 phòng,4 WC,5,Giấy tờ hợp lệ,17-11-2025
⚡️Hiếm Có: CẠNH HỒ SINH THÁI - NGÕ BÀN CỜ - TỰ XÂY CHẮC CHẮN. Bán nhà,"7,95 tỷ","Phường Khương Đình, Quận Thanh Xuân, Hà Nội",33 m² (3.5x9.0),4 phòng,4 WC,5,Giấy tờ hợp lệ,17-11-2025
"Bán nhà Khương Trung, 20m ra Đầm Hồng","7,95 tỷ","Phường Khương Trung, Quận Thanh Xuân, Hà Nội",32 m² (3.5x9.0),4 phòng,4 WC,5,Giấy tờ hợp lệ,17-11-2025
"Lô góc Khương Đình, 6 tầng, thang máy, ngõ rộng, 60m ra phố. Chỉ 8,9ty","8,9 tỷ","Phường Hạ Đình, Quận Thanh Xuân, Hà Nội",36 m² (3.5x10.0),3 phòng,4 WC,6,Giấy tờ hợp lệ,17-11-2025
"Bán nhà Vũ Tông Phan 30m2 mặt tiền 5.5m,lô góc giá 3,5 tỷ thương lượng","3,5 tỷ","Phường Khương Đình, Quận Thanh Xuân, Hà Nội",24 m² (5.3x4.2),2 phòng,2 WC,3,Sổ hồng,17-11-2025
"Hot! Khương Trung, ô tô đỗ cửa, kinh doanh, nhà dân xây. 36mx4T. 8,2ty","8,2 tỷ","Phường Khương Trung, Quận Thanh Xuân, Hà Nội",36 m² (4.0x9.0),4 phòng,3 WC,4,Giấy tờ hợp lệ,17-11-2025
"Khương Đình, 2 thoáng, 50m ra  phố, nhà dân xây. 34mx4T. Chỉ 6,2 tỷ","6,2 tỷ","Phường Hạ Đình, Quận Thanh Xuân, Hà Nội",34 m² (3.5x10.0),4 phòng,3 WC,4,Giấy tờ hợp lệ,17-11-2025
"( NHÀ MỚI ĂN TẾT )   Y HÌNH  NHÀ BÁN PHỐ NGUYỄN XIỂN 38/42M, 6T 13,9 T","13,9 tỷ","168, 168, Phường Hạ Đình, Quận Thanh Xuân, Hà Nội",42 m² (4.0x10.5),4 phòng,5 WC,6,Sổ đỏ,16-11-2025
Tôi cần bán nhà mặt phố Khuất Duy Tiến 7tầng thang máy full nội thất,"31,45 tỷ","Phường Nhân Chính, Quận Thanh Xuân, Hà Nội",51 m²,6 phòng,7 WC,7,Giấy tờ hợp lệ,16-11-2025
"Tôi bán nhà ngõ 262 Nguyễn Trãi, TX giá 6.9 tỷ, 33.3m2x3T, ẢNH THẬT","6,9 tỷ","Đường Nguyễn Trãi, Phường Thanh Xuân Bắc, Quận Thanh Xuân, Hà Nội",33 m² (3.9x8.0),N/A,2,3,Sổ đỏ,16-11-2025
"Bán Nhà Dòng Tiền Khương Đình, 69m, 7 tầng, mt 4.3m, giá 24 tỷ","24,5 tỷ","Đường Khương Đình, Phường Khương Đình, Quận Thanh Xuân, Hà Nội",69 m² (4.3x16.0),21 phòng,22 WC,7,Sổ đỏ,16-11-2025
"Tôi cần bán nhà NguyễnNgọc Nại ngõ ô tô, 6tầng thang máy full nộithất","16,79 tỷ","Phường Khương Trung, Quận Thanh Xuân, Hà Nội",46 m²,4 phòng,6 WC,6,Giấy tờ hợp lệ,16-11-2025
"Bán nhà TT Thanh Xuân Bắc, ngõ thông chỉ 1.3 tỷ – nhà đẹp sẵn ở – t","1,3 tỷ","Phường Thanh Xuân Bắc, Quận Thanh Xuân, Hà Nội",20 m²,1 phòng,1 WC,N/A,Đang chờ sổ,15-11-2025
BÁN NHÀ 6 TẦNG BÙI XƯƠNG TRẠCH - FULL NỘI THẤT XỊN SÒ - NGÕ NÔNG,"8,2 tỷ","Phường Khương Đình, Quận Thanh Xuân, Hà Nội",32 m² (4.0x8.0),4 phòng,5 WC,6,Giấy tờ hợp lệ,15-11-2025
Bùi Xương Trạch vừa ở vừa kinh doanh siêu đỉnh. DT 36m2 ô tô tránh,"9,8 tỷ","Phường Khương Đình, Quận Thanh Xuân, Hà Nội",36 m² (3.1x12.0),3 phòng,4 WC,6,Giấy tờ hợp lệ,15-11-2025
SIÊU HIẾM KHƯƠNG TRUNG  VỊ TRÍ ĐẮC ĐỊA  DÒNG TIỀN ỔN ĐỊNH,"7,5 tỷ","Phường Khương Trung, Quận Thanh Xuân, Hà Nội",32.3 m²,5 phòng,N/A,2,Giấy tờ hợp lệ,15-11-2025
Tôi cần bán nhà mặt phố Hoàng Văn Thái 5tầng thang máy full nội thất.,"38,46 tỷ","Phường Khương Trung, Quận Thanh Xuân, Hà Nội",69.2 m²,6 phòng,5 WC,5,Giấy tờ hợp lệ,15-11-2025
"AN CƯ LẬP NGHIỆP -Ô TÔ ĐỖ CỬA -CĂN HỘ 3N, 60M2 -2.58 TỶ - THANH XUÂN","2,58 tỷ","Phường Hạ Đình, Quận Thanh Xuân, Hà Nội",60 m² (4.0x12.0),3 phòng,1 WC,1,Giấy tờ hợp lệ,15-11-2025
"⚡️Hiếm có: LÔ GÓC - Ô TÔ CÁCH 5M 🚘 - MT RỘNG, KD - bán nhà THANH XUÂN","5,75 tỷ","Phường Kim Giang, Quận Thanh Xuân, Hà Nội",32 m² (4.2x8.0),3 phòng,2 WC,4,Giấy tờ hợp lệ,15-11-2025
Hot ! Hơn 2 tỷ có nhà 60m ra Nguyễn Xiển-ngõ 3 gác-62m*2T;MT6m;2N,"2,6 tỷ","Phường Khương Đình, Quận Thanh Xuân, Hà Nội",62 m²,2 phòng,N/A,2,Giấy tờ khác,15-11-2025
⚡️Hiếm Có: GẦN PHỐ - KHÔNG QUY HOẠCH - NỞ HẬU. Bán nhà THANH XUÂN,"5,6 tỷ","Phường Thanh Xuân Nam, Quận Thanh Xuân, Hà Nội",30 m² (3.6x8.0),3 phòng,4 WC,5,Giấy tờ hợp lệ,15-11-2025
Nhà Riêng Phố Vũ Tông Phan 35m 5T Mt3.6m Giá 6.6Tỷ Cạnh Ngã Tư Sở Sổ V,"6,6 tỷ","Phường Khương Đình, Quận Thanh Xuân, Hà Nội",35 m² (3.6x9.7),4 phòng,3 WC,5,Giấy tờ hợp lệ,15-11-2025
Nhà mặt ngõ ô tô tránh Bùi Xương Trạch-KD ngon-48m*2T;NT4m;2N-Hơn 3tỷ,"3,5 tỷ","Phường Khương Trung, Quận Thanh Xuân, Hà Nội",48 m²,2 phòng,N/A,2,Giấy tờ khác,15-11-2025
"BÁN NHÀ HOÀNG VĂN THÁI -2 MẶT THOÁNG- 50M RA CHỢ- 49M-6 TẦNG - 13,6 TỶ","13,6 tỷ","Đường Hoàng Văn Thái, Phường Khương Trung, Quận Thanh Xuân, Hà Nội",49 m²,N/A,N/A,6,Sổ đỏ,13-11-2025
Tôi cần bán nhà mặt phố Cự Lộc 7tầng tầng thang máy full nội thất.,"19,95 tỷ","Phường Nhân Chính, Quận Thanh Xuân, Hà Nội",45 m²,5 phòng,7 WC,7,Giấy tờ hợp lệ,14-11-2025
BÁN NHÀ NGUYỄN NGỌC NẠI ( CÁCH 1 NHÀ RA MẶT PHỐ) - 38M- 4TẦNG-13 TỶ,13 tỷ,"Đường Nguyễn Ngọc Nại, Phường Khương Trung, Quận Thanh Xuân, Hà Nội",37.5 m² (4.0x9.5),N/A,N/A,4,Sổ đỏ,13-11-2025
CHỈ 7.5 TỶ - CÓ NGAY NHÀ 4 TẦNG - KHƯƠNG ĐÌNH - THANH XUÂN - 4 NGỦ.,"7,5 tỷ","Phường Khương Trung, Quận Thanh Xuân, Hà Nội",48 m² (36.0x12.0),4 phòng,4 WC,4,Giấy tờ hợp lệ,14-11-2025
TRUNG TÂM THANH XUÂN - 6 TẦNG - 8 NGỦ - 40M2 - FULL NỘI THẤT XỊN SÒ,"8,2 tỷ","Phường Khương Trung, Quận Thanh Xuân, Hà Nội",35 m² (4.0x10.0),8 phòng,7 WC,6,Giấy tờ hợp lệ,14-11-2025
MẶT PHỐ HIẾM - KINH DOANH - VỈA HÈ - TRUNG TÂM THỦ ĐÔ,29 tỷ,"Đường Lê Văn Lương, Phường Nhân Chính, Quận Thanh Xuân, Hà Nội",120 m²,10 phòng,8 WC,8,Sổ đỏ,14-11-2025
Nhà đẹp Khương Hạ 40m² – Ba gác đỗ cửa – 25m ra ô tô –Ở ngay không sửa,"13,2 tỷ","Phường Khương Đình, Quận Thanh Xuân, Hà Nội",40 m²,4 phòng,N/A,N/A,Giấy tờ hợp lệ,13-11-2025
"Bán nhà chính chủ Quan Nhân, 28m2 ngõ thông chỉ 7.3 tỷ!","7,3 tỷ","Phường Nhân Chính, Quận Thanh Xuân, Hà Nội",28 m²,3 phòng,4 WC,5,Giấy tờ hợp lệ,13-11-2025
Hoàng Văn Thái Gara Ô TÔ Tránh 50m/5 tầng chỉ 18.5 tỷ,"18,5 tỷ","Đường Hoàng Văn Thái, Phường Khương Mai, Quận Thanh Xuân, Hà Nội",50 m²,6 phòng,4 WC,5,Sổ đỏ,13-11-2025
"⚡️Giá Tuyệt Chủng: GẦN PHỐ - KHÔNG QUY HOẠCH - NỞ HẬU, bán nhà THANH","5,6 tỷ","Phường Thanh Xuân Trung, Quận Thanh Xuân, Hà Nội",30 m² (3.6x8.0),3 phòng,4 WC,5,Giấy tờ hợp lệ,13-11-2025
"Bán Nhà 35m, 4 Tầng, Giá 5 Tỷ Phố Bùi Xương Trạch - Thanh Xuâb",5 tỷ,"Phường Khương Đình, Quận Thanh Xuân, Hà Nội",35 m² (3.5x10.0),4 phòng,3 WC,4,Sổ hồng,13-11-2025
⚡️Đỉnh Của Chóp: ĐẤT ĐẸP - 3 GÁC ĐỖ CỬA - TĂNG GIÁ CAO bán nhà THANH,"4,6 tỷ","Phường Khương Đình, Quận Thanh Xuân, Hà Nội",22 m² (3.3x7.0),2 phòng,2 WC,2,Giấy tờ hợp lệ,13-11-2025
Mặt Phố Vương Thừa Vũ vỉa hè kinh doanh 52m/4 tầng 23.5 tỷ,"23,5 tỷ","Đường Vương Thừa Vũ, Phường Khương Mai, Quận Thanh Xuân, Hà Nội",52 m²,4 phòng,4 WC,4,Sổ đỏ,13-11-2025
Hàng hiếm mặt phố Nguyễn Tuân,"14,8 tỷ","Đường Nguyễn Tuân, Phường Hạ Đình, Quận Thanh Xuân, Hà Nội",28.8 m²,2 phòng,1 WC,25,Sổ đỏ,13-11-2025
TÔI CẦN BÁN NHÀ VŨ TÔNG PHAN - 4 TẦNG  FULL NỘI THẤT - Ô TÔ CÁCH 10MI.,"7,3 tỷ","Phường Khương Đình, Quận Thanh Xuân, Hà Nội",33 m² (5.0x7.0),3 phòng,3 WC,4,Giấy tờ hợp lệ,13-11-2025
"Hàng hiếm,Chia lô Nguyễn xiển TX-51 m2x4,5 tầng ô tô tránh kinh doanh","19,9 tỷ","Đường Nguyễn Xiển, Phường Hạ Đình, Quận Thanh Xuân, Hà Nội",51 m²,7 phòng,4 WC,4,Sổ đỏ,13-11-2025
"Bán nhà Nguyễn Trãi Thanh Xuân 39m2, 3 tầng, ba gác cửa – 50m ra ô tô","7,2 tỷ","Phường Khương Đình, Quận Thanh Xuân, Hà Nội",39 m²,4 phòng,N/A,3,Giấy tờ hợp lệ,13-11-2025
"Hot! Khương Trung, ngõ ba gác, nhà dân xây, 5 ngủ. 40mx4T. Chỉ 7,2 tỷ","7,2 tỷ","Phường Khương Trung, Quận Thanh Xuân, Hà Nội",40 m² (3.5x13.0),5 phòng,4 WC,4,Giấy tờ hợp lệ,13-11-2025
"Nhà đẹp Khương Trung 41m2, lô góc, 30m ra ô tô giá 7.8 tỷ","7,8 tỷ","Phường Khương Trung, Quận Thanh Xuân, Hà Nội",41 m²,3 phòng,N/A,N/A,Giấy tờ hợp lệ,13-11-2025
"BÁN CĂN TẬP THỂ GIẢI PHÓNG – THANH XUÂN, 80m² – 2 NGỦ, 2WC – Ở NGAY 🔥","5,8 tỷ","Phường Phương Liệt, Quận Thanh Xuân, Hà Nội",80 m²,2 phòng,2 WC,2,Giấy tờ hợp lệ,13-11-2025
"bán nhà KD mặt Phố Tô Vĩnh Diện DTSĐ 50m2 ,4,5T, GIÁ CHỈ 19 tỷ",19 tỷ,"Đường Hoàng Văn Thái, Phường Khương Trung, Quận Thanh Xuân, Hà Nội",50 m²,N/A,N/A,N/A,Sổ đỏ,12-11-2025
⚡️Không Còn Căn Thứ 2: LÔ GÓC - 5M RA Ô TÔ🚘 - GIÁ ĐẦU 5 🎯. Bán nhà,"5,7 tỷ","Phường Kim Giang, Quận Thanh Xuân, Hà Nội",33 m² (4.2x8.0),3 phòng,2 WC,4,Giấy tờ hợp lệ,12-11-2025
"THANH XUÂN, VỊ TRÍ ĐẸP, XÂY MỚI, NGÕ  RỘNG THOÁNG, TRẢI NHỰA, GẦN PHỐ",Thỏa thuận,"Phường Nhân Chính, Quận Thanh Xuân, Hà Nội",32 m²,N/A,N/A,N/A,Sổ đỏ,23-11-2025
"CHÍNH CHỦ BÁN TÒA  VP MẶT PHỐ VƯƠNG THỪA VŨ, THANH XUÂN",Thỏa thuận,"Phường Khương Mai, Quận Thanh Xuân, Hà Nội",190 m²,N/A,N/A,8,Sổ đỏ,23-11-2025
💥 S.I.Ê.U PHẨM MẶT NGÕ KINH DOANH – GẦN HỒ ĐH – Ô TÔ TRÁNH – 5 TẦNG T,"9,8 tỷ","Đường Khương Trung, Phường Khương Đình, Quận Thanh Xuân, Hà Nội",34 m²,N/A,N/A,5,Sổ đỏ,16-11-2025
QUAN NHÂN – MẶT PHỐ 73.5M² – ĐƯỜNG 8M – Ô CHỜ THANG MÁY – KHAI THÁC DÒ,"16,5 tỷ","Đường Phố Quan Nhân, Phường Thanh Xuân Trung, Quận Thanh Xuân, Hà Nội",69 m² (4.5x14.6),6 phòng,5 WC,5,Sổ đỏ,16-11-2025
"Bán nhà Khương Trung 38m², lô góc thoáng sáng, cách ô tô đỗ 20m","13,8 tỷ","Phường Khương Trung, Quận Thanh Xuân, Hà Nội",38 m²,4 phòng,N/A,N/A,Giấy tờ hợp lệ,12-11-2025
"Bán nhà Vũ Tông Phan 39m² Lô góc hai thoáng 30m ra ô tô, Ở hoặc KD","13,5 tỷ","Phường Khương Đình, Quận Thanh Xuân, Hà Nội",39 m²,4 phòng,N/A,N/A,Giấy tờ hợp lệ,12-11-2025
Tôi cần bán nhà Khuất Duy Tiến 6tầng thang máy full nội thất .,"27,79 tỷ","Phường Nhân Chính, Quận Thanh Xuân, Hà Nội",53 m²,4 phòng,7 WC,6,Giấy tờ hợp lệ,11-11-2025
"Bán nhà chia lô đầu phố Nguyên Xiển,dt 52m2 x 4t, MT 3,6m, ngõ xe tải.","19,2 tỷ","Phường Thanh Xuân Nam, Quận Thanh Xuân, Hà Nội",52 m²,N/A,1,4,Sổ đỏ,11-11-2025
"Bán nhà nguyên căn Nguyễn Tuân 54m*5T, mt 4m, oto ,10m ra phố,19.6tỷ.","19,6 tỷ","Đường Nguyễn Tuân, Phường Thanh Xuân Trung, Quận Thanh Xuân, Hà Nội",54 m² (4.2x12.8),4 phòng,3 WC,5,Sổ hồng,10-11-2025
"Hiếm! Chỉ 7 tỷ thanh xuân 25m, 5 tầng, mt 3m – full nội thất – gần phố","7,3 tỷ","Phường Nhân Chính, Quận Thanh Xuân, Hà Nội",25 m²,3 phòng,N/A,5,Giấy tờ hợp lệ,11-11-2025
"Lô Góc 3 Thoáng, Thang Máy, Gần Sân Chơi, Ô Tô 20m,Ở Ngay Khu Quân Đội","14,6 tỷ","Phường Khương Mai, Quận Thanh Xuân, Hà Nội",41 m²,3 phòng,5 WC,6,Giấy tờ hợp lệ,11-11-2025
"Bán nhà 178 Quan Nhân 35m² x 5T – gần trường học,  chỉ 7.9 tỷ!","7,9 tỷ","Phường Nhân Chính, Quận Thanh Xuân, Hà Nội",35 m² (5.0x7.0),4 phòng,4 WC,5,Giấy tờ hợp lệ,11-11-2025
"Bán Đất Tặng Nhà, Thửa Vuông, Ngõ Nông Gần Phố, Hợp Xây CCMN Đầu Tư","10,5 tỷ","Phường Khương Đình, Quận Thanh Xuân, Hà Nội",87 m²,3 phòng,N/A,N/A,Giấy tờ hợp lệ,11-11-2025
"Bán gấp lô góc Vũ Tông Phan, 45m2, 6T Thang Máy, ngõ nông thông rộng","13,36 tỷ","Phường Khương Đình, Quận Thanh Xuân, Hà Nội",41 m²,4 phòng,N/A,6,Giấy tờ hợp lệ,11-11-2025
Cần bán nhà DT: 50m² 7 tầng thang máy gần KĐT Đại Kim Kim Giang,14 tỷ,"Phường Khương Đình, Quận Thanh Xuân, Hà Nội",54 m² (4.8x11.2),11 phòng,N/A,7,Giấy tờ hợp lệ,11-11-2025
"BÁN NHÀ VŨ TÔNG PHAN, NGÕ NÔNG, BA GÁC TRÁNH 35m2, 5 tầng, giá 7.9 tỷ","7,9 tỷ","Đường Vũ Tông Phan, Phường Khương Đình, Quận Thanh Xuân, Hà Nội",35 m²,3 phòng,4 WC,5,Sổ hồng,10-11-2025
NGÃ TƯ SỞ - PHÂN LÔ QUÂN ĐỘI - ÔTÔ VÀO NHÀ - 1 NHÀ RA PHỐ - HAI THOÁNG,"16,8 tỷ","Phường Khương Mai, Quận Thanh Xuân, Hà Nội",43 m²,N/A,N/A,N/A,Sổ đỏ,21-11-2025
"Bán nhà Bùi Xương Trạch, ô tô vào nhà 7 tầng, MT5m, gồm 19P ngủ, 20 tỷ",20 tỷ,"Đường Bùi Xương Trạch, Phường Khương Trung, Quận Thanh Xuân, Hà Nội",90 m² (5.0x18.0),19 phòng,N/A,7,Sổ đỏ,14-11-2025
"Cc Bán Nhà 8 tầng Thang máy Hoàng Cầu Dt 55m mt5m đường oto 31,8 tỷ.","31,8 tỷ","68, Đường Giải Phóng, Phường Phương Liệt, Quận Thanh Xuân, Hà Nội",66 m²,5 phòng,6 WC,N/A,Sổ đỏ,14-11-2025
"Bán nhà Thanh Xuân 25m² ,5 tầng,mt 3m,full nội thất,30m ra phố, 7.3 tỷ","7,3 tỷ","Phường Nhân Chính, Quận Thanh Xuân, Hà Nội",25 m²,4 phòng,N/A,5,Giấy tờ hợp lệ,10-11-2025
"Nhà Mới 6 Tầng Thang Máy, 15 Bước Ra Phố Trường Chinh, Ngõ Nông Ba Gác","12,8 tỷ","Phường Khương Mai, Quận Thanh Xuân, Hà Nội",40 m²,3 phòng,5 WC,6,Giấy tờ hợp lệ,10-11-2025
CHÍNH CHỦ BÁN NHÀ HOÀNG VĂN THÁI Ô TÔ THANG MÁY,"23,8 tỷ","Phường Khương Trung, Quận Thanh Xuân, Hà Nội",55 m² (7.0x8.0),8 phòng,6 WC,6,Giấy tờ hợp lệ,10-11-2025
Tôi cần bán nhà 4tầng Vũ Hữu mặt ngõ ô tô chánh đỗ kinh doanh,"24,86 tỷ","Phường Nhân Chính, Quận Thanh Xuân, Hà Nội",108 m²,4 phòng,4 WC,4,Giấy tờ hợp lệ,10-11-2025
💥Hiếm Có: HỒ SINH THÁI - 🚘 Ô TÔ ĐỖ CỬA - KINH DOANH - bán nhà THANH,"7,95 tỷ","Phường Khương Đình, Quận Thanh Xuân, Hà Nội",38 m² (4.0x10.0),6 phòng,3 WC,4,Giấy tờ hợp lệ,10-11-2025
Bán nhà lô góc dân xây gần phố Khương Đình Thanh Xuân,"10,25 tỷ","Phường Hạ Đình, Quận Thanh Xuân, Hà Nội",66 m² (4.5x15.0),4 phòng,3 WC,4,Giấy tờ hợp lệ,10-11-2025
"Bán nhà mặt phố Vương Thừa Vũ, Q Thanh Xuân, 100m2, 8 tầng, thang máy.",60 tỷ,"Đường Vương Thừa Vũ, Phường Khương Mai, Quận Thanh Xuân, Hà Nội",100 m² (8.0x12.0),6 phòng,N/A,8,Sổ đỏ,13-11-2025
CẦN BÁN NHÀ VŨ TÔNG PHAN - 2 THOÁNG - ÔTÔ - CÁCH PHỐ 10M -40M - 5 TẦNG,"12,3 tỷ","Đường Vũ Tông Phan, Phường Khương Trung, Quận Thanh Xuân, Hà Nội",40 m²,6 phòng,4 WC,5,Sổ đỏ,13-11-2025
"Bán nhà mặt phố Vương Thừa Vũ Q Thanh Xuân, 55m2, 5 tầng, MT 5m, 23 tỷ",23 tỷ,"Đường Vương Thừa Vũ, Phường Khương Mai, Quận Thanh Xuân, Hà Nội",55 m² (5.0x11.0),6 phòng,N/A,5,Sổ đỏ,13-11-2025
Bán tòa chung cư 123m2 mt 8mx7t trung tâm quận thanh xuân,31 tỷ,"Đường Phố Quan Nhân, Phường Nhân Chính, Quận Thanh Xuân, Hà Nội",123 m²,24 phòng,10 WC,7,Sổ đỏ,13-11-2025
"Bán nhà phố Khương Đình - 30m2, Mt 3.2m, hàng xóm Vinhome Galaxy","8,5 tỷ","Phường Khương Đình, Quận Thanh Xuân, Hà Nội",30 m² (3.2x10.0),3 phòng,4 WC,5,Giấy tờ hợp lệ,09-11-2025
"Bán nhanh Nhà Phố Khương Hạ, oto tránh, 203m2, 8,6m MT, Gía 45 tỷ",45 tỷ,"Đường Khương Đình, Phường Khương Đình, Quận Thanh Xuân, Hà Nội",203 m²,3 phòng,N/A,3,Sổ đỏ,12-11-2025
CHÍNH CHỦ CẦN BÁN TOÀ CHUNG CƯ MINI,29 tỷ,"9 ngách 98/12 Nguyễn Ngọc Nại, Đường Nguyễn Ngọc Nại, Phường Khương Mai, Quận Thanh Xuân, Hà Nội",82 m²,N/A,N/A,7,Sổ hồng,12-11-2025
🔥Chỉ 1 Căn: THỂ ĐẤT ĐẸP - NGÕ 3 GÁC - GPXD 5 TẦNG. bán nhà THANH XUÂN,"4,55 tỷ","Phường Khương Đình, Quận Thanh Xuân, Hà Nội",25 m² (3.2x7.0),2 phòng,2 WC,2,Giấy tờ hợp lệ,08-11-2025
Tôi cần bán nhà Nguyễn Tuân căn góc mặt ngõ ô tô chánh đỗ kinh doanh,"19,79 tỷ","Phường Nhân Chính, Quận Thanh Xuân, Hà Nội",41 m²,6 phòng,5 WC,5,Giấy tờ hợp lệ,08-11-2025
"Khương Trung - Thanh Xuân 32m x 4 tầng mới đẹp, trước nhà thoáng 6 tỷ",6 tỷ,"Phường Khương Trung, Quận Thanh Xuân, Hà Nội",30 m²,3 phòng,4 WC,4,Giấy tờ hợp lệ,08-11-2025
"Bán nhà Vũ Tông Phan,  DT:46m2, ngõ rộng thoáng, gara ô tô trong nhà","15,5 tỷ","Phường Khương Đình, Quận Thanh Xuân, Hà Nội",46 m²,6 phòng,N/A,5,Giấy tờ hợp lệ,08-11-2025
KHƯƠNG ĐÌNH TOÀ CĂN HỘ CAO CẤP 120 Củ/THÁNG – 7 TẦNG – THANG MÁY,"24,5 tỷ","Phường Hạ Đình, Quận Thanh Xuân, Hà Nội",70 m²,11 phòng,7 WC,7,Giấy tờ hợp lệ,08-11-2025
"Gấp! Bán Nhà Hoàng Đạo Thành, 12.5 tỉ, DT 71 m2, 4 tầng, Phân lô QĐ.","12,5 tỷ","Phường Khương Đình, Quận Thanh Xuân, Hà Nội",71 m²,3 phòng,4 WC,4,Giấy tờ hợp lệ,08-11-2025
Binhbds bán chung cư mini vũ tông phan 80m2 x 7 tầng dòng tiền 90tr,"25,5 tỷ","Đường Vũ Tông Phan, Phường Khương Trung, Quận Thanh Xuân, Hà Nội",80 m² (4.0x20.0),13 phòng,13 WC,7,Sổ đỏ,07-11-2025
"Bán nhà riêng 63m mặt phố Giải Phóng, phường Phương Liệt quận Thanh Xu","9,2 tỷ","Đường Giải Phóng, Phường Phương Liệt, Quận Thanh Xuân, Hà Nội",63 m² (4.5x15.0),4 phòng,4 WC,3,Sổ đỏ,07-11-2025
"Nhà Mặt Phố Quan Nhân 84/92m2, 5 tầng, MT: 5 m, Q.Thanh Xuân, Hà Nội",27 tỷ,"Đường Phố Quan Nhân, Phường Nhân Chính, Quận Thanh Xuân, Hà Nội",92 m²,N/A,N/A,5,Sổ đỏ,07-11-2025
"Cần bán nhà ngõ phố Lê Trọng Tấn, ngõ oto tránh, 60m2, 5 tầng, MT 5m.","11,9 tỷ","Đường Lê Trọng Tấn, Phường Khương Mai, Quận Thanh Xuân, Hà Nội",60 m² (5.0x12.0),6 phòng,4 WC,5,Sổ đỏ,11-11-2025
🎈THANH XUÂN - 52M - Ô TÔ - THOÁNG TRƯỚC SAU - SÁT PHỐ - KINH DOANH 💥,"10,2 tỷ","Phường Khương Đình, Quận Thanh Xuân, Hà Nội",52.5 m²,5 phòng,5 WC,5,Giấy tờ hợp lệ,07-11-2025
HOÀNG VĂN THÁI  LÔ GÓC NGÕ BA GÁC GẦN PHỐ THÔNG VƯƠNG THỪA VŨ 6.7T,"6,75 tỷ","Phường Khương Trung, Quận Thanh Xuân, Hà Nội",35 m²,3 phòng,4 WC,4,Giấy tờ hợp lệ,07-11-2025
"VŨ TÔNG PHAN,THANH XUÂN, NGÕ NÔNG, KCBT  48M2, MT4m, giá 8,29 tỷ","8,29 tỷ","Đường Vũ Tông Phan, Phường Khương Đình, Quận Thanh Xuân, Hà Nội",48 m²,4 phòng,4 WC,4,Sổ hồng,06-11-2025
"Siêu Phẩm phố Vương Thừa Vũ, Ô Tô, KD, Lô góc 40m2, MT 4.8m, 15 Tỷ",15 tỷ,"Phường Khương Trung, Quận Thanh Xuân, Hà Nội",40 m²,N/A,N/A,N/A,Sổ đỏ,06-11-2025
💥 MẶT NGÁCH Ô TÔ – 46M – KINH DOANH ĐỈNH – BAY NHANH 💥💥💥,"10,6 tỷ","Phường Khương Đình, Quận Thanh Xuân, Hà Nội",46 m²,5 phòng,4 WC,5,Giấy tờ hợp lệ,07-11-2025
BÁN NHÀ KHƯƠNG TRUNG – 5 TẦNG – NGÕ RỘNG THOÁNG – 35M² – 8.3 tỷ,"8,3 tỷ","Đường Khương Trung, Phường Khương Trung, Quận Thanh Xuân, Hà Nội",35 m²,3 phòng,3 WC,5,Sổ hồng,06-11-2025
BÁN NHÀ – HOÀNG VĂN THÁI – THANH XUÂN-6 TẦNG – THANG MÁY– Ô TÔ,"15,8 tỷ","Đường Hoàng Văn Thái, Phường Khương Trung, Quận Thanh Xuân, Hà Nội",50 m² (5.9x8.5),3 phòng,5 WC,6,Sổ đỏ,06-11-2025
BÁN NHÀ MẶT NGÕ CÓ  CỬA HÀNG NGÕ 125 BÙI XƯƠNG TRẠCH – KHƯƠNG ĐÌNH,"4,3 tỷ","Đường Bùi Xương Trạch, Phường Khương Đình, Quận Thanh Xuân, Hà Nội",35 m²,N/A,N/A,2,Sổ đỏ,10-11-2025
"BÁN NHÀ 6 TẦNG MẶT PHỐ PHƯƠNG LIỆT – TRƯỜNG CHINH, NHỈNH 20 T","20,8 tỷ","Đường Phương Liệt, Phường Phương Liệt, Quận Thanh Xuân, Hà Nội",66 m²,6 phòng,6 WC,6,Sổ đỏ,10-11-2025
Chính chủ bán nhà trục chính đường Lạc Hồng trước cổng trường học,"1,65 tỷ","16, Đường Lạc Hồng, Phường Khương Đình, Quận Thanh Xuân, Hà Nội",42 m² (4.0x8.0),1 phòng,1 WC,1,Hợp đồng mua bán,13-11-2025
"NHÀ 5 TẦNG NGUYỄN TRÃI, THANH XUÂN. 5 PHÚT RA PHỐ ĐI BỘ CHỢ ĐÊM","15,5 tỷ","Đường Nguyễn Trãi, Phường Thượng Đình, Quận Thanh Xuân, Hà Nội",65 m²,5 phòng,4 WC,5,Sổ đỏ,10-11-2025
"Bán nhà phố Kim Giang, ngõ ô tô tránh 90m2, 8 tầng MT 6,5m, 22P, 28 tỷ",28 tỷ,"Phường Khương Đình, Quận Thanh Xuân, Hà Nội",90 m² (6.5x15.0),22 phòng,N/A,8,Sổ đỏ,10-11-2025
"GIÁ 7.9 TỶ! NHÀ NGUYỄN TRÃI - THANH XUÂN: 42M², 50M RA OTO KINH DOANH!","7,9 tỷ","Phường Khương Đình, Quận Thanh Xuân, Hà Nội",42 m²,4 phòng,3,3,Giấy tờ hợp lệ,06-11-2025
Thanh Xuân _  HOA HẬU THANH XUÂN - GẦN Ô TÔ _ 5 Tầng,"8,6 tỷ","Phường Phương Liệt, Quận Thanh Xuân, Hà Nội",35 m²,3 phòng,4 WC,5,Giấy tờ hợp lệ,06-11-2025
🔥NHANH TAY: GẦN PHỐ ‍♀️- NHÀ CHẮC - GIÁ HIẾM🏡 bán nhà THANH XUÂN.,"5,62 tỷ","Phường Thanh Xuân Nam, Quận Thanh Xuân, Hà Nội",30 m² (3.5x7.0),3 phòng,4 WC,5,Giấy tờ hợp lệ,06-11-2025
"Bán Nhà Lê Trọng Tấn, Giá rẻ 12.9 tỉ, DT 59 m2, 5 tầng, Ngõ ô tô","12,9 tỷ","Phường Khương Đình, Quận Thanh Xuân, Hà Nội",59 m²,3 phòng,4 WC,5,Giấy tờ hợp lệ,06-11-2025
NGÕ 236 KHƯƠNG ĐÌNH - NHÀ GẦN MẶT PHỐ - NHIỀU TIỆN ÍCH - XE BA GÁC ĐỖ,"8,5 tỷ","Phường Khương Đình, Quận Thanh Xuân, Hà Nội",30 m² (4.0x8.0),3 phòng,4 WC,5,Giấy tờ hợp lệ,06-11-2025
Chuyển Công Tác Chủ Cần Bán Gấp Nhà Royal City,"11,89 tỷ","Đường Khương Đình, Phường Khương Đình, Quận Thanh Xuân, Hà Nội",45 m²,2,N/A,4,Sổ đỏ,05-11-2025
"Bán nhà cấp 4 + gác xép,","1,95 tỷ","45, 45, Phường Phương Liệt, Quận Thanh Xuân, Hà Nội",40 m² (3.6x11.0),2 phòng,1 WC,N/A,Giấy tờ hợp lệ,09-11-2025
Bán Nhà- 96m2 -6 tầng – Gara ô tô- ngõ ô tô tránh nhau – Lê Trọng Tấn,"17,5 tỷ","Đường Lê Trọng Tấn, Phường Khương Mai, Quận Thanh Xuân, Hà Nội",96 m² (3.5x27.5),7 phòng,8 WC,N/A,Sổ đỏ,05-11-2025
Cần thanh khoản nhanh căn nhà phố Bùi Xương Trạch,9 tỷ,"Đường Bùi Xương Trạch, Phường Khương Đình, Quận Thanh Xuân, Hà Nội",42 m² (4.0x10.5),4 phòng,3 WC,6,Sổ hồng,09-11-2025
BÁN NHÀ 62M2 – 4 TẦNG -THANG MÁY – Ô TÔ – QUAN NHÂN – THANH XUÂN .,"16,3 tỷ","Đường Phố Quan Nhân, Phường Nhân Chính, Quận Thanh Xuân, Hà Nội",62 m² (4.7x13.2),5 phòng,6 WC,4,Sổ đỏ,04-11-2025
"Cần bán nhà ngõ 210 Lê Trọng Tấn, ngõ oto tránh, 60m2, 5 tầng, MT 5m.","11,9 tỷ","Đường Lê Trọng Tấn, Phường Khương Mai, Quận Thanh Xuân, Hà Nội",60 m² (5.0x12.0),6 phòng,4 WC,4,Sổ đỏ,08-11-2025
CẦN BÁN NHÀ 4 TÀNG ĐẸP NGÕ 509 Vũ Tông Phan,"4,2 tỷ","Phường Khương Đình, Quận Thanh Xuân, Hà Nội",31 m²,4 phòng,3 WC,4,Đang chờ sổ,05-11-2025
🔥HÀNG HIẾM! bán nhà THANH XUÂN - 50M RA PHỐ ‍♀️- KHÔNG QUY HOẠCH⛔ -,"5,6 tỷ","Phường Thanh Xuân Nam, Quận Thanh Xuân, Hà Nội",28 m² (3.5x8.0),3 phòng,4 WC,5,Giấy tờ hợp lệ,04-11-2025
🏡 NHÀ ĐẸP PHÂN LÔ – MẶT NGÕ LÊ TRỌNG TẤN – Ô TÔ TRÁNH – Ô CHỜ TM,"16,3 tỷ","Phường Khương Mai, Quận Thanh Xuân, Hà Nội",46 m²,4 phòng,4 WC,4,Giấy tờ hợp lệ,04-11-2025
Nhà đẹp Mặt phố-Nguyễn Ngọc Nại 63mx4T-KD đa dạng-dòng tiền tốt23.5 tỷ,"23,5 tỷ","Phường Khương Mai, Quận Thanh Xuân, Hà Nội",63 m² (4.3x13.0),4 phòng,4 WC,4,Giấy tờ hợp lệ,04-11-2025
"LÔ GÓC,PHÂN LÔ - GẦN Ô TÔ - HOÀNG ĐẠO THÀNH, 30M²,4T, MT 3.6M - SỔ ĐẸP","7,2 tỷ","Phường Kim Giang, Quận Thanh Xuân, Hà Nội",30 m²,3 phòng,4 WC,4,Giấy tờ hợp lệ,04-11-2025
"Mặt ngõ lô góc ngõ thông-Vũ Tông Phan 45mx4T ở cho thuê,KD tốt 11.5tỷ","11,5 tỷ","Phường Khương Đình, Quận Thanh Xuân, Hà Nội",45 m² (7.0x7.0),4 phòng,4 WC,4,Giấy tờ hợp lệ,04-11-2025
Chìa khóa trao tay  33mx6T Khương Hạ oto đỗ cổng  ở thuê- 9.9  tỷ,"9,9 tỷ","Phường Khương Đình, Quận Thanh Xuân, Hà Nội",33 m² (3.0x10.0),5 phòng,5 WC,6,Giấy tờ hợp lệ,04-11-2025
"Nhà đẹp  2 thoáng -Ngõ rộng Vũ Tông Phan 33mx 5T ở, cho thuê. 7.3 tỷ","7,3 tỷ","Phường Khương Đình, Quận Thanh Xuân, Hà Nội",33 m² (6.9x5.0),4 phòng,N/A,55,Giấy tờ hợp lệ,04-11-2025
"Nhà  chắc chắn- gần oto -ngõ Ba gác KIm Giang 42mx 2T  ở ,thuê -8.9 tỷ","8,9 tỷ","Phường Khương Đình, Quận Thanh Xuân, Hà Nội",42 m² (4.0x10.0),2 phòng,2 WC,2,Giấy tờ hợp lệ,04-11-2025
"Bán nhà phố Lê Trọng Tấn, Thanh Xuân 63m, 5 tầng, mt 5m. Giá: 20 tỷ",20 tỷ,"Đường Lê Trọng Tấn, Phường Khương Mai, Quận Thanh Xuân, Hà Nội",63 m²,4 phòng,4 WC,6,Sổ đỏ,03-11-2025
Bán NHÀ mặt ngõ Nguyễn Ngọc Nại DTSĐ 108M X 5T MT6 SĐCC giá 35 tỷ,75 tỷ,"Đường Tô Vĩnh Diện, Phường Khương Mai, Quận Thanh Xuân, Hà Nội",170 m²,N/A,N/A,N/A,Sổ đỏ,28-07-2025
"Bán nhà 216 mặt phố Nguyễn Xiển, diện tích 50 m2, 2 mặt tiền, 2 vỉa hè",29 tỷ,"Đường Nguyễn Xiển, Phường Hạ Đình, Quận Thanh Xuân, Hà Nội",50 m²,N/A,N/A,6,Sổ đỏ,19-10-2025
Bán nhà mặt ngõ hoàng văn thái,Thỏa thuận,"3/109 ngõ 69a, Đường Hoàng Văn Thái, Phường Khương Mai, Quận Thanh Xuân, Hà Nội",67 m²,4,N/A,4,Sổ đỏ,07-11-2025
🔥ĐỪNG LỠ! bán nhà THANH XUÂN 🚗Ô TÔ GẦN - 🏞️HỒ SINH THÁI- 🛣️CỰC,"6,35 tỷ","Phường Khương Trung, Quận Thanh Xuân, Hà Nội",34 m² (3.5x9.0),2 phòng,2 WC,2.5,Giấy tờ hợp lệ,03-11-2025
"🏡 Nhà Đẹp Khương Đình – 5 Tầng Hiện Đại, Nội Thất Sang Trọng","8,5 tỷ","Phường Khương Đình, Quận Thanh Xuân, Hà Nội",32 m²,3 phòng,4 WC,5,Giấy tờ hợp lệ,03-11-2025
"TRUNG TÂM THANH XUÂN, 6 TẦNG THANG MÁY, Ô TÔ ĐỖ CỬA, FULL NỘI THẤT.","15,8 tỷ","Phường Khương Mai, Quận Thanh Xuân, Hà Nội",50 m² (5.0x10.0),3 phòng,5 WC,6,Giấy tờ hợp lệ,03-11-2025
"Bán nhà xây KBT đầu phố Vương Thừa Vũ, dt 33m2 x 5t, MT 3,5m, nhà đẹp.",13 tỷ,"Phường Khương Mai, Quận Thanh Xuân, Hà Nội",33 m²,N/A,1,5,Sổ đỏ,02-11-2025
"Bán nhà ở Nguyễn Thị Định- Lê Văn Lương, mặt tiền rộng thoáng.","14,3 tỷ","Đường Nguyễn Thị Định, Phường Nhân Chính, Quận Thanh Xuân, Hà Nội",36.8 m²,4 phòng,4 WC,5,Sổ đỏ,06-11-2025
"BÁN NHÀ NGÕ 211 KHƯƠNG TRUNG –THANH XUÂN, 50M ,4 TẦNG ,LÔ GÓC 3 THOÁNG","9,95 tỷ","Phường Khương Trung, Quận Thanh Xuân, Hà Nội",50 m²,6 phòng,4 WC,4,Giấy tờ hợp lệ,02-11-2025
"NHÀ ĐẤT HỘ KHẨU THANH XUÂN 5 TẦNG 3PN GIÁ RẺ,MUA LÀ CÓ LÃI","5,66 tỷ","Phường Thanh Xuân Nam, Quận Thanh Xuân, Hà Nội",30 m² (3.5x9.0),3 phòng,3 WC,5,Giấy tờ hợp lệ,02-11-2025
"Bán toà nhà 8 tầng tại đường Lê Văn Lương, Thanh Xuân, Hà Nội",100 tỷ,"23, Đường Lê Văn Lương, Phường Nhân Chính, Quận Thanh Xuân, Hà Nội",150 m²,N/A,N/A,8,Sổ đỏ,26-11-2025
"Bán nhà khu chia lô Nguyễn Xiển- T. Xuân- Hà Nội, s: 50,4m2; 19,9 tỷ","19,9 tỷ","Đường Nguyễn Xiển, Phường Thanh Xuân Trung, Quận Thanh Xuân, Hà Nội",50.4 m²,4 phòng,N/A,4,Sổ đỏ,01-11-2025
"Nhà Đẹp Thang Máy Trường Chinh 39/43m, 6 tầng, mt 7.3m, giá 12.8 tỷ.","12,8 tỷ","Đường Trường Chinh, Phường Khương Mai, Quận Thanh Xuân, Hà Nội",39 m² (7.3x5.4),3 phòng,4 WC,6,Sổ đỏ,01-11-2025
🔥CÒN 1 CĂN! bán nhà THANH XUÂN - 50M RA PHỐ ‍♀️ - KHÔNG QUY HOẠCH⛔ -,"5,73 tỷ","Phường Thanh Xuân Nam, Quận Thanh Xuân, Hà Nội",31 m² (3.5x8.0),3 phòng,4 WC,5,Giấy tờ hợp lệ,01-11-2025
CĂN HỘ TẬP THỂ THANH XUÂN BẮC – TẦNG 2,"4,8 tỷ","Phường Thanh Xuân Trung, Quận Thanh Xuân, Hà Nội",28 m² (4.0x7.0),2 phòng,2 WC,1,Giấy tờ hợp lệ,01-11-2025
HIẾM 7.4T DÂN XÂY THIẾT KẾ HIỆN ĐẠI VÀI MÉT RA OTO NGÕ THÔNG,"7,4 tỷ","Phường Khương Đình, Quận Thanh Xuân, Hà Nội",45 m²,4 phòng,4 WC,5,Giấy tờ hợp lệ,01-11-2025
Nhà đẹp ở ngay lô góc sổ vuông 38mx5T Kim giang ở cho thuê đỉnh 9.5 tỷ,"9,5 tỷ","Phường Thượng Đình, Quận Thanh Xuân, Hà Nội",38 m² (5.0x8.0),3 phòng,4 WC,5,Giấy tờ hợp lệ,01-11-2025
BÁN gẤP CCMN Ngã Tư Sở 10 phòng dòng tiền gần 700 triệu/năm,"14,5 tỷ","Phường Khương Trung, Quận Thanh Xuân, Hà Nội",46.2 m²,10 phòng,7 WC,6,Giấy tờ hợp lệ,01-11-2025
Vương Thừa Vũ Ô Tô Tránh 55m/3 tầng chỉ 16.5 tỷ.,"16,5 tỷ","Đường Vương Thừa Vũ, Phường Khương Mai, Quận Thanh Xuân, Hà Nội",55 m²,2 phòng,N/A,3,Sổ đỏ,31-10-2025
"Bán nhà phân lô 6 tầng thang máy Bùi Xương Trạch 35m2 9,8 tỷ","9,8 tỷ","Đường Bùi Xương Trạch, Phường Khương Đình, Quận Thanh Xuân, Hà Nội",35.5 m² (3.1x12.0),3 phòng,5 WC,6,Sổ đỏ,31-10-2025
BÁN NHÀ VƯƠNG THỪA VŨ 4 TẦNG LÔ GÓC NGÕ Ô TÔ,"14,5 tỷ","Đường Vương Thừa Vũ, Phường Khương Mai, Quận Thanh Xuân, Hà Nội",37 m²,2,1,4,Sổ đỏ,31-10-2025
BÁN NHÀ -49M2-4 TẦNG –6 NGỦ -LÔ GÓC – NGUYỄN TRÃI – THANH XUÂN –CHÀO,9 tỷ,"Đường Nguyễn Trãi, Phường Khương Trung, Quận Thanh Xuân, Hà Nội",49 m² (4.0x12.3),6 phòng,6 WC,4,Sổ đỏ,04-11-2025
BÁN NHÀ NGUYỄN TRÃI – 5 TẦNG – GIÁ CHỈ 2.75 TỶ,"2,75 tỷ","Phường Nhân Chính, Quận Thanh Xuân, Hà Nội",20 m² (4.0x5.0),4 phòng,3 WC,5,Hợp đồng mua bán,31-10-2025
"GIÁ 4.7 TỶ! TẬP THỂ THANH XUÂN - TX: 110M², TẦNG 2 - FULL NỘI THẤT!","4,7 tỷ","Phường Thanh Xuân Bắc, Quận Thanh Xuân, Hà Nội",110 m²,2 phòng,2 WC,1,Giấy tờ hợp lệ,30-10-2025
"Bán nhà 5T Tô Vĩnh Diện, TX 55m, Vỉa hè, Ô tô, KD, Sổ đỏ CC 21.5 tỷ","21,5 tỷ","Phường Khương Trung, Quận Thanh Xuân, Hà Nội",55 m²,4 phòng,N/A,4,Giấy tờ hợp lệ,30-10-2025
"Siêu Phẩm! Phố Hoàng Văn Thái, Gara Ô Tô 7 chỗ, 2 Thoáng, 46m2, 5T, 18","18,9 tỷ","Phường Khương Trung, Quận Thanh Xuân, Hà Nội",46 m²,N/A,N/A,N/A,Sổ đỏ,30-10-2025
TRUNG TÂM THANH XUÂN - NÓI KHÔNG VỚI NGẬP LỤT - Cần Bán nhà Mới đẹp,"11,9 tỷ","Đường Khương Đình, Phường Khương Đình, Quận Thanh Xuân, Hà Nội",42 m² (3.8x12.0),5 phòng,4 WC,5,Sổ đỏ,03-11-2025
"Cần bán nhà Khương Trung 38m2 thoáng sáng, 6 phòng, giá đầu tư 7.4 tỷ","7,4 tỷ","Phường Khương Trung, Quận Thanh Xuân, Hà Nội",38 m²,6 phòng,N/A,4,Giấy tờ hợp lệ,30-10-2025
CƠ HỘI HIẾM CÓ! NHÀ 71M² Ô TÔ ĐỖ CỬA - NHẬN FULL NỘI THẤT- Nhỉnh 12tỷ,"12,9 tỷ","Phường Khương Đình, Quận Thanh Xuân, Hà Nội",71 m²,3 phòng,1,3,Giấy tờ hợp lệ,30-10-2025
"Nhanh! Khương Trung, 30m ra ô tô, ngõ ba gác, nhà dân. 31m. Chỉ 6,3 ty","6,3 tỷ","Phường Khương Trung, Quận Thanh Xuân, Hà Nội",31 m² (3.5x9.0),3 phòng,2 WC,3,Giấy tờ hợp lệ,30-10-2025
"📌 Nhà Lô Góc 3 Thoáng Ở Khương Trung 50m2, 60m ra Oto, Giá 10.5 Tỷ","10,5 tỷ","Phường Thanh Xuân Trung, Quận Thanh Xuân, Hà Nội",50 m²,4 phòng,3 WC,4,Giấy tờ hợp lệ,30-10-2025
"Bán nhà đẹp, DT: 31m2 Kim Giang 5 tầng full nội thất gần phố ô tô","8,35 tỷ","Phường Kim Giang, Quận Thanh Xuân, Hà Nội",31 m²,3 phòng,N/A,5,Giấy tờ hợp lệ,30-10-2025
BÁN ĐẤT - PHỐ CHÍNH KINH - CẠNH TIỆM VÀNG - AN NINH TỐT - KINH DOANH,"37,9 tỷ","Phường Thanh Xuân Trung, Quận Thanh Xuân, Hà Nội",85 m² (8.0x10.5),1 phòng,1 WC,1,Giấy tờ hợp lệ,30-10-2025
HÀNG HIẾM! bán nhà THANH XUÂN - 50M RA PHỐ‍♀️- KHÔNG QUY HOẠCH⛔ - GIÁ,"5,75 tỷ","Phường Thanh Xuân Nam, Quận Thanh Xuân, Hà Nội",32 m² (3.5x8.0),3 phòng,4 WC,5,Giấy tờ hợp lệ,30-10-2025
NHÀ GẦN MẶT PHỐ NGUYỄN TRÃI - HÀNG HIẾM NHÀ RIÊNG MẶT NGÕ KINH DOANH,"2,75 tỷ","Phường Thượng Đình, Quận Thanh Xuân, Hà Nội",20 m² (4.0x5.0),2 phòng,2 WC,5,Hợp đồng mua bán,30-10-2025
"Phân lô mặt ngõ vip Nguyễn Tuân-TX- oto tránh 52mx4T ở thuê,KD 22.9 tỷ","22,9 tỷ","Phường Thanh Xuân Nam, Quận Thanh Xuân, Hà Nội",52 m² (3.7x13.0),5 phòng,4 WC,4,Giấy tờ hợp lệ,30-10-2025
"Siêu Hiếm! Bán nhà Tô Vĩnh Diện, Ô tô, 20m ra Phố, 48m2, MT 4,4m, 16 T",16 tỷ,"Đường Tô Vĩnh Diện, Phường Khương Trung, Quận Thanh Xuân, Hà Nội",48 m²,N/A,N/A,4,Sổ đỏ,29-10-2025
"Quá hời khu phân lô 90 Nguyễn Tuân 7,45 tỷ nhà 4 tầng",Thỏa thuận,"Đường Nguyễn Tuân, Phường Thanh Xuân Trung, Quận Thanh Xuân, Hà Nội",25 m²,N/A,N/A,4,Sổ đỏ,29-10-2025
"NHÀ MỚI KHƯƠNG ĐÌNH – LÔ GÓC – 35Mx6T THANG MÁY – CÁCH PHỐ 70M, SỔ ĐẸP","9,3 tỷ","Phường Khương Đình, Quận Thanh Xuân, Hà Nội",35 m²,3 phòng,5 WC,6,Giấy tờ hợp lệ,29-10-2025
BÁNNHÀ ĐẦU PHỐ TRIỀU KHÚC🏡Ô TÔ ĐỖ GẦN🌹190tr/m2-NÓI KHÔNG VỚI QUY HOẠCH,"9,05 tỷ","Phường Thanh Xuân Nam, Quận Thanh Xuân, Hà Nội",47 m² (3.8x11.0),4 phòng,N/A,4,Giấy tờ hợp lệ,29-10-2025
"Hot! Khương Trung, 2 thoáng, ngõ ba gác, nhà dân đẹp. 30mx4T. Chỉ 6,2t","6,2 tỷ","Phường Khương Trung, Quận Thanh Xuân, Hà Nội",30 m² (3.3x9.0),3 phòng,3 WC,4,Giấy tờ hợp lệ,29-10-2025
CHDV DÒNG TIỀN   -23 KHÉP KÍN FULL ĐỒ - LÔ GÓC 2 MẶT TIỀN - Ô TÔ 7 CHỖ,28 tỷ,"Phường Khương Đình, Quận Thanh Xuân, Hà Nội",80 m²,11 phòng,7 WC,7,Giấy tờ hợp lệ,29-10-2025
"Phân Lô Quân Đội - Dòng Tiền 1,2 Tỏi/Năm - Ô Tô Tránh Cách Nhà 5m","20,5 tỷ","Phường Khương Mai, Quận Thanh Xuân, Hà Nội",61 m²,11 phòng,7 WC,7,Giấy tờ hợp lệ,29-10-2025
Bán nhà tập thể tầng 1 khu Thanh Xuân,7 tỷ,"Phường Khương Đình, Quận Thanh Xuân, Hà Nội",33 m²,3 phòng,2 WC,N/A,Giấy tờ hợp lệ,29-10-2025
Gà Đẻ Trứng Vàng 11P Khép Kín Phố Nguyễn Trãi - Thanh Xuân,"11,9 tỷ","Phường Thanh Xuân Trung, Quận Thanh Xuân, Hà Nội",50 m²,11 phòng,7 WC,5,Giấy tờ hợp lệ,29-10-2025
Tôi cần bán nhà 6tầng mặt ngõ ô tô chánh đỗ kinh doanh vỉa hè rộngrãi.,"24,45 tỷ","Phường Thanh Xuân Trung, Quận Thanh Xuân, Hà Nội",50 m²,6 phòng,6 WC,6,Giấy tờ hợp lệ,29-10-2025
Xem là chốt nha mặt ngõ kinh doanh Nguyễn Trãi-full nội thất-20m*5T;3N,"2,75 tỷ","Phường Thượng Đình, Quận Thanh Xuân, Hà Nội",20 m²,3 phòng,N/A,5,Giấy tờ khác,29-10-2025
"Nhà đẹp Phố Khương Hạ, Quận Thanh Xuân. DT:34m, 5 tầng. Giá:7,8 tỷ","7,8 tỷ","8, Đường Khương Hạ, Phường Hạ Đình, Quận Thanh Xuân, Hà Nội",34 m²,3 phòng,3 WC,5,Sổ đỏ,01-11-2025
"Bán nhà Phân lô Quân Đội Lê Trọng Tấn 73m²,Ngõ ô tô  – Giá 16.8 tỷ","16,8 tỷ","Đường Lê Trọng Tấn, Phường Khương Mai, Quận Thanh Xuân, Hà Nội",73 m²,4 phòng,3 WC,4,Sổ đỏ,01-11-2025
CCMN VƯƠNG THỪA VŨ - 7 TẦNG THANG MÁY - 10 PHÒNG XỊN - DT 70m/THÁNG,"14,5 tỷ","Phường Khương Mai, Quận Thanh Xuân, Hà Nội",47 m² (4.0x12.0),11 phòng,7 WC,7,Giấy tờ hợp lệ,28-10-2025
HOÀNG VĂN THÁI - LÔ GÓC - PHÂN LÔ - Ô TÔ - KINH DOANH - 2 THOÁNG,"18,61 tỷ","Phường Khương Mai, Quận Thanh Xuân, Hà Nội",60 m² (5.0x12.0),4 phòng,5 WC,N/A,Giấy tờ hợp lệ,28-10-2025
TRUNG TÂM THANH XUÂN – CHDV DÒNG TIỀN KHỦNG – LÔ GÓC 2 MẶT TIỀN- 28 Ty,28 tỷ,"Phường Khương Đình, Quận Thanh Xuân, Hà Nội",80 m² (5.4x16.0),11 phòng,N/A,7,Giấy tờ hợp lệ,28-10-2025
NHÀ PHÂN LÔ - Ô TÔ TRÁNH - CÓ SÂN ĐỖ Ô TÔ,"27,5 tỷ","Phường Khương Mai, Quận Thanh Xuân, Hà Nội",81.6 m² (4.0x20.4),8 phòng,4 WC,4,Giấy tờ hợp lệ,28-10-2025
Siêu phẩm Chân Dài siêu mới Bùi Xương Trạch 46mx5 chỉ nhỉnh nhẹ 8đồng,"7,9 tỷ","Phường Khương Đình, Quận Thanh Xuân, Hà Nội",45.8 m²,4 phòng,4 WC,5,Giấy tờ hợp lệ,28-10-2025
"bán nhà mặt phố Chính Kinh- Thanh Xuân, DT: 30m2 chỉ nhỉnh 9 tỷ","9,2 tỷ","Phường Thanh Xuân Trung, Quận Thanh Xuân, Hà Nội",30 m²,3 phòng,N/A,5,Giấy tờ hợp lệ,28-10-2025
LÊ TRỌNG TẤN MẶT NGÕ THÔNG OTO LÔ GÓC DÂN XÂY VỪA Ở VỪA KINH DOANH 10T,"10,3 tỷ","Phường Khương Đình, Quận Thanh Xuân, Hà Nội",45 m²,3 phòng,3 WC,3,Giấy tờ hợp lệ,28-10-2025
Bán nhà lô góc gần phố Vũ Tông Phan Thanh Bình,"6,9 tỷ","Phường Khương Đình, Quận Thanh Xuân, Hà Nội",34 m² (4.2x9.0),6 phòng,4 WC,5,Giấy tờ hợp lệ,28-10-2025
45m2*4 tầng- 2 thoáng cửa sổ-có ban công 11.6 tỷ ngõ 142 Khương Đình,"11,6 tỷ","142, Đường Khương Đình, Phường Khương Đình, Quận Thanh Xuân, Hà Nội",45 m²,5 phòng,4 WC,4,Sổ đỏ,07-11-2025
Bán nhà đất 393 Nguyễn xiển đang cho thuê,43 tỷ,"Đường Nguyễn Xiển, Phường Kim Giang, Quận Thanh Xuân, Hà Nội",145 m² (15.6x7.3),N/A,N/A,N/A,Sổ đỏ,03-11-2025
Thanh Xuân 31m/5 tầng ô tô đỗ cổng chỉ 7.3 tỷ,"7,3 tỷ","Đường Vũ Tông Phan, Phường Khương Đình, Quận Thanh Xuân, Hà Nội",31 m²,3 phòng,3 WC,5,Sổ đỏ,31-10-2025
"Hàng hiếm, ngõ ô tô thông, nhà đẹp Hoàng Văn Thái, Thanh Xuân, Hà Nội","4,25 tỷ","Phường Khương Trung, Quận Thanh Xuân, Hà Nội",86 m² (5.0x17.2),2 phòng,2 WC,2,Giấy tờ khác,27-10-2025
"Bán nhà riêng ngõ vũ hữu thanh Xuân Bắc phường thanh Xuân,33m2x 2 tầng","2,2 tỷ","Đường Vũ Hữu, Phường Thanh Xuân Bắc, Quận Thanh Xuân, Hà Nội",33 m²,N/A,N/A,2,Sổ đỏ,07-11-2025
"Nhà Đẹp Gần Phố, Phan Đình Giót, Thanh Xuân  80m, mt 4m, giá 4.85 tỷ.","4,85 tỷ","Đường Phan Đình Giót, Phường Phương Liệt, Quận Thanh Xuân, Hà Nội",80 m² (4.0x20.0),2 phòng,2 WC,1,Sổ đỏ,26-10-2025
"Nhà phân lô 6 tầng thang máy - Bùi Xương Trạch 35m2 ,Mt 3m giá 9,8 tỷ","9,8 tỷ","Phường Khương Đình, Quận Thanh Xuân, Hà Nội",35.5 m² (3.1x12.0),3 phòng,5 WC,6,Giấy tờ hợp lệ,27-10-2025
"Bán nhà phân lô Vương Thừa Vũ, Thanh Xuân, ô tô đỗ cổng, 89m, 11.9 tỷ","11,9 tỷ","Đường Vương Thừa Vũ, Phường Khương Đình, Quận Thanh Xuân, Hà Nội",89 m²,5 phòng,4 WC,N/A,Sổ hồng,26-10-2025
"HÀNG HIẾM HOÀNG VĂN THÁI,PHÂN LÔ QUÂN ĐỘI, Ô TÔ TRÁNH,NGÕ THÔNG,Ở SƯỚN","20,8 tỷ","Đường Lê Trọng Tấn, Phường Khương Trung, Quận Thanh Xuân, Hà Nội",55 m²,4 phòng,4 WC,5,Sổ đỏ,30-10-2025
"Bán Nhà Dòng Tiền Vương Thừa Vũ 65m, 8 tầng, mt 3.9m, giá 30 tỷ.",30 tỷ,"Đường Vương Thừa Vũ, Phường Khương Mai, Quận Thanh Xuân, Hà Nội",65 m² (3.9x16.6),14 phòng,14 WC,8,Sổ đỏ,26-10-2025
"Nhà Mới Thang Máy Full Nội Thất, Giá Tốt, Chủ Thiện Chí","9,47 tỷ","Đường Khương Đình, Phường Hạ Đình, Quận Thanh Xuân, Hà Nội",35 m²,4 phòng,5 WC,6,Sổ đỏ,06-11-2025
"Nhà Đẹp Phố Phan Đình Giót - Thanh Xuân 32m, 5 tầng, mt 3.7m, nhỉnh 8","8,6 tỷ","Phường Khương Mai, Quận Thanh Xuân, Hà Nội",34 m²,4 phòng,4 WC,5,Giấy tờ hợp lệ,26-10-2025
"CC Cần bán Nhà: Phân lô, Ôtô , Dân trí cao, Kinh doanh, Gần phố",14 tỷ,"Phường Thanh Xuân Bắc, Quận Thanh Xuân, Hà Nội",50 m² (3.6x14.0),4 phòng,4 WC,4,Sổ đỏ,25-10-2025
"Bán Nhà Hoàng Văn Thái 6 Tầng Xây Mới Mặt Tiền 8,4M ( Cách Ô Tô 5M )","15,6 tỷ","Đường Hoàng Văn Thái, Phường Khương Trung, Quận Thanh Xuân, Hà Nội",50 m²,3 phòng,6 WC,6,Sổ đỏ,25-10-2025
Bán nhà TT Quận Thanh Xuân :DT 50m: 5 tầng .ngõ 3 gác,"8,6 tỷ","Phường Khương Đình, Quận Thanh Xuân, Hà Nội",50 m²,3 phòng,3 WC,5,Giấy tờ hợp lệ,26-10-2025
"Bán tòa văn phòng mặt phố Nguyễn Ngọc Nại,100m2, 8 tầng chỉ 550tr/m,đầ",Thỏa thuận,"Phường Khương Trung, Quận Thanh Xuân, Hà Nội",45 m²,3 phòng,N/A,8,Sổ đỏ,29-10-2025
BÁN NHÀ 30M RA MẶT PHỐ VŨ TÔNG PHAN – LÔ GÓC – 2 THOÁNG VĨNH VIỄN!,"3,5 tỷ","Phường Khương Đình, Quận Thanh Xuân, Hà Nội",30 m²,3 phòng,N/A,3,Hợp đồng mua bán,25-10-2025
"QUAN NHÂN nhà mới 36mx5– LÔ GÓC 2 THOÁNG,chỉ 7 đồng bay nhanh luôn",7 tỷ,"Phường Nhân Chính, Quận Thanh Xuân, Hà Nội",35 m² (5.2x7.0),4 phòng,5 WC,5,Giấy tờ hợp lệ,25-10-2025
Bán nhà đẹp ở ngay cách ô tô 10m Phố Khương Trung Thanh Xuân,"8,95 tỷ","Phường Khương Đình, Quận Thanh Xuân, Hà Nội",30 m² (3.4x9.0),3 phòng,4 WC,4,Giấy tờ hợp lệ,25-10-2025
SIÊU PHẨM KHUẤT DUY TIẾN  OTO THÔNG SÀN THANG MÁY NHẬP KHẨU SỊN SÒ,"20,95 tỷ","Phường Thanh Xuân Bắc, Quận Thanh Xuân, Hà Nội",51 m²,5 phòng,5 WC,7,Giấy tờ hợp lệ,25-10-2025
BÁN NHÀ MẶT TIỀN KINH DOANH Ở KHƯƠNG TRUNG 7PN MT 3.4M2,"12,5 tỷ","Phường Khương Trung, Quận Thanh Xuân, Hà Nội",33 m²,7 phòng,5 WC,5,Giấy tờ hợp lệ,25-10-2025
Bán nhà gần phố gần ô tô Phố Chính Kinh Thanh Xuân,"12,5 tỷ","Phường Nhân Chính, Quận Thanh Xuân, Hà Nội",55 m² (6.5x8.0),2 phòng,3 WC,4,Giấy tờ hợp lệ,25-10-2025
Siêu hiếm phố Nhân Hoà chưa đến 5 tỷ ô tô đỗ - kinh doanh 10m ra phố,"4,85 tỷ","Phường Nhân Chính, Quận Thanh Xuân, Hà Nội",80 m²,3 phòng,2 WC,1,Giấy tờ hợp lệ,24-10-2025
Bán nhà phố Nhân Hoà ô tô chạy qua nhà vị trí vip cực hiếm nhà bán,"13,25 tỷ","Phường Nhân Chính, Quận Thanh Xuân, Hà Nội",40 m²,3 phòng,4 WC,6,Giấy tờ hợp lệ,24-10-2025
"BÁN NHÀ LÊ TRỌNG TẤN GẦN Ô TÔ, 4 NGỦ, MẶT TIỀN HƠN 4M","11,5 tỷ","Phường Khương Mai, Quận Thanh Xuân, Hà Nội",46 m²,4 phòng,3 WC,4,Giấy tờ hợp lệ,24-10-2025
BÁN NHÀ VŨ TÔNG PHAN – 38M² – 6T THANG MÁY – NHÀ MỚI ĐẸP – 15M RA Ô TÔ,"9,5 tỷ","Phường Khương Đình, Quận Thanh Xuân, Hà Nội",38 m² (3.5x10.9),4 phòng,4 WC,6,Giấy tờ hợp lệ,24-10-2025
"NguyễnViết Xuân 36mx4 Nhà đẹp này,nyc có quaylại cũng không cho ở nhờ.","6,85 tỷ","Phường Khương Mai, Quận Thanh Xuân, Hà Nội",36 m²,4 phòng,3 WC,4,Giấy tờ hợp lệ,24-10-2025
🌹🌹VIP - NHÀ ĐẸP - Ô TÔ ĐÂM THẲNG NHÀ  - LÔ GÓC - CHỈ 15M RA PHỐ🌹🌹,"18,5 tỷ","Phường Khương Đình, Quận Thanh Xuân, Hà Nội",43 m²,4 phòng,5 WC,N/A,Giấy tờ hợp lệ,24-10-2025
"BÁN NHÀ PHÂN LÔ NGUYỄN TUÂN, THANH XUÂN 25M 3 NGỦ 6.75 TỶ","6,75 tỷ","Phường Thanh Xuân Trung, Quận Thanh Xuân, Hà Nội",25 m²,3 phòng,N/A,4,Giấy tờ hợp lệ,24-10-2025
"SIÊU PHẨM HOÀNG VĂN THÁI - 6 TẦNG 1 TUM XÂY MỚI, NỘI THẤT HIỆN ĐẠI","15,6 tỷ","Phường Khương Mai, Quận Thanh Xuân, Hà Nội",50 m² (8.4x6.5),4 phòng,4 WC,7,Giấy tờ hợp lệ,24-10-2025
BÁN NHÀ VŨ TÔNG PHAN GẦN NGÃ TƯ SỞ NGÕ TO GẦN Ô TÔ DT: 31m2*5 Tầng,"7,3 tỷ","Phường Khương Đình, Quận Thanh Xuân, Hà Nội",31 m² (6.0x5.5),4 phòng,4 WC,5,Giấy tờ hợp lệ,24-10-2025
"[QUÁ HÓT] BÁN NHÀ KHƯƠNG ĐÌNH - 38M2, 6T THANG MÁY -  CHỈ 9.2 TỶ","9,2 tỷ","Phường Khương Đình, Quận Thanh Xuân, Hà Nội",38 m² (4.0x9.5),4 phòng,N/A,6,Giấy tờ hợp lệ,24-10-2025
"QUAN NHÂN nhà mới siêu đẹp 35mx5–LÔ GÓC 2THOÁNG, nhỉnh nhẹ 7 đồng thoi","7,25 tỷ","Phường Nhân Chính, Quận Thanh Xuân, Hà Nội",34 m² (5.0x7.0),4 phòng,4 WC,5,Giấy tờ hợp lệ,24-10-2025
Trục chính đường Lạc Hồng 34m ô tô tránh,"1,65 tỷ","Phường Khương Đình, Quận Thanh Xuân, Hà Nội",34 m² (4.0x8.5),1 phòng,1 WC,1,Hợp đồng mua bán,24-10-2025
KHƯƠNG TRUNG 30M MẶT PHỐ 6 TẦNG–8 NGỦ- CHO THUÊ ĐUỔI MÃI KO HẾT KHÁCH,"8,7 tỷ","Phường Khương Mai, Quận Thanh Xuân, Hà Nội",34 m² (3.6x9.8),8 phòng,4 WC,6,Giấy tờ hợp lệ,24-10-2025
13TỶ25 40M2 NHÂN HOÀ TXUÂN- NHÀ ĐẸP 6 TẦNG - GARA OTO - KDOANH TẤP NẬP,"13,25 tỷ","Phường Nhân Chính, Quận Thanh Xuân, Hà Nội",34 m² (5.7x6.0),3 phòng,4 WC,6,Giấy tờ hợp lệ,24-10-2025
"BAY QUAN NHÂN 6 ngủ nhỉnh 6 đồng,vừa ở vừa cho thuê đuổi khách ko hết","6,85 tỷ","Phường Nhân Chính, Quận Thanh Xuân, Hà Nội",31 m²,6 phòng,4 WC,6,Giấy tờ hợp lệ,24-10-2025
"Bán Nhà Hoàng Văn Thái Cực Hiếm, diện tích 50m2 4 tầng chỉ nhô 12 tỷ","12,5 tỷ","Phường Khương Trung, Quận Thanh Xuân, Hà Nội",50 m² (4.1x13.0),3 phòng,3 WC,4,Giấy tờ hợp lệ,23-10-2025
"chính chủ cần bán na 30,4m2 gia 7ty5",750 triệu,"Phường Hạ Đình, Quận Thanh Xuân, Hà Nội",30.4 m²,4 phòng,2 WC,3,Giấy tờ hợp lệ,23-10-2025
"BÁN NHÀ THANH XUÂN CHÍNH KINH 55M² × 4,5 TẦNG Ô TÔ TRÁNH 20M - MT 8M",Thỏa thuận,"Phường Thanh Xuân Bắc, Quận Thanh Xuân, Hà Nội",55 m²,N/A,N/A,4.5,Sổ đỏ,28-10-2025
Hoàng Văn Thái - Phân lô 6 tầng thang máy - oto tránh - 50m2 - 10 tỷ,Thỏa thuận,"Đường Hoàng Văn Thái, Phường Khương Trung, Quận Thanh Xuân, Hà Nội",50 m²,6 phòng,6 WC,6,Sổ đỏ,28-10-2025
"Toà nhà VP mới đẹp, vỉa hè, kinh doanh, ô tô tránh, thang máy xịn","25,8 tỷ","Đường Phan Đình Giót, Phường Phương Liệt, Quận Thanh Xuân, Hà Nội",68 m² (4.5x16.0),7 phòng,7 WC,7,Sổ đỏ,23-10-2025
"🏡 nhà mới Kim Giang- Thanh Xuân ,ở ngay","3,6 tỷ","Phường Kim Giang, Quận Thanh Xuân, Hà Nội",40 m²,3 phòng,3 WC,5,Sổ đỏ,27-10-2025
"Bán nhà tập thể Thanh Xuân, tầng 2, dt 110m2, full đồ, 4,8 tỷ","4,8 tỷ","Phường Thanh Xuân Bắc, Quận Thanh Xuân, Hà Nội",110 m²,2,N/A,N/A,Sổ đỏ,30-10-2025
BÁN NHÀ THANH XUÂN - MẶT PHỐ - VIEW HỒ - OTO TRÁNH - Ở NGAY,23 tỷ,"Phường Khương Đình, Quận Thanh Xuân, Hà Nội",63 m²,4 phòng,3 WC,4,Giấy tờ hợp lệ,23-10-2025
"bán nhà KhươngTrung, 4 tầng, 60m2,chỉ nhô 13 tỷ.tránh ô tô, kinh doanh","13,8 tỷ","Phường Khương Trung, Quận Thanh Xuân, Hà Nội",60 m² (5.0x4.8),5 phòng,3 WC,4,Giấy tờ hợp lệ,23-10-2025
"MẶT NGÕ – PHAN ĐÌNH GIÓT – NHÀ ĐẸP, GẦN Ô TÔ FULL NỘI THẤT","8,6 tỷ","Phường Phương Liệt, Quận Thanh Xuân, Hà Nội",36 m²,3 phòng,4 WC,5,Giấy tờ hợp lệ,23-10-2025
63m2 nhà cấp 4 ngõ oto Nguyễn Xiển giá chỉ 2.3 tỷ,"2,25 tỷ","Phường Hạ Đình, Quận Thanh Xuân, Hà Nội",63 m²,2 phòng,1 WC,1,Sổ hồng,23-10-2025
"GIÁ 5.75 TỶ! NHÀ TRIỀU KHÚC - THANH XUÂN: 30M², 5 TẦNG - 50M RA PHỐ!","5,75 tỷ","Phường Phương Liệt, Quận Thanh Xuân, Hà Nội",30 m²,3 phòng,3,5,Giấy tờ hợp lệ,23-10-2025
"GIÁ 9.998 TỶ! NHÀ LÊ TRỌNG TẤN - THANH XUÂN: 36M², 6 TẦNG - OTO ĐỖ","9,99 tỷ","Phường Khương Đình, Quận Thanh Xuân, Hà Nội",36 m²,4 phòng,N/A,6,Giấy tờ hợp lệ,23-10-2025
💎 SIÊU PHẨM VƯƠNG THỪA VŨ – 50m CHỈ 21.2 TỶ,"21,2 tỷ","Phường Khương Trung, Quận Thanh Xuân, Hà Nội",50 m² (5.1x9.0),4 phòng,6 WC,7,Giấy tờ hợp lệ,23-10-2025
"Siêu phẩm! Nhà Trường Chinh, full nội thất đẹp như 5 sao, 30m ra phố","12,5 tỷ","Phường Khương Mai, Quận Thanh Xuân, Hà Nội",45 m²,4 phòng,N/A,6,Giấy tờ hợp lệ,23-10-2025
"Quá hời khu phân lô 90 Nguyễn Tuân 7,45 tỷ nhà 4 tầng","7,45 tỷ","Phường Thanh Xuân Trung, Quận Thanh Xuân, Hà Nội",25 m²,3 phòng,N/A,4,Giấy tờ hợp lệ,23-10-2025
NHÀ ĐẤT TRUNG TÂM THANH XUÂN – 80M2 - GIÁ ĐẦU TƯ CHỈ 13 TỶ,13 tỷ,"Phường Thượng Đình, Quận Thanh Xuân, Hà Nội",80 m² (4.0x20.0),4 phòng,N/A,4,Giấy tờ hợp lệ,23-10-2025
"!OTO ĐỖ CỬA VÀO NHÀ ! MỘT NHÀ RA PHỐ ! THÔNG SÀN KINH DOANH ! 9,6 TỶ !",96 tỷ,"Đường Kim Giang, Phường Kim Giang, Quận Thanh Xuân, Hà Nội",33 m²,3,N/A,6,Sổ hồng,27-10-2025
"Bán nhà Mặt Phố Thượng Đình, 7T Thang Máy, KD, 38m2, MT 3.6m, 22 Tỷ.",22 tỷ,"Phường Thượng Đình, Quận Thanh Xuân, Hà Nội",38 m²,N/A,N/A,7,Sổ đỏ,27-10-2025
"Chính chủ cần bán nhà 6 tầng lầu, thang máy ở ngã tư sở","9,3 tỷ","Đường Khương Đình, Phường Khương Đình, Quận Thanh Xuân, Hà Nội",32 m² (4.0x8.0),4 phòng,5 WC,6,Sổ đỏ,26-10-2025
Bán Nhà Khương Hạ chưa đến 10 tỷ. 31 met 6 tâng ngõ thông,"9,9 tỷ","Phường Khương Trung, Quận Thanh Xuân, Hà Nội",31 m²,3 phòng,3 WC,6,Giấy tờ hợp lệ,22-10-2025
"BÁN GẤP NHÀ PHỐ BÙI XƯƠNG TRẠCH  DT 30M  6TẦNG 4 NGỦ ,NHÀ ĐẸP Ở NGAY","8,6 tỷ","Phường Khương Đình, Quận Thanh Xuân, Hà Nội",30 m² (3.7x8.5),4 phòng,N/A,6,Giấy tờ hợp lệ,22-10-2025
"11TỶ9 BÁN GẤP CCMN DTIỀN TỐT 41M2 6 TẦNG THANG MÁY, KHƯƠNG HẠ, T.XUÂN","11,9 tỷ","Phường Khương Đình, Quận Thanh Xuân, Hà Nội",41 m² (3.6x10.3),10 phòng,N/A,6,Giấy tờ hợp lệ,22-10-2025
Bán nhà phương liệt thanh xuân diện tích. 65.m2 xây dựng. 5 tầng.,"19,8 tỷ","Phường Phương Liệt, Quận Thanh Xuân, Hà Nội",65 m² (5.0x12.0),5 phòng,4 WC,5,Giấy tờ hợp lệ,22-10-2025
Bán nhà lô góc 3 thoáng Lương Thế Vinh Nguyễn Trãi S80m 5T giá 22 tỷ,22 tỷ,"Phường Thanh Xuân Nam, Quận Thanh Xuân, Hà Nội",74 m²,8 phòng,7 WC,5,Giấy tờ hợp lệ,22-10-2025
BÁN NHÀ PHÂN LÔ HOÀNG VĂN THÁI DT - 46M² x 4T - MT 4.1M - GARA Ô TÔ,"17,5 tỷ","Đường Hoàng Văn Thái, Phường Khương Mai, Quận Thanh Xuân, Hà Nội",46 m²,N/A,N/A,N/A,Sổ đỏ,25-10-2025
"Bán Mảnh Đất Khu Quan Nhân Mặt Bằng 120m, Mặt Tiền 8.5m, 2.5 Tầng","22,8 tỷ","Đường Quan Nhân, Phường Nhân Chính, Quận Thanh Xuân, Hà Nội",120 m²,N/A,N/A,2.5,Sổ đỏ,27-10-2025
"Bán Nhà 22 Ngõ 92 Vương Thừa Vũ, Khương Trung, Thanh Xuân","21,9 tỷ","Phường Khương Trung, Quận Thanh Xuân, Hà Nội",102 m² (3.3x25.0),8 phòng,N/A,N/A,Giấy tờ hợp lệ,21-10-2025
"BÁN CCMN THANH XUÂN - NGÃ TƯ SỞ - Ô TÔ THÔNG - DÒNG TIỀN 1,3 tỷ/Năm",25 tỷ,"Phường Khương Mai, Quận Thanh Xuân, Hà Nội",87 m²,11 phòng,7 WC,7,Giấy tờ hợp lệ,21-10-2025
"Nhà hiếm khu VIP Hà Nội, nhà mới vừa ở vừa kinh doanh. SỔ HOA HẬU","8,9 tỷ","Phường Nhân Chính, Quận Thanh Xuân, Hà Nội",30 m² (3.0x10.0),3 phòng,N/A,6,Giấy tờ hợp lệ,21-10-2025
15TỶ5 CẦN BÁN GẤP N.ĐẸP KHƯƠNG HẠ 46M2-GARA 7 CHỖ-VIEW HỒ-NỘI THẤT VIP,"15,5 tỷ","Phường Khương Đình, Quận Thanh Xuân, Hà Nội",46 m² (3.4x13.7),6 phòng,4 WC,5,Giấy tờ hợp lệ,21-10-2025
NHÀ ĐẸP 5 TẦNG 57M2 19TỶ8 T.TÂM THANH XUÂN – GARA ÔTÔ – THANG MÁY,"19,8 tỷ","Phường Phương Liệt, Quận Thanh Xuân, Hà Nội",57 m²,5 phòng,N/A,5,Giấy tờ hợp lệ,21-10-2025
"Giá giật mình! Chính Kinh, 40m ra phố, ngõ ba gác, dân xây. Chỉ 6 tỷ",6 tỷ,"Phường Nhân Chính, Quận Thanh Xuân, Hà Nội",37 m² (3.5x10.0),4 phòng,4 WC,4,Giấy tờ hợp lệ,21-10-2025
"GIÁ 7.85 TỶ! NHÀ LÊ TRỌNG TẤN - ĐỐNG ĐA: 38M², 5 TẦNG - MT 7M!","7,85 tỷ","Phường Hạ Đình, Quận Thanh Xuân, Hà Nội",38 m²,5 phòng,4,5,Giấy tờ hợp lệ,21-10-2025
"102 Hoàng Đạo Thành. Vị trí nhiều tiện ích, ô tô chạy thoải mái.","11,5 tỷ","Phường Hạ Đình, Quận Thanh Xuân, Hà Nội",32 m² (3.2x10.8),3 phòng,N/A,6,Giấy tờ hợp lệ,21-10-2025
💥SIÊU PHẨM PHÂN LÔ QUÂN ĐỘI – Ô TÔ VÀO NHÀ – 7 TẦNG THANG MÁY – FULL N,"21,2 tỷ","Phường Khương Trung, Quận Thanh Xuân, Hà Nội",47 m²,4 phòng,4 WC,7,Giấy tờ hợp lệ,21-10-2025
THANH XUÂN - Ô TÔ VINFAST VÀO NHÀ - 10m RA Ô TÔ TRÁNH,"4,85 tỷ","Phường Phương Liệt, Quận Thanh Xuân, Hà Nội",40 m²,2 phòng,2 WC,N/A,Giấy tờ hợp lệ,21-10-2025
"Bán nhà Bùi Xương Trạch, Thanh Xuân, Ô tô, Kinh doanh, 39m2, 8.99","8,99 tỷ","Phường Khương Đình, Quận Thanh Xuân, Hà Nội",39 m² (3.0x12.5),4 phòng,4 WC,5,Giấy tờ hợp lệ,21-10-2025
"Như cung điện!Khương Trung, 2 thoáng, 30m ra ô tô, ngõ 2,5m. Chỉ 10,2t","10,2 tỷ","Phường Khương Trung, Quận Thanh Xuân, Hà Nội",53 m² (4.0x13.0),6 phòng,4 WC,5,Giấy tờ hợp lệ,21-10-2025
Cần bán nhà phân lô quân đội hoàng văn thái,145 triệu,"Phường Khương Trung, Quận Thanh Xuân, Hà Nội",40 m²,N/A,N/A,6,Sổ đỏ,24-10-2025
BÁN NHÀ MẶT NGÕ KINH DOANH ĐƯỜNG TRIỀU KHÚC. 5 TẦNG. 4.92 TỶ.,"4,92 tỷ","Phường Thanh Xuân Trung, Quận Thanh Xuân, Hà Nội",28 m² (4.0x7.0),4 phòng,5 WC,5,Giấy tờ hợp lệ,20-10-2025
"Nhà đẹp Phan Đình Giót! 50m ra ô tô, ngõ ba gác. 35mx5T. Chỉ 8,5 tỷ","8,5 tỷ","Phường Phương Liệt, Quận Thanh Xuân, Hà Nội",35 m² (3.7x10.0),3 phòng,4 WC,5,Giấy tờ hợp lệ,20-10-2025
"Bán Nhà Riêng tại Phố Khương Hạ, 6,45 tỷ, 30m2, Chính chủ hàng hiếm","6,45 tỷ","Phường Khương Đình, Quận Thanh Xuân, Hà Nội",30 m²,3 phòng,N/A,5,Giấy tờ hợp lệ,20-10-2025
Nhà 5 tầng Khương Trung-mặt ngõ oto tránh-35m;4ngủ,"3,85 tỷ","Phường Khương Trung, Quận Thanh Xuân, Hà Nội",35 m²,4 phòng,N/A,5,Giấy tờ khác,20-10-2025
"Chỉ 6,5 tỷ! Nhà đẹp Khương Trung, 40m ra ô tô, ngõ ba gác. 34mx4 ngủ","6,5 tỷ","Phường Khương Trung, Quận Thanh Xuân, Hà Nội",34 m² (3.5x10.0),4 phòng,3 WC,4,Giấy tờ hợp lệ,20-10-2025
BÁN NHÀ TÔ VĨNH DIỆN THANH XUÂN KHU PHÂN LÔ KINH DOANH ONLAI DT36m2,"8,8 tỷ","Phường Khương Trung, Quận Thanh Xuân, Hà Nội",36 m² (5.0x7.5),4 phòng,5 WC,6,Giấy tờ hợp lệ,20-10-2025
[SIÊU HIẾM] BÁN NHÀ KHƯƠNG TRUNG - DÂN XÂY - Ở NGAY 44M2 4T NHỈNH 9 TỶ,"9,12 tỷ","Phường Khương Đình, Quận Thanh Xuân, Hà Nội",44 m² (4.0x11.0),4 phòng,N/A,4,Giấy tờ hợp lệ,20-10-2025
"Siêu đẹp! Lô góc Khương Trung, 40m ra phố, ngõ 3m, nhà đẹp. Chỉ 8,2 ty","8,2 tỷ","Phường Khương Trung, Quận Thanh Xuân, Hà Nội",38 m² (3.6x11.0),4 phòng,4 WC,5,Giấy tờ hợp lệ,20-10-2025
"Nhà đẹp Nguyễn Trãi! 30m ra phố, ngõ nông thẳng, dân xây. 39mx4T. 8,5t","8,5 tỷ","Phường Thanh Xuân Nam, Quận Thanh Xuân, Hà Nội",39 m² (4.6x8.0),4 phòng,3 WC,4,Giấy tờ hợp lệ,20-10-2025
"Phân lô Hoàng Văn Thái, 40m ra phố, ngõ rộng, nhà đẹp. 27mx4T. Chi 6,5","6,5 tỷ","Phường Khương Trung, Quận Thanh Xuân, Hà Nội",27 m² (3.0x9.0),3 phòng,3 WC,4,Giấy tờ hợp lệ,20-10-2025
"GIÁ 7.8 TỶ! NHÀ KIM GIANG - THANH XUÂN: 40M², 7 TẦNG - DÒNG TIỀN 35TR!","7,8 tỷ","Phường Kim Giang, Quận Thanh Xuân, Hà Nội",40 m²,7 phòng,N/A,7,Giấy tờ hợp lệ,20-10-2025
NGÕ NÔNG THÔNG GẦN OTO DÂN XÂY KHUNG CỘT CHẮC CHẮN LÔ GÓC,"8,99 tỷ","Phường Khương Đình, Quận Thanh Xuân, Hà Nội",45 m²,4 phòng,4 WC,4,Giấy tờ hợp lệ,20-10-2025
"THANH XUAN 46M ,5 TANG ,NHA MOI FULL NOI THAT","8,3 tỷ","Phường Khương Đình, Quận Thanh Xuân, Hà Nội",46 m² (4.5x10.5),3 phòng,4 WC,5,Giấy tờ hợp lệ,20-10-2025
🔥! bán nhà THANH XUÂN - 🚗Ô TÔ 50M - SỔ VUÔNG - GẦN HỒ 🏞️!,"7,9 tỷ","Phường Khương Trung, Quận Thanh Xuân, Hà Nội",44 m² (4.3x10.0),3 phòng,3 WC,4,Giấy tờ hợp lệ,20-10-2025
"Nhà đẹp Tô Vĩnh Diện, 2 thoáng, 50m ra ô tô, gần gửi ô tô. Chỉ 7,8 ty","7,8 tỷ","Phường Khương Trung, Quận Thanh Xuân, Hà Nội",37 m² (3.5x10.2),3 phòng,4 WC,5,Giấy tờ hợp lệ,20-10-2025
"Hot!Nguyễn Trãi, 2 thoáng, 50m ra phố, nhà dân xây. 42mx3T. Chỉ 6,8 tỷ","6,8 tỷ","Phường Thanh Xuân Bắc, Quận Thanh Xuân, Hà Nội",42 m² (4.0x10.2),3 phòng,3 WC,3,Giấy tờ hợp lệ,20-10-2025
"Mặt phố Khương Đình, kinh doanh, 2 ô tô tránh. 38m/sau QH còn 31m.7,5t","7,5 tỷ","Phường Hạ Đình, Quận Thanh Xuân, Hà Nội",38 m² (3.5x11.0),3 phòng,3 WC,3,Giấy tờ hợp lệ,20-10-2025
"Nhanh! Hà Kế Tấn, 50m ra ô tô, ngõ ba gác, nhà dân xây. 45mx4T. 8,4 ty","8,4 tỷ","Phường Phương Liệt, Quận Thanh Xuân, Hà Nội",45 m² (3.5x13.0),4 phòng,3 WC,4,Giấy tờ hợp lệ,20-10-2025
[QUÁ HIẾM] BÁN NHÀ KHƯƠNG ĐÌNH - 2 THOÁNG - DÂN XÂY 46M2 4T NHỈNH 9 TỶ,"9,5 tỷ","Phường Khương Đình, Quận Thanh Xuân, Hà Nội",46 m² (4.5x10.2),4 phòng,N/A,4,Giấy tờ hợp lệ,20-10-2025
"Phân lô Tô Vĩnh Diện, 20m ra ô tô, nhà đẹp, ngõ rộng. 36mx6T. Chỉ 8,6t","8,6 tỷ","Phường Khương Trung, Quận Thanh Xuân, Hà Nội",36 m² (4.0x8.6),4 phòng,5 WC,6,Giấy tờ hợp lệ,20-10-2025
"LÔ GÓC Bùi Xương Trạch , 37m2 mặt tiền 3m ,9tỷ",9 tỷ,"Phường Khương Đình, Quận Thanh Xuân, Hà Nội",37 m² (3.0x12.5),5 phòng,4 WC,4,Giấy tờ hợp lệ,20-10-2025
BÁN NHÀ NGUYỄN TRÃI LÔ GÓC THANH XUÂN NGÕ THÔNG KINH DOANH ONLAI DT32m,"9,8 tỷ","Phường Thượng Đình, Quận Thanh Xuân, Hà Nội",32 m² (3.5x9.2),3 phòng,4 WC,5,Giấy tờ hợp lệ,20-10-2025
"Nhanh! Chính Kinh, ngõ 2,5m, 50m ra phố, nhà dân xây. 42mx4T. Chỉ 7,2t","7,2 tỷ","Phường Nhân Chính, Quận Thanh Xuân, Hà Nội",42 m² (3.5x12.0),3 phòng,3 WC,4,Giấy tờ hợp lệ,20-10-2025
"💥NHÀ 3 TẦNG - CÓ THỂ KINH DOANH - ÔTÔ TRÁNH TRƯỚC CỬA - GIÁ 3,8 TỶ💥","3,8 tỷ","Phường Thanh Xuân Bắc, Quận Thanh Xuân, Hà Nội",36 m²,4 phòng,2 WC,3,Giấy tờ khác,20-10-2025
"Bán nhà Khương Trung- DT:30m2 x 4 tầng, mặt tiền 5m, giá chỉ 6,x tỷ","6,9 tỷ","Phường Khương Đình, Quận Thanh Xuân, Hà Nội",30 m² (5.0x6.0),3 phòng,N/A,4,Giấy tờ hợp lệ,20-10-2025
Lô góc Vũ Tông Phan. rất gần phố ngõ to rộng. 30m 3 tầng nhỉnh 3.x tỷ,"3,5 tỷ","Phường Khương Đình, Quận Thanh Xuân, Hà Nội",30 m²,4 phòng,3 WC,3,Đang chờ sổ,20-10-2025
"Hiếm! Khương Trung, 30m ra ô tô, nhà đẹp dân xây, 4 ngủ. 32mx4T. 6,5ty","6,5 tỷ","Phường Khương Trung, Quận Thanh Xuân, Hà Nội",32 m² (3.5x9.0),4 phòng,3 WC,4,Giấy tờ hợp lệ,20-10-2025
"Bùi Xương Trạch - 32m2 , 5 tầng , MT 6m , ngõ thông , 8,3tỷ","8,3 tỷ","Phường Khương Đình, Quận Thanh Xuân, Hà Nội",45.8 m² (6.0x5.3),3 phòng,4 WC,5,Giấy tờ hợp lệ,20-10-2025
"Bán nhà 5 tầng 52m2 phố Khương Trung, Khương Đình nhà đẹp, giá tốt","10,5 tỷ","Đường Khương Trung, Phường Khương Trung, Quận Thanh Xuân, Hà Nội",51 m²,6 phòng,4 WC,5,Sổ đỏ,24-10-2025
"Bán nhà phố Chính Kinh MT 6.5m– ngõ rộng, gần ô tô 10m – 4 tầng ở ngay","12,5 tỷ","Đường Chính Kinh, Phường Nhân Chính, Quận Thanh Xuân, Hà Nội",55 m² (6.5x8.0),1,N/A,4,Sổ đỏ,24-10-2025
"CHÍNH CHỦ BÁN NHÀ MẶT PHỐ VŨ TRỌNG PHỤNG, THANH XUÂN",40 tỷ,"Phường Thanh Xuân Trung, Quận Thanh Xuân, Hà Nội",60 m²,N/A,N/A,N/A,Sổ đỏ,30-10-2025
"Bán nhà cực đẹp mặt ngõ Nguỵ Như Kon Tum: 30m2, 5 tầng",6 tỷ,"Đường Ngụy Như Kon Tum, Phường Nhân Chính, Quận Thanh Xuân, Hà Nội",30 m²,3 phòng,4 WC,5,Sổ đỏ,30-10-2025
"Nhà Đẹp Phan Đình Giót, Thanh Xuân 32m, 5 tầng, mt 3.7m, giá 8.6 tỷ","8,6 tỷ","Phường Phương Liệt, Quận Thanh Xuân, Hà Nội",32 m² (3.7x8.6),3 phòng,4 WC,5,Sổ đỏ,23-10-2025
Nhà 45m² x 4 tầng | 11.6 tỷ- Khương Đình Thanh Xuân- có ban công thoán,"11,6 tỷ","Đường Khương Đình, Phường Khương Đình, Quận Thanh Xuân, Hà Nội",45 m²,4 phòng,3 WC,4,Sổ đỏ,30-10-2025
"SIÊU PHẨM Mặt phố Vương Thừa Vũ, Nguyễn Ngọc Nại, TX: 100m², MT 6m",50 tỷ,"Đường Vương Thừa Vũ, Phường Khương Mai, Quận Thanh Xuân, Hà Nội",100 m² (6.0x18.0),N/A,N/A,9,Sổ đỏ,23-10-2025
"Nhà Đẹp  Phan Đình Giót, Thanh Xuân 32m, 5 tầng, mt 3.7m, giá 8.6 tỷ","8,6 tỷ","Đường Phan Đình Giót, Phường Khương Mai, Quận Thanh Xuân, Hà Nội",32 m² (3.7x8.6),3 phòng,4 WC,5,Sổ đỏ,23-10-2025
NHÀ DÒNG TIỀN - KHƯƠNG TRUNG - THANH XUÂN - DOANH THU 720TR/NĂM,8 tỷ,"Đường Khương Trung, Phường Khương Trung, Quận Thanh Xuân, Hà Nội",50 m²,2 phòng,3 WC,7,Sổ đỏ,23-10-2025
Bán nhà phố vương thừa vũ hoàng văn thái diện tích 90m*3.5 tầng,17 tỷ,"Phường Khương Mai, Quận Thanh Xuân, Hà Nội",90 m²,N/A,N/A,3.5,Sổ đỏ,22-10-2025
"Bán gấp nhà Quá đẹp- Mặt Phố Vũ Tông Phan. 44m2 x 5 tầng.Mặt tiền 4,4m",Thỏa thuận,"Đường Vũ Tông Phan, Phường Khương Đình, Quận Thanh Xuân, Hà Nội",44 m² (4.4x10.0),5 phòng,3 WC,5,Sổ đỏ,29-10-2025
"Bán nhà 5 tầng tại Vũ Hữu Thanh Xuân Hà Nội giá 17,5 tỷ","17,8 tỷ","Đường Vũ Hữu, Phường Thanh Xuân Bắc, Quận Thanh Xuân, Hà Nội",54 m²,4 phòng,5 WC,5,Sổ đỏ,21-10-2025
Bán nhà mặt phố Khuất Duy Tiến,49 tỷ,"147, Đường Khuất Duy Tiến, Phường Nhân Chính, Quận Thanh Xuân, Hà Nội",69 m² (3.7x19.0),4 phòng,2 WC,4,Sổ hồng,20-10-2025
"Bán nhà lô góc khu Vương Thừa Vũ, 54m2, 4 tầng, mặt tiền","13,8 tỷ","Đường Vương Thừa Vũ, Phường Khương Trung, Quận Thanh Xuân, Hà Nội",54 m² (4.3x12.5),4 phòng,3 WC,4,Sổ đỏ,20-10-2025
NHÀ ĐẸP PHAN ĐÌNH GIÓT - 30M RA Ô TÔ - 5 TẦNG FULL NỘI THẤT - 8.6 TỶ,"8,6 tỷ","Phường Phương Liệt, Quận Thanh Xuân, Hà Nội",32 m² (3.7x9.0),3 phòng,4 WC,5,Giấy tờ hợp lệ,16-10-2025
Phố QUAN NHÂN BÁN NHÀ LÔ GÓC OTO ĐỂ CỬA - Thiện chí bán sang tên NHANH,"10,2 tỷ","Phường Nhân Chính, Quận Thanh Xuân, Hà Nội",35 m² (4.0x10.0),5 phòng,3 WC,3,Giấy tờ hợp lệ,16-10-2025
SIÊU HIẾM! Nhà lô góc 2 mặt ngõ – ô tô tải đỗ cửa – Vương Thừa Vũ,"14,5 tỷ","Phường Khương Trung, Quận Thanh Xuân, Hà Nội",37 m²,4 phòng,3 WC,4,Giấy tờ hợp lệ,16-10-2025
"CHÍNH CHỦ BÁN GẤP NHÀ 4 TẦNG ĐẸP – TÔ VĨNH DIỆN, THANH XUÂN, HÀ NỘI","15,7 tỷ","Phường Khương Trung, Quận Thanh Xuân, Hà Nội",60 m²,4 phòng,3 WC,4,Giấy tờ hợp lệ,16-10-2025
Bán ccmn 3ngủ giáp nhất thanh xuân full đồ sổ đỏ phôi riêng ngõ oto,"2,59 tỷ","Phường Nhân Chính, Quận Thanh Xuân, Hà Nội",68 m² (8.0x8.0),3 phòng,1 WC,1,Giấy tờ hợp lệ,16-10-2025
"Anh họ mình nhờ bán nhà Hoàng Văn Thái, 48m2, 4 tầng, ô tô đỗ, kd",22 tỷ,"Phường Khương Mai, Quận Thanh Xuân, Hà Nội",48 m² (3.3x15.0),4 phòng,3 WC,4,Giấy tờ hợp lệ,16-10-2025
Nhà Phố VƯƠNG THỪA VŨ-NHÀ LÔ GÓC - Ô TÔ 7 CHỖ VÀO NHÀ - NGÕ THÔNG,"20,2 tỷ","Phường Khương Mai, Quận Thanh Xuân, Hà Nội",85 m² (3.0x27.0),5 phòng,N/A,4,Giấy tờ hợp lệ,16-10-2025
"Nhà Nguyễn Trãi, ngõ rộng, lô góc, gần ô tô, 42m2 7.5 tỷ","7,5 tỷ","Phường Thanh Xuân Trung, Quận Thanh Xuân, Hà Nội",42 m² (5.1x8.0),5 phòng,4 WC,5,Giấy tờ hợp lệ,16-10-2025
Nhà PL 45m2*5 Tầng|| Oto lùi cửa 2 thoáng-20m ra phố Nguyễn Ngọc Nại,"14,6 tỷ","59, Đường Nguyễn Ngọc Nại, Phường Khương Mai, Quận Thanh Xuân, Hà Nội",45 m²,6 phòng,4 WC,5,Sổ đỏ,20-10-2025
Chính chủ bán toà nhà 29 Khuất Duy Tiến,89 tỷ,"29, Đường Khuất Duy Tiến, Phường Thanh Xuân Bắc, Quận Thanh Xuân, Hà Nội",100 m²,N/A,N/A,9,Sổ đỏ,22-10-2025
"Nhà mặt Phố, 51m2, 4 tầng, kinh doanh","16,5 tỷ","Phường Khương Đình, Quận Thanh Xuân, Hà Nội",51 m²,3 phòng,3 WC,4,Giấy tờ hợp lệ,15-10-2025
Hơn 3 tỷ xíu có nhà mới Bùi Xương Trạch-Oto 30m-Full NT-33m*4T;4N,"3,19 tỷ","Phường Khương Trung, Quận Thanh Xuân, Hà Nội",33 m²,4 phòng,N/A,4,Giấy tờ khác,15-10-2025
!!!GIÁ SỐC!!! Bán nhà THANH XUÂN  - GIÁ TUYỆT CHỦNG - HIẾM NHÀ BÁN -,"6,18 tỷ","Phường Phương Liệt, Quận Thanh Xuân, Hà Nội",32 m² (3.5x10.0),3 phòng,3 WC,3,Giấy tờ hợp lệ,15-10-2025
💰 2 TỶ - 20M² - NHÀ 3 TẦNG NGÃ TƯ SỞ 🏠,"1,99 tỷ","Phường Khương Trung, Quận Thanh Xuân, Hà Nội",20 m²,2 phòng,N/A,3,Đang chờ sổ,15-10-2025
"Ko QH! Khương Trung, 30m ra phố, ngõ rộng, nhà đẹp. 50mx2T. Chỉ 6,3 ty","6,3 tỷ","Phường Khương Trung, Quận Thanh Xuân, Hà Nội",50 m² (4.0x12.5),3 phòng,2 WC,2,Giấy tờ hợp lệ,15-10-2025
Nhà gần phố vũ tông phan 6 tầng thang máy xây mới,"9,4 tỷ","Phường Khương Đình, Quận Thanh Xuân, Hà Nội",36 m²,4 phòng,5 WC,6,Giấy tờ hợp lệ,15-10-2025
CHÍNH CHỦ BÁN TẬP THỂ NGUYỄN TRÃI-THANH XUÂN-65m2-NHÀ ĐẸP Ở NGAY,"2,89 tỷ","Phường Khương Trung, Quận Thanh Xuân, Hà Nội",65 m² (5.0x13.0),2 phòng,1,3,Giấy tờ hợp lệ,15-10-2025
HÀNG HIẾM! Bán nhà THANH XUÂN - LÔ GÓC - Ô TÔ VÀO - PHONG THỦY TỐT,"6,21 tỷ","Phường Phương Liệt, Quận Thanh Xuân, Hà Nội",33 m² (3.5x10.0),3 phòng,3 WC,3,Giấy tờ hợp lệ,15-10-2025
"Bán nhà Khương Trung, Thanh Xuân, ô tô, nội thất xịn, 28m2, 6.98","6,98 tỷ","Phường Khương Trung, Quận Thanh Xuân, Hà Nội",28 m² (4.3x8.5),3 phòng,3 WC,N/A,Giấy tờ hợp lệ,15-10-2025
"Sốc! Khương Đình, ngõ 2,5m, nhà dân xây rộng thoáng. 42mx4T. Chỉ 7,8ty","7,8 tỷ","Phường Hạ Đình, Quận Thanh Xuân, Hà Nội",42 m² (3.5x12.0),4 phòng,3 WC,4,Giấy tờ hợp lệ,15-10-2025
"BÁN NHÀ PHỐ QUAN NHÂN – 5 TẦNG – FULL NỘI THẤT- Ở NGAY – GIÁ 10,6 TỶ","10,6 tỷ","Phường Nhân Chính, Quận Thanh Xuân, Hà Nội",44 m²,4 phòng,4 WC,5,Giấy tờ hợp lệ,15-10-2025
Chính chủ bán tập thể Thanh Xuân - Kim Giang - Hoàng Đạo Thành - 90m2,"3,5 tỷ","Phường Kim Giang, Quận Thanh Xuân, Hà Nội",90 m² (7.0x13.0),3 phòng,N/A,5,Giấy tờ hợp lệ,15-10-2025
"Bán nhà Khương Trung, Thanh Xuân, ô tô, nội thất xịn, 28m2, 6.98","6,98 tỷ","Phường Khương Trung, Quận Thanh Xuân, Hà Nội",28 m² (4.3x8.5),3 phòng,3 WC,N/A,Giấy tờ hợp lệ,15-10-2025
BÁ.N NHÀ TRUNG TÂM QUẬN THANH XUÂN - 80M RA Ô TÔ - 4 TẦNG - 3 NGỦ,"5,05 tỷ","Phường Khương Đình, Quận Thanh Xuân, Hà Nội",24.7 m²,3 phòng,3 WC,4,Giấy tờ hợp lệ,15-10-2025
Siêu Phẩm Nhà Đẹp Khương Trung . Ngõ 211,"6,9 tỷ","Phường Khương Đình, Quận Thanh Xuân, Hà Nội",28 m² (4.5x8.0),2 phòng,2 WC,4,Giấy tờ hợp lệ,15-10-2025
BÁ.N NHÀ TRUNG TÂM QUẬN THANH XUÂN - 10M RA Ô TÔ - 4 TẦNG FULL CÔNG NĂ,"7,8 tỷ","Phường Khương Trung, Quận Thanh Xuân, Hà Nội",30 m²,4 phòng,3 WC,4,Giấy tờ hợp lệ,15-10-2025
BÁN NHÀ PHÂN LÔ-3 Ô TÔ TRÁNH-KHUẤT DUY TIẾN-THANH XUÂN -HAI MẶT THOÁNG,"20,5 tỷ","Phường Thanh Xuân Bắc, Quận Thanh Xuân, Hà Nội",52 m² (5.0x11.0),3 phòng,N/A,3,Giấy tờ hợp lệ,15-10-2025
MẶT PHỐ TÔ VĨNH DIỆN - CHỈ 18.9 TỶ - NGAY NGÃ TƯ KINH DOANH,"18,9 tỷ","Phường Khương Trung, Quận Thanh Xuân, Hà Nội",48 m² (3.0x16.0),5 phòng,3 WC,4,Giấy tờ hợp lệ,14-10-2025
NGUYỄN TRÃI - BIỆT THỰ HIỆN ĐẠI - 98M2 CHỈ 23.5 TỶ,"23,5 tỷ","Phường Thanh Xuân Bắc, Quận Thanh Xuân, Hà Nội",85 m² (5.6x17.0),6 phòng,5 WC,6,Giấy tờ hợp lệ,14-10-2025
TÔ VĨNH DIỆN - 10M RA PHỐ - NHÀ LÔ GÓC NỘI THẤT ĐẸP,"22,5 tỷ","Phường Khương Trung, Quận Thanh Xuân, Hà Nội",88 m² (11.0x8.0),5 phòng,3 WC,5,Giấy tờ hợp lệ,14-10-2025
"Bán NP tại Lê Trọng Tấn, Khương Mai, Thanh Xuân, HN, 10 tỷ, 40m2, Hot",10 tỷ,"Phường Khương Mai, Quận Thanh Xuân, Hà Nội",40 m² (4.0x10.0),3 phòng,3 WC,N/A,Giấy tờ hợp lệ,14-10-2025
"SIÊU PHẨM THANH XUÂN, 7 TẦNG THANG MÁY, NGÕ RỘNG 10M, MẶT TIỀN BỀ THẾ","18,95 tỷ","Phường Khương Đình, Quận Thanh Xuân, Hà Nội",46 m² (4.3x10.0),4 phòng,5 WC,7,Giấy tờ hợp lệ,13-10-2025
BÁN TẬP THỂ NGUYỄN TRÃI-THANH XUÂN-50m2-Ô TÔ ĐỖ CHÂN CẦU THANG,"2,78 tỷ","Phường Khương Trung, Quận Thanh Xuân, Hà Nội",50 m² (4.0x13.0),2 phòng,1 WC,2,Giấy tờ hợp lệ,14-10-2025
"Bán nhà phố Lê Trọng Tấn, Thanh Xuân , Lo góc dt 88m, 5 tầng, mt5m oto","30,5 tỷ","68, Đường Lê Trọng Tấn, Phường Khương Mai, Quận Thanh Xuân, Hà Nội",88 m²,5 phòng,4 WC,5,Sổ đỏ,17-10-2025
"Bùi Xương Trạch Thanh Xuân Nhà đẹp giá tốt 32m 3T 2,63 tỷ 10m ra ôtô t","2,63 tỷ","Phường Khương Đình, Quận Thanh Xuân, Hà Nội",32 m²,3 phòng,3 WC,3,Giấy tờ khác,13-10-2025
"NHÀ XÂY MỚI TÔ VĨNH DIỆN, 5 TẦNG 3 NGỦ FULL NỘI THẤT, 38M2, CHỈ 7TỶ8","7,8 tỷ","Phường Khương Trung, Quận Thanh Xuân, Hà Nội",38 m² (4.4x8.0),3 phòng,4 WC,55,Giấy tờ hợp lệ,13-10-2025
Nhỉnh 2 tỷ có nhà đẹp Bùi Xương Trạch-15m oto-Gần phố-33m**3T;MT4m;2N,"2,65 tỷ","Phường Khương Trung, Quận Thanh Xuân, Hà Nội",33 m²,2 phòng,2 WC,3,Giấy tờ khác,13-10-2025
Nhà Thanh Xuân_ 31m 4 tầng Chỉ hơn 5 Đồng,"5,69 tỷ","Phường Thanh Xuân Nam, Quận Thanh Xuân, Hà Nội",28 m²,3 phòng,4 WC,4,Giấy tờ hợp lệ,13-10-2025
NHÀ MỚI THANG MÁY Ô TÔ VÀO NHÀ-50M-7TẦNG-KINH DOANH-VŨ TÔNG PHAN-TXUAN,"15,5 tỷ","Phường Khương Đình, Quận Thanh Xuân, Hà Nội",50 m² (4.0x12.0),4 phòng,6 WC,7,Giấy tờ hợp lệ,13-10-2025
"ANH HỌ BÁN NHÀ HOÀNG VĂN THÁI, Ô TÔ TRÁNH, VIEW ĐẸP, TƯƠNG LAI MẶT PHỐ",22 tỷ,"Phường Khương Mai, Quận Thanh Xuân, Hà Nội",48 m² (3.3x14.0),4 phòng,3 WC,4,Giấy tờ hợp lệ,13-10-2025
Nhà đẹp thanh xuân- giá đầu tư - ở chất lượng,Thỏa thuận,"10, Đường Khương Đình, Phường Khương Đình, Quận Thanh Xuân, Hà Nội",40 m² (3.8x10.4),4 phòng,3 WC,4,Sổ đỏ,17-10-2025
Bán nhà 7 tầng thang máy ngõ 204 Đội Cấn Ba Đình Hà Nội,"11,8 tỷ","Đường Đội Cấn, Phường Đội Cấn, Quận Ba Đình, Hà Nội",82 m²,N/A,N/A,7,Sổ đỏ,17-11-2025
"Bán nhà mặt ngõ 189 Hoàng Hoa Thám, Phường Ngọc Hà, Q.Ba Đình, Hà Nội",18 tỷ,"Đường Hoàng Hoa Thám, Phường Ngọc Hà, Quận Ba Đình, Hà Nội",58.3 m²,N/A,N/A,2.5,Sổ đỏ,25-11-2025
"Bán căn hộ dịch vụ phố Đội Cấn - Ngọc Hà cạnh hồ Đầm Tròn, Lăng Bác",27 tỷ,"Đường Đội Cấn, Phường Ngọc Hà, Quận Ba Đình, Hà Nội",60 m²,N/A,N/A,7,Sổ đỏ,26-11-2025
Bán nhà chính chủ mặt phố Phan Kế Bính gần phố Linh Lang,"36,5 tỷ","Đường Phan Kế Bính, Phường Cống Vị, Quận Ba Đình, Hà Nội",75 m²,N/A,N/A,5,Sổ đỏ,25-11-2025
Bán nhà 6 tầng ngõ ô tô đường Hoàng Hoa Thám,42 tỷ,"Đường Hoàng Hoa Thám, Phường Liễu Giai, Quận Ba Đình, Hà Nội",140 m² (7.0x21.0),9 phòng,11 WC,6,Sổ đỏ,25-11-2025
"Phân lô, ngõ nông, sau dãy mặt phố Giang Văn Minh, 7 tầng, hiếm bán","25,6 tỷ","68, Đường Giang Văn Minh, Phường Đội Cấn, Quận Ba Đình, Hà Nội",55 m²,8 phòng,N/A,7,Sổ hồng,22-11-2025
"Bán nhà 7 tầng thang máy khu phân lô phố Kim Mã, mặt tiền 6m",27 tỷ,"Đường Kim Mã, Phường Ngọc Khánh, Quận Ba Đình, Hà Nội",80 m²,N/A,N/A,7,Sổ đỏ,20-11-2025
Bán Tòa Nhà VP Đường Đội Cấn Liễu Giai Ba Đình Hà Nội Diện tích 88 m2,"62,5 tỷ","Đường Đội Cấn, Phường Đội Cấn, Quận Ba Đình, Hà Nội",980 m² (7.8x15.0),N/A,N/A,10,Sổ đỏ,21-11-2025
"Chính chủ nhờ bán gấp căn nhà 4,5 tầng 65m hơn 30 tỷ Ba Đình",31 tỷ,"Đường Nguyễn Công Hoan, Phường Giảng Võ, Quận Ba Đình, Hà Nội",65 m² (4.0x16.0),6 phòng,4 WC,5,Sổ đỏ,11-11-2025
"Bán căn biệt thự lô góc trung tâm Ba Đình đường Thuỵ Khuê, DTSD 550m2","75,5 tỷ","Đường Thụy Khuê, Phường Liễu Giai, Quận Ba Đình, Hà Nội",200 m²,6 phòng,N/A,N/A,Sổ đỏ,15-11-2025
"Đội Cấn, 61m2, 4.5m ngang, Ô tô tránh, mặt ngõ to thông, thang máy 6T","24,5 tỷ","283, Đường Đội Cấn, Phường Liễu Giai, Quận Ba Đình, Hà Nội",61 m²,N/A,N/A,6,Sổ đỏ,26-11-2025
Ngõ 55 Hoàng Hoa Thám – Ba Đình – 55 M2 – 4 T – MT 3.6 M – Giá 14.3 Tỷ,"14,3 tỷ","Đường Hoàng Hoa Thám, Phường Ngọc Hà, Quận Ba Đình, Hà Nội",55 m² (3.6x15.5),4 phòng,4 WC,4,Sổ đỏ,26-11-2025
"Chính Chủ Bán nhà 5 Tầng ĐC 128 Ngõ 639 Đường Hoàng Hoa Thám, BĐ, HN","30,5 tỷ","128/639, Đường Hoàng Hoa Thám, Phường Vĩnh Phúc, Quận Ba Đình, Hà Nội",121.9 m² (7.1x18.0),26 phòng,26 WC,5,Sổ đỏ,26-11-2025
HIẾM - CẦU GIẤY - XUÂN THUỶ - 60M - 7 TẦNG - MT 4.1 - phân Lô Ô Tô,"27,8 tỷ","Đường Cầu Giấy, Phường Cống Vị, Quận Ba Đình, Hà Nội",60 m² (4.2x15.0),5 phòng,5 WC,7,Sổ đỏ,26-11-2025
"GẤP - Ba Đình - 50M - 7 Tầng - Mt 4,5M - đường hè 10M - Kd đỉnh","17,8 tỷ","Đường Vĩnh Phúc, Phường Vĩnh Phúc, Quận Ba Đình, Hà Nội",50 m² (4.5x12.0),7 phòng,6 WC,7,Sổ đỏ,26-11-2025
Mặt Ngõ 55 Hoàng Hoa Thám –  Ô TÔ - 71 M- 3 T – MT 6 M – Giá 20.8 Tỷ.,"20,8 tỷ","Đường Hoàng Hoa Thám, Phường Ngọc Hà, Quận Ba Đình, Hà Nội",71 m² (6.0x12.0),5 phòng,4 WC,3,Sổ đỏ,26-11-2025
"Cực hiếm, nhà 2 tầng phố Đội Cấn, 10m ra mặt phố 58m2 giá chỉ 9.1 tỷ","9,1 tỷ","Phường Liễu Giai, Quận Ba Đình, Hà Nội",58 m² (4.5x14.0),4 phòng,2 WC,2,Giấy tờ hợp lệ,25-11-2025
💥HOT – HOÀNG HOA THÁM – 30M – 5 TẦNG – KD – LÔ GÓC – Ở NGAY💥,"10,8 tỷ","173, Đường Hoàng Hoa Thám, Phường Ngọc Hà, Quận Ba Đình, Hà Nội",30 m²,3 phòng,4 WC,5,Sổ đỏ,25-11-2025
Bán nhà Dòng tiền thu 40tr/ 1 tháng địa chỉ số 18 ngõ 162/22 Đội Cấn,"12,8 tỷ","18 ngo 162/22, Đường Đội Cấn, Phường Đội Cấn, Quận Ba Đình, Hà Nội",51 m² (4.8x11.0),11 phòng,11 WC,6,Sổ đỏ,25-11-2025
BÁN NHÀ ĐỘI CẤN – BA ĐÌNH - VIEW HỒ - 5 TẦNG ĐẸP Ở NGAY,"8,2 tỷ","Phường Đội Cấn, Quận Ba Đình, Hà Nội",38 m²,3 phòng,4 WC,5,Giấy tờ hợp lệ,25-11-2025
Ba Đình - Mặt Phố 7T Thang Máy - 2 Thoáng Cho Thuê 720Tr - 29.9Tỷ,"29,9 tỷ","Đường Linh Lang, Phường Liễu Giai, Quận Ba Đình, Hà Nội",52 m²,5 phòng,7 WC,7,Sổ đỏ,25-11-2025
"VĨNH PHÚC - BA ĐÌNH - PHÂN LÔ VỈA HÈ – Ô TÔ TRÁNH -KD 55M2*5T 19,6TY.","19,6 tỷ","Phường Vĩnh Phúc, Quận Ba Đình, Hà Nội",55 m² (4.0x15.0),5 phòng,5 WC,5,Giấy tờ hợp lệ,25-11-2025
"Bán nhà Kim Mã, Ba Đình vài bước ra phố, 74m2, 6t, mt 4.3m, đẹp ở ngay","21,9 tỷ","Đường Kim Mã, Phường Kim Mã, Quận Ba Đình, Hà Nội",74 m² (4.3x17.0),5 phòng,5 WC,6,Sổ hồng,25-11-2025
Bán Nhà Phố Giang Văn Minh- Trung Tâm Ba Đình 145m2 Mt8.3m Đg hè 30m.,56 tỷ,"43, Đường Giang Văn Minh, Phường Đội Cấn, Quận Ba Đình, Hà Nội",142 m²,5 phòng,5 WC,9,Sổ đỏ,25-11-2025
"( Chính chủ) tôi cần Bán Toà nhà MP Trúc Bạch Q Ba Đình, HN, Dt 230 m",160 tỷ,"Đường Trúc Bạch, Phường Trúc Bạch, Quận Ba Đình, Hà Nội",230 m²,N/A,N/A,11,Sổ đỏ,25-11-2025
Lô góc 5T đẹp ngõ Đào Tấn ngõ ba gác cách Mp 40m cách oto 10m,"13,4 tỷ","Đường Đào Tấn, Phường Cống Vị, Quận Ba Đình, Hà Nội",40 m²,4 phòng,4 WC,5,Sổ đỏ,24-11-2025
"Bán nhà Đội Cấn. Giang Văn Minh. Ba Đình. Hà Nội 20m x 5 tầng 4,9 tỷ.","4,9 tỷ","Phường Đội Cấn, Quận Ba Đình, Hà Nội",20 m²,3 phòng,4 WC,5,Sổ đỏ,24-11-2025
bán tòa nhà 220m2 x 12 tầng mặt phố đào tấn,270 tỷ,"Phường Cống Vị, Quận Ba Đình, Hà Nội",220 m²,N/A,N/A,12,Sổ đỏ,24-11-2025
"Bán nhà mặt phố Vạn Phúc, Ba Đình, 105m2, mặt tiền 7.6m chỉ 41.5 tỷ","41,5 tỷ","Đường Vạn Phúc, Phường Kim Mã, Quận Ba Đình, Hà Nội",105 m²,2 phòng,2 WC,2,Sổ đỏ,16-11-2025
"Bán nhà phố Điện Biên Phủ, 65m2, lô góc 8 tầng mặt tiền 8m, 33.5 tỷ","33,5 tỷ","Đường Điện Biên Phủ, Phường Điện Biên, Quận Ba Đình, Hà Nội",65 m²,12 phòng,8 WC,8,Sổ đỏ,17-11-2025
"Bán gấp nhà 4 tầng Ngọc Hà Ba Đình 8,15 tỷ","8,15 tỷ","Phường Ngọc Hà, Quận Ba Đình, Hà Nội",40 m² (4.0x10.0),3 phòng,3 WC,5,Sổ đỏ,21-11-2025
"bán lô đất mặt phố kim mã thượng 230m2 ,MT 8m",90 tỷ,"Phường Cống Vị, Quận Ba Đình, Hà Nội",190 m²,N/A,N/A,N/A,Sổ đỏ,24-11-2025
Bán toà căn hộ dịch vụ 19 Liễu Giai Ba Đình - OTO TRÁNH 110M2 9T,60 tỷ,"Đường Liễu Giai, Phường Liễu Giai, Quận Ba Đình, Hà Nội",110 m²,N/A,N/A,9,Sổ đỏ,24-11-2025
"Đất 38m² HOÀNG HOA THÁM, ngõ nông, trước nhà thoáng sáng.","7,75 tỷ","Đường Hoàng Hoa Thám, Phường Ngọc Hà, Quận Ba Đình, Hà Nội",38 m²,4 phòng,4 WC,5,Sổ đỏ,24-11-2025
MẶT PHỐ TT BA ĐÌNH – LÔ GÓC – VỈA HÈ – KINH DOANH ĐỈNH. 42m 5t 17 tỷ 9,Thỏa thuận,"Phường Ngọc Hà, Quận Ba Đình, Hà Nội",42 m² (6.0x7.0),4 phòng,5 WC,5,Sổ đỏ,24-11-2025
GẤP - MẶT PHỐ VĨNH PHÚC - BA ĐÌNH - 60M - 5 TẦNG - VỈA HÈ 10M,"26,5 tỷ","Đường Vĩnh Phúc, Phường Vĩnh Phúc, Quận Ba Đình, Hà Nội",60 m² (4.0x15.0),6 phòng,4 WC,5,Sổ đỏ,24-11-2025
bán nhà mặt phố 22A kim mã thượng 80m2 x 4 tầng,32 tỷ,"Phường Cống Vị, Quận Ba Đình, Hà Nội",80 m²,N/A,N/A,4,Sổ đỏ,24-11-2025
"Cần bán hà riêng 91m chính chủ phường Kim Mã, phố Kim Mã quận Ba Đình",22 tỷ,"Đường Kim Mã, Phường Kim Mã, Quận Ba Đình, Hà Nội",91 m² (8.0x12.0),4 phòng,3 WC,4,Sổ đỏ,24-11-2025
Dòng Tiền Ba Đình 60m2 - 7 Tầng Thang Máy - 17 Phòng KK - Gần Phố,15 tỷ,"Phường Đội Cấn, Quận Ba Đình, Hà Nội",60 m² (4.0x12.0),11 phòng,7 WC,7,Giấy tờ hợp lệ,23-11-2025
"Bán nhà mặt phố Phạm Hồng Thái, BD,DT:55 m / 60 m x5 TG, GIÁ: 32 TY",32 tỷ,"Đường Phạm Hồng Thái, Phường Quán Thánh, Quận Ba Đình, Hà Nội",55 m² (4.0x15.0),4 phòng,5 WC,5,Sổ đỏ,23-11-2025
VIP - PHÂN LÔ 2 Ô TÔ - PHỐ VĨNH PHÚC - BA ĐÌNH -55M - 5 TẦNG - MT 4M,"19,7 tỷ","Đường Vĩnh Phúc, Phường Vĩnh Phúc, Quận Ba Đình, Hà Nội",55 m² (4.0x14.0),5 phòng,4 WC,5,Sổ đỏ,23-11-2025
Bán nhà Kim Mã. Thông Núi Trúc. Ba Đình. Hà Nội 18'5m x 6 tầng ô tô 30,"4,9 tỷ","Đường Kim Mã, Phường Giảng Võ, Quận Ba Đình, Hà Nội",19 m²,3 phòng,4 WC,6,Sổ đỏ,22-11-2025
Chính chủ cần bán biệt thự Grandeur Palace Giảng Võ,200 tỷ,"Phường Giảng Võ, Quận Ba Đình, Hà Nội",290 m²,N/A,N/A,1,Sổ đỏ,22-11-2025
"Tuyệt Phẩm, Bán Tòa Nhà  Phố Giang Văn Minh, Đội Cấn, BĐ: 90m2, MT 7.6",60 tỷ,"Đường Giang Văn Minh, Phường Đội Cấn, Quận Ba Đình, Hà Nội",90 m² (7.6x12.0),N/A,N/A,9,Sổ đỏ,22-11-2025
"Chính chủ bán căn nhà ngõ Văn Cao, cách mặt ngõ oto 5m","10,8 tỷ","Đường Văn Cao, Phường Liễu Giai, Quận Ba Đình, Hà Nội",37.5 m²,N/A,N/A,4,Sổ hồng,20-11-2025
"Chính chủ bán nhà Văn Cao Liễu Giai. Ba Đình. Hà Nội. 19m x 5 tầng 4,9","4,95 tỷ","Phường Liễu Giai, Quận Ba Đình, Hà Nội",19 m²,3 phòng,4 WC,5,Sổ đỏ,22-11-2025
"Cực hiếm nhỉnh 3 tỷ có nhà 19m2 x 4 tầng, Tân Ấp, Ba Đình, Hà Nội","3,48 tỷ","Phường Phúc Xá, Quận Ba Đình, Hà Nội",19 m² (3.0x6.1),3 phòng,3 WC,4,Giấy tờ hợp lệ,22-11-2025
"(HOT)  Liễu Giai – Đội Cấn 45m², MT 5.3m, Ngõ Rộng, Vừa Ở Vừa Cho Thuê","10,5 tỷ","Phường Cống Vị, Quận Ba Đình, Hà Nội",45 m²,3 phòng,5 WC,4,Giấy tờ hợp lệ,22-11-2025
SIÊU PHẨM VIEW HỒ NGỌC HÀ – NGÕ THÔNG  – Ở SƯỚNG KINH DOANH ĐỈNH,"7,2 tỷ","Phường Ngọc Hà, Quận Ba Đình, Hà Nội",32 m²,3 phòng,3 WC,5,Giấy tờ hợp lệ,22-11-2025
"Chính chủ bán nhà Văn Cao Liễu Giai. Ba Đình. Hà Nội. 19m x 5 tầng 4,9","4,95 tỷ","Phường Liễu Giai, Quận Ba Đình, Hà Nội",19 m²,3 phòng,4 WC,5,Sổ đỏ,22-11-2025
Nhà mới siêu đẹp phố Phan Kế Bính,"13,1 tỷ","Đường Phan Kế Bính, Phường Cống Vị, Quận Ba Đình, Hà Nội",48 m²,2,N/A,6,Sổ đỏ,21-11-2025
BÁN NHÀ PHAN KẾ BÍNH —BA ĐÌNH – OTO ĐỖ CỔNG – 10M RA PHỐ,12 tỷ,"Phường Cống Vị, Quận Ba Đình, Hà Nội",46 m²,4 phòng,4 WC,6,Giấy tờ hợp lệ,21-11-2025
BÁN Nhà Nghĩa Dũng Ba Đình Ô Tô Tránh 50m2 4 Tầng Nhỉnh 9 Tỷ,9 tỷ,"Phường Phúc Xá, Quận Ba Đình, Hà Nội",50 m²,4 phòng,2,4,Giấy tờ hợp lệ,21-11-2025
SIÊU HIẾM TRUNG TÂM BA ĐÌNH – VÀI BƯỚC RA PHỐ KIM MÃ – NGÕ RỘNG THOÁNG,"8,2 tỷ","Phường Kim Mã, Quận Ba Đình, Hà Nội",40 m²,4 phòng,4 WC,5,Giấy tờ hợp lệ,21-11-2025
"Bán nhà mặt phố thụy Khuê, bd,dt :80 m x 5 tg,mt:4m, giá: 34,5 tỷ","34,5 tỷ","Đường Thụy Khuê, Phường Quán Thánh, Quận Ba Đình, Hà Nội",80 m² (4.0x20.0),4 phòng,4 WC,5,Sổ đỏ,21-11-2025
"Bán nhà Ba Đình 50m2, vỉa hè 2 bên, ô tô qua, ngõ thông kinh doanh","19,2 tỷ","Đường Thành Công, Phường Giảng Võ, Quận Ba Đình, Hà Nội",50 m²,N/A,N/A,5,Sổ đỏ,21-11-2025
"Bán nhà mặt ngõ 135 đội Cấn ,BD,dt:30 m x 5 tg, mt:6m, giá :15 tỷ",15 tỷ,"Đường Đội Cấn, Phường Đội Cấn, Quận Ba Đình, Hà Nội",30 m² (6.0x5.0),3 phòng,4 WC,5,Sổ đỏ,21-11-2025
"VIP - HOÀNG HOA THÁM - VĨNH PHÚC - BA ĐÌNH - 45M - 4 TẦNG - MT 4,7M","13,3 tỷ","Đường Hoàng Hoa Thám, Phường Vĩnh Phúc, Quận Ba Đình, Hà Nội",45 m² (4.7x9.0),4 phòng,3 WC,4,Sổ đỏ,20-11-2025
"BÁN NHÀ ĐỘI CẤN – BA ĐÌNH – 5 TẦNG ĐẸP  – GẦN PHỐ, TIỆN ÍCH BỦA VÂY",6 tỷ,"Phường Ngọc Hà, Quận Ba Đình, Hà Nội",32 m²,3 phòng,4 WC,5,Giấy tờ hợp lệ,20-11-2025
NHÀ HIẾM LÁNG HẠ – BA ĐÌNH – THIẾT KẾ HIỆN ĐẠI – THOÁNG TRƯỚC SAU,"7,1 tỷ","Phường Thành Công, Quận Ba Đình, Hà Nội",38 m²,3 phòng,4 WC,5,Giấy tờ hợp lệ,20-11-2025
"MẶT NGÕ THÔNG - KINH DOANH ĐỈNH- HOÀNG HOA THÁM GẦN NGỌC HÀ, ĐỘI CẤN","10,8 tỷ","Phường Ngọc Hà, Quận Ba Đình, Hà Nội",30 m²,3 phòng,4 WC,6,Giấy tờ hợp lệ,20-11-2025
"Ban nhà mặt phố hang than,dt 25mx5 tg, giá :15 ty",15 tỷ,"Đường Hàng Than, Phường Quán Thánh, Quận Ba Đình, Hà Nội",25 m²,4 phòng,4 WC,5,Sổ đỏ,20-11-2025
Bán nhà Ngõ An Dương 40m lô góc 2.1 tỷ.,"2,1 tỷ","Đường An Dương, Phường Phúc Xá, Quận Ba Đình, Hà Nội",20 m²,1 phòng,2 WC,N/A,Hợp đồng mua bán,20-11-2025
"Bán nhà ngõ 23 Tôn thất thiệp ,Bd,dt:60 m x 5 tg,mt:5 m, giá 26 tỷ",26 tỷ,"Đường Tôn Thất Thiệp, Phường Điện Biên, Quận Ba Đình, Hà Nội",60 m² (4.5x12.0),4 phòng,4 WC,5,Sổ đỏ,20-11-2025
"Chính Chủ Bán Căn Nhà Cách Mặt Phố ĐỘI CẤN 10m, ngay sát Lăng Bác","7,1 tỷ","Đường Đội Cấn, Phường Ngọc Hà, Quận Ba Đình, Hà Nội",23 m²,N/A,N/A,5,Sổ hồng,20-11-2025
"KV hiếm nhà bán !!! Linh Lang – Đào Tấn 38m² x 5T, sát phố, chỉ 7.9 tỷ","7,9 tỷ","Phường Cống Vị, Quận Ba Đình, Hà Nội",38 m²,4 phòng,5 WC,5,Giấy tờ hợp lệ,19-11-2025
❌   Hàng cực hiếm ❌ Ba đình - mặt ngõ thông-KD-su cóc đỗ cửa- nở hậu,"13,9 tỷ","Phường Đội Cấn, Quận Ba Đình, Hà Nội",39 m²,3 phòng,3 WC,4,Giấy tờ hợp lệ,19-11-2025
"Bán Căn nhà ngõ phố Văn Cao - Ba Đình , sát hồ Tây","2,2 tỷ","188d, Đường Văn Cao, Phường Liễu Giai, Quận Ba Đình, Hà Nội",14 m²,3 phòng,3 WC,5,Giấy tờ hợp lệ,19-11-2025
Tôi cần bán nhà Tiểu Khu Ngọc Khánh 5tầng thang máy full nội thất,26 tỷ,"Phường Ngọc Khánh, Quận Ba Đình, Hà Nội",85 m²,6 phòng,6 WC,5,Giấy tờ hợp lệ,19-11-2025
BÁN NHÀ KIM MÃ – BA ĐÌNH — 5 TẦNG ĐẸP – NGÕ THÔNG GIANG VĂN MINH,"7,7 tỷ","Phường Kim Mã, Quận Ba Đình, Hà Nội",38 m²,4 phòng,4 WC,6,Giấy tờ hợp lệ,19-11-2025
"Hiếm! Nhà Đào Tấn - Linh Lang 40m², ngõ nông, thoáng đẹp, chỉ 8.5 tỷ","8,5 tỷ","Phường Cống Vị, Quận Ba Đình, Hà Nội",40 m²,4 phòng,5 WC,5,Giấy tờ hợp lệ,19-11-2025
GẤP - NHÀ PHỐ PHAN KẾ BÍNH - ĐÀO TẤN - 50M - 6 TẦNG - MT 5M,"12,9 tỷ","Phường Cống Vị, Quận Ba Đình, Hà Nội",50 m² (5.0x10.0),6 phòng,5 WC,6,Sổ đỏ,19-11-2025
BÁN NHÀ HOÀNG HOA THÁM – TRUNG TÂM BA ĐÌNH--50M RA Ô TÔ TRÁNH,"14,5 tỷ","Phường Ngọc Hà, Quận Ba Đình, Hà Nội",53 m²,4 phòng,3 WC,4,Giấy tờ hợp lệ,19-11-2025
"Bán nhà măt ngõ khu 28 ông ích khiêm, bd ,dt:45 mx 4 tg, giá: 14,8 ty","14,8 tỷ","Đường Ông Ích Khiêm, Phường Kim Mã, Quận Ba Đình, Hà Nội",58 m² (4.0x13.0),4 phòng,4 WC,N/A,Sổ đỏ,18-11-2025
"Bán đất Giang Văn Minh 40m2, tặng GPXD, 30m ra phố, oto đỗ, giá 9.5tỷ.","9,5 tỷ","Đường Giang Văn Minh, Phường Kim Mã, Quận Ba Đình, Hà Nội",40 m² (9.8x4.0),N/A,N/A,6,Sổ đỏ,19-11-2025
Nguyên Hồng – Ba Đình – Ô TÔ Tránh – 67 M2 – 3 T – MT 5.4 M – Giá 15.7,"15,7 tỷ","Đường Nguyên Hồng, Phường Thành Công, Quận Ba Đình, Hà Nội",67 m² (5.4x12.0),4 phòng,3 WC,5,Sổ đỏ,18-11-2025
"Bán nhà măt hồ ngõ 135 đội Cấn,dt: 80 x 5 tg, mt:5 m, giá : 35,5 tỷ",35 tỷ,"Đường Đội Cấn, Phường Đội Cấn, Quận Ba Đình, Hà Nội",80 m²,5 phòng,5 WC,5,Sổ đỏ,18-11-2025
Tân Ấp – Ba Đình  – Ô Tô Tránh – KD – 61 M – 5 T – MT 5 M – Giá 20.1 T,"20,1 tỷ","Phường Phúc Xá, Quận Ba Đình, Hà Nội",61 m² (5.0x12.0),5 phòng,5 WC,5,Sổ đỏ,18-11-2025
BÁN Tòa  NHÀ MẶT PHỐ  TOÀ VĂN PHÒNG - KINH DOANH - DT450 M giá 380 tỷ,380 tỷ,"Đường Đào Tấn, Phường Liễu Giai, Quận Ba Đình, Hà Nội",450 m² (12.0x19.0),8 phòng,N/A,14,Sổ đỏ,17-11-2025
"Bán nhà Giang Văn Minh 7 tầng, có thang máy, ngõ nông, gần phố","25,5 tỷ","Đường Giang Văn Minh, Phường Kim Mã, Quận Ba Đình, Hà Nội",70 m²,N/A,N/A,7,Sổ đỏ,18-11-2025
"Chính chủ bán nhà Phố Đào Tấn, 55M x 6 Tầng, ô tô qua 17,9 tỷ","17,9 tỷ","Đường Đào Tấn, Phường Cống Vị, Quận Ba Đình, Hà Nội",55 m² (4.0x14.0),6 phòng,6 WC,6,Sổ đỏ,17-11-2025
Chính Chủ Cần Bán Nhà Kim Mã - 35m2 - 1 nhà ra mặt phố - sổ vuông đẹp,"9,5 tỷ","Phường Kim Mã, Quận Ba Đình, Hà Nội",35 m²,3 phòng,4 WC,5,Giấy tờ hợp lệ,16-11-2025
Mặt Phố Hoàng Hao Thám – Ba Đình = 207 M – 4T – MT 6.8 M – Giá 64.8 Tỷ,"64,8 tỷ","Đường Hoàng Hoa Thám, Phường Ngọc Hà, Quận Ba Đình, Hà Nội",207 m² (6.8x30.0),5 phòng,5 WC,4,Sổ đỏ,17-11-2025
"Tôi chính chủ bán toà BUlDING Mp Văn Cao, Q Ba Đình, Dt 115 m, 10T, mt",80 tỷ,"Đường Văn Cao, Phường Liễu Giai, Quận Ba Đình, Hà Nội",115 m²,N/A,N/A,10,Sổ đỏ,17-11-2025
"Mặt Phố Lô góc Phan Huy Ích Ba Đình 55m2 6 tầng mặt 14m 43,3 Tỷ","43,3 tỷ","Phường Nguyễn Trung Trực, Quận Ba Đình, Hà Nội",55 m²,11 phòng,7 WC,6,Giấy tờ hợp lệ,16-11-2025
"Hiếm Hot BA ĐÌNH! HÀNG SIÊU QUÝ HIẾM, LÔ GÓC - CẢ PHỐ CHỈ CÓ 1 NHÀ BÁN",40 tỷ,"Phường Điện Biên, Quận Ba Đình, Hà Nội",52 m² (12.0x5.0),3 phòng,5 WC,6,Giấy tờ hợp lệ,16-11-2025
"Cực hiếm! Nhà đẹp Giang Văn Minh – Kim Mã, 32m² x5T, ở ngay chỉ 7,6 tỷ","7,6 tỷ","Phường Giảng Võ, Quận Ba Đình, Hà Nội",32 m²,3 phòng,5 WC,5,Giấy tờ hợp lệ,16-11-2025
TOÀ CCMN RẺ NHẤT PHÂN KHÚC DÒNG TIỀN!,"20,6 tỷ","Đường Đội Cấn, Phường Đội Cấn, Quận Ba Đình, Hà Nội",88 m²,15 phòng,15 WC,7,Sổ đỏ,16-11-2025
"Tôi cần bán nhà ngõ Đào Tấn, BĐ giá 7.1 tỷ, 40m2x4T, ở luôn","7,1 tỷ","Đường Đào Tấn, Phường Cống Vị, Quận Ba Đình, Hà Nội",40 m² (4.0x10.0),N/A,N/A,4,Sổ đỏ,16-11-2025
"Tôi cần bán nhà mặt ngõ ô tô Đào Tấn, 6tầng thang máy full nội thất","17,96 tỷ","Phường Liễu Giai, Quận Ba Đình, Hà Nội",50 m²,6 phòng,6 WC,6,Giấy tờ hợp lệ,16-11-2025
"Sở hữu ngay nhà Tân Ấp, giá 6.3 tỷ, 26m2x5T, ngõ thoáng ẢNH THẬT","6,3 tỷ","Đường Tân Ấp, Phường Phúc Xá, Quận Ba Đình, Hà Nội",26 m²,N/A,2,5,Sổ đỏ,16-11-2025
"Bán nhanh nhà ngõ 6 Vĩnh Phúc, giá 9.9 tỷ, hơn 36m2x2T, SDCC","9,9 tỷ","Đường Vĩnh phúc, Phường Vĩnh Phúc, Quận Ba Đình, Hà Nội",36 m² (4.0x8.0),N/A,N/A,2,Sổ đỏ,16-11-2025
"bán nhà 6 tầng, thang máy, nhà xây dựng mới, đầy đủ nội thất cơ bản","8,8 tỷ","10, ngách 109 D, ngõ 409 Kim Mã, Đường Kim Mã, Phường Ngọc Khánh, Quận Ba Đình, Hà Nội",40 m² (6.0x6.0),4 phòng,5 WC,6,Sổ hồng,15-11-2025
chính chủ bán nhà hoàng hoa thám,"14,5 tỷ","40A ngõ 55/24 , Đường Hoàng Hoa Thám, Phường Ngọc Hà, Quận Ba Đình, Hà Nội",53 m² (3.7x15.0),4 phòng,3 WC,4,Sổ đỏ,16-11-2025
"SỔ 37M2x6T THANG MÁY, 15M RA PHỐ HOÀNG HOA THÁM, BA ĐÌNH","11,3 tỷ","Đường Hoàng Hoa Thám, Phường Ngọc Hà, Quận Ba Đình, Hà Nội",37 m²,4 phòng,4 WC,6,Sổ đỏ,15-11-2025
Bán nhà 124 mặt phố Thụy Khuê 200 m xây mới 9 tầng,85 tỷ,"124, Đường Thụy Khuê, Phường Trúc Bạch, Quận Ba Đình, Hà Nội",200 m² (7.0x129.0),3 phòng,2 WC,9,Sổ đỏ,14-11-2025
"💥 Bán gấp nhà 5 tầng Kim Mã - đẹp gần phố đi lại tiện, giá cả hợp lý","8,08 tỷ","Phường Kim Mã, Quận Ba Đình, Hà Nội",30 m²,3 phòng,3 WC,5,Đang chờ sổ,14-11-2025
"VĨNH PHÚC Đội Nhân 35m² _ ngõ thông thoáng rộng rãi, gần đường ô tô.",8 tỷ,"Đường Vĩnh Phúc, Phường Vĩnh Phúc, Quận Ba Đình, Hà Nội",35 m²,3 phòng,3 WC,N/A,Sổ đỏ,13-11-2025
SIÊU PHẨM ĐÀO TẤN – NHÀ ĐẸP DÂN XÂY – 3 THOÁNG – GIÁ CỰC,"12,9 tỷ","Phường Cống Vị, Quận Ba Đình, Hà Nội",54 m²,4 phòng,3 WC,6,Giấy tờ hợp lệ,13-11-2025
Siêu Phẩm Ba Đình Đón Tết 42m2 - 5 Tầng - Sát Phố - Ngõ Nông - 10 Tỷ,10 tỷ,"Phường Đội Cấn, Quận Ba Đình, Hà Nội",42 m² (4.2x10.0),5 phòng,4 WC,5,Giấy tờ hợp lệ,13-11-2025
"Bán nhà Lê Hồng Phong. Ngọc Hà. Ba Đình Hà Nội 19m x 6 tầng 4,89 tỷ. C","4,88 tỷ","Phường Quán Thánh, Quận Ba Đình, Hà Nội",19 m²,3 phòng,4 WC,6,Sổ đỏ,12-11-2025
"Chính chủ bán nhà Ngọc Hà- Hoàng Hoa Thám. Ba Đình. Hà Nội 21m x 5,5 t","4,85 tỷ","Phường Giảng Võ, Quận Ba Đình, Hà Nội",21 m²,3 phòng,4 WC,5.5,Sổ đỏ,12-11-2025
Nhà mới Ba Đình 7tầng thang máy. Oto tránh dừng đỗ ngày đêm.,"13,3 tỷ","Phường Ngọc Hà, Quận Ba Đình, Hà Nội",35 m²,1,N/A,7,Sổ đỏ,28-10-2025
bán gấp căn nhà khu plô VIP Vĩnh Phúc. Giáp khu 72ha  BA Đình DT 50M,"30,2 tỷ","Đường Bưởi, Phường Vĩnh Phúc, Quận Ba Đình, Hà Nội",50 m² (4.3x11.0),7 phòng,7 WC,9,Sổ đỏ,11-11-2025
TOÀ KHÁCH SẠN – CH CAO CẤP MẶT PHỐ XUÂN DIỆU 300 TỶ 300M2 XÂY 10 T,48 tỷ,"Đường Láng Hạ, Phường Thành Công, Quận Ba Đình, Hà Nội",125 m² (9.0x16.0),N/A,N/A,4,Sổ đỏ,11-11-2025
⚠️KHU VỰC CẢ NĂM MỚI CÓ 1 NHÀ BÁN -Bán Nhà - Mặt Hồ - Đội Cấn Ba Đình,"25,9 tỷ","Phường Ngọc Hà, Quận Ba Đình, Hà Nội",57 m² (4.9x11.5),4 phòng,5 WC,5,Giấy tờ hợp lệ,12-11-2025
NHÀ 2 MẶT NGÕ GIANG VĂN MINH - VỪA Ở VỪA CHO THUÊ,"14,8 tỷ","Phường Đội Cấn, Quận Ba Đình, Hà Nội",50 m²,5 phòng,3 WC,5,Giấy tờ hợp lệ,12-11-2025
Bán Nhà Mặt Phố Linh Lang - 105M2* 9 Tầng - Cho Thuê 200Tr/ Tháng,65 tỷ,"Đường Linh Lang, Phường Liễu Giai, Quận Ba Đình, Hà Nội",105 m²,13 phòng,14 WC,9,Sổ đỏ,11-11-2025
"Hiếm phân khúc Kim Mã, ngõ nông thoáng sáng, cách phố 60m, chỉ 6.6 Tỷ","6,6 tỷ","Phường Kim Mã, Quận Ba Đình, Hà Nội",27 m²,3 phòng,3 WC,4,Giấy tờ hợp lệ,11-11-2025
bán tòa nhà mặt phố văn cao 110m2 × 9 tầng,78 tỷ,"Phường Cống Vị, Quận Ba Đình, Hà Nội",110 m²,N/A,N/A,9,Sổ đỏ,11-11-2025
"bán nhà khu vạn bảo 75m2 x 6,5 tầng",37 tỷ,"Phường Cống Vị, Quận Ba Đình, Hà Nội",75 m²,N/A,N/A,6.5,Sổ đỏ,11-11-2025
"Hiếm nhà Kim Mã –35m²x5t, ngõ nông rộng, 3 mặt thoáng, giá chỉ 7,6 tỷ","7,4 tỷ","Phường Giảng Võ, Quận Ba Đình, Hà Nội",38 m²,3 phòng,5 WC,5,Giấy tờ hợp lệ,11-11-2025
"Chính chủ Bán Nhà 10m ra phố Kim Mã, 36m² x 4T, cạnh Lotte Liễu Giai","6,2 tỷ","Phường Kim Mã, Quận Ba Đình, Hà Nội",36 m²,3 phòng,5 WC,4,Giấy tờ hợp lệ,11-11-2025
Tân Ấp Ba ĐÌnh – 84 M2 – 3 Tầng – MT 7.3 M – Giá 8.2 Tỷ,"8,2 tỷ","Đường Tân Ấp, Phường Phúc Xá, Quận Ba Đình, Hà Nội",83 m² (7.3x11.0),3 phòng,3 WC,3,Sổ đỏ,15-11-2025
"Nhà Ngọc Khánh,35m2x5t, sát Vinhomes Giảng Võ, Giá trị tăng tương lai",8 tỷ,"Phường Ngọc Khánh, Quận Ba Đình, Hà Nội",35 m²,3 phòng,4 WC,5,Giấy tờ hợp lệ,11-11-2025
Bán nhà mặt phố Linh Lang- Phan Kế Bính trung tâm quận Ba Đình,45 tỷ,"Đường Linh Lang, Phường Cống Vị, Quận Ba Đình, Hà Nội",54 m²,N/A,N/A,8,Sổ đỏ,14-11-2025
"Phân lô Ba Đình 52m2*5T,mt 4m,vỉa hè,kd,oto tránh,nhà mới,giá 20.5tỷ.","20,5 tỷ","Đường Vĩnh phúc, Phường Đội Cấn, Quận Ba Đình, Hà Nội",52 m² (4.0x11.9),7 phòng,4 WC,5,Sổ hồng,10-11-2025
"Bán BT Vip Phố Liễu Giai, Ba Đình DT190m2 Mt 15m Đường oto gia 76,6ty","76,6 tỷ","68, Đường Liễu Giai, Phường Liễu Giai, Quận Ba Đình, Hà Nội",190 m²,4 phòng,4 WC,3,Sổ đỏ,14-11-2025
"BÁN BT KHU PL Vip Giảng Võ-  BA ĐÌNH ,OTO TRÁNH 136M2X3,5T - 66 TỶ",66 tỷ,"66, Đường Giảng Võ, Phường Giảng Võ, Quận Ba Đình, Hà Nội",136.8 m²,5 phòng,3 WC,35,Sổ đỏ,14-11-2025
"Bán Toà 8 nổi 1 Hầm Phố Linh Lang -Đào Tấn 109m2 mt8m Kd vip 68,886ty.","68,88 tỷ","55, Đường Linh Lang, Phường Liễu Giai, Quận Ba Đình, Hà Nội",109 m²,15 phòng,16 WC,N/A,Sổ đỏ,14-11-2025
"Bán nhà 8t Thang Máy MP Nguyễn Thái Học- Điện Biên Phủ DT 92m2 MT4,15m","89,99 tỷ","68, Đường Nguyễn Thái Học, Phường Điện Biên, Quận Ba Đình, Hà Nội",92 m²,16 phòng,17 WC,8,Sổ đỏ,14-11-2025
Cần chuyển nhượng nhà trung tâm phố cổ,"7,8 tỷ","Phường Quán Thánh, Quận Ba Đình, Hà Nội",29 m² (8.0x4.0),3 phòng,3 WC,4,Giấy tờ hợp lệ,10-11-2025
BÁN NHÀ ĐẸP BA ĐÌNH – FULL NỘI THẤT – GẦN Ô TÔ – GIÁ TỐT,"11,5 tỷ","Phường Phúc Xá, Quận Ba Đình, Hà Nội",40 m²,2 phòng,3 WC,4,Giấy tờ hợp lệ,10-11-2025
"Bán nhà Liễu Giai 70m2, khu phân lô, ô tô ra vào, cần bán gấp","20,8 tỷ","Đường Liễu Giai, Phường Liễu Giai, Quận Ba Đình, Hà Nội",70 m²,N/A,N/A,3,Sổ đỏ,09-11-2025
Bán nhà trong ngõ 25 phan đình Phùng,"13,5 tỷ","25, Đường Phan Đình Phùng, Phường Quán Thánh, Quận Ba Đình, Hà Nội",47 m²,5 phòng,3 WC,5,Sổ đỏ,09-11-2025
GIÁ NÀO CŨNG BÁN NHÀ PHỐ HOÀNG HOA THÁM – BA ĐÌNH 55m 3 TẦNG MẶT TIỀN,13 tỷ,"Đường Hoàng Hoa Thám, Phường Ngọc Hà, Quận Ba Đình, Hà Nội",55 m²,4 phòng,4 WC,3,Sổ đỏ,13-11-2025
Cực hiếm!  Bán Nhà ba đình – đào tấn 41m2 x4 tầng ngõ thông kinh doanh,"14,65 tỷ","Đường Đào Tấn, Phường Đội Cấn, Quận Ba Đình, Hà Nội",41 m²,4 phòng,3 WC,4,Sổ đỏ,13-11-2025
"BA ĐÌNH VIP Ô TÔ ĐỖ CỬA, KINH DOANH SẦM UẤT, NHÀ 5 TẦNG MỚI ĐẸP Ở NGAY",40 tỷ,"Đường Ngọc Khánh, Phường Ngọc Khánh, Quận Ba Đình, Hà Nội",40 m²,N/A,N/A,5,Sổ đỏ,13-11-2025
"45m² ĐÀO TẤN mặt tiền 5m - ngõ rộng, thoáng sáng, gần mặt đường.",14 tỷ,"Đường Đào Tấn, Phường Cống Vị, Quận Ba Đình, Hà Nội",40.8 m²,4 phòng,3 WC,N/A,Sổ đỏ,08-11-2025
"Lô Góc Ba Đình 35m2 - 5 Tầng - Gần Phố - Ở Ngay - Giá 7,6 Tỷ","7,6 tỷ","Phường Giảng Võ, Quận Ba Đình, Hà Nội",35 m² (3.5x10.0),3 phòng,4 WC,5,Giấy tờ hợp lệ,09-11-2025
"Bán nhà khu 28 Ông ích Khiêm ,dt :85m² x 5 tg,mt : 6m, giá:28,5 ty","28,5 tỷ","Đường Ông Ích Khiêm, Phường Đội Cấn, Quận Ba Đình, Hà Nội",85 m² (6.0x26.0),6 phòng,7 WC,4,Sổ đỏ,08-11-2025
🏡 TÂN ẤP – BA ĐÌNH | NHÀ ĐẸP DÂN XÂY – FULL NỘI THẤT – GẦN Ô TÔ,"11,5 tỷ","Phường Phúc Xá, Quận Ba Đình, Hà Nội",40 m²,4 phòng,3 WC,4,Giấy tờ hợp lệ,09-11-2025
Lô Góc Ba Đình 45m2 - 6 Tầng Thang Máy - Ngõ Thông - Ô Tô - Giá 12 Tỷ,12 tỷ,"Phường Vĩnh Phúc, Quận Ba Đình, Hà Nội",45 m² (4.5x10.0),3 phòng,4 WC,6,Giấy tờ hợp lệ,09-11-2025
Đội Cấn 29m2-6 tầng-mt 5m-ô tô tránh đỗ 14.5 tỷ(Có thương lượng),"14,5 tỷ","279, Đường Đội Cấn, Phường Ngọc Hà, Quận Ba Đình, Hà Nội",29 m² (5.0x6.0),3 phòng,5 WC,6,Sổ đỏ,12-11-2025
💥  NHÀ ĐẸP TRUNG TÂM BA ĐÌNH – Ở NGAY – CÁCH Ô TÔ VÀI BƯỚC 💥,"8,6 tỷ","612, Đường Đê La Thành, Phường Giảng Võ, Quận Ba Đình, Hà Nội",41.3 m² (7.0x6.0),4 phòng,3 WC,4,Sổ đỏ,12-11-2025
"HIẾM !!! BÁN NHÀ GIANG VĂN MINH–KIM MÃ–42M²x 5T–GẦN PHỐ–CHỈ 9,8 TỶ","9,8 tỷ","Phường Kim Mã, Quận Ba Đình, Hà Nội",42 m²,3 phòng,5 WC,5,Giấy tờ hợp lệ,08-11-2025
Phố Tân Ấp – Ba Đình – Ô Tô Tránh – 61 M – 5 T – MT 5 M – Giá 19.5 Tỷ.,"19,5 tỷ","Đường Tân Ấp, Phường Phúc Xá, Quận Ba Đình, Hà Nội",61 m² (5.0x12.0),5 phòng,4 WC,5,Sổ đỏ,12-11-2025
"🇻🇳Nhà mới kính koong #Ba_Đình, 22m2, 5 tầng, mt 3.5, Giá chỉ 5.9 tỷ","5,9 tỷ","Phường Phúc Xá, Quận Ba Đình, Hà Nội",22 m²,3 phòng,3 WC,5,Giấy tờ hợp lệ,08-11-2025
"Mặt ngõ kinh doanh Núi Trúc - 38m2-10m ra phố -Ngõ thông, Chỉ 9,2 Tỷ","9,2 tỷ","Phường Giảng Võ, Quận Ba Đình, Hà Nội",38 m²,3 phòng,5 WC,4,Giấy tờ hợp lệ,08-11-2025
"Đội Cấn 27m² 5T 4PN 8.8 Tỷ Ba Đình – TRUNG TÂM, VÀI BƯỚC RA PHỐ","8,8 tỷ","Phường Đội Cấn, Quận Ba Đình, Hà Nội",27 m²,2 phòng,3 WC,5,Giấy tờ hợp lệ,08-11-2025
PHÂN LÔ – NỞ HẬU – 2 MẶT THOÁNG – LÕI BA ĐÌNH,"7,8 tỷ","Phường Cống Vị, Quận Ba Đình, Hà Nội",29 m²,4 phòng,3 WC,4,Giấy tờ hợp lệ,08-11-2025
NHÀ ĐẸP TRUNG TÂM BA ĐÌNH – VÀI BƯỚC RA PHỐ – 5 TẦNG FULL CÔNG NĂNG,"8,8 tỷ","Phường Đội Cấn, Quận Ba Đình, Hà Nội",27 m²,2 phòng,3 WC,5,Giấy tờ hợp lệ,08-11-2025
HÓT BA ĐÌNH – GIÁ ĐẦU TƯ – SỔ ĐỎ CHÍNH CHỦ,"7,5 tỷ","Phường Vĩnh Phúc, Quận Ba Đình, Hà Nội",34 m²,2 phòng,3 WC,3,Giấy tờ hợp lệ,08-11-2025
"bán nhà mặt phố linh lang-kim mã thượng 230m2,MT 7m.",90 tỷ,"Phường Cống Vị, Quận Ba Đình, Hà Nội",230 m²,N/A,N/A,N/A,Sổ đỏ,07-11-2025
"bán nhà nhõ 2 linh lang - ba đình 76m2 x 6,5 tầng",35 tỷ,"Đường Linh Lang, Phường Cống Vị, Quận Ba Đình, Hà Nội",76 m²,N/A,N/A,6.5,Sổ đỏ,07-11-2025
"Bán 22 kim mã thượng 80m2 x 4,5 tầng     giá: 21,5ti",30 tỷ,"Đường Kim Mã Thượng, Phường Cống Vị, Quận Ba Đình, Hà Nội",80 m²,N/A,N/A,4.5,Sổ đỏ,07-11-2025
"HIẾM - BÁN NHÀ PHỐ NGỌC HÀ - GẦN LĂNG BÁC - 40M - 4,5 TẦNG - MT 5,2M","13,5 tỷ","Đường Ngọc Hà, Phường Ngọc Hà, Quận Ba Đình, Hà Nội",40 m² (5.2x8.0),5 phòng,4 WC,4,Sổ đỏ,11-11-2025
Phân Lô Ô Tô Ngọc Khánh - Vỉa Hè 3m - Kinh Doanh - 45M2* 5T - 19.2 Tỷ.,"19,2 tỷ","Đường Ngọc Khánh, Phường Ngọc Khánh, Quận Ba Đình, Hà Nội",45 m²,5 phòng,5 WC,5,Sổ hồng,11-11-2025
Bán gấp nhà 6 tầng sát phố Giảng Võ hơn 6 tỷ,"6,86 tỷ","Đường Giảng Võ, Phường Giảng Võ, Quận Ba Đình, Hà Nội",30 m²,3 phòng,3 WC,6,Sổ đỏ,11-11-2025
"Bán nhà ngõ 371 kim mã , ba đình, dt: 75 m, mt: 4,5 , giá 10,5 ty","10,5 tỷ","Đường Kim Mã, Phường Kim Mã, Quận Ba Đình, Hà Nội",75 m² (4.5x18.0),3 phòng,2 WC,N/A,Sổ đỏ,06-11-2025
Bán nhà Hoàng Hoa Thám 54m² ngõ thoáng gần phố giá đầu tư 9 tỷ,9 tỷ,"Đường Hoàng Hoa Thám, Phường Ngọc Hà, Quận Ba Đình, Hà Nội",54 m²,N/A,N/A,N/A,Sổ đỏ,10-11-2025
BÁN NHÀ MẶT PHỐ - VỈA HÈ KINH DOANH - YÊN PHỤ - BA ĐÌNH - NGUYỄN TRUNG,"8,9 tỷ","88, Đường Yên Phụ, Phường Nguyễn Trung Trực, Quận Ba Đình, Hà Nội",22.2 m²,N/A,N/A,4,Sổ đỏ,10-11-2025
CỰC ĐẸP - ĐÀO TẤN - LINH LANG - 70M - 4 TẦNG - 2 THOÁNG - chỉ 22 tỷ,22 tỷ,"Đường Đào Tấn, Phường Cống Vị, Quận Ba Đình, Hà Nội",70 m² (4.0x17.5),5 phòng,4 WC,4,Sổ đỏ,10-11-2025
BÁN NHÀ NGỌC HÀ  – TRUNG TÂM BA ĐÌNH– 3 BƯỚC RA PHỐ –DÂN XÂY CHẮC NỊCH,"5,88 tỷ","Phường Ngọc Hà, Quận Ba Đình, Hà Nội",24 m²,2 phòng,3 WC,4,Giấy tờ hợp lệ,06-11-2025
"NHÀ MỚI TRUNG TÂM BA ĐÌNH - 40m2 7 TẦNG THANG MÁY CHỈ 11,8 TỶ","11,8 tỷ","Phường Ngọc Hà, Quận Ba Đình, Hà Nội",40 m²,7 phòng,7 WC,7,Giấy tờ hợp lệ,06-11-2025
NHÀ MỚI TRUNG TÂM ĐỐNG ĐA - 22M2 4 TẦNG CHỈ 7.3 TỶ,"7,3 tỷ","Phường Liễu Giai, Quận Ba Đình, Hà Nội",22 m²,2 phòng,3 WC,4,Giấy tờ hợp lệ,06-11-2025
CÁCH MẶT PHỐ HOÀNG HOA THÁM 50M - NHÀ ĐẸP - VỪA TIỀN - SỔ ĐỎ CHÍNH CHỦ,"7,3 tỷ","Phường Liễu Giai, Quận Ba Đình, Hà Nội",25 m² (3.0x8.0),2 phòng,2 WC,4,Giấy tờ hợp lệ,06-11-2025
"SIÊU RẺ TRUNG TÂM BA ĐÌNH - 51M2 - 5PN - 5 TẦNG CHỈ 10,5 TỶ","10,5 tỷ","Phường Liễu Giai, Quận Ba Đình, Hà Nội",51 m²,5 phòng,6 WC,5,Giấy tờ hợp lệ,06-11-2025
"GIÁ 14.2 TỶ! ĐẤT ĐỘI CẤN - BA ĐÌNH: 65M², GẦN Ô TÔ!","14,2 tỷ","Phường Đội Cấn, Quận Ba Đình, Hà Nội",65 m²,2 phòng,N/A,2,Giấy tờ hợp lệ,06-11-2025
"BÁN NHÀ ĐẸP  – LÔ GÓC SIÊU THOÁNG – 5 NHÀ RA Ô TÔ – NGỌC HÀ, BA ĐÌNH","11,5 tỷ","Phường Ngọc Hà, Quận Ba Đình, Hà Nội",42 m²,5 phòng,5 WC,4,Giấy tờ hợp lệ,06-11-2025
"BÁN NHÀ ĐỘI CẤN - VỪA Ở VỪA SINH LỜI - 55M2X4T MẶT TIỀN 5,5M, NGÕ RỘNG","10,5 tỷ","Phường Đội Cấn, Quận Ba Đình, Hà Nội",55 m²,3 phòng,5 WC,5,Giấy tờ hợp lệ,06-11-2025
"HIẾM VỊ TRÍ !!! NHÀ KIM MÃ–38M²–CÁCH PHỐ 50M –2 MẶT THOÁNG–CHỈ 7,3 TỶ","7,3 tỷ","Phường Kim Mã, Quận Ba Đình, Hà Nội",38 m²,3 phòng,4 WC,4,Giấy tờ hợp lệ,06-11-2025
Vĩnh Phúc – Ba Đình – Ô Tô tránh – 123 m2 – 5 T – MT 4.5 m – Giá 30.3,"30,3 tỷ","Đường Vĩnh Phúc, Phường Cống Vị, Quận Ba Đình, Hà Nội",123 m² (4.5x27.0),7 phòng,7 WC,5,Sổ đỏ,11-11-2025
"NHÀ MỚI TRUNG TÂM BA ĐÌNH - 40M2 6 TẦNG THANG MÁY CHỈ 12,1 TỶ","12,1 tỷ","Phường Liễu Giai, Quận Ba Đình, Hà Nội",40 m²,3 phòng,4 WC,6,Giấy tờ hợp lệ,06-11-2025
Bán nhà 4 tầng ngõ 379 Đội Cấn,"17,13 tỷ","Đường Đội Cấn, Phường Liễu Giai, Quận Ba Đình, Hà Nội",68.5 m²,4 phòng,3 WC,4,Sổ đỏ,05-11-2025
"Bán nhà mặt ngõ Giang Văn Minh, BD, dt::50 m x 5 tg,mt:4m, giá 18,8 tỷ","18,8 tỷ","Đường Giang Văn Minh, Phường Kim Mã, Quận Ba Đình, Hà Nội",50 m² (4.0x14.0),4 phòng,5 WC,5,Sổ đỏ,05-11-2025
"Bán nhà ngõ 112 Ngọc Khánh, bd, dt: 60 m 6 tg,mt:4,5m, giá 18,5 tỷ","18,5 tỷ","Đường Ngọc Khánh, Phường Ngọc Khánh, Quận Ba Đình, Hà Nội",60 m² (4.5x15.0),5 phòng,5 WC,6,Sổ đỏ,05-11-2025
"Bán nhà mặt phố Đội Cấn, 100m2, xây 10 tầng, MT 8m, cho thuê hơn 200 t",60 tỷ,"Đường Đội Cấn, Phường Đội Cấn, Quận Ba Đình, Hà Nội",100 m² (8.0x12.0),10 phòng,N/A,10,Sổ đỏ,09-11-2025
HIẾM CÓ KHÓ TÌM - 8x TỶ SỞ HỮU TRUNG TÂM QUẬN BA ĐÌNH - VÀI BƯỚC RA NG,"8,6 tỷ","Phường Kim Mã, Quận Ba Đình, Hà Nội",42 m²,4 phòng,3 WC,4,Sổ đỏ,09-11-2025
Bán nhà nhỏ phố Sơn Tây-Ba Đình 26m/2 tầng .Gía 5.7 tỷ,"5,7 tỷ","Đường Sơn Tây, Phường Kim Mã, Quận Ba Đình, Hà Nội",26 m² (3.2x8.0),2 phòng,2 WC,2,Sổ đỏ,09-11-2025
"Thiện chí bán nhà đầu ngõ Phó Đức Chính, giá chỉ 7.5 tỷ, 32m2x4 tầng,","7,5 tỷ","Đường Phó Đức Chính, Phường Phúc Xá, Quận Ba Đình, Hà Nội",32 m²,N/A,N/A,4,Sổ đỏ,09-11-2025
"Giảng Võ, hiếm nhà 7 tầng bán, 5m ngang, ô tô vào nhà, phân lô, No QH","24,95 tỷ","283, Đường Giảng Võ, Phường Giảng Võ, Quận Ba Đình, Hà Nội",50 m²,2,N/A,7,Sổ đỏ,04-11-2025
"🏡 BÁN NHÀ ĐẸP – HOÀNG HOA THÁM– LÔ GÓC, GẦN HỒ, TRUNG TÂM, DÂN TRÍ CAO","11,8 tỷ","Phường Ngọc Hà, Quận Ba Đình, Hà Nội",45 m² (4.0x11.3),3 phòng,3 WC,4,Giấy tờ hợp lệ,05-11-2025
"🏡 BÁN NHÀ MỚI XÂY – HOÀNG HOA THÁM – THANG MÁY, TRUNG TÂM CỦA  PHỐ","11,7 tỷ","Phường Ngọc Hà, Quận Ba Đình, Hà Nội",39 m² (4.6x8.4),4 phòng,3 WC,5,Giấy tờ hợp lệ,05-11-2025
"Khách sạn 9 tầng phố Liễu Giai, 100m2,dòng tiền 200 triệu,nhỉnh 60 tỷ",68 tỷ,"Đường Liễu Giai, Phường Liễu Giai, Quận Ba Đình, Hà Nội",100 m²,13 phòng,15 WC,9,Sổ đỏ,04-11-2025
BÁN LÔ ĐẤT LỚN TRUNG TÂM BA ĐÌNH - VÔ ĐỊCH VỀ GIÁ - BA GÁC ĐỖ CỬA 685M,"46,9 tỷ","Phường Ngọc Hà, Quận Ba Đình, Hà Nội",683 m² (10.0x70.0),11 phòng,7 WC,2,Giấy tờ hợp lệ,05-11-2025
Bán gấp chdv 7 tầng 17 phòng khép kín full khách Ngọc Khánh,"22,5 tỷ","6, Đường Ngọc Khánh, Phường Giảng Võ, Quận Ba Đình, Hà Nội",70 m² (5.0x14.0),17 phòng,17 WC,7,Sổ đỏ,11-11-2025
Vị trí vàng Toà 5T Mp Văn Cao-Liễu Giai vỉa hè 6m đường 42m kd sầm uất,65 tỷ,"Đường Liễu Giai, Phường Liễu Giai, Quận Ba Đình, Hà Nội",95 m²,4 phòng,4 WC,5,Sổ đỏ,03-11-2025
GIẢM 5 TỶ...! MẶT PHỐ MẶT TIỀN 10M - 9 TẦNG CHO THUÊ 2.2 TỶ - 105M2,65 tỷ,"Đường Đào Tấn, Phường Liễu Giai, Quận Ba Đình, Hà Nội",105 m²,10 phòng,11 WC,9,Sổ đỏ,08-11-2025
"BÁN GẤP NHÀ PHAN KẾ BÍNH - BA ĐÌNH, 4 TẦNG 4PN, NGÕ THẲNG GIÁ HƠN 7 TỶ","7,7 tỷ","Phường Liễu Giai, Quận Ba Đình, Hà Nội",30 m²,4 phòng,3 WC,4,Giấy tờ hợp lệ,04-11-2025
"TRUNG TÂM BA ĐÌNH 39M2 - 5 TẦNG - THANG MÁY CHỈ 11,7 TỶ","11,7 tỷ","Phường Liễu Giai, Quận Ba Đình, Hà Nội",39 m²,3 phòng,4 WC,5,Giấy tờ hợp lệ,04-11-2025
BÁN NHÀ CHO THUÊ KINH DOANH Ở ĐÀO TẤN - THANG MÁY - GẦN PHỐ VÀI BƯỚC,22 tỷ,"Phường Ngọc Khánh, Quận Ba Đình, Hà Nội",65 m²,4 phòng,N/A,5,Giấy tờ hợp lệ,04-11-2025
"Nhà Nghĩa Dũng - Phúc Xá - 28 m * 2 tầng -4,5 tỷ","4,5 tỷ","Phường Phúc Xá, Quận Ba Đình, Hà Nội",25 m² (4.0x7.0),2 phòng,2 WC,2,Giấy tờ hợp lệ,04-11-2025
Nhà Phân lô Phúc Xá - 52 m- 6 tầng -23 tỷ,23 tỷ,"Phường Phúc Xá, Quận Ba Đình, Hà Nội",52 m² (4.8x11.0),5 phòng,5 WC,6,Giấy tờ hợp lệ,04-11-2025
"BÁN GẤP NHÀ MP ĐÊ LA THÀNH, 40M2×5T, MT 3.5M, 19 TỶ - 0987104878",19 tỷ,"Đường Đê La Thành, Phường Giảng Võ, Quận Ba Đình, Hà Nội",40 m² (4.0x11.0),5 phòng,4 WC,5,Sổ đỏ,03-11-2025
BÁN NHÀ HOÀNG HOA THÁM – 3 TẦNG – NGÕ THOÁNG – BA ĐÌNH,"7,5 tỷ","Phường Vĩnh Phúc, Quận Ba Đình, Hà Nội",34 m²,2 phòng,2 WC,3,Giấy tờ hợp lệ,04-11-2025
"Bán nhà nghách 25 ngõ 629 Kim Mã, quận Ba Đình, DT sổ","26,9 tỷ","Phường Kim Mã, Quận Ba Đình, Hà Nội",78 m²,N/A,N/A,6,Sổ đỏ,19-10-2025
"Nhà 4T ngõ 612 La Thành-94 Ngọc Khánh cách oto 20m ngõ 2,5m dt 75m","15,5 tỷ","Đường La Thành, Phường Giảng Võ, Quận Ba Đình, Hà Nội",69.2 m²,4 phòng,4 WC,4,Sổ đỏ,03-11-2025
"Ngọc Hà, Ba Đình, Hà Nội  37m² x 6 tầng thang máy, giá 11.3 tỷ","11,3 tỷ","Đường Ngọc Hà, Phường Ngọc Hà, Quận Ba Đình, Hà Nội",37 m²,4 phòng,5 WC,6,Sổ đỏ,02-11-2025
BÁN GẤP - TOÀ CĂN HỘ PHỐ VĨNH PHÚC - BA ĐÌNH,"19,4 tỷ","Đường Vĩnh phúc, Phường Vĩnh Phúc, Quận Ba Đình, Hà Nội",50 m² (4.5x12.0),11 phòng,11 WC,7,Sổ đỏ,07-11-2025
Mặt Phố - Vĩnh Phúc Ba Đình – 98 M2 – 5 T – MT 6.2 M – Giá 36.5 Tỷ. 🔥,"36,5 tỷ","Đường Vĩnh phúc, Phường Vĩnh Phúc, Quận Ba Đình, Hà Nội",98 m² (6.1x16.0),9 phòng,7 WC,5,Sổ đỏ,07-11-2025
"Có việc bán gấp nhà trung tâm Kim Mã, Ba Đình - 31m 5 tầng 7,98tỷ","7,98 tỷ","Phường Kim Mã, Quận Ba Đình, Hà Nội",31 m²,3 phòng,3 WC,5,Giấy tờ hợp lệ,03-11-2025
"CẦN BÁN NHÀ VĨNH PHÚC , BA ĐÌNH , KHU PHỐ CỰC HIẾM NHÀ BÁN . NGÕ THÔNG","11,1 tỷ","Đường Vĩnh Phúc, Phường Vĩnh Phúc, Quận Ba Đình, Hà Nội",40 m²,3 phòng,5 WC,6,Sổ hồng,06-11-2025
Mặt Phố Sơn Tây – Ba Đình – 66 M2 – 7 Tầng – MT 3.5 M – Giá 26.8 Tỷ. M,"26,8 tỷ","Đường Sơn Tây, Phường Nguyễn Trung Trực, Quận Ba Đình, Hà Nội",66 m² (3.5x19.0),5 phòng,4 WC,7,Sổ đỏ,06-11-2025
Nghĩa Dũng – Ba Đình – 179 m2 – 3 Tầng – Mặt Tiền 4 m – Giá 18.5 Tỷ.,"18,5 tỷ","Đường Nghĩa Dũng, Phường Phúc Xá, Quận Ba Đình, Hà Nội",179 m² (4.0x45.0),2 phòng,1 WC,3,Sổ đỏ,06-11-2025
SIÊU HIẾM- BÁN NHÀ PHỐ CỔ- YÊN NINH- BA ĐÌNH- 5 TẦNG THANG MÁY- 9 TỶ,9 tỷ,"Đường Yên Ninh, Phường Trúc Bạch, Quận Ba Đình, Hà Nội",43 m²,3 phòng,N/A,5,Sổ đỏ,06-11-2025
7.05 Tỷ có nhà phố Láng Hạ 30m2,"7,05 tỷ","Phường Thành Công, Quận Ba Đình, Hà Nội",30 m²,3 phòng,N/A,5,Giấy tờ hợp lệ,02-11-2025
BÁN NHÀ BA ĐÌNH - NHÀ MỚI - 5 TẦNG THANG MÁY - Ở NGAY,"11,7 tỷ","Phường Ngọc Hà, Quận Ba Đình, Hà Nội",39 m²,3 phòng,N/A,5,Giấy tờ hợp lệ,02-11-2025
BÁN NHÀ  LÔ GÓC HOÀNG HOA THÁM - NGỌC HÀ– LÕI BA ĐÌNH-CHỈ 100M RA Ô TÔ,"11,8 tỷ","Phường Vĩnh Phúc, Quận Ba Đình, Hà Nội",45 m²,4 phòng,3 WC,4,Giấy tờ hợp lệ,02-11-2025
BÁN NHÀ NGỌC HÀ  – THANG MÁY – DÒNG TIỀN 50TR/THÁNG  – BA ĐÌNH,19 tỷ,"Phường Ngọc Hà, Quận Ba Đình, Hà Nội",40 m²,4 phòng,5 WC,6,Giấy tờ hợp lệ,02-11-2025
BÁN NHÀ  ĐÀO TẤN – 4 TẦNG - 42M – Ô TÔ ĐỖ CỬA – GẦN PHỐ,"14,8 tỷ","Phường Cống Vị, Quận Ba Đình, Hà Nội",42 m²,4 phòng,N/A,4,Giấy tờ hợp lệ,02-11-2025
BÁN NHÀ BA ĐÌNH - NHÀ MỚI - THIẾT KẾ HIỆN ĐẠI - KINH DOANH ĐỈNH,"19,9 tỷ","Phường Ngọc Khánh, Quận Ba Đình, Hà Nội",49 m²,11 phòng,7 WC,7,Giấy tờ hợp lệ,02-11-2025
"Bán nhà mặt phố Linh Lang 84m x 5T, mặt tiền7m, giá 62,8 tỷ","62,8 tỷ","80, Đường Linh Lang, Phường Liễu Giai, Quận Ba Đình, Hà Nội",85 m² (7.0x12.0),5 phòng,5 WC,5,Sổ hồng,01-11-2025
Chính chủ bán nhà mặt phố Lý Thường Kiệt 86 m xây 7 tầng,61 tỷ,"50, Đường Quán Thánh, Phường Quán Thánh, Quận Ba Đình, Hà Nội",86 m²,5 phòng,4 WC,7,Sổ đỏ,10-07-2025
"Ban nhà măt ngõ phố giang văn minh , bd, dt:42 mx 5 tg, giá: 13,5 ty","13,5 tỷ","Đường Giang Văn Minh, Phường Kim Mã, Quận Ba Đình, Hà Nội",42 m² (4.0x11.0),4 phòng,5 WC,5,Sổ đỏ,01-11-2025
"Bán nhà phố TRÚC BẠCH, BD. Dt: 60m2 x 5 , giá 19 ty",19 tỷ,"Đường Phó Đức Chính, Phường Trúc Bạch, Quận Ba Đình, Hà Nội",60 m² (4.0x15.0),5 phòng,5 WC,5,Sổ đỏ,01-11-2025
Đội Cấn – Ba Đình – Ô Tô – 74 m2 – 3 Tâmgf – MT 5.4 m – Giá 20.9 Tỷ.,"20,9 tỷ","Đường Đội Cấn, Phường Đội Cấn, Quận Ba Đình, Hà Nội",74 m² (5.4x13.5),3 phòng,3 WC,3,Sổ đỏ,05-11-2025
"bán tòa nhà APARTMENT phố Phan Kế Bính 120m2 x 10tầng lô góc giá 48,8","48,8 tỷ","22, Đường Phan Kế Bính, Phường Cống Vị, Quận Ba Đình, Hà Nội",120 m² (7.0x17.0),29 phòng,30 WC,9,Sổ hồng,31-10-2025
ĐỘI CẤN MẶT NGÕ Ô TÔ-2THOÁNG -MẶT TIỀN ĐẸP-NGÕ NÔNG -DT49M*5T-10.5TỶ,"10,5 tỷ","Phường Đội Cấn, Quận Ba Đình, Hà Nội",49 m² (3.2x15.3),4 phòng,4 WC,5,Giấy tờ hợp lệ,01-11-2025
Liễu Giai phố VIP trung tâm-nhà dòng tiền 7p cho thuê ngõ ô tô giá đẹp,"29,3 tỷ","Phường Liễu Giai, Quận Ba Đình, Hà Nội",60 m²,7 phòng,7 WC,5,Giấy tờ hợp lệ,01-11-2025
HOÀNG HOA THÁM-2THOÁNG-NGÕ NÔNG - MẶT TIỀN RỘNG-DT35M*5T-11.6 Tỷ,"11,6 tỷ","Phường Đội Cấn, Quận Ba Đình, Hà Nội",35 m² (5.6x6.3),3 phòng,4 WC,5,Giấy tờ hợp lệ,01-11-2025
"Bán nhà 6t MP Nguyễn Thái Học DT 80m2 MT4,2m sđcc bán 35 tỷ",35 tỷ,"Đường Nguyễn Thái Học, Phường Điện Biên, Quận Ba Đình, Hà Nội",80 m²,6 phòng,7 WC,7,Sổ đỏ,N/A
"Bán Nhà Mặt Phố Trung Tâm Ba Đình 10 Tầng Xây Mới Văn Phòng MT 7,65M",62 tỷ,"Đường Đội Cấn, Phường Đội Cấn, Quận Ba Đình, Hà Nội",82 m²,4 phòng,12 WC,10,Sổ đỏ,31-10-2025
BÁN TÒA NHÀ VP MẶT PHỐ VĂN CAO DT 101 m x 10 TẦNG -MT 6M - GIÁ 79 TỶ,79 tỷ,"Đường Văn cao, Phường Liễu Giai, Quận Ba Đình, Hà Nội",101 m²,6 phòng,9 WC,10,Sổ đỏ,31-10-2025
Bán tòa Apartment cao cấp Liễu Giai 8 tầng 1 tum 13 Căn Hộ 1 Penthouse,68 tỷ,"Đường Liễu Giai, Phường Liễu Giai, Quận Ba Đình, Hà Nội",100 m²,15 phòng,16 WC,9,Sổ đỏ,31-10-2025
Bán TOÀ NHÀ APARTMENT CAO CẤP Phan Kế Bính 8 Tầng 1 Hầm 28 Căn Hộ Víp,48 tỷ,"Đường Phan Kế Bính, Phường Liễu Giai, Quận Ba Đình, Hà Nội",119 m²,40 phòng,29 WC,8,Sổ đỏ,31-10-2025
"Gần Nhà Đài VTV,  phân lô vuông đét, vỉa hè, Gara ô tô, kinh doanh","16,5 tỷ","Đường Nguyễn Công Hoan, Phường Ngọc Khánh, Quận Ba Đình, Hà Nội",39 m²,4 phòng,N/A,5,Sổ đỏ,31-10-2025
"Mảnh đất mặt phố Ngũ Xã, 88m2, xây toà 7 tầng kinh doanh, nhỉnh 34 tỷ",34 tỷ,"Đường Ngũ Xã, Phường Trúc Bạch, Quận Ba Đình, Hà Nội",88 m²,3 phòng,4 WC,4,Sổ đỏ,04-11-2025
BÁN TÒA NHÀ 71 HÀNG THAN TRUNG TÂM PHỐ CỔ - VIEW ĐẸP - 10 TẦNG,150 tỷ,"số 71, Đường Hàng Than, Phường Nguyễn Trung Trực, Quận Ba Đình, Hà Nội",90 m²,1,N/A,10,Sổ đỏ,04-11-2025
"Nhỉnh 7 tỷ – Nhà phố Quán Thánh, lõi phố cổ, 5 tầng,
Lô góc","7,08 tỷ","Phường Quán Thánh, Quận Ba Đình, Hà Nội",22 m²,3 phòng,N/A,5,Giấy tờ hợp lệ,31-10-2025
GIANG VĂN MINH – BA ĐÌNH  PHÂN LÔ Ô TÔ – KINH DOANH – NGÕ THÔNG.,19 tỷ,"Đường Giang Văn Minh, Phường Ngọc Hà, Quận Ba Đình, Hà Nội",46 m² (4.0x12.5),4 phòng,4 WC,5,Sổ đỏ,04-11-2025
"Phố Liễu Giai- Đào Tân- 60M, ô tô qua 29 tỷ",29 tỷ,"Phường Liễu Giai, Quận Ba Đình, Hà Nội",60 m² (4.0x16.0),5 phòng,5 WC,5,Sổ đỏ,30-10-2025
Ô TÔ VÀO NHÀ 110m RỘNG 5m NHÀ 6 TẦNG ĐỘI CẤN 181 TR/M,"19,9 tỷ","21, Đường Đội Cấn, Phường Đội Cấn, Quận Ba Đình, Hà Nội",110 m² (5.0x24.0),6 phòng,7 WC,6,Sổ đỏ,30-10-2025
"Bán  biêt thự ngõ 445 đội cấn, dt 150 m x 5tg,mt:9 m, giá : 80 ty",80 tỷ,"Phường Cống Vị, Quận Ba Đình, Hà Nội",150 m² (9.0x16.0),5 phòng,7 WC,4,Sổ đỏ,30-10-2025
"TOÀ NHÀ 8T + 1 HẦM TẠI MẶT PHỐ LINH LANG - ĐÀO TẤN, MẶT TIỀN 10M","68,8 tỷ","Đường Linh Lang, Phường Đội Cấn, Quận Ba Đình, Hà Nội",102 m²,N/A,N/A,9,Sổ đỏ,03-11-2025
"Cực hiếm Nhà Đào Tấn ngõ thông ô tô  đỗ cửa,mặt tiền khủng, kinh doanh","14,65 tỷ","Đường Đào Tấn, Phường Cống Vị, Quận Ba Đình, Hà Nội",48 m² (5.2x10.0),4 phòng,3 WC,5,Sổ đỏ,03-11-2025
"CỰC HIẾM - MẶT PHỐ VĨNH PHÚC - ĐỘI NHÂN - BA ĐÌNH chỉ 17,8 tỷ","17,8 tỷ","Đường Đội Nhân, Phường Vĩnh Phúc, Quận Ba Đình, Hà Nội",45 m² (4.5x10.0),5 phòng,5 WC,7,Sổ đỏ,03-11-2025
HIẾM - TOÀ VĂN PHÒNG MẶT PHỐ - TRUNG TÂM BA ĐÌNH,42 tỷ,"Đường Đào Tấn, Phường Cống Vị, Quận Ba Đình, Hà Nội",65 m² (5.5x12.0),7 phòng,6 WC,9,Sổ đỏ,03-11-2025
PHÂN LÔ Ô TÔ BÀN CỜ - MẶT TIỀN KIÊU HÃNH HOÀNH TRÁNG - KINH DOANH,"15,45 tỷ","Đường Hồng Hà, Phường Phúc Xá, Quận Ba Đình, Hà Nội",55 m²,N/A,1,5,Sổ đỏ,03-11-2025
SIÊU PHẨM ĐỘI CẤN - NGÕ RỘNG - MẶT TIỀN KHỦNG  - VỪA Ở VỪA SINH LỜI,"10,2 tỷ","Phường Ngọc Hà, Quận Ba Đình, Hà Nội",55 m²,4 phòng,3 WC,4,Giấy tờ hợp lệ,30-10-2025
HẠ GIÁ-TÒA VP 7 TẦNG PHỐ LIỄU GIAI-VẠN BẢO DT66/70M2-MT8.65M-33 TỶ,33 tỷ,"Đường Liễu Giai, Phường Liễu Giai, Quận Ba Đình, Hà Nội",66 m²,6 phòng,6 WC,7,Sổ đỏ,03-11-2025
"Bán nhà Đội Cấn, diện tích 25m2, 5 tầng, 3 ngủ, giá 6 tỷ",6 tỷ,"Phường Đội Cấn, Quận Ba Đình, Hà Nội",25 m²,3 phòng,4 WC,5,Giấy tờ hợp lệ,30-10-2025
"BÁN NHÀ ĐÀO TẤN – 35M² GIÁ CHỈ 6,9TỶ NGÕ THÔNG – GẦN PHỐ – SỔ NỞ HẬU","6,9 tỷ","Phường Cống Vị, Quận Ba Đình, Hà Nội",35 m²,3 phòng,3 WC,3,Giấy tờ hợp lệ,30-10-2025
"30M, trung tâm ba đình văn cao, hoàng hoa thám đầy đủ công năng","7,98 tỷ","Phường Ngọc Hà, Quận Ba Đình, Hà Nội",30 m² (5.0x6.0),3 phòng,2 WC,5,Giấy tờ hợp lệ,30-10-2025
"Hoa Hậu Đào Tấn, 47m, 4 tầng,ô tô đỗ cửa, kinh doanh ngày đêm","14,8 tỷ","Phường Cống Vị, Quận Ba Đình, Hà Nội",47 m²,4 phòng,N/A,4,Giấy tờ hợp lệ,30-10-2025
Bán nhà dân xây 5t Liễu Giai - Văn Cao 7.98ty,"7,98 tỷ","Phường Liễu Giai, Quận Ba Đình, Hà Nội",35 m²,3 phòng,4 WC,5,Giấy tờ hợp lệ,30-10-2025
"VĂN CAO BA ĐÌNH, NHÀ ĐẸP 5 TẦNG, GẦN PHỐ, NGÕ NÔNG.","7,9 tỷ","Phường Liễu Giai, Quận Ba Đình, Hà Nội",32 m²,4 phòng,N/A,5,Giấy tờ hợp lệ,30-10-2025
Bán nhà 7 tầng diện tích 60m2  mặt tiền 5m khu  phố Hồng Hà - Hà Nội,"26,5 tỷ","Đường Hồng Hà, Phường Phúc Xá, Quận Ba Đình, Hà Nội",60 m² (5.0x12.0),6 phòng,7 WC,7,Sổ đỏ,09-11-2025
"Tôi cần bán toà BUlDING Mp Liễu Giai, quận Ba Đình, Dt 110 m, 10 tầng",80 tỷ,"Đường Liễu Giai, Phường Liễu Giai, Quận Ba Đình, Hà Nội",120 m²,N/A,N/A,10,Sổ đỏ,29-10-2025
HOT NHẤT BA ĐÌNH – NHÀ MỚI ĐỘI CẤN 5 TẦNG – NGÕ GẦN PHỐ,"7,2 tỷ","Phường Ngọc Hà, Quận Ba Đình, Hà Nội",35 m²,3 phòng,3 WC,5,Giấy tờ hợp lệ,29-10-2025
"HIẾM! ĐỘI CẤN–32M²–MẶT TIỀN 6M–50M RA Ô TÔ–2 THOÁNG–CHỈ 7,3 TỶ","7,3 tỷ","Phường Đội Cấn, Quận Ba Đình, Hà Nội",32 m²,3 phòng,3 WC,3,Giấy tờ hợp lệ,29-10-2025
BÁN NHÀ LA THÀNH – 30M² x 6 TẦNG – 15M RA PHỐ – MẶT TIỀN 7.5M – CHỈ 7,"7,6 tỷ","Phường Ngọc Khánh, Quận Ba Đình, Hà Nội",33 m²,3 phòng,5 WC,6,Giấy tờ hợp lệ,29-10-2025
"HIẾM! BÁN NHÀ ĐẸP ĐỘI CẤN 33m2 x4T- NGÕ THOÁNG- GẦN PHỐ- GIÁ CHỈ 6,9TỶ","6,9 tỷ","Phường Đội Cấn, Quận Ba Đình, Hà Nội",33 m²,3 phòng,4 WC,4,Giấy tờ hợp lệ,29-10-2025
"Tôi cần bán nhà căn góc, 8tầng thang máy full nội thất, mặt ngõ ô tô","67,9 tỷ","Phường Giảng Võ, Quận Ba Đình, Hà Nội",104 m²,8 phòng,7 WC,8,Giấy tờ hợp lệ,29-10-2025
Phân Lô Vĩnh Phúc Ba Đình 125M- 5T- ô tô qua 29 tỷ,"29,9 tỷ","Đường Bưởi, Phường Cống Vị, Quận Ba Đình, Hà Nội",125 m² (5.0x29.0),5 phòng,6 WC,5,Sổ đỏ,28-10-2025
"Bán nhà 9 tầng APARTMENT phố đào tấn, Phan Kế Bính 120m2 lô góc giá 48","44,8 tỷ","26, Đường Đào Tấn, Phường Liễu Giai, Quận Ba Đình, Hà Nội",120 m² (7.0x17.0),29 phòng,29 WC,10,Sổ hồng,28-10-2025
Bán đất lô góc 2 mặt ngõ ôto Quận Ba Đình.,41 tỷ,"Phường Ngọc Hà, Quận Ba Đình, Hà Nội",118 m²,N/A,N/A,N/A,Sổ đỏ,28-10-2025
"BÁN BT KHU PL Vip Giảng Võ-  BA ĐÌNH ,OTO TRÁNH 136M2X3,5T - 66 TỶ",66 tỷ,"66, Đường Giảng Võ, Phường Giảng Võ, Quận Ba Đình, Hà Nội",136.8 m²,5 phòng,3 WC,35,Sổ đỏ,31-10-2025
"VIP - ĐÀO TẤN - BA ĐÌNH - PHÂN LÔ Ô TÔ - MT 5,2M - 5 TẦNG","14,65 tỷ","Đường Đào Tấn, Phường Cống Vị, Quận Ba Đình, Hà Nội",43 m² (5.2x5.5),4 phòng,4 WC,5,Sổ đỏ,01-11-2025
"VĂN CAO, TRUNG TÂM BA ĐÌNH - NHÀ MỚI ĐẸP Ở NGAY- CỰC GẦN Ô TÔ, GIÁ TỐT","7,85 tỷ","Phường Liễu Giai, Quận Ba Đình, Hà Nội",31 m²,3 phòng,4 WC,5,Giấy tờ hợp lệ,28-10-2025
NHÀ ĐẸP Ở LUÔN - ĐỘI CẤN - BA ĐÌNH - TIỆN ÍCH - GẦN PHỐ,"8,9 tỷ","Phường Đội Cấn, Quận Ba Đình, Hà Nội",40 m²,3 phòng,3 WC,4,Giấy tờ hợp lệ,28-10-2025
NHÀ ĐỘI CẤN GẦN PHỐ - Ô TÔ 7 CHỖ QUA - Ở NGAY - KD NHỎ SIÊU TIỆN,"14,6 tỷ","Phường Ngọc Hà, Quận Ba Đình, Hà Nội",48 m²,3 phòng,4 WC,4,Giấy tờ hợp lệ,28-10-2025
"VIP Đào Tấn,Lô Góc ,khu đông dân cư nước ngoài, kinh doanh và ở",12 tỷ,"Phường Cống Vị, Quận Ba Đình, Hà Nội",35 m²,3 phòng,4 WC,5,Giấy tờ hợp lệ,28-10-2025
"HIẾM!!! 1CĂN PHÂN LÔ LÁNG HẠ–33M²x5T–THOÁNG SÁNG TRƯỚC NHÀ –CHỈ 7,1TỶ","7,1 tỷ","Phường Giảng Võ, Quận Ba Đình, Hà Nội",33 m²,3 phòng,4 WC,5,Giấy tờ hợp lệ,28-10-2025
Bán Nhà Giảng Võ Ba Đình S52m 5T Giá 12.77 Tỷ Có Thương Lượng,"12,77 tỷ","Phường Giảng Võ, Quận Ba Đình, Hà Nội",47 m²,4 phòng,5 WC,5,Giấy tờ hợp lệ,28-10-2025
"Nhà Đẹp Văn Cao 35m2 - 5 Tầng - Gần Phố - Tiện Ích - Giá 7,8 Tỷ - Hiếm","7,8 tỷ","Phường Liễu Giai, Quận Ba Đình, Hà Nội",35 m² (3.5x10.0),3 phòng,4 WC,5,Giấy tờ hợp lệ,28-10-2025
"CHỦ NHỜ BÁN NHÀ ĐÀO TẤN - LÔ GÓC 3 THOÁNG, MẶT NGÕ THÔNG - KD, 11.X TỶ","11,78 tỷ","Phường Liễu Giai, Quận Ba Đình, Hà Nội",35 m² (6.0x6.0),3 phòng,4 WC,5,Giấy tờ hợp lệ,27-10-2025
Bán nhà mặt ngõ Kinh doanh Ba Đình,"8,2 tỷ","Đường Ngọc Hà, Phường Ngọc Hà, Quận Ba Đình, Hà Nội",25 m² (3.0x8.0),N/A,N/A,3,Sổ đỏ,31-10-2025
"Bán nhà phố Vạn Bảo 70m2, phân lô, ô tô ra vào. 20 tỷ",20 tỷ,"Đường Vạn Bảo, Phường Liễu Giai, Quận Ba Đình, Hà Nội",70 m²,N/A,N/A,3,Sổ đỏ,27-10-2025
Bán nhà ngõ 4 Quần Ngựa phường Ngọc Hà quận Ba Đình Hà Nội,"37,6 tỷ","Đường Quần Ngựa, Phường Ngọc Hà, Quận Ba Đình, Hà Nội",80 m²,N/A,N/A,4,Sổ đỏ,31-10-2025
"Bán nhà mặt phố giảng Võ, bd,dt: 60 m x 5 tg ,mt:4 m, giá 28,5 tỷ",30 tỷ,"Đường Giảng Võ, Phường Giảng Võ, Quận Ba Đình, Hà Nội","60 m² (4,0x15,0)",4 phòng,5 WC,5,Sổ đỏ,29-07-2025
BÁN NHÀ BA ĐÌNH - VỊ TRÍ ĐẸP - 3 BƯỚC RA PHỐ - Ở NGAY,"10,5 tỷ","Phường Đội Cấn, Quận Ba Đình, Hà Nội",31 m²,5 phòng,4 WC,5,Giấy tờ hợp lệ,27-10-2025
ĐÀO TẤN - LÔ GÓC - NHÀ MỚI ĐẸP Ở NGAY - MẶT TIỀN RỘNG,"11,8 tỷ","Phường Cống Vị, Quận Ba Đình, Hà Nội",42 m²,3 phòng,4 WC,5,Giấy tờ hợp lệ,27-10-2025
BÁN NHÀ  BA ĐÌNH – MÓNG 10 TẦNG – NHÀ ĐẸP Ở NGAY – GẦN LĂNG BÁC,"10,5 tỷ","Phường Đội Cấn, Quận Ba Đình, Hà Nội",31 m²,6 phòng,5 WC,5,Giấy tờ hợp lệ,27-10-2025
"TT BA ĐÌNH - THANG MÁY - DT 39m - MT 4,6m- 5 TẦNG","11,7 tỷ","Phường Vĩnh Phúc, Quận Ba Đình, Hà Nội",39 m² (4.6x8.4),3 phòng,4 WC,5,Giấy tờ hợp lệ,27-10-2025
NGỌC HÀ 37M² – 6 TẦNG – MẶT TIỀN 7M – GIÁ 9.15 TỶ – BA ĐÌNH,"9,15 tỷ","Phường Ngọc Hà, Quận Ba Đình, Hà Nội",37 m²,5 phòng,4 WC,6,Giấy tờ hợp lệ,27-10-2025
"BÁN NHÀ 5 TẦNG BA ĐÌNH, DT 66M², MT 3.5M, Ô TÔ VÀO NHÀ, GIÁ 11 TỶ",11 tỷ,"Phường Ngọc Khánh, Quận Ba Đình, Hà Nội",67 m² (3.3x20.0),6 phòng,3 WC,5,Giấy tờ hợp lệ,27-10-2025
"HOÀNG HOA THÁM - NHÀ ĐẸP DÂN XÂY, NGÕ THÔNG RỘNG THOÁNG - 42M2X4T -","9,6 tỷ","Đường Hoàng Hoa Thám, Phường Vĩnh Phúc, Quận Ba Đình, Hà Nội",42 m² (4.2x10.0),4 phòng,3 WC,4,Sổ đỏ,26-10-2025
"Bán nhà 5T 36m2 MT 3,6m hai mặt ngõ , phố Kim Mã cạnh CV hồ Thủ Lệ","11,65 tỷ","Đường Kim Mã, Phường Kim Mã, Quận Ba Đình, Hà Nội",36 m²,6 phòng,4 WC,5,Sổ đỏ,06-11-2025
BÁN NHÀ HOÀNG HOA THÁM  – NHÀ MỚI 5 TẦNG THANG MÁY – SỔ ĐỎ HOA KHÔI,"11,7 tỷ","Phường Ngọc Hà, Quận Ba Đình, Hà Nội",39 m²,3 phòng,N/A,5,Giấy tờ hợp lệ,26-10-2025
TT BA ĐÌNH - LÔ GÓC - NGÕ BA GÁC - Ô TÔ 15M,"5,1 tỷ","Phường Ngọc Hà, Quận Ba Đình, Hà Nội",18 m² (5.0x3.6),3 phòng,3 WC,3,Giấy tờ hợp lệ,26-10-2025
Siêu Phẩm Ba Đình 40m2 - 5 Tầng - Ô Tô - Kinh Doanh - Giá 10 Tỷ ( TL ),10 tỷ,"Phường Đội Cấn, Quận Ba Đình, Hà Nội",40 m² (4.0x10.0),3 phòng,4 WC,5,Giấy tờ hợp lệ,26-10-2025
CCMN BA ĐÌNH - DOANH THU KHỦNG - BA GÁC NÉ XE MÁY - DT 73M,"13,8 tỷ","Phường Đội Cấn, Quận Ba Đình, Hà Nội",73 m² (4.1x17.8),7 phòng,7 WC,4,Giấy tờ hợp lệ,26-10-2025
Cần bán gấp căn nhà gần bệnh viện Hòe Nhai 18m 3 tầng 3mt giá 3.3 tỷ,"3,3 tỷ","Phường Phúc Xá, Quận Ba Đình, Hà Nội",18 m² (3.0x6.0),2 phòng,3 WC,2,Giấy tờ hợp lệ,26-10-2025
BÁN NHÀ-LÔ GÓ-3 THOÁNG-MẶT TIỀN BỀ THẾ,13 tỷ,"Phường Ngọc Hà, Quận Ba Đình, Hà Nội",30.3 m²,3 phòng,3 WC,7,Giấy tờ hợp lệ,26-10-2025
BÁN NHÀ HOÀNG HOA THÁM--GÓC LÕI BA ĐÌNH – NHÀ ĐẸP NHƯ HOA KHÔI PHỐ CỔ,"11,7 tỷ","Phường Ngọc Hà, Quận Ba Đình, Hà Nội",39 m²,3 phòng,4 WC,5,Giấy tờ hợp lệ,26-10-2025
"NHÀ 3 TẦNG - 50 M RA MẶT PHỐ - BA ĐÌNH - 68 M2 - MT 3,5 M- GIÁ 10.5 TỶ","10,5 tỷ","Phường Ngọc Hà, Quận Ba Đình, Hà Nội",68 m² (3.5x19.4),3 phòng,2 WC,3,Giấy tờ hợp lệ,26-10-2025
BÁN NHÀ NGỌC KHÁNH - GIẢNG VÕ - NHÀ ĐẸP DÂN XÂY - 42M2X5T - 9.85 TỶ,"9,85 tỷ","Đường La Thành, Phường Giảng Võ, Quận Ba Đình, Hà Nội",42 m² (5.0x8.4),3 phòng,4 WC,5,Sổ đỏ,25-10-2025
"Bán nhà mặt phố linh lang, BD,dt::60 m x 7 tg,mt:4 m, giá: 28,5 ty","28,5 tỷ","Đường Linh Lang, Phường Cống Vị, Quận Ba Đình, Hà Nội",60 m²,6 phòng,6 WC,7,Sổ đỏ,25-10-2025
BÁN NHÀ PHÂN LÔ KIM MÃ - GẦN CÔNG VIÊN THỦ LỆ - 2 THOÁNG - GIÁ 11.9 TỶ,"11,9 tỷ","Đường Kim Mã, Phường Ngọc Khánh, Quận Ba Đình, Hà Nội",40 m² (4.0x10.0),7 phòng,4 WC,5,Sổ đỏ,25-10-2025
"Bán nhà mặt ngõ 210 phố đội Cấn,dt: 80mx 4 tg, mt:4,2 m,giá :15 tỷ","14,5 tỷ","Đường Đội Cấn, Phường Đội Cấn, Quận Ba Đình, Hà Nội",75 m²,4 phòng,3 WC,N/A,Sổ đỏ,22-07-2025
"Chính chủ bán nhà mặt phố Văn Cao 90m2x10t. Giá 61,5 tỷ","61,5 tỷ","Đường Văn Cao, Phường Liễu Giai, Quận Ba Đình, Hà Nội",86 m² (8.0x11.0),3 phòng,N/A,10,Sổ đỏ,30-10-2025
BÁN NHÀ KIM MÃ 31M2 -4T -MẶT TIỀN 4M -50M RA PHỐ -SỔ VUÔNG -CHỈ 6.5 TỶ,"6,5 tỷ","Phường Kim Mã, Quận Ba Đình, Hà Nội",31 m²,3 phòng,3 WC,4,Giấy tờ hợp lệ,25-10-2025
Bán Nhà Mặt Ngõ Vĩnh Phúc Ba Đình 33m2 Hơn 7 Tỷ,7 tỷ,"Phường Vĩnh Phúc, Quận Ba Đình, Hà Nội",33 m²,3 phòng,4 WC,5,Giấy tờ hợp lệ,25-10-2025
"Biệt thự phố Nguyễn Thái Học, kinh doanh mặt phố và Ở","3,2 tỷ","Phường Kim Mã, Quận Ba Đình, Hà Nội",15 m²,1 phòng,N/A,N/A,Giấy tờ hợp lệ,25-10-2025
BÁN NHÀ ĐỘI CẤN - 5 TẦNG - CHỦ THIỆN CHÍ - Ở NGAY,"5,5 tỷ","Phường Đội Cấn, Quận Ba Đình, Hà Nội",23 m²,3 phòng,4 WC,5,Giấy tờ hợp lệ,25-10-2025
BA ĐÌNH – LÔ GÓC 3 THOÁNG – KHU  DÂN TRÍ CAO,"12,5 tỷ","Phường Ngọc Hà, Quận Ba Đình, Hà Nội",64 m²,4 phòng,3 WC,4,Giấy tờ hợp lệ,25-10-2025
Bán nhà ngõ 112 Ngọc Khánh phường Giảng Võ Hà Nội,"9,8 tỷ","Đường Ngọc Khánh, Phường Giảng Võ, Quận Ba Đình, Hà Nội",40 m²,N/A,N/A,3,Sổ đỏ,29-10-2025
"Bán nhà mặt phố đốc Ngữ, BD, dt: 55x 5 tg, mt:4m, giá: 15 ty",15 tỷ,"Đường Đốc Ngữ, Phường Đội Cấn, Quận Ba Đình, Hà Nội",55 m²,4 phòng,4 WC,5,Sổ đỏ,N/A
"Nhà Lô góc, giữa 2 hồ điều hoà lớn, 7 tầng hiện đại, cực gần mặt phố",68 tỷ,"89, Đường Láng Hạ, Phường Thành Công, Quận Ba Đình, Hà Nội",104 m²,1,N/A,7,Sổ đỏ,31-10-2025
Bán Nhà Lô góc mặt Ngõ Kinh doanh Ba Đình,42 tỷ,"Đường Hoàng Hoa Thám, Phường Kim Mã, Quận Ba Đình, Hà Nội",128 m² (5.8x21.0),N/A,N/A,3,Sổ đỏ,31-10-2025
"Gần khu đất vàng dự án Vinhomes Giảng Võ 59m2 * 5.6m, nở hậu, giá trị","17,99 tỷ","112, Đường Ngọc Khánh, Phường Giảng Võ, Quận Ba Đình, Hà Nội",59 m²,4 phòng,N/A,4,Sổ đỏ,31-10-2025
"Mặt Phố cách Hồ Tây 500m, chuẩn văn phòng hạng B+, GPXD, PCCC đầy đủ","78,9 tỷ","66, Đường Văn cao, Phường Liễu Giai, Quận Ba Đình, Hà Nội",101 m²,N/A,N/A,10,Sổ đỏ,31-10-2025
GIÁ NÀO CŨNG BÁN NHÀ PHỐ HOÀNG HOA THÁM – BA ĐÌNH 55m 3 TẦNG MẶT TIỀN,13 tỷ,"Đường Hoàng Hoa Thám, Phường Ngọc Khánh, Quận Ba Đình, Hà Nội",55 m²,4 phòng,3 WC,3,Sổ đỏ,28-10-2025
Bán nhà ĐÀO TẤN - BA ĐÌNH - 2 mặt ngõ - THANG MÁY - DÒNG TIỀN ỔN ĐỊNH,"21,5 tỷ","Phường Đội Cấn, Quận Ba Đình, Hà Nội",70 m²,5 phòng,N/A,5,Giấy tờ hợp lệ,24-10-2025
"BÁN NHÀ ĐẸP KIM MÃ, BA ĐÌNH 48M 5 TÀNG 5 NGỦ 12.9 TỶ","12,9 tỷ","Phường Đội Cấn, Quận Ba Đình, Hà Nội",48 m²,5 phòng,4 WC,5,Giấy tờ hợp lệ,24-10-2025
BÁN NHÀ BA ĐÌNH - VỊ TRÍ TRUNG TÂM - DÂN XÂY - PHÂN KHÚC HIẾM CÓ,6 tỷ,"Phường Đội Cấn, Quận Ba Đình, Hà Nội",19 m²,3 phòng,4 WC,5,Giấy tờ hợp lệ,24-10-2025
TT BA ĐÌNH - LÔ GÓC - BA GÁC QUA NHÀ - 4 TẦNG DÂN XÂY,"5,5 tỷ","Phường Vĩnh Phúc, Quận Ba Đình, Hà Nội",28 m² (6.0x5.0),4 phòng,3 WC,4,Giấy tờ hợp lệ,23-10-2025
Bán nhà 7 tầng THANG MÁYmặt ngõ Đội Cấn Quận Ba Đình,"13,2 tỷ","Đường Đội Cấn, Phường Ngọc Hà, Quận Ba Đình, Hà Nội",30 m² (5.0x7.0),N/A,N/A,7,Sổ đỏ,30-10-2025
BÁN NHÀ KIM MÃ – 37m² – 6 TẦNG – MT 5.5m – GIÁ 8.8 TỶ – BA ĐÌNH,"8,8 tỷ","Phường Kim Mã, Quận Ba Đình, Hà Nội",37 m²,6 phòng,6 WC,6,Giấy tờ hợp lệ,23-10-2025
BÁN NHÀ BA ĐÌNH - DÂN XÂY - 3 BƯỚC RA PHỐ - GIÁ TỐT,"5,88 tỷ","Phường Ngọc Hà, Quận Ba Đình, Hà Nội",16 m²,2 phòng,3 WC,3,Giấy tờ hợp lệ,23-10-2025
"💎 KHÁCH SẠN PHỐ CỬA BẮC – VIEW- HỒ TÂY-DÒNG TIỀN 500TR/THÁNG, 165 tỷ",165 tỷ,"Phường Quán Thánh, Quận Ba Đình, Hà Nội",150 m²,11 phòng,N/A,15,Giấy tờ hợp lệ,23-10-2025
Ngọc Hà 16m² (SD 24m²) – 4 tầng – 3.5m mặt tiền – 5.88 Tỷ – Ba Đình,"5,88 tỷ","Phường Ngọc Hà, Quận Ba Đình, Hà Nội",16 m²,2 phòng,3 WC,4,Giấy tờ hợp lệ,23-10-2025
TT BA ĐÌNH - NGÕ THÔNG KINH DOANH - GẦN Ô TÔ - DÂN XÂY CHẮC CHẮN,"5,88 tỷ","Phường Đội Cấn, Quận Ba Đình, Hà Nội",16 m² (3.5x6.5),2 phòng,3 WC,4,Giấy tờ hợp lệ,23-10-2025
BÁN NHÀ MẶT NGÕ BA ĐÌNH 33m2 5 TẦNG HƠN 7 TỶ. 40m RA Ô TÔ,7 tỷ,"Phường Vĩnh Phúc, Quận Ba Đình, Hà Nội",33 m²,3 phòng,N/A,5,Giấy tờ hợp lệ,23-10-2025
"BÁN NHÀ PHỐ GIẢNG VÕ 17,8TỶ THÔNG TẦNG THOÁNG TRƯỚC XAU, NỘI THẤT SỊN","17,8 tỷ","Phường Giảng Võ, Quận Ba Đình, Hà Nội",53 m² (4.8x11.0),8 phòng,7 WC,7,Giấy tờ hợp lệ,23-10-2025
"KIM MÃ  – 5 TẦNG MỚI ĐẸP, Ở NGAY – NGÕ THOÁNG","9,2 tỷ","Phường Kim Mã, Quận Ba Đình, Hà Nội",40 m²,3 phòng,3 WC,5,Giấy tờ hợp lệ,23-10-2025
"Bán nhà Kim Mã. gần Vincom Liễu giai. gần phố, gần ô tô 52m chỉ 6,5 tỷ","6,5 tỷ","Phường Kim Mã, Quận Ba Đình, Hà Nội",52 m²,3 phòng,2 WC,N/A,Giấy tờ hợp lệ,23-10-2025
Nhà Mới Ba Đình 40m2 - 5 Tầng - Ngõ Thông - Kinh Doanh - Gần Ô Tô,"10,5 tỷ","Phường Đội Cấn, Quận Ba Đình, Hà Nội",40 m² (4.0x10.0),4 phòng,4 WC,5,Giấy tờ hợp lệ,23-10-2025
Bán nhà 689 đường hoàng hoa thám,18 tỷ,"689, 689, Quận Ba Đình, Hà Nội",41 m² (3.2x11.0),5 phòng,4 WC,5,Sổ đỏ,27-10-2025
"Cần tiền bán gấp căn Kim Mã – rẻ hơn thị trường 10%, trung tâm Ba Đình","36,2 tỷ","Đường Kim Mã, Phường Ngọc Khánh, Quận Ba Đình, Hà Nội",102 m² (10.0x10.0),13 phòng,13 WC,8,Sổ hồng,27-10-2025
"Bán nhà mặt đường Hoàng Hoa Thám, Ba Đình, HN","10,35 tỷ","515, Đường Hoàng Hoa Thám, Phường Vĩnh Phúc, Quận Ba Đình, Hà Nội",24 m² (4.0x6.0),3 phòng,3 WC,4,Sổ đỏ,27-10-2025
Bán nhà khu A3 Ngọc Khánh - Ba Đình - Hà Nội.gần bệnh viện Phụ sản HN,Thỏa thuận,"A3, Đường Ngọc Khánh, Phường Ngọc Khánh, Quận Ba Đình, Hà Nội",55 m²,N/A,N/A,5,Sổ đỏ,26-10-2025
"Bán nhà Nghĩa Dũng, dân xây 5 tầng, 20m2, 5.7tỷ","5,7 tỷ","Phường Phúc Xá, Quận Ba Đình, Hà Nội",20 m²,3 phòng,4 WC,4,Giấy tờ hợp lệ,22-10-2025
VĂN CAO 40M2 – NGÕ Ô TÔ – NHÀ ĐẸP 3 TẦNG – GIÁ MỀM TRUNG TÂM BA ĐÌNH,"7,6 tỷ","Phường Liễu Giai, Quận Ba Đình, Hà Nội",41 m² (5.4x8.0),2 phòng,3 WC,3,Đang chờ sổ,22-10-2025
"NHÀ HOÀNG HOA THÁM 45M-4 TẦNG-8,5 TỶ-CÁCH PHỐ 20M-HAI THOÁNG.","8,5 tỷ","Phường Vĩnh Phúc, Quận Ba Đình, Hà Nội",45 m²,3 phòng,N/A,4,Giấy tờ hợp lệ,22-10-2025
Bán Nhà Phân Lô Hoàng Hoa Thám- 45m - 5 Phòng Ngủ - Full Nội Thất,"14,9 tỷ","Phường Ngọc Hà, Quận Ba Đình, Hà Nội",45 m²,5 phòng,5 WC,5,Giấy tờ hợp lệ,22-10-2025
"Bán toà nhà văn phòng mặt tiền ~14m tại Giảng Võ, Ba Đình, Hà Nội",150 tỷ,"Đường Giảng Võ, Phường Giảng Võ, Quận Ba Đình, Hà Nội",250 m²,N/A,N/A,9,Sổ đỏ,21-10-2025
CHI 180 TRIỆU/ MET ĐỘI CẤN - BA ĐÌNH - Ô TÔ VÀO NHÀ NÓI KHÔNG VỚI QUY,"19,9 tỷ","279, Đường Đội Cấn, Phường Đội Cấn, Quận Ba Đình, Hà Nội",110 m² (5.0x22.0),6 phòng,7 WC,6,Sổ đỏ,26-10-2025
"Cần bán căn nhà số 7 Ngõ 12/85 Đào Tấn, nhà xây mới 7  tầng thang máy","19,5 tỷ","07, Đường Đào Tấn, Phường Cống Vị, Quận Ba Đình, Hà Nội","40 m² (4,0x10,0)",5 phòng,6 WC,7,Sổ đỏ,27-07-2025
"Bán nhà riêng Mặt phố Lõi Ba Đình, 2 thoáng, sổ A4, chất nhất nhì phố","46,5 tỷ","102, Đường Phạm Hồng Thái, Phường Trúc Bạch, Quận Ba Đình, Hà Nội",60 m²,6 phòng,N/A,5,Sổ đỏ,28-10-2025
"Mặt phố 7m ngang, kinh doanh nhà hàng, khách sạn khu phố người Nhật","64,95 tỷ","68, Đường Linh Lang, Phường Liễu Giai, Quận Ba Đình, Hà Nội",84 m² (7.0x12.0),N/A,N/A,5,Sổ đỏ,28-10-2025
"🏡 8.2 TỶ – LÊ TRỰC, 52m² – TRUNG TÂM BA ĐÌNH, PHỐ VIP, HIẾM NHÀ BÁN","8,2 tỷ","Phường Điện Biên, Quận Ba Đình, Hà Nội",52 m²,3 phòng,N/A,5,Giấy tờ hợp lệ,21-10-2025
bài đăng chỉ mang tính chất test api,10 tỷ,"2121, 2121, Quận Ba Đình, Hà Nội",100 m² (20.0x100.0),4 phòng,4 WC,N/A,Sổ đỏ,25-10-2025
"GIÁ 25.5 TỶ! NHÀ KIM MÃ - BA ĐÌNH: 60M², 4 TẦNG - PHÂN LÔ, Ô TÔ TRÁNH!","25,5 tỷ","Phường Kim Mã, Quận Ba Đình, Hà Nội",60 m²,7 phòng,N/A,4,Giấy tờ hợp lệ,21-10-2025
Kim Mã - Nhà gần ô tô 7 phòng ở và cho thuê - dòng tiền 30triệu/tháng,"11,7 tỷ","Phường Kim Mã, Quận Ba Đình, Hà Nội",40 m²,7 phòng,4 WC,6,Giấy tờ hợp lệ,21-10-2025
"Nhà mới - Trung tâm KIM MÃ - 32m2 - 5 tầng - CHỈ 8,25 TỶ","8,25 tỷ","Phường Kim Mã, Quận Ba Đình, Hà Nội",32 m²,3 phòng,4 WC,5,Giấy tờ hợp lệ,21-10-2025
Bán Căn Hộ TT Thành Công Đẹp Như Chung Cư - 85m2 - Tầng 2 - 3 ngủ,"4,85 tỷ","Phường Thành Công, Quận Ba Đình, Hà Nội",85 m²,3 phòng,2 WC,2,Giấy tờ hợp lệ,21-10-2025
SIÊU PHẨM TRUNG TÂM BA ĐÌNH – NHÀ ĐẸP 5 TẦNG – NGÕ THÔNG,"8,9 tỷ","Phường Đội Cấn, Quận Ba Đình, Hà Nội",36 m²,4 phòng,4 WC,4,Giấy tờ hợp lệ,21-10-2025
BÁN NHÀ BA ĐÌNH - LÔ GÓC 3 THOÁNG - OTO ĐỖ CỬA,13 tỷ,"Phường Ngọc Hà, Quận Ba Đình, Hà Nội",30.3 m²,3 phòng,5 WC,7,Giấy tờ hợp lệ,21-10-2025
BÁN NHÀ BA ĐÌNH - DÂN XÂY CHẮC CHẮN - NHÀ ĐẸP Ở NGAY,"8,25 tỷ","Phường Kim Mã, Quận Ba Đình, Hà Nội",32 m²,3 phòng,4 WC,5,Giấy tờ hợp lệ,21-10-2025
SIÊU PHẨM ĐỘI CẤN - 10M RA Ô TÔ - DT SIÊU TO 44M - Ô CHỜ THANG MÁY,"10,8 tỷ","Phường Đội Cấn, Quận Ba Đình, Hà Nội",43.4 m² (3.2x13.5),6 phòng,4 WC,5,Giấy tờ hợp lệ,21-10-2025
BÁN NHÀ BA ĐÌNH - FULL NỘI THẤT - 10M RA PHỐ,"7,85 tỷ","Phường Đội Cấn, Quận Ba Đình, Hà Nội",23 m²,3 phòng,4 WC,5,Giấy tờ hợp lệ,21-10-2025
"Tôi cần bán nhà mặt phố Nguyễn Khắc Hiếu,10tầng thangmáy full nội thất","157,9 tỷ","Phường Trúc Bạch, Quận Ba Đình, Hà Nội",217 m²,11 phòng,7 WC,10,Giấy tờ hợp lệ,21-10-2025
Tôi cần bán nhà Đào Tấn mặt ngõ ô tô chánh kinh doanh sầm uất.,"25,45 tỷ","Phường Ngọc Khánh, Quận Ba Đình, Hà Nội",53 m²,6 phòng,4 WC,4,Giấy tờ hợp lệ,21-10-2025
"46 tỷ - Mặt phố Phạm Hồng Thái, 57m2, 5 tầng, mặt tiền 4m",46 tỷ,"Phường Quán Thánh, Quận Ba Đình, Hà Nội",57 m²,3 phòng,N/A,5,Giấy tờ hợp lệ,21-10-2025
"Bán nhà mặt phố Văn Cao, vỉa hè rộng",50 tỷ,"Đường Văn Cao, Phường Liễu Giai, Quận Ba Đình, Hà Nội",50 m²,N/A,N/A,9,Sổ đỏ,28-10-2025
"Bán nhà 7 tầng THANG MÁY phố Kim Mã, Quận Ba Đình, MB 40m2","29,5 tỷ","Đường Kim Mã, Phường Kim Mã, Quận Ba Đình, Hà Nội",31 m² (4.0x8.0),N/A,1,7,Sổ đỏ,31-10-2025
NHÀ HOÀNG HOA THÁM-TT BA ĐÌNH-45M2-SIÊU ĐẸP -FULL NỘI THẤT - GẦN Ô TÔ,"7,95 tỷ","Phường Vĩnh Phúc, Quận Ba Đình, Hà Nội",45 m²,4 phòng,N/A,3,Giấy tờ hợp lệ,20-10-2025
"🏡 Nhà đẹp Đội Cấn Ba Đình, 5 tầng, 3 ngủ, full nội thất, 4.95 tỷ","4,95 tỷ","Phường Đội Cấn, Quận Ba Đình, Hà Nội",19 m² (1.9x10.0),3 phòng,2 WC,5,Giấy tờ hợp lệ,20-10-2025
BÁN NHÀ ĐỘI CẤN - 6 TẦNG FULL NỘI THẤT - TRUNG TÂM BA ĐÌNH,"4,98 tỷ","Phường Đội Cấn, Quận Ba Đình, Hà Nội",18 m²,3 phòng,5 WC,6,Giấy tờ hợp lệ,20-10-2025
Bán Nhà Ba Đình Mặt Ngõ Thông - 33m2 Hơn 7 Tỷ. 40m Ra Ô Tô Tránh,7 tỷ,"Phường Vĩnh Phúc, Quận Ba Đình, Hà Nội",33 m²,3 phòng,N/A,5,Giấy tờ hợp lệ,20-10-2025
Bán đất tặng nhà 2t Hoàng Hoa Thám 6.5ty,"6,5 tỷ","Phường Ngọc Hà, Quận Ba Đình, Hà Nội",38 m²,1 phòng,1 WC,N/A,Giấy tờ hợp lệ,20-10-2025
"BÁN GẤP - PL 2 Ô TÔ - PHỐ ĐÀO TẤN - LINH LANG - 55M - 4 TẦNG -MT 5,2M","24,5 tỷ","Đường Đào Tấn, Phường Cống Vị, Quận Ba Đình, Hà Nội",55 m² (5.2x12.0),6 phòng,4 WC,4,Sổ đỏ,22-10-2025
"BÁN TOÀ NHÀ MẶT PHỐ TRẤN VŨ,BA ĐÌNH,131M,73 TỶ",73 tỷ,"Đường Trấn Vũ, Phường Trúc Bạch, Quận Ba Đình, Hà Nội",131 m²,6 phòng,6 WC,N/A,Sổ đỏ,03-10-2025
BÁN NHÀ MẶT PHỐ ĐỘI CẤN- VỈA HÈ - KINH DOANH VÔ ĐỐI,18 tỷ,"Đường Đội Cấn, Phường Đội Cấn, Quận Ba Đình, Hà Nội",37 m²,N/A,N/A,N/A,Sổ đỏ,23-10-2025
"Bán nhà mặt ngõ 34 vạn bảo ,Bd,dt:80 m x 7 tg , mt; 8m, giá 39 ty",39 tỷ,"Đường Đội Cấn, Phường Đội Cấn, Quận Ba Đình, Hà Nội","80 m² (7,5x11,0)",6 phòng,6 WC,7,Sổ đỏ,16-06-2025
"Bán Nhà Mặt Phố Phan Kế Bính, DT 53m2 * 7 Tầng TM - 28 Tỷ.",28 tỷ,"Đường Phan Kế Bính, Phường Cống Vị, Quận Ba Đình, Hà Nội",53 m²,N/A,N/A,7,Sổ đỏ,21-10-2025
"Mặt ngõ Đội Cấn-rộng 108m2, mặt tiền khủng, 2 thoáng, làm ăn Phát Tài","41,99 tỷ","283, Đường Đội Cấn, Phường Liễu Giai, Quận Ba Đình, Hà Nội",108 m²,2,N/A,5,Sổ đỏ,23-10-2025
Nhà 5T vị trí đẹp khu P/Lô Víp Đào Tấn - Linh Lang đường rộng 6m,24 tỷ,"Đường Đào Tấn, Phường Cống Vị, Quận Ba Đình, Hà Nội",55 m²,4 phòng,4 WC,5,Sổ đỏ,23-10-2025
Bán nhà mặt phố Linh Lang- Đào Tấn. Trung tâm quận Ba Đình,65 tỷ,"Đường Linh Lang, Phường Cống Vị, Quận Ba Đình, Hà Nội",84 m²,N/A,N/A,4,Sổ đỏ,20-10-2025
"Bán Nhà Cực Đẹp CCMN 9 Tầng Thang Máy – Có Hầm, Ô Tô Tránh – Phố Đội C","36,5 tỷ","Đường Đội Cấn, Phường Đội Cấn, Quận Ba Đình, Hà Nội",90 m²,N/A,N/A,9,Sổ đỏ,20-10-2025
"Bán nhà mặt phố Kim Mã,dt 47m2 x 5t, MT 3,7m,nở hậu,vị trí đẹp.kd tốt.","34,5 tỷ","Đường Kim Mã, Phường Ngọc Khánh, Quận Ba Đình, Hà Nội",47 m²,N/A,1,5,Sổ đỏ,20-10-2025
"Siêu rẻ Trung tâm Ba Đình - 58m2 chỉ 8,6 tỷ - Mặt tiền rộng","8,6 tỷ","Phường Ngọc Hà, Quận Ba Đình, Hà Nội",58 m²,3 phòng,4 WC,3,Giấy tờ hợp lệ,16-10-2025
KIM MÃ BA ĐÌNH - NHÀ ĐẸP Ở NGAY - 35M - 5 TẦNG - NỘI THẤT SANG TRỌNG -,8 tỷ,"Phường Kim Mã, Quận Ba Đình, Hà Nội",35 m²,4 phòng,5 WC,5,Giấy tờ hợp lệ,16-10-2025
BÁN NHÀ ĐỘI CẤN – 25m² – 5 TẦNG – MT 3.3M – GIÁ 7.36 TỶ – BA ĐÌNH,"7,36 tỷ","Phường Đội Cấn, Quận Ba Đình, Hà Nội",25 m²,3 phòng,3 WC,5,Giấy tờ hợp lệ,16-10-2025
"Bán nhà phân lô mặt ngõ kinh doanh ,lô góc TT ba đình .","15,1 tỷ","Phường Ngọc Hà, Quận Ba Đình, Hà Nội",43 m²,4 phòng,4 WC,5,Giấy tờ hợp lệ,16-10-2025
🌟BÁN NHÀ ĐỘI CẤN – 40m² – 5 TẦNG – MT 5M – GIÁ 8.5 TỶ – BA ĐÌNH 🌟,"8,5 tỷ","Phường Đội Cấn, Quận Ba Đình, Hà Nội",40 m²,3 phòng,3 WC,5,Giấy tờ hợp lệ,16-10-2025
Nhà 5 Tầng 32m2 Mới Xây Ngõ 290 Kim Mã,"7,8 tỷ","Phường Kim Mã, Quận Ba Đình, Hà Nội",32 m²,3 phòng,4 WC,5,Giấy tờ hợp lệ,16-10-2025
Cực hiếm phân khúc dưới 5 tỷ Đội Cấn - 6 tầng,"4,98 tỷ","Phường Đội Cấn, Quận Ba Đình, Hà Nội",18 m²,3 phòng,5 WC,6,Giấy tờ hợp lệ,16-10-2025
ĐỘI CẤN 6 TỶ - 5 TẦNG MỚI ĐẸP - TRUNG TÂM BA ĐÌNH - GẦN LĂNG BÁC - HỒ,6 tỷ,"Phường Đội Cấn, Quận Ba Đình, Hà Nội",25 m²,3 phòng,4 WC,5,Giấy tờ hợp lệ,16-10-2025
"NHÀ PHỐ VĨNH PHÚC-BA ĐÌNH-30M2–MT 4M-7,7 TỶ- 2 THOÁNG - GẦN PHỐ -","7,7 tỷ","Phường Vĩnh Phúc, Quận Ba Đình, Hà Nội",30 m²,3 phòng,N/A,N/A,Giấy tờ hợp lệ,16-10-2025
"Siêu hiếm, bán nhà khu Đào Tấn, 50m², 6 tầng thang máy, ô tô vào, 19",18 tỷ,"Phường Ngọc Khánh, Quận Ba Đình, Hà Nội",50 m² (4.0x13.0),5 phòng,5 WC,6,Giấy tờ hợp lệ,16-10-2025
BÁN NHÀ HOÀNG HOA THÁM – 30.3M² – OTO ĐỖ CỬA  – MT 8.8M – 13 TỶ,13 tỷ,"Phường Ngọc Hà, Quận Ba Đình, Hà Nội",30.3 m²,3 phòng,3 WC,7,Giấy tờ hợp lệ,16-10-2025
"Siêu rẻ - Ba Đình trung tâm 5 tầng CHỈ 6,9 tỷ","6,9 tỷ","Phường Ngọc Hà, Quận Ba Đình, Hà Nội",29 m²,3 phòng,3 WC,5,Giấy tờ hợp lệ,15-10-2025
"Bán nhà cấp 4 mặt phố Phan Kế Bính- Linh Lang, mặt tiền 5m, lô góc",68 tỷ,"Phường Cống Vị, Quận Ba Đình, Hà Nội",183 m²,N/A,N/A,7,Sổ đỏ,20-10-2025
BÁN NHÀ QUẬN BA ĐÌNH 6 tầng mặt đường ô tô tránh mặt ngõ Núi Trúc,"8,2 tỷ","Đường Núi Trúc, Phường Giảng Võ, Quận Ba Đình, Hà Nội",20 m²,N/A,N/A,6,Sổ đỏ,26-10-2025
"Đẳng cấp nhà đẹp ngõ Yên Ninh, giá 7.9 tỷ, 23m2x5T, lô góc, ẢNH THẬT","7,9 tỷ","Đường Yên Ninh, Phường Nguyễn Trung Trực, Quận Ba Đình, Hà Nội",23 m²,N/A,N/A,5,Sổ đỏ,19-10-2025
"NHÀ ĐỘI CẤN-BA ĐÌNH-18M2-6 TẦNG-MT 5M-4,98 TỶ-20M RA PHỐ-3 NGỦ","4,98 tỷ","Phường Đội Cấn, Quận Ba Đình, Hà Nội",18 m²,3 phòng,N/A,6,Giấy tờ hợp lệ,15-10-2025
Bán Nhà Ba Đình 33m2 Hơn 7 Tỷ-Đúng 40m 1 Ngoặt Ra Mặt Phố Vĩnh Phúc,7 tỷ,"Phường Vĩnh Phúc, Quận Ba Đình, Hà Nội",33 m²,3 phòng,N/A,5,Giấy tờ hợp lệ,15-10-2025
"Trung Tâm Ba Đình 45m2 - 4 tầng CHỈ 8,5 tỷ","8,5 tỷ","Phường Ngọc Hà, Quận Ba Đình, Hà Nội",45 m²,3 phòng,3 WC,4,Giấy tờ hợp lệ,15-10-2025
"🏡☘️ Phố Nguyễn Công Hoan 
SIÊU PHẨM BA ĐÌNH - NGÕ TO NHƯ PHỐ, KD ĐỈNH","16,4 tỷ","Phường Ngọc Khánh, Quận Ba Đình, Hà Nội",42 m²,4 phòng,6 WC,5,Giấy tờ hợp lệ,15-10-2025
"Nhà đẹp full nội thất, chỉ việc ở","7,95 tỷ","Phường Ngọc Hà, Quận Ba Đình, Hà Nội",45 m² (4.1x11.0),4 phòng,3 WC,3,Giấy tờ hợp lệ,15-10-2025
"Siêu hiếm, bán nhà Ngọc Hà, diện tích rộng 115m, mặt tiền 7m chỉ 22 tỷ",22 tỷ,"Phường Ngọc Hà, Quận Ba Đình, Hà Nội",115 m² (7.0x16.4),5 phòng,5 WC,N/A,Giấy tờ hợp lệ,15-10-2025
"Cực hiếm, bán nhà Ngọc Hà, ô tô đỗ cửa, 70m², mặt tiền 5m, 25 tỷ",25 tỷ,"Phường Ngọc Hà, Quận Ba Đình, Hà Nội",70 m² (5.0x14.0),5 phòng,5 WC,N/A,Giấy tờ hợp lệ,15-10-2025
BÁN NHÀ HOÀNG HOA THÁM - LÔ GÓC 3 THOÁNG  – Ô TÔ DỪNG ĐỖ NGÀY ĐÊM,13 tỷ,"Phường Ngọc Hà, Quận Ba Đình, Hà Nội",30 m²,3 phòng,5 WC,7,Giấy tờ hợp lệ,15-10-2025
Cần bán gấp nhà phố Lý Nam Đế 25m  5 tầng 3.8mt  5.5 Tỷ Hoàn Kiếm,"5,5 tỷ","Phường Quán Thánh, Quận Ba Đình, Hà Nội",25 m² (3.8x7.0),3 phòng,3 WC,5,Giấy tờ hợp lệ,15-10-2025
"Bán nhà mặt ngõ 55 Hoàng Hoa thám , Bd,dt:58m x 6 tầng, giá 15 tỷ",15 tỷ,"Đường Hoàng Hoa Thám, Phường Ngọc Hà, Quận Ba Đình, Hà Nội",58 m²,5 phòng,5 WC,5,Sổ đỏ,19-10-2025
"Thiện chí bán nhà đầu ngõ Phó Đức Chính, giá chỉ 7.5 tỷ, 32m2x4 tầng,","7,5 tỷ","Đường Phó Đức Chính, Phường Phúc Xá, Quận Ba Đình, Hà Nội",32 m²,N/A,N/A,4,Sổ đỏ,19-10-2025
Bán Nhà Mặt Ngõ Vĩnh Phúc-33m2 Hơn 7 Tỷ- Có Ô Thang Máy,7 tỷ,"Phường Vĩnh Phúc, Quận Ba Đình, Hà Nội",33 m²,3 phòng,N/A,5,Giấy tờ hợp lệ,14-10-2025
💥HÓT! MẶT PHỐ TRẦN HUY LIỆU -VỈA HÈ Ô TÔ - KINH DOANH 110M NHỈNH 10TỶ,"10,4 tỷ","Phường Giảng Võ, Quận Ba Đình, Hà Nội",56 m²,2 phòng,1 WC,2,Giấy tờ hợp lệ,14-10-2025
Gđ cần bán nhà 5 cạnh Lăng Bác - Kim Mã 6t,6 tỷ,"Phường Kim Mã, Quận Ba Đình, Hà Nội",28 m²,3 phòng,4 WC,5,Giấy tờ hợp lệ,14-10-2025
BÁN NHÀ TRUNG TÂM BA ĐÌNH – DIỆN TÍCH RỘNG – FULL NỘI THẤT –GIÁ ĐẦU TƯ,"8,6 tỷ","Phường Ngọc Hà, Quận Ba Đình, Hà Nội",58 m²,3 phòng,3 WC,3,Giấy tờ hợp lệ,14-10-2025
"NHÀ HOÀNG HOA THÁM-BA ĐÌNH-LÔ GÓC BA THOÁNG-26M2-5T-5,5 TỶ.","5,5 tỷ","Phường Vĩnh Phúc, Quận Ba Đình, Hà Nội",26 m²,3 phòng,N/A,N/A,Giấy tờ hợp lệ,14-10-2025
"nhà ô tô đỗ cửa 9,5 tỷ nguyễn chí thanh,dt 55m2,mặt tiền 4m","9,5 tỷ","Phường Ngọc Khánh, Quận Ba Đình, Hà Nội",53 m²,3 phòng,3 WC,4,Giấy tờ hợp lệ,14-10-2025
BÁN NHÀ ĐỘI CẤN - GẦN PHỐ - VỊ TRÍ THUẬN LỢI - TRƯỚC NHÀ THOÁNG SÁNG,"10,8 tỷ","Phường Đội Cấn, Quận Ba Đình, Hà Nội",43.4 m² (3.2x13.0),6 phòng,N/A,5,Giấy tờ hợp lệ,14-10-2025
BÁN NHÀ BA ĐÌNH 33m2- HƠN 7 TỶ- 40m RA MẶT PHỖ,7 tỷ,"Phường Vĩnh Phúc, Quận Ba Đình, Hà Nội",33 m²,3 phòng,N/A,5,Giấy tờ hợp lệ,14-10-2025
CẦN BÁN NHANH 45m2 NHÀ 4 TẦNG ĐƯỜNG HOÀNG HOA THÁM,8 tỷ,"Phường Liễu Giai, Quận Ba Đình, Hà Nội",45 m²,4 phòng,4 WC,4,Giấy tờ hợp lệ,14-10-2025
BÀN TÒA CCMN VĨNH PHÚC-BA ĐÌNH-55M2-6 TẦNG THANG MÁY-ĐẦY ĐỦ GPXD PCCC,"12,6 tỷ","Phường Vĩnh Phúc, Quận Ba Đình, Hà Nội",55 m²,11 phòng,7 WC,6,Giấy tờ hợp lệ,14-10-2025
"NHÀ ĐỘI CẤN-42M2-MT 11M-12,8 TỶ-BA MẶT NGÕ.","12,85 tỷ","Phường Đội Cấn, Quận Ba Đình, Hà Nội",42 m²,1 phòng,N/A,2,Giấy tờ hợp lệ,13-10-2025
"NHÀ ĐỘI NHÂN-BA ĐÌNH-55M2-5 TẦNG-26,5 TỶ-HAI THOÁNG-Ô TÔ TRÁN.","26,5 tỷ","Phường Vĩnh Phúc, Quận Ba Đình, Hà Nội",55 m²,4 phòng,N/A,5,Giấy tờ hợp lệ,13-10-2025
HOÀNG HOA THÁM - BA ĐÌNH - Ô TÔ - ĐANG CHO THUÊ 30TR/THÁNG,"20,5 tỷ","Đường Hoàng Hoa Thám, Phường Ngọc Hà, Quận Ba Đình, Hà Nội",102 m²,8 phòng,5 WC,5,Sổ đỏ,12-10-2025
"Nhà Đào Tấn, 2 thoáng, mặt tiền rộng, nở hậu, Gara Ô tô, hiếm nhà bán","25,5 tỷ","102, Đường Đào Tấn, Phường Cống Vị, Quận Ba Đình, Hà Nội",58 m²,7 phòng,7 WC,4,Sổ đỏ,20-10-2025
"Chính chủ bán nhà Lạc Long Quân, tiện ích xung quanh đầy đủ .","16,5 tỷ","Đường Lạc Long Quân, Phường Nghĩa Đô, Quận Cầu Giấy, Hà Nội",50 m²,4 phòng,3 WC,4,Sổ đỏ,25-11-2025
"Bán nhà Hoàng Quốc Việt, 7 tầng, có thang máy, ô tô đỗ cửa, nhà mới","27,2 tỷ","Đường Hoàng Quốc Việt, Phường Nghĩa Đô, Quận Cầu Giấy, Hà Nội",65 m²,N/A,N/A,7,Sổ đỏ,25-11-2025
"Bán nhà ngõ phố Trần Quốc Vượng Cầu Giấy Hà Nội 6,5 tầng thang máy","15,1 tỷ","Đường Trần Quốc Vượng, Phường Nghĩa Đô, Quận Cầu Giấy, Hà Nội",46.1 m²,N/A,N/A,6.5,Sổ đỏ,18-11-2025
Chính chủ bán nhà phân lô ô tránh ngõ 106 Hoàng Quốc Việt-55m2x 5 tầng,"22,8 tỷ","106, Đường Hoàng Quốc Việt, Phường Nghĩa Đô, Quận Cầu Giấy, Hà Nội",55 m²,6 phòng,6 WC,6,Sổ đỏ,26-11-2025
"Bán nhà ngõ 106 Hoàng Quốc Việt, Cầu Giấy, Hà Nội, đường ôtô",35 tỷ,"Đường Hoàng Quốc Việt, Phường Nghĩa Đô, Quận Cầu Giấy, Hà Nội",68 m²,N/A,N/A,4,Sổ đỏ,24-11-2025
"CC bán nhà 7 tầng 65m2 ,9p kk , lô góc 3 mặt tiền 15m , ô tô đỗ cửa","18,6 tỷ","Đường Hoàng Quốc Việt, Phường Nghĩa Tân, Quận Cầu Giấy, Hà Nội",65 m²,10 phòng,10 WC,7,Sổ đỏ,24-11-2025
Bán nhà đất 3 tầng 79m2 MT ~5m MP Nghĩa Tân - Cầu Giấy - KD sầm uất,45 tỷ,"Đường Nghĩa Tân, Phường Nghĩa Tân, Quận Cầu Giấy, Hà Nội",79 m²,3 phòng,3 WC,3,Sổ đỏ,24-11-2025
"Đẹp, Hiếm, Bán Gấp! Mặt Phố Nguyễn Chánh - KD Nhà Hàng - 100M2* 54Tỷ",54 tỷ,"Đường Nguyễn Chánh, Phường Yên Hòa, Quận Cầu Giấy, Hà Nội",100 m²,4 phòng,4 WC,4,Sổ đỏ,24-11-2025
"GIÁ TỐT, Ô TÔ TRÁNH, XÂY MỚI, THANG MÁY, BÁN NHÀ PHÂN LÔ CẦU GIẦY",Thỏa thuận,"Phường Yên Hòa, Quận Cầu Giấy, Hà Nội",50 m²,N/A,N/A,N/A,Sổ đỏ,24-11-2025
"Bán nhà mặt phố 8T 65m2  Nguyễn Xiển làm VP, Cty, Spa",35 tỷ,"Đường Khuất Duy Tiến, Phường Trung Hòa, Quận Cầu Giấy, Hà Nội",65 m²,6 phòng,8 WC,8,Sổ đỏ,24-11-2025
"Bán nhà MP VIP Trần Đăng Ninh:DT 50M2, MT4.5M, 5Tầng, KD, Gía 33.5 Tỷ","33,5 tỷ","Đường Trần Đăng Ninh, Phường Dịch Vọng Hậu, Quận Cầu Giấy, Hà Nội",50 m²,N/A,N/A,5,Sổ hồng,22-11-2025
"Bán nhà ngõ 204 đường Trần Duy Hưn- Cầu Giấy, 6 tầng thang máy, lô góc","22,9 tỷ","Đường Trần Duy Hưng, Phường Yên Hòa, Quận Cầu Giấy, Hà Nội",52.7 m²,N/A,N/A,6,Sổ đỏ,04-11-2025
NHÀ ĐẸP TRUNG TÂM CẦU GIẤY – XUÂN THỦY – 42m² – MT 4M – VÀI BƯỚC RA PH,"1,38 tỷ","Đường Xuân Thủy, Phường Dịch Vọng Hậu, Quận Cầu Giấy, Hà Nội",42 m²,N/A,N/A,4,Sổ đỏ,26-11-2025
"BÁN NHÀ VÕ CHÍ CÔNG CẦU GIẤY 25m x5T PHÂN LÔ,ÔTÔ ĐỖ CỬA,VIEW CÔNG VIÊN","7,95 tỷ","Phường Nghĩa Đô, Quận Cầu Giấy, Hà Nội",25 m²,4 phòng,4 WC,5,Giấy tờ hợp lệ,26-11-2025
BÁN NHÀ KHU PHÂN LÔ ĐƯỜNG 800A DIỆN TÍCH 52M GIÁ 18TY Ô TÔ ĐỖ CỬA,18 tỷ,"Phường Nghĩa Đô, Quận Cầu Giấy, Hà Nội",52 m² (5.0x11.0),6 phòng,5 WC,5,Giấy tờ hợp lệ,25-11-2025
Nguyễn Khang – Cầu Giấy – Ô TÔ – 85 M2 – 4 T – MT 4.3 M – Giá 17.8 Tỷ.,"17,8 tỷ","Đường Nguyễn Khang, Phường Trung Hòa, Quận Cầu Giấy, Hà Nội",85 m² (4.3x20.0),4 phòng,3 WC,4,Sổ đỏ,25-11-2025
"Bán nhà đẹp phố Hoàng Quốc Việt, nhà 6t x 37m Giá Nhỉnh 11 tỷ",11 tỷ,"Đường Hoàng Quốc Việt, Phường Yên Hòa, Quận Cầu Giấy, Hà Nội",37 m²,5 phòng,N/A,6,Sổ đỏ,25-11-2025
GẤP - PHÂN LÔ 2 Ô TÔ - MẠC THÁI TỔ - TRUNG KÍNH - 66M - 7 TẦNG - MT 5M,36 tỷ,"Đường Mạc Thái Tổ, Phường Trung Hòa, Quận Cầu Giấy, Hà Nội",66 m² (5.0x14.0),6 phòng,5 WC,7,Sổ đỏ,25-11-2025
GẤP - MẠC THÁI TỔ - TRUNG KÍNH - 55M - 7 TẦNG - THANG MÁY - PCCC,"33,9 tỷ","Đường Mạc Thái Tổ, Phường Trung Hòa, Quận Cầu Giấy, Hà Nội",54 m² (4.2x13.0),8 phòng,8 WC,7,Sổ đỏ,25-11-2025
NHÀ MỚI NỘI THẤT SANG TRỌNG KHU PHÂN LÔ CẦU GIẤY DIỆN TÍCH 60M 6T 18TỶ,"24,5 tỷ","Phường Nghĩa Đô, Quận Cầu Giấy, Hà Nội",60 m² (5.0x12.0),9 phòng,7 WC,6,Giấy tờ hợp lệ,25-11-2025
Tài Chính 9-10 Tỷ Tìm Nhà Cầu Giấy Thang Máy Gọi Ngay Em Nhé,10 tỷ,"Phường Quan Hoa, Quận Cầu Giấy, Hà Nội",42 m²,3 phòng,4 WC,6,Giấy tờ hợp lệ,25-11-2025
ĐẸP - Phân Lô Ngõ 89 Lạc long quân - Tây Hồ - Hà nội,15 tỷ,"Phường Nghĩa Đô, Quận Cầu Giấy, Hà Nội",40 m² (4.0x10.0),6 phòng,5 WC,6,Sổ đỏ,25-11-2025
"Nhà Đẹp Thang Máy, Trần Duy Hưng, Cầu Giấy 44m, 6 tầng, giá 17.8 tỷ","17,8 tỷ","Đường Trần Duy Hưng, Phường Trung Hòa, Quận Cầu Giấy, Hà Nội",44 m² (3.5x12.5),3 phòng,5 WC,6,Sổ đỏ,16-11-2025
Chính Chủ Bán Nhà Trung Kính To . Diện Tích 68m2,"32,6 tỷ","Phường Yên Hòa, Quận Cầu Giấy, Hà Nội",68 m²,N/A,N/A,5,Sổ đỏ,24-11-2025
"💥💥💥 TRẦN DUY HƯNG - 6 TẦNG THANG MÁY, XÂY MỚI - ÔTÔ ĐỖ CỔNG -",15 tỷ,"Đường Trần Duy Hưng, Phường Trung Hòa, Quận Cầu Giấy, Hà Nội",48 m²,8 phòng,3,6,Sổ hồng,24-11-2025
Nhà Đẹp Ở Ngay Hoàng Đạo Thuý - LVL - Căn Góc 250M2 Vỉa Hè To - KD,86 tỷ,"Đường Lê Văn Lương, Phường Trung Hòa, Quận Cầu Giấy, Hà Nội",250 m²,5 phòng,5 WC,4,Sổ đỏ,24-11-2025
Bán Nhà Phân Lô Ngõ Hoàng Quốc Việt Ô Tô Vào Nhà Có Thang Máy 18 tỷ,"18,3 tỷ","Đường Hoàng Quốc Việt, Phường Nghĩa Tân, Quận Cầu Giấy, Hà Nội",37 m² (4.0x9.3),5 phòng,6 WC,7,Sổ hồng,24-11-2025
Phố Xuân Thuỷ Cầu Giấy – Ô Tô – 158 M2 – 4 T– MT 25 M – Giấ 39.3 Tỷ.,"39,3 tỷ","Đường Xuân Thủy, Phường Dịch Vọng Hậu, Quận Cầu Giấy, Hà Nội",158 m² (12.0x13.0),6 phòng,6 WC,4,Sổ đỏ,24-11-2025
Bán nhà 5 tầng 40m2 PL ô tô đỗ cửa cách phố 50m cạnh Lotte L L Quân,"13,8 tỷ","Đường Lạc Long Quân, Phường Nghĩa Đô, Quận Cầu Giấy, Hà Nội",40 m²,4 phòng,4 WC,5,Sổ đỏ,24-11-2025
Nguyễn Ngọc Vũ – Cầu Giấy – 108 M – 2 Tầng – MT 9.3 M – Giá 32.6 Tỷ.,"32,6 tỷ","Đường Nguyễn Ngọc Vũ, Phường Trung Hòa, Quận Cầu Giấy, Hà Nội",108 m² (9.3x11.7),3 phòng,3 WC,2,Sổ đỏ,24-11-2025
"BÁN TOÀ CCMN HỒ TÙNG MẬU, 55M2×5T, 9 PHÒNG KK, DT 50TR/THÁNG, 12.8 TỶ","12,8 tỷ","Đường Hồ Tùng Mậu, Phường Mai Dịch, Quận Cầu Giấy, Hà Nội",55 m² (4.0x13.0),9 phòng,9 WC,5,Sổ đỏ,24-11-2025
Cần bán gấp căn nhà Nguyễn Thị Định Đỗ Quang của chị gái 90m2 7 tầng,43 tỷ,"Đường Hoàng Ngân, Phường Trung Hòa, Quận Cầu Giấy, Hà Nội",90 m² (6.0x15.0),8 phòng,7 WC,7,Sổ đỏ,24-11-2025
Phùng Chí Kiên – Cầu Giấy – Ô Tô Tránh 58 M2 – 4 T – MT 4.8 M – Giá 20,"20,3 tỷ","Đường Phùng Chí Kiên, Phường Dịch Vọng, Quận Cầu Giấy, Hà Nội",58 m² (4.8x12.0),5 phòng,4 WC,N/A,Sổ đỏ,23-11-2025
"BÁN NHÀ CẦU GIẤY - XUÂN THỦY: CHUNG CƯ MINI 7 PHÒNG, MT 6,3M,NGÕ 3 GÁC","11,5 tỷ","Phường Dịch Vọng Hậu, Quận Cầu Giấy, Hà Nội",45.2 m²,7 phòng,N/A,N/A,Sổ đỏ,14-11-2025
Trần Bình – Cầu Giấy – Ô Tô KD – 71 M2 – 4 T – MT 4.5 M – Giá 18.3 Tỷ.,"18,3 tỷ","Đường Trần Bình, Phường Mai Dịch, Quận Cầu Giấy, Hà Nội",71 m² (4.5x15.8),4 phòng,4 WC,4,Sổ đỏ,23-11-2025
Phố Cầu Giấy – Ô Tô Tránh – 135 M2 – 4 Tầng – MT 7.2 M – Giá 43.7 Tỷ.,"43,7 tỷ","Đường Cầu Giấy, Phường Dịch Vọng, Quận Cầu Giấy, Hà Nội",135 m² (7.2x19.0),5 phòng,5 WC,4,Sổ đỏ,23-11-2025
Hoàng Quốc Việt – Cầu Giấy – Ô Tô – 71 M2 – 4 T – MT 10 M – Giấ 22.3 T,"22,3 tỷ","Đường Hoàng Quốc Việt, Phường Dịch Vọng, Quận Cầu Giấy, Hà Nội",71 m² (10.0x7.1),6 phòng,4 WC,4,Sổ đỏ,23-11-2025
"Nhà mới tinh Trương Công Giai - ngõ thông,45m2x7 tầng thang máy 13.3ty","13,3 tỷ","Phường Dịch Vọng, Quận Cầu Giấy, Hà Nội",45 m²,5 phòng,N/A,7,Giấy tờ hợp lệ,23-11-2025
"CHÍNH CHỦ BÁN NHÀ DƯƠNG QUẢNG HÀM - CG, SÁT PHỐ, DT 54m,18.9 tỷ","18,9 tỷ","Phường Quan Hoa, Quận Cầu Giấy, Hà Nội",52 m² (4.3x12.0),5 phòng,5 WC,6,Giấy tờ hợp lệ,23-11-2025
"GẤP - NHÀ PHỐ ĐẶNG THUỲ TRÂM - PHẠM TUẤN TÀI CẦU GIẤY - 60M - MT 4,5M","22,5 tỷ","Đường Đặng Thùy Trâm, Phường Nghĩa Đô, Quận Cầu Giấy, Hà Nội",60 m² (4.5x13.0),6 phòng,5 WC,4,Sổ đỏ,22-11-2025
Phân Lô Nguyễn Chánh - Ô Tô Đỗ Cửa - Đầu Tư KD - 70M2 x 4 Tầng: 22.9tỷ,"22,9 tỷ","Đường Nguyễn Chánh, Phường Yên Hòa, Quận Cầu Giấy, Hà Nội",70 m²,5,N/A,5,Sổ đỏ,22-11-2025
HIẾM - BÁN NHÀ NGUYỄN KHÁNH TOÀN - PHÙNG CHÍ KIÊN - CẦU GIẤY,"20,5 tỷ","Đường Phùng Chí Kiên, Phường Quan Hoa, Quận Cầu Giấy, Hà Nội",59 m² (4.5x15.0),5 phòng,4 WC,4,Sổ đỏ,22-11-2025
YÊN HÒA - CẦU GIẤY – NHÀ ĐẸP DÂN XÂY 5 TẦNG  HAI THOÁNG,"7,2 tỷ","Phường Yên Hòa, Quận Cầu Giấy, Hà Nội",32 m²,3 phòng,4 WC,5,Giấy tờ hợp lệ,22-11-2025
"Nhà Đẹp Kinh Doanh, Ô TÔ, Mạc Thái Tổ, 50m, 7 tầng, mt 4.2m, 34.9 tỷ","34,9 tỷ","Đường Mạc Thái Tổ, Phường Trung Hòa, Quận Cầu Giấy, Hà Nội",50 m² (4.2x11.9),3 phòng,4 WC,7,Sổ đỏ,22-11-2025
"☘ Đón Tết an yên – về nhà mới ngay XUÂN THUỶ, Trần Quốc Vượng",Thỏa thuận,"Đường Xuân Thủy, Phường Dịch Vọng, Quận Cầu Giấy, Hà Nội",33 m²,N/A,N/A,6,Sổ đỏ,21-11-2025
"Nhà 60m2,ngã tư Khuất Duy Tiến-TDH, gần ga Metro,BigC,Vincom,Công viên",25 tỷ,"Phường Trung Hòa, Quận Cầu Giấy, Hà Nội",60 m² (5.0x12.0),6 phòng,1,4,Giấy tờ hợp lệ,21-11-2025
VIP - MẠC THÁI TỔ - TRUNG KÍNH - 86M - 5 TẦNG - MT 15M chỉ 35 tỷ,35 tỷ,"Đường Trung Kính, Phường Yên Hòa, Quận Cầu Giấy, Hà Nội",86 m² (15.0x7.0),6 phòng,5 WC,5,Sổ đỏ,21-11-2025
Bán Gấp Nhà xuân Thuỷ - Cầu Giấy - hà nội,"15,6 tỷ","Đường Cầu Giấy, Phường Dịch Vọng, Quận Cầu Giấy, Hà Nội",46 m² (3.7x12.5),5 phòng,4 WC,4,Sổ đỏ,21-11-2025
"CCMN 7T*145m2. MT: 9m tại Phố Nguyễn Thị Định Cầu Giấy, ô tô tránh.",Thỏa thuận,"Phường Yên Hòa, Quận Cầu Giấy, Hà Nội",131 m²,N/A,N/A,7,Sổ đỏ,21-11-2025
"GẤP - TRUNG KÍNH - 80M - 6 TẦNG - MT 4,5M - Ô TÔ 7 chỗ - hơn 22 tỷ","22,8 tỷ","Đường Trung Kính, Phường Yên Hòa, Quận Cầu Giấy, Hà Nội",80 m² (4.5x18.0),6 phòng,4 WC,6,Sổ đỏ,21-11-2025
BÁN NHÀ VÕ CHÍ CÔNG –– CÁCH PHỐ CHỈ 15M – NGÕ 4M SIÊU TIỆN KINH DOANH,7 tỷ,"Phường Nghĩa Đô, Quận Cầu Giấy, Hà Nội",23 m²,7 phòng,6 WC,4,Giấy tờ hợp lệ,21-11-2025
BÁN NHÀ LẠC LONG QUÂN – TÒA CĂN HỘ DỊCH VỤ   – OTO ĐỖ CỬA,28 tỷ,"Phường Nghĩa Đô, Quận Cầu Giấy, Hà Nội",104 m²,11 phòng,7 WC,42,Giấy tờ hợp lệ,21-11-2025
"Bán nhà phân lô 52 Quan Nhân 45m2,oto vào nhà,kinh doanh,17.5tỷ.","17,5 tỷ","Ngõ 52, Đường Quan Nhân, Phường Trung Hòa, Quận Cầu Giấy, Hà Nội",45 m² (4.5x10.0),4 phòng,3 WC,4,Sổ đỏ,17-11-2025
"Bán nhà ngõ 193 Trung Kính 86m2,lô góc 15m,kinh doanh,oto tránh,35tỷ.",35 tỷ,"Ngõ 193, Đường Trung Kính, Phường Trung Hòa, Quận Cầu Giấy, Hà Nội",86 m²,4 phòng,3 WC,6,Sổ hồng,10-11-2025
"HIẾM - BÁN NHÀ KHÚC THỪA DỤ - CẦU GIẤY - 45M - 7 TẦNG - MT 4,7M","13,5 tỷ","Đường Khúc Thừa Dụ, Phường Dịch Vọng Hậu, Quận Cầu Giấy, Hà Nội",45 m² (4.6x10.0),5 phòng,4 WC,7,Sổ đỏ,21-11-2025
"CỰC HIẾM, HOÀNG QUỐC VIỆT, CẦU GIẤY, 55M2 CĂN GÓC, XE TẢI TRÁNH, 16.5","16,5 tỷ","Đường Hoàng Quốc Việt, Phường Nghĩa Đô, Quận Cầu Giấy, Hà Nội",55 m² (5.0x11.0),10 phòng,10 WC,5,Sổ đỏ,21-11-2025
Chính Chủ Bán Biệt Thự VIMECO Trần Duy Hưng - Giáp BigC - 130M2 54 TỶ,54 tỷ,"Đường Trần Duy Hưng, Phường Trung Hòa, Quận Cầu Giấy, Hà Nội",130 m²,4 phòng,5 WC,4,Sổ đỏ,20-11-2025
Bán Nhà PHố Trần Quốc Vượng - Cầu giấy,"15,5 tỷ","Đường Trần Quốc Vượng, Phường Dịch Vọng Hậu, Quận Cầu Giấy, Hà Nội",50 m² (5.0x10.0),6 phòng,5 WC,7,Sổ đỏ,20-11-2025
CCMN HẠNG SANG– CĂN CUỐI CÙNG TẠI QUẬN CẦU GIẤY - NHỈNH 22 TỶ,22 tỷ,"Phường Yên Hòa, Quận Cầu Giấy, Hà Nội",68 m² (9.3x7.0),11 phòng,7 WC,7,Giấy tờ hợp lệ,20-11-2025
"Bán Nhà Hoàng Quốc Việt, Cầu Giấy, 90m2 = 22,6 Tỷ, 5 Tầng, Oto Đỗ 24h","22,6 tỷ","Đường Hoàng Quốc Việt, Phường Nghĩa Đô, Quận Cầu Giấy, Hà Nội",90 m²,6 phòng,5 WC,5,Sổ đỏ,20-11-2025
BÁN NHÀ TRUNG TÂM CẦU GIẤY – NGÕ Ô TÔ – THANG MÁY – CHO THUÊ ĐỈNH,"15,4 tỷ","Phường Dịch Vọng, Quận Cầu Giấy, Hà Nội",62 m²,4 phòng,5 WC,7,Giấy tờ hợp lệ,20-11-2025
Siêu Biệt Thự 400M2 Cầu Giấy - 18M MT - Kinh Doanh Bất Chấp: 120 Tỷ,120 tỷ,"Đường Trần Kim Xuyến, Phường Trung Hòa, Quận Cầu Giấy, Hà Nội",400 m²,4 phòng,4 WC,4,Sổ hồng,20-11-2025
"Bán Nhà Phố Nguyễn Chánh, Ô Tô Cất Trong Nhà 246M2 x 11m MT - 40 Tỷ.",40 tỷ,"Đường Nguyễn Chánh, Phường Trung Hòa, Quận Cầu Giấy, Hà Nội",246 m²,4 phòng,4 WC,4,Sổ hồng,20-11-2025
"Bán Nhà ngõ Bưu Điện Cầu Giấy: 55m2x5T, 10m ôtô Tránh, KD, sđcc 14 tỷ",Thỏa thuận,"Đường Cầu Giấy, Phường Dịch Vọng, Quận Cầu Giấy, Hà Nội",55 m²,6 phòng,6 WC,5,Sổ đỏ,19-11-2025
NHà Nguyễn Khang Cầu Giấy- Phân khúc nhiều khách tìm - Căn duy hơn 8Tỉ,"8,2 tỷ","Đường Nguyễn Khang, Phường Yên Hòa, Quận Cầu Giấy, Hà Nội",51 m²,4 phòng,4 WC,5,Sổ đỏ,19-11-2025
Biệt Thự Căn Góc 3 Mặt Thoáng Phố Trần Kim Xuyến - 165M2* 75 Tỷ,75 tỷ,"Đường Trần Kim Xuyến, Phường Yên Hòa, Quận Cầu Giấy, Hà Nội",165 m²,5 phòng,5 WC,4,Sổ đỏ,19-11-2025
BÁN NHÀ PHÂN LÔ VIP – PHẠM TUẤN TÀI – 7 TẦNG THANG MÁY – Ô TÔ TRÁNH,"26,5 tỷ","Phường Nghĩa Tân, Quận Cầu Giấy, Hà Nội",46 m²,4 phòng,5 WC,7,Giấy tờ hợp lệ,19-11-2025
"Bán nhà 5 tầng ô bàn cờ - ô tô tránh, khu dân cư yên tĩnh, nhỉnh 15 ty","15,9 tỷ","Đường Phạm Tuấn Tài, Phường Nghĩa Tân, Quận Cầu Giấy, Hà Nội",38 m² (5.0x8.0),4 phòng,4 WC,5,Sổ hồng,18-11-2025
Nhà phố Yên Hoà-2 mặt tiền-oto đỗ cửa-kinh doanh tốt-6 tầng xịn đẹp,"12,5 tỷ","Phường Yên Hòa, Quận Cầu Giấy, Hà Nội",34 m² (6.0x5.6),3 phòng,5 WC,6,Giấy tờ hợp lệ,19-11-2025
"BÁN NHÀ PHỐ PHÙNG CHÍ KIÊN, KINH DOANH,  50M2x4T, MT 4M, 23 TỶ",23 tỷ,"Đường 800A, Phường Nghĩa Đô, Quận Cầu Giấy, Hà Nội",50 m² (4.0x13.0),4 phòng,4 WC,4,Sổ đỏ,19-11-2025
Biệt Thự Vũ Phạm Hàm 165M2 Kinh Doanh -  Đầu Tư - 55 Tỷ.,55 tỷ,"Đường Vũ Phạm Hàm, Phường Trung Hòa, Quận Cầu Giấy, Hà Nội",165 m²,5 phòng,5 WC,4,Sổ đỏ,19-11-2025
"Bán nhà phân lô ô tô đỗ, nhà khu , Dương Khuê, Trần Bình , gia 15 tỷ",15 tỷ,"Đường Dương Khuê, Phường Mai Dịch, Quận Cầu Giấy, Hà Nội",55 m² (5.0x9.0),5 phòng,4 WC,N/A,Sổ hồng,18-11-2025
yên hòa full nội thất-ở ngay-gần phố-ngõ oto-2 thoáng vĩnh viễn,"13,5 tỷ","Phường Yên Hòa, Quận Cầu Giấy, Hà Nội",39 m² (3.5x11.2),3 phòng,3 WC,5,Giấy tờ hợp lệ,19-11-2025
BÁN NHÀ YÊN HOÀ-CĂN GÓC 2 MẶT NGÕ THOÁNG RỘNG-5 TẦNG ĐẸP-GẦN ĐƯỜNG OTO,8 tỷ,"Phường Yên Hòa, Quận Cầu Giấy, Hà Nội",32 m² (3.0x11.0),6 phòng,3 WC,5,Giấy tờ hợp lệ,19-11-2025
BÁN NHÀ ĐẸP CẦU GIẤY – GẦN OTO  – SỔ VUÔNG  – HIẾM TRONG TẦM TIỀN,"9,7 tỷ","Phường Quan Hoa, Quận Cầu Giấy, Hà Nội",35 m²,3 phòng,5 WC,6,Giấy tờ hợp lệ,19-11-2025
"[Chính chủ] tôi cần bán lô Liền Kề-Mạc Thái Tông - Cầu Giấy. Dt 161 m,","54,5 tỷ","Đường Mạc Thái Tông, Phường Yên Hòa, Quận Cầu Giấy, Hà Nội",162 m²,N/A,N/A,4,Sổ đỏ,19-11-2025
"Bán Nhà 5T Nguyễn Khang, Cầu Giấy, Dt 85M2 = 19,8 Tỷ, Oto 7c Vào Nhà.","19,8 tỷ","Đường Nguyễn Khang, Phường Yên Hòa, Quận Cầu Giấy, Hà Nội",85 m²,4 phòng,4 WC,5,Sổ đỏ,18-11-2025
BÁN NHÀ HOÀNG QUỐC VIỆT – PHÂN LÔ ĐẸP – 7 TẦNG THANG MÁY – NGÕ THÔNG,"18,5 tỷ","Phường Nghĩa Tân, Quận Cầu Giấy, Hà Nội",31 m²,3 phòng,6 WC,7,Giấy tờ hợp lệ,18-11-2025
BÁN NHÀ LÔ GÓC 3 THOÁNG – NGÕ THÔNG KD – MẶT TIỀN 5M  – DT 78M2,21 tỷ,"Đường Trung Kính, Phường Yên Hòa, Quận Cầu Giấy, Hà Nội",78 m²,4 phòng,4 WC,4,Sổ đỏ,17-11-2025
TRUNG KÍNH – CẦU GIẤY – PHÂN LÔ – VỈA HÈ – Ô TÔ TRÁNH – KINH DOANH.,Thỏa thuận,"Đường Trung Kính, Phường Yên Hòa, Quận Cầu Giấy, Hà Nội",65 m² (5.0x13.0),3 phòng,4 WC,5,Sổ đỏ,18-11-2025
HIẾM - PHÂN LÔ HOÀNG QUỐC VIỆT DT 65 * 5 TẦNG *THÔNG Ô TÔ GARA - 21 TỶ,21 tỷ,"Phường Nghĩa Đô, Quận Cầu Giấy, Hà Nội",65 m² (4.5x14.5),6 phòng,4 WC,5,Giấy tờ hợp lệ,18-11-2025
Biệt Thự Siêu Đẹp Phố Nguyễn Chánh - 135m2  - Đường To Vỉa Hè KD,"54,5 tỷ","Đường Nguyễn Chánh, Phường Trung Hòa, Quận Cầu Giấy, Hà Nội",135 m²,5 phòng,5 WC,4,Sổ hồng,18-11-2025
Bán nhà trung tâm Cầu Giấy – diện tích 60m² – 6 tầng — 20m ra Phố Lớn,"14,3 tỷ","Phường Quan Hoa, Quận Cầu Giấy, Hà Nội",60 m²,6 phòng,5 WC,6,Giấy tờ hợp lệ,18-11-2025
BÁN NHÀ XUÂN THUỶ – LÔ GÓC 3THOÁNG – Ô TÔ ĐỖ CỬA – KINH DOANH SẦM UẤT,"15,6 tỷ","Phường Dịch Vọng, Quận Cầu Giấy, Hà Nội",42 m²,5 phòng,4 WC,4,Giấy tờ hợp lệ,18-11-2025
"Nhà Đẹp Kinh Doanh Mặt Phố, Q. Cầu Giấy 76/90m, 9 tầng, mt 4m, 64.8 tỷ","64,8 tỷ","Đường Trần Tử Bình, Phường Nghĩa Tân, Quận Cầu Giấy, Hà Nội",76 m² (4.0x19.0),6 phòng,6 WC,9,Sổ đỏ,18-11-2025
"Biệt Thự Hoàng Minh Giám, VinCom Trần Duy Hưng 135M2* 8M  - Kinh Doanh","54,5 tỷ","Đường Hoàng Minh Giám, Phường Trung Hòa, Quận Cầu Giấy, Hà Nội",135 m² (8.0x17.0),4 phòng,5 WC,4,Sổ hồng,18-11-2025
"BIỆT THỰ MINI SÂN VƯỜN Lạc Long Quân, Cầu Giấy, 110m², 4 tầng, 24 tỷ",24 tỷ,"Đường Lạc Long Quân, Phường Nghĩa Đô, Quận Cầu Giấy, Hà Nội",110 m² (5.3x20.7),N/A,N/A,4,Sổ đỏ,18-11-2025
Toà Văn Phòng View Vườn Hoa Công Viên Phố Tôn Thất Thuyết - 300m2* 9 T,190 tỷ,"Đường Tôn Thất Thuyết, Phường Dịch Vọng Hậu, Quận Cầu Giấy, Hà Nội",300 m²,6 phòng,7 WC,9,Sổ hồng,18-11-2025
BÁN GẤP..! BIỆT THỰ NGUYỄN CHÁNH 163M2* 55 TỶ - VỈA HÈ 4M - KD.,55 tỷ,"Đường Nguyễn Chánh, Phường Trung Hòa, Quận Cầu Giấy, Hà Nội",163 m²,5 phòng,5 WC,4,Sổ hồng,18-11-2025
Chính Chủ Bán Gấp Nhà Cầu Giấy 6 Tầng Thang Máy 39m2 Hơn 10 Tỷ,10 tỷ,"Phường Mai Dịch, Quận Cầu Giấy, Hà Nội",39 m²,3 phòng,N/A,6,Giấy tờ hợp lệ,17-11-2025
Bán Gấp Căn Biệt Thự Villa Siêu Đẹp Trung Tâm Quận Cầu Giấy DT 135M,"44,9 tỷ","Đường Cầu Giấy, Phường Yên Hòa, Quận Cầu Giấy, Hà Nội",135 m² (7.0x15.0),6 phòng,5 WC,4,Sổ đỏ,17-11-2025
"ĐÔNG QUAN - PHÙNG CHÍ KIÊN - 88M - 3 TẦNG - Ô TÔ 7 CHỖ - chỉ 16,9 tỷ","16,9 tỷ","Đường Đông Quan, Phường Quan Hoa, Quận Cầu Giấy, Hà Nội",88 m² (3.9x23.0),4 phòng,4 WC,3,Sổ đỏ,17-11-2025
"BIỆT THỰ LÔ GÓC ĐƯỜNG VÕ CHÍ CÔNG, CẦU GIẤY MẶT TIỀN 12M, GIÁ 50 TỶ",50 tỷ,"Đường Võ Chí Công, Phường Nghĩa Đô, Quận Cầu Giấy, Hà Nội",204 m² (12.0x17.0),N/A,N/A,4,Sổ đỏ,17-11-2025
"Bán nhà lô góc ô tô xây mới Trần Duy Hưng Cầu Giấy 50m2x6T, 22.5 tỷ","22,5 tỷ","Đường Trần Duy Hưng, Phường Trung Hòa, Quận Cầu Giấy, Hà Nội",350 m² (5.0x10.0),N/A,N/A,7,Sổ đỏ,17-11-2025
"🏡 Nhà đẹp trung tâm Cầu Giấy – An cư đẳng cấp, cuộc sống viên mãn 🌿",10 tỷ,"Phường Yên Hòa, Quận Cầu Giấy, Hà Nội",40 m² (4.4x9.0),4 phòng,5 WC,5,Giấy tờ hợp lệ,17-11-2025
Bán nhà xây thô 5 tầng 120m2 MT 5m đường 7m ô tô cách phố 20m,"31,5 tỷ","Đường Doãn Kế Thiện, Phường Mai Dịch, Quận Cầu Giấy, Hà Nội",120 m²,16 phòng,16 WC,5,Sổ đỏ,17-11-2025
"PHẠM TUẤN TÀI – PHÂN LÔ – Ô TÔ TRÁNH – THANG MÁY – KINH DOANH, 7T 46M2",Thỏa thuận,"Đường Phạm Tuấn Tài, Phường Dịch Vọng Hậu, Quận Cầu Giấy, Hà Nội",45.5 m² (4.5x10.0),3 phòng,4 WC,7,Sổ đỏ,17-11-2025
"CC bán nhà 7 tầng 60m2 ngõ ô tô sát phố Xuân Thuỷ ,full nội thất","28,6 tỷ","Đường Xuân Thủy, Phường Dịch Vọng Hậu, Quận Cầu Giấy, Hà Nội",60 m²,5 phòng,7 WC,7,Sổ đỏ,17-11-2025
"CẦU GIẤY NHÀ PHÂN LÔ Ô TÔ KD 1 NHÀ RA PHỐ, DÂN XÂY SỔ VUÔNG - 20 TỶ TL",20 tỷ,"Phường Nghĩa Đô, Quận Cầu Giấy, Hà Nội",53 m² (4.2x10.6),4 phòng,3 WC,5,Giấy tờ hợp lệ,17-11-2025
"Bán nhà plô  XÂY  7 tầng  mới mặt  Nghĩa Đô  HQV  DT 60M2  GIÁ 30,2 TỶ","28,9 tỷ","Đường Mạc Thái Tổ, Phường Yên Hòa, Quận Cầu Giấy, Hà Nội",60 m² (5.0x12.0),4 phòng,N/A,5,Sổ đỏ,17-11-2025
"Bán nhà Hoàng Quốc Việt P/Lô ô tô tránh vỉa hè, Dt 65m2, 7t, mt 4.5m,","28,8 tỷ","Đường Hoàng Quốc Việt, Phường Nghĩa Đô, Quận Cầu Giấy, Hà Nội",65 m² (4.5x14.4),6 phòng,5 WC,7,Sổ hồng,16-11-2025
Bán nhà phố Trung Kính 165m2 căn góc mặt tiền 8m giá đầu tư,Thỏa thuận,"88, Đường Trung Kính, Phường Trung Hòa, Quận Cầu Giấy, Hà Nội",165 m² (8.0x20.0),5 phòng,5 WC,5,Sổ hồng,16-11-2025
"Bán nhà Hoàng Quốc Việt P/Lô ô tô tránh, Dt 55m2, 5t, mt 5m, mới đẹp.",21 tỷ,"Đường Hoàng Quốc Việt, Phường Nghĩa Đô, Quận Cầu Giấy, Hà Nội",55 m² (5.0x11.0),4 phòng,4 WC,5,Sổ hồng,16-11-2025
"Bán Tòa Nhà Trần Thái Tông, Cầu Giấy 125m, 9 tầng, mt 8.1m, 89.9 tỷ","89,9 tỷ","Đường Trần Thái Tông, Phường Dịch Vọng Hậu, Quận Cầu Giấy, Hà Nội",125 m² (8.1x15.4),7 phòng,8 WC,9,Sổ đỏ,15-11-2025
Nguyễn Khang - Ô Tô Vào Nhà - Kinh doanh - Sát Phố - 4 Tầng 9.6 Tỷ,"9,6 tỷ","Phường Trung Hòa, Quận Cầu Giấy, Hà Nội",30 m² (4.3x7.6),3 phòng,3 WC,4,Giấy tờ hợp lệ,15-11-2025
Ccmn  xây mới-thang máy full nội thất-10 phòng cho thuê -dòng tiền,"13,8 tỷ","Phường Yên Hòa, Quận Cầu Giấy, Hà Nội",40 m² (4.3x9.3),10 phòng,7 WC,6,Giấy tờ hợp lệ,15-11-2025
Chính Chủ Bán Nhà Cầu Giấy 6 Tầng Thang Máy 38m2 Hơn 10 Tỷ Oto đỗ cổng,10 tỷ,"Phường Mai Dịch, Quận Cầu Giấy, Hà Nội",38 m²,3 phòng,5 WC,6,Giấy tờ hợp lệ,15-11-2025
🎈CẦU GIẤY - THANG MÁY - Ô TÔ GẦN - 38M NHỈNH 9 TỶ HIẾM CẦU GIẤY,"9,5 tỷ","Phường Quan Hoa, Quận Cầu Giấy, Hà Nội",38 m²,4 phòng,5 WC,6,Giấy tờ hợp lệ,15-11-2025
"Bán Tòa CCMN Cầu Giấy 45m, 9 Phòng Khép Kín Cho Thuê","10,8 tỷ","Phường Trung Hòa, Quận Cầu Giấy, Hà Nội",38 m² (4.0x10.0),9 phòng,7 WC,5,Giấy tờ hợp lệ,15-11-2025
"Nhà Đẹp Kinh Doanh, Ô TÔ, Mạc Thái Tổ, Cầu Giấy 50m, 7 tầng, 34.9 tỷ","34,9 tỷ","Đường Mạc Thái Tổ, Phường Yên Hòa, Quận Cầu Giấy, Hà Nội",50 m² (4.2x11.9),3 phòng,5 WC,7,Sổ đỏ,15-11-2025
Bán nhà Nguyễn Khang - Cầu Giấy - full nội thất đẹp - gần ô tô tránh,"8,8 tỷ","Phường Yên Hòa, Quận Cầu Giấy, Hà Nội",31 m² (3.2x9.7),3 phòng,3 WC,5,Giấy tờ hợp lệ,15-11-2025
"Bán nhà phân lô Vip Cầu Giấy 7 tầng thang máy ô tô, thông sàn KD đỉnh","33,29 tỷ","Phường Trung Hòa, Quận Cầu Giấy, Hà Nội",51 m²,4 phòng,4 WC,7,Giấy tờ hợp lệ,15-11-2025
"Tôi cần bán nhà mặt phố Cầu Giấy, nhà 5tầng full nội thất.","29,86 tỷ","Phường Dịch Vọng, Quận Cầu Giấy, Hà Nội",40 m²,4 phòng,5 WC,5,Giấy tờ hợp lệ,14-11-2025
HOÀNG QUỐC VIỆT – VỈA HÈ RỘNG – KINH DOANH – Ở SƯỚNG,"15,8 tỷ","Phường Nghĩa Đô, Quận Cầu Giấy, Hà Nội",56 m²,3 phòng,4 WC,5,Giấy tờ hợp lệ,14-11-2025
"Bán nhà Lê Văn Lương, Cầu Giấy lô góc ô tô 35m 10 tỷ",10 tỷ,"Phường Trung Hòa, Quận Cầu Giấy, Hà Nội",35 m²,3 phòng,4 WC,4,Giấy tờ hợp lệ,14-11-2025
"Bán gấp nhà Cầu Giấy để mua biệt thự, 50m2, 6 tầng, giá nhỉnh 15 tỷ","15,8 tỷ","Đường Cầu Giấy, Phường Dịch Vọng, Quận Cầu Giấy, Hà Nội",52 m² (4.0x13.0),5 phòng,5 WC,6,Sổ hồng,14-11-2025
"Nhà Đẹp Cầu Giấy 45m2 - 4 Tầng - Vừa Ở - Cho Thuê - Gần Phố - 9,5 Tỷ","9,5 tỷ","Phường Yên Hòa, Quận Cầu Giấy, Hà Nội",45 m² (4.5x10.0),4 phòng,3 WC,4,Giấy tờ hợp lệ,14-11-2025
DÒNG TIỀN CẦU GIẤY 70m2 - 5 TẦNG KIÊN CỐ - GẦN PHỐ - NGÕ THÔNG - HIẾM,12 tỷ,"Phường Yên Hòa, Quận Cầu Giấy, Hà Nội",70 m² (4.0x17.5),8 phòng,7 WC,5,Giấy tờ hợp lệ,14-11-2025
"Bán gấp  nhà Cầu giấy, HQV, 52m2 ngõ ô tô, phân lô, giá nhỉnh 14 tỷ","14,5 tỷ","Đường Hoàng Quốc Việt, Phường Dịch Vọng, Quận Cầu Giấy, Hà Nội",52 m² (4.0x13.0),5 phòng,5 WC,6,Sổ hồng,14-11-2025
Lô Góc Cầu Giấy 60m2 - 5 Tầng - Ngõ Thông - Kinh Doanh - Giá 11 Tỷ TL,11 tỷ,"Phường Quan Hoa, Quận Cầu Giấy, Hà Nội",60 m² (4.0x12.0),6 phòng,4 WC,5,Giấy tờ hợp lệ,13-11-2025
Lô Góc Cầu Giấy 40m2 - 6 Tầng Thang Máy - Gần Phố - Ở Ngay - 11 Tỷ,11 tỷ,"Phường Mai Dịch, Quận Cầu Giấy, Hà Nội",40 m² (4.0x10.0),4 phòng,5 WC,6,Giấy tờ hợp lệ,13-11-2025
"Chính chủ cần bán nhà số 20/1/643 Phạm Văn Đồng, phường Nghĩa Đô","11,2 tỷ","Phường Nghĩa Đô, Quận Cầu Giấy, Hà Nội",61 m²,3 phòng,2 WC,2,Sổ đỏ,13-11-2025
BÁN NHÀ PHẠM VĂN ĐỒNG - NGÕ THÔNG NHÀ THOÁNG - KINH DOANH ĐỈNH,"10,2 tỷ","Phường Mai Dịch, Quận Cầu Giấy, Hà Nội",35 m² (4.7x7.4),2 phòng,N/A,3,Giấy tờ hợp lệ,13-11-2025
Dòng Tiền Cầu Giấy 60m2 - 6 Tầng Thang Máy - Ngõ Thông - Giá 15 Tỷ,15 tỷ,"Phường Yên Hòa, Quận Cầu Giấy, Hà Nội",60 m² (4.0x12.0),10 phòng,7 WC,6,Giấy tờ hợp lệ,13-11-2025
BÁN NHÀ CẦU GIẤY – MẶT NGÕ THÔNG – KINH DOANH,"9,5 tỷ","Phường Yên Hòa, Quận Cầu Giấy, Hà Nội",48 m²,4 phòng,3 WC,4,Giấy tờ hợp lệ,13-11-2025
Nhà Đẹp Võ Chí Công 40m2 - 5 Tầng Thang Máy - Gần Phố - Ở Sướng,9 tỷ,"Phường Nghĩa Đô, Quận Cầu Giấy, Hà Nội",40 m² (4.0x10.0),3 phòng,4 WC,5,Giấy tờ hợp lệ,13-11-2025
PHÂN LÔ NGUYỄN KHÁNH TOÀN_ 6T THANG MÁY_ GARA Ô TÔ_NGÕ THÔNG KD_,"15,5 tỷ","Phường Nghĩa Đô, Quận Cầu Giấy, Hà Nội",55 m²,6 phòng,6 WC,6,Giấy tờ hợp lệ,12-11-2025
🔥 SIÊU PHẨM CẦU GIẤY – Ô TÔ ĐỖ CỬA – LÔ GÓC 3 THOÁNG,"15,2 tỷ","Phường Dịch Vọng, Quận Cầu Giấy, Hà Nội",55 m²,4 phòng,3 WC,5,Giấy tờ hợp lệ,12-11-2025
"Tôi Chính Chủ Cần Bán Nhà Khu Phố Trung Kính Đường Đôi . 66,5m2 Xây 7T","33,5 tỷ","Đường Trung Kính, Phường Yên Hòa, Quận Cầu Giấy, Hà Nội",66.5 m²,7 phòng,8 WC,7,Sổ đỏ,16-11-2025
Chính Chủ Bán Biệt Thự KĐT Dịch Vọng . Mặt Phố Chính Thọ Tháp,87 tỷ,"Đường Thọ Tháp, Phường Dịch Vọng, Quận Cầu Giấy, Hà Nội",199 m²,6 phòng,8 WC,3.5,Sổ đỏ,16-11-2025
SIÊU PHẨM MẶT NGÕ _ OTO ĐỖ CỬA _ KINH DOANH _ THANG MÁY _Ở NGAY,21 tỷ,"ngõ 5, Đường Hoàng Quốc Việt, Phường Quan Hoa, Quận Cầu Giấy, Hà Nội",50 m²,4 phòng,4 WC,5,Sổ đỏ,16-11-2025
"22 TỶ NHÀ PHÂN LÔ 2 MẶT NGÕ – OTO VÀO NHÀ – 74M2, 5T  HOÀNG QUỐC VIỆT",22 tỷ,"Đường Phùng Chí Kiên, Phường Nghĩa Đô, Quận Cầu Giấy, Hà Nội",74 m²,5 phòng,4 WC,5,Sổ đỏ,11-11-2025
"Bán nhà Phố Hoàng Ngân, 52m2, ô tô đỗ cửa, kinh doanh, 13.3 tỷ!","13,3 tỷ","Phường Trung Hòa, Quận Cầu Giấy, Hà Nội",52 m²,4 phòng,4 WC,4,Giấy tờ hợp lệ,12-11-2025
"CẦN BÁN SIÊU PHẨM ĐỐNG ĐA – DOÃN KẾ THIỆN 70M², 9 TẦNG, MT 5M – 28 TỶ","27,98 tỷ","Phường Mai Dịch, Quận Cầu Giấy, Hà Nội",70 m² (5.0x14.0),11 phòng,N/A,9,Giấy tờ hợp lệ,12-11-2025
"Bán nhà Chính Chủ Yên Hoà Cầu Giấy, 36m2, 80m ra phố, 10.2 tỷ!","10,2 tỷ","Phường Yên Hòa, Quận Cầu Giấy, Hà Nội",36 m²,4 phòng,4 WC,5,Giấy tờ hợp lệ,12-11-2025
"Lưu Quang Vũ, Cầu Giấy, ô tô đỗ cửa 60m, 6t, 30 tỷ",30 tỷ,"Đường Lưu Quang Vũ, Phường Dịch Vọng, Quận Cầu Giấy, Hà Nội",55 m² (475.0x14.0),6 phòng,6 WC,7,Sổ đỏ,11-11-2025
"Bán Nhà ĐẤT MẶT NGÕ 22  TRUNG KÍNH. TRẦN DUY HƯNG CẦU GIẤY DT 50,74 M","17,5 tỷ","Đường Trung Kính, Phường Trung Hòa, Quận Cầu Giấy, Hà Nội",50.7 m² (3.8x14.0),5 phòng,3 WC,14,Sổ đỏ,11-11-2025
"Bán nhà mặt phố Nguyễn Khánh Toàn, diện tích 110m² mặt tiền 5,5m  61,5","61,5 tỷ","Phường Quan Hoa, Quận Cầu Giấy, Hà Nội",110 m² (6.0x16.0),N/A,N/A,6,Sổ đỏ,11-11-2025
"Bán gấp biệt thự Lão Thành Cách Mạng khu 5.2ha Yên Hòa, DT 160M 65 TỶ",65 tỷ,"Quận Cầu Giấy, Hà Nội",160 m² (12.0x18.0),6 phòng,N/A,4,Sổ đỏ,11-11-2025
"Phân lô Trung Kính 59m2*5T,50m ra phố,oto tránh,3thoáng,lô góc,19,3tỷ.","19,3 tỷ","Đường Trung Kính, Phường Trung Hòa, Quận Cầu Giấy, Hà Nội",59 m² (4.0x14.8),4 phòng,3 WC,5,Sổ hồng,10-11-2025
Tin Chuẩn..! Liền Kề Tôn Thất Thuyết 110m2 * 6 Tầng Thang Máy - KD,55 tỷ,"Đường Tôn Thất Thuyết, Phường Yên Hòa, Quận Cầu Giấy, Hà Nội",110 m²,5 phòng,5 WC,6,Sổ đỏ,15-11-2025
"Bán nhà Cầu Giấy 30m2, ngay mặt đường Cầu Giấy, nhỉnh 8 tỷ","8,4 tỷ","Đường Cầu Giấy, Phường Dịch Vọng, Quận Cầu Giấy, Hà Nội",30 m²,3 phòng,4 WC,4,Sổ đỏ,15-11-2025
"🌟 Bán Nhà 6 Tầng Thang Máy – Mặt Ngõ Thông Trần Duy Hưng, Cầu Giấy – 5",17 tỷ,"Phường Trung Hòa, Quận Cầu Giấy, Hà Nội",52 m²,3 phòng,N/A,6,Giấy tờ hợp lệ,11-11-2025
Bán nhà Trần Cung -mới đẹp full nội thất 3pn Ở NGAY giá chỉ nhỉnh 8 tỷ,"8,39 tỷ","Phường Nghĩa Tân, Quận Cầu Giấy, Hà Nội",31 m²,4 phòng,4 WC,5,Giấy tờ hợp lệ,11-11-2025
"BÁN NHÀ PHỐ TRẦN DUY HƯNG. 44/52 M. NHÀ MỚI 6 TẦNG THANG MÁY. 17,8 TỶ","17,8 tỷ","Phường Trung Hòa, Quận Cầu Giấy, Hà Nội",52 m²,3 phòng,4 WC,6,Giấy tờ hợp lệ,11-11-2025
"Nhà đẹp phố Dương Quảng Hàm, 2 thoáng, gần công viên Nghĩa Đô, 11.5 tỷ","11,5 tỷ","Phường Quan Hoa, Quận Cầu Giấy, Hà Nội",40 m²,6 phòng,4 WC,6,Giấy tờ hợp lệ,11-11-2025
TRẦN DUY HƯNG-MỚI -Ở NGAY-FULL NỘI THẤT-6T THANG MÁY,"17,8 tỷ","Phường Trung Hòa, Quận Cầu Giấy, Hà Nội",44 m² (3.5x15.0),3 phòng,4 WC,6,Giấy tờ hợp lệ,11-11-2025
PHỐ HOA BẰNG - XÂY MỚI THANG MÁY - 10 PHÒNG THUÊ - GPXD PHÒNG CHÁY ĐỦ,"13,95 tỷ","Phường Yên Hòa, Quận Cầu Giấy, Hà Nội",40 m² (4.5x9.0),10 phòng,7 WC,6,Giấy tờ hợp lệ,11-11-2025
BÁN NHÀ LẠC LONG QUÂN – 12 PHÒNG KHÉP KÍN – 2 MẶT THOÁNG –Ô TÔ ĐỖ CỬA,28 tỷ,"Phường Nghĩa Đô, Quận Cầu Giấy, Hà Nội",104 m²,11 phòng,7 WC,6,Giấy tờ hợp lệ,11-11-2025
"*** 1 CĂN CCMN DÒNG TIỀN CẦU GIẤY 66M -6 TẦNG-MT 5,5M  CHỈ 1 NGOẶ","18,3 tỷ","Phường Nghĩa Đô, Quận Cầu Giấy, Hà Nội",66 m² (5.5x14.0),11 phòng,7 WC,6,Giấy tờ hợp lệ,11-11-2025
PHỐ NGUYỄN VĂN HUYÊN - THANG MÁY - 2 MẶT TIỀN - Ô TÔ ĐỖ CỬA - NGÕ RỘNG,"13,9 tỷ","Phường Quan Hoa, Quận Cầu Giấy, Hà Nội",40 m² (3.5x10.5),4 phòng,5 WC,6,Giấy tờ hợp lệ,11-11-2025
Trần Duy Hưng lô góc-thang máy -full nội thất-ngõ ôtô-ở ngay,"13,3 tỷ","Phường Trung Hòa, Quận Cầu Giấy, Hà Nội",48.6 m²,3 phòng,4 WC,5,Giấy tờ hợp lệ,11-11-2025
💥 NGUYỄN KHÁNH TOÀN - NGÕ THÔNG - CÁCH Ô TÔ 10M,"11,6 tỷ","Phường Quan Hoa, Quận Cầu Giấy, Hà Nội",52 m²,6 phòng,4 WC,5,Giấy tờ hợp lệ,11-11-2025
"BÁN NHANH TOÀ NHÀ KHU NGHĨA TÂN HOÀNG Q VIỆT, MẶT PHỐ Ô TÔ, KD ĐỈNH","62,8 tỷ","Phường Nghĩa Tân, Quận Cầu Giấy, Hà Nội",76 m²,8 phòng,7 WC,9,Giấy tờ hợp lệ,11-11-2025
Chính chủ bán liền kề Nghĩa Đô cạnh Starlake Tây Hồ 121m2x4t giá tốt,55 tỷ,"Đường Hoàng Quốc Việt, Phường Nghĩa Đô, Quận Cầu Giấy, Hà Nội",121 m² (20.0x12.0),5 phòng,5 WC,4,Sổ đỏ,10-11-2025
"Bán PL Trung kính đường đôi 70m2 x 7T, thang máy MT 5m - 20m ra Phố","32,5 tỷ","Đường Trung Kính, Phường Yên Hòa, Quận Cầu Giấy, Hà Nội",70 m² (5.0x14.0),N/A,N/A,7,Sổ đỏ,10-11-2025
"Cần Bán Căn Nhà PLô  Trung Kính Mạc Thái Tổ Yên Hòa  DT 55 M  34,9 TỶ","34,9 tỷ","Đường Trung Kính, Phường Yên Hòa, Quận Cầu Giấy, Hà Nội",55 m² (4.2x12.0),7 phòng,5 WC,7,Sổ đỏ,10-11-2025
BÁN NHÀ NGUYỄN VĂN HUYÊN – CẦU GIẤY – DIỆN TÍCH 67 M2 – 5 TẦNG/6 NGỦ -,"18,6 tỷ","Đường Nguyễn Văn Huyên, Phường Quan Hoa, Quận Cầu Giấy, Hà Nội",67 m²,6 phòng,5 WC,5,Sổ đỏ,09-11-2025
"BÁN NHÀ NGUYỄN KHÁNH TOÀN 68M2 - OTO ĐỖ CỬA - GIÁ 18,8 TỶ - 5 TẦNG","18,8 tỷ","Đường Nguyễn Khánh Toàn, Phường Quan Hoa, Quận Cầu Giấy, Hà Nội",68 m²,6 phòng,5 WC,5,Sổ đỏ,09-11-2025
Hàng Hiếm - Bán nhà Ngõ 68 Cầu giấy - 10M ra ô tô tránh - cực đẹp,"12,2 tỷ","Đường Cầu Giấy, Phường Quan Hoa, Quận Cầu Giấy, Hà Nội",35 m² (5.1x8.0),4 phòng,3 WC,5,Sổ đỏ,14-11-2025
"BÁN NHÀ PHÂN LÔ CÁN BỘ SỔ VUÔNG Ô TÔ VÀO NHÀ , PHỐ DƯƠNG KHUÊ, 15TỶ","15,5 tỷ","Đường Cầu Giấy, Phường Dịch Vọng, Quận Cầu Giấy, Hà Nội",45 m² (5.0x10.0),4 phòng,4 WC,5,Sổ hồng,14-11-2025
"Hiếm - 9,5 tỷ - Dương quảng hàm - Cầu giấy - 6 tầng - Thang máy -mt 8m","9,5 tỷ","Đường Dương Quảng Hàm, Phường Dịch Vọng Hậu, Quận Cầu Giấy, Hà Nội",40 m² (8.0x5.0),6 phòng,4 WC,6,Sổ đỏ,14-11-2025
"Bán nhà Nguyễn Khang, Lô Góc, 6 tầng, 69m, 5m mt, giá 25 tỷ",25 tỷ,"Đường Nguyễn Khang, Phường Yên Hòa, Quận Cầu Giấy, Hà Nội",69 m²,5 phòng,N/A,6,Sổ đỏ,14-11-2025
"Biệt Thự Căn Góc Vườn Hoa - Khu VIP Đường To, Vỉa Hè To - 270M2* 110ty",110 tỷ,"Đường Nguyễn Chánh, Phường Yên Hòa, Quận Cầu Giấy, Hà Nội",270 m²,5 phòng,5 WC,4,Sổ hồng,14-11-2025
"Bán nhanh  nhà Trần Duy Hưng, lô góc, 30m, 5 tầng, 4m MT, Gía 8,6 tỷ","8,6 tỷ","Đường Trần Duy Hưng, Phường Yên Hòa, Quận Cầu Giấy, Hà Nội",30 m²,3 phòng,N/A,4,Sổ đỏ,09-11-2025
"89 Lạc Long Quân - MẶT TIỀN KINH DOANH, NHÀ VEN HỒ, VIEW XANH MÁT",16 tỷ,"Đường Lạc Long Quân, Phường Nghĩa Đô, Quận Cầu Giấy, Hà Nội",40 m²,4 phòng,3 WC,N/A,Sổ đỏ,08-11-2025
"💥 Bán nhà NGUYỄN KHANG,ÔTÔ đỗ, công năng linh động,ở kết hợp giữ tiền",12 tỷ,"Đường Nguyễn Khang, Phường Yên Hòa, Quận Cầu Giấy, Hà Nội",55 m²,N/A,N/A,4,Sổ đỏ,13-11-2025
"BÁN NHÀ PHỐ TRẦN DUY HƯNG CẦU GIẤY. DT 40M, 5 TẦNG. GIÁ 13,4 TỈ","13,4 tỷ","Phường Trung Hòa, Quận Cầu Giấy, Hà Nội",40 m²,6 phòng,4 WC,5,Giấy tờ hợp lệ,09-11-2025
"Bán Nhanh Nhà Phố Yên Hoà,  thang máy, 35m, 7 tầng, 5m MT, Nhỉnh 11 tỷ",11 tỷ,"Đường Yên Hòa, Phường Yên Hòa, Quận Cầu Giấy, Hà Nội",35 m²,5 phòng,N/A,7,Sổ đỏ,13-11-2025
"Bán Tòa Văn Phòng Phố Trần Thái Tông, Xuân Thủy 9 Tầng 1 Hầm Lô Góc",298 tỷ,"Đường Xuân Thủy, Phường Dịch Vọng Hậu, Quận Cầu Giấy, Hà Nội",300 m²,3 phòng,10 WC,9,Sổ đỏ,08-11-2025
"Nhà Trần Duy Hưng, 45m x6T-MT 5M-KD-Ở Luôn-Ngõ Thông-Gara Ô Tô-Sầm Uất","22,5 tỷ","Đường Trần Duy Hưng, Phường Trung Hòa, Quận Cầu Giấy, Hà Nội",45 m²,N/A,N/A,6,Sổ đỏ,24-10-2025
"Siêu Phẩm Phân lô Trần Duy Hưng, Thang máy, 49 m, 6 tầng, giá 16,5 tỷ","16,5 tỷ","Đường Trần Duy Hưng, Phường Yên Hòa, Quận Cầu Giấy, Hà Nội",49 m²,8 phòng,N/A,6,Sổ đỏ,12-11-2025
"GẤP - Nhà Ngõ 79 Cầu Giấy - 40M - 4 tầng - MT 3,5M - lô góc - 11.5 tỷ","11,5 tỷ","Đường Cầu Giấy, Phường Quan Hoa, Quận Cầu Giấy, Hà Nội",40 m² (4.0x10.0),5 phòng,3 WC,4,Sổ đỏ,12-11-2025
"Bán gấp nhà  Yên Hoà ở ngay, 30m ra MP 50m2,MT 4.5m, giá 12,9 tỷ","12,9 tỷ","Đường Yên Hòa, Phường Yên Hòa, Quận Cầu Giấy, Hà Nội",50 m²,4 phòng,N/A,2,Sổ đỏ,07-11-2025
"Siêu phẩm  Trung Kính, gara oto, 74m, 6 tầng, 4,5m MT, GIÁ 22,8 tỷ","22,8 tỷ","Phường Trung Hòa, Quận Cầu Giấy, Hà Nội",74 m²,6 phòng,N/A,6,Sổ đỏ,12-11-2025
"Bán Nhanh - Nhà Ngõ 79 Cầu Giấy - hà nội - 50M - 5 Tầng - Mt 4,5M",13 tỷ,"Phường Quan Hoa, Quận Cầu Giấy, Hà Nội",50 m² (4.5x11.0),5 phòng,4 WC,5,Sổ đỏ,12-11-2025
"Tôi cần bán nhà mặt ngõ Trần Duy Hưng, 6tầng thang máy full nội thất","17,79 tỷ","Phường Trung Hòa, Quận Cầu Giấy, Hà Nội",45 m²,4 phòng,6 WC,6,Giấy tờ hợp lệ,08-11-2025
BÁN ĐẤT TẶNG NHÀ CẦU GIẤY_60M_CÓ 7P KK_DÂN XÂY_NGÕ THÔNG_20M RA OTO,"14,5 tỷ","Phường Dịch Vọng, Quận Cầu Giấy, Hà Nội",60 m²,7 phòng,7 WC,44,Giấy tờ hợp lệ,08-11-2025
Bán Gấp - Nhà Ngõ 175 Lạc long quân - Cầu giấy - Hà nội,"17,9 tỷ","Đường Lạc Long Quân, Phường Nghĩa Đô, Quận Cầu Giấy, Hà Nội",55 m² (4.2x11.0),5 phòng,4 WC,5,Sổ đỏ,12-11-2025
BÁN NHÀ – NGUYỄN KHANG -CẦU GIẤY 44m2 – Gần Phố - NHỈNH 11 TỶ.,"11,5 tỷ","Đường Nguyễn Khang, Phường Yên Hòa, Quận Cầu Giấy, Hà Nội",44 m² (3.9x11.3),6 phòng,4 WC,5,Sổ đỏ,07-11-2025
"Nhà Nguyễn Ngọc Vũ, 90m-MT 7M-Ngõ thông-Kinh Doanh-Ở-Sổ Đẹp-Xây CCMN","19,2 tỷ","Đường Nguyễn Ngọc Vũ, Phường Trung Hòa, Quận Cầu Giấy, Hà Nội",90 m²,N/A,N/A,N/A,Sổ đỏ,23-10-2025
"Nhà Nguyễn Ngọc Vũ, 133m x3T-MT 7M-Kinh Doanh-Ở-Ngõ Thông-Ô Tô Tránh",45 tỷ,"Đường Nguyễn Ngọc Vũ, Phường Trung Hòa, Quận Cầu Giấy, Hà Nội",133 m²,N/A,N/A,3,Sổ đỏ,23-10-2025
"Nhà Nguyễn Ngọc Vũ, 72m x3T-MT Đẹp-KD-Ở-2 Thoáng-Ngõ Thông-Gara Ô Tô",15 tỷ,"Đường Nguyễn Ngọc Vũ, Phường Trung Hòa, Quận Cầu Giấy, Hà Nội",72 m²,N/A,N/A,3,Sổ đỏ,23-10-2025
"Bán gấp ngay nhà phố Cầu Giấy, phân lô ô tô đỗ, lô góc MT 8m, giá nhỉn","14,2 tỷ","Đường Cầu Giấy, Phường Nghĩa Đô, Quận Cầu Giấy, Hà Nội",36 m² (5.0x8.0),5 phòng,4 WC,6,Sổ hồng,11-11-2025
"Bán gấp nhà Xuân thủy, Cầu giấy thang máy gần ngõ ô tô giá nhỉnh 12tỷ","12,5 tỷ","Phường Dịch Vọng, Quận Cầu Giấy, Hà Nội",38 m² (4.0x9.0),6 phòng,5 WC,6,Sổ hồng,11-11-2025
"Bán nhà Nguyễn Văn Huyên Cầu Giấy 38m² 6 tầng thang máy mới giá 9,5 t","9,5 tỷ","Đường Nguyễn Văn Huyên, Phường Quan Hoa, Quận Cầu Giấy, Hà Nội",38 m²,4 phòng,6 WC,6,Sổ đỏ,11-11-2025
"Bán nhà phố Hoàng Quốc Việt Cầu Giấy Hà Nội, ngõ phân lô ô tô tránh","18,5 tỷ","Đường Hoàng Quốc Việt, Phường Nghĩa Đô, Quận Cầu Giấy, Hà Nội",37 m²,N/A,N/A,7,Sổ đỏ,11-11-2025
Nguyễn Khánh Toàn – Cầu Giấy Ô tô – 65 m2 -5 Tầng – Mặt Tiền 9.9 m,"18,6 tỷ","Đường Nguyễn Khánh Toàn, Phường Nghĩa Đô, Quận Cầu Giấy, Hà Nội",65 m² (9.9x7.0),16 phòng,8 WC,5,Sổ đỏ,11-11-2025
"Bán nhà LƯU QUANG VŨ  DT 50M2, 6 TẦNG",32 tỷ,"Đường Lưu Quang Vũ, Phường Trung Hòa, Quận Cầu Giấy, Hà Nội",50 m²,6 phòng,5 WC,6,Sổ đỏ,11-11-2025
"PHÂN LÔ TRUNG KÍNH, MẠC THÁI TỔ, 50M 7T THANG MÁY – NỘI THẤT SANG, SỊN","22,5 tỷ","Đường Trung Kính, Phường Yên Hòa, Quận Cầu Giấy, Hà Nội",50 m² (4.2x12.8),3 phòng,5 WC,7,Sổ đỏ,11-11-2025
"Bán nhà 48 m2x5 tầng, số 9 ngách 3 ngõ 41 Trần Duy Hưng, MT 4m","15,6 tỷ","Đường Trần Duy Hưng, Phường Trung Hòa, Quận Cầu Giấy, Hà Nội",48 m²,N/A,N/A,5,Sổ đỏ,11-11-2025
NHÀ ĐẸP LẠC LONG QUÂN – HỘ KHẨU CẦU GIẤY – NGÕ BA GÁC – NỞ HẬU,"8,2 tỷ","Phường Nghĩa Đô, Quận Cầu Giấy, Hà Nội",27 m²,5 phòng,3 WC,4,Giấy tờ hợp lệ,07-11-2025
NHÀ ĐẸP – 2 MẶT THOÁNG VĨNH VIỄN – 15M RA Ô TÔ – 50M RA PHỐ XUÂN THUỶ,"8,9 tỷ","Phường Dịch Vọng Hậu, Quận Cầu Giấy, Hà Nội",30 m²,3 phòng,4 WC,6,Giấy tờ hợp lệ,07-11-2025
"NHÀ CẦU GIẤY-30M2-5 TẦNG- 3 NGỦ GẦN NGÕ Ô TÔ-NGÕ BA GÁC-7,8 TỶ.","7,8 tỷ","Phường Quan Hoa, Quận Cầu Giấy, Hà Nội",30 m²,3 phòng,N/A,N/A,Giấy tờ hợp lệ,07-11-2025
NHÀ NGÕ QUẬN ỦY – CẦU GIẤY – 5 TẦNG – 2 MẶT THOÁNG – ĐANG CHO THUÊ TỐT,"8,25 tỷ","Phường Quan Hoa, Quận Cầu Giấy, Hà Nội",30 m²,3 phòng,4 WC,5,Giấy tờ hợp lệ,07-11-2025
"Nhà Hoàng Quốc Việt, 58m x7T-MT 4.5M-2 Thoáng-Ở-KD-Ô Tô Tránh-Nhà mới","29,8 tỷ","Đường Hoàng Quốc Việt, Phường Nghĩa Tân, Quận Cầu Giấy, Hà Nội",58 m²,N/A,N/A,7,Sổ đỏ,22-10-2025
"Nhà Hoàng Quốc Việt, 60m x6T-MT 5.1M-2 Mặt Ngõ-Ở-KD-Gara Ô Tô-Nhà Mới","26,5 tỷ","Đường Hoàng Quốc Việt, Phường Nghĩa Tân, Quận Cầu Giấy, Hà Nội",60 m²,N/A,N/A,7,Sổ đỏ,22-10-2025
"Bán Gấp Lô Vip Trung Kính, gara oto, 100m, 6 tầng, 12,5m MT, Gía 33 tỷ",33 tỷ,"Đường Trung Kính, Phường Yên Hòa, Quận Cầu Giấy, Hà Nội",100 m²,4 phòng,N/A,N/A,Sổ đỏ,10-11-2025
Bán Nhà Phố Tú Mỡ - Cầu Giấy - 83m2 x 8m MT - 30m Ra Phố KD - 21.9 Tỷ,"21,99 tỷ","Đường Tú Mỡ, Phường Trung Hòa, Quận Cầu Giấy, Hà Nội",83 m²,5 phòng,5 WC,4,Sổ hồng,10-11-2025
HOÀNG QUỐC VIỆT - NGHĨA ĐÔ - CẦU GIẤY - 80M - 7 TẦNG - 3 MT - KD ĐỈNH,"30,5 tỷ","Đường Hoàng Quốc Việt, Phường Nghĩa Đô, Quận Cầu Giấy, Hà Nội",80 m² (8.5x10.0),10 phòng,7 WC,7,Sổ đỏ,10-11-2025
CẦN BÁN GẤP NHÀ PHẠM VĂN ĐỒNG - CẦU GIẤY,"11,5 tỷ","Phường Mai Dịch, Quận Cầu Giấy, Hà Nội",35 m²,3 phòng,3 WC,6,Giấy tờ hợp lệ,06-11-2025
NHÀ CẦU GIẤY – NGÕ THÔNG – 10M RA Ô TÔ TRÁNH,"6,1 tỷ","Phường Dịch Vọng, Quận Cầu Giấy, Hà Nội",21 m²,3 phòng,4 WC,4,Giấy tờ hợp lệ,06-11-2025
BÁN NHÀ ĐẸP – LÔ GÓC 3 THOÁNG – Ô TÔ ĐỖ CỬA  – CẦU GIẤY,"15,6 tỷ","Phường Dịch Vọng Hậu, Quận Cầu Giấy, Hà Nội",42 m²,5 phòng,5 WC,4,Giấy tờ hợp lệ,06-11-2025
Bán nhà dân xây 4t - Quan Hoa - Nguyễn Khánh Toàn 6.1ty,"6,1 tỷ","Phường Quan Hoa, Quận Cầu Giấy, Hà Nội",25 m²,3 phòng,3 WC,4,Giấy tờ hợp lệ,06-11-2025
"CHỈ 11,6TỶ PHẠM VĂN ĐỒNG CẦU GIẤY 35m GẦN PHỐ NGÕ THÔNG THANG MÁY","11,6 tỷ","Phường Mai Dịch, Quận Cầu Giấy, Hà Nội",35 m²,3 phòng,N/A,6,Giấy tờ hợp lệ,06-11-2025
NHÀ MỚI ĐẸP DƯƠNG QUẢNG HÀM - CỰC THOÁNG- ÔTÔ VÀO NHÀ-VỊ TRÍ KIM CƯƠNG,"18,5 tỷ","Phường Quan Hoa, Quận Cầu Giấy, Hà Nội",55 m² (5.0x11.0),4 phòng,5 WC,6,Giấy tờ hợp lệ,06-11-2025
Tôi cần bán nhà 5tầng mặt phố Hoa Bằng Cầu Giấy.,"24,86 tỷ","Phường Yên Hòa, Quận Cầu Giấy, Hà Nội",61 m²,4 phòng,5 WC,5,Giấy tờ hợp lệ,06-11-2025
PHỐ DOÃN KẾ THIỆN - 8 TẦNG XÂY MỚI THANG MÁY–4 Ô TÔ TRÁNH–VỈA HÈ RỘNG,"42,5 tỷ","Phường Mai Dịch, Quận Cầu Giấy, Hà Nội",80 m² (5.5x14.5),10 phòng,7 WC,8,Giấy tờ hợp lệ,06-11-2025
Tôi cần bán nhà 4tầng mặt ngõ Hoàng Quốc Việt ô tô chánh đỗ.,"15,6 tỷ","Phường Nghĩa Đô, Quận Cầu Giấy, Hà Nội",41 m²,4 phòng,4 WC,4,Giấy tờ hợp lệ,06-11-2025
"Bán nhà Võ Chí Công, 7 tầng thang máy, ngõ thông, ô tô đỗ cửa","27,5 tỷ","Đường Võ Chí Công, Phường Nghĩa Đô, Quận Cầu Giấy, Hà Nội",97 m²,N/A,N/A,7,Sổ đỏ,05-11-2025
"Bán nhà Hoàng Quốc Việt đường vào to như phố, DT 85m2, 5t, mt 5.9m.","33,3 tỷ","Đường Hoàng Quốc Việt, Phường Nghĩa Đô, Quận Cầu Giấy, Hà Nội",85 m² (5.9x14.4),5 phòng,4 WC,5,Sổ hồng,05-11-2025
"Bán nhà mặt phố Hoàng Quốc Việt Việt, P Nghĩa Đô 100m2, 9 tầng, MT 6m",50 tỷ,"Đường Hoàng Quốc Việt, Phường Nghĩa Đô, Quận Cầu Giấy, Hà Nội",100 m² (6.0x17.0),8 phòng,N/A,9,Sổ đỏ,09-11-2025
"Bán nhà phân lô phố Trung Kính, 80m2, 5 tầng, MT5m, ô tô, kính doanh.",30 tỷ,"Đường Trung Kính, Phường Yên Hòa, Quận Cầu Giấy, Hà Nội",80 m² (5.0x16.0),6 phòng,N/A,5,Sổ đỏ,09-11-2025
Phố Xuân Thuỷ - Cầu Giấy – 218 M2 – 4 Tầng -MT 14 M – Giá 38.3 Tỷ.,"38,3 tỷ","Đường Xuân Thủy, Phường Dịch Vọng, Quận Cầu Giấy, Hà Nội",218 m² (14.0x15.5),5 phòng,5 WC,4,Sổ đỏ,09-11-2025
"Hạ sâu! 7 tầng thang máy Hoàng Quốc Việt, tầm nhìn mới, đẳng cấp 5*","28,79 tỷ","89, Đường Hoàng Quốc Việt, Phường Nghĩa Đô, Quận Cầu Giấy, Hà Nội",65 m²,6 phòng,N/A,7,Sổ đỏ,04-11-2025
"Nhà quận Cầu Giấy, ô tô tránh, 3 thoáng, 6 tầng, thang máy, 13.5 tỷ","13,5 tỷ","Phường Nghĩa Đô, Quận Cầu Giấy, Hà Nội",40 m²,4 phòng,5 WC,6,Giấy tờ hợp lệ,05-11-2025
PHÂN LÔ NGUYỄN VĂN HUYÊN - Ô TÔ - KD - THANG MÁY 13tỷ,13 tỷ,"Phường Nghĩa Đô, Quận Cầu Giấy, Hà Nội",40 m²,4 phòng,5 WC,6,Giấy tờ hợp lệ,05-11-2025
Bán nhà phố Nguyễn Quốc Trị  - Vỉa Hè 3 Ô Tô Tránh - 140m2 - 54 Tỷ.,54 tỷ,"Đường Nguyễn Quốc Trị, Phường Trung Hòa, Quận Cầu Giấy, Hà Nội",140 m²,4 phòng,4 WC,4,Sổ hồng,08-11-2025
Chính Chủ Bán Đất Tặng Nhà 4 tầng Cầu Giấy . Giá 14.5tỷ,"14,5 tỷ","Đường Cầu Giấy, Phường Quan Hoa, Quận Cầu Giấy, Hà Nội",60 m²,7 phòng,4 WC,4,Sổ đỏ,08-11-2025
"Chính chủ cần bán nhà số 20/1/643 Phạm Văn Đồng, phường Nghĩa Đô, ô ô,","11,2 tỷ","20/1/643, Đường Phạm Văn Đồng, Phường Nghĩa Đô, Quận Cầu Giấy, Hà Nội",61 m²,3 phòng,2 WC,2,Sổ đỏ,08-11-2025
PHÂN LÔ_HỒ TÙNG MẠUA_5 TẦNG DÂN XÂY_Ô TÔ TRÁNH_NGAY ĐH THƯƠNG MẠI,"8,4 tỷ","Phường Mai Dịch, Quận Cầu Giấy, Hà Nội",30 m²,3 phòng,4 WC,5,Giấy tờ hợp lệ,04-11-2025
NHÀ MỚI TRUNG TÂM BA ĐÌNH - 35M2 - 6 TẦNG CÓ THANG MÁY - NỞ HẬU,"11,6 tỷ","Phường Mai Dịch, Quận Cầu Giấy, Hà Nội",35 m²,4 phòng,N/A,6,Giấy tờ hợp lệ,04-11-2025
BÁN NHÀ VÕ CHÍ CÔNG – 5T THANG MÁY – 50M RA MẶT PHỐ – CHỈ 8.9 TỶ,"8,9 tỷ","Phường Nghĩa Đô, Quận Cầu Giấy, Hà Nội",35 m²,3 phòng,4 WC,5,Giấy tờ hợp lệ,04-11-2025
TRẦN THÁI TÔNG – 6 TẦNG – 2 THOÁNG – CHỈ 8.9 TỶ – CẦU GIẤY,"8,9 tỷ","Phường Dịch Vọng Hậu, Quận Cầu Giấy, Hà Nội",30 m²,3 phòng,3 WC,6,Giấy tờ hợp lệ,04-11-2025
"🏡☘️ Bán nhà Hoàng Quốc Việt, Cầu Giấy 7 tầng thang máy, gara ôtô, 65m","27,9 tỷ","Phường Nghĩa Tân, Quận Cầu Giấy, Hà Nội",65 m²,4 phòng,5 WC,7,Giấy tờ hợp lệ,04-11-2025
BÁN BIỆT THƯ Ở CẦU GIẤY - DIỆN TÍCH 222M2 THỔ CƯ - NGÕ RỘNG THOÁNG,"38,5 tỷ","Phường Dịch Vọng Hậu, Quận Cầu Giấy, Hà Nội",222 m²,4 phòng,4 WC,4,Giấy tờ hợp lệ,03-11-2025
Bán nhà phân lô ngõ 175 Xuân Thủy - cầu giấy,44 tỷ,"175, Đường Xuân Thủy, Phường Dịch Vọng Hậu, Quận Cầu Giấy, Hà Nội",270 m² (16.0x26.0),N/A,N/A,N/A,Sổ đỏ,18-10-2025
Chính Chủ Bán Toà Nhà VP 9 Tầng Mặt Phố Quận Cầu Giấy,110 tỷ,"Phường Quan Hoa, Quận Cầu Giấy, Hà Nội",150 m²,11 phòng,10 WC,9,Sổ đỏ,07-11-2025
 Nội",41 m²,6 phòng,6 WC,77,Sổ hồng,07-11-2025
NHÀ PHÂN LÔ 2 MẶT NGÕ – OTO VÀO NHÀ – 76 M2 x 5 TẦNG – HOÀNG QUỐC VIỆT,"21,9 tỷ","Đường Hoàng Quốc Việt, Phường Nghĩa Đô, Quận Cầu Giấy, Hà Nội",76 m²,5 phòng,4 WC,5,Sổ đỏ,10-11-2025
"Cầu giấy - 50M - 6 Tầng - Ô Tô - kinh doanh - Chỉ 15,8 tỷ","15,8 tỷ","Đường Cầu Giấy, Phường Quan Hoa, Quận Cầu Giấy, Hà Nội",50 m² (3.6x14.0),5 phòng,4 WC,6,Sổ đỏ,07-11-2025
HIẾM - HOÀNG QUỐC VIỆT - NGUYỄN VĂN HUYÊN- 70M - 5 TẦNG - MT 5M,23 tỷ,"Đường Hoàng Quốc Việt, Phường Nghĩa Đô, Quận Cầu Giấy, Hà Nội",70 m² (5.0x14.0),9 phòng,8 WC,5,Sổ đỏ,07-11-2025
Nhà dòng tiền-căn hộ cho thuê  74mx  thang máy Trung kính 20.5 tỷ,"20,5 tỷ","Phường Yên Hòa, Quận Cầu Giấy, Hà Nội",74 m² (6.0x12.0),10 phòng,7 WC,66,Giấy tờ hợp lệ,03-11-2025
"Bán nhà đường Cầu Giấy, Dân xây mặt tiền rộng thoáng sáng nội thất đẹp",15 tỷ,"Phường Dịch Vọng, Quận Cầu Giấy, Hà Nội",58 m² (6.0x10.0),5 phòng,N/A,5,Giấy tờ hợp lệ,03-11-2025
"Bán nhà phân lô mặt ngõ đường Cầu Giấy dt 100m², mặt tiền 6,6m giá 308",Thỏa thuận,"26, Đường Cầu Giấy, Phường Quan Hoa, Quận Cầu Giấy, Hà Nội",100 m² (6.0x16.0),5 phòng,4 WC,5,Sổ hồng,02-11-2025
Tôi cần bán nhà Trần Quốc Hoàn 4tầng mặt ngõ ô tô chánh đỗ kinh doanh,"19,89 tỷ","Phường Dịch Vọng Hậu, Quận Cầu Giấy, Hà Nội",52.6 m²,4 phòng,4 WC,4,Giấy tờ hợp lệ,03-11-2025
Siêu phẩm mặt phố Dương Khuê - kinh doanh đỉnh - 46m2x5 tầng 25.5tỷ,"25,5 tỷ","Phường Mai Dịch, Quận Cầu Giấy, Hà Nội",46 m² (4.2x11.0),5 phòng,N/A,N/A,Giấy tờ hợp lệ,03-11-2025
Tậu nhà Mặt ngõ oto tránh-ngõ thôngTrung Kính 57mx6T KD đa dạng-22.5tỷ,"22,5 tỷ","Phường Yên Hòa, Quận Cầu Giấy, Hà Nội",57 m² (4.0x14.0),5 phòng,5 WC,5,Giấy tờ hợp lệ,03-11-2025
BÁN NHÀ CẦU GIẤY - NHÀ MỚI - NGÕ THÔNG - OTO VỈA HÈ - NỘI THẤT CAO CẤP,"21,7 tỷ","Phường Dịch Vọng Hậu, Quận Cầu Giấy, Hà Nội",40 m²,3 phòng,5 WC,7,Giấy tờ hợp lệ,02-11-2025
BÁN NHÀ CẦU GIẤY - CĂN HỘ DỊCH VỤ - DÒNG TIỀN KHỦNG,"23,5 tỷ","Phường Dịch Vọng, Quận Cầu Giấy, Hà Nội",77 m²,11 phòng,7 WC,6,Giấy tờ hợp lệ,02-11-2025
"MẶT PHỐ GẦN NGÃ 3 KHÚC THỪA DỤ, CẦU GIẤY, 5T THANG MÁY, LÔ GÓC. 70M","48,9 tỷ","Đường Cầu Giấy, Phường Dịch Vọng, Quận Cầu Giấy, Hà Nội",70 m² (5.0x14.0),5 phòng,5 WC,5,Sổ đỏ,06-11-2025
"Bán nhà Võ Chí Công. 1 nhà ra ô tô, vài bước ra mặt đường. 65m- 13 tỷ",13 tỷ,"Đường Võ Chí Công, Phường Nghĩa Đô, Quận Cầu Giấy, Hà Nội",65 m² (6.0x11.0),3 phòng,2 WC,3,Sổ hồng,06-11-2025
CỰC HIẾM - NHÀ CẦU GIẤY - MẶT NGÕ Ô TÔ - 50M - 6 TẦNG - KD ĐỈNH,"15,8 tỷ","Đường Cầu Giấy, Phường Quan Hoa, Quận Cầu Giấy, Hà Nội",50 m² (3.5x15.0),5 phòng,3 WC,6,Sổ đỏ,06-11-2025
BÁN BIỆT THỰ CẦU GIẤY  – FULL THỔ CƯ – CHIA LÔ XÂY TÒA ĐẲNG CẤP,"38,5 tỷ","Phường Dịch Vọng Hậu, Quận Cầu Giấy, Hà Nội",222 m²,4 phòng,4 WC,4,Giấy tờ hợp lệ,02-11-2025
BÁN NHÀ LẠC LONG QUÂN – CĂN GÓC 3 MẶT THOÁNG – GẦN HỒ TÂY,"11,9 tỷ","Phường Nghĩa Đô, Quận Cầu Giấy, Hà Nội",39 m²,5 phòng,4 WC,5,Giấy tờ hợp lệ,02-11-2025
BÁN NHÀ CẦU GIẤY - GẦN PHỐ - 30M RA OTO TRÁNH,"11,9 tỷ","Phường Nghĩa Đô, Quận Cầu Giấy, Hà Nội",39 m²,5 phòng,4 WC,6,Giấy tờ hợp lệ,02-11-2025
BÁN NHÀ CẦU GIẤY - NHÀ MẶT PHỐ - VỊ TRÍ VÀNG - KINH DOANH ĐỈNH,"29,8 tỷ","Phường Dịch Vọng, Quận Cầu Giấy, Hà Nội",40 m²,5 phòng,5 WC,5,Giấy tờ hợp lệ,02-11-2025
BÁN NHÀ CẦU GIẤY - BIỆT THỰ SÂN VƯỜN - NHÀ ĐẸP RỰC RỠ - CƠ HỘI ĐẦU TƯ,"38,5 tỷ","Phường Dịch Vọng Hậu, Quận Cầu Giấy, Hà Nội",222 m²,4 phòng,4 WC,4,Giấy tờ hợp lệ,02-11-2025
BÁN CCMN DÒNG TIỀN - DOANH THU KHỦNG - 3 GÁC ĐỖ CỬA,"40,5 tỷ","Phường Quan Hoa, Quận Cầu Giấy, Hà Nội",126 m²,11 phòng,7 WC,7,Giấy tờ hợp lệ,02-11-2025
"Nhà đẹp đón Tết - Cạnh Hoàng Quốc Việt - 40m2,6 tầng thang máy 11.4tỷ","11,4 tỷ","Phường Dịch Vọng Hậu, Quận Cầu Giấy, Hà Nội",40 m²,5 phòng,4 WC,6,Giấy tờ hợp lệ,02-11-2025
"CẦN TIỀN BÁN GẤP NHÀ NGÕ 78 VÕ CHÍ CÔNG GIÁ 8,9 TỶ DT 35M NHÀ MỚI","8,9 tỷ","Phường Nghĩa Đô, Quận Cầu Giấy, Hà Nội",35 m² (4.2x8.5),4 phòng,5 WC,5,Giấy tờ hợp lệ,02-11-2025
"NHÀ MẶT NGÕ THÔNG, GARA ÔTÔ - KINH DOANH - THANG MÁY, CẠNH HỒ ĐIỀU HÒA",16 tỷ,"Phường Nghĩa Đô, Quận Cầu Giấy, Hà Nội",35 m²,4 phòng,5 WC,6,Giấy tờ hợp lệ,02-11-2025
BÁN NHÀ LẠC LONG QUÂN – 39M – 5 TẦNG – CẦU GIẤY – CHỈ 11.9 TỶ,"11,9 tỷ","Phường Nghĩa Đô, Quận Cầu Giấy, Hà Nội",39 m²,5 phòng,4 WC,5,Giấy tờ hợp lệ,02-11-2025
"TÒA CHUNG CƯ MINI, TRẦN CUNG, PHƯỜNG NGHĨA ĐÔ,  HÀ NỘI","18,8 tỷ","Phường Nghĩa Đô, Quận Cầu Giấy, Hà Nội",70 m² (5.0x14.0),11 phòng,7 WC,N/A,Giấy tờ hợp lệ,01-11-2025
Tôi cần bán nhà 7tầng thang máy full nội thất mặt ngõ ô tô chánh đỗ,"25,45 tỷ","Phường Nghĩa Tân, Quận Cầu Giấy, Hà Nội",52 m²,8 phòng,7 WC,7,Giấy tờ hợp lệ,02-11-2025
"Bán Nhà Mặt Phố Kinh Doanh Trần Tử Bình 76/90m, 9 tầng, mt 4m, 64.8 tỷ","64,8 tỷ","Đường Trần Tử Bình, Phường Nghĩa Tân, Quận Cầu Giấy, Hà Nội",76 m² (4.0x19.0),6 phòng,4 WC,9,Sổ đỏ,01-11-2025
"Hoàng Quốc Việt, Cầu Giấy 2 mặt tiền, 85M, 4T, 35 tỷ",35 tỷ,"Đường Hoàng Quốc Việt, Phường Nghĩa Đô, Quận Cầu Giấy, Hà Nội",85 m² (6.0x12.0),6 phòng,5 WC,4,Sổ đỏ,01-11-2025
"Trần Quốc Vượng- Dịch Vọng Hậu- Cầu Giấy- 130M, 10T, 86 tỷ","86,9 tỷ","Đường Trần quốc vượng, Phường Dịch Vọng Hậu, Quận Cầu Giấy, Hà Nội",131 m² (6.1x22.0),9 phòng,9 WC,9,Sổ đỏ,01-11-2025
"Bán nhà đẹp ở ngay Nguyễn Khang, 10m ra oto, 30m, 5 tầng, giá 8,9 tỷ","8,9 tỷ","Đường Nguyễn Khang, Phường Trung Hòa, Quận Cầu Giấy, Hà Nội",30 m²,3 phòng,N/A,5,Sổ đỏ,12-11-2025
"BÁN GẤP NHÀ Ô TÔ , CẦU GIẤY, LẠC LONG QUÂN,  SỔ VUÔNG , GIÁ 10.4 tỷ","10,4 tỷ","Phường Nghĩa Đô, Quận Cầu Giấy, Hà Nội",36 m² (4.5x9.0),4 phòng,5 WC,N/A,Sổ hồng,05-11-2025
HIẾM - NGUYỄN VĂN HUYÊN - CẦU GIẤY - 40M - 6 TẦNG - THANG MÁY - Ô TÔ,"13,5 tỷ","Đường Nguyễn Văn Huyên, Phường Nghĩa Đô, Quận Cầu Giấy, Hà Nội",40 m² (4.0x10.0),5 phòng,6 WC,6,Sổ đỏ,05-11-2025
"Hoàng Quốc Việt - 58m x 5 Ngủ x MT rộng - LÔ GÓC, Ô TÔ, KINH DOANH","16,99 tỷ","Đường Hoàng Quốc Việt, Phường Nghĩa Tân, Quận Cầu Giấy, Hà Nội",58 m²,5 phòng,5 WC,N/A,Sổ đỏ,05-11-2025
SIÊU PHẨM MẶT PHỐ NGUYỄN KHẢ TRẠC - OTO TRÁNH - PHÂN LÔ - KINH DOANH,24 tỷ,"Phường Mai Dịch, Quận Cầu Giấy, Hà Nội",58 m² (4.4x13.0),6 phòng,N/A,5,Giấy tờ hợp lệ,01-11-2025
"CHỦ CẦN BÁN GẤP NHÀ PHỐ QUAN HOA 50M GIÁ 11,5 TỶ CÓ THƯƠNG LƯỢNG","11,5 tỷ","Phường Quan Hoa, Quận Cầu Giấy, Hà Nội",47 m² (4.5x11.0),10 phòng,7 WC,6,Giấy tờ hợp lệ,01-11-2025
🏡 NHÀ ĐẸP TRUNG TÂM CẦU GIẤY –35m2 XÂY MỚI 5 TẦNG CHỈ 8 TỶ,8 tỷ,"Phường Mai Dịch, Quận Cầu Giấy, Hà Nội",35 m²,3 phòng,N/A,5,Giấy tờ hợp lệ,01-11-2025
"Mặt ngõ thông, ôtô vào nhà, 20m nhà ra phố, DT45m, 6 tầng thang máy","18,6 tỷ","Phường Nghĩa Đô, Quận Cầu Giấy, Hà Nội",45 m²,3 phòng,N/A,6,Giấy tờ hợp lệ,01-11-2025
"PHÂN LÔ, GARA ÔTÔ- 7 TẦNG THANG MÁY- 13 PHÒNG NGỦ KHÉP KÍN- KINH DOANH","26,5 tỷ","Phường Nghĩa Đô, Quận Cầu Giấy, Hà Nội",52 m²,11 phòng,7 WC,7,Giấy tờ hợp lệ,01-11-2025
BÁN NHÀ DOÃN KẾ THIỆN - CĂN NHÀ CỰC SANG TRỌNG - OTO NGỦ TRONG NHÀ,26 tỷ,"Phường Mai Dịch, Quận Cầu Giấy, Hà Nội",55 m² (4.8x11.0),4 phòng,N/A,8,Giấy tờ hợp lệ,01-11-2025
🌺ĐẲNG CẤP - SANG TRỌNG - HIỆN ĐẠI - ĐẸP TỪNG CM  🌺,26 tỷ,"Phường Mai Dịch, Quận Cầu Giấy, Hà Nội",55 m²,4 phòng,6 WC,N/A,Giấy tờ hợp lệ,01-11-2025
"CẦU GIẤY, 6 TẦNG, GARA ÔTÔ 7 CHỖ, KINH DOANH","21,3 tỷ","Phường Yên Hòa, Quận Cầu Giấy, Hà Nội",55 m²,N/A,N/A,6,Sổ đỏ,30-10-2025
"Bán Nhà Đẹp - Hoàng Quốc Việt chính chủ, giao dịch ngay",10 tỷ,"Đường Hoàng Quốc Việt, Phường Nghĩa Đô, Quận Cầu Giấy, Hà Nội",31 m² (6.0x5.2),4 phòng,5 WC,6,Sổ đỏ,11-11-2025
ĐỈNH - HOÀNG QUỐC VIỆT - NGHĨA TÂN - CẦU GIẤY - HÀ NỘI,"28,8 tỷ","Đường Hoàng Quốc Việt, Phường Dịch Vọng, Quận Cầu Giấy, Hà Nội",65 m² (4.5x15.0),6 phòng,6 WC,7,Sổ đỏ,04-11-2025
"Bán nhà phân lô phùng chí kiên Cầu Giấy, Hà Nội 72m2 xây 4,5tầng giá 2","21,8 tỷ","5, Đường Phùng Chí Kiên, Phường Nghĩa Đô, Quận Cầu Giấy, Hà Nội",72 m² (5.0x14.0),5 phòng,5 WC,5,Sổ hồng,30-10-2025
CỰC RẺ - PHÙNG CHÍ KIÊN - CẦU GIẤY - 85M - 5 Tầng,24 tỷ,"Phường Nghĩa Đô, Quận Cầu Giấy, Hà Nội",85 m² (4.5x18.0),7 phòng,6 WC,6,Sổ đỏ,04-11-2025
"Chính chủ bán nhà 4T DT 60m² ngõ 132 Cầu Giấy, cho thuê 35tr/tháng",15 tỷ,"Phường Quan Hoa, Quận Cầu Giấy, Hà Nội",60 m² (6.0x10.0),7 phòng,7 WC,4,Giấy tờ hợp lệ,31-10-2025
Cc Bán nhà Phố Quan Hoa_40m 6 Tầng _Ngõ Ô tô 15M_2 Thoáng_Full Nội Thấ,"9,3 tỷ","Phường Nghĩa Đô, Quận Cầu Giấy, Hà Nội",40 m²,3 phòng,4 WC,6,Giấy tờ hợp lệ,31-10-2025
BÁN NHÀ CẦU GIẤY - MẶT PHỐ - KINH DOANH - THANG MÁY - OTO TRÁNH,"29,8 tỷ","Phường Dịch Vọng, Quận Cầu Giấy, Hà Nội",40 m²,4 phòng,4 WC,5,Giấy tờ hợp lệ,31-10-2025
BÁN CCMN CẦU GIẤY – THANG MÁY – FULL NỘI THẤT – DÒNG TIỀN 50TR/THÁNG,21 tỷ,"Phường Yên Hòa, Quận Cầu Giấy, Hà Nội",75 m²,10 phòng,7 WC,7,Giấy tờ hợp lệ,31-10-2025
BÁN NHÀ LẠC LONG QUÂN –TRUNG TÂM TÂY HỒ– NGÕ BA GÁC – KINH DOANH ĐỈNH,"13,5 tỷ","Phường Nghĩa Đô, Quận Cầu Giấy, Hà Nội",50 m²,1 phòng,1 WC,1,Giấy tờ hợp lệ,31-10-2025
BÁN NHÀ LẠC LONG QUÂN  – VÀI BƯỚC LÀ RA HỒ TÂY – KINH DOANH ĐỈNH,32 tỷ,"Phường Nghĩa Đô, Quận Cầu Giấy, Hà Nội",45 m²,1 phòng,1 WC,1,Giấy tờ hợp lệ,31-10-2025
"Gara ôtô, thang máy, đường Lạc Long Quân, DT 52m2, 6 tầng, 7P. Ngủ","18,5 tỷ","Phường Nghĩa Đô, Quận Cầu Giấy, Hà Nội",52 m²,7 phòng,N/A,6,Giấy tờ hợp lệ,30-10-2025
"Bán nhà Phùng Chí Kiên, Cầu Giấy - 105m2 - 5 tầng - Ô tô - Kinh doanh","29,8 tỷ","Đường Phùng Chí Kiên, Phường Nghĩa Đô, Quận Cầu Giấy, Hà Nội",105 m²,6 phòng,6 WC,5,Sổ đỏ,30-10-2025
"Bán Tổ Ấm Vàng - Phân lô Hoàng Quốc Việt, Cầu Giấy - ÔTÔ, K/Doanh Đỉnh","29,5 tỷ","Đường Hoàng Quốc Việt, Phường Nghĩa Tân, Quận Cầu Giấy, Hà Nội",68 m²,6 phòng,8 WC,7,Sổ đỏ,30-10-2025
"Bán căn nhà liền kề  ngõ 196 Hồ Tùng Mậu, 80m² 6 tầng, thang máy","28,8 tỷ","15, Đường Hồ Tùng Mậu, Phường Mai Dịch, Quận Cầu Giấy, Hà Nội",80 m² (5.0x16.0),6 phòng,3 WC,6,Sổ hồng,30-10-2025
"BÁN NHÀ CẦU GIẤY - XUÂN THỦY: SIÊU PHẨM PHÂN LÔ BÀN CỜ,ÔTÔ,KINH DOANH","17,5 tỷ","Phường Dịch Vọng Hậu, Quận Cầu Giấy, Hà Nội",40 m²,N/A,N/A,5,Sổ đỏ,30-10-2025
"Chính chủ, Mặt Phố Nguyễn Bá Khoản, Cầu Giấy 85M, ô tô, 45 tỷ",46 tỷ,"Đường Nguyễn Bá Khoản, Phường Dịch Vọng Hậu, Quận Cầu Giấy, Hà Nội",85 m²,5 phòng,6 WC,6,Sổ đỏ,30-10-2025
"BÁN NHÀ PHỐ DƯƠNG ĐÌNH NGHỆ, PHƯỜNG YÊN HOÀ, QUẬN CẦU GIẤY",120 tỷ,"Đường Dương Đình Nghệ, Phường Yên Hòa, Quận Cầu Giấy, Hà Nội",165 m²,N/A,N/A,12,Sổ hồng,15-10-2025
Phố Cầu Giấy – 139 m2 – 3 Tầng – Mặt Tiền 8.6 m – Giá 40.8 Tỷ. 💥,"40,8 tỷ","Đường Cầu Giấy, Phường Trung Hòa, Quận Cầu Giấy, Hà Nội",139 m² (8.6x16.0),3 phòng,3 WC,3,Sổ đỏ,03-11-2025
"Bán nhà 6 tầng thang máy, P/Lô phố Hoàng Quốc Viêt, Dt 65m2, Mt 5m.","26,5 tỷ","Đường Hoàng Quốc Việt, Phường Nghĩa Đô, Quận Cầu Giấy, Hà Nội",65 m² (5.1x12.7),7 phòng,6 WC,6,Sổ hồng,29-10-2025
"Siêu phẩm  Trần Duy Hưng, Ôto đỗ cửa, , 60M, 4,68m MT, giá 22,5 tỷ","22,5 tỷ","Đường Trần Duy Hưng, Phường Yên Hòa, Quận Cầu Giấy, Hà Nội",60 m²,4 phòng,N/A,5,Sổ đỏ,03-11-2025
"Bán Nhà 7 Tầng Thang Máy ,Phân Lô Đường 800A Ô Tô Vào. Giá 27 tỷ",27 tỷ,"Đường 800A, Phường Nghĩa Đô, Quận Cầu Giấy, Hà Nội",64 m²,10 phòng,7 WC,7,Sổ đỏ,03-11-2025
"Mặt Phố Quận Cầu Giấy Nhà Dân Xây 40m, 4 Tầng Kinh Doanh Sầm Uất",15 tỷ,"Phường Yên Hòa, Quận Cầu Giấy, Hà Nội",40 m²,3 phòng,3 WC,4,Giấy tờ hợp lệ,30-10-2025
"Nhà đẹp Lạc Long Quân, DT30m², 5 tầng, 3P.ngủ, ô chờ thang máy (11 tỷ)",11 tỷ,"Phường Nghĩa Đô, Quận Cầu Giấy, Hà Nội",30 m²,3 phòng,4 WC,5,Giấy tờ hợp lệ,30-10-2025
"Trung tâm cầu giấy 36m2,4 phòng ngủ, 5 tầng giá siêu hời","10,2 tỷ","Phường Yên Hòa, Quận Cầu Giấy, Hà Nội",36 m² (4.4x9.0),4 phòng,5 WC,5,Giấy tờ hợp lệ,30-10-2025
BÁN NHÀ TRẦN QUỐC HOÀN CẦU GIẤY PHÂN LÔ Ô TÔ VÀO NHÀ 2 THOÁNG 7 TẦNG,21 tỷ,"Phường Dịch Vọng Hậu, Quận Cầu Giấy, Hà Nội",40 m² (4.0x10.0),4 phòng,5 WC,7,Giấy tờ hợp lệ,30-10-2025
"Bán nhà Vũ Phạm Hàm, Yên Hòa, Cầu Giấy, VỊ TRÍ ĐẮC ĐỊA, nhà đẹp bề thế",42 tỷ,"Phường Yên Hòa, Quận Cầu Giấy, Hà Nội",100 m² (10.0x10.0),5 phòng,5 WC,5,Giấy tờ hợp lệ,30-10-2025
BÁN NHÀ CẦU GIẤY – 2 MẶT THOÁNG VĨNH VIỄN – 5 TẦNG – 15 TỶ 🏡,15 tỷ,"Phường Dịch Vọng, Quận Cầu Giấy, Hà Nội",50 m²,4 phòng,2 WC,5,Giấy tờ hợp lệ,30-10-2025
"BÁN GẤP NHÀ  NGÕ 89 LẠC LONG QUÂN , TÂY HỒ .  NGÕ OTO ĐỖ CỬA","16,5 tỷ","Phường Nghĩa Đô, Quận Cầu Giấy, Hà Nội",45 m²,3 phòng,4 WC,4,Giấy tờ hợp lệ,30-10-2025
BÁN NHÀ 4 TẦNG - 50M2 - CẦU GIẤY - VỊ TRÍ VÀNG - NHÀ DÂN XÂY F0,18 tỷ,"Phường Dịch Vọng, Quận Cầu Giấy, Hà Nội",50 m² (4.5x11.0),4 phòng,N/A,4,Giấy tờ hợp lệ,30-10-2025
"Bán biệt thự mặt đường Hoàng Quán Chi 212m2, MT17m lô góc mặt công viê",Thỏa thuận,"86, Đường Thành Thái, Phường Dịch Vọng, Quận Cầu Giấy, Hà Nội",212 m² (17.0x13.0),5 phòng,5 WC,4,Sổ hồng,29-10-2025
"Bán Gấp Siêu Phẩm Trung Kính, oto đỗ cửa, 54m, 6 tầng, giá 22,5 tỷ","22,5 tỷ","Đường Trung Kính, Phường Yên Hòa, Quận Cầu Giấy, Hà Nội",54 m²,6 phòng,N/A,N/A,Sổ đỏ,29-10-2025
"Chính chủ, Building Trần Đăng Ninh, Cầu Giấy, 100m, MT 7,5, 10T, 86 ty",86 tỷ,"Đường Trần Đăng Ninh, Phường Nghĩa Tân, Quận Cầu Giấy, Hà Nội",100 m² (7.5x16.0),9 phòng,9 WC,9,Sổ đỏ,29-10-2025
"( BÁN NHÀ ) XUÂN THỦY - CẦU GIẤY 89 M2 = 21,8 TỶ - 5 TẦNG - OTO VÀO NH","21,8 tỷ","Đường Xuân Thủy, Phường Dịch Vọng Hậu, Quận Cầu Giấy, Hà Nội",89 m²,6 phòng,5 WC,5,Sổ đỏ,02-11-2025
"Bán nhà Nguyễn Khang, 30m ra phố, 45m2, 5 tầng, 4m MT, Gíá 11,5 tỷ","11,5 tỷ","Đường Nguyễn Khang, Phường Trung Hòa, Quận Cầu Giấy, Hà Nội",45 m²,6 phòng,N/A,5,Sổ đỏ,09-11-2025
HIẾM PHẢI NHANH - XUÂN THỦY - CẦU GIẤY - NGÕ ÔTÔ - LÔ GÓC - THOÁNG,14 tỷ,"Phường Dịch Vọng Hậu, Quận Cầu Giấy, Hà Nội",41.6 m²,2,N/A,5,Sổ đỏ,28-10-2025
Chính Chủ Cần Bán Gấp Biệt Thự KĐT Dịch Vọng,87 tỷ,"Đường Thọ Tháp, Phường Dịch Vọng, Quận Cầu Giấy, Hà Nội",195 m²,3,N/A,3.5,Sổ đỏ,10-07-2025
Bán Nhà Ngõ 132 Cầu Giấy Diện Tích Rộng Còn Sót Lại. Giá 14.5 tỷ,"14,5 tỷ","Đường Cầu Giấy, Phường Quan Hoa, Quận Cầu Giấy, Hà Nội",60 m²,6 phòng,4 WC,4,Sổ đỏ,02-11-2025
Tôi Chính Chủ Cần Bán Toà Nhà KĐT Trung Yên . Đang Cho Thuê 350tr/Th,86 tỷ,"Đường Xuân Quỳnh, Phường Trung Hòa, Quận Cầu Giấy, Hà Nội",180 m²,N/A,N/A,8.5,Sổ đỏ,27-07-2025
"Bán nhà Nguyễn Khánh Toàn, Cầu giấy, Ô tô đỗ, kinh doanh, 2 thoáng",21 tỷ,"Phường Quan Hoa, Quận Cầu Giấy, Hà Nội",90 m² (8.0x11.0),5 phòng,5 WC,5,Giấy tờ hợp lệ,29-10-2025
BÁN NHÀ RẺ NHẤT YÊN HOÀ-5 TẦNG Ở LUÔN-10M RA ĐƯỜNG OTO-NGÕ RỘNG THOÁNG,"8,8 tỷ","Phường Yên Hòa, Quận Cầu Giấy, Hà Nội",40 m² (3.7x10.8),4 phòng,4 WC,5,Giấy tờ hợp lệ,29-10-2025
BÁN NHÀ LẠC LONG QUÂN – 30M² – 5 TẦNG – MT 3M – GIÁ 11.5 TỶ – CẦU GIẤY,"11,5 tỷ","Phường Nghĩa Đô, Quận Cầu Giấy, Hà Nội",30 m²,3 phòng,4 WC,5,Giấy tờ hợp lệ,29-10-2025
✨ NHÀ ĐẸP LÔ GÓC – HỒ TÙNG MẬU,"8,7 tỷ","Phường Mai Dịch, Quận Cầu Giấy, Hà Nội",42 m²,2 phòng,2 WC,3,Giấy tờ hợp lệ,29-10-2025
"Nhà đẹp ở ngay, giá tốt, khu vực sầm uất","7,7 tỷ","Phường Quan Hoa, Quận Cầu Giấy, Hà Nội",29 m² (3.0x10.0),3 phòng,4 WC,5,Giấy tờ hợp lệ,29-10-2025
SIÊU PHẨM KHUẤT DUY TIẾN - PHÂN LÔ - OTO TRÁNH - DÂN TRÍ CAO,17 tỷ,"Phường Trung Hòa, Quận Cầu Giấy, Hà Nội",38 m² (5.7x6.6),5 phòng,1,6,Giấy tờ hợp lệ,29-10-2025
"Bán nhà Trần Cung, Cầu Giấy, Nhà dân xây, ngõ nông rộng, thoáng sáng","7,3 tỷ","Phường Nghĩa Đô, Quận Cầu Giấy, Hà Nội",38 m² (4.0x9.0),4 phòng,4 WC,5,Giấy tờ hợp lệ,29-10-2025
"Bán nhà mặt phố Tô Hiệu, Cầu Giấy, kinh doanh, mặt tiền khủng, sầm uất",115 tỷ,"Phường Nghĩa Tân, Quận Cầu Giấy, Hà Nội",268 m² (16.0x16.0),5 phòng,4 WC,4,Giấy tờ hợp lệ,29-10-2025
"Bán nhà Nguyễn Khang-40m ra đường oto tránh-nhà 5 tầng-mới đẹp,NT xịn",7 tỷ,"Phường Yên Hòa, Quận Cầu Giấy, Hà Nội",33 m²,3 phòng,3 WC,5,Giấy tờ hợp lệ,29-10-2025
BÁN NHÀ YÊN HÒA - NHÀ ĐẸP - VỊ TRÍ ĐỈNH - TIỆN ÍCH BẠT NGÀN,"10,2 tỷ","Phường Yên Hòa, Quận Cầu Giấy, Hà Nội",36 m² (4.4x8.1),4 phòng,N/A,5,Giấy tờ hợp lệ,29-10-2025
BÁN NHÀ CẦU GIẤY - NHÀ ĐẸP - NGÕ THÔNG - 20M RA PHỐ,"15,5 tỷ","Phường Trung Hòa, Quận Cầu Giấy, Hà Nội",44 m²,6 phòng,4 WC,5,Giấy tờ hợp lệ,29-10-2025
"Bán nhà Trần Kim Xuyến, Yên Hòa, Cầu Giấy, Mặt phố, kinh doanh, lô góc",45 tỷ,"Phường Yên Hòa, Quận Cầu Giấy, Hà Nội",110 m² (8.0x11.0),6 phòng,6 WC,5,Giấy tờ hợp lệ,29-10-2025
"Bán nhà Mai Dịch, Cầu giấy, Phân lô tô tô tránh, kinh doanh,2 mặt tiền",26 tỷ,"Phường Mai Dịch, Quận Cầu Giấy, Hà Nội",110 m² (5.0x18.0),5 phòng,5 WC,4,Giấy tờ hợp lệ,28-10-2025
"Chính chủ, Mặt Phố Cầu Giấy, 70m, 6t, 2 mặt tiền 50 tỷ",50 tỷ,"Đường Cầu Giấy, Phường Dịch Vọng, Quận Cầu Giấy, Hà Nội",70 m² (5.0x14.0),6 phòng,6 WC,6,Sổ đỏ,28-10-2025
"Bán Gấp Siêu Phẩm Trần Duy Hưng, Thang máy, 52m, 6 tầng, giá 17,8 tỷ","17,8 tỷ","Đường Trần Duy Hưng, Phường Yên Hòa, Quận Cầu Giấy, Hà Nội",52 m²,4 phòng,N/A,6,Sổ đỏ,08-11-2025
HIẾM – MẶT PHỐ CẦU GIẤY – GIÁ RẺ NGANG PHÂN LÔ – 2 THOÁNG – KINH DOANH,"24,9 tỷ","Đường Hồ Tùng Mậu, Phường Mai Dịch, Quận Cầu Giấy, Hà Nội",52 m² (4.0x13.0),6 phòng,4 WC,6,Sổ đỏ,08-11-2025
"CẦU GIẤY,HIẾM, CÒN SÓT LẠI, 5 TẦNG,4 NGỦ, DT 35M2, PHẢI THẬT NHANH","7,5 tỷ","Phường Dịch Vọng, Quận Cầu Giấy, Hà Nội",30 m²,N/A,N/A,5,Sổ đỏ,27-10-2025
"TRUNG TÂM CẦU GIẤY: PHƯỜNG DỊCH VỌNG, 7 TẦNG THANG MÁY,ÔTÔ, KINH DOANH",18 tỷ,"Phường Dịch Vọng Hậu, Quận Cầu Giấy, Hà Nội",48.8 m²,N/A,N/A,7,Sổ đỏ,27-10-2025
"Lô Góc Cầu Giấy 35m2 - 5 Tầng Thang Máy - Ô Tô - Ngõ Thông - 9,5 Tỷ","9,5 tỷ","Phường Nghĩa Đô, Quận Cầu Giấy, Hà Nội",35 m² (3.5x10.0),3 phòng,4 WC,5,Giấy tờ hợp lệ,28-10-2025
Bán Gấp Nhà Ngõ 79 Cầu Giấy-30m2 Trước Nhà Sh Quay Đầu Hơn 7 Tỷ,7 tỷ,"Phường Quan Hoa, Quận Cầu Giấy, Hà Nội",30 m²,3 phòng,N/A,5,Giấy tờ hợp lệ,28-10-2025
"Bán nhà Dịch Vọng Hậu, Cầu Giấy, Biệt thự sân vườn, Diện tích rộng",36 tỷ,"Phường Dịch Vọng Hậu, Quận Cầu Giấy, Hà Nội",230 m² (12.0x20.0),5 phòng,5 WC,4,Giấy tờ hợp lệ,28-10-2025
"Mặt tiền Vàng đường Lạc Long Quân, ô tô vào nhà, kinh doanh ngày đêm","16,5 tỷ","Phường Nghĩa Đô, Quận Cầu Giấy, Hà Nội",40 m²,3 phòng,4 WC,4,Giấy tờ hợp lệ,28-10-2025
"Lô Góc Cầu Giấy 40m2 - 5 Tầng - Gần Phố - Ở Ngay - Giá 9,8 Tỷ ( TL )","9,8 tỷ","Phường Yên Hòa, Quận Cầu Giấy, Hà Nội",40 m² (4.0x10.0),4 phòng,4 WC,5,Giấy tờ hợp lệ,28-10-2025
BÁN NHÀ CẦU GIẤY – 52/60M² – 5 TẦNG – MT 4M – OTO ĐỖ CỬA – GIÁ 18.5 TỶ,18 tỷ,"Phường Nghĩa Đô, Quận Cầu Giấy, Hà Nội",52 m²,6 phòng,3 WC,5,Giấy tờ hợp lệ,28-10-2025
Siêu phẩm dòng tiền 203 Trần Duy Hưng 72m2 5 tầng 11 phòng khép kín,14 tỷ,"Phường Trung Hòa, Quận Cầu Giấy, Hà Nội",65 m² (6.7x14.0),11 phòng,7 WC,5,Giấy tờ hợp lệ,28-10-2025
GIẢM 500TR - NHÀ PHÂN LÔ QUÂN ĐỘI – Ô TÔ TRÁNH – SAU NHÀ VIEW BẢO TÀNG,18 tỷ,"Phường Mai Dịch, Quận Cầu Giấy, Hà Nội",52 m²,6 phòng,6 WC,5,Giấy tờ hợp lệ,28-10-2025
"Bán Nhà Mới Xây , Ngõ 89 Lạc Long Quân , 15m Ra Ngõ Oto tránh","11,5 tỷ","Phường Nghĩa Đô, Quận Cầu Giấy, Hà Nội",35 m²,3 phòng,4 WC,5,Giấy tờ hợp lệ,28-10-2025
"Bán nhà Phố Hoàng Quốc Việt, 8 tầng thang máy,  122m2, 70 tỷ",77 tỷ,"Phường Nghĩa Đô, Quận Cầu Giấy, Hà Nội",122 m²,11 phòng,7 WC,8,Giấy tờ hợp lệ,28-10-2025
"Phân lô Thọ Tháp - 56m2 x 7 tầng, MT4.2m, kinh doanh chỉ hơn 18tỷ","18,95 tỷ","Phường Dịch Vọng Hậu, Quận Cầu Giấy, Hà Nội",56 m²,6 phòng,5 WC,7,Giấy tờ hợp lệ,28-10-2025
Siêu Phẩm Cầu Giấy 40m2 - 6 Tầng Thang Máy - Ô Tô - Ngõ Thông - Hiếm,"12,5 tỷ","Phường Nghĩa Đô, Quận Cầu Giấy, Hà Nội",40 m² (4.0x10.0),3 phòng,5 WC,6,Giấy tờ hợp lệ,28-10-2025
TT CẦU GIẤY - NHÀ 2 MẶT NGÕ THANG MÁY - KINH DOANH - CÁCH Ô TÔ 5M,"20,5 tỷ","Phường Nghĩa Tân, Quận Cầu Giấy, Hà Nội",65 m² (4.0x16.0),8 phòng,7 WC,6,Giấy tờ hợp lệ,28-10-2025
"Bán nhà Phố Cầu Giấy, ô tô đỗ cổng, nhà ngõ riêng ,giá nhinh 9 tỷ","8,5 tỷ","Đường Cầu Giấy, Phường Dịch Vọng, Quận Cầu Giấy, Hà Nội",34 m²,3 phòng,4 WC,6,Sổ hồng,24-07-2025
"BÁN NHÀ HOÀNG QUỐC VIỆT 91 M2 = 22 TỶ – 5 TẦNG - MT 5,6M  – HAI THOÁNG",22 tỷ,"Đường Hoàng Quốc Việt, Phường Nghĩa Đô, Quận Cầu Giấy, Hà Nội",91 m²,5 phòng,5 WC,5,Sổ đỏ,31-10-2025
"BÁN NHÀ ĐƯỜNG VÕ CHÍ CÔNG, SÁT PHỐ, NGÕ RỘNG, THÔNG TỨ TUNG, MT HƠN 5M","8,2 tỷ","Phường Nghĩa Đô, Quận Cầu Giấy, Hà Nội",30 m²,N/A,N/A,5,Sổ đỏ,26-10-2025
"Bán nhà phân lô Trung Hòa 100m2 x 8 tầng, MT 7m giá 53.8","53,8 tỷ","26, Đường Nam Trung Yên, Phường Trung Hòa, Quận Cầu Giấy, Hà Nội",100 m² (7.0x14.0),9 phòng,9 WC,8,Sổ hồng,26-10-2025
Lạc Long Quân – Cầu Giấy – 95 M2 -4 T – MT 9 M – Giá 34.2 Tỷ. 💥 VỊ TR,"34,2 tỷ","Đường Lạc Long Quân, Phường Nghĩa Tân, Quận Cầu Giấy, Hà Nội",300 m² (9.0x10.5),5 phòng,4 WC,4,Sổ đỏ,31-10-2025
"BÁN GẤP NHÀ DT 80M2 ,, CẦU GIẤY, SỔ NỞ HẬU, GIÁ NHỈNH 14 TỶ","14,5 tỷ","Đường Hoàng Quốc Việt, Phường Dịch Vọng, Quận Cầu Giấy, Hà Nội",80 m² (5.0x16.0),4 phòng,4 WC,5,Sổ hồng,31-10-2025
BÁN NHÀ DƯƠNG QUẢNG HÀM – Ô TÔ VF3 VÀO NHÀ – NGÕ THÔNG – SỔ HOA KHÔI,17 tỷ,"Phường Quan Hoa, Quận Cầu Giấy, Hà Nội",51 m²,5 phòng,4 WC,5,Giấy tờ hợp lệ,27-10-2025
Mặt phố trung tâm Cầu Giấy - Phạm Thận Duật - 55m2x5 tầng nhinh 22tỷ,"22,4 tỷ","Phường Mai Dịch, Quận Cầu Giấy, Hà Nội",55 m²,6 phòng,5 WC,5,Giấy tờ hợp lệ,27-10-2025
"Phố Trung Kính - 10m ra phố - 45m2 x 5 tầng,Vf3 đỗ cửa chỉ hơn 13tỷ","13,3 tỷ","Phường Yên Hòa, Quận Cầu Giấy, Hà Nội",45 m²,6 phòng,N/A,5,Giấy tờ hợp lệ,27-10-2025
Bán nhà dân xây Hoàng Quốc Việt 7.35ty,"7,35 tỷ","Phường Nghĩa Tân, Quận Cầu Giấy, Hà Nội",38 m²,4 phòng,3 WC,4,Giấy tờ hợp lệ,27-10-2025
"Nhà đẹp đón Tết - 45m2x6 tầng thang máy, MT đẹp chỉ hơn 9tỷ, gần phố","9,38 tỷ","Phường Quan Hoa, Quận Cầu Giấy, Hà Nội",45 m²,6 phòng,5 WC,6,Giấy tờ hợp lệ,27-10-2025
"Siêu Phẩm Cầu Giấy 40m2 - 5 Tầng - Gần Phố - Ở Ngay - Giá 9,5 Tỷ","9,5 tỷ","Phường Yên Hòa, Quận Cầu Giấy, Hà Nội",40 m² (4.0x10.0),3 phòng,4 WC,5,Giấy tờ hợp lệ,27-10-2025
BÁN NHÀ HOÀNG QUỐC VIỆT– 7 TẦNG THANG MÁY– 3 MẶT THOÁNG,"32,5 tỷ","Phường Nghĩa Đô, Quận Cầu Giấy, Hà Nội",59 m²,8 phòng,7 WC,7,Giấy tờ hợp lệ,27-10-2025
"Phân lô Vip Phạm Tuấn Tài - 55m2 x 5 tầng thang máy,MT5m nhỉnh 22tỷ","22,5 tỷ","Phường Dịch Vọng Hậu, Quận Cầu Giấy, Hà Nội",55 m²,5 phòng,4 WC,5,Giấy tờ hợp lệ,27-10-2025
"10 tầng Hồ Tùng Mậu Cầu Giấy 39,3 Tỷ 150m2 mặt 5,5m 2 thoáng trước sau","39,3 tỷ","Phường Mai Dịch, Quận Cầu Giấy, Hà Nội",150 m²,8 phòng,7 WC,2,Giấy tờ hợp lệ,27-10-2025
Lô Góc Cầu Giấy 40m2 - 5 Tầng - Gần Phố - Tiện Ích - Giá 9 Tỷ,9 tỷ,"Phường Trung Hòa, Quận Cầu Giấy, Hà Nội",40 m² (4.0x10.0),3 phòng,4 WC,5,Giấy tờ hợp lệ,27-10-2025
"Nhà đẹp Yên Hoà - 42m2 x 5 tầng x mt4.4m, ngõ nông, full đồ dưới 10tỷ","9,98 tỷ","Phường Yên Hòa, Quận Cầu Giấy, Hà Nội",42 m²,6 phòng,5 WC,5,Giấy tờ hợp lệ,27-10-2025
"Bá.n nhà Lạc Long Quân, DT35m2, 6 tầng, thang máy, ngõ thông (12.8 tỷ)","12,8 tỷ","Phường Nghĩa Đô, Quận Cầu Giấy, Hà Nội",35 m²,3 phòng,5 WC,6,Giấy tờ hợp lệ,27-10-2025
🏠 PHÂN LÔ CẦU GIẤY 40M – Ô TÔ VÀO NHÀ NGÕ THÔNG – KHU CÁN BỘ 🍀,"9,9 tỷ","Phường Nghĩa Đô, Quận Cầu Giấy, Hà Nội",40 m²,4 phòng,5 WC,4,Giấy tờ hợp lệ,27-10-2025
CỰC HIẾM VỊ TRÍ - TT CẦU GIẤY 45M2 X 5T - DÂN XÂY 2 THOÁNG - 15M Ô TÔ,13 tỷ,"Phường Trung Hòa, Quận Cầu Giấy, Hà Nội",45 m²,4 phòng,N/A,5,Giấy tờ hợp lệ,27-10-2025
🌟 MẶT PHỐ HỒ TÙNG MẬU – 60M² – 5.5 TẦNG – THANG MÁY – KINH DOAN,36 tỷ,"Phường Mai Dịch, Quận Cầu Giấy, Hà Nội",60 m²,2 phòng,N/A,5,Giấy tờ hợp lệ,27-10-2025
"Bán Kiệt tác Hiện đại – Nhà 7 Tầng TM, Gara Ô TÔ - NGUYỄN PHONG SẮC","29,5 tỷ","Đường Nguyễn Phong Sắc, Phường Nghĩa Tân, Quận Cầu Giấy, Hà Nội",66 m²,6 phòng,8 WC,7,Sổ đỏ,30-10-2025
"TRUNG TÂM CẦU GIẤY, ĐƯỜNG XUÂN THỦY: NHÀ ĐẸP Ở LUÔN, 20M RA ÔTÔ",10 tỷ,"Phường Dịch Vọng Hậu, Quận Cầu Giấy, Hà Nội",39 m²,N/A,N/A,5,Sổ đỏ,25-10-2025
"BÁN TÒA NHÀ 7 TẦNG, TRẦN CUNG, PHƯỜNG NGHĨA ĐÔ,  HÀ NỘI",18 tỷ,"Đường Trần Cung, Phường Nghĩa Đô, Quận Cầu Giấy, Hà Nội",75 m² (5.0x15.0),18 phòng,18 WC,7,Sổ đỏ,30-10-2025
"Bán gấp nhà phố Trung Kính ở ngay,  49m2, 4 tầng, giá 12.2 tỷ","12,2 tỷ","Đường Trung Kính, Phường Yên Hòa, Quận Cầu Giấy, Hà Nội",49 m²,4 phòng,N/A,4,Sổ đỏ,06-11-2025
"Siêu phầm Hoàng Quốc Việt, ô tô tránh, lô góc, thang máy 55m2 21 tỷ",21 tỷ,"Phường Nghĩa Đô, Quận Cầu Giấy, Hà Nội",55 m² (5.5x10.0),5 phòng,5 WC,5,Giấy tờ hợp lệ,26-10-2025
"Bán nhà Hoàng Quốc Việt, Cầu Giấy, CC.MN dòng tiền, 8 tầng thang máy",32 tỷ,"Phường Nghĩa Đô, Quận Cầu Giấy, Hà Nội",120 m² (10.0x12.0),11 phòng,7 WC,8,Giấy tờ hợp lệ,26-10-2025
SIÊU PHẨM DƯƠNG QUẢNG HÀM - OTO VÀO NHÀ - VỊ TRÍ ĐỈNH - SỔ ĐỎ ĐẸP,"20,2 tỷ","Phường Quan Hoa, Quận Cầu Giấy, Hà Nội",51 m² (4.3x11.8),4 phòng,N/A,6,Giấy tờ hợp lệ,26-10-2025
Ị TRÍ ĐỈNH - NHÀ ĐẸP MÊ LI -CÁCH Ô TÔ 30M - NGÕ THÔNG - NỞ HẬU,"12,8 tỷ","Phường Trung Hòa, Quận Cầu Giấy, Hà Nội",52 m²,6 phòng,4 WC,6,Giấy tờ hợp lệ,26-10-2025
"Bán nhà Doãn Kế Thiện - 41m - dân xây, ngõ nông, lô góc - nhỉnh 8 tỷ",8 tỷ,"Phường Mai Dịch, Quận Cầu Giấy, Hà Nội",41 m²,4 phòng,5 WC,3,Giấy tờ hợp lệ,26-10-2025
"Bán CCMN, Mai Dịch, thang máy, ngõ nông, GPXD, PCCC đủ : 67/91m, 7T","14,3 tỷ","Phường Mai Dịch, Quận Cầu Giấy, Hà Nội",67 m²,11 phòng,7 WC,7,Giấy tờ hợp lệ,26-10-2025
BÁN  NHÀ TRẦN DUY HƯNG --VỊ TRÍ ĐỈNH  – NGÕ THÔNG – NỞ HẬU,"12,8 tỷ","Phường Trung Hòa, Quận Cầu Giấy, Hà Nội",52 m²,6 phòng,5 WC,5,Giấy tờ hợp lệ,26-10-2025
BÁN NHÀ-CẦU GIẤY-GIÁ ĐẸP BẤT NGỜ-VÀO Ở LUÔN,"12,8 tỷ","Phường Trung Hòa, Quận Cầu Giấy, Hà Nội",52 m²,6 phòng,4 WC,5,Đang chờ sổ,26-10-2025
CỐT LÕI CẦU GIẤY - DÂN XÂY - NGÕ THÔNG KINH DOANH - Ô TÔ TRÁNH 30M,"12,8 tỷ","Phường Trung Hòa, Quận Cầu Giấy, Hà Nội",52 m² (3.3x15.7),6 phòng,4 WC,5,Giấy tờ hợp lệ,26-10-2025
NHÀ MỚI ĐẸP – Ô TÔ VÀO NHÀ – GẦN PHỐ – VỊ TRÍ KIM CƯƠNG – SỔ HOA HẬU,"20,2 tỷ","Phường Quan Hoa, Quận Cầu Giấy, Hà Nội",55 m²,4 phòng,5 WC,6,Giấy tờ hợp lệ,26-10-2025
BÁN NHÀ-PHÙNG CHÍ KIÊN- PHÂN LÔ OTO TRÁNH -GIÁ ĐẸP BẤT NGỜ,"25,85 tỷ","Phường Nghĩa Đô, Quận Cầu Giấy, Hà Nội",55 m²,8 phòng,7 WC,7,Giấy tờ hợp lệ,26-10-2025
Nhà mới đẹp Hoàng Quốc Việt – Cầu Giấy,10 tỷ,"Phường Quan Hoa, Quận Cầu Giấy, Hà Nội",31 m²,5 phòng,N/A,6,Giấy tờ hợp lệ,26-10-2025
CẦU GIẤY - LÔ GÓC - DÂN XÂY 5 TẦNG - DT 36M - MT 7M,"7,2 tỷ","Phường Nghĩa Đô, Quận Cầu Giấy, Hà Nội",36 m² (7.0x5.1),4 phòng,3 WC,5,Giấy tờ hợp lệ,25-10-2025
"LÕI CẦU GIẤY: PHÂN LÔ, ÔTÔ, KINH DOANH, 7T THANG MÁY MỚI TING,2 THOÁNG","23,5 tỷ","Phường Dịch Vọng Hậu, Quận Cầu Giấy, Hà Nội",40.5 m²,N/A,N/A,7,Sổ đỏ,24-10-2025
HÀNG SIÊU HIẾM CẦU GIẤY KHÔNG CÓ CĂN THỨ 2,7 tỷ,"Đường Cầu Giấy, Phường Quan Hoa, Quận Cầu Giấy, Hà Nội",35 m² (5.0x7.0),4 phòng,5 WC,5,Sổ đỏ,25-10-2025
"Tôi cần bán toà KS phố Trần Thái Tông, Q Cầu Giấy, Dt 190 m x 11 T.",155 tỷ,"Đường Trương Công Giai, Phường Dịch Vọng, Quận Cầu Giấy, Hà Nội",200 m²,N/A,N/A,12,Sổ đỏ,29-10-2025
BÁN NHÀ DƯƠNG QUẢNG HÀM – 51/55M² – 6 TẦNG – MT 4.3M – GIÁ 20.2 TỶ,"20,2 tỷ","Phường Quan Hoa, Quận Cầu Giấy, Hà Nội",51 m²,4 phòng,4 WC,6,Giấy tờ hợp lệ,25-10-2025
Cần Bán Gấp Nhà Ngõ Oto Tránh Phố Lạc Long Quân,"9,7 tỷ","Phường Nghĩa Đô, Quận Cầu Giấy, Hà Nội",40 m²,3 phòng,4 WC,5,Giấy tờ hợp lệ,25-10-2025
BÁN NHÀ NGÕ 79 CẦU GIẤY - LÔ GÓC - ĐƯỜNG TO 3M,"7,5 tỷ","Phường Dịch Vọng, Quận Cầu Giấy, Hà Nội",30 m² (10.5x3.0),4 phòng,3 WC,3,Giấy tờ hợp lệ,25-10-2025
Nhà mới Cầu Giấy - Xe hơi đỗ cửa - 31m2 CHỈ 10 tỷ - Có tháng máy,10 tỷ,"Phường Nghĩa Đô, Quận Cầu Giấy, Hà Nội",31 m²,3 phòng,4 WC,5,Giấy tờ hợp lệ,25-10-2025
Ô tô đỗ cửa - 80m2 - 7 tầng - Trung tâm Cầu Giấy - Rẻ trong phân,"32,5 tỷ","Phường Nghĩa Đô, Quận Cầu Giấy, Hà Nội",80 m²,8 phòng,4 WC,6,Giấy tờ hợp lệ,25-10-2025
"Bán nhà Lạc Long Quân - Tây Hồ, DT72m2, MT5m, gần Hồ Tây(11.3 tỷ)","11,3 tỷ","Phường Nghĩa Đô, Quận Cầu Giấy, Hà Nội",72 m²,3 phòng,4 WC,5,Giấy tờ hợp lệ,25-10-2025
"Lạc Long Quân - NHÀ MỚI, NGÕ 3M - 15M RA Ô TÔ TRÁNH - PHÂN LÔ GIÁ 9.X","9,55 tỷ","Phường Nghĩa Đô, Quận Cầu Giấy, Hà Nội",31 m²,3 phòng,4 WC,5,Giấy tờ hợp lệ,25-10-2025
BÁN NHÀ NGHĨA ĐÔ – Ô TÔ TRÁNH – GẦN PHỐ – 5 TẦNG – THANG MÁY,"16,5 tỷ","Phường Nghĩa Đô, Quận Cầu Giấy, Hà Nội",44 m²,8 phòng,5 WC,5,Giấy tờ hợp lệ,25-10-2025
Bán nhà Hồ Tùng Mậu - 42m - dân xây - gần phố - 8 tỷ nhỉnh,8 tỷ,"Phường Mai Dịch, Quận Cầu Giấy, Hà Nội",42 m²,4 phòng,5 WC,N/A,Giấy tờ hợp lệ,25-10-2025
"Bán nhà Nguyễn Khánh Toàn, DT60m2, 5 tầng, 8P.ngủ, ngõ thông(14.75 tỷ)","14,75 tỷ","Phường Nghĩa Đô, Quận Cầu Giấy, Hà Nội",60 m²,8 phòng,4 WC,5,Giấy tờ hợp lệ,25-10-2025
"💥 BÁN NHÀ PHÂN LÔ – TRẦN QUỐC HOÀN, NGHĨA TÂN, CẦU GIẤY – 7 TẦNG THANG","24,5 tỷ","Phường Nghĩa Tân, Quận Cầu Giấy, Hà Nội",77 m²,3 phòng,6 WC,7,Giấy tờ hợp lệ,25-10-2025
"BÁN NHÀ CẦU GIẤY - VF3 ĐỖ CỬA - 10,5M MẶT TIỀN -  30M - GIÁ 7,5 TỶ","7,5 tỷ","Phường Quan Hoa, Quận Cầu Giấy, Hà Nội",30.3 m²,4 phòng,3 WC,3,Giấy tờ hợp lệ,25-10-2025
"Nhà Đẹp Cầu Giấy 40m2 - 5 Tầng - Gần Phố - Ở Sướng - Giá 7,5 Tỷ (TL)","7,5 tỷ","Phường Nghĩa Đô, Quận Cầu Giấy, Hà Nội",40 m² (4.0x10.0),3 phòng,4 WC,5,Giấy tờ hợp lệ,24-10-2025
"Bán gấp Cầu Giấy,  ô tô vào nhà, lô góc, MT 6m, giá nhỉnh 13 tỷ",13 tỷ,"Đường Cầu Giấy, Phường Nghĩa Đô, Quận Cầu Giấy, Hà Nội",40 m² (5.0x5.0),5 phòng,5 WC,N/A,Sổ hồng,24-10-2025
"CHÍNH CHỦ BÁN NHÀ CẦU GIẤY, SÁT PHỐ, Ô TÔ 7 CHỖ QUA NHÀ 54m, 19,4 tỷ","19,4 tỷ","Đường Dương Quảng Hàm, Phường Nghĩa Đô, Quận Cầu Giấy, Hà Nội",54 m²,N/A,N/A,5.5,Sổ đỏ,24-10-2025
"Bán nhà lô góc mặt phố Nguyễn Khánh Toàn, Hà Nội","222,22 tỷ","Đường Nguyễn Khánh Toàn, Phường Quan Hoa, Quận Cầu Giấy, Hà Nội",263 m² (15.0x16.0),N/A,N/A,4,Sổ đỏ,24-10-2025
"Phạm Tuấn Tài_Toà nhà 7 tầng Dòng tiền, sinh lời ngay khi mua vào, VIP","25,5 tỷ","88, Đường Phạm Tuấn Tài, Phường Dịch Vọng Hậu, Quận Cầu Giấy, Hà Nội",52 m²,10 phòng,10 WC,7,Sổ đỏ,31-10-2025
"HOÀNG QUỐC VIỆT, 6 TẦNG THANG MÁY, ÔTÔ NGÀY ĐÊM, FULL ĐỒ NT,KINH DOANH",17 tỷ,"Phường Nghĩa Đô, Quận Cầu Giấy, Hà Nội",51 m²,9 phòng,N/A,6,Sổ đỏ,23-10-2025
"Bán Nhanh Khúc Thừa Dụ, Thang máy, 49M, 7 Tầng, 4,1m Mt, giá 18,5 tỷ","18,5 tỷ","Đường Khúc Thừa Dụ, Phường Dịch Vọng, Quận Cầu Giấy, Hà Nội",49 m²,5 phòng,N/A,7,Sổ đỏ,28-10-2025
Lô Góc Cầu Giấy 38m2 - 5 Tầng - Sổ Vuông - Gần Phố - Ở Ngay - 8 Tỷ,8 tỷ,"Phường Nghĩa Đô, Quận Cầu Giấy, Hà Nội",38 m² (3.8x10.0),3 phòng,4 WC,5,Giấy tờ hợp lệ,24-10-2025
"Bán nhà riêng khu phân lô Nghĩa Tân, ngõ hẻm, 30m2X6 tầng.",11 tỷ,"Phường Nghĩa Tân, Quận Cầu Giấy, Hà Nội",30 m² (5.0x6.0),4 phòng,5 WC,N/A,Giấy tờ hợp lệ,24-10-2025
"Bán nhà Hồ Tùng Mậu, Nam Từ Liêm, Nhà dân xây, lô góc, 42 m², 7 tỷ 5","7,5 tỷ","Phường Mai Dịch, Quận Cầu Giấy, Hà Nội",42 m² (4.0x10.0),5 phòng,N/A,5,Giấy tờ hợp lệ,24-10-2025
CẦN BÁN GÁP NHÀ 6 TẦNG THANG MÁY CẦU GIẤY 38m2 HƠN 10 TỶ,10 tỷ,"Phường Mai Dịch, Quận Cầu Giấy, Hà Nội",38 m²,3 phòng,N/A,6,Giấy tờ hợp lệ,24-10-2025
BÁN NHÀ CẦU GIẤY - NHÀ ĐẸP GẦN PHỐ - VỊ TRÍ VÀNG - DÒNG TIỀN ỔN ĐỊNH,"8,3 tỷ","Phường Mai Dịch, Quận Cầu Giấy, Hà Nội",33 m²,5 phòng,5 WC,6,Giấy tờ hợp lệ,24-10-2025
BÁN NHÀ CẦU GIẤY - VỊ TRÍ VÀNG - 2 OTO TRÁNH - 3 MẶT THOÁNG - Ở NGAY,"32,5 tỷ","Phường Nghĩa Đô, Quận Cầu Giấy, Hà Nội",58 m²,8 phòng,7 WC,7,Giấy tờ hợp lệ,24-10-2025
BÁN NHÀ TRẦN QUỐC VƯỢNG – THANG MÁY – DOANH THU 60 TRIỆU/THÁNG – 12,12 tỷ,"Phường Dịch Vọng Hậu, Quận Cầu Giấy, Hà Nội",38.6 m²,10 phòng,N/A,6,Giấy tờ hợp lệ,24-10-2025
MẶT PHỐ HỒ TÙNG MẬU CẦU GIẤY 100m MT4.5m GIA 33 Ty5,"33,5 tỷ","Phường Mai Dịch, Quận Cầu Giấy, Hà Nội",100 m² (5.0x22.0),2 phòng,2 WC,2,Giấy tờ hợp lệ,24-10-2025
"💎 BÁN NHÀ MỚI KOONG – XUÂN THỦY, CẦU GIẤY – 6 TẦNG THANG MÁY, FULL NỘI","12,95 tỷ","Phường Dịch Vọng Hậu, Quận Cầu Giấy, Hà Nội",34 m²,3 phòng,4 WC,6,Giấy tờ hợp lệ,24-10-2025
"Lô Góc 2 Thoáng Cầu Giấy 40m2 - 5 Tầng - Ngõ Thông - Gần Phố - 8,8 Tỷ","8,8 tỷ","Phường Nghĩa Đô, Quận Cầu Giấy, Hà Nội",40 m² (4.0x10.0),3 phòng,4 WC,5,Giấy tờ hợp lệ,24-10-2025
BÁN NHÀ CẦU GIẤY - LÔ GÓC 2 MẶT - OTO CON ĐỖ CỬA - VÀI PHÚT RA PHỐ,"7,5 tỷ","Phường Dịch Vọng, Quận Cầu Giấy, Hà Nội",30 m²,2 phòng,2 WC,3,Giấy tờ hợp lệ,24-10-2025
Bán Nhà Lô Góc Dân Xây Ngõ 68 Cầu Giấy- 47m2 Hơn 11 Tỷ,11 tỷ,"Phường Quan Hoa, Quận Cầu Giấy, Hà Nội",47 m²,5 phòng,N/A,5,Giấy tờ hợp lệ,24-10-2025
BÁN NHÀ CẦU GIẤY - 7 TẦNG - OTO ĐỖ CỬA - NỘI THẤT CAO CẤP - Ở NGAY,"25,85 tỷ","Phường Nghĩa Đô, Quận Cầu Giấy, Hà Nội",50 m²,8 phòng,7 WC,7,Giấy tờ hợp lệ,24-10-2025
"SIÊU PHẨM NGUYỄN PHONG SẮC,CẦU GIẤY KINH DOANH 15.2 TỶ","15,2 tỷ","22, Đường Nguyễn Phong Sắc, Phường Dịch Vọng, Quận Cầu Giấy, Hà Nội",22 m²,N/A,N/A,6,Sổ đỏ,28-10-2025
"BÁN NHÀ LÔ GÓC NGÕ HOÀNG QUỐC VIỆT-OTO TRÁNH-THANG MÁY, 32,5 TỈ","32,5 tỷ","Phường Nghĩa Đô, Quận Cầu Giấy, Hà Nội",58 m²,8 phòng,N/A,7,Giấy tờ hợp lệ,24-10-2025
CC cần bán nhà MP Tô Hiệu - Cầu Giấy. DT 90m2X5T MT 6m đường hè 15m,"46,8 tỷ","Đường Tô Hiệu, Phường Nghĩa Tân, Quận Cầu Giấy, Hà Nội",90 m²,5 phòng,4 WC,5,Sổ đỏ,12-07-2025
"BÁN NHÀ NGHĨA TÂN OTO TRÁNH , VỊ TRÍ VÀNG",10 tỷ,"Phường Nghĩa Tân, Quận Cầu Giấy, Hà Nội",31 m²,N/A,N/A,3,Sổ hồng,28-10-2025
BÁN NHÀ-CẦU GIẤY-NGÕ THÔNG KINH DOANH-VÀO Ở LUÔN,"19,8 tỷ","Phường Nghĩa Tân, Quận Cầu Giấy, Hà Nội",35 m²,3 phòng,4 WC,7,Giấy tờ hợp lệ,23-10-2025
BÁN NHÀ HOÀNG QUỐC VIỆT - THANG MÁY - NGÕ THÔNG KINH DOANH,"19,8 tỷ","Phường Nghĩa Đô, Quận Cầu Giấy, Hà Nội",31 m² (4.0x7.8),3 phòng,N/A,7,Giấy tờ hợp lệ,23-10-2025
"Bán nhà Doãn Kế Thiện, 80m² 14.5 tỷ, ôtô vào nhà, gần phố, ở sướng","14,5 tỷ","Phường Mai Dịch, Quận Cầu Giấy, Hà Nội",80 m²,4 phòng,4 WC,N/A,Giấy tờ hợp lệ,23-10-2025
BÁN NHÀ Ở HOÀNG QUỐC VIỆT - NHÀ PHÂN LÔ 7 TẦNG THANG MÁY - NGÕ THÔNG,"19,8 tỷ","Phường Nghĩa Đô, Quận Cầu Giấy, Hà Nội",31 m²,4 phòng,N/A,7,Giấy tờ hợp lệ,23-10-2025
Siêu Phẩm Trần Quốc Hoàn – Phân Lô – Vỉa Hè – Ô Tô Vào Nhà,17 tỷ,"Phường Dịch Vọng Hậu, Quận Cầu Giấy, Hà Nội",52 m²,4 phòng,4 WC,5,Giấy tờ hợp lệ,23-10-2025
CẦN BÁN NHÀ PHỐ TRẦN THÁI TÔNG-09 PHÒNG CCMN KHÉP KÍN-DÒNG TIỀN 50T/th,15 tỷ,"Phường Dịch Vọng Hậu, Quận Cầu Giấy, Hà Nội",52 m²,9 phòng,7 WC,5,Giấy tờ hợp lệ,23-10-2025
SIÊU PHẨM HOÀNG QUỐC VIỆT - Ô TÔ VÀO NHÀ - 7 TẦNG - DT 60M - THANG MÁY,"29,8 tỷ","Phường Nghĩa Đô, Quận Cầu Giấy, Hà Nội",60 m² (4.4x13.6),2 phòng,5 WC,7,Giấy tờ hợp lệ,23-10-2025
CẦU GIẤY – NHÀ MỚI 6 TẦNG – Ô TÔ NGỦ TRONG NHÀ,"19,2 tỷ","Phường Quan Hoa, Quận Cầu Giấy, Hà Nội",70 m²,6 phòng,4 WC,6,Giấy tờ hợp lệ,23-10-2025
SIÊU PHẨM PHÙNG CHÍ KIÊN - VỊ TRÍ ĐẸP - DÂN TRÍ CAO - KINH DOANH TỐT,"25,85 tỷ","Phường Nghĩa Đô, Quận Cầu Giấy, Hà Nội",50 m² (3.7x13.5),8 phòng,N/A,7,Giấy tờ hợp lệ,23-10-2025
BÁN NHÀ CẦU GIẤY - NGÕ THÔNG - OTO ĐỖ CỬA - KINH DOANH - 7X THANG MÁY,"29,8 tỷ","Phường Nghĩa Đô, Quận Cầu Giấy, Hà Nội",57.4 m²,6 phòng,6 WC,7,Giấy tờ hợp lệ,23-10-2025
Phùng Chí Kiên - Hoàng Quốc Việt 5 TẦNG PHÂN LÔ Ô TÔ - CHỈ NHỈNH 8TỶ,"8,7 tỷ","Phường Nghĩa Đô, Quận Cầu Giấy, Hà Nội",33 m²,4 phòng,4 WC,5,Giấy tờ hợp lệ,23-10-2025
Cần bán nhà rộng nhất phố Yên Hoà 64m2 - 5 Tầng thang máy,"18,2 tỷ","Phường Yên Hòa, Quận Cầu Giấy, Hà Nội",64 m²,11 phòng,7 WC,5,Giấy tờ hợp lệ,23-10-2025
NHÀ ĐẸP TT CẦU GIẤY – 6T THANG MÁY – 2 MẶT THOÁNG – KINH DOANH ĐỈNH,"9,35 tỷ","Phường Yên Hòa, Quận Cầu Giấy, Hà Nội",34 m²,4 phòng,5 WC,6,Giấy tờ hợp lệ,23-10-2025
SIÊU PHẨM NGUYỄN KHANG – 8T TM – THÔNG SÀN – PCCC FULL – VỈA HÈ RỘNG,"69,6 tỷ","Phường Yên Hòa, Quận Cầu Giấy, Hà Nội",79 m²,6 phòng,6 WC,8,Giấy tờ hợp lệ,23-10-2025
BÁN NHÀ NGÕ 389 HOÀNG QUỐC VIỆT- PHÂN LÔ- Ô TÔ - 7 TẦNG - THANG MÁY,"19,8 tỷ","Phường Nghĩa Tân, Quận Cầu Giấy, Hà Nội",31 m² (4.0x8.7),3 phòng,4 WC,7,Giấy tờ hợp lệ,23-10-2025
"Lô Góc Cầu Giấy 32m2 - 5 Tầng - Gần Phố - Tiện Ích - Giá 7,8 Tỷ","7,8 tỷ","Phường Quan Hoa, Quận Cầu Giấy, Hà Nội",32 m² (3.2x10.0),3 phòng,4 WC,5,Giấy tờ hợp lệ,23-10-2025
"Lô Góc Cầu Giấy 40m2 - 4 Tầng - Gần Phố - Ngõ Thông - Giá 8,3 Tỷ","8,3 tỷ","Phường Mai Dịch, Quận Cầu Giấy, Hà Nội",40 m² (4.0x10.0),4 phòng,3 WC,4,Giấy tờ hợp lệ,23-10-2025
"Bán nhà Đường Võ Chí Công , 40m tặng full nội thất cao cấp",8 tỷ,"Phường Nghĩa Đô, Quận Cầu Giấy, Hà Nội",40 m²,4 phòng,5 WC,5,Giấy tờ hợp lệ,23-10-2025
🏡☘️ TOÀ CCMN 5 TẦNG - NGÕ NÔNG THOÁNG - 9 PHÒNG  FULL NỘI THẤT 12 Tỷ,"12,5 tỷ","Phường Mai Dịch, Quận Cầu Giấy, Hà Nội",54 m²,9 phòng,7 WC,5,Giấy tờ hợp lệ,23-10-2025
Căn CỰC HIẾM còn xót tại Cầu Giấy ở thời điểm hiện tại,Thỏa thuận,"Đường Trung Yên, Phường Yên Hòa, Quận Cầu Giấy, Hà Nội",30 m²,3 phòng,4 WC,5,Sổ đỏ,26-10-2025
Liền Kề Cao Cấp Phố Nguyễn Chánh - 120m2 View Công Viên - Bảo Vệ 24/7,63 tỷ,"Đường Nguyễn Chánh, Phường Trung Hòa, Quận Cầu Giấy, Hà Nội",120 m² (6.0x20.0),5 phòng,5 WC,5,Sổ đỏ,26-10-2025
BÁN NHÀ PHẠM VĂN ĐỒNG NGÕ THÔNG - LÔ GÓC -SÁT PHỐ HOÀNG QUỐC VIỆT KÉO,"13,5 tỷ","Phường Mai Dịch, Quận Cầu Giấy, Hà Nội",44 m² (5.0x9.0),4 phòng,4 WC,6,Giấy tờ hợp lệ,22-10-2025
"Bán nhà Dịch Vọng,Cầu Giấy,7tầng,ô tô, kinhdoanh,thoáng sáng,50m²,18tỷ",18 tỷ,"Phường Dịch Vọng, Quận Cầu Giấy, Hà Nội",50 m² (4.2x12.0),5 phòng,5 WC,7,Giấy tờ hợp lệ,22-10-2025
"Nhà 6 tầng thang máy Hoàng Quốc Việt, ô tô vào tận nhà",17 tỷ,"Phường Nghĩa Tân, Quận Cầu Giấy, Hà Nội",58 m²,4 phòng,4 WC,6,Giấy tờ hợp lệ,22-10-2025
BÁN NHÀ CẦU GIẤY NGÕ THÔNG - KINH DOANH NHỎ - 10M RA Ô TÔ,"10,6 tỷ","Phường Quan Hoa, Quận Cầu Giấy, Hà Nội",32 m² (3.7x9.0),3 phòng,4 WC,6,Giấy tờ hợp lệ,22-10-2025
BÁN NHÀ CẦU GIẤY - VỊ TRÍ ĐẸP - GIÔNG THÔNG THUẬN TIỆN - Ở NGAY,"9,8 tỷ","Phường Yên Hòa, Quận Cầu Giấy, Hà Nội",34 m²,3 phòng,N/A,5,Giấy tờ hợp lệ,22-10-2025
TRUNG TÂM CẦU GIẤY - NHÀ ĐẸP CHỦ XÂY TÂM HUYẾT - 5 TẦNG ĐỦ CÔNG NĂNG,7 tỷ,"Phường Quan Hoa, Quận Cầu Giấy, Hà Nội",30 m²,3 phòng,4 WC,5,Giấy tờ hợp lệ,22-10-2025
BÁN TOÀ NHÀ DÒNG TIỀN CẦU GIẤY - LÔ GÓC - 14 PHÒNG KHÉP KÍN,"15,9 tỷ","Phường Quan Hoa, Quận Cầu Giấy, Hà Nội",56 m² (5.3x11.0),11 phòng,7 WC,6,Giấy tờ hợp lệ,22-10-2025
VÀI BƯỚC RA OTO - TRUNG TÂM CẦU GIẤY - SỬ DỤNG 42M - NỘI THẤT CAO CẤP,"8,59 tỷ","Phường Mai Dịch, Quận Cầu Giấy, Hà Nội",42 m²,4 phòng,3 WC,N/A,Giấy tờ hợp lệ,22-10-2025
BÁN NHÀ CẦU GIẤY - NGÕ RỘNG - VỊ TRỊ ĐẸP - GIÁ ĐẦU TƯ,"6,5 tỷ","Phường Nghĩa Đô, Quận Cầu Giấy, Hà Nội",36 m²,3 phòng,4 WC,5,Giấy tờ hợp lệ,22-10-2025
BÁN NHÀ VÕ CHÍ CÔNG GẦN PHỐ - NGÕ RỘNG GẦN 3M THOÁNG SÁNG,"9,5 tỷ","Phường Nghĩa Đô, Quận Cầu Giấy, Hà Nội",31 m² (4.2x7.8),3 phòng,4 WC,6,Giấy tờ hợp lệ,22-10-2025
OTO DỪNG ĐỖ NGÀY ĐÊM - 10M RA MẶT PHỐ HOÀNG QUỐC VIỆT - ĐẦU TƯ ĐỈNH,"19,36 tỷ","Phường Nghĩa Tân, Quận Cầu Giấy, Hà Nội",90 m²,6 phòng,5 WC,N/A,Giấy tờ hợp lệ,22-10-2025
SIÊU PHẨM NHÀ XÂY MỚI CẦU GIẤY - THANG MÁY,9 tỷ,"Phường Quan Hoa, Quận Cầu Giấy, Hà Nội",38 m²,3 phòng,5 WC,6,Giấy tờ hợp lệ,22-10-2025
"Bán nhà Nghĩa tân, Cầu giấy, phân lô, ô tô, vỉa hè, NT đẹp, 30m²,1x tỷ",10 tỷ,"Phường Nghĩa Tân, Quận Cầu Giấy, Hà Nội",30 m² (3.8x9.0),6 phòng,N/A,5,Giấy tờ hợp lệ,22-10-2025
🔥TRUNG TÂM CẦU GIẤY - NHÀ ĐẸP LỘNG LẪY - LÔ GÓC THOÁNG SÁNG,8 tỷ,"Phường Quan Hoa, Quận Cầu Giấy, Hà Nội",35 m²,3 phòng,4 WC,5,Giấy tờ hợp lệ,22-10-2025
TRẦN DUY HƯNG - MẶT TIỀN 5M - 6 TẦNG THANG MÁY - CÓ GARA OTO,"22,5 tỷ","Phường Trung Hòa, Quận Cầu Giấy, Hà Nội",44.1 m²,3 phòng,4 WC,N/A,Giấy tờ hợp lệ,22-10-2025
Tôi cần bán nhà mặt ngõ ô tô chánh Hoàng Quốc Việt 6tầng thang máy .,"26,45 tỷ","Phường Nghĩa Đô, Quận Cầu Giấy, Hà Nội",60 m²,8 phòng,6 WC,6,Giấy tờ hợp lệ,22-10-2025
SIÊU PHẨM TRUNG TÂM CẦU GIẤY – NHÀ ĐẸP NHƯ MƠ–SÂN RỘNG–GIÁ CHỈ 11.5 TỶ,"11,5 tỷ","Phường Dịch Vọng, Quận Cầu Giấy, Hà Nội",38 m²,4 phòng,2 WC,4,Giấy tờ hợp lệ,22-10-2025
PHỐ DOÃN KẾ THIỆN -NHÀ MỚI- NÔI THẤT XỊN -VÀI BƯỚC CHÂN RA Ô TÔ TRÁNH,"8,6 tỷ","Phường Mai Dịch, Quận Cầu Giấy, Hà Nội",43 m² (4.0x11.0),4 phòng,5 WC,5,Giấy tờ hợp lệ,22-10-2025
"Bán nhà Hồ Tùng Mậu, 42m², 8 tỷ nhỉnh, nhà dân xây, gần phố, lô góc","8,45 tỷ","Phường Mai Dịch, Quận Cầu Giấy, Hà Nội",42 m²,4 phòng,4 WC,N/A,Giấy tờ hợp lệ,22-10-2025
MẶT TIỀN KINH DOANH-TRUNG TÂM CẦU GIẤY - NHÀ ĐẸP Ở NGAY - ÔTÔ VÀO NHÀ,"15,8 tỷ","Phường Quan Hoa, Quận Cầu Giấy, Hà Nội",46 m²,5 phòng,4 WC,6,Giấy tờ hợp lệ,22-10-2025
"Nhà đẹp Cầu Giấy DT 30m, MT 6m","7,7 tỷ","Phường Dịch Vọng, Quận Cầu Giấy, Hà Nội",30 m²,4 phòng,N/A,5,Giấy tờ hợp lệ,21-10-2025
"Bán nhà phố Yên Hoà, DT 65m2 x 3 tầng, MT 6,4m, cách ô tô 20m, phù hợp",13 tỷ,"Đường Hoa Bằng, Phường Yên Hòa, Quận Cầu Giấy, Hà Nội",65 m²,N/A,N/A,3,Sổ đỏ,06-10-2025
BÁN NHÀ CẦU GIẤY -VUÔNG VỨC NỞ HẬU,"11,5 tỷ","Phường Nghĩa Tân, Quận Cầu Giấy, Hà Nội",38 m²,4 phòng,2 WC,4,Giấy tờ hợp lệ,21-10-2025
BÁN NHÀ NGHĨA ĐÔ – NGÕ BA GÁC ĐUA – Ở HAY CHO THUÊ ĐỀU ĐỈNH,"7,4 tỷ","Phường Nghĩa Đô, Quận Cầu Giấy, Hà Nội",37 m²,3 phòng,N/A,5,Giấy tờ hợp lệ,21-10-2025
BÁN  NHÀ DÒNG TIỀN KHỦNG – LÔ GÓC--CÁCH PHỐ VÕ CHÍ CÔNG 10M,79 tỷ,"Phường Nghĩa Đô, Quận Cầu Giấy, Hà Nội",176 m²,11 phòng,7 WC,9,Giấy tờ hợp lệ,21-10-2025
SIÊU PHẨM TRẦN DUY HƯNG - PHÂN LÔ - NGÕ THÔNG - KINH DOANH ĐỈNH,"15,2 tỷ","Phường Trung Hòa, Quận Cầu Giấy, Hà Nội",43.8 m² (3.6x12.0),7 phòng,2,5,Giấy tờ hợp lệ,21-10-2025
"BÁN NHÀ CẦU GIẤY DÂN XÂY LÔ GÓC, MẶT NGÕ BA GÁC 100M RA PHỐ","7,8 tỷ","Phường Dịch Vọng, Quận Cầu Giấy, Hà Nội",27 m²,3 phòng,4 WC,5,Giấy tờ hợp lệ,21-10-2025
SIÊU PHẨM YÊN HOÀ - Ô TÔ ĐỖ CỬA - KHÔNG CÓ CĂN THỨ 2,"13,5 tỷ","Phường Yên Hòa, Quận Cầu Giấy, Hà Nội",39 m²,3 phòng,N/A,5,Giấy tờ hợp lệ,21-10-2025
BÁN NHÀ 7 TẦNG CẦU GIẤY– PHÂN LÔ – Ô TÔ TRÁNH – KINH DOANH - VĂN PHÒNG,24 tỷ,"Phường Dịch Vọng Hậu, Quận Cầu Giấy, Hà Nội",45 m² (4.0x11.0),4 phòng,7 WC,7,Giấy tờ hợp lệ,21-10-2025
"BÁN NHÀ CẦU GIẤY DÂN XÂY GẦN PHỐ, Ô TÔ, BA GÁC ĐỖ CỬA, FULL NỘI THẤT","10,6 tỷ","Phường Dịch Vọng, Quận Cầu Giấy, Hà Nội",42 m²,4 phòng,3 WC,4,Giấy tờ hợp lệ,21-10-2025
"7,5 TỶ-NHÀ NGÕ 79 CẦU GIẤY-28M-5 TẦNG-CÁCH Ô TÔ 1OM-NGÕ BA GÁC .","7,5 tỷ","Phường Quan Hoa, Quận Cầu Giấy, Hà Nội",28 m²,3 phòng,N/A,5,Giấy tờ hợp lệ,21-10-2025
NHÀ CẠNH MẶT PHỐ - NGÕ THÔNG - THOÁNG SÁNG - 3 BƯỚC RA MẶT ĐƯỜNG,"9,8 tỷ","Phường Trung Hòa, Quận Cầu Giấy, Hà Nội",35 m² (6.0x5.6),3 phòng,4 WC,5,Giấy tờ hợp lệ,21-10-2025
"HÀNG ĐỘC! VIP CẦU GIẤY, 52m2, MT 4.3m, GẦN PHỐ, 2 THOÁNG, Ở SƯỚNG","9,4 tỷ","Phường Yên Hòa, Quận Cầu Giấy, Hà Nội",52 m²,4 phòng,4 WC,4,Giấy tờ hợp lệ,21-10-2025
PHÂN LÔ QUÂN ĐỘI - Ô TÔ TRÁNH - DIỆN TÍCH RỘNG -VIEW BẢO TẦNG DÂN TỘC.,"18,5 tỷ","Phường Nghĩa Đô, Quận Cầu Giấy, Hà Nội",60 m² (4.0x15.0),6 phòng,7 WC,5,Giấy tờ hợp lệ,21-10-2025
"NHÀ DƯƠNG QUẢNG HÀM-CẦU GIẤY- 38M- 6 TẦNG- MT 7,8M- 9,5 TỶ -GẦN Ô TÔ-","9,5 tỷ","Phường Quan Hoa, Quận Cầu Giấy, Hà Nội",38 m²,4 phòng,N/A,6,Giấy tờ hợp lệ,21-10-2025
Bán Gấp Nhà Cầu Giấy 6Tầng Thang Máy-40m2 Xây Mới Nhỉnh 9 Tỷ,9 tỷ,"Phường Quan Hoa, Quận Cầu Giấy, Hà Nội",40 m²,3 phòng,N/A,6,Giấy tờ hợp lệ,21-10-2025
BÁN NHÀ CẦU GIẤY - DÂN XÂY CHẮC CHẮN - 4 TẦNG - NỞ HẬU - Ở NGAY,"11,5 tỷ","Phường Quan Hoa, Quận Cầu Giấy, Hà Nội",38 m²,4 phòng,3 WC,4,Giấy tờ hợp lệ,21-10-2025
"145m2 9 tầng mặt 7,1m 109 Tỷ Quan Hoa Cầu Giấy",109 tỷ,"Phường Quan Hoa, Quận Cầu Giấy, Hà Nội",145 m²,11 phòng,7 WC,9,Giấy tờ hợp lệ,21-10-2025
"Siêu phẩm Cầu Giấy, Đầu tư sinh lời, ô tô đậu cửa,DT 141m, giá 38,5 tỷ","38,5 tỷ","Phường Quan Hoa, Quận Cầu Giấy, Hà Nội",141 m² (8.4x17.2),6 phòng,N/A,5,Giấy tờ hợp lệ,21-10-2025
NHÀ ĐẸP LỘNG LẪY CẦU GIẤY - LÔ GÓC THOÁNG SÁNG - DÂN XÂY CHẮC CHẮN,"11,5 tỷ","Phường Quan Hoa, Quận Cầu Giấy, Hà Nội",45 m² (4.0x11.0),4 phòng,4 WC,4,Giấy tờ hợp lệ,21-10-2025
BÁN NHÀ-CẦU GIẤY-NGÕ ĐẸP-VÀO Ở LUÔN,"11,5 tỷ","Phường Quan Hoa, Quận Cầu Giấy, Hà Nội",38 m²,4 phòng,3 WC,4,Giấy tờ hợp lệ,21-10-2025
BÁN NHANH NHÀ NGÕ 79 CẦU GIẤY - DT38m - GẦN Ô TÔ,"11,5 tỷ","Phường Dịch Vọng, Quận Cầu Giấy, Hà Nội",38 m² (3.5x11.0),4 phòng,3 WC,4,Giấy tờ hợp lệ,21-10-2025
SIÊU PHẨM TRẦN CUNG - 37M - NHỈNH 7 TỶ - DÂN XÂY CHẮC CHẮN - Ở/ THUÊ,"7,4 tỷ","Phường Nghĩa Tân, Quận Cầu Giấy, Hà Nội",37 m²,3 phòng,4 WC,5,Giấy tờ hợp lệ,21-10-2025
BÁN NHÀ TRUNG TÂM CẦU GIẤY – NHÀ ĐẸP LỘNG LẪY – NỞ HẬU TÀI LỘC,"11,5 tỷ","Phường Quan Hoa, Quận Cầu Giấy, Hà Nội",38 m²,4 phòng,4 WC,4,Giấy tờ hợp lệ,21-10-2025
Bán nhà Hồ Tùng Mậu- 8.45 tỷ - 41m² - Gần phố - lô góc dân xây,"8,45 tỷ","Phường Mai Dịch, Quận Cầu Giấy, Hà Nội",41 m² (3.5x12.0),4 phòng,4 WC,N/A,Giấy tờ hợp lệ,21-10-2025
Nhà Hoàng Quốc Việt có gara riêng nhỉnh 8 tỷ,"8,5 tỷ","Phường Nghĩa Đô, Quận Cầu Giấy, Hà Nội",35 m²,3 phòng,N/A,4,Giấy tờ hợp lệ,21-10-2025
BÁN NHÀ HOÀNG QUỐC VIỆT-  PHÂN LÔ  – 7 TẦNG THANG MÁY – NGÕ THÔNG,"19,8 tỷ","Phường Nghĩa Đô, Quận Cầu Giấy, Hà Nội",35 m²,4 phòng,5 WC,7,Giấy tờ hợp lệ,20-10-2025
CC bán BT lô góc 3 mặt thoáng 240m2 MT 20m phố Trần Thái Tông,127 tỷ,"Đường Trần Thái Tông, Phường Dịch Vọng Hậu, Quận Cầu Giấy, Hà Nội",236 m²,6 phòng,6 WC,5,Sổ đỏ,24-10-2025
BÁN NHÀ YÊN HOÀ – 43M² GẦN PHỐ ÔTÔ– VỪA Ở VỪA KINH DOANH DÒNG TIỀN,"8,8 tỷ","Đường Yên Hòa, Phường Yên Hòa, Quận Cầu Giấy, Hà Nội",40 m²,4 phòng,5 WC,5,Sổ đỏ,24-10-2025
BÁN NHÀ HOÀNG QUỐC VIỆT – PHÂN LÔ KINH DOANH – 7 TẦNG THANG MÁY,"19,8 tỷ","Phường Nghĩa Đô, Quận Cầu Giấy, Hà Nội",35 m²,4 phòng,5 WC,7,Giấy tờ hợp lệ,20-10-2025
NHÀ NGHĨA ĐÔ- HQV- TRẦN CUNG - 40Mx5T-MT3.9M 4 NGỦ-3 GÁC ĐUA - GẦN PHỐ,"7,4 tỷ","Phường Nghĩa Đô, Quận Cầu Giấy, Hà Nội",40 m²,4 phòng,5 WC,5,Giấy tờ hợp lệ,20-10-2025
"NHÀ ĐẸP NGUYỄN KHANG-31M2-4 TẦNG-8,450 TỶ-NGÕ NÔNG-VÀI BƯỚC CHÂN RA  H","8,45 tỷ","Phường Yên Hòa, Quận Cầu Giấy, Hà Nội",31 m²,3 phòng,N/A,4,Giấy tờ hợp lệ,20-10-2025
BÁN NHÀ CẦU GIẤY THANG MÁY 6 TẦNG-38m2 HƠN 10 TỶ,10 tỷ,"Phường Mai Dịch, Quận Cầu Giấy, Hà Nội",38 m²,3 phòng,N/A,6,Giấy tờ hợp lệ,20-10-2025
"NHÀ MỚI NGUYỄN ĐÌNH HOÀN, Ô TÔ THANG MÁY 6 TẦNG NGÕ THÔNG, 45M2 18.5TỶ","18,5 tỷ","Phường Nghĩa Đô, Quận Cầu Giấy, Hà Nội",45 m² (4.5x10.0),5 phòng,6 WC,6,Giấy tờ hợp lệ,20-10-2025
SIÊU PHẨM  HỒ TÙNG MẬU - GARA OTO - CÓ THANG MÁY - VỊ TRÍ THUẬN TIỆN,"19,5 tỷ","Phường Mai Dịch, Quận Cầu Giấy, Hà Nội",42 m² (5.7x7.3),4 phòng,N/A,7,Giấy tờ hợp lệ,20-10-2025
BÁN NHÀ HOÀNG QUỐC VIỆT - Ô TÔ VÒNG QUANH -PHÂN LÔ-7 TẦNG THANG MÁY,"29,8 tỷ","Phường Nghĩa Đô, Quận Cầu Giấy, Hà Nội",60 m²,6 phòng,7 WC,7,Giấy tờ hợp lệ,20-10-2025
"HIẾM, MẶT PHỐ CẦU GIẤY - KINH DOANH - MẶT TIỀN 5,2M CHO THUÊ ĐỈNH CAO","20,38 tỷ","Phường Dịch Vọng, Quận Cầu Giấy, Hà Nội",25 m²,2 phòng,2 WC,3,Giấy tờ hợp lệ,20-10-2025
NHÀ ĐẸP Ở NGAY - TRUNG TÂM CẦU GIẤY - SD 43M - NỘI THẤT CAO CẤP,"8,6 tỷ","Phường Mai Dịch, Quận Cầu Giấy, Hà Nội",43 m²,4 phòng,5 WC,N/A,Giấy tờ hợp lệ,20-10-2025
BÁN NHÀ Ở CẦU GIẤY - 50M2 RỘNG - 7 TẦNG THANG MÁY - OTO ĐỖ CỬA VÔ NHÀ,"25,85 tỷ","Phường Nghĩa Đô, Quận Cầu Giấy, Hà Nội",50 m²,4 phòng,N/A,7,Giấy tờ hợp lệ,20-10-2025
NHÀ PHỐ DOÃN KẾ THIỆN-CẦU GIẤY-35M2-5 TẦNG-VÀI BƯỚC CHÂN RA Ô TÔ .,"8,6 tỷ","Phường Mai Dịch, Quận Cầu Giấy, Hà Nội",35 m²,3 phòng,N/A,5,Giấy tờ hợp lệ,20-10-2025
Bán nhà dân xây 5t Ngõ 155 Cầu Giấy 7.7ty,"7,7 tỷ","Phường Yên Hòa, Quận Cầu Giấy, Hà Nội",35 m²,3 phòng,3 WC,5,Giấy tờ hợp lệ,20-10-2025
BÁN NHÀ-CẦU GIẤY-NGÕ TRƯỚC NHÀ RỘNG-XÁCH VALI VÀO Ở LUÔN,"14,8 tỷ","Phường Nghĩa Đô, Quận Cầu Giấy, Hà Nội",40 m²,3 phòng,4 WC,5,Giấy tờ hợp lệ,20-10-2025
Bán nhà Hồ Tùng Mậu - 40m2 - 4 tầng - dân xây - 7 phòng cho thuê,"7,9 tỷ","Phường Mai Dịch, Quận Cầu Giấy, Hà Nội",40 m² (4.0x10.0),7 phòng,6 WC,4,Giấy tờ hợp lệ,20-10-2025
SIÊU PHẨM  PHỐ DOÃN KẾ THIỆN - NHÀ ĐẸP LONG LANH - NÔI THẤT XỊN SÒ,"8,6 tỷ","Phường Mai Dịch, Quận Cầu Giấy, Hà Nội",35 m² (3.0x11.0),4 phòng,N/A,4,Giấy tờ hợp lệ,20-10-2025
🔥 TRUNG TÂM CẦU GIẤY - Nhà Đẹp Ở Ngay-Tiện Ích Phủ Kín-An sinh,15 tỷ,"Phường Yên Hòa, Quận Cầu Giấy, Hà Nội",75 m² (4.0x20.0),8 phòng,3 WC,5,Giấy tờ hợp lệ,20-10-2025
BÁN NHÀ PHÂN LÔ Ở CẦU GIẤY - NHÀ XÂY MỚI CÓ THANG MÁY - OTO ĐỖ CỬA,"29,8 tỷ","Phường Nghĩa Đô, Quận Cầu Giấy, Hà Nội",57.5 m²,4 phòng,N/A,7,Giấy tờ hợp lệ,20-10-2025
BÁN NHÀ LẠC LONG QUÂN – 40M² – 5T – MT 3.9M – GIÁ 14.8 TỶ – CẦU GIẤY,"14,8 tỷ","Phường Nghĩa Đô, Quận Cầu Giấy, Hà Nội",40 m²,3 phòng,N/A,5,Giấy tờ hợp lệ,20-10-2025
SIÊU PHẨM NGHĨA ĐÔ- NGÕ BA GÁC ĐUA - 1 NGOẶT ĐẾN NHÀ - HX KĐT NAM,"7,4 tỷ","Phường Nghĩa Đô, Quận Cầu Giấy, Hà Nội",37 m² (3.7x10.0),3 phòng,4 WC,5,Giấy tờ hợp lệ,20-10-2025
BÁN NHÀ VÕ CHÍ CÔNG - NGÕ THOÁNG SÁNG  - CHỈ CẦN CÁCH VALI VỀ Ở LUÔN,"9,5 tỷ","Phường Nghĩa Đô, Quận Cầu Giấy, Hà Nội",31 m² (4.2x7.3),3 phòng,N/A,6,Giấy tờ hợp lệ,20-10-2025
Tôi cần bán nhà mới koong 6tầng thang máy mặt ngõ ô tô chánh đỗ.,"18,56 tỷ","Phường Quan Hoa, Quận Cầu Giấy, Hà Nội",40 m²,6 phòng,6 WC,6,Giấy tờ hợp lệ,20-10-2025
"Bán nhà phân lô ô tô, Gara,Cầu Giấy, D/T: 51m2,6T thang máy, ở tốt K/D","23,6 tỷ","Phường Nghĩa Đô, Quận Cầu Giấy, Hà Nội",51 m²,5 phòng,5 WC,6,Giấy tờ hợp lệ,20-10-2025
Bán nhà Hồ Tùng Mậu - 41m - 8.45 tỷ - lô góc - dân xây - full nội thất,"8,4 tỷ","Phường Mai Dịch, Quận Cầu Giấy, Hà Nội",41 m²,4 phòng,5 WC,N/A,Giấy tờ hợp lệ,20-10-2025
Siêu phẩm YÊN HÒA - Xách Vali về ở ngay - giá *** khu vực,"9,55 tỷ","Phường Yên Hòa, Quận Cầu Giấy, Hà Nội",30 m²,3 phòng,N/A,5,Giấy tờ hợp lệ,20-10-2025
Phố Nguyễn Khang - Cần Bán luôn - Nhà 7 tầng Có thang máy - Kinh doanh,15 tỷ,"Phường Yên Hòa, Quận Cầu Giấy, Hà Nội",51.4 m²,2 phòng,5 WC,7,Giấy tờ hợp lệ,20-10-2025
HOÀNG QUỐC VIỆT – MẶT PHỐ – 7 TẦNG THANG MÁY – MT 4.36M – GIÁ 29.8 TỶ,"29,8 tỷ","Phường Nghĩa Tân, Quận Cầu Giấy, Hà Nội",60 m²,5 phòng,5 WC,7,Giấy tờ hợp lệ,20-10-2025
BÁN  NHÀ 7 TẦNG THANG MÁY- NGHĨA ĐÔ - Ô TÔ VÀO NHÀ -KINH DOANH ĐỈNH,"25,85 tỷ","Phường Nghĩa Đô, Quận Cầu Giấy, Hà Nội",55 m²,8 phòng,6 WC,6,Giấy tờ hợp lệ,20-10-2025
"NHÀ CẦU GIẤY-34M2-6 TẦNG-MT 4M-9,35 TỶ-HAI THOÁNG TRƯỚC SAU-10M RA","9,35 tỷ","Phường Dịch Vọng, Quận Cầu Giấy, Hà Nội",34 m²,3 phòng,N/A,6,Giấy tờ hợp lệ,20-10-2025
"BÁN NHÀ CẦU GIẤY, GẦN HỒ TÂY, NHÀ XÂY TÂM HUYẾT, FULL NỘI THẤT Ở NGAY","8,25 tỷ","Phường Nghĩa Tân, Quận Cầu Giấy, Hà Nội",32 m²,4 phòng,3 WC,5,Giấy tờ hợp lệ,20-10-2025
"Bán nhà Hồ Tùng Mậu, Cầu Giấy - 8.45 tỷ - 40m - lô góc,gần phố","8,45 tỷ","Phường Mai Dịch, Quận Cầu Giấy, Hà Nội",40 m²,4 phòng,4 WC,N/A,Giấy tờ hợp lệ,20-10-2025
BÁN NHÀ TRẦN CUNG – 37M² – 5 TẦNG – MT 3.9M – GIÁ 7.4 TỶ – CẦU GIẤY,"7,4 tỷ","Phường Nghĩa Đô, Quận Cầu Giấy, Hà Nội",37 m²,3 phòng,3 WC,5,Giấy tờ hợp lệ,20-10-2025
BÁN NHÀ PHÙNG CHÍ KIÊN – 7 TẦNG THANG MÁY – KINH DOANH  – GARA Ô TÔ,"25,85 tỷ","Phường Nghĩa Đô, Quận Cầu Giấy, Hà Nội",55 m²,8 phòng,7 WC,7,Giấy tờ hợp lệ,20-10-2025
"BÁN NHÀ NGUYỄN KHANG NGÕ NÔNG GẦN PHỐ, SÁT HỒ TẶNG NỘI THẤT Ở NGAY","7,9 tỷ","Phường Quan Hoa, Quận Cầu Giấy, Hà Nội",30.1 m²,4 phòng,3 WC,4,Giấy tờ hợp lệ,20-10-2025
"GIÁ 7.6 TỶ!BÁN GẤP NHÀ CẦU GIẤY - HÀ NỘI: 30M², 5 TẦNG - MẶT TIỀN 6.5M","7,6 tỷ","Phường Quan Hoa, Quận Cầu Giấy, Hà Nội",30 m²,4 phòng,N/A,5,Giấy tờ hợp lệ,20-10-2025
BÁN GẤP NHÀ PHỐ NGUYỄN KHANG – TRUNG TÂM CẦU GIẤY,"8,35 tỷ","Phường Yên Hòa, Quận Cầu Giấy, Hà Nội",31 m²,4 phòng,N/A,4,Giấy tờ hợp lệ,20-10-2025
PHÙNG CHÍ KIÊN - 50M2 - 7 TẦNG THANG MÁY - MT 3.68M - GIÁ 25.85 TỶ,"25,85 tỷ","Phường Nghĩa Đô, Quận Cầu Giấy, Hà Nội",55 m²,8 phòng,7 WC,7,Giấy tờ hợp lệ,20-10-2025
"Bán nhà chính chủ Trần Quốc Vượng, Cầu Giấy 61m2 - 4 tầng - 17,5 tỷ","17,5 tỷ","Đường Trần Quốc Vượng, Phường Dịch Vọng, Quận Cầu Giấy, Hà Nội",61.1 m²,N/A,N/A,4,Sổ đỏ,23-10-2025
PHÂN LÔ - OTO TRÁNH - KD SẦM UẤT– SIÊU VĂN PHÒNG,16 tỷ,"Đường Vũ Phạm Hàm, Phường Trung Hòa, Quận Cầu Giấy, Hà Nội",60 m²,6 phòng,5 WC,5,Sổ đỏ,21-07-2025
"Bán nhà phân lô mặt ngõ Nguyễn Phong Sắc 100m2, mt 6m đường ôtô dừng","41,3 tỷ","2, Đường Nguyễn Phong Sắc, Phường Dịch Vọng Hậu, Quận Cầu Giấy, Hà Nội",100 m² (6.0x16.0),2 phòng,2 WC,1,Sổ hồng,23-10-2025
"Bán nhà phố Võ Chí Công, tòa nhà 9 tầng, 1 hầm 200m2, MT 8m, 76 phòng",70 tỷ,"Đường Võ Chí Công, Phường Nghĩa Đô, Quận Cầu Giấy, Hà Nội",200 m² (8.0x25.0),76 phòng,N/A,9,Sổ đỏ,23-10-2025
"CC bán nhà 5T 75m2 Mt 6m mặt phố Đặng Thuỳ Trâm - Cầu Giấy làm VP, Cty","28,3 tỷ","Đường Phạm Tuấn Tài, Phường Nghĩa Tân, Quận Cầu Giấy, Hà Nội",75 m²,5 phòng,5 WC,5,Sổ đỏ,29-10-2025
TÒA NHÀ VIP - SIÊU VĂN PHÒNG - KD SẦM UẤT – THANG MÁY,22 tỷ,"Đường Trần Duy Hưng, Phường Trung Hòa, Quận Cầu Giấy, Hà Nội",70 m²,7 phòng,6 WC,7,Sổ đỏ,22-10-2025
"Phân lô ô tô hiếm Phùng Chí Kiên chỉ gần 9 tỷ, 30m2, 5T, full nội thất","8,8 tỷ","Phường Nghĩa Tân, Quận Cầu Giấy, Hà Nội",30 m²,3 phòng,N/A,5,Giấy tờ hợp lệ,17-10-2025
Bán Nhà Căn Hộ Cao Cấp Phân Lô Hoàng Quốc Việt 8 Tầng 1 Hầm Ngay Phố,"40,5 tỷ","Đường Hoàng Quốc Việt, Phường Nghĩa Đô, Quận Cầu Giấy, Hà Nội",91 m²,18 phòng,22 WC,9,Sổ đỏ,17-10-2025
"Nhà Hoàng Quốc Việt, 88m x4T-MT 5.6M-2 Thoáng-Ở-KD-5m ô tránh","19,35 tỷ","Đường Hoàng Quốc Việt, Phường Nghĩa Tân, Quận Cầu Giấy, Hà Nội",88 m²,4 phòng,N/A,4,Sổ đỏ,22-10-2025
BIỆT THỰ SÂN VƯỜN KIỂU PHÁP GIỮA TRUNG TAM CẦÙ GIẤY (CHÍNH CHỦ),43 tỷ,"Đường Xuân Thủy, Phường Dịch Vọng Hậu, Quận Cầu Giấy, Hà Nội",220 m² (14.0x15.7),4 phòng,3 WC,4,Sổ đỏ,22-10-2025
Bán nhà ngõ 5 Hoàng Quốc Việt quy hoạch mặt phố vuông chằn chặn 9m MT,10 tỷ,"Đường Hoàng Quốc Việt, Phường Nghĩa Đô, Quận Cầu Giấy, Hà Nội",54 m² (6.0x7.5),8 phòng,5 WC,5,Sổ đỏ,21-10-2025
BÁN NHÀ NGUYỄN KHANG - 79M2 - 8 TẦNG THANG MÁY - MT 4.5M - GIÁ 69.6TỶ,"69,6 tỷ","Phường Yên Hòa, Quận Cầu Giấy, Hà Nội",80 m²,7 phòng,7 WC,8,Giấy tờ hợp lệ,17-10-2025
VÕ CHÍ CÔNG - 5 TẦNG - MẶT TIỀN 4.2M - GIÁ 9.5 TỶ - TRÁI TIM CẦU GIẤY,"9,5 tỷ","Phường Nghĩa Đô, Quận Cầu Giấy, Hà Nội",31 m²,4 phòng,4 WC,6,Giấy tờ hợp lệ,17-10-2025
BÁN NHÀ DƯƠNG QUẢNG HÀM – 51m² – 5 TẦNG – MT 5.15m – GIÁ 17 TỶ,17 tỷ,"Phường Quan Hoa, Quận Cầu Giấy, Hà Nội",51 m²,5 phòng,3 WC,5,Giấy tờ hợp lệ,17-10-2025
"Lô góc, Dịch Vọng Hậu Cầu Giấy, ngõ thông, 39m2, mặt tiền 5.9m, 9.5 tỷ","9,5 tỷ","Phường Dịch Vọng Hậu, Quận Cầu Giấy, Hà Nội",38 m²,4 phòng,3 WC,5,Giấy tờ hợp lệ,16-10-2025
"Bán nhà gần vòng xuyến Hoàng Quốc Việt, gần mặt phố 30m, ô tô vào nhà","18,6 tỷ","66, Đường Nguyễn Đình Hoàn, Phường Nghĩa Đô, Quận Cầu Giấy, Hà Nội",45 m²,3 phòng,N/A,6,Sổ đỏ,23-10-2025
Chính chủ bán nhà phân lô 2 mặt tiền đường oto ngõ 106 Hoàng Quốc Việt,"28,9 tỷ","Đường Hoàng Quốc Việt, Phường Nghĩa Đô, Quận Cầu Giấy, Hà Nội",78 m²,5 phòng,5 WC,5,Sổ đỏ,27-10-2025
"Bán nhà 5T 42m2 , khu PL ĐHSP chợ Xanh, nhà 2 mặt ngõ thoáng KD",15 tỷ,"Đường Xuân Thủy, Phường Dịch Vọng Hậu, Quận Cầu Giấy, Hà Nội",40 m²,6 phòng,N/A,5,Sổ đỏ,20-10-2025
"Bán CHDV Nguyễn Khánh Toàn - 95m2, 18 Phòng - Dòng tiền 120 triệu/ th","24,8 tỷ","Đường Nguyễn Khánh Toàn, Phường Quan Hoa, Quận Cầu Giấy, Hà Nội",95 m²,18 phòng,18 WC,N/A,Sổ đỏ,20-10-2025
Bán nhà số 21 ngõ 342/38 Hồ Tùng Mậu,"7,25 tỷ","Đường Hồ Tùng Mậu, Phường Mai Dịch, Quận Cầu Giấy, Hà Nội",33 m²,3 phòng,4 WC,5,Sổ đỏ,20-10-2025
"Cần bán gấp nhà Cầu Giấy, mặt tiền Gần 4 m, ô tô đỗ cổng, giá 8.6 tỷ","8,6 tỷ","Đường Cầu Giấy, Phường Trung Hòa, Quận Cầu Giấy, Hà Nội",30 m² (5.0x6.0),3 phòng,4 WC,5,Sổ hồng,20-10-2025
SIÊU HIẾM PHỐ YÊN HÒA -  NHÀ XÂY MỚI 7 TẦNG - DÒNG TIỀN TỐT,"15,6 tỷ","Phường Yên Hòa, Quận Cầu Giấy, Hà Nội",53 m²,10 phòng,7 WC,7,Giấy tờ hợp lệ,16-10-2025
PHÂN LÔ TRUNG TÂM CẦU GIẤY - NỘI THẤT XỊN SÒ - DT SỬ DỤNG 43M,"8,6 tỷ","Phường Mai Dịch, Quận Cầu Giấy, Hà Nội",35 m²,4 phòng,4 WC,N/A,Giấy tờ hợp lệ,16-10-2025
"SIÊU PHẨM HIẾM PHỐ DOÃN KẾ THIỆN – NHÀ MỚI LONG LANH, NỘI THẤT XỊN SÒ","8,6 tỷ","Phường Mai Dịch, Quận Cầu Giấy, Hà Nội",30 m²,4 phòng,5 WC,4,Giấy tờ hợp lệ,16-10-2025
"BÁN NHÀ VÕ CHÍ CÔNG, NHÀ ĐẸP FULL NỘI THẤT, NGÕ THÔNG, SÁT PHỐ","8,8 tỷ","Phường Nghĩa Đô, Quận Cầu Giấy, Hà Nội",30 m²,3 phòng,4 WC,5,Giấy tờ hợp lệ,16-10-2025
"Bán nhà phố Cầu Giấy, ngõ rộng thoáng, trung tâm quận 30m2, 7.7 tỷ","7,7 tỷ","Phường Yên Hòa, Quận Cầu Giấy, Hà Nội",30 m² (6.5x5.0),4 phòng,4 WC,5,Giấy tờ hợp lệ,16-10-2025
BÁN NHÀ DOÃN KẾ THIỆN – 30/43m² – 5 TẦNG – GIÁ 8.6 TỶ – CẦU GIẤY 🌟,"8,6 tỷ","Phường Mai Dịch, Quận Cầu Giấy, Hà Nội",30 m²,4 phòng,3 WC,4,Giấy tờ hợp lệ,16-10-2025
"CẦN BÁN GẤP NHÀ MẶT NGÕ VÕNG THỊ , DT 54M2  MẶT TIỀN 5M2",4 tỷ,"Phường Nghĩa Đô, Quận Cầu Giấy, Hà Nội",54 m² (5.0x23.2),3 phòng,2 WC,2,Giấy tờ hợp lệ,16-10-2025
TOÀ CCMN HÀNG HIẾM CẦU GIẤY - TẦM TIỀN NHỎ - DOANH THU 45m/THÁNG,"10,5 tỷ","Phường Yên Hòa, Quận Cầu Giấy, Hà Nội",40 m² (4.0x10.0),10 phòng,7 WC,N/A,Giấy tờ hợp lệ,16-10-2025
OTO VÀO NHÀ QUAY ĐẦU - PHỐ LẠC LONG QUÂN - THANG MÁY - 52M,"13,8 tỷ","Phường Nghĩa Đô, Quận Cầu Giấy, Hà Nội",52 m²,7 phòng,7 WC,1,Giấy tờ hợp lệ,16-10-2025
TRUNG TÂM CẦU GIẤY - BÁN NHÀ ĐẸP 9P CHO THUÊ DÒNG TIỀN CAO - GẦN Ô TÔ,"10,3 tỷ","Phường Yên Hòa, Quận Cầu Giấy, Hà Nội",38 m²,9 phòng,7 WC,5,Giấy tờ hợp lệ,16-10-2025
"NHÀ ĐẸP ĐÓN TẾT 35m * 5t HOÀNG QUỐC VIỆT giá 8,5 tỷ","8,5 tỷ","Phường Nghĩa Đô, Quận Cầu Giấy, Hà Nội",35 m²,4 phòng,N/A,5,Giấy tờ hợp lệ,16-10-2025
"LÔ GÓC, NGÕ THÔNG, KD TRẦN DUY HƯNG, CẦU GIẤY","8,6 tỷ","Phường Yên Hòa, Quận Cầu Giấy, Hà Nội",35 m² (4.0x8.0),4 phòng,5 WC,5,Giấy tờ hợp lệ,16-10-2025
"PHỐ VIP VÕ CHÍ CÔNG, NGÕ CỰC NÔNG, 30M RA OTO. 55M MÀ NHỈNH 10 TỶ","10,5 tỷ","Phường Nghĩa Đô, Quận Cầu Giấy, Hà Nội",55 m²,6 phòng,6 WC,N/A,Giấy tờ hợp lệ,16-10-2025
Tôi cần bán nhà Đỗ Quang 5tầng full nội thất cao cấp .,"33,79 tỷ","Phường Trung Hòa, Quận Cầu Giấy, Hà Nội",56 m²,4 phòng,5 WC,5,Giấy tờ hợp lệ,16-10-2025
✨ SIÊU PHẨM CẦU GIẤY - THANG MÁY NHẬP KHẨU - 38m2 HƠN 10 TỶ,10 tỷ,"Phường Mai Dịch, Quận Cầu Giấy, Hà Nội",38 m²,3 phòng,N/A,6,Giấy tờ hợp lệ,16-10-2025
"NGUYỄN ĐÌNH HOÀN-CẦU GIẤY-32m-5 TẦNG-MT 4M-8,4 TỶ.","8,4 tỷ","Phường Nghĩa Đô, Quận Cầu Giấy, Hà Nội",32 m²,3 phòng,N/A,5,Giấy tờ hợp lệ,16-10-2025
BÁN NHÀ ĐƯỜNG 800A - PHÂN LÔ - OTO TRÁNH - DIỆN TÍCH RỘNG - VỊ TRÍ ĐẸP,"18,5 tỷ","Phường Nghĩa Đô, Quận Cầu Giấy, Hà Nội",52 m² (4.0x13.0),6 phòng,N/A,5,Giấy tờ hợp lệ,16-10-2025
"Bán gấp nhà Cầu Giấy, HQV phân lô ô tô đỗ,mặt tiền 4m, giá nhỉnh 13 tỷ","13,5 tỷ","Đường Cầu Giấy, Phường Dịch Vọng, Quận Cầu Giấy, Hà Nội",38 m² (5.0x5.0),4 phòng,4 WC,4,Sổ hồng,15-10-2025
Bán nhà mặt phố phân lô Trung Yên.,57 tỷ,"Phường Trung Hòa, Quận Cầu Giấy, Hà Nội",90 m²,N/A,N/A,5,Sổ đỏ,15-10-2025
"Chính chủ bán nhà mặt phố Nguyễn Phong Sắc, 58m2 mặt tiền 5m giá 35,8t",36 tỷ,"26, Đường Nguyễn Phong Sắc, Phường Dịch Vọng Hậu, Quận Cầu Giấy, Hà Nội",58 m² (5.0x13.0),5 phòng,5 WC,5,Sổ hồng,20-10-2025
"Chính chủ bán nhà ngõ 61 Phùng Chí Kiên, giá 10 tỷ miễn trung gian",10 tỷ,"Đường Phùng Chí Kiên, Phường Nghĩa Đô, Quận Cầu Giấy, Hà Nội",30 m² (10.0x3.2),5 phòng,4 WC,4,Sổ đỏ,20-10-2025
"Bán nhà đất ngã tư Trương Công Giai giao Trần Thái Tông, Khúc Thừa Dụ",117 tỷ,"Phường Dịch Vọng, Quận Cầu Giấy, Hà Nội",242 m²,N/A,N/A,5,Sổ đỏ,19-10-2025
Yên Hòa - Cầu Giấy - Mặt Tiền Rộng - Full Nội Thất - Nhà Đẹp,"7,7 tỷ","Phường Yên Hòa, Quận Cầu Giấy, Hà Nội",35 m² (6.5x4.0),3 phòng,3 WC,5,Giấy tờ hợp lệ,15-10-2025
Doãn Kế Thiện - 76m² - ôtô vào nhà - dân xây - 14 tỷ nhỉnh,"14,5 tỷ","Phường Mai Dịch, Quận Cầu Giấy, Hà Nội",75 m²,3 phòng,N/A,3,Giấy tờ hợp lệ,15-10-2025
BÁN NHÀ LẠC LONG QUÂN - VỊ TRÍ VÀNG Ô TÔ TRÁNH - VÀI PHÚT RA HỒ TÂY,"16,5 tỷ","Phường Nghĩa Đô, Quận Cầu Giấy, Hà Nội",40 m²,3 phòng,4 WC,4,Giấy tờ hợp lệ,15-10-2025
"🆘 CẦU GIẤY - CHỦ CẦN THANH KHOẢN GẤP, HẠ CHÀO TIẾP 400TR BÁN 7,5 TỶ","7,5 tỷ","Phường Dịch Vọng Hậu, Quận Cầu Giấy, Hà Nội",27 m²,3 phòng,3 WC,5,Giấy tờ hợp lệ,15-10-2025
BÁN NHÀ XUÂN THUỶ 42m2- 40m RA Ô TÔ -DÂN XÂY GIÁ HƠN 10 TỶ,10 tỷ,"Phường Dịch Vọng, Quận Cầu Giấy, Hà Nội",42 m²,4 phòng,N/A,4,Giấy tờ hợp lệ,15-10-2025
Siêu Phẩm Yên Hòa 34m2 - Ô TÔ vào tận nhà 6 Tầng,"12,5 tỷ","Phường Yên Hòa, Quận Cầu Giấy, Hà Nội",34 m²,3 phòng,3 WC,6,Giấy tờ hợp lệ,15-10-2025
Tôi cần bán nhà Nguyễn Thị Định mặt ngõ ô tô chánh đỗ kinh doanh,"42,9 tỷ","Phường Trung Hòa, Quận Cầu Giấy, Hà Nội",96 m²,11 phòng,7 WC,8,Giấy tờ hợp lệ,15-10-2025
"Bán nhà 5 tầng ngõ 245 Lạc Long Quân, ôtô đỗ cửa",Thỏa thuận,"Đường Lạc Long Quân, Phường Nghĩa Đô, Quận Cầu Giấy, Hà Nội",55 m²,N/A,N/A,5,Sổ đỏ,21-10-2025
"Cần bán siêu phẩm Nguyễn Khang 32m2, 5T, ô tô đỗ cửa, gần phố, giá chố","10,4 tỷ","Đường Nguyễn Khang, Phường Yên Hòa, Quận Cầu Giấy, Hà Nội",32 m²,3 phòng,4 WC,N/A,Sổ đỏ,18-10-2025
Bán Nhà Trần Duy Hưng - Trung Hoà - Cấy Giấy - Hà nội,"33,8 tỷ","Phường Trung Hòa, Quận Cầu Giấy, Hà Nội",65 m²,4 phòng,3 WC,5,Giấy tờ hợp lệ,14-10-2025
"Bán nhà Trung Kính, ngõ thông ô tô, 42m2 10 tỷ, kinh doanh tốt",10 tỷ,"Phường Trung Hòa, Quận Cầu Giấy, Hà Nội",42 m² (4.0x10.5),4 phòng,3 WC,3,Giấy tờ hợp lệ,14-10-2025
"TRẦN DUY HƯNG-CẦU GIẤY-38M2-5 TẦNG-9,8 TỶ-50M RA Ô TÔ TRÁNH.","9,8 tỷ","Phường Trung Hòa, Quận Cầu Giấy, Hà Nội",38 m²,3 phòng,N/A,5,Giấy tờ hợp lệ,14-10-2025
"BÁN NHÀ NGHĨA ĐÔ– NHÀ MỚI XÂY 6 PHÒNG NGỦ, NỘI THẤT CAO CẤP – 9.5 TỶ","9,5 tỷ","Phường Nghĩa Đô, Quận Cầu Giấy, Hà Nội",55 m²,4 phòng,3 WC,N/A,Giấy tờ hợp lệ,14-10-2025
Cần Bán - Nhà Phố Yên Hòa - NGÕ THÔNG KINH DOANH SH quay đầu,"9,1 tỷ","Phường Yên Hòa, Quận Cầu Giấy, Hà Nội",30 m²,4 phòng,N/A,N/A,Giấy tờ hợp lệ,14-10-2025
NHÀ PHÂN LÔ – OTO VÀO NHÀ  65M2 x 5T - HOÀNG QUỐC VIỆT - CẦU GIẤY - HN,"9,9 tỷ","Phường Nghĩa Tân, Quận Cầu Giấy, Hà Nội",54 m²,6 phòng,5 WC,5,Giấy tờ hợp lệ,14-10-2025
BÁN NHÀ LẠC LONG QUÂN - ĐƯỜNG OTO TRÁNH – 40M²– MT 3.5M – 16.5 TỶ,"16,5 tỷ","Phường Nghĩa Đô, Quận Cầu Giấy, Hà Nội",40 m²,3 phòng,2 WC,4,Giấy tờ hợp lệ,14-10-2025
BÁN NHÀ THANG MÁY PHẠM VĂN ĐỒNG 38m2 - HƠN 10 TỶ- NGÃ TƯ MAI DỊCH,10 tỷ,"Phường Mai Dịch, Quận Cầu Giấy, Hà Nội",38 m²,3 phòng,N/A,6,Giấy tờ hợp lệ,14-10-2025
BÁN TÒA CCMN 58 NGUYỄN KHÁNH TOÀN 60M2-7T THANG MÁY-ĐẦY ĐỦ GPXD-PCCC,"15,68 tỷ","Phường Quan Hoa, Quận Cầu Giấy, Hà Nội",60 m² (4.0x15.0),11 phòng,7 WC,7,Giấy tờ hợp lệ,14-10-2025
"Bán nhà Lạc Long quân, ngõ thông ô tô, 6 tầng thang máy, 50m2 13.8 tỷ","13,8 tỷ","Phường Nghĩa Đô, Quận Cầu Giấy, Hà Nội",50 m² (3.5x14.3),5 phòng,6 WC,7,Giấy tờ hợp lệ,14-10-2025
Bán Tòa Văn Phòng Phố Víp Lô Góc Quận Cầu Giấy 381M2 Xây 9 Tầng MT 38M,290 tỷ,"Đường Xuân Thủy, Phường Dịch Vọng, Quận Cầu Giấy, Hà Nội",341 m²,3 phòng,10 WC,10,Sổ đỏ,23-07-2025
"TRUNG KÍNH CẦU GIẤY, HAI Ô TÔ TRÁNH,ĐỖ CỬA NGÀY ĐÊM,74M,6 TẦNG.","22,4 tỷ","Đường Trung Kính, Phường Trung Hòa, Quận Cầu Giấy, Hà Nội",74 m²,6 phòng,6 WC,6,Sổ đỏ,12-10-2025
BÁN NHÀ CẦU GIẤY VỊ TRÍ ĐẸP NGÕ THÔNG BA GÁC 100M RA PHỐ FULL NỘI THẤT,"7,7 tỷ","Phường Dịch Vọng, Quận Cầu Giấy, Hà Nội",28 m²,3 phòng,4 WC,5,Giấy tờ hợp lệ,20-10-2025
"Bán nhà phân lô 3,5 tầng nhà cũ mặt ngõ 385 đường Hoàng Quốc Việt",18 tỷ,"Đường Nghĩa Tân, Phường Nghĩa Tân, Quận Cầu Giấy, Hà Nội",46 m²,N/A,N/A,3.5,Sổ đỏ,27-06-2025
"BÁN TOÀ VĂN PHÒNG ĐƯỜNG TRUNG YÊN TRUNG KÍNH SỐ 35 LÔ T1 100m2, 6 TT",Thỏa thuận,"Đường Trung Kính, Phường Trung Hòa, Quận Cầu Giấy, Hà Nội",100 m²,2,N/A,7,Sổ đỏ,17-10-2025
Nhà mặt phố siêu hiếm – Vị trí vàng kinh doanh – Giá tốt đầu tư,"3,5 tỷ","Phường Nghĩa Đô, Quận Cầu Giấy, Hà Nội",21 m²,3 phòng,4 WC,4,Hợp đồng mua bán,13-10-2025
BÁN NHÀ PHẠM THẬN DUẬT – KINH DOANH ĐỈNH  – TRUNG TÂM CẦU GIẤY.,25 tỷ,"Phường Mai Dịch, Quận Cầu Giấy, Hà Nội",48 m²,6 phòng,7 WC,5,Giấy tờ hợp lệ,13-10-2025
BÁN NHÀ MẶT NGÕ PHẠM VĂN ĐỒNG DT55M2 4T MT 11M GIÁ 13.95 TỶ,"13,95 tỷ","Phường Mai Dịch, Quận Cầu Giấy, Hà Nội",55 m²,4 phòng,N/A,4,Giấy tờ hợp lệ,13-10-2025
SIÊU PHẨM MẶT PHỐ PHẠM THẬN DUẬT - KINH DOANH ĐỈNH - OTO ĐỖ NGÀY ĐEM,25 tỷ,"Phường Mai Dịch, Quận Cầu Giấy, Hà Nội",48 m² (4.0x192.0),6 phòng,N/A,5,Giấy tờ hợp lệ,13-10-2025
Yên Hoà Cầu Giấy. 36m 5 tầng nhà đẹp ở ngay lô góc.,8 tỷ,"Phường Yên Hòa, Quận Cầu Giấy, Hà Nội",36 m²,8 phòng,5 WC,5,Giấy tờ hợp lệ,13-10-2025
SIÊU PHẨM MẶT PHỐ CẦU GIẤY- 5 TẦNG- VỈA HÈ KHU VỰC SẦM UẤT,25 tỷ,"Phường Mai Dịch, Quận Cầu Giấy, Hà Nội",48 m² (4.0x12.0),6 phòng,4 WC,5,Giấy tờ hợp lệ,13-10-2025
🏡 BÁN NHÀ XUÂN THUỶ – 42m² – CÁCH Ô TÔ 40M – GIÁ HƠN 10 TỶ,10 tỷ,"Phường Dịch Vọng Hậu, Quận Cầu Giấy, Hà Nội",42 m²,4 phòng,3,4,Giấy tờ hợp lệ,13-10-2025
Nhà 10 tầng phố Nguyễn Khánh Toàn Cầu Giấy 60 tỷ. 180m2 thiết kế hiên,60 tỷ,"Đường Nguyễn Khánh Toàn, Phường Quan Hoa, Quận Cầu Giấy, Hà Nội",180 m² (6.0x30.0),N/A,N/A,10,Sổ đỏ,17-10-2025
BÁN NHÀ CẦU GIẤY – THANG MÁY – 21 PHÒNG KHÉP KÍN– SỔ VUÔNG HOA HẬU.,"24,5 tỷ","Phường Dịch Vọng, Quận Cầu Giấy, Hà Nội",77 m²,11 phòng,7 WC,6,Giấy tờ hợp lệ,13-10-2025
"Bán nhà mặt phố Cầu Giấy, vỉa hè rộng, kinh doanh,  91m2 x5T, 57.6 tỷ","57,6 tỷ","Phường Yên Hòa, Quận Cầu Giấy, Hà Nội",91 m²,4 phòng,4 WC,5,Giấy tờ hợp lệ,13-10-2025
Chính chủ bán nhà 9 tầng ngõ ô tô tránh Thái Hà 70m2 với 9 tầng có hầm,36 tỷ,"Đường Thái hà, Phường Láng Hạ, Quận Đống Đa, Hà Nội",70 m² (7.0x10.0),22 phòng,22 WC,9,Sổ đỏ,26-11-2025
"CCMN 7 TẦNG X 58M, 12P TRUNG TÂM CẦU GIẤY","15,7 tỷ","Phường Quan Hoa, Quận Cầu Giấy, Hà Nội",58 m² (4.0x15.0),11 phòng,N/A,7,Giấy tờ hợp lệ,13-10-2025
"Chính chủ bán nhà Vũ Ngọc Phan, đường ô tô 2 mặt tiền 5m nhà 8 tầng",42 tỷ,"Đường Vũ Ngọc Phan, Phường Láng Hạ, Quận Đống Đa, Hà Nội",90 m² (5.0x18.0),19 phòng,19 WC,8,Sổ đỏ,25-11-2025
"Bán nhà ngõ 58 Đường Láng, 61.6m2x 4 tầng, 1 tum, MT 6.8m",12 tỷ,"Đường Láng, Phường Láng Thượng, Quận Đống Đa, Hà Nội",61.6 m²,N/A,N/A,5,Sổ đỏ,02-11-2025
Cần bán 83m x 8 tầng thang máy mặt ngõ Văn Chương kinh doanh sầm uất,"28,5 tỷ","231, Đường Hồ Văn Chương, Phường Văn Miếu, Quận Đống Đa, Hà Nội",83 m²,N/A,N/A,8,Sổ đỏ,25-11-2025
Bán Nhà Xã Đàn Đống Đa 36m 5 tầng 6 ngủ Ngõ đều Rộng 3m 130m Ra Phố,"9,45 tỷ","Đường Xã Đàn, Phường Ô Chợ Dừa, Quận Đống Đa, Hà Nội",36 m² (3.4x10.0),6 phòng,4 WC,5,Sổ đỏ,21-11-2025
Bán nhà ngõ phố Chùa Láng quận Đống Đa Hà Nội,"10,03 tỷ","Đường Chùa Láng, Phường Láng Thượng, Quận Đống Đa, Hà Nội",42 m²,N/A,N/A,5.5,Sổ đỏ,17-11-2025
"Bán nhà ngõ Linh Quang, 7 tầng thang máy","11,8 tỷ","Đường Linh Quang, Phường Văn Chương, Quận Đống Đa, Hà Nội",36 m²,N/A,N/A,7,Sổ đỏ,17-11-2025
"Bán nhà ngõ 98 Thái Hà DT: 33m², 4 tầng, MT 3,9m, hướng TB, 14,9 tỷ","14,99 tỷ","65, Đường Thái Hà, Phường Trung Liệt, Quận Đống Đa, Hà Nội",30 m² (3.9x8.0),3 phòng,2 WC,4,Sổ hồng,17-11-2025
"BÁN NHÀ NGÕ 221 TÔN ĐỨC THẮNG, ĐANG HOÀN THIỆN, THÁNG 12 XONG","23,8 tỷ","Phường Hàng Bột, Quận Đống Đa, Hà Nội",58.5 m²,N/A,N/A,2.,Sổ hồng,26-11-2025
Bán nhà phân lô Nguyên Hồng  - huỳnh thúc kháng - đống đa,"24,5 tỷ","47, Đường Nguyên Hồng, Phường Láng Thượng, Quận Đống Đa, Hà Nội",42 m² (4.0x11.0),6 phòng,5 WC,6,Sổ đỏ,17-11-2025
"Bán nhà mới tinh cực đẹp đường Láng:25m2, 4 tầng,full nội tất, 5,6 tỷ","5,6 tỷ","Đường Láng, Phường Láng Hạ, Quận Đống Đa, Hà Nội",25 m²,3 phòng,3 WC,4,Sổ đỏ,24-11-2025
"Nhà Mới Thang Máy Phố Xã Đà, Nguồn Kín, Giá Thương Lượng Tốt","15,75 tỷ","215, Đường Xã Đàn, Phường Nam Đồng, Quận Đống Đa, Hà Nội",45 m² (4.5x10.0),4 phòng,5 WC,6,Sổ đỏ,24-11-2025
"BÁN NHÀ PHỐ THÁI HÀ – 60M², 4 TẦNG, GIÁ 16,5 TỶ","16,5 tỷ","Đường Thái Hà, Phường Ô Chợ Dừa, Quận Đống Đa, Hà Nội",60 m²,2,N/A,4,Sổ đỏ,22-11-2025
"🏠 BÁN NHÀ MỚI – THIẾT KẾ HIỆN ĐẠI – TRUNG PHỤNG, ĐỐNG ĐA, HÀ NỘI","5,5 tỷ","140, Đường Trung Phụng, Phường Văn Miếu, Quận Đống Đa, Hà Nội",25 m²,3 phòng,3 WC,5,Sổ đỏ,21-11-2025
"Bán nhà 5 tầng mới ! Xã Đàn 2 26mx5T, MT3,3 giá 7,6 tỷ . cách ô tô 5m","7,6 tỷ","Ngõ 101, Đường Xã Đàn 2, Phường Nam Đồng, Quận Đống Đa, Hà Nội",26 m² (3.3x8.0),4 phòng,4 WC,5,Sổ đỏ,20-11-2025
"Bán nhà phân lô phố Huỳnh Thúc Kháng, cách phố 30m",39 tỷ,"Đường Huỳnh Thúc Kháng, Phường Láng Hạ, Quận Đống Đa, Hà Nội",72 m²,N/A,N/A,4,Sổ đỏ,20-11-2025
CẦN BÁN NHÀ PHÂN LÔ NGÕ VIP PHỐ LÁNG HẠ,68 tỷ,"Đường Láng Hạ, Phường Láng Hạ, Quận Đống Đa, Hà Nội",103 m²,6 phòng,7 WC,8,Sổ đỏ,15-11-2025
"Bán nhà ngõ 20 phố Cát Linh, gần Quốc Tử Giám, DTSD 90m2, 3 tầng","5,8 tỷ","Ngõ 20, Đường Cát Linh, Phường Cát Linh, Quận Đống Đa, Hà Nội",90 m²,3 phòng,2 WC,3,Sổ đỏ,05-11-2025
"Toà Nhà Căn hộ dịch vụ, 9 tầng, 28 phòng, đầy đủ Pccc, GPXD, nội thất",42 tỷ,"66, Đường Phố Nguyễn Hy Quang, Phường Ô Chợ Dừa, Quận Đống Đa, Hà Nội",109 m²,28 phòng,N/A,9,Sổ đỏ,26-11-2025
"Bán nhà cạnh Vườn hoa Thái Hà, 7 tầng, 2 thoáng, ở sướng, đẹp, ĐN","30,95 tỷ","Đường Hoàng Cầu, Phường Ô Chợ Dừa, Quận Đống Đa, Hà Nội",58 m²,6 phòng,N/A,7,Sổ đỏ,26-11-2025
"BÁN TOÀ CCMN ĐÊ LA THÀNH, 58M2x6T, 9 PHÒNG KK, DT 60TR/THÁNG, 13.9 TỶ","13,9 tỷ","Đường Đê La Thành, Phường Ô Chợ Dừa, Quận Đống Đa, Hà Nội",58 m² (5.0x12.0),10 phòng,10 WC,6,Sổ đỏ,26-11-2025
ĐÊ LA THÀNH NHÀ ĐẸP–DÂN XÂY–FULL NỘI THẤT–15M RA PHỐ- 31M2- NHỈNH 7 TỶ,7 tỷ,"Đường Đê La Thành, Phường Ô Chợ Dừa, Quận Đống Đa, Hà Nội",31 m² (8.4x3.7),3 phòng,4 WC,6,Sổ đỏ,26-11-2025
"10,5 tỷ nhà kinh doanh sầm uất ngõ oto 5 tạ đỗ cửa phố Trường Chinh","10,5 tỷ","Đường Trường Chinh, Phường Khương Thượng, Quận Đống Đa, Hà Nội",30 m²,4 phòng,3 WC,4,Sổ đỏ,23-11-2025
BÁN ĐẤT TẶNG NHÀ Ngõ 678 Đường Láng - 20m ra đường lớn,"15,5 tỷ","Phường Láng Hạ, Quận Đống Đa, Hà Nội",55.9 m²,5 phòng,N/A,2,Giấy tờ hợp lệ,26-11-2025
Khâm Thiên - 30mx 5 Tầng - Nhà Mới - Nở Hậu - Thoáng 2 Đầu,"7,2 tỷ","Phường Khâm Thiên, Quận Đống Đa, Hà Nội",30 m² (4.2x5.3),3 phòng,4 WC,5,Giấy tờ hợp lệ,26-11-2025
"Bán nhà Khương Thượng, gần phố, ngõ 3 gác, 150m ra đường ô tô, lô góc","5,3 tỷ","Phường Khương Thượng, Quận Đống Đa, Hà Nội",23 m²,2 phòng,2 WC,3,Giấy tờ hợp lệ,26-11-2025
"Tôi cần bán nhà mặt ngõ ô tô chánh đỗ kinh doanh Trường Chinh, 5tầng","16,79 tỷ","Phường Ngã Tư Sở, Quận Đống Đa, Hà Nội",40 m²,4 phòng,5 WC,5,Giấy tờ hợp lệ,26-11-2025
NHÀ ĐẸP ĐÓN TẾT – 3 BƯỚC RA PHỐ – DÂN XÂY  FULL NỘI THẤT – TRUNG TÂM Đ,"7,45 tỷ","Phường Khâm Thiên, Quận Đống Đa, Hà Nội",35 m²,3 phòng,3 WC,4,Giấy tờ hợp lệ,26-11-2025
Bán toà nhà CĂN HÔ DỊCH VỤ- đống đa- hà nội,"14,5 tỷ","68, Đường Tôn Thất Tùng, Phường Khương Thượng, Quận Đống Đa, Hà Nội",50 m²,N/A,N/A,7,Sổ đỏ,18-11-2025
"Bán nhà mặt  Phố - Ô tô tránh, view thoáng DT 51m * 4MT giá 21 tỷ",21 tỷ,"Phường Láng Hạ, Quận Đống Đa, Hà Nội",51 m²,4 phòng,N/A,4,Giấy tờ hợp lệ,25-11-2025
"Cc Bán nhà Ngõ 38 Phương mai dt 35m2 Mt 3,6m xây 3 tầng khung 4,65 tỷ.","4,65 tỷ","10, Đường Phương Mai, Phường Phương Mai, Quận Đống Đa, Hà Nội",32.8 m² (4.0x9.0),3 phòng,3 WC,3,Giấy tờ hợp lệ,24-11-2025
"Phân Lô Thái Hà Dt 50m Mt 4,25m x3t đường hè oto 20 tỷ.",20 tỷ,"66, 66, Phường Trung Liệt, Quận Đống Đa, Hà Nội",45 m²,3 phòng,3 WC,N/A,Sổ đỏ,25-11-2025
Bán Nhà Mặt Phố Trường Chinh-Đại La (Vành Đai 2) Dt 586m2 Mt 28m hè 6m,Thỏa thuận,"99, Đường Trường Chinh, Phường Kim Liên, Quận Đống Đa, Hà Nội",586 m²,7 phòng,5 WC,5,Sổ đỏ,25-11-2025
"Bán Nhà MP Cát Linh - Hào Nam - Phan Văn trị 150m2 Mt 7,5m đg hè 35m.",76 tỷ,"68, Đường Cát Linh, Phường Ô Chợ Dừa, Quận Đống Đa, Hà Nội",150 m²,8 phòng,6 WC,5,Sổ đỏ,24-11-2025
Bán Nhà Ngõ Phố Láng Hạ . 100m2 Xây 9 Tầng Thang Máy,55 tỷ,"Đường Láng Hạ, Phường Láng Hạ, Quận Đống Đa, Hà Nội",100 m²,N/A,N/A,9,Sổ đỏ,24-11-2025
Chính chủ cần bán nhà gấp ngõ 221 tôn đức thắng,"14,2 tỷ","221, Đường Tôn Đức Thắng, Phường Hàng Bột, Quận Đống Đa, Hà Nội",29 m² (3.0x9.0),4 phòng,3 WC,5,Sổ đỏ,17-11-2025
Thái HÀ – Đống Đa – 65 M2 – 4 Tầng – MT 5.47 M – Giá 18.1 Tỷ.,"18,1 tỷ","Đường Thái Hà, Phường Trung Liệt, Quận Đống Đa, Hà Nội",65 m² (5.5x12.5),4 phòng,3 WC,4,Sổ đỏ,24-11-2025
⚡️bỎ lÀ tIẾc!: Ô TÔ VÀI BƯỚC - NGÕ THÔNG  - CÔNG VIÊN - Bán nhà ĐỐNG,"3,58 tỷ","Phường Quang Trung, Quận Đống Đa, Hà Nội",19 m² (3.2x7.0),3 phòng,3 WC,5,Giấy tờ hợp lệ,24-11-2025
"Bán nhà ngõ 4 phương mai Dt 45m x4T mt4 oto giá 17,6 tỷ","17,6 tỷ","6, Đường Phương Mai, Phường Phương Mai, Quận Đống Đa, Hà Nội",45 m²,4 phòng,3 WC,3,Sổ hồng,24-11-2025
"BÁN NHÀ PHỐ THÁI HÀ – 60M², 4 TẦNG, GIÁ 16,5 TỶ","16,5 tỷ","Phường Láng Hạ, Quận Đống Đa, Hà Nội",60 m² (5.0x12.0),4 phòng,4 WC,4,Giấy tờ hợp lệ,23-11-2025
Bán nhà 7 tầng  Hào Nam- Cát Linh 55m2 Mới oto đỗ giá 22 tỷ,22 tỷ,"9, 9, Phường Ô Chợ Dừa, Quận Đống Đa, Hà Nội",47.8 m²,6 phòng,7 WC,7,Sổ đỏ,23-11-2025
"Nhà Đẹp Gần Phố, Tây Sơn, Đống Đa 28/30m, 6 tầng, mt 3.5m, giá 9.1 tỷ.","9,1 tỷ","Đường Tây Sơn, Phường Ngã Tư Sở, Quận Đống Đa, Hà Nội",28 m² (3.5x8.0),3 phòng,5 WC,6,Sổ đỏ,23-11-2025
"BÁN NHÀ 4 TẦNG KHU ĐÔ THỊ MECO COMPLEX, TRƯỜNG CHINH, ĐỐNG ĐA 88M .","35,99 tỷ","68, Đường Trường Chinh, Phường Phương Mai, Quận Đống Đa, Hà Nội",88 m²,5 phòng,4 WC,4,Sổ đỏ,23-11-2025
"CHÍNH CHỦ BÁN NHÀ LÊ DUẨN 22m2, 4 TẦNG, 4.3 TỶ, CÓ SỔ KHÔNG QH","4,3 tỷ","Phường Khâm Thiên, Quận Đống Đa, Hà Nội",22 m²,3 phòng,3 WC,4,Giấy tờ hợp lệ,23-11-2025
⭐ CHỈ VỚI 5.x TỶ SỞ HữU NGAY NHÀ ĐÊ LA THÀNH – NGÕ NÔNG – VÀI BƯỚC RA,Thỏa thuận,"Phường Láng Thượng, Quận Đống Đa, Hà Nội",25 m²,N/A,N/A,5,Sổ đỏ,23-11-2025
"Bán nhà ngõ Thông Phong,dd, dt,: 45x 5 tg, giá:13,5 ty","13,5 tỷ","Đường Ngõ Thông Phong, Phường Hàng Bột, Quận Đống Đa, Hà Nội",45 m² (5.5x9.0),5 phòng,5 WC,5,Sổ đỏ,23-11-2025
Nguyễn Chí Thanh – Đống Đa Ô Tô Tránh – 94 M2 – 2 Tầng – Giá 27.8 Tỷ.,"27,8 tỷ","Đường Nguyễn Chí Thanh, Phường Láng Hạ, Quận Đống Đa, Hà Nội",94 m² (3.6x28.0),3 phòng,2 WC,2,Sổ đỏ,23-11-2025
"BÁN NHÀ TẬP THỂ TẦNG 1 (KHÔNG XÂY LÊN ĐƯỢC) ngõ 165 Thái Hà, HÀ NỘI",12 tỷ,"Phường Láng Hạ, Quận Đống Đa, Hà Nội",90 m²,2 phòng,1 WC,1,Giấy tờ hợp lệ,21-11-2025
BÁN NHÀ TÔN THẤT TÙNG – 38M² – 7T THANG MÁY – Ô TÔ – NGÕ THÔNG – 13 TỶ,"13,25 tỷ","Phường Khương Thượng, Quận Đống Đa, Hà Nội",40 m² (4.0x10.0),4 phòng,N/A,6,Giấy tờ hợp lệ,21-11-2025
"Bán nhà ngõ 34 Nguyên Hồng 69m2- MT:5,6m, oto tránh,KD,vỉa hè, 27,5tỷ.","27,5 tỷ","Ngõ 34 , Đường Nguyên Hồng, Phường Láng Hạ, Quận Đống Đa, Hà Nội",69 m² (5.5x11.2),N/A,N/A,4,Sổ hồng,10-11-2025
"Bán nhà riêng 66m2 ở Thái Hà,lô góc 3thoáng,phân lô oto đỗ cổng,18.2tỷ","18,2 tỷ","Ngõ 198 Thái Hà, Đường Thái Hà, Phường Quang Trung, Quận Đống Đa, Hà Nội",66 m² (4.5x14.6),5 phòng,4 WC,5,Sổ hồng,13-11-2025
Bán Nhà Mặt Ngõ Văn Hương- Tôn Đức Thắng Dt26m2 mt3mx3t Kd tốt .,Thỏa thuận,"68, Đường Tôn Đức Thắng, Phường Quốc Tử Giám, Quận Đống Đa, Hà Nội",26 m²,2 phòng,3 WC,3,Sổ đỏ,21-11-2025
"Bán nhà phố Tây Sơn 44m2,6T thang máy,40m ra phố,oto đỗ cổng,14.5tỷ","14,5 tỷ","Ngõ 167 Tây Sơn, Đường Tây Sơn, Phường Quang Trung, Quận Đống Đa, Hà Nội",44 m² (5.0x8.8),4 phòng,4 WC,6,Sổ đỏ,21-11-2025
Nhà rộng 40m2 x 4 tầng_SĐCC trung tâm phố Lê Duẩn chỉ hơn 5 tỷ,"5,6 tỷ","Phường Văn Chương, Quận Đống Đa, Hà Nội",40 m²,3 phòng,3 WC,4,Sổ đỏ,21-11-2025
"Bán nhà phân lô Hoàng Cầu 63m2,oto tránh,2thoáng,kinh doanh, 26.5tỷ.","26,5 tỷ","Ngõ 61, Đường Hoàng Cầu, Phường Ô Chợ Dừa, Quận Đống Đa, Hà Nội",63 m² (4.0x11.5),4 phòng,3 WC,5,Sổ hồng,13-11-2025
"Bán nhà riêng 55m2 ngõ 178 Thái Hà, kinh doanh, oto tránh,vỉa hè, 22tỷ",22 tỷ,"Ngõ 178 Thái Hà, Đường Thái Hà, Phường Láng Hạ, Quận Đống Đa, Hà Nội",55 m² (4.5x12.2),6 phòng,4 WC,5,Sổ đỏ,21-11-2025
"Bán nhà mặt phố Đoàn Thị điểm, đd, dt: 20mx 5 tg,giá: 4,65 tỷ","4,65 tỷ","Đường Đoàn Thị Điểm, Phường Cát Linh, Quận Đống Đa, Hà Nội",20 m² (3.0x6.0),3 phòng,3 WC,5,Sổ đỏ,21-11-2025
"Bán nhà dân xây Thái Hà 60m2,oto đỗ cổng,ở ngay, kinh doanh, 16.8tỷ","16,8 tỷ","Đường Thái Hà, Phường Trung Liệt, Quận Đống Đa, Hà Nội",60 m²,4 phòng,3 WC,5,Sổ hồng,10-11-2025
"Tôn Đức Thắng, Đống Đa, 28m2, 3 tầng, 3 ngủ, full, 5.5 tỷ","5,5 tỷ","Đường Tôn Đức Thắng, Phường Khâm Thiên, Quận Đống Đa, Hà Nội",28 m² (4.2x6.7),3 phòng,3 WC,3,Sổ đỏ,21-11-2025
Tôi cần bán nhà mặt ngõ ô tô Trường Chinh 5tầng full nội thất,"13,2 tỷ","Phường Ngã Tư Sở, Quận Đống Đa, Hà Nội",42 m²,7 phòng,7 WC,5,Giấy tờ hợp lệ,21-11-2025
"Bán nhanh nhà ngõ 678 Đê La Thành, giá 8.8 tỷ, gần 40m2, ngõ thông","8,8 tỷ","Đường Đê La Thành, Phường Ô Chợ Dừa, Quận Đống Đa, Hà Nội",40 m² (3.3x12.0),1 phòng,1 WC,N/A,Sổ đỏ,20-11-2025
NGÕ NGÔ SĨ LIÊN – TRUNG TÂM HÀ NỘI – CỰC HỢP XÂY CHO TÂY THUÊ,"7,5 tỷ","Phường Khâm Thiên, Quận Đống Đa, Hà Nội",42 m² (5.0x8.0),1 phòng,2 WC,3,Giấy tờ hợp lệ,20-11-2025
BÁN NHÀ XÃ ĐÀN – CĂN HỘ CHO THUÊ 6 TẦNG – 20M RA PHỐ TÔN ĐỨC THẮNG,"14,2 tỷ","Phường Hàng Bột, Quận Đống Đa, Hà Nội",70 m²,11 phòng,7 WC,6,Giấy tờ hợp lệ,20-11-2025
"BÁN TÒA NHÀ MỚI ĐẸP , THANG MÁY Ở THỊNH QUANG - ĐỐNG ĐA, DÒNG TIỀN 50T","13,68 tỷ","Đường Thịnh Quang, Phường Thịnh Quang, Quận Đống Đa, Hà Nội",50 m²,11 phòng,11 WC,6,Sổ đỏ,20-11-2025
Tôi cần bán nhà Ngõ Đường Láng 5tầng thang máy full nội thất,"15,79 tỷ","Phường Láng Thượng, Quận Đống Đa, Hà Nội",38 m²,6 phòng,5 WC,5,Giấy tờ hợp lệ,20-11-2025
Bán nhà mặt hồ Hoàng Cầu - Mai Anh Tuấn,"35,8 tỷ","Đường Hoàng Cầu, Phường Ô Chợ Dừa, Quận Đống Đa, Hà Nội",70 m²,N/A,N/A,7,Sổ đỏ,20-11-2025
Siêu hiếm – Nhà lô góc Nguyễn Chí Thanh 58m2 – Mặt tiền 4.5m– ô tô vào,26 tỷ,"Đường Nguyễn Chí Thanh, Phường Láng Thượng, Quận Đống Đa, Hà Nội",54 m² (4.5x12.9),6 phòng,7 WC,5,Sổ đỏ,20-11-2025
"Mặt phố, 92,8m2, 9 tầng, mặt tiền 5,5m Ngã Tư Sở, Đống Đa, 39 tỷ 750.","39,75 tỷ","Phường Thịnh Quang, Quận Đống Đa, Hà Nội",93 m²,13 phòng,13 WC,9,Sổ hồng,20-11-2025
"Nhà Mới 5 Tầng – Full Nội Thất – Ở Ngay – Chợ Khâm Thiên, Đống Đa","5,15 tỷ","Phường Khâm Thiên, Quận Đống Đa, Hà Nội",19 m² (3.0x6.0),3 phòng,4 WC,5,Giấy tờ hợp lệ,20-11-2025
"86 Hào Nam - Đống Đa 33m2 4 Tầng 8,7ty","8,7 tỷ","Phường Ô Chợ Dừa, Quận Đống Đa, Hà Nội",33 m² (4.2x9.0),4 phòng,3 WC,4,Giấy tờ hợp lệ,20-11-2025
"Bán nhà phố Hoàng Cầu, Đống Đa 54m, 5 tầng, mt 5m. Giá: 16.9 tỷ.","16,9 tỷ","Đường Hoàng Cầu, Phường Ô Chợ Dừa, Quận Đống Đa, Hà Nội",54 m²,5 phòng,4 WC,5,Sổ đỏ,19-11-2025
"SIêu phẩm đường Láng 34.2m2, 5 tầng, mt 3.6m, ngõ nông gần phố","8,5 tỷ","Phường Láng Thượng, Quận Đống Đa, Hà Nội",34.2 m²,6 phòng,N/A,5,Giấy tờ hợp lệ,19-11-2025
"Bán gấp nhà mặt phố Cát Linh kinh doanh sầm uất 28m2,15 tỷ",15 tỷ,"Đường Cát Linh, Phường Cát Linh, Quận Đống Đa, Hà Nội",28 m²,N/A,N/A,5,Sổ đỏ,19-11-2025
Đê La Thành – Đống Đa - Ô Tô Trnh – 79 M2 – 5 T – MT 7 M – Giá 20.9 Tỷ,"20,9 tỷ","Đường Đê La Thành, Phường Ngã Tư Sở, Quận Đống Đa, Hà Nội",79 m² (7.0x11.3),8 phòng,6 WC,5,Sổ đỏ,19-11-2025
"Bán nhà phố Chùa Bộc thoáng trước sau, dt 50m2, 5t, mt 4m. đẹp ở ngay.","12,8 tỷ","Đường Chùa Bộc, Phường Kim Liên, Quận Đống Đa, Hà Nội",50 m² (4.1x12.0),6 phòng,4 WC,5,Sổ hồng,19-11-2025
"Phân Lô Linh Quang Gần Hồ Văn Chương, Nhà Nở Hậu 5 Tầng Đẹp Long Lanh","7,6 tỷ","Phường Văn Chương, Quận Đống Đa, Hà Nội",30 m²,4 phòng,1,5,Giấy tờ hợp lệ,19-11-2025
"Bán nhà Chùa Láng trung tâm, lô góc 2 thoáng,mt 4m, ngõ thông, 8.1 tỷ","8,1 tỷ","Phường Láng Thượng, Quận Đống Đa, Hà Nội",32 m²,3 phòng,N/A,N/A,Giấy tờ hợp lệ,19-11-2025
Bán Tòa Nhà Mặt Phố Xã Đàn - Ô Chợ Dừa - Đống Đa 320M 9 T Giá 240 tỷ,240 tỷ,"Đường Xã Đàn, Phường Ô Chợ Dừa, Quận Đống Đa, Hà Nội",350 m²,5 phòng,8 WC,9,Sổ đỏ,19-11-2025
"Phân Lô Tôn Đức Thắng 31m2, Nhà 5 T, Nở Hậu Gần Phố,Gần Hồ Văn Chương","7,65 tỷ","Phường Cát Linh, Quận Đống Đa, Hà Nội",31 m²,3 phòng,1,5,Giấy tờ hợp lệ,19-11-2025
"Hạ chào 15 tỷ, mặt phố Trung Phụng hàng xóm Xã Đàn, Dt 100m2, 8t, 7m.",81 tỷ,"Đường Trung Phụng, Phường Thổ Quan, Quận Đống Đa, Hà Nội",100 m² (7.0x14.0),8 phòng,8 WC,8,Sổ hồng,19-11-2025
"Bán nhà La Thành - Giảng Võ 80m2, ô tô tránh, ngõ thông, kinh doanh",21 tỷ,"Đường La Thành, Phường Hàng Bột, Quận Đống Đa, Hà Nội",80 m²,N/A,N/A,5,Sổ đỏ,19-11-2025
"Bán nhà Láng Thượng 5T,lô góc 2 thoáng,4.2m mặt tiền,ngõ thông như phố","8,45 tỷ","Phường Láng Thượng, Quận Đống Đa, Hà Nội",30 m²,3 phòng,N/A,5,Giấy tờ hợp lệ,19-11-2025
"Bán nhà Pháo Đài Láng, lô góc, mt 4.2m, 5t, nhiều ánh sáng,giá 8.6 tỷ","8,6 tỷ","Phường Láng Thượng, Quận Đống Đa, Hà Nội",31 m²,3 phòng,N/A,5,Giấy tờ hợp lệ,19-11-2025
"Phân Lô Hồ Ba Mẫu, Nhà Nở Hậu 5 Tầng Chắc Chắn, Gần Công Viên","7,55 tỷ","Phường Trung Liệt, Quận Đống Đa, Hà Nội",29 m²,3 phòng,3 WC,5,Giấy tờ hợp lệ,19-11-2025
"Bán nhà phố Tây Sơn, Đống Đa 50m, 6 tầng, mt 4,5m. Giá: 15.5 tỷ","15,5 tỷ","Đường Tây Sơn, Phường Quang Trung, Quận Đống Đa, Hà Nội",50 m²,4 phòng,5 WC,6,Sổ đỏ,19-11-2025
"Bán nhà phố Chùa Láng ô tô thang máy thoáng trước sau, 43m2, 5t.","15,8 tỷ","Đường Chùa Láng, Phường Láng Thượng, Quận Đống Đa, Hà Nội",43 m²,6 phòng,4 WC,5,Sổ hồng,19-11-2025
Không gian sống đầy đủ tiện ích tại Đống Đa – 41m – 8.8 tỷ,"8,8 tỷ","Phường Ngã Tư Sở, Quận Đống Đa, Hà Nội",41 m² (3.2x13.0),4 phòng,3 WC,4,Giấy tờ hợp lệ,19-11-2025
"- Bán nhà ngõ Trường Chinh, Thanh Xuân, Siêu đẹp, 77.5m2, 23.5 tỷ","23,5 tỷ","Đường Trường Chinh, Phường Kim Liên, Quận Đống Đa, Hà Nội",77.5 m² (3.5x22.0),8 phòng,1 WC,7,Sổ đỏ,18-11-2025
SIÊU PHẨM THÁI HÀ – Ô TÔ ĐỖ CỬA – VỈA HÈ – Ở & KINH DOANH ĐỈNH CAO,"15,8 tỷ","Phường Láng Hạ, Quận Đống Đa, Hà Nội",30 m² (4.0x8.0),4 phòng,5 WC,4,Giấy tờ hợp lệ,18-11-2025
"BÁN NHÀ ĐỐNG ĐA, PHÂN LÔ, Ô TÔ, MT ĐẸP,GIÁ ĐẦU TƯ, 5T, 75 M2, 23 TỶ 9","23,9 tỷ","Đường Chùa Bộc, Phường Trung Liệt, Quận Đống Đa, Hà Nội",75 m²,N/A,N/A,5,Sổ đỏ,18-11-2025
"Căn hoa hậu, giá hậu đậu, nhà mới 40m2, 2 thoáng, 100m ra Khâm Thiên","8,5 tỷ","Phường Khâm Thiên, Quận Đống Đa, Hà Nội",40 m²,4 phòng,N/A,4,Giấy tờ hợp lệ,18-11-2025
Bán Nhà MP Tôn Đức Thắng - Đống Đa- Độc Tôn- Giữ Tiền-_Lô Góc,"31,8 tỷ","Đường Tôn Đức Thắng, Phường Hàng Bột, Quận Đống Đa, Hà Nội",45 m² (5.3x9.0),4 phòng,3 WC,5,Sổ đỏ,18-11-2025
Nhà phố ngay Trung Tâm Hà Nội gần Quốc Tử Giám 3 phòng ngủ,"9,85 tỷ","Phường Văn Miếu, Quận Đống Đa, Hà Nội",38 m² (5.0x8.0),3 phòng,4 WC,4,Giấy tờ hợp lệ,18-11-2025
Bán nhà Ngõ Linh Quang - Đống Đa,"4,75 tỷ","Phường Văn Miếu, Quận Đống Đa, Hà Nội",15 m² (3.0x5.7),2 phòng,2 WC,4,Giấy tờ hợp lệ,18-11-2025
🔥SIÊU HIẾM - NHỈNH 3 TỶ NHÀ FULL NỘI THẤT - 20M RA MẶT PHỐ,"3,38 tỷ","Phường Khâm Thiên, Quận Đống Đa, Hà Nội",16 m²,2 phòng,2 WC,4,Giấy tờ hợp lệ,18-11-2025
LÔ GÓC – DÒNG TIỀN 20TR/THÁNG – TRUNG TÂM ĐỐNG ĐA,"12,2 tỷ","Phường Cát Linh, Quận Đống Đa, Hà Nội",42 m² (5.0x8.0),5 phòng,4 WC,4,Giấy tờ hợp lệ,18-11-2025
Bán nhà ngõ phố trường chinh vị trí đẹp,25 tỷ,"Đường Trường Chinh, Phường Khương Thượng, Quận Đống Đa, Hà Nội",105 m²,2 phòng,2 WC,2,Sổ đỏ,17-11-2025
"HIẾM! MẶT NGÕ ĐỐNG ĐA, CÁCH PHỐ 50M, 3 NGỦ FULL NỘI THẤT, CHỈ 3,38 TỶ","3,38 tỷ","Đường Khâm Thiên, Phường Khâm Thiên, Quận Đống Đa, Hà Nội",16 m² (3.5x4.6),3 phòng,3 WC,4,Sổ đỏ,17-11-2025
Nha Phố Khâm Thiên thiết kế đỉnh cao bàn giao ngay,"13,5 tỷ","Đường Chợ Khâm Thiên, Phường Khâm Thiên, Quận Đống Đa, Hà Nội",42 m² (4.0x10.6),4 phòng,3 WC,5,Sổ đỏ,17-11-2025
"Tôi chính chủ cần bán nhà Ngõ Phổ Giác, Phố Ngô Sĩ Liên 10m x 5 tầng,","1,5 tỷ","53B, Đường Ngõ Phổ Giác, Phường Quốc Tử Giám, Quận Đống Đa, Hà Nội",8 m² (2.0x4.0),3 phòng,1 WC,5,Sổ đỏ,17-11-2025
"Bán nhà mặt ngõ, đang kinh doanh, khu vực sầm uất gần trường, chợ, bv","4,2 tỷ","1, Đường Phương mai, Phường Phương Mai, Quận Đống Đa, Hà Nội",20 m² (4.0x5.0),2 phòng,3 WC,4,Giấy tờ hợp lệ,17-11-2025
"CẦN BÁN NHÀ 34M² GẦN HỒ LINH QUANG, CÁCH 10M Ô TÔ TRÁNH, PHỐ LINH QUAN","8,7 tỷ","Phường Quốc Tử Giám, Quận Đống Đa, Hà Nội",34 m² (3.4x10.0),3 phòng,3 WC,4,Giấy tờ hợp lệ,17-11-2025
"🌟AN TRẠCH, OTO TỚI CỔNG – BA MẶT THOÁNG, DT: 83m2– NHỈNH 16 TỶ 🌟","16,4 tỷ","Phường Cát Linh, Quận Đống Đa, Hà Nội",83 m²,4 phòng,N/A,2,Giấy tờ hợp lệ,17-11-2025
"Bán nhanh nhà Đê La Thành, giá 13.9 tỷ, 58m2x6T, thang máy, KD được","13,9 tỷ","Đường Đê La Thành, Phường Ô Chợ Dừa, Quận Đống Đa, Hà Nội",58 m²,N/A,N/A,6,Sổ đỏ,17-11-2025
"Tôi Chính chủ phố Xã Đàn, Q Đống Đa, Dt 125 m, 7 m, Mt 4,6 m, 75 Tỷ",75 tỷ,"Đường Xã Đàn, Phường Ô Chợ Dừa, Quận Đống Đa, Hà Nội",120 m²,N/A,N/A,N/A,Sổ đỏ,17-11-2025
Mặt Phố Láng Hạ - Đống Đa – 131 M2 – 4 Tầng – MT 5.9 M – Giá 64.8 Tỷ.,"64,8 tỷ","Đường Láng Hạ, Phường Láng Hạ, Quận Đống Đa, Hà Nội",131 m² (5.9x22.0),4 phòng,4 WC,4,Sổ đỏ,16-11-2025
"Cần bán nhà ở Phố Tôn Đức Thắng , 15m2, 2 tầng , 15m ra phố","2,5 tỷ","Phường Hàng Bột, Quận Đống Đa, Hà Nội",15 m²,1 phòng,1 WC,2,Sổ hồng,16-11-2025
"Vị trí đắc địa nhất trung tâm đống đa 58,5m 3 tầng mới đẹp 17,8 tỷ",18 tỷ,"Phường Láng Hạ, Quận Đống Đa, Hà Nội",59 m²,2 phòng,2 WC,3,Sổ đỏ,17-11-2025
⚡️BỎ LÀ TIẾCi: Ô TÔ 10M - NGÕ THÔNG - CÔNG VIÊN - Bán nhà ĐỐNG ĐA,"3,19 tỷ","Phường Quang Trung, Quận Đống Đa, Hà Nội",19 m² (3.0x6.0),3 phòng,3 WC,4,Giấy tờ hợp lệ,16-11-2025
"Bán gấp! Nhà Đống Đa 40m², 6 tầng, thang máy, ngõ nông, 2 thoáng",13 tỷ,"Phường Thịnh Quang, Quận Đống Đa, Hà Nội",40 m²,4 phòng,N/A,6,Giấy tờ hợp lệ,15-11-2025
BIỆT THỰ MINI THỊNH QUANG - Ô TÔ QUA NHÀ - VƯỜN NƯỚNG BBQ - HỒ CÁ KOI,18 tỷ,"Phường Thịnh Quang, Quận Đống Đa, Hà Nội",65 m² (5.0x11.0),4 phòng,2 WC,5,Giấy tờ hợp lệ,15-11-2025
"Bán nhà phố Thái Hà, Đống Đa 56m, 6 tầng. Giá: 20.5 tỷ","20,5 tỷ","Phường Trung Liệt, Quận Đống Đa, Hà Nội",56 m²,4 phòng,5 WC,6,Sổ đỏ,14-11-2025
"Bán Nhà Khu Vực Vip Đống Đa, Gần Phố Bố Làm To","13,6 tỷ","Phường Láng Thượng, Quận Đống Đa, Hà Nội",49 m² (4.0x13.0),6 phòng,4 WC,5,Giấy tờ hợp lệ,14-11-2025
"Bán nhà phố Huỳnh Thúc Kháng, Đống Đa 38m, 5 tầng. Giá: 16.5 tỷ","16,5 tỷ","Phường Láng Hạ, Quận Đống Đa, Hà Nội",38 m²,3 phòng,4 WC,5,Sổ đỏ,14-11-2025
"Bán nhà mặt phố 119 Thái Thịnh,43,5 m xây 4 tầng",31 tỷ,"Phường Phương Liên, Quận Đống Đa, Hà Nội",45 m² (5.0x11.0),6 phòng,2 WC,4,Sổ đỏ,14-11-2025
"Bán gấp! Nhà Láng 5 tầng, lô góc, 36m², ngõ thông, full nội thất.","9,6 tỷ","Phường Láng Thượng, Quận Đống Đa, Hà Nội",36 m²,3 phòng,N/A,5,Giấy tờ hợp lệ,14-11-2025
"NHANH! NHÀ MỚI TINH 7 TẦNG THANG MÁY HỒ BA MẪU - MẶT NGÕ THÔNG, GẦN HỒ","9,8 tỷ","Đường Hồ Ba Mẫu, Phường Phương Liên, Quận Đống Đa, Hà Nội",39 m² (3.9x10.0),3 phòng,6 WC,7,Sổ đỏ,14-11-2025
"Bán Nhà 6T Thang Máy Mp Hoàng cầu- Hào Nam 66m2 Mt4,5m đường hè 40m .","36,68 tỷ","66, Đường Hào Nam, Phường Ô Chợ Dừa, Quận Đống Đa, Hà Nội",66 m²,6 phòng,6 WC,6,Sổ đỏ,14-11-2025
"Bán nhà ngõ 65 Ô Đồng Lầm, 34.4 m2x2T,ấm cúng hài hoà,70m ra Hồ Ba Mẫu","8,6 tỷ","Phường Phương Liên, Quận Đống Đa, Hà Nội",34.4 m² (3.9x8.7),2 phòng,1 WC,2,Giấy tờ hợp lệ,13-11-2025
NHÀ VĂN CHƯƠNG - TÔN ĐỨC THẮNG - GẦN HỒ -  RA PHỐ GẦN - VUÔNG ĐẸP,"8,35 tỷ","Phường Văn Chương, Quận Đống Đa, Hà Nội",40 m² (3.0x13.0),4 phòng,3 WC,4,Giấy tờ hợp lệ,13-11-2025
NGÕ VĂN HƯƠNG - VỊ TRÍ ĐẸP - HAI MẶT NGÕ • GẦN PHỐ • MỚI ĐẸP Ở NGAY,"6,98 tỷ","Phường Hàng Bột, Quận Đống Đa, Hà Nội",26 m² (5.0x7.0),2 phòng,3 WC,3,Giấy tờ hợp lệ,13-11-2025
"Bán đất tặng nhà cũ 3 tầng kiểu biệt thự, mặt hồ Linh Quang Khâm Thiên",63 tỷ,"686, Đường Hồ Văn Chương, Phường Văn Miếu, Quận Đống Đa, Hà Nội",140 m² (6.0x23.0),5 phòng,3 WC,3,Sổ đỏ,13-11-2025
"Chính chủ bán nhà ngõ Văn Chương, diện tích 27m2, 3 tầng, giá 6,7 tỷ","6,7 tỷ","Phường Văn Chương, Quận Đống Đa, Hà Nội",27 m²,3 phòng,N/A,3,Giấy tờ hợp lệ,13-11-2025
"Tôi cần bán nhà 4tầng full nội thất, mặt ngõ ô tô Thái Hà","16,45 tỷ","Phường Láng Hạ, Quận Đống Đa, Hà Nội",60 m²,4 phòng,4 WC,4,Giấy tờ hợp lệ,13-11-2025
Bán nhà đẹp ở ngay Phố Khâm Thiên Đống Đa,"7,98 tỷ","Phường Khâm Thiên, Quận Đống Đa, Hà Nội",45 m² (3.5x13.0),3 phòng,2 WC,3,Giấy tờ hợp lệ,13-11-2025
"Bán nhà Linh Quang nhà đẹp 5 tầng mới ở ngay, gần hồ, sổ đỏ vuông vắn","10,8 tỷ","Phường Văn Chương, Quận Đống Đa, Hà Nội",35 m²,4 phòng,N/A,5,Giấy tờ hợp lệ,13-11-2025
"Bán nhà Chính Chủ ngõ Văn Chương, Đống Đa, 3 phòng ngủ, 5.48 tỷ!","5,48 tỷ","Phường Khâm Thiên, Quận Đống Đa, Hà Nội",23 m²,3 phòng,4 WC,5,Giấy tờ hợp lệ,13-11-2025
GĐ Cần bán nhà riêng TÔN ĐỨC THẮNG 5T DT 27M 90M ra phố bán nhỉnh 6 tỷ,"6,18 tỷ","Phường Văn Miếu, Quận Đống Đa, Hà Nội",26 m² (3.4x9.0),3 phòng,4,5,Giấy tờ hợp lệ,13-11-2025
"📢NHÀ Siêu Đẹp, 3 Ngủ, 4 wc, Gần Phố, 2 Thoáng Trước Sau","7,6 tỷ","Phường Khâm Thiên, Quận Đống Đa, Hà Nội",34 m²,3 phòng,4 WC,4,Giấy tờ hợp lệ,12-11-2025
"BÁN NHÀ TÔN ĐỨC THẮNG, Ô TÔ ĐỖ CỬA, 3 THOÁNG, 56M2x3T, MT 8M, 9.7 TỶ","9,7 tỷ","Đường Tôn Đức Thắng, Phường Láng Thượng, Quận Đống Đa, Hà Nội",56 m² (8.0x7.0),4 phòng,4 WC,3,Sổ đỏ,12-11-2025
Mặt phố Tôn Đức Thắng phường Cát Linh 45m 6 tầng chính chủ cần bán,31 tỷ,"Đường Tôn Đức Thắng, Phường Cát Linh, Quận Đống Đa, Hà Nội",40 m² (5.5x9.0),4 phòng,5 WC,6,Sổ đỏ,12-11-2025
⚡️Bỏ Lỡ Tiếc Hùi Hụi: Ô TÔ 10M - NGÕ THÔNG - GIÁ RẺ BẤT NGỜ - Bán nhà,"3,1 tỷ","Phường Quang Trung, Quận Đống Đa, Hà Nội",19 m² (3.0x6.0),3 phòng,3 WC,4,Giấy tờ hợp lệ,12-11-2025
"Bán nhà 2c Thổ Quan (ô tô đỗ cửa, Kinh doanh sầm uất) - Chính chủ",11 tỷ,"2c, Đường Ngõ Thổ Quan, Phường Thổ Quan, Quận Đống Đa, Hà Nội",30 m²,2 phòng,2 WC,3,Sổ đỏ,27-10-2025
"Nguyễn Chí Thanh, Ba Đình, Đống Đa 1,2 tỷ/ năm giá 25 tỷ 80M-8T",25 tỷ,"Đường Nguyễn Chí Thanh, Phường Láng Thượng, Quận Đống Đa, Hà Nội",80 m² (6.0x14.0),22 phòng,22 WC,7,Sổ đỏ,11-11-2025
Chính chủ bán nhà 9 tầng ngõ ô tô tránh Thái Hà 70m2 với 9 tầng có hầm,36 tỷ,"Phường Láng Hạ, Quận Đống Đa, Hà Nội",70 m² (7.0x10.0),11 phòng,7 WC,4,Giấy tờ hợp lệ,12-11-2025
"Chính chủ bán nhà Vũ Ngọc Phan, đường ô tô 2 mặt tiền 5m nhà 8 tầng",42 tỷ,"Phường Láng Hạ, Quận Đống Đa, Hà Nội",90 m² (5.0x18.0),11 phòng,7 WC,8,Giấy tờ hợp lệ,12-11-2025
"Bán nhà Đống Đa, ô tô đỗ cửa, kinh doanh, 38m2, chỉ 12.8 tỷ!","12,8 tỷ","Phường Khương Thượng, Quận Đống Đa, Hà Nội",38 m²,3 phòng,4 WC,4,Giấy tờ hợp lệ,12-11-2025
"Bán nhà phân lô Thái Hà – 41m² – 5 tầng – MT 4.1m – ô tô tránh – 22,5","22,5 tỷ","Phường Trung Liệt, Quận Đống Đa, Hà Nội",42 m² (4.2x10.0),3 phòng,4 WC,5,Giấy tờ hợp lệ,12-11-2025
"Nhà gần phố Tôn Đức Thắng – 5 tầng đẹp – cách ô tô 20m – 5,85 tỷ","5,85 tỷ","Phường Hàng Bột, Quận Đống Đa, Hà Nội",20 m² (3.2x7.0),2 phòng,3 WC,5,Giấy tờ hợp lệ,12-11-2025
"BÁN NHÀ MP PHƯỜNG LÁNG, LÔ GÓC, 95M2×3T, MT 4M NỞ HẬU, 38 TỶ",38 tỷ,"Phường Láng Thượng, Quận Đống Đa, Hà Nội",95 m² (4.0x20.0),4 phòng,4 WC,3,Sổ đỏ,11-11-2025
Bán nhà khu vực đặng văn ngữ - trung tự - kim liên  4 tầng,"6,99 tỷ","Đường Đặng Văn Ngữ, Phường Kim Liên, Quận Đống Đa, Hà Nội",21 m²,3 phòng,3 WC,4,Sổ đỏ,11-11-2025
"Phố Láng Hạ, Đống Đa, Ô tô trong nhà, 8Tầng 35 tỷ",35 tỷ,"Đường Láng Hạ, Phường Láng Hạ, Quận Đống Đa, Hà Nội",60 m² (5.0x12.0),8 phòng,8 WC,9,Sổ đỏ,11-11-2025
"Bán nhà phố trường chinh 30m2 , đống đa, hà nội","10,6 tỷ","Đường Trường Chinh, Phường Kim Liên, Quận Đống Đa, Hà Nội",30 m²,4 phòng,3 WC,N/A,Sổ đỏ,11-11-2025
Bán nhà phân lô ngõ phố Láng Hạ - đống đa - hn,68 tỷ,"59, Đường Láng Hạ, Phường Láng Hạ, Quận Đống Đa, Hà Nội",110 m² (9.0x12.0),8 phòng,8 WC,8,Sổ đỏ,15-11-2025
"Bán nhà cách mặt phố Khâm Thiên khoảng 6m, ô tô để phố. MT> 4,6m;","12,7 tỷ","Đường Khâm Thiên, Phường Khâm Thiên, Quận Đống Đa, Hà Nội",28 m²,N/A,N/A,6,Sổ đỏ,22-11-2025
"Nhỉnh 23tỷ nhà đẹp Tôn Đức Thắng 48m2,7T thang máy, oto đỗ cửa,kd đỉnh","23,2 tỷ","Đường Tôn Đức Thắng, Phường Khâm Thiên, Quận Đống Đa, Hà Nội",48 m²,6 phòng,5 WC,7,Sổ hồng,10-11-2025
"Bán Nhà PLo 49 Huỳnh Thúc Kháng 44m Lo góc5T oto 15,99 tỷ.","15,9 tỷ","88, Đường Huỳnh Thúc Kháng, Phường Láng Thượng, Quận Đống Đa, Hà Nội",32.8 m²,4 phòng,5 WC,5,Sổ đỏ,14-11-2025
Tôi cần bán nhà 5tầng Thái Hà mặt ngõ ô tô chánh đỗ kinh doanh vỉa hè,"22,48 tỷ","Phường Láng Hạ, Quận Đống Đa, Hà Nội",41 m²,4 phòng,5 WC,5,Giấy tờ hợp lệ,11-11-2025
TOÀ KÍNH PHỐ THÁI HÀ - 8 TẦNG THANG MÁY - KINH DOANH ĐỈNH CAO,"47,48 tỷ","Phường Trung Liệt, Quận Đống Đa, Hà Nội",78 m² (7.8x11.0),4 phòng,6 WC,8,Giấy tờ hợp lệ,11-11-2025
"Bán nhà Linh Quang 42m², 7 tầng thang máy, 50m ra hồ,ô tô gửi ngày đêm","11,5 tỷ","Phường Văn Chương, Quận Đống Đa, Hà Nội",42 m²,5 phòng,N/A,7,Giấy tờ hợp lệ,11-11-2025
"Bán nhà Đống Đa – 40m², mt 4m, 5 tầng mới đẹp – ô tô tránh – 3 thoáng","15,5 tỷ","Phường Văn Miếu, Quận Đống Đa, Hà Nội",40 m²,3 phòng,N/A,5,Giấy tờ hợp lệ,11-11-2025
"Bán tòa kính mặt phố Chùa Láng 136m², 8 tầng + hầm, MT 6.2m, 115 tỷ","114,5 tỷ","Phường Láng Thượng, Quận Đống Đa, Hà Nội",136 m² (6.2x22.0),1 phòng,6 WC,8,Giấy tờ hợp lệ,11-11-2025
NHÀ PHỐ PHƯƠNG MAI - VF3 ĐỖ CỬA-2 THOÁNG-GẦN TT-BỆNH VIỆN - TRƯỜNG ĐH,"13,5 tỷ","Phường Phương Mai, Quận Đống Đa, Hà Nội",45 m² (4.0x11.0),3 phòng,4 WC,4,Giấy tờ hợp lệ,11-11-2025
BÁN NHÀ – ĐỐNG ĐA – 38M2- 6 TẦNG – THANG MÁY – NHỈNH 11 TỶ,"11,4 tỷ","Đường Trần Hữu Tước, Phường Nam Đồng, Quận Đống Đa, Hà Nội",39 m² (3.7x10.3),3 phòng,5 WC,6,Sổ đỏ,10-11-2025
Bán nhà 6 tầng thang máy ngõ Linh Quang Đống Đa Hà Nội,13 tỷ,"Đường Linh Quang, Phường Văn Chương, Quận Đống Đa, Hà Nội",70 m²,N/A,N/A,6,Sổ đỏ,26-10-2025
"BÁN TÒA VP MẶT PHỐ NGUYỄN CHÍ THANH- CHÙA LÁNG, ĐỐNG ĐA",115 tỷ,"Phường Láng Thượng, Quận Đống Đa, Hà Nội",115 m²,N/A,N/A,N/A,Sổ đỏ,21-11-2025
"Chính chủ bán nhà 5 tầng, phố Xã Đàn - Đê La Thành, sổ đỏ chính chủ.","7,1 tỷ","Đường Xã Đàn, Phường Văn Miếu, Quận Đống Đa, Hà Nội",31.1 m²,4,3,5,Sổ đỏ,21-11-2025
"CHÍNH CHỦ BÁN NHÀ ĐỐNG ĐA, XÂY MỚI, THANG MÁY, GẦN PHỐ, 15M RA Ô TÔ","8,7 tỷ","Phường Thịnh Quang, Quận Đống Đa, Hà Nội",35 m²,N/A,N/A,N/A,Sổ đỏ,21-11-2025
"CC bán nhà số 2 ngõ 41 Thái Hà - Lô góc 118mx7 tầng , KD, VP (MTG)","43,5 tỷ","Đường Thái Hà, Phường Trung Liệt, Quận Đống Đa, Hà Nội",118 m² (5.8x20.0),12 phòng,12 WC,7,Sổ đỏ,17-11-2025
Bán BT Vip Thái Hà 250m oto giá 75 tỷ .,75 tỷ,"68, Đường Thái Hà, Phường Trung Liệt, Quận Đống Đa, Hà Nội",250 m²,5 phòng,4 WC,3,Sổ đỏ,14-11-2025
"Bán nhà 5,5T mặt Hồ Hoàng Cầu DTXD 48m2 MT 3.5m đường hè 6m 22,8ty.","22,8 tỷ","68, Đường Mai Anh Tuấn, Phường Ô Chợ Dừa, Quận Đống Đa, Hà Nội",48 m²,4 phòng,3 WC,5.5,Sổ đỏ,14-11-2025
"Bán Nhà 8 Tầng Thang Máy Giảng võ 50m mt 5m oto sân rộng 22,99  tỷ.","22,99 tỷ","Đường Giảng Võ, Phường Cát Linh, Quận Đống Đa, Hà Nội",50 m²,5 phòng,4 WC,8,Sổ đỏ,14-11-2025
"Bán Tòa Nhà Ngõ 29 Xã Đàn 70m2 x7T Thang máy 16 căn, 22,5 ty.","22,5 tỷ","68, Đường Tôn Thất Tùng, Phường Khương Thượng, Quận Đống Đa, Hà Nội",70 m²,16 phòng,16 WC,7,Sổ đỏ,14-11-2025
"Bán Nhà Văn Miếu, gần phố cổ, 46m*6,5T thang máy,  6 ngủ Mới, 16,5 tỷ.","16,5 tỷ","68, Đường Văn Miếu, Phường Văn Miếu, Quận Đống Đa, Hà Nội",46 m²,6 phòng,7 WC,6,Sổ đỏ,14-11-2025
"Bán Nhà 5 tầng Mới Đẹp Văn Miếu- Tôn Đức Thắng 45m2 MT6m ngõ 4m 12,8ty","12,88 tỷ","66, Đường Tôn Đức Thắng, Phường Quốc Tử Giám, Quận Đống Đa, Hà Nội",45 m²,4 phòng,5 WC,5,Sổ đỏ,14-11-2025
"💥 Nhà gì mà khu tướng tá ở, full nội thất xịn thế này?","15,2 tỷ","Đường Thịnh Quang, Phường Thịnh Quang, Quận Đống Đa, Hà Nội",40 m² (5.5x7.0),4 phòng,4 WC,7,Sổ đỏ,13-11-2025
"GIÁ 8.7 TỶ! NHÀ KHÂM THIÊN - ĐỐNG ĐA: 45M², 4 TẦNG - NHÀ MỚI, FULL ĐỒ!","8,7 tỷ","Phường Khâm Thiên, Quận Đống Đa, Hà Nội",45 m²,6 phòng,N/A,4,Giấy tờ hợp lệ,10-11-2025
SIÊU PHẨM NHÀ MỚI TINH FULL NỘI THẤT - PHÂN LÔ CÁN BỘ - GARA Ô TÔ - VÀ,16 tỷ,"Phường Trung Liệt, Quận Đống Đa, Hà Nội",40 m² (4.0x11.0),4 phòng,4 WC,5,Giấy tờ hợp lệ,10-11-2025
"Bán nhà phố Thịnh Quang 6 tầng thang máy , 40m2 , Mt 6.5m","9,9 tỷ","Phường Thịnh Quang, Quận Đống Đa, Hà Nội",40 m² (6.4x7.0),3 phòng,4 WC,6,Giấy tờ hợp lệ,10-11-2025
"Nhà Mới Đẹp Trung Tâm Quận Đống Đa, 30m Ra Ô Tô, 4 Phòng Ngủ","8,8 tỷ","Đường Yên Lãng, Phường Thịnh Quang, Quận Đống Đa, Hà Nội",34 m²,4 phòng,5 WC,6,Sổ đỏ,20-11-2025
"Bán nhà ngõ, vị trí sát mặt phố Tây Sơn, MB 48m2x 6 tầng có thang máy",20 tỷ,"Đường Phố Tây Sơn, Phường Ngã Tư Sở, Quận Đống Đa, Hà Nội",48 m² (4.5x11.0),4 phòng,5 WC,6,Sổ đỏ,13-11-2025
"GIÁ 13 TỶ! NHÀ LÊ DUẨN - ĐỐNG ĐA: 45M², 5 TẦNG - 100M RA HỒ 3 MẪU!",13 tỷ,"Phường Ô Chợ Dừa, Quận Đống Đa, Hà Nội",45 m²,3 phòng,N/A,5,Giấy tờ hợp lệ,09-11-2025
"GIÁ 12.1 TỶ! NHÀ ĐẶNG TIẾN ĐÔNG - ĐỐNG ĐA: 42M², 5 TẦNG- OTO ĐỖ CỔNG!","12,1 tỷ","Phường Ô Chợ Dừa, Quận Đống Đa, Hà Nội",42 m²,3 phòng,N/A,5,Giấy tờ hợp lệ,09-11-2025
BÁN NHÀ MỚI LÁNG HẠ – 3 NGỦ KHÉP KÍN – TRUNG TÂM BA ĐÌNH,"8,6 tỷ","Phường Láng Hạ, Quận Đống Đa, Hà Nội",31 m²,3 phòng,4 WC,5,Giấy tờ hợp lệ,09-11-2025
MẶT PHỐ TRẦN HỮU TƯỚC - 30m2 x 5 - KINH DOANH - Ô TÔ - NHỈNH 7 TỶ,"7,5 tỷ","Phường Nam Đồng, Quận Đống Đa, Hà Nội",30 m²,3 phòng,4 WC,5,Đang chờ sổ,09-11-2025
"Bán Nhà Ngay Công Viên Trân Quang Diệu 50m Ô Tô Tránh 35m2 6T 9,78ty","9,78 tỷ","Phường Quang Trung, Quận Đống Đa, Hà Nội",35 m² (5.0x8.0),3 phòng,5 WC,6,Giấy tờ hợp lệ,09-11-2025
"Bán Nhà Ngõ 2 Tây Sơn Đống Đa 33m2 6T 9,8ty","9,8 tỷ","Phường Quang Trung, Quận Đống Đa, Hà Nội",33 m² (5.0x7.0),3 phòng,5 WC,6,Giấy tờ hợp lệ,09-11-2025
"Bán Nhà Bt 3,5T P.Lô VPCP Hồ Phương Mai- Kim liên, HN 110m2 MT8,5m .","41,66 tỷ","Đường Phương Mai, Phường Phương Mai, Quận Đống Đa, Hà Nội",109 m²,4 phòng,3 WC,4,Sổ đỏ,08-11-2025
Bán nhà phố Nguyễn Chí Thanh quận Đống Đa,273 tỷ,"Đường Nguyễn Chí Thanh, Phường Láng Hạ, Quận Đống Đa, Hà Nội",420 m²,N/A,N/A,N/A,Sổ đỏ,24-10-2025
"Nhà mới Đặng Văn Ngữ lô góc gần ô tô, Dt 25m2, 4t, mt 3.5m, 6.95 tỷ.","6,95 tỷ","Đường Đặng Văn Ngữ, Phường Kim Liên, Quận Đống Đa, Hà Nội",25 m²,3 phòng,4 WC,4,Sổ hồng,08-11-2025
"Bán nhà 6 tầng phố Trần Hữu Tước, Phường Đống Đa","29,8 tỷ","Đường Trần Hữu Tước, Phường Nam Đồng, Quận Đống Đa, Hà Nội",74.5 m²,N/A,N/A,6,Sổ đỏ,24-10-2025
"Ô TÔ VÀO NHÀ, THANG MÁY, XÂY MỚI, NGÕ RỘNG, SÁT PHỐ, SĐCC, GIÁ TỐT","10,5 tỷ","Đường Hồ Văn Chương, Phường Khâm Thiên, Quận Đống Đa, Hà Nội",30 m²,N/A,N/A,N/A,Sổ đỏ,19-11-2025
"Bán nhà Khâm Thiên 42m2 , 5 tầng , ngõ thông , nội thất xịn 13,8 tỷ","13,8 tỷ","Đường Chợ Khâm Thiên, Phường Khâm Thiên, Quận Đống Đa, Hà Nội",42 m² (5.2x8.0),3 phòng,4 WC,5,Sổ đỏ,12-11-2025
Bán nhà chính chủ Ngọc 79 Nguyễn chí thanh,"2,3 tỷ","2, Đường Nguyễn Chí Thanh, Phường Láng Thượng, Quận Đống Đa, Hà Nội",32 m²,1 phòng,1 WC,3,Giấy tờ hợp lệ,12-11-2025
"SIÊU PHẨM PHẠM NGỌC THẠCH, 37M2, THANG MÁY, NGÕ THÔNG, SÁT PHỐ, 8,2 TỶ","8,2 tỷ","Đường Phạm Ngọc Thạch, Phường Kim Liên, Quận Đống Đa, Hà Nội",37 m² (3.7x10.0),2 phòng,3 WC,4,Sổ đỏ,12-11-2025
98 Thái Hà Nhà Phân Lô- Gara Oto Vào Nhà,"22,5 tỷ","98, Đường Thái Hà, Phường Quang Trung, Quận Đống Đa, Hà Nội",44 m²,4 phòng,4 WC,5,Sổ đỏ,12-11-2025
"Biệt thự căn góc 4,5T đẹp  Ô Đồng Lâm-Hồ Ba Mẫu cách ô tô 30m sát Hồ",20 tỷ,"Đường Ô Đồng Lầm, Phường Phương Liên, Quận Đống Đa, Hà Nội",96 m²,4 phòng,4 WC,4,Sổ đỏ,12-11-2025
"GIÁ 17 TỶ! NHÀ THÁI HÀ - ĐỐNG ĐA: 55M², 8 TẦNG - DÒNG TIỀN 80TR/THÁNG!",17 tỷ,"Phường Thịnh Quang, Quận Đống Đa, Hà Nội",55 m²,11 phòng,N/A,8,Giấy tờ hợp lệ,08-11-2025
"Bán nhà phố Khâm Thiên - 5 tầng 42m2, Mt 5m, ô chờ thang máy","13,9 tỷ","Phường Khâm Thiên, Quận Đống Đa, Hà Nội",42 m² (5.2x8.0),3 phòng,4 WC,5,Giấy tờ hợp lệ,08-11-2025
"GIÁ 8.5 TỶ!NHÀ HÀO NAM - ĐỐNG ĐA:40M², 4 TẦNG - 2 MẶT THOÁNG, FULL NT!","8,5 tỷ","Phường Cát Linh, Quận Đống Đa, Hà Nội",40 m²,4 phòng,N/A,4,Giấy tờ hợp lệ,08-11-2025
BÁN NHÀ TÔN ĐỨC THẮNG – NHÀ MỚI FULL NỘI THẤT – TRUNG TÂM ĐỐNG ĐA,"7,95 tỷ","Phường Khâm Thiên, Quận Đống Đa, Hà Nội",38 m²,4 phòng,3 WC,4,Giấy tờ hợp lệ,08-11-2025
"Nhà đẹp-Mặt ngõ-Ngõ thông-Gần phố oto-Xã Đàn 37mx4T- ở,thuê,KD-12.85tỷ","12,85 tỷ","Phường Kim Liên, Quận Đống Đa, Hà Nội",37 m² (3.2x13.0),3 phòng,4 WC,4,Giấy tờ hợp lệ,08-11-2025
"Bán tòa căn hộ dịch vụ Trung Phụng thoáng trước sau, Dt 70m2, 8t,mt 5m","22,5 tỷ","Đường phố trung phụng, Phường Trung Phụng, Quận Đống Đa, Hà Nội",70 m² (5.3x13.2),18 phòng,18 WC,8,Sổ hồng,07-11-2025
Cần bán nhà trong ngõ đường Láng,Thỏa thuận,"412, Đường Láng, Phường Láng Hạ, Quận Đống Đa, Hà Nội",105 m² (8.0x11.0),5 phòng,5 WC,7,Sổ đỏ,07-11-2025
"Cực hiếm. Bán nhà Thái Hà 60m2, mặt đường ô tô, kinh doanh, có vỉa hè",28 tỷ,"Đường Thái Hà, Phường Quang Trung, Quận Đống Đa, Hà Nội",60 m²,N/A,N/A,4,Sổ đỏ,07-11-2025
"BÁN GẤP NHÀ MẶT PHỐ PHÁO ĐÀI LÁNG, 59M2x4T, MT 4M, 23.5 TỶ","23,5 tỷ","Đường Pháo Đài Láng, Phường Láng Thượng, Quận Đống Đa, Hà Nội",59 m² (4.0x14.0),4 phòng,4 WC,4,Sổ đỏ,07-11-2025
"Bán tòa căn hộ dịch vụ Đặng Văn Ngữ, Dt 70m2, 7t, mt 5.3m, 1.5 tỷ/năm.","24,5 tỷ","Đường Đặng Văn Ngữ, Phường Trung Tự, Quận Đống Đa, Hà Nội",70 m² (5.3x13.2),21 phòng,21 WC,7,Sổ hồng,07-11-2025
"BÁN KHÁCH SẠN PHÁO ĐÀI LÁNG, 70M2x9T THANG MÁY, 18 PHÒNG, 37 TỶ",37 tỷ,"Đường Pháo Đài Láng, Phường Láng Thượng, Quận Đống Đa, Hà Nội",70 m² (5.0x15.0),18 phòng,19 WC,9,Sổ đỏ,06-11-2025
"Bán nhà 4 tầng mới, có sổ đỏ 15m, 2 tỷ 8 Khâm Thiên Hà Nội","2,8 tỷ","Đường Chợ Khâm Thiên, Phường Trung Phụng, Quận Đống Đa, Hà Nội",15 m²,2 phòng,2 WC,4,Sổ đỏ,11-11-2025
Bán Tòa Nhà Mặt Phố Hoàng Cầu - Đống Đa - 410M Giá 240 tỷ Giá Tốt,240 tỷ,"Đường hoàng cầu, Phường Trung Liệt, Quận Đống Đa, Hà Nội",410 m² (13.0x35.0),8 phòng,12 WC,10,Sổ đỏ,18-11-2025
"[Chính chủ] tôi cần bán nhà MP Hào Nam, Q Đống Đa, Dt 54 m, 6 T, Mt 5","33,5 tỷ","Phường Cát Linh, Quận Đống Đa, Hà Nội",54 m²,N/A,N/A,6,Sổ đỏ,11-11-2025
"Bán nhà mặt phố Trần Quang Diệu, Q Đống Đa, 80m2, 6 tầng, thang máy.",40 tỷ,"Đường Trần Quang Diệu, Phường Ô Chợ Dừa, Quận Đống Đa, Hà Nội",80 m² (5.0x16.0),6 phòng,N/A,6,Sổ đỏ,11-11-2025
"BÁN NHÀ 5 TẦNG NGÕ NÔNG, LÔ GÓC, TRUNG TÂM ĐỐNG ĐA, CHỈ 7 TỶ. - Lô góc","7,25 tỷ","Đường Khâm Thiên, Phường Khâm Thiên, Quận Đống Đa, Hà Nội",26 m² (3.6x6.7),2,N/A,5,Sổ đỏ,11-11-2025
"Nhà siêu hiếm phố Tôn Đức Thắng – 25m², 5 tầng, xây mới hiện đại","7,2 tỷ","Phường Hàng Bột, Quận Đống Đa, Hà Nội",25 m² (3.0x8.0),3 phòng,4 WC,5,Giấy tờ hợp lệ,07-11-2025
"Bán Nhà PHÁO ĐÀI LÁNG, Đống Đa- 35M- 5 TẦNG - 8,6 TỶ-LÔ GÓC- NGÕ THÔNG","8,6 tỷ","Phường Láng Hạ, Quận Đống Đa, Hà Nội",35 m²,3 phòng,N/A,5,Giấy tờ hợp lệ,07-11-2025
"Nhà Thái Hà - 63m2 | 6 tầng 7 ngủ | Ngõ nông, ô tô cách 30m | 16.x tỷ","16,5 tỷ","Phường Trung Liệt, Quận Đống Đa, Hà Nội",63 m²,7 phòng,5 WC,6,Giấy tờ hợp lệ,07-11-2025
SIÊU PHẨM NHỎ TIỀN – TRUNG TÂM ĐỐNG ĐA – NGÕ RỘNG – FULL NỘI THẤT,"5,85 tỷ","Phường Hàng Bột, Quận Đống Đa, Hà Nội",18 m²,3 phòng,4 WC,5,Giấy tờ hợp lệ,07-11-2025
"Căn hộ dòng tiền Đặng Văn Ngữ, 24 phòng, dòng tiền khủng, 85m2 24.5 tỷ","24,5 tỷ","Phường Trung Tự, Quận Đống Đa, Hà Nội",85 m² (5.5x15.0),11 phòng,7 WC,7,Giấy tờ hợp lệ,07-11-2025
"Chính chủ bán nhà Thái Thịnh, 43m2, 6 tầng thang máy, nhà mới ở luôn",10 tỷ,"Phường Thịnh Quang, Quận Đống Đa, Hà Nội",43 m² (6.4x7.0),4 phòng,5 WC,6,Giấy tờ hợp lệ,07-11-2025
GIÁ MỚI CHỈ 7.98 TỶ – NHÀ MỚI ĐẸP TT ĐỐNG ĐA – FULL NỘI THẤT – GẦN PHỐ,"7,98 tỷ","Phường Thổ Quan, Quận Đống Đa, Hà Nội",46 m²,2 phòng,3 WC,3,Giấy tờ hợp lệ,07-11-2025
"NHÀ MỚI ĐỐNG ĐA 10M Ô TÔ TRÁNH - 38M2 6 TẦNG THANG MÁY CHỈ 13,8 TỶ","13,8 tỷ","Phường Thổ Quan, Quận Đống Đa, Hà Nội",38 m²,3 phòng,5 WC,6,Giấy tờ hợp lệ,06-11-2025
"Nhà Đẹp Ô TÔ Vào Nhà Trần Quang Diệu 48/67m, 7 tầng, mt 6m, 33.5 tỷ","33,5 tỷ","Đường Trần Quang Diệu, Phường Ô Chợ Dừa, Quận Đống Đa, Hà Nội",48 m² (6.0x8.0),5 phòng,5 WC,7,Sổ đỏ,06-11-2025
Chính chủ cần bán gấp nhà mặt ngõ kinh doanh,13 tỷ,"90, Đường Ngõ Văn Chương, Phường Văn Chương, Quận Đống Đa, Hà Nội",45 m² (3.5x14.0),6 phòng,4 WC,5,Sổ đỏ,10-11-2025
"Siêu phẩm Trần Quang Diệu, Thang máy,  60m2, 6 tầng, 6m MT, giá 32 tỷ",32 tỷ,"Đường Trần Quang Diệu, Phường Ô Chợ Dừa, Quận Đống Đa, Hà Nội",60 m²,4 phòng,N/A,N/A,Sổ đỏ,10-11-2025
"Bán Nhà Mặt Phố Nguyễn Chí Thanh,Đống Đa.38m.Mặt tiền 4.5m.KD đỉnh cao","14,6 tỷ","Đường Nguyễn Chí Thanh, Phường Láng Hạ, Quận Đống Đa, Hà Nội",38 m²,4 phòng,5 WC,5,Sổ đỏ,06-11-2025
Bán nhà ngõ Lương Định Của khu hồ Phương Mai 8 tầng thang máy,"24,5 tỷ","Đường Lương Định Của, Phường Phương Mai, Quận Đống Đa, Hà Nội",65 m²,N/A,N/A,8,Sổ đỏ,10-11-2025
NHỈNH 10 TỶ Ô TÔ QUA NHÀ TRUNG LIỆT THÁI HÀ 25M2X6T THANG M ÁY,"10,35 tỷ","Đường Trung Liệt, Phường Trung Liệt, Quận Đống Đa, Hà Nội",25 m²,4 phòng,5 WC,6,Sổ đỏ,10-11-2025
NHÀ LÔ GÓC TRUNG TÂM ĐỐNG ĐA – 10M RA PHỐ XÃ ĐÀN – NGÕ 3 GÁC TRÁNH,"3,99 tỷ","Phường Nam Đồng, Quận Đống Đa, Hà Nội",11 m²,3 phòng,3 WC,5,Giấy tờ hợp lệ,06-11-2025
"Bán nhà nguyên căn Giảng Võ 54m2 giáp Núi Trúc,gần phố, 2thoáng,12.8tỷ","12,8 tỷ","Đường Giảng Võ, Phường Cát Linh, Quận Đống Đa, Hà Nội","54 m² (4,0x14,3)",4 phòng,4 WC,5,Sổ hồng,N/A
Tôi cần bán nhà Mặt phố Thổ Quan 1 nhà 4tầng full nội thất.,"15,26 tỷ","Phường Ô Chợ Dừa, Quận Đống Đa, Hà Nội",44 m²,4 phòng,4 WC,4,Giấy tờ hợp lệ,06-11-2025
"TRUNG TÂM ĐỐNG ĐA - 36M2 4 TẦNG CHỈ 9,6 TỶ HIẾM TRONG PHÂN KHÚC","9,6 tỷ","Phường Láng Hạ, Quận Đống Đa, Hà Nội",36 m²,4 phòng,3 WC,4,Giấy tờ hợp lệ,06-11-2025
Thái Thịnh -Thịnh Quang 27m 4 tầng đẹp ở ngay 5.95 tỷ.,"5,95 tỷ","Phường Ngã Tư Sở, Quận Đống Đa, Hà Nội",27 m²,3 phòng,3 WC,4,Giấy tờ hợp lệ,06-11-2025
🔥KHÔNG THỂ TIN!💥 GẦN BẠCH MAI - SỔ NỞ HẬU - 3 NGỦ 🛌. Bán nhà,"4,5 tỷ","Phường Phương Mai, Quận Đống Đa, Hà Nội",22 m² (2.5x8.0),3 phòng,3 WC,3,Giấy tờ hợp lệ,06-11-2025
"HIẾM! NHÀ MỚI TRUNG TÂM ĐỐNG ĐA - 30M2 - 6 TẦNG THANG MÁY CHỈ 9,85 TỶ","9,85 tỷ","Phường Ô Chợ Dừa, Quận Đống Đa, Hà Nội",30 m²,3 phòng,5 WC,6,Giấy tờ hợp lệ,06-11-2025
🏠 Nhà đẹp Phương Mai – Trung tâm Đống Đa – Ở ngay,"5,5 tỷ","Phường Phương Mai, Quận Đống Đa, Hà Nội",20 m²,3 phòng,2 WC,N/A,Giấy tờ hợp lệ,06-11-2025
NHÀ MẶT PHỐ TRUNG TÂM ĐỐNG ĐA - 60M2 - Ô TÔ ĐỖ CỬA CHỈ 25 TỶ,25 tỷ,"Phường Kim Liên, Quận Đống Đa, Hà Nội",60 m²,5 phòng,7 WC,4,Giấy tờ hợp lệ,05-11-2025
"Bán nhà mặt phố An Trạch,cat linh,dt: 30m,5 tg, mt:6m, giá 15 tỷ",15 tỷ,"Đường An Trạch, Phường Cát Linh, Quận Đống Đa, Hà Nội",30 m² (6.0x5.0),4 phòng,5 WC,5,Sổ đỏ,05-11-2025
"BÁN NHÀ PHÂN LÔ THÀNH ỦY HÀ NỘI 60M2 5T MT4,5M","18,9 tỷ","Đường Trần Quý Cáp, Phường Văn Miếu, Quận Đống Đa, Hà Nội","60 m² (4,5x12,0)",4 phòng,4 WC,5,Sổ hồng,N/A
"Bán nhà mặt phố Văn miếu , đd ,dt:60 m x 5 tg , mt :5,5_ giá :40 tỷ",40 tỷ,"Đường Văn Miếu, Phường Quốc Tử Giám, Quận Đống Đa, Hà Nội",60 m² (5.5x11.0),4 phòng,4 WC,5,Sổ đỏ,05-11-2025
Bán nhà phân lô nguyễn phúc lai - hoàng cầu,"12,5 tỷ","Đường Nguyễn Phúc Lai, Phường Ô Chợ Dừa, Quận Đống Đa, Hà Nội",40 m²,6 phòng,5 WC,5,Sổ đỏ,12-11-2025
Nhà phố ô chợ dừa chung cư mini 7 tầng thang máy giá 24.5 tỷ,"24,5 tỷ","Đường Đê La Thành nhỏ, Phường Ô Chợ Dừa, Quận Đống Đa, Hà Nội",52 m²,6 phòng,7 WC,7,Sổ đỏ,05-11-2025
Ngon Bổ Rẻ là đây Láng Hạ 260tr/m² 4 ô tô tránh đỗ lô góc mặt tiền khủ,22 tỷ,"Đường Láng Hạ, Phường Láng Hạ, Quận Đống Đa, Hà Nội",82 m²,4 phòng,4 WC,N/A,Sổ đỏ,09-11-2025
Bán TT Đống Đa - ô tô đỗ cửa - DT sổ hiếm - DT sử dụng 150m2 - tầm tiề,8 tỷ,"Phường Láng Thượng, Quận Đống Đa, Hà Nội",50 m²,N/A,N/A,N/A,Sổ đỏ,09-11-2025
"​GIÁ 10.5 TỶ! NHÀ VĂN HƯƠNG - ĐỐNG ĐA: 55M², 4 TẦNG - LÔ GÓC, FULL NT!","10,5 tỷ","Phường Cát Linh, Quận Đống Đa, Hà Nội",55 m²,4 phòng,N/A,4,Giấy tờ hợp lệ,05-11-2025
"Tôi cần bán nhà 3tầng,mặt ngõ ô tô chánh đỗ ngày đêm","15,79 tỷ","Phường Láng Hạ, Quận Đống Đa, Hà Nội",45 m²,3 phòng,3 WC,3,Giấy tờ hợp lệ,05-11-2025
Bán nhà Hào Nam Đống Đa S59m 5T Mt6m Giá 13.47 tỷ,"13,47 tỷ","Phường Ô Chợ Dừa, Quận Đống Đa, Hà Nội",55 m²,4 phòng,5 WC,5,Giấy tờ hợp lệ,05-11-2025
"Bán nhà 6 tầng thang máy , 33,7m2 , Mt 6m - phố Khâm Thiên - Đống Đa",12 tỷ,"Phường Khâm Thiên, Quận Đống Đa, Hà Nội",33.7 m² (6.0x6.1),3 phòng,4 WC,6,Giấy tờ hợp lệ,05-11-2025
"TRUNG TÂM ĐỐNG ĐA - 46,2M2 5 TẦNG - THANG MÁY CHỈ 14,8 TỶ","14,8 tỷ","Phường Quốc Tử Giám, Quận Đống Đa, Hà Nội",47 m²,9 phòng,7 WC,6,Giấy tờ hợp lệ,05-11-2025
"🌿8,8 tỷ -PHỐ THÁI HÀ, ngõ oto- 34m² – 4 tầng chắc chắn.","8,8 tỷ","Phường Trung Liệt, Quận Đống Đa, Hà Nội",34 m²,3 phòng,N/A,4,Giấy tờ hợp lệ,05-11-2025
"TRUNG TÂM ĐỐNG ĐA - 42M2 7 TẦNG THANG MÁY CHỈ 11,4 TỶ","11,4 tỷ","Phường Văn Miếu, Quận Đống Đa, Hà Nội",42 m²,4 phòng,5 WC,7,Giấy tờ hợp lệ,05-11-2025
"CCMN TRUNG TÂM ĐỐNG ĐA - 40M2 7 TẦNG THANG MÁY CHỈ 11,6 TỶ","11,6 tỷ","Phường Ô Chợ Dừa, Quận Đống Đa, Hà Nội",40 m²,10 phòng,7 WC,6,Giấy tờ hợp lệ,05-11-2025
"BÁN TOÀ CCMN XÃ ĐÀN, LÔ GÓC, 50M2×7T, 16PKK, MT 5M,85TR/THÁNG, 17.9 TỶ","17,9 tỷ","Đường Xã Đàn, Phường Phương Liên, Quận Đống Đa, Hà Nội",50 m² (5.0x10.0),17 phòng,17 WC,7,Sổ đỏ,04-11-2025
"BÁN NHÀ TÔN ĐỨC THẮNG 60m2 MT RỘNG, KINH DOANH NHỎ, CÁCH ÔTÔ TRÁNH 30M","11,6 tỷ","Đường Tôn Đức Thắng, Phường Văn Miếu, Quận Đống Đa, Hà Nội",60 m²,3 phòng,3 WC,3,Sổ đỏ,08-11-2025
BÁN NHÀ TRUNG TÂM QUẬN ĐỐNG ĐA,"5,85 tỷ","Phường Trung Phụng, Quận Đống Đa, Hà Nội",25 m² (5.0x5.0),3 phòng,4 WC,5,Giấy tờ hợp lệ,04-11-2025
BÁN NHÀ ĐỐNG ĐA  – 7T THANG MÁY – TT PHƯỜNG KHÂM THIÊN – GIÁ 14.5 TỶ,"14,5 tỷ","Phường Khâm Thiên, Quận Đống Đa, Hà Nội",44 m²,9 phòng,7 WC,7,Giấy tờ hợp lệ,04-11-2025
Tôi cần bán nhà 7tầng thang máy full nộithất mặt ngõ Huỳnh Thúc kháng,"64,45 tỷ","Phường Láng Hạ, Quận Đống Đa, Hà Nội",73 m²,6 phòng,7 WC,7,Giấy tờ hợp lệ,04-11-2025
Cần bán toà nhà dòng tiền vị trí cực víp tại Đống Đa,16 tỷ,"Phường Khương Thượng, Quận Đống Đa, Hà Nội",50 m²,11 phòng,7 WC,8,Giấy tờ hợp lệ,04-11-2025
"TRUNG TÂM ĐỐNG ĐA - 31M2 - MẶT TIỀN RỘNG 5M CHỈ 6,45","6,45 tỷ","Phường Phương Liên, Quận Đống Đa, Hà Nội",31 m²,3 phòng,4 WC,4,Giấy tờ hợp lệ,04-11-2025
"Siêu hiếm! Bán nhà Đặng Tiến Đông 63m2, 6T thang máy, MT 5.8m, 16.5 tỷ","16,5 tỷ","Phường Trung Liệt, Quận Đống Đa, Hà Nội",63 m² (5.8x10.9),8 phòng,5 WC,5,Giấy tờ hợp lệ,04-11-2025
Tậu nhà dòng tiền CCMN-đẹp mới coong 11 Phòng-TM 60mx7T Xã Đàn 18.3 tỷ,"18,3 tỷ","Phường Ô Chợ Dừa, Quận Đống Đa, Hà Nội",60 m² (5.7x11.0),11 phòng,7 WC,7,Giấy tờ hợp lệ,03-11-2025
"Mặt phố Vip-KD đỉnh  Pháo Đài Láng 62mx4T-oto,dòng tiền tốt  23.5 tỷ","23,5 tỷ","Phường Láng Thượng, Quận Đống Đa, Hà Nội",62 m² (4.0x15.0),4 phòng,4 WC,4,Giấy tờ hợp lệ,04-11-2025
"Bán nhà Tây Sơn, 40m2, 6 tầng thang máy, ngõ rộng, trung tâm Đống Đa","9,99 tỷ","Phường Thịnh Quang, Quận Đống Đa, Hà Nội",40 m² (6.4x7.0),4 phòng,5 WC,6,Giấy tờ hợp lệ,03-11-2025
"Bán nhà phố Đặng Văn Ngữ, Đống Đa 56m, 5 tầng. Giá: 17.5 tỷ","17,5 tỷ","Đường Đặng Văn Ngữ, Phường Trung Tự, Quận Đống Đa, Hà Nội",56 m²,5 phòng,4 WC,5,Sổ đỏ,03-11-2025
"Bán hoặc Cho thuê, số nhà 16/121 Thái Hà, Đống Đa, DT 40m2, 5 tầng",28 tỷ,"Đường Thái Hà, Phường Ô Chợ Dừa, Quận Đống Đa, Hà Nội",40 m²,N/A,N/A,N/A,Giấy tờ khác,03-11-2025
"Bán nhà phố Thái Hà, Đống Đa 68m, 7 tầng, mt 4.4m. Giá: 37.5 tỷ","37,5 tỷ","Đường Thái hà, Phường Trung Liệt, Quận Đống Đa, Hà Nội",68 m²,10 phòng,11 WC,7,Sổ đỏ,03-11-2025
"Bán nhà phố Thái Hà, Đống Đa 123m, 7 tầng, mt 5.4m. Giá: 47 tỷ",47 tỷ,"Đường Thái hà, Phường Trung Liệt, Quận Đống Đa, Hà Nội",123 m²,7 phòng,7 WC,7,Sổ đỏ,03-11-2025
"Bán nhà Láng Hạ 7 tầng thang máy, vỉa hè, ô tô tránh, kinh doanh",68 tỷ,"Đường Láng Hạ, Phường Láng Hạ, Quận Đống Đa, Hà Nội",105 m²,N/A,N/A,7,Sổ đỏ,03-11-2025
Bán nhà mặt hồ Hoàng Cầu - Mai Anh Tuấn,23 tỷ,"Phường Ô Chợ Dừa, Quận Đống Đa, Hà Nội",45 m²,6 phòng,5 WC,5,Sổ đỏ,18-10-2025
"Bán nhà Thái Hà 40m OTO vào nhà, GARA OTO 6 tầng giá 14,5Tỷ","14,5 tỷ","Đường Thái hà, Phường Láng Hạ, Quận Đống Đa, Hà Nội",40 m²,N/A,N/A,6,Sổ hồng,07-11-2025
14 tỷ nhà căn góc Mp Kim Hoa - Xã Đàn vỉa hè kinh doanh sầm uất oto do,14 tỷ,"Đường Kim Hoa, Phường Phương Liên, Quận Đống Đa, Hà Nội",36 m²,4 phòng,3 WC,4,Sổ đỏ,01-11-2025
Bán nhà mặt phố Láng view metro cho thuê kinh doanh 33m2 10 tỷ,10 tỷ,"Phường Thịnh Quang, Quận Đống Đa, Hà Nội",33 m²,N/A,N/A,5,Sổ đỏ,07-11-2025
TÔI CHÍNH CHỦ BÁN NHÀ PHỐ TÔN ĐỨC THẮNG DT23 x 5 TẦNG GIÁ HƠN 5 TỶ XÍU,"5,45 tỷ","Phường Khâm Thiên, Quận Đống Đa, Hà Nội",25 m²,N/A,N/A,N/A,Sổ đỏ,07-11-2025
Cần bán nhà ngõ Văn Hương diện tích 44m2 xây 2 nhà riêng biệt.,11 tỷ,"1, Đường Tôn Đức Thắng, Phường Hàng Bột, Quận Đống Đa, Hà Nội",44 m² (7.0x7.0),4 phòng,4 WC,5,Sổ đỏ,07-11-2025
Nhà đẹp bán gấp phố Thông Phong 6 tầng 93m2 giá 28.5 tỷ thang máy,"28,5 tỷ","Đường Tôn Đức Thắng, Phường Hàng Bột, Quận Đống Đa, Hà Nội",93 m²,8 phòng,8 WC,6,Sổ đỏ,07-11-2025
BÁN NHÀ ĐỐNG ĐA - 8 TẦNG THANG MÁY - GẦN PHỐ - OTO ĐỖ CỬA,"24,5 tỷ","Phường Phương Mai, Quận Đống Đa, Hà Nội",65 m²,6 phòng,5 WC,8,Giấy tờ hợp lệ,03-11-2025
"NHÀ MỚI TRUNG TÂM ĐỐNG ĐA - 5 TẦNG - 33m2 CHỈ 7,1 TỶ","7,1 tỷ","Phường Láng Hạ, Quận Đống Đa, Hà Nội",33 m²,3 phòng,4 WC,5,Giấy tờ hợp lệ,03-11-2025
BÁN NHÀ KIM HOA – 4 TẦNG – MẶT TIỀN 5M – CHỈ 6.45 TỶ,"6,45 tỷ","Phường Phương Liên, Quận Đống Đa, Hà Nội",31 m²,3 phòng,3 WC,5,Giấy tờ hợp lệ,03-11-2025
"Bán nhà phố Vũ Thạnh – Lô góc 3 thoáng, 7 tầng thang máy, nội thất hiệ",10 tỷ,"Phường Cát Linh, Quận Đống Đa, Hà Nội",32 m² (5.0x6.5),4 phòng,5 WC,7,Giấy tờ hợp lệ,03-11-2025
"SIÊU RẺ TRUNG TÂM ĐỐNG ĐA - 38M2 CHỈ 7,95 TỶ - 4PN","7,95 tỷ","Phường Văn Chương, Quận Đống Đa, Hà Nội",38 m²,4 phòng,5 WC,4,Giấy tờ hợp lệ,03-11-2025
"Bán nhà vị trí đẹp nhất Hồ Văn Chương, 1 nhà ra phố, thông tứ tung, ki",12 tỷ,"Phường Hàng Bột, Quận Đống Đa, Hà Nội",51 m² (7.0x7.3),4 phòng,4 WC,5,Giấy tờ hợp lệ,03-11-2025
"Tôi cần bán gấp nhà mặt phố Trường Chinh căn góc, 5tầng full nội thất","29,45 tỷ","Phường Ngã Tư Sở, Quận Đống Đa, Hà Nội",41 m²,4 phòng,5 WC,5,Giấy tờ hợp lệ,03-11-2025
Nhà Tôn Thất Tùng  bán 8 tầng giá 29.8 tỷ,"29,8 tỷ","Phường Khương Thượng, Quận Đống Đa, Hà Nội",85 m²,N/A,N/A,8,Sổ đỏ,02-11-2025
Nhà phố Hồ Văn Chương chuyển nhượng 62m2 8 tầng giá 38 tỷ,38 tỷ,"Phường Văn Chương, Quận Đống Đa, Hà Nội",62 m²,12 phòng,11 WC,8,Sổ đỏ,02-11-2025
"CHỈ 14,5 TỶ SỞ HỮU SIÊU PHẨM PHÂN LÔ THÁI HÀ – Ô TÔ TRÁNH – LÔ GÓC","14,5 tỷ","Đường Thái hà, Phường Trung Liệt, Quận Đống Đa, Hà Nội",35 m²,5 phòng,4 WC,5,Sổ đỏ,06-11-2025
"Siêu Phẩm phân lô Phố Thái Hà, 60m2, 4 tầng, 4,2m Mt, Giá 18,9 tỷ","18,9 tỷ","Đường Thái Hà, Phường Trung Liệt, Quận Đống Đa, Hà Nội",60 m²,4 phòng,N/A,4,Sổ đỏ,06-11-2025
"Bán nhà phố Hào Nam ngõ thông kinh doanh, Dt 50m2, 5t, mt 4.5m, ở ngay","12,9 tỷ","Đường Hào Nam, Phường Ô Chợ Dừa, Quận Đống Đa, Hà Nội",50 m² (4.5x11.0),6 phòng,4 WC,5,Sổ hồng,06-11-2025
BÁN NHÀ ĐỐNG ĐA - NHÀ ĐẸP - GẦN PHỐ - Ở NGAY,"29,6 tỷ","Phường Hàng Bột, Quận Đống Đa, Hà Nội",58 m²,4 phòng,3 WC,5,Giấy tờ hợp lệ,02-11-2025
"chính chủ cần bán nhanh sổ đỏ riêng xây 20mét , 4 tầng mặt tiền 4 mét","4,9 tỷ","Phường Khâm Thiên, Quận Đống Đa, Hà Nội",20 m² (4.0x5.0),3 phòng,4 WC,4,Giấy tờ hợp lệ,02-11-2025
BÁN NHÀ ĐỐNG ĐA - 6 TẦNG THANG MÁY - NHÀ ĐẸP Ở NGAY,"13,8 tỷ","Phường Thổ Quan, Quận Đống Đa, Hà Nội",38 m²,3 phòng,5 WC,6,Giấy tờ hợp lệ,02-11-2025
BÁN NHÀ ĐỐNG ĐA - GẦN PHỐ - SỔ VUÔNG ĐẸP - Ở NGAY,"7,95 tỷ","Phường Văn Chương, Quận Đống Đa, Hà Nội",38 m²,4 phòng,3 WC,4,Giấy tờ hợp lệ,02-11-2025
BÁN NHÀ ĐỐNG ĐA - 7 TẦNG THANG MÁY - SIÊU PHẨM DÒNG TIỀN,"11,8 tỷ","Phường Văn Chương, Quận Đống Đa, Hà Nội",35 m²,5 phòng,5 WC,7,Giấy tờ hợp lệ,02-11-2025
BÁN NHÀ ĐỐNG ĐA - NHÀ MỚI - THIẾT KẾ HIỆN ĐẠI - Ở NGAY,"7,1 tỷ","Phường Láng Hạ, Quận Đống Đa, Hà Nội",33 m²,3 phòng,4 WC,5,Giấy tờ hợp lệ,02-11-2025
"PHỐ HÀO NAM 5 TẦNG KHUNG CỘT CHẮC CHẮN – TRUNG TÂM ĐỐNG ĐA - GẦN PHỐ,",6 tỷ,"Phường Ô Chợ Dừa, Quận Đống Đa, Hà Nội",25 m² (3.5x7.5),4 phòng,4 WC,5,Giấy tờ hợp lệ,02-11-2025
BÁN NHÀ ĐỐNG ĐA - NHÀ ĐẸP DÂN XÂY - OTO ĐỖ CỬA,"21,9 tỷ","Phường Khương Thượng, Quận Đống Đa, Hà Nội",60 m²,11 phòng,7 WC,6,Giấy tờ hợp lệ,02-11-2025
Chính chủ bán nhà dòng tiền Xã Đàn 7 tầng thang máy giá siêu hợp lý,"15,08 tỷ","Phường Ô Chợ Dừa, Quận Đống Đa, Hà Nội",50 m²,11 phòng,7 WC,7,Giấy tờ hợp lệ,02-11-2025
BÁN NHÀ ĐỐNG ĐA - NHÀ OTO - MẶT NGÕ KINH DOANH - 2 THOÁNG,"15,5 tỷ","Phường Láng Thượng, Quận Đống Đa, Hà Nội",52 m²,4 phòng,3 WC,4,Giấy tờ hợp lệ,02-11-2025
"Bán nhà mặt phố Thái Thịnh,DD, DT:55 m x 5 tg , giá 28 ty",28 tỷ,"Đường Thái Thịnh, Phường Thịnh Quang, Quận Đống Đa, Hà Nội",55 m² (4.0x14.0),4 phòng,5 WC,5,Sổ đỏ,01-11-2025
"NHANH! NGÕ 360 XÃ ĐÀN - 6 TẦNG, 42M2 THANG MÁY MỚI TINH, CHỈ 9,5 TỶ","9,5 tỷ","Đường Xã Đàn, Phường Trung Phụng, Quận Đống Đa, Hà Nội",42 m²,4 phòng,5 WC,6,Sổ đỏ,01-11-2025
"Nhà Phố Hồ Đắc Di, gần hồ, ngõ thông các ngả, ôtô đỗ cổng, DT 38x7T","11,9 tỷ","Đường Hồ Đắc Di, Phường Quang Trung, Quận Đống Đa, Hà Nội",38 m²,N/A,N/A,7,Sổ đỏ,01-11-2025
"BÁN CH DÒNG TIỀN MẶT PHỐ THỊNH QUANG, ĐỐNG ĐA, DT 93M2X9 TẦNG",45 tỷ,"Đường Thịnh Quang, Phường Thịnh Quang, Quận Đống Đa, Hà Nội",93 m²,N/A,N/A,9,Sổ đỏ,01-11-2025
Nhà thang máy phố Cát Linh 45m2 x 7 t cách phố 20 m giá bán 16 tỷ,16 tỷ,"3, Đường Cát Linh, Phường Cát Linh, Quận Đống Đa, Hà Nội",45 m² (4.8x9.5),5 phòng,5 WC,7,Sổ đỏ,05-11-2025
Siêu phẩm Thịnh Quang - 100m- 9 tầng- thang máy- ngõ ô tô- kinh doanh,41 tỷ,"Phường Thịnh Quang, Quận Đống Đa, Hà Nội",93 m² (6.0x16.5),11 phòng,7 WC,9,Giấy tờ hợp lệ,01-11-2025
chính chủ cần bán nhanh nhà đẹp,"3,95 tỷ","Phường Khâm Thiên, Quận Đống Đa, Hà Nội",12 m²,3 phòng,2 WC,6,Giấy tờ hợp lệ,01-11-2025
BÁN NHÀ LÁNG HẠ – NHÀ MỚI 5T – TRUNG TÂM ĐỐNG ĐA – GIÁ CHỈ 7.1 TỶ,"7,1 tỷ","Phường Láng Hạ, Quận Đống Đa, Hà Nội",30 m²,3 phòng,4 WC,5,Giấy tờ hợp lệ,01-11-2025
"Văn Chương 38m² 4T 3PN 7.95 Tỷ Đống Đa – NHÀ ĐẸP GẦN HỒ, FULL NỘI THẤT","7,95 tỷ","Phường Văn Chương, Quận Đống Đa, Hà Nội",38 m²,4 phòng,2 WC,4,Giấy tờ hợp lệ,01-11-2025
Bán nhà đường Láng - 15m ra mặt phố - 5 tầng x 6 pn - 36m2- nhỉnh 9 tỷ,9 tỷ,"Phường Láng Thượng, Quận Đống Đa, Hà Nội",36 m²,6 phòng,N/A,5,Giấy tờ hợp lệ,01-11-2025
Nhà 4T P/Lô Víp Nguyễn Chí Thanh-Huỳnh Thúc Kháng vỉa hè ngõ kd 6m,"18,5 tỷ","Đường Nguyễn Chí Thanh, Phường Láng Thượng, Quận Đống Đa, Hà Nội",38.5 m²,4 phòng,3 WC,5,Sổ đỏ,31-10-2025
"Nhà ĐẸP, Lô Góc, Thang Máy, Ô Tô tránh, Ô tô ngủ trong nhà, Kinh Doanh",21 tỷ,"Đường Trường Chinh, Phường Khương Thượng, Quận Đống Đa, Hà Nội",60 m² (5.2x14.0),10 phòng,11 WC,6,Sổ đỏ,31-10-2025
"Bán nhà 5,5T mặt Hồ Hoàng Cầu DTXD 48m2 MT 3.5m đường hè 6m 20,9ty.","20,9 tỷ","60, Đường Hoàng Cầu, Phường Ô Chợ Dừa, Quận Đống Đa, Hà Nội",48 m²,5 phòng,4 WC,5.5,Sổ đỏ,31-07-2025
TRUNG TÂM ĐỐNG ĐA – LÔ GÓC 3 THOÁNG – OTO ĐỖ CỬA – 70M² CHỈ 18 Tỷ.,"18,2 tỷ","Đường Thái hà, Phường Trung Liệt, Quận Đống Đa, Hà Nội",66 m²,6 phòng,6 WC,5,Sổ đỏ,16-10-2025
"Tòa CCM Mới Koong, Nguồn Kín Giá Tốt Đầu Tư, Ngõ Thông - Chùa Láng","14,75 tỷ","Đường Chùa Láng, Phường Láng Thượng, Quận Đống Đa, Hà Nội",51 m²,11 phòng,12 WC,7,Sổ đỏ,11-11-2025
"Bán nhà phân lô phố Huỳnh Thúc Kháng, cách phố 30m",39 tỷ,"Đường Huỳnh Thúc Kháng, Phường Láng Hạ, Quận Đống Đa, Hà Nội",72 m²,N/A,N/A,4,Sổ đỏ,04-11-2025
"Bán nhà 5 tầng, phố Xã Đàn -Đê La Thành, P.Văn Miếu Quốc Tử Giám","7,2 tỷ","Đường Xã Đàn, Phường Phương Liên, Quận Đống Đa, Hà Nội",31 m²,4 phòng,3 WC,5,Sổ đỏ,04-11-2025
"Bán nhà phân lô phố Thái Hà, Yên Lãng, mặt tiền 5m, cách mặt phố 30m","31,5 tỷ","Đường Thái Hà, Phường Thịnh Quang, Quận Đống Đa, Hà Nội",75 m²,N/A,N/A,5,Sổ đỏ,04-11-2025
Tôi cần bán nhà mặt ngõ Lương Định Của 9tầng thang máy full nội thất,"24,45 tỷ","Phường Phương Mai, Quận Đống Đa, Hà Nội",61 m²,6 phòng,7 WC,9,Giấy tờ hợp lệ,31-10-2025
"Bán nhà ngõ ô tô tránh Đặng Văn Ngữ , Trung Tự , Đống Đa, Hà Nội.","34,5 tỷ","Phường Trung Tự, Quận Đống Đa, Hà Nội",106 m²,9 phòng,4 WC,4,Giấy tờ hợp lệ,31-10-2025
🔥CÓ 102! bán nhà Đống Đa. MẶT PHỐ - GÓC VIEW VƯỜN HOA 🌷 - VỊ TRÍ,"10,75 tỷ","Phường Phương Mai, Quận Đống Đa, Hà Nội",30 m² (2.6x11.0),3 phòng,4 WC,5,Giấy tờ hợp lệ,31-10-2025
NHÀ MỚI ĐÓN TẾT - LÔ GÓC - NGÕ RỘNG - 3 NGỦ ĐỦ CÔNG NĂNG - GẦN Ô TÔ,"6,98 tỷ","Phường Trung Tự, Quận Đống Đa, Hà Nội",25 m² (3.5x7.0),3 phòng,3 WC,4,Giấy tờ hợp lệ,30-10-2025
TÂY SƠN 50m RỘNG 5m NHÀ 5 TẦNG GẦN PHỐ 10 Ty 9,"10,9 tỷ","72, Đường Phố Tây Sơn, Phường Khương Thượng, Quận Đống Đa, Hà Nội",50 m² (5.0x10.0),3 phòng,5 WC,5,Sổ đỏ,30-10-2025
"Bán nhà đẹp ở ngay Đường Láng, full nội thất, 33m, 5 tầng, giá 9,15 tỷ","9,15 tỷ","Đường Láng, Phường Láng Thượng, Quận Đống Đa, Hà Nội",33 m²,3 phòng,N/A,5,Sổ đỏ,10-11-2025
"BÁN NHÀ MẶT PHỐ TÂY SƠN, 5 TẦNG, NGÕ SAU, GIÁ ĐẦU TƯ, 55 M2, 22 TỶ 5","22,5 tỷ","Đường Phố Tây Sơn, Phường Trung Liệt, Quận Đống Đa, Hà Nội",55 m²,N/A,N/A,5,Sổ đỏ,29-10-2025
bán toà dòng tiền 780tr/năm tại đường Láng,"19,9 tỷ","Đường Láng, Phường Ngã Tư Sở, Quận Đống Đa, Hà Nội",62.5 m²,13 phòng,13 WC,6,Sổ đỏ,03-11-2025
Bán nhà ngõ 5 tầng gần hồ ba mẫu,"13,5 tỷ","ngõ 378 , Đường Lê Duẩn, Phường Phương Liên, Quận Đống Đa, Hà Nội",40 m² (10.0x4.0),5 phòng,2 WC,5,Sổ đỏ,03-11-2025
"Bán nhà lô góc Phường Láng – Đống Đa, 5 tầng thoáng sáng, nhỉnh 8 tỷ",8 tỷ,"Phường Láng Thượng, Quận Đống Đa, Hà Nội",35 m²,3 phòng,N/A,5,Giấy tờ hợp lệ,30-10-2025
SIÊU PHẨM Đê La Thành to Ô Chợ Dừa ĐĐ 60/65m2 7T MT 9m 17 tỷ Thang máy,18 tỷ,"170, Đường Đê La Thành, Phường Ô Chợ Dừa, Quận Đống Đa, Hà Nội",65 m²,N/A,N/A,7,Sổ đỏ,03-11-2025
"CHÍNH CHỦ BÁN NHÀ MẶT PHỐ LA THÀNH 30M², 5 TẦNG, KINH DOANH XỊN","13,1 tỷ","Phường Ô Chợ Dừa, Quận Đống Đa, Hà Nội",30 m²,2 phòng,4 WC,5,Giấy tờ hợp lệ,30-10-2025
GĐ CẦN BÁN TOÀ NHÀ 8 TẦNG - THANG MÁY -MẶT TIỀN 8M- THÁI HÀ,48 tỷ,"Phường Trung Liệt, Quận Đống Đa, Hà Nội",78 m² (8.0x10.0),6 phòng,N/A,8,Giấy tờ hợp lệ,30-10-2025
Mặt ngõ-Phân lô-Đặng Tiến Đông65mx5T-oto tránh-dòng tiền 25tr-19.2tỷ,"19,2 tỷ","Phường Kim Liên, Quận Đống Đa, Hà Nội",65 m² (3.9x18.0),6 phòng,5 WC,5,Giấy tờ hợp lệ,30-10-2025
BÁN NHÀ MỚI 6 TẦNG – NGÕ 48 LINH QUANG – VĂN MIẾU – ĐỐNG ĐA,"12,9 tỷ","Phường Quốc Tử Giám, Quận Đống Đa, Hà Nội",63 m² (4.0x15.0),4 phòng,5 WC,6,Giấy tờ hợp lệ,30-10-2025
HIẾM CÓ PHÂN KHÚC 4 TỶ ĐỐNG ĐA - LÔ GÓC THOÁNG SÁNG - 20M RA OTO TRÁNH,"4,8 tỷ","Phường Văn Chương, Quận Đống Đa, Hà Nội",25 m² (3.0x8.0),3 phòng,4 WC,5,Giấy tờ hợp lệ,30-10-2025
"PHÁO ĐÀI LÁNG 36M2 - NGÕ RỘNG FULL NỘI THẤT CHỈ 9,6 TỶ","9,6 tỷ","Phường Láng Thượng, Quận Đống Đa, Hà Nội",36 m²,4 phòng,3 WC,4,Giấy tờ hợp lệ,30-10-2025
"Cực hiếm! Nhà có thang máy Lương Đình Của – trung tâm Đống Đa, 8,2 tỷ","8,2 tỷ","Phường Kim Liên, Quận Đống Đa, Hà Nội",33 m² (4.0x8.2),3 phòng,3 WC,4,Giấy tờ hợp lệ,30-10-2025
PHÁO ĐÀI LÁNG - KINH DOANH - NGÕ THÔNG - GẦN PHỐ - GẦN Ô TÔ,"9,5 tỷ","Phường Láng Hạ, Quận Đống Đa, Hà Nội",40 m²,4 phòng,4 WC,4,Giấy tờ hợp lệ,30-10-2025
Bán Nhà Dòng Tiền CCMN Ngõ Chợ Khâm Thiên Xã Đàn 7 Tầng 24 Phòng KK,"24,5 tỷ","Đường Chợ Khâm Thiên, Phường Ô Chợ Dừa, Quận Đống Đa, Hà Nội",80 m²,24 phòng,25 WC,7,Sổ đỏ,29-10-2025
BÁN NHÀ MẶT PHỐ ĐƯỜNG LÁNG – LÔ GÓC – 2 MẶT THOÁNG – GIÁ 15.5 TỶ,"15,5 tỷ","Phường Láng Hạ, Quận Đống Đa, Hà Nội",52 m²,4 phòng,5 WC,4,Giấy tờ hợp lệ,30-10-2025
"LÔ GÓC - NGÕ THÔNG - NHÀ DÂN XÂY - NỘI THẤT ĐẸP 8,6 Tỷ","8,6 tỷ","Đường Pháo Đài Láng, Phường Láng Thượng, Quận Đống Đa, Hà Nội",32 m² (4.2x8.0),N/A,N/A,5,Sổ đỏ,02-11-2025
Tiền đều hàng tháng với căn nhà cho thuê,Thỏa thuận,"44/91, Đường Chùa Láng, Phường Láng Thượng, Quận Đống Đa, Hà Nội",80 m² (5.0x16.0),N/A,N/A,6,Sổ đỏ,02-11-2025
"Bán Nhà Khu Chia Lô Ngõ 31 Thái Hà . DT 34 m2, Xây 4 Tầng , MT 3,6 m ,","8,8 tỷ","Đường Thái hà, Phường Ô Chợ Dừa, Quận Đống Đa, Hà Nội",34 m² (3.3x11.0),N/A,N/A,4,Sổ đỏ,05-11-2025
"GIÁ 7.38 TỶ! NHÀ LINH QUANG - ĐỐNG ĐA: 32M², 5 TẦNG - 30M RA HỒ!","7,38 tỷ","Phường Khâm Thiên, Quận Đống Đa, Hà Nội",32 m²,3 phòng,N/A,5,Giấy tờ hợp lệ,29-10-2025
"Phân lô Huỳnh Thúc Kháng-Nguyên Hồng 45m2x4 tầng, vỉa hè,kd chỉ 18.2ty","18,15 tỷ","Phường Láng Hạ, Quận Đống Đa, Hà Nội",45 m²,6 phòng,5 WC,4,Giấy tờ hợp lệ,29-10-2025
Một mặt phố một mặt ngõ-Khương Thượng-45mx4T-MT4.3m-KD sầm uất- 20 tỷ,20 tỷ,"Phường Khương Thượng, Quận Đống Đa, Hà Nội",45 m² (4.3x9.0),4 phòng,4 WC,4,Giấy tờ hợp lệ,29-10-2025
HÀNG HIẾM ĐỐNG ĐA – NGÕ NÔNG – NHÀ ĐẸP Ở LUÔN,"10,2 tỷ","Phường Trung Liệt, Quận Đống Đa, Hà Nội",51 m²,4 phòng,3 WC,4,Giấy tờ hợp lệ,29-10-2025
"Cực hiếm! Tây Sơn, 50m ô tô tránh, 2 thoáng, nhà dân. 28mx4T. Chỉ 6,2t","6,2 tỷ","Phường Quang Trung, Quận Đống Đa, Hà Nội",28 m² (3.0x9.8),3 phòng,3 WC,4,Giấy tờ hợp lệ,29-10-2025
"Văn Chương, diện tích 15/20m2, 5 tầng, 3 ngủ, giá 4,8 tỷ","4,8 tỷ","Phường Văn Chương, Quận Đống Đa, Hà Nội",20 m²,3 phòng,4 WC,5,Giấy tờ hợp lệ,29-10-2025
"Bán nhà phân lô Văn Chương - 6 tầng thang máy , ô tô đỗ cửa - 10,4tỷ","10,4 tỷ","Phường Khâm Thiên, Quận Đống Đa, Hà Nội",30 m² (3.1x10.0),3 phòng,4 WC,6,Giấy tờ hợp lệ,29-10-2025
CẦN BÁN-NGÕ RỘNG-GẦN Ô TÔ-VÀO Ở LUÔN,15 tỷ,"Phường Ô Chợ Dừa, Quận Đống Đa, Hà Nội",33 m²,3 phòng,4 WC,6,Giấy tờ hợp lệ,29-10-2025
"VIP nhà Tôn Đức Thắng 85/90m2, 8 tầng , mặt tiền 5,8m, giá  43.5 tỷ","43,5 tỷ","Phường Văn Chương, Quận Đống Đa, Hà Nội",90 m²,10 phòng,N/A,8,Giấy tờ hợp lệ,29-10-2025
BÁN NHÀ VĂN CHƯƠNG TÔN ĐỨC THẮNG 38M 4 TẦNG 4 NGỦ - GẦN HỒ GẦN PHỐ,"7,94 tỷ","Phường Văn Chương, Quận Đống Đa, Hà Nội",38 m²,4 phòng,3 WC,N/A,Giấy tờ hợp lệ,29-10-2025
"Hiếm có Thái Hà – 60m² nhà ngõ đẹp, ô tô vào, trung tâm, giá 16,8 tỷ","16,8 tỷ","Phường Trung Liệt, Quận Đống Đa, Hà Nội",60 m²,4 phòng,N/A,4,Giấy tờ hợp lệ,29-10-2025
"Nguyên Hồng, diện tích 36/40m2, 5 tầng, mặt tiền 5,2m, giá 18 tỷ",18 tỷ,"Phường Láng Hạ, Quận Đống Đa, Hà Nội",40 m²,4 phòng,4 WC,5,Giấy tờ hợp lệ,29-10-2025
"Bán nhà lô góc hai mặt thoáng – Ngõ Linh Quang, gần hồ – Nhà đẹp có th",11 tỷ,"Phường Văn Miếu, Quận Đống Đa, Hà Nội",39 m² (3.9x9.5),5 phòng,5 WC,7,Giấy tờ hợp lệ,29-10-2025
"Nhà ngõ Văn Chương, diện tích 28m2, 4 tầng, mặt tiền 3,2m, giá 7,95 tỷ","7,95 tỷ","Phường Văn Chương, Quận Đống Đa, Hà Nội",28 m²,3 phòng,2 WC,4,Giấy tờ hợp lệ,29-10-2025
"Bán nhà Pháo đài láng 45m2 x5T nhà đẹp dân xây chắc chắn, ở ngay.",13 tỷ,"Phường Láng Thượng, Quận Đống Đa, Hà Nội",45 m² (4.5x11.0),4 phòng,4 WC,5,Giấy tờ hợp lệ,29-10-2025
"Tôi bán nhà phố Đặng Văn Ngữ, diện tích 21/24m2, 4 tầng, giá 6,98 tỷ","6,98 tỷ","Phường Trung Tự, Quận Đống Đa, Hà Nội",24 m²,3 phòng,3 WC,4,Giấy tờ hợp lệ,29-10-2025
"Bán căn dòng tiền Trường Chinh, diện tích 45m2, 7 tầng, giá 12,8 tỷ","12,8 tỷ","Phường Kim Liên, Quận Đống Đa, Hà Nội",45 m²,11 phòng,7 WC,7,Giấy tờ hợp lệ,29-10-2025
"Mặt ngõ oto tránh đường Nguyễn Phúc Lai-Đống đa-54mx4T ở thuê,KD 22 tỷ",22 tỷ,"Phường Ô Chợ Dừa, Quận Đống Đa, Hà Nội",54 m²,4 phòng,4 WC,4,Giấy tờ hợp lệ,29-10-2025
"BÁN NHÀ 5, 5 tầng có THANG MÁY khu phân lô Hoàng Cầu -Trần Quang Diệu",24 tỷ,"Đường Hoàng Cầu, Phường Ô Chợ Dừa, Quận Đống Đa, Hà Nội",48 m²,N/A,N/A,5.5,Sổ đỏ,28-10-2025
Cần bán nhà phố Võ Văn Dũng - Khu phân lô - Ô tô đỗ - Kinh doanh tốt,13 tỷ,"Phường Ô Chợ Dừa, Quận Đống Đa, Hà Nội",30 m² (3.0x10.0),3 phòng,4 WC,5,Giấy tờ hợp lệ,29-10-2025
"Tôi cần bán nhà mặt phố Yên Lãng căn góc, 5tầng thang máy full",41 tỷ,"Phường Láng Hạ, Quận Đống Đa, Hà Nội",59 m²,4 phòng,5 WC,5,Giấy tờ hợp lệ,29-10-2025
"BÁN NHÀ 2 tầng gần HỒ HOÀNG CẦU, quận Đống Đa, 81m2x 2 tầng, MT 6m","15,1 tỷ","Đường Hoàng Cầu, Phường Ô Chợ Dừa, Quận Đống Đa, Hà Nội",81 m²,N/A,N/A,2,Sổ đỏ,28-10-2025
"Thái Hà , Ngõ nông gần phố, 6 Tầng thang máy, 40m2 chỉ 12tỷ",12 tỷ,"Đường Thái Hà, Phường Láng Hạ, Quận Đống Đa, Hà Nội",40 m²,4 phòng,6 WC,6,Sổ đỏ,28-10-2025
Bán nhà mặt phố hoàng cầu quận đống đa hn.,30 tỷ,"Phường Ô Chợ Dừa, Quận Đống Đa, Hà Nội",50 m²,N/A,N/A,3,Sổ đỏ,01-11-2025
tt đống đa vài bước tôn đức thắng mặt tiền lơn 7m2 nhà mới kong ở luôn,7 tỷ,"222222, Đường Tôn Đức Thắng, Phường Hàng Bột, Quận Đống Đa, Hà Nội",26 m² (5.0x5.0),N/A,N/A,4,Sổ đỏ,01-11-2025
"Nhà 6T đẹp ngõ Tôn Đức Thắng ngõ 2,5m cách Mp 100m hai ngoặt tới nhà","11,2 tỷ","Đường Tôn Đức Thắng, Phường Hàng Bột, Quận Đống Đa, Hà Nội",46.6 m²,4 phòng,4 WC,6,Sổ đỏ,01-11-2025
"NHÀ MỚI ĐÊ LA THÀNH - 32M2 - THANG MÁY 6 TẦNG CHỈ 7,8 TỶ","7,8 tỷ","Phường Láng Thượng, Quận Đống Đa, Hà Nội",32 m²,4 phòng,5 WC,6,Giấy tờ hợp lệ,28-10-2025
"Pháo Đài Láng, diện tích 40m2, 4 tầng, mặt tiền 3,5m, giá 9,6 tỷ","9,6 tỷ","Phường Láng Thượng, Quận Đống Đa, Hà Nội",40 m²,4 phòng,3 WC,4,Giấy tờ hợp lệ,28-10-2025
"GIÁ 7.95 TỶ!NHÀ NGUYỄN LƯƠNG BẰNG - ĐỐNG ĐA:40M²,4 TẦNG-GẦN HỒ FULL NT","7,95 tỷ","Phường Ô Chợ Dừa, Quận Đống Đa, Hà Nội",40 m²,4 phòng,N/A,4,Giấy tờ hợp lệ,28-10-2025
BÁN NHÀ 5 TẦNG 3PN MẶT PHỐ PHƯƠNG MAI,"8,3 tỷ","Phường Phương Mai, Quận Đống Đa, Hà Nội",20 m² (3.3x6.0),3 phòng,4 WC,5,Giấy tờ hợp lệ,28-10-2025
BÁN SIÊU PHẨM CCMN ĐỐNG ĐA 7 TẦNG THANG MÁY GẦN PHỐ 50M DÒNG TIỀN 70,"14,5 tỷ","Phường Láng Thượng, Quận Đống Đa, Hà Nội",50 m² (6.5x8.0),11 phòng,7 WC,7,Giấy tờ hợp lệ,28-10-2025
NHÀ ĐẸP ĐÓN TẾT! PHÂN LÔ THÀNH CÔNG –35M²x5TẦNG – NGÕ NÔNG -CHỈ 7TỶ,"7,1 tỷ","Phường Láng Hạ, Quận Đống Đa, Hà Nội",33 m²,3 phòng,4 WC,5,Giấy tờ hợp lệ,28-10-2025
Văn Chương- Văn Miếu- Linh Quang. 20m 4 tầng sổ đỏ hơn 4.x tỷ,"4,8 tỷ","Phường Văn Chương, Quận Đống Đa, Hà Nội",20 m²,3 phòng,3 WC,4,Giấy tờ hợp lệ,28-10-2025
CÒN 1 LÔ *** F0 – NHÀ PHÂN LÔ TẠI 248 VĂN CHƯƠNG – CƠ HỘI HIẾM 🔥,10 tỷ,"Phường Văn Chương, Quận Đống Đa, Hà Nội",30 m² (4.0x7.5),4 phòng,4 WC,6,Giấy tờ hợp lệ,28-10-2025
"TRUNG TÂM ĐỐNG ĐA - LÔ GÓC NỞ HẬU - 43M2 CHỈ 7,5 TỶ","7,5 tỷ","Phường Khâm Thiên, Quận Đống Đa, Hà Nội",43 m²,4 phòng,5 WC,6,Giấy tờ hợp lệ,28-10-2025
"​GIÁ 10.86 TỶ!NHÀ Ô CHỢ DỪA - ĐỐNG ĐA: 40M², 4 TẦNG - MT 8.2M, LÔ GÓC!","10,86 tỷ","Phường Ô Chợ Dừa, Quận Đống Đa, Hà Nội",40 m²,4 phòng,N/A,4,Giấy tờ hợp lệ,28-10-2025
BÁN NHÀ  KINH DOANH SIÊU ĐỈNH  GIÁ NHỈNH 8 TỶ,8 tỷ,"Đường Phan Phù Tiên, Phường Cát Linh, Quận Đống Đa, Hà Nội",16 m²,3 phòng,1 WC,3,Sổ đỏ,07-11-2025
"HÓT HIỂM NHỈNH 4 TỶ CÓ NHÀ 5 TẦNG ĐẸP LONG LANH, ĐỐNG ĐA, HÀ NỘI","4,8 tỷ","Phường Quốc Tử Giám, Quận Đống Đa, Hà Nội",20 m² (3.0x6.6),3 phòng,4 WC,5,Giấy tờ hợp lệ,28-10-2025
"Bán Nhà ở ngay phố Khương Thượng, 20m ra oto, 40m, 5 tầng, Giá 10,2 tỷ","10,2 tỷ","Đường Khương Thượng, Phường Khương Thượng, Quận Đống Đa, Hà Nội",40 m²,4 phòng,N/A,5,Sổ đỏ,07-11-2025
Nhà đẹp 3 tầng ở luôn phố Thái Hà giá chỉ 984 triệu,984 triệu,"Đường Thái Hà, Phường Trung Phụng, Quận Đống Đa, Hà Nội",11 m²,2 phòng,2 WC,3,Giấy tờ hợp lệ,31-10-2025
4,Sổ đỏ,31-10-2025
"Bán nhà phân lô Nguyễn Chí Thanh - Pháo Đài Láng, ô tô vào nhà","28,5 tỷ","Đường Nguyễn Chí Thanh, Phường Láng Thượng, Quận Đống Đa, Hà Nội",60 m²,N/A,N/A,5,Sổ đỏ,03-11-2025
"Phân lô ô tô tránh Nguyễn Lương Bằng, 55m2, 7 tầng thang máy, 30,8 tỷ","30,8 tỷ","Phường Ô Chợ Dừa, Quận Đống Đa, Hà Nội",55 m²,8 phòng,7 WC,7,Giấy tờ hợp lệ,27-10-2025
"VIP Nguyễn Lương Bằng, diện tích 33m2, 6 tầng, mặt tiền 4m, giá 15 tỷ",15 tỷ,"Phường Ô Chợ Dừa, Quận Đống Đa, Hà Nội",33 m²,3 phòng,5 WC,6,Giấy tờ hợp lệ,27-10-2025
BÁN NHÀ ĐỐNG ĐA - NHÀ MỚI FULL NỘI THẤT - GẦN PHỐ - Ở NGAY,"8,15 tỷ","Phường Ô Chợ Dừa, Quận Đống Đa, Hà Nội",46 m²,3 phòng,4 WC,3,Giấy tờ hợp lệ,27-10-2025
"Trung tâm Đống Đa - 46m2 - CHỈ 8,15 tỷ LH ngay","8,15 tỷ","Phường Thổ Quan, Quận Đống Đa, Hà Nội",46 m²,3 phòng,3 WC,3,Giấy tờ hợp lệ,27-10-2025
BÁN NHÀ ĐỐNG ĐA - PHÂN KHÚC HIẾM - OTO ĐỖ CỬA,"7,29 tỷ","Phường Hàng Bột, Quận Đống Đa, Hà Nội",19 m²,5 phòng,4 WC,6,Giấy tờ hợp lệ,27-10-2025
Hòa Bình 46m² – 3T – MT 3.2m – 8.15 Tỷ – Nhà Full Nội Thất – Đống Đa,"8,15 tỷ","Phường Văn Miếu, Quận Đống Đa, Hà Nội",46 m²,2 phòng,3 WC,3,Giấy tờ hợp lệ,27-10-2025
"NHÀ MỚI TRUNG TÂM ĐỐNG ĐA - 6 TẦNG - Ô TÔ ĐỖ CỬA CHỈ 7,29 TỶ","7,29 tỷ","Phường Văn Miếu, Quận Đống Đa, Hà Nội",24 m²,4 phòng,4 WC,6,Giấy tờ hợp lệ,27-10-2025
NHÀ ĐẸP TÔN ĐỨC THẮNG – 5 TẦNG FULL NỘI THẤT – Ở NGAY,"7,3 tỷ","Phường Văn Chương, Quận Đống Đa, Hà Nội",34 m²,3 phòng,4 WC,5,Giấy tờ hợp lệ,27-10-2025
Khâm Thiên 19m² –Tầng 1 – 3.58 Tỷ – Full nội thất– Ngõ 3m – Đống Đa,"3,6 tỷ","Phường Khâm Thiên, Quận Đống Đa, Hà Nội",19 m²,3 phòng,2 WC,N/A,Giấy tờ hợp lệ,27-10-2025
BÁN NHÀ ĐỐNG ĐA - NGÕ NÔNG - GẦN PHỐ - CHO THUÊ CỰC ĐỈNH,"8,9 tỷ","Phường Khương Thượng, Quận Đống Đa, Hà Nội",37 m²,9 phòng,5 WC,5,Giấy tờ hợp lệ,27-10-2025
Tôn Đức Thắng 19/24m² – 6 tầng – MT 3m– 7.29 Tỷ –Ô tô đỗ cửa – Đống Đa,"7,29 tỷ","Phường Văn Miếu, Quận Đống Đa, Hà Nội",24 m²,4 phòng,4 WC,6,Giấy tờ hợp lệ,27-10-2025
BÁN NHÀ ĐỐNG ĐA - NHỎ XINH - GẦN PHỔ,"2,85 tỷ","Phường Cát Linh, Quận Đống Đa, Hà Nội",12.7 m²,2 phòng,2 WC,4,Giấy tờ hợp lệ,27-10-2025
"🔥 Tôn Đức Thắng, Ngõ Ba Gác Tránh, Gần Phố, 22m2, 5 Tầng, Giá 6.28 Tỷ","6,28 tỷ","Phường Hàng Bột, Quận Đống Đa, Hà Nội",22 m² (3.0x7.3),3 phòng,4 WC,5,Giấy tờ hợp lệ,26-10-2025
"Nhà Đẹp Thang Máy Thịnh Quang 40m, 7 tầng, mt 5.5m,  giá 15.2 tỷ.","15,2 tỷ","Đường Thịnh Quang, Phường Thịnh Quang, Quận Đống Đa, Hà Nội",40 m² (5.5x7.2),4 phòng,4 WC,7,Sổ đỏ,26-10-2025
"PHỐ TAM KHƯƠNG, NHÀ MỚI 5 TẦNG, 44M2, MẶT NGÕ THÔNG, SÁT PHỐ, 10,2 TỶ","10,2 tỷ","Đường Tam Khương, Phường Khương Thượng, Quận Đống Đa, Hà Nội",44 m² (3.8x11.6),3 phòng,4 WC,5,Sổ đỏ,26-10-2025
"Tòa Căn Hộ DV Kim Hoa, Đống Đa, 60m2x 8T Thang Máy, 18 Phòng, Full NT,","19,5 tỷ","Đường Hồ Ba Mẫu, Phường Văn Miếu, Quận Đống Đa, Hà Nội",60 m²,18 phòng,19 WC,8,Sổ đỏ,30-10-2025
"Bán nhà mặt phố Tôn Đức Thắng, dt: 55 m x5 tg, mt 5,5 m, giá :31,5 ty","31,5 tỷ","Phường Hàng Bột, Quận Đống Đa, Hà Nội",50 m² (5.5x10.0),4 phòng,4 WC,5,Sổ đỏ,30-10-2025
"GIÁ 8.25 TỶ! NHÀ THÁI THỊNH - ĐỐNG ĐA: 35M², 6 TẦNG - XÂY MỚI LIỀN KỀ!","8,25 tỷ","Phường Ô Chợ Dừa, Quận Đống Đa, Hà Nội",35 m²,3 phòng,N/A,6,Giấy tờ hợp lệ,26-10-2025
Nhà Đầu Ngõ Phố Tây Sơn – Thang Máy – 6 Tầng Mới – Trung Tâm Đống Đa,10 tỷ,"Phường Quang Trung, Quận Đống Đa, Hà Nội",39 m² (4.0x9.7),4 phòng,5 WC,6,Giấy tờ hợp lệ,26-10-2025
🏠ĐỐNG ĐA NHÀ 2 MẶT NGÕ TRƯỚC SAU – 38M – NGÕ RỘNG – NỘI THẤT HIỆN ĐẠI🌟,"9,8 tỷ","Phường Phương Liên, Quận Đống Đa, Hà Nội",38 m²,5 phòng,6 WC,4,Giấy tờ hợp lệ,26-10-2025
"Siêu phẩm nhà Linh Quang, gần hồ, full nội thất, 30m2 5 tầng 7.38 tỷ","7,38 tỷ","Phường Văn Chương, Quận Đống Đa, Hà Nội",30 m² (4.0x8.0),3 phòng,5 WC,5,Giấy tờ hợp lệ,26-10-2025
"Cực hiếm Trung tâm Đống Đa, 18 phòng khép kín, 75m2 8 tầng giá 12.9 tỷ","12,9 tỷ","Phường Phương Liên, Quận Đống Đa, Hà Nội",75 m² (6.0x12.0),11 phòng,7 WC,8,Giấy tờ hợp lệ,26-10-2025
"Bán Nhà Dòng Tiền CCMN Trường Chinh 7 Tầng 36 Phòng Khép Kín MT 8,5M","41,5 tỷ","Đường Trường Chinh, Phường Phương Mai, Quận Đống Đa, Hà Nội",102 m²,36 phòng,37 WC,7,Sổ đỏ,25-10-2025
CẦN BÁN GẤP NHÀ MẶT PHỐ TRƯỜNG TRINH NGÃ TƯ SỞ,38 tỷ,"Đường Khương Thượng, Phường Ngã Tư Sở, Quận Đống Đa, Hà Nội",79 m² (8.1x9.5),3 phòng,2 WC,2,Sổ đỏ,25-10-2025
"Bán nhà ngõ Thông Phong, dd,dt: 40 m x 4 tg ,mt:5 m, giá 8,5 ty","8,5 tỷ","Phường Văn Miếu, Quận Đống Đa, Hà Nội",40 m² (5.0x8.0),3 phòng,3 WC,4,Sổ đỏ,25-10-2025
"Bán Nhà đẹp ở ngay phố Tây Sơn,  50m2, 5 tầng, 5m Mt, giá 10,9 tỷ","10,9 tỷ","Đường Phố Tây Sơn, Phường Ô Chợ Dừa, Quận Đống Đa, Hà Nội",50 m²,3 phòng,N/A,5,Sổ đỏ,05-11-2025
"🔥 Tôn Đức Thắng, Dân Xây, 2 Thoáng, KCBT, DT 27m2, 5 Tầng, Giá 6.9 Tỷ","6,9 tỷ","Phường Hàng Bột, Quận Đống Đa, Hà Nội",27 m² (3.2x8.4),4 phòng,3 WC,5,Giấy tờ hợp lệ,25-10-2025
"🔥 Nhà Đẹp Tôn Đức Thắng, Lô Góc, Gần Ôtô,  DT 28m2, 6 Tầng, Giá 6.8 Tỷ","6,8 tỷ","Phường Hàng Bột, Quận Đống Đa, Hà Nội",28 m² (3.0x9.3),3 phòng,N/A,6,Giấy tờ hợp lệ,25-10-2025
"Bán Nhà đẹp Thái Hà- Đống Đa, ô tô đỗ cửa kinh doanh tấp nập","16,9 tỷ","Đường Thái hà, Phường Trung Liệt, Quận Đống Đa, Hà Nội",60 m²,3 phòng,3 WC,N/A,Sổ đỏ,29-10-2025
hiếm Trường Chinh - Ngã tư sở ngõ trước nhà 3m gần phố mới đẹp 35m,"8,3 tỷ","Phường Khương Thượng, Quận Đống Đa, Hà Nội",35 m²,4 phòng,4 WC,5,Giấy tờ hợp lệ,25-10-2025
TRUNG TÂM ĐỐNG ĐA – NHÀ ĐẸP 7 TẦNG – CÓ Ô CHỜ THANG MÁY,"11,5 tỷ","Phường Hàng Bột, Quận Đống Đa, Hà Nội",50 m²,5 phòng,5 WC,7,Giấy tờ hợp lệ,25-10-2025
Bán Nhà Đẹp Pháo Đài Láng - Lô Góc Ngõ Thông - 5 tầng Ở Luôn,"8,6 tỷ","Phường Láng Thượng, Quận Đống Đa, Hà Nội",31 m²,4 phòng,4 WC,5,Giấy tờ hợp lệ,25-10-2025
Nhà thái hà - 30m -3 tầng- dân xây - ô tô đỗ cổng,"3,28 tỷ","Phường Thịnh Quang, Quận Đống Đa, Hà Nội",30 m²,2 phòng,2 WC,3,Giấy tờ hợp lệ,25-10-2025
"Bán nhà Thái Hà 66m2, 5 tầng, có vỉa hè, ô tô tránh, nhà đẹp ở luôn","29,4 tỷ","Đường Thái Hà, Phường Quang Trung, Quận Đống Đa, Hà Nội",66 m²,N/A,N/A,5,Sổ đỏ,24-10-2025
Bán Nhà Ngõ Phố Khâm Thiên( có thể bán 1/2),"12,3 tỷ","Phường Khâm Thiên, Quận Đống Đa, Hà Nội",59 m²,11 phòng,7 WC,4.5,Giấy tờ hợp lệ,25-10-2025
Bán Nhà 3T Plo Bộ Nông Nghiệp Phương Mai  - Dt65m2 Mt 4m oto 18 tỷ.,18 tỷ,"68, Đường Xã Đàn, Phường Nam Đồng, Quận Đống Đa, Hà Nội",60 m²,4 phòng,3 WC,3.55,Sổ đỏ,24-10-2025
"Mặt phố viu trọn Hồ Hoàng Cầu, 9 tầng nguy nga lộng lẫy,an thịnh vượng","79,99 tỷ","68, Đường Mai Anh Tuấn, Phường Ô Chợ Dừa, Quận Đống Đa, Hà Nội",100 m²,1,N/A,9,Sổ đỏ,31-10-2025
Bán nhà trong ngõ đường Trường Chinh quận Đống Đa Hà Nội,"35,37 tỷ","số 8 hẻm 354/99/16 , Đường Trường Chinh, Phường Khương Thượng, Quận Đống Đa, Hà Nội",196.5 m²,N/A,N/A,2,Sổ đỏ,09-10-2025
"Cờ đến tay ai người đó phất, Thông Phong, Kinh doanh, mặt tiền rộng","32,5 tỷ","66, Đường Ngõ Thông Phong, Phường Quốc Tử Giám, Quận Đống Đa, Hà Nội",52 m²,1,N/A,5,Sổ đỏ,31-10-2025
"Mặt phố thời trang 2 thoáng, sau ngõ chung, cổng riêng, ở& kinh doanh","29,89 tỷ","Đường Đông Các, Phường Ô Chợ Dừa, Quận Đống Đa, Hà Nội",60 m²,N/A,N/A,5,Sổ đỏ,18-07-2025
"Hoàng Cầu, phân lô 2 mặt ngõ, Ô tô tránh dừng đỗ ngày đêm, cần bán sớm","26,5 tỷ","68, Đường Hoàng Cầu, Phường Ô Chợ Dừa, Quận Đống Đa, Hà Nội",57 m²,2,N/A,4,Sổ đỏ,31-10-2025
BÁN NHÀ ĐẸP TRUNG TÂM ĐỐNG ĐA - FULL NỘI THẤT - Ở NGAY,"4,15 tỷ","Phường Văn Chương, Quận Đống Đa, Hà Nội",28 m²,2 phòng,2 WC,3,Giấy tờ hợp lệ,24-10-2025
"Thái Hà – PHÂN LÔ, LÔ GÓC, Ô TÔ TRÁNH - KINH DOANH ĐỈNH","13,8 tỷ","Phường Trung Liệt, Quận Đống Đa, Hà Nội",48 m²,4 phòng,4 WC,5,Giấy tờ hợp lệ,24-10-2025
NHỈNH 11 TỶ CÓ NGAY SIÊU PHẨM ĐỐNG ĐA 42M - 3 BƯỚC RA Ô TÔ - NGÕ THÔNG,"11,6 tỷ","1/33, Đường Khâm Thiên, Phường Khâm Thiên, Quận Đống Đa, Hà Nội",42 m²,9 phòng,9 WC,6,Sổ đỏ,28-10-2025
"GIÁ 5.95 TỶ! NHÀ KHÂM THIÊN - ĐỐNG ĐA: 30M², 3 TẦNG - LÔ GÓC 3 THOÁNG!","5,95 tỷ","Phường Khâm Thiên, Quận Đống Đa, Hà Nội",30 m²,2 phòng,N/A,3,Giấy tờ hợp lệ,24-10-2025
BÁN NHÀ PHỐ TRẦN QUANG DIỆU. ĐĐ. DT 44M2.* 6 T.* TM 4.2M * GIÁ 21.8 TỶ,"21,8 tỷ","Phường Ô Chợ Dừa, Quận Đống Đa, Hà Nội",44 m² (4.2x10.0),7 phòng,5 WC,6,Giấy tờ hợp lệ,24-10-2025
Khâm Thiên- Đống Đa cần bán 1 thanh socola trên bàn cờ vua,"11,6 tỷ","Phường Khâm Thiên, Quận Đống Đa, Hà Nội",42 m²,10 phòng,7 WC,N/A,Giấy tờ hợp lệ,24-10-2025
Đặng Tiến Đông – 2 MẶT THOÁNG – CHO THUÊ HÁI RA TIỀN,"14,2 tỷ","Phường Trung Liệt, Quận Đống Đa, Hà Nội",65 m²,6 phòng,5 WC,6,Giấy tờ hợp lệ,24-10-2025
Trung tâm Đống Đa - Mặt tiền 6m - 4 tầng - Nhà mới lô góc thoáng,"4,55 tỷ","Phường Văn Chương, Quận Đống Đa, Hà Nội",19 m²,3 phòng,3 WC,4,Giấy tờ hợp lệ,24-10-2025
"Bán đất hiếm gần Hồ Ba Mẫu – 50m², 2 mặt thoáng, giá chỉ hơn 10 tỷ!","10,8 tỷ","Đường Hồ Ba Mẫu, Phường Kim Liên, Quận Đống Đa, Hà Nội",50 m²,N/A,N/A,N/A,Sổ đỏ,08-10-2025
NHÀ MỚI ĐỐNG ĐA - DT 25m2 - 5 tầng - Nhà sổ riêng - 5m ra oto tránh,"5,3 tỷ","Phường Thịnh Quang, Quận Đống Đa, Hà Nội",20 m²,3 phòng,3 WC,5,Giấy tờ hợp lệ,24-10-2025
"Bán nhà 134 ngõ 120 Đường Trường Chinh, nhà 7 tầng",17 tỷ,"Đường Trường Chinh, Phường Kim Liên, Quận Đống Đa, Hà Nội",40 m²,N/A,N/A,7,Giấy tờ hợp lệ,30-10-2025
"Trường Chinh - Đống Đa | 5 Tầng, 41/ 50M | Giá 8.68 Tỷ","8,68 tỷ","Phường Khương Thượng, Quận Đống Đa, Hà Nội",41 m²,3 phòng,3 WC,5,Giấy tờ hợp lệ,23-10-2025
"16TỶ85 NHÀ ĐẸP 5 TẦNG THANG MÁY, NGÕ OTO, 20M RA MẶT PHỐ THÁI HÀ","16,85 tỷ","Phường Trung Liệt, Quận Đống Đa, Hà Nội",40 m² (4.0x10.0),4 phòng,4 WC,5,Giấy tờ hợp lệ,23-10-2025
"Văn Chương Khâm Thiên - 19m2,  5 tầng , MT 2,6 , 5,4tỷ","5,4 tỷ","Phường Khâm Thiên, Quận Đống Đa, Hà Nội",19 m² (2.6x6.8),3 phòng,3 WC,5,Giấy tờ hợp lệ,23-10-2025
PHÂN LÔ TRẦN QUANG DIỆU ĐỐNG ĐA -Ô TÔ TRÁNH -KD 50M-6 TẦNG,"21,5 tỷ","Phường Ô Chợ Dừa, Quận Đống Đa, Hà Nội",55 m² (4.2x14.0),5 phòng,6 WC,6,Giấy tờ hợp lệ,23-10-2025
Bán nhà đẹp ở ngay full nội thất Đống Đa,"6,9 tỷ","Phường Hàng Bột, Quận Đống Đa, Hà Nội",40 m² (3.0x13.0),3 phòng,4 WC,5,Giấy tờ hợp lệ,23-10-2025
Siêu phẩm Đông Tác - 5 tầng thang máy - ngõ nông,"10,7 tỷ","Phường Kim Liên, Quận Đống Đa, Hà Nội",57 m² (3.2x10.0),3 phòng,4 WC,5,Giấy tờ hợp lệ,23-10-2025
HOÀNG CẦU– 5 TẦNG THANG MÁY – NHÀ MỚI ĐẸP  – Ở NGAY,"11,2 tỷ","Phường Ô Chợ Dừa, Quận Đống Đa, Hà Nội",48 m²,3 phòng,4 WC,5,Giấy tờ hợp lệ,23-10-2025
Bán nhà đẹp ở ngay gần chợ Khâm Thiên Đống Đa,"5,55 tỷ","Phường Khâm Thiên, Quận Đống Đa, Hà Nội",20 m² (4.0x5.0),3 phòng,3 WC,4,Giấy tờ hợp lệ,23-10-2025
"Bán nhà Văn Chương - 4 tầng 38m2 , Mt 3m , 10m ra ôtô , 7,9 tỷ","7,9 tỷ","Phường Khâm Thiên, Quận Đống Đa, Hà Nội",38 m² (3.0x13.0),4 phòng,3 WC,4,Giấy tờ hợp lệ,23-10-2025
"THÁI HÀ ĐỐNG ĐA - SIÊU PHẨM PHÂN LÔ - 55M -6 T -MT 4,5 TRUNG TÂM ĐỐNG","18,8 tỷ","Phường Trung Liệt, Quận Đống Đa, Hà Nội",55 m² (4.5x11.0),6 phòng,6 WC,6,Giấy tờ hợp lệ,23-10-2025
"BÁN NHÀ PHỐ KHƯƠNG THƯỢNG DT 35M "" 5 TẦNG",8 tỷ,"Phường Khương Thượng, Quận Đống Đa, Hà Nội",35 m² (3.5x9.0),4 phòng,3 WC,5,Giấy tờ hợp lệ,22-10-2025
"Chỉ có ở gần Hồ Xã Đàn, mặt ngõ trước nhà rộng, Ô tô tránh,ở/văn phòng",35 tỷ,"68, Đường Đặng Văn Ngữ, Phường Phương Liên, Quận Đống Đa, Hà Nội",106 m²,N/A,N/A,4,Sổ đỏ,06-10-2025
"Hiếm ! 18m2 - 6,4tỷ 2 mặt thoáng Tôn Đức Thắng","6,4 tỷ","Phường Hàng Bột, Quận Đống Đa, Hà Nội",18.2 m² (3.0x6.0),3 phòng,4 WC,5,Giấy tờ hợp lệ,23-10-2025
Bán Nhà chính chủ quận đống đa  hà nội,"2,65 tỷ","29/191/2, Đường Ngõ Chợ Khâm Thiên, Phường Văn Miếu, Quận Đống Đa, Hà Nội",15 m² (2.2x7.5),2 phòng,2 WC,4,Giấy tờ hợp lệ,26-10-2025
SIÊU PHẨM ĐẦU TƯ - Ô TÔ VÀO NHÀ - LÔ GÓC - MT 6M - DT70M,18 tỷ,"Phường Láng Thượng, Quận Đống Đa, Hà Nội",70 m² (6.0x11.6),2 phòng,2 WC,2,Giấy tờ hợp lệ,22-10-2025
"Lô Góc Pháo Đài Láng , 31mx5t , Mt 4,2m ngõ thông ,8,6tỷ","8,6 tỷ","Phường Láng Thượng, Quận Đống Đa, Hà Nội",31 m² (4.2x7.6),3 phòng,4 WC,5,Giấy tờ hợp lệ,22-10-2025
"💥NHÀ PHÁO ĐÀI LÁNG-ĐỐNG ĐA-31M2-5 TẦNG-8,95 TỶ- DÂN XÂY- NGÕ THÔNG KIN","8,95 tỷ","Phường Láng Hạ, Quận Đống Đa, Hà Nội",31 m²,3 phòng,N/A,5,Giấy tờ hợp lệ,22-10-2025
"💥NHÀ PHÁO ĐÀI LÁNG-ĐỐNG ĐA-35M2-5 TẦNG-8,95 TỶ- DÂN XÂY- NGÕ THÔNG KIN","8,95 tỷ","Phường Láng Hạ, Quận Đống Đa, Hà Nội",35 m²,3 phòng,N/A,5,Giấy tờ hợp lệ,22-10-2025
"💥NHÀ PHÁO ĐÀI LÁNG-ĐỐNG ĐA-35M2-5 TẦNG-8,95 TỶ- DÂN XÂY- NGÕ THÔNG KIN","8,95 tỷ","Phường Láng Hạ, Quận Đống Đa, Hà Nội",31 m²,3 phòng,N/A,5,Giấy tờ hợp lệ,22-10-2025
NGÕ THÔNG KINH DOANH - Ô TÔ - MỚI ĐẸP Ở NGAY - TIỀM NĂNG TĂNG GIÁ,"5,9 tỷ","Phường Kim Liên, Quận Đống Đa, Hà Nội",23 m² (3.0x8.0),2 phòng,3 WC,4,Giấy tờ hợp lệ,22-10-2025
"🌟 39 TỶ – LÔ GÓC LÊ TRỰC – VỊ TRÍ VÀNG🌟MT4,8m2
💎 D",39 tỷ,"Phường Cát Linh, Quận Đống Đa, Hà Nội",60 m²,3 phòng,N/A,4.5,Giấy tờ hợp lệ,22-10-2025
"Phạm Ngọc Thạch - 40m2 - Mt 3,5m - oto đỗ cửa - 15tỷ",15 tỷ,"Phường Kim Liên, Quận Đống Đa, Hà Nội",40 m² (3.5x12.0),4 phòng,5 WC,5,Giấy tờ hợp lệ,22-10-2025
Bán nhà Láng Hạ 35m2 chỉ 7.4 tỷ Đống Đa,"7,4 tỷ","Phường Láng Hạ, Quận Đống Đa, Hà Nội",35 m²,4 phòng,3 WC,4,Giấy tờ hợp lệ,22-10-2025
SIÊU PHẨM TRUNG TÂM – LÔ GÓC 2 MẶT THOÁNG – Ô TÔ ĐỖ CỬA – ĐỐNG ĐA,"12,2 tỷ","Phường Khương Thượng, Quận Đống Đa, Hà Nội",60 m²,2 phòng,3 WC,4,Giấy tờ hợp lệ,22-10-2025
"Bán nhà phố Yên Lãng lô góc ngõ thông, cách mặt phố 20m","7,5 tỷ","Đường Yên Lãng, Phường Thịnh Quang, Quận Đống Đa, Hà Nội",34 m²,3,N/A,4,Sổ đỏ,28-10-2025
"SIÊU PHẨM ĐỐNG ĐA ,MẶT PHỐ, KINH DOANH","18,9 tỷ","Phường Ô Chợ Dừa, Quận Đống Đa, Hà Nội",42 m²,N/A,N/A,5,Sổ đỏ,25-10-2025
HƠN 4 TỶ CÓ NHÀ SỔ RIÊNG - GẦN PHỐ,"4,25 tỷ","Phường Kim Liên, Quận Đống Đa, Hà Nội",16.6 m²,2 phòng,3 WC,4,Giấy tờ hợp lệ,21-10-2025
🌟THÁI HÀ – 44M - 8 TẦNG THANG MÁY – KINH DOANH – GẦN ÔTÔ TRÁNH,"10,9 tỷ","Phường Trung Liệt, Quận Đống Đa, Hà Nội",44 m²,4 phòng,5 WC,8,Giấy tờ hợp lệ,21-10-2025
"nhà đẹp Ngã Tư Sở , gần Đại Học Thuỷ Lợi chỉ hơn 7 tỷ , Quận Đống Đa","7,75 tỷ","Phường Thịnh Quang, Quận Đống Đa, Hà Nội",35 m²,3 phòng,4 WC,N/A,Giấy tờ hợp lệ,21-10-2025
Bán nhà mặt phố Thái Hà - Đống Đa - DT 30m - 4 Tầng - Vỉa Hè KDVP Cho,45 tỷ,"Phường Trung Liệt, Quận Đống Đa, Hà Nội",30 m² (7.0x15.0),11 phòng,7 WC,4,Giấy tờ hợp lệ,21-10-2025
Nhà 13/15m2 tại trung tâm Đống Đa,"2,6 tỷ","Phường Văn Chương, Quận Đống Đa, Hà Nội",15 m²,2 phòng,N/A,4,Giấy tờ hợp lệ,21-10-2025
Bán nhà phố Thái Hà 36m2 chỉ hơn 7 Tỷ Gần Phố,"7,3 tỷ","Phường Láng Hạ, Quận Đống Đa, Hà Nội",36 m²,3 phòng,4 WC,5,Giấy tờ hợp lệ,21-10-2025
"Xã đàn 23m 4 tầng nhỉnh 4đ ở ngay, nội thất đẹp","4,2 tỷ","Phường Nam Đồng, Quận Đống Đa, Hà Nội",23 m²,3 phòng,3 WC,4,Giấy tờ hợp lệ,21-10-2025
"Nhà mới ở ngay Thịnh Hào - 20m2 , MT 3,2m - ngõ thông ,2 thoáng","6,8 tỷ","Phường Hàng Bột, Quận Đống Đa, Hà Nội",20 m² (3.2x6.0),2 phòng,3 WC,4,Giấy tờ hợp lệ,21-10-2025
TRƯỜNG CHINH 6 Tầng THANG MÁY VIP,"12,8 tỷ","Phường Khương Thượng, Quận Đống Đa, Hà Nội",39 m²,3 phòng,4 WC,6,Giấy tờ hợp lệ,21-10-2025
"BÁN NHÀ TÂY SƠN- THÁI HÀ -25M2- 7,5 TỶ- 5 TẦNG-3 NGỦ- CÁCH Ô TÔ 5M","7,5 tỷ","Phường Trung Liệt, Quận Đống Đa, Hà Nội",25 m²,3 phòng,N/A,5,Giấy tờ hợp lệ,21-10-2025
Bán nhà tt Đống Đa gần trường học-phap lý chuẩn dọn vào ở ngay,"8,38 tỷ","Phường Thịnh Quang, Quận Đống Đa, Hà Nội",42 m² (5.0x6.2),3 phòng,N/A,N/A,Giấy tờ hợp lệ,20-10-2025
"Bán nhà mặt phố Tây Sơn, vị trí đắc địa, mặt tiền 6m","49,5 tỷ","Đường Tây Sơn, Phường Ngã Tư Sở, Quận Đống Đa, Hà Nội",70 m²,N/A,4,5,Sổ đỏ,28-10-2025
Bán nhà xây mới 6 tầng có thang máy cạnh Phố Trung Phụng,"9,5 tỷ","Phường Trung Phụng, Quận Đống Đa, Hà Nội",60 m²,N/A,N/A,6,Giấy tờ khác,27-10-2025
"Nhà Khung 5,5 Tầng Ngõ 26 Nguyên Hồng Mặt Bằng 45m Mặt Tiền 4m","20,8 tỷ","Đường Nguyên Hồng, Phường Láng Hạ, Quận Đống Đa, Hà Nội",45 m²,N/A,N/A,5.5,Sổ đỏ,27-10-2025
"Bán nhà Đồng Đa, gần phố, 2 mặt thoáng,S: 48m2 x 5tầng, Giá 12,9 tỷ","12,9 tỷ","Đường Hào Nam, Phường Cát Linh, Quận Đống Đa, Hà Nội",48 m²,4 phòng,5 WC,5,Sổ đỏ,27-10-2025
"Bán nhà xây thô 6,5 Tầng xây mới Ngõ 30 Trần Quang Diệu Nhà 2 mặt ngõ","25,2 tỷ","Đường Trần Quang Diệu, Phường Ô Chợ Dừa, Quận Đống Đa, Hà Nội",66 m²,N/A,2,6.5,Sổ đỏ,27-10-2025
"Bán nhà xây mới 7 tầng địa chỉ: ngõ Ninh Quan, Văn Chương",15 tỷ,"Phường Văn Chương, Quận Đống Đa, Hà Nội",60 m²,N/A,N/A,7,Giấy tờ khác,27-10-2025
Căn Góc Mặt Hồ Phương Mai 35m2 - Vỉa Hè Rộng - Kinh Doanh Cà Phê,"14,5 tỷ","Đường Phương mai, Phường Phương Mai, Quận Đống Đa, Hà Nội",35 m²,8 phòng,8 WC,6,Sổ đỏ,24-10-2025
🚗 Bán nhà chính chủ ngay Trường Chinh – vị trí vàng kinh doanh ô tô,"24,2 tỷ","Đường Trường Chinh, Phường Phương Mai, Quận Đống Đa, Hà Nội",70 m²,N/A,N/A,N/A,Sổ hồng,24-10-2025
"NHÀ ĐẸP PHỐ TÂY SƠN ĐỐNG ĐA - 50M² x 5 TẦNG –MT; 5M ,11.5 Tỷ )","11,5 tỷ","Đường Phố Tây Sơn, Phường Ngã Tư Sở, Quận Đống Đa, Hà Nội",50 m² (5.0x10.0),3 phòng,4 WC,5,Sổ đỏ,23-10-2025
"Cần tuền bán gấp căn 48/52mx7t thang máy, oto  25,8 tỷ Hoàng cầu","25,8 tỷ","Đường Hoàng Cầu, Phường Ô Chợ Dừa, Quận Đống Đa, Hà Nội",48 m²,8 phòng,7 WC,7,Sổ đỏ,24-10-2025
"Khâm Thiên, Đống Đa, Nhà Đẹp, Ở Ngay,  47m2. Giá Tốt 8.15 Tỷ","8,15 tỷ","Đường Khâm Thiên, Phường Khâm Thiên, Quận Đống Đa, Hà Nội",47 m²,2 phòng,3 WC,3,Sổ đỏ,24-10-2025
"Bán nhà10 ngõ 20 phố Cát Linh 4 tầng DTSD 132m2 -7,8 tỷ","7,8 tỷ","Phường Cát Linh, Quận Đống Đa, Hà Nội",33 m²,5 phòng,N/A,N/A,Giấy tờ hợp lệ,20-10-2025
"🏡💥 HẠ CHÀO HƠN 2 TỶ CHỈ CÒN 22,35 TỶ - MẶT PHỐ THÁI HÀ, MT CỰC ĐẸP","22,35 tỷ","Phường Láng Hạ, Quận Đống Đa, Hà Nội",30 m²,3 phòng,3 WC,5,Giấy tờ hợp lệ,20-10-2025
"Bán nhà ngõ TOÀN THẮNG X 5 tầng 33m2 ,2 thoáng , sổ nở hậu",7 tỷ,"Phường Thổ Quan, Quận Đống Đa, Hà Nội",29.7 m² (4.2x6.1),3 phòng,4 WC,5,Giấy tờ hợp lệ,20-10-2025
Tôi cần bán nhà mặt ngõ Trần Quang Diệu ô tô chánh kinh doanh.,"19,18 tỷ","Phường Trung Liệt, Quận Đống Đa, Hà Nội",52 m²,6 phòng,5 WC,5,Giấy tờ hợp lệ,20-10-2025
Nhà 6tầng lê văn lương vuông đẹp  ở sướng yên tĩnh,"10,5 tỷ","Phường Láng Hạ, Quận Đống Đa, Hà Nội",43 m² (5.0x8.0),6 phòng,5 WC,6,Giấy tờ hợp lệ,20-10-2025
NHÀ 5 TẦNG THANG MÁY - 2 MẶT THOÁNG - ĐÊ LA THÀNH TRUNG TÂM ĐỐNG ĐA,"18,98 tỷ","Phường Ô Chợ Dừa, Quận Đống Đa, Hà Nội",42 m²,3 phòng,4 WC,55,Giấy tờ hợp lệ,20-10-2025
"Bán Nhà Cát Linh 20M x 3T, MT: 3,8M Giá 4,8 Tỷ. Dân xây, 30m ra phố","4,8 tỷ","Phường Quốc Tử Giám, Quận Đống Đa, Hà Nội",20 m²,2 phòng,2 WC,3,Giấy tờ hợp lệ,20-10-2025
"Hiếm ! Bán Nhà trung tâm Đống Đa,Lô góc ngõ nông gần ph","8,35 tỷ","Phường Hàng Bột, Quận Đống Đa, Hà Nội",25 m²,4 phòng,3 WC,4,Giấy tờ hợp lệ,20-10-2025
"Bán Lô Góc Yên Lãng - 30m2 ,4 tầng Mt 3,4m , sổ nở hậu 7,5tỷ","7,5 tỷ","Phường Láng Hạ, Quận Đống Đa, Hà Nội",24 m² (3.4x9.0),4 phòng,3 WC,4,Giấy tờ hợp lệ,20-10-2025
Bán nhà Thịnh Hào 1 - Kinh Doanh - Ô tô tránh - lô góc 41m2 giá 23 tỷ,23 tỷ,"Phường Hàng Bột, Quận Đống Đa, Hà Nội",41 m²,7 phòng,7 WC,7,Giấy tờ hợp lệ,20-10-2025
cần bán gấp nhà gần ĐH Thủy LợiGIẢM 150TR  DT 16M 4 tâng 3mt giá 2.69,"2,69 tỷ","Phường Khâm Thiên, Quận Đống Đa, Hà Nội",16 m² (3.0x5.0),3 phòng,2 WC,4,Giấy tờ hợp lệ,20-10-2025
"Ngõ 88 Trần Quý Cáp, lô góc, ô tô tránh, kinh doanh đỉnh 40m2 11.9","11,9 tỷ","Phường Văn Chương, Quận Đống Đa, Hà Nội",40 m² (5.5x7.5),5 phòng,5 WC,4,Giấy tờ hợp lệ,20-10-2025
8 .35 TỶ- NHÀ ĐƯỜNG LÁNG-ĐỐNG ĐA-30M2-5 TẦNG-GẦN PHỐ-NGÕ THÔNG,"8,35 tỷ","Phường Láng Hạ, Quận Đống Đa, Hà Nội",30 m²,3 phòng,N/A,5,Giấy tờ hợp lệ,20-10-2025
🏠 NHÀ ĐẸP TRUNG TÂM ĐỐNG ĐA – Ô TÔ ĐỖ CỔNG – 2 THOÁNG TRƯỚC SAU – Ở NG,"4,1 tỷ","Phường Phương Liên, Quận Đống Đa, Hà Nội",20 m²,2 phòng,3 WC,4,Giấy tờ hợp lệ,20-10-2025
"BÁN NHÀ ĐẸP TRUNG TÂM ĐỐNG ĐA – NGÕ THÔNG, XE BA GÁC ĐỖ CỬA – 3 TẦNG C","4,15 tỷ","Phường Cát Linh, Quận Đống Đa, Hà Nội",18 m²,2 phòng,2 WC,3,Giấy tờ hợp lệ,20-10-2025
Tôi cần bán nhà 2 mặt ngõ ô tô chánh đỗ kinh doanh Hoàng Cầu.,"26,45 tỷ","Phường Ô Chợ Dừa, Quận Đống Đa, Hà Nội",56 m²,4 phòng,4 WC,4,Giấy tờ hợp lệ,20-10-2025
Tôi cần bán nhà mặt phố Khương Thượng 7tầng thang máy full nội thất,"26,86 tỷ","Phường Khương Thượng, Quận Đống Đa, Hà Nội",54 m²,11 phòng,7 WC,7,Giấy tờ hợp lệ,20-10-2025
"Bán nhà Văn Chương Đống Đa , 4 tầng 21m2, mặt tiền 3,2m, 4 ngủ ,5,6tỷ","5,6 tỷ","Phường Văn Chương, Quận Đống Đa, Hà Nội",21 m² (3.2x6.5),4 phòng,3 WC,4,Giấy tờ hợp lệ,20-10-2025
"Bán nhà phố Kim Hoa - 4 tầng, 27m2 ,mặt tiền 6,4m, 7tỷ",7 tỷ,"Phường Phương Liên, Quận Đống Đa, Hà Nội",27 m² (6.4x4.0),2 phòng,3 WC,4,Giấy tờ hợp lệ,20-10-2025
BÁN NHÀ TRƯỜNG CHINH-55M2*6T NHỈNH 12đ-THANG MÁY-GẦN Ô TÔ-NGÕ THOÁNG,12 tỷ,"Phường Ngã Tư Sở, Quận Đống Đa, Hà Nội",55 m² (4.5x11.0),3 phòng,3 WC,6,Giấy tờ hợp lệ,20-10-2025
CCMN Thịnh Quang - 50m - 6 Tầng x 11 Phòng khép kín - 13.98 Tỷ,"13,98 tỷ","Phường Thịnh Quang, Quận Đống Đa, Hà Nội",50 m²,11 phòng,7 WC,N/A,Giấy tờ hợp lệ,20-10-2025
"Bán nhà Tây Sơn, 45m2, 6 tầng thang máy, ô tô, ngõ gần 4m, 2 thoáng","12,98 tỷ","Phường Trung Liệt, Quận Đống Đa, Hà Nội",45 m² (4.0x10.1),3 phòng,4 WC,6,Giấy tờ hợp lệ,20-10-2025
CHỦ VỠ NỢ – BÁN GẤP NHÀ MỚI 6 TẦNG THANG MÁY – TRUNG TÂM ĐỐNG ĐA,"9,85 tỷ","Phường Quang Trung, Quận Đống Đa, Hà Nội",30 m²,3 phòng,5 WC,6,Giấy tờ hợp lệ,20-10-2025
"💎 BÁN GẤP NHÀ KHƯƠNG THƯỢNG ĐỐNG ĐA - GIÁ NHỈNH 3,9 TỶ 💥","3,9 tỷ","Phường Khương Thượng, Quận Đống Đa, Hà Nội",12 m²,3 phòng,N/A,5,Giấy tờ hợp lệ,20-10-2025
💥 PHÁO ĐÀI LÁNG - LÔ GÓC THOÁNG SÁNG - NGÕ THÔNG - NỘI THẤT ĐẸP,"8,6 tỷ","Phường Láng Thượng, Quận Đống Đa, Hà Nội",35 m² (4.5x7.5),3 phòng,4 WC,5,Giấy tờ hợp lệ,20-10-2025
🏠 NHÀ ĐẸP TRUNG TÂM ĐỐNG ĐA – FULL NỘI THẤT – GIÁ HIẾM TRONG TẦM TÀI C,"4,9 tỷ","Phường Trung Phụng, Quận Đống Đa, Hà Nội",20 m²,3 phòng,3 WC,4,Giấy tờ hợp lệ,20-10-2025
"Bán nhà phố Trường Chinh - 5 tầng 50m2 , Mt 4,5m ,ngõ thông , nở hậu","8,6 tỷ","Phường Ngã Tư Sở, Quận Đống Đa, Hà Nội",50 m² (4.5x11.0),3 phòng,4 WC,5,Giấy tờ hợp lệ,20-10-2025
BÁN NHÀ NGÕ LAN BÁ – 29M² – 5 TẦNG – MT 4.2M – 6.35 TỶ – ĐỐNG ĐA,"6,35 tỷ","Phường Khâm Thiên, Quận Đống Đa, Hà Nội",29 m²,3 phòng,N/A,5,Giấy tờ hợp lệ,20-10-2025
"Chính chủ bán nhà ngõ Chợ Khâm Thiên, Đống Đa, Hà Nội",11 tỷ,"Phường Trung Phụng, Quận Đống Đa, Hà Nội",40 m²,N/A,N/A,5,Sổ đỏ,30-10-2025
"Bán nhà chính chủ T1 mặt phố Khâm Thiên 46m - MT 4,4m - Giá 13,5 tỷ","13,5 tỷ","Phường Thổ Quan, Quận Đống Đa, Hà Nội",46 m²,N/A,N/A,1,Sổ đỏ,23-10-2025
"Bán nhà chính chủ ngõ 121 Thái Hà 63m* 6 tầng MT 4,7m rao 28,35 tỷ","28,35 tỷ","Đường Thái Hà, Phường Trung Liệt, Quận Đống Đa, Hà Nội",63 m²,N/A,N/A,6,Sổ đỏ,23-10-2025
Nhà Ngõ 34 Hoàng Cầu - Gần Hồ Ô Tô Đỗ Cửa - 55m2* 4 tầng - Kinh Doanh,21 tỷ,"Đường Hoàng Cầu, Phường Ô Chợ Dừa, Quận Đống Đa, Hà Nội",55 m²,4 phòng,4 WC,4,Sổ hồng,23-10-2025
"Chùa Bộc, Đống Đa, Phân Lô, Ô Tô, Dân Xây  35m2x 4T, Nhỉnh 12 Tỷ","12,3 tỷ","Đường Chùa Bộc, Phường Khương Thượng, Quận Đống Đa, Hà Nội",35 m²,3 phòng,4 WC,4,Sổ đỏ,23-10-2025
"Khương Thượng, Đống Đa,  Nhà Mới Đẹp, Full Nội Thất, 35m2x5T. 8.xx Tỷ","8,5 tỷ","Đường Khương Thượng, Phường Khương Thượng, Quận Đống Đa, Hà Nội",35 m²,3 phòng,5 WC,5,Sổ đỏ,23-10-2025
TRUNG TÂM ĐỐNG ĐA- ĐÔNG TÁC 32M - THANG MÁY - FULL ĐỒ,"10,8 tỷ","Đường Đông Tác, Phường Kim Liên, Quận Đống Đa, Hà Nội",32 m²,5 phòng,5 WC,5,Sổ đỏ,18-10-2025
Chính chủ bán nhà số 2 ngõ 17 Quốc Tử Giám >>4 tỷ-5 tầng !!,"4,33 tỷ","Đường Quốc Tử Giám, Phường Văn Chương, Quận Đống Đa, Hà Nội",10 m²,3 phòng,2 WC,5,Sổ đỏ,22-10-2025
Bán nhà Đặng Văn Ngữ 4 tầng giá 18 tỷ,18 tỷ,"Đường Đặng Văn Ngữ, Phường Trung Tự, Quận Đống Đa, Hà Nội",59 m²,4 phòng,3 WC,4,Sổ đỏ,22-10-2025
🌟 16 TỶ - MẶT PHỐ XÃ ĐÀN - 2 MẶT PHỐ – VỈA HÈ 7M – KINH DOANH ĐỈNH!,16 tỷ,"Phường Kim Liên, Quận Đống Đa, Hà Nội",25 m²,3 phòng,N/A,4,Giấy tờ hợp lệ,17-10-2025
"Khương Thượng, ngõ thông, kinh doanh, 20m ra phố, nhà dân xây. 8,6tỷ","8,6 tỷ","Phường Khương Thượng, Quận Đống Đa, Hà Nội",36 m² (6.8x5.5),4 phòng,3 WC,4,Giấy tờ hợp lệ,17-10-2025
Bán căn hộ liền kề Meco complex Trường Chinh 4 tầng giá 36 tỷ,36 tỷ,"Phường Phương Mai, Quận Đống Đa, Hà Nội",90 m²,4 phòng,4 WC,4,Sổ đỏ,22-10-2025
"NHÀ ĐẸP PHỐ XÃ ĐÀN, ĐỐNG ĐA CHƯA TỚI 8TỶ","7,6 tỷ","Đường Xã Đàn, Phường Ô Chợ Dừa, Quận Đống Đa, Hà Nội",35 m²,3 phòng,N/A,4,Sổ đỏ,22-10-2025
"Bán nhà Chùa Bộc thoáng trước sau, Dt 50m2, 5t, mt 4m, vài bước ra phố","14,3 tỷ","Đường Chùa Bộc, Phường Kim Liên, Quận Đống Đa, Hà Nội",50 m² (4.0x12.0),6 phòng,4 WC,5,Sổ hồng,21-10-2025
TÒA NHÀ MẶT PHỐ SIÊU ĐẸP - KD ĐỈNH - HIẾM CÓ,43 tỷ,"Đường Xã Đàn, Phường Nam Đồng, Quận Đống Đa, Hà Nội",95 m²,9 phòng,9 WC,9810,Sổ đỏ,23-07-2025
Bán nhà mặt phố trung tâm quận đống đa,44 tỷ,"68, 68, Phường Láng Thượng, Quận Đống Đa, Hà Nội",75 m² (5.5x12.0),N/A,N/A,7,Sổ đỏ,21-10-2025
"Bán nhà Võ Thị Sáu, sát phố, Kia Morning chạy qua, 59m2","9,3 tỷ","Phường Kim Liên, Quận Đống Đa, Hà Nội",59 m²,N/A,N/A,N/A,Sổ đỏ,21-10-2025
Tôi cần bán nhà Thái Hà 2 mặt ngõ ô tô chánh đỗ kinh doanh sầm uất .,"17,79 tỷ","Phường Láng Hạ, Quận Đống Đa, Hà Nội",58.5 m²,3 phòng,3 WC,3,Giấy tờ hợp lệ,17-10-2025
"💥 Căn hộ trung tâm siêu hiếm – mặt phố VIP Phạm Ngọc Thạch, Đống Đa 💥","4,55 tỷ","Phường Kim Liên, Quận Đống Đa, Hà Nội",22.3 m²,3 phòng,1 WC,N/A,Giấy tờ hợp lệ,17-10-2025
BÁN NHÀ ĐỐNG ĐA - LÔ GÓC - GẦN HỒ 3 MẪU - Ở NGAY,"6,35 tỷ","Phường Khâm Thiên, Quận Đống Đa, Hà Nội",29 m²,3 phòng,5 WC,5,Giấy tờ hợp lệ,17-10-2025
Bán nhà trung tâm đống đa hà nội.,29 tỷ,"Phường Quốc Tử Giám, Quận Đống Đa, Hà Nội",93 m²,N/A,N/A,6,Sổ đỏ,16-10-2025
"Bán nhà phố Trần Quang Diệu 66m, 6 tầng, mt 6m. Giá: 30 tỷ",30 tỷ,"Đường Trần Quang Diệu, Phường Ô Chợ Dừa, Quận Đống Đa, Hà Nội",66 m²,4 phòng,5 WC,6,Sổ đỏ,20-10-2025
"Bán nhà  phố Nguyễn Thái học, dt :65 mx 5 tầng ,mt :4 m ,giá :8 tỷ",8 tỷ,"Đường Lê Duẩn, Phường Quốc Tử Giám, Quận Đống Đa, Hà Nội",65 m²,4 phòng,4 WC,5,Sổ đỏ,20-10-2025
Nhà phố văn phòng Đoàn Thị Điểm chào bán 9 t ầng 160m2 giá 113ỷ,113 tỷ,"Phường Quốc Tử Giám, Quận Đống Đa, Hà Nội",160 m²,N/A,N/A,9,Sổ đỏ,19-10-2025
ĐỐNG ĐA - CÁCH MẶT PHỐ 20M - NGÕ THẲNG - 6 TẦNG 8 NGỦ KHÉP KÍN HIỆN,"7,5 tỷ","Đường Ngõ Thịnh Hào 1, Phường Thịnh Quang, Quận Đống Đa, Hà Nội",41 m² (4.2x10.0),8 phòng,8 WC,6,Sổ đỏ,20-10-2025
"BÁN NHÀ ĐÊ LA THÀNH - ĐỐNG ĐA:  5 TẦNG - OTO TRÁNH, GARA, 3 THOÁNG","18,8 tỷ","Phường Ô Chợ Dừa, Quận Đống Đa, Hà Nội",56 m²,5 phòng,N/A,5,Giấy tờ hợp lệ,16-10-2025
TRUNG TÂM ĐỐNG ĐA 6 TẦNG THANG MÁY - VỊ TRÍ SIÊU ĐẸP - NHÀ THOÁNG SÁNG,"9,8 tỷ","Phường Khâm Thiên, Quận Đống Đa, Hà Nội",40 m² (4.0x10.0),3 phòng,4 WC,6,Giấy tờ hợp lệ,16-10-2025
CHÍNH CHỦ BÁN CĂN TRƯỜNG CHINH 77m - 18.5tỷ - PHÂN LÔ - KINH DOANH - O,"18,5 tỷ","Phường Khương Thượng, Quận Đống Đa, Hà Nội",73 m²,4 phòng,5 WC,4,Giấy tờ hợp lệ,16-10-2025
"CỰC HIẾM – Nhà mới 3 mặt ngõ , trung tâm đống đa",8 tỷ,"Phường Hàng Bột, Quận Đống Đa, Hà Nội",25 m² (3.2x8.0),3 phòng,4 WC,5,Giấy tờ hợp lệ,16-10-2025
CHỈ BÁN TRONG THÁNG 10 nhà phố Lệnh Cư-Đống Đa 126m2 MT-4m 17.65 tỷ,"17,65 tỷ","Phường Thổ Quan, Quận Đống Đa, Hà Nội",126 m² (4.0x31.0),6 phòng,6 WC,8,Giấy tờ hợp lệ,16-10-2025
TRẦN QUANG DIỆU - ĐỐNG ĐA 9.8tỷ THANG MÁY - PHÂN LÔ - GẦN OTO,"9,8 tỷ","Phường Ô Chợ Dừa, Quận Đống Đa, Hà Nội",30 m²,3 phòng,5 WC,6,Giấy tờ hợp lệ,16-10-2025
"Bán nhà La Thành, 67 m2, 7 phòng, dòng tiền, ô tô, thang máy, 2 thoáng","19,3 tỷ","Phường Ô Chợ Dừa, Quận Đống Đa, Hà Nội",67 m² (3.5x21.0),7 phòng,4,5,Giấy tờ hợp lệ,16-10-2025
"SIÊU PHẨM MẶT PHỐ ĐÊ LA THÀNH TO, L.GÓC, Ô TÔ, KD,  42M2, MT 5M, 18,9T","18,9 tỷ","Phường Ô Chợ Dừa, Quận Đống Đa, Hà Nội",42 m² (5.0x8.4),2 phòng,4 WC,5,Giấy tờ hợp lệ,16-10-2025
"GIẢM BÁN NHÀ MỚI ĐẸP ĐỐNG ĐA, SÁT HỒ LINH QUANG, 8 PHÒNG NGÕ THÔNG 8TỶ","8,3 tỷ","Phường Quốc Tử Giám, Quận Đống Đa, Hà Nội",36 m²,8 phòng,5 WC,6,Giấy tờ hợp lệ,16-10-2025
"Nhà Đất ngõ cụt, cách mặt đường Khâm Thiên chục bước chân, sdcc + gdcc","3,2 tỷ","Phường Khâm Thiên, Quận Đống Đa, Hà Nội",32 m²,2 phòng,2 WC,5,Giấy tờ hợp lệ,16-10-2025
Nhà phố hiện đại kinh doanh chào bán 135m2  5 tầng giá 115 tỷ,115 tỷ,"Đường Xã Đàn, Phường Phương Liên, Quận Đống Đa, Hà Nội",135 m²,N/A,5 WC,5,Sổ đỏ,19-10-2025
"Bán nhà măt ngõ ngô tât tố,văn miếu,dt: 50mx 5 tg , giá: 17,1 ty","17,1 tỷ","Đường Ngô Tất Tố, Phường Văn Miếu, Quận Đống Đa, Hà Nội",50 m² (4.0x11.0),4 phòng,4 WC,5,Sổ đỏ,19-10-2025
"TRUNG TÂM ĐỐNG ĐA NGÃ 4 SỞ - 5 Tầng ngõ thông, 2 mặt thoáng","7,7 tỷ","Phường Thịnh Quang, Quận Đống Đa, Hà Nội",31 m² (5.0x6.2),3 phòng,4 WC,5,Giấy tờ hợp lệ,15-10-2025
"LÔ GÓC Đống Đa - Nhà đẹp dân xây, vài bước ra ô tô ,9tỷ5","9,5 tỷ","Phường Thịnh Quang, Quận Đống Đa, Hà Nội",32 m² (4.3x7.6),3 phòng,4 WC,5,Giấy tờ hợp lệ,15-10-2025
"Bán nhà mặt ngõ Phương Mai – Đống Đa – 5 tầng– Kinh doanh đỉnh-19,8 tỷ","19,8 tỷ","Phường Phương Mai, Quận Đống Đa, Hà Nội",51 m²,4 phòng,N/A,5,Giấy tờ hợp lệ,15-10-2025
"Lô góc Trường Chinh, 2 thoáng, ngõ ba gác, nhà dân xây. 46mx5T. 8,3 ty","8,3 tỷ","Phường Khương Thượng, Quận Đống Đa, Hà Nội",46 m² (4.0x12.0),4 phòng,4 WC,5,Giấy tờ hợp lệ,15-10-2025
"Nhà đẹp Thịnh Quang! 2 thoáng, 40m ra ô tô, ngõ rộng. 31mx5T. Chỉ 7,4t","7,4 tỷ","Phường Thịnh Quang, Quận Đống Đa, Hà Nội",31 m² (3.5x9.0),3 phòng,4 WC,5,Giấy tờ hợp lệ,15-10-2025
BÁN NHÀ KHÂM THIÊN – NGÕ THÔNG – DÒNG TIỀN KHỦNG– CĂN HỘ DỊCH VỤ 7TẦNG,22 tỷ,"Phường Khâm Thiên, Quận Đống Đa, Hà Nội",90 m²,11 phòng,7 WC,7,Giấy tờ hợp lệ,15-10-2025
"NHÀ DÒNG TIỀN TRUNG TÂM ĐỐNG ĐA  - 8 phòng thang máy, sổ đỏ chính chủ","16,5 tỷ","Phường Trung Liệt, Quận Đống Đa, Hà Nội",62.5 m² (5.5x11.3),8 phòng,5 WC,5,Giấy tờ hợp lệ,15-10-2025
"Nguyễn Lương Bằng, 2 thoáng, ngõ thông, nhà đẹp. 32mx4T. Chỉ 6,5 tỷ","6,5 tỷ","Phường Nam Đồng, Quận Đống Đa, Hà Nội",32 m² (3.0x11.0),4 phòng,3 WC,4,Giấy tờ hợp lệ,15-10-2025
"BÁN NHÀ ĐẶNG TIẾN ĐÔNG - ĐỐNG ĐA: -13.88 TỶ - OTO ĐẬU CỔNG, GẦN HỒ","13,88 tỷ","Phường Trung Liệt, Quận Đống Đa, Hà Nội",65 m²,4 phòng,N/A,5,Giấy tờ hợp lệ,15-10-2025
"NHÀ ĐẸP 5 TẦNG, 35M2 TAM KHƯƠNG, VIEW TRƯỜNG TH, 3 GÁC ĐỖ CỬA, 8,5 TỶ","8,5 tỷ","Đường Tam Khương, Phường Khương Thượng, Quận Đống Đa, Hà Nội",35 m² (3.5x10.0),3 phòng,4 WC,5,Sổ đỏ,19-10-2025
"Bán nhà Hoàng Cầu, 1 nhà ra phố, ngõ nông, bagac, 46m2, Giá 10 tỷ",10 tỷ,"Đường Hoàng Cầu, Phường Nam Đồng, Quận Đống Đa, Hà Nội",46 m²,4 phòng,4 WC,3,Sổ đỏ,21-10-2025
"NHÀ ĐẸP Ở NGAY-NGÕ RỘNG THOÁNG- TRUNG TÂM ĐỐNG ĐA  6,9 TỶ","6,9 tỷ","Phường Trung Phụng, Quận Đống Đa, Hà Nội",35 m² (3.2x10.9),4 phòng,3 WC,4,Giấy tờ hợp lệ,14-10-2025
"BÁN NHÀ MẶT PHỐ THÁI HÀ, 5 TẦNG, MT HOA HẬU, THOÁNG SAU, 30 M2, 23 TỶ",23 tỷ,"Đường Thái hà, Phường Trung Liệt, Quận Đống Đa, Hà Nội",30 m²,N/A,N/A,5,Sổ đỏ,18-10-2025
"Bán nhà phố Pháo Đài Láng, nhà mới dân tự xây- full nội thất- 8,6 tỷ","8,6 tỷ","Phường Láng Thượng, Quận Đống Đa, Hà Nội",35 m² (4.2x8.3),3 phòng,3 WC,25,Giấy tờ hợp lệ,14-10-2025
Ngõ Thịnh Hào 1 - Hàng Bột - Đống Đa - Hà Nội,"23,2 tỷ","Phường Hàng Bột, Quận Đống Đa, Hà Nội",41 m²,4 phòng,5 WC,7,Giấy tờ hợp lệ,14-10-2025
"Bán nhà mặt phố Khâm Thiên, Đống Đa, DT 86m2, mặt tiền 4m, nở hậu 5m","38,7 tỷ","140, Đường Khâm Thiên, Phường Ô Chợ Dừa, Quận Đống Đa, Hà Nội",86 m²,N/A,N/A,2,Sổ đỏ,28-09-2025
"Mặt phố Trung Phụng 72m2 X 7 tâng, thang máy. Vỉa hè rộng ô tô tránh,","25,5 tỷ","23, Đường Trung Phụng, Phường Thổ Quan, Quận Đống Đa, Hà Nội",72 m²,6 phòng,6 WC,7,Sổ đỏ,17-10-2025
KINH DOANH TRUNG TÂM ĐỐNG ĐA – TRƯỜNG CHINH – 2 MẶT TIỀN SIÊU HIẾM,"24,5 tỷ","Đường Trường Chinh, Phường Ngã Tư Sở, Quận Đống Đa, Hà Nội",70 m²,N/A,N/A,N/A,Sổ hồng,24-10-2025
"50 t Mt 8,7 dài 10,6 lô góc phố vĩnh phúc , hoàng Hoa thám thụy khê",50 tỷ,"Phường Cát Linh, Quận Đống Đa, Hà Nội",92.5 m² (8.7x10.6),6 phòng,5 WC,5,Giấy tờ hợp lệ,13-10-2025
💥 Hơn 15 tỷ – Mặt phố Hào Nam - 7 tầng - gần ngã tư Ô Chợ Dừa –Xã Đàn,"15,5 tỷ","Phường Ô Chợ Dừa, Quận Đống Đa, Hà Nội",21 m²,3 phòng,N/A,7,Giấy tờ hợp lệ,13-10-2025
"🏦#G TRUNG TÂM #ĐỐNG #ĐA-NGÕ NÔNG GẦN PHỐ, NHÀ MỚI Ở LUÔN,THIẾT KẾ ĐẸP","3,95 tỷ","Phường Khâm Thiên, Quận Đống Đa, Hà Nội",20 m²,2 phòng,3 WC,N/A,Giấy tờ hợp lệ,13-10-2025
"PHÂN LÔ XÃ ĐÀN - Ô TÔ TRÁNH, VỈA HÈ, GẦN HỒ, KHU CÁN BỘ, NỘI THẤT 3 TỶ","19,8 tỷ","Phường Phương Liên, Quận Đống Đa, Hà Nội",55 m² (3.6x15.0),5 phòng,3 WC,4,Giấy tờ hợp lệ,13-10-2025
"PhAO ĐAI LANG 31M ,5 TANG , NHINH 8 TY","8,6 tỷ","Phường Láng Hạ, Quận Đống Đa, Hà Nội",31 m² (4.2x7.7),3 phòng,4 WC,5,Giấy tờ hợp lệ,13-10-2025
"PHÁO ĐÀI LÁNG , LO GOC ,NGO THONG , NHÀ DÂN XÂY","8,6 tỷ","Phường Láng Hạ, Quận Đống Đa, Hà Nội",31 m² (4.2x7.6),3 phòng,4 WC,5,Giấy tờ hợp lệ,13-10-2025
TÂY SƠN ĐỐNG ĐA - 6 TẦNG THANG MÁY - THÔNG SÀN 38m2,"13,5 tỷ","Phường Trung Liệt, Quận Đống Đa, Hà Nội",38.2 m² (3.9x9.6),3 phòng,4 WC,6,Giấy tờ hợp lệ,13-10-2025
"BÁN NHÀ CHÙA BỘC, 7 TẦNG, MT ĐẸP, LÔ GÓC,NGÕ THÔNG Ô TÔ, 105 M2, 34 TỶ",34 tỷ,"Đường Chùa Bộc, Phường Khương Thượng, Quận Đống Đa, Hà Nội",105 m²,10 phòng,10 WC,7,Sổ đỏ,17-10-2025
NHÀ VIP ĐỐNG ĐA - 7 TẦNG THANG MÁY - NỘI THẤT XỊN - SỔ NỞ HẬU,15 tỷ,"Phường Thịnh Quang, Quận Đống Đa, Hà Nội",40 m² (5.5x7.0),4 phòng,5 WC,7,Giấy tờ hợp lệ,13-10-2025
Tôi cần bán nhà Thái Hà 5tầng thang máy full nội thất.,"16,93 tỷ","Phường Trung Liệt, Quận Đống Đa, Hà Nội",45 m²,4 phòng,5 WC,5,Giấy tờ hợp lệ,13-10-2025
"BÁN NHÀ KHÂM THIÊN - ĐỐNG ĐA: 90M², 7 TẦNG TM, MT 6.2M - NGÕ THÔNG KD!",31 tỷ,"Phường Khâm Thiên, Quận Đống Đa, Hà Nội",90 m²,4 phòng,N/A,7,Giấy tờ hợp lệ,13-10-2025
"CẦN BÁN NHÀ PHỐ TÔN ĐỨC THẮNG 9,9 TỶ, Ô TÔ, THANG MÁY","9,9 tỷ","Phường Quang Trung, Quận Đống Đa, Hà Nội",35 m² (4.0x9.0),4 phòng,5 WC,6,Giấy tờ hợp lệ,13-10-2025
BÁN NHÀ HOÀNG CẦU 12.3 tỷ 50M² - OTO TẬN CỬA KHẨU HỌC NGUYỄN TRƯỜNG TỘ,"12,3 tỷ","Phường Ô Chợ Dừa, Quận Đống Đa, Hà Nội",50 m²,4 phòng,N/A,4,Giấy tờ hợp lệ,13-10-2025
"Bán Nhà 3T lo Góc Minh Khai- Ngõ Hoà Bình 35m2 7,88 tỷ","7,88 tỷ","10, Đường Minh Khai, Phường Bạch Mai, Quận Hai Bà Trưng, Hà Nội",29.2 m²,4 phòng,3 WC,3,Sổ đỏ,21-11-2025
"Cần bán gấp nhà mặt phố Lê Thanh Nghị, 52 m2, mặt tiền 3,5m, 5 tầng",25 tỷ,"Đường Lê Thanh Nghị, Phường Bách Khoa, Quận Hai Bà Trưng, Hà Nội",52 m²,N/A,N/A,5,Sổ đỏ,25-11-2025
"Nhà ngõ Hoà Bình 7 Minh Khai-Bạch Mai. MB42m2*5T mới. 5p,4WC","9,65 tỷ","Ngõ hòa bình 7, Đường Minh Khai, Phường Bạch Mai, Quận Hai Bà Trưng, Hà Nội",42 m² (4.0x11.0),6 phòng,4 WC,5,Sổ đỏ,19-11-2025
"BÁN ĐẤT MP TRẦN KHÁT CHÂN,2 LÀN OTO TRÁNH,DT 83M,MT 5.2M,GIÁ 32 TỶ",32 tỷ,"Đường Trần Khát Chân, Phường Thanh Lương, Quận Hai Bà Trưng, Hà Nội",83 m² (5.2x16.0),2 phòng,2 WC,1,Sổ đỏ,24-11-2025
Bán nhà đất nền Chính chủ số 20 ngõ 98 Trần Khát chân nối dài,"13,5 tỷ","Phường Thanh Nhàn, Quận Hai Bà Trưng, Hà Nội",46.9 m² (3.8x14.0),N/A,N/A,N/A,Sổ đỏ,22-11-2025
Cần Bán Cực Gấp Nhà Phố Minh Khai Hai Bà Trưng Dòng tiền 50tr/tháng,"11,85 tỷ","Đường Minh Khai, Phường Minh Khai, Quận Hai Bà Trưng, Hà Nội",50 m² (8.0x6.0),8 phòng,8 WC,5,Sổ đỏ,21-11-2025
"Bán Nhà 5,5T MP Thanh Nhàn- Kim Ngưu Dt60m mt4,5m hè 4m giá 27,88tỷ","27,88 tỷ","168, Đường Thanh nhàn, Phường Thanh Nhàn, Quận Hai Bà Trưng, Hà Nội",58.5 m²,5 phòng,4 WC,5.5,Sổ đỏ,21-11-2025
6.35 TỶ-25M2- 5 TẦNG NGÕ NÔNG-BẠCH MAI-CHÙA LIÊN PHÁI-PHỐ HUỂ,"6,35 tỷ","Đường Bạch Mai, Phường Bạch Mai, Quận Hai Bà Trưng, Hà Nội",25 m²,3 phòng,4 WC,5,Sổ đỏ,21-11-2025
Bán nhà mặt phố Thi Sách Diện tích: 76 m2 x 3 tầng,42 tỷ,"Đường Thi Sách, Phường Ngô Thì Nhậm, Quận Hai Bà Trưng, Hà Nội",76 m²,N/A,N/A,3,Sổ đỏ,12-11-2025
"Bán nhà mặt phố Huế, Hai Bà Trưng, Hà Nội","123,45 triệu","Đường Phố Huế, Phường Phố Huế, Quận Hai Bà Trưng, Hà Nội",353 m²,N/A,N/A,3,Sổ đỏ,26-11-2025
"Chính chủ cần bán gấp nhà 7 tầng thang máy vỉa hè 30,9 tỷ kinh doanh",Thỏa thuận,"Phường Minh Khai, Quận Hai Bà Trưng, Hà Nội",40 m² (5.0x8.0),3 phòng,6 WC,7,Sổ đỏ,26-11-2025
"Bán đất tặng nhà trong ngõ, Phố Minh Khai, quận Hai Bà Trưng, Hà nội",Thỏa thuận,"Đường Minh Khai, Phường Minh Khai, Quận Hai Bà Trưng, Hà Nội",155 m²,N/A,N/A,N/A,Sổ đỏ,26-11-2025
"45m² MINH KHAI TIMECITY, nhà mới đẹp ở ngay; 4PN thoáng sáng.","8,25 tỷ","Đường Minh Khai, Phường Vĩnh Tuy, Quận Hai Bà Trưng, Hà Nội",45 m²,4 phòng,3 WC,4,Sổ đỏ,26-11-2025
"Bán Nhà Dòng Tiền Minh Khai, Hai Bà 110m, 7 tầng, mt 8.9m, giá 38.6 tỷ","38,6 tỷ","Đường Minh Khai, Phường Minh Khai, Quận Hai Bà Trưng, Hà Nội",110 m² (8.9x12.3),21 phòng,22 WC,7,Sổ đỏ,26-11-2025
"Bán nhà phố Minh Khai, Dt 45m2, 5t, mt 4m, mới đẹp ở ngay.","9,8 tỷ","Đường Minh Khai, Phường Minh Khai, Quận Hai Bà Trưng, Hà Nội",45 m² (4.0x11.0),5 phòng,4 WC,5,Sổ hồng,25-11-2025
"Tôi cần bán nhà Mp Võ Thị Sáu, Q HBT, Dt 65 m, 4 T, Mt 5 m, 43 Tỷ",43 tỷ,"Đường Võ Thị Sáu, Phường Thanh Nhàn, Quận Hai Bà Trưng, Hà Nội",65 m²,N/A,N/A,4,Sổ đỏ,25-11-2025
"Bán nhà phố Minh Khai, Hai Bà Trưng 102m, 7 tầng. Giá: 26.5 tỷ","26,5 tỷ","Phường Minh Khai, Quận Hai Bà Trưng, Hà Nội",102 m²,21 phòng,21 WC,7,Sổ đỏ,25-11-2025
"Bán nhà Ngõ Quỳnh Bạch Mai, Lô góc, Dt 42m2, 5t mt 5m, 7.8 tỷ.","7,8 tỷ","Đường Ngõ Quỳnh, Phường Cầu Dền, Quận Hai Bà Trưng, Hà Nội",42 m²,3 phòng,4 WC,5,Sổ hồng,25-11-2025
"Nhà Đẹp, Gần Phố, Vân Đồn, Hai Bà Trưng 33m, 5 tầng, mt 3.9m, 7.5 tỷ","7,5 tỷ","Đường Vân Đồn, Phường Bạch Đằng, Quận Hai Bà Trưng, Hà Nội",33 m² (3.9x8.5),3 phòng,4 WC,5,Sổ đỏ,25-11-2025
"Bán nhà gấp Trần Khát Chân ngõ thông 3 bước ra phố, Dt 55m2, 2t, mt 4m","13,5 tỷ","Đường Trần Khát Chân, Phường Đống Mác, Quận Hai Bà Trưng, Hà Nội",55 m²,2 phòng,2 WC,2,Sổ hồng,25-11-2025
"175m² mặt tiền Chợ Hôm PHỐ HUẾ, giấy tờ pháp lý đầy đủ.","139,6 tỷ","Đường Phố Huế, Phường Ngô Thì Nhậm, Quận Hai Bà Trưng, Hà Nội",175 m²,35 phòng,25 WC,N/A,Sổ đỏ,19-11-2025
"Bán nhà Minh Khai ngõ thoáng mới đẹp ở ngay, Dt 41m2, 4t, mt 3.7m.","7,6 tỷ","Đường Minh Khai, Phường Minh Khai, Quận Hai Bà Trưng, Hà Nội",41 m²,4 phòng,3 WC,4,Sổ hồng,25-11-2025
"Bán nhà phố 8/3 ngõ thông kinh doanh, Dt 38m2, 5t, mt 4.1m, đẹp ở ngay","6,9 tỷ","Đường Phố 8/3, Phường Quỳnh Lôi, Quận Hai Bà Trưng, Hà Nội",38 m² (4.1x9.0),3 phòng,4 WC,5,Sổ hồng,25-11-2025
"Bán Nhà, Xây Mới, Hoa Lư, Vân Hồ, Hai Bà 38m, 5 tầng, mt 4.5m, 14.2 tỷ","14,2 tỷ","Đường Hoa Lư, Phường Lê Đại Hành, Quận Hai Bà Trưng, Hà Nội",38 m² (4.5x8.4),3 phòng,4 WC,5,Sổ đỏ,25-11-2025
Bán nhà mặt phố Vân đồn Hà Nội,12 tỷ,"Phường Bạch Đằng, Quận Hai Bà Trưng, Hà Nội",73 m²,N/A,N/A,N/A,Sổ đỏ,24-11-2025
"Bán nhà mặt phố Hàn Thuyên cực đẹp, 291m2, mặt tiền 12m chỉ 135 tỷ",135 tỷ,"Đường Hàn Thuyên, Phường Phạm Đình Hổ, Quận Hai Bà Trưng, Hà Nội",291 m²,8 phòng,8 WC,3,Sổ đỏ,16-11-2025
TRUNG TAM-QUẬN HAI BÀ TRƯNG- NGÕ THÔNG- BÁN ĐẤT TẶNG NHÀ.,"7,7 tỷ","Phường Cầu Dền, Quận Hai Bà Trưng, Hà Nội",30 m²,3 phòng,2 WC,3,Giấy tờ hợp lệ,24-11-2025
"Nhà Đẹp Thanh Nhàn, Hai Bà Trưng 38m, 5 tầng, mt 3.1m, giá 8.8 tỷ.","8,8 tỷ","Đường Thanh Nhàn, Phường Thanh Nhàn, Quận Hai Bà Trưng, Hà Nội",38 m² (3.1x12.2),5 phòng,4 WC,5,Sổ đỏ,24-11-2025
"Nhà Đẹp Gần Phố, Duơng Văn Bé, Hai Bà Trưng 33m, 5 tầng, giá 8.45 tỷ","8,450 tỷ","Đường Dương Văn Bé, Phường Vĩnh Tuy, Quận Hai Bà Trưng, Hà Nội",33 m² (3.5x9.4),3 phòng,4 WC,5,Sổ đỏ,24-11-2025
"Bán Nhà Gần Đường Ô Tô Bùi Ngọc Dương, Hai Bà Trưng 65m, giá 3.95 tỷ","3,95 tỷ","Đường Bùi Ngọc Dương, Phường Bạch Mai, Quận Hai Bà Trưng, Hà Nội",65 m² (4.0x16.2),2 phòng,1 WC,1,Sổ đỏ,15-11-2025
Bán nhà 3 tầng Cách công viên Thống Nhất 100 m,"3,86 tỷ","Phường Lê Đại Hành, Quận Hai Bà Trưng, Hà Nội",20 m²,3 phòng,2 WC,3,Giấy tờ hợp lệ,24-11-2025
CHÍNH CHỦ BÁN NHÀ TRUNG TÂM HAI BÀ TRƯNG,"8,65 tỷ","Đường Hoa Lư, Phường Lê Đại Hành, Quận Hai Bà Trưng, Hà Nội",25 m² (4.0x7.0),4 phòng,3 WC,5,Sổ đỏ,24-11-2025
"Nhà Đẹp Gần Phố, Minh Khai, Hai Bà Trưng 21m, 5 tầng, mt 4.8m, 6.72 tỷ","6,72 tỷ","Đường Minh Khai, Phường Minh Khai, Quận Hai Bà Trưng, Hà Nội",21 m² (4.8x4.3),3 phòng,3 WC,5,Sổ đỏ,24-11-2025
"Nhà Đẹp Ở Luôn Phố Quỳnh Mai, Hai Bà Trưng 85m, tầng 3, giá 4.8 tỷ.","4,8 tỷ","Đường Quỳnh Mai, Phường Quỳnh Mai, Quận Hai Bà Trưng, Hà Nội",85 m² (5.0x17.0),3 phòng,2 WC,1,Sổ đỏ,23-11-2025
"Nhà Đẹp Gần Phố, Bùi Ngọc Dương, Hai Bà Trưng 90m, giá 4.28 tỷ.","4,28 tỷ","Đường Bùi Ngọc Dương, Phường Bạch Mai, Quận Hai Bà Trưng, Hà Nội",90 m² (5.0x18.0),3 phòng,2 WC,1,Sổ đỏ,23-11-2025
Nhỉnh 6Tỷ-Nhà Phố Bạch Mai-Ngõ Rộng-Gần ÔTÔ-27m2 x 5Tầng (3Ngủ)-Sổ Đỏ,"6,35 tỷ","Đường Bạch Mai, Phường Bạch Mai, Quận Hai Bà Trưng, Hà Nội",27 m² (3.1x9.0),3 phòng,4 WC,5,Sổ hồng,22-11-2025
Bán Nhà Hai Bà Trưng 68m²–6 Tầng – MT 6.2m – Dòng Tiền 60 Triệu/Tháng,"14,5 tỷ","Đường Trương Định, Phường Trương Định, Quận Hai Bà Trưng, Hà Nội",68 m²,13 phòng,13 WC,6,Sổ đỏ,22-11-2025
Bán nhà 6 tầng xây mới phố Nguyễn công trứ _ Đỗ ngọc du,"10,9 tỷ","Phường Đồng Nhân, Quận Hai Bà Trưng, Hà Nội",44 m²,4 phòng,5 WC,6,Sổ đỏ,22-11-2025
"Hiếm nhà bán - Nhỏ xinh 20m2 x 4T phố Bạch Mai, sổ đỏ vuông đẹp","4,5 tỷ","Phường Bạch Mai, Quận Hai Bà Trưng, Hà Nội",20 m² (3.2x6.0),3 phòng,3 WC,4,Giấy tờ hợp lệ,22-11-2025
"NHÀ DÂN XÂY PHỐ HỒNG MAI - 5 TẦNG KIÊN CỐ - GIÁ HỢP LÝ -57m CHỈ 9,8 TỶ","9,8 tỷ","Phường Bạch Mai, Quận Hai Bà Trưng, Hà Nội",57 m²,4 phòng,N/A,5,Giấy tờ hợp lệ,22-11-2025
"Nhà Ngõ Hoà Bình 7 Minh Khai, Bạch Mai. MB42*4T mới, Full nội thất","9,65 tỷ","Hòa bình 7, Đường Minh Khai, Phường Minh Khai, Quận Hai Bà Trưng, Hà Nội",170 m² (4.0x11.0),5 phòng,4 WC,4,Sổ đỏ,21-11-2025
"Bán Nhà Kinh Doanh, Ô TÔ, Quỳnh Mai 140m, giá 8,9 tỷ.","8,9 tỷ","Đường Quỳnh Mai, Phường Quỳnh Mai, Quận Hai Bà Trưng, Hà Nội",140 m² (5.0x28.0),4 phòng,3 WC,1,Sổ đỏ,21-11-2025
"Căn hộ Tập thể mặt phố Thi Sách, 70m2, 2 ngủ 2WC, 4.8 tỷ!","4,8 tỷ","Đường Thi Sách, Phường Ngô Thì Nhậm, Quận Hai Bà Trưng, Hà Nội",70 m² (7.0x10.0),2 phòng,2 WC,1,Sổ đỏ,21-11-2025
30m Ra Phố Võ Thị Sáu-View Hồ-Sát Công Viên-72m2-5Tầng Đẳng Cấp-18Tỷ6,"18,6 tỷ","Đường Võ Thị Sáu, Phường Thanh Nhàn, Quận Hai Bà Trưng, Hà Nội",72 m² (6.0x12.0),6 phòng,4 WC,5,Sổ đỏ,21-11-2025
"Bán Nhà Phố Lê Thanh Nghị-Trần Đại Nghĩa,hè Dt 95m2 Mt 6.5m, 28,99Ty.","28,99 tỷ","Đường Lê Thanh Nghị, Phường Bách Khoa, Quận Hai Bà Trưng, Hà Nội",95 m²,10 phòng,7 WC,4,Sổ đỏ,21-11-2025
Bán Nhà Phố Trần Khát Chân quận Hai Bà Trưng 55m 5 Tầng Mặt Tiền 5.1m,"13,73 tỷ","Đường Trần Khát Chân, Phường Đống Mác, Quận Hai Bà Trưng, Hà Nội",55 m² (5.1x11.0),5 phòng,6 WC,5,Sổ hồng,21-11-2025
"Trần Đại Nghĩa mặt ngõ 3m, thông tứ phía,nhà đẹp mê ly,nội thất xịn sò","6,95 tỷ","Phường Bách Khoa, Quận Hai Bà Trưng, Hà Nội",32 m² (4.0x8.0),3 phòng,4 WC,5,Giấy tờ hợp lệ,21-11-2025
"Nhà đẹp Lạc Trung-20m ra oto, full nội thất, ở ngay 53m x 5T, nở hậu","9,5 tỷ","Phường Thanh Lương, Quận Hai Bà Trưng, Hà Nội",53 m² (5.0x11.0),6 phòng,5 WC,5,Giấy tờ hợp lệ,21-11-2025
"Bán nhà phân lô ngõ 230 Lạc Trung 78m2*8T,oto tránh,MT:5.4m,KD,29.8tỷ.","29,8 tỷ","Ngõ 230 , Đường Lạc Trung, Phường Thanh Lương, Quận Hai Bà Trưng, Hà Nội",78 m² (5.4x14.4),8 phòng,7 WC,8,Sổ hồng,11-11-2025
"Bạch Mai ngõ thông, gần oto, nhà đẹp, vị trí vip, giá hợp lý,về ở ngay","7,9 tỷ","Phường Bạch Mai, Quận Hai Bà Trưng, Hà Nội",41 m² (4.0x10.0),4 phòng,N/A,5,Giấy tờ hợp lệ,21-11-2025
"Bán Nhà 5 tầng  88 võ thị sáu gần hồ 55m2 XD giá 18,99 tỷ.","18,99 tỷ","68, Đường Võ Thị Sáu, Phường Quỳnh Lôi, Quận Hai Bà Trưng, Hà Nội",46 m²,6 phòng,5 WC,5,Sổ hồng,21-11-2025
"Nhà Đẹp Gần Đường Ô Tô Quỳnh Mai - Kim Ngưu, Hai Bà Trưng 90m, 5.09 tỷ","5,09 tỷ","Đường Quỳnh Mai, Phường Quỳnh Mai, Quận Hai Bà Trưng, Hà Nội",90 m² (5.0x18.0),3 phòng,2 WC,1,Sổ đỏ,21-11-2025
Bán nhà để ở hoặc làm văn phòng công ty,"7,95 tỷ","9b ngõ 22, Đường Đại La, Phường Bạch Mai, Quận Hai Bà Trưng, Hà Nội",20 m² (4.3x4.6),2 phòng,2 WC,4,Sổ đỏ,19-11-2025
PHỐ VÕ THỊ SÁU - TT QUẬN HAI BÀ - GẦN HỒ - SÁT PHỐ - NGÕ RỘNG BA G,"18,5 tỷ","Phường Thanh Nhàn, Quận Hai Bà Trưng, Hà Nội",70 m²,6 phòng,7 WC,5,Giấy tờ hợp lệ,20-11-2025
"nhà mặt phố Tạ Quang Bửu, Hai Bà Trưng 68m, 6t, mt 5.5m. Giá: 59.9 tỷ","59,9 tỷ","Phường Bạch Mai, Quận Hai Bà Trưng, Hà Nội",68 m²,4 phòng,5 WC,6,Sổ đỏ,20-11-2025
"Dương Văn Bé, nhà dân xây, bền đẹp, bán nhanh giá rẻ nhất thị trường!","6,7 tỷ","Phường Vĩnh Tuy, Quận Hai Bà Trưng, Hà Nội",40 m² (4.0x10.0),3 phòng,3 WC,4,Giấy tờ hợp lệ,20-11-2025
"Bán nhà Bạch Mai, 36m x 5T, nhà đang cho thuê 18tr/th giá bán hợp lý","7,3 tỷ","Phường Bạch Mai, Quận Hai Bà Trưng, Hà Nội",36 m² (4.0x9.0),7 phòng,5 WC,5,Giấy tờ hợp lệ,20-11-2025
"Nhà Đẹp, Phố 8 - 3, Hai Bà Trưng 65m, tầng 2, giá 3.98 tỷ.","3,98 tỷ","Đường Phố 8-3, Phường Quỳnh Mai, Quận Hai Bà Trưng, Hà Nội",65 m² (4.0x16.3),2 phòng,1 WC,1,Sổ đỏ,20-11-2025
Bán Nhà-Phân Lô-Ngõ ÔTÔ-Phố Hồng Mai-Hai Bà Trưng-35m x 4Tầng-Hơn 10Tỷ,"10,5 tỷ","Đường Hồng Mai, Phường Bạch Mai, Quận Hai Bà Trưng, Hà Nội",35 m² (3.5x10.0),3 phòng,4 WC,4,Sổ hồng,20-11-2025
NGÕ THÔNG MINH KHAI - KINH DOANH - NGÕ BA GÁC - 39m2 - NHỈNH 6 TỶ,"6,85 tỷ","Phường Minh Khai, Quận Hai Bà Trưng, Hà Nội",39 m²,3 phòng,3 WC,4,Giấy tờ hợp lệ,20-11-2025
"Bán nhà Nguyễn Văn Viên, mới đẹp, nội thất hiện đại chỉ 7.2tỷ nhận nhà","7,2 tỷ","Phường Vĩnh Tuy, Quận Hai Bà Trưng, Hà Nội",33 m² (4.0x8.0),3 phòng,N/A,7,Giấy tờ hợp lệ,20-11-2025
"Minh Khai, nhà đẹp, chất lượng, xem là thích, giá hợp lý! Mua là thắng","6,8 tỷ","Phường Vĩnh Tuy, Quận Hai Bà Trưng, Hà Nội",38 m²,4 phòng,3 WC,5,Giấy tờ hợp lệ,20-11-2025
Bán nhà mặt phố Lương yên chính chủ,Thỏa thuận,"96, Đường Lương Yên, Phường Bạch Đằng, Quận Hai Bà Trưng, Hà Nội",34 m² (4.0x7.0),N/A,N/A,2,Sổ đỏ,20-11-2025
"MINH KHAI - Ô TÔ ĐỖ CỬA - NGÕ THÔNG - MẶT TIỀN 5M - 72m CHỈ 16,5 TỶ","16,5 tỷ","Phường Vĩnh Tuy, Quận Hai Bà Trưng, Hà Nội",72 m²,4 phòng,N/A,3,Giấy tờ hợp lệ,19-11-2025
"Bán nhà phố Bạch Mai thoáng trước sau, Dt 50m2, 5t, Mt 4.5m, ở ngay.","11,2 tỷ","Đường Bạch Mai, Phường Cầu Dền, Quận Hai Bà Trưng, Hà Nội",50 m² (4.5x11.0),5 phòng,4 WC,5,Sổ hồng,19-11-2025
"nhà phố Trần Đại Nghĩa, Hai Bà Trưng 110m, 7t, mt 5.3m. Giá: 38 tỷ",38 tỷ,"Đường Trần Đại Nghĩa, Phường Bách Khoa, Quận Hai Bà Trưng, Hà Nội",110 m²,27 phòng,27 WC,7,Sổ đỏ,19-11-2025
"Bán nhà phố Lạc Trung, Hai Bà Trưng 73m, 4 tầng, mt 4.5m. Giá: 28.5 tỷ","28,5 tỷ","Đường Lạc Trung, Phường Vĩnh Tuy, Quận Hai Bà Trưng, Hà Nội",73 m²,4 phòng,3 WC,4,Sổ đỏ,19-11-2025
"Chính Chủ tôi cần bán nhà PL, Phố Lạc Trung, Q HBT, HN, Dt 80 m, 6 T","23,5 tỷ","Đường Lạc Trung, Phường Vĩnh Tuy, Quận Hai Bà Trưng, Hà Nội",80 m²,02,N/A,6,Sổ đỏ,19-11-2025
BÁN NHÀ MẶT PHỐ PHỐ VỌNG – GIẢI PHÓNG – TRUNG TÂM HÀ NỘI – 54M² – GIÁ,"22,5 tỷ","Phường Đồng Tâm, Quận Hai Bà Trưng, Hà Nội",54 m²,4 phòng,3 WC,4,Sổ đỏ,19-11-2025
BÁN NHÀ  PHỐ PHỐ VỌNG – GIẢI PHÓNG – TRUNG TÂM HÀ NỘI – 54M² – 22.5 tỷ,"22,5 tỷ","Phường Đồng Tâm, Quận Hai Bà Trưng, Hà Nội",54 m²,4 phòng,4 WC,4,Sổ đỏ,19-11-2025
"Cc bán nhà Bạch Mai, ngõ ba gác, 47m, 4 tầng, 8.2 tỷ","8,2 tỷ","Phường Bạch Mai, Quận Hai Bà Trưng, Hà Nội",47 m²,4 phòng,N/A,4,Sổ đỏ,19-11-2025
Bán  nhà 30m² x 2T nhà mới đủ đồ ngõ 219 Đê Tô Hoàng HBT - HN,3 tỷ,"33, 33, Phường Bạch Mai, Quận Hai Bà Trưng, Hà Nội",30 m²,2 phòng,2 WC,2,Giấy tờ hợp lệ,19-11-2025
"Bán nhà mặt phố Lạc Trung, Hai Bà Trưng 51m, 4t, mt 4.5m. Giá: 29.6 tỷ","29,6 tỷ","Đường Lạc Trung, Phường Thanh Lương, Quận Hai Bà Trưng, Hà Nội",51 m²,3 phòng,3 WC,4,Sổ đỏ,19-11-2025
"bán nhà phố Thanh Nhàn, Hai Bà Trưng 88m, 6 tầng. Giá: 18.5 tỷ","18,5 tỷ","Đường Thanh Nhàn, Phường Quỳnh Lôi, Quận Hai Bà Trưng, Hà Nội",88 m²,10 phòng,10 WC,6,Sổ đỏ,19-11-2025
"🔥 HÀNG HIẾM MINH KHAI – NHÀ LÔ GÓC – MẶT TIỀN RỘNG ,4 TẦNG ,GIÁ 5,38 T","5,38 tỷ","Phường Minh Khai, Quận Hai Bà Trưng, Hà Nội",25 m²,3 phòng,3 WC,4,Giấy tờ hợp lệ,19-11-2025
"Bán Nhà Dòng Tiền Nguyễn An Ninh 42m, 5 tầng, mt 3,5m, giá 10.6 tỷ.","10,6 tỷ","Đường Trương Định, Phường Trương Định, Quận Hai Bà Trưng, Hà Nội",42 m² (3.5x12.0),8 phòng,9 WC,5,Sổ đỏ,18-11-2025
"Nhà Minh Khai, 8 tầng hiện đại, thiết kế đẹp, công năng hoàn hảo",Thỏa thuận,"Đường Minh Khai, Phường Bạch Mai, Quận Hai Bà Trưng, Hà Nội",50 m²,1,N/A,8,Sổ đỏ,18-11-2025
"[Chính chủ] tôi cần bán toà MP, Bùi Thị Xuân, quận HBT, Dt 115 m, 8 T",105 tỷ,"Phường Bùi Thị Xuân, Quận Hai Bà Trưng, Hà Nội",115 m²,N/A,N/A,8,Sổ đỏ,17-11-2025
"Bán Nhà Ô Tô Trong Nhà, Kim Ngưu, 30/35m, 5 tầng, mt 5m, giá 14.85 tỷ","14,85 tỷ","Đường Kim Ngưu, Phường Thanh Lương, Quận Hai Bà Trưng, Hà Nội",30 m² (5.0x6.0),3 phòng,4 WC,5,Sổ đỏ,17-11-2025
PHÂN LÔ => Ô TÔ ĐỖ CỬA => THANG MÁY => HBT.,"12,8 tỷ","Phường Vĩnh Tuy, Quận Hai Bà Trưng, Hà Nội",39 m²,3 phòng,4 WC,5,Giấy tờ hợp lệ,17-11-2025
Bán Nhà Minh Khai-Đối Diện TimeCity-ÔTÔ Thông-37m2 x 4Tầng-Chỉ 7Tỷ18,"7,18 tỷ","Đường Minh Khai, Phường Vĩnh Tuy, Quận Hai Bà Trưng, Hà Nội",37 m² (4.5x8.0),3 phòng,3 WC,4,Sổ hồng,17-11-2025
"Tôi cần bán nhà phố Thịnh Yên, Q HBT, HN.DT 230 m, Mt 11 m, giá 75 Tỷ",75 tỷ,"Đường Thịnh Yên, Phường Phố Huế, Quận Hai Bà Trưng, Hà Nội",230 m²,N/A,N/A,9,Sổ đỏ,17-11-2025
"(Chính chủ) Tôi Cần bán toà Mp Lê Văn Hưu, Q HBT, Dt 120 m,10 T, 110ty",110 tỷ,"Đường Lê Văn Hưu, Phường Ngô Thì Nhậm, Quận Hai Bà Trưng, Hà Nội",120 m²,N/A,N/A,10,Sổ đỏ,17-11-2025
"Bán nhanh nhà đầu ngõ Bạch Đằng, giá 9.5 tỷ, 31m2x4T, ở luôn","9,5 tỷ","Đường Bạch Đằng, Phường Bạch Đằng, Quận Hai Bà Trưng, Hà Nội",31 m² (3.2x10.0),N/A,4,4,Sổ đỏ,17-11-2025
"[ Chính chủ ] tôi cần bán nhà phố Mình Khai, Q HBT, Dt 50 m, 6T, Mt 5m","24,5 tỷ","Đường Minh Khai, Phường Minh Khai, Quận Hai Bà Trưng, Hà Nội",50 m²,N/A,N/A,6,Sổ đỏ,17-11-2025
NHÀ RIÊNG MINH KHAI-ĐỐI DIỆN TIMECITY-ÔTÔ ĐỖ CỬA-22m2-4TẦNG-CHỈ 3TỶ500,"3,5 tỷ","Đường Minh Khai, Phường Vĩnh Tuy, Quận Hai Bà Trưng, Hà Nội",22 m² (3.5x6.0),2 phòng,3 WC,4,Sổ đỏ,17-11-2025
"Nhà Mặt Phố, Ô tô 2 chiều, Vỉa hè, Vừa ở vừa Kinh doanh",15 tỷ,"Đường Nguyễn An Ninh, Phường Trương Định, Quận Hai Bà Trưng, Hà Nội",36 m² (3.4x11.0),4 phòng,4 WC,4,Sổ đỏ,17-11-2025
Phố Hiếm Nhà Bán_Khu VIP Hai Bà Trưng-Giáp VinCom Bà Triệu_Công Viên,"14,8 tỷ","Đường Thể Giao, Phường Lê Đại Hành, Quận Hai Bà Trưng, Hà Nội",45 m² (4.1x11.0),3 phòng,3 WC,4,Sổ hồng,17-11-2025
"Bán Nhà, Phố VIP Bạch Mai 50m, tầng 1, mt 4,3m, giá 4,35 tỷ.","4,350 tỷ","Đường Bạch Mai, Phường Bạch Mai, Quận Hai Bà Trưng, Hà Nội",50 m² (4.3x11.6),3 phòng,2 WC,1,Sổ đỏ,17-11-2025
Hơn 2 tỷ Có nhà Ở Ngay -Bạch Mai,"2,25 tỷ","Phường Bạch Mai, Quận Hai Bà Trưng, Hà Nội",14 m²,3 phòng,N/A,4,Hợp đồng mua bán,17-11-2025
"9,25 tỷ-38M2-5 TẦNG THANG MÁY-MỚI GẦN PHỐ -ĐẠI LA-PHỐ VỌNG-HBT","9,25 tỷ","Phường Đồng Tâm, Quận Hai Bà Trưng, Hà Nội",38 m²,3 phòng,4 WC,5,Giấy tờ hợp lệ,17-11-2025
Nhà ngõ Chùa Hưng Ký 26m2 mặt tiền 4.2m 5 tầng 5.25 tỷ.,"5,25 tỷ","Đường Minh Khai, Phường Minh Khai, Quận Hai Bà Trưng, Hà Nội",26 m²,3 phòng,4 WC,5,Sổ đỏ,13-11-2025
BÁN NHÀ MINH KHAI – GẦN TIMES CITY – 60M² – 5 TẦNG THANG MÁY – 6 PHÒNG,"14,5 tỷ","Đường Minh Khai, Phường Minh Khai, Quận Hai Bà Trưng, Hà Nội",60 m² (5.0x15.0),6 phòng,5 WC,5,Sổ đỏ,16-11-2025
Bán nhà Mặt Phố Đồng Nhân quận hai bà trưng,"16,85 tỷ","30, Đường Đồng Nhân, Phường Đồng Nhân, Quận Hai Bà Trưng, Hà Nội",30.5 m² (3.3x9.2),3 phòng,3 WC,4,Sổ đỏ,16-11-2025
"Nhà Đẹp Phố VIP Bạch Mai, Hai Bà Trưng 42m, 6 tầng, mt 4.1m, 13.3 tỷ","13,3 tỷ","Đường Bạch Mai, Phường Bạch Mai, Quận Hai Bà Trưng, Hà Nội",42 m² (4.1x10.6),3 phòng,4 WC,6,Sổ đỏ,16-11-2025
"Nhà đẹp ngõ Dương Văn Bé, giá 6.7 tỷ, 32m2x5T, ẢNH THẬT","6,7 tỷ","Đường Dương Văn Bé, Phường Vĩnh Tuy, Quận Hai Bà Trưng, Hà Nội",32 m²,N/A,3,5,Sổ đỏ,16-11-2025
"Nhà 43.2m² Trần Khát Trân, 4 tầng chắc chắn, MT 3.5m, ngõ rộng,4.35 tỷ","4,35 tỷ","Phường Bạch Đằng, Quận Hai Bà Trưng, Hà Nội",43.2 m²,5 phòng,N/A,4,Hợp đồng mua bán,16-11-2025
🔥🔥🔥 TRUNG TÂM QUẬN – OTO ĐỖ CỔNG – 2 MẶT THOÁNG SÁNG VĨNH VIỄN,"4,8 tỷ","Phường Quỳnh Mai, Quận Hai Bà Trưng, Hà Nội",22 m²,2 phòng,1 WC,1,Giấy tờ hợp lệ,16-11-2025
🏠 TẬP THỂ QUỲNH MAI – MẶT PHỐ KIM NGƯU 3 NGỦ – SD ~85M²– FULL NỘI THẤT,5 tỷ,"Phường Quỳnh Mai, Quận Hai Bà Trưng, Hà Nội",46 m²,3 phòng,2 WC,N/A,Giấy tờ hợp lệ,16-11-2025
"Nhà đẹp ngõ 105 Bạch Mai, giá 6.9 tỷ, 39m2x4T, lô góc, ngõ thông","6,9 tỷ","Đường Bạch Mai, Phường Bạch Mai, Quận Hai Bà Trưng, Hà Nội",39 m² (4.0x10.0),4,3,3,Sổ đỏ,16-11-2025
"Nhà Đẹp Thang Máy, Dương Văn Bé 39/43m, 5  tầng, mt 3.4m, giá 12.8 tỷ","12,8 tỷ","Đường Bạch Mai, Phường Bạch Mai, Quận Hai Bà Trưng, Hà Nội",39 m² (3.4x11.4),3 phòng,4 WC,5,Sổ đỏ,16-11-2025
Hơn 12Tỷ-Nhà Mới-43m2 / 5Tầng-Thang Máy-ÔTÔ Đỗ Cửa-Q. Hai Bà Trưng,"12,8 tỷ","Đường Dương Văn Bé, Phường Vĩnh Tuy, Quận Hai Bà Trưng, Hà Nội",43 m² (3.5x13.0),3 phòng,4 WC,5,Sổ hồng,16-11-2025
Cảnh báo cho nguời mua nhà 325/72 thanh lương có 6 ngôi mộ sau nhà,"6,2 tỷ","Phường Thanh Lương, Quận Hai Bà Trưng, Hà Nội",22 m² (4.7x4.6),2 phòng,3 WC,5,Giấy tờ hợp lệ,16-11-2025
Bán nhà phố Minh Khai DT 85 m2 x 7 tầng thang máy x VP - CTy,"24,5 tỷ","Đường Minh Khai, Phường Minh Khai, Quận Hai Bà Trưng, Hà Nội",85 m² (5.0x17.0),6 phòng,6 WC,7,Sổ đỏ,15-11-2025
"Bán nhà TT Minh Khai 80m2, 3 ngủ, ngõ ô tô tránh đỗ, giá 4,35 tỷ","4,35 tỷ","Phường Bạch Mai, Quận Hai Bà Trưng, Hà Nội",33 m²,3 phòng,2 WC,1,Giấy tờ hợp lệ,15-11-2025
"🏡 SIÊU PHẨM QUỲNH MAI – MẶT PHỐ, TẦNG THẤP, SÂN RỘNG THOÁNG SÁNG 🌿","3,98 tỷ","Phường Quỳnh Mai, Quận Hai Bà Trưng, Hà Nội",25 m²,2 phòng,1 WC,N/A,Giấy tờ hợp lệ,15-11-2025
"Bán nhà Thọ Lão, Hai Bà Trưng 41m², 2 tầng, MT4.2m, vị trí trung tâm","12,68 tỷ","Phường Đồng Nhân, Quận Hai Bà Trưng, Hà Nội",41 m²,3 phòng,N/A,2,Giấy tờ hợp lệ,15-11-2025
"Trần Khát Chân-43m -nhà mới , gần ô tô 10m, vị trí trung tâm","6,7 tỷ","Phường Thanh Lương, Quận Hai Bà Trưng, Hà Nội",37 m²,4 phòng,4 WC,5,Giấy tờ hợp lệ,15-11-2025
"Nhà Đẹp Ô TÔ Vào Nhà, Lạc Trung, Hai Bà Trưng 70m, 8 tầng, giá 29.8 tỷ","29,800 tỷ","Đường Lạc Trung, Phường Vĩnh Tuy, Quận Hai Bà Trưng, Hà Nội",70 m²,10 phòng,8 WC,8,Sổ đỏ,15-11-2025
"Bán Nhà Kinh Doanh, Ô TÔ, Yên Lạc, Hai Bà Trưng 51m, 7 tâng, giá 28 tỷ",28 tỷ,"Đường Yên Lạc, Phường Vĩnh Tuy, Quận Hai Bà Trưng, Hà Nội",51 m² (4.8x10.6),4 phòng,5 WC,7,Sổ đỏ,15-11-2025
BÁN NHÀ TRUNG TÂM HAI BÀ TRƯNG - 5 TẦNG - FULL NỘI THẤT XỊN SÒ,"8,3 tỷ","Phường Bạch Mai, Quận Hai Bà Trưng, Hà Nội",38 m² (3.5x12.0),3 phòng,4 WC,5,Giấy tờ hợp lệ,15-11-2025
"NHÀ PHỐ THỂ GIAO – SÁT PHỐ CỔ, VINCOM BÀ TRIỆU✨
💎 DT 45m², 4 tầng","14,8 tỷ","Phường Lê Đại Hành, Quận Hai Bà Trưng, Hà Nội",45 m²,3 phòng,N/A,4,Giấy tờ hợp lệ,15-11-2025
"Nhà Đẹp Dòng Tiền Nguyễn An Ninh, Hai Bà Trưng 42 m, 5 tầng, 12.6 tỷ","12,6 tỷ","Đường Nguyễn An Ninh, Phường Trương Định, Quận Hai Bà Trưng, Hà Nội",42 m² (3.5x12.0),7 phòng,8 WC,5,Sổ đỏ,15-11-2025
NHÀ MINH KHAI 20m Ra Phố Mới Keeng,8 tỷ,"Phường Minh Khai, Quận Hai Bà Trưng, Hà Nội",32 m²,3 phòng,4 WC,5,Giấy tờ hợp lệ,14-11-2025
Phố Bạch Mai - vài bước mặt phố - 45m2 - 4 tầng - 8 tỷ,8 tỷ,"Phường Bạch Mai, Quận Hai Bà Trưng, Hà Nội",45 m²,4 phòng,3 WC,4,Giấy tờ hợp lệ,14-11-2025
Bán Nhà Bạch Mai-Đẳng Cấp Quý Phái-DT65m2 x 4Tầng x MT5m-Hơn 17Tỷ,"17,9 tỷ","Đường Bạch Mai, Phường Bạch Mai, Quận Hai Bà Trưng, Hà Nội",65 m² (5.0x13.0),4 phòng,4 WC,4,Sổ đỏ,14-11-2025
"Tôi cần bán gấp Mp Ngô Thì Nhậm,Q HBT, DT 235 m  x 3 T, MT 8 m,150 Tỷ",150 tỷ,"Đường Ngô Thì Nhậm, Phường Ngô Thì Nhậm, Quận Hai Bà Trưng, Hà Nội",235 m²,N/A,N/A,N/A,Sổ đỏ,14-11-2025
"Bán nhà phố Minh Khai, Hai Bà Trưng 93m, 7 tầng, mt 5.2m. Giá: 25.5 tỷ","25,5 tỷ","Đường Minh Khai, Phường Minh Khai, Quận Hai Bà Trưng, Hà Nội",93 m²,18 phòng,19 WC,7,Sổ đỏ,14-11-2025
"Nhà mặt phố Trần Đại Nghĩa, Hai Bà Trưng 78m ,6t, mt 11m. Giá: 67 tỷ",67 tỷ,"Phường Bách Khoa, Quận Hai Bà Trưng, Hà Nội",78 m²,3 phòng,6 WC,6,Sổ đỏ,14-11-2025
Chính chủ bán nhà mặt phố 22 Nguyễn thượng Hiền,20 tỷ,"Đường Nguyễn Thượng Hiền, Phường Nguyễn Du, Quận Hai Bà Trưng, Hà Nội",50 m²,2 phòng,2 WC,N/A,Sổ đỏ,14-11-2025
"Nhà nhỏ đủ công năng giá shock, phố Hồng Mai, Hai Bà Trưng","3,55 tỷ","Phường Quỳnh Lôi, Quận Hai Bà Trưng, Hà Nội",15 m²,3 phòng,2 WC,5,Giấy tờ hợp lệ,14-11-2025
"TRUNG TÂM HBT, PHÂN LÔ, Ô TÔ ĐỖ CỬA, KHU VỰC HIẾM NHÀ BÁN.","9,6 tỷ","Phường Bạch Mai, Quận Hai Bà Trưng, Hà Nội",32 m² (3.5x10.0),3 phòng,3 WC,3,Giấy tờ hợp lệ,14-11-2025
"Bán nhà phố Hồng Mai, Hai Bà Trưng 56m, 5 tầng. Giá: 16.5 tỷ","16,5 tỷ","Phường Quỳnh Lôi, Quận Hai Bà Trưng, Hà Nội",56 m²,4 phòng,4 WC,5,Sổ đỏ,13-11-2025
🔥NHÀ ĐẸP Ở LUÔN-CÁCH 10M RA ĐƯỜNG MINH KHAI - HAI ÔTÔ TRÁNH - THÔNG SỐ,8 tỷ,"Phường Minh Khai, Quận Hai Bà Trưng, Hà Nội",33 m² (4.8x8.0),3 phòng,3 WC,5,Giấy tờ hợp lệ,13-11-2025
"SIÊU ĐẸP BÁN NHÀ PHÂN LÔ,ÔTÔ ĐỖ,3 THOÁNG. DT 45M*MT3,8M GIÁ 15.5 TỶ","15,5 tỷ","Phường Vĩnh Tuy, Quận Hai Bà Trưng, Hà Nội",45 m²,5 phòng,3 WC,N/A,Giấy tờ hợp lệ,13-11-2025
Bán nhà Đại La 54m² – 4 tầng – MT 4.5m – cách phố 20m – full nội thất,"12,65 tỷ","Phường Trương Định, Quận Hai Bà Trưng, Hà Nội",55 m² (5.0x11.0),4 phòng,3 WC,4,Giấy tờ hợp lệ,13-11-2025
GĐ CẦN BÁN NHÀ PHỐ HUẾ - LÒ ĐÚC 39m2 5T 30m ra phố nhỉnh 8 Tỷ,"8,98 tỷ","Phường Phố Huế, Quận Hai Bà Trưng, Hà Nội",38 m² (4.0x10.0),3 phòng,4 WC,5,Giấy tờ hợp lệ,13-11-2025
"🌹🌹🌹 BÁN NHÀ HOÀNG MAI: 19M/ 4 TẦNG/ 3 NGỦ/ 5,95 TỶ","5,95 tỷ","Phường Minh Khai, Quận Hai Bà Trưng, Hà Nội",19 m²,3 phòng,3 WC,4,Giấy tờ hợp lệ,13-11-2025
Bán Nhà Đường Kim Ngưu - Minh Khai về ở ngay giá hơn 5 tỷ,"5,2 tỷ","559, Đường Đông Kim Ngưu, Phường Minh Khai, Quận Hai Bà Trưng, Hà Nội",19 m² (4.0x5.0),3 phòng,4 WC,5,Sổ đỏ,13-11-2025
✅ Bán nhà Ngõ Quỳnh – 35m² – 5 tầng – MT 5.3m – Ô tô – Kinh doanh – 8.,"8,67 tỷ","Phường Bạch Mai, Quận Hai Bà Trưng, Hà Nội",35 m² (5.4x7.0),3 phòng,3 WC,4,Giấy tờ hợp lệ,13-11-2025
"🌹🌹🌹BÁN NHÀ NGÕ QUỲNH: 49M/ 4 TẦNG/ 13,8 TỶ/ Ô TRÁNH","13,8 tỷ","Phường Quỳnh Mai, Quận Hai Bà Trưng, Hà Nội",49 m²,3 phòng,N/A,3,Giấy tờ hợp lệ,13-11-2025
"Bán nhà Trần Khát Chân, ô tô dừng đỗ ngày đêm,ngõ thông,nhà đẹp ở ngay","15,5 tỷ","Phường Thanh Nhàn, Quận Hai Bà Trưng, Hà Nội",61 m²,4 phòng,N/A,4,Giấy tờ hợp lệ,13-11-2025
"Bán nhà măt phố HOÀ MÃ, HBT, dt: 120 mx 10 tg, giá :105 tỷ",105 tỷ,"Đường Hòa Mã, Phường Nguyễn Du, Quận Hai Bà Trưng, Hà Nội",120 m² (4.0x30.0),8 phòng,10 WC,9,Sổ đỏ,12-11-2025
Phố Hiếm Nhà Bán-Khu VIP Q.Hai Bà Trưng-Giáp VinCom Bà Triệu-Công Viên,"14,8 tỷ","Đường Thể Giao, Phường Lê Đại Hành, Quận Hai Bà Trưng, Hà Nội",45 m² (4.1x11.0),3 phòng,3 WC,4,Sổ đỏ,12-11-2025
"(Chính chủ) tôi cần bán nhà Mp, Lê Văn Hưu, Q HBT, Dt 120 m, 10 tầng.",110 tỷ,"Phường Ngô Thì Nhậm, Quận Hai Bà Trưng, Hà Nội",120 m²,N/A,N/A,10,Sổ đỏ,12-11-2025
Chỉ 6Tỷ25-Nhà Riêng 24m2-Xây Mới 5Tầng-Full Nội Thất-Cạnh KĐT TimeCity,"6,25 tỷ","Đường Tam Trinh, Phường Vĩnh Tuy, Quận Hai Bà Trưng, Hà Nội",24 m² (3.0x8.0),3 phòng,4 WC,5,Sổ hồng,11-11-2025
HÀNG XÓM TIMECITY – NGÕ Ô TÔ  – LÔ GÓC THOÁNG SÁNG,"7,35 tỷ","Phường Vĩnh Tuy, Quận Hai Bà Trưng, Hà Nội",21 m² (3.6x10.0),2 phòng,4 WC,N/A,Sổ đỏ,03-11-2025
"Cc bán nhà mới Đầm Trấu 35m, 5 tầng, ful đồ 7.5 tỷ","7,5 tỷ","Đường Đầm Trấu, Phường Bạch Đằng, Quận Hai Bà Trưng, Hà Nội",35 m²,3 phòng,N/A,5,Sổ đỏ,19-11-2025
𝐁𝐀́𝐍 𝐍𝐇𝐀̀ 𝐋𝐎̀ Đ𝐔́𝐂 - 𝐂𝐀́𝐂𝐇 𝐇Ồ 𝐆ƯƠ𝐌 𝐍𝐇𝐈̉𝐍𝐇 𝟐𝐊𝐌,"12,99 tỷ","32 ngõ 180, Đường Lò Đúc, Phường Đống Mác, Quận Hai Bà Trưng, Hà Nội",41.4 m²,N/A,N/A,N/A,Sổ đỏ,16-11-2025
NHÀ TRUNG TÂM HAI BÀ TRƯNG 4 TẦNG 3 NGỦ 3 VỆ SINH,"5,93 tỷ","Phường Bạch Mai, Quận Hai Bà Trưng, Hà Nội",22 m² (3.2x6.8),3 phòng,3 WC,4,Giấy tờ hợp lệ,12-11-2025
Phân Lô Oto Kim Ngưu Hai Bà Trưng. Diện Tích 42m Mặt 4m,"14,8 tỷ","Đường Kim Ngưu, Phường Thanh Lương, Quận Hai Bà Trưng, Hà Nội",42 m²,1,N/A,5,Sổ đỏ,16-11-2025
"Bán nhà Kim Ngưu, ô tô tránh, ngõ thông, nhà 59m² nội thất cao cấp","14,9 tỷ","Phường Thanh Nhàn, Quận Hai Bà Trưng, Hà Nội",59 m²,4 phòng,N/A,5,Giấy tờ hợp lệ,12-11-2025
Hiếm! Hơn 12 tỷ Hai Bà Trưng 60m² MT 4.2m 10m ô tô tiện ích ngập tràn,"12,68 tỷ","Phường Đồng Nhân, Quận Hai Bà Trưng, Hà Nội",60 m²,2 phòng,1,2,Giấy tờ hợp lệ,12-11-2025
"4 Tầng trung tâm Hai Bà Trưng – 43m² –, 2 Thoáng – Gần Bách Khoa","9,8 tỷ","Phường Quỳnh Lôi, Quận Hai Bà Trưng, Hà Nội",43 m²,5 phòng,4 WC,4,Giấy tờ hợp lệ,12-11-2025
Nhà đẹp dân xây trương định Bạch Mai,"5,65 tỷ","Phường Trương Định, Quận Hai Bà Trưng, Hà Nội",25 m² (3.2x8.0),3 phòng,4 WC,5,Giấy tờ hợp lệ,11-11-2025
💥💥 HIẾM!! NHỈNH 1 TỶ NHÀ 4 TẦNG ĐẦY ĐỦ CÔNG NĂNG_ TT QUẬN HAI BÀ,"1,9 tỷ","Phường Vĩnh Tuy, Quận Hai Bà Trưng, Hà Nội",14 m²,2 phòng,3 WC,4,Giấy tờ khác,12-11-2025
Bán nhà số 66 Ngõ 121 Kim Ngưu mặt Ngõ to vừa ở và kinh doanh đa ngành,"10,3 tỷ","66/121 Kim ngưu, Đường Phố Kim Ngưu, Phường Thanh Lương, Quận Hai Bà Trưng, Hà Nội",54 m² (3.8x14.7),7 phòng,3 WC,4,Sổ đỏ,11-11-2025
"Bán nhà Ngõ Quỳnh DT 125m2, 2T, Mt 6.7m, kinh doanh dòng tiền.","22,2 tỷ","Đường Quỳnh Lôi, Phường Quỳnh Lôi, Quận Hai Bà Trưng, Hà Nội",125 m² (6.7x18.6),5 phòng,3 WC,2,Sổ hồng,11-11-2025
"Trung tâm ngõ thoáng, nhà ngõ 118 Trương Định, cấp 4 DT 34m2 10,2 tỷ","10,2 tỷ","Phường Trương Định, Quận Hai Bà Trưng, Hà Nội",34 m² (3.2x11.0),N/A,N/A,N/A,Sổ đỏ,15-11-2025
"Nhà đẹp ở khu vực Vĩnh Tuy - Hai Bà Trưng, nhà 5 tầng xây mới, an sinh","7,2 tỷ","Phường Minh Khai, Quận Hai Bà Trưng, Hà Nội",30 m²,1,N/A,5,Sổ đỏ,15-11-2025
"Bán gấp nhà ngõ 105 phố Bạch Mai, cách phố 50m, diện tích 48m2, 4,5T","11,19 tỷ","07, Đường Bạch Mai, Phường Bạch Mai, Quận Hai Bà Trưng, Hà Nội",48 m²,4 phòng,4 WC,5,Sổ đỏ,15-11-2025
🏡 Dương Văn Bé – Hai Bà Trưng PHÂN LÔ – Ô TÔ – 43m² – 11 TỶ  ✨,Thỏa thuận,"Đường Dương Văn Bé, Phường Vĩnh Tuy, Quận Hai Bà Trưng, Hà Nội",43 m²,1,N/A,5,Sổ đỏ,15-11-2025
"Bán Nhà 5 tầng Lo góc Minh Khai 3 thoáng 72m2 ,9mt oto gần phố 18 tỷ.",18 tỷ,"Phường Minh Khai, Quận Hai Bà Trưng, Hà Nội",75 m²,5 phòng,6 WC,N/A,Sổ đỏ,14-11-2025
TT HAI BÀ TRƯNG _ THÔNG CÁC PHỐ_ 5 tầng _ 6 phòng ngủ,"8,8 tỷ","Phường Quỳnh Lôi, Quận Hai Bà Trưng, Hà Nội",42 m²,6 phòng,4 WC,5,Giấy tờ hợp lệ,11-11-2025
ĐÊ TRẦN KHÁT CHÂN 61M2 – Ô TÔ TRÁNH – MẶT NGÕ KINH DOANH – 15.6 TỶ,"15,6 tỷ","Phường Thanh Nhàn, Quận Hai Bà Trưng, Hà Nội",61 m²,4 phòng,4 WC,4,Giấy tờ hợp lệ,11-11-2025
"Chỉ 5,3tỷ có nhà phố Lê Ngọc Hân Hai Bà Trưng cách phố 15m","5,3 tỷ","Phường Phạm Đình Hổ, Quận Hai Bà Trưng, Hà Nội",22 m²,2 phòng,2 WC,4,Giấy tờ hợp lệ,11-11-2025
"Bán gấp giảm 2 tỷ, nhà dòng tiền Trương Định 17P 90m2 7 tầng 13.5 tỷ","13,5 tỷ","Phường Trương Định, Quận Hai Bà Trưng, Hà Nội",90 m² (6.0x15.0),11 phòng,7 WC,7,Giấy tờ hợp lệ,11-11-2025
#TRUNG TÂM HAI BÀ TRƯNG - #GIÁP ĐH BÁCH KINH XÂY  - #THOÁNG TRƯỚC SAU,"9,85 tỷ","Phường Trương Định, Quận Hai Bà Trưng, Hà Nội",61 m²,6 phòng,6 WC,4,Giấy tờ hợp lệ,11-11-2025
Mặt Phố Lãng Yên-Giáp Trần khát Chân-DT52m2 x 4Tầng x MT4m-Hơn 19Tỷ,"19,8 tỷ","Đường Lãng Yên, Phường Thanh Lương, Quận Hai Bà Trưng, Hà Nội",52 m² (4.0x13.0),4 phòng,3 WC,4,Sổ hồng,10-11-2025
Bán Nhà Phố Chùa Quỳnh-ÔTÔ Đỗ Cửa-2Mặt Ngõ Thông-50m2/4Tầng-Hơn 13Tỷ,"13,8 tỷ","Đường Phố Chùa Quỳnh, Phường Quỳnh Lôi, Quận Hai Bà Trưng, Hà Nội",50 m² (3.5x14.0),3 phòng,3 WC,4,Sổ hồng,10-11-2025
"Bán Nhà Kinh Doanh, Ô TÔ, Yên Lạc, 51m, 7 tầng, mt 4.8m, giá 28 tỷ",28 tỷ,"Đường Yên Lạc, Phường Vĩnh Tuy, Quận Hai Bà Trưng, Hà Nội",51 m² (4.8x10.6),7 phòng,4 WC,7,Sổ đỏ,10-11-2025
"Bán nhà quận Hai Bà Trưng, 30m ra mặt phố, sân để xe riêng, 35m,5 tầng","7,5 tỷ","Đường Phố Vân Đồn, Phường Bạch Đằng, Quận Hai Bà Trưng, Hà Nội",35 m² (3.9x8.5),3 phòng,3 WC,5,Sổ đỏ,10-11-2025
"Bán Nhà Ô TÔ, Kim Ngưu, Hai Bà Trưng 80m, 5 tầng, mt 5.3m, giá 18 tỷ.",18 tỷ,"Đường Kim Ngưu, Phường Vĩnh Tuy, Quận Hai Bà Trưng, Hà Nội",80 m² (5.3x15.0),3 phòng,4 WC,5,Sổ đỏ,10-11-2025
"NHÀ ĐẸP NGÕ QUỲNH , MT 4,2m ,5 TẦNG CÓ THANG MÁY - 13,5 tỷ","13,5 tỷ","224, Đường Ngõ Quỳnh, Phường Thanh Nhàn, Quận Hai Bà Trưng, Hà Nội",200 m² (4.2x9.8),5 phòng,5 WC,5,Sổ đỏ,17-11-2025
"Bán gấp nhà lô góc mặt phố Kim Ngưu, diện tích 30m2, 5 tầng","12,5 tỷ","Đường Kim Ngưu, Phường Quỳnh Mai, Quận Hai Bà Trưng, Hà Nội",30 m²,4 phòng,4 WC,5,Sổ đỏ,14-11-2025
"Nhà 5 tầng phố Bạch Mai, đầu ngã 5 Phố Huế - Đại Cồ Việt","7,75 tỷ","Đường Bạch Mai, Phường Bạch Mai, Quận Hai Bà Trưng, Hà Nội",32 m²,6 phòng,5 WC,5,Sổ đỏ,14-11-2025
"Bán gấp nhà ngõ phố Bạch Mai, cách phố 50m, diện tích 47m2, 4,5 tầng","11,2 tỷ","Đường Bạch Mai, Phường Bạch Mai, Quận Hai Bà Trưng, Hà Nội",47 m²,5 phòng,4 WC,4,Sổ đỏ,14-11-2025
"Bán gấp nhà 4 tầng phố Trần Khát Chân, cách phố 50m","6,3 tỷ","Đường Trần Khát Chân, Phường Thanh Nhàn, Quận Hai Bà Trưng, Hà Nội",32 m²,3 phòng,3 WC,4,Sổ đỏ,14-11-2025
"Bán gấp nhà cấp 4 ngõ phố Kim Ngưu, cách mặt phố 70m","12,5 tỷ","Đường Kim Ngưu, Phường Thanh Nhàn, Quận Hai Bà Trưng, Hà Nội",67 m²,N/A,N/A,N/A,Sổ đỏ,14-11-2025
"Bán gấp nhà 4,5 tầng ngõ phố Bạch Mai, cạnh Vincom Bà Triệu - Phố Huế","15,95 tỷ","Đường Bạch Mai, Phường Bạch Mai, Quận Hai Bà Trưng, Hà Nội",60 m²,4 phòng,4 WC,4,Sổ đỏ,14-11-2025
Bán gấp nhà 2 tầng cũ lô góc tại ngõ phố Dương Văn Bé,"10,9 tỷ","Đường Dương Văn Bé, Phường Vĩnh Tuy, Quận Hai Bà Trưng, Hà Nội",65 m²,4 phòng,4 WC,2,Sổ đỏ,14-11-2025
"Nhà đẹp long lanh ngõ Hoà Bình 7, giá 9.9 tỷ, 42m2x5T, ở luôn","9,9 tỷ","Đường Hòa Bình 7, Phường Minh Khai, Quận Hai Bà Trưng, Hà Nội",42 m²,2,4,4,Sổ đỏ,09-11-2025
"9,25 tỷ-38M2 - 5 TẦNG THANG MÁY - NHÀ MỚI GẦN PHỐ -ĐẠI LA-PHỐ VỌNG","9,25 tỷ","Đường Đại La, Phường Đồng Tâm, Quận Hai Bà Trưng, Hà Nội",38 m²,3 phòng,4 WC,5,Sổ đỏ,16-11-2025
"Bán tòa nhà văn phòng phố Lạc Trung, P/Lô, vỉa hè ô tô tránh, 78m2, 8t","29,8 tỷ","Đường Lạc Trung, Phường Vĩnh Tuy, Quận Hai Bà Trưng, Hà Nội",70 m² (5.4x14.4),7 phòng,7 WC,8,Sổ hồng,09-11-2025
"BÁN NHÀ MP TUỆ TĨNH 200M RA CV THỐNG NHẤT, 100M2×3T, MT 5M, 95 TỶ",95 tỷ,"Đường Tuệ Tĩnh, Phường Nguyễn Du, Quận Hai Bà Trưng, Hà Nội",100 m² (5.0x20.0),4 phòng,4 WC,3,Sổ đỏ,13-11-2025
BÁN NHÀ VÂN HỒ – VIEW CÔNG VIÊN THỐNG NHẤT – LÔ GÓC 3 THOÁNG,"42,5 tỷ","Đường Vân Hồ 3, Phường Lê Đại Hành, Quận Hai Bà Trưng, Hà Nội",68 m²,4,N/A,4,Sổ đỏ,13-11-2025
BÁN NHÀ NGÕ THÔNG MINH KHAI – NHÀ MỚI KOONG – NGÕ BA GÁC TRÁNH XE MÁY,"7,5 tỷ","Phường Minh Khai, Quận Hai Bà Trưng, Hà Nội",39 m²,4 phòng,3 WC,2,Giấy tờ hợp lệ,09-11-2025
"""GÀ ĐẺ TRỨNG VÀNG""  TRUNG TÂM #HAI_BÀ_TRƯNG – GIÁ CỰC MỀM CHỈ 11.5 TỶ","11,8 tỷ","Phường Bạch Mai, Quận Hai Bà Trưng, Hà Nội",45 m²,11 phòng,7 WC,6,Giấy tờ hợp lệ,09-11-2025
"NHÀ ĐẸP PHỐ THỌ LÃO - ÔTÔ ĐỖ CÁCH 10M, 100M RA TRUNG TÂM HAI BÀ TRƯNG","12,68 tỷ","Phường Đồng Nhân, Quận Hai Bà Trưng, Hà Nội",61 m²,3 phòng,2 WC,2,Giấy tờ hợp lệ,09-11-2025
"VÕ THỊ SÁU - 56m2, 6 tầng thang máy, nhà mới, thiết kế hiện đại","17,9 tỷ","Phường Thanh Nhàn, Quận Hai Bà Trưng, Hà Nội",56 m²,3 phòng,N/A,6,Giấy tờ hợp lệ,09-11-2025
CẦN bán nhà MINH KHAI - DƯƠNG VĂN BÉ 29m2 4T 10m ra phố SĐCC,"6,28 tỷ","Phường Vĩnh Tuy, Quận Hai Bà Trưng, Hà Nội",29 m² (4.5x7.0),3 phòng,3 WC,4,Giấy tờ hợp lệ,09-11-2025
BÁN NHÀ MINH KHAI – DƯƠNG VĂN BÉ – HAI BÀ TRƯNG 30.5m² – 5 TẦNG,"7,59 tỷ","Phường Minh Khai, Quận Hai Bà Trưng, Hà Nội",33.5 m² (4.2x8.0),3 phòng,4 WC,5,Giấy tờ hợp lệ,09-11-2025
💥 Nhà đẹp phố Hồng Mai – 32m² × 5 tầng – ô tô đỗ cửa – full nội thất 💥,"8,86 tỷ","Phường Quỳnh Lôi, Quận Hai Bà Trưng, Hà Nội",32 m²,3 phòng,N/A,5,Giấy tờ hợp lệ,08-11-2025
"Bán nhà phố Bạch Mai ngõ nông thoáng sáng, Dt 32m2, 5t, đẹp ở ngay.","7,2 tỷ","Đường Pho Bạch Mai, Phường Bách Khoa, Quận Hai Bà Trưng, Hà Nội",32 m²,3 phòng,4 WC,5,Sổ hồng,08-11-2025
"Bán nhà mặt phố Võ Thị Sáu, dt 70m2, mt 18m, giá 21 tỷ.",21 tỷ,"Đường Võ Thị Sáu, Phường Thanh Nhàn, Quận Hai Bà Trưng, Hà Nội",70 m² (18.0x3.9),3 phòng,3 WC,1,Sổ hồng,08-11-2025
"Chủ nhà bán nhà số 12A Khu đô thị Đầm Trấu, vỉa hè, phân lô ô tô tránh","22,9 tỷ","A12, Đường Đầm Trấu, Phường Bạch Đằng, Quận Hai Bà Trưng, Hà Nội",50 m²,N/A,N/A,5,Sổ đỏ,23-10-2025
Chủ nhà bán nhà số A 980 mặt phố Bạch mai,69 tỷ,"A980, Đường Bạch Mai, Phường Bạch Mai, Quận Hai Bà Trưng, Hà Nội",110 m²,N/A,N/A,7,Sổ đỏ,23-10-2025
12.78 TỶ-39M2-Ô TÔ ĐỖ-THANG MÁY-DƯƠNG VĂN BÉ-HBT-GẦN PHỐ,"12,78 tỷ","Đường Dương Văn Bé, Phường Vĩnh Tuy, Quận Hai Bà Trưng, Hà Nội",39 m²,3 phòng,4 WC,5,Sổ đỏ,15-11-2025
Chính chủ bán nhà minh khai diện tích 18m sổ riêng,"3,750 tỷ","Phường Minh Khai, Quận Hai Bà Trưng, Hà Nội",18 m²,2,2,3,Sổ hồng,12-11-2025
"Chính chủ bán nhà ngõ 559 Kim Ngưu, HBT, 5 tầng, 3 ngủ, chỉ 5 tỷ!",5 tỷ,"Ngõ 559, Đường Phố Kim Ngưu, Phường Vĩnh Tuy, Quận Hai Bà Trưng, Hà Nội",20 m²,3 phòng,4 WC,5,Sổ đỏ,12-11-2025
"MẶT NGÕ Ô TÔ TRÁNH, MẶT TIỀN ĐẸP - KINH DOANH, KHU VỰC HIẾM NHÀ BÁN.","20,5 tỷ","Đường Quỳnh Lôi, Phường Bạch Mai, Quận Hai Bà Trưng, Hà Nội",50 m²,5 phòng,6 WC,6,Sổ đỏ,12-11-2025
Nhà đẹp Minh khai Hòa Bình 7 - ngõ quỳnh.,"8,6 tỷ","Phường Minh Khai, Quận Hai Bà Trưng, Hà Nội",35 m² (5.0x7.0),4 phòng,4 WC,5,Giấy tờ hợp lệ,08-11-2025
"Nhà 4 tầng, 44m2 gần Dương Văn Bé, ô tô đỗ cổng",5 tỷ,"Phường Vĩnh Tuy, Quận Hai Bà Trưng, Hà Nội",44 m²,3 phòng,3 WC,4,Giấy tờ hợp lệ,08-11-2025
CHÍNH CHỦ BÁN NHÀ KHÔNG QUA TRUNG GIAN,"6,2 tỷ","Phường Vĩnh Tuy, Quận Hai Bà Trưng, Hà Nội",24 m² (3.0x8.0),3 phòng,4 WC,5,Giấy tờ hợp lệ,08-11-2025
Chính chủ bán nhà tại đê Trần Khát Chân ngõ cách ô tô 30m,"7,25 tỷ","Phường Thanh Lương, Quận Hai Bà Trưng, Hà Nội",38 m²,4 phòng,4 WC,4,Giấy tờ hợp lệ,08-11-2025
"NHÀ ĐẸP PHỐ THỌ LÃO - ÔTÔ ĐỖ CÁCH 10M, 100M RA TRUNG TÂM HAI BÀ TRƯNG.","12,68 tỷ","130, Đường Dốc Thọ Lão, Phường Đồng Nhân, Quận Hai Bà Trưng, Hà Nội",41 m²,3 phòng,2 WC,2,Sổ hồng,07-11-2025
NHÀ ĐƯỜNG MINH KHAI-CẠNH CHỢ MƠ-NGÕ ÔTÔ-GẦN PHỐ-60m2 x 4TẦNG-CHỈ 9TỶ3,"9,3 tỷ","Đường Minh Khai, Phường Minh Khai, Quận Hai Bà Trưng, Hà Nội",60 m² (15.0x4.0),6 phòng,6 WC,4,Sổ hồng,07-11-2025
"Nhà Mới Thang Máy, 20m Ra Phố - Ngõ Thông, Nguồn Kín Giá Tốt","13,47 tỷ","Đường Minh Khai, Phường Vĩnh Tuy, Quận Hai Bà Trưng, Hà Nội",40 m²,3 phòng,5 WC,6,Sổ đỏ,18-11-2025
"Bán nhà mặt phố Thọ Lão, Lò Đúc, quận Hai Bà Trưng Hà Nội",12 tỷ,"Đường Thọ Lão, Phường Đồng Nhân, Quận Hai Bà Trưng, Hà Nội",38 m²,N/A,N/A,3,Sổ đỏ,14-11-2025
"Nhà phố TRẦN KHÁT CHÂN.. sát cạnh phố Huế, chợ trời..38m2, 5 tầng...","8,9 tỷ","Phường Bạch Mai, Quận Hai Bà Trưng, Hà Nội",31 m² (3.3x10.3),4 phòng,3 WC,5,Sổ đỏ,11-11-2025
6.35 TỶ-25M2- 5 TẦNG NGÕ NÔNG-BẠCH MAI-CHÙA LIÊN PHÁI-PHỐ HUỂ,"6,35 tỷ","Phường Bạch Mai, Quận Hai Bà Trưng, Hà Nội",25 m²,3 phòng,4 WC,5,Giấy tờ hợp lệ,07-11-2025
Mặt phố siêu VIP thi sách Hai Bà Trưng,"117,5 tỷ","Phường Phạm Đình Hổ, Quận Hai Bà Trưng, Hà Nội",110 m²,11 phòng,7 WC,10,Giấy tờ hợp lệ,07-11-2025
"8,2 TỶ-5 TẦNG MỚI-THANG MÁY-THANH NHÀN-HBT","8,2 tỷ","Phường Thanh Nhàn, Quận Hai Bà Trưng, Hà Nội",30 m²,3 phòng,4 WC,5,Giấy tờ hợp lệ,07-11-2025
"PHÂN LÔ Ô TÔ TRÁNH - Ô TÔ ĐỖ CỬA VỪA Ở VỪA KINH DOANH - CHỈ 17,7 TỶ","17,7 tỷ","Phường Vĩnh Tuy, Quận Hai Bà Trưng, Hà Nội",60 m²,6 phòng,1,5,Giấy tờ hợp lệ,07-11-2025
"Nhà Đẹp Ô Tô Đỗ Cửa, Phố 8- 3 , Hai Bà Trưng 50/80m, giá 5.85 tỷ","5,85 tỷ","Đường Phố 8/3, Phường Quỳnh Mai, Quận Hai Bà Trưng, Hà Nội",80 m² (5.0x16.0),2 phòng,2 WC,1,Sổ đỏ,06-11-2025
Rất Hiếm-Hơn 5Tỷ-Nhà 3Tầng-21m2-Mặt Ngõ ÔTÔ-Thẳng 30m Ra Phố Bạch Mai,"5,99 tỷ","Đường Bạch Mai, Phường Cầu Dền, Quận Hai Bà Trưng, Hà Nội",21 m² (3.0x7.0),2 phòng,3 WC,3,Sổ đỏ,06-11-2025
"Nhà Đẹp Ô TÔ Vào Nhà, Lạc Trung, 70/78m, 8 tầng, mt 5,4m, giá 29.8 tỷ","29,8 tỷ","Đường Lạc Trung, Phường Vĩnh Tuy, Quận Hai Bà Trưng, Hà Nội",70 m² (5.4x13.0),10 phòng,10 WC,8,Sổ đỏ,06-11-2025
"Bán nhà Thanh Nhàn, lô góc thang máy, 30m, 5T, 8.25 tỷ","8,25 tỷ","Đường Thanh Nhàn, Phường Quỳnh Mai, Quận Hai Bà Trưng, Hà Nội",30 m²,3 phòng,N/A,N/A,Sổ đỏ,13-11-2025
"8,2 TỶ-5 TẦNG MỚI-THANG MÁY-THANH NHÀN-HAI BÀ TRƯNG","8,2 tỷ","Đường Thanh nhàn, Phường Thanh Nhàn, Quận Hai Bà Trưng, Hà Nội",30 m²,3 phòng,4 WC,5,Sổ đỏ,13-11-2025
"TRUNG TÂM HAI BÀ TRƯNG - SÁT MẶT PHỐ, GẦN Ô TÔ - NGÕ THÔNG RỘNG - GẦN",Thỏa thuận,"Phường Thanh Nhàn, Quận Hai Bà Trưng, Hà Nội",27 m²,4 phòng,3 WC,4,Sổ đỏ,10-11-2025
"EM HỌ MẶT PHỐ MINH KHAI - 1 BƯỚC RA PHỐ - DÂN XÂY - 60m CHỈ 16,3 TỶ","16,3 tỷ","Phường Vĩnh Tuy, Quận Hai Bà Trưng, Hà Nội",60 m²,3 phòng,N/A,5,Giấy tờ hợp lệ,06-11-2025
SỔ RIÊNG . 18 m x 4 TẦNG  . 3 TỶ 55 . LƯƠNG YÊN . hai bà,"3,55 tỷ","Phường Thanh Lương, Quận Hai Bà Trưng, Hà Nội",18 m² (4.0x5.0),2 phòng,2 WC,4,Giấy tờ hợp lệ,06-11-2025
HỒNG MAI - Ô TÔ ĐỖ CỬA - DÂN XÂY - MẶT TIỀN BỀ THẾ - CHỈ 16 TỶ,16 tỷ,"Phường Bạch Mai, Quận Hai Bà Trưng, Hà Nội",60 m²,4 phòng,N/A,4,Giấy tờ hợp lệ,06-11-2025
"BÁN NHÀ KIM NGƯU - DÂN XÂY - NGÕ THÔNG - Ô TÔ ĐỖ GẦN - CHỈ 10,4 TỶ","10,4 tỷ","Phường Vĩnh Tuy, Quận Hai Bà Trưng, Hà Nội",39 m²,4 phòng,1,4,Giấy tờ hợp lệ,06-11-2025
NHÀ ĐẸP NGÕ QUỲNH - Ô TÔ ĐỖ CỬA - NỘI THẤT HIỆN ĐẠI -  CHỦ TỰ THIẾT KẾ,"8,68 tỷ","Phường Bạch Mai, Quận Hai Bà Trưng, Hà Nội",35 m² (5.0x7.0),3 phòng,4 WC,5,Giấy tờ hợp lệ,06-11-2025
Bán Nhà Phố Vân Đồn-Hai Bà Trưng-Giáp Hoàn Kiếm-34m Xây Mới 5Tầng-7Tỷ5,"7,5 tỷ","Đường Phố Vân Đồn, Phường Bạch Đằng, Quận Hai Bà Trưng, Hà Nội",34 m² (4.0x8.0),3 phòng,4 WC,5,Sổ hồng,05-11-2025
Nhà chính chủ Kim Ngưu - ngõ thông - ở ngay - chỉ 5 tỷ,5 tỷ,"Đường Phố Kim Ngưu, Phường Vĩnh Tuy, Quận Hai Bà Trưng, Hà Nội",20 m²,3 phòng,4 WC,5,Sổ đỏ,05-11-2025
BÁN NHÀ PHỐ BẠCH MAI - Q.HAI BÀ TRƯNG - HÀ NỘI DT45M,"13,3 tỷ","19, Đường Bạch Mai, Phường Bách Khoa, Quận Hai Bà Trưng, Hà Nội",45 m²,4 phòng,4 WC,6,Sổ đỏ,16-11-2025
Bán Nhà Phố Minh Khai-2Mặt Ngõ Thông-ÔTÔ Tránh-Phân Lô-60m 5Tầng-17Tỷ9,"17,9 tỷ","Đường Minh Khai, Phường Thanh Lương, Quận Hai Bà Trưng, Hà Nội",60 m² (3.6x17.0),4 phòng,4 WC,5,Sổ hồng,05-11-2025
"Bán khách sạn mặt phố Huế- Hàng Bài 390m2×10T, mt;10m, giá 520 tỷ",520 tỷ,"Đường Phố Huế, Phường Phố Huế, Quận Hai Bà Trưng, Hà Nội",390 m²,N/A,N/A,10,Sổ đỏ,09-11-2025
"Lô góc 3T ngõ Minh Khai ngõ 2,5m cách Mp 60m hai ngoặt tới nhà","7,9 tỷ","Đường Minh Khai, Phường Minh Khai, Quận Hai Bà Trưng, Hà Nội",29.5 m²,3 phòng,3 WC,3,Sổ đỏ,09-11-2025
"Bán nhà phố Kim Ngưu, 80m2, 7 tầng Thang máy MT 4,5 m, 16 phòng, 16 tỷ",16 tỷ,"Đường Kim Ngưu, Phường Thanh Nhàn, Quận Hai Bà Trưng, Hà Nội",80 m² (4.5x19.0),16 phòng,N/A,7,Sổ đỏ,09-11-2025
"NHÀ NGÕ TRẠI CÁ, TRƯƠNG ĐỊNH – 50M2 x 4,5 TẦNG –BA GÁC ĐỖ CỬA 17,8 tỷ","18,8 tỷ","Đường Trương Định, Phường Trương Định, Quận Hai Bà Trưng, Hà Nội",50 m² (3.7x14.0),6 phòng,4 WC,4.5,Sổ đỏ,09-11-2025
🏦#G TRUNG TÂM #HAI #BÀ #TRƯNG- NGÕ THÔNG THOÁNG -4 TẦNG- FULL NỘI THẤT,"3,92 tỷ","Phường Bạch Mai, Quận Hai Bà Trưng, Hà Nội",19 m²,3 phòng,2 WC,4,Giấy tờ hợp lệ,05-11-2025
NGÕ NÔNG THOÁNG - FULL NỘI THẤT - 3PN - ĐẦY ĐỦ CÔNG NĂNG,"3,95 tỷ","Phường Bạch Mai, Quận Hai Bà Trưng, Hà Nội",19 m²,3 phòng,3 WC,N/A,Giấy tờ hợp lệ,05-11-2025
💥 Bán nhà phố Minh Khai – 33m² x 5 tầng – gần Times City – thiết kế đẹ,"7,8 tỷ","Phường Minh Khai, Quận Hai Bà Trưng, Hà Nội",33 m²,3 phòng,4 WC,5,Giấy tờ hợp lệ,05-11-2025
"BÁN NHÀ chỉ 2.6 tỷ 15m x 4 tầng Lương Yên, Hai Bà Trưng","2,6 tỷ","Phường Bạch Đằng, Quận Hai Bà Trưng, Hà Nội",15 m²,2 phòng,3 WC,4,Hợp đồng mua bán,05-11-2025
"Bán nhà số 88 Giếng Mứt, Hai Bà Trưng, DT 48,9m2, nở hậu, ngõ 3m","6,8 tỷ","Phường Trương Định, Quận Hai Bà Trưng, Hà Nội",48.9 m²,N/A,N/A,N/A,Sổ đỏ,03-11-2025
"Bán nhà mới tinh Lương Yên , HBT: 18m2, 4 tầng, full nội thất, 2,6 tỷ","2,6 tỷ","Đường Lương Yên, Phường Bạch Đằng, Quận Hai Bà Trưng, Hà Nội",18 m²,3 phòng,3 WC,4,Giấy tờ hợp lệ,15-11-2025
Bán Nhà Dòng Tiền 180tr/tháng Ở phố Minh Khai Hai quận Bà Trưng Hà Nội,"29,89 tỷ","Đường Minh Khai, Phường Vĩnh Tuy, Quận Hai Bà Trưng, Hà Nội",90 m² (6.2x15.0),28 phòng,29 WC,7,Sổ đỏ,11-11-2025
"Bán Nhà Trần Khát Chân Hai Bà Trưng 35m 5 tầng sổ Riêng Nhà Mới 7,05Tỷ","7,19 tỷ","Đường Đê Trần Khát Chân, Phường Thanh Lương, Quận Hai Bà Trưng, Hà Nội",35 m² (5.0x7.0),3 phòng,4 WC,5,Sổ đỏ,11-11-2025
"Bán nhà mặt phố thiền Quang, Hk, dt 25 m x 2 tg, giá 7 ty",7 tỷ,"K, Đường Thiền Quang, Phường Nguyễn Du, Quận Hai Bà Trưng, Hà Nội",25 m²,3 phòng,2 WC,N/A,Sổ đỏ,08-11-2025
BÁN NHÀ NHỎ  . NGÕ TO . NGÃ TƯ TÔ HIẾN THÀNH,Thỏa thuận,"15c, 15c, Phường Lê Đại Hành, Quận Hai Bà Trưng, Hà Nội",22 m² (3.6x6.3),3 phòng,3 WC,4,Sổ đỏ,08-11-2025
"Bán nhà phố Lò Đúc, 25m2, 4 tầng, 3 phòng ngủ riêng biệt, gần mặt phố","3,2 tỷ","Đường Lò Đúc, Phường Đồng Nhân, Quận Hai Bà Trưng, Hà Nội",25 m² (3.0x8.0),3 phòng,4,4,Sổ đỏ,08-11-2025
"NHÀ 5 TẦNG XÂY MỚI CHÍNH CHỦ Nguyễn Văn Viên, Vĩnh Tuy, Hai Bà Trưng",Thỏa thuận,"Phường Vĩnh Tuy, Quận Hai Bà Trưng, Hà Nội",31 m²,3,N/A,5,Sổ đỏ,08-11-2025
"Siêu Hot! Chính chủ bán nhà Trương Định, 20m ra phố, 18m2, 5T, 4,85 tỷ","4,85 tỷ","Phường Trương Định, Quận Hai Bà Trưng, Hà Nội",18 m² (3.5x6.0),3 phòng,4 WC,5,Giấy tờ hợp lệ,04-11-2025
"Bán nhà phố Minh Khai, Hai Bà Trưng 72m, 5 tầng, mt 5.5m. Giá: 21.8 tỷ","21,8 tỷ","Đường Minh Khai, Phường Thanh Lương, Quận Hai Bà Trưng, Hà Nội",72 m²,6 phòng,4 WC,5,Sổ đỏ,03-11-2025
"Bán nhà phố Minh Khai, Hai Bà Trưng 96m, 7 tầng. Giá: 28.5 tỷ","28,5 tỷ","Phường Vĩnh Tuy, Quận Hai Bà Trưng, Hà Nội",96 m²,26 phòng,26 WC,7,Sổ đỏ,03-11-2025
Bán nhà ngõ 392 Phố Bạch Mai. DT 33m x 5T. Nhà đẹp gần Ô tô,"7,86 tỷ","Đường Bạch Mai, Phường Bạch Mai, Quận Hai Bà Trưng, Hà Nội",33 m²,4 phòng,4 WC,N/A,Sổ đỏ,10-11-2025
BÁN NHÀ HAI BÀ TRƯNG – 6 TẦNG THANG MÁY – NGÕ Ô TÔ – 13.5 TỶ,"13,5 tỷ","Đường Phố Kim Ngưu, Phường Thanh Lương, Quận Hai Bà Trưng, Hà Nội",41 m²,N/A,1,6,Sổ đỏ,07-11-2025
BÁN NHÀ PHỐ MINH KHAI – 30m Ô TÔ TRÁNH – NHÀ MỚI 5 TẦNG – 48M²,"8,5 tỷ","Đường Minh Khai, Phường Minh Khai, Quận Hai Bà Trưng, Hà Nội",48 m²,4 phòng,4 WC,5,Sổ đỏ,07-11-2025
🏙 #G TRUNG TÂM #HAI #BÀ #TRƯNG - SỔ NỞ HẬU - CỰC HIẾM -0M2 -CHỈ 3.92Tỷ,"3,92 tỷ","Phường Bạch Mai, Quận Hai Bà Trưng, Hà Nội",20 m²,2 phòng,3 WC,5,Giấy tờ hợp lệ,03-11-2025
CHÍNH CHỦ BÁN NHÀ PHỐ MINH KHAI.DIỆN TÍCH 55M2 XÂY 4 TẦNG Ở LUÔN,"10,3 tỷ","Phường Minh Khai, Quận Hai Bà Trưng, Hà Nội",55 m² (4.0x13.8),4 phòng,3 WC,4,Giấy tờ hợp lệ,03-11-2025
"Bán Nhà Ngõ Quỳnh 25M x 5T Chỉ 5,4 Tỷ.Lô góc, 20m ra phố,full nội thất","5,4 tỷ","Phường Thanh Nhàn, Quận Hai Bà Trưng, Hà Nội",16 m²,3 phòng,3 WC,5,Giấy tờ hợp lệ,03-11-2025
Nhà đẹp Ngõ Gốc Đề – Minh Khai – Hai Bà Trưng – 30m² – giá 6.95 tỷ,"6,95 tỷ","Phường Minh Khai, Quận Hai Bà Trưng, Hà Nội",41 m²,4 phòng,4,5,Giấy tờ hợp lệ,03-11-2025
"Bán Nhà Hồng Mai 23M x 5T Chỉ 4,5 Tỷ.10m ô tô, full nội thất, ở luôn","4,5 tỷ","Phường Bạch Mai, Quận Hai Bà Trưng, Hà Nội",23 m²,3 phòng,3 WC,5,Giấy tờ hợp lệ,03-11-2025
"[Chính chủ] tôi cần bán MP Huế, Q HBT, Dt 150 m x 8 tầng, Mt 5,7 m,",120 tỷ,"Phường Phố Huế, Quận Hai Bà Trưng, Hà Nội",150 m²,N/A,N/A,8,Sổ đỏ,02-11-2025
"NHÀ ĐẸP PHỐ THỌ LÃO - ÔTÔ ĐỖ CÁCH 10M, 100M RA TRUNG TÂM HAI BÀ TRƯNG.","12,68 tỷ","130, Đường Dốc Thọ Lão, Phường Đồng Nhân, Quận Hai Bà Trưng, Hà Nội",41 m² (3.9x10.6),3 phòng,2 WC,2,Sổ đỏ,06-11-2025
Bán nhà mặt ngõ quỳnh quận hai bà trưng hn.,"8,7 tỷ","Phường Quỳnh Lôi, Quận Hai Bà Trưng, Hà Nội",32 m²,4,N/A,5,Sổ đỏ,06-11-2025
Chính chỉ bán nhà tập thể tầng 1 nhà C4 TT Quỳnh Mai,"4,15 tỷ","Nhà c4, Đường Quỳnh Lôi, Phường Quỳnh Mai, Quận Hai Bà Trưng, Hà Nội",68 m² (5.6x12.0),N/A,N/A,1,Sổ đỏ,05-11-2025
"🏠🏠VĨNH TUY-DƯƠNG VĂN BÉ NHÀ MỚI 50m2 * 2 TẦNG *3 NGỦ  2,8 Tỷ","2,8 tỷ","Phường Vĩnh Tuy, Quận Hai Bà Trưng, Hà Nội",50 m²,3 phòng,2 WC,2,Giấy tờ khác,01-11-2025
"Nhà Đẹp Gần Đường Ô TÔ Lạc Trung, Hai Bà Trưng 70m, tầng 1, 4.55 tỷ","4,55 tỷ","Đường Lạc Trung, Phường Vĩnh Tuy, Quận Hai Bà Trưng, Hà Nội",70 m² (5.0x14.0),3 phòng,1 WC,1,Sổ đỏ,31-10-2025
"Nhà Đẹp Ô Tô,  Dốc Thọ Lão 26m, 4  tầng,  mt 4m, 8.2 tỷ","8,2 tỷ","Phường Đồng Nhân, Quận Hai Bà Trưng, Hà Nội",25 m² (4.0x6.3),3 phòng,3 WC,4,Sổ đỏ,31-10-2025
"Bán nhà Hai Bà Trưng, 8 tầng thang máy, 100m2, có hầm, ô tô tránh.",35 tỷ,"Đường Trần Đại Nghĩa, Phường Đồng Tâm, Quận Hai Bà Trưng, Hà Nội",100 m²,N/A,N/A,8,Sổ đỏ,31-10-2025
"Nhà Đẹp Như Khách Sạn 5*, Phố Lạc Trung, Hai Bà Trưng 90m, giá 5.4 tỷ.","5,4 tỷ","Đường Lạc Trung, Phường Vĩnh Tuy, Quận Hai Bà Trưng, Hà Nội",90 m² (5.0x18.0),3 phòng,2 WC,1,Sổ đỏ,31-10-2025
Chính chủ cần bán nhà 33/85 chua lien Bach mai,"6,9 tỷ","33/85 ngo chùa liên , Đường Pho Bạch Mai, Phường Bách Khoa, Quận Hai Bà Trưng, Hà Nội",45 m² (4.0x11.5),2 phòng,2 WC,3,Sổ đỏ,07-11-2025
Nhà hiếm - Quận Hai Bà Trưng – cần bán - Siêu nhiều tiện ích – Cực Gần,3 tỷ,"Phường Bạch Mai, Quận Hai Bà Trưng, Hà Nội",40 m² (4.0x10.0),2 phòng,1 WC,2,Sổ đỏ,04-11-2025
NHÀ ĐẸP MINH KHAI 4T 4 PN- THOÁNG TRƯỚC  - NGÕ TO  - GẦN OTO - T.TÂM H,"9,9 tỷ","Đường Minh Khai, Phường Minh Khai, Quận Hai Bà Trưng, Hà Nội",45 m²,4 phòng,3 WC,4,Sổ đỏ,04-11-2025
"Nhà đẹp ngõ 315 Trần Đại Nghĩa, chợ Đồng Tâm– 55m² x 4,5t – 21,5 tỷ","21,5 tỷ","315 Phố Trần Đại Nghĩa, Phường Trương Định, Quận H, Đường Trần Đại Nghĩa, Phường Trương Định, Quận Hai Bà Trưng, Hà Nội",55 m² (4.0x14.0),6 phòng,4 WC,5,Sổ đỏ,04-11-2025
"Bán nhà phố Bạch Mai, 70m2, 6 tầng, MT 6m, 12 PN, gần mặt phố, 15 tỷ",15 tỷ,"Đường Bạch Mai, Phường Bạch Mai, Quận Hai Bà Trưng, Hà Nội",70 m² (6.0x12.0),12 phòng,N/A,6,Sổ đỏ,04-11-2025
"💥SIÊU HIẾM – PHỐ HUẾ – 1 NHÀ RA PHỐ💥
Nhỉnh 7 tỷ ,nhà 5 tầng","7,45 tỷ","Phường Phố Huế, Quận Hai Bà Trưng, Hà Nội",22 m²,3 phòng,N/A,5,Giấy tờ hợp lệ,31-10-2025
BÁN NHÀ ĐẠI LA HAI BÀ TRƯNG VF3 ĐỖ CỬA KINH DOANH THOÁNG SÁNG 4 TẦNG,"8,4 tỷ","Phường Bạch Mai, Quận Hai Bà Trưng, Hà Nội",21 m² (4.4x5.0),2 phòng,3 WC,4,Giấy tờ hợp lệ,31-10-2025
Đất 165m xây 2 toà CCMN phố Minh Khai ngõ oto tránh cách Mp 30m,"23,5 tỷ","Đường Minh Khai, Phường Bách Khoa, Quận Hai Bà Trưng, Hà Nội",165 m²,4 phòng,4 WC,2,Sổ đỏ,30-10-2025
Nhà 4T P/Lô Võ Thị Sáu sát Hồ gần Mp vỉa hè oto tránh kd sầm uất,19 tỷ,"Đường Võ Thị Sáu, Phường Thanh Nhàn, Quận Hai Bà Trưng, Hà Nội",46 m²,4 phòng,3 WC,5,Sổ đỏ,30-10-2025
"CHÍNH CHỦ BÁN TÒA VP HẠNG SANG MẶT PHỐ BẠCH MAI, HAI BÀ TRƯNG.",150 tỷ,"Phường Cầu Dền, Quận Hai Bà Trưng, Hà Nội",168 m²,N/A,N/A,N/A,Sổ đỏ,10-11-2025
"Bán nhà 20,8 tỷ - 80m2 Thanh Nhàn, ngõ ô tô tránh","20,8 tỷ","Đường Thanh nhàn, Phường Thanh Nhàn, Quận Hai Bà Trưng, Hà Nội",80 m²,4 phòng,3 WC,3,Sổ đỏ,10-11-2025
"Bán nhà Kim Ngưu ngõ ô tô thông, Dt 48m2, 5t, giá 11.7 tỷ, kinh doanh.","11,7 tỷ","Đường Phố Kim Ngưu, Phường Vĩnh Tuy, Quận Hai Bà Trưng, Hà Nội",240 m² (3.7x12.9),8 phòng,8 WC,5,Sổ hồng,29-10-2025
"Bán nhà Nguyễn Đình Chiểu, tường giáp CV Thống Nhất, 100 m2, 2x tỷ.",Thỏa thuận,"Đường Nguyễn Đình Chiểu, Phường Lê Đại Hành, Quận Hai Bà Trưng, Hà Nội",100 m² (5.0x20.0),N/A,N/A,5,Sổ đỏ,03-11-2025
"Bán Gấp! Nhà Hiếm 7.9ty phố Lò Đúc 40m 3T, 4 phòng, ban công mặt phố","7,9 tỷ","Đường Lò Đúc, Phường Phạm Đình Hổ, Quận Hai Bà Trưng, Hà Nội",40 m²,4 phòng,2 WC,N/A,Sổ đỏ,03-11-2025
LÔ GÓC 2 MẶT THOÁNG_ FULL NỘI THẤT_ NGÕ THÔNG_ RA PHỐ MINH KHAI 50M GI,"9,5 tỷ","Đường Hồng mai, Phường Minh Khai, Quận Hai Bà Trưng, Hà Nội",40 m²,4 phòng,3 WC,4,Sổ đỏ,03-11-2025
"Mặt phố quy hoạch ổn định, Vỉa hè rộng Ô tô đỗ thoải mái, Kinh doanh",25 tỷ,"Đường Thanh nhàn, Phường Bạch Mai, Quận Hai Bà Trưng, Hà Nội",42 m² (3.8x11.0),7 phòng,7 WC,7,Sổ đỏ,03-11-2025
"39 tỷ - Mặt phố Lê Ngọc Hân, 77m2, 3 tầng, mặt tiền 5m, kinh doanh",39 tỷ,"Phường Ngô Thì Nhậm, Quận Hai Bà Trưng, Hà Nội",77 m²,4 phòng,N/A,3,Giấy tờ hợp lệ,30-10-2025
"🌟 Bán nhà phố Kim Ngưu 41m² x 6 tầng thang máy ,ô tô tránh cách 40m","13,8 tỷ","Phường Thanh Lương, Quận Hai Bà Trưng, Hà Nội",41 m²,4 phòng,5 WC,6,Giấy tờ hợp lệ,30-10-2025
"Nhà phân lô phố Kim Ngưu,54m² x 5 tầng ,thang máy ,lô góc,ô tô  cửa","15,6 tỷ","Phường Thanh Lương, Quận Hai Bà Trưng, Hà Nội",54 m²,4 phòng,4 WC,5,Giấy tờ hợp lệ,30-10-2025
Nhà phố Trần Khát Chân 37m² x 5 tầng – full nội thất sổ đỏ chính chủ,"8,9 tỷ","Phường Đống Mác, Quận Hai Bà Trưng, Hà Nội",37 m²,3 phòng,4 WC,5,Giấy tờ hợp lệ,30-10-2025
"NHÀ MẶT NGÕ, SÁT PHỐ] MINH KHAI - 55M2 x 5 TẦNG - MT 4M - 10.9 TỶ","10,9 tỷ","Đường Minh Khai, Phường Vĩnh Tuy, Quận Hai Bà Trưng, Hà Nội",55 m² (4.0x13.5),6 phòng,4 WC,5,Sổ đỏ,02-11-2025
"NHÀ PHÂN LÔ PHỐ VÕ THỊ SÁU, Ô TÔ ĐỖ CỬA, Ở VĂN PHÒNG CHUNG CƯ MINI VIP","20,2 tỷ","Đường Võ Thị Sáu, Phường Thanh Nhàn, Quận Hai Bà Trưng, Hà Nội",105 m²,N/A,N/A,3,Sổ đỏ,02-11-2025
"CHÍNH CHỦ bán nhà phố Bạch Mai. Diện tích 39m2, 3,5 tầng, lô góc.","6,9 tỷ","Đường Bạch Mai, Phường Bạch Mai, Quận Hai Bà Trưng, Hà Nội",39 m² (3.8x11.0),4 phòng,3 WC,3.5,Sổ đỏ,02-11-2025
"Bán Nhà Dương Văn Bé 25M x 5T Chỉ 5,98 Tỷ. Lô góc 3 thoáng, 30m ra phố","5,98 tỷ","Phường Vĩnh Tuy, Quận Hai Bà Trưng, Hà Nội",25 m²,3 phòng,3 WC,5,Giấy tờ hợp lệ,29-10-2025
Bán nhà gần trường đại học Kinh tế quốc Dân  hơn 4 tỷ 21m  5 tầng 3 ng,"4,8 tỷ","Phường Bạch Mai, Quận Hai Bà Trưng, Hà Nội",21 m² (3.0x7.0),3 phòng,3 WC,5,Giấy tờ hợp lệ,29-10-2025
🌟 Bán nhà thổ cư phố Nguyễn An Ninh – 23m² x 4 tầng – ô tô đỗ cổng –,"3,76 tỷ","Phường Trương Định, Quận Hai Bà Trưng, Hà Nội",23 m²,2 phòng,3 WC,4,Giấy tờ hợp lệ,29-10-2025
BÁN NHÀ 5 TẦNG THANG MÁY TRẦN KHÁT CHÂN - 41m2 - GIÁ CHỈ 10TY400,"10,4 tỷ","16, Đường Đê Trần Khát Chân, Phường Thanh Nhàn, Quận Hai Bà Trưng, Hà Nội",41 m² (4.0x10.0),5 phòng,5 WC,5,Sổ đỏ,04-11-2025
"Nhà cấp 4 phố Trần Đại Nghĩa  43,5m², giá 14,5 tỷ – gần ô tô, gần chợ","14,5 tỷ","Đường Trần Đại Nghĩa, Phường Trương Định, Quận Hai Bà Trưng, Hà Nội",43 m²,N/A,N/A,N/A,Sổ đỏ,01-11-2025
DƯƠNG VĂN BÉ NHÀ ĐẸP Ở NGAY GIÁ CHẤT,"5,98 tỷ","Phường Vĩnh Tuy, Quận Hai Bà Trưng, Hà Nội",19 m²,3 phòng,4 WC,4,Giấy tờ hợp lệ,28-10-2025
🌟 Bán nhà phố Hồng Mai – 40m² x 4 tầng – nội thất 5★ – sổ đỏ chính chủ,"8,8 tỷ","Phường Quỳnh Mai, Quận Hai Bà Trưng, Hà Nội",40 m²,4 phòng,4 WC,5,Giấy tờ hợp lệ,28-10-2025
"Bán Nhà Kinh Doanh VP Phố Vọng 80m, 7 tầng, mt 5m, giá 40.2 tỷ.","40,2 tỷ","Đường Phố Vọng, Phường Đồng Tâm, Quận Hai Bà Trưng, Hà Nội",80 m² (5.0x16.0),6 phòng,6 WC,7,Sổ đỏ,27-10-2025
🏡 BÁN NHÀ LÒ ĐÚC – GẦN Ô TÔ – 42M² – 2 THOÁNG – CHƯA ĐẾN 12 TỶ!,"11,95 tỷ","Đường Lò Đúc, Phường Đống Mác, Quận Hai Bà Trưng, Hà Nội",42 m²,4 phòng,N/A,N/A,Sổ đỏ,31-10-2025
10 tỷ - 6 tầng - THANG MÁY NHẬP- 15M RA MẶT PHỐ,10 tỷ,"Phường Minh Khai, Quận Hai Bà Trưng, Hà Nội",36 m² (4.0x9.0),4 phòng,5 WC,6,Giấy tờ hợp lệ,27-10-2025
"Nhà Nguyễn An Ninh, diện tích 15/18m2, 4 tầng, 2 ngủ, giá 3,76 tỷ","3,76 tỷ","Phường Trương Định, Quận Hai Bà Trưng, Hà Nội",15 m²,2 phòng,3 WC,4,Giấy tờ hợp lệ,27-10-2025
Nhà đẹp phố Minh khai -Bạch Mai,"4,29 tỷ","Phường Bạch Mai, Quận Hai Bà Trưng, Hà Nội",17 m² (3.0x6.0),3 phòng,4 WC,5,Giấy tờ hợp lệ,27-10-2025
"BÁN NHÀ DƯƠNG VĂN BÉ , NGÕ 3 GÁC ĐỖ CỬA , HÀG XÓM TIME CITY DTSD 48M","8,5 tỷ","Phường Minh Khai, Quận Hai Bà Trưng, Hà Nội",33 m²,3 phòng,4 WC,5,Giấy tờ hợp lệ,27-10-2025
"Minh Khai _ 40m_nhà mới , Lô góc , 4 ngủ ,nội thất đầy đủ","6,5 tỷ","Phường Minh Khai, Quận Hai Bà Trưng, Hà Nội",40 m²,4 phòng,4 WC,N/A,Giấy tờ hợp lệ,27-10-2025
Trực tiếp chủ nhà giao bán không qua trung gian,"16,2 tỷ","115, Đường Phố Kim Ngưu, Phường Thanh Lương, Quận Hai Bà Trưng, Hà Nội",41 m² (3.0x16.0),4 phòng,3 WC,4,Sổ đỏ,26-10-2025
"Bán Nhà Kinh Doanh, Mặt Phố Quỳnh Mai 98m, tầng 1, mt 4.4m, 10.5 tỷ","10,5 tỷ","Đường Quỳnh Mai, Phường Quỳnh Mai, Quận Hai Bà Trưng, Hà Nội",98 m² (4.4x22.3),2 phòng,1 WC,1,Sổ đỏ,26-10-2025
"CHÍNH CHỦ BÁN TOÀ VP HẠNG SANG MẶT PHỐ ĐẠI LA, HBT",160 tỷ,"Đường Đại La, Phường Đồng Tâm, Quận Hai Bà Trưng, Hà Nội",270 m²,N/A,N/A,N/A,Sổ đỏ,06-11-2025
📌TUYỆT PHẨM DƯƠNG VĂN BÉ - NHÀ MỚI KOONG - 6 TẦNG THANG MÁY HIỆN ĐẠI,15 tỷ,"Đường Dương Văn Bé, Phường Vĩnh Tuy, Quận Hai Bà Trưng, Hà Nội",50 m² (4.0x16.0),3 phòng,3 WC,6,Sổ đỏ,30-10-2025
"Nhà 44m² Đê Tô Hoàng 2 mặt thoáng, sổ đôi, ngõ thông Đại Cồ Việt,11 tỷ",11 tỷ,"Đường Đê Tô Hoàng, Phường Bạch Mai, Quận Hai Bà Trưng, Hà Nội",44 m² (6.0x7.3),N/A,N/A,N/A,Sổ đỏ,30-10-2025
PHỐ LẠC TRUNG 2BT - MẶT NGÕ OTO TRÁNH  -6 TẦNG THANG MÁY NHẬP KHẨU XỊN,"16,2 tỷ","Phường Minh Khai, Quận Hai Bà Trưng, Hà Nội",44 m²,3 phòng,5 WC,6,Giấy tờ hợp lệ,26-10-2025
"BÁN NHÀ CẢM HỘI , DTSD 30M . NGÕ 3 GÁC , GẦN CHỢ VS TRƯỜG HỌC","8,5 tỷ","Phường Đống Mác, Quận Hai Bà Trưng, Hà Nội",26 m²,3 phòng,4 WC,5,Giấy tờ hợp lệ,26-10-2025
"BÁN NHÀ BẠCH ĐẰNG , NGÕ NÔNG GẦN CHỢ , DTSD 30M . 4 TẦNG . FUL NỘITHAT","7,25 tỷ","Phường Bạch Đằng, Quận Hai Bà Trưng, Hà Nội",24 m²,2 phòng,3 WC,4,Giấy tờ hợp lệ,26-10-2025
Phố Vọng - TT HAI BÀ TRƯNG _ 5 tầng 8 ngủ NGÕ THÔNG,"13,3 tỷ","Phường Đồng Tâm, Quận Hai Bà Trưng, Hà Nội",45 m²,8 phòng,7 WC,5,Giấy tờ hợp lệ,26-10-2025
"Bán nhà mặt phố dt 200m2 , mt8m , giá 150 tỷ",150 tỷ,"Phường Nguyễn Du, Quận Hai Bà Trưng, Hà Nội",200 m²,N/A,N/A,N/A,Sổ đỏ,30-10-2025
"Bán Nhà TT Hàn Thuyên 30M x 2 Tầng Giá 6 Tỷ. 50m ra phố, Full nội thất",6 tỷ,"Phường Phạm Đình Hổ, Quận Hai Bà Trưng, Hà Nội",30 m²,2 phòng,2 WC,2,Giấy tờ hợp lệ,25-10-2025
💥 NHÀ ĐẸP GẦN PHỐ MINH KHAI – 40M RA Ô TÔ TRÁNH – BA GÁC VÀO TẬN NHÀ,"8,4 tỷ","Phường Minh Khai, Quận Hai Bà Trưng, Hà Nội",42 m²,5 phòng,4 WC,5,Giấy tờ hợp lệ,25-10-2025
Tòa CHDV lô góc Minh Khai – 7 tầng – 11 phòng – dòng tiền 65tr/tháng,"13,5 tỷ","Phường Minh Khai, Quận Hai Bà Trưng, Hà Nội",60 m²,11 phòng,7 WC,7,Giấy tờ hợp lệ,25-10-2025
"Bán nhà Hoa Lư - Hai Bà Trưng, Dt 46m2, 4t, mt 4m, 12.8 tỷ, kinh doanh","12,8 tỷ","Đường Hoa Lư, Phường Lê Đại Hành, Quận Hai Bà Trưng, Hà Nội","736 m² (4,0x11,5)",4 phòng,4 WC,4,Sổ hồng,16-07-2025
"Bán nhà MInh Khai DT 60m2, 5t, Mt 4.1m, giá 12.5 tỷ, kinh doanh dòng t","12,5 tỷ","Đường Ngõ Quỳnh, Phường Quỳnh Lôi, Quận Hai Bà Trưng, Hà Nội",60 m² (4.1x14.6),9 phòng,6 WC,5,Sổ hồng,24-10-2025
Trần Khát Chân-Gần ÔTÔ-Xây Mới-35m x 6Tầng-Thang Máy-Nội Thất Đẹp-9Tỷ3,"9,3 tỷ","Đường Trần Khát Chân, Phường Thanh Lương, Quận Hai Bà Trưng, Hà Nội",35 m² (3.5x10.0),3 phòng,4 WC,6,Sổ hồng,24-10-2025
🏙 MẶT PHỐ ĐẠI LA - KHU VỰC SẦM UẤT - SÁT ĐH BÁCH- Kinh - Xây,"5,5 tỷ","Phường Bạch Mai, Quận Hai Bà Trưng, Hà Nội",15 m²,3 phòng,3 WC,5,Giấy tờ hợp lệ,24-10-2025
"Bán gấp nhà ngõ phố Bạch Mai, ngõ to đẹp, gần TTTM Chợ Mơ","5,5 tỷ","Đường Bạch Mai, Phường Bạch Mai, Quận Hai Bà Trưng, Hà Nội",37 m²,3 phòng,3 WC,4,Sổ đỏ,28-10-2025
"Bán Nhà Tô Hoàng 15M x 4 Tầng Chỉ 2,1 Tỷ. Nhà mới, ở luôn, 30m ra ô tô","2,1 tỷ","Phường Cầu Dền, Quận Hai Bà Trưng, Hà Nội",15 m²,2 phòng,2 WC,4,Hợp đồng mua bán,24-10-2025
"GIÁ 6.2 TỶ! NHÀ TRƯƠNG ĐỊNH - HOÀNG MAI: 45M², 4 TẦNG - 4 PHÒNG NGỦ!","6,2 tỷ","Phường Trương Định, Quận Hai Bà Trưng, Hà Nội",45 m²,4 phòng,N/A,4,Giấy tờ hợp lệ,24-10-2025
"GIẢM CHÀO! SIÊU VIP HAI BÀ TRƯNG, Ô TÔ, SÁT PHỐ, LÔ GÓC, NGÕ THÔNG, KD","5,05 tỷ","Phường Thanh Nhàn, Quận Hai Bà Trưng, Hà Nội",22 m²,3 phòng,N/A,4,Giấy tờ hợp lệ,24-10-2025
"Hiếm! Nhà dân xây 40m Minh Khai, lô góc, 4 tầng, 4 ngủ, giá nhỉnh 7 tỷ",7 tỷ,"Phường Minh Khai, Quận Hai Bà Trưng, Hà Nội",40 m² (3.5x11.0),4 phòng,4 WC,4,Giấy tờ hợp lệ,24-10-2025
"BÁN NHÀ BÙI NGỌC DƯƠNG, HAI BÀ TRƯNG 20/90M GIÁ CHỈ 3.6 TỶ","3,6 tỷ","Phường Bạch Mai, Quận Hai Bà Trưng, Hà Nội",20 m²,2 phòng,2 WC,2,Giấy tờ hợp lệ,24-10-2025
BÁN NHÀ Ở HAI BÀ TRƯNG - 45 TỶ - CHO THUÊ LẠI 80 TRIỆU/THÁNG,45 tỷ,"Phường Lê Đại Hành, Quận Hai Bà Trưng, Hà Nội",70 m²,10 phòng,N/A,7,Giấy tờ hợp lệ,23-10-2025
"🏙 #G TRUNG TÂM #HAI #BÀ #TRƯNG -SỔ NỞ HẬU -CỰC HIẾM- 20M2 -CHỈ 3,92 TỶ","3,92 tỷ","Phường Minh Khai, Quận Hai Bà Trưng, Hà Nội",16 m²,3 phòng,4 WC,N/A,Giấy tờ hợp lệ,23-10-2025
"Bán nhà mặt phố Đông Kim Ngưu, Hà Nội, mặt tiền 3,9m, diện tích 66m2",36 tỷ,"Đường Đông Kim Ngưu, Phường Thanh Lương, Quận Hai Bà Trưng, Hà Nội",66 m²,N/A,N/A,7,Sổ đỏ,08-10-2025
Bán Nhà Hồng Mai-Ngõ ÔTÔ Tránh-Vỉa Hè-Kinh Doanh-52m2 x 5Tầng-16Tỷ500,"16,5 tỷ","Đường Hồng Mai, Phường Bạch Mai, Quận Hai Bà Trưng, Hà Nội",52 m² (3.5x15.0),4 phòng,5 WC,5,Sổ hồng,23-10-2025
"Bán nhanh nhà dòng tiền phố Trần Đại Nghĩa,DT 56m, 9 phòng kk,hơn 9tỷ","9,8 tỷ","Đường Lê Thanh Nghị, Phường Bách Khoa, Quận Hai Bà Trưng, Hà Nội",56 m²,9 phòng,9 WC,6,Sổ đỏ,27-10-2025
💥 CCMN MINH KHAI – ĐỐI DIỆN TIMES CITY – DÒNG TIỀN KHỦNG – 17.8 TỶ 💥,"17,8 tỷ","Đường Minh Khai, Phường Minh Khai, Quận Hai Bà Trưng, Hà Nội",55 m²,15 phòng,N/A,7,Sổ đỏ,27-10-2025
"CHÍNH CHỦ BÁN NHÀ HAI BÀ TRƯNG ĐẸP NỘI THẤT XỊN 4PN,NGÕ THÔNG, 20M OTO","8,8 tỷ","Đường Hồng Mai, Phường Quỳnh Lôi, Quận Hai Bà Trưng, Hà Nội",40 m² (3.8x11.0),4 phòng,3 WC,4,Sổ hồng,27-10-2025
BÁN NHÀ HAI BÀ TRƯNG - PHÂN LÔ CÁN BỘ - 5 TẠ ĐỖ CỬA - SIÊU HIẾM,"10,5 tỷ","Phường Bạch Mai, Quận Hai Bà Trưng, Hà Nội",35 m²,5 phòng,3 WC,4,Giấy tờ hợp lệ,23-10-2025
"Bán Nhà Chùa Liên Phái 25M x 4T Chỉ 5,8 Tỷ.Dân xây, 2 thoáng, 30m ô tô","5,8 tỷ","Phường Cầu Dền, Quận Hai Bà Trưng, Hà Nội",20 m²,3 phòng,2 WC,4,Giấy tờ hợp lệ,23-10-2025
"Bán Nhà Minh Khai 16M x 3T Chỉ 1,85 Tỷ.Ngõ thông, 30m ra ô tô, gần phố","1,85 tỷ","Phường Minh Khai, Quận Hai Bà Trưng, Hà Nội",16 m²,2 phòng,2 WC,3,Sổ hồng,23-10-2025
"CHƯA ĐẾN 2 TỶ, CÓ CĂN NHÀ HỘ KHẨU MINH KHAI","1,83 tỷ","Phường Minh Khai, Quận Hai Bà Trưng, Hà Nội",16 m² (3.1x5.3),2 phòng,1 WC,3,Đang chờ sổ,23-10-2025
Chính chủ bán nhà minh khai quận Hai bà trưng,"3,75 tỷ","Phường Minh Khai, Quận Hai Bà Trưng, Hà Nội",18 m²,N/A,N/A,3,Sổ hồng,27-10-2025
"HIẾM! CHỦ NHÀ CÁN BỘ BÁCH KHOA VỀ HƯU, BÁN GẤP NHÀ TẠ QUANG BỬU, 45M2x","7,5 tỷ","Đường Tạ Quang Bửu, Phường Bạch Mai, Quận Hai Bà Trưng, Hà Nội",45 m² (4.0x9.0),4 phòng,4 WC,5,Sổ đỏ,26-10-2025
"BÁN NHÀ - MINH KHAI -DT 23/35M - MT 3,4 - 3T - 5,25 TỶ","5,25 tỷ","Phường Minh Khai, Quận Hai Bà Trưng, Hà Nội",23 m²,3 phòng,N/A,N/A,Giấy tờ hợp lệ,22-10-2025
Hiếm nhà Dương Văn Bé 44m2 xây mới 6 tầng thang máy view hồ dân sinh,"14,86 tỷ","Phường Vĩnh Tuy, Quận Hai Bà Trưng, Hà Nội",44 m²,4 phòng,3 WC,4,Giấy tờ hợp lệ,22-10-2025
"Bán Nhà Kim Ngưu 20M x 5T, MT: 4,4M Giá 5,2 Tỷ. Full nội thất, Ở ngay.","5,2 tỷ","Phường Vĩnh Tuy, Quận Hai Bà Trưng, Hà Nội",20 m²,3 phòng,3 WC,5,Giấy tờ hợp lệ,22-10-2025
CCMN MINH KHAI RẺ NHẤT CHUẨN PCCC - 43M 5 TẦNG - MẶT TIỀN 5M - 8 TỶ 2,"8,2 tỷ","Phường Minh Khai, Quận Hai Bà Trưng, Hà Nội",43 m²,7 phòng,6 WC,5,Giấy tờ hợp lệ,22-10-2025
MẶT PHỐ TT 2 BÀ Ô TÔ VÀO NHÀ - LÔ GÓC - 7 TẦNG THANG MÁY - KINH DOANH,28 tỷ,"Phường Vĩnh Tuy, Quận Hai Bà Trưng, Hà Nội",51 m²,4 phòng,7 WC,7,Giấy tờ hợp lệ,22-10-2025
Hai bà trưng Nhà đẹp thang máy nhập khẩu. tặng nội thất cao cấp,"18,3 tỷ","Phường Vĩnh Tuy, Quận Hai Bà Trưng, Hà Nội",72 m² (3.9x15.0),4 phòng,5 WC,6,Giấy tờ hợp lệ,22-10-2025
TRUNG TÂM HAI BÀ TRƯNG - NHỎ TIỀN - NỘI THẤT ĐẸP Ở LUÔN,"3,9 tỷ","Phường Minh Khai, Quận Hai Bà Trưng, Hà Nội",18 m²,3 phòng,4 WC,4,Giấy tờ hợp lệ,22-10-2025
HỒNG MAI NHÀ MỚI 4 TẦNG – FULL NỘI THẤT Ở LUÔN – GẦN Ô TÔ,"8,8 tỷ","Phường Bạch Mai, Quận Hai Bà Trưng, Hà Nội",40 m²,4 phòng,4 WC,4,Giấy tờ hợp lệ,22-10-2025
"GIÁ 8.5 TỶ! NHÀ DƯƠNG VĂN BÉ - HBT: 36M², 5 TẦNG -HÀNG XÓM TIMES CITY!","8,5 tỷ","Phường Minh Khai, Quận Hai Bà Trưng, Hà Nội",36 m²,3 phòng,N/A,5,Giấy tờ hợp lệ,22-10-2025
MINH KHAI - HAI BÀ TRƯNG - 16M 4 TẦNG - 3.95 TỶ -SỔ ĐỎ RIÊNG CHÍNH CHỦ,"3,95 tỷ","Phường Minh Khai, Quận Hai Bà Trưng, Hà Nội",16 m²,3 phòng,3 WC,4,Giấy tờ hợp lệ,22-10-2025
"Bán Nhà Hồng Mai 15M x 4T Giá 4,68 Tỷ. Ngõ nông, dân xây, 20m ra phố.","4,68 tỷ","Phường Bạch Mai, Quận Hai Bà Trưng, Hà Nội",15 m²,3 phòng,N/A,4,Giấy tờ hợp lệ,22-10-2025
"Nhà thang máy Chính chủ cần bán nhà Dương Văn Bé, gần trường cấp 1, 2","14,5 tỷ","Phường Vĩnh Tuy, Quận Hai Bà Trưng, Hà Nội",51 m² (4.0x12.8),3 phòng,N/A,5,Giấy tờ hợp lệ,22-10-2025
BÁN NHÀ BẠCH MAI - TT.HAI BÀ TRƯNG - 15M RA Ô TÔ - GẦN PHỐ,"2,6 tỷ","Phường Bạch Mai, Quận Hai Bà Trưng, Hà Nội",22 m² (3.0x6.0),3 phòng,4 WC,4,Giấy tờ khác,22-10-2025
NHÀ PHỐ LÒ ĐÚC - TRẦN KHÁT CHÂN - Phường Hai Bà Trưng - 32m2 x 5 Tầng,8 tỷ,"Phường Bùi Thị Xuân, Quận Hai Bà Trưng, Hà Nội",32 m² (3.0x10.0),4 phòng,4 WC,5,Giấy tờ hợp lệ,21-10-2025
"Bán 220m2 mặt phố Bà Triệu, Hai Bà Trưng, Hà Nội",180 tỷ,"Đường Bà Triệu, Phường Nguyễn Du, Quận Hai Bà Trưng, Hà Nội",220 m²,N/A,N/A,2,Sổ đỏ,21-10-2025
"Chủ nhà cần bán nhà số 12A, phân lô Đầm trấu, vỉa hè, đường to,","22,9 tỷ","12A, Đường Đầm Trấu, Phường Bạch Đằng, Quận Hai Bà Trưng, Hà Nội",50 m²,N/A,N/A,5,Sổ đỏ,02-07-2025
"Bán Nhà Phố 8/3 20M x 4T Giá 5,5 Tỷ. Lô góc, 2 thoáng, 1 nhà ra ô tô","5,5 tỷ","Phường Quỳnh Mai, Quận Hai Bà Trưng, Hà Nội",20 m²,3 phòng,3 WC,4,Giấy tờ hợp lệ,21-10-2025
"GIÁ 9.7 TỶ! NHÀ MINH KHAI - HOÀNG MAI: 36M²,7 TẦNG - LÔ GÓC,THANG MÁY!","9,7 tỷ","Phường Minh Khai, Quận Hai Bà Trưng, Hà Nội",36 m²,3 phòng,N/A,7,Giấy tờ hợp lệ,21-10-2025
"GÀ ĐẺ TRỨNG VÀNG CCMN MINH KHAI- 65M2 X 7 TẦNG, 13 PHÒNG, CHỈ 14.5 TỶ","14,5 tỷ","Phường Minh Khai, Quận Hai Bà Trưng, Hà Nội",65 m² (7.0x9.0),11 phòng,7 WC,7,Giấy tờ hợp lệ,21-10-2025
"Bán nhà mặt phố Hàng Chuối , Hai Bà Trưng Hà Nội","19,5 tỷ","Phường Phạm Đình Hổ, Quận Hai Bà Trưng, Hà Nội",25 m²,3 phòng,3 WC,4,Giấy tờ hợp lệ,21-10-2025
BÁN CCMN MINH KHAI - HAI BÀ TRƯNG - NGÕ OTO THÔNG KINH DOANH,"26,5 tỷ","Phường Minh Khai, Quận Hai Bà Trưng, Hà Nội",81 m²,11 phòng,7 WC,8,Giấy tờ hợp lệ,21-10-2025
BÁN CCMN HÒA BÌNH 7 - HAI BÀ TRƯNG -14 PHÒNG KK - DÒNG TIỀN 85Tr/Tháng,"16,9 tỷ","Phường Minh Khai, Quận Hai Bà Trưng, Hà Nội",54 m²,11 phòng,N/A,7,Giấy tờ hợp lệ,21-10-2025
"Tôi bán nhà Nguyễn Cao, Lò Đúc 48m2,ngõ gần 3m,nhà ở ngay, giá 8.65 tỷ","8,65 tỷ","Phường Bạch Đằng, Quận Hai Bà Trưng, Hà Nội",48 m² (3.5x15.0),3 phòng,N/A,3,Giấy tờ hợp lệ,21-10-2025
"PHỐ VIP, HIẾM NHÀ BÁN, Ô TÔ LÙI CỬA, HÀNG XÓM TIMECITY.","7,35 tỷ","Phường Minh Khai, Quận Hai Bà Trưng, Hà Nội",36 m² (4.0x9.0),3 phòng,4 WC,5,Giấy tờ hợp lệ,21-10-2025
💥 TRUNG TÂM HAI BÀ TRƯNG NHÀ XÂY MỚI TINH 5 TẦNG THANG MÁY – TẦM TIỀN,"9,3 tỷ","Phường Bạch Mai, Quận Hai Bà Trưng, Hà Nội",38 m²,3 phòng,4 WC,5,Giấy tờ hợp lệ,21-10-2025
BÁN NHÀ HAI BÀ TRƯNG - THOÁNG TRƯỚC SAU - OTO ĐỖ CỬA - DÂN XÂY,"10,5 tỷ","Phường Bạch Mai, Quận Hai Bà Trưng, Hà Nội",35 m²,5 phòng,6 WC,4,Giấy tờ hợp lệ,21-10-2025
"Bán ccmn Minh Khai, 80m x7T thang máy 18 phòng, dòng tiền 1.1 tỷ/năm","17,5 tỷ","Phường Minh Khai, Quận Hai Bà Trưng, Hà Nội",80 m² (5.0x16.0),11 phòng,N/A,10,Giấy tờ hợp lệ,21-10-2025
"TRUNG TÂM QUẬN HAI BÀ - 5 TẦNG XÂY MỚI - NGÕ NÔNG, GẦN PHỐ - AN SNH ĐỈ","7,2 tỷ","Phường Minh Khai, Quận Hai Bà Trưng, Hà Nội",35 m²,4 phòng,4 WC,5,Giấy tờ hợp lệ,21-10-2025
TT HAI BÀ TRƯNG _ 43m2 LÔ GÓC _ 5 NGỦ FULL CÔNG NĂNG,"9,5 tỷ","Phường Bạch Mai, Quận Hai Bà Trưng, Hà Nội",43 m²,5 phòng,4 WC,4,Giấy tờ hợp lệ,21-10-2025
"BÁN CCMN BẠCH MAI MỚI TINH 70M x6TẦNG, DÒNG TIỀN MẠNH MẼ-CHỈ HƠN 14 TỶ","14,9 tỷ","Phường Bách Khoa, Quận Hai Bà Trưng, Hà Nội",70 m² (6.0x12.0),11 phòng,N/A,6,Giấy tờ hợp lệ,20-10-2025
"Bán Nhà Đê Tô Hoàng 25M x 4T Giá 5,72 Tỷ. Mặt ngõ thông, 30m ra phố","5,72 tỷ","Phường Cầu Dền, Quận Hai Bà Trưng, Hà Nội",25 m²,2 phòng,2 WC,4,Giấy tờ hợp lệ,20-10-2025
NHÀ ĐẠI LA- 20M RA OTO - 33m2 - 5T - 11.6TỶ( CTL),"11,6 tỷ","Phường Đồng Tâm, Quận Hai Bà Trưng, Hà Nội",33 m² (4.0x9.0),4 phòng,N/A,N/A,Giấy tờ hợp lệ,20-10-2025
"Hơn 8 tỷ - NHÀ ĐẸP GẦN TIMES CITY – TAM TRINH – THOÁNG SÁNG, CÓ SÂN","8,6 tỷ","Phường Vĩnh Tuy, Quận Hai Bà Trưng, Hà Nội",45 m²,3 phòng,N/A,5,Giấy tờ hợp lệ,20-10-2025
Tòa VP hạng A giữa trung tâm Kim Ngưu /Lạc Trung 78 m 8 tầng thang máy,"29,8 tỷ","Phường Thanh Lương, Quận Hai Bà Trưng, Hà Nội",78 m²,7 phòng,7 WC,8,Giấy tờ hợp lệ,20-10-2025
"Nhà 120 Dương Văn Bé 62m2 xây 5 tầng full đồ rất đẹp, ngõ thông oto","12,5 tỷ","Phường Vĩnh Tuy, Quận Hai Bà Trưng, Hà Nội",62 m²,4 phòng,N/A,5,Giấy tờ hợp lệ,20-10-2025
"Hơn 27 TỶ – MẶT PHỐ ĐẠI CỒ VIỆT – VÂN HỒ 3, SIÊU HIẾM – 6 TẦNG","27,5 tỷ","Phường Bách Khoa, Quận Hai Bà Trưng, Hà Nội",57 m²,8 phòng,N/A,6,Giấy tờ hợp lệ,20-10-2025
BÁN NHÀ BẠCH MAI- DTSD 70m2-4T- CHỈ 13.5TỶ- NGÕ 3 GÁC,"13,5 tỷ","Phường Bạch Mai, Quận Hai Bà Trưng, Hà Nội",70 m²,4 phòng,N/A,7,Giấy tờ hợp lệ,20-10-2025
BÁN NHÀ RẺ NHẤT QUẬN HAI BÀ 41M2 X 4 TẦNG XÂY MỚI 3 BƯỚC RA Ô TÔ TRÁNH,"6,1 tỷ","Phường Trương Định, Quận Hai Bà Trưng, Hà Nội",41 m²,3 phòng,3 WC,4,Giấy tờ hợp lệ,20-10-2025
nhà mới 42m2 phố Dương Văn Bé-oto đỗ-6 tầng thang máy nhập-view hồ,"14,86 tỷ","Phường Vĩnh Tuy, Quận Hai Bà Trưng, Hà Nội",42 m²,4 phòng,4 WC,6,Giấy tờ hợp lệ,20-10-2025
"BÁN NHÀ 7 TẦNG - 40M2 - THANG MÁY - 3 MẶT THOÁNG - GIÁ CHỈ 9,2 TỶ","9,2 tỷ","Phường Minh Khai, Quận Hai Bà Trưng, Hà Nội",40 m²,5 phòng,N/A,4,Giấy tờ hợp lệ,20-10-2025
"Do chuyển đổi công viêc GĐ cần bán căn nhà 5tầng xây mới, diện tích 30","7,59 tỷ","Phường Đồng Nhân, Quận Hai Bà Trưng, Hà Nội",30 m² (3.3x9.5),3 phòng,4 WC,5,Giấy tờ hợp lệ,20-10-2025
BẠCH MAI - DÂN XÂY - NỘI THẤT XỊN - THOÁNG TRƯỚC SAU - MÓNG 7 TẦNG,"13,5 tỷ","Phường Bạch Mai, Quận Hai Bà Trưng, Hà Nội",55 m²,3 phòng,N/A,4,Giấy tờ hợp lệ,20-10-2025
"Bán Nhà Lò Đúc 15M x 4T Giá 4,5 Tỷ. Ngõ nông, 15m ra ô tô, 2 thoáng","4,5 tỷ","Phường Phạm Đình Hổ, Quận Hai Bà Trưng, Hà Nội",15 m²,3 phòng,2 WC,4,Giấy tờ hợp lệ,20-10-2025
"Bán nhà ngõ rộng 3,5 m - ngõ 55 Lê Quý Đôn- quận Hai Bà Trưng","8,8 tỷ","Đường Lê Quý Đôn, Phường Bạch Đằng, Quận Hai Bà Trưng, Hà Nội",62 m²,N/A,N/A,5.5,Sổ đỏ,19-10-2025
"Nhà ngõ Trại Cá đường Trương Định DT 45m2 x 2t  mt 3,5  giá 13xx tỷ","13,9 tỷ","118, Đường Trương Định, Phường Trương Định, Quận Hai Bà Trưng, Hà Nội",45 m² (3.6x13.0),2 phòng,2 WC,2,Sổ đỏ,23-10-2025
"Bán nhà phố Bạch Mai , ngõ Ba gác thông 15m, 4 tầng giá 2,1 tỷ","2,1 tỷ","Đường Bạch Mai, Phường Bạch Mai, Quận Hai Bà Trưng, Hà Nội",70 m²,2 phòng,2 WC,4,Giấy tờ hợp lệ,23-10-2025
"Bán nhà P/Lô phố Lạc Trung ô tô tránh vỉa hè, Dt 70m2, 4t, mt 4.5m.",27 tỷ,"Đường Lạc Trung, Phường Vĩnh Tuy, Quận Hai Bà Trưng, Hà Nội",70 m² (4.5x15.5),5 phòng,4 WC,N/A,Sổ hồng,23-10-2025
"Bán nhà Mạc Thị Bưởi ô tô đỗ cửa, dt 38m2, 4t, giá 7.35 tỷ.","7,35 tỷ","Đường Mạc Thị Bưởi, Phường Vĩnh Tuy, Quận Hai Bà Trưng, Hà Nội",38 m² (3.8x10.0),3 phòng,3 WC,4,Sổ hồng,23-10-2025
"Chính chủ bán nhà Lò Đúc,  Nguyễn Cao, Lương Yên ngõ Nông và Thông","3,55 tỷ","Đường Lò Đúc, Phường Bạch Đằng, Quận Hai Bà Trưng, Hà Nội",18 m²,2 phòng,2 WC,4,Sổ đỏ,23-10-2025
KIM NGƯU 40M2 HƠN 13 TỶ NỞ HẬU- Ô TÔ TRÁNH 15M - THANG MÁY - SIÊU HIẾM,"13,8 tỷ","Đường Phố Kim Ngưu, Phường Thanh Lương, Quận Hai Bà Trưng, Hà Nội",42 m²,4 phòng,N/A,6,Sổ đỏ,22-10-2025
"Bán nhà Minh Khai đường ô tô tránh 5 tầng thang máy, Dt 52m2, mt 4.6m.","13,8 tỷ","Đường Minh Khai, Phường Vĩnh Tuy, Quận Hai Bà Trưng, Hà Nội",52 m²,3 phòng,4 WC,5,Sổ hồng,22-10-2025
Vị Trí VIP-Võ Thị Sáu-Sát Hồ-View Công Viên-ÔTÔ Tránh-50m x 4Tầng-19Tỷ,19 tỷ,"Đường Võ Thị Sáu, Phường Thanh Nhàn, Quận Hai Bà Trưng, Hà Nội",50 m² (4.0x12.5),4 phòng,4 WC,4,Sổ hồng,22-10-2025
"Bán nhà đê Tô Hoàng, phố Bạch Mai, phường Bạch Mai, quận Hai Bà Trưng","7,2 tỷ","Đường Đê Tô Hoàng, Phường Bạch Mai, Quận Hai Bà Trưng, Hà Nội",28 m²,N/A,N/A,4.5,Sổ đỏ,22-10-2025
BÁN NHÀ VIEW HỒ HAI BÀ TRƯNG – 74M² – 5 TẦNG THANG MÁY – 27.5 TỶ,"27,5 tỷ","Đường Đồng Nhân, Phường Đồng Nhân, Quận Hai Bà Trưng, Hà Nội",75 m²,4 phòng,2,6,Sổ đỏ,22-10-2025
"Bán nhà phố Võ Thị Sáu 50m2, phân lô, có vỉa hè, ô tô tránh. 19 tỷ",19 tỷ,"Đường Võ Thị Sáu, Phường Thanh Nhàn, Quận Hai Bà Trưng, Hà Nội",50 m²,N/A,N/A,5,Sổ đỏ,22-10-2025
"CHỈ 6,6 TỶ CÓ NHÀ 5 TẦNG XÂY MỚI ĐẸP ĐƯỜNG DƯƠNG VĂN BÉ, HAI BÀ TRƯNG,","6,6 tỷ","Đường Dương Văn Bé, Phường Vĩnh Tuy, Quận Hai Bà Trưng, Hà Nội",31 m² (4.0x8.0),3 phòng,4 WC,5,Sổ đỏ,21-10-2025
Bán Nhà phố yên lạc - vĩnh tuy - Hai Bà Trưng,28 tỷ,"Phường Vĩnh Tuy, Quận Hai Bà Trưng, Hà Nội",56 m²,3 phòng,5 WC,7,Giấy tờ hợp lệ,16-10-2025
"Bán nhà mặt phố Minh Khai vỉa hè mênh mông, DT 55m2, 6t, mt 6m.",39 tỷ,"Đường Minh Khai, Phường Vĩnh Tuy, Quận Hai Bà Trưng, Hà Nội",55 m² (6.0x9.1),5 phòng,5 WC,6,Sổ hồng,24-10-2025
BÁN NHÀ HỒNG MAI_BÙI NGỌC DƯƠNG-HAI BÀ TRƯNG- NGÕ Ô TÔ-HAI MẶT NGÕ,"10,5 tỷ","Đường Bùi Ngọc Dương, Phường Bạch Mai, Quận Hai Bà Trưng, Hà Nội",35 m²,4 phòng,4 WC,4,Sổ đỏ,20-10-2025
"Bán nhà phố Kim Ngưu, Hai Bà Trưng 86m, 7 tầng. Giá: 19.8 tỷ","19,8 tỷ","Đường Kim Ngưu, Phường Thanh Nhàn, Quận Hai Bà Trưng, Hà Nội",86 m²,16 phòng,16 WC,7,Sổ đỏ,20-10-2025
"Bán nhà phố Minh Khai, Hai Bà Trưng 53m, 7 tầng, mt 4.6m. Giá: 25.5 tỷ","25,5 tỷ","Đường Minh Khai, Phường Minh Khai, Quận Hai Bà Trưng, Hà Nội",53 m²,3 phòng,6 WC,7,Sổ đỏ,20-10-2025
"Bán Nhà Mặt Phố KD, Thanh Nhàn, Hai Bà Trưng 80m, mt 4.2m, 9,3 tỷ","9,3 tỷ","Đường Thanh Nhàn, Phường Thanh Nhàn, Quận Hai Bà Trưng, Hà Nội",80 m² (4.2x19.0),2 phòng,2 WC,1,Sổ đỏ,20-10-2025
"Bán nhà phố Trần Đại Nghĩa, Hai Bà Trưng 42m, 5 tầng. Giá: 15 tỷ",15 tỷ,"Đường Trần Đại Nghĩa, Phường Bách Khoa, Quận Hai Bà Trưng, Hà Nội",42 m²,3 phòng,4 WC,5,Sổ đỏ,20-10-2025
Minh Khai-Đối Diện TimeCity-Ngõ ÔTÔ Thông-DT37m2 x 4Tầng-Giá 7Tỷ350,"7,35 tỷ","Đường Minh Khai, Phường Vĩnh Tuy, Quận Hai Bà Trưng, Hà Nội",37 m² (3.7x10.0),2 phòng,3 WC,4,Sổ đỏ,19-10-2025
"Nhà mặt phố Đại Cồ Việt, Hai Bà Trưng 62m, 6t, mt 4.5m. Giá: 26.8 tỷ","26,8 tỷ","Đường Đại Cồ Việt, Phường Lê Đại Hành, Quận Hai Bà Trưng, Hà Nội",62 m²,11 phòng,12 WC,6,Sổ đỏ,20-10-2025
MINH KHAI - VÀI CHỤC MÉT Ô TÔ TRÁNH - MỚI - 47m2 - 5 Tầng - Nhỉnh 8 tỷ,"8,5 tỷ","Phường Minh Khai, Quận Hai Bà Trưng, Hà Nội",47 m²,4 phòng,4 WC,5,Giấy tờ hợp lệ,16-10-2025
"Nhà mặt phố khu vực Đại La 70m2, 6 tầng tm, giá nhỉnh 25 tỷ (có TL)",25 tỷ,"Phường Bạch Đằng, Quận Hai Bà Trưng, Hà Nội",70 m² (4.5x16.0),5 phòng,6 WC,6,Giấy tờ hợp lệ,16-10-2025
MINH KHAI - HAI BÀ TRƯNG 65m x 4 tầng x mt 4.3 - GIÁ : 13.9tỷ,"13,9 tỷ","Phường Minh Khai, Quận Hai Bà Trưng, Hà Nội",65 m²,4 phòng,4 WC,4,Giấy tờ hợp lệ,16-10-2025
"Bán Nhà Nguyễn Công Trứ 25M x 4T Giá 6,2 Tỷ. Ngõ thông, 30m ra phố","6,2 tỷ","Phường Phạm Đình Hổ, Quận Hai Bà Trưng, Hà Nội",25 m²,3 phòng,3 WC,4,Giấy tờ hợp lệ,16-10-2025
"Siêu phẩm nha mặt phố Trần Đại Nghĩa bờ sông Sét lô góc, mặt tiền rộng",27 tỷ,"Phường Trương Định, Quận Hai Bà Trưng, Hà Nội",55 m²,3 phòng,4 WC,5,Giấy tờ hợp lệ,16-10-2025
"Lò Đúc Nhà mới tinh, ở Ngay Hai Bai Trưng, 3 PN,30m x 5 Tầng, 7.65 tỷ","7,65 tỷ","Phường Đồng Nhân, Quận Hai Bà Trưng, Hà Nội",30 m² (3.2x9.8),3 phòng,4 WC,5,Giấy tờ hợp lệ,16-10-2025
BÁN TẬP THỂ MINH KHAI-HAI BÀ TRƯNG-50m2-2N1WC,"2,5 tỷ","Phường Minh Khai, Quận Hai Bà Trưng, Hà Nội",50 m² (5.0x10.0),2 phòng,1 WC,5,Giấy tờ hợp lệ,16-10-2025
"Bán nhà ô tô đỗ cửa, phố Tây Kết, Hai Bà Trưng, Hà Nội","10,26 tỷ","Phường Bạch Đằng, Quận Hai Bà Trưng, Hà Nội",44.8 m² (3.1x15.0),3 phòng,3 WC,4,Giấy tờ hợp lệ,16-10-2025
"VIP Bạch Mai! CCMN 7 tầng, 20 phòng full khách, 100tr/th-chỉ hơn 14 tỷ","14,5 tỷ","Phường Bạch Mai, Quận Hai Bà Trưng, Hà Nội",65 m² (5.0x13.0),11 phòng,N/A,7,Giấy tờ hợp lệ,16-10-2025
"BÁN NHÀ MẶT PHỐ QUẬN HBT , DT 51M , MT 4.8M",28 tỷ,"Phường Minh Khai, Quận Hai Bà Trưng, Hà Nội",51 m²,3 phòng,4 WC,7,Giấy tờ hợp lệ,16-10-2025
CHÍNH CHỦ CÂN BÁN GẤP - NHÀ ĐẸP HÒA BÌNH - VỊ TRÍ ĐẸP- KHU DÂN TRÍ CAO,"9,5 tỷ","Phường Minh Khai, Quận Hai Bà Trưng, Hà Nội",40 m² (3.3x12.0),4 phòng,N/A,4,Giấy tờ hợp lệ,16-10-2025
🌟 HAI BÀ TRƯNG – Ô TÔ TRÁNH – 2 THOÁNG – 60M² – NHÀ ĐẸP – 15 TỶ 6 🌟,"15,6 tỷ","Phường Vĩnh Tuy, Quận Hai Bà Trưng, Hà Nội",60 m²,4 phòng,4 WC,4,Giấy tờ hợp lệ,16-10-2025
"Nhà đẹp ở ngay phố Kim Ngưu ngõ 3 gác tránh xe máy ,sổ đỏ đẹp nở hậu","9,95 tỷ","Phường Thanh Lương, Quận Hai Bà Trưng, Hà Nội",50 m²,3 phòng,3 WC,3,Giấy tờ hợp lệ,16-10-2025
"Bán Nhà Đại Cồ Việt 16M x 4T Giá 3,96 Tỷ. Lô góc, 30m ra phố.","3,98 tỷ","Phường Lê Đại Hành, Quận Hai Bà Trưng, Hà Nội",16 m²,3 phòng,2 WC,4,Giấy tờ hợp lệ,16-10-2025
"Bán nhà phố Bạch Mai, Hai Bà Trưng 68m, 6 tầng. Giá: 17.9 tỷ","17,9 tỷ","Đường Bạch Mai, Phường Bạch Mai, Quận Hai Bà Trưng, Hà Nội",68 m²,13 phòng,13 WC,6,Sổ đỏ,20-10-2025
1NHÀ RA PHỐ LÊ THANH NGHỊ-ĐH BÁCH KHOA-ÔTÔ ĐỖ CỬA-56m2-4TẦNG-16TỶ500,"16,5 tỷ","Đường Lê Thanh Nghị, Phường Đồng Tâm, Quận Hai Bà Trưng, Hà Nội",56 m² (3.1x18.0),4 phòng,3 WC,4,Sổ đỏ,19-10-2025
Nhà Đẹp Đại La-Ngõ Nông Rộng-2Thoáng-DT38m2 x 5Tầng-Thang Máy-Hơn 9Tỷ,"9,3 tỷ","Đường Đại La, Phường Đồng Tâm, Quận Hai Bà Trưng, Hà Nội",38 m² (4.0x9.5),3 phòng,4 WC,5,Sổ đỏ,19-10-2025
"Tôi cần bán nhà PL, Phố Lạc Trung, Q HBT, HN, Dt 80 m, 5 T, Mt 6,5,","22,5 tỷ","Đường Lạc Trung, Phường Thanh Lương, Quận Hai Bà Trưng, Hà Nội",85 m²,02,N/A,5,Sổ đỏ,19-10-2025
Siêu Phẩm-Lô Góc 53m2-5Tầng-Thang Máy-Mặt Ngõ Thông-Phố Hồng Mai-16Tỷ8,"16,8 tỷ","Đường Hồng Mai, Phường Bạch Mai, Quận Hai Bà Trưng, Hà Nội",53 m² (5.0x11.0),4 phòng,4 WC,5,Sổ đỏ,19-10-2025
"Tôi cần bán nhà phố Bạch Mai, Q HBT, HN, DT 23 m x 5T, MT 3,2 m, 5,2ty","5,2 tỷ","Đường Bạch Mai, Phường Cầu Dền, Quận Hai Bà Trưng, Hà Nội",23 m²,N/A,N/A,5,Sổ đỏ,13-07-2025
BÁN NHÀ NGÕ THÔNG KIM NGƯU - BA GÁC TRÁNH XE MÁY - LÔ GÓC - 36m2 - 5T,"7,35 tỷ","Phường Thanh Lương, Quận Hai Bà Trưng, Hà Nội",36 m²,4 phòng,4 WC,5,Giấy tờ hợp lệ,15-10-2025
�,15-10-2025
"Bán Nhà Trương Định 25M x 5T Chỉ 5,85 Tỷ.Lô góc 2 thoáng full nội thất","5,85 tỷ","Phường Trương Định, Quận Hai Bà Trưng, Hà Nội",25 m²,3 phòng,3 WC,5,Giấy tờ hợp lệ,15-10-2025
CHINH CHỦ CẦN BÁN CCMN FULL ĐỒ - 7 PHÒNG KHÉP KÍN ĐANG CHO THUÊ,"8,2 tỷ","Phường Thanh Lương, Quận Hai Bà Trưng, Hà Nội",43 m²,7 phòng,7 WC,5,Giấy tờ hợp lệ,15-10-2025
"chính chủ bán nhà mặt phố Kim Ngưu, phường Vĩnh Tuy, TP Hà Nội (40 tỷ)",40 tỷ,"Đường Kim Ngưu, Phường Vĩnh Tuy, Quận Hai Bà Trưng, Hà Nội",81 m² (4.0x22.0),N/A,N/A,3,Sổ đỏ,21-10-2025
"Nhà Đẹp Ô TÔ ĐỖ CỬA Hồng Mai, Hai Bà Trưng 70m, giá 3.85 tỷ.","3,85 tỷ","Đường Bạch Mai, Phường Bạch Mai, Quận Hai Bà Trưng, Hà Nội",70 m² (5.0x14.0),2 phòng,2 WC,1,Sổ đỏ,18-10-2025
"Bán nhà phố Vĩnh Tuy xây mới thang máy, Dt 63m2, 5t, mt 4.6m, 9.9 tỷ.","9,9 tỷ","Đường Vĩnh Tuy, Phường Vĩnh Tuy, Quận Hai Bà Trưng, Hà Nội",63 m² (4.6x13.6),6 phòng,6 WC,5,Sổ hồng,18-10-2025
Kim Ngưu-Hai Bà Trưng-Nhà Đẹp-3Thoáng-30m2 x 5Tầng-Full Nội Thất-7Tỷ25,"7,25 tỷ","Đường Phố Kim Ngưu, Phường Thanh Lương, Quận Hai Bà Trưng, Hà Nội",30 m² (5.0x6.0),3 phòng,3 WC,5,Sổ hồng,18-10-2025
"Nhà Đẹp Ô Tô, Thọ Lão, Hai Bà Trưng 25/27m, 4 tầng, mt 4m, giá 7.6 tỷ.","7,6 tỷ","Đường Thọ Lão, Phường Đồng Nhân, Quận Hai Bà Trưng, Hà Nội",25 m² (4.0x6.3),3 phòng,3 WC,4,Sổ đỏ,18-10-2025
Nhà HBT ngõ thông nhà xây chắc chắn 6 phòng ngủ có thể ở hoặc cho thue,"8,6 tỷ","Đường Đại La, Phường Bạch Mai, Quận Hai Bà Trưng, Hà Nội",53 m²,6 phòng,5 WC,4,Sổ đỏ,18-10-2025
💥 Tìm đâu ra căn nhà pháp lý chuẩn – gần phố mà chỉ hơn 2 tỷ!,"2,65 tỷ","Phường Bạch Mai, Quận Hai Bà Trưng, Hà Nội",14 m²,2 phòng,3 WC,3,Hợp đồng mua bán,14-10-2025
"HÀNG HIẾM PHỐ DƯƠNG VĂN BÉ , DT 30M ĐI BỘ 20M RA MẶT PHỐ","6,3 tỷ","Phường Vĩnh Tuy, Quận Hai Bà Trưng, Hà Nội",30 m²,3 phòng,2 WC,4,Giấy tờ hợp lệ,14-10-2025
"BÁN NHÀ LÒ ĐÚC , 10M RA MẶT PHỐ , DT 22,3M MT 4M GIÁ 5,1 TỶ","5,1 tỷ","Phường Đống Mác, Quận Hai Bà Trưng, Hà Nội",22.3 m²,4 phòng,2 WC,4,Giấy tờ hợp lệ,14-10-2025
"TRẦN KHÁT CHÂN , GẦN HỒ THANH NHÀN VÀ CV TUỔI TRẺ , BAGAC ĐỖ CỬA DT30M","8,8 tỷ","Phường Bạch Mai, Quận Hai Bà Trưng, Hà Nội",30 m²,3 phòng,4 WC,5,Giấy tờ hợp lệ,14-10-2025
📣 CƠ HỘI ĐẦU TƯ  MẢNH ĐẤT VÀNG XÓT LẠI KHU ĐẠI LA-HAI BÀ TRƯNG,"5,5 tỷ","Phường Trương Định, Quận Hai Bà Trưng, Hà Nội",29.6 m²,1 phòng,2 WC,2,Giấy tờ hợp lệ,14-10-2025
"BÁN NHÀ PHỐ HỒNG MAI HAI BÀ TRƯNG– 5T 25/30m – GIÁ CHỈ 6,9 TỶ 20M RA P","6,9 tỷ","Phường Bạch Mai, Quận Hai Bà Trưng, Hà Nội",25 m²,3 phòng,3 WC,5,Giấy tờ hợp lệ,14-10-2025
NHÀ PHỐ BẠCH MAI - TT QUẬN 2 BÀ - NGÕ THÔNG TỨ PHÍA,"4,5 tỷ","Phường Bạch Mai, Quận Hai Bà Trưng, Hà Nội",18 m² (3.0x6.0),3 phòng,3 WC,5,Giấy tờ hợp lệ,14-10-2025
TOÀ NHÀ VP HẠNG A LẠC TRUNG – 70M² x 8 TẦNG THANG MÁY – PHÂN LÔ VỈA HÈ,"29,8 tỷ","Phường Thanh Lương, Quận Hai Bà Trưng, Hà Nội",70 m² (5.4x12.9),6 phòng,N/A,8,Giấy tờ hợp lệ,14-10-2025
CHUNG CƯ MINI - DÒNG TIỀN - PHÒNG KHÉP KÍ,"13,8 tỷ","Phường Minh Khai, Quận Hai Bà Trưng, Hà Nội",65 m²,10 phòng,7 WC,7,Giấy tờ hợp lệ,14-10-2025
📍 Giếng Mứt – Bạch Mai 💰 4 tỷ 650,"4,65 tỷ","Phường Bạch Mai, Quận Hai Bà Trưng, Hà Nội",21 m²,2 phòng,3 WC,5,Giấy tờ hợp lệ,14-10-2025
KIM NGƯU -  NHÀ ĐẸP Ở SƯỚNG - MẶT TIỀN RỘNG - CHỈ 9.5 TỶ,"9,5 tỷ","Phường Thanh Lương, Quận Hai Bà Trưng, Hà Nội",42 m² (4.3x11.0),3 phòng,3 WC,4,Giấy tờ hợp lệ,14-10-2025
"BÁN NHÀ 3 TẦNG MỚI TINH KV NGÕ TÔ HOÀNG, BẠCH MAI",12 tỷ,"Phường Cầu Dền, Quận Hai Bà Trưng, Hà Nội",76.9 m²,4 phòng,2 WC,3,Giấy tờ hợp lệ,14-10-2025
Trần Đại Nghĩa- Đại La. 38m 5 tầng Tm gần phố 9 tỷ,9 tỷ,"Phường Đồng Tâm, Quận Hai Bà Trưng, Hà Nội",38 m²,5 phòng,5 WC,5,Giấy tờ hợp lệ,14-10-2025
"Nhà đẹp ở ngay phố Minh Khai - tặng full nội thất ,giá hợp lý sổ đỏ CC","9,5 tỷ","Phường Minh Khai, Quận Hai Bà Trưng, Hà Nội",40 m²,4 phòng,3 WC,4,Giấy tờ hợp lệ,14-10-2025
CỰC HIẾM - Q.HAI BÀ TRƯNG - NGÕ THÔNG - NHÀ DÂN XÂY.,"6,75 tỷ","Phường Minh Khai, Quận Hai Bà Trưng, Hà Nội",36 m² (4.0x9.0),4 phòng,4 WC,5,Giấy tờ hợp lệ,14-10-2025
"Nhà mặt ngõ 3 gác đua phố Minh Khai , mặt tiền rộng sổ đỏ chính chủ","6,9 tỷ","Phường Minh Khai, Quận Hai Bà Trưng, Hà Nội",38 m²,3 phòng,3 WC,4,Giấy tờ hợp lệ,14-10-2025
HÀNG XÓM TIME CITY- MINH KHAI - Q.HAI BÀ TRƯNG - GẦN Ô TÔ,"7,6 tỷ","Phường Minh Khai, Quận Hai Bà Trưng, Hà Nội",33 m² (4.0x9.0),4 phòng,5 WC,6,Giấy tờ hợp lệ,14-10-2025
"lô góc 90,2m2 Nguyễn Đình Chiểu ngang 5 dài 18 view Hồ, có nhà 5T 24Ty",24 tỷ,"37 ngõ 30, Đường Nguyễn Đình Chiểu, Phường Lê Đại Hành, Quận Hai Bà Trưng, Hà Nội",90 m² (5.0x18.0),9 phòng,8 WC,5,Sổ đỏ,18-10-2025
"Nhà Đẹp Ô TÔ ĐỖ CỬA, Thang Máy, Trần Khát Chân, 54m, 6 tầng, 18.5 tỷ","18,5 tỷ","Đường Trần Khát Chân, Phường Đống Mác, Quận Hai Bà Trưng, Hà Nội",54 m² (3.7x14.6),6 phòng,5 WC,6,Sổ đỏ,17-10-2025
"Nhà Đẹp Gần Đường Ô Tô, Bùi Ngọc Dương 35m,  tầng 1, giá 2,68 tỷ.","2,68 tỷ","Đường Bùi Ngọc Dương, Phường Bạch Mai, Quận Hai Bà Trưng, Hà Nội",35 m² (3.5x10.0),1 phòng,1 WC,1,Sổ đỏ,17-10-2025
"Bán nhà mặt phố Lê Ngọc Hân, dt: 80 m x 7 tg ,mt:4 m , giá:55 tỷ","56,5 tỷ","Đường Lê Ngọc Hân, Phường Phố Huế, Quận Hai Bà Trưng, Hà Nội",80 m² (4.0x20.0),5 phòng,5 WC,7,Sổ đỏ,17-10-2025
"BÁ.N NHÀ GIÁP DANH PHỐ ĐẠI LA_HAI BÀ TRƯNG. LÔ GÓC, NỘI THẤT XỊN SÒ","6,9 tỷ","Phường Trương Định, Quận Hai Bà Trưng, Hà Nội",26.2 m²,3 phòng,3 WC,4,Giấy tờ hợp lệ,13-10-2025
"Nhà Đẹp Ô Tô, Thọ Lão, Hai Bà Trưng 25/27m, 4 tầng, mt 4m, giá 7.6 tỷ.","7,6 tỷ","Đường Thọ Lão, Phường Đồng Nhân, Quận Hai Bà Trưng, Hà Nội",25 m² (4.0x6.3),3 phòng,3 WC,4,Sổ đỏ,17-10-2025
"Bán Nhà Mai Hắc Đế 19M x 2 Tầng, Giá 3,1 Tỷ. 20m ra phố, dân xây","3,1 tỷ","Phường Bùi Thị Xuân, Quận Hai Bà Trưng, Hà Nội",19 m²,1 phòng,1 WC,2,Giấy tờ hợp lệ,13-10-2025
"NHÀ MẶT PHỐ TÂN MAI - HOÀNG MAI: 43M² 6 TẦNG - LÔ GÓC, MT 8.5M KD ĐỈNH",27 tỷ,"Phường Trương Định, Quận Hai Bà Trưng, Hà Nội",42 m²,3 phòng,N/A,6,Giấy tờ hợp lệ,13-10-2025
Tòa CCMN 6 tầng thang máy 13 phòng full kín Dòng tiền 70tr/tháng,17 tỷ,"Phường Minh Khai, Quận Hai Bà Trưng, Hà Nội",65 m²,11 phòng,7 WC,6,Giấy tờ hợp lệ,13-10-2025
CHÍNH CHỦ NHỜ BÁN - Q.HAI BÀ TRƯNG -  KHÔNG MỘT LỖI NHỎ -NHÀ DÂN XÂY,"5,99 tỷ","Phường Bạch Mai, Quận Hai Bà Trưng, Hà Nội",35 m² (4.0x9.0),3 phòng,3 WC,4,Giấy tờ hợp lệ,13-10-2025
ĐẲNG CẤP LUXURY - TÒA NHÀ 8 TẦNG PHÂN LÔ Q HAI BÀ - TẶNG NỘI THẤT 5 TỶ,"29,8 tỷ","Phường Vĩnh Tuy, Quận Hai Bà Trưng, Hà Nội",70 m² (5.4x16.0),9 phòng,6 WC,8,Giấy tờ hợp lệ,13-10-2025
Bán nhà Kinh Doanh phân vỉa hè lô ô tô phố Lò Đúc 47m 2 tầng 6mt giá,"5,8 tỷ","Phường Lê Đại Hành, Quận Hai Bà Trưng, Hà Nội",47 m² (6.0x8.0),2 phòng,3 WC,2,Giấy tờ hợp lệ,13-10-2025
"CHÍNH CHỦ CẦN BÁN KHÁCH SẠN SỐ 5+7 CỬA ĐÔNG, QUẬN HOÀN KIẾM",295 tỷ,"Đường Cửa Đông, Phường Cửa Đông, Quận Hoàn Kiếm, Hà Nội",158 m²,N/A,N/A,10,Sổ đỏ,03-11-2025
🔥SIÊU HỜI-BÁN NHÀ MẶT PHỐ LÊ DUẨN–VỊ TRÍ KINH DOANH ĐỈNH–61M-20 TỶ🔥,20 tỷ,"Đường Lê Duẩn, Phường Cửa Nam, Quận Hoàn Kiếm, Hà Nội",61 m²,N/A,N/A,2,Sổ đỏ,25-11-2025
Bán nhà phố cổ Hoàn Kiếm - Đường Lý Nam Đế -106m - 5 tầng -oto - 50 tỷ,50 tỷ,"Đường Lý Nam Đế, Phường Cửa Nam, Quận Hoàn Kiếm, Hà Nội",106 m² (4.3x26.0),7 phòng,5 WC,5,Sổ đỏ,24-11-2025
"Bán hoặc cho thuê nhà số 44 Thợ Nhuộm, nhà trong ngõ, tầng 2 và tầng 3",Thỏa thuận,"Phường Trần Hưng Đạo, Quận Hoàn Kiếm, Hà Nội",30 m²,N/A,N/A,N/A,Giấy tờ khác,12-11-2025
"Bán nhà mặt phố Ngõ Gạch, Hoàn Kiếm, mặt bằng 31.3m2, nở hậu",37 tỷ,"Đường Ngõ Gạch, Phường Hàng Buồm, Quận Hoàn Kiếm, Hà Nội",31.3 m²,N/A,N/A,3,Sổ đỏ,21-11-2025
"Bán nhà số 6, ngõ 71 Hai Bà Trưng, P.Cửa Nam, DT 28 m2 x 4 tầng,","7,55 tỷ","Đường Hai Bà Trưng, Phường Cửa Nam, Quận Hoàn Kiếm, Hà Nội",28 m²,N/A,N/A,4,Sổ hồng,26-11-2025
"Bán nhà mặt phố thuốc Bắc , hoàn kiếm Hà Nội",Thỏa thuận,"Đường Thuốc Bắc, Phường Hàng Bạc, Quận Hoàn Kiếm, Hà Nội",46 m²,N/A,N/A,4,Sổ đỏ,25-11-2025
Chính chủ bán gấp (LỖ GẦN 100 CÂY VÀNG) nhà mặt phố 17 Lương Văn Can,78 tỷ,"Phường Hàng Đào, Quận Hoàn Kiếm, Hà Nội",60 m²,N/A,N/A,N/A,Giấy tờ hợp lệ,24-11-2025
"Bán nhà quận Hoàn Kiếm, phường Cửa Nam, thành phố Hà Nội.",Thỏa thuận,"Phường Cửa Nam, Quận Hoàn Kiếm, Hà Nội",416 m²,N/A,N/A,2,Sổ đỏ,24-11-2025
"Bán nhà mặt phố Hàng Cót, phường Hàng Mã, quận Hoàn Kiếm, Hà Nội.",50 tỷ,"Đường Hàng Cót, Phường Hàng Mã, Quận Hoàn Kiếm, Hà Nội",49 m²,N/A,N/A,5,Sổ đỏ,23-11-2025
"Bán nhà trong ngõ 823 đường Hồng Hà, Hoàn Kiếm, DT 13 m2, 6 tầng","2,45 tỷ","Phường Chương Dương, Quận Hoàn Kiếm, Hà Nội",13 m²,N/A,N/A,6,Giấy tờ hợp lệ,22-11-2025
"Mặt phố Hàng Mã, 45m2, 4 tầng, mặt tiền đẹp, KD sầm uất, vị trí hiếm",42 tỷ,"Đường Hàng Mã, Phường Hàng Mã, Quận Hoàn Kiếm, Hà Nội",45 m²,N/A,N/A,4,Sổ đỏ,26-11-2025
"Bán nhà riêng tại Cầu Đất, Chương Dương, Hoàn Kiếm, Hà Nội","5,5 tỷ","Phường Chương Dương, Quận Hoàn Kiếm, Hà Nội",61 m² (3.5x20.0),N/A,N/A,4,Sổ đỏ,26-11-2025
"Bán nhà ngõ 34 Lý Nam Đế Hoàn Kiếm. Diện tích 55m, 3 tầng, ngõ 3m.",Thỏa thuận,"3D, 3D, Phường Cửa Đông, Quận Hoàn Kiếm, Hà Nội",55 m² (3.2x15.0),N/A,N/A,3,Sổ đỏ,26-11-2025
"Tôi cần bán nhà Mp phố Liên Trì, Q Hoàn Kiếm, Dt 100 m, 9 tầng 54 Tỷ",Thỏa thuận,"Đường Liên Trì, Phường Trần Hưng Đạo, Quận Hoàn Kiếm, Hà Nội",100 m²,N/A,N/A,9,Sổ đỏ,25-11-2025
"[ Chính chủ ] tôi bán nhà Mp Hàng Nón, Q Hoàn Kiếm, dt 52 m, 3T, Mt5m",45 tỷ,"Phường Hàng Gai, Quận Hoàn Kiếm, Hà Nội",52 m²,N/A,02,3,Sổ đỏ,25-11-2025
"Mặt phố cổ Hàng Tre giá 21.9 tỷ, 22mx7 tầng, thang máy","21,9 tỷ","Phường Hàng Trống, Quận Hoàn Kiếm, Hà Nội",22 m²,N/A,N/A,7,Sổ đỏ,25-11-2025
"Bán nhà mặt phố Tràng Thi VIP, lô góc 219m2, mặt tiền 19.8m, 215 tỷ",215 tỷ,"Đường Tràng Thi, Phường Hàng Bông, Quận Hoàn Kiếm, Hà Nội",219 m²,8 phòng,8 WC,3,Sổ đỏ,17-11-2025
"Bán nhà mặt phố Lý Thường Kiệt, 221m2, mặt tiền siêu đẹp 11.6m, 109 tỷ",109 tỷ,"Đường Lý Thường Kiệt, Phường Hàng Bài, Quận Hoàn Kiếm, Hà Nội",221 m²,3 phòng,3 WC,3,Sổ đỏ,16-11-2025
"Bán căn hộ phố Lê Thánh tông, dt:50 m, giá 3,5 tỷ","3,5 tỷ","Đường Lê Thánh Tông, Phường Tràng Tiền, Quận Hoàn Kiếm, Hà Nội",45 m² (4.0x12.0),2 phòng,2 WC,N/A,Sổ đỏ,23-11-2025
Mặt Phố Phúc Tân – Hoàn Kiếm – 81 M2 – 4 T – MT 3.8M – Giá 23.8 Tỷ.,"23,8 tỷ","Đường Phúc Tân, Phường Phúc Tân, Quận Hoàn Kiếm, Hà Nội",81 m² (3.8x21.5),5 phòng,4 WC,4,Sổ đỏ,23-11-2025
Phố Phúc Tân – Hoàn Kiếm- Ô Tô – 61 M2 – 3 T – MT 3.5 M – Giá 12.4 Tỷ.,"12,4 tỷ","Đường Phúc Tân, Phường Phúc Tân, Quận Hoàn Kiếm, Hà Nội",61 m² (3.5x17.0),2 phòng,3 WC,3,Sổ đỏ,23-11-2025
"Bán nhà mặt phố hang bồ , HK, dt 60 m x6 tg, mt: 5, giá 48 ty",48 tỷ,"Đường Hàng Bồ, Phường Hàng Bồ, Quận Hoàn Kiếm, Hà Nội",60 m²,5 phòng,8 WC,6,Sổ đỏ,23-11-2025
NHÀ PHỐ HÀNG BÔNG NHUỘM - CHÍNH CHỦ TÊN SỔ BÁN!,"3,95 tỷ","Đường Thợ Nhuộm, Phường Cửa Nam, Quận Hoàn Kiếm, Hà Nội",20 m² (3.0x6.8),2 phòng,1 WC,2,Sổ đỏ,21-11-2025
"Bán nhà ngõ phố tràng tiền ,Hai Bà Trưng, dt:60,4 tg, giá 14 tỷ",14 tỷ,"Đường Hai Bà Trưng, Phường Hàng Bài, Quận Hoàn Kiếm, Hà Nội",60 m² (4.0x15.0),4 phòng,4 WC,4,Sổ đỏ,21-11-2025
"Bán nhà phố Đường Thành, Hoàn Kiếm - Dtsd 50m2 - Mt 6m - Sổ đỏ","13,5 tỷ","Đường Phố Đường Thành, Phường Cửa Đông, Quận Hoàn Kiếm, Hà Nội",50 m²,N/A,N/A,N/A,Sổ đỏ,21-11-2025
🌹HOMESTAY -PHỐ MÃ MÂY – 55m² LÕI PHỐ CỔ – 21 TỶ 🌹,21 tỷ,"Phường Hàng Buồm, Quận Hoàn Kiếm, Hà Nội",55 m²,8 phòng,N/A,N/A,Giấy tờ hợp lệ,20-11-2025
"50m² PHÚC TÂN HỒNG HÀ_5 tầng 1 tum, NGÕ THÔNG, thoáng sáng",9 tỷ,"Đường Phúc Tân, Phường Phúc Tân, Quận Hoàn Kiếm, Hà Nội",47 m²,5 phòng,4 WC,5,Sổ đỏ,19-11-2025
"Bán nhà KS phố  Nguyễn Quang Bích , dt:67mx 8 tg, mt :4 m, giá 51,5 t","51,5 tỷ","Phường Hàng Mã, Quận Hoàn Kiếm, Hà Nội",67 m² (4.0x18.0),5 phòng,8 WC,8,Sổ đỏ,18-11-2025
Chính chủ bán nhà mặt phố Hàng Điếu,15 tỷ,"Đường Hàng Điếu, Phường Cửa Đông, Quận Hoàn Kiếm, Hà Nội",25 m²,N/A,N/A,2,Sổ đỏ,18-11-2025
"[Chính chủ] tôi bán nhà Mp Hàng Nón, Q Hoàn Kiếm, dt 52 m x 3 T,mt4,8",45 tỷ,"Phường Cửa Nam, Quận Hoàn Kiếm, Hà Nội",52 m²,N/A,02,3,Sổ đỏ,17-11-2025
"Nhà phố Hai Bà Trưng, gần Cửa Nam– DOANH THU 50–60TR/TH, 4 tầng","9,8 tỷ","Phường Cửa Nam, Quận Hoàn Kiếm, Hà Nội",25 m²,3 phòng,N/A,4,Giấy tờ hợp lệ,17-11-2025
"Bán nhà mặt phố Nhà Chung , 89 m2 xây 4 tầng",53 tỷ,"O, Đường Lý Quốc Sư, Phường Hàng Bông, Quận Hoàn Kiếm, Hà Nội",89 m²,6 phòng,4 WC,5,Sổ đỏ,14-11-2025
"Bán nhà lô góc 4 tầng mặt phố Hàng Buồm, quận Hoàn Kiếm 👉🏻Diện tích","21,5 tỷ","Phường Đồng Xuân, Quận Hoàn Kiếm, Hà Nội",70 m²,2 phòng,1 WC,4,Sổ hồng,14-11-2025
Bán tổng thể nhà mặt phố Cầu gỗ số nhà 96,"123,05 triệu","96, Đường Cầu Gỗ, Phường Hàng Bạc, Quận Hoàn Kiếm, Hà Nội",150 m²,2 phòng,1 WC,3,Sổ đỏ,14-11-2025
"LinhHK – Bán nhà duy nhất phố Hàng Dầu 300m², mt10m – hàng hiếm phố cổ",Thỏa thuận,"Phường Lý Thái Tổ, Quận Hoàn Kiếm, Hà Nội",300 m²,N/A,N/A,N/A,Sổ đỏ,14-11-2025
Bán nhà trong ngõ hàng thiếc 2 tỷ,2 tỷ,"Đường Hàng Thiếc, Phường Hàng Bồ, Quận Hoàn Kiếm, Hà Nội",20 m²,2 phòng,2 WC,N/A,Giấy tờ hợp lệ,14-11-2025
Bán nhà mặt phố số 23 Hàng bè . 142 m2,"123,45 triệu","23, Đường Hàng Bè, Phường Hàng Bạc, Quận Hoàn Kiếm, Hà Nội",142 m²,N/A,N/A,3,Sổ đỏ,14-11-2025
"bán nhà mặt phố hàng Hành 31 m2 mặt tiền 5,3 m 3,5 tầng",19 tỷ,"O, Đường Hàng Bông, Phường Hàng Bông, Quận Hoàn Kiếm, Hà Nội",31 m²,4 phòng,3 WC,4,Sổ đỏ,14-11-2025
Chính chủ bán nhà mặt phố đường thành 44 m2 4 tầng,28 tỷ,"Đường Dã Tượng, Phường Phan Chu Trinh, Quận Hoàn Kiếm, Hà Nội",45 m² (6.0x9.0),3 phòng,2 WC,5,Sổ đỏ,14-11-2025
"Chính chủ bán nhà mặt phố nam Ngư 60 m 3,5 Tầng",25 tỷ,"Đường Nam Ngư, Phường Cửa Nam, Quận Hoàn Kiếm, Hà Nội",60 m²,3 phòng,2 WC,3,Sổ đỏ,14-11-2025
"Bán nhà trong ngõ 36 Phan Đình Phùng 11,5 tỷ","11,5 tỷ","36 , Đường Phan Đình Phùng, Phường Cửa Đông, Quận Hoàn Kiếm, Hà Nội",45 m²,4 phòng,2 WC,7,Sổ đỏ,14-11-2025
Chính chủ bán nhà mặt phố Nguyễn khắc cần,280 tỷ,"Đường Nguyễn Khắc Cần, Phường Phan Chu Trinh, Quận Hoàn Kiếm, Hà Nội",500 m² (30.0x9.0),3 phòng,2 WC,5,Sổ đỏ,14-11-2025
Bán nhà mặt phố Cổng Đục .Hàng Mã,"16,5 tỷ","Đường Cổng Đục, Phường Hàng Bồ, Quận Hoàn Kiếm, Hà Nội",65 m²,2 phòng,2 WC,4,Sổ đỏ,14-11-2025
Gia đình tôi cần bán nhà mặt phố Bát đàn Hoàn Kiếm Hà Nội. - DT 100,46 tỷ,"Đường Bát Sứ, Phường Cửa Đông, Quận Hoàn Kiếm, Hà Nội",100 m² (5.0x12.0),3 phòng,2 WC,5,Sổ hồng,14-11-2025
Bán nhà mặt phố hàng bè 65 m 4 tầng kinh doanh tốt,36 tỷ,"Đường Hàng Vải, Phường Hàng Mã, Quận Hoàn Kiếm, Hà Nội",65 m²,5 phòng,5 WC,4,Sổ đỏ,14-11-2025
Bán nhà mặt phố lý quốc sư 240 m  mặt tiền 9 m 4 tầng,"126,5 tỷ","39 , Đường Ngõ Huyện, Phường Hàng Bông, Quận Hoàn Kiếm, Hà Nội",240 m²,7 phòng,4 WC,4,Sổ đỏ,14-11-2025
"LinhHK – Bán đất tặng nhà duy nhất phố Hàng Dầu 300m², mặt tiền 10m",Thỏa thuận,"Đường Hàng Dầu, Phường Lý Thái Tổ, Quận Hoàn Kiếm, Hà Nội",300 m² (10.0x30.0),N/A,N/A,N/A,Sổ đỏ,13-11-2025
Nhà ngõ 12 phố lý nam đế.60 m2 xây 5 tầng,11 tỷ,"Đường Lý Nam Đế, Phường Cửa Đông, Quận Hoàn Kiếm, Hà Nội",60 m² (5.0x12.0),5 phòng,3 WC,5,Sổ đỏ,06-11-2025
"Bán nhà mặt phố 104 hàng bạc 40 m 3 tầng 17,5 tỷ","17,5 tỷ","104 , Đường Hàng Bạc, Phường Hàng Bạc, Quận Hoàn Kiếm, Hà Nội",40 m²,4 phòng,3 WC,3,Sổ đỏ,01-11-2025
BÁN NHÀ mặt phố Hàng Cót 56 m2. 4 tầng. Đang cần tiền,26 tỷ,"Đường Hàng Cót, Phường Cửa Nam, Quận Hoàn Kiếm, Hà Nội",56 m² (4.0x10.0),5 phòng,3 WC,5,Sổ đỏ,01-11-2025
Chính chủ bán nhà 90m2 cực đẹp mặt phố cổ Hoàn Kiếm,Thỏa thuận,"Phường Đồng Xuân, Quận Hoàn Kiếm, Hà Nội",50 m²,N/A,N/A,4,Sổ đỏ,23-11-2025
Bán nhà mặt phố Quang Trung gần Lý Thường Kiệt,"17,5 tỷ","Đường Quang Trung, Phường Tràng Tiền, Quận Hoàn Kiếm, Hà Nội",20 m² (3.3x6.0),4 phòng,4 WC,5,Sổ đỏ,11-11-2025
"Bán nhà đẹp mặt phố Hàng Thùng, DT 60 m2, mặt tiền rộng, vị trí đẹp!",75 tỷ,"Đường Hàng Thùng, Phường Hàng Bạc, Quận Hoàn Kiếm, Hà Nội",60 m² (4.5x13.3),4 phòng,3 WC,4,Sổ hồng,15-11-2025
Phân lô Lý Nam Đế 60m2*3T cũ giá 19 tỷ.,19 tỷ,"66, Đường Lý Nam Đế, Phường Cửa Nam, Quận Hoàn Kiếm, Hà Nội",55 m²,2 phòng,2 WC,3,Sổ đỏ,14-11-2025
"Bán nhà  phố hai bà trưng, hk, dt : 25 m x 5 tg, giá : 4,8 ty","4,8 tỷ","Đường Hai Bà Trưng, Phường Tràng Tiền, Quận Hoàn Kiếm, Hà Nội",25 m² (3.5x5.5),4 phòng,4 WC,5,Sổ đỏ,14-11-2025
Cần bán gấp nhà mặt phố Hàng Gai .phường Hàng Gai .,90 tỷ,"Đường Hàng Gai, Phường Hàng Gai, Quận Hoàn Kiếm, Hà Nội",126 m²,2 phòng,2 WC,4,Sổ hồng,14-11-2025
"SIÊU PHẨM PHỐ HÀNG BÔNG – VIEW HIẾM- Chỉ 22 tỷ, nhà 5 tầng, MT 6,2m,",22 tỷ,"Phường Hàng Bông, Quận Hoàn Kiếm, Hà Nội",45 m²,4 phòng,N/A,5,Giấy tờ hợp lệ,09-11-2025
"Bán nhà phố Hàm Long, phường Cửa Nam, quận Hoàn Kiếm","193,6 tỷ","Đường Hàm Long, Phường Cửa Nam, Quận Hoàn Kiếm, Hà Nội",176 m²,N/A,N/A,8,Sổ đỏ,24-10-2025
Nhà mặt phố hàng điếu 78 m2 xây 6 Kinh doanh cực kỳ đắc địa,39 tỷ,"Đường Hàng Điếu, Phường Hàng Bồ, Quận Hoàn Kiếm, Hà Nội",78 m²,4 phòng,3 WC,5,Sổ đỏ,18-07-2025
"Nhà Hàng Đậu -22m -5 tầng -5,8 tỷ","5,8 tỷ","Phường Đồng Xuân, Quận Hoàn Kiếm, Hà Nội",22 m² (3.2x7.0),3 phòng,3 WC,5,Giấy tờ hợp lệ,06-11-2025
"Bán nhà mặt phố Yên Thái, Hoàn Kiếm, mặt bằng 26m2, SD 128m2, 4 tầng","21,5 tỷ","Đường Yên Thái, Phường Hàng Gai, Quận Hoàn Kiếm, Hà Nội",26 m²,N/A,N/A,N/A,Sổ đỏ,06-11-2025
Bán nhà Bạch Đằng ngõ to cách Bờ Hồ 600m,"9,5 tỷ","9A, Đường Ngõ 23 Bạch Đằng, Phường Chương Dương, Quận Hoàn Kiếm, Hà Nội",31 m² (3.2x10.0),5 phòng,4 WC,5,Sổ đỏ,05-11-2025
"Tôi cần bán nhà mặt phố Hàm Tử Quan, nhà 3tầng mặt phố kinh doanh","22,98 tỷ","Phường Phúc Tân, Quận Hoàn Kiếm, Hà Nội",69 m²,3 phòng,3 WC,3,Giấy tờ hợp lệ,06-11-2025
MẶT ĐƯỜNG HÀNG MÃ - TRUNG TÂM HOÀN KIẾM - MẶT PHỐ - NỞ HẬU- KINH DOANH,58 tỷ,"Phường Hàng Mã, Quận Hoàn Kiếm, Hà Nội",55 m² (4.0x16.0),6 phòng,6 WC,5,Giấy tờ hợp lệ,06-11-2025
"Chính chủ cần bán hoặc cho thuê nhà mặt ngõ 76 Bà Triệu, Hoàn Kiếm",8 tỷ,"ngõ 76, Đường Bà Triệu, Phường Hàng Bài, Quận Hoàn Kiếm, Hà Nội",15 m²,N/A,N/A,4,Sổ đỏ,12-11-2025
"Bán nhà số 6 Hà Trung - Diện tích 61m2, mặt tiền hơn 4m",Thỏa thuận,"Đường Hà Trung, Phường Hàng Bông, Quận Hoàn Kiếm, Hà Nội",61 m²,N/A,N/A,N/A,Sổ đỏ,09-11-2025
"🌿 6 TỶ – NHÀ PHỐ QUÁN SỨ – PHỐ CỔ SỔ RIÊNG BIỆT
💎 20m ra mặt phố",6 tỷ,"Phường Trần Hưng Đạo, Quận Hoàn Kiếm, Hà Nội",20 m²,3 phòng,N/A,3,Giấy tờ hợp lệ,05-11-2025
"Bán nhà 38m2, 5 tầng thang máy tại phố Bạch Đằng, Hoàn Kiếm","15,8 tỷ","Đường Bạch Đằng, Phường Chương Dương, Quận Hoàn Kiếm, Hà Nội",38 m²,6 phòng,4 WC,5,Sổ đỏ,10-11-2025
Cần bán nhà 6 tầng ngõ lý Nam Đế DT60m2 MT4.5 bán 25ty.,25 tỷ,"Đường Lý Nam Đế, Phường Cửa Đông, Quận Hoàn Kiếm, Hà Nội",60 m² (4.5x15.0),10 phòng,10 WC,5,Sổ đỏ,08-11-2025
"Bán nhà mặt phố Ấu  triệu, HK, dt:45mx9 tg, mt:4m, giá: 43 ty",43 tỷ,"Đường Ấu Triệu, Phường Hàng Trống, Quận Hoàn Kiếm, Hà Nội",45 m² (4.0x12.0),N/A,N/A,9,Sổ đỏ,08-11-2025
"Cực Phẩm, Bán Khách sạn Hồ Gươm, Hồ Hoàn kiếm: 500m2, Mặt tiền 13m, 10","1,000 tỷ","Đường Đinh Tiên Hoàng, Phường Lý Thái Tổ, Quận Hoàn Kiếm, Hà Nội",500 m² (13.0x30.0),N/A,N/A,10,Sổ đỏ,07-11-2025
"Bán nhà mặt phố Lãn Ông, Hk,dt: 90 m x 2 tg, mt:5m, giá:53 ty",53 tỷ,"Đường Lãn Ông, Phường Hàng Bạc, Quận Hoàn Kiếm, Hà Nội",90 m² (5.0x18.0),3 phòng,3 WC,2,Sổ đỏ,01-11-2025
Bán nhà mặt phố hàng Ngang Hoàn kiếm hà nội,60 tỷ,"Đường Hàng Ngang, Phường Hàng Bạc, Quận Hoàn Kiếm, Hà Nội",150 m²,4 phòng,2 WC,4,Sổ hồng,10-07-2025
Cần bán nhà 3 tầng cũ phố Hàm Long Hoàn Kiếm,18 tỷ,"Phường Phan Chu Trinh, Quận Hoàn Kiếm, Hà Nội",50 m²,N/A,N/A,3,Sổ đỏ,05-11-2025
Chính chủ bán nhà phố cổ Yên Thái - Hoàn Kiếm,Thỏa thuận,"Đường Yên Thái, Phường Hàng Bông, Quận Hoàn Kiếm, Hà Nội",40 m²,N/A,N/A,5,Sổ đỏ,05-11-2025
"BÁN GẤP NHÀ MẶT PHỐ HAI BÀ TRƯNG P HOÀN KIẾM, 125M×6T, MT 5.5M, 1 TỶ/M",122 tỷ,"Đường Hai Bà Trưng, Phường Cửa Nam, Quận Hoàn Kiếm, Hà Nội",125 m² (6.0x22.0),8 phòng,8 WC,6,Sổ đỏ,31-10-2025
"CHÍNH CHỦ BÁN NHÀ mặt đất trong ngõ phố cổ, quận Hòa Kiếm. Hà Nội",Thỏa thuận,"Đường Phố Đường Thành, Phường Cửa Nam, Quận Hoàn Kiếm, Hà Nội",15 m²,N/A,N/A,N/A,Sổ đỏ,12-11-2025
Bán nhà ngay sau lưng căn mặt tiền phố cổ,6 tỷ,"9, Đường Nguyễn Siêu, Phường Hàng Buồm, Quận Hoàn Kiếm, Hà Nội","20 m² (5,0x4,0)",2 phòng,1 WC,2,Sổ hồng,16-07-2025
"Bán nhà mặt Ngõ Lý thường kiệt- Quán sứ dt xd 50m mt 4,6 m x3t 17,2 ty",15 tỷ,"68, Đường Lý Thường Kiệt, Phường Trần Hưng Đạo, Quận Hoàn Kiếm, Hà Nội","43,6 m²",3 phòng,3 WC,3,Sổ đỏ,24-07-2025
"Bán nhà mặt phố mã mây , hk, dt 200m, mt :8m ,giá 140 ty",140 tỷ,"Đường Hàng Đậu, Phường Đồng Xuân, Quận Hoàn Kiếm, Hà Nội","200 m² (8,0x30,0)",4 phòng,4 WC,4,Sổ đỏ,29-07-2025
"CC gửi bán Nhà Mặt phố Tràng Tiền, Hoàn Kiếm, 170m2, mặt tiền 6.5m",425 tỷ,"Đường Tràng Tiền, Phường Tràng Tiền, Quận Hoàn Kiếm, Hà Nội",170 m² (6.5x26.0),N/A,N/A,3,Sổ đỏ,10-11-2025
"Bán nhà tầng 1 mặt phố Lý Nam Đế, Hoàn Kiếm, diện tích 48m2, MT 4m","28,8 tỷ","Đường Lý Nam Đế, Phường Hàng Mã, Quận Hoàn Kiếm, Hà Nội",48 m²,N/A,N/A,N/A,Sổ đỏ,05-11-2025
"Bán nhà mặt phố, số 84 phố Hàng Khoai - Đồng Xuân - Hoàn Kiếm",Thỏa thuận,"Phường Đồng Xuân, Quận Hoàn Kiếm, Hà Nội",26 m²,N/A,N/A,5,Sổ đỏ,14-10-2025
"💎 11,3 TỶ – LÝ THƯỜNG KIỆT – TRUNG TÂM HOÀN KIẾM 💎","11,3 tỷ","Phường Trần Hưng Đạo, Quận Hoàn Kiếm, Hà Nội",25 m²,2 phòng,3,4,Giấy tờ hợp lệ,29-10-2025
"BÁN NHÀ MẶT PHỐ LƯƠNG NGỌC QUYẾN TRÁI TIM PHỐ CỔ, SẢN PHẨM VIP HIẾM CÓ",150 tỷ,"Đường Lương Ngọc Quyến, Phường Hàng Buồm, Quận Hoàn Kiếm, Hà Nội",230 m² (8.0x28.8),3 phòng,3 WC,3,Sổ đỏ,28-10-2025
"Tôi cần bán toà Ks Mp Đào Duy Từ , Q Hoàn Kiếm, Hn, Dt 85 m, 6 tầng,",71 tỷ,"Phường Hàng Buồm, Quận Hoàn Kiếm, Hà Nội",82 m²,N/A,N/A,6,Sổ đỏ,27-10-2025
"Bán nhà mặt phố cầu gỗ, Hk,dt:55m x  5Tg, giá: 62 tỷ ,",62 tỷ,"Phường Hàng Bạc, Quận Hoàn Kiếm, Hà Nội",52 m² (4.0x14.0),4 phòng,4 WC,5,Sổ đỏ,31-10-2025
SIÊU PHẨM LÔ GÓC 3 MẶT THOÁNG – PHAN CHU TRINH – CÁCH HỒ GƯƠM 5P,140 tỷ,"Phường Phan Chu Trinh, Quận Hoàn Kiếm, Hà Nội",160 m² (4.0x40.0),4 phòng,4 WC,5,Giấy tờ hợp lệ,27-10-2025
"BÁN NHÀ MẶT PHỐ HÀM LONG, QUẬN HOÀN KIẾM, DT 40 M2 X 5 TẦNG",48 tỷ,"Phường Cửa Nam, Quận Hoàn Kiếm, Hà Nội",40 m²,N/A,N/A,5,Sổ hồng,25-10-2025
"HƠN 5 TỶ-PHỐ LÝ NAM ĐẾ, 5 tầng– TT PHỐ CỔ 💥 Ô TÔ ĐỖ CỔNG","5,5 tỷ","Phường Cửa Đông, Quận Hoàn Kiếm, Hà Nội",20 m²,4 phòng,N/A,5,Giấy tờ hợp lệ,25-10-2025
"Bán nhà ngõ phô hai bà trưng , hk ,dt: 40 mx 5 tg, mt:4m. Giá:10,5 ty","10,5 tỷ","Đường Hai Bà Trưng, Phường Cửa Nam, Quận Hoàn Kiếm, Hà Nội",40 m² (4.0x10.0),5 phòng,5 WC,5,Sổ đỏ,24-10-2025
Bán nhà trong Ngõ Phố hàng đậu,"7,6 tỷ","Phường Đồng Xuân, Quận Hoàn Kiếm, Hà Nội",46 m²,4 phòng,2 WC,3,Giấy tờ hợp lệ,24-10-2025
"Bán nhà quận Hoàn Kiếm, phường Cửa Nam, thành phố Hà Nội",Thỏa thuận,"Phường Cửa Nam, Quận Hoàn Kiếm, Hà Nội",350 m²,N/A,N/A,2.,Sổ đỏ,27-10-2025
"Bán Nhà Thợ Nhuộm 20M, MT: 3,5M Giá 4 Tỷ. 1 nhà ra phố, nhà mới ở luôn",4 tỷ,"Phường Cửa Nam, Quận Hoàn Kiếm, Hà Nội",20 m²,2 phòng,1 WC,1,Giấy tờ hợp lệ,22-10-2025
Bán nhà mặt phố quận hoàn kiếm hn.,48 tỷ,"Phường Hàng Trống, Quận Hoàn Kiếm, Hà Nội",45 m²,N/A,N/A,3,Sổ đỏ,26-10-2025
NHÀ TRUNG TÂM HOÀN KIẾM – HIẾM CÓ KHÓ TÌM!,"5,1 tỷ","Phường Hàng Bông, Quận Hoàn Kiếm, Hà Nội",12 m²,2 phòng,2 WC,4,Đang chờ sổ,22-10-2025
"Bán nhà mặt phố Hàng Buồm, Hoàn Kiếm, 4 tầng lô góc, tổng DTSD 230m2",Thỏa thuận,"Đường Hàng Buồm, Phường Hàng Buồm, Quận Hoàn Kiếm, Hà Nội",20 m²,N/A,N/A,4,Sổ đỏ,29-10-2025
Bán Nhà Đẹp Phố Cổ Quận Hoàn Kiếm Hà Nội,13 tỷ,"Phường Hàng Trống, Quận Hoàn Kiếm, Hà Nội",23 m²,3 phòng,3 WC,4,Giấy tờ hợp lệ,21-10-2025
CẦN BÁN GẤP NHÀ TRONG NGÕ PHỐ BẠCH ĐẰNG,16 tỷ,"Đường Bạch Đằng, Phường Chương Dương, Quận Hoàn Kiếm, Hà Nội",73 m²,6,N/A,4,Sổ đỏ,24-10-2025
"VÍP PHỐ CỔ , NƠI HỘI TỤ CỦA KHÁCH NƯỚC NGOÀI , KINH DOANH SẦM UẤT .",32 tỷ,"Phường Hàng Buồm, Quận Hoàn Kiếm, Hà Nội",30 m²,2 phòng,3 WC,4,Giấy tờ hợp lệ,20-10-2025
"HƠN 10 TỶ, NHÀ LÝ NAM ĐẾ – 45M², 4 TẦNG – Ô TÔ ĐỖ CỬA","10,8 tỷ","Phường Cửa Đông, Quận Hoàn Kiếm, Hà Nội",45 m²,4 phòng,N/A,4,Giấy tờ hợp lệ,20-10-2025
"Bán Căn Hộ Duplex 2PN  2Vs Mặt phố Nguyễn Siêu, Sổ đỏ, Dtsd 60m2","5,19 tỷ","Phường Hàng Buồm, Quận Hoàn Kiếm, Hà Nội",36 m² (4.0x9.0),2 phòng,2 WC,3,Giấy tờ hợp lệ,20-10-2025
"Bán nhà măt phố hàng buồm, hàng giầy,dt : 25 m x 5 tg, giá : 20 ty",20 tỷ,"Đường Phố Hàng Giầy, Phường Hàng Buồm, Quận Hoàn Kiếm, Hà Nội",25 m² (4.0x6.0),4 phòng,4 WC,5,Sổ đỏ,22-10-2025
"Bán nhà mặt phố lý quôc sư ,Hk,dt::200 m ,mt: 7 m , giá : 170 ty",170 tỷ,"Đường Ngõ Huyện, Phường Hàng Trống, Quận Hoàn Kiếm, Hà Nội",200 m² (7.0x30.0),7 phòng,7 WC,N/A,Sổ đỏ,22-10-2025
Duy nhất Mặt phố Hoàn Kiếm Một chủị trí tốt Kinh doanh đỉnh - tầm tiền,40 tỷ,"Đường Hàng Điếu, Phường Cửa Đông, Quận Hoàn Kiếm, Hà Nội",44 m²,3 phòng,4 WC,5,Sổ đỏ,21-10-2025
"Bán nhà mặt phố Hàng Trống , Hk,dt50 m ,mt: 4 m, giá 90 tỷ",90 tỷ,"Đường Hàng Trống, Phường Hàng Trống, Quận Hoàn Kiếm, Hà Nội","150 m² (4,0x35,0)",4 phòng,4 WC,N/A,Sổ đỏ,21-06-2025
"Bán nhà mặt phố Chân Cầm, 120m2 x 3T, MT: 6m",75 tỷ,"Đường Chân Cầm, Phường Hàng Trống, Quận Hoàn Kiếm, Hà Nội",120 m² (6.0x20.0),6 phòng,3 WC,3,Sổ đỏ,21-10-2025
Bán nhà 3 t ngõ ô tô lý nam Đế DT 125m2 MT 8m sdcc 46 ty.,46 tỷ,"Đường Lý Nam Đế, Phường Cửa Đông, Quận Hoàn Kiếm, Hà Nội",125 m²,N/A,N/A,9,Sổ đỏ,18-10-2025
"BÁN KHÁCH SẠN PHỐ CỔ MÃ MÂY, 80M2×5T, 14 PHÒNG, DT 3 TỶ/NĂM, 75 TỶ",75 tỷ,"Đường Mã Mây, Phường Hàng Buồm, Quận Hoàn Kiếm, Hà Nội",78 m² (6.0x13.0),14 phòng,14 WC,5,Sổ đỏ,17-10-2025
"Bán nhà phố Phan Đình Giót, phường Phương Liệt, HN, 2 mặt thoáng","21,8 tỷ","Đường Phan Đình Giót, Phường Phương Liệt, Quận Thanh Xuân, Hà Nội",50 m²,N/A,N/A,N/A,Sổ đỏ,17-11-2025
"Chính chủ bán nhà phố Khương Đình, lô góc ô tô đỗ cổng","4,95 tỷ","Đường Khương Đình, Phường Khương Đình, Quận Thanh Xuân, Hà Nội",24 m²,N/A,N/A,5,Sổ đỏ,24-11-2025
"GẤP GẤP THANH KHOẢN NHANH, NHÀ PHỐ KHƯƠNG TRUNG, DT 143m2x6 TẦNG+TUM",42 tỷ,"Đường Khương Trung, Phường Phương Liệt, Quận Thanh Xuân, Hà Nội",143 m²,N/A,N/A,6,Sổ đỏ,12-11-2025
"BÁN NHÀ MẶT TIỀN PHỐ TRƯỜNG CHINH, 5 TẦNG THANG MÁY","32,5 tỷ","Đường Trường Chinh, Phường Khương Mai, Quận Thanh Xuân, Hà Nội",35 m²,3 phòng,3 WC,5,Sổ hồng,22-09-2025
BÁN NHÀ MẶT NGÕ CÓ  CỬA HÀNG NGÕ 125 BÙI XƯƠNG TRẠCH – KHƯƠNG ĐÌNH,"4,1 tỷ","Đường Bùi Xương Trạch, Phường Khương Đình, Quận Thanh Xuân, Hà Nội",35 m²,N/A,N/A,2,Sổ đỏ,26-11-2025
"CHÍNH CHỦ BÁN NHÀ THANH XUÂN, XÂY MỚI, THANG MÁY, KINH DOANH","13,2 tỷ","Phường Khương Đình, Quận Thanh Xuân, Hà Nội",55 m²,N/A,N/A,N/A,Sổ đỏ,25-11-2025
"Ô TÔ VÀO NHÀ, NGÕ THÔNG, Ô TÔ TRÁNH, SÁT PHỐ, NGUYỄN XIỂN, THANH XUÂN",Thỏa thuận,"Phường Hạ Đình, Quận Thanh Xuân, Hà Nội",65 m²,N/A,N/A,N/A,Sổ đỏ,24-11-2025
"Bán Nhà MP LÊ TRỌNG TẤN-HOÀNG VĂN THÁI 80m2 x3 tầng hai thoáng 27,38ty","27,36 tỷ","68, Đường Lê Trọng Tấn, Phường Khương Mai, Quận Thanh Xuân, Hà Nội",79.6 m²,3 phòng,3 WC,3,Sổ đỏ,21-11-2025
"Bán nhà 7 tầng, lô góc, phố Vũ Hữu, quận Thanh Xuân","19,9 tỷ","Phường Thanh Xuân Bắc, Quận Thanh Xuân, Hà Nội",60 m²,N/A,N/A,7,Sổ đỏ,22-11-2025
"Bán nhà số 16 ngõ 146 phố Vương Thừa Vũ, 80.2m2x 4.5 tầng mới xây",20 tỷ,"Đường Vương Thừa Vũ, Phường Khương Trung, Quận Thanh Xuân, Hà Nội",80.2 m²,N/A,N/A,5,Sổ đỏ,13-11-2025
"Bán toà nhà 8 tầng tại đường Lê Văn Lương, Thanh Xuân, Hà Nội",100 tỷ,"23, Đường Lê Văn Lương, Phường Nhân Chính, Quận Thanh Xuân, Hà Nội",150 m²,N/A,N/A,8,Sổ đỏ,26-11-2025
Chính Chủ Cần Bán Biệt Thự Lô Góc Dự Án HDI Mạc Thái Tông DT 160M2,54 tỷ,"Đường Nguyễn Tuân, Phường Nhân Chính, Quận Thanh Xuân, Hà Nội",160 m²,6 phòng,4 WC,4,Sổ đỏ,26-11-2025
✅ bẤt ngỜ!: Ô TÔ 35M🚘 - DÂN XÂY BỀN CHẮC - PHÂN LÔ CÁN BỘ - bán nhà,"5,2 tỷ","Phường Khương Trung, Quận Thanh Xuân, Hà Nội",31 m² (3.2x9.0),4 phòng,5 WC,4,Giấy tờ hợp lệ,25-11-2025
PHÂN LÔ 6 TẦNG– KINH DOANH TẤP NẬP – CÓ GARA Ô TÔ,"13,25 tỷ","Phường Nhân Chính, Quận Thanh Xuân, Hà Nội",40 m²,3 phòng,N/A,6,Giấy tờ hợp lệ,26-11-2025
Tôi cần bán nhà mặt phố Lê Trọng Tấn Thanh Xuân 5tầng full nội thất.,"41,87 tỷ","Phường Phương Liệt, Quận Thanh Xuân, Hà Nội",68 m²,6 phòng,5 WC,5,Giấy tờ hợp lệ,25-11-2025
🔥 LÔ GÓC – Ô TÔ TRÁNH – KINH DOANH CỰC ĐỈNH | HÀNG SIÊU HIẾM CỰC HOT🔥,"9,8 tỷ","Phường Khương Trung, Quận Thanh Xuân, Hà Nội",35 m² (4.3x8.2),3 phòng,4 WC,6,Giấy tờ hợp lệ,25-11-2025
"Bán nhà phố Trường Chinh, Thanh Xuân 43m, 5 tầng. Giá: 16.8 tỷ","16,8 tỷ","Phường Khương Mai, Quận Thanh Xuân, Hà Nội",43 m²,3 phòng,4 WC,5,Sổ đỏ,25-11-2025
"Bán nhà phố Lê Trọng Tấn - Trường Chinh 85m2, ô tô qua, có vỉa hè","30,5 tỷ","Đường Lê Trọng Tấn, Phường Khương Mai, Quận Thanh Xuân, Hà Nội",85 m²,N/A,N/A,4,Sổ đỏ,25-11-2025
⚡️BẤt ngỜ!: Ô TÔ 40M🚘 - VUÔNG VẮN - DÂN XÂY BỀN ĐẸP. Bán nhà THANH,"5,2 tỷ","Phường Thanh Xuân Nam, Quận Thanh Xuân, Hà Nội",30 m² (3.6x8.0),3 phòng,4 WC,5,Giấy tờ hợp lệ,25-11-2025
"BÁN NHÀ PLQĐ DT: 59M x 5T MT: 4,2M PHỐ TÔ VĨNH DIỆN GIÁ :15,5 TỶ","15,5 tỷ","Đường Tô Vĩnh Diện, Phường Khương Trung, Quận Thanh Xuân, Hà Nội",59 m² (4.3x15.0),4,N/A,5,Sổ đỏ,25-11-2025
"Bán nhà phân lô Tô Vĩnh Diện, Thanh Xuân ô tô đỗ cửa, 1 nhà ra phố","16,8 tỷ","Đường Tô Vĩnh Diện, Phường Khương Trung, Quận Thanh Xuân, Hà Nội",45 m²,2,N/A,4,Sổ đỏ,24-11-2025
Cơ Hội Hiếm: Nhà Chuẩn 5 Sao – Nội Thất Cao Cấp – Giá Tốt,"15,5 tỷ","20, Đường Nguyễn Viết Xuân, Phường Khương Đình, Quận Thanh Xuân, Hà Nội",45 m² (4.0x13.0),5 phòng,4 WC,4,Sổ đỏ,24-11-2025
BÁN NHÀ RIÊNG PHÓI VŨ TÔNG PHAN - 4 TẦNG - 33M2 -FULL NỘI THẤT XỊN SÒ,"7,8 tỷ","Phường Khương Đình, Quận Thanh Xuân, Hà Nội",33 m² (5.0x7.0),3 phòng,3 WC,4,Giấy tờ hợp lệ,24-11-2025
"VIP nhất Thanh Xuân,NGUYỄN VIẾT XUÂN dt45m, PHÂN LÔ QUAN CHỨC,gần phố",12 tỷ,"Phường Phương Liệt, Quận Thanh Xuân, Hà Nội",38 m²,5 phòng,4 WC,N/A,Giấy tờ hợp lệ,24-11-2025
"Bán nhà Q.Thanh Xuân, oto tránh ,KD,dân xây,113m2, mặt tiền 10m, 31tỷ",31 tỷ,"Đường Bùi Xương Trạch, Phường Khương Đình, Quận Thanh Xuân, Hà Nội",113 m² (10.0x11.3),8 phòng,6 WC,5,Sổ đỏ,24-11-2025
Cần bán nhà vương thừa vũ tô vĩnh diện,165 triệu,"Phường Khương Trung, Quận Thanh Xuân, Hà Nội",45 m²,N/A,N/A,8,Sổ đỏ,24-11-2025
"31.5 tỷ cho 150m2 đất tặng nhà 2 tầng phố Phương Liệt, oto vào nhà","31,5 tỷ","Đường Phương Liệt, Phường Phương Liệt, Quận Thanh Xuân, Hà Nội",150 m² (6.0x25.0),3 phòng,2 WC,2,Sổ đỏ,24-11-2025
SIÊU PHẨM MẶT NGÕ LÔ GÓC –KINH DOANH ĐỈNH–Ô TÔ TRÁNH–THANG MÁY,"9,8 tỷ","Phường Khương Trung, Quận Thanh Xuân, Hà Nội",34 m² (4.3x8.0),3 phòng,4 WC,5,Giấy tờ hợp lệ,23-11-2025
GIA ĐÌNH CẦN BÁN CĂN NHÀ LÔ GÓC 7 TẦNG CỰC ĐẸP KHU PHÂN LÔ VŨ HỮU – TH,"19,9 tỷ","Phường Thanh Xuân Bắc, Quận Thanh Xuân, Hà Nội",60 m² (5.0x12.0),7 phòng,6 WC,7,Giấy tờ hợp lệ,23-11-2025
BÁN NHÀ RIÊNG VTP - 35M2 - 5 TẦNG - FULL NỘI THẤT XỊN SÒ - Ô TÔ ĐỖ CỬA,10 tỷ,"Phường Khương Đình, Quận Thanh Xuân, Hà Nội",35 m² (3.6x10.0),3 phòng,4 WC,5,Giấy tờ hợp lệ,23-11-2025
"BÁN NHÀ LÊ TRỌNG TẤN, DIỆN TÍCH, 35.M2.. XD. 8.TẦNG. GIÁ. 14.3 TỶ","14,3 tỷ","Phường Phương Liệt, Quận Thanh Xuân, Hà Nội",35 m² (3.2x10.5),6 phòng,6 WC,8,Giấy tờ hợp lệ,23-11-2025
Hiếm có ! Hơn 3 tỷ có nhà dân xây Phan Đình Giót-30m ra phố-52m*3T;4N,"3,6 tỷ","Phường Thanh Xuân Bắc, Quận Thanh Xuân, Hà Nội",52 m²,4 phòng,N/A,3,Giấy tờ khác,23-11-2025
[ 6 Tầng - Chỉ 7.5 tỷ ] Bán Nhà Khuất Duy Tiến - 5m ra Oto,"7,5 tỷ","Phường Thanh Xuân Bắc, Quận Thanh Xuân, Hà Nội",27 m²,4 phòng,3 WC,6,Giấy tờ hợp lệ,22-11-2025
Nhà đẹp Khương Đình vừa hoàn thiện,"8,4 tỷ","Phường Khương Đình, Quận Thanh Xuân, Hà Nội",32 m² (3.2x10.0),3 phòng,4 WC,5,Giấy tờ hợp lệ,22-11-2025
"🏡 BÁN NHÀ VŨ TÔNG PHAN: 23/30M* 3 TẦNG* 3,5 TỶ","3,5 tỷ","Phường Khương Đình, Quận Thanh Xuân, Hà Nội",30 m²,2 phòng,2 WC,3,Giấy tờ khác,22-11-2025
"CCMN 11 Phòng, Dòng Tiền 480 Triệu/Năm,Gần Vin Nguyễn Trãi,Ngõ Rộng 3m","11,4 tỷ","Phường Thanh Xuân Trung, Quận Thanh Xuân, Hà Nội",48.8 m²,11 phòng,6 WC,3,Giấy tờ hợp lệ,22-11-2025
"- Bán nhà mặt đường Giải Phóng, Thanh Xuân, Siêu đẹp, 148m2, 46.8 tỷ","46,8 tỷ","Đường Giải Phóng, Phường Phương Liệt, Quận Thanh Xuân, Hà Nội",148 m²,N/A,N/A,3,Sổ đỏ,22-11-2025
KHÓ TÌM! BÁN NHÀ BÙI XƯƠNG TRẠCH - ĐẸP LUXURY,"17,95 tỷ","Phường Khương Đình, Quận Thanh Xuân, Hà Nội",51.8 m² (3.5x15.0),5 phòng,N/A,7,Giấy tờ hợp lệ,22-11-2025
SIÊU PHẨM NGUYỄN VIẾT XUÂN – PHÂN LÔ QUAN CHỨC – 44.7M² – 4 TẦNG ĐẸP –,"15,5 tỷ","Đường Nguyễn Viết Xuân, Phường Khương Mai, Quận Thanh Xuân, Hà Nội",44.7 m²,N/A,N/A,4,Sổ đỏ,22-11-2025
⚡️A NHÀ ĐÂY!: Ô TÔ 40M🚘 - ĐẤT VUÔNG - DÂN XÂY BỀN ĐẸP. bán nhà,"5,2 tỷ","Phường Khương Trung, Quận Thanh Xuân, Hà Nội",30 m² (3.2x9.0),4 phòng,5 WC,4,Giấy tờ hợp lệ,22-11-2025
"BÙI XƯƠNG TRẠCH 30M2x3 TẦNG MẶT TIỀN 5.3M, GẦN NGÕ Ô TÔ GIÁ 6.9 TỶ","6,9 tỷ","Phường Khương Đình, Quận Thanh Xuân, Hà Nội",30 m² (5.3x6.0),3 phòng,3 WC,3,Giấy tờ hợp lệ,22-11-2025
"Bán nhà Bùi Xương Trạch ô tô đỗ cửa, kinh doanh tốt, mt 3.5m, 35m2 *5T","7,7 tỷ","Đường Bùi Xương Trạch, Phường Khương Trung, Quận Thanh Xuân, Hà Nội",35 m² (3.5x9.0),4 phòng,3 WC,N/A,Sổ đỏ,22-11-2025
Tôi cần bán nhà Liền Kề Nguyễn Tuân 6tầng thang máy full nội thất,"47,45 tỷ","Phường Nhân Chính, Quận Thanh Xuân, Hà Nội",72 m²,8 phòng,7 WC,6,Giấy tờ hợp lệ,21-11-2025
"Bán nhà dân xây khung cột , mặt ngõ xe con vào .","2,7 tỷ","Phường Thanh Xuân Nam, Quận Thanh Xuân, Hà Nội",15 m²,3 phòng,3 WC,5,Hợp đồng mua bán,21-11-2025
"Bán nhà Thanh Xuân 36m², thang máy, 10m ra ô tô, trước nhà SH quay","9,6 tỷ","Phường Khương Đình, Quận Thanh Xuân, Hà Nội",36 m²,3 phòng,4 WC,5,Giấy tờ hợp lệ,21-11-2025
"VIP nhất Thanh Xuân,NGUYỄN VIẾT XUÂN dt45m, PHÂN LÔ QUAN CHỨC,gần phố",15 tỷ,"Phường Phương Liệt, Quận Thanh Xuân, Hà Nội",45 m²,5 phòng,N/A,N/A,Giấy tờ hợp lệ,21-11-2025
"Phân lô Quân Đội Hoàng Văn Thái 49m2,2thoáng,nở hậu,13.6tỷ,ở ngay.","13,6 tỷ","Ngõ 69A Hoàng Văn Thái, Đường Hoàng Văn Thái, Phường Khương Mai, Quận Thanh Xuân, Hà Nội",49 m² (3.9x12.5),5 phòng,4 WC,6,Sổ hồng,13-11-2025
✨ hIẾm!: LÔ GÓC - GẦN Ô TÔ 🚘- HỒ SINH THÁI - DÂN XÂY BÁN NHÀ KHƯƠNG,"7,95 tỷ","Phường Khương Trung, Quận Thanh Xuân, Hà Nội",50 m² (3.5x15.0),6 phòng,6 WC,5,Giấy tờ hợp lệ,21-11-2025
⚡️H!ẾM!: 50M RA PHỐ - SỔ ĐẸP - DÂN XÂY 🏡bán nhà THANH XUÂN 4.7 Tỷ,"4,79 tỷ","Phường Hạ Đình, Quận Thanh Xuân, Hà Nội",30 m² (3.0x10.0),3 phòng,3 WC,4,Giấy tờ hợp lệ,21-11-2025
[SIÊU PHẨM] BÁN NHÀ NGUYỄN NGỌC VŨ – 38M² – 6T THANG MÁY– Ô TÔ – 10.5Đ,"10,5 tỷ","Phường Nhân Chính, Quận Thanh Xuân, Hà Nội",38 m² (3.5x10.8),4 phòng,4 WC,6,Giấy tờ hợp lệ,21-11-2025
"Bán nhà lô góc 45m2 ngõ 192 Lê Trọng Tấn,6T thang máy,20m oto,14.5tỷ.","14,5 tỷ","Ngõ 192 Lê Trọng Tấn, Đường Lê Trọng Tấn, Phường Khương Mai, Quận Thanh Xuân, Hà Nội",45 m² (5.0x9.0),3 phòng,4 WC,6,Sổ đỏ,17-11-2025
"Bán nhà Thanh Xuân, hơn 9tỷ ngõ ô tô, 5 tầng thang máy","9,8 tỷ","Phường Khương Trung, Quận Thanh Xuân, Hà Nội",35 m² (4.3x8.0),3 phòng,4 WC,5,Giấy tờ hợp lệ,21-11-2025
🔥 KHƯƠNG TRUNG - THANG MÁY - NHÀ 5 TẦNG MỚI - NGÕ Ô TÔ TRÁNH - 34M²,"9,8 tỷ","Phường Khương Trung, Quận Thanh Xuân, Hà Nội",34 m² (4.3x8.0),3 phòng,3 WC,5,Giấy tờ hợp lệ,20-11-2025
Tôi cần bán tòa nhà mặt phố Quan Nhân 8tầng thang máy full nội thất,"46,79 tỷ","Phường Nhân Chính, Quận Thanh Xuân, Hà Nội",123 m²,6 phòng,7 WC,8,Giấy tờ hợp lệ,20-11-2025
LÔ GÓC – NGUYỄN XIỂN – CÁCH Ô TÔ 2M – 6 TẦNG THANG MÁY – DTSD 62M²,"12,86 tỷ","Phường Khương Đình, Quận Thanh Xuân, Hà Nội",42 m² (4.0x10.0),3 phòng,3 WC,6,Giấy tờ hợp lệ,20-11-2025
"Bán NHÀ mặt phố Nguyễn Ngọc Nại DTSĐ 163M X 4T MT8,1 SĐCC giá 75,5 tỷ","75,5 tỷ","Đường Nguyễn Ngọc Nại, Phường Khương Mai, Quận Thanh Xuân, Hà Nội",165 m²,N/A,N/A,N/A,Sổ đỏ,20-11-2025
quĩ căn KD Tòa nhà mặt phố Vương Thừa Vũ DTSĐ180m2x 8T giá 58 tỷ,36 tỷ,"Đường Vương Thừa Vũ, Phường Khương Mai, Quận Thanh Xuân, Hà Nội",100 m²,10 phòng,8 WC,N/A,Sổ đỏ,20-11-2025
"Bán nhà c4 ngõ 43 Tô Vĩnh Diện DTSĐ 54m2,MT3,6 ,12,7 tỷ cách phố30m","12,7 tỷ","Đường Nguyễn Ngọc Nại, Phường Khương Mai, Quận Thanh Xuân, Hà Nội",54 m²,N/A,N/A,N/A,Sổ đỏ,20-11-2025
Bán Nhà Chính Kinh – gần Royal City –  vị trí trung tâm Thanh Xuân,"8,4 tỷ","Phường Nhân Chính, Quận Thanh Xuân, Hà Nội",40 m² (3.0x13.0),3 phòng,N/A,2,Giấy tờ hợp lệ,19-11-2025
"Cc bán nhà lô góc Khương Đình 58m, 6 tầng, 10.8 tỷ","10,8 tỷ","Đường Khương Đình, Phường Khương Đình, Quận Thanh Xuân, Hà Nội",58 m²,6 phòng,5 WC,6,Sổ đỏ,19-11-2025
Bán nhà mặt ngõ kinh doanh Thanh Xuân,"9,2 tỷ","Phường Nhân Chính, Quận Thanh Xuân, Hà Nội",25 m² (3.2x7.0),3 phòng,4 WC,5,Giấy tờ hợp lệ,19-11-2025
"Bán nhà đẹp thang máy, Ô tô, kinh doanh Thanh Xuân","9,8 tỷ","Phường Khương Trung, Quận Thanh Xuân, Hà Nội",35 m² (4.3x8.0),3 phòng,4 WC,5,Giấy tờ hợp lệ,19-11-2025
NHÀ ĐWPJ Ở NGAY - 6 TẦNG - FULL NỘI THẤT - NGÕ NÔNG - AN NINH TỐT.,"7,1 tỷ","Phường Khương Đình, Quận Thanh Xuân, Hà Nội",32 m² (4.8x8.0),3 phòng,4 WC,6,Giấy tờ hợp lệ,19-11-2025
"Bán nhà phố Hoàng Văn Thái, Thanh Xuân. Nhà mới đẹp sáng chói loá","17,5 tỷ","Phường Phương Liệt, Quận Thanh Xuân, Hà Nội",47 m² (4.1x10.0),4 phòng,3 WC,4,Giấy tờ hợp lệ,19-11-2025
"Nhà Đẹp Hoàng Văn Thái, Thanh Xuân 50m, 6 tầng, mt 8.4m, giá 15.3 tỷ.","15,3 tỷ","Đường Hoàng Văn Thái, Phường Khương Mai, Quận Thanh Xuân, Hà Nội",50 m² (8.4x6.0),3 phòng,4 WC,6,Sổ đỏ,19-11-2025
NHÀ ĐẸP LUNG LINH - 5 TẦNG - FULL NỘI THẤT XỊN SÒ -KCBT CHẮC CHẮN 35M2,"8,5 tỷ","Phường Khương Đình, Quận Thanh Xuân, Hà Nội",35 m² (3.5x10.0),3 phòng,4 WC,5,Giấy tờ hợp lệ,19-11-2025
Em bán nhà mặt phố Khuất Duy Tiến Thanh Xuân,"6,5 tỷ","114, Đường Khuất Duy Tiến, Phường Thanh Xuân Bắc, Quận Thanh Xuân, Hà Nội",32 m² (6.0x11.0),1 phòng,1 WC,1,Sổ đỏ,19-11-2025
NHÀ PHỐ HOÀNG VĂN THÁI - THANH XUÂN - ÔTÔ ĐỖ CỔNG,"7,95 tỷ","Phường Khương Trung, Quận Thanh Xuân, Hà Nội",51 m² (4.7x8.0),3 phòng,2 WC,3,Giấy tờ hợp lệ,19-11-2025
Nhà rộng ở sướng 45m cầu thang bê tông 4 ngủ 3wc,"3,98 tỷ","Phường Khương Đình, Quận Thanh Xuân, Hà Nội",45 m²,4 phòng,3 WC,6,Giấy tờ hợp lệ,18-11-2025
Bán nhà 2 tầng Thanh Xuân Bắc – mặt ngõ ô tô – giá 2.15 tỷ,"2,15 tỷ","Phường Thanh Xuân Bắc, Quận Thanh Xuân, Hà Nội",24 m²,2 phòng,1 WC,2,Đang chờ sổ,18-11-2025
NHÀ ĐẸP Ở NGAY - 6 TẦNG - THANG MÁY - Ô TÔ ĐỖ CỬA - 48M2 -NGUYỄN XIỂN,"13,5 tỷ","Phường Hạ Đình, Quận Thanh Xuân, Hà Nội",48 m² (4.0x12.0),4 phòng,5 WC,6,Giấy tờ hợp lệ,18-11-2025
"- Bán nhà ngõ Trường Chinh, Thanh Xuân, Siêu rẻ, 33m2, 6 tỷ",6 tỷ,"Đường Trường Chinh, Phường Phương Liệt, Quận Thanh Xuân, Hà Nội",33 m² (3.8x10.0),2 phòng,1 WC,N/A,Sổ đỏ,18-11-2025
"Bán Gấp Siêu Phẩm Lương Thế Vinh, lô góc, 80m2, 5 tầng, giá 23 tỷ",23 tỷ,"Đường Lương Thế Vinh, Phường Thanh Xuân Trung, Quận Thanh Xuân, Hà Nội",80 m²,9 phòng,N/A,5,Sổ đỏ,18-11-2025
"Bán nhà phố Khương Hạ, full nội thất sịn đẹp, view hồ","15,5 tỷ","Phường Khương Đình, Quận Thanh Xuân, Hà Nội",46 m² (3.4x12.0),6 phòng,4 WC,5,Giấy tờ hợp lệ,18-11-2025
"ĐẦU TƯ CỰC HOT! Nhà 3 Tầng Cũ, 71m2 Ngõ 3m Khu Vực Tiềm Năng Xây CCMN","12,8 tỷ","Phường Khương Đình, Quận Thanh Xuân, Hà Nội",71 m² (6.0x12.0),3 phòng,3 WC,3,Giấy tờ hợp lệ,17-11-2025
⚡️BẤT NGỜ: LÔ GÓC - Ô TÔ🚘 CÁCH 15M - MT RỘNG - Bán nhà THANH XUÂN,"5,7 tỷ","Phường Kim Giang, Quận Thanh Xuân, Hà Nội",32 m² (4.2x8.0),3 phòng,2 WC,4,Giấy tờ hợp lệ,17-11-2025
🔥Không Thể Tin : Ô TÔ ĐỖ CỬA - 40M RA PHỐ - DÂN XÂY - Bán nhà KHƯƠNG,"4,95 tỷ","Phường Khương Đình, Quận Thanh Xuân, Hà Nội",24 m² (4.0x8.0),4 phòng,4 WC,5,Giấy tờ hợp lệ,17-11-2025
⚡️Hiếm Có: CẠNH HỒ SINH THÁI - NGÕ BÀN CỜ - TỰ XÂY CHẮC CHẮN. Bán nhà,"7,95 tỷ","Phường Khương Đình, Quận Thanh Xuân, Hà Nội",33 m² (3.5x9.0),4 phòng,4 WC,5,Giấy tờ hợp lệ,17-11-2025
"Bán nhà Khương Trung, 20m ra Đầm Hồng","7,95 tỷ","Phường Khương Trung, Quận Thanh Xuân, Hà Nội",32 m² (3.5x9.0),4 phòng,4 WC,5,Giấy tờ hợp lệ,17-11-2025
"Lô góc Khương Đình, 6 tầng, thang máy, ngõ rộng, 60m ra phố. Chỉ 8,9ty","8,9 tỷ","Phường Hạ Đình, Quận Thanh Xuân, Hà Nội",36 m² (3.5x10.0),3 phòng,4 WC,6,Giấy tờ hợp lệ,17-11-2025
"Hot! Khương Trung, ô tô đỗ cửa, kinh doanh, nhà dân xây. 36mx4T. 8,2ty","8,2 tỷ","Phường Khương Trung, Quận Thanh Xuân, Hà Nội",36 m² (4.0x9.0),4 phòng,3 WC,4,Giấy tờ hợp lệ,17-11-2025
"Bán nhà Vũ Tông Phan 30m2 mặt tiền 5.5m,lô góc giá 3,5 tỷ thương lượng","3,5 tỷ","Phường Khương Đình, Quận Thanh Xuân, Hà Nội",24 m² (5.3x4.2),2 phòng,2 WC,3,Sổ hồng,17-11-2025
"Khương Đình, 2 thoáng, 50m ra  phố, nhà dân xây. 34mx4T. Chỉ 6,2 tỷ","6,2 tỷ","Phường Hạ Đình, Quận Thanh Xuân, Hà Nội",34 m² (3.5x10.0),4 phòng,3 WC,4,Giấy tờ hợp lệ,17-11-2025
"( NHÀ MỚI ĂN TẾT )   Y HÌNH  NHÀ BÁN PHỐ NGUYỄN XIỂN 38/42M, 6T 13,9 T","13,9 tỷ","168, 168, Phường Hạ Đình, Quận Thanh Xuân, Hà Nội",42 m² (4.0x10.5),4 phòng,5 WC,6,Sổ đỏ,16-11-2025
Tôi cần bán nhà mặt phố Khuất Duy Tiến 7tầng thang máy full nội thất,"31,45 tỷ","Phường Nhân Chính, Quận Thanh Xuân, Hà Nội",51 m²,6 phòng,7 WC,7,Giấy tờ hợp lệ,16-11-2025
"Bán Nhà Dòng Tiền Khương Đình, 69m, 7 tầng, mt 4.3m, giá 24 tỷ","24,5 tỷ","Đường Khương Đình, Phường Khương Đình, Quận Thanh Xuân, Hà Nội",69 m² (4.3x16.0),21 phòng,22 WC,7,Sổ đỏ,16-11-2025
"Tôi bán nhà ngõ 262 Nguyễn Trãi, TX giá 6.9 tỷ, 33.3m2x3T, ẢNH THẬT","6,9 tỷ","Đường Nguyễn Trãi, Phường Thanh Xuân Bắc, Quận Thanh Xuân, Hà Nội",33 m² (3.9x8.0),N/A,2,3,Sổ đỏ,16-11-2025
"Tôi cần bán nhà NguyễnNgọc Nại ngõ ô tô, 6tầng thang máy full nộithất","16,79 tỷ","Phường Khương Trung, Quận Thanh Xuân, Hà Nội",46 m²,4 phòng,6 WC,6,Giấy tờ hợp lệ,16-11-2025
"Bán nhà TT Thanh Xuân Bắc, ngõ thông chỉ 1.3 tỷ – nhà đẹp sẵn ở – t","1,3 tỷ","Phường Thanh Xuân Bắc, Quận Thanh Xuân, Hà Nội",20 m²,1 phòng,1 WC,N/A,Đang chờ sổ,15-11-2025
BÁN NHÀ 6 TẦNG BÙI XƯƠNG TRẠCH - FULL NỘI THẤT XỊN SÒ - NGÕ NÔNG,"8,2 tỷ","Phường Khương Đình, Quận Thanh Xuân, Hà Nội",32 m² (4.0x8.0),4 phòng,5 WC,6,Giấy tờ hợp lệ,15-11-2025
SIÊU HIẾM KHƯƠNG TRUNG  VỊ TRÍ ĐẮC ĐỊA  DÒNG TIỀN ỔN ĐỊNH,"7,5 tỷ","Phường Khương Trung, Quận Thanh Xuân, Hà Nội",32.3 m²,5 phòng,N/A,2,Giấy tờ hợp lệ,15-11-2025
Bùi Xương Trạch vừa ở vừa kinh doanh siêu đỉnh. DT 36m2 ô tô tránh,"9,8 tỷ","Phường Khương Đình, Quận Thanh Xuân, Hà Nội",36 m² (3.1x12.0),3 phòng,4 WC,6,Giấy tờ hợp lệ,15-11-2025
Tôi cần bán nhà mặt phố Hoàng Văn Thái 5tầng thang máy full nội thất.,"38,46 tỷ","Phường Khương Trung, Quận Thanh Xuân, Hà Nội",69.2 m²,6 phòng,5 WC,5,Giấy tờ hợp lệ,15-11-2025
"AN CƯ LẬP NGHIỆP -Ô TÔ ĐỖ CỬA -CĂN HỘ 3N, 60M2 -2.58 TỶ - THANH XUÂN","2,58 tỷ","Phường Hạ Đình, Quận Thanh Xuân, Hà Nội",60 m² (4.0x12.0),3 phòng,1 WC,1,Giấy tờ hợp lệ,15-11-2025
"⚡️Hiếm có: LÔ GÓC - Ô TÔ CÁCH 5M 🚘 - MT RỘNG, KD - bán nhà THANH XUÂN","5,75 tỷ","Phường Kim Giang, Quận Thanh Xuân, Hà Nội",32 m² (4.2x8.0),3 phòng,2 WC,4,Giấy tờ hợp lệ,15-11-2025
⚡️Hiếm Có: GẦN PHỐ - KHÔNG QUY HOẠCH - NỞ HẬU. Bán nhà THANH XUÂN,"5,6 tỷ","Phường Thanh Xuân Nam, Quận Thanh Xuân, Hà Nội",30 m² (3.6x8.0),3 phòng,4 WC,5,Giấy tờ hợp lệ,15-11-2025
Hot ! Hơn 2 tỷ có nhà 60m ra Nguyễn Xiển-ngõ 3 gác-62m*2T;MT6m;2N,"2,6 tỷ","Phường Khương Đình, Quận Thanh Xuân, Hà Nội",62 m²,2 phòng,N/A,2,Giấy tờ khác,15-11-2025
Nhà Riêng Phố Vũ Tông Phan 35m 5T Mt3.6m Giá 6.6Tỷ Cạnh Ngã Tư Sở Sổ V,"6,6 tỷ","Phường Khương Đình, Quận Thanh Xuân, Hà Nội",35 m² (3.6x9.7),4 phòng,3 WC,5,Giấy tờ hợp lệ,15-11-2025
Nhà mặt ngõ ô tô tránh Bùi Xương Trạch-KD ngon-48m*2T;NT4m;2N-Hơn 3tỷ,"3,5 tỷ","Phường Khương Trung, Quận Thanh Xuân, Hà Nội",48 m²,2 phòng,N/A,2,Giấy tờ khác,15-11-2025
"BÁN NHÀ HOÀNG VĂN THÁI -2 MẶT THOÁNG- 50M RA CHỢ- 49M-6 TẦNG - 13,6 TỶ","13,6 tỷ","Đường Hoàng Văn Thái, Phường Khương Trung, Quận Thanh Xuân, Hà Nội",49 m²,N/A,N/A,6,Sổ đỏ,13-11-2025
Tôi cần bán nhà mặt phố Cự Lộc 7tầng tầng thang máy full nội thất.,"19,95 tỷ","Phường Nhân Chính, Quận Thanh Xuân, Hà Nội",45 m²,5 phòng,7 WC,7,Giấy tờ hợp lệ,14-11-2025
"Bán nhà phân lô Bùi Xương Trạch, ô tô, kinh doanh. 40m2 5 tầng ở sướng","12,6 tỷ","Phường Khương Đình, Quận Thanh Xuân, Hà Nội",40 m² (3.7x11.0),5 phòng,5 WC,5,Giấy tờ hợp lệ,14-11-2025
BÁN NHÀ NGUYỄN NGỌC NẠI ( CÁCH 1 NHÀ RA MẶT PHỐ) - 38M- 4TẦNG-13 TỶ,13 tỷ,"Đường Nguyễn Ngọc Nại, Phường Khương Trung, Quận Thanh Xuân, Hà Nội",37.5 m² (4.0x9.5),N/A,N/A,4,Sổ đỏ,13-11-2025
CHỈ 7.5 TỶ - CÓ NGAY NHÀ 4 TẦNG - KHƯƠNG ĐÌNH - THANH XUÂN - 4 NGỦ.,"7,5 tỷ","Phường Khương Trung, Quận Thanh Xuân, Hà Nội",48 m² (36.0x12.0),4 phòng,4 WC,4,Giấy tờ hợp lệ,14-11-2025
TRUNG TÂM THANH XUÂN - 6 TẦNG - 8 NGỦ - 40M2 - FULL NỘI THẤT XỊN SÒ,"8,2 tỷ","Phường Khương Trung, Quận Thanh Xuân, Hà Nội",35 m² (4.0x10.0),8 phòng,7 WC,6,Giấy tờ hợp lệ,14-11-2025
MẶT PHỐ HIẾM - KINH DOANH - VỈA HÈ - TRUNG TÂM THỦ ĐÔ,29 tỷ,"Đường Lê Văn Lương, Phường Nhân Chính, Quận Thanh Xuân, Hà Nội",120 m²,10 phòng,8 WC,8,Sổ đỏ,14-11-2025
Nhà đẹp Khương Hạ 40m² – Ba gác đỗ cửa – 25m ra ô tô –Ở ngay không sửa,"13,2 tỷ","Phường Khương Đình, Quận Thanh Xuân, Hà Nội",40 m²,4 phòng,N/A,N/A,Giấy tờ hợp lệ,13-11-2025
"Bán nhà chính chủ Quan Nhân, 28m2 ngõ thông chỉ 7.3 tỷ!","7,3 tỷ","Phường Nhân Chính, Quận Thanh Xuân, Hà Nội",28 m²,3 phòng,4 WC,5,Giấy tờ hợp lệ,13-11-2025
Hoàng Văn Thái Gara Ô TÔ Tránh 50m/5 tầng chỉ 18.5 tỷ,"18,5 tỷ","Đường Hoàng Văn Thái, Phường Khương Mai, Quận Thanh Xuân, Hà Nội",50 m²,6 phòng,4 WC,5,Sổ đỏ,13-11-2025
"Bán Nhà 35m, 4 Tầng, Giá 5 Tỷ Phố Bùi Xương Trạch - Thanh Xuâb",5 tỷ,"Phường Khương Đình, Quận Thanh Xuân, Hà Nội",35 m² (3.5x10.0),4 phòng,3 WC,4,Sổ hồng,13-11-2025
"⚡️Giá Tuyệt Chủng: GẦN PHỐ - KHÔNG QUY HOẠCH - NỞ HẬU, bán nhà THANH","5,6 tỷ","Phường Thanh Xuân Trung, Quận Thanh Xuân, Hà Nội",30 m² (3.6x8.0),3 phòng,4 WC,5,Giấy tờ hợp lệ,13-11-2025
⚡️Đỉnh Của Chóp: ĐẤT ĐẸP - 3 GÁC ĐỖ CỬA - TĂNG GIÁ CAO bán nhà THANH,"4,6 tỷ","Phường Khương Đình, Quận Thanh Xuân, Hà Nội",22 m² (3.3x7.0),2 phòng,2 WC,2,Giấy tờ hợp lệ,13-11-2025
Mặt Phố Vương Thừa Vũ vỉa hè kinh doanh 52m/4 tầng 23.5 tỷ,"23,5 tỷ","Đường Vương Thừa Vũ, Phường Khương Mai, Quận Thanh Xuân, Hà Nội",52 m²,4 phòng,4 WC,4,Sổ đỏ,13-11-2025
Hàng hiếm mặt phố Nguyễn Tuân,"14,8 tỷ","Đường Nguyễn Tuân, Phường Hạ Đình, Quận Thanh Xuân, Hà Nội",28.8 m²,2 phòng,1 WC,25,Sổ đỏ,13-11-2025
TÔI CẦN BÁN NHÀ VŨ TÔNG PHAN - 4 TẦNG  FULL NỘI THẤT - Ô TÔ CÁCH 10MI.,"7,3 tỷ","Phường Khương Đình, Quận Thanh Xuân, Hà Nội",33 m² (5.0x7.0),3 phòng,3 WC,4,Giấy tờ hợp lệ,13-11-2025
"Hàng hiếm,Chia lô Nguyễn xiển TX-51 m2x4,5 tầng ô tô tránh kinh doanh","19,9 tỷ","Đường Nguyễn Xiển, Phường Hạ Đình, Quận Thanh Xuân, Hà Nội",51 m²,7 phòng,4 WC,4,Sổ đỏ,13-11-2025
"Bán nhà Nguyễn Trãi Thanh Xuân 39m2, 3 tầng, ba gác cửa – 50m ra ô tô","7,2 tỷ","Phường Khương Đình, Quận Thanh Xuân, Hà Nội",39 m²,4 phòng,N/A,3,Giấy tờ hợp lệ,13-11-2025
"Hot! Khương Trung, ngõ ba gác, nhà dân xây, 5 ngủ. 40mx4T. Chỉ 7,2 tỷ","7,2 tỷ","Phường Khương Trung, Quận Thanh Xuân, Hà Nội",40 m² (3.5x13.0),5 phòng,4 WC,4,Giấy tờ hợp lệ,13-11-2025
"Nhà đẹp Khương Trung 41m2, lô góc, 30m ra ô tô giá 7.8 tỷ","7,8 tỷ","Phường Khương Trung, Quận Thanh Xuân, Hà Nội",41 m²,3 phòng,N/A,N/A,Giấy tờ hợp lệ,13-11-2025
"BÁN CĂN TẬP THỂ GIẢI PHÓNG – THANH XUÂN, 80m² – 2 NGỦ, 2WC – Ở NGAY 🔥","5,8 tỷ","Phường Phương Liệt, Quận Thanh Xuân, Hà Nội",80 m²,2 phòng,2 WC,2,Giấy tờ hợp lệ,13-11-2025
"bán nhà KD mặt Phố Tô Vĩnh Diện DTSĐ 50m2 ,4,5T, GIÁ CHỈ 19 tỷ",19 tỷ,"Đường Hoàng Văn Thái, Phường Khương Trung, Quận Thanh Xuân, Hà Nội",50 m²,N/A,N/A,N/A,Sổ đỏ,12-11-2025
"CHÍNH CHỦ BÁN TÒA  VP MẶT PHỐ VƯƠNG THỪA VŨ, THANH XUÂN",Thỏa thuận,"Phường Khương Mai, Quận Thanh Xuân, Hà Nội",190 m²,N/A,N/A,8,Sổ đỏ,23-11-2025
⚡️Không Còn Căn Thứ 2: LÔ GÓC - 5M RA Ô TÔ🚘 - GIÁ ĐẦU 5 🎯. Bán nhà,"5,7 tỷ","Phường Kim Giang, Quận Thanh Xuân, Hà Nội",33 m² (4.2x8.0),3 phòng,2 WC,4,Giấy tờ hợp lệ,12-11-2025
"THANH XUÂN, VỊ TRÍ ĐẸP, XÂY MỚI, NGÕ  RỘNG THOÁNG, TRẢI NHỰA, GẦN PHỐ",Thỏa thuận,"Phường Nhân Chính, Quận Thanh Xuân, Hà Nội",32 m²,N/A,N/A,N/A,Sổ đỏ,23-11-2025
💥 S.I.Ê.U PHẨM MẶT NGÕ KINH DOANH – GẦN HỒ ĐH – Ô TÔ TRÁNH – 5 TẦNG T,"9,8 tỷ","Đường Khương Trung, Phường Khương Đình, Quận Thanh Xuân, Hà Nội",34 m²,N/A,N/A,5,Sổ đỏ,16-11-2025
QUAN NHÂN – MẶT PHỐ 73.5M² – ĐƯỜNG 8M – Ô CHỜ THANG MÁY – KHAI THÁC DÒ,"16,5 tỷ","Đường Phố Quan Nhân, Phường Thanh Xuân Trung, Quận Thanh Xuân, Hà Nội",69 m² (4.5x14.6),6 phòng,5 WC,5,Sổ đỏ,16-11-2025
"Bán nhà Vũ Tông Phan 39m² Lô góc hai thoáng 30m ra ô tô, Ở hoặc KD","13,5 tỷ","Phường Khương Đình, Quận Thanh Xuân, Hà Nội",39 m²,4 phòng,N/A,N/A,Giấy tờ hợp lệ,12-11-2025
"Bán nhà Khương Trung 38m², lô góc thoáng sáng, cách ô tô đỗ 20m","13,8 tỷ","Phường Khương Trung, Quận Thanh Xuân, Hà Nội",38 m²,4 phòng,N/A,N/A,Giấy tờ hợp lệ,12-11-2025
Tôi cần bán nhà Khuất Duy Tiến 6tầng thang máy full nội thất .,"27,79 tỷ","Phường Nhân Chính, Quận Thanh Xuân, Hà Nội",53 m²,4 phòng,7 WC,6,Giấy tờ hợp lệ,11-11-2025
"Bán nhà chia lô đầu phố Nguyên Xiển,dt 52m2 x 4t, MT 3,6m, ngõ xe tải.","19,2 tỷ","Phường Thanh Xuân Nam, Quận Thanh Xuân, Hà Nội",52 m²,N/A,1,4,Sổ đỏ,11-11-2025
"Bán nhà nguyên căn Nguyễn Tuân 54m*5T, mt 4m, oto ,10m ra phố,19.6tỷ.","19,6 tỷ","Đường Nguyễn Tuân, Phường Thanh Xuân Trung, Quận Thanh Xuân, Hà Nội",54 m² (4.2x12.8),4 phòng,3 WC,5,Sổ hồng,10-11-2025
"Hiếm! Chỉ 7 tỷ thanh xuân 25m, 5 tầng, mt 3m – full nội thất – gần phố","7,3 tỷ","Phường Nhân Chính, Quận Thanh Xuân, Hà Nội",25 m²,3 phòng,N/A,5,Giấy tờ hợp lệ,11-11-2025
"Lô Góc 3 Thoáng, Thang Máy, Gần Sân Chơi, Ô Tô 20m,Ở Ngay Khu Quân Đội","14,6 tỷ","Phường Khương Mai, Quận Thanh Xuân, Hà Nội",41 m²,3 phòng,5 WC,6,Giấy tờ hợp lệ,11-11-2025
"Bán nhà 178 Quan Nhân 35m² x 5T – gần trường học,  chỉ 7.9 tỷ!","7,9 tỷ","Phường Nhân Chính, Quận Thanh Xuân, Hà Nội",35 m² (5.0x7.0),4 phòng,4 WC,5,Giấy tờ hợp lệ,11-11-2025
"Bán Đất Tặng Nhà, Thửa Vuông, Ngõ Nông Gần Phố, Hợp Xây CCMN Đầu Tư","10,5 tỷ","Phường Khương Đình, Quận Thanh Xuân, Hà Nội",87 m²,3 phòng,N/A,N/A,Giấy tờ hợp lệ,11-11-2025
"Bán gấp lô góc Vũ Tông Phan, 45m2, 6T Thang Máy, ngõ nông thông rộng","13,36 tỷ","Phường Khương Đình, Quận Thanh Xuân, Hà Nội",41 m²,4 phòng,N/A,6,Giấy tờ hợp lệ,11-11-2025
Cần bán nhà DT: 50m² 7 tầng thang máy gần KĐT Đại Kim Kim Giang,14 tỷ,"Phường Khương Đình, Quận Thanh Xuân, Hà Nội",54 m² (4.8x11.2),11 phòng,N/A,7,Giấy tờ hợp lệ,11-11-2025
"BÁN NHÀ VŨ TÔNG PHAN, NGÕ NÔNG, BA GÁC TRÁNH 35m2, 5 tầng, giá 7.9 tỷ","7,9 tỷ","Đường Vũ Tông Phan, Phường Khương Đình, Quận Thanh Xuân, Hà Nội",35 m²,3 phòng,4 WC,5,Sổ hồng,10-11-2025
NGÃ TƯ SỞ - PHÂN LÔ QUÂN ĐỘI - ÔTÔ VÀO NHÀ - 1 NHÀ RA PHỐ - HAI THOÁNG,"16,8 tỷ","Phường Khương Mai, Quận Thanh Xuân, Hà Nội",43 m²,N/A,N/A,N/A,Sổ đỏ,21-11-2025
"Bán nhà Bùi Xương Trạch, ô tô vào nhà 7 tầng, MT5m, gồm 19P ngủ, 20 tỷ",20 tỷ,"Đường Bùi Xương Trạch, Phường Khương Trung, Quận Thanh Xuân, Hà Nội",90 m² (5.0x18.0),19 phòng,N/A,7,Sổ đỏ,14-11-2025
"Cc Bán Nhà 8 tầng Thang máy Hoàng Cầu Dt 55m mt5m đường oto 31,8 tỷ.","31,8 tỷ","68, Đường Giải Phóng, Phường Phương Liệt, Quận Thanh Xuân, Hà Nội",66 m²,5 phòng,6 WC,N/A,Sổ đỏ,14-11-2025
"Bán nhà Thanh Xuân 25m² ,5 tầng,mt 3m,full nội thất,30m ra phố, 7.3 tỷ","7,3 tỷ","Phường Nhân Chính, Quận Thanh Xuân, Hà Nội",25 m²,4 phòng,N/A,5,Giấy tờ hợp lệ,10-11-2025
"Nhà Mới 6 Tầng Thang Máy, 15 Bước Ra Phố Trường Chinh, Ngõ Nông Ba Gác","12,8 tỷ","Phường Khương Mai, Quận Thanh Xuân, Hà Nội",40 m²,3 phòng,5 WC,6,Giấy tờ hợp lệ,10-11-2025
CHÍNH CHỦ BÁN NHÀ HOÀNG VĂN THÁI Ô TÔ THANG MÁY,"23,8 tỷ","Phường Khương Trung, Quận Thanh Xuân, Hà Nội",55 m² (7.0x8.0),8 phòng,6 WC,6,Giấy tờ hợp lệ,10-11-2025
Tôi cần bán nhà 4tầng Vũ Hữu mặt ngõ ô tô chánh đỗ kinh doanh,"24,86 tỷ","Phường Nhân Chính, Quận Thanh Xuân, Hà Nội",108 m²,4 phòng,4 WC,4,Giấy tờ hợp lệ,10-11-2025
💥Hiếm Có: HỒ SINH THÁI - 🚘 Ô TÔ ĐỖ CỬA - KINH DOANH - bán nhà THANH,"7,95 tỷ","Phường Khương Đình, Quận Thanh Xuân, Hà Nội",38 m² (4.0x10.0),6 phòng,3 WC,4,Giấy tờ hợp lệ,10-11-2025
Bán nhà lô góc dân xây gần phố Khương Đình Thanh Xuân,"10,25 tỷ","Phường Hạ Đình, Quận Thanh Xuân, Hà Nội",66 m² (4.5x15.0),4 phòng,3 WC,4,Giấy tờ hợp lệ,10-11-2025
"Bán nhà mặt phố Vương Thừa Vũ, Q Thanh Xuân, 100m2, 8 tầng, thang máy.",60 tỷ,"Đường Vương Thừa Vũ, Phường Khương Mai, Quận Thanh Xuân, Hà Nội",100 m² (8.0x12.0),6 phòng,N/A,8,Sổ đỏ,13-11-2025
CẦN BÁN NHÀ VŨ TÔNG PHAN - 2 THOÁNG - ÔTÔ - CÁCH PHỐ 10M -40M - 5 TẦNG,"12,3 tỷ","Đường Vũ Tông Phan, Phường Khương Trung, Quận Thanh Xuân, Hà Nội",40 m²,6 phòng,4 WC,5,Sổ đỏ,13-11-2025
"Bán nhà mặt phố Vương Thừa Vũ Q Thanh Xuân, 55m2, 5 tầng, MT 5m, 23 tỷ",23 tỷ,"Đường Vương Thừa Vũ, Phường Khương Mai, Quận Thanh Xuân, Hà Nội",55 m² (5.0x11.0),6 phòng,N/A,5,Sổ đỏ,13-11-2025
Bán tòa chung cư 123m2 mt 8mx7t trung tâm quận thanh xuân,31 tỷ,"Đường Phố Quan Nhân, Phường Nhân Chính, Quận Thanh Xuân, Hà Nội",123 m²,24 phòng,10 WC,7,Sổ đỏ,13-11-2025
"Bán nhà phố Khương Đình - 30m2, Mt 3.2m, hàng xóm Vinhome Galaxy","8,5 tỷ","Phường Khương Đình, Quận Thanh Xuân, Hà Nội",30 m² (3.2x10.0),3 phòng,4 WC,5,Giấy tờ hợp lệ,09-11-2025
"Bán nhanh Nhà Phố Khương Hạ, oto tránh, 203m2, 8,6m MT, Gía 45 tỷ",45 tỷ,"Đường Khương Đình, Phường Khương Đình, Quận Thanh Xuân, Hà Nội",203 m²,3 phòng,N/A,3,Sổ đỏ,12-11-2025
CHÍNH CHỦ CẦN BÁN TOÀ CHUNG CƯ MINI,29 tỷ,"9 ngách 98/12 Nguyễn Ngọc Nại, Đường Nguyễn Ngọc Nại, Phường Khương Mai, Quận Thanh Xuân, Hà Nội",82 m²,N/A,N/A,7,Sổ hồng,12-11-2025
🔥Chỉ 1 Căn: THỂ ĐẤT ĐẸP - NGÕ 3 GÁC - GPXD 5 TẦNG. bán nhà THANH XUÂN,"4,55 tỷ","Phường Khương Đình, Quận Thanh Xuân, Hà Nội",25 m² (3.2x7.0),2 phòng,2 WC,2,Giấy tờ hợp lệ,08-11-2025
Tôi cần bán nhà Nguyễn Tuân căn góc mặt ngõ ô tô chánh đỗ kinh doanh,"19,79 tỷ","Phường Nhân Chính, Quận Thanh Xuân, Hà Nội",41 m²,6 phòng,5 WC,5,Giấy tờ hợp lệ,08-11-2025
"Bán nhà Vũ Tông Phan,  DT:46m2, ngõ rộng thoáng, gara ô tô trong nhà","15,5 tỷ","Phường Khương Đình, Quận Thanh Xuân, Hà Nội",46 m²,6 phòng,N/A,5,Giấy tờ hợp lệ,08-11-2025
"Khương Trung - Thanh Xuân 32m x 4 tầng mới đẹp, trước nhà thoáng 6 tỷ",6 tỷ,"Phường Khương Trung, Quận Thanh Xuân, Hà Nội",30 m²,3 phòng,4 WC,4,Giấy tờ hợp lệ,08-11-2025
KHƯƠNG ĐÌNH TOÀ CĂN HỘ CAO CẤP 120 Củ/THÁNG – 7 TẦNG – THANG MÁY,"24,5 tỷ","Phường Hạ Đình, Quận Thanh Xuân, Hà Nội",70 m²,11 phòng,7 WC,7,Giấy tờ hợp lệ,08-11-2025
"Gấp! Bán Nhà Hoàng Đạo Thành, 12.5 tỉ, DT 71 m2, 4 tầng, Phân lô QĐ.","12,5 tỷ","Phường Khương Đình, Quận Thanh Xuân, Hà Nội",71 m²,3 phòng,4 WC,4,Giấy tờ hợp lệ,08-11-2025
Binhbds bán chung cư mini vũ tông phan 80m2 x 7 tầng dòng tiền 90tr,"25,5 tỷ","Đường Vũ Tông Phan, Phường Khương Trung, Quận Thanh Xuân, Hà Nội",80 m² (4.0x20.0),13 phòng,13 WC,7,Sổ đỏ,07-11-2025
"Bán nhà riêng 63m mặt phố Giải Phóng, phường Phương Liệt quận Thanh Xu","9,2 tỷ","Đường Giải Phóng, Phường Phương Liệt, Quận Thanh Xuân, Hà Nội",63 m² (4.5x15.0),4 phòng,4 WC,3,Sổ đỏ,07-11-2025
"Nhà Mặt Phố Quan Nhân 84/92m2, 5 tầng, MT: 5 m, Q.Thanh Xuân, Hà Nội",27 tỷ,"Đường Phố Quan Nhân, Phường Nhân Chính, Quận Thanh Xuân, Hà Nội",92 m²,N/A,N/A,5,Sổ đỏ,07-11-2025
"Cần bán nhà ngõ phố Lê Trọng Tấn, ngõ oto tránh, 60m2, 5 tầng, MT 5m.","11,9 tỷ","Đường Lê Trọng Tấn, Phường Khương Mai, Quận Thanh Xuân, Hà Nội",60 m² (5.0x12.0),6 phòng,4 WC,5,Sổ đỏ,11-11-2025
🎈THANH XUÂN - 52M - Ô TÔ - THOÁNG TRƯỚC SAU - SÁT PHỐ - KINH DOANH 💥,"10,2 tỷ","Phường Khương Đình, Quận Thanh Xuân, Hà Nội",52.5 m²,5 phòng,5 WC,5,Giấy tờ hợp lệ,07-11-2025
HOÀNG VĂN THÁI  LÔ GÓC NGÕ BA GÁC GẦN PHỐ THÔNG VƯƠNG THỪA VŨ 6.7T,"6,75 tỷ","Phường Khương Trung, Quận Thanh Xuân, Hà Nội",35 m²,3 phòng,4 WC,4,Giấy tờ hợp lệ,07-11-2025
💥 MẶT NGÁCH Ô TÔ – 46M – KINH DOANH ĐỈNH – BAY NHANH 💥💥💥,"10,6 tỷ","Phường Khương Đình, Quận Thanh Xuân, Hà Nội",46 m²,5 phòng,4 WC,5,Giấy tờ hợp lệ,07-11-2025
"VŨ TÔNG PHAN,THANH XUÂN, NGÕ NÔNG, KCBT  48M2, MT4m, giá 8,29 tỷ","8,29 tỷ","Đường Vũ Tông Phan, Phường Khương Đình, Quận Thanh Xuân, Hà Nội",48 m²,4 phòng,4 WC,4,Sổ hồng,06-11-2025
"Siêu Phẩm phố Vương Thừa Vũ, Ô Tô, KD, Lô góc 40m2, MT 4.8m, 15 Tỷ",15 tỷ,"Phường Khương Trung, Quận Thanh Xuân, Hà Nội",40 m²,N/A,N/A,N/A,Sổ đỏ,06-11-2025
BÁN NHÀ KHƯƠNG TRUNG – 5 TẦNG – NGÕ RỘNG THOÁNG – 35M² – 8.3 tỷ,"8,3 tỷ","Đường Khương Trung, Phường Khương Trung, Quận Thanh Xuân, Hà Nội",35 m²,3 phòng,3 WC,5,Sổ hồng,06-11-2025
BÁN NHÀ – HOÀNG VĂN THÁI – THANH XUÂN-6 TẦNG – THANG MÁY– Ô TÔ,"15,8 tỷ","Đường Hoàng Văn Thái, Phường Khương Trung, Quận Thanh Xuân, Hà Nội",50 m² (5.9x8.5),3 phòng,5 WC,6,Sổ đỏ,06-11-2025
Chính chủ bán nhà trục chính đường Lạc Hồng trước cổng trường học,"1,65 tỷ","16, Đường Lạc Hồng, Phường Khương Đình, Quận Thanh Xuân, Hà Nội",42 m² (4.0x8.0),1 phòng,1 WC,1,Hợp đồng mua bán,13-11-2025
"BÁN NHÀ 6 TẦNG MẶT PHỐ PHƯƠNG LIỆT – TRƯỜNG CHINH, NHỈNH 20 T","20,8 tỷ","Đường Phương Liệt, Phường Phương Liệt, Quận Thanh Xuân, Hà Nội",66 m²,6 phòng,6 WC,6,Sổ đỏ,10-11-2025
BÁN NHÀ MẶT NGÕ CÓ  CỬA HÀNG NGÕ 125 BÙI XƯƠNG TRẠCH – KHƯƠNG ĐÌNH,"4,3 tỷ","Đường Bùi Xương Trạch, Phường Khương Đình, Quận Thanh Xuân, Hà Nội",35 m²,N/A,N/A,2,Sổ đỏ,10-11-2025
"NHÀ 5 TẦNG NGUYỄN TRÃI, THANH XUÂN. 5 PHÚT RA PHỐ ĐI BỘ CHỢ ĐÊM","15,5 tỷ","Đường Nguyễn Trãi, Phường Thượng Đình, Quận Thanh Xuân, Hà Nội",65 m²,5 phòng,4 WC,5,Sổ đỏ,10-11-2025
"Bán nhà phố Kim Giang, ngõ ô tô tránh 90m2, 8 tầng MT 6,5m, 22P, 28 tỷ",28 tỷ,"Phường Khương Đình, Quận Thanh Xuân, Hà Nội",90 m² (6.5x15.0),22 phòng,N/A,8,Sổ đỏ,10-11-2025
Thanh Xuân _  HOA HẬU THANH XUÂN - GẦN Ô TÔ _ 5 Tầng,"8,6 tỷ","Phường Phương Liệt, Quận Thanh Xuân, Hà Nội",35 m²,3 phòng,4 WC,5,Giấy tờ hợp lệ,06-11-2025
"GIÁ 7.9 TỶ! NHÀ NGUYỄN TRÃI - THANH XUÂN: 42M², 50M RA OTO KINH DOANH!","7,9 tỷ","Phường Khương Đình, Quận Thanh Xuân, Hà Nội",42 m²,4 phòng,3,3,Giấy tờ hợp lệ,06-11-2025
🔥NHANH TAY: GẦN PHỐ ‍♀️- NHÀ CHẮC - GIÁ HIẾM🏡 bán nhà THANH XUÂN.,"5,62 tỷ","Phường Thanh Xuân Nam, Quận Thanh Xuân, Hà Nội",30 m² (3.5x7.0),3 phòng,4 WC,5,Giấy tờ hợp lệ,06-11-2025
NGÕ 236 KHƯƠNG ĐÌNH - NHÀ GẦN MẶT PHỐ - NHIỀU TIỆN ÍCH - XE BA GÁC ĐỖ,"8,5 tỷ","Phường Khương Đình, Quận Thanh Xuân, Hà Nội",30 m² (4.0x8.0),3 phòng,4 WC,5,Giấy tờ hợp lệ,06-11-2025
"Bán Nhà Lê Trọng Tấn, Giá rẻ 12.9 tỉ, DT 59 m2, 5 tầng, Ngõ ô tô","12,9 tỷ","Phường Khương Đình, Quận Thanh Xuân, Hà Nội",59 m²,3 phòng,4 WC,5,Giấy tờ hợp lệ,06-11-2025
Chuyển Công Tác Chủ Cần Bán Gấp Nhà Royal City,"11,89 tỷ","Đường Khương Đình, Phường Khương Đình, Quận Thanh Xuân, Hà Nội",45 m²,2,N/A,4,Sổ đỏ,05-11-2025
Bán Nhà- 96m2 -6 tầng – Gara ô tô- ngõ ô tô tránh nhau – Lê Trọng Tấn,"17,5 tỷ","Đường Lê Trọng Tấn, Phường Khương Mai, Quận Thanh Xuân, Hà Nội",96 m² (3.5x27.5),7 phòng,8 WC,N/A,Sổ đỏ,05-11-2025
"Bán nhà cấp 4 + gác xép,","1,95 tỷ","45, 45, Phường Phương Liệt, Quận Thanh Xuân, Hà Nội",40 m² (3.6x11.0),2 phòng,1 WC,N/A,Giấy tờ hợp lệ,09-11-2025
Cần thanh khoản nhanh căn nhà phố Bùi Xương Trạch,9 tỷ,"Đường Bùi Xương Trạch, Phường Khương Đình, Quận Thanh Xuân, Hà Nội",42 m² (4.0x10.5),4 phòng,3 WC,6,Sổ hồng,09-11-2025
CẦN BÁN NHÀ 4 TÀNG ĐẸP NGÕ 509 Vũ Tông Phan,"4,2 tỷ","Phường Khương Đình, Quận Thanh Xuân, Hà Nội",31 m²,4 phòng,3 WC,4,Đang chờ sổ,05-11-2025
BÁN NHÀ 62M2 – 4 TẦNG -THANG MÁY – Ô TÔ – QUAN NHÂN – THANH XUÂN .,"16,3 tỷ","Đường Phố Quan Nhân, Phường Nhân Chính, Quận Thanh Xuân, Hà Nội",62 m² (4.7x13.2),5 phòng,6 WC,4,Sổ đỏ,04-11-2025
"Cần bán nhà ngõ 210 Lê Trọng Tấn, ngõ oto tránh, 60m2, 5 tầng, MT 5m.","11,9 tỷ","Đường Lê Trọng Tấn, Phường Khương Mai, Quận Thanh Xuân, Hà Nội",60 m² (5.0x12.0),6 phòng,4 WC,4,Sổ đỏ,08-11-2025
🔥HÀNG HIẾM! bán nhà THANH XUÂN - 50M RA PHỐ ‍♀️- KHÔNG QUY HOẠCH⛔ -,"5,6 tỷ","Phường Thanh Xuân Nam, Quận Thanh Xuân, Hà Nội",28 m² (3.5x8.0),3 phòng,4 WC,5,Giấy tờ hợp lệ,04-11-2025
Nhà đẹp Mặt phố-Nguyễn Ngọc Nại 63mx4T-KD đa dạng-dòng tiền tốt23.5 tỷ,"23,5 tỷ","Phường Khương Mai, Quận Thanh Xuân, Hà Nội",63 m² (4.3x13.0),4 phòng,4 WC,4,Giấy tờ hợp lệ,04-11-2025
🏡 NHÀ ĐẸP PHÂN LÔ – MẶT NGÕ LÊ TRỌNG TẤN – Ô TÔ TRÁNH – Ô CHỜ TM,"16,3 tỷ","Phường Khương Mai, Quận Thanh Xuân, Hà Nội",46 m²,4 phòng,4 WC,4,Giấy tờ hợp lệ,04-11-2025
"Mặt ngõ lô góc ngõ thông-Vũ Tông Phan 45mx4T ở cho thuê,KD tốt 11.5tỷ","11,5 tỷ","Phường Khương Đình, Quận Thanh Xuân, Hà Nội",45 m² (7.0x7.0),4 phòng,4 WC,4,Giấy tờ hợp lệ,04-11-2025
"LÔ GÓC,PHÂN LÔ - GẦN Ô TÔ - HOÀNG ĐẠO THÀNH, 30M²,4T, MT 3.6M - SỔ ĐẸP","7,2 tỷ","Phường Kim Giang, Quận Thanh Xuân, Hà Nội",30 m²,3 phòng,4 WC,4,Giấy tờ hợp lệ,04-11-2025
Chìa khóa trao tay  33mx6T Khương Hạ oto đỗ cổng  ở thuê- 9.9  tỷ,"9,9 tỷ","Phường Khương Đình, Quận Thanh Xuân, Hà Nội",33 m² (3.0x10.0),5 phòng,5 WC,6,Giấy tờ hợp lệ,04-11-2025
"Nhà đẹp  2 thoáng -Ngõ rộng Vũ Tông Phan 33mx 5T ở, cho thuê. 7.3 tỷ","7,3 tỷ","Phường Khương Đình, Quận Thanh Xuân, Hà Nội",33 m² (6.9x5.0),4 phòng,N/A,55,Giấy tờ hợp lệ,04-11-2025
"Nhà  chắc chắn- gần oto -ngõ Ba gác KIm Giang 42mx 2T  ở ,thuê -8.9 tỷ","8,9 tỷ","Phường Khương Đình, Quận Thanh Xuân, Hà Nội",42 m² (4.0x10.0),2 phòng,2 WC,2,Giấy tờ hợp lệ,04-11-2025
"Bán nhà phố Lê Trọng Tấn, Thanh Xuân 63m, 5 tầng, mt 5m. Giá: 20 tỷ",20 tỷ,"Đường Lê Trọng Tấn, Phường Khương Mai, Quận Thanh Xuân, Hà Nội",63 m²,4 phòng,4 WC,6,Sổ đỏ,03-11-2025
Bán NHÀ mặt ngõ Nguyễn Ngọc Nại DTSĐ 108M X 5T MT6 SĐCC giá 35 tỷ,75 tỷ,"Đường Tô Vĩnh Diện, Phường Khương Mai, Quận Thanh Xuân, Hà Nội",170 m²,N/A,N/A,N/A,Sổ đỏ,28-07-2025
"Bán nhà 216 mặt phố Nguyễn Xiển, diện tích 50 m2, 2 mặt tiền, 2 vỉa hè",29 tỷ,"Đường Nguyễn Xiển, Phường Hạ Đình, Quận Thanh Xuân, Hà Nội",50 m²,N/A,N/A,6,Sổ đỏ,19-10-2025
🔥ĐỪNG LỠ! bán nhà THANH XUÂN 🚗Ô TÔ GẦN - 🏞️HỒ SINH THÁI- 🛣️CỰC,"6,35 tỷ","Phường Khương Trung, Quận Thanh Xuân, Hà Nội",34 m² (3.5x9.0),2 phòng,2 WC,2.5,Giấy tờ hợp lệ,03-11-2025
Bán nhà mặt ngõ hoàng văn thái,Thỏa thuận,"3/109 ngõ 69a, Đường Hoàng Văn Thái, Phường Khương Mai, Quận Thanh Xuân, Hà Nội",67 m²,4,N/A,4,Sổ đỏ,07-11-2025
"🏡 Nhà Đẹp Khương Đình – 5 Tầng Hiện Đại, Nội Thất Sang Trọng","8,5 tỷ","Phường Khương Đình, Quận Thanh Xuân, Hà Nội",32 m²,3 phòng,4 WC,5,Giấy tờ hợp lệ,03-11-2025
"TRUNG TÂM THANH XUÂN, 6 TẦNG THANG MÁY, Ô TÔ ĐỖ CỬA, FULL NỘI THẤT.","15,8 tỷ","Phường Khương Mai, Quận Thanh Xuân, Hà Nội",50 m² (5.0x10.0),3 phòng,5 WC,6,Giấy tờ hợp lệ,03-11-2025
"Bán nhà xây KBT đầu phố Vương Thừa Vũ, dt 33m2 x 5t, MT 3,5m, nhà đẹp.",13 tỷ,"Phường Khương Mai, Quận Thanh Xuân, Hà Nội",33 m²,N/A,1,5,Sổ đỏ,02-11-2025
"Bán nhà ở Nguyễn Thị Định- Lê Văn Lương, mặt tiền rộng thoáng.","14,3 tỷ","Đường Nguyễn Thị Định, Phường Nhân Chính, Quận Thanh Xuân, Hà Nội",36.8 m²,4 phòng,4 WC,5,Sổ đỏ,06-11-2025
"BÁN NHÀ NGÕ 211 KHƯƠNG TRUNG –THANH XUÂN, 50M ,4 TẦNG ,LÔ GÓC 3 THOÁNG","9,95 tỷ","Phường Khương Trung, Quận Thanh Xuân, Hà Nội",50 m²,6 phòng,4 WC,4,Giấy tờ hợp lệ,02-11-2025
"Bán nhà khu chia lô Nguyễn Xiển- T. Xuân- Hà Nội, s: 50,4m2; 19,9 tỷ","19,9 tỷ","Đường Nguyễn Xiển, Phường Thanh Xuân Trung, Quận Thanh Xuân, Hà Nội",50.4 m²,4 phòng,N/A,4,Sổ đỏ,01-11-2025
"NHÀ ĐẤT HỘ KHẨU THANH XUÂN 5 TẦNG 3PN GIÁ RẺ,MUA LÀ CÓ LÃI","5,66 tỷ","Phường Thanh Xuân Nam, Quận Thanh Xuân, Hà Nội",30 m² (3.5x9.0),3 phòng,3 WC,5,Giấy tờ hợp lệ,02-11-2025
"Nhà Đẹp Thang Máy Trường Chinh 39/43m, 6 tầng, mt 7.3m, giá 12.8 tỷ.","12,8 tỷ","Đường Trường Chinh, Phường Khương Mai, Quận Thanh Xuân, Hà Nội",39 m² (7.3x5.4),3 phòng,4 WC,6,Sổ đỏ,01-11-2025
🔥CÒN 1 CĂN! bán nhà THANH XUÂN - 50M RA PHỐ ‍♀️ - KHÔNG QUY HOẠCH⛔ -,"5,73 tỷ","Phường Thanh Xuân Nam, Quận Thanh Xuân, Hà Nội",31 m² (3.5x8.0),3 phòng,4 WC,5,Giấy tờ hợp lệ,01-11-2025
CĂN HỘ TẬP THỂ THANH XUÂN BẮC – TẦNG 2,"4,8 tỷ","Phường Thanh Xuân Trung, Quận Thanh Xuân, Hà Nội",28 m² (4.0x7.0),2 phòng,2 WC,1,Giấy tờ hợp lệ,01-11-2025
HIẾM 7.4T DÂN XÂY THIẾT KẾ HIỆN ĐẠI VÀI MÉT RA OTO NGÕ THÔNG,"7,4 tỷ","Phường Khương Đình, Quận Thanh Xuân, Hà Nội",45 m²,4 phòng,4 WC,5,Giấy tờ hợp lệ,01-11-2025
Nhà đẹp ở ngay lô góc sổ vuông 38mx5T Kim giang ở cho thuê đỉnh 9.5 tỷ,"9,5 tỷ","Phường Thượng Đình, Quận Thanh Xuân, Hà Nội",38 m² (5.0x8.0),3 phòng,4 WC,5,Giấy tờ hợp lệ,01-11-2025
BÁN gẤP CCMN Ngã Tư Sở 10 phòng dòng tiền gần 700 triệu/năm,"14,5 tỷ","Phường Khương Trung, Quận Thanh Xuân, Hà Nội",46.2 m²,10 phòng,7 WC,6,Giấy tờ hợp lệ,01-11-2025
Vương Thừa Vũ Ô Tô Tránh 55m/3 tầng chỉ 16.5 tỷ.,"16,5 tỷ","Đường Vương Thừa Vũ, Phường Khương Mai, Quận Thanh Xuân, Hà Nội",55 m²,2 phòng,N/A,3,Sổ đỏ,31-10-2025
"Bán nhà phân lô 6 tầng thang máy Bùi Xương Trạch 35m2 9,8 tỷ","9,8 tỷ","Đường Bùi Xương Trạch, Phường Khương Đình, Quận Thanh Xuân, Hà Nội",35.5 m² (3.1x12.0),3 phòng,5 WC,6,Sổ đỏ,31-10-2025
BÁN NHÀ VƯƠNG THỪA VŨ 4 TẦNG LÔ GÓC NGÕ Ô TÔ,"14,5 tỷ","Đường Vương Thừa Vũ, Phường Khương Mai, Quận Thanh Xuân, Hà Nội",37 m²,2,1,4,Sổ đỏ,31-10-2025
BÁN NHÀ -49M2-4 TẦNG –6 NGỦ -LÔ GÓC – NGUYỄN TRÃI – THANH XUÂN –CHÀO,9 tỷ,"Đường Nguyễn Trãi, Phường Khương Trung, Quận Thanh Xuân, Hà Nội",49 m² (4.0x12.3),6 phòng,6 WC,4,Sổ đỏ,04-11-2025
BÁN NHÀ NGUYỄN TRÃI – 5 TẦNG – GIÁ CHỈ 2.75 TỶ,"2,75 tỷ","Phường Nhân Chính, Quận Thanh Xuân, Hà Nội",20 m² (4.0x5.0),4 phòng,3 WC,5,Hợp đồng mua bán,31-10-2025
"GIÁ 4.7 TỶ! TẬP THỂ THANH XUÂN - TX: 110M², TẦNG 2 - FULL NỘI THẤT!","4,7 tỷ","Phường Thanh Xuân Bắc, Quận Thanh Xuân, Hà Nội",110 m²,2 phòng,2 WC,1,Giấy tờ hợp lệ,30-10-2025
"Bán nhà 5T Tô Vĩnh Diện, TX 55m, Vỉa hè, Ô tô, KD, Sổ đỏ CC 21.5 tỷ","21,5 tỷ","Phường Khương Trung, Quận Thanh Xuân, Hà Nội",55 m²,4 phòng,N/A,4,Giấy tờ hợp lệ,30-10-2025
TRUNG TÂM THANH XUÂN - NÓI KHÔNG VỚI NGẬP LỤT - Cần Bán nhà Mới đẹp,"11,9 tỷ","Đường Khương Đình, Phường Khương Đình, Quận Thanh Xuân, Hà Nội",42 m² (3.8x12.0),5 phòng,4 WC,5,Sổ đỏ,03-11-2025
"Cần bán nhà Khương Trung 38m2 thoáng sáng, 6 phòng, giá đầu tư 7.4 tỷ","7,4 tỷ","Phường Khương Trung, Quận Thanh Xuân, Hà Nội",38 m²,6 phòng,N/A,4,Giấy tờ hợp lệ,30-10-2025
"Siêu Phẩm! Phố Hoàng Văn Thái, Gara Ô Tô 7 chỗ, 2 Thoáng, 46m2, 5T, 18","18,9 tỷ","Phường Khương Trung, Quận Thanh Xuân, Hà Nội",46 m²,N/A,N/A,N/A,Sổ đỏ,30-10-2025
CƠ HỘI HIẾM CÓ! NHÀ 71M² Ô TÔ ĐỖ CỬA - NHẬN FULL NỘI THẤT- Nhỉnh 12tỷ,"12,9 tỷ","Phường Khương Đình, Quận Thanh Xuân, Hà Nội",71 m²,3 phòng,1,3,Giấy tờ hợp lệ,30-10-2025
"Nhanh! Khương Trung, 30m ra ô tô, ngõ ba gác, nhà dân. 31m. Chỉ 6,3 ty","6,3 tỷ","Phường Khương Trung, Quận Thanh Xuân, Hà Nội",31 m² (3.5x9.0),3 phòng,2 WC,3,Giấy tờ hợp lệ,30-10-2025
"📌 Nhà Lô Góc 3 Thoáng Ở Khương Trung 50m2, 60m ra Oto, Giá 10.5 Tỷ","10,5 tỷ","Phường Thanh Xuân Trung, Quận Thanh Xuân, Hà Nội",50 m²,4 phòng,3 WC,4,Giấy tờ hợp lệ,30-10-2025
BÁN ĐẤT - PHỐ CHÍNH KINH - CẠNH TIỆM VÀNG - AN NINH TỐT - KINH DOANH,"37,9 tỷ","Phường Thanh Xuân Trung, Quận Thanh Xuân, Hà Nội",85 m² (8.0x10.5),1 phòng,1 WC,1,Giấy tờ hợp lệ,30-10-2025
"Bán nhà đẹp, DT: 31m2 Kim Giang 5 tầng full nội thất gần phố ô tô","8,35 tỷ","Phường Kim Giang, Quận Thanh Xuân, Hà Nội",31 m²,3 phòng,N/A,5,Giấy tờ hợp lệ,30-10-2025
HÀNG HIẾM! bán nhà THANH XUÂN - 50M RA PHỐ‍♀️- KHÔNG QUY HOẠCH⛔ - GIÁ,"5,75 tỷ","Phường Thanh Xuân Nam, Quận Thanh Xuân, Hà Nội",32 m² (3.5x8.0),3 phòng,4 WC,5,Giấy tờ hợp lệ,30-10-2025
NHÀ GẦN MẶT PHỐ NGUYỄN TRÃI - HÀNG HIẾM NHÀ RIÊNG MẶT NGÕ KINH DOANH,"2,75 tỷ","Phường Thượng Đình, Quận Thanh Xuân, Hà Nội",20 m² (4.0x5.0),2 phòng,2 WC,5,Hợp đồng mua bán,30-10-2025
"Phân lô mặt ngõ vip Nguyễn Tuân-TX- oto tránh 52mx4T ở thuê,KD 22.9 tỷ","22,9 tỷ","Phường Thanh Xuân Nam, Quận Thanh Xuân, Hà Nội",52 m² (3.7x13.0),5 phòng,4 WC,4,Giấy tờ hợp lệ,30-10-2025
"Siêu Hiếm! Bán nhà Tô Vĩnh Diện, Ô tô, 20m ra Phố, 48m2, MT 4,4m, 16 T",16 tỷ,"Đường Tô Vĩnh Diện, Phường Khương Trung, Quận Thanh Xuân, Hà Nội",48 m²,N/A,N/A,4,Sổ đỏ,29-10-2025
"Quá hời khu phân lô 90 Nguyễn Tuân 7,45 tỷ nhà 4 tầng",Thỏa thuận,"Đường Nguyễn Tuân, Phường Thanh Xuân Trung, Quận Thanh Xuân, Hà Nội",25 m²,N/A,N/A,4,Sổ đỏ,29-10-2025
"NHÀ MỚI KHƯƠNG ĐÌNH – LÔ GÓC – 35Mx6T THANG MÁY – CÁCH PHỐ 70M, SỔ ĐẸP","9,3 tỷ","Phường Khương Đình, Quận Thanh Xuân, Hà Nội",35 m²,3 phòng,5 WC,6,Giấy tờ hợp lệ,29-10-2025
BÁNNHÀ ĐẦU PHỐ TRIỀU KHÚC🏡Ô TÔ ĐỖ GẦN🌹190tr/m2-NÓI KHÔNG VỚI QUY HOẠCH,"9,05 tỷ","Phường Thanh Xuân Nam, Quận Thanh Xuân, Hà Nội",47 m² (3.8x11.0),4 phòng,N/A,4,Giấy tờ hợp lệ,29-10-2025
"Hot! Khương Trung, 2 thoáng, ngõ ba gác, nhà dân đẹp. 30mx4T. Chỉ 6,2t","6,2 tỷ","Phường Khương Trung, Quận Thanh Xuân, Hà Nội",30 m² (3.3x9.0),3 phòng,3 WC,4,Giấy tờ hợp lệ,29-10-2025
CHDV DÒNG TIỀN   -23 KHÉP KÍN FULL ĐỒ - LÔ GÓC 2 MẶT TIỀN - Ô TÔ 7 CHỖ,28 tỷ,"Phường Khương Đình, Quận Thanh Xuân, Hà Nội",80 m²,11 phòng,7 WC,7,Giấy tờ hợp lệ,29-10-2025
"Phân Lô Quân Đội - Dòng Tiền 1,2 Tỏi/Năm - Ô Tô Tránh Cách Nhà 5m","20,5 tỷ","Phường Khương Mai, Quận Thanh Xuân, Hà Nội",61 m²,11 phòng,7 WC,7,Giấy tờ hợp lệ,29-10-2025
Bán nhà tập thể tầng 1 khu Thanh Xuân,7 tỷ,"Phường Khương Đình, Quận Thanh Xuân, Hà Nội",33 m²,3 phòng,2 WC,N/A,Giấy tờ hợp lệ,29-10-2025
Gà Đẻ Trứng Vàng 11P Khép Kín Phố Nguyễn Trãi - Thanh Xuân,"11,9 tỷ","Phường Thanh Xuân Trung, Quận Thanh Xuân, Hà Nội",50 m²,11 phòng,7 WC,5,Giấy tờ hợp lệ,29-10-2025
Tôi cần bán nhà 6tầng mặt ngõ ô tô chánh đỗ kinh doanh vỉa hè rộngrãi.,"24,45 tỷ","Phường Thanh Xuân Trung, Quận Thanh Xuân, Hà Nội",50 m²,6 phòng,6 WC,6,Giấy tờ hợp lệ,29-10-2025
Xem là chốt nha mặt ngõ kinh doanh Nguyễn Trãi-full nội thất-20m*5T;3N,"2,75 tỷ","Phường Thượng Đình, Quận Thanh Xuân, Hà Nội",20 m²,3 phòng,N/A,5,Giấy tờ khác,29-10-2025
"Nhà đẹp Phố Khương Hạ, Quận Thanh Xuân. DT:34m, 5 tầng. Giá:7,8 tỷ","7,8 tỷ","8, Đường Khương Hạ, Phường Hạ Đình, Quận Thanh Xuân, Hà Nội",34 m²,3 phòng,3 WC,5,Sổ đỏ,01-11-2025
"Bán nhà Phân lô Quân Đội Lê Trọng Tấn 73m²,Ngõ ô tô  – Giá 16.8 tỷ","16,8 tỷ","Đường Lê Trọng Tấn, Phường Khương Mai, Quận Thanh Xuân, Hà Nội",73 m²,4 phòng,3 WC,4,Sổ đỏ,01-11-2025
Siêu phẩm Chân Dài siêu mới Bùi Xương Trạch 46mx5 chỉ nhỉnh nhẹ 8đồng,"7,9 tỷ","Phường Khương Đình, Quận Thanh Xuân, Hà Nội",45.8 m²,4 phòng,4 WC,5,Giấy tờ hợp lệ,28-10-2025
HOÀNG VĂN THÁI - LÔ GÓC - PHÂN LÔ - Ô TÔ - KINH DOANH - 2 THOÁNG,"18,61 tỷ","Phường Khương Mai, Quận Thanh Xuân, Hà Nội",60 m² (5.0x12.0),4 phòng,5 WC,N/A,Giấy tờ hợp lệ,28-10-2025
CCMN VƯƠNG THỪA VŨ - 7 TẦNG THANG MÁY - 10 PHÒNG XỊN - DT 70m/THÁNG,"14,5 tỷ","Phường Khương Mai, Quận Thanh Xuân, Hà Nội",47 m² (4.0x12.0),11 phòng,7 WC,7,Giấy tờ hợp lệ,28-10-2025
TRUNG TÂM THANH XUÂN – CHDV DÒNG TIỀN KHỦNG – LÔ GÓC 2 MẶT TIỀN- 28 Ty,28 tỷ,"Phường Khương Đình, Quận Thanh Xuân, Hà Nội",80 m² (5.4x16.0),11 phòng,N/A,7,Giấy tờ hợp lệ,28-10-2025
NHÀ PHÂN LÔ - Ô TÔ TRÁNH - CÓ SÂN ĐỖ Ô TÔ,"27,5 tỷ","Phường Khương Mai, Quận Thanh Xuân, Hà Nội",81.6 m² (4.0x20.4),8 phòng,4 WC,4,Giấy tờ hợp lệ,28-10-2025
"bán nhà mặt phố Chính Kinh- Thanh Xuân, DT: 30m2 chỉ nhỉnh 9 tỷ","9,2 tỷ","Phường Thanh Xuân Trung, Quận Thanh Xuân, Hà Nội",30 m²,3 phòng,N/A,5,Giấy tờ hợp lệ,28-10-2025
Bán nhà lô góc gần phố Vũ Tông Phan Thanh Bình,"6,9 tỷ","Phường Khương Đình, Quận Thanh Xuân, Hà Nội",34 m² (4.2x9.0),6 phòng,4 WC,5,Giấy tờ hợp lệ,28-10-2025
LÊ TRỌNG TẤN MẶT NGÕ THÔNG OTO LÔ GÓC DÂN XÂY VỪA Ở VỪA KINH DOANH 10T,"10,3 tỷ","Phường Khương Đình, Quận Thanh Xuân, Hà Nội",45 m²,3 phòng,3 WC,3,Giấy tờ hợp lệ,28-10-2025
45m2*4 tầng- 2 thoáng cửa sổ-có ban công 11.6 tỷ ngõ 142 Khương Đình,"11,6 tỷ","142, Đường Khương Đình, Phường Khương Đình, Quận Thanh Xuân, Hà Nội",45 m²,5 phòng,4 WC,4,Sổ đỏ,07-11-2025
Bán nhà đất 393 Nguyễn xiển đang cho thuê,43 tỷ,"Đường Nguyễn Xiển, Phường Kim Giang, Quận Thanh Xuân, Hà Nội",145 m² (15.6x7.3),N/A,N/A,N/A,Sổ đỏ,03-11-2025
Thanh Xuân 31m/5 tầng ô tô đỗ cổng chỉ 7.3 tỷ,"7,3 tỷ","Đường Vũ Tông Phan, Phường Khương Đình, Quận Thanh Xuân, Hà Nội",31 m²,3 phòng,3 WC,5,Sổ đỏ,31-10-2025
"Bán nhà riêng ngõ vũ hữu thanh Xuân Bắc phường thanh Xuân,33m2x 2 tầng","2,2 tỷ","Đường Vũ Hữu, Phường Thanh Xuân Bắc, Quận Thanh Xuân, Hà Nội",33 m²,N/A,N/A,2,Sổ đỏ,07-11-2025
"Nhà phân lô 6 tầng thang máy - Bùi Xương Trạch 35m2 ,Mt 3m giá 9,8 tỷ","9,8 tỷ","Phường Khương Đình, Quận Thanh Xuân, Hà Nội",35.5 m² (3.1x12.0),3 phòng,5 WC,6,Giấy tờ hợp lệ,27-10-2025
"Hàng hiếm, ngõ ô tô thông, nhà đẹp Hoàng Văn Thái, Thanh Xuân, Hà Nội","4,25 tỷ","Phường Khương Trung, Quận Thanh Xuân, Hà Nội",86 m² (5.0x17.2),2 phòng,2 WC,2,Giấy tờ khác,27-10-2025
"Nhà Đẹp Gần Phố, Phan Đình Giót, Thanh Xuân  80m, mt 4m, giá 4.85 tỷ.","4,85 tỷ","Đường Phan Đình Giót, Phường Phương Liệt, Quận Thanh Xuân, Hà Nội",80 m² (4.0x20.0),2 phòng,2 WC,1,Sổ đỏ,26-10-2025
"Bán nhà phân lô Vương Thừa Vũ, Thanh Xuân, ô tô đỗ cổng, 89m, 11.9 tỷ","11,9 tỷ","Đường Vương Thừa Vũ, Phường Khương Đình, Quận Thanh Xuân, Hà Nội",89 m²,5 phòng,4 WC,N/A,Sổ hồng,26-10-2025
"Bán Nhà Dòng Tiền Vương Thừa Vũ 65m, 8 tầng, mt 3.9m, giá 30 tỷ.",30 tỷ,"Đường Vương Thừa Vũ, Phường Khương Mai, Quận Thanh Xuân, Hà Nội",65 m² (3.9x16.6),14 phòng,14 WC,8,Sổ đỏ,26-10-2025
"HÀNG HIẾM HOÀNG VĂN THÁI,PHÂN LÔ QUÂN ĐỘI, Ô TÔ TRÁNH,NGÕ THÔNG,Ở SƯỚN","20,8 tỷ","Đường Lê Trọng Tấn, Phường Khương Trung, Quận Thanh Xuân, Hà Nội",55 m²,4 phòng,4 WC,5,Sổ đỏ,30-10-2025
"Nhà Mới Thang Máy Full Nội Thất, Giá Tốt, Chủ Thiện Chí","9,47 tỷ","Đường Khương Đình, Phường Hạ Đình, Quận Thanh Xuân, Hà Nội",35 m²,4 phòng,5 WC,6,Sổ đỏ,06-11-2025
"Nhà Đẹp Phố Phan Đình Giót - Thanh Xuân 32m, 5 tầng, mt 3.7m, nhỉnh 8","8,6 tỷ","Phường Khương Mai, Quận Thanh Xuân, Hà Nội",34 m²,4 phòng,4 WC,5,Giấy tờ hợp lệ,26-10-2025
Bán nhà TT Quận Thanh Xuân :DT 50m: 5 tầng .ngõ 3 gác,"8,6 tỷ","Phường Khương Đình, Quận Thanh Xuân, Hà Nội",50 m²,3 phòng,3 WC,5,Giấy tờ hợp lệ,26-10-2025
"CC Cần bán Nhà: Phân lô, Ôtô , Dân trí cao, Kinh doanh, Gần phố",14 tỷ,"Phường Thanh Xuân Bắc, Quận Thanh Xuân, Hà Nội",50 m² (3.6x14.0),4 phòng,4 WC,4,Sổ đỏ,25-10-2025
"Bán Nhà Hoàng Văn Thái 6 Tầng Xây Mới Mặt Tiền 8,4M ( Cách Ô Tô 5M )","15,6 tỷ","Đường Hoàng Văn Thái, Phường Khương Trung, Quận Thanh Xuân, Hà Nội",50 m²,3 phòng,6 WC,6,Sổ đỏ,25-10-2025
"Bán tòa văn phòng mặt phố Nguyễn Ngọc Nại,100m2, 8 tầng chỉ 550tr/m,đầ",Thỏa thuận,"Phường Khương Trung, Quận Thanh Xuân, Hà Nội",45 m²,3 phòng,N/A,8,Sổ đỏ,29-10-2025
BÁN NHÀ 30M RA MẶT PHỐ VŨ TÔNG PHAN – LÔ GÓC – 2 THOÁNG VĨNH VIỄN!,"3,5 tỷ","Phường Khương Đình, Quận Thanh Xuân, Hà Nội",30 m²,3 phòng,N/A,3,Hợp đồng mua bán,25-10-2025
Bán nhà đẹp ở ngay cách ô tô 10m Phố Khương Trung Thanh Xuân,"8,95 tỷ","Phường Khương Đình, Quận Thanh Xuân, Hà Nội",30 m² (3.4x9.0),3 phòng,4 WC,4,Giấy tờ hợp lệ,25-10-2025
"QUAN NHÂN nhà mới 36mx5– LÔ GÓC 2 THOÁNG,chỉ 7 đồng bay nhanh luôn",7 tỷ,"Phường Nhân Chính, Quận Thanh Xuân, Hà Nội",35 m² (5.2x7.0),4 phòng,5 WC,5,Giấy tờ hợp lệ,25-10-2025
BÁN NHÀ MẶT TIỀN KINH DOANH Ở KHƯƠNG TRUNG 7PN MT 3.4M2,"12,5 tỷ","Phường Khương Trung, Quận Thanh Xuân, Hà Nội",33 m²,7 phòng,5 WC,5,Giấy tờ hợp lệ,25-10-2025
SIÊU PHẨM KHUẤT DUY TIẾN  OTO THÔNG SÀN THANG MÁY NHẬP KHẨU SỊN SÒ,"20,95 tỷ","Phường Thanh Xuân Bắc, Quận Thanh Xuân, Hà Nội",51 m²,5 phòng,5 WC,7,Giấy tờ hợp lệ,25-10-2025
Bán nhà gần phố gần ô tô Phố Chính Kinh Thanh Xuân,"12,5 tỷ","Phường Nhân Chính, Quận Thanh Xuân, Hà Nội",55 m² (6.5x8.0),2 phòng,3 WC,4,Giấy tờ hợp lệ,25-10-2025
Bán nhà phố Nhân Hoà ô tô chạy qua nhà vị trí vip cực hiếm nhà bán,"13,25 tỷ","Phường Nhân Chính, Quận Thanh Xuân, Hà Nội",40 m²,3 phòng,4 WC,6,Giấy tờ hợp lệ,24-10-2025
Siêu hiếm phố Nhân Hoà chưa đến 5 tỷ ô tô đỗ - kinh doanh 10m ra phố,"4,85 tỷ","Phường Nhân Chính, Quận Thanh Xuân, Hà Nội",80 m²,3 phòng,2 WC,1,Giấy tờ hợp lệ,24-10-2025
BÁN NHÀ VŨ TÔNG PHAN – 38M² – 6T THANG MÁY – NHÀ MỚI ĐẸP – 15M RA Ô TÔ,"9,5 tỷ","Phường Khương Đình, Quận Thanh Xuân, Hà Nội",38 m² (3.5x10.9),4 phòng,4 WC,6,Giấy tờ hợp lệ,24-10-2025
"BÁN NHÀ LÊ TRỌNG TẤN GẦN Ô TÔ, 4 NGỦ, MẶT TIỀN HƠN 4M","11,5 tỷ","Phường Khương Mai, Quận Thanh Xuân, Hà Nội",46 m²,4 phòng,3 WC,4,Giấy tờ hợp lệ,24-10-2025
"NguyễnViết Xuân 36mx4 Nhà đẹp này,nyc có quaylại cũng không cho ở nhờ.","6,85 tỷ","Phường Khương Mai, Quận Thanh Xuân, Hà Nội",36 m²,4 phòng,3 WC,4,Giấy tờ hợp lệ,24-10-2025
🌹🌹VIP - NHÀ ĐẸP - Ô TÔ ĐÂM THẲNG NHÀ  - LÔ GÓC - CHỈ 15M RA PHỐ🌹🌹,"18,5 tỷ","Phường Khương Đình, Quận Thanh Xuân, Hà Nội",43 m²,4 phòng,5 WC,N/A,Giấy tờ hợp lệ,24-10-2025
"SIÊU PHẨM HOÀNG VĂN THÁI - 6 TẦNG 1 TUM XÂY MỚI, NỘI THẤT HIỆN ĐẠI","15,6 tỷ","Phường Khương Mai, Quận Thanh Xuân, Hà Nội",50 m² (8.4x6.5),4 phòng,4 WC,7,Giấy tờ hợp lệ,24-10-2025
BÁN NHÀ VŨ TÔNG PHAN GẦN NGÃ TƯ SỞ NGÕ TO GẦN Ô TÔ DT: 31m2*5 Tầng,"7,3 tỷ","Phường Khương Đình, Quận Thanh Xuân, Hà Nội",31 m² (6.0x5.5),4 phòng,4 WC,5,Giấy tờ hợp lệ,24-10-2025
"BÁN NHÀ PHÂN LÔ NGUYỄN TUÂN, THANH XUÂN 25M 3 NGỦ 6.75 TỶ","6,75 tỷ","Phường Thanh Xuân Trung, Quận Thanh Xuân, Hà Nội",25 m²,3 phòng,N/A,4,Giấy tờ hợp lệ,24-10-2025
"[QUÁ HÓT] BÁN NHÀ KHƯƠNG ĐÌNH - 38M2, 6T THANG MÁY -  CHỈ 9.2 TỶ","9,2 tỷ","Phường Khương Đình, Quận Thanh Xuân, Hà Nội",38 m² (4.0x9.5),4 phòng,N/A,6,Giấy tờ hợp lệ,24-10-2025
"QUAN NHÂN nhà mới siêu đẹp 35mx5–LÔ GÓC 2THOÁNG, nhỉnh nhẹ 7 đồng thoi","7,25 tỷ","Phường Nhân Chính, Quận Thanh Xuân, Hà Nội",34 m² (5.0x7.0),4 phòng,4 WC,5,Giấy tờ hợp lệ,24-10-2025
Trục chính đường Lạc Hồng 34m ô tô tránh,"1,65 tỷ","Phường Khương Đình, Quận Thanh Xuân, Hà Nội",34 m² (4.0x8.5),1 phòng,1 WC,1,Hợp đồng mua bán,24-10-2025
KHƯƠNG TRUNG 30M MẶT PHỐ 6 TẦNG–8 NGỦ- CHO THUÊ ĐUỔI MÃI KO HẾT KHÁCH,"8,7 tỷ","Phường Khương Mai, Quận Thanh Xuân, Hà Nội",34 m² (3.6x9.8),8 phòng,4 WC,6,Giấy tờ hợp lệ,24-10-2025
"BAY QUAN NHÂN 6 ngủ nhỉnh 6 đồng,vừa ở vừa cho thuê đuổi khách ko hết","6,85 tỷ","Phường Nhân Chính, Quận Thanh Xuân, Hà Nội",31 m²,6 phòng,4 WC,6,Giấy tờ hợp lệ,24-10-2025
13TỶ25 40M2 NHÂN HOÀ TXUÂN- NHÀ ĐẸP 6 TẦNG - GARA OTO - KDOANH TẤP NẬP,"13,25 tỷ","Phường Nhân Chính, Quận Thanh Xuân, Hà Nội",34 m² (5.7x6.0),3 phòng,4 WC,6,Giấy tờ hợp lệ,24-10-2025
"chính chủ cần bán na 30,4m2 gia 7ty5",750 triệu,"Phường Hạ Đình, Quận Thanh Xuân, Hà Nội",30.4 m²,4 phòng,2 WC,3,Giấy tờ hợp lệ,23-10-2025
"Bán Nhà Hoàng Văn Thái Cực Hiếm, diện tích 50m2 4 tầng chỉ nhô 12 tỷ","12,5 tỷ","Phường Khương Trung, Quận Thanh Xuân, Hà Nội",50 m² (4.1x13.0),3 phòng,3 WC,4,Giấy tờ hợp lệ,23-10-2025
"BÁN NHÀ THANH XUÂN CHÍNH KINH 55M² × 4,5 TẦNG Ô TÔ TRÁNH 20M - MT 8M",Thỏa thuận,"Phường Thanh Xuân Bắc, Quận Thanh Xuân, Hà Nội",55 m²,N/A,N/A,4.5,Sổ đỏ,28-10-2025
Hoàng Văn Thái - Phân lô 6 tầng thang máy - oto tránh - 50m2 - 10 tỷ,Thỏa thuận,"Đường Hoàng Văn Thái, Phường Khương Trung, Quận Thanh Xuân, Hà Nội",50 m²,6 phòng,6 WC,6,Sổ đỏ,28-10-2025
"Toà nhà VP mới đẹp, vỉa hè, kinh doanh, ô tô tránh, thang máy xịn","25,8 tỷ","Đường Phan Đình Giót, Phường Phương Liệt, Quận Thanh Xuân, Hà Nội",68 m² (4.5x16.0),7 phòng,7 WC,7,Sổ đỏ,23-10-2025
"Bán nhà tập thể Thanh Xuân, tầng 2, dt 110m2, full đồ, 4,8 tỷ","4,8 tỷ","Phường Thanh Xuân Bắc, Quận Thanh Xuân, Hà Nội",110 m²,2,N/A,N/A,Sổ đỏ,30-10-2025
"🏡 nhà mới Kim Giang- Thanh Xuân ,ở ngay","3,6 tỷ","Phường Kim Giang, Quận Thanh Xuân, Hà Nội",40 m²,3 phòng,3 WC,5,Sổ đỏ,27-10-2025
BÁN NHÀ THANH XUÂN - MẶT PHỐ - VIEW HỒ - OTO TRÁNH - Ở NGAY,23 tỷ,"Phường Khương Đình, Quận Thanh Xuân, Hà Nội",63 m²,4 phòng,3 WC,4,Giấy tờ hợp lệ,23-10-2025
"bán nhà KhươngTrung, 4 tầng, 60m2,chỉ nhô 13 tỷ.tránh ô tô, kinh doanh","13,8 tỷ","Phường Khương Trung, Quận Thanh Xuân, Hà Nội",60 m² (5.0x4.8),5 phòng,3 WC,4,Giấy tờ hợp lệ,23-10-2025
"MẶT NGÕ – PHAN ĐÌNH GIÓT – NHÀ ĐẸP, GẦN Ô TÔ FULL NỘI THẤT","8,6 tỷ","Phường Phương Liệt, Quận Thanh Xuân, Hà Nội",36 m²,3 phòng,4 WC,5,Giấy tờ hợp lệ,23-10-2025
63m2 nhà cấp 4 ngõ oto Nguyễn Xiển giá chỉ 2.3 tỷ,"2,25 tỷ","Phường Hạ Đình, Quận Thanh Xuân, Hà Nội",63 m²,2 phòng,1 WC,1,Sổ hồng,23-10-2025
"GIÁ 5.75 TỶ! NHÀ TRIỀU KHÚC - THANH XUÂN: 30M², 5 TẦNG - 50M RA PHỐ!","5,75 tỷ","Phường Phương Liệt, Quận Thanh Xuân, Hà Nội",30 m²,3 phòng,3,5,Giấy tờ hợp lệ,23-10-2025
"GIÁ 9.998 TỶ! NHÀ LÊ TRỌNG TẤN - THANH XUÂN: 36M², 6 TẦNG - OTO ĐỖ","9,99 tỷ","Phường Khương Đình, Quận Thanh Xuân, Hà Nội",36 m²,4 phòng,N/A,6,Giấy tờ hợp lệ,23-10-2025
💎 SIÊU PHẨM VƯƠNG THỪA VŨ – 50m CHỈ 21.2 TỶ,"21,2 tỷ","Phường Khương Trung, Quận Thanh Xuân, Hà Nội",50 m² (5.1x9.0),4 phòng,6 WC,7,Giấy tờ hợp lệ,23-10-2025
"Siêu phẩm! Nhà Trường Chinh, full nội thất đẹp như 5 sao, 30m ra phố","12,5 tỷ","Phường Khương Mai, Quận Thanh Xuân, Hà Nội",45 m²,4 phòng,N/A,6,Giấy tờ hợp lệ,23-10-2025
NHÀ ĐẤT TRUNG TÂM THANH XUÂN – 80M2 - GIÁ ĐẦU TƯ CHỈ 13 TỶ,13 tỷ,"Phường Thượng Đình, Quận Thanh Xuân, Hà Nội",80 m² (4.0x20.0),4 phòng,N/A,4,Giấy tờ hợp lệ,23-10-2025
"!OTO ĐỖ CỬA VÀO NHÀ ! MỘT NHÀ RA PHỐ ! THÔNG SÀN KINH DOANH ! 9,6 TỶ !",96 tỷ,"Đường Kim Giang, Phường Kim Giang, Quận Thanh Xuân, Hà Nội",33 m²,3,N/A,6,Sổ hồng,27-10-2025
"Quá hời khu phân lô 90 Nguyễn Tuân 7,45 tỷ nhà 4 tầng","7,45 tỷ","Phường Thanh Xuân Trung, Quận Thanh Xuân, Hà Nội",25 m²,3 phòng,N/A,4,Giấy tờ hợp lệ,23-10-2025
"Bán nhà Mặt Phố Thượng Đình, 7T Thang Máy, KD, 38m2, MT 3.6m, 22 Tỷ.",22 tỷ,"Phường Thượng Đình, Quận Thanh Xuân, Hà Nội",38 m²,N/A,N/A,7,Sổ đỏ,27-10-2025
"Chính chủ cần bán nhà 6 tầng lầu, thang máy ở ngã tư sở","9,3 tỷ","Đường Khương Đình, Phường Khương Đình, Quận Thanh Xuân, Hà Nội",32 m² (4.0x8.0),4 phòng,5 WC,6,Sổ đỏ,26-10-2025
Bán Nhà Khương Hạ chưa đến 10 tỷ. 31 met 6 tâng ngõ thông,"9,9 tỷ","Phường Khương Trung, Quận Thanh Xuân, Hà Nội",31 m²,3 phòng,3 WC,6,Giấy tờ hợp lệ,22-10-2025
"BÁN GẤP NHÀ PHỐ BÙI XƯƠNG TRẠCH  DT 30M  6TẦNG 4 NGỦ ,NHÀ ĐẸP Ở NGAY","8,6 tỷ","Phường Khương Đình, Quận Thanh Xuân, Hà Nội",30 m² (3.7x8.5),4 phòng,N/A,6,Giấy tờ hợp lệ,22-10-2025
Bán nhà phương liệt thanh xuân diện tích. 65.m2 xây dựng. 5 tầng.,"19,8 tỷ","Phường Phương Liệt, Quận Thanh Xuân, Hà Nội",65 m² (5.0x12.0),5 phòng,4 WC,5,Giấy tờ hợp lệ,22-10-2025
"11TỶ9 BÁN GẤP CCMN DTIỀN TỐT 41M2 6 TẦNG THANG MÁY, KHƯƠNG HẠ, T.XUÂN","11,9 tỷ","Phường Khương Đình, Quận Thanh Xuân, Hà Nội",41 m² (3.6x10.3),10 phòng,N/A,6,Giấy tờ hợp lệ,22-10-2025
Bán nhà lô góc 3 thoáng Lương Thế Vinh Nguyễn Trãi S80m 5T giá 22 tỷ,22 tỷ,"Phường Thanh Xuân Nam, Quận Thanh Xuân, Hà Nội",74 m²,8 phòng,7 WC,5,Giấy tờ hợp lệ,22-10-2025
"Bán Nhà 22 Ngõ 92 Vương Thừa Vũ, Khương Trung, Thanh Xuân","21,9 tỷ","Phường Khương Trung, Quận Thanh Xuân, Hà Nội",102 m² (3.3x25.0),8 phòng,N/A,N/A,Giấy tờ hợp lệ,21-10-2025
"BÁN CCMN THANH XUÂN - NGÃ TƯ SỞ - Ô TÔ THÔNG - DÒNG TIỀN 1,3 tỷ/Năm",25 tỷ,"Phường Khương Mai, Quận Thanh Xuân, Hà Nội",87 m²,11 phòng,7 WC,7,Giấy tờ hợp lệ,21-10-2025
"Bán Mảnh Đất Khu Quan Nhân Mặt Bằng 120m, Mặt Tiền 8.5m, 2.5 Tầng","22,8 tỷ","Đường Quan Nhân, Phường Nhân Chính, Quận Thanh Xuân, Hà Nội",120 m²,N/A,N/A,2.5,Sổ đỏ,27-10-2025
BÁN NHÀ PHÂN LÔ HOÀNG VĂN THÁI DT - 46M² x 4T - MT 4.1M - GARA Ô TÔ,"17,5 tỷ","Đường Hoàng Văn Thái, Phường Khương Mai, Quận Thanh Xuân, Hà Nội",46 m²,N/A,N/A,N/A,Sổ đỏ,25-10-2025
"Nhà hiếm khu VIP Hà Nội, nhà mới vừa ở vừa kinh doanh. SỔ HOA HẬU","8,9 tỷ","Phường Nhân Chính, Quận Thanh Xuân, Hà Nội",30 m² (3.0x10.0),3 phòng,N/A,6,Giấy tờ hợp lệ,21-10-2025
NHÀ ĐẸP 5 TẦNG 57M2 19TỶ8 T.TÂM THANH XUÂN – GARA ÔTÔ – THANG MÁY,"19,8 tỷ","Phường Phương Liệt, Quận Thanh Xuân, Hà Nội",57 m²,5 phòng,N/A,5,Giấy tờ hợp lệ,21-10-2025
"Giá giật mình! Chính Kinh, 40m ra phố, ngõ ba gác, dân xây. Chỉ 6 tỷ",6 tỷ,"Phường Nhân Chính, Quận Thanh Xuân, Hà Nội",37 m² (3.5x10.0),4 phòng,4 WC,4,Giấy tờ hợp lệ,21-10-2025
15TỶ5 CẦN BÁN GẤP N.ĐẸP KHƯƠNG HẠ 46M2-GARA 7 CHỖ-VIEW HỒ-NỘI THẤT VIP,"15,5 tỷ","Phường Khương Đình, Quận Thanh Xuân, Hà Nội",46 m² (3.4x13.7),6 phòng,4 WC,5,Giấy tờ hợp lệ,21-10-2025
"GIÁ 7.85 TỶ! NHÀ LÊ TRỌNG TẤN - ĐỐNG ĐA: 38M², 5 TẦNG - MT 7M!","7,85 tỷ","Phường Hạ Đình, Quận Thanh Xuân, Hà Nội",38 m²,5 phòng,4,5,Giấy tờ hợp lệ,21-10-2025
"102 Hoàng Đạo Thành. Vị trí nhiều tiện ích, ô tô chạy thoải mái.","11,5 tỷ","Phường Hạ Đình, Quận Thanh Xuân, Hà Nội",32 m² (3.2x10.8),3 phòng,N/A,6,Giấy tờ hợp lệ,21-10-2025
💥SIÊU PHẨM PHÂN LÔ QUÂN ĐỘI – Ô TÔ VÀO NHÀ – 7 TẦNG THANG MÁY – FULL N,"21,2 tỷ","Phường Khương Trung, Quận Thanh Xuân, Hà Nội",47 m²,4 phòng,4 WC,7,Giấy tờ hợp lệ,21-10-2025
"Như cung điện!Khương Trung, 2 thoáng, 30m ra ô tô, ngõ 2,5m. Chỉ 10,2t","10,2 tỷ","Phường Khương Trung, Quận Thanh Xuân, Hà Nội",53 m² (4.0x13.0),6 phòng,4 WC,5,Giấy tờ hợp lệ,21-10-2025
THANH XUÂN - Ô TÔ VINFAST VÀO NHÀ - 10m RA Ô TÔ TRÁNH,"4,85 tỷ","Phường Phương Liệt, Quận Thanh Xuân, Hà Nội",40 m²,2 phòng,2 WC,N/A,Giấy tờ hợp lệ,21-10-2025
"Bán nhà Bùi Xương Trạch, Thanh Xuân, Ô tô, Kinh doanh, 39m2, 8.99","8,99 tỷ","Phường Khương Đình, Quận Thanh Xuân, Hà Nội",39 m² (3.0x12.5),4 phòng,4 WC,5,Giấy tờ hợp lệ,21-10-2025
Cần bán nhà phân lô quân đội hoàng văn thái,145 triệu,"Phường Khương Trung, Quận Thanh Xuân, Hà Nội",40 m²,N/A,N/A,6,Sổ đỏ,24-10-2025
BÁN NHÀ MẶT NGÕ KINH DOANH ĐƯỜNG TRIỀU KHÚC. 5 TẦNG. 4.92 TỶ.,"4,92 tỷ","Phường Thanh Xuân Trung, Quận Thanh Xuân, Hà Nội",28 m² (4.0x7.0),4 phòng,5 WC,5,Giấy tờ hợp lệ,20-10-2025
"Nhà đẹp Phan Đình Giót! 50m ra ô tô, ngõ ba gác. 35mx5T. Chỉ 8,5 tỷ","8,5 tỷ","Phường Phương Liệt, Quận Thanh Xuân, Hà Nội",35 m² (3.7x10.0),3 phòng,4 WC,5,Giấy tờ hợp lệ,20-10-2025
"Bán Nhà Riêng tại Phố Khương Hạ, 6,45 tỷ, 30m2, Chính chủ hàng hiếm","6,45 tỷ","Phường Khương Đình, Quận Thanh Xuân, Hà Nội",30 m²,3 phòng,N/A,5,Giấy tờ hợp lệ,20-10-2025
Nhà 5 tầng Khương Trung-mặt ngõ oto tránh-35m;4ngủ,"3,85 tỷ","Phường Khương Trung, Quận Thanh Xuân, Hà Nội",35 m²,4 phòng,N/A,5,Giấy tờ khác,20-10-2025
BÁN NHÀ TÔ VĨNH DIỆN THANH XUÂN KHU PHÂN LÔ KINH DOANH ONLAI DT36m2,"8,8 tỷ","Phường Khương Trung, Quận Thanh Xuân, Hà Nội",36 m² (5.0x7.5),4 phòng,5 WC,6,Giấy tờ hợp lệ,20-10-2025
"Chỉ 6,5 tỷ! Nhà đẹp Khương Trung, 40m ra ô tô, ngõ ba gác. 34mx4 ngủ","6,5 tỷ","Phường Khương Trung, Quận Thanh Xuân, Hà Nội",34 m² (3.5x10.0),4 phòng,3 WC,4,Giấy tờ hợp lệ,20-10-2025
[SIÊU HIẾM] BÁN NHÀ KHƯƠNG TRUNG - DÂN XÂY - Ở NGAY 44M2 4T NHỈNH 9 TỶ,"9,12 tỷ","Phường Khương Đình, Quận Thanh Xuân, Hà Nội",44 m² (4.0x11.0),4 phòng,N/A,4,Giấy tờ hợp lệ,20-10-2025
"Siêu đẹp! Lô góc Khương Trung, 40m ra phố, ngõ 3m, nhà đẹp. Chỉ 8,2 ty","8,2 tỷ","Phường Khương Trung, Quận Thanh Xuân, Hà Nội",38 m² (3.6x11.0),4 phòng,4 WC,5,Giấy tờ hợp lệ,20-10-2025
"Nhà đẹp Nguyễn Trãi! 30m ra phố, ngõ nông thẳng, dân xây. 39mx4T. 8,5t","8,5 tỷ","Phường Thanh Xuân Nam, Quận Thanh Xuân, Hà Nội",39 m² (4.6x8.0),4 phòng,3 WC,4,Giấy tờ hợp lệ,20-10-2025
"GIÁ 7.8 TỶ! NHÀ KIM GIANG - THANH XUÂN: 40M², 7 TẦNG - DÒNG TIỀN 35TR!","7,8 tỷ","Phường Kim Giang, Quận Thanh Xuân, Hà Nội",40 m²,7 phòng,N/A,7,Giấy tờ hợp lệ,20-10-2025
"Phân lô Hoàng Văn Thái, 40m ra phố, ngõ rộng, nhà đẹp. 27mx4T. Chi 6,5","6,5 tỷ","Phường Khương Trung, Quận Thanh Xuân, Hà Nội",27 m² (3.0x9.0),3 phòng,3 WC,4,Giấy tờ hợp lệ,20-10-2025
NGÕ NÔNG THÔNG GẦN OTO DÂN XÂY KHUNG CỘT CHẮC CHẮN LÔ GÓC,"8,99 tỷ","Phường Khương Đình, Quận Thanh Xuân, Hà Nội",45 m²,4 phòng,4 WC,4,Giấy tờ hợp lệ,20-10-2025
"THANH XUAN 46M ,5 TANG ,NHA MOI FULL NOI THAT","8,3 tỷ","Phường Khương Đình, Quận Thanh Xuân, Hà Nội",46 m² (4.5x10.5),3 phòng,4 WC,5,Giấy tờ hợp lệ,20-10-2025
🔥! bán nhà THANH XUÂN - 🚗Ô TÔ 50M - SỔ VUÔNG - GẦN HỒ 🏞️!,"7,9 tỷ","Phường Khương Trung, Quận Thanh Xuân, Hà Nội",44 m² (4.3x10.0),3 phòng,3 WC,4,Giấy tờ hợp lệ,20-10-2025
"Mặt phố Khương Đình, kinh doanh, 2 ô tô tránh. 38m/sau QH còn 31m.7,5t","7,5 tỷ","Phường Hạ Đình, Quận Thanh Xuân, Hà Nội",38 m² (3.5x11.0),3 phòng,3 WC,3,Giấy tờ hợp lệ,20-10-2025
"Nhà đẹp Tô Vĩnh Diện, 2 thoáng, 50m ra ô tô, gần gửi ô tô. Chỉ 7,8 ty","7,8 tỷ","Phường Khương Trung, Quận Thanh Xuân, Hà Nội",37 m² (3.5x10.2),3 phòng,4 WC,5,Giấy tờ hợp lệ,20-10-2025
"Hot!Nguyễn Trãi, 2 thoáng, 50m ra phố, nhà dân xây. 42mx3T. Chỉ 6,8 tỷ","6,8 tỷ","Phường Thanh Xuân Bắc, Quận Thanh Xuân, Hà Nội",42 m² (4.0x10.2),3 phòng,3 WC,3,Giấy tờ hợp lệ,20-10-2025
"Nhanh! Hà Kế Tấn, 50m ra ô tô, ngõ ba gác, nhà dân xây. 45mx4T. 8,4 ty","8,4 tỷ","Phường Phương Liệt, Quận Thanh Xuân, Hà Nội",45 m² (3.5x13.0),4 phòng,3 WC,4,Giấy tờ hợp lệ,20-10-2025
[QUÁ HIẾM] BÁN NHÀ KHƯƠNG ĐÌNH - 2 THOÁNG - DÂN XÂY 46M2 4T NHỈNH 9 TỶ,"9,5 tỷ","Phường Khương Đình, Quận Thanh Xuân, Hà Nội",46 m² (4.5x10.2),4 phòng,N/A,4,Giấy tờ hợp lệ,20-10-2025
"Phân lô Tô Vĩnh Diện, 20m ra ô tô, nhà đẹp, ngõ rộng. 36mx6T. Chỉ 8,6t","8,6 tỷ","Phường Khương Trung, Quận Thanh Xuân, Hà Nội",36 m² (4.0x8.6),4 phòng,5 WC,6,Giấy tờ hợp lệ,20-10-2025
BÁN NHÀ NGUYỄN TRÃI LÔ GÓC THANH XUÂN NGÕ THÔNG KINH DOANH ONLAI DT32m,"9,8 tỷ","Phường Thượng Đình, Quận Thanh Xuân, Hà Nội",32 m² (3.5x9.2),3 phòng,4 WC,5,Giấy tờ hợp lệ,20-10-2025
"LÔ GÓC Bùi Xương Trạch , 37m2 mặt tiền 3m ,9tỷ",9 tỷ,"Phường Khương Đình, Quận Thanh Xuân, Hà Nội",37 m² (3.0x12.5),5 phòng,4 WC,4,Giấy tờ hợp lệ,20-10-2025
"Bán nhà Khương Trung- DT:30m2 x 4 tầng, mặt tiền 5m, giá chỉ 6,x tỷ","6,9 tỷ","Phường Khương Đình, Quận Thanh Xuân, Hà Nội",30 m² (5.0x6.0),3 phòng,N/A,4,Giấy tờ hợp lệ,20-10-2025
"Nhanh! Chính Kinh, ngõ 2,5m, 50m ra phố, nhà dân xây. 42mx4T. Chỉ 7,2t","7,2 tỷ","Phường Nhân Chính, Quận Thanh Xuân, Hà Nội",42 m² (3.5x12.0),3 phòng,3 WC,4,Giấy tờ hợp lệ,20-10-2025
"💥NHÀ 3 TẦNG - CÓ THỂ KINH DOANH - ÔTÔ TRÁNH TRƯỚC CỬA - GIÁ 3,8 TỶ💥","3,8 tỷ","Phường Thanh Xuân Bắc, Quận Thanh Xuân, Hà Nội",36 m²,4 phòng,2 WC,3,Giấy tờ khác,20-10-2025
Lô góc Vũ Tông Phan. rất gần phố ngõ to rộng. 30m 3 tầng nhỉnh 3.x tỷ,"3,5 tỷ","Phường Khương Đình, Quận Thanh Xuân, Hà Nội",30 m²,4 phòng,3 WC,3,Đang chờ sổ,20-10-2025
"Bùi Xương Trạch - 32m2 , 5 tầng , MT 6m , ngõ thông , 8,3tỷ","8,3 tỷ","Phường Khương Đình, Quận Thanh Xuân, Hà Nội",45.8 m² (6.0x5.3),3 phòng,4 WC,5,Giấy tờ hợp lệ,20-10-2025
"Hiếm! Khương Trung, 30m ra ô tô, nhà đẹp dân xây, 4 ngủ. 32mx4T. 6,5ty","6,5 tỷ","Phường Khương Trung, Quận Thanh Xuân, Hà Nội",32 m² (3.5x9.0),4 phòng,3 WC,4,Giấy tờ hợp lệ,20-10-2025
"Bán nhà 5 tầng 52m2 phố Khương Trung, Khương Đình nhà đẹp, giá tốt","10,5 tỷ","Đường Khương Trung, Phường Khương Trung, Quận Thanh Xuân, Hà Nội",51 m²,6 phòng,4 WC,5,Sổ đỏ,24-10-2025
"Bán nhà phố Chính Kinh MT 6.5m– ngõ rộng, gần ô tô 10m – 4 tầng ở ngay","12,5 tỷ","Đường Chính Kinh, Phường Nhân Chính, Quận Thanh Xuân, Hà Nội",55 m² (6.5x8.0),1,N/A,4,Sổ đỏ,24-10-2025
"CHÍNH CHỦ BÁN NHÀ MẶT PHỐ VŨ TRỌNG PHỤNG, THANH XUÂN",40 tỷ,"Phường Thanh Xuân Trung, Quận Thanh Xuân, Hà Nội",60 m²,N/A,N/A,N/A,Sổ đỏ,30-10-2025
"Bán nhà cực đẹp mặt ngõ Nguỵ Như Kon Tum: 30m2, 5 tầng",6 tỷ,"Đường Ngụy Như Kon Tum, Phường Nhân Chính, Quận Thanh Xuân, Hà Nội",30 m²,3 phòng,4 WC,5,Sổ đỏ,30-10-2025
Nhà 45m² x 4 tầng | 11.6 tỷ- Khương Đình Thanh Xuân- có ban công thoán,"11,6 tỷ","Đường Khương Đình, Phường Khương Đình, Quận Thanh Xuân, Hà Nội",45 m²,4 phòng,3 WC,4,Sổ đỏ,30-10-2025
"Nhà Đẹp Phan Đình Giót, Thanh Xuân 32m, 5 tầng, mt 3.7m, giá 8.6 tỷ","8,6 tỷ","Phường Phương Liệt, Quận Thanh Xuân, Hà Nội",32 m² (3.7x8.6),3 phòng,4 WC,5,Sổ đỏ,23-10-2025
"SIÊU PHẨM Mặt phố Vương Thừa Vũ, Nguyễn Ngọc Nại, TX: 100m², MT 6m",50 tỷ,"Đường Vương Thừa Vũ, Phường Khương Mai, Quận Thanh Xuân, Hà Nội",100 m² (6.0x18.0),N/A,N/A,9,Sổ đỏ,23-10-2025
"Nhà Đẹp  Phan Đình Giót, Thanh Xuân 32m, 5 tầng, mt 3.7m, giá 8.6 tỷ","8,6 tỷ","Đường Phan Đình Giót, Phường Khương Mai, Quận Thanh Xuân, Hà Nội",32 m² (3.7x8.6),3 phòng,4 WC,5,Sổ đỏ,23-10-2025
NHÀ DÒNG TIỀN - KHƯƠNG TRUNG - THANH XUÂN - DOANH THU 720TR/NĂM,8 tỷ,"Đường Khương Trung, Phường Khương Trung, Quận Thanh Xuân, Hà Nội",50 m²,2 phòng,3 WC,7,Sổ đỏ,23-10-2025
"Bán gấp nhà Quá đẹp- Mặt Phố Vũ Tông Phan. 44m2 x 5 tầng.Mặt tiền 4,4m",Thỏa thuận,"Đường Vũ Tông Phan, Phường Khương Đình, Quận Thanh Xuân, Hà Nội",44 m² (4.4x10.0),5 phòng,3 WC,5,Sổ đỏ,29-10-2025
Bán nhà phố vương thừa vũ hoàng văn thái diện tích 90m*3.5 tầng,17 tỷ,"Phường Khương Mai, Quận Thanh Xuân, Hà Nội",90 m²,N/A,N/A,3.5,Sổ đỏ,22-10-2025
"Bán nhà 5 tầng tại Vũ Hữu Thanh Xuân Hà Nội giá 17,5 tỷ","17,8 tỷ","Đường Vũ Hữu, Phường Thanh Xuân Bắc, Quận Thanh Xuân, Hà Nội",54 m²,4 phòng,5 WC,5,Sổ đỏ,21-10-2025
Bán nhà mặt phố Khuất Duy Tiến,49 tỷ,"147, Đường Khuất Duy Tiến, Phường Nhân Chính, Quận Thanh Xuân, Hà Nội",69 m² (3.7x19.0),4 phòng,2 WC,4,Sổ hồng,20-10-2025
"Bán nhà lô góc khu Vương Thừa Vũ, 54m2, 4 tầng, mặt tiền","13,8 tỷ","Đường Vương Thừa Vũ, Phường Khương Trung, Quận Thanh Xuân, Hà Nội",54 m² (4.3x12.5),4 phòng,3 WC,4,Sổ đỏ,20-10-2025
Phố QUAN NHÂN BÁN NHÀ LÔ GÓC OTO ĐỂ CỬA - Thiện chí bán sang tên NHANH,"10,2 tỷ","Phường Nhân Chính, Quận Thanh Xuân, Hà Nội",35 m² (4.0x10.0),5 phòng,3 WC,3,Giấy tờ hợp lệ,16-10-2025
NHÀ ĐẸP PHAN ĐÌNH GIÓT - 30M RA Ô TÔ - 5 TẦNG FULL NỘI THẤT - 8.6 TỶ,"8,6 tỷ","Phường Phương Liệt, Quận Thanh Xuân, Hà Nội",32 m² (3.7x9.0),3 phòng,4 WC,5,Giấy tờ hợp lệ,16-10-2025
"CHÍNH CHỦ BÁN GẤP NHÀ 4 TẦNG ĐẸP – TÔ VĨNH DIỆN, THANH XUÂN, HÀ NỘI","15,7 tỷ","Phường Khương Trung, Quận Thanh Xuân, Hà Nội",60 m²,4 phòng,3 WC,4,Giấy tờ hợp lệ,16-10-2025
SIÊU HIẾM! Nhà lô góc 2 mặt ngõ – ô tô tải đỗ cửa – Vương Thừa Vũ,"14,5 tỷ","Phường Khương Trung, Quận Thanh Xuân, Hà Nội",37 m²,4 phòng,3 WC,4,Giấy tờ hợp lệ,16-10-2025
Bán ccmn 3ngủ giáp nhất thanh xuân full đồ sổ đỏ phôi riêng ngõ oto,"2,59 tỷ","Phường Nhân Chính, Quận Thanh Xuân, Hà Nội",68 m² (8.0x8.0),3 phòng,1 WC,1,Giấy tờ hợp lệ,16-10-2025
"Anh họ mình nhờ bán nhà Hoàng Văn Thái, 48m2, 4 tầng, ô tô đỗ, kd",22 tỷ,"Phường Khương Mai, Quận Thanh Xuân, Hà Nội",48 m² (3.3x15.0),4 phòng,3 WC,4,Giấy tờ hợp lệ,16-10-2025
Nhà Phố VƯƠNG THỪA VŨ-NHÀ LÔ GÓC - Ô TÔ 7 CHỖ VÀO NHÀ - NGÕ THÔNG,"20,2 tỷ","Phường Khương Mai, Quận Thanh Xuân, Hà Nội",85 m² (3.0x27.0),5 phòng,N/A,4,Giấy tờ hợp lệ,16-10-2025
"Nhà Nguyễn Trãi, ngõ rộng, lô góc, gần ô tô, 42m2 7.5 tỷ","7,5 tỷ","Phường Thanh Xuân Trung, Quận Thanh Xuân, Hà Nội",42 m² (5.1x8.0),5 phòng,4 WC,5,Giấy tờ hợp lệ,16-10-2025
Nhà PL 45m2*5 Tầng|| Oto lùi cửa 2 thoáng-20m ra phố Nguyễn Ngọc Nại,"14,6 tỷ","59, Đường Nguyễn Ngọc Nại, Phường Khương Mai, Quận Thanh Xuân, Hà Nội",45 m²,6 phòng,4 WC,5,Sổ đỏ,20-10-2025
Chính chủ bán toà nhà 29 Khuất Duy Tiến,89 tỷ,"29, Đường Khuất Duy Tiến, Phường Thanh Xuân Bắc, Quận Thanh Xuân, Hà Nội",100 m²,N/A,N/A,9,Sổ đỏ,22-10-2025
"Nhà mặt Phố, 51m2, 4 tầng, kinh doanh","16,5 tỷ","Phường Khương Đình, Quận Thanh Xuân, Hà Nội",51 m²,3 phòng,3 WC,4,Giấy tờ hợp lệ,15-10-2025
Hơn 3 tỷ xíu có nhà mới Bùi Xương Trạch-Oto 30m-Full NT-33m*4T;4N,"3,19 tỷ","Phường Khương Trung, Quận Thanh Xuân, Hà Nội",33 m²,4 phòng,N/A,4,Giấy tờ khác,15-10-2025
!!!GIÁ SỐC!!! Bán nhà THANH XUÂN  - GIÁ TUYỆT CHỦNG - HIẾM NHÀ BÁN -,"6,18 tỷ","Phường Phương Liệt, Quận Thanh Xuân, Hà Nội",32 m² (3.5x10.0),3 phòng,3 WC,3,Giấy tờ hợp lệ,15-10-2025
💰 2 TỶ - 20M² - NHÀ 3 TẦNG NGÃ TƯ SỞ 🏠,"1,99 tỷ","Phường Khương Trung, Quận Thanh Xuân, Hà Nội",20 m²,2 phòng,N/A,3,Đang chờ sổ,15-10-2025
"Ko QH! Khương Trung, 30m ra phố, ngõ rộng, nhà đẹp. 50mx2T. Chỉ 6,3 ty","6,3 tỷ","Phường Khương Trung, Quận Thanh Xuân, Hà Nội",50 m² (4.0x12.5),3 phòng,2 WC,2,Giấy tờ hợp lệ,15-10-2025
CHÍNH CHỦ BÁN TẬP THỂ NGUYỄN TRÃI-THANH XUÂN-65m2-NHÀ ĐẸP Ở NGAY,"2,89 tỷ","Phường Khương Trung, Quận Thanh Xuân, Hà Nội",65 m² (5.0x13.0),2 phòng,1,3,Giấy tờ hợp lệ,15-10-2025
Nhà gần phố vũ tông phan 6 tầng thang máy xây mới,"9,4 tỷ","Phường Khương Đình, Quận Thanh Xuân, Hà Nội",36 m²,4 phòng,5 WC,6,Giấy tờ hợp lệ,15-10-2025
HÀNG HIẾM! Bán nhà THANH XUÂN - LÔ GÓC - Ô TÔ VÀO - PHONG THỦY TỐT,"6,21 tỷ","Phường Phương Liệt, Quận Thanh Xuân, Hà Nội",33 m² (3.5x10.0),3 phòng,3 WC,3,Giấy tờ hợp lệ,15-10-2025
"Bán nhà Khương Trung, Thanh Xuân, ô tô, nội thất xịn, 28m2, 6.98","6,98 tỷ","Phường Khương Trung, Quận Thanh Xuân, Hà Nội",28 m² (4.3x8.5),3 phòng,3 WC,N/A,Giấy tờ hợp lệ,15-10-2025
"BÁN NHÀ PHỐ QUAN NHÂN – 5 TẦNG – FULL NỘI THẤT- Ở NGAY – GIÁ 10,6 TỶ","10,6 tỷ","Phường Nhân Chính, Quận Thanh Xuân, Hà Nội",44 m²,4 phòng,4 WC,5,Giấy tờ hợp lệ,15-10-2025
"Sốc! Khương Đình, ngõ 2,5m, nhà dân xây rộng thoáng. 42mx4T. Chỉ 7,8ty","7,8 tỷ","Phường Hạ Đình, Quận Thanh Xuân, Hà Nội",42 m² (3.5x12.0),4 phòng,3 WC,4,Giấy tờ hợp lệ,15-10-2025
"Bán nhà Khương Trung, Thanh Xuân, ô tô, nội thất xịn, 28m2, 6.98","6,98 tỷ","Phường Khương Trung, Quận Thanh Xuân, Hà Nội",28 m² (4.3x8.5),3 phòng,3 WC,N/A,Giấy tờ hợp lệ,15-10-2025
Chính chủ bán tập thể Thanh Xuân - Kim Giang - Hoàng Đạo Thành - 90m2,"3,5 tỷ","Phường Kim Giang, Quận Thanh Xuân, Hà Nội",90 m² (7.0x13.0),3 phòng,N/A,5,Giấy tờ hợp lệ,15-10-2025
BÁ.N NHÀ TRUNG TÂM QUẬN THANH XUÂN - 80M RA Ô TÔ - 4 TẦNG - 3 NGỦ,"5,05 tỷ","Phường Khương Đình, Quận Thanh Xuân, Hà Nội",24.7 m²,3 phòng,3 WC,4,Giấy tờ hợp lệ,15-10-2025
BÁ.N NHÀ TRUNG TÂM QUẬN THANH XUÂN - 10M RA Ô TÔ - 4 TẦNG FULL CÔNG NĂ,"7,8 tỷ","Phường Khương Trung, Quận Thanh Xuân, Hà Nội",30 m²,4 phòng,3 WC,4,Giấy tờ hợp lệ,15-10-2025
Siêu Phẩm Nhà Đẹp Khương Trung . Ngõ 211,"6,9 tỷ","Phường Khương Đình, Quận Thanh Xuân, Hà Nội",28 m² (4.5x8.0),2 phòng,2 WC,4,Giấy tờ hợp lệ,15-10-2025
BÁN NHÀ PHÂN LÔ-3 Ô TÔ TRÁNH-KHUẤT DUY TIẾN-THANH XUÂN -HAI MẶT THOÁNG,"20,5 tỷ","Phường Thanh Xuân Bắc, Quận Thanh Xuân, Hà Nội",52 m² (5.0x11.0),3 phòng,N/A,3,Giấy tờ hợp lệ,15-10-2025
MẶT PHỐ TÔ VĨNH DIỆN - CHỈ 18.9 TỶ - NGAY NGÃ TƯ KINH DOANH,"18,9 tỷ","Phường Khương Trung, Quận Thanh Xuân, Hà Nội",48 m² (3.0x16.0),5 phòng,3 WC,4,Giấy tờ hợp lệ,14-10-2025
NGUYỄN TRÃI - BIỆT THỰ HIỆN ĐẠI - 98M2 CHỈ 23.5 TỶ,"23,5 tỷ","Phường Thanh Xuân Bắc, Quận Thanh Xuân, Hà Nội",85 m² (5.6x17.0),6 phòng,5 WC,6,Giấy tờ hợp lệ,14-10-2025
TÔ VĨNH DIỆN - 10M RA PHỐ - NHÀ LÔ GÓC NỘI THẤT ĐẸP,"22,5 tỷ","Phường Khương Trung, Quận Thanh Xuân, Hà Nội",88 m² (11.0x8.0),5 phòng,3 WC,5,Giấy tờ hợp lệ,14-10-2025
BÁN TẬP THỂ NGUYỄN TRÃI-THANH XUÂN-50m2-Ô TÔ ĐỖ CHÂN CẦU THANG,"2,78 tỷ","Phường Khương Trung, Quận Thanh Xuân, Hà Nội",50 m² (4.0x13.0),2 phòng,1 WC,2,Giấy tờ hợp lệ,14-10-2025
"Bán NP tại Lê Trọng Tấn, Khương Mai, Thanh Xuân, HN, 10 tỷ, 40m2, Hot",10 tỷ,"Phường Khương Mai, Quận Thanh Xuân, Hà Nội",40 m² (4.0x10.0),3 phòng,3 WC,N/A,Giấy tờ hợp lệ,14-10-2025
"SIÊU PHẨM THANH XUÂN, 7 TẦNG THANG MÁY, NGÕ RỘNG 10M, MẶT TIỀN BỀ THẾ","18,95 tỷ","Phường Khương Đình, Quận Thanh Xuân, Hà Nội",46 m² (4.3x10.0),4 phòng,5 WC,7,Giấy tờ hợp lệ,13-10-2025
"Bán nhà phố Lê Trọng Tấn, Thanh Xuân , Lo góc dt 88m, 5 tầng, mt5m oto","30,5 tỷ","68, Đường Lê Trọng Tấn, Phường Khương Mai, Quận Thanh Xuân, Hà Nội",88 m²,5 phòng,4 WC,5,Sổ đỏ,17-10-2025
"Bùi Xương Trạch Thanh Xuân Nhà đẹp giá tốt 32m 3T 2,63 tỷ 10m ra ôtô t","2,63 tỷ","Phường Khương Đình, Quận Thanh Xuân, Hà Nội",32 m²,3 phòng,3 WC,3,Giấy tờ khác,13-10-2025
Nhỉnh 2 tỷ có nhà đẹp Bùi Xương Trạch-15m oto-Gần phố-33m**3T;MT4m;2N,"2,65 tỷ","Phường Khương Trung, Quận Thanh Xuân, Hà Nội",33 m²,2 phòng,2 WC,3,Giấy tờ khác,13-10-2025
Nhà Thanh Xuân_ 31m 4 tầng Chỉ hơn 5 Đồng,"5,69 tỷ","Phường Thanh Xuân Nam, Quận Thanh Xuân, Hà Nội",28 m²,3 phòng,4 WC,4,Giấy tờ hợp lệ,13-10-2025
"NHÀ XÂY MỚI TÔ VĨNH DIỆN, 5 TẦNG 3 NGỦ FULL NỘI THẤT, 38M2, CHỈ 7TỶ8","7,8 tỷ","Phường Khương Trung, Quận Thanh Xuân, Hà Nội",38 m² (4.4x8.0),3 phòng,4 WC,55,Giấy tờ hợp lệ,13-10-2025
NHÀ MỚI THANG MÁY Ô TÔ VÀO NHÀ-50M-7TẦNG-KINH DOANH-VŨ TÔNG PHAN-TXUAN,"15,5 tỷ","Phường Khương Đình, Quận Thanh Xuân, Hà Nội",50 m² (4.0x12.0),4 phòng,6 WC,7,Giấy tờ hợp lệ,13-10-2025
"ANH HỌ BÁN NHÀ HOÀNG VĂN THÁI, Ô TÔ TRÁNH, VIEW ĐẸP, TƯƠNG LAI MẶT PHỐ",22 tỷ,"Phường Khương Mai, Quận Thanh Xuân, Hà Nội",48 m² (3.3x14.0),4 phòng,3 WC,4,Giấy tờ hợp lệ,13-10-2025
Nhà đẹp thanh xuân- giá đầu tư - ở chất lượng,Thỏa thuận,"10, Đường Khương Đình, Phường Khương Đình, Quận Thanh Xuân, Hà Nội",40 m² (3.8x10.4),4 phòng,3 WC,4,Sổ đỏ,17-10-2025
