tieu_de,gia,dia_chi,dien_tich_dat,phong_ngu,phong_tam,so_tang,phap_ly,ngay_dang
"Bán  Nhà riêng tạiĐường Ngọc Thụy, Phường Bồ Đề, Quận Long Biên, Hà Nội","29,90 tỷ","Đường Ngọc Thụy, Phường Bồ Đề, Quận Long Biên, Hà Nội",160 m²,2 PN,2 WC,2,Sổ đỏ / Sổ hồng,27/11/202506:42
"Bán  Nhà riêng tạiĐường Vũ Đức Thận, Phường Việt Hưng, Quận Long Biên, Hà Nội","26,80 tỷ","Đường Vũ Đức Thận, Phường Việt Hưng, Quận Long Biên, Hà Nội",100 m²,4 PN,6 WC,7,Sổ đỏ / Sổ hồng,27/11/202506:22
"Bán Nhà biệt thự, liền kề theo dự ánAn Vượng Villa tại An Vượng Villa, Phường Dương Nội, Quận Hà Đông, Hà Nội",89 tỷ,"An Vượng Villa, Phường Dương Nội, Quận Hà Đông, Hà Nội",180 m²,6 PN,3 WC,4,Sổ đỏ / Sổ hồng,27/11/202506:19
"Bán  Nhà riêng tạiTô Hiệu , Phường Nguyễn Trãi, Quận Hà Đông, Hà Nội","11,50 tỷ","Tô Hiệu , Phường Nguyễn Trãi, Quận Hà Đông, Hà Nội",40 m²,6 PN,4 WC,5,Sổ đỏ / Sổ hồng,27/11/202500:06
"Bán  Nhà riêng tạiNguyễn An Ninh, Phường Tương Mai, Quận Hoàng Mai, Hà Nội","13,50 tỷ","Nguyễn An Ninh, Phường Tương Mai, Quận Hoàng Mai, Hà Nội",53 m²,,,6,Sổ đỏ / Sổ hồng,27/11/202506:00
"Bán  Nhà riêng tạiHoàng Mai, Phường Hoàng Văn Thụ, Quận Hoàng Mai, Hà Nội","14,75 tỷ","Hoàng Mai, Phường Hoàng Văn Thụ, Quận Hoàng Mai, Hà Nội",53 m²,5 PN,,4,Sổ đỏ / Sổ hồng,27/11/202506:00
"Bán  Nhà riêng tạiKim ĐỒng, Phường Hoàng Văn Thụ, Quận Hoàng Mai, Hà Nội","22,20 tỷ","Kim ĐỒng, Phường Hoàng Văn Thụ, Quận Hoàng Mai, Hà Nội",52 m²,,,7,Sổ đỏ / Sổ hồng,27/11/202506:00
"Bán  Nhà riêng tạiĐịnh Công, Phường Định Công, Quận Hoàng Mai, Hà Nội","6,90 tỷ","Định Công, Phường Định Công, Quận Hoàng Mai, Hà Nội",31 m²,,,4,Sổ đỏ / Sổ hồng,27/11/202506:00
"Bán  Nhà riêng tạiMinh Khai, Phường Mai Động, Quận Hoàng Mai, Hà Nội","7,65 tỷ","Minh Khai, Phường Mai Động, Quận Hoàng Mai, Hà Nội",35 m²,4 PN,,4,Sổ đỏ / Sổ hồng,27/11/202506:00
"Bán  Nhà riêng tạiPhường Định Công, Quận Hoàng Mai, Hà Nội","9,35 tỷ","Phường Định Công, Quận Hoàng Mai, Hà Nội",49 m²,4 PN,4 WC,4,,26/11/202513:49
"Bán  Nhà riêng tạiTÂN MAI, Phường Tân Mai, Quận Hoàng Mai, Hà Nội","13,88 tỷ","TÂN MAI, Phường Tân Mai, Quận Hoàng Mai, Hà Nội",82 m²,5 PN,,5,Sổ đỏ / Sổ hồng,26/11/202513:52
"Bán  Nhà riêng tạiMỹ Đình, Phường Mỹ Đình 1, Quận Nam Từ Liêm, Hà Nội","8,40 tỷ","Mỹ Đình, Phường Mỹ Đình 1, Quận Nam Từ Liêm, Hà Nội",33 m²,,,,,26/11/202520:18
"Bán  Nhà riêng tạiĐịnh Công, Phường Định Công, Quận Hoàng Mai, Hà Nội","9,35 tỷ","Định Công, Phường Định Công, Quận Hoàng Mai, Hà Nội",49 m²,4 PN,3 WC,4,Sổ đỏ / Sổ hồng,26/11/202513:49
"Bán  Nhà riêng tạinguyên xá, Phường Minh Khai, Quận Bắc Từ Liêm, Hà Nội","6,60 tỷ","nguyên xá, Phường Minh Khai, Quận Bắc Từ Liêm, Hà Nội",37 m²,4 PN,4 WC,4,Sổ đỏ / Sổ hồng,26/11/202516:22
"Bán  Nhà riêng tạiPhạm Văn Nghị, Phường Cổ Nhuế 2, Quận Bắc Từ Liêm, Hà Nội","7,50 tỷ","Phạm Văn Nghị, Phường Cổ Nhuế 2, Quận Bắc Từ Liêm, Hà Nội",37 m²,3 PN,4 WC,5,,26/11/202512:07
"Bán  Nhà riêng tạiĐịnh Công Thượng, Phường Định Công, Quận Hoàng Mai, Hà Nội","14,30 tỷ","Định Công Thượng, Phường Định Công, Quận Hoàng Mai, Hà Nội",71 m²,6 PN,,5,Sổ đỏ / Sổ hồng,26/11/202513:46
"Bán  Nhà riêng tạiĐường Nguyễn Văn Linh, Phường Phúc Lợi, Quận Long Biên, Hà Nội","21,50 tỷ","Đường Nguyễn Văn Linh, Phường Phúc Lợi, Quận Long Biên, Hà Nội",55 m²,4 PN,5 WC,7,Sổ đỏ / Sổ hồng,26/11/202512:41
"Bán  Nhà mặt phố tạiMinh Khai, Phường Hoàng Văn Thụ, Quận Hoàng Mai, Hà Nội",25 tỷ,"Minh Khai, Phường Hoàng Văn Thụ, Quận Hoàng Mai, Hà Nội",71 m²,,,7,Sổ đỏ / Sổ hồng,26/11/202513:46
"Bán  Nhà riêng tạiTam Trinh, Phường Hoàng Văn Thụ, Quận Hoàng Mai, Hà Nội","8,50 tỷ","Tam Trinh, Phường Hoàng Văn Thụ, Quận Hoàng Mai, Hà Nội",40 m²,3 PN,,5,Sổ đỏ / Sổ hồng,26/11/202513:48
"Bán Nhà biệt thự, liền kề theo dự ánKhu đô thị Thanh Hà tại Phường Kiến Hưng, Quận Hà Đông, Hà Nội","10,50 tỷ","Phường Kiến Hưng, Quận Hà Đông, Hà Nội",90 m²,,,5,Hợp đồng mua bán,26/11/202508:38
"Bán  Nhà riêng tạiLê Đức Thọ, Phường Mỹ Đình 1, Quận Nam Từ Liêm, Hà Nội","8,25 tỷ","Lê Đức Thọ, Phường Mỹ Đình 1, Quận Nam Từ Liêm, Hà Nội",36 m²,,,,,26/11/202508:11
"Bán  Nhà riêng tạiHoàng Mai, Phường Hoàng Văn Thụ, Quận Hoàng Mai, Hà Nội","8,80 tỷ","Hoàng Mai, Phường Hoàng Văn Thụ, Quận Hoàng Mai, Hà Nội",38 m²,3 PN,4 WC,5,Sổ đỏ / Sổ hồng,26/11/202500:00
"Bán  Nhà riêng tạiLê Đức Thọ, Phường Mỹ Đình 1, Quận Nam Từ Liêm, Hà Nội","8,20 tỷ","Lê Đức Thọ, Phường Mỹ Đình 1, Quận Nam Từ Liêm, Hà Nội",35 m²,,,,,26/11/202508:28
"Bán  Nhà riêng tạivăn phú, Phường Phú La, Quận Hà Đông, Hà Nội","8,60 tỷ","văn phú, Phường Phú La, Quận Hà Đông, Hà Nội",32 m²,3 PN,4 WC,5,Sổ đỏ / Sổ hồng,26/11/202509:40
"Bán Nhà biệt thự, liền kề theo dự ánKiến Hưng Luxury tại Kiến Hưng Luxury, Phúc La , Phường Kiến Hưng, Quận Hà Đông, Hà Nội",21 tỷ,"Kiến Hưng Luxury, Phúc La , Phường Kiến Hưng, Quận Hà Đông, Hà Nội",73 m²,4 PN,4 WC,5,Sổ đỏ / Sổ hồng,26/11/202500:06
"Bán  Nhà mặt phố tạixuân phương, Phường Xuân Phương, Quận Nam Từ Liêm, Hà Nội",46 tỷ,"xuân phương, Phường Xuân Phương, Quận Nam Từ Liêm, Hà Nội",41 m²,4 PN,4 WC,8,Sổ đỏ / Sổ hồng,26/11/202506:20
"Bán  Nhà riêng tạihòe thị, Phường Phương Canh, Quận Nam Từ Liêm, Hà Nội",8 tỷ,"hòe thị, Phường Phương Canh, Quận Nam Từ Liêm, Hà Nội",44 m²,3 PN,3 WC,3,Sổ đỏ / Sổ hồng,25/11/202518:44
"Bán  Nhà riêng tạiTam Trinh, Phường Hoàng Văn Thụ, Quận Hoàng Mai, Hà Nội","7,95 tỷ","Tam Trinh, Phường Hoàng Văn Thụ, Quận Hoàng Mai, Hà Nội",39 m²,3 PN,4 WC,5,Sổ đỏ / Sổ hồng,26/11/202500:00
"Bán  Nhà riêng tạiĐường Phan Đình Giót, Phường La Khê, Quận Hà Đông, Hà Nội",8 tỷ,"Đường Phan Đình Giót, Phường La Khê, Quận Hà Đông, Hà Nội",35 m²,3 PN,4 WC,5,Sổ đỏ / Sổ hồng,25/11/202522:02
"Bán  Nhà mặt phố tạiBắc Cầu, Phường Ngọc Thụy, Quận Long Biên, Hà Nội",15 tỷ,"Bắc Cầu, Phường Ngọc Thụy, Quận Long Biên, Hà Nội",114 m²,3 PN,3 WC,4,Sổ đỏ / Sổ hồng,25/11/202515:33
"Bán  Nhà riêng tạiĐường Nguyễn Sơn, Phường Bồ Đề, Quận Long Biên, Hà Nội","10,75 tỷ","Đường Nguyễn Sơn, Phường Bồ Đề, Quận Long Biên, Hà Nội","43,2 m²",3 PN,3 WC,5,Sổ đỏ / Sổ hồng,25/11/202515:32
"Bán  Nhà riêng tạiCổ Bi, Phường Cự Khối, Quận Long Biên, Hà Nội","10,50 tỷ","Cổ Bi, Phường Cự Khối, Quận Long Biên, Hà Nội",95 m²,,,,Sổ đỏ / Sổ hồng,25/11/202515:33
"Bán  Nhà mặt phố tạiVõng thị, Phường Thụy Khuê, Quận Tây Hồ, Hà Nội","7,90 tỷ","Võng thị, Phường Thụy Khuê, Quận Tây Hồ, Hà Nội",30 m²,3 PN,4 WC,5,Sổ đỏ / Sổ hồng,25/11/202515:06
"Bán  Nhà mặt phố tạiPhường Đại Mỗ, Quận Nam Từ Liêm, Hà Nội","5,90 tỷ","Phường Đại Mỗ, Quận Nam Từ Liêm, Hà Nội",33 m²,3 PN,3 WC,5,Sổ đỏ / Sổ hồng,25/11/202514:39
"Bán  Nhà riêng tạiPhường Tây Mỗ, Quận Nam Từ Liêm, Hà Nội","6,60 tỷ","Phường Tây Mỗ, Quận Nam Từ Liêm, Hà Nội",34 m²,3 PN,4 WC,6,Sổ đỏ / Sổ hồng,25/11/202514:39
"Bán  Nhà riêng tạiPhường Mai Động, Quận Hoàng Mai, Hà Nội","8,50 tỷ","Phường Mai Động, Quận Hoàng Mai, Hà Nội",36 m²,,,4,Sổ đỏ / Sổ hồng,25/11/202513:42
"Bán  Nhà riêng tạiPhường Cổ Nhuế 1, Quận Bắc Từ Liêm, Hà Nội","7,45 tỷ","Phường Cổ Nhuế 1, Quận Bắc Từ Liêm, Hà Nội",29 m²,,,,,25/11/202514:31
"Bán  Nhà riêng tạiĐường Gia Thụy, Phường Bồ Đề, Quận Long Biên, Hà Nội","21,30 tỷ","Đường Gia Thụy, Phường Bồ Đề, Quận Long Biên, Hà Nội",90 m²,1 PN,1 WC,,Sổ đỏ / Sổ hồng,25/11/202511:00
"Bán  Nhà riêng tạiĐền Lừ, Phường Hoàng Văn Thụ, Quận Hoàng Mai, Hà Nội","18,60 tỷ","Đền Lừ, Phường Hoàng Văn Thụ, Quận Hoàng Mai, Hà Nội",52 m²,,,6,Sổ đỏ / Sổ hồng,25/11/202513:47
"Bán  Nhà biệt thự, liền kề tạiĐường 15, Phường Vạn Phúc, Quận Hà Đông, Hà Nội","19,99 tỷ","Đường 15, Phường Vạn Phúc, Quận Hà Đông, Hà Nội",50 m²,,,7,Sổ đỏ / Sổ hồng,25/11/202512:04
"Bán  Nhà riêng tạihoàng mai, Phường Hoàng Văn Thụ, Quận Hoàng Mai, Hà Nội","9,60 tỷ","hoàng mai, Phường Hoàng Văn Thụ, Quận Hoàng Mai, Hà Nội",56 m²,,,4,Sổ đỏ / Sổ hồng,25/11/202513:46
"Bán  Nhà mặt phố tạiĐường Nguyễn Văn Cừ, Phường Bồ Đề, Quận Long Biên, Hà Nội",260 tỷ,"Đường Nguyễn Văn Cừ, Phường Bồ Đề, Quận Long Biên, Hà Nội",440 m²,3 PN,3 WC,3,Sổ đỏ / Sổ hồng,25/11/202511:24
"Bán  Nhà riêng tạiPhường Phú Diễn, Quận Bắc Từ Liêm, Hà Nội","7,90 tỷ","Phường Phú Diễn, Quận Bắc Từ Liêm, Hà Nội",36 m²,,,,,25/11/202514:25
"Bán  Nhà mặt phố tạiPhường Định Công, Quận Hoàng Mai, Hà Nội","6,25 tỷ","Phường Định Công, Quận Hoàng Mai, Hà Nội",40 m²,,,4,Sổ đỏ / Sổ hồng,25/11/202507:22
"Bán  Nhà riêng tạiLê Quang Đạo, Phường Phú Đô, Quận Nam Từ Liêm, Hà Nội","8,90 tỷ","Lê Quang Đạo, Phường Phú Đô, Quận Nam Từ Liêm, Hà Nội",44 m²,,,,,25/11/202509:17
"Bán  Nhà riêng tạiPhú Mỹ, Phường Mỹ Đình 1, Quận Nam Từ Liêm, Hà Nội","8,70 tỷ","Phú Mỹ, Phường Mỹ Đình 1, Quận Nam Từ Liêm, Hà Nội",42 m²,,,,,25/11/202509:16
"Bán  Nhà riêng tạiPhường Định Công, Quận Hoàng Mai, Hà Nội","5,90 tỷ","Phường Định Công, Quận Hoàng Mai, Hà Nội",32 m²,,,6,Sổ đỏ / Sổ hồng,25/11/202507:21
"Bán  Nhà riêng tạiLạc long quân, Phường Bưởi, Quận Tây Hồ, Hà Nội",12 tỷ,"Lạc long quân, Phường Bưởi, Quận Tây Hồ, Hà Nội",38 m²,5 PN,5 WC,5,Sổ đỏ / Sổ hồng,25/11/202509:11
"Bán  Nhà riêng tạiPhường Đông Ngạc, Quận Bắc Từ Liêm, Hà Nội","7,40 tỷ","Phường Đông Ngạc, Quận Bắc Từ Liêm, Hà Nội",32 m²,,,,Sổ đỏ / Sổ hồng,25/11/202502:15
"Bán  Nhà riêng tạiPhường Vĩnh Hưng, Quận Hoàng Mai, Hà Nội","13,50 tỷ","Phường Vĩnh Hưng, Quận Hoàng Mai, Hà Nội",117 m²,,,3,Sổ đỏ / Sổ hồng,25/11/202509:37
"Bán  Nhà riêng tạiPhường Giáp Bát, Quận Hoàng Mai, Hà Nội",19 tỷ,"Phường Giáp Bát, Quận Hoàng Mai, Hà Nội",69 m²,,,6,Sổ đỏ / Sổ hồng,25/11/202508:04
"Bán  Nhà mặt phố tạiPhường Tân Mai, Quận Hoàng Mai, Hà Nội","6,90 tỷ","Phường Tân Mai, Quận Hoàng Mai, Hà Nội",38 m²,3 PN,,5,Sổ đỏ / Sổ hồng,25/11/202507:14
"Bán  Nhà riêng tạiPhường Xuân Phương, Quận Nam Từ Liêm, Hà Nội",6 tỷ,"Phường Xuân Phương, Quận Nam Từ Liêm, Hà Nội",40 m²,4 PN,3 WC,6,Sổ đỏ / Sổ hồng,24/11/202520:22
"Bán  Nhà riêng tạiPhường Phương Canh, Quận Nam Từ Liêm, Hà Nội","5,25 tỷ","Phường Phương Canh, Quận Nam Từ Liêm, Hà Nội",33 m²,4 PN,3 WC,5,Sổ đỏ / Sổ hồng,24/11/202520:22
"Bán  Nhà riêng tạiĐường Mỹ Đình, Phường Mỹ Đình 1, Quận Nam Từ Liêm, Hà Nội","8,40 tỷ","Đường Mỹ Đình, Phường Mỹ Đình 1, Quận Nam Từ Liêm, Hà Nội",45 m²,,,,,24/11/202520:17
"Bán  Nhà riêng tạiPhường Đông Ngạc, Quận Bắc Từ Liêm, Hà Nội","12,80 tỷ","Phường Đông Ngạc, Quận Bắc Từ Liêm, Hà Nội",36 m²,,,,,23/11/202516:00
"Bán  Nhà riêng tạiPhường Đại Mỗ, Quận Nam Từ Liêm, Hà Nội",6 tỷ,"Phường Đại Mỗ, Quận Nam Từ Liêm, Hà Nội",40 m²,4 PN,3 WC,6,Sổ đỏ / Sổ hồng,24/11/202520:23
"Bán  Nhà riêng tạiĐại Cát, Phường Thượng Cát, Quận Bắc Từ Liêm, Hà Nội","7,35 tỷ","Đại Cát, Phường Thượng Cát, Quận Bắc Từ Liêm, Hà Nội",40 m²,,,,,24/11/202510:42
"Bán  Nhà riêng tạiXuân Phương, Phường Phú Diễn, Quận Bắc Từ Liêm, Hà Nội","8,35 tỷ","Xuân Phương, Phường Phú Diễn, Quận Bắc Từ Liêm, Hà Nội",34 m²,3 PN,2 WC,,Sổ đỏ / Sổ hồng,24/11/202517:55
"Bán  Nhà riêng tạiMỹ đình, Phường Mỹ Đình 1, Quận Nam Từ Liêm, Hà Nội","8,80 tỷ","Mỹ đình, Phường Mỹ Đình 1, Quận Nam Từ Liêm, Hà Nội",38 m²,4 PN,5 WC,5,Sổ đỏ / Sổ hồng,24/11/202513:56
"Bán  Nhà riêng tạilê đức thọ, Phường Mỹ Đình 2, Quận Nam Từ Liêm, Hà Nội","7,60 tỷ","lê đức thọ, Phường Mỹ Đình 2, Quận Nam Từ Liêm, Hà Nội",33 m²,3 PN,4 WC,5,Sổ đỏ / Sổ hồng,24/11/202514:31
"Bán  Nhà riêng tạixuân phương, Phường Xuân Phương, Quận Nam Từ Liêm, Hà Nội","7,65 tỷ","xuân phương, Phường Xuân Phương, Quận Nam Từ Liêm, Hà Nội",35 m²,4 PN,6 WC,7,,24/11/202513:56
"Bán  Nhà riêng tạiLê Đức Thọ, Phường Mỹ Đình 1, Quận Nam Từ Liêm, Hà Nội","8,70 tỷ","Lê Đức Thọ, Phường Mỹ Đình 1, Quận Nam Từ Liêm, Hà Nội",42 m²,,,,,24/11/202520:15
"Bán  Nhà riêng tạiPhường Xuân Đỉnh, Quận Bắc Từ Liêm, Hà Nội","6,30 tỷ","Phường Xuân Đỉnh, Quận Bắc Từ Liêm, Hà Nội",30 m²,,,,,24/11/202510:58
"Bán  Nhà riêng tạiĐường Hà Trì, Phường Kiến Hưng, Quận Hà Đông, Hà Nội",9 tỷ,"Đường Hà Trì, Phường Kiến Hưng, Quận Hà Đông, Hà Nội",45 m²,4 PN,4 WC,5,Sổ đỏ / Sổ hồng,24/11/202518:54
"Bán  Nhà riêng tạiLê Quang Đạo, Phường Mỹ Đình 1, Quận Nam Từ Liêm, Hà Nội","8,30 tỷ","Lê Quang Đạo, Phường Mỹ Đình 1, Quận Nam Từ Liêm, Hà Nội",40 m²,,,,,24/11/202520:00
"Bán  Nhà riêng tạiPhường Tây Tựu, Quận Bắc Từ Liêm, Hà Nội","6,85 tỷ","Phường Tây Tựu, Quận Bắc Từ Liêm, Hà Nội",35 m²,,,,,24/11/202510:48
"Bán  Nhà riêng tạiĐường Ngọc Thụy, Phường Bồ Đề, Quận Long Biên, Hà Nội","19,40 tỷ","Đường Ngọc Thụy, Phường Bồ Đề, Quận Long Biên, Hà Nội",100 m²,3 PN,3 WC,3,Sổ đỏ / Sổ hồng,24/11/202510:15
"Bán  Nhà riêng tạiPhường Tây Mỗ, Quận Nam Từ Liêm, Hà Nội",5 tỷ,"Phường Tây Mỗ, Quận Nam Từ Liêm, Hà Nội",33 m²,3 PN,4 WC,5,Sổ đỏ / Sổ hồng,23/11/202522:54
"Bán  Nhà riêng tạiNgọc trục, Phường Đại Mỗ, Quận Nam Từ Liêm, Hà Nội","10,30 tỷ","Ngọc trục, Phường Đại Mỗ, Quận Nam Từ Liêm, Hà Nội",60 m²,3 PN,3 WC,4,Sổ đỏ / Sổ hồng,24/11/202500:00
"Bán  Nhà riêng tạiPhường Giáp Bát, Quận Hoàng Mai, Hà Nội","10,10 tỷ","Phường Giáp Bát, Quận Hoàng Mai, Hà Nội",30 m²,,,5,,24/11/202510:15
"Bán  Nhà riêng tạiPhường Xuân Phương, Quận Nam Từ Liêm, Hà Nội",5 tỷ,"Phường Xuân Phương, Quận Nam Từ Liêm, Hà Nội",33 m²,3 PN,4 WC,5,Sổ đỏ / Sổ hồng,23/11/202522:53
"Bán  Nhà riêng tạiPhường Thượng Cát, Quận Bắc Từ Liêm, Hà Nội",6 tỷ,"Phường Thượng Cát, Quận Bắc Từ Liêm, Hà Nội",32 m²,,,,,24/11/202510:36
"Bán  Nhà mặt phố tạiQuang trung, Phường Quang Trung, Quận Hà Đông, Hà Nội","39,50 tỷ","Quang trung, Phường Quang Trung, Quận Hà Đông, Hà Nội",120 m²,4 PN,4 WC,5,Sổ đỏ / Sổ hồng,23/11/202523:33
"Bán Nhà biệt thự, liền kề theo dự ánVinhomes Riverside tại Đường Chu Huy Mân, Phường Phúc Lợi, Quận Long Biên, Hà Nội",92 tỷ,"Đường Chu Huy Mân, Phường Phúc Lợi, Quận Long Biên, Hà Nội",206 m²,5 PN,6 WC,4,Sổ đỏ / Sổ hồng,24/11/202509:50
"Bán  Nhà riêng tạiĐường Bùi Huy Bích, Phường Thịnh Liệt, Quận Hoàng Mai, Hà Nội","1,90 tỷ","Đường Bùi Huy Bích, Phường Thịnh Liệt, Quận Hoàng Mai, Hà Nội",21 m²,1 PN,1 WC,1,Hợp đồng mua bán,23/11/202519:16
"Bán  Nhà riêng tạiPhường Đại Mỗ, Quận Nam Từ Liêm, Hà Nội",5 tỷ,"Phường Đại Mỗ, Quận Nam Từ Liêm, Hà Nội",34 m²,3 PN,4 WC,5,Sổ đỏ / Sổ hồng,23/11/202522:53
"Bán  Nhà riêng tạiPhường Xuân Phương, Quận Nam Từ Liêm, Hà Nội","5,65 tỷ","Phường Xuân Phương, Quận Nam Từ Liêm, Hà Nội",37 m²,4 PN,3 WC,5,Sổ đỏ / Sổ hồng,23/11/202522:52
"Bán  Nhà riêng tạiPhường Tây Mỗ, Quận Nam Từ Liêm, Hà Nội","5,15 tỷ","Phường Tây Mỗ, Quận Nam Từ Liêm, Hà Nội",33 m²,4 PN,4 WC,5,Sổ đỏ / Sổ hồng,23/11/202522:52
"Bán  Nhà riêng tạiPhường Tây Mỗ, Quận Nam Từ Liêm, Hà Nội",6 tỷ,"Phường Tây Mỗ, Quận Nam Từ Liêm, Hà Nội",40 m²,4 PN,3 WC,6,Sổ đỏ / Sổ hồng,23/11/202522:52
"Bán  Nhà riêng tạiMỹ Đình, Phường Mỹ Đình 2, Quận Nam Từ Liêm, Hà Nội",10 tỷ,"Mỹ Đình, Phường Mỹ Đình 2, Quận Nam Từ Liêm, Hà Nội",50 m²,,,,,23/11/202518:49
"Bán  Nhà riêng tạiĐường An Dương Vương, Phường Đông Ngạc, Quận Bắc Từ Liêm, Hà Nội","9,20 tỷ","Đường An Dương Vương, Phường Đông Ngạc, Quận Bắc Từ Liêm, Hà Nội",36 m²,,,,,23/11/202516:05
"Bán  Nhà riêng tạiHuy Du, Phường Cầu Diễn, Quận Nam Từ Liêm, Hà Nội","8,20 tỷ","Huy Du, Phường Cầu Diễn, Quận Nam Từ Liêm, Hà Nội",39 m²,,,,Sổ đỏ / Sổ hồng,23/11/202515:41
"Bán  Nhà riêng tạiLê Đức Thọ, Phường Mỹ Đình 1, Quận Nam Từ Liêm, Hà Nội","9,90 tỷ","Lê Đức Thọ, Phường Mỹ Đình 1, Quận Nam Từ Liêm, Hà Nội",50 m²,,,,,23/11/202515:43
"Bán  Nhà riêng tạiNguyễn Đổng Chi, Phường Cầu Diễn, Quận Nam Từ Liêm, Hà Nội","8,40 tỷ","Nguyễn Đổng Chi, Phường Cầu Diễn, Quận Nam Từ Liêm, Hà Nội",40 m²,,,,Sổ đỏ / Sổ hồng,23/11/202515:41
"Bán  Nhà riêng tạiĐường Hoàng Như Tiếp, Phường Bồ Đề, Quận Long Biên, Hà Nội","13,50 tỷ","Đường Hoàng Như Tiếp, Phường Bồ Đề, Quận Long Biên, Hà Nội",38 m²,3 PN,5 WC,7,Sổ đỏ / Sổ hồng,23/11/202511:13
"Bán  Nhà riêng tạiĐường Cổ Linh, Phường Long Biên, Quận Long Biên, Hà Nội","20,50 tỷ","Đường Cổ Linh, Phường Long Biên, Quận Long Biên, Hà Nội",55 m²,3 PN,5 WC,8,Sổ đỏ / Sổ hồng,23/11/202512:34
"Bán  Nhà riêng tạiMinh Khai, Phường Hoàng Văn Thụ, Quận Hoàng Mai, Hà Nội","9,20 tỷ","Minh Khai, Phường Hoàng Văn Thụ, Quận Hoàng Mai, Hà Nội",45 m²,4 PN,,4,Sổ đỏ / Sổ hồng,23/11/202506:00
"Bán  Nhà riêng tạiHồ Tùng Mậu, Phường Phú Diễn, Quận Bắc Từ Liêm, Hà Nội",8 tỷ,"Hồ Tùng Mậu, Phường Phú Diễn, Quận Bắc Từ Liêm, Hà Nội",36 m²,,,,,23/11/202511:15
"Bán  Nhà riêng tạiPhường Vĩnh Hưng, Quận Hoàng Mai, Hà Nội",25 tỷ,"Phường Vĩnh Hưng, Quận Hoàng Mai, Hà Nội",120 m²,,,3,Sổ đỏ / Sổ hồng,23/11/202508:08
"Bán  Nhà riêng tạiĐường Nguyễn Đổng Chi, Phường Cầu Diễn, Quận Nam Từ Liêm, Hà Nội","7,35 tỷ","Đường Nguyễn Đổng Chi, Phường Cầu Diễn, Quận Nam Từ Liêm, Hà Nội",35 m²,,,,Sổ đỏ / Sổ hồng,23/11/202500:00
"Bán  Nhà riêng tạiĐường Mậu Lương, Phường Kiến Hưng, Quận Hà Đông, Hà Nội",7 tỷ,"Đường Mậu Lương, Phường Kiến Hưng, Quận Hà Đông, Hà Nội",38 m²,3 PN,4 WC,5,Sổ đỏ / Sổ hồng,22/11/202522:59
"Bán  Nhà riêng tạiĐường Thanh Bình, Phường Mộ Lao, Quận Hà Đông, Hà Nội","6,40 tỷ","Đường Thanh Bình, Phường Mộ Lao, Quận Hà Đông, Hà Nội",31 m²,4 PN,4 WC,3,Sổ đỏ / Sổ hồng,22/11/202522:10
"Bán  Nhà riêng tạiPhường Đại Kim, Quận Hoàng Mai, Hà Nội","8,90 tỷ","Phường Đại Kim, Quận Hoàng Mai, Hà Nội",46 m²,,,4,,22/11/202516:26
"Bán  Nhà biệt thự, liền kề tạilê trọng tấn , Phường Dương Nội, Quận Hà Đông, Hà Nội","23,50 tỷ","lê trọng tấn , Phường Dương Nội, Quận Hà Đông, Hà Nội",123 m²,4 PN,4 WC,3,Sổ đỏ / Sổ hồng,22/11/202521:41
"Bán  Nhà riêng tạiĐường Mỹ Đình, Phường Mỹ Đình 1, Quận Nam Từ Liêm, Hà Nội","8,40 tỷ","Đường Mỹ Đình, Phường Mỹ Đình 1, Quận Nam Từ Liêm, Hà Nội",45 m²,,,,Sổ đỏ / Sổ hồng,23/11/202500:00
"Bán  Nhà riêng tạiPhường Đại Mỗ, Quận Nam Từ Liêm, Hà Nội","5,20 tỷ","Phường Đại Mỗ, Quận Nam Từ Liêm, Hà Nội",33 m²,3 PN,4 WC,5,Sổ đỏ / Sổ hồng,23/11/202500:00
"Bán Nhà biệt thự, liền kề theo dự ánKhu nhà ở V5 V6 tại Khu nhà ở V5 V6, Văn phú, Phường Phú La, Quận Hà Đông, Hà Nội",27 tỷ,"Khu nhà ở V5 V6, Văn phú, Phường Phú La, Quận Hà Đông, Hà Nội",90 m²,7 PN,7 WC,7,Sổ đỏ / Sổ hồng,22/11/202523:43
"Bán  Nhà riêng tạiĐường Mậu Lương, Phường Kiến Hưng, Quận Hà Đông, Hà Nội",7 tỷ,"Đường Mậu Lương, Phường Kiến Hưng, Quận Hà Đông, Hà Nội",38 m²,3 PN,4 WC,5,Sổ đỏ / Sổ hồng,22/11/202516:53
"Bán  Nhà riêng tạiMễ trì Hạ, Phường Mễ Trì, Quận Nam Từ Liêm, Hà Nội","16,60 tỷ","Mễ trì Hạ, Phường Mễ Trì, Quận Nam Từ Liêm, Hà Nội",55 m²,4 PN,5 WC,5,Sổ đỏ / Sổ hồng,22/11/202516:10
"Bán Nhà biệt thự, liền kề theo dự ánKhu đô thị Geleximco - Lê Trọng Tấn tại Khu đô thị Geleximco - Lê Trọng Tấn, Lê trọng tấn , Phường Dương Nội, Quận Hà Đông, Hà Nội","29,60 tỷ","Khu đô thị Geleximco - Lê Trọng Tấn, Lê trọng tấn , Phường Dương Nội, Quận Hà Đông, Hà Nội",160 m²,6 PN,4 WC,4,Sổ đỏ / Sổ hồng,22/11/202513:17
"Bán  Nhà riêng tạiPhùng Hưng, Phường Phúc La, Quận Hà Đông, Hà Nội",11 tỷ,"Phùng Hưng, Phường Phúc La, Quận Hà Đông, Hà Nội",39 m²,4 PN,4 WC,5,Sổ đỏ / Sổ hồng,22/11/202510:55
"Bán  Nhà riêng tạiMỹ Đình, Phường Mỹ Đình 1, Quận Nam Từ Liêm, Hà Nội","8,20 tỷ","Mỹ Đình, Phường Mỹ Đình 1, Quận Nam Từ Liêm, Hà Nội",40 m²,,,,,22/11/202510:18
"Bán Nhà biệt thự, liền kề theo dự ánRoman Plaza tại Tố hữu, Phường Mộ Lao, Quận Hà Đông, Hà Nội","48,60 tỷ","Tố hữu, Phường Mộ Lao, Quận Hà Đông, Hà Nội",200 m²,5 PN,4 WC,4,Sổ đỏ / Sổ hồng,22/11/202511:11
"Bán  Nhà riêng tạiĐường Lê Quang Đạo, Phường Phú Đô, Quận Nam Từ Liêm, Hà Nội",7 tỷ,"Đường Lê Quang Đạo, Phường Phú Đô, Quận Nam Từ Liêm, Hà Nội",32 m²,,,,,22/11/202514:54
"Bán  Nhà riêng tạiĐường Mỹ Đình, Phường Mỹ Đình 1, Quận Nam Từ Liêm, Hà Nội","7,95 tỷ","Đường Mỹ Đình, Phường Mỹ Đình 1, Quận Nam Từ Liêm, Hà Nội",36 m²,,,,,22/11/202515:44
"Bán  Nhà riêng tạiđặng thai mai, Phường Quảng An, Quận Tây Hồ, Hà Nội",26 tỷ,"đặng thai mai, Phường Quảng An, Quận Tây Hồ, Hà Nội",80 m²,6 PN,6 WC,6,Sổ đỏ / Sổ hồng,22/11/202514:06
"Bán Nhà biệt thự, liền kề theo dự ánKhu đô thị mới Văn Phú tại Khu đô thị mới Văn Phú, Văn phú, Phường Phú La, Quận Hà Đông, Hà Nội","1,95 tỷ","Khu đô thị mới Văn Phú, Văn phú, Phường Phú La, Quận Hà Đông, Hà Nội",63 m²,4 PN,4 WC,5,Sổ đỏ / Sổ hồng,22/11/202511:16
"Bán  Nhà biệt thự, liền kề tạiĐường Huỳnh Văn Nghệ, Phường Phúc Lợi, Quận Long Biên, Hà Nội","39,37 tỷ","Đường Huỳnh Văn Nghệ, Phường Phúc Lợi, Quận Long Biên, Hà Nội",155 m²,4 PN,5 WC,4,Sổ đỏ / Sổ hồng,22/11/202507:14
"Bán  Nhà riêng tạiThịnh Liệt, Phường Thịnh Liệt, Quận Hoàng Mai, Hà Nội","8,90 tỷ","Thịnh Liệt, Phường Thịnh Liệt, Quận Hoàng Mai, Hà Nội",33 m²,,,4,Sổ đỏ / Sổ hồng,22/11/202506:00
"Bán  Nhà riêng tạiMinh Khai, Phường Hoàng Văn Thụ, Quận Hoàng Mai, Hà Nội","8,40 tỷ","Minh Khai, Phường Hoàng Văn Thụ, Quận Hoàng Mai, Hà Nội",42 m²,,,4,Sổ đỏ / Sổ hồng,22/11/202506:00
"Bán  Nhà riêng tạiPhường Hoàng Văn Thụ, Quận Hoàng Mai, Hà Nội","15,80 tỷ","Phường Hoàng Văn Thụ, Quận Hoàng Mai, Hà Nội",59 m²,,,4,Sổ đỏ / Sổ hồng,22/11/202509:12
"Bán  Nhà riêng tạiĐường Mỹ Đình, Phường Mỹ Đình 1, Quận Nam Từ Liêm, Hà Nội","8,60 tỷ","Đường Mỹ Đình, Phường Mỹ Đình 1, Quận Nam Từ Liêm, Hà Nội",42 m²,,,,,22/11/202509:41
"Bán  Nhà mặt phố tạiTrương Định, Phường Tương Mai, Quận Hoàng Mai, Hà Nội","17,50 tỷ","Trương Định, Phường Tương Mai, Quận Hoàng Mai, Hà Nội",42 m²,,,5,Sổ đỏ / Sổ hồng,22/11/202506:00
"Bán  Nhà mặt phố tạiNguyễn An Ninh, Phường Tương Mai, Quận Hoàng Mai, Hà Nội","17,80 tỷ","Nguyễn An Ninh, Phường Tương Mai, Quận Hoàng Mai, Hà Nội",55 m²,8 PN,,6,Sổ đỏ / Sổ hồng,22/11/202506:00
"Bán  Nhà riêng tạiĐền Lừ, Phường Hoàng Văn Thụ, Quận Hoàng Mai, Hà Nội",15 tỷ,"Đền Lừ, Phường Hoàng Văn Thụ, Quận Hoàng Mai, Hà Nội",60 m²,5 PN,,6,Sổ đỏ / Sổ hồng,22/11/202506:00
"Bán  Nhà riêng tạiKim Đồng, Phường Tân Mai, Quận Hoàng Mai, Hà Nội","14,20 tỷ","Kim Đồng, Phường Tân Mai, Quận Hoàng Mai, Hà Nội",52 m²,4 PN,,4,Sổ đỏ / Sổ hồng,22/11/202506:00
"Bán  Nhà riêng tạiMinh Khai, Phường Hoàng Văn Thụ, Quận Hoàng Mai, Hà Nội","9,80 tỷ","Minh Khai, Phường Hoàng Văn Thụ, Quận Hoàng Mai, Hà Nội",30 m²,,,7,Sổ đỏ / Sổ hồng,22/11/202506:00
"Bán  Nhà riêng tạiTân Mai, Phường Tương Mai, Quận Hoàng Mai, Hà Nội","20,90 tỷ","Tân Mai, Phường Tương Mai, Quận Hoàng Mai, Hà Nội",49 m²,,,7,Sổ đỏ / Sổ hồng,22/11/202506:00
"Bán  Nhà riêng tạiNguyễn Đức Cảnh, Phường Hoàng Văn Thụ, Quận Hoàng Mai, Hà Nội","7,50 tỷ","Nguyễn Đức Cảnh, Phường Hoàng Văn Thụ, Quận Hoàng Mai, Hà Nội",33 m²,4 PN,,6,Sổ đỏ / Sổ hồng,22/11/202506:00
"Bán  Nhà riêng tạiMai Động, Phường Mai Động, Quận Hoàng Mai, Hà Nội","12,90 tỷ","Mai Động, Phường Mai Động, Quận Hoàng Mai, Hà Nội",40 m²,4 PN,,6,Sổ đỏ / Sổ hồng,22/11/202506:00
"Bán  Nhà riêng tạiGiải Phóng, Phường Tân Mai, Quận Hoàng Mai, Hà Nội","14,20 tỷ","Giải Phóng, Phường Tân Mai, Quận Hoàng Mai, Hà Nội",50 m²,4 PN,,4,Sổ đỏ / Sổ hồng,22/11/202506:00
"Bán  Nhà riêng tạiTrương Định, Phường Tân Mai, Quận Hoàng Mai, Hà Nội","8,60 tỷ","Trương Định, Phường Tân Mai, Quận Hoàng Mai, Hà Nội",46 m²,4 PN,,4,Sổ đỏ / Sổ hồng,22/11/202506:00
"Bán  Nhà mặt phố tạiTrương Định, Phường Tương Mai, Quận Hoàng Mai, Hà Nội","23,50 tỷ","Trương Định, Phường Tương Mai, Quận Hoàng Mai, Hà Nội",61 m²,5 PN,,7,Sổ đỏ / Sổ hồng,22/11/202506:00
"Bán  Nhà riêng tạiĐịnh Công Hạ, Phường Định Công, Quận Hoàng Mai, Hà Nội","8,60 tỷ","Định Công Hạ, Phường Định Công, Quận Hoàng Mai, Hà Nội",51 m²,,,3,Sổ đỏ / Sổ hồng,22/11/202506:00
"Bán  Nhà riêng tạiGiải Phóng, Phường Tân Mai, Quận Hoàng Mai, Hà Nội",17 tỷ,"Giải Phóng, Phường Tân Mai, Quận Hoàng Mai, Hà Nội",50 m²,6 PN,,5,Sổ đỏ / Sổ hồng,22/11/202506:00
"Bán  Nhà riêng tạiKim Đồng, Phường Giáp Bát, Quận Hoàng Mai, Hà Nội","26,80 tỷ","Kim Đồng, Phường Giáp Bát, Quận Hoàng Mai, Hà Nội",70 m²,,,6,Sổ đỏ / Sổ hồng,22/11/202506:00
"Bán  Nhà riêng tạiNguyễn An Ninh, Phường Tương Mai, Quận Hoàng Mai, Hà Nội","17,80 tỷ","Nguyễn An Ninh, Phường Tương Mai, Quận Hoàng Mai, Hà Nội",55 m²,8 PN,,6,Sổ đỏ / Sổ hồng,22/11/202506:00
"Bán  Nhà riêng tạiĐường Hồ Tùng Mậu, Phường Cầu Diễn, Quận Nam Từ Liêm, Hà Nội","6,60 tỷ","Đường Hồ Tùng Mậu, Phường Cầu Diễn, Quận Nam Từ Liêm, Hà Nội",44 m²,,,,,21/11/202521:47
"Bán  Nhà riêng tạiNguyễn Đức Cảnh, Phường Tương Mai, Quận Hoàng Mai, Hà Nội","9,30 tỷ","Nguyễn Đức Cảnh, Phường Tương Mai, Quận Hoàng Mai, Hà Nội",42 m²,4 PN,,4,Sổ đỏ / Sổ hồng,22/11/202506:00
"Bán  Nhà riêng tạiHồ Tùng Mậu, Phường Cầu Diễn, Quận Nam Từ Liêm, Hà Nội","9,10 tỷ","Hồ Tùng Mậu, Phường Cầu Diễn, Quận Nam Từ Liêm, Hà Nội",46 m²,,,,,21/11/202521:55
"Bán  Nhà riêng tạiĐường Tố Hữu, Phường Mộ Lao, Quận Hà Đông, Hà Nội","6,50 tỷ","Đường Tố Hữu, Phường Mộ Lao, Quận Hà Đông, Hà Nội",31 m²,4 PN,4 WC,3,Sổ đỏ / Sổ hồng,21/11/202520:51
"Bán  Nhà riêng tạiphùng khoang, Phường Trung Văn, Quận Nam Từ Liêm, Hà Nội","10,70 tỷ","phùng khoang, Phường Trung Văn, Quận Nam Từ Liêm, Hà Nội",37 m²,4 PN,5 WC,5,Sổ đỏ / Sổ hồng,21/11/202514:59
"Bán  Nhà mặt phố tạiđại linh, Phường Trung Văn, Quận Nam Từ Liêm, Hà Nội",27 tỷ,"đại linh, Phường Trung Văn, Quận Nam Từ Liêm, Hà Nội",70 m²,,,7,,21/11/202514:58
"Bán  Nhà riêng tạixuân la, Phường Xuân Đỉnh, Quận Bắc Từ Liêm, Hà Nội","9,30 tỷ","xuân la, Phường Xuân Đỉnh, Quận Bắc Từ Liêm, Hà Nội",38 m²,4 PN,5 WC,5,Sổ đỏ / Sổ hồng,21/11/202515:20
"Bán  Nhà riêng tạiTây Mỗ, Phường Tây Mỗ, Quận Nam Từ Liêm, Hà Nội","7,70 tỷ","Tây Mỗ, Phường Tây Mỗ, Quận Nam Từ Liêm, Hà Nội",40 m²,4 PN,5 WC,5,Sổ đỏ / Sổ hồng,21/11/202515:35
"Bán  Nhà riêng tạiĐường Mỹ Đình, Phường Mỹ Đình 1, Quận Nam Từ Liêm, Hà Nội","7,50 tỷ","Đường Mỹ Đình, Phường Mỹ Đình 1, Quận Nam Từ Liêm, Hà Nội",37 m²,,,,,21/11/202514:17
"Bán  Nhà riêng tạiLa Nội , Phường Dương Nội, Quận Hà Đông, Hà Nội",27 tỷ,"La Nội , Phường Dương Nội, Quận Hà Đông, Hà Nội",90 m²,6 PN,6 WC,5,Sổ đỏ / Sổ hồng,21/11/202519:55
"Bán  Nhà riêng tạiLê quang đạo, Phường Phú Đô, Quận Nam Từ Liêm, Hà Nội","16,60 tỷ","Lê quang đạo, Phường Phú Đô, Quận Nam Từ Liêm, Hà Nội",80 m²,4 PN,5 WC,5,Sổ đỏ / Sổ hồng,21/11/202515:44
"Bán  Nhà riêng tạixuân la, Phường Xuân La, Quận Tây Hồ, Hà Nội",9 tỷ,"xuân la, Phường Xuân La, Quận Tây Hồ, Hà Nội",37 m²,3 PN,4 WC,5,Sổ đỏ / Sổ hồng,21/11/202514:04
"Bán  Nhà riêng tạiPhường Yên Sở, Quận Hoàng Mai, Hà Nội",36 tỷ,"Phường Yên Sở, Quận Hoàng Mai, Hà Nội",107 m²,,,3,Sổ đỏ / Sổ hồng,21/11/202508:35
"Bán  Nhà biệt thự, liền kề tạiĐường Thạch Bàn, Phường Thạch Bàn, Quận Long Biên, Hà Nội","41,90 tỷ","Đường Thạch Bàn, Phường Thạch Bàn, Quận Long Biên, Hà Nội",145 m²,5 PN,5 WC,5,Sổ đỏ / Sổ hồng,21/11/202507:28
"Bán  Nhà riêng tạiĐường Phú Đô, Phường Phú Đô, Quận Nam Từ Liêm, Hà Nội","9,50 tỷ","Đường Phú Đô, Phường Phú Đô, Quận Nam Từ Liêm, Hà Nội",44 m²,,,,,21/11/202510:30
"Bán  Nhà riêng tạiXuân la, Phường Xuân La, Quận Tây Hồ, Hà Nội","12,50 tỷ","Xuân la, Phường Xuân La, Quận Tây Hồ, Hà Nội",48 m²,6 PN,6 WC,5,Sổ đỏ / Sổ hồng,21/11/202514:03
"Bán  Nhà biệt thự, liền kề tạiLê trọng tấn , Phường Dương Nội, Quận Hà Đông, Hà Nội",70 tỷ,"Lê trọng tấn , Phường Dương Nội, Quận Hà Đông, Hà Nội",330 m²,6 PN,4 WC,,Sổ đỏ / Sổ hồng,21/11/202512:54
"Bán  Nhà riêng tạiĐường Ngọc Thụy, Phường Bồ Đề, Quận Long Biên, Hà Nội","16,10 tỷ","Đường Ngọc Thụy, Phường Bồ Đề, Quận Long Biên, Hà Nội",90 m²,4 PN,4 WC,5,Sổ đỏ / Sổ hồng,21/11/202508:31
"Bán  Nhà mặt phố tạiTam Trinh, Phường Hoàng Văn Thụ, Quận Hoàng Mai, Hà Nội","19,50 tỷ","Tam Trinh, Phường Hoàng Văn Thụ, Quận Hoàng Mai, Hà Nội",52 m²,4 PN,6 WC,8,Sổ đỏ / Sổ hồng,21/11/202506:00
"Bán  Nhà riêng tạiKim Đồng, Phường Giáp Bát, Quận Hoàng Mai, Hà Nội","8,99 tỷ","Kim Đồng, Phường Giáp Bát, Quận Hoàng Mai, Hà Nội","40,1 m²",4 PN,3 WC,4,Sổ đỏ / Sổ hồng,21/11/202506:00
"Bán  Nhà riêng tạiHoàng Mai, Phường Hoàng Văn Thụ, Quận Hoàng Mai, Hà Nội","7,40 tỷ","Hoàng Mai, Phường Hoàng Văn Thụ, Quận Hoàng Mai, Hà Nội",30 m²,3 PN,,5,Sổ đỏ / Sổ hồng,21/11/202506:00
"Bán  Nhà riêng tạiMinh Khai, Phường Hoàng Văn Thụ, Quận Hoàng Mai, Hà Nội","8,40 tỷ","Minh Khai, Phường Hoàng Văn Thụ, Quận Hoàng Mai, Hà Nội",42 m²,5 PN,,4,Sổ đỏ / Sổ hồng,21/11/202506:00
"Bán  Nhà riêng tạiĐền Lừ, Phường Hoàng Văn Thụ, Quận Hoàng Mai, Hà Nội","15,20 tỷ","Đền Lừ, Phường Hoàng Văn Thụ, Quận Hoàng Mai, Hà Nội",42 m²,4 PN,,5,Sổ đỏ / Sổ hồng,21/11/202506:00
"Bán  Nhà riêng tạiMinh Khai, Phường Hoàng Văn Thụ, Quận Hoàng Mai, Hà Nội","7,50 tỷ","Minh Khai, Phường Hoàng Văn Thụ, Quận Hoàng Mai, Hà Nội",35 m²,3 PN,,5,Sổ đỏ / Sổ hồng,21/11/202506:00
"Bán  Nhà riêng tạiMinh KHai, Phường Hoàng Văn Thụ, Quận Hoàng Mai, Hà Nội","12,50 tỷ","Minh KHai, Phường Hoàng Văn Thụ, Quận Hoàng Mai, Hà Nội",40 m²,4 PN,,5,Sổ đỏ / Sổ hồng,21/11/202506:00
"Bán  Nhà riêng tạiĐông Thiên, Phường Vĩnh Hưng, Quận Hoàng Mai, Hà Nội","6,90 tỷ","Đông Thiên, Phường Vĩnh Hưng, Quận Hoàng Mai, Hà Nội",40 m²,3 PN,,5,Sổ đỏ / Sổ hồng,21/11/202506:00
"Bán  Nhà riêng tạiHoàng Mai, Phường Hoàng Văn Thụ, Quận Hoàng Mai, Hà Nội","7,20 tỷ","Hoàng Mai, Phường Hoàng Văn Thụ, Quận Hoàng Mai, Hà Nội",34 m²,3 PN,,5,Sổ đỏ / Sổ hồng,21/11/202506:00
"Bán  Nhà riêng tạiHoàng Mai, Phường Hoàng Văn Thụ, Quận Hoàng Mai, Hà Nội","7,95 tỷ","Hoàng Mai, Phường Hoàng Văn Thụ, Quận Hoàng Mai, Hà Nội",33 m²,6 PN,,4,Sổ đỏ / Sổ hồng,21/11/202506:00
"Bán  Nhà riêng tạiGiải Phóng, Phường Thịnh Liệt, Quận Hoàng Mai, Hà Nội","16,90 tỷ","Giải Phóng, Phường Thịnh Liệt, Quận Hoàng Mai, Hà Nội",73 m²,,,4,Sổ đỏ / Sổ hồng,21/11/202506:00
"Bán  Nhà riêng tạiTân Mai, Phường Tân Mai, Quận Hoàng Mai, Hà Nội","6,20 tỷ","Tân Mai, Phường Tân Mai, Quận Hoàng Mai, Hà Nội",30 m²,3 PN,,5,Sổ đỏ / Sổ hồng,21/11/202506:00
"Bán  Nhà riêng tạiLương Khánh Thiện, Phường Tương Mai, Quận Hoàng Mai, Hà Nội","10,90 tỷ","Lương Khánh Thiện, Phường Tương Mai, Quận Hoàng Mai, Hà Nội",50 m²,,,4,Sổ đỏ / Sổ hồng,21/11/202506:00
"Bán  Nhà riêng tạiTrương Định, Phường Giáp Bát, Quận Hoàng Mai, Hà Nội","9,50 tỷ","Trương Định, Phường Giáp Bát, Quận Hoàng Mai, Hà Nội",38 m²,3 PN,,5,Sổ đỏ / Sổ hồng,21/11/202506:00
"Bán  Nhà riêng tạiTrương Định, Phường Giáp Bát, Quận Hoàng Mai, Hà Nội","8,35 tỷ","Trương Định, Phường Giáp Bát, Quận Hoàng Mai, Hà Nội",38 m²,4 PN,,5,Sổ đỏ / Sổ hồng,21/11/202506:00
"Bán  Nhà riêng tạiNguyễn Đức Cảnh, Phường Tương Mai, Quận Hoàng Mai, Hà Nội","29,50 tỷ","Nguyễn Đức Cảnh, Phường Tương Mai, Quận Hoàng Mai, Hà Nội",98 m²,6 PN,,7,Sổ đỏ / Sổ hồng,21/11/202506:00
"Bán  Nhà riêng tạiđường lê quang đạo, Phường Phú Đô, Quận Nam Từ Liêm, Hà Nội","7,15 tỷ","đường lê quang đạo, Phường Phú Đô, Quận Nam Từ Liêm, Hà Nội",38 m²,,,,,20/11/202520:30
"Bán  Nhà riêng tạiĐền Lừ, Phường Hoàng Văn Thụ, Quận Hoàng Mai, Hà Nội","18,60 tỷ","Đền Lừ, Phường Hoàng Văn Thụ, Quận Hoàng Mai, Hà Nội",52 m²,,,6,Sổ đỏ / Sổ hồng,21/11/202506:00
"Bán  Nhà riêng tạiĐường Nguyễn Văn Lộc, Phường Mộ Lao, Quận Hà Đông, Hà Nội","6,50 tỷ","Đường Nguyễn Văn Lộc, Phường Mộ Lao, Quận Hà Đông, Hà Nội",31 m²,4 PN,4 WC,3,Sổ đỏ / Sổ hồng,20/11/202520:44
"Bán  Nhà riêng tạiGiải Phóng, Phường Thịnh Liệt, Quận Hoàng Mai, Hà Nội","8,60 tỷ","Giải Phóng, Phường Thịnh Liệt, Quận Hoàng Mai, Hà Nội",33 m²,4 PN,,5,Sổ đỏ / Sổ hồng,21/11/202506:00
"Bán  Nhà riêng tạiđường lê quang đạo, Phường Phú Đô, Quận Nam Từ Liêm, Hà Nội","8,70 tỷ","đường lê quang đạo, Phường Phú Đô, Quận Nam Từ Liêm, Hà Nội",44 m²,,,,Sổ đỏ / Sổ hồng,20/11/202520:17
"Bán  Nhà riêng tạiHoàng hoa Thám, Phường Bưởi, Quận Tây Hồ, Hà Nội","7,90 tỷ","Hoàng hoa Thám, Phường Bưởi, Quận Tây Hồ, Hà Nội",30 m²,4 PN,3 WC,4,Sổ đỏ / Sổ hồng,20/11/202522:36
"Bán  Nhà riêng tạiỶ la, Phường Dương Nội, Quận Hà Đông, Hà Nội","6,20 tỷ","Ỷ la, Phường Dương Nội, Quận Hà Đông, Hà Nội",31 m²,3 PN,4 WC,1,Sổ đỏ / Sổ hồng,20/11/202519:41
"Bán Nhà biệt thự, liền kề theo dự ánKhu đô thị Thanh Hà tại Phường Kiến Hưng, Quận Hà Đông, Hà Nội",10 tỷ,"Phường Kiến Hưng, Quận Hà Đông, Hà Nội",100 m²,,,,Hợp đồng mua bán,20/11/202509:01
"Bán  Nhà riêng tạiPhú Diễn, Phường Phú Diễn, Quận Bắc Từ Liêm, Hà Nội","6,30 tỷ","Phú Diễn, Phường Phú Diễn, Quận Bắc Từ Liêm, Hà Nội",36 m²,,,5,Sổ đỏ / Sổ hồng,20/11/202516:17
"Bán  Nhà riêng tạimậu lương, Phường Kiến Hưng, Quận Hà Đông, Hà Nội","7,60 tỷ","mậu lương, Phường Kiến Hưng, Quận Hà Đông, Hà Nội",31 m²,3 PN,4 WC,5,Sổ đỏ / Sổ hồng,20/11/202515:34
"Bán  Nhà riêng tạiPhường Hoàng Văn Thụ, Quận Hoàng Mai, Hà Nội","12,80 tỷ","Phường Hoàng Văn Thụ, Quận Hoàng Mai, Hà Nội",61 m²,,,4,Sổ đỏ / Sổ hồng,19/11/202514:13
"Bán  Nhà riêng tạiPhú Diễn, Phường Phú Diễn, Quận Bắc Từ Liêm, Hà Nội","6,30 tỷ","Phú Diễn, Phường Phú Diễn, Quận Bắc Từ Liêm, Hà Nội",36 m²,3 PN,3 WC,5,Sổ đỏ / Sổ hồng,20/11/202514:22
"Bán  Nhà riêng tạiPhường Thụy Khuê, Quận Tây Hồ, Hà Nội","9,30 tỷ","Phường Thụy Khuê, Quận Tây Hồ, Hà Nội",58 m²,3 PN,2 WC,,Sổ đỏ / Sổ hồng,19/11/202514:36
"Bán  Nhà riêng tạiTrung Tựu, Phường Tây Tựu, Quận Bắc Từ Liêm, Hà Nội","5,99 tỷ","Trung Tựu, Phường Tây Tựu, Quận Bắc Từ Liêm, Hà Nội",31 m²,3 PN,3 WC,5,Sổ đỏ / Sổ hồng,20/11/202514:22
"Bán  Nhà riêng tạiPhường Hoàng Liệt, Quận Hoàng Mai, Hà Nội","10,10 tỷ","Phường Hoàng Liệt, Quận Hoàng Mai, Hà Nội",43 m²,,,,,20/11/202515:04
"Bán Nhà biệt thự, liền kề theo dự ánAn Khang Villa tại An Khang Villa, Phường La Khê, Quận Hà Đông, Hà Nội",48 tỷ,"An Khang Villa, Phường La Khê, Quận Hà Đông, Hà Nội",185 m²,6 PN,3 WC,4,Sổ đỏ / Sổ hồng,18/11/202518:19
"Bán Nhà biệt thự, liền kề theo dự ánAn Quý Villa - KĐT Dương Nội tại An Quý Villa - KĐT Dương Nội, Phường Dương Nội, Quận Hà Đông, Hà Nội",55 tỷ,"An Quý Villa - KĐT Dương Nội, Phường Dương Nội, Quận Hà Đông, Hà Nội",195 m²,5 PN,3 WC,4,Sổ đỏ / Sổ hồng,19/11/202512:20
"Bán  Nhà riêng tạiHà Trì, Phường Hà Cầu, Quận Hà Đông, Hà Nội","8,60 tỷ","Hà Trì, Phường Hà Cầu, Quận Hà Đông, Hà Nội",32 m²,4 PN,4 WC,5,Sổ đỏ / Sổ hồng,18/11/202523:47
"Bán  Nhà riêng tạiThụy Khuê, Phường Bưởi, Quận Tây Hồ, Hà Nội","11,90 tỷ","Thụy Khuê, Phường Bưởi, Quận Tây Hồ, Hà Nội",52 m²,3 PN,3 WC,5,Sổ đỏ / Sổ hồng,18/11/202500:33
"Bán  Nhà riêng tạithanh lân, Phường Thanh Trì, Quận Hoàng Mai, Hà Nội","6,80 tỷ","thanh lân, Phường Thanh Trì, Quận Hoàng Mai, Hà Nội",48 m²,3 PN,3 WC,5,Sổ đỏ / Sổ hồng,18/11/202509:29
"Bán  Nhà riêng tạiNguyễn Đức Cảnh, Phường Tương Mai, Quận Hoàng Mai, Hà Nội","7,80 tỷ","Nguyễn Đức Cảnh, Phường Tương Mai, Quận Hoàng Mai, Hà Nội",42 m²,4 PN,3 WC,,Sổ đỏ / Sổ hồng,18/11/202509:29
"Bán  Nhà riêng tạiLa dương , Phường Dương Nội, Quận Hà Đông, Hà Nội",7 tỷ,"La dương , Phường Dương Nội, Quận Hà Đông, Hà Nội",31 m²,3 PN,4 WC,5,Sổ đỏ / Sổ hồng,15/11/202523:41
"Bán  Nhà riêng tạiLa Nội, Phường Dương Nội, Quận Hà Đông, Hà Nội",12 tỷ,"La Nội, Phường Dương Nội, Quận Hà Đông, Hà Nội",100 m²,2 PN,1 WC,,Sổ đỏ / Sổ hồng,15/11/202512:32
"Bán  Nhà riêng tạiNgọc Thụy, Phường Ngọc Thụy, Quận Long Biên, Hà Nội","7,70 tỷ","Ngọc Thụy, Phường Ngọc Thụy, Quận Long Biên, Hà Nội",38 m²,3 PN,3 WC,5,Sổ đỏ / Sổ hồng,15/11/202511:38
"Bán  Nhà riêng tạiPhường Văn Quán, Quận Hà Đông, Hà Nội","13,90 tỷ","Phường Văn Quán, Quận Hà Đông, Hà Nội",45 m²,4 PN,5 WC,5,Sổ đỏ / Sổ hồng,16/11/202507:47
"Bán  Nhà riêng tạiPhố Ngọc Lâm, Phường Ngọc Lâm, Quận Long Biên, Hà Nội",9 tỷ,"Phố Ngọc Lâm, Phường Ngọc Lâm, Quận Long Biên, Hà Nội",33 m²,3 PN,3 WC,6,Sổ đỏ / Sổ hồng,15/11/202511:28
"Bán Nhà biệt thự, liền kề theo dự ánKhu đô thị Thanh Hà tại trục đường Cienco 5, Phường Kiến Hưng, Quận Hà Đông, Hà Nội",15 tỷ,"trục đường Cienco 5, Phường Kiến Hưng, Quận Hà Đông, Hà Nội",100 m²,,,,Hợp đồng mua bán,15/11/202516:24
"Bán  Nhà riêng tạiPhường Thanh Trì, Quận Hoàng Mai, Hà Nội","13,90 tỷ","Phường Thanh Trì, Quận Hoàng Mai, Hà Nội",76 m²,,,,Sổ đỏ / Sổ hồng,17/11/202508:14
"Bán Nhà biệt thự, liền kề theo dự ánKhu đô thị Thanh Hà tại Phường Kiến Hưng, Quận Hà Đông, Hà Nội",11 tỷ,"Phường Kiến Hưng, Quận Hà Đông, Hà Nội",100 m²,,,,Hợp đồng mua bán,17/11/202508:42
"Bán  Nhà riêng tạiNguyễn Sơn, Phường Bồ Đề, Quận Long Biên, Hà Nội","10,75 tỷ","Nguyễn Sơn, Phường Bồ Đề, Quận Long Biên, Hà Nội","43,2 m²",3 PN,3 WC,5,Sổ đỏ / Sổ hồng,15/11/202511:28
"Bán  Nhà riêng tạiPhường Mai Động, Quận Hoàng Mai, Hà Nội",20 tỷ,"Phường Mai Động, Quận Hoàng Mai, Hà Nội",144 m²,,,4,Sổ đỏ / Sổ hồng,16/11/202508:06
"Bán Nhà biệt thự, liền kề theo dự ánKhu đô thị Thanh Hà tại Phường Phú Lương, Quận Hà Đông, Hà Nội","10,50 tỷ","Phường Phú Lương, Quận Hà Đông, Hà Nội",100 m²,,,,Hợp đồng mua bán,17/11/202500:00
"Bán  Nhà riêng tạiNgõ 206, Đường Cổ Linh, Phường Long Biên, Quận Long Biên, Hà Nội","19,00 tỷ","Ngõ 206, Đường Cổ Linh, Phường Long Biên, Quận Long Biên, Hà Nội",55 m²,3 PN,4 WC,7,Sổ đỏ / Sổ hồng,14/11/202510:45
"Bán  Nhà riêng tạiPhường Lĩnh Nam, Quận Hoàng Mai, Hà Nội","7,95 tỷ","Phường Lĩnh Nam, Quận Hoàng Mai, Hà Nội",48 m²,,,5,Sổ đỏ / Sổ hồng,15/11/202508:31
"Bán  Nhà mặt phố tạiLạc long quân, Phường Xuân La, Quận Tây Hồ, Hà Nội","52,60 tỷ","Lạc long quân, Phường Xuân La, Quận Tây Hồ, Hà Nội",68 m²,5 PN,6 WC,6,Sổ đỏ / Sổ hồng,14/11/202511:09
"Bán  Nhà riêng tạiPhùng Khoang, Phường Trung Văn, Quận Nam Từ Liêm, Hà Nội",Thỏa thuận,"Phùng Khoang, Phường Trung Văn, Quận Nam Từ Liêm, Hà Nội",70 m²,,,8,,14/11/202523:07
"Bán  Nhà riêng tạiThượng Cát, Phường Liên Mạc, Quận Bắc Từ Liêm, Hà Nội","5,55 tỷ","Thượng Cát, Phường Liên Mạc, Quận Bắc Từ Liêm, Hà Nội",36 m²,,,5,Sổ đỏ / Sổ hồng,13/11/202500:29
"Bán  Nhà mặt phố tạiKẻ Tạnh, Phường Giang Biên, Quận Long Biên, Hà Nội","16,00 tỷ","Kẻ Tạnh, Phường Giang Biên, Quận Long Biên, Hà Nội",93 m²,1 PN,,1,Sổ đỏ / Sổ hồng,14/11/202509:00
"Bán  Nhà mặt phố tạiPhường Yên Sở, Quận Hoàng Mai, Hà Nội","18,50 tỷ","Phường Yên Sở, Quận Hoàng Mai, Hà Nội",56 m²,,,4,Sổ đỏ / Sổ hồng,12/11/202508:58
"Bán  Nhà riêng tạibồ đề, Phường Bồ Đề, Quận Long Biên, Hà Nội","7,80 tỷ","bồ đề, Phường Bồ Đề, Quận Long Biên, Hà Nội",31 m²,2 PN,2 WC,4,Sổ đỏ / Sổ hồng,12/11/202514:48
"Bán  Nhà mặt phố tạiNguyễn Văn Cừ, Phường Gia Thụy, Quận Long Biên, Hà Nội","6,60 tỷ","Nguyễn Văn Cừ, Phường Gia Thụy, Quận Long Biên, Hà Nội","28,6 m²",2 PN,2 WC,4,Sổ đỏ / Sổ hồng,12/11/202515:20
"Bán  Nhà mặt phố tạiLạc long quân, Phường Xuân La, Quận Tây Hồ, Hà Nội","30,80 tỷ","Lạc long quân, Phường Xuân La, Quận Tây Hồ, Hà Nội",93 m²,6 PN,4 WC,5,Sổ đỏ / Sổ hồng,11/11/202516:07
"Bán Nhà biệt thự, liền kề theo dự ánKiến Hưng Luxury tại Kiến Hưng Luxury, Phúc La, Phường Kiến Hưng, Quận Hà Đông, Hà Nội",22 tỷ,"Kiến Hưng Luxury, Phúc La, Phường Kiến Hưng, Quận Hà Đông, Hà Nội",67 m²,3 PN,3 WC,5,Sổ đỏ / Sổ hồng,11/11/202513:52
"Bán  Nhà mặt phố tạiNguyễn Văn Hưởng, Phường Giang Biên, Quận Long Biên, Hà Nội","16,50 tỷ","Nguyễn Văn Hưởng, Phường Giang Biên, Quận Long Biên, Hà Nội",55 m²,4 PN,3 WC,4,Sổ đỏ / Sổ hồng,12/11/202508:35
"Bán  Nhà biệt thự, liền kề tạiTô ngọc vân, Phường Quảng An, Quận Tây Hồ, Hà Nội","53,60 tỷ","Tô ngọc vân, Phường Quảng An, Quận Tây Hồ, Hà Nội",101 m²,4 PN,4 WC,4,Sổ đỏ / Sổ hồng,11/11/202509:54
"Bán  Nhà mặt phố tạiNhật chiêu, Phường Tứ Liên, Quận Tây Hồ, Hà Nội",203 tỷ,"Nhật chiêu, Phường Tứ Liên, Quận Tây Hồ, Hà Nội",220 m²,6 PN,8 WC,6,Sổ đỏ / Sổ hồng,11/11/202513:09
"Bán Nhà biệt thự, liền kề theo dự ánLouis City tại Louis City, Lê Quàn Đạo, Phường Đại Mỗ, Quận Nam Từ Liêm, Hà Nội",50 tỷ,"Louis City, Lê Quàn Đạo, Phường Đại Mỗ, Quận Nam Từ Liêm, Hà Nội",200 m²,,,5,,10/11/202520:57
"Bán Nhà biệt thự, liền kề theo dự ánKhu đô thị mới Văn Quán tại Nguyễn Khuyến, Phường Văn Quán, Quận Hà Đông, Hà Nội",50 tỷ,"Nguyễn Khuyến, Phường Văn Quán, Quận Hà Đông, Hà Nội",230 m²,5 PN,5 WC,4,Sổ đỏ / Sổ hồng,10/11/202520:57
"Bán  Nhà mặt phố tạiTô ngọc vân, Phường Quảng An, Quận Tây Hồ, Hà Nội",91 tỷ,"Tô ngọc vân, Phường Quảng An, Quận Tây Hồ, Hà Nội",152 m²,8 PN,,8,Sổ đỏ / Sổ hồng,11/11/202509:46
"Bán  Nhà mặt phố tạigiếng sen, Phường La Khê, Quận Hà Đông, Hà Nội","17,50 tỷ","giếng sen, Phường La Khê, Quận Hà Đông, Hà Nội",53 m²,,,7,Sổ đỏ / Sổ hồng,07/11/202519:47
"Bán  Nhà riêng tạinông quốc chấn, Phường Vạn Phúc, Quận Hà Đông, Hà Nội","17,90 tỷ","nông quốc chấn, Phường Vạn Phúc, Quận Hà Đông, Hà Nội",50 m²,,,7,Sổ đỏ / Sổ hồng,05/11/202517:31
"Bán  Nhà riêng tạiPhường Thụy Khuê, Quận Tây Hồ, Hà Nội","7,20 tỷ","Phường Thụy Khuê, Quận Tây Hồ, Hà Nội",30 m²,3 PN,3 WC,6,Sổ đỏ / Sổ hồng,05/11/202511:31
"Bán  Nhà riêng tạiTân Thụy, Phường Phúc Đồng, Quận Long Biên, Hà Nội",15 tỷ,"Tân Thụy, Phường Phúc Đồng, Quận Long Biên, Hà Nội",43 m²,3 PN,5 WC,6,Sổ đỏ / Sổ hồng,05/11/202509:00
"Bán  Nhà mặt phố tạiTrích Sài, Phường Thụy Khuê, Quận Tây Hồ, Hà Nội",46 tỷ,"Trích Sài, Phường Thụy Khuê, Quận Tây Hồ, Hà Nội",170 m²,,,,Sổ đỏ / Sổ hồng,07/11/202509:08
"Bán  Nhà riêng tạiĐa Sĩ, Phường Kiến Hưng, Quận Hà Đông, Hà Nội","5,65 tỷ","Đa Sĩ, Phường Kiến Hưng, Quận Hà Đông, Hà Nội",37 m²,3 PN,3 WC,4,Sổ đỏ / Sổ hồng,03/11/202516:37
"Bán  Nhà mặt phố tạiBÀ TRIỆU, Phường Hà Cầu, Quận Hà Đông, Hà Nội",30 tỷ,"BÀ TRIỆU, Phường Hà Cầu, Quận Hà Đông, Hà Nội",100 m²,,,8,Sổ đỏ / Sổ hồng,02/11/202510:07
"Bán  Nhà mặt phố tạiPhường Yên Sở, Quận Hoàng Mai, Hà Nội","36,50 tỷ","Phường Yên Sở, Quận Hoàng Mai, Hà Nội",85 m²,,,7,Sổ đỏ / Sổ hồng,03/11/202511:21
"Bán  Nhà riêng tạiXuân đỗ, Phường Long Biên, Quận Long Biên, Hà Nội","9,50 tỷ","Xuân đỗ, Phường Long Biên, Quận Long Biên, Hà Nội",42 m²,3 PN,5 WC,6,Sổ đỏ / Sổ hồng,02/11/202516:29
"Bán  Nhà riêng tạitrần phú, Phường Mộ Lao, Quận Hà Đông, Hà Nội","9,60 tỷ","trần phú, Phường Mộ Lao, Quận Hà Đông, Hà Nội",35 m²,,,,,02/11/202520:41
"Bán  Nhà riêng tạiThanh Bình, Phường Mộ Lao, Quận Hà Đông, Hà Nội","7,80 tỷ","Thanh Bình, Phường Mộ Lao, Quận Hà Đông, Hà Nội",40 m²,4 PN,3 WC,4,Sổ đỏ / Sổ hồng,03/11/202519:41
"Bán  Nhà riêng tạitrần phú, Phường Mộ Lao, Quận Hà Đông, Hà Nội","11,70 tỷ","trần phú, Phường Mộ Lao, Quận Hà Đông, Hà Nội",46 m²,,,,,02/11/202520:39
"Bán  Nhà riêng tạiPhường Tương Mai, Quận Hoàng Mai, Hà Nội","13,65 tỷ","Phường Tương Mai, Quận Hoàng Mai, Hà Nội",54 m²,,,3,Sổ đỏ / Sổ hồng,04/11/202513:53
"Bán  Nhà riêng tạiNgọc Thuỵ, Phường Ngọc Thụy, Quận Long Biên, Hà Nội","10,80 tỷ","Ngọc Thuỵ, Phường Ngọc Thụy, Quận Long Biên, Hà Nội",41 m²,3 PN,4 WC,6,Sổ đỏ / Sổ hồng,01/11/202514:53
"Bán  Nhà mặt phố tạiPhường Giáp Bát, Quận Hoàng Mai, Hà Nội",40 tỷ,"Phường Giáp Bát, Quận Hoàng Mai, Hà Nội",62 m²,,,5,Sổ đỏ / Sổ hồng,31/10/202515:07
"Bán  Nhà riêng tạiquang trung, Phường Quang Trung, Quận Hà Đông, Hà Nội","10,20 tỷ","quang trung, Phường Quang Trung, Quận Hà Đông, Hà Nội",40 m²,,,4,,30/10/202519:07
"Bán  Nhà riêng tạiquang trung, Phường Quang Trung, Quận Hà Đông, Hà Nội","11,20 tỷ","quang trung, Phường Quang Trung, Quận Hà Đông, Hà Nội",43 m²,,,4,Sổ đỏ / Sổ hồng,30/10/202519:10
"Bán  Nhà mặt phố tạiPhường Hoàng Văn Thụ, Quận Hoàng Mai, Hà Nội","27,60 tỷ","Phường Hoàng Văn Thụ, Quận Hoàng Mai, Hà Nội",50 m²,,,6,Sổ đỏ / Sổ hồng,01/11/202508:37
"Bán  Nhà biệt thự, liền kề tạixuân đỉnh, Phường Xuân Đỉnh, Quận Bắc Từ Liêm, Hà Nội","34,50 tỷ","xuân đỉnh, Phường Xuân Đỉnh, Quận Bắc Từ Liêm, Hà Nội",124 m²,5 PN,4 WC,5,Sổ đỏ / Sổ hồng,29/10/202523:55
"Bán Nhà biệt thự, liền kề theo dự ánLouis City Hoàng Mai tại Phường Hoàng Văn Thụ, Quận Hoàng Mai, Hà Nội","32,50 tỷ","Phường Hoàng Văn Thụ, Quận Hoàng Mai, Hà Nội",95 m²,,,5,Sổ đỏ / Sổ hồng,01/11/202513:54
"Bán  Nhà riêng tạiPhường Ngọc Thụy, Quận Long Biên, Hà Nội","12,95 tỷ","Phường Ngọc Thụy, Quận Long Biên, Hà Nội",53 m²,4 PN,5 WC,6,,31/10/202515:06
"Bán  Nhà riêng tạiNgọc Lâm, Phường Ngọc Lâm, Quận Long Biên, Hà Nội","13,65 tỷ","Ngọc Lâm, Phường Ngọc Lâm, Quận Long Biên, Hà Nội",55 m²,3 PN,5 WC,6,Sổ đỏ / Sổ hồng,31/10/202515:06
"Bán  Nhà riêng tạiPhố Trạm, Phường Long Biên, Quận Long Biên, Hà Nội","12,50 tỷ","Phố Trạm, Phường Long Biên, Quận Long Biên, Hà Nội",53 m²,5 PN,2 WC,5,Sổ đỏ / Sổ hồng,31/10/202509:00
"Bán  Nhà riêng tạiKim Giang, Phường Đại Kim, Quận Hoàng Mai, Hà Nội","8,60 tỷ","Kim Giang, Phường Đại Kim, Quận Hoàng Mai, Hà Nội",47 m²,2 PN,4 WC,5,Sổ đỏ / Sổ hồng,31/10/202521:53
"Bán  Nhà biệt thự, liền kề tạiĐường Bát Khối, Phường Thạch Bàn, Quận Long Biên, Hà Nội","19,20 tỷ","Đường Bát Khối, Phường Thạch Bàn, Quận Long Biên, Hà Nội",90 m²,4 PN,3 WC,5,,25/11/202514:55
"Bán  Nhà riêng tạingô quyền, Phường Quang Trung, Quận Hà Đông, Hà Nội","11,20 tỷ","ngô quyền, Phường Quang Trung, Quận Hà Đông, Hà Nội",45 m²,,,,Sổ đỏ / Sổ hồng,29/10/202514:20
"Bán  Nhà riêng tạiCầu Diễn, Phường Phúc Diễn, Quận Bắc Từ Liêm, Hà Nội","6,90 tỷ","Cầu Diễn, Phường Phúc Diễn, Quận Bắc Từ Liêm, Hà Nội",35 m²,3 PN,3 WC,5,Sổ đỏ / Sổ hồng,29/10/202522:56
"Bán  Nhà riêng tạiPhường Liên Mạc, Quận Bắc Từ Liêm, Hà Nội","5,05 tỷ","Phường Liên Mạc, Quận Bắc Từ Liêm, Hà Nội",35 m²,,,5,Sổ đỏ / Sổ hồng,29/10/202517:20
"Bán  Nhà riêng tạivạn phúc, Phường Vạn Phúc, Quận Hà Đông, Hà Nội","10,20 tỷ","vạn phúc, Phường Vạn Phúc, Quận Hà Đông, Hà Nội",40 m²,,,,Sổ đỏ / Sổ hồng,28/10/202517:45
"Bán  Nhà riêng tạiPhố Trạm, Phường Long Biên, Quận Long Biên, Hà Nội","13,90 tỷ","Phố Trạm, Phường Long Biên, Quận Long Biên, Hà Nội",48 m²,,,6,Sổ đỏ / Sổ hồng,29/10/202508:50
"Bán  Nhà riêng tạiPhạm Văn Đồng, Phường Cổ Nhuế 2, Quận Bắc Từ Liêm, Hà Nội","12,80 tỷ","Phạm Văn Đồng, Phường Cổ Nhuế 2, Quận Bắc Từ Liêm, Hà Nội",70 m²,,,,Sổ đỏ / Sổ hồng,29/10/202522:43
"Bán  Nhà riêng tạingô quyền, Phường Quang Trung, Quận Hà Đông, Hà Nội","10,70 tỷ","ngô quyền, Phường Quang Trung, Quận Hà Đông, Hà Nội",42 m²,,,,Sổ đỏ / Sổ hồng,29/10/202514:18
"Bán  Nhà riêng tạiThụy Phương, Phường Thụy Phương, Quận Bắc Từ Liêm, Hà Nội",7 tỷ,"Thụy Phương, Phường Thụy Phương, Quận Bắc Từ Liêm, Hà Nội",37 m²,3 PN,3 WC,,Sổ đỏ / Sổ hồng,29/10/202523:11
"Bán  Nhà riêng tạivạn phúc, Phường Vạn Phúc, Quận Hà Đông, Hà Nội",11 tỷ,"vạn phúc, Phường Vạn Phúc, Quận Hà Đông, Hà Nội",43 m²,,,,,28/10/202517:47
"Bán  Nhà riêng tạiĐường Cổ Linh, Phường Thạch Bàn, Quận Long Biên, Hà Nội","7,40 tỷ","Đường Cổ Linh, Phường Thạch Bàn, Quận Long Biên, Hà Nội",52 m²,4 PN,4 WC,5,Sổ đỏ / Sổ hồng,25/11/202514:45
"Bán  Nhà riêng tạiPhố Yên Lộ, Phường Yên Nghĩa, Quận Hà Đông, Hà Nội","4,50 tỷ","Phố Yên Lộ, Phường Yên Nghĩa, Quận Hà Đông, Hà Nội",55 m²,3 PN,3 WC,4,Sổ đỏ / Sổ hồng,24/11/202516:00
"Bán  Nhà riêng tạiYên NGhĩa, Hà Đông, Hà Nội","5,20 tỷ","Yên NGhĩa, Hà Đông, Hà Nội",33 m²,4 PN,3 WC,4,Sổ đỏ / Sổ hồng,25/11/202510:14
"Bán  Nhà riêng tạiAO SEN MỘ LAO, HÀ ĐÔNG, HÀ NỘI","12,50 tỷ","AO SEN MỘ LAO, HÀ ĐÔNG, HÀ NỘI",60 m²,,,4,Sổ đỏ / Sổ hồng,25/11/202510:16
"Bán  Nhà riêng tạiphố Lụa, Vạn Phúc, Hà Đông","7,65 tỷ","phố Lụa, Vạn Phúc, Hà Đông",37 m²,,3 WC,4,,25/11/202510:03
"Bán  Nhà riêng tạiPhố Trần Nhật Duật, Phường Quang Trung, Quận Hà Đông, Hà Nội","9,20 tỷ","Phố Trần Nhật Duật, Phường Quang Trung, Quận Hà Đông, Hà Nội",45 m²,4 PN,,4,Sổ đỏ / Sổ hồng,25/11/202514:31
"Bán  Nhà riêng tạiNgõ 565 Đường Bát Khối, Phường Cự Khối, Quận Long Biên, Hà Nội","7,50 tỷ","Ngõ 565 Đường Bát Khối, Phường Cự Khối, Quận Long Biên, Hà Nội",38 m²,3 PN,,5,Sổ đỏ / Sổ hồng,24/11/202515:48
"Bán  Nhà mặt phố tạiQuang Trung, Hà Đông, Hà Nội","15,20 tỷ","Quang Trung, Hà Đông, Hà Nội",40 m²,,,5,Sổ đỏ / Sổ hồng,25/11/202510:06
"Bán  Nhà riêng tạiThụy Khuê, Tây Hồ, Hà Nội","12,50 tỷ","Thụy Khuê, Tây Hồ, Hà Nội",30 m²,,,3,Sổ đỏ / Sổ hồng,25/11/202509:56
"Bán  Nhà riêng tạiĐường Cổ Linh, Phường Long Biên, Quận Long Biên, Hà Nội","7,95 tỷ","Đường Cổ Linh, Phường Long Biên, Quận Long Biên, Hà Nội",32 m²,3 PN,4 WC,5,Sổ đỏ / Sổ hồng,24/11/202511:36
"Bán  Nhà riêng tạiĐường Quốc lộ 6 mở rộng (Ba La - Xuân Mai), Phường Đồng Mai, Quận Hà Đông, Hà Nội","4,35 tỷ","Đường Quốc lộ 6 mở rộng (Ba La - Xuân Mai), Phường Đồng Mai, Quận Hà Đông, Hà Nội",32 m²,3 PN,,5,Sổ đỏ / Sổ hồng,24/11/202514:25
"Bán  Nhà riêng tạiPhố Vĩnh Hưng, Phường Vĩnh Hưng, Quận Hoàng Mai, Hà Nội","6,50 tỷ","Phố Vĩnh Hưng, Phường Vĩnh Hưng, Quận Hoàng Mai, Hà Nội",32 m²,4 PN,,5,Sổ đỏ / Sổ hồng,24/11/202514:37
"Bán  Nhà riêng tạiPhường Tứ Liên, Quận Tây Hồ, Hà Nội",Thỏa thuận,"Phường Tứ Liên, Quận Tây Hồ, Hà Nội",64 m²,,,5,Sổ đỏ / Sổ hồng,24/11/202515:42
"Bán  Nhà riêng tạiPhường Long Biên, Quận Long Biên, Hà Nội",Thỏa thuận,"Phường Long Biên, Quận Long Biên, Hà Nội",80 m²,,,7,Sổ đỏ / Sổ hồng,24/11/202515:39
"Bán  Nhà riêng tạiPhố Hoa Lâm, Phường Việt Hưng, Quận Long Biên, Hà Nội","8,40 tỷ","Phố Hoa Lâm, Phường Việt Hưng, Quận Long Biên, Hà Nội",33 m²,3 PN,4 WC,6,Sổ đỏ / Sổ hồng,24/11/202511:44
"Bán  Nhà mặt phố tạiPhố Đức Giang, Phường Đức Giang, Quận Long Biên, Hà Nội","8,40 tỷ","Phố Đức Giang, Phường Đức Giang, Quận Long Biên, Hà Nội",67 m²,2 PN,,2,Sổ đỏ / Sổ hồng,24/11/202515:37
"Bán  Nhà riêng tạiPhố Định Công, Phường Định Công, Quận Hoàng Mai, Hà Nội",8 tỷ,"Phố Định Công, Phường Định Công, Quận Hoàng Mai, Hà Nội",45 m²,4 PN,,5,Sổ đỏ / Sổ hồng,24/11/202515:06
"Bán  Nhà riêng tạiPhố Vũ Xuân Thiều, Phường Sài Đồng, Quận Long Biên, Hà Nội","8,50 tỷ","Phố Vũ Xuân Thiều, Phường Sài Đồng, Quận Long Biên, Hà Nội",40 m²,3 PN,4 WC,6,Sổ đỏ / Sổ hồng,24/11/202511:47
"Bán Nhà riêng theo dự ánKhu đô thị mới Pháp Vân - Tứ Hiệp tại Đường Ngọc Hồi, Hoàng Liệt, Hoàng Mai, Hà Nội","8,80 tỷ","Đường Ngọc Hồi, Hoàng Liệt, Hoàng Mai, Hà Nội",42 m²,4 PN,4 WC,5,Sổ đỏ / Sổ hồng,03/11/202508:39
"Bán  Nhà riêng tạiĐường Ngô Quyền, Nguyễn Trãi, Quận Hà Đông, Hà Nội","8,60 tỷ","Đường Ngô Quyền, Nguyễn Trãi, Quận Hà Đông, Hà Nội",30 m²,,,5,,29/10/202514:55
"Bán Nhà biệt thự, liền kề theo dự ánFLC Premier Parc Đại Mỗ tại FLC Premier Parc Đại Mỗ, 70, Đại Mỗ, Nam Từ Liêm, Hà Nội","24,80 tỷ","FLC Premier Parc Đại Mỗ, 70, Đại Mỗ, Nam Từ Liêm, Hà Nội",90 m²,,,5,Sổ đỏ / Sổ hồng,29/10/202508:30
"Bán  Nhà riêng tạiphúc lợi, Phường Phúc Lợi, Quận Long Biên, Hà Nội","5,50 tỷ","phúc lợi, Phường Phúc Lợi, Quận Long Biên, Hà Nội",32 m²,5 PN,5 WC,5,Sổ đỏ / Sổ hồng,12/05/202508:15
"Bán Nhà biệt thự, liền kề theo dự ánFLC Premier Parc Đại Mỗ tại FLC Premier Parc Đại Mỗ, Đường 70, Phường Đại Mỗ, Nam Từ Liêm, Hà Nội","24,50 tỷ","FLC Premier Parc Đại Mỗ, Đường 70, Phường Đại Mỗ, Nam Từ Liêm, Hà Nội",90 m²,4 PN,5 WC,5,Hợp đồng mua bán,29/10/202515:16
"Bán  Nhà riêng tạiVạn Phúc, Hà Đông, Hà Nội","9,80 tỷ","Vạn Phúc, Hà Đông, Hà Nội","33,6 m²",,,5,Sổ đỏ / Sổ hồng,24/11/202511:10
"Bán Nhà biệt thự, liền kề theo dự ánFLC Premier Parc Đại Mỗ tại FLC Premier Parc Đại Mỗ, 70, Đại Mỗ, Nam Từ Liêm, Hà Nội",Thỏa thuận,"FLC Premier Parc Đại Mỗ, 70, Đại Mỗ, Nam Từ Liêm, Hà Nội",120 m²,,,4,Hợp đồng mua bán,22/11/202509:39
"Bán  Nhà riêng tạiĐường Ngô Quyền, Nguyễn Trãi, Hà Đông, Hà Nội","8,60 tỷ","Đường Ngô Quyền, Nguyễn Trãi, Hà Đông, Hà Nội",30 m²,3 PN,4 WC,5,Sổ đỏ / Sổ hồng,29/10/202514:50
"Bán  Nhà riêng tạiNgõ 6 Miêu nha, Phường Tây Mỗ, Quận Nam Từ Liêm, Hà Nội","5,10 tỷ","Ngõ 6 Miêu nha, Phường Tây Mỗ, Quận Nam Từ Liêm, Hà Nội",30 m²,3 PN,4 WC,5,Sổ đỏ / Sổ hồng,31/03/202500:00
"Bán  Nhà riêng tạiĐường Cự Khối, Phường Cự Khối, Quận Long Biên, Hà Nội",16 tỷ,"Đường Cự Khối, Phường Cự Khối, Quận Long Biên, Hà Nội",56 m²,5 PN,5 WC,7,Sổ đỏ / Sổ hồng,24/11/202510:36
"Bán Nhà biệt thự, liền kề theo dự ánFLC Premier Parc tại FLC Premier Parc Đại Mỗ, Đường 70, Phường Đại Mỗ, Nam Từ Liêm, Hà Nội",25 tỷ,"FLC Premier Parc Đại Mỗ, Đường 70, Phường Đại Mỗ, Nam Từ Liêm, Hà Nội",90 m²,,,5,Hợp đồng mua bán,04/11/202517:13
"Bán  Nhà riêng tạiPhường Tây Mỗ, Quận Nam Từ Liêm, Hà Nội","13,30 tỷ","Phường Tây Mỗ, Quận Nam Từ Liêm, Hà Nội",75 m²,6 PN,,4,,17/11/202514:50
"Bán  Nhà riêng tạiphúc lợi, Phường Phúc Lợi, Quận Long Biên, Hà Nội","4,60 tỷ","phúc lợi, Phường Phúc Lợi, Quận Long Biên, Hà Nội",30 m²,4 PN,4 WC,4,Sổ đỏ / Sổ hồng,12/05/202508:15
"Bán  Nhà riêng tạiNgõ 121 Tây Mỗ, Phường Đại Mỗ, Quận Nam Từ Liêm, Thành phố Hà Nội",5 tỷ,"Ngõ 121 Tây Mỗ, Phường Đại Mỗ, Quận Nam Từ Liêm, Thành phố Hà Nội",42 m²,4 PN,3 WC,4,Sổ đỏ / Sổ hồng,10/02/202500:00
"Bán  Nhà riêng tạiKim giang, Phường Đại Kim, Quận Hoàng Mai, Hà Nội","7,20 tỷ","Kim giang, Phường Đại Kim, Quận Hoàng Mai, Hà Nội",36 m²,8 PN,,1,Sổ đỏ / Sổ hồng,21/03/202500:00
"Bán  Nhà riêng tạiMỹ Đình, Phường Mỹ Đình 1, Quận Nam Từ Liêm, Hà Nội","5,45 tỷ","Mỹ Đình, Phường Mỹ Đình 1, Quận Nam Từ Liêm, Hà Nội",52 m²,3 PN,3 WC,5,Sổ đỏ / Sổ hồng,10/02/202500:00
"Bán  Nhà riêng tại268 Ngọc Thụy, Phường Ngọc Thụy, Quận Long Biên, Thành phố Hà Nội",14 tỷ,"268 Ngọc Thụy, Phường Ngọc Thụy, Quận Long Biên, Thành phố Hà Nội",39 m²,3 PN,3 WC,4,Sổ đỏ / Sổ hồng,11/02/202500:00
"Bán  Nhà riêng tạiPhường Ngọc Thụy, Quận Long Biên, Hà Nội","9,15 tỷ","Phường Ngọc Thụy, Quận Long Biên, Hà Nội",60 m²,3 PN,,6,Sổ đỏ / Sổ hồng,22/03/202500:00
"Bán  Nhà riêng tạiNgõ 136, Phường Minh Khai, Quận Bắc Từ Liêm, Hà Nội",11 tỷ,"Ngõ 136, Phường Minh Khai, Quận Bắc Từ Liêm, Hà Nội",60 m²,4 PN,4 WC,4,Sổ đỏ / Sổ hồng,08/04/202500:00
"Bán  Nhà riêng tạinhà Việt Hưng LB, Phường Việt Hưng, Quận Long Biên, Thành phố Hà Nội",5 tỷ,"nhà Việt Hưng LB, Phường Việt Hưng, Quận Long Biên, Thành phố Hà Nội",38 m²,3 PN,3 WC,5,Sổ đỏ / Sổ hồng,11/02/202500:00
"Bán  Nhà riêng tạiĐường Xuân Đỉnh, Phường Xuân Đỉnh, Quận Bắc Từ Liêm, Thành phố Hà Nội","5,95 tỷ","Đường Xuân Đỉnh, Phường Xuân Đỉnh, Quận Bắc Từ Liêm, Thành phố Hà Nội",36 m²,3 PN,3 WC,5,,11/02/202500:00
"Bán  Nhà riêng tạiToà Thiên Niên kỷ, đường Quang Trung, Phường Quang Trung, Quận Hà Đông, Thành phố Hà Nội","3,60 tỷ","Toà Thiên Niên kỷ, đường Quang Trung, Phường Quang Trung, Quận Hà Đông, Thành phố Hà Nội",54 m²,1 PN,1 WC,18,Sổ đỏ / Sổ hồng,10/02/202500:00
"Bán  Nhà riêng tạiPhường Ngọc Thụy, Quận Long Biên, Hà Nội","13,00 tỷ","Phường Ngọc Thụy, Quận Long Biên, Hà Nội",46 m²,4 PN,,5,Sổ đỏ / Sổ hồng,22/03/202500:00
"Bán  Nhà riêng tạido nha, Phường Tây Mỗ, Quận Nam Từ Liêm, Hà Nội","8,15 tỷ","do nha, Phường Tây Mỗ, Quận Nam Từ Liêm, Hà Nội",86 m²,3 PN,2 WC,2,Sổ đỏ / Sổ hồng,12/05/202509:04
"Bán  Nhà riêng tạicổ nhuế, Phường Cổ Nhuế 1, Quận Bắc Từ Liêm, Hà Nội","12,80 tỷ","cổ nhuế, Phường Cổ Nhuế 1, Quận Bắc Từ Liêm, Hà Nội",60 m²,6 PN,4 WC,6,Sổ đỏ / Sổ hồng,09/04/202509:07
"Bán  Nhà riêng tạiNgọc Hồi, Phường Hoàng Liệt, Quận Hoàng Mai, Hà Nội","9,90 tỷ","Ngọc Hồi, Phường Hoàng Liệt, Quận Hoàng Mai, Hà Nội",55 m²,,,5,Sổ đỏ / Sổ hồng,31/10/202514:40
"Bán  Nhà riêng tạiPhường Đại Kim, Quận Hoàng Mai, Hà Nội",23 tỷ,"Phường Đại Kim, Quận Hoàng Mai, Hà Nội",53 m²,,,6,Sổ đỏ / Sổ hồng,23/10/202511:34
"Bán  Nhà biệt thự, liền kề tạiPhường Dương Nội, Quận Hà Đông, Hà Nội",Thỏa thuận,"Phường Dương Nội, Quận Hà Đông, Hà Nội",85 m²,,,5,,31/10/202517:04
"Bán  Nhà mặt phố tạiThạch Bàn , Phường Thạch Bàn, Quận Long Biên, Hà Nội","13,50 tỷ","Thạch Bàn , Phường Thạch Bàn, Quận Long Biên, Hà Nội",60 m²,4 PN,4 WC,6,Sổ đỏ / Sổ hồng,04/11/202507:58
"Bán  Nhà riêng tạingô gia tự, Phường Đức Giang, Quận Long Biên, Hà Nội","43,75 tỷ","ngô gia tự, Phường Đức Giang, Quận Long Biên, Hà Nội",175 m²,4 PN,2 WC,9,Sổ đỏ / Sổ hồng,18/10/202509:58
"Bán  Nhà riêng tạiQuyết thắng, Phường Yên Nghĩa, Quận Hà Đông, Hà Nội","8,80 tỷ","Quyết thắng, Phường Yên Nghĩa, Quận Hà Đông, Hà Nội",35 m²,4 PN,3 WC,5,Sổ đỏ / Sổ hồng,10/06/202507:10
"Bán  Nhà riêng tạiPhố Quang Tiến, Phường Đại Mỗ, Quận Nam Từ Liêm, Hà Nội","8,50 tỷ","Phố Quang Tiến, Phường Đại Mỗ, Quận Nam Từ Liêm, Hà Nội",45 m²,4 PN,3 WC,4,Sổ đỏ / Sổ hồng,19/04/202510:00
"Bán  Nhà riêng tạiHoà bình, Phường Yên Nghĩa, Quận Hà Đông, Hà Nội","4,58 tỷ","Hoà bình, Phường Yên Nghĩa, Quận Hà Đông, Hà Nội",45 m²,6 PN,4 WC,,Sổ đỏ / Sổ hồng,12/04/202518:17
"Bán  Nhà riêng tạingõ 195, Phường Phúc Lợi, Quận Long Biên, Hà Nội","7,50 tỷ","ngõ 195, Phường Phúc Lợi, Quận Long Biên, Hà Nội",50 m²,,,5,Sổ đỏ / Sổ hồng,03/10/202514:24
"Bán  Nhà riêng tạiHoàng mai, Phường Hoàng Văn Thụ, Quận Hoàng Mai, Hà Nội","6,80 tỷ","Hoàng mai, Phường Hoàng Văn Thụ, Quận Hoàng Mai, Hà Nội",42 m²,,,4,Sổ đỏ / Sổ hồng,13/06/202510:12
"Bán  Nhà riêng tạiĐịnh công thượng, Phường Định Công, Quận Hoàng Mai, Hà Nội","12,50 tỷ","Định công thượng, Phường Định Công, Quận Hoàng Mai, Hà Nội",64 m²,6 PN,5 WC,5,Sổ đỏ / Sổ hồng,22/08/202522:32
"Bán  Nhà mặt phố tạiPhố Quang Tiến, Phường Đại Mỗ, Quận Nam Từ Liêm, Hà Nội","7,50 tỷ","Phố Quang Tiến, Phường Đại Mỗ, Quận Nam Từ Liêm, Hà Nội",36 m²,3 PN,4 WC,23,Sổ đỏ / Sổ hồng,19/04/202500:00
"Bán  Nhà riêng tạiDo nha, Phường Tây Mỗ, Quận Nam Từ Liêm, Hà Nội","5,90 tỷ","Do nha, Phường Tây Mỗ, Quận Nam Từ Liêm, Hà Nội",50 m²,4 PN,4 WC,4,Sổ đỏ / Sổ hồng,10/05/202516:35
"Bán  Nhà riêng tạiphúc lợi, Phường Phúc Lợi, Quận Long Biên, Hà Nội","4,90 tỷ","phúc lợi, Phường Phúc Lợi, Quận Long Biên, Hà Nội",32 m²,3 PN,4 WC,5,Sổ đỏ / Sổ hồng,20/05/202508:15
"Bán  Nhà riêng tạiphúc lợi, Phường Phúc Lợi, Quận Long Biên, Hà Nội","5,50 tỷ","phúc lợi, Phường Phúc Lợi, Quận Long Biên, Hà Nội",36 m²,4 PN,4 WC,5,Sổ đỏ / Sổ hồng,21/05/202520:59
"Bán  Nhà riêng tạiĐường Thanh Bình, Phường Mộ Lao, Quận Hà Đông, Hà Nội",13 tỷ,"Đường Thanh Bình, Phường Mộ Lao, Quận Hà Đông, Hà Nội",82 m²,4 PN,2 WC,4,Sổ đỏ / Sổ hồng,20/11/202510:09
"Bán  Nhà riêng tạiPhường Hoàng Văn Thụ, Quận Hoàng Mai, Hà Nội","12,80 tỷ","Phường Hoàng Văn Thụ, Quận Hoàng Mai, Hà Nội",61 m²,,,4,,20/11/202514:11
"Bán  Nhà mặt phố tạiĐường Cổ Linh, Phường Long Biên, Quận Long Biên, Hà Nội",59 tỷ,"Đường Cổ Linh, Phường Long Biên, Quận Long Biên, Hà Nội",118 m²,3 PN,6 WC,8,Sổ đỏ / Sổ hồng,20/11/202508:56
"Bán  Nhà riêng tạiMỹ đình, Phường Mỹ Đình 1, Quận Nam Từ Liêm, Hà Nội","10,60 tỷ","Mỹ đình, Phường Mỹ Đình 1, Quận Nam Từ Liêm, Hà Nội",38 m²,6 PN,7 WC,6,Sổ đỏ / Sổ hồng,20/11/202510:21
"Bán  Nhà riêng tạiXuân La, Phường Yên Phụ, Quận Tây Hồ, Hà Nội","8,80 tỷ","Xuân La, Phường Yên Phụ, Quận Tây Hồ, Hà Nội",36 m²,3 PN,,5,,12/02/202500:00
"Bán  Nhà riêng tạiMỗ Lao, Phường Mộ Lao, Quận Hà Đông, Hà Nội","14,50 tỷ","Mỗ Lao, Phường Mộ Lao, Quận Hà Đông, Hà Nội",36 m²,,,7,,12/02/202500:00
"Bán  Nhà riêng tạimậu lương, Phường Kiến Hưng, Quận Hà Đông, Hà Nội","7,10 tỷ","mậu lương, Phường Kiến Hưng, Quận Hà Đông, Hà Nội",31 m²,3 PN,4 WC,5,Sổ đỏ / Sổ hồng,20/11/202514:34
"Bán  Nhà riêng tạiPhường Ngọc Lâm, Quận Long Biên, Hà Nội","11,60 tỷ","Phường Ngọc Lâm, Quận Long Biên, Hà Nội",38 m²,3 PN,,5,Sổ đỏ / Sổ hồng,22/03/202500:00
"Bán  Nhà mặt phố tạiĐền Lừ, Phường Hoàng Văn Thụ, Quận Hoàng Mai, Hà Nội","18,10 tỷ","Đền Lừ, Phường Hoàng Văn Thụ, Quận Hoàng Mai, Hà Nội",40 m²,4 PN,,7,Sổ đỏ / Sổ hồng,20/11/202506:00
"Bán  Nhà riêng tạiĐường Nguyễn Văn Linh, Phường Phúc Lợi, Quận Long Biên, Hà Nội","21,50 tỷ","Đường Nguyễn Văn Linh, Phường Phúc Lợi, Quận Long Biên, Hà Nội",55 m²,4 PN,5 WC,7,Sổ đỏ / Sổ hồng,19/11/202511:33
"Bán  Nhà riêng tạiĐường Mỹ Đình, Phường Mỹ Đình 1, Quận Nam Từ Liêm, Hà Nội","9,60 tỷ","Đường Mỹ Đình, Phường Mỹ Đình 1, Quận Nam Từ Liêm, Hà Nội",54 m²,,,,,19/11/202508:50
"Bán  Nhà riêng tạiĐường Nguyễn Văn Lộc, Phường Mộ Lao, Quận Hà Đông, Hà Nội","6,50 tỷ","Đường Nguyễn Văn Lộc, Phường Mộ Lao, Quận Hà Đông, Hà Nội",30 m²,4 PN,4 WC,3,Sổ đỏ / Sổ hồng,18/11/202522:30
"Bán  Nhà riêng tạiĐường Nguyễn Văn Linh, Phường Long Biên, Quận Long Biên, Hà Nội",16 tỷ,"Đường Nguyễn Văn Linh, Phường Long Biên, Quận Long Biên, Hà Nội",87 m²,7 PN,4 WC,3,Sổ đỏ / Sổ hồng,18/11/202518:41
"Bán  Nhà riêng tạiĐường Ngọc Lâm, Phường Bồ Đề, Quận Long Biên, Hà Nội","16,80 tỷ","Đường Ngọc Lâm, Phường Bồ Đề, Quận Long Biên, Hà Nội",70 m²,4 PN,5 WC,5,Sổ đỏ / Sổ hồng,19/11/202511:12
"Bán  Nhà riêng tạiPhú diễn, Phường Phú Diễn, Quận Bắc Từ Liêm, Hà Nội",13 tỷ,"Phú diễn, Phường Phú Diễn, Quận Bắc Từ Liêm, Hà Nội",85 m²,4 PN,4 WC,7,Sổ đỏ / Sổ hồng,19/11/202515:19
"Bán  Nhà riêng tạiĐường Huy Du, Phường Cầu Diễn, Quận Nam Từ Liêm, Hà Nội","9,10 tỷ","Đường Huy Du, Phường Cầu Diễn, Quận Nam Từ Liêm, Hà Nội",50 m²,,,,,18/11/202513:46
"Bán  Nhà mặt phố tạiao sen, Phường Văn Quán, Quận Hà Đông, Hà Nội","15,60 tỷ","ao sen, Phường Văn Quán, Quận Hà Đông, Hà Nội",50 m²,8 PN,6 WC,6,Sổ đỏ / Sổ hồng,18/11/202509:55
"Bán  Nhà riêng tạiPhường Đại Kim, Quận Hoàng Mai, Hà Nội","9,50 tỷ","Phường Đại Kim, Quận Hoàng Mai, Hà Nội",32 m²,,,7,,18/11/202517:42
"Bán  Nhà riêng tạicầu diễn, Phường Cầu Diễn, Quận Nam Từ Liêm, Hà Nội","7,95 tỷ","cầu diễn, Phường Cầu Diễn, Quận Nam Từ Liêm, Hà Nội",39 m²,4 PN,5 WC,5,Sổ đỏ / Sổ hồng,18/11/202515:08
"Bán  Nhà riêng tạiđa sỹ, Phường Kiến Hưng, Quận Hà Đông, Hà Nội","6,90 tỷ","đa sỹ, Phường Kiến Hưng, Quận Hà Đông, Hà Nội",31 m²,3 PN,3 WC,4,Sổ đỏ / Sổ hồng,18/11/202509:22
"Bán  Nhà riêng tạiĐường Trung Văn, Phường Trung Văn, Quận Nam Từ Liêm, Hà Nội","6,50 tỷ","Đường Trung Văn, Phường Trung Văn, Quận Nam Từ Liêm, Hà Nội",31 m²,4 PN,4 WC,5,Sổ đỏ / Sổ hồng,17/11/202523:12
"Bán  Nhà riêng tạiĐường Mỹ Đình, Phường Mỹ Đình 1, Quận Nam Từ Liêm, Hà Nội","9,40 tỷ","Đường Mỹ Đình, Phường Mỹ Đình 1, Quận Nam Từ Liêm, Hà Nội",44 m²,,,,,17/11/202522:00
"Bán  Nhà riêng tạiĐường Nguyễn Đổng Chi, Phường Cầu Diễn, Quận Nam Từ Liêm, Hà Nội","9,50 tỷ","Đường Nguyễn Đổng Chi, Phường Cầu Diễn, Quận Nam Từ Liêm, Hà Nội",48 m²,,,,,18/11/202509:32
"Bán  Nhà riêng tạiđa sỹ, Phường Kiến Hưng, Quận Hà Đông, Hà Nội","6,95 tỷ","đa sỹ, Phường Kiến Hưng, Quận Hà Đông, Hà Nội",30 m²,3 PN,4 WC,5,Sổ đỏ / Sổ hồng,17/11/202510:31
"Bán  Nhà riêng tạiĐường Trung Văn, Phường Trung Văn, Quận Nam Từ Liêm, Hà Nội","6,50 tỷ","Đường Trung Văn, Phường Trung Văn, Quận Nam Từ Liêm, Hà Nội",32 m²,4 PN,4 WC,5,Sổ đỏ / Sổ hồng,16/11/202520:45
"Bán  Nhà tái định cư tạiĐường Ngọc Thụy, Phường Bồ Đề, Quận Long Biên, Hà Nội","25,70 tỷ","Đường Ngọc Thụy, Phường Bồ Đề, Quận Long Biên, Hà Nội",58 m²,3 PN,5 WC,7,Sổ đỏ / Sổ hồng,16/11/202509:55
"Bán  Nhà mặt phố tạiĐường Ngô Gia Khảm, Phường Bồ Đề, Quận Long Biên, Hà Nội","14,50 tỷ","Đường Ngô Gia Khảm, Phường Bồ Đề, Quận Long Biên, Hà Nội",35 m²,4 PN,6 WC,7,Sổ đỏ / Sổ hồng,15/11/202509:53
"Bán  Nhà riêng tạiĐường Vũ Xuân Thiều, Phường Sài Đồng, Quận Long Biên, Hà Nội","14,65 tỷ","Đường Vũ Xuân Thiều, Phường Sài Đồng, Quận Long Biên, Hà Nội",46 m²,3 PN,3 WC,7,Sổ đỏ / Sổ hồng,14/11/202519:21
"Bán  Nhà riêng tạiPhường Tương Mai, Quận Hoàng Mai, Hà Nội","17,50 tỷ","Phường Tương Mai, Quận Hoàng Mai, Hà Nội",57 m²,,,7,,14/11/202508:24
"Bán  Nhà riêng tạitrần phú, Phường Văn Quán, Quận Hà Đông, Hà Nội","7,15 tỷ","trần phú, Phường Văn Quán, Quận Hà Đông, Hà Nội",23 m²,3 PN,4 WC,6,Sổ đỏ / Sổ hồng,14/11/202516:39
"Bán  Nhà riêng tạiPhường Tương Mai, Quận Hoàng Mai, Hà Nội","23,50 tỷ","Phường Tương Mai, Quận Hoàng Mai, Hà Nội",48 m²,,,8,,14/11/202517:22
"Bán  Nhà riêng tạiPhố Đại Từ , Phường Đại Kim, Quận Hoàng Mai, Hà Nội","12,50 tỷ","Phố Đại Từ , Phường Đại Kim, Quận Hoàng Mai, Hà Nội",44 m²,4 PN,4 WC,5,Sổ đỏ / Sổ hồng,14/11/202512:37
"Bán Nhà biệt thự, liền kề theo dự ánLàng Việt Kiều Châu Âu Euroland tại Làng việt kiều châu âu, Phường Mộ Lao, Quận Hà Đông, Hà Nội",56 tỷ,"Làng việt kiều châu âu, Phường Mộ Lao, Quận Hà Đông, Hà Nội",144 m²,5 PN,4 WC,3,Sổ đỏ / Sổ hồng,12/11/202514:27
"Bán  Nhà riêng tạiPhường Tương Mai, Quận Hoàng Mai, Hà Nội","20,90 tỷ","Phường Tương Mai, Quận Hoàng Mai, Hà Nội",60 m²,,,6,,12/11/202516:33
"Bán  Nhà biệt thự, liền kề tạiĐường Ngọc Lâm, Phường Bồ Đề, Quận Long Biên, Hà Nội","55,50 tỷ","Đường Ngọc Lâm, Phường Bồ Đề, Quận Long Biên, Hà Nội",280 m²,5 PN,7 WC,4,Sổ đỏ / Sổ hồng,12/11/202512:48
"Bán  Nhà riêng tạiĐường Xa La, Phường Phúc La, Quận Hà Đông, Hà Nội","8,20 tỷ","Đường Xa La, Phường Phúc La, Quận Hà Đông, Hà Nội",35 m²,4 PN,4 WC,5,Sổ đỏ / Sổ hồng,12/11/202516:33
"Bán  Nhà biệt thự, liền kề tạinguyễn sơn hà, Phường Văn Quán, Quận Hà Đông, Hà Nội",25 tỷ,"nguyễn sơn hà, Phường Văn Quán, Quận Hà Đông, Hà Nội",100 m²,,,5,Sổ đỏ / Sổ hồng,12/11/202514:27
"Bán  Nhà riêng tạiYên Bình, Phường Văn Quán, Quận Hà Đông, Hà Nội","13,90 tỷ","Yên Bình, Phường Văn Quán, Quận Hà Đông, Hà Nội",40 m²,3 PN,4 WC,5,Sổ đỏ / Sổ hồng,13/11/202500:00
"Bán  Nhà mặt phố tạiĐường Nguyễn Văn Cừ, Phường Bồ Đề, Quận Long Biên, Hà Nội","58,50 tỷ","Đường Nguyễn Văn Cừ, Phường Bồ Đề, Quận Long Biên, Hà Nội",130 m²,6 PN,9 WC,12,Sổ đỏ / Sổ hồng,11/11/202512:31
"Bán  Nhà riêng tạiBa La, Phường Phú La, Quận Hà Đông, Hà Nội","7,85 tỷ","Ba La, Phường Phú La, Quận Hà Đông, Hà Nội",35 m²,3 PN,2 WC,3,Sổ đỏ / Sổ hồng,12/11/202509:12
"Bán  Nhà riêng tạivạn phúc, Phường Vạn Phúc, Quận Hà Đông, Hà Nội","7,60 tỷ","vạn phúc, Phường Vạn Phúc, Quận Hà Đông, Hà Nội",32 m²,3 PN,4 WC,5,Sổ đỏ / Sổ hồng,11/11/202509:52
"Bán  Nhà riêng tạiQuang Trung, Phường La Khê, Quận Hà Đông, Hà Nội","5,90 tỷ","Quang Trung, Phường La Khê, Quận Hà Đông, Hà Nội",25 m²,3 PN,4 WC,5,Sổ đỏ / Sổ hồng,10/11/202520:56
"Bán  Nhà biệt thự, liền kề tạiTố Hữu, Phường Vạn Phúc, Quận Hà Đông, Hà Nội","22,50 tỷ","Tố Hữu, Phường Vạn Phúc, Quận Hà Đông, Hà Nội",55 m²,5 PN,6 WC,7,Sổ đỏ / Sổ hồng,11/11/202509:25
"Bán  Nhà riêng tạiĐường Xa La, Phường Phúc La, Quận Hà Đông, Hà Nội","8,20 tỷ","Đường Xa La, Phường Phúc La, Quận Hà Đông, Hà Nội",30 m²,5 PN,5 WC,6,Sổ đỏ / Sổ hồng,08/11/202519:54
"Bán  Nhà riêng tạiHà trì 3, Phường Hà Cầu, Quận Hà Đông, Hà Nội","7,45 tỷ","Hà trì 3, Phường Hà Cầu, Quận Hà Đông, Hà Nội",31 m²,3 PN,4 WC,5,Sổ đỏ / Sổ hồng,10/11/202509:48
"Bán  Nhà riêng tạiĐường Ngô Thì Nhậm, Phường Quang Trung, Quận Hà Đông, Hà Nội",10 tỷ,"Đường Ngô Thì Nhậm, Phường Quang Trung, Quận Hà Đông, Hà Nội",52 m²,4 PN,3 WC,,Sổ đỏ / Sổ hồng,08/11/202520:09
"Bán  Nhà riêng tạiĐường Ngọc Thụy, Phường Bồ Đề, Quận Long Biên, Hà Nội","17,30 tỷ","Đường Ngọc Thụy, Phường Bồ Đề, Quận Long Biên, Hà Nội",50 m²,3 PN,4 WC,7,Sổ đỏ / Sổ hồng,09/11/202511:08
"Bán  Nhà riêng tạimậu lương, Phường Kiến Hưng, Quận Hà Đông, Hà Nội","7,08 tỷ","mậu lương, Phường Kiến Hưng, Quận Hà Đông, Hà Nội",31 m²,3 PN,4 WC,5,Sổ đỏ / Sổ hồng,08/11/202509:06
"Bán  Nhà riêng tạimậu lương, Phường Kiến Hưng, Quận Hà Đông, Hà Nội","7,60 tỷ","mậu lương, Phường Kiến Hưng, Quận Hà Đông, Hà Nội",31 m²,3 PN,4 WC,5,Sổ đỏ / Sổ hồng,08/11/202510:46
"Bán  Nhà mặt phố tạiĐường Bồ Đề, Phường Bồ Đề, Quận Long Biên, Hà Nội","85,50 tỷ","Đường Bồ Đề, Phường Bồ Đề, Quận Long Biên, Hà Nội",226 m²,4 PN,3 WC,3,Sổ đỏ / Sổ hồng,08/11/202512:38
"Bán  Nhà mặt phố tạiĐường Đàm Quang Trung, Phường Long Biên, Quận Long Biên, Hà Nội","26,20 tỷ","Đường Đàm Quang Trung, Phường Long Biên, Quận Long Biên, Hà Nội",75 m²,6 PN,6 WC,8,Sổ đỏ / Sổ hồng,07/11/202512:06
"Bán  Nhà riêng tạiđa sỹ, Phường Kiến Hưng, Quận Hà Đông, Hà Nội","6,95 tỷ","đa sỹ, Phường Kiến Hưng, Quận Hà Đông, Hà Nội",30 m²,3 PN,3 WC,5,Sổ đỏ / Sổ hồng,07/11/202509:21
"Bán  Nhà riêng tạiđa sỹ, Phường Kiến Hưng, Quận Hà Đông, Hà Nội","6,90 tỷ","đa sỹ, Phường Kiến Hưng, Quận Hà Đông, Hà Nội",33 m²,5 PN,3 WC,5,Sổ đỏ / Sổ hồng,07/11/202510:36
"Bán  Nhà mặt phố tạiĐường Hoàng Như Tiếp, Phường Bồ Đề, Quận Long Biên, Hà Nội","43,50 tỷ","Đường Hoàng Như Tiếp, Phường Bồ Đề, Quận Long Biên, Hà Nội",84 m²,4 PN,6 WC,8,Sổ đỏ / Sổ hồng,07/11/202508:08
"Bán  Nhà riêng tạivạn phúc, Phường Vạn Phúc, Quận Hà Đông, Hà Nội","7,96 tỷ","vạn phúc, Phường Vạn Phúc, Quận Hà Đông, Hà Nội",34 m²,3 PN,3 WC,4,Sổ đỏ / Sổ hồng,06/11/202508:57
"Bán  Nhà riêng tạiTrương Định , Phường Tương Mai, Quận Hoàng Mai, Hà Nội","16,50 tỷ","Trương Định , Phường Tương Mai, Quận Hoàng Mai, Hà Nội",80 m²,3 PN,3 WC,3,Sổ đỏ / Sổ hồng,05/11/202517:11
"Bán  Nhà riêng tạimậu lương, Phường Kiến Hưng, Quận Hà Đông, Hà Nội","7,30 tỷ","mậu lương, Phường Kiến Hưng, Quận Hà Đông, Hà Nội",33 m²,3 PN,4 WC,5,Sổ đỏ / Sổ hồng,04/11/202510:55
"Bán  Nhà riêng tạiPhố Lụa, Vạn Phúc, Phường Vạn Phúc, Quận Hà Đông, Hà Nội","6,90 tỷ","Phố Lụa, Vạn Phúc, Phường Vạn Phúc, Quận Hà Đông, Hà Nội",40 m²,3 PN,3 WC,3,Sổ đỏ / Sổ hồng,03/11/202509:14
"Bán  Nhà riêng tạiPhố Lụa, Phường Vạn Phúc, Quận Hà Đông, Hà Nội","8,30 tỷ","Phố Lụa, Phường Vạn Phúc, Quận Hà Đông, Hà Nội",30 m²,3 PN,3 WC,5,Sổ đỏ / Sổ hồng,04/11/202510:22
"Bán  Nhà riêng tạiĐường Vạn Phúc, Phường Vạn Phúc, Quận Hà Đông, Hà Nội","8,50 tỷ","Đường Vạn Phúc, Phường Vạn Phúc, Quận Hà Đông, Hà Nội",40 m²,3 PN,4 WC,4,Sổ đỏ / Sổ hồng,01/11/202520:41
"Bán  Nhà riêng tạiPhường Vĩnh Hưng, Quận Hoàng Mai, Hà Nội","8,80 tỷ","Phường Vĩnh Hưng, Quận Hoàng Mai, Hà Nội",40 m²,3 PN,3 WC,5,Sổ đỏ / Sổ hồng,02/11/202510:49
"Bán Nhà biệt thự, liền kề theo dự ánKhu đô thị Geleximco - Lê Trọng Tấn tại Khu đô thị Geleximco - Lê Trọng Tấn, Lê trọng Tấn, Phường Dương Nội, Quận Hà Đông, Hà Nội",22 tỷ,"Khu đô thị Geleximco - Lê Trọng Tấn, Lê trọng Tấn, Phường Dương Nội, Quận Hà Đông, Hà Nội",120 m²,5 PN,5 WC,4,Sổ đỏ / Sổ hồng,29/10/202515:54
"Bán  Nhà mặt phố tạiĐường Xuân Diệu, Phường Quảng An, Quận Tây Hồ, Hà Nội",85 tỷ,"Đường Xuân Diệu, Phường Quảng An, Quận Tây Hồ, Hà Nội",139 m²,7 PN,7 WC,8,Sổ đỏ / Sổ hồng,30/10/202517:07
"Bán Nhà biệt thự, liền kề theo dự ánKhu đô thị mới Xa La tại Khu đô thị mới Xa La, Hạnh hoa, Phường Phúc La, Quận Hà Đông, Hà Nội",41 tỷ,"Khu đô thị mới Xa La, Hạnh hoa, Phường Phúc La, Quận Hà Đông, Hà Nội",120 m²,4 PN,5 WC,4,Sổ đỏ / Sổ hồng,29/10/202514:48
"Bán  Nhà riêng tạiPhan Đình Giót, Phường La Khê, Quận Hà Đông, Hà Nội","7,35 tỷ","Phan Đình Giót, Phường La Khê, Quận Hà Đông, Hà Nội",35 m²,3 PN,4 WC,4,Sổ đỏ / Sổ hồng,30/10/202510:35
"Bán  Nhà biệt thự, liền kề tạiĐường 1, Phường Phú La, Quận Hà Đông, Hà Nội",16 tỷ,"Đường 1, Phường Phú La, Quận Hà Đông, Hà Nội",50 m²,5 PN,4 WC,,Sổ đỏ / Sổ hồng,31/10/202514:43
"Bán  Nhà biệt thự, liền kề tạiĐường Mậu Lương, Phường Kiến Hưng, Quận Hà Đông, Hà Nội",14 tỷ,"Đường Mậu Lương, Phường Kiến Hưng, Quận Hà Đông, Hà Nội",50 m²,5 PN,4 WC,,Sổ đỏ / Sổ hồng,31/10/202514:59
"Bán  Nhà riêng tạimậu lương, Phường Kiến Hưng, Quận Hà Đông, Hà Nội","7,30 tỷ","mậu lương, Phường Kiến Hưng, Quận Hà Đông, Hà Nội",33 m²,3 PN,4 WC,5,Sổ đỏ / Sổ hồng,28/10/202520:56
"Bán  Nhà riêng tạiTrần Phú, Phường Văn Quán, Quận Hà Đông, Hà Nội","10,60 tỷ","Trần Phú, Phường Văn Quán, Quận Hà Đông, Hà Nội",32 m²,3 PN,4 WC,6,Sổ đỏ / Sổ hồng,29/10/202508:21
"Bán  Nhà riêng tạimậu lương, Phường Kiến Hưng, Quận Hà Đông, Hà Nội","7,30 tỷ","mậu lương, Phường Kiến Hưng, Quận Hà Đông, Hà Nội",35 m²,3 PN,4 WC,5,Sổ đỏ / Sổ hồng,29/10/202510:58
"Bán  Nhà biệt thự, liền kề tạiĐường Mậu Lương, Phường Kiến Hưng, Quận Hà Đông, Hà Nội",14 tỷ,"Đường Mậu Lương, Phường Kiến Hưng, Quận Hà Đông, Hà Nội",50 m²,5 PN,4 WC,,Sổ đỏ / Sổ hồng,28/10/202517:08
"Bán  Nhà riêng tạiĐường Hồng Tiến, Phường Bồ Đề, Quận Long Biên, Hà Nội","18,50 tỷ","Đường Hồng Tiến, Phường Bồ Đề, Quận Long Biên, Hà Nội",65 m²,3 PN,4 WC,5,Sổ đỏ / Sổ hồng,29/10/202509:01
"Bán  Nhà riêng tạimậu lương, Phường Kiến Hưng, Quận Hà Đông, Hà Nội","7,10 tỷ","mậu lương, Phường Kiến Hưng, Quận Hà Đông, Hà Nội",30 m²,3 PN,4 WC,5,Sổ đỏ / Sổ hồng,29/10/202509:00
"Bán  Nhà biệt thự, liền kề tạiĐường 1, Phường Phú La, Quận Hà Đông, Hà Nội","17,70 tỷ","Đường 1, Phường Phú La, Quận Hà Đông, Hà Nội",85 m²,5 PN,4 WC,,Sổ đỏ / Sổ hồng,29/10/202510:40
"Bán  Nhà mặt phố tạiĐường Ngô Gia Tự, Phường Việt Hưng, Quận Long Biên, {Var:TenTinh}",30 tỷ,"Đường Ngô Gia Tự, Phường Việt Hưng, Quận Long Biên, {Var:TenTinh}",91 m²,,,7,Sổ đỏ / Sổ hồng,29/10/202509:16
"Bán  Nhà riêng tạiĐường Phố Lụa, Phường Vạn Phúc, Quận Hà Đông, Hà Nội","14,30 tỷ","Đường Phố Lụa, Phường Vạn Phúc, Quận Hà Đông, Hà Nội",54 m²,4 PN,4 WC,,Sổ đỏ / Sổ hồng,29/10/202510:08
"Bán  Nhà biệt thự, liền kề tạiĐường 1, Phường Phú La, Quận Hà Đông, Hà Nội",20 tỷ,"Đường 1, Phường Phú La, Quận Hà Đông, Hà Nội",90 m²,5 PN,4 WC,,Sổ đỏ / Sổ hồng,29/10/202511:11
"Bán  Nhà riêng tạimậu lương, Phường Kiến Hưng, Quận Hà Đông, Hà Nội","7,10 tỷ","mậu lương, Phường Kiến Hưng, Quận Hà Đông, Hà Nội",30 m²,3 PN,4 WC,5,Sổ đỏ / Sổ hồng,28/10/202520:38
"Bán  Nhà biệt thự, liền kề tạiBắc Cầu, Phường Ngọc Thụy, Quận Long Biên, Hà Nội","13,90 tỷ","Bắc Cầu, Phường Ngọc Thụy, Quận Long Biên, Hà Nội",250 m²,4 PN,3 WC,4,Sổ đỏ / Sổ hồng,28/10/202509:00
"Bán  Nhà riêng tạibế văn đàn, Phường Quang Trung, Quận Hà Đông, Hà Nội","13,20 tỷ","bế văn đàn, Phường Quang Trung, Quận Hà Đông, Hà Nội",45 m²,,,5,,27/10/202519:57
"Bán  Nhà riêng tạiPhường Thụy Khuê, Quận Tây Hồ, Hà Nội","13,90 tỷ","Phường Thụy Khuê, Quận Tây Hồ, Hà Nội",70 m²,,,,Sổ đỏ / Sổ hồng,27/10/202521:27
"Bán  Nhà riêng tạimậu lương, Phường Kiến Hưng, Quận Hà Đông, Hà Nội","7,30 tỷ","mậu lương, Phường Kiến Hưng, Quận Hà Đông, Hà Nội",35 m²,,,5,Sổ đỏ / Sổ hồng,27/10/202516:59
"Bán  Nhà riêng tạiĐường Ngọc Lâm, Phường Bồ Đề, Quận Long Biên, Hà Nội",27 tỷ,"Đường Ngọc Lâm, Phường Bồ Đề, Quận Long Biên, Hà Nội",71 m²,4 PN,5 WC,5,Sổ đỏ / Sổ hồng,28/10/202511:39
"Bán  Nhà riêng tạiĐường Bế Văn Đàn, Phường Quang Trung, Quận Hà Đông, Hà Nội",6 tỷ,"Đường Bế Văn Đàn, Phường Quang Trung, Quận Hà Đông, Hà Nội",20 m²,4 PN,4 WC,5,Sổ đỏ / Sổ hồng,27/10/202521:17
"Bán  Nhà riêng tạiPhường Mai Động, Quận Hoàng Mai, Hà Nội","5,60 tỷ","Phường Mai Động, Quận Hoàng Mai, Hà Nội",120 m²,,,3,Sổ đỏ / Sổ hồng,28/10/202511:06
"Bán  Nhà riêng tạibế văn đàn, Phường Quang Trung, Quận Hà Đông, Hà Nội","12,50 tỷ","bế văn đàn, Phường Quang Trung, Quận Hà Đông, Hà Nội",45 m²,,,,Sổ đỏ / Sổ hồng,27/10/202520:00
"Bán  Nhà mặt phố tạiĐường Tân Thụy, Phường Phúc Đồng, Quận Long Biên, Hà Nội","21,50 tỷ","Đường Tân Thụy, Phường Phúc Đồng, Quận Long Biên, Hà Nội",65 m²,6 PN,6 WC,8,Sổ đỏ / Sổ hồng,28/10/202509:24
"Bán  Nhà riêng tạiTân Mai, Phường Tân Mai, Quận Hoàng Mai, Hà Nội","3,20 tỷ","Tân Mai, Phường Tân Mai, Quận Hoàng Mai, Hà Nội",60 m²,2 PN,1 WC,1,Sổ đỏ / Sổ hồng,28/10/202511:02
"Bán  Nhà riêng tạiĐường Thanh Bình, Phường Mộ Lao, Quận Hà Đông, Hà Nội","7,70 tỷ","Đường Thanh Bình, Phường Mộ Lao, Quận Hà Đông, Hà Nội",51 m²,4 PN,4 WC,4,Sổ đỏ / Sổ hồng,27/10/202510:44
"Bán  Nhà mặt phố tạiĐường Văn Phú, Phường Phú La, Quận Hà Đông, Hà Nội","17,60 tỷ","Đường Văn Phú, Phường Phú La, Quận Hà Đông, Hà Nội",85 m²,5 PN,4 WC,,Sổ đỏ / Sổ hồng,27/10/202510:29
"Bán  Nhà mặt phố tạiĐường Cổ Linh, Phường Long Biên, Quận Long Biên, Hà Nội","29,90 tỷ","Đường Cổ Linh, Phường Long Biên, Quận Long Biên, Hà Nội",90 m²,1 PN,1 WC,,Sổ đỏ / Sổ hồng,27/10/202509:49
"Bán  Nhà mặt phố tạiPhường Vĩnh Hưng, Quận Hoàng Mai, Hà Nội","19,50 tỷ","Phường Vĩnh Hưng, Quận Hoàng Mai, Hà Nội",61 m²,,,5,Sổ đỏ / Sổ hồng,27/10/202510:16
"Bán  Nhà biệt thự, liền kề tạiĐường Phố Lụa, Phường Vạn Phúc, Quận Hà Đông, Hà Nội",13 tỷ,"Đường Phố Lụa, Phường Vạn Phúc, Quận Hà Đông, Hà Nội",45 m²,5 PN,4 WC,,Sổ đỏ / Sổ hồng,27/10/202510:47
"Bán  Nhà riêng tạiPhường Hoàng Văn Thụ, Quận Hoàng Mai, Hà Nội","7,80 tỷ","Phường Hoàng Văn Thụ, Quận Hoàng Mai, Hà Nội",32 m²,,,5,Sổ đỏ / Sổ hồng,27/10/202508:01
"Bán  Nhà riêng tạiKim Đồng, Phường Tân Mai, Quận Hoàng Mai, Hà Nội","3,95 tỷ","Kim Đồng, Phường Tân Mai, Quận Hoàng Mai, Hà Nội",30 m²,3 PN,2 WC,4,Hợp đồng mua bán,27/10/202509:39
"Bán  Nhà riêng tạivăn phú, Phường Kiến Hưng, Quận Hà Đông, Hà Nội",10 tỷ,"văn phú, Phường Kiến Hưng, Quận Hà Đông, Hà Nội",37 m²,,,,Sổ đỏ / Sổ hồng,26/10/202515:01
"Bán  Nhà mặt phố tạiLương Ngọc Quyến, Phường Văn Quán, Quận Hà Đông, Hà Nội","16,90 tỷ","Lương Ngọc Quyến, Phường Văn Quán, Quận Hà Đông, Hà Nội",46 m²,6 PN,4 WC,5,Sổ đỏ / Sổ hồng,27/10/202509:18
"Bán  Nhà riêng tạivăn phú, Phường Kiến Hưng, Quận Hà Đông, Hà Nội","9,60 tỷ","văn phú, Phường Kiến Hưng, Quận Hà Đông, Hà Nội",35 m²,,,5,Sổ đỏ / Sổ hồng,26/10/202515:04
"Bán  Nhà mặt phố tạiPhường Hoàng Văn Thụ, Quận Hoàng Mai, Hà Nội","18,70 tỷ","Phường Hoàng Văn Thụ, Quận Hoàng Mai, Hà Nội",55 m²,,,6,Sổ đỏ / Sổ hồng,26/10/202510:38
"Bán  Nhà riêng tạiĐường Hà Trì, Phường Hà Cầu, Quận Hà Đông, Hà Nội","7,65 tỷ","Đường Hà Trì, Phường Hà Cầu, Quận Hà Đông, Hà Nội",35 m²,4 PN,4 WC,5,Sổ đỏ / Sổ hồng,25/10/202519:46
"Bán  Nhà mặt phố tạiNgô Gia Tự, Phường Đức Giang, Quận Long Biên, Hà Nội","6,20 tỷ","Ngô Gia Tự, Phường Đức Giang, Quận Long Biên, Hà Nội",43 m²,4 PN,4 WC,5,Sổ đỏ / Sổ hồng,25/10/202515:11
"Bán  Nhà riêng tạiĐường Nguyễn Văn Cừ, Phường Bồ Đề, Quận Long Biên, Hà Nội","12,90 tỷ","Đường Nguyễn Văn Cừ, Phường Bồ Đề, Quận Long Biên, Hà Nội",60 m²,6 PN,5 WC,5,Sổ đỏ / Sổ hồng,26/10/202510:27
"Bán  Nhà riêng tạiPhường Thụy Khuê, Quận Tây Hồ, Hà Nội","7,60 tỷ","Phường Thụy Khuê, Quận Tây Hồ, Hà Nội",33 m²,4 PN,,6,Sổ đỏ / Sổ hồng,25/10/202520:56
"Bán  Nhà mặt phố tạiPhường Giáp Bát, Quận Hoàng Mai, Hà Nội","23,90 tỷ","Phường Giáp Bát, Quận Hoàng Mai, Hà Nội",54 m²,,,7,Hợp đồng mua bán,25/10/202511:00
"Bán Nhà biệt thự, liền kề theo dự ánVinhomes Riverside tại Hoa Phượng, Việt Hưng, Long Biên, Hà Nội",95 tỷ,"Hoa Phượng, Việt Hưng, Long Biên, Hà Nội",257 m²,4 PN,5 WC,3,Sổ đỏ / Sổ hồng,25/10/202514:13
"Bán  Nhà riêng tạiPhùng Hưng, Phường Phúc La, Quận Hà Đông, Hà Nội",9 tỷ,"Phùng Hưng, Phường Phúc La, Quận Hà Đông, Hà Nội",45 m²,,,3,,25/10/202511:01
"Bán  Nhà riêng tạiPhường Mai Động, Quận Hoàng Mai, Hà Nội","7,10 tỷ","Phường Mai Động, Quận Hoàng Mai, Hà Nội",31 m²,,,5,Sổ đỏ / Sổ hồng,25/10/202514:06
"Bán  Nhà riêng tạiVĩnh Hưng, Vĩnh Hưng, Hoàng Mai, Hà Nội","5,50 tỷ","Vĩnh Hưng, Vĩnh Hưng, Hoàng Mai, Hà Nội",55 m²,6 PN,4 WC,5,Sổ đỏ / Sổ hồng,25/10/202514:12
"Bán  Nhà riêng tạiPhùng Hưng, Phường Phúc La, Quận Hà Đông, Hà Nội",9 tỷ,"Phùng Hưng, Phường Phúc La, Quận Hà Đông, Hà Nội",45 m²,2 PN,2 WC,3,Sổ đỏ / Sổ hồng,25/10/202511:01
"Bán  Nhà mặt phố tạiPhường Định Công, Quận Hoàng Mai, Hà Nội","27,50 tỷ","Phường Định Công, Quận Hoàng Mai, Hà Nội",70 m²,,,5,Sổ đỏ / Sổ hồng,25/10/202510:31
"Bán  Nhà riêng tạiphố Dương Khuê, quận Nam Từ Liêm, Hà Nội","11,20 tỷ","phố Dương Khuê, quận Nam Từ Liêm, Hà Nội",40 m²,,,6,Sổ đỏ / Sổ hồng,25/10/202510:38
"Bán  Nhà riêng tạiPhố Nguyễn Hoàng, phường Mỹ Đình 2, quận Nam Từ Liêm, Hà Nối",33 tỷ,"Phố Nguyễn Hoàng, phường Mỹ Đình 2, quận Nam Từ Liêm, Hà Nối",77 m²,,,,,25/10/202510:39
"Bán  Nhà riêng tạiMỹ Đình 1, quận Nam Từ Liêm, TP Hà Nội",19 tỷ,"Mỹ Đình 1, quận Nam Từ Liêm, TP Hà Nội",75 m²,,,4,Sổ đỏ / Sổ hồng,25/10/202510:38
"Bán  Nhà riêng tạiNguyễn Hoàng, Nam Từ Liêm, Hà Nội","32,50 tỷ","Nguyễn Hoàng, Nam Từ Liêm, Hà Nội",85 m²,,,9,Sổ đỏ / Sổ hồng,25/10/202510:38
"Bán  Nhà riêng tạiPhường Mai Động, Quận Hoàng Mai, Hà Nội","12,90 tỷ","Phường Mai Động, Quận Hoàng Mai, Hà Nội",40 m²,,,6,Sổ đỏ / Sổ hồng,25/10/202510:26
"Bán  Nhà riêng tạiPhường Định Công, Quận Hoàng Mai, Hà Nội",35 tỷ,"Phường Định Công, Quận Hoàng Mai, Hà Nội",98 m²,,,8,Sổ đỏ / Sổ hồng,25/10/202510:29
"Bán  Nhà biệt thự, liền kề tạiĐường dọc bún1, Phường Vạn Phúc, Quận Hà Đông, Hà Nội",16 tỷ,"Đường dọc bún1, Phường Vạn Phúc, Quận Hà Đông, Hà Nội",40 m²,5 PN,4 WC,,Sổ đỏ / Sổ hồng,25/10/202509:46
"Bán  Nhà riêng tạiPhường Giáp Bát, Quận Hoàng Mai, Hà Nội","17,50 tỷ","Phường Giáp Bát, Quận Hoàng Mai, Hà Nội",36 m²,,,7,Sổ đỏ / Sổ hồng,25/10/202508:45
"Bán  Nhà riêng tạiĐường Mậu Lương, Phường Kiến Hưng, Quận Hà Đông, Hà Nội","14,10 tỷ","Đường Mậu Lương, Phường Kiến Hưng, Quận Hà Đông, Hà Nội",50 m²,5 PN,4 WC,,Sổ đỏ / Sổ hồng,25/10/202509:32
"Bán  Nhà mặt phố tạiPhường Yên Sở, Quận Hoàng Mai, Hà Nội","37,20 tỷ","Phường Yên Sở, Quận Hoàng Mai, Hà Nội",85 m²,,,7,Sổ đỏ / Sổ hồng,25/10/202508:01
"Bán  Nhà riêng tạiPhường Mai Động, Quận Hoàng Mai, Hà Nội","23,90 tỷ","Phường Mai Động, Quận Hoàng Mai, Hà Nội",56 m²,,,7,Sổ đỏ / Sổ hồng,25/10/202509:00
"Bán  Nhà biệt thự, liền kề tạimậu lương, Phường Kiến Hưng, Quận Hà Đông, Hà Nội","25,50 tỷ","mậu lương, Phường Kiến Hưng, Quận Hà Đông, Hà Nội",72 m²,21 PN,21 WC,7,Sổ đỏ / Sổ hồng,25/10/202507:26
"Bán  Nhà riêng tạiĐường Bát Khối, Phường Long Biên, Quận Long Biên, Hà Nội","16,80 tỷ","Đường Bát Khối, Phường Long Biên, Quận Long Biên, Hà Nội",95 m²,9 PN,5 WC,7,Sổ đỏ / Sổ hồng,25/10/202508:00
"Bán Nhà mặt phố theo dự ánKĐT Tây Hồ Tây - Starlake Hà Nội tại Nguyễn Văn Huyên Kéo Dài, Xuân La, Tây Hồ, Hà Nội",368 tỷ,"Nguyễn Văn Huyên Kéo Dài, Xuân La, Tây Hồ, Hà Nội",478 m²,5 PN,5 WC,5,Sổ đỏ / Sổ hồng,25/10/202500:00
"Bán  Nhà riêng tạiVũ Xuân Thiều, Phường Phúc Lợi, Quận Long Biên, Hà Nội","12,80 tỷ","Vũ Xuân Thiều, Phường Phúc Lợi, Quận Long Biên, Hà Nội",47 m²,4 PN,5 WC,7,,24/10/202517:08
"Bán  Nhà riêng tạiĐàm Quang Trung, Phường Long Biên, Quận Long Biên, Hà Nội","5,60 tỷ","Đàm Quang Trung, Phường Long Biên, Quận Long Biên, Hà Nội",32 m²,3 PN,4 WC,5,,24/10/202517:07
"Bán  Nhà riêng tạiPhố Lụa, Phường Vạn Phúc, Quận Hà Đông, Hà Nội","7,85 tỷ","Phố Lụa, Phường Vạn Phúc, Quận Hà Đông, Hà Nội",31 m²,3 PN,4 WC,5,Sổ đỏ / Sổ hồng,24/10/202520:10
"Bán  Nhà riêng tạiPhường Thạch Bàn, Quận Long Biên, Hà Nội","5,90 tỷ","Phường Thạch Bàn, Quận Long Biên, Hà Nội",39 m²,3 PN,4 WC,5,,24/10/202517:07
"Bán  Nhà riêng tạiĐàm Quang Trung, Phường Long Biên, Quận Long Biên, Hà Nội","6,15 tỷ","Đàm Quang Trung, Phường Long Biên, Quận Long Biên, Hà Nội",30 m²,3 PN,4 WC,6,,24/10/202517:06
"Bán Nhà biệt thự, liền kề theo dự ánKĐT Tây Hồ Tây - Starlake Hà Nội tại Starlake Tây Hồ Tây, Xuân La, Tây Hồ, Hà Nội",102 tỷ,"Starlake Tây Hồ Tây, Xuân La, Tây Hồ, Hà Nội",270 m²,4 PN,6 WC,4,Sổ đỏ / Sổ hồng,25/10/202500:00
"Bán  Nhà riêng tạiPhường Cự Khối, Quận Long Biên, Hà Nội","7,90 tỷ","Phường Cự Khối, Quận Long Biên, Hà Nội",52 m²,4 PN,4 WC,5,Sổ đỏ / Sổ hồng,24/10/202517:03
"Bán  Nhà riêng tạiGia Quất, Phường Thượng Thanh, Quận Long Biên, Hà Nội","5,90 tỷ","Gia Quất, Phường Thượng Thanh, Quận Long Biên, Hà Nội",30 m²,3 PN,4 WC,5,Sổ đỏ / Sổ hồng,24/10/202517:04
"Bán  Nhà riêng tạiPhường Ngọc Thụy, Quận Long Biên, Hà Nội",13 tỷ,"Phường Ngọc Thụy, Quận Long Biên, Hà Nội",94 m²,3 PN,3 WC,3,Sổ đỏ / Sổ hồng,24/10/202517:04
"Bán  Nhà biệt thự, liền kề tạiPhường Đại Kim, Quận Hoàng Mai, Hà Nội",62 tỷ,"Phường Đại Kim, Quận Hoàng Mai, Hà Nội",282 m²,,,4,Sổ đỏ / Sổ hồng,24/10/202514:01
"Bán  Nhà mặt phố tạiPhường Giáp Bát, Quận Hoàng Mai, Hà Nội","23,90 tỷ","Phường Giáp Bát, Quận Hoàng Mai, Hà Nội",54 m²,,,7,Sổ đỏ / Sổ hồng,24/10/202509:01
"Bán  Nhà riêng tạiPhường Ngọc Lâm, Quận Long Biên, Hà Nội","43,50 tỷ","Phường Ngọc Lâm, Quận Long Biên, Hà Nội",134 m²,5 PN,6 WC,6,Sổ đỏ / Sổ hồng,24/10/202517:04
"Bán  Nhà riêng tạiPhùng Hưng , Phường Phúc La, Quận Hà Đông, Hà Nội",9 tỷ,"Phùng Hưng , Phường Phúc La, Quận Hà Đông, Hà Nội",45 m²,,,3,,24/10/202509:01
"Bán  Nhà riêng tạiPhường Long Biên, Quận Long Biên, Hà Nội","12,90 tỷ","Phường Long Biên, Quận Long Biên, Hà Nội",49 m²,4 PN,5 WC,6,,24/10/202517:06
"Bán  Nhà riêng tạiVăn Phú, Hà Đông, Phường Quang Trung, Quận Hà Đông, Hà Nội",8 tỷ,"Văn Phú, Hà Đông, Phường Quang Trung, Quận Hà Đông, Hà Nội",35 m²,3 PN,3 WC,4,Sổ đỏ / Sổ hồng,24/10/202509:01
"Bán  Nhà mặt phố tạiPhường Yên Sở, Quận Hoàng Mai, Hà Nội","24,20 tỷ","Phường Yên Sở, Quận Hoàng Mai, Hà Nội",70 m²,,,5,Sổ đỏ / Sổ hồng,24/10/202508:01
"Bán  Nhà riêng tạiĐường Nguyễn Sơn, Phường Bồ Đề, Quận Long Biên, Hà Nội","12,90 tỷ","Đường Nguyễn Sơn, Phường Bồ Đề, Quận Long Biên, Hà Nội",60 m²,6 PN,5 WC,6,Sổ đỏ / Sổ hồng,23/10/202518:32
"Bán  Nhà riêng tạiPhường Mễ Trì, Quận Nam Từ Liêm, Hà Nội","20,60 tỷ","Phường Mễ Trì, Quận Nam Từ Liêm, Hà Nội",75 m²,4 PN,4 WC,3,Sổ đỏ / Sổ hồng,23/10/202522:36
"Bán  Nhà biệt thự, liền kề tạiĐường Ngô Thì Nhậm, Phường La Khê, Quận Hà Đông, Hà Nội",17 tỷ,"Đường Ngô Thì Nhậm, Phường La Khê, Quận Hà Đông, Hà Nội",50 m²,5 PN,5 WC,6,Sổ đỏ / Sổ hồng,24/10/202507:04
"Bán  Nhà riêng tạiPhùng Hưng, Phường Phúc La, Quận Hà Đông, Hà Nội","16,50 tỷ","Phùng Hưng, Phường Phúc La, Quận Hà Đông, Hà Nội",240 m²,6 PN,,4,Sổ đỏ / Sổ hồng,24/10/202509:01
"Bán  Nhà riêng tạiĐường Vào Bắc Cầu, Phường Ngọc Thụy, Quận Long Biên, Hà Nội",Thỏa thuận,"Đường Vào Bắc Cầu, Phường Ngọc Thụy, Quận Long Biên, Hà Nội",147 m²,4 PN,3 WC,3,Sổ đỏ / Sổ hồng,24/10/202500:00
"Bán  Nhà riêng tạiNhà Xa La, Phường Quang Trung, Quận Hà Đông, Hà Nội","6,50 tỷ","Nhà Xa La, Phường Quang Trung, Quận Hà Đông, Hà Nội",36 m²,5 PN,,5,,24/10/202509:01
"Bán  Nhà mặt phố tạiPhường Thượng Thanh, Quận Long Biên, Hà Nội","16,90 tỷ","Phường Thượng Thanh, Quận Long Biên, Hà Nội",68 m²,4 PN,,6,Sổ đỏ / Sổ hồng,24/10/202500:00
"Bán  Nhà mặt phố tạiĐường Ngọc Lâm, Phường Bồ Đề, Quận Long Biên, Hà Nội",29 tỷ,"Đường Ngọc Lâm, Phường Bồ Đề, Quận Long Biên, Hà Nội",60 m²,4 PN,3 WC,4,Sổ đỏ / Sổ hồng,23/10/202512:05
"Bán  Nhà riêng tạiđa sỹ, Phường Kiến Hưng, Quận Hà Đông, Hà Nội","7,10 tỷ","đa sỹ, Phường Kiến Hưng, Quận Hà Đông, Hà Nội",30 m²,3 PN,4 WC,5,Sổ đỏ / Sổ hồng,23/10/202510:27
"Bán  Nhà riêng tạiPhường Thụy Khuê, Quận Tây Hồ, Hà Nội","10,20 tỷ","Phường Thụy Khuê, Quận Tây Hồ, Hà Nội",58 m²,,,4,Sổ đỏ / Sổ hồng,23/10/202516:19
"Bán  Nhà mặt phố tạiĐường Bế Văn Đàn, Phường Quang Trung, Quận Hà Đông, Hà Nội","6,40 tỷ","Đường Bế Văn Đàn, Phường Quang Trung, Quận Hà Đông, Hà Nội",21 m²,4 PN,4 WC,,Sổ đỏ / Sổ hồng,23/10/202509:19
"Bán  Nhà riêng tạivăn phú, hà đông, Phường Quang Trung, Quận Hà Đông, Hà Nội","11,30 tỷ","văn phú, hà đông, Phường Quang Trung, Quận Hà Đông, Hà Nội",34 m²,4 PN,4 WC,5,Sổ đỏ / Sổ hồng,23/10/202513:05
"Bán  Nhà riêng tạiPhường Văn Quán, Quận Hà Đông, Hà Nội","12,10 tỷ","Phường Văn Quán, Quận Hà Đông, Hà Nội",40 m²,,,,,23/10/202514:44
"Bán  Nhà riêng tạiyên bình, Phường Văn Quán, Quận Hà Đông, Hà Nội","13,20 tỷ","yên bình, Phường Văn Quán, Quận Hà Đông, Hà Nội",45 m²,,,1,,23/10/202514:42
"Bán  Nhà riêng tạiĐường 1, Phường Văn Quán, Quận Hà Đông, Hà Nội","9,80 tỷ","Đường 1, Phường Văn Quán, Quận Hà Đông, Hà Nội",34 m²,3 PN,3 WC,5,Sổ đỏ / Sổ hồng,23/10/202514:01
"Bán  Nhà mặt phố tạiĐường Ngô Thì Nhậm, Phường La Khê, Quận Hà Đông, Hà Nội",10 tỷ,"Đường Ngô Thì Nhậm, Phường La Khê, Quận Hà Đông, Hà Nội",51 m²,4 PN,3 WC,,Sổ đỏ / Sổ hồng,23/10/202509:34
"Bán  Nhà riêng tạingọc thụy, Phường Ngọc Thụy, Quận Long Biên, Hà Nội","7,15 tỷ","ngọc thụy, Phường Ngọc Thụy, Quận Long Biên, Hà Nội",33 m²,3 PN,,,Sổ đỏ / Sổ hồng,22/10/202515:54
"Bán  Nhà riêng tạiPhường Mộ Lao, Quận Hà Đông, Hà Nội","9,50 tỷ","Phường Mộ Lao, Quận Hà Đông, Hà Nội",42 m²,,,4,,22/10/202517:47
"Bán  Nhà riêng tạiPhường Mộ Lao, Quận Hà Đông, Hà Nội","8,60 tỷ","Phường Mộ Lao, Quận Hà Đông, Hà Nội",41 m²,,,,,22/10/202517:49
"Bán  Nhà riêng tạiPhường Tây Mỗ, Quận Nam Từ Liêm, Hà Nội","5,90 tỷ","Phường Tây Mỗ, Quận Nam Từ Liêm, Hà Nội",38 m²,,,1,,22/10/202514:32
"Bán  Nhà riêng tạiPhường Thụy Khuê, Quận Tây Hồ, Hà Nội","10,20 tỷ","Phường Thụy Khuê, Quận Tây Hồ, Hà Nội",58 m²,,,4,Sổ đỏ / Sổ hồng,22/10/202515:38
"Bán  Nhà riêng tạiĐường Phúc Lợi, Phường Phúc Lợi, Quận Long Biên, Hà Nội","8,30 tỷ","Đường Phúc Lợi, Phường Phúc Lợi, Quận Long Biên, Hà Nội",72 m²,4 PN,4 WC,4,Sổ đỏ / Sổ hồng,22/10/202519:34
"Bán  Nhà biệt thự, liền kề tạiĐường Đức Giang, Phường Việt Hưng, Quận Long Biên, Hà Nội","31,60 tỷ","Đường Đức Giang, Phường Việt Hưng, Quận Long Biên, Hà Nội",147 m²,5 PN,5 WC,5,Sổ đỏ / Sổ hồng,22/10/202509:50
"Bán  Nhà riêng tạitrần phú, Phường Văn Quán, Quận Hà Đông, Hà Nội","9,60 tỷ","trần phú, Phường Văn Quán, Quận Hà Đông, Hà Nội",32 m²,3 PN,4 WC,5,Sổ đỏ / Sổ hồng,22/10/202509:15
"Bán  Nhà riêng tạiPhường Mai Động, Quận Hoàng Mai, Hà Nội","52,90 tỷ","Phường Mai Động, Quận Hoàng Mai, Hà Nội",240 m²,,,3,,22/10/202508:21
"Bán  Nhà riêng tạiAo Sen, Phường Mộ Lao, Quận Hà Đông, Hà Nội","2,50 tỷ","Ao Sen, Phường Mộ Lao, Quận Hà Đông, Hà Nội",60 m²,2 PN,2 WC,5,Đang chờ sổ,22/10/202512:24
"Bán  Nhà mặt phố tạiPhường Hoàng Văn Thụ, Quận Hoàng Mai, Hà Nội","20,90 tỷ","Phường Hoàng Văn Thụ, Quận Hoàng Mai, Hà Nội",50 m²,,,7,Sổ đỏ / Sổ hồng,22/10/202509:01
"Bán  Nhà riêng tạiĐường Nguyễn Văn Cừ, Phường Bồ Đề, Quận Long Biên, Hà Nội","12,80 tỷ","Đường Nguyễn Văn Cừ, Phường Bồ Đề, Quận Long Biên, Hà Nội",42 m²,3 PN,3 WC,5,Sổ đỏ / Sổ hồng,22/10/202511:55
"Bán  Nhà riêng tạiNguyễn Văn Trỗi, Phường Mộ Lao, Quận Hà Đông, Hà Nội","11,50 tỷ","Nguyễn Văn Trỗi, Phường Mộ Lao, Quận Hà Đông, Hà Nội",32 m²,3 PN,3 WC,5,Sổ đỏ / Sổ hồng,22/10/202512:31
"Bán  Nhà riêng tạiLê Lợi, Phường Nguyễn Trãi, Quận Hà Đông, Hà Nội","6,10 tỷ","Lê Lợi, Phường Nguyễn Trãi, Quận Hà Đông, Hà Nội",34 m²,2 PN,2 WC,2,Sổ đỏ / Sổ hồng,22/10/202512:13
"Bán  Nhà mặt phố tạiÔ Cách, Phường Việt Hưng, Quận Long Biên, Hà Nội",15 tỷ,"Ô Cách, Phường Việt Hưng, Quận Long Biên, Hà Nội",66 m²,,1 WC,1,Sổ đỏ / Sổ hồng,22/10/202510:01
"Bán  Nhà riêng tạichiến thắng, Phường Văn Quán, Quận Hà Đông, Hà Nội","6,50 tỷ","chiến thắng, Phường Văn Quán, Quận Hà Đông, Hà Nội",22 m²,3 PN,3 WC,5,Sổ đỏ / Sổ hồng,21/10/202515:06
"Bán  Nhà riêng tạiPhường Mỹ Đình 2, Quận Nam Từ Liêm, Hà Nội",70 tỷ,"Phường Mỹ Đình 2, Quận Nam Từ Liêm, Hà Nội",155 m²,,,9,Sổ đỏ / Sổ hồng,21/10/202519:43
"Bán  Nhà riêng tạiĐường Nguyễn Sơn, Phường Bồ Đề, Quận Long Biên, Hà Nội","12,90 tỷ","Đường Nguyễn Sơn, Phường Bồ Đề, Quận Long Biên, Hà Nội",60 m²,5 PN,5 WC,5,Sổ đỏ / Sổ hồng,21/10/202518:29
"Bán  Nhà riêng tạiPhường Vĩnh Hưng, Quận Hoàng Mai, Hà Nội","8,45 tỷ","Phường Vĩnh Hưng, Quận Hoàng Mai, Hà Nội",35 m²,,,5,Sổ đỏ / Sổ hồng,21/10/202515:03
"Bán  Nhà mặt phố tạiPhường Định Công, Quận Hoàng Mai, Hà Nội",112 tỷ,"Phường Định Công, Quận Hoàng Mai, Hà Nội",180 m²,,,9,Sổ đỏ / Sổ hồng,21/10/202518:40
"Bán  Nhà riêng tạiĐường Phúc Lợi, Phường Phúc Lợi, Quận Long Biên, Hà Nội","6,90 tỷ","Đường Phúc Lợi, Phường Phúc Lợi, Quận Long Biên, Hà Nội",42 m²,4 PN,4 WC,4,Sổ đỏ / Sổ hồng,21/10/202519:29
"Bán  Nhà riêng tạiNguyễn Lam, Phường Phúc Đồng, Quận Long Biên, Hà Nội","13,20 tỷ","Nguyễn Lam, Phường Phúc Đồng, Quận Long Biên, Hà Nội",46 m²,4 PN,5 WC,7,Sổ đỏ / Sổ hồng,21/10/202515:03
"Bán  Nhà riêng tạiPhường Mỹ Đình 2, Quận Nam Từ Liêm, Hà Nội","38,90 tỷ","Phường Mỹ Đình 2, Quận Nam Từ Liêm, Hà Nội",100 m²,21 PN,10 WC,9,Sổ đỏ / Sổ hồng,21/10/202514:28
"Bán  Nhà riêng tại19/5, Phường Văn Quán, Quận Hà Đông, Hà Nội","7,85 tỷ","19/5, Phường Văn Quán, Quận Hà Đông, Hà Nội",33 m²,3 PN,4 WC,4,Sổ đỏ / Sổ hồng,21/10/202510:41
"Bán  Nhà riêng tạiPhố trạm, Phường Long Biên, Quận Long Biên, Hà Nội","19,65 tỷ","Phố trạm, Phường Long Biên, Quận Long Biên, Hà Nội",60 m²,,,7,,21/10/202514:27
"Bán  Nhà mặt phố tạiNguyễn đổng chi, Phường Cầu Diễn, Quận Nam Từ Liêm, Hà Nội",100 tỷ,"Nguyễn đổng chi, Phường Cầu Diễn, Quận Nam Từ Liêm, Hà Nội",154 m²,,,9,,21/10/202514:29
"Bán  Nhà mặt phố tạiQuang trung, Phường Quang Trung, Quận Hà Đông, Hà Nội",220 tỷ,"Quang trung, Phường Quang Trung, Quận Hà Đông, Hà Nội",460 m²,,,,Sổ đỏ / Sổ hồng,21/10/202514:29
"Bán  Nhà riêng tạiPhường Mai Động, Quận Hoàng Mai, Hà Nội",920 triệu,"Phường Mai Động, Quận Hoàng Mai, Hà Nội",177 m²,,,2,Hợp đồng mua bán,20/10/202510:42
"Bán  Nhà riêng tạivăn phú, Phường Phú La, Quận Hà Đông, Hà Nội","6,80 tỷ","văn phú, Phường Phú La, Quận Hà Đông, Hà Nội",32 m²,3 PN,4 WC,5,Sổ đỏ / Sổ hồng,20/10/202516:02
"Bán  Nhà riêng tạimậu lương, Phường Kiến Hưng, Quận Hà Đông, Hà Nội","7,50 tỷ","mậu lương, Phường Kiến Hưng, Quận Hà Đông, Hà Nội",33 m²,3 PN,4 WC,5,Sổ đỏ / Sổ hồng,20/10/202509:27
"Bán  Nhà biệt thự, liền kề tạiPhường Đại Kim, Quận Hoàng Mai, Hà Nội",72 tỷ,"Phường Đại Kim, Quận Hoàng Mai, Hà Nội",308 m²,,,4,Sổ đỏ / Sổ hồng,18/10/202521:36
"Bán  Nhà mặt phố tạiĐường Bế Văn Đàn, Phường Quang Trung, Quận Hà Đông, Hà Nội","6,50 tỷ","Đường Bế Văn Đàn, Phường Quang Trung, Quận Hà Đông, Hà Nội",20 m²,4 PN,4 WC,,Sổ đỏ / Sổ hồng,20/10/202509:01
"Bán  Nhà biệt thự, liền kề tạiĐường Mậu Lương, Phường Kiến Hưng, Quận Hà Đông, Hà Nội",14 tỷ,"Đường Mậu Lương, Phường Kiến Hưng, Quận Hà Đông, Hà Nội",50 m²,5 PN,5 WC,,Sổ đỏ / Sổ hồng,20/10/202508:49
"Bán  Nhà biệt thự, liền kề tạiPhường Đại Kim, Quận Hoàng Mai, Hà Nội",65 tỷ,"Phường Đại Kim, Quận Hoàng Mai, Hà Nội",282 m²,,,4,Sổ đỏ / Sổ hồng,18/10/202520:35
"Bán  Nhà riêng tạiPhường Hoàng Liệt, Quận Hoàng Mai, Hà Nội","7,60 tỷ","Phường Hoàng Liệt, Quận Hoàng Mai, Hà Nội",40 m²,,,4,Sổ đỏ / Sổ hồng,19/10/202520:36
"Bán  Nhà biệt thự, liền kề tạiPhường Đại Kim, Quận Hoàng Mai, Hà Nội",63 tỷ,"Phường Đại Kim, Quận Hoàng Mai, Hà Nội",258 m²,6 PN,,4,Sổ đỏ / Sổ hồng,17/10/202518:01
"Bán  Nhà biệt thự, liền kề tạiPhường Đại Kim, Quận Hoàng Mai, Hà Nội",68 tỷ,"Phường Đại Kim, Quận Hoàng Mai, Hà Nội",254 m²,,,5,Sổ đỏ / Sổ hồng,17/10/202510:00
"Bán  Nhà riêng tạiPhường Thụy Khuê, Quận Tây Hồ, Hà Nội","10,70 tỷ","Phường Thụy Khuê, Quận Tây Hồ, Hà Nội",48 m²,,,4,Sổ đỏ / Sổ hồng,17/10/202520:43
"Bán  Nhà riêng tạimậu lương, Phường Kiến Hưng, Quận Hà Đông, Hà Nội","7,40 tỷ","mậu lương, Phường Kiến Hưng, Quận Hà Đông, Hà Nội",33 m²,3 PN,4 WC,5,Sổ đỏ / Sổ hồng,18/10/202510:03
"Bán  Nhà mặt phố tạiPhường Mai Động, Quận Hoàng Mai, Hà Nội","21,50 tỷ","Phường Mai Động, Quận Hoàng Mai, Hà Nội",75 m²,,,3,Sổ đỏ / Sổ hồng,18/10/202511:04
"Bán  Nhà riêng tạiĐường Kẻ Tạnh, Phường Phúc Lợi, Quận Long Biên, Hà Nội","5,30 tỷ","Đường Kẻ Tạnh, Phường Phúc Lợi, Quận Long Biên, Hà Nội",30 m²,2 PN,3 WC,3,Sổ đỏ / Sổ hồng,17/10/202519:37
"Bán  Nhà riêng tạiĐường Kẻ Tạnh, Phường Phúc Lợi, Quận Long Biên, Hà Nội","5,95 tỷ","Đường Kẻ Tạnh, Phường Phúc Lợi, Quận Long Biên, Hà Nội",30 m²,3 PN,4 WC,5,Sổ đỏ / Sổ hồng,17/10/202519:57
"Bán  Nhà biệt thự, liền kề tạiPhường Đại Kim, Quận Hoàng Mai, Hà Nội",86 tỷ,"Phường Đại Kim, Quận Hoàng Mai, Hà Nội",316 m²,,,4,Sổ đỏ / Sổ hồng,17/10/202520:03
"Bán  Nhà riêng tạiViệt Hưng, Phường Việt Hưng, Quận Long Biên, Hà Nội","18,90 tỷ","Việt Hưng, Phường Việt Hưng, Quận Long Biên, Hà Nội",65 m²,4 PN,5 WC,6,Sổ đỏ / Sổ hồng,17/10/202509:00
"Bán  Nhà biệt thự, liền kề tạiPhường Đại Kim, Quận Hoàng Mai, Hà Nội",58 tỷ,"Phường Đại Kim, Quận Hoàng Mai, Hà Nội",256 m²,5 PN,,4,Sổ đỏ / Sổ hồng,16/10/202515:00
"Bán  Nhà biệt thự, liền kề tạiĐường Cổ Linh, Phường Long Biên, Quận Long Biên, Hà Nội","28,60 tỷ","Đường Cổ Linh, Phường Long Biên, Quận Long Biên, Hà Nội",128 m²,5 PN,5 WC,4,Sổ đỏ / Sổ hồng,16/10/202513:52
"Bán  Nhà riêng tạiPhường Bưởi, Quận Tây Hồ, Hà Nội",11 tỷ,"Phường Bưởi, Quận Tây Hồ, Hà Nội",48 m²,,,4,Sổ đỏ / Sổ hồng,16/10/202515:57
"Bán  Nhà riêng tạiPhúc Lợi, Phường Phúc Lợi, Quận Long Biên, Hà Nội","6,20 tỷ","Phúc Lợi, Phường Phúc Lợi, Quận Long Biên, Hà Nội",50 m²,5 PN,4 WC,5,,17/10/202500:00
"Bán  Nhà mặt phố tạiquang trung, Phường La Khê, Quận Hà Đông, Hà Nội",14 tỷ,"quang trung, Phường La Khê, Quận Hà Đông, Hà Nội",70 m²,3 PN,4 WC,4,Sổ đỏ / Sổ hồng,16/10/202513:41
"Bán  Nhà riêng tạiĐường Vào Thanh Am, Phường Thượng Thanh, Quận Long Biên, Hà Nội","9,50 tỷ","Đường Vào Thanh Am, Phường Thượng Thanh, Quận Long Biên, Hà Nội",71 m²,4 PN,5 WC,6,,17/10/202500:00
"Bán  Nhà riêng tạiđa sỹ, Phường Kiến Hưng, Quận Hà Đông, Hà Nội","6,85 tỷ","đa sỹ, Phường Kiến Hưng, Quận Hà Đông, Hà Nội",34 m²,4 PN,3 WC,4,Sổ đỏ / Sổ hồng,16/10/202516:11
"Bán Nhà biệt thự, liền kề theo dự ánTIG Đại Mỗ - Green Garden House tại TIG Đại Mỗ - Green Garden House, Phường Đại Mỗ, Quận Nam Từ Liêm, Hà Nội",21 tỷ,"TIG Đại Mỗ - Green Garden House, Phường Đại Mỗ, Quận Nam Từ Liêm, Hà Nội",115 m²,,,3,,16/10/202514:52
"Bán  Nhà biệt thự, liền kề tạiPhường Đại Kim, Quận Hoàng Mai, Hà Nội",58 tỷ,"Phường Đại Kim, Quận Hoàng Mai, Hà Nội",248 m²,,,4,Sổ đỏ / Sổ hồng,16/10/202515:00
"Bán  Nhà biệt thự, liền kề tạiĐường Lý Sơn, Phường Thượng Thanh, Quận Long Biên, Hà Nội","23,50 tỷ","Đường Lý Sơn, Phường Thượng Thanh, Quận Long Biên, Hà Nội",90 m²,5 PN,5 WC,6,Sổ đỏ / Sổ hồng,16/10/202513:30
"Bán  Nhà riêng tạimậu lương, Phường Kiến Hưng, Quận Hà Đông, Hà Nội","5,66 tỷ","mậu lương, Phường Kiến Hưng, Quận Hà Đông, Hà Nội",33 m²,4 PN,3 WC,4,Sổ đỏ / Sổ hồng,17/10/202507:31
"Bán  Nhà biệt thự, liền kề tạiPhường Đại Kim, Quận Hoàng Mai, Hà Nội",60 tỷ,"Phường Đại Kim, Quận Hoàng Mai, Hà Nội",255 m²,8 PN,,4,Sổ đỏ / Sổ hồng,16/10/202514:01
"Bán  Nhà riêng tạiđa sỹ, Phường Kiến Hưng, Quận Hà Đông, Hà Nội","6,10 tỷ","đa sỹ, Phường Kiến Hưng, Quận Hà Đông, Hà Nội",30 m²,3 PN,4 WC,5,Sổ đỏ / Sổ hồng,16/10/202515:46
"Bán  Nhà biệt thự, liền kề tạiĐường Văn Phú, Phường Phú La, Quận Hà Đông, Hà Nội","17,70 tỷ","Đường Văn Phú, Phường Phú La, Quận Hà Đông, Hà Nội",80 m²,5 PN,4 WC,,Sổ đỏ / Sổ hồng,16/10/202509:30
"Bán Nhà biệt thự, liền kề theo dự ánKhu đô thị Văn Khê tại Đường Văn Khê, Phường La Khê, Quận Hà Đông, Hà Nội",14 tỷ,"Đường Văn Khê, Phường La Khê, Quận Hà Đông, Hà Nội",50 m²,5 PN,5 WC,,Sổ đỏ / Sổ hồng,15/10/202515:12
"Bán  Nhà mặt phố tạiĐường Quang Trung, Phường Quang Trung, Quận Hà Đông, Hà Nội",16 tỷ,"Đường Quang Trung, Phường Quang Trung, Quận Hà Đông, Hà Nội",40 m²,6 PN,6 WC,7,Sổ đỏ / Sổ hồng,16/10/202509:14
"Bán  Nhà riêng tạivạn phúc, Phường Vạn Phúc, Quận Hà Đông, Hà Nội",16 tỷ,"vạn phúc, Phường Vạn Phúc, Quận Hà Đông, Hà Nội",45 m²,4 PN,4 WC,5,Sổ đỏ / Sổ hồng,16/10/202509:01
"Bán  Nhà riêng tạiĐường Văn Khê, Phường La Khê, Quận Hà Đông, Hà Nội",17 tỷ,"Đường Văn Khê, Phường La Khê, Quận Hà Đông, Hà Nội",50 m²,7 PN,6 WC,7,Sổ đỏ / Sổ hồng,15/10/202515:27
"Bán  Nhà riêng tạiPhường Thịnh Liệt, Quận Hoàng Mai, Hà Nội","8,80 tỷ","Phường Thịnh Liệt, Quận Hoàng Mai, Hà Nội",47 m²,,,2,Sổ đỏ / Sổ hồng,14/10/202514:37
"Bán  Nhà riêng tạiPhường Lĩnh Nam, Quận Hoàng Mai, Hà Nội","11,50 tỷ","Phường Lĩnh Nam, Quận Hoàng Mai, Hà Nội",64 m²,,,3,Sổ đỏ / Sổ hồng,15/10/202510:05
"Bán  Nhà riêng tạiPhan Đình Giót, Phường La Khê, Quận Hà Đông, Hà Nội","6,95 tỷ","Phan Đình Giót, Phường La Khê, Quận Hà Đông, Hà Nội",30 m²,3 PN,4 WC,5,Sổ đỏ / Sổ hồng,15/10/202508:58
"Bán  Nhà riêng tạiPhố Trạm, Phường Long Biên, Quận Long Biên, Hà Nội","10,80 tỷ","Phố Trạm, Phường Long Biên, Quận Long Biên, Hà Nội",40 m²,3 PN,4 WC,5,Sổ đỏ / Sổ hồng,15/10/202509:00
"Bán  Nhà riêng tạiBằng Liệt, Phường Hoàng Liệt, Quận Hoàng Mai, Hà Nội","5,98 tỷ","Bằng Liệt, Phường Hoàng Liệt, Quận Hoàng Mai, Hà Nội",43 m²,,,4,Sổ đỏ / Sổ hồng,15/10/202510:00
"Bán  Nhà riêng tại19/5, Phường Văn Quán, Quận Hà Đông, Hà Nội",7 tỷ,"19/5, Phường Văn Quán, Quận Hà Đông, Hà Nội",32 m²,3 PN,3 WC,3,Sổ đỏ / Sổ hồng,14/10/202514:49
"Bán  Nhà riêng tạiĐường Ngọc Thụy, Phường Bồ Đề, Quận Long Biên, Hà Nội","22,60 tỷ","Đường Ngọc Thụy, Phường Bồ Đề, Quận Long Biên, Hà Nội",100 m²,4 PN,4 WC,5,Sổ đỏ / Sổ hồng,15/10/202508:14
"Bán  Nhà riêng tạiPhường Mai Động, Quận Hoàng Mai, Hà Nội","10,90 tỷ","Phường Mai Động, Quận Hoàng Mai, Hà Nội",60 m²,,,2,Sổ đỏ / Sổ hồng,14/10/202515:01
"Bán  Nhà riêng tạimậu lương, Phường Kiến Hưng, Quận Hà Đông, Hà Nội","7,10 tỷ","mậu lương, Phường Kiến Hưng, Quận Hà Đông, Hà Nội",30 m²,3 PN,4 WC,5,Sổ đỏ / Sổ hồng,15/10/202509:25
"Bán  Nhà riêng tạiĐường Phúc Lợi, Phường Phúc Lợi, Quận Long Biên, Hà Nội","8,30 tỷ","Đường Phúc Lợi, Phường Phúc Lợi, Quận Long Biên, Hà Nội",72 m²,5 PN,4 WC,4,Sổ đỏ / Sổ hồng,14/10/202518:22
"Bán  Nhà riêng tại19/5, Phường Văn Quán, Quận Hà Đông, Hà Nội",13 tỷ,"19/5, Phường Văn Quán, Quận Hà Đông, Hà Nội",60 m²,3 PN,3 WC,4,Sổ đỏ / Sổ hồng,14/10/202514:37
"Bán  Nhà riêng tạimậu lương, Phường Kiến Hưng, Quận Hà Đông, Hà Nội","5,68 tỷ","mậu lương, Phường Kiến Hưng, Quận Hà Đông, Hà Nội",30 m²,4 PN,3 WC,4,Sổ đỏ / Sổ hồng,14/10/202509:19
"Bán Nhà biệt thự, liền kề theo dự ánSolasta Mansion Dương Nội tại Solasta Mansion Dương Nội, Phường Dương Nội, Quận Hà Đông, Hà Nội","36,55 tỷ","Solasta Mansion Dương Nội, Phường Dương Nội, Quận Hà Đông, Hà Nội",170 m²,3 PN,3 WC,3,Sổ đỏ / Sổ hồng,14/10/202510:00
"Bán  Nhà riêng tạiĐường Cổ Linh, Phường Long Biên, Quận Long Biên, Hà Nội","12,90 tỷ","Đường Cổ Linh, Phường Long Biên, Quận Long Biên, Hà Nội",50 m²,4 PN,5 WC,6,Sổ đỏ / Sổ hồng,14/10/202512:18
"Bán  Nhà riêng tạiTrần Phú, Phường Văn Quán, Quận Hà Đông, Hà Nội","9,30 tỷ","Trần Phú, Phường Văn Quán, Quận Hà Đông, Hà Nội",36 m²,3 PN,4 WC,5,Sổ đỏ / Sổ hồng,14/10/202510:00
"Bán  Nhà riêng tạiHà trì 4, Phường Hà Cầu, Quận Hà Đông, Hà Nội","6,45 tỷ","Hà trì 4, Phường Hà Cầu, Quận Hà Đông, Hà Nội",33 m²,4 PN,3 WC,4,Sổ đỏ / Sổ hồng,14/10/202509:02
"Bán  Nhà riêng tạimậu lương, Phường Kiến Hưng, Quận Hà Đông, Hà Nội","7,30 tỷ","mậu lương, Phường Kiến Hưng, Quận Hà Đông, Hà Nội",33 m²,3 PN,4 WC,5,Sổ đỏ / Sổ hồng,13/10/202515:32
"Bán  Nhà riêng tạiPhường Yên Sở, Quận Hoàng Mai, Hà Nội","8,30 tỷ","Phường Yên Sở, Quận Hoàng Mai, Hà Nội",35 m²,,,6,Sổ đỏ / Sổ hồng,14/10/202509:00
"Bán  Nhà riêng tạiVạn Phúc, Phường Vạn Phúc, Quận Hà Đông, Hà Nội","7,10 tỷ","Vạn Phúc, Phường Vạn Phúc, Quận Hà Đông, Hà Nội",31 m²,3 PN,4 WC,5,Sổ đỏ / Sổ hồng,13/10/202515:01
"Bán  Nhà mặt phố tạiTư Đình, Phường Long Biên, Quận Long Biên, Hà Nội",22 tỷ,"Tư Đình, Phường Long Biên, Quận Long Biên, Hà Nội",96 m²,2 PN,2 WC,4,Sổ đỏ / Sổ hồng,13/10/202515:33
"Bán  Nhà riêng tạiLương Thế Vinh, Phường Trung Văn, Quận Nam Từ Liêm, Hà Nội","18,48 tỷ","Lương Thế Vinh, Phường Trung Văn, Quận Nam Từ Liêm, Hà Nội",90 m²,11 PN,12 WC,4,Sổ đỏ / Sổ hồng,14/10/202505:14
"Bán  Nhà riêng tạingô thị nhậm, Phường Quang Trung, Quận Hà Đông, Hà Nội","12,50 tỷ","ngô thị nhậm, Phường Quang Trung, Quận Hà Đông, Hà Nội",46 m²,3 PN,3 WC,4,Sổ đỏ / Sổ hồng,13/10/202515:07
"Bán  Nhà riêng tạiPhường Đại Kim, Quận Hoàng Mai, Hà Nội",12 tỷ,"Phường Đại Kim, Quận Hoàng Mai, Hà Nội",70 m²,3 PN,,7,Sổ đỏ / Sổ hồng,13/10/202513:03
"Bán  Nhà riêng tạingô thị nhậm, Phường Quang Trung, Quận Hà Đông, Hà Nội","10,20 tỷ","ngô thị nhậm, Phường Quang Trung, Quận Hà Đông, Hà Nội",56 m²,3 PN,2 WC,,Sổ đỏ / Sổ hồng,13/10/202515:26
"Bán  Nhà riêng tạiĐường Nguyễn Văn Linh, Phường Việt Hưng, Quận Long Biên, Hà Nội","16,50 tỷ","Đường Nguyễn Văn Linh, Phường Việt Hưng, Quận Long Biên, Hà Nội",46 m²,4 PN,4 WC,7,Sổ đỏ / Sổ hồng,13/10/202521:50
"Bán  Nhà riêng tạiPhường Yên Nghĩa, Quận Hà Đông, Hà Nội","6,40 tỷ","Phường Yên Nghĩa, Quận Hà Đông, Hà Nội",30 m²,,,5,Sổ đỏ / Sổ hồng,13/10/202515:25
"Bán  Nhà mặt phố tạiĐường Bồ Đề, Phường Bồ Đề, Quận Long Biên, Hà Nội","35,50 tỷ","Đường Bồ Đề, Phường Bồ Đề, Quận Long Biên, Hà Nội",100 m²,5 PN,6 WC,7,Sổ đỏ / Sổ hồng,13/10/202507:45
"Bán  Nhà mặt phố tạiPhường Thanh Trì, Quận Hoàng Mai, Hà Nội","10,90 tỷ","Phường Thanh Trì, Quận Hoàng Mai, Hà Nội",45 m²,,,6,Sổ đỏ / Sổ hồng,11/10/202515:00
"Bán  Nhà riêng tạiPhường Trần Phú, Quận Hoàng Mai, Hà Nội","6,85 tỷ","Phường Trần Phú, Quận Hoàng Mai, Hà Nội",40 m²,,,3,Sổ đỏ / Sổ hồng,12/10/202511:01
"Bán  Nhà riêng tạiPhường Thụy Khuê, Quận Tây Hồ, Hà Nội","10,80 tỷ","Phường Thụy Khuê, Quận Tây Hồ, Hà Nội",47 m²,,,4,Sổ đỏ / Sổ hồng,12/10/202515:42
"Bán  Nhà mặt phố tạiĐường Hồng Tiến, Phường Bồ Đề, Quận Long Biên, Hà Nội","29,80 tỷ","Đường Hồng Tiến, Phường Bồ Đề, Quận Long Biên, Hà Nội",65 m²,9 PN,9 WC,4,Sổ đỏ / Sổ hồng,13/10/202508:15
"Bán  Nhà riêng tạimậu lương, Phường Kiến Hưng, Quận Hà Đông, Hà Nội","7,30 tỷ","mậu lương, Phường Kiến Hưng, Quận Hà Đông, Hà Nội",33 m²,3 PN,4 WC,5,Sổ đỏ / Sổ hồng,11/10/202510:55
"Bán  Nhà riêng tạiPhường Thụy Khuê, Quận Tây Hồ, Hà Nội","11,50 tỷ","Phường Thụy Khuê, Quận Tây Hồ, Hà Nội",52 m²,,,4,Sổ đỏ / Sổ hồng,11/10/202514:11
"Bán  Nhà riêng tạiPhố Lụa, Phường Vạn Phúc, Quận Hà Đông, Hà Nội","7,80 tỷ","Phố Lụa, Phường Vạn Phúc, Quận Hà Đông, Hà Nội",33 m²,3 PN,4 WC,5,Sổ đỏ / Sổ hồng,11/10/202522:01
"Bán  Nhà riêng tạiPhố Lụa, Phường Vạn Phúc, Quận Hà Đông, Hà Nội",Thỏa thuận,"Phố Lụa, Phường Vạn Phúc, Quận Hà Đông, Hà Nội",31 m²,4 PN,4 WC,5,Sổ đỏ / Sổ hồng,11/10/202520:53
"Bán  Nhà riêng tạingô quyền, Phường Quang Trung, Quận Hà Đông, Hà Nội","10,60 tỷ","ngô quyền, Phường Quang Trung, Quận Hà Đông, Hà Nội",52 m²,4 PN,3 WC,4,Sổ đỏ / Sổ hồng,11/10/202512:51
"Bán  Nhà riêng tạingô thị nhậm, Phường Quang Trung, Quận Hà Đông, Hà Nội","10,60 tỷ","ngô thị nhậm, Phường Quang Trung, Quận Hà Đông, Hà Nội",40 m²,4 PN,4 WC,5,Sổ đỏ / Sổ hồng,11/10/202513:13
"Bán  Nhà riêng tạiĐường Việt Hưng, Phường Việt Hưng, Quận Long Biên, Hà Nội","15,80 tỷ","Đường Việt Hưng, Phường Việt Hưng, Quận Long Biên, Hà Nội",65 m²,,,4,Sổ đỏ / Sổ hồng,11/10/202523:52
"Bán  Nhà riêng tạiVũ Văn Cẩn, Phường Vạn Phúc, Quận Hà Đông, Hà Nội",16 tỷ,"Vũ Văn Cẩn, Phường Vạn Phúc, Quận Hà Đông, Hà Nội",60 m²,5 PN,6 WC,5,Sổ đỏ / Sổ hồng,12/10/202522:34
"Bán  Nhà riêng tạimậu lương, Phường Kiến Hưng, Quận Hà Đông, Hà Nội","5,68 tỷ","mậu lương, Phường Kiến Hưng, Quận Hà Đông, Hà Nội",30 m²,4 PN,3 WC,4,Sổ đỏ / Sổ hồng,11/10/202508:55
"Bán  Nhà riêng tạiPhường Mai Động, Quận Hoàng Mai, Hà Nội","7,50 tỷ","Phường Mai Động, Quận Hoàng Mai, Hà Nội",34 m²,4 PN,,4,Sổ đỏ / Sổ hồng,10/10/202516:10
"Bán  Nhà mặt phố tạiPhường Mai Động, Quận Hoàng Mai, Hà Nội","18,50 tỷ","Phường Mai Động, Quận Hoàng Mai, Hà Nội",71 m²,,,6,Sổ đỏ / Sổ hồng,10/10/202509:01
"Bán  Nhà mặt phố tạiPhường Vĩnh Hưng, Quận Hoàng Mai, Hà Nội","14,80 tỷ","Phường Vĩnh Hưng, Quận Hoàng Mai, Hà Nội",60 m²,,,5,Sổ đỏ / Sổ hồng,11/10/202509:00
"Bán  Nhà riêng tạithạch bàn, Phường Thạch Bàn, Quận Long Biên, Hà Nội","6,10 tỷ","thạch bàn, Phường Thạch Bàn, Quận Long Biên, Hà Nội",33 m²,3 PN,4 WC,2,Sổ đỏ / Sổ hồng,10/10/202509:53
"Bán  Nhà riêng tạiPhường Cự Khối, Quận Long Biên, Hà Nội","4,95 tỷ","Phường Cự Khối, Quận Long Biên, Hà Nội",35 m²,3 PN,4 WC,5,Sổ đỏ / Sổ hồng,10/10/202516:34
"Bán Nhà biệt thự, liền kề theo dự ánSolasta Mansion Dương Nội tại Solasta Mansion Dương Nội, Phường Dương Nội, Quận Hà Đông, Hà Nội",34 tỷ,"Solasta Mansion Dương Nội, Phường Dương Nội, Quận Hà Đông, Hà Nội",170 m²,4 PN,2 WC,,Sổ đỏ / Sổ hồng,10/10/202511:21
"Bán  Nhà riêng tạiPhường Phú Diễn, Quận Bắc Từ Liêm, Hà Nội",36 tỷ,"Phường Phú Diễn, Quận Bắc Từ Liêm, Hà Nội",100 m²,,,7,Sổ đỏ / Sổ hồng,09/10/202516:54
"Bán  Nhà mặt phố tạiPhường Mễ Trì, Quận Nam Từ Liêm, Hà Nội","8,80 tỷ","Phường Mễ Trì, Quận Nam Từ Liêm, Hà Nội",42 m²,7 PN,,5,Sổ đỏ / Sổ hồng,09/10/202516:06
"Bán  Nhà riêng tạitrần phú, Phường Văn Quán, Quận Hà Đông, Hà Nội","8,10 tỷ","trần phú, Phường Văn Quán, Quận Hà Đông, Hà Nội",33 m²,3 PN,3 WC,5,Sổ đỏ / Sổ hồng,09/10/202519:45
"Bán  Nhà mặt phố tạiHoàng Hoa Thám, Phường Thụy Khuê, Quận Tây Hồ, Hà Nội","10,80 tỷ","Hoàng Hoa Thám, Phường Thụy Khuê, Quận Tây Hồ, Hà Nội",48 m²,,,5,,09/10/202514:24
"Bán  Nhà biệt thự, liền kề tạiPhường Đại Kim, Quận Hoàng Mai, Hà Nội",54 tỷ,"Phường Đại Kim, Quận Hoàng Mai, Hà Nội",285 m²,,,4,Sổ đỏ / Sổ hồng,09/10/202514:00
"Bán  Nhà mặt phố tạiPhường Mai Động, Quận Hoàng Mai, Hà Nội",29 tỷ,"Phường Mai Động, Quận Hoàng Mai, Hà Nội",86 m²,,,4,Sổ đỏ / Sổ hồng,09/10/202510:00
"Bán  Nhà riêng tại19/5, Phường Văn Quán, Quận Hà Đông, Hà Nội","13,70 tỷ","19/5, Phường Văn Quán, Quận Hà Đông, Hà Nội",55 m²,3 PN,2 WC,3,Sổ đỏ / Sổ hồng,09/10/202519:37
"Bán  Nhà riêng tạiphố chiến thắng, Phường La Khê, Quận Hà Đông, Hà Nội","8,50 tỷ","phố chiến thắng, Phường La Khê, Quận Hà Đông, Hà Nội",32 m²,3 PN,4 WC,5,Sổ đỏ / Sổ hồng,07/10/202516:09
"Bán  Nhà riêng tạinguyễn viết xuân, Phường La Khê, Quận Hà Đông, Hà Nội","8,75 tỷ","nguyễn viết xuân, Phường La Khê, Quận Hà Đông, Hà Nội",37 m²,4 PN,4 WC,4,Sổ đỏ / Sổ hồng,07/10/202516:22
"Bán  Nhà riêng tạiđa sĩ, Phường Kiến Hưng, Quận Hà Đông, Hà Nội","8,40 tỷ","đa sĩ, Phường Kiến Hưng, Quận Hà Đông, Hà Nội",32 m²,3 PN,4 WC,5,Sổ đỏ / Sổ hồng,06/10/202514:49
"Bán  Nhà riêng tạiPhường Mễ Trì, Quận Nam Từ Liêm, Hà Nội",11 tỷ,"Phường Mễ Trì, Quận Nam Từ Liêm, Hà Nội",77 m²,4 PN,,4,Sổ đỏ / Sổ hồng,08/10/202510:00
"Bán  Nhà mặt phố tạiPhường Hoàng Văn Thụ, Quận Hoàng Mai, Hà Nội",14 tỷ,"Phường Hoàng Văn Thụ, Quận Hoàng Mai, Hà Nội",48 m²,,,4,Sổ đỏ / Sổ hồng,09/10/202508:43
"Bán  Nhà riêng tạitrần phú, Phường Văn Quán, Quận Hà Đông, Hà Nội","12,50 tỷ","trần phú, Phường Văn Quán, Quận Hà Đông, Hà Nội",62 m²,3 PN,3 WC,3,Sổ đỏ / Sổ hồng,08/10/202521:14
"Bán  Nhà mặt phố tạiPhường Hoàng Văn Thụ, Quận Hoàng Mai, Hà Nội",14 tỷ,"Phường Hoàng Văn Thụ, Quận Hoàng Mai, Hà Nội",48 m²,,,4,Sổ đỏ / Sổ hồng,08/10/202508:01
"Bán  Nhà riêng tạiPhường Mễ Trì, Quận Nam Từ Liêm, Hà Nội",11 tỷ,"Phường Mễ Trì, Quận Nam Từ Liêm, Hà Nội",51 m²,4 PN,,5,Sổ đỏ / Sổ hồng,07/10/202523:41
"Bán  Nhà riêng tạiđa sĩ, Phường Kiến Hưng, Quận Hà Đông, Hà Nội","8,20 tỷ","đa sĩ, Phường Kiến Hưng, Quận Hà Đông, Hà Nội",36 m²,3 PN,3 WC,4,Sổ đỏ / Sổ hồng,06/10/202514:41
"Bán  Nhà riêng tạiPhường Mễ Trì, Quận Nam Từ Liêm, Hà Nội","10,70 tỷ","Phường Mễ Trì, Quận Nam Từ Liêm, Hà Nội",52 m²,4 PN,,5,Sổ đỏ / Sổ hồng,07/10/202523:39
"Bán  Nhà riêng tạiđa sỹ, Phường Kiến Hưng, Quận Hà Đông, Hà Nội","6,50 tỷ","đa sỹ, Phường Kiến Hưng, Quận Hà Đông, Hà Nội",30 m²,3 PN,4 WC,5,Sổ đỏ / Sổ hồng,06/10/202509:00
"Bán  Nhà riêng tạiHoàng Hoa Thám, Phường Hà Cầu, Quận Hà Đông, Hà Nội","8,78 tỷ","Hoàng Hoa Thám, Phường Hà Cầu, Quận Hà Đông, Hà Nội",41 m²,4 PN,3 WC,,Sổ đỏ / Sổ hồng,06/10/202510:47
"Bán  Nhà riêng tạiTô Hiệu, Phường Hà Cầu, Quận Hà Đông, Hà Nội","9,40 tỷ","Tô Hiệu, Phường Hà Cầu, Quận Hà Đông, Hà Nội",36 m²,3 PN,3 WC,1,Sổ đỏ / Sổ hồng,06/10/202511:05
"Bán  Nhà mặt phố tạiPhùng Khoang, Phường Trung Văn, Quận Nam Từ Liêm, Hà Nội",12 tỷ,"Phùng Khoang, Phường Trung Văn, Quận Nam Từ Liêm, Hà Nội",35 m²,6 PN,,5,Sổ đỏ / Sổ hồng,06/10/202509:45
"Bán  Nhà riêng tạiĐường Phùng Khoang, Phường Trung Văn, Quận Nam Từ Liêm, Hà Nội",9 tỷ,"Đường Phùng Khoang, Phường Trung Văn, Quận Nam Từ Liêm, Hà Nội",43 m²,4 PN,,5,Sổ đỏ / Sổ hồng,06/10/202510:10
"Bán  Nhà riêng tạiHà Trì 1, Phường Hà Cầu, Quận Hà Đông, Hà Nội","7,98 tỷ","Hà Trì 1, Phường Hà Cầu, Quận Hà Đông, Hà Nội",45 m²,4 PN,3 WC,3,Sổ đỏ / Sổ hồng,06/10/202509:00
"Bán  Nhà riêng tạiphan đình giót, Phường La Khê, Quận Hà Đông, Hà Nội",7 tỷ,"phan đình giót, Phường La Khê, Quận Hà Đông, Hà Nội",33 m²,3 PN,4 WC,5,Sổ đỏ / Sổ hồng,06/10/202513:57
"Bán  Nhà riêng tạiĐường Ngô Thì Nhậm, Phường Quang Trung, Quận Hà Đông, Hà Nội",10 tỷ,"Đường Ngô Thì Nhậm, Phường Quang Trung, Quận Hà Đông, Hà Nội",55 m²,4 PN,3 WC,,Sổ đỏ / Sổ hồng,06/10/202510:08
"Bán  Nhà mặt phố tạiPhường Đại Mỗ, Quận Nam Từ Liêm, Hà Nội","13,20 tỷ","Phường Đại Mỗ, Quận Nam Từ Liêm, Hà Nội",45 m²,4 PN,4 WC,5,Sổ đỏ / Sổ hồng,06/10/202514:00
"Bán  Nhà biệt thự, liền kề tạiĐường Mậu Lương, Phường Kiến Hưng, Quận Hà Đông, Hà Nội","19,50 tỷ","Đường Mậu Lương, Phường Kiến Hưng, Quận Hà Đông, Hà Nội",60 m²,6 PN,7 WC,7,Sổ đỏ / Sổ hồng,06/10/202510:21
"Bán  Nhà riêng tạiTân Mai, Phường Tân Mai, Quận Hoàng Mai, Hà Nội","4,50 tỷ","Tân Mai, Phường Tân Mai, Quận Hoàng Mai, Hà Nội",30 m²,3 PN,3 WC,2,Đang chờ sổ,06/10/202514:00
"Bán  Nhà riêng tạiđa sỹ, Phường Kiến Hưng, Quận Hà Đông, Hà Nội","6,50 tỷ","đa sỹ, Phường Kiến Hưng, Quận Hà Đông, Hà Nội",30 m²,3 PN,4 WC,5,Sổ đỏ / Sổ hồng,04/10/202509:28
"Bán  Nhà riêng tạiLê Quang Đạo , Phường Phú Đô, Quận Nam Từ Liêm, Hà Nội","7,50 tỷ","Lê Quang Đạo , Phường Phú Đô, Quận Nam Từ Liêm, Hà Nội",42 m²,4 PN,4 WC,6,Sổ đỏ / Sổ hồng,03/10/202511:18
"Bán  Nhà riêng tạiHoàng Hoa Thám, Phường Hà Cầu, Quận Hà Đông, Hà Nội","8,80 tỷ","Hoàng Hoa Thám, Phường Hà Cầu, Quận Hà Đông, Hà Nội",41 m²,4 PN,3 WC,4,Sổ đỏ / Sổ hồng,04/10/202509:16
"Bán  Nhà riêng tạimậu lương, Phường Kiến Hưng, Quận Hà Đông, Hà Nội","5,65 tỷ","mậu lương, Phường Kiến Hưng, Quận Hà Đông, Hà Nội",36 m²,5 PN,3 WC,4,Sổ đỏ / Sổ hồng,03/10/202516:53
"Bán  Nhà riêng tạiĐường Mậu Lương, Phường Kiến Hưng, Quận Hà Đông, Hà Nội",14 tỷ,"Đường Mậu Lương, Phường Kiến Hưng, Quận Hà Đông, Hà Nội",50 m²,5 PN,4 WC,,Sổ đỏ / Sổ hồng,04/10/202509:29
"Bán  Nhà riêng tạitựu liệt, Phường Hoàng Liệt, Quận Hoàng Mai, Hà Nội","7,70 tỷ","tựu liệt, Phường Hoàng Liệt, Quận Hoàng Mai, Hà Nội",45 m²,4 PN,,5,Sổ đỏ / Sổ hồng,05/10/202514:00
"Bán  Nhà riêng tạiPhú Mỹ, Phường Mỹ Đình 2, Quận Nam Từ Liêm, Hà Nội","9,50 tỷ","Phú Mỹ, Phường Mỹ Đình 2, Quận Nam Từ Liêm, Hà Nội",42 m²,6 PN,4 WC,6,Sổ đỏ / Sổ hồng,03/10/202519:45
"Bán  Nhà mặt phố tạiPhường Tân Mai, Quận Hoàng Mai, Hà Nội","21,50 tỷ","Phường Tân Mai, Quận Hoàng Mai, Hà Nội",75 m²,,,6,Sổ đỏ / Sổ hồng,05/10/202510:00
"Bán  Nhà riêng tạiPhường Kiến Hưng, Quận Hà Đông, Hà Nội","7,60 tỷ","Phường Kiến Hưng, Quận Hà Đông, Hà Nội",32 m²,3 PN,4 WC,5,Sổ đỏ / Sổ hồng,02/10/202515:12
"Bán  Nhà biệt thự, liền kề tạiĐường Văn Phú, Phường Phú La, Quận Hà Đông, Hà Nội",18 tỷ,"Đường Văn Phú, Phường Phú La, Quận Hà Đông, Hà Nội",80 m²,5 PN,5 WC,,Sổ đỏ / Sổ hồng,03/10/202508:33
"Bán  Nhà riêng tạiHà trì 2, Phường Hà Cầu, Quận Hà Đông, Hà Nội","7,45 tỷ","Hà trì 2, Phường Hà Cầu, Quận Hà Đông, Hà Nội",32 m²,3 PN,4 WC,5,Sổ đỏ / Sổ hồng,03/10/202509:00
"Bán  Nhà mặt phố tạiPhường Hoàng Văn Thụ, Quận Hoàng Mai, Hà Nội","19,80 tỷ","Phường Hoàng Văn Thụ, Quận Hoàng Mai, Hà Nội",55 m²,,,6,Sổ đỏ / Sổ hồng,03/10/202509:00
"Bán  Nhà riêng tạiĐường Lê Quang Đạo, Phường Mễ Trì, Quận Nam Từ Liêm, Hà Nội",10 tỷ,"Đường Lê Quang Đạo, Phường Mễ Trì, Quận Nam Từ Liêm, Hà Nội",40 m²,4 PN,,4,Sổ đỏ / Sổ hồng,02/10/202523:38
"Bán  Nhà riêng tạiHà trì 4, Phường Hà Cầu, Quận Hà Đông, Hà Nội","6,35 tỷ","Hà trì 4, Phường Hà Cầu, Quận Hà Đông, Hà Nội",33 m²,4 PN,3 WC,,Sổ đỏ / Sổ hồng,03/10/202509:00
"Bán  Nhà biệt thự, liền kề tạiĐường Lê Trọng Tấn, Phường La Khê, Quận Hà Đông, Hà Nội",17 tỷ,"Đường Lê Trọng Tấn, Phường La Khê, Quận Hà Đông, Hà Nội",50 m²,6 PN,6 WC,7,Sổ đỏ / Sổ hồng,03/10/202508:16
"Bán  Nhà riêng tạimậu lương, Phường Kiến Hưng, Quận Hà Đông, Hà Nội","5,35 tỷ","mậu lương, Phường Kiến Hưng, Quận Hà Đông, Hà Nội",30 m²,3 PN,3 WC,,Sổ đỏ / Sổ hồng,02/10/202515:00
"Bán  Nhà riêng tạicổ linh , Phường Long Biên, Quận Long Biên, Hà Nội","6,55 tỷ","cổ linh , Phường Long Biên, Quận Long Biên, Hà Nội",33 m²,3 PN,4 WC,5,Sổ đỏ / Sổ hồng,02/10/202516:01
"Bán  Nhà mặt phố tạiPhường Tân Mai, Quận Hoàng Mai, Hà Nội","3,35 tỷ","Phường Tân Mai, Quận Hoàng Mai, Hà Nội",60 m²,,,1,Sổ đỏ / Sổ hồng,03/10/202511:00
"Bán  Nhà mặt phố tạiPhường Hoàng Văn Thụ, Quận Hoàng Mai, Hà Nội","20,90 tỷ","Phường Hoàng Văn Thụ, Quận Hoàng Mai, Hà Nội",50 m²,,,7,Sổ đỏ / Sổ hồng,03/10/202508:00
"Bán  Nhà riêng tạiPhường Kiến Hưng, Quận Hà Đông, Hà Nội","5,98 tỷ","Phường Kiến Hưng, Quận Hà Đông, Hà Nội",30 m²,3 PN,4 WC,1,Sổ đỏ / Sổ hồng,02/10/202514:00
"Bán  Nhà riêng tạiđa sỹ, Phường Kiến Hưng, Quận Hà Đông, Hà Nội","5,60 tỷ","đa sỹ, Phường Kiến Hưng, Quận Hà Đông, Hà Nội",32 m²,3 PN,3 WC,4,Sổ đỏ / Sổ hồng,02/10/202514:00
"Bán  Nhà biệt thự, liền kề tạiĐường Mậu Lương, Phường Kiến Hưng, Quận Hà Đông, Hà Nội","14,50 tỷ","Đường Mậu Lương, Phường Kiến Hưng, Quận Hà Đông, Hà Nội",50 m²,5 PN,5 WC,7,Sổ đỏ / Sổ hồng,02/10/202509:27
"Bán  Nhà biệt thự, liền kề tạiĐường Ngô Thì Nhậm, Phường Quang Trung, Quận Hà Đông, Hà Nội",18 tỷ,"Đường Ngô Thì Nhậm, Phường Quang Trung, Quận Hà Đông, Hà Nội",45 m²,5 PN,5 WC,6,Sổ đỏ / Sổ hồng,02/10/202509:11
"Bán  Nhà riêng tạiquang trung, Phường La Khê, Quận Hà Đông, Hà Nội","7,95 tỷ","quang trung, Phường La Khê, Quận Hà Đông, Hà Nội",33 m²,3 PN,4 WC,5,Sổ đỏ / Sổ hồng,02/10/202508:58
"Bán  Nhà mặt phố tạiĐường Lâm Du, Phường Bồ Đề, Quận Long Biên, Hà Nội",21 tỷ,"Đường Lâm Du, Phường Bồ Đề, Quận Long Biên, Hà Nội",111 m²,18 PN,18 WC,7,Sổ đỏ / Sổ hồng,02/10/202506:17
"Bán  Nhà riêng tạiMỹ Đình, Phường Mỹ Đình 1, Quận Nam Từ Liêm, Hà Nội","6,30 tỷ","Mỹ Đình, Phường Mỹ Đình 1, Quận Nam Từ Liêm, Hà Nội",33 m²,2 PN,2 WC,3,Sổ đỏ / Sổ hồng,02/10/202508:41
"Bán  Nhà riêng tạiHà trì 3, Phường Hà Cầu, Quận Hà Đông, Hà Nội","7,50 tỷ","Hà trì 3, Phường Hà Cầu, Quận Hà Đông, Hà Nội",45 m²,6 PN,4 WC,,Sổ đỏ / Sổ hồng,02/10/202514:00
"Bán  Nhà mặt phố tạinguyễn khuyến, Phường Văn Quán, Quận Hà Đông, Hà Nội","22,50 tỷ","nguyễn khuyến, Phường Văn Quán, Quận Hà Đông, Hà Nội",78 m²,4 PN,4 WC,5,Sổ đỏ / Sổ hồng,02/10/202512:00
"Bán  Nhà riêng tạiđa sỹ, Phường Kiến Hưng, Quận Hà Đông, Hà Nội","5,60 tỷ","đa sỹ, Phường Kiến Hưng, Quận Hà Đông, Hà Nội",32 m²,3 PN,3 WC,,Sổ đỏ / Sổ hồng,01/10/202511:20
"Bán  Nhà mặt phố tạiPhường Yên Sở, Quận Hoàng Mai, Hà Nội",57 tỷ,"Phường Yên Sở, Quận Hoàng Mai, Hà Nội",135 m²,,,5,Sổ đỏ / Sổ hồng,01/10/202511:04
"Bán  Nhà mặt phố tạiPhường Thịnh Liệt, Quận Hoàng Mai, Hà Nội","26,50 tỷ","Phường Thịnh Liệt, Quận Hoàng Mai, Hà Nội",70 m²,,,4,Sổ đỏ / Sổ hồng,30/09/202514:49
"Bán  Nhà biệt thự, liền kề tạiĐường Mậu Lương, Phường Kiến Hưng, Quận Hà Đông, Hà Nội",13 tỷ,"Đường Mậu Lương, Phường Kiến Hưng, Quận Hà Đông, Hà Nội",50 m²,5 PN,4 WC,,Sổ đỏ / Sổ hồng,30/09/202514:49
"Bán  Nhà riêng tạimậu lương, Phường Kiến Hưng, Quận Hà Đông, Hà Nội","5,95 tỷ","mậu lương, Phường Kiến Hưng, Quận Hà Đông, Hà Nội",30 m²,3 PN,4 WC,5,Sổ đỏ / Sổ hồng,01/10/202510:00
"Bán  Nhà riêng tạiPhường Kiến Hưng, Quận Hà Đông, Hà Nội","5,99 tỷ","Phường Kiến Hưng, Quận Hà Đông, Hà Nội",30 m²,3 PN,4 WC,5,Sổ đỏ / Sổ hồng,01/10/202510:00
"Bán  Nhà riêng tại19/5, Phường Văn Quán, Quận Hà Đông, Hà Nội","7,85 tỷ","19/5, Phường Văn Quán, Quận Hà Đông, Hà Nội",33 m²,3 PN,4 WC,4,Sổ đỏ / Sổ hồng,01/10/202514:00
"Bán  Nhà riêng tạiChu Huy Mẫn, Phường Phúc Đồng, Quận Long Biên, Hà Nội","11,50 tỷ","Chu Huy Mẫn, Phường Phúc Đồng, Quận Long Biên, Hà Nội",53 m²,5 PN,5 WC,4,Sổ đỏ / Sổ hồng,01/10/202509:00
"Bán  Nhà biệt thự, liền kề tạiĐường Mậu Lương, Phường Kiến Hưng, Quận Hà Đông, Hà Nội",20 tỷ,"Đường Mậu Lương, Phường Kiến Hưng, Quận Hà Đông, Hà Nội",60 m²,8 PN,7 WC,7,Sổ đỏ / Sổ hồng,01/10/202509:50
"Bán  Nhà riêng tạinguyễn văn cừ, Phường Ngọc Lâm, Quận Long Biên, Hà Nội","7,55 tỷ","nguyễn văn cừ, Phường Ngọc Lâm, Quận Long Biên, Hà Nội",40 m²,,,,Sổ đỏ / Sổ hồng,01/10/202510:21
"Bán  Nhà riêng tạiLê Quang Đạo, Phường Mễ Trì, Quận Nam Từ Liêm, Hà Nội","7,75 tỷ","Lê Quang Đạo, Phường Mễ Trì, Quận Nam Từ Liêm, Hà Nội",32 m²,8 PN,5 WC,5,Sổ đỏ / Sổ hồng,01/10/202517:07
"Bán  Nhà riêng tạimậu lương, Phường Kiến Hưng, Quận Hà Đông, Hà Nội","7,50 tỷ","mậu lương, Phường Kiến Hưng, Quận Hà Đông, Hà Nội",40 m²,3 PN,4 WC,5,Sổ đỏ / Sổ hồng,01/10/202514:30
"Bán  Nhà riêng tạiĐường Văn Phú, Phường Phú La, Quận Hà Đông, Hà Nội",12 tỷ,"Đường Văn Phú, Phường Phú La, Quận Hà Đông, Hà Nội",40 m²,4 PN,4 WC,5,Sổ đỏ / Sổ hồng,29/09/202511:10
"Bán  Nhà riêng tạiCầu Cốc, Phường Đại Mỗ, Quận Nam Từ Liêm, Hà Nội","5,10 tỷ","Cầu Cốc, Phường Đại Mỗ, Quận Nam Từ Liêm, Hà Nội",28 m²,3 PN,4 WC,6,Sổ đỏ / Sổ hồng,30/09/202508:18
"Bán  Nhà riêng tạiTTHL Tiếp giáp công an Thành Phố, Phường Phú La, Quận Hà Đông, Hà Nội","17,50 tỷ","TTHL Tiếp giáp công an Thành Phố, Phường Phú La, Quận Hà Đông, Hà Nội",50 m²,5 PN,5 WC,6,Sổ đỏ / Sổ hồng,30/09/202500:00
"Bán  Nhà riêng tạiđại mỗ, Phường Đại Mỗ, Quận Nam Từ Liêm, Hà Nội",12 tỷ,"đại mỗ, Phường Đại Mỗ, Quận Nam Từ Liêm, Hà Nội",80 m²,,,4,,30/09/202508:21
"Bán  Nhà riêng tạiXa La, Phường Hà Cầu, Quận Hà Đông, Hà Nội","7,40 tỷ","Xa La, Phường Hà Cầu, Quận Hà Đông, Hà Nội",30 m²,3 PN,4 WC,5,Sổ đỏ / Sổ hồng,29/09/202520:09
"Bán  Nhà mặt phố tạiVăn Quán, Phường Văn Quán, Quận Hà Đông, Hà Nội",19 tỷ,"Văn Quán, Phường Văn Quán, Quận Hà Đông, Hà Nội",70 m²,4 PN,4 WC,4,Sổ đỏ / Sổ hồng,30/09/202508:22
"Bán  Nhà riêng tạimậu lương, Phường Kiến Hưng, Quận Hà Đông, Hà Nội","6,45 tỷ","mậu lương, Phường Kiến Hưng, Quận Hà Đông, Hà Nội",34 m²,4 PN,3 WC,5,Sổ đỏ / Sổ hồng,30/09/202508:00
"Bán  Nhà mặt phố tạiĐường Việt Hưng, Phường Việt Hưng, Quận Long Biên, Hà Nội","26,90 tỷ","Đường Việt Hưng, Phường Việt Hưng, Quận Long Biên, Hà Nội",74 m²,8 PN,5 WC,23,Sổ đỏ / Sổ hồng,30/09/202507:29
"Bán  Nhà mặt phố tạiPhường Tân Mai, Quận Hoàng Mai, Hà Nội",105 tỷ,"Phường Tân Mai, Quận Hoàng Mai, Hà Nội",305 m²,,,,Sổ đỏ / Sổ hồng,29/09/202514:00
"Bán  Nhà biệt thự, liền kề tạiPhường Đại Mỗ, Quận Nam Từ Liêm, Hà Nội",40 tỷ,"Phường Đại Mỗ, Quận Nam Từ Liêm, Hà Nội",210 m²,,,3,,30/09/202508:19
"Bán  Nhà riêng tạiMiêu Nha, Phường Tây Mỗ, Quận Nam Từ Liêm, Hà Nội","5,95 tỷ","Miêu Nha, Phường Tây Mỗ, Quận Nam Từ Liêm, Hà Nội",30 m²,6 PN,4 WC,5,Sổ đỏ / Sổ hồng,30/09/202508:22
"Bán  Nhà riêng tạiĐường Lương Văn Can, Phường Quang Trung, Quận Hà Đông, Hà Nội",10 tỷ,"Đường Lương Văn Can, Phường Quang Trung, Quận Hà Đông, Hà Nội",45 m²,2 PN,2 WC,2,Sổ đỏ / Sổ hồng,29/09/202510:52
"Bán  Nhà riêng tạivạn phúc, Phường Vạn Phúc, Quận Hà Đông, Hà Nội","8,30 tỷ","vạn phúc, Phường Vạn Phúc, Quận Hà Đông, Hà Nội",34 m²,3 PN,4 WC,,Sổ đỏ / Sổ hồng,29/09/202510:33
"Bán  Nhà mặt phố tạiĐường Hoàng Như Tiếp, Phường Bồ Đề, Quận Long Biên, Hà Nội","57,30 tỷ","Đường Hoàng Như Tiếp, Phường Bồ Đề, Quận Long Biên, Hà Nội",100 m²,4 PN,5 WC,4,Sổ đỏ / Sổ hồng,30/09/202507:12
"Bán  Nhà mặt phố tạiBẰNG LIỆT, Phường Hoàng Liệt, Quận Hoàng Mai, Hà Nội",25 tỷ,"BẰNG LIỆT, Phường Hoàng Liệt, Quận Hoàng Mai, Hà Nội",110 m²,,,2,Sổ đỏ / Sổ hồng,28/09/202520:47
"Bán  Nhà mặt phố tạiPhường Hoàng Văn Thụ, Quận Hoàng Mai, Hà Nội",33 tỷ,"Phường Hoàng Văn Thụ, Quận Hoàng Mai, Hà Nội",105 m²,,,5,Sổ đỏ / Sổ hồng,28/09/202514:00
"Bán  Nhà riêng tạiĐường Ngọc Thụy, Phường Ngọc Thụy, Quận Long Biên, Hà Nội","12,80 tỷ","Đường Ngọc Thụy, Phường Ngọc Thụy, Quận Long Biên, Hà Nội",50 m²,3 PN,4 WC,6,Sổ đỏ / Sổ hồng,29/09/202508:59
"Bán  Nhà biệt thự, liền kề tạimậu lương, Phường Kiến Hưng, Quận Hà Đông, Hà Nội","15,80 tỷ","mậu lương, Phường Kiến Hưng, Quận Hà Đông, Hà Nội",60 m²,4 PN,4 WC,1,Sổ đỏ / Sổ hồng,29/09/202509:00
"Bán  Nhà riêng tạiĐường Ngọc Lâm, Phường Ngọc Lâm, Quận Long Biên, Hà Nội",40 tỷ,"Đường Ngọc Lâm, Phường Ngọc Lâm, Quận Long Biên, Hà Nội",145 m²,23 PN,23 WC,9,Sổ đỏ / Sổ hồng,29/09/202509:18
"Bán  Nhà riêng tạiPhường Thịnh Liệt, Quận Hoàng Mai, Hà Nội",9 tỷ,"Phường Thịnh Liệt, Quận Hoàng Mai, Hà Nội",42 m²,3 PN,4 WC,5,Hợp đồng mua bán,29/09/202508:09
"Bán  Nhà riêng tạiđa sỹ, Phường Kiến Hưng, Quận Hà Đông, Hà Nội",6 tỷ,"đa sỹ, Phường Kiến Hưng, Quận Hà Đông, Hà Nội",30 m²,3 PN,3 WC,5,Sổ đỏ / Sổ hồng,29/09/202509:00
"Bán  Nhà riêng tạisài đồng, Phường Sài Đồng, Quận Long Biên, Hà Nội","11,80 tỷ","sài đồng, Phường Sài Đồng, Quận Long Biên, Hà Nội",46 m²,,,6,Sổ đỏ / Sổ hồng,28/09/202516:35
"Bán  Nhà riêng tạithạch bàn, Phường Thạch Bàn, Quận Long Biên, Hà Nội","8,62 tỷ","thạch bàn, Phường Thạch Bàn, Quận Long Biên, Hà Nội",43 m²,,,6,Sổ đỏ / Sổ hồng,28/09/202516:34
"Bán  Nhà riêng tạixa la, Phường Kiến Hưng, Quận Hà Đông, Hà Nội","7,40 tỷ","xa la, Phường Kiến Hưng, Quận Hà Đông, Hà Nội",30 m²,3 PN,4 WC,5,Sổ đỏ / Sổ hồng,28/09/202509:09
"Bán  Nhà riêng tạiHà trì 1, Phường Hà Cầu, Quận Hà Đông, Hà Nội","6,35 tỷ","Hà trì 1, Phường Hà Cầu, Quận Hà Đông, Hà Nội",35 m²,3 PN,4 WC,5,Sổ đỏ / Sổ hồng,28/09/202509:06
"Bán  Nhà riêng tạimậu lương, Phường Kiến Hưng, Quận Hà Đông, Hà Nội",675 triệu,"mậu lương, Phường Kiến Hưng, Quận Hà Đông, Hà Nội",31 m²,3 PN,4 WC,5,Sổ đỏ / Sổ hồng,28/09/202509:06
"Bán  Nhà riêng tạiPhường Vĩnh Hưng, Quận Hoàng Mai, Hà Nội","5,25 tỷ","Phường Vĩnh Hưng, Quận Hoàng Mai, Hà Nội",22 m²,,,4,Sổ đỏ / Sổ hồng,27/09/202513:05
"Bán  Nhà riêng tạiPhường Mễ Trì, Quận Nam Từ Liêm, Hà Nội",Thỏa thuận,"Phường Mễ Trì, Quận Nam Từ Liêm, Hà Nội",60 m²,,,5,Sổ đỏ / Sổ hồng,27/09/202517:27
"Bán  Nhà riêng tạiPhường Đại Mỗ, Quận Nam Từ Liêm, Hà Nội","11,50 tỷ","Phường Đại Mỗ, Quận Nam Từ Liêm, Hà Nội",60 m²,,,,Sổ đỏ / Sổ hồng,27/09/202517:27
"Bán  Nhà riêng tạiĐường Nguyễn Văn Cừ, Phường Bồ Đề, Quận Long Biên, Hà Nội",27 tỷ,"Đường Nguyễn Văn Cừ, Phường Bồ Đề, Quận Long Biên, Hà Nội",118 m²,4 PN,5 WC,5,Sổ đỏ / Sổ hồng,28/09/202508:53
"Bán  Nhà riêng tạiThanh Lân, Phường Thanh Trì, Quận Hoàng Mai, Hà Nội","9,10 tỷ","Thanh Lân, Phường Thanh Trì, Quận Hoàng Mai, Hà Nội",50 m²,5 PN,,5,Sổ đỏ / Sổ hồng,28/09/202511:49
"Bán  Nhà mặt phố tạiĐỒNG ME, Phường Mễ Trì, Quận Nam Từ Liêm, Hà Nội",54 tỷ,"ĐỒNG ME, Phường Mễ Trì, Quận Nam Từ Liêm, Hà Nội",130 m²,,,8,Sổ đỏ / Sổ hồng,28/09/202500:00
"Bán  Nhà riêng tạiPhường Yên Sở, Quận Hoàng Mai, Hà Nội","7,60 tỷ","Phường Yên Sở, Quận Hoàng Mai, Hà Nội",35 m²,,,5,Sổ đỏ / Sổ hồng,27/09/202509:00
"Bán  Nhà mặt phố tạiÂu Cơ, Phường Nhật Tân, Quận Tây Hồ, Hà Nội",146 tỷ,"Âu Cơ, Phường Nhật Tân, Quận Tây Hồ, Hà Nội",170 m²,,,9,Sổ đỏ / Sổ hồng,25/09/202511:26
"Bán  Nhà riêng tạiĐường Hồng Tiến, Phường Bồ Đề, Quận Long Biên, Hà Nội","14,90 tỷ","Đường Hồng Tiến, Phường Bồ Đề, Quận Long Biên, Hà Nội",45 m²,3 PN,5 WC,6,Sổ đỏ / Sổ hồng,26/09/202518:21
"Bán  Nhà riêng tạikim giang, Phường Đại Kim, Quận Hoàng Mai, Hà Nội","7,50 tỷ","kim giang, Phường Đại Kim, Quận Hoàng Mai, Hà Nội",38 m²,,,5,Sổ đỏ / Sổ hồng,25/09/202512:00
"Bán  Nhà riêng tạiĐường Nguyễn Sơn, Phường Bồ Đề, Quận Long Biên, Hà Nội","14,40 tỷ","Đường Nguyễn Sơn, Phường Bồ Đề, Quận Long Biên, Hà Nội",40 m²,3 PN,4 WC,6,Sổ đỏ / Sổ hồng,26/09/202519:00
"Bán  Nhà riêng tạiĐường Hồng Tiến, Phường Bồ Đề, Quận Long Biên, Hà Nội","14,90 tỷ","Đường Hồng Tiến, Phường Bồ Đề, Quận Long Biên, Hà Nội",45 m²,3 PN,5 WC,6,Sổ đỏ / Sổ hồng,25/09/202508:02
"Bán  Nhà mặt phố tạiĐường Cổ Linh, Phường Long Biên, Quận Long Biên, Hà Nội",31 tỷ,"Đường Cổ Linh, Phường Long Biên, Quận Long Biên, Hà Nội",100 m²,1 PN,1 WC,,Sổ đỏ / Sổ hồng,26/09/202515:54
"Bán  Nhà mặt phố tạiĐường Ngọc Thụy, Phường Ngọc Thụy, Quận Long Biên, Hà Nội","21,50 tỷ","Đường Ngọc Thụy, Phường Ngọc Thụy, Quận Long Biên, Hà Nội",55 m²,4 PN,5 WC,7,Sổ đỏ / Sổ hồng,26/09/202508:17
"Bán  Nhà riêng tạiĐường Hoa Lâm, Phường Việt Hưng, Quận Long Biên, Hà Nội","14,10 tỷ","Đường Hoa Lâm, Phường Việt Hưng, Quận Long Biên, Hà Nội",83 m²,6 PN,6 WC,23,Sổ đỏ / Sổ hồng,25/09/202507:32
"Bán  Nhà riêng tạiLạc Long Quân, Phường Nhật Tân, Quận Tây Hồ, Hà Nội","9,60 tỷ","Lạc Long Quân, Phường Nhật Tân, Quận Tây Hồ, Hà Nội",74 m²,8 PN,,6,Sổ đỏ / Sổ hồng,22/09/202522:05
"Bán  Nhà mặt phố tạiThuỵ Khuê, Phường Thụy Khuê, Quận Tây Hồ, Hà Nội","35,90 tỷ","Thuỵ Khuê, Phường Thụy Khuê, Quận Tây Hồ, Hà Nội",70 m²,,,8,Sổ đỏ / Sổ hồng,21/09/202514:07
"Bán  Nhà mặt phố tạiThuỵ Khuê, Phường Thụy Khuê, Quận Tây Hồ, Hà Nội",93 tỷ,"Thuỵ Khuê, Phường Thụy Khuê, Quận Tây Hồ, Hà Nội",160 m²,,,8,Sổ đỏ / Sổ hồng,21/09/202512:13
"Bán  Nhà riêng tạiLạc Long Quân, Phường Xuân La, Quận Tây Hồ, Hà Nội","11,50 tỷ","Lạc Long Quân, Phường Xuân La, Quận Tây Hồ, Hà Nội",75 m²,,,5,Sổ đỏ / Sổ hồng,20/09/202521:33
"Bán  Nhà mặt phố tạiTrích Sài, Phường Xuân La, Quận Tây Hồ, Hà Nội",54 tỷ,"Trích Sài, Phường Xuân La, Quận Tây Hồ, Hà Nội",78 m²,,,5,Sổ đỏ / Sổ hồng,21/09/202509:00
"Bán  Nhà mặt phố tạiPhường Phú Diễn, Quận Bắc Từ Liêm, Hà Nội","11,50 tỷ","Phường Phú Diễn, Quận Bắc Từ Liêm, Hà Nội",45 m²,1 PN,1 WC,,Sổ đỏ / Sổ hồng,20/09/202522:58
"Bán  Nhà mặt phố tạiNgô Gia Tự, Phường Đức Giang, Quận Long Biên, Hà Nội",300 tỷ,"Ngô Gia Tự, Phường Đức Giang, Quận Long Biên, Hà Nội",563 m²,,,10,,19/09/202517:03
"Bán  Nhà riêng tạiPhố Lụa, Phường Vạn Phúc, Quận Hà Đông, Hà Nội","8,15 tỷ","Phố Lụa, Phường Vạn Phúc, Quận Hà Đông, Hà Nội",43 m²,3 PN,4 WC,6,Sổ đỏ / Sổ hồng,19/09/202523:30
"Bán  Nhà riêng tạiThanh Lãm, Phường Phú Lãm, Quận Hà Đông, Hà Nội",7 tỷ,"Thanh Lãm, Phường Phú Lãm, Quận Hà Đông, Hà Nội",45 m²,6 PN,4 WC,5,Sổ đỏ / Sổ hồng,19/09/202523:43
"Bán  Nhà riêng tạiLạc Long Quân, Phường Xuân La, Quận Tây Hồ, Hà Nội","19,50 tỷ","Lạc Long Quân, Phường Xuân La, Quận Tây Hồ, Hà Nội",80 m²,4 PN,,4,Sổ đỏ / Sổ hồng,19/09/202513:51
"Bán  Nhà mặt phố tạiMỹ Đình , Phường Mỹ Đình 1, Quận Nam Từ Liêm, Hà Nội",130 tỷ,"Mỹ Đình , Phường Mỹ Đình 1, Quận Nam Từ Liêm, Hà Nội",210 m²,,,8,Sổ đỏ / Sổ hồng,19/09/202516:50
"Bán  Nhà mặt phố tạiQuang Trung, Phường Phú La, Quận Hà Đông, Hà Nội",340 tỷ,"Quang Trung, Phường Phú La, Quận Hà Đông, Hà Nội",624 m²,,,10,Sổ đỏ / Sổ hồng,19/09/202516:53
"Bán  Nhà riêng tạitrinh lương, Phường Phú Lương, Quận Hà Đông, Hà Nội",7 tỷ,"trinh lương, Phường Phú Lương, Quận Hà Đông, Hà Nội",42 m²,3 PN,4 WC,5,Sổ đỏ / Sổ hồng,18/09/202513:24
"Bán  Nhà riêng tạiLạc Long Quân, Phường Xuân La, Quận Tây Hồ, Hà Nội","13,90 tỷ","Lạc Long Quân, Phường Xuân La, Quận Tây Hồ, Hà Nội",90 m²,,,3,Sổ đỏ / Sổ hồng,18/09/202510:20
"Bán  Nhà mặt phố tạiThuỵ Khuê, Phường Thụy Khuê, Quận Tây Hồ, Hà Nội",93 tỷ,"Thuỵ Khuê, Phường Thụy Khuê, Quận Tây Hồ, Hà Nội",155 m²,,,8,Sổ đỏ / Sổ hồng,18/09/202509:02
"Bán  Nhà mặt phố tạiLạc Long Quân, Phường Xuân La, Quận Tây Hồ, Hà Nội",225 tỷ,"Lạc Long Quân, Phường Xuân La, Quận Tây Hồ, Hà Nội",336 m²,,,4,Sổ đỏ / Sổ hồng,18/09/202509:04
"Bán  Nhà mặt phố tạiXuân Diệu, Phường Quảng An, Quận Tây Hồ, Hà Nội",72 tỷ,"Xuân Diệu, Phường Quảng An, Quận Tây Hồ, Hà Nội",128 m²,,,8,Sổ đỏ / Sổ hồng,18/09/202509:04
"Bán Nhà biệt thự, liền kề theo dự ánSolasta Mansion Dương Nội tại Solasta Mansion Dương Nội, Phường Dương Nội, Quận Hà Đông, Hà Nội","36,55 tỷ","Solasta Mansion Dương Nội, Phường Dương Nội, Quận Hà Đông, Hà Nội",170 m²,,,3,Sổ đỏ / Sổ hồng,18/09/202508:47
"Bán  Nhà mặt phố tạiLạc Long QUân, Phường Phú Thượng, Quận Tây Hồ, Hà Nội",74 tỷ,"Lạc Long QUân, Phường Phú Thượng, Quận Tây Hồ, Hà Nội",115 m²,,,8,Sổ đỏ / Sổ hồng,18/09/202500:00
"Bán  Nhà mặt phố tạiYÊN PHỤ, Phường Yên Phụ, Quận Tây Hồ, Hà Nội","37,50 tỷ","YÊN PHỤ, Phường Yên Phụ, Quận Tây Hồ, Hà Nội",85 m²,,,7,Sổ đỏ / Sổ hồng,18/09/202500:00
"Bán  Nhà mặt phố tạiQuang Trung, Phường Quang Trung, Quận Hà Đông, Hà Nội","19,68 tỷ","Quang Trung, Phường Quang Trung, Quận Hà Đông, Hà Nội",131 m²,4 PN,4 WC,,Sổ đỏ / Sổ hồng,17/09/202515:41
"Bán  Nhà riêng tạichiến thắng, Phường Vạn Phúc, Quận Hà Đông, Hà Nội","6,50 tỷ","chiến thắng, Phường Vạn Phúc, Quận Hà Đông, Hà Nội",22 m²,3 PN,4 WC,,Sổ đỏ / Sổ hồng,17/09/202518:49
"Bán  Nhà riêng tạimậu lương, Phường Kiến Hưng, Quận Hà Đông, Hà Nội","5,40 tỷ","mậu lương, Phường Kiến Hưng, Quận Hà Đông, Hà Nội",30 m²,4 PN,3 WC,5,Sổ đỏ / Sổ hồng,17/09/202509:57
"Bán  Nhà riêng tạiđa sỹ, Phường Kiến Hưng, Quận Hà Đông, Hà Nội","6,50 tỷ","đa sỹ, Phường Kiến Hưng, Quận Hà Đông, Hà Nội",30 m²,3 PN,4 WC,,Sổ đỏ / Sổ hồng,16/09/202520:01
"Bán  Nhà riêng tạiPhường Kiến Hưng, Quận Hà Đông, Hà Nội","7,65 tỷ","Phường Kiến Hưng, Quận Hà Đông, Hà Nội","30,2 m²",3 PN,4 WC,5,Sổ đỏ / Sổ hồng,16/09/202520:15
"Bán  Nhà riêng tạiPhường Kiến Hưng, Quận Hà Đông, Hà Nội",6 tỷ,"Phường Kiến Hưng, Quận Hà Đông, Hà Nội",30 m²,3 PN,4 WC,5,Sổ đỏ / Sổ hồng,16/09/202520:08
"Bán  Nhà mặt phố tạiCỔ NHUẾ, Phường Cổ Nhuế 1, Quận Bắc Từ Liêm, Hà Nội",32 tỷ,"CỔ NHUẾ, Phường Cổ Nhuế 1, Quận Bắc Từ Liêm, Hà Nội",110 m²,,,3,Sổ đỏ / Sổ hồng,15/09/202516:02
"Bán Nhà biệt thự, liền kề theo dự ánSolasta Mansion Dương Nội tại Solasta Mansion Dương Nội, Phường Dương Nội, Quận Hà Đông, Hà Nội",36 tỷ,"Solasta Mansion Dương Nội, Phường Dương Nội, Quận Hà Đông, Hà Nội",170 m²,,,3,Sổ đỏ / Sổ hồng,16/09/202510:19
"Bán  Nhà riêng tạiPhố Vệ Hồ, Phường Xuân La, Quận Tây Hồ, Hà Nội","19,50 tỷ","Phố Vệ Hồ, Phường Xuân La, Quận Tây Hồ, Hà Nội",70 m²,,,4,Sổ đỏ / Sổ hồng,16/09/202510:42
"Bán Nhà biệt thự, liền kề theo dự ánSolasta Mansion Dương Nội tại Solasta Mansion Dương Nội, Phường Dương Nội, Quận Hà Đông, Hà Nội","43,35 tỷ","Solasta Mansion Dương Nội, Phường Dương Nội, Quận Hà Đông, Hà Nội",170 m²,4 PN,3 WC,3,Sổ đỏ / Sổ hồng,15/09/202511:25
"Bán  Nhà mặt phố tạiHỒ ĐỀN LỪ, Phường Hoàng Văn Thụ, Quận Hoàng Mai, Hà Nội",38 tỷ,"HỒ ĐỀN LỪ, Phường Hoàng Văn Thụ, Quận Hoàng Mai, Hà Nội",150 m²,,,9,Sổ đỏ / Sổ hồng,15/09/202515:41
"Bán  Nhà riêng tạiLạc Long Quân, Phường Bưởi, Quận Tây Hồ, Hà Nội","19,10 tỷ","Lạc Long Quân, Phường Bưởi, Quận Tây Hồ, Hà Nội",76 m²,4 PN,,4,Sổ đỏ / Sổ hồng,15/09/202510:59
"Bán  Nhà mặt phố tạiYên Phụ, Phường Yên Phụ, Quận Tây Hồ, Hà Nội","37,50 tỷ","Yên Phụ, Phường Yên Phụ, Quận Tây Hồ, Hà Nội",90 m²,,,7,Sổ đỏ / Sổ hồng,15/09/202515:42
"Bán Nhà biệt thự, liền kề theo dự ánSolasta Mansion Dương Nội tại Solasta Mansion Dương Nội, Phường Dương Nội, Quận Hà Đông, Hà Nội","36,55 tỷ","Solasta Mansion Dương Nội, Phường Dương Nội, Quận Hà Đông, Hà Nội",170 m²,4 PN,3 WC,,Sổ đỏ / Sổ hồng,15/09/202510:42
"Bán Nhà biệt thự, liền kề theo dự ánSolasta Mansion Dương Nội tại Solasta Mansion Dương Nội, Phường Dương Nội, Quận Hà Đông, Hà Nội",36 tỷ,"Solasta Mansion Dương Nội, Phường Dương Nội, Quận Hà Đông, Hà Nội",170 m²,,,,Sổ đỏ / Sổ hồng,13/09/202514:06
"Bán  Nhà riêng tạiHà Trì, Phường Hà Cầu, Quận Hà Đông, Hà Nội","6,80 tỷ","Hà Trì, Phường Hà Cầu, Quận Hà Đông, Hà Nội",35 m²,3 PN,4 WC,5,Sổ đỏ / Sổ hồng,13/09/202523:18
"Bán  Nhà mặt phố tạiLẠC LONG QUÂN, Phường Bưởi, Quận Tây Hồ, Hà Nội","38,50 tỷ","LẠC LONG QUÂN, Phường Bưởi, Quận Tây Hồ, Hà Nội",75 m²,,,8,Sổ đỏ / Sổ hồng,12/09/202511:26
"Bán  Nhà riêng tạiPhường Ngọc Thụy, Quận Long Biên, Hà Nội","8,90 tỷ","Phường Ngọc Thụy, Quận Long Biên, Hà Nội",45 m²,,,5,Sổ đỏ / Sổ hồng,11/09/202508:04
"Bán  Nhà mặt phố tạixuan phuong, Phường Xuân Phương, Quận Nam Từ Liêm, Hà Nội",21 tỷ,"xuan phuong, Phường Xuân Phương, Quận Nam Từ Liêm, Hà Nội",117 m²,1 PN,1 WC,,Sổ đỏ / Sổ hồng,11/09/202523:25
"Bán  Nhà riêng tạicự khê, Phường Phú Lương, Quận Hà Đông, Hà Nội","13,60 tỷ","cự khê, Phường Phú Lương, Quận Hà Đông, Hà Nội",66 m²,5 PN,5 WC,6,Sổ đỏ / Sổ hồng,10/09/202511:26
"Bán  Nhà tái định cư tạitu hoàng, Phường Xuân Phương, Quận Nam Từ Liêm, Hà Nội","19,50 tỷ","tu hoàng, Phường Xuân Phương, Quận Nam Từ Liêm, Hà Nội",80 m²,8 PN,8 WC,6,Sổ đỏ / Sổ hồng,10/09/202513:46
"Bán  Nhà riêng tạilê hồng phong, Phường Hà Cầu, Quận Hà Đông, Hà Nội","16,50 tỷ","lê hồng phong, Phường Hà Cầu, Quận Hà Đông, Hà Nội",61 m²,5 PN,5 WC,5,Sổ đỏ / Sổ hồng,10/09/202507:23
"Bán  Nhà riêng tạingô quyền, Phường Hà Cầu, Quận Hà Đông, Hà Nội","14,50 tỷ","ngô quyền, Phường Hà Cầu, Quận Hà Đông, Hà Nội",48 m²,4 PN,4 WC,5,Sổ đỏ / Sổ hồng,09/09/202506:56
"Bán  Nhà riêng tạiXuân La, Phường Xuân La, Quận Tây Hồ, Hà Nội","19,50 tỷ","Xuân La, Phường Xuân La, Quận Tây Hồ, Hà Nội",75 m²,,,4,Sổ đỏ / Sổ hồng,08/09/202523:48
"Bán  Nhà mặt phố tạihoàng công, Phường Kiến Hưng, Quận Hà Đông, Hà Nội","21,20 tỷ","hoàng công, Phường Kiến Hưng, Quận Hà Đông, Hà Nội",83 m²,5 PN,5 WC,5,Sổ đỏ / Sổ hồng,08/09/202506:47
"Bán  Nhà riêng tạiPhúc Lợi, Phường Phúc Lợi, Quận Long Biên, Hà Nội","5,30 tỷ","Phúc Lợi, Phường Phúc Lợi, Quận Long Biên, Hà Nội","86,8 m²",3 PN,4 WC,5,Sổ đỏ / Sổ hồng,08/09/202515:07
"Bán  Nhà biệt thự, liền kề tạinguyễn khuyến, Phường Văn Quán, Quận Hà Đông, Hà Nội",47 tỷ,"nguyễn khuyến, Phường Văn Quán, Quận Hà Đông, Hà Nội",216 m²,5 PN,4 WC,4,Sổ đỏ / Sổ hồng,09/09/202506:54
"Bán  Nhà riêng tạihạnh hoa, Phường Kiến Hưng, Quận Hà Đông, Hà Nội","13,50 tỷ","hạnh hoa, Phường Kiến Hưng, Quận Hà Đông, Hà Nội",80 m²,5 PN,4 WC,4,Sổ đỏ / Sổ hồng,09/09/202506:54
"Bán  Nhà mặt phố tạiHỒ ĐỀN LỪ, Phường Hoàng Văn Thụ, Quận Hoàng Mai, Hà Nội",38 tỷ,"HỒ ĐỀN LỪ, Phường Hoàng Văn Thụ, Quận Hoàng Mai, Hà Nội",150 m²,,,9,Sổ đỏ / Sổ hồng,07/09/202516:41
"Bán  Nhà mặt phố tạiLẠC LONG QUÂN, Phường Bưởi, Quận Tây Hồ, Hà Nội","38,50 tỷ","LẠC LONG QUÂN, Phường Bưởi, Quận Tây Hồ, Hà Nội",75 m²,,,8,Sổ đỏ / Sổ hồng,07/09/202516:21
"Bán  Nhà riêng tạiĐường Văn Phú, Phường Phú La, Quận Hà Đông, Hà Nội",12 tỷ,"Đường Văn Phú, Phường Phú La, Quận Hà Đông, Hà Nội",40 m²,4 PN,4 WC,5,Sổ đỏ / Sổ hồng,07/09/202520:34
"Bán  Nhà mặt phố tạiYÊN PHỤ, Phường Yên Phụ, Quận Tây Hồ, Hà Nội","37,50 tỷ","YÊN PHỤ, Phường Yên Phụ, Quận Tây Hồ, Hà Nội",90 m²,,,7,Sổ đỏ / Sổ hồng,07/09/202516:50
"Bán  Nhà riêng tạiPhường Bồ Đề, Quận Long Biên, Hà Nội",12 tỷ,"Phường Bồ Đề, Quận Long Biên, Hà Nội",50 m²,,,6,Sổ đỏ / Sổ hồng,06/09/202507:20
"Bán  Nhà riêng tạivạn phúc, Phường Vạn Phúc, Quận Hà Đông, Hà Nội","7,10 tỷ","vạn phúc, Phường Vạn Phúc, Quận Hà Đông, Hà Nội",31 m²,3 PN,4 WC,5,Sổ đỏ / Sổ hồng,05/09/202510:08
"Bán  Nhà riêng tạivạn phúc, Phường Vạn Phúc, Quận Hà Đông, Hà Nội","15,40 tỷ","vạn phúc, Phường Vạn Phúc, Quận Hà Đông, Hà Nội",57 m²,5 PN,4 WC,,Sổ đỏ / Sổ hồng,05/09/202514:14
"Bán  Nhà biệt thự, liền kề tạinguyễn khuyến, Phường Văn Quán, Quận Hà Đông, Hà Nội","49,50 tỷ","nguyễn khuyến, Phường Văn Quán, Quận Hà Đông, Hà Nội",230 m²,5 PN,5 WC,4,Sổ đỏ / Sổ hồng,06/09/202507:29
"Bán  Nhà biệt thự, liền kề tạivăn phú, Phường Phú La, Quận Hà Đông, Hà Nội","21,50 tỷ","văn phú, Phường Phú La, Quận Hà Đông, Hà Nội",90 m²,4 PN,4 WC,5,Sổ đỏ / Sổ hồng,05/09/202514:16
"Bán  Nhà biệt thự, liền kề tạinguyễn khuyến, Phường Văn Quán, Quận Hà Đông, Hà Nội","28,90 tỷ","nguyễn khuyến, Phường Văn Quán, Quận Hà Đông, Hà Nội",95 m²,6 PN,5 WC,4,Sổ đỏ / Sổ hồng,05/09/202505:32
"Bán  Nhà riêng tạimậu lương, Phường Kiến Hưng, Quận Hà Đông, Hà Nội",13 tỷ,"mậu lương, Phường Kiến Hưng, Quận Hà Đông, Hà Nội",50 m²,4 PN,4 WC,5,Sổ đỏ / Sổ hồng,05/09/202505:32
"Bán  Nhà riêng tạimậu lương, Phường Kiến Hưng, Quận Hà Đông, Hà Nội","14,80 tỷ","mậu lương, Phường Kiến Hưng, Quận Hà Đông, Hà Nội",60 m²,4 PN,4 WC,4,Sổ đỏ / Sổ hồng,05/09/202505:33
"Bán  Nhà riêng tạinguyễn khuyến, Phường Văn Quán, Quận Hà Đông, Hà Nội","17,20 tỷ","nguyễn khuyến, Phường Văn Quán, Quận Hà Đông, Hà Nội",68 m²,5 PN,4 WC,4,Sổ đỏ / Sổ hồng,05/09/202505:32
"Bán  Nhà mặt phố tạithanh bình, Phường Mộ Lao, Quận Hà Đông, Hà Nội","19,80 tỷ","thanh bình, Phường Mộ Lao, Quận Hà Đông, Hà Nội",84 m²,4 PN,4 WC,,Sổ đỏ / Sổ hồng,05/09/202505:35
"Bán Nhà mặt phố theo dự ánLàng Việt Kiều Châu Âu Euroland tại Làng Việt Kiều Châu Âu Euroland, nguyễn văn lộc, Phường Mộ Lao, Quận Hà Đông, Hà Nội","40,30 tỷ","Làng Việt Kiều Châu Âu Euroland, nguyễn văn lộc, Phường Mộ Lao, Quận Hà Đông, Hà Nội",87 m²,5 PN,5 WC,4,Sổ đỏ / Sổ hồng,05/09/202505:32
"Bán  Nhà mặt phố tạilạc long quân, Phường Bưởi, Quận Tây Hồ, Hà Nội","38,50 tỷ","lạc long quân, Phường Bưởi, Quận Tây Hồ, Hà Nội",75 m²,,,8,Sổ đỏ / Sổ hồng,03/09/202511:28
"Bán  Nhà riêng tạiPhường Mai Động, Quận Hoàng Mai, Hà Nội","5,40 tỷ","Phường Mai Động, Quận Hoàng Mai, Hà Nội",37 m²,,,4,,03/09/202515:01
"Bán  Nhà riêng tạiđường lụa, Phường Vạn Phúc, Quận Hà Đông, Hà Nội","6,70 tỷ","đường lụa, Phường Vạn Phúc, Quận Hà Đông, Hà Nội",31 m²,3 PN,3 WC,5,Sổ đỏ / Sổ hồng,03/09/202509:47
"Bán  Nhà riêng tạiPhường Vạn Phúc, Quận Hà Đông, Hà Nội","7,35 tỷ","Phường Vạn Phúc, Quận Hà Đông, Hà Nội",30 m²,,,5,,03/09/202510:00
"Bán  Nhà riêng tạiPhường Vạn Phúc, Quận Hà Đông, Hà Nội","7,80 tỷ","Phường Vạn Phúc, Quận Hà Đông, Hà Nội",46 m²,3 PN,3 WC,4,,03/09/202500:00
"Bán  Nhà riêng tạikiến hưng, Phường Kiến Hưng, Quận Hà Đông, Hà Nội","5,80 tỷ","kiến hưng, Phường Kiến Hưng, Quận Hà Đông, Hà Nội",31 m²,,,5,Sổ đỏ / Sổ hồng,03/09/202509:39
"Bán  Nhà mặt phố tạiTHỤY KHUÊ, Phường Thụy Khuê, Quận Tây Hồ, Hà Nội",90 tỷ,"THỤY KHUÊ, Phường Thụy Khuê, Quận Tây Hồ, Hà Nội",200 m²,,,10,Sổ đỏ / Sổ hồng,01/09/202511:21
"Bán  Nhà mặt phố tạiVÕNG THỊ, Phường Quảng An, Quận Tây Hồ, Hà Nội",110 tỷ,"VÕNG THỊ, Phường Quảng An, Quận Tây Hồ, Hà Nội",220 m²,,,8,Sổ đỏ / Sổ hồng,01/09/202511:28
"Bán  Nhà mặt phố tạiYÊN PHỤ, Phường Yên Phụ, Quận Tây Hồ, Hà Nội",26 tỷ,"YÊN PHỤ, Phường Yên Phụ, Quận Tây Hồ, Hà Nội",65 m²,,,6,Sổ đỏ / Sổ hồng,01/09/202509:22
"Bán  Nhà riêng tạilê trọng tấn , Phường La Khê, Quận Hà Đông, Hà Nội","13,80 tỷ","lê trọng tấn , Phường La Khê, Quận Hà Đông, Hà Nội",60 m²,5 PN,5 WC,5,Sổ đỏ / Sổ hồng,01/09/202505:57
"Bán  Nhà riêng tạivăn quán, Phường Văn Quán, Quận Hà Đông, Hà Nội","17,20 tỷ","văn quán, Phường Văn Quán, Quận Hà Đông, Hà Nội",70 m²,4 PN,4 WC,5,Sổ đỏ / Sổ hồng,01/09/202505:56
"Bán  Nhà biệt thự, liền kề tạiPhường Kiến Hưng, Quận Hà Đông, Hà Nội","10,50 tỷ","Phường Kiến Hưng, Quận Hà Đông, Hà Nội",100 m²,,,,Hợp đồng mua bán,01/09/202508:25
"Bán  Nhà mặt phố tạiTRÍCH SÀI, Phường Bưởi, Quận Tây Hồ, Hà Nội",55 tỷ,"TRÍCH SÀI, Phường Bưởi, Quận Tây Hồ, Hà Nội",70 m²,,,5,Sổ đỏ / Sổ hồng,01/09/202509:34
"Bán  Nhà riêng tạihà trì 3, Phường Hà Cầu, Quận Hà Đông, Hà Nội","8,70 tỷ","hà trì 3, Phường Hà Cầu, Quận Hà Đông, Hà Nội",45 m²,4 PN,4 WC,4,Sổ đỏ / Sổ hồng,01/09/202505:57
"Bán  Nhà mặt phố tạiVÕNG THỊ, Phường Bưởi, Quận Tây Hồ, Hà Nội",110 tỷ,"VÕNG THỊ, Phường Bưởi, Quận Tây Hồ, Hà Nội",210 m²,4 PN,7 WC,8,Sổ đỏ / Sổ hồng,31/08/202516:42
"Bán  Nhà mặt phố tạiVạn Phúc, Phường Vạn Phúc, Quận Hà Đông, Hà Nội","21,50 tỷ","Vạn Phúc, Phường Vạn Phúc, Quận Hà Đông, Hà Nội",78 m²,2 PN,1 WC,,Sổ đỏ / Sổ hồng,01/09/202505:56
"Bán  Nhà mặt phố tạiTÂN MAI, Phường Tân Mai, Quận Hoàng Mai, Hà Nội",33 tỷ,"TÂN MAI, Phường Tân Mai, Quận Hoàng Mai, Hà Nội",120 m²,,,,Sổ đỏ / Sổ hồng,31/08/202516:29
"Bán  Nhà mặt phố tạiLẠC LONG QUÂN, Phường Phú Thượng, Quận Tây Hồ, Hà Nội",125 tỷ,"LẠC LONG QUÂN, Phường Phú Thượng, Quận Tây Hồ, Hà Nội",250 m²,,,4,Sổ đỏ / Sổ hồng,31/08/202516:35
"Bán  Nhà mặt phố tạiVÕNG THỊ, Phường Quảng An, Quận Tây Hồ, Hà Nội",99 tỷ,"VÕNG THỊ, Phường Quảng An, Quận Tây Hồ, Hà Nội",120 m²,,,9,Sổ đỏ / Sổ hồng,30/08/202522:33
"Bán Nhà biệt thự, liền kề theo dự ánKhu đô thị Văn Khê tại Khu đô thị Văn Khê, văn khê, Phường La Khê, Quận Hà Đông, Hà Nội","19,50 tỷ","Khu đô thị Văn Khê, văn khê, Phường La Khê, Quận Hà Đông, Hà Nội",83 m²,5 PN,5 WC,5,Sổ đỏ / Sổ hồng,29/08/202500:00
"Bán  Nhà riêng tạiGIẾNG SEN, Phường La Khê, Quận Hà Đông, Hà Nội",15 tỷ,"GIẾNG SEN, Phường La Khê, Quận Hà Đông, Hà Nội",50 m²,4 PN,5 WC,,Sổ đỏ / Sổ hồng,29/08/202500:00
"Bán  Nhà riêng tạingô thì nhậm, Phường La Khê, Quận Hà Đông, Hà Nội",25 tỷ,"ngô thì nhậm, Phường La Khê, Quận Hà Đông, Hà Nội",79 m²,5 PN,5 WC,5,Sổ đỏ / Sổ hồng,29/08/202507:59
"Bán  Nhà mặt phố tạiHuỳnh Thúc Kháng, Phường Yết Kiêu, Quận Hà Đông, Hà Nội","12,50 tỷ","Huỳnh Thúc Kháng, Phường Yết Kiêu, Quận Hà Đông, Hà Nội",50 m²,4 PN,3 WC,4,Sổ đỏ / Sổ hồng,27/08/202510:46
"Bán  Nhà mặt phố tạiquốc lộ 32, Phường Xuân Phương, Quận Nam Từ Liêm, Hà Nội",18 tỷ,"quốc lộ 32, Phường Xuân Phương, Quận Nam Từ Liêm, Hà Nội",50 m²,4 PN,4 WC,4,Sổ đỏ / Sổ hồng,27/08/202515:02
"Bán  Nhà mặt phố tạiPhường Xuân La, Quận Tây Hồ, Hà Nội",30 tỷ,"Phường Xuân La, Quận Tây Hồ, Hà Nội",100 m²,10 PN,6 WC,6,Sổ đỏ / Sổ hồng,27/08/202511:00
"Bán  Nhà riêng tạiNguyễn Trãi, Phường Văn Quán, Quận Hà Đông, Hà Nội","8,50 tỷ","Nguyễn Trãi, Phường Văn Quán, Quận Hà Đông, Hà Nội",42 m²,6 PN,4 WC,5,Sổ đỏ / Sổ hồng,28/08/202523:44
"Bán  Nhà riêng tại19-5, Phường Văn Quán, Quận Hà Đông, Hà Nội",7 tỷ,"19-5, Phường Văn Quán, Quận Hà Đông, Hà Nội",36 m²,3 PN,3 WC,4,Sổ đỏ / Sổ hồng,27/08/202512:56
"Bán Nhà biệt thự, liền kề theo dự ánKhu đô thị Geleximco - Lê Trọng Tấn tại Khu đô thị Geleximco - Lê Trọng Tấn, Lê Trọng Tấn, Phường Dương Nội, Quận Hà Đông, Hà Nội","21,38 tỷ","Khu đô thị Geleximco - Lê Trọng Tấn, Lê Trọng Tấn, Phường Dương Nội, Quận Hà Đông, Hà Nội",128 m²,4 PN,4 WC,,Sổ đỏ / Sổ hồng,27/08/202515:42
"Bán  Nhà riêng tạiLạc Long Quân, Phường Xuân La, Quận Tây Hồ, Hà Nội","19,50 tỷ","Lạc Long Quân, Phường Xuân La, Quận Tây Hồ, Hà Nội",75 m²,,,4,Sổ đỏ / Sổ hồng,28/08/202516:12
"Bán  Nhà riêng tạihà cầu, Phường Phú La, Quận Hà Đông, Hà Nội","17,20 tỷ","hà cầu, Phường Phú La, Quận Hà Đông, Hà Nội",55 m²,5 PN,6 WC,7,Sổ đỏ / Sổ hồng,26/08/202518:04
"Bán  Nhà riêng tạiPhường Xuân Phương, Quận Nam Từ Liêm, Hà Nội","5,60 tỷ","Phường Xuân Phương, Quận Nam Từ Liêm, Hà Nội",46 m²,,,3,Sổ đỏ / Sổ hồng,28/08/202510:06
"Bán  Nhà riêng tạiTRẦN PHÚ, Phường Văn Quán, Quận Hà Đông, Hà Nội","5,90 tỷ","TRẦN PHÚ, Phường Văn Quán, Quận Hà Đông, Hà Nội",30 m²,3 PN,4 WC,5,Sổ đỏ / Sổ hồng,28/08/202522:57
"Bán  Nhà biệt thự, liền kề tạiPhường Mộ Lao, Quận Hà Đông, Hà Nội",Thỏa thuận,"Phường Mộ Lao, Quận Hà Đông, Hà Nội",260 m²,6 PN,5 WC,41,Sổ đỏ / Sổ hồng,28/08/202510:01
"Bán  Nhà biệt thự, liền kề tạiPhường Văn Quán, Quận Hà Đông, Hà Nội",76 tỷ,"Phường Văn Quán, Quận Hà Đông, Hà Nội",225 m²,5 PN,5 WC,3,Sổ đỏ / Sổ hồng,28/08/202510:01
"Bán  Nhà mặt phố tại18m, Phường Mộ Lao, Quận Hà Đông, Hà Nội",19 tỷ,"18m, Phường Mộ Lao, Quận Hà Đông, Hà Nội",52 m²,4 PN,4 WC,5,Sổ đỏ / Sổ hồng,26/08/202518:03
"Bán  Nhà riêng tạinông quốc chấn, Phường La Khê, Quận Hà Đông, Hà Nội","18,80 tỷ","nông quốc chấn, Phường La Khê, Quận Hà Đông, Hà Nội",83 m²,5 PN,5 WC,5,Sổ đỏ / Sổ hồng,24/08/202509:32
"Bán  Nhà riêng tạiTrương Định, Phường Giáp Bát, Quận Hoàng Mai, Hà Nội",25 tỷ,"Trương Định, Phường Giáp Bát, Quận Hoàng Mai, Hà Nội",95 m²,7 PN,7 WC,7,Sổ đỏ / Sổ hồng,23/08/202514:32
"Bán  Nhà riêng tạimậu lương, Phường Kiến Hưng, Quận Hà Đông, Hà Nội","19,70 tỷ","mậu lương, Phường Kiến Hưng, Quận Hà Đông, Hà Nội",60 m²,5 PN,6 WC,7,Sổ đỏ / Sổ hồng,26/08/202518:04
"Bán  Nhà riêng tạiVõng Thị, Phường Bưởi, Quận Tây Hồ, Hà Nội","34,50 tỷ","Võng Thị, Phường Bưởi, Quận Tây Hồ, Hà Nội",100 m²,3 PN,,4,Sổ đỏ / Sổ hồng,23/08/202515:34
"Bán Nhà biệt thự, liền kề theo dự ánKiến Hưng Luxury tại Kiến Hưng Luxury, PHÚC LA VĂN KHÊ, Phường Kiến Hưng, Quận Hà Đông, Hà Nội","18,90 tỷ","Kiến Hưng Luxury, PHÚC LA VĂN KHÊ, Phường Kiến Hưng, Quận Hà Đông, Hà Nội",70 m²,5 PN,5 WC,5,Sổ đỏ / Sổ hồng,26/08/202508:00
"Bán  Nhà biệt thự, liền kề tạiTam Trinh, Phường Hoàng Văn Thụ, Quận Hoàng Mai, Hà Nội",26 tỷ,"Tam Trinh, Phường Hoàng Văn Thụ, Quận Hoàng Mai, Hà Nội",90 m²,8 PN,8 WC,7,Sổ đỏ / Sổ hồng,23/08/202514:31
"Bán  Nhà biệt thự, liền kề tạiTrương Định, Phường Tân Mai, Quận Hoàng Mai, Hà Nội",26 tỷ,"Trương Định, Phường Tân Mai, Quận Hoàng Mai, Hà Nội",90 m²,7 PN,7 WC,7,Sổ đỏ / Sổ hồng,23/08/202514:32
"Bán  Nhà biệt thự, liền kề tạiTân mai, Phường Hoàng Văn Thụ, Quận Hoàng Mai, Hà Nội","26,50 tỷ","Tân mai, Phường Hoàng Văn Thụ, Quận Hoàng Mai, Hà Nội",100 m²,6 PN,5 WC,5,Sổ đỏ / Sổ hồng,23/08/202514:32
"Bán  Nhà riêng tạiPhường Ngọc Lâm, Quận Long Biên, Hà Nội",11 tỷ,"Phường Ngọc Lâm, Quận Long Biên, Hà Nội",40 m²,,,6,Sổ đỏ / Sổ hồng,24/08/202509:26
"Bán  Nhà riêng tạiTrích Sài, Phường Bưởi, Quận Tây Hồ, Hà Nội",31 tỷ,"Trích Sài, Phường Bưởi, Quận Tây Hồ, Hà Nội",100 m²,3 PN,,,Sổ đỏ / Sổ hồng,23/08/202516:38
"Bán  Nhà mặt phố tạiMai Động, Phường Mai Động, Quận Hoàng Mai, Hà Nội","23,80 tỷ","Mai Động, Phường Mai Động, Quận Hoàng Mai, Hà Nội",140 m²,4 PN,3 WC,9,Sổ đỏ / Sổ hồng,23/08/202514:28
"Bán  Nhà riêng tạiHoàng Mai, Phường Hoàng Văn Thụ, Quận Hoàng Mai, Hà Nội","6,63 tỷ","Hoàng Mai, Phường Hoàng Văn Thụ, Quận Hoàng Mai, Hà Nội","35,3 m²",3 PN,3 WC,5,Sổ đỏ / Sổ hồng,23/08/202514:28
"Bán  Nhà biệt thự, liền kề tạiTam Trinh, Phường Hoàng Văn Thụ, Quận Hoàng Mai, Hà Nội",28 tỷ,"Tam Trinh, Phường Hoàng Văn Thụ, Quận Hoàng Mai, Hà Nội",95 m²,8 PN,7 WC,7,Sổ đỏ / Sổ hồng,23/08/202514:30
"Bán  Nhà riêng tạiHoàng Mai, Phường Hoàng Văn Thụ, Quận Hoàng Mai, Hà Nội","6,38 tỷ","Hoàng Mai, Phường Hoàng Văn Thụ, Quận Hoàng Mai, Hà Nội","30,3 m²",3 PN,4 WC,5,Sổ đỏ / Sổ hồng,23/08/202514:28
"Bán  Nhà riêng tạiTân mai, Phường Tân Mai, Quận Hoàng Mai, Hà Nội","7,50 tỷ","Tân mai, Phường Tân Mai, Quận Hoàng Mai, Hà Nội",110 m²,2 PN,1 WC,5,Sổ đỏ / Sổ hồng,23/08/202514:29
"Bán  Nhà riêng tạiTân mai, Phường Tân Mai, Quận Hoàng Mai, Hà Nội","7,15 tỷ","Tân mai, Phường Tân Mai, Quận Hoàng Mai, Hà Nội",68 m²,2 PN,2 WC,2,Sổ đỏ / Sổ hồng,23/08/202514:30
"Bán  Nhà riêng tạiTrương Định, Phường Giáp Bát, Quận Hoàng Mai, Hà Nội",8 tỷ,"Trương Định, Phường Giáp Bát, Quận Hoàng Mai, Hà Nội",52 m²,5 PN,4 WC,4,Sổ đỏ / Sổ hồng,23/08/202514:29
"Bán  Nhà riêng tạiTân mai, Phường Tân Mai, Quận Hoàng Mai, Hà Nội","7,15 tỷ","Tân mai, Phường Tân Mai, Quận Hoàng Mai, Hà Nội",66 m²,2 PN,2 WC,5,Sổ đỏ / Sổ hồng,23/08/202514:30
"Bán  Nhà riêng tạiTân mai, Phường Tân Mai, Quận Hoàng Mai, Hà Nội",8 tỷ,"Tân mai, Phường Tân Mai, Quận Hoàng Mai, Hà Nội",52 m²,5 PN,4 WC,4,Sổ đỏ / Sổ hồng,23/08/202514:29
"Bán  Nhà riêng tạiPhường Tân Mai, Quận Hoàng Mai, Hà Nội","8,95 tỷ","Phường Tân Mai, Quận Hoàng Mai, Hà Nội",55 m²,5 PN,,5,Sổ đỏ / Sổ hồng,23/08/202514:29
"Bán  Nhà riêng tạiTrương Định, Phường Hoàng Văn Thụ, Quận Hoàng Mai, Hà Nội","7,65 tỷ","Trương Định, Phường Hoàng Văn Thụ, Quận Hoàng Mai, Hà Nội","42,8 m²",6 PN,4 WC,5,Sổ đỏ / Sổ hồng,23/08/202514:27
"Bán  Nhà riêng tạiTân mai, Phường Tân Mai, Quận Hoàng Mai, Hà Nội","7,65 tỷ","Tân mai, Phường Tân Mai, Quận Hoàng Mai, Hà Nội",50 m²,5 PN,4 WC,4,Sổ đỏ / Sổ hồng,23/08/202514:30
"Bán  Nhà riêng tạiTân mai, Phường Tân Mai, Quận Hoàng Mai, Hà Nội","7,25 tỷ","Tân mai, Phường Tân Mai, Quận Hoàng Mai, Hà Nội",70 m²,2 PN,2 WC,5,Sổ đỏ / Sổ hồng,23/08/202514:30
"Bán  Nhà riêng tạiTân mai, Phường Tân Mai, Quận Hoàng Mai, Hà Nội","7,25 tỷ","Tân mai, Phường Tân Mai, Quận Hoàng Mai, Hà Nội","42,5 m²",5 PN,,5,Sổ đỏ / Sổ hồng,23/08/202514:28
"Bán  Nhà riêng tạiTân mai, Phường Tân Mai, Quận Hoàng Mai, Hà Nội","7,20 tỷ","Tân mai, Phường Tân Mai, Quận Hoàng Mai, Hà Nội","70,5 m²",2 PN,2 WC,2,Sổ đỏ / Sổ hồng,23/08/202514:30
"Bán  Nhà riêng tạiHoàng Mai, Phường Tương Mai, Quận Hoàng Mai, Hà Nội","6,70 tỷ","Hoàng Mai, Phường Tương Mai, Quận Hoàng Mai, Hà Nội",51 m²,4 PN,4 WC,4,Sổ đỏ / Sổ hồng,23/08/202514:23
"Bán  Nhà riêng tạiMai Động, Phường Mai Động, Quận Hoàng Mai, Hà Nội","7,79 tỷ","Mai Động, Phường Mai Động, Quận Hoàng Mai, Hà Nội",40 m²,5 PN,4 WC,5,Sổ đỏ / Sổ hồng,23/08/202514:24
"Bán  Nhà riêng tạiHoàng Mai, Phường Hoàng Văn Thụ, Quận Hoàng Mai, Hà Nội","6,70 tỷ","Hoàng Mai, Phường Hoàng Văn Thụ, Quận Hoàng Mai, Hà Nội",36 m²,3 PN,3 WC,5,Sổ đỏ / Sổ hồng,23/08/202514:22
"Bán  Nhà riêng tạiTrương Định, Phường Hoàng Văn Thụ, Quận Hoàng Mai, Hà Nội","6,44 tỷ","Trương Định, Phường Hoàng Văn Thụ, Quận Hoàng Mai, Hà Nội",30 m²,3 PN,4 WC,5,Sổ đỏ / Sổ hồng,23/08/202514:27
"Bán  Nhà riêng tạiĐền Lừ, Phường Hoàng Văn Thụ, Quận Hoàng Mai, Hà Nội","7,31 tỷ","Đền Lừ, Phường Hoàng Văn Thụ, Quận Hoàng Mai, Hà Nội","36,2 m²",3 PN,3 WC,3,Sổ đỏ / Sổ hồng,23/08/202514:23
"Bán  Nhà riêng tạiPhường Hoàng Văn Thụ, Quận Hoàng Mai, Hà Nội","8,99 tỷ","Phường Hoàng Văn Thụ, Quận Hoàng Mai, Hà Nội",57 m²,5 PN,,6,Sổ đỏ / Sổ hồng,23/08/202514:27
"Bán  Nhà riêng tạiTrương Định, Phường Tương Mai, Quận Hoàng Mai, Hà Nội","6,83 tỷ","Trương Định, Phường Tương Mai, Quận Hoàng Mai, Hà Nội",34 m²,3 PN,3 WC,5,Sổ đỏ / Sổ hồng,23/08/202514:24
"Bán  Nhà riêng tạiTrương Định, Phường Tương Mai, Quận Hoàng Mai, Hà Nội","6,80 tỷ","Trương Định, Phường Tương Mai, Quận Hoàng Mai, Hà Nội",50 m²,5 PN,5 WC,5,Sổ đỏ / Sổ hồng,23/08/202514:24
"Bán  Nhà riêng tạiHoàng Mai, Phường Tương Mai, Quận Hoàng Mai, Hà Nội","6,38 tỷ","Hoàng Mai, Phường Tương Mai, Quận Hoàng Mai, Hà Nội",39 m²,5 PN,4 WC,5,Sổ đỏ / Sổ hồng,23/08/202514:25
"Bán  Nhà riêng tạiTrương Định, Phường Tương Mai, Quận Hoàng Mai, Hà Nội","7,66 tỷ","Trương Định, Phường Tương Mai, Quận Hoàng Mai, Hà Nội","43,4 m²",4 PN,3 WC,4,Sổ đỏ / Sổ hồng,23/08/202514:25
"Bán  Nhà mặt phố tạiTân mai, Phường Tân Mai, Quận Hoàng Mai, Hà Nội",71 tỷ,"Tân mai, Phường Tân Mai, Quận Hoàng Mai, Hà Nội",240 m²,10 PN,10 WC,10,Sổ đỏ / Sổ hồng,23/08/202514:24
"Bán  Nhà biệt thự, liền kề tạiĐền Lừ, Phường Hoàng Văn Thụ, Quận Hoàng Mai, Hà Nội","25,80 tỷ","Đền Lừ, Phường Hoàng Văn Thụ, Quận Hoàng Mai, Hà Nội",104 m²,6 PN,6 WC,6,Sổ đỏ / Sổ hồng,23/08/202514:27
"Bán  Nhà riêng tạiTrường Định, Phường Tương Mai, Quận Hoàng Mai, Hà Nội","6,35 tỷ","Trường Định, Phường Tương Mai, Quận Hoàng Mai, Hà Nội",40 m²,5 PN,,5,Sổ đỏ / Sổ hồng,23/08/202514:27
"Bán  Nhà riêng tạiHoàng Mai, Phường Hoàng Văn Thụ, Quận Hoàng Mai, Hà Nội","7,80 tỷ","Hoàng Mai, Phường Hoàng Văn Thụ, Quận Hoàng Mai, Hà Nội","39,4 m²",3 PN,4 WC,5,Sổ đỏ / Sổ hồng,23/08/202514:23
"Bán  Nhà riêng tạiGiáp Bát, Phường Giáp Bát, Quận Hoàng Mai, Hà Nội","6,89 tỷ","Giáp Bát, Phường Giáp Bát, Quận Hoàng Mai, Hà Nội",35 m²,3 PN,4 WC,5,Sổ đỏ / Sổ hồng,23/08/202514:25
"Bán  Nhà riêng tạiHoàng Mai, Phường Hoàng Văn Thụ, Quận Hoàng Mai, Hà Nội","7,95 tỷ","Hoàng Mai, Phường Hoàng Văn Thụ, Quận Hoàng Mai, Hà Nội","42,3 m²",3 PN,4 WC,5,Sổ đỏ / Sổ hồng,23/08/202514:19
"Bán  Nhà riêng tạiMinh Khai, Phường Hoàng Văn Thụ, Quận Hoàng Mai, Hà Nội","7,56 tỷ","Minh Khai, Phường Hoàng Văn Thụ, Quận Hoàng Mai, Hà Nội","40,5 m²",4 PN,3 WC,4,Sổ đỏ / Sổ hồng,23/08/202514:18
"Bán  Nhà riêng tạiHoàng Mai, Phường Hoàng Văn Thụ, Quận Hoàng Mai, Hà Nội","8,15 tỷ","Hoàng Mai, Phường Hoàng Văn Thụ, Quận Hoàng Mai, Hà Nội",54 m²,4 PN,3 WC,4,Sổ đỏ / Sổ hồng,23/08/202514:19
"Bán  Nhà biệt thự, liền kề tạiHoàng Mai, Phường Hoàng Văn Thụ, Quận Hoàng Mai, Hà Nội","26,90 tỷ","Hoàng Mai, Phường Hoàng Văn Thụ, Quận Hoàng Mai, Hà Nội","102,2 m²",7 PN,6 WC,6,Sổ đỏ / Sổ hồng,23/08/202514:19
"Bán  Nhà riêng tạiHoàng Mai, Phường Hoàng Văn Thụ, Quận Hoàng Mai, Hà Nội","7,46 tỷ","Hoàng Mai, Phường Hoàng Văn Thụ, Quận Hoàng Mai, Hà Nội","42,5 m²",6 PN,4 WC,5,Sổ đỏ / Sổ hồng,23/08/202514:22
"Bán  Nhà riêng tạiMinh Khai, Phường Hoàng Văn Thụ, Quận Hoàng Mai, Hà Nội","7,69 tỷ","Minh Khai, Phường Hoàng Văn Thụ, Quận Hoàng Mai, Hà Nội","42,5 m²",5 PN,4 WC,5,,23/08/202514:17
"Bán  Nhà riêng tạiHoàng Mai, Phường Hoàng Văn Thụ, Quận Hoàng Mai, Hà Nội","8,88 tỷ","Hoàng Mai, Phường Hoàng Văn Thụ, Quận Hoàng Mai, Hà Nội","48,2 m²",4 PN,3 WC,4,Sổ đỏ / Sổ hồng,23/08/202514:20
"Bán  Nhà riêng tạiĐền Lừ, Phường Hoàng Văn Thụ, Quận Hoàng Mai, Hà Nội","8,48 tỷ","Đền Lừ, Phường Hoàng Văn Thụ, Quận Hoàng Mai, Hà Nội",46 m²,4 PN,3 WC,4,Sổ đỏ / Sổ hồng,23/08/202514:15
"Bán  Nhà riêng tạiHoàng Mai, Phường Hoàng Văn Thụ, Quận Hoàng Mai, Hà Nội","7,85 tỷ","Hoàng Mai, Phường Hoàng Văn Thụ, Quận Hoàng Mai, Hà Nội","37,4 m²",3 PN,4 WC,5,Sổ đỏ / Sổ hồng,23/08/202514:19
"Bán  Nhà riêng tạiTrương Định, Phường Tương Mai, Quận Hoàng Mai, Hà Nội","7,75 tỷ","Trương Định, Phường Tương Mai, Quận Hoàng Mai, Hà Nội","42,5 m²",4 PN,4 WC,5,Sổ đỏ / Sổ hồng,23/08/202514:17
"Bán  Nhà riêng tạiTrương Định, Phường Tương Mai, Quận Hoàng Mai, Hà Nội","6,70 tỷ","Trương Định, Phường Tương Mai, Quận Hoàng Mai, Hà Nội",55 m²,4 PN,4 WC,4,Sổ đỏ / Sổ hồng,23/08/202514:18
"Bán  Nhà riêng tạiMinh Khai, Phường Hoàng Văn Thụ, Quận Hoàng Mai, Hà Nội","6,80 tỷ","Minh Khai, Phường Hoàng Văn Thụ, Quận Hoàng Mai, Hà Nội",34 m²,3 PN,,5,Sổ đỏ / Sổ hồng,23/08/202514:15
"Bán  Nhà riêng tạiTrương Định, Phường Tương Mai, Quận Hoàng Mai, Hà Nội","6,85 tỷ","Trương Định, Phường Tương Mai, Quận Hoàng Mai, Hà Nội",36 m²,3 PN,4 WC,5,Sổ đỏ / Sổ hồng,23/08/202514:19
"Bán  Nhà riêng tạiTrương Định, Phường Tương Mai, Quận Hoàng Mai, Hà Nội","6,78 tỷ","Trương Định, Phường Tương Mai, Quận Hoàng Mai, Hà Nội",35 m²,3 PN,4 WC,5,Sổ đỏ / Sổ hồng,23/08/202514:18
"Bán  Nhà riêng tạiTrương Định, Phường Tương Mai, Quận Hoàng Mai, Hà Nội","6,90 tỷ","Trương Định, Phường Tương Mai, Quận Hoàng Mai, Hà Nội","42,3 m²",6 PN,4 WC,5,Sổ đỏ / Sổ hồng,23/08/202514:20
"Bán  Nhà riêng tạiGiáp Bát, Phường Giáp Bát, Quận Hoàng Mai, Hà Nội","7,80 tỷ","Giáp Bát, Phường Giáp Bát, Quận Hoàng Mai, Hà Nội","46,5 m²",4 PN,3 WC,4,Sổ đỏ / Sổ hồng,23/08/202512:05
"Bán  Nhà riêng tạiGiáp Bát, Phường Giáp Bát, Quận Hoàng Mai, Hà Nội","6,58 tỷ","Giáp Bát, Phường Giáp Bát, Quận Hoàng Mai, Hà Nội",33 m²,3 PN,4 WC,5,Sổ đỏ / Sổ hồng,23/08/202512:04
"Bán  Nhà riêng tạiHoàng Mai, Phường Hoàng Văn Thụ, Quận Hoàng Mai, Hà Nội","8,68 tỷ","Hoàng Mai, Phường Hoàng Văn Thụ, Quận Hoàng Mai, Hà Nội","60,2 m²",4 PN,3 WC,4,Sổ đỏ / Sổ hồng,23/08/202514:08
"Bán  Nhà riêng tạiHoàng Mai, Phường Hoàng Văn Thụ, Quận Hoàng Mai, Hà Nội","7,35 tỷ","Hoàng Mai, Phường Hoàng Văn Thụ, Quận Hoàng Mai, Hà Nội","43,2 m²",6 PN,4 WC,5,,23/08/202512:08
"Bán  Nhà riêng tạiGiáp Bát, Phường Giáp Bát, Quận Hoàng Mai, Hà Nội","7,65 tỷ","Giáp Bát, Phường Giáp Bát, Quận Hoàng Mai, Hà Nội",45 m²,4 PN,3 WC,4,Sổ đỏ / Sổ hồng,23/08/202512:04
"Bán  Nhà riêng tạiTrương Định, Phường Hoàng Văn Thụ, Quận Hoàng Mai, Hà Nội","7,50 tỷ","Trương Định, Phường Hoàng Văn Thụ, Quận Hoàng Mai, Hà Nội",41 m²,6 PN,4 WC,5,Sổ đỏ / Sổ hồng,23/08/202514:12
"Bán  Nhà riêng tạiHoàng Mai, Phường Hoàng Văn Thụ, Quận Hoàng Mai, Hà Nội","6,56 tỷ","Hoàng Mai, Phường Hoàng Văn Thụ, Quận Hoàng Mai, Hà Nội",33 m²,3 PN,4 WC,5,,23/08/202514:10
"Bán  Nhà riêng tạiHoàng Mai, Phường Hoàng Văn Thụ, Quận Hoàng Mai, Hà Nội","6,45 tỷ","Hoàng Mai, Phường Hoàng Văn Thụ, Quận Hoàng Mai, Hà Nội","32,2 m²",3 PN,3 WC,5,,23/08/202512:03
"Bán  Nhà mặt phố tạiLĩnh Nam, Phường Lĩnh Nam, Quận Hoàng Mai, Hà Nội",76 tỷ,"Lĩnh Nam, Phường Lĩnh Nam, Quận Hoàng Mai, Hà Nội",260 m²,10 PN,10 WC,10,Sổ đỏ / Sổ hồng,23/08/202514:12
"Bán  Nhà biệt thự, liền kề tạiTân mai, Phường Tân Mai, Quận Hoàng Mai, Hà Nội","24,90 tỷ","Tân mai, Phường Tân Mai, Quận Hoàng Mai, Hà Nội","105,6 m²",7 PN,6 WC,6,Sổ đỏ / Sổ hồng,23/08/202512:07
"Bán  Nhà riêng tạiHoàng Mai, Phường Hoàng Văn Thụ, Quận Hoàng Mai, Hà Nội","7,35 tỷ","Hoàng Mai, Phường Hoàng Văn Thụ, Quận Hoàng Mai, Hà Nội","43,2 m²",6 PN,4 WC,5,Sổ đỏ / Sổ hồng,23/08/202514:11
"Bán  Nhà biệt thự, liền kề tạiTam Trinh, Phường Hoàng Văn Thụ, Quận Hoàng Mai, Hà Nội","24,50 tỷ","Tam Trinh, Phường Hoàng Văn Thụ, Quận Hoàng Mai, Hà Nội","114,7 m²",6 PN,6 WC,6,Sổ đỏ / Sổ hồng,23/08/202514:10
"Bán  Nhà riêng tạiMinh Khai, Phường Hoàng Văn Thụ, Quận Hoàng Mai, Hà Nội","7,45 tỷ","Minh Khai, Phường Hoàng Văn Thụ, Quận Hoàng Mai, Hà Nội","41,3 m²",6 PN,4 WC,5,Sổ đỏ / Sổ hồng,23/08/202514:09
"Bán  Nhà mặt phố tạiTam Trinh, Phường Mai Động, Quận Hoàng Mai, Hà Nội",26 tỷ,"Tam Trinh, Phường Mai Động, Quận Hoàng Mai, Hà Nội",136 m²,3 PN,3 WC,9,Sổ đỏ / Sổ hồng,23/08/202514:13
"Bán  Nhà riêng tạiTân Mai, Hoàng Mai, Hà Nội, Tân Mai, Hoàng Mai, Hà Nội","7,25 tỷ","Tân Mai, Hoàng Mai, Hà Nội, Tân Mai, Hoàng Mai, Hà Nội","42,5 m²",5 PN,,5,Sổ đỏ / Sổ hồng,23/08/202514:13
"Bán  Nhà riêng tạiTân mai, Phường Tân Mai, Quận Hoàng Mai, Hà Nội","7,65 tỷ","Tân mai, Phường Tân Mai, Quận Hoàng Mai, Hà Nội",47 m²,6 PN,5 WC,6,Sổ đỏ / Sổ hồng,23/08/202512:02
"Bán  Nhà riêng tạiTân mai, Phường Tân Mai, Quận Hoàng Mai, Hà Nội","7,50 tỷ","Tân mai, Phường Tân Mai, Quận Hoàng Mai, Hà Nội",55 m²,6 PN,4 WC,5,Sổ đỏ / Sổ hồng,23/08/202512:02
"Bán  Nhà riêng tạiTân mai, Phường Tân Mai, Quận Hoàng Mai, Hà Nội","7,45 tỷ","Tân mai, Phường Tân Mai, Quận Hoàng Mai, Hà Nội",100 m²,1 PN,1 WC,,Sổ đỏ / Sổ hồng,23/08/202512:03
"Bán  Nhà riêng tạiTrương Định, Phường Giáp Bát, Quận Hoàng Mai, Hà Nội","7,15 tỷ","Trương Định, Phường Giáp Bát, Quận Hoàng Mai, Hà Nội",66 m²,2 PN,1 WC,2,Sổ đỏ / Sổ hồng,23/08/202511:58
"Bán  Nhà riêng tạiHoàng Mai, Phường Hoàng Văn Thụ, Quận Hoàng Mai, Hà Nội","9,69 tỷ","Hoàng Mai, Phường Hoàng Văn Thụ, Quận Hoàng Mai, Hà Nội",53 m²,4 PN,3 WC,4,Sổ đỏ / Sổ hồng,23/08/202500:00
"Bán  Nhà riêng tạiTân mai, Phường Tân Mai, Quận Hoàng Mai, Hà Nội","7,25 tỷ","Tân mai, Phường Tân Mai, Quận Hoàng Mai, Hà Nội",70 m²,3 PN,2 WC,2,Sổ đỏ / Sổ hồng,23/08/202511:58
"Bán  Nhà biệt thự, liền kề tạiLĩnh Nam, Phường Lĩnh Nam, Quận Hoàng Mai, Hà Nội","27,80 tỷ","Lĩnh Nam, Phường Lĩnh Nam, Quận Hoàng Mai, Hà Nội",120 m²,8 PN,7 WC,7,Sổ đỏ / Sổ hồng,23/08/202500:00
"Bán  Nhà mặt phố tạiTam Trinh, Phường Hoàng Văn Thụ, Quận Hoàng Mai, Hà Nội","75,80 tỷ","Tam Trinh, Phường Hoàng Văn Thụ, Quận Hoàng Mai, Hà Nội",250 m²,9 PN,9 WC,9,Sổ đỏ / Sổ hồng,23/08/202500:00
"Bán  Nhà riêng tạiTân mai, Phường Tân Mai, Quận Hoàng Mai, Hà Nội","7,50 tỷ","Tân mai, Phường Tân Mai, Quận Hoàng Mai, Hà Nội",50 m²,4 PN,3 WC,4,Sổ đỏ / Sổ hồng,23/08/202500:00
"Bán  Nhà riêng tạinguyễn văn trỗi, Phường Mộ Lao, Quận Hà Đông, Hà Nội","18,80 tỷ","nguyễn văn trỗi, Phường Mộ Lao, Quận Hà Đông, Hà Nội",80 m²,24 PN,24 WC,8,Sổ đỏ / Sổ hồng,23/08/202507:52
"Bán  Nhà riêng tạiTân mai, Phường Tân Mai, Quận Hoàng Mai, Hà Nội","7,30 tỷ","Tân mai, Phường Tân Mai, Quận Hoàng Mai, Hà Nội",51 m²,6 PN,4 WC,5,Sổ đỏ / Sổ hồng,23/08/202511:59
"Bán  Nhà riêng tạiTrương Định, Phường Giáp Bát, Quận Hoàng Mai, Hà Nội","7,50 tỷ","Trương Định, Phường Giáp Bát, Quận Hoàng Mai, Hà Nội",54 m²,5 PN,4 WC,5,Sổ đỏ / Sổ hồng,23/08/202511:59
"Bán  Nhà riêng tạiTân mai, Phường Tân Mai, Quận Hoàng Mai, Hà Nội","7,50 tỷ","Tân mai, Phường Tân Mai, Quận Hoàng Mai, Hà Nội",45 m²,5 PN,5 WC,7,Sổ đỏ / Sổ hồng,23/08/202512:01
"Bán  Nhà riêng tạiTân mai, Phường Tân Mai, Quận Hoàng Mai, Hà Nội","7,50 tỷ","Tân mai, Phường Tân Mai, Quận Hoàng Mai, Hà Nội",50 m²,4 PN,3 WC,4,Sổ đỏ / Sổ hồng,23/08/202511:57
"Bán  Nhà riêng tạiTrương Định, Phường Giáp Bát, Quận Hoàng Mai, Hà Nội","7,50 tỷ","Trương Định, Phường Giáp Bát, Quận Hoàng Mai, Hà Nội",100 m²,2 PN,1 WC,5,Sổ đỏ / Sổ hồng,23/08/202512:03
"Bán  Nhà riêng tạiGiáp Bát, Phường Giáp Bát, Quận Hoàng Mai, Hà Nội","7,83 tỷ","Giáp Bát, Phường Giáp Bát, Quận Hoàng Mai, Hà Nội",41 m²,4 PN,3 WC,4,Sổ đỏ / Sổ hồng,23/08/202500:00
"Bán  Nhà riêng tạiHoàng Mai, Phường Hoàng Văn Thụ, Quận Hoàng Mai, Hà Nội","6,90 tỷ","Hoàng Mai, Phường Hoàng Văn Thụ, Quận Hoàng Mai, Hà Nội","42,3 m²",6 PN,4 WC,5,Sổ đỏ / Sổ hồng,23/08/202500:00
"Bán  Nhà riêng tạiHoàng Mai, Hà Nội","8,15 tỷ","Hoàng Mai, Hà Nội","54,1 m²",4 PN,3 WC,4,,23/08/202500:00
"Bán  Nhà riêng tạiHoàng Mai, Phường Hoàng Văn Thụ, Quận Hoàng Mai, Hà Nội","7,50 tỷ","Hoàng Mai, Phường Hoàng Văn Thụ, Quận Hoàng Mai, Hà Nội",42 m²,6 PN,4 WC,5,Sổ đỏ / Sổ hồng,23/08/202500:00
"Bán  Nhà riêng tạiGiáp Bát, Phường Giáp Bát, Quận Hoàng Mai, Hà Nội","7,77 tỷ","Giáp Bát, Phường Giáp Bát, Quận Hoàng Mai, Hà Nội",45 m²,5 PN,4 WC,5,Sổ đỏ / Sổ hồng,23/08/202500:00
"Bán  Nhà biệt thự, liền kề tạiTrương Định, Phường Hoàng Liệt, Quận Hoàng Mai, Hà Nội","17,50 tỷ","Trương Định, Phường Hoàng Liệt, Quận Hoàng Mai, Hà Nội",70 m²,5 PN,5 WC,5,Sổ đỏ / Sổ hồng,23/08/202500:00
"Bán  Nhà riêng tạiĐền Lừ, Phường Hoàng Văn Thụ, Quận Hoàng Mai, Hà Nội","7,20 tỷ","Đền Lừ, Phường Hoàng Văn Thụ, Quận Hoàng Mai, Hà Nội","35,5 m²",3 PN,3 WC,3,Sổ đỏ / Sổ hồng,23/08/202500:00
"Bán  Nhà riêng tạiMinh Khai, Phường Hoàng Văn Thụ, Quận Hoàng Mai, Hà Nội","7,68 tỷ","Minh Khai, Phường Hoàng Văn Thụ, Quận Hoàng Mai, Hà Nội","42,8 m²",6 PN,4 WC,5,Sổ đỏ / Sổ hồng,23/08/202500:00
"Bán  Nhà mặt phố tạiTrương Định, Phường Tân Mai, Quận Hoàng Mai, Hà Nội",23 tỷ,"Trương Định, Phường Tân Mai, Quận Hoàng Mai, Hà Nội",91 m²,8 PN,8 WC,7,Sổ đỏ / Sổ hồng,23/08/202500:00
"Bán  Nhà biệt thự, liền kề tạiTrương Định, Phường Hoàng Liệt, Quận Hoàng Mai, Hà Nội",18 tỷ,"Trương Định, Phường Hoàng Liệt, Quận Hoàng Mai, Hà Nội",70 m²,5 PN,5 WC,5,Sổ đỏ / Sổ hồng,23/08/202500:00
"Bán  Nhà riêng tạiTân Mai, Phường Tân Mai, Quận Hoàng Mai, Hà Nội","6,55 tỷ","Tân Mai, Phường Tân Mai, Quận Hoàng Mai, Hà Nội",40 m²,5 PN,4 WC,5,Sổ đỏ / Sổ hồng,23/08/202500:00
"Bán  Nhà riêng tạiTrương Định, Phường Giáp Bát, Quận Hoàng Mai, Hà Nội","7,50 tỷ","Trương Định, Phường Giáp Bát, Quận Hoàng Mai, Hà Nội",38 m²,5 PN,5 WC,6,Sổ đỏ / Sổ hồng,23/08/202500:00
"Bán  Nhà riêng tạiTrương Định, Phường Tương Mai, Quận Hoàng Mai, Hà Nội","6,90 tỷ","Trương Định, Phường Tương Mai, Quận Hoàng Mai, Hà Nội","42,3 m²",6 PN,4 WC,5,Sổ đỏ / Sổ hồng,23/08/202500:00
"Bán  Nhà riêng tạiTrương Định, Hoàng Mai, Hà Nội","7,75 tỷ","Trương Định, Hoàng Mai, Hà Nội","42,5 m²",,,5,,23/08/202500:00
"Bán  Nhà biệt thự, liền kề tạiTrương Định, Phường Hoàng Liệt, Quận Hoàng Mai, Hà Nội",17 tỷ,"Trương Định, Phường Hoàng Liệt, Quận Hoàng Mai, Hà Nội",70 m²,5 PN,5 WC,5,Sổ đỏ / Sổ hồng,23/08/202500:00
"Bán  Nhà mặt phố tạitrần đăng ninh, Phường Phú La, Quận Hà Đông, Hà Nội","13,70 tỷ","trần đăng ninh, Phường Phú La, Quận Hà Đông, Hà Nội",45 m²,4 PN,4 WC,4,Sổ đỏ / Sổ hồng,22/08/202520:51
"Bán  Nhà riêng tạiPhường Bồ Đề, Quận Long Biên, Hà Nội",10 tỷ,"Phường Bồ Đề, Quận Long Biên, Hà Nội",35 m²,,,6,Sổ đỏ / Sổ hồng,22/08/202509:59
"Bán  Nhà mặt phố tạivăn phú, Phường Phú La, Quận Hà Đông, Hà Nội","27,90 tỷ","văn phú, Phường Phú La, Quận Hà Đông, Hà Nội",57 m²,5 PN,7 WC,7,Sổ đỏ / Sổ hồng,22/08/202520:51
"Bán  Nhà biệt thự, liền kề tạiNGUYỄN KHUYẾN, Phường Văn Quán, Quận Hà Đông, Hà Nội",25 tỷ,"NGUYỄN KHUYẾN, Phường Văn Quán, Quận Hà Đông, Hà Nội",77 m²,5 PN,5 WC,5,Sổ đỏ / Sổ hồng,22/08/202520:52
"Bán  Nhà riêng tạivăn phú, Phường Phú La, Quận Hà Đông, Hà Nội",21 tỷ,"văn phú, Phường Phú La, Quận Hà Đông, Hà Nội",90 m²,4 PN,4 WC,4,Sổ đỏ / Sổ hồng,22/08/202520:51
"Bán  Nhà riêng tạiĐịnh công thượng, Phường Định Công, Quận Hoàng Mai, Hà Nội","12,50 tỷ","Định công thượng, Phường Định Công, Quận Hoàng Mai, Hà Nội",64 m²,6 PN,4 WC,5,Sổ đỏ / Sổ hồng,22/08/202522:33
"Bán  Nhà riêng tạiVõng Thị, Phường Bưởi, Quận Tây Hồ, Hà Nội","20,90 tỷ","Võng Thị, Phường Bưởi, Quận Tây Hồ, Hà Nội",90 m²,4 PN,,3,Sổ đỏ / Sổ hồng,22/08/202510:08
"Bán  Nhà riêng tạiĐịnh công thượng, Phường Định Công, Quận Hoàng Mai, Hà Nội","4,45 tỷ","Định công thượng, Phường Định Công, Quận Hoàng Mai, Hà Nội",23 m²,2 PN,3 WC,4,Sổ đỏ / Sổ hồng,22/08/202522:37
"Bán  Nhà riêng tạimậu lương, Phường Kiến Hưng, Quận Hà Đông, Hà Nội",24 tỷ,"mậu lương, Phường Kiến Hưng, Quận Hà Đông, Hà Nội",85 m²,5 PN,6 WC,7,Sổ đỏ / Sổ hồng,22/08/202521:49
"Bán  Nhà riêng tạiVõng Thị, Phường Bưởi, Quận Tây Hồ, Hà Nội",31 tỷ,"Võng Thị, Phường Bưởi, Quận Tây Hồ, Hà Nội",100 m²,3 PN,,4,Sổ đỏ / Sổ hồng,20/08/202507:30
"Bán  Nhà riêng tạilê trọng tấn, Phường Dương Nội, Quận Hà Đông, Hà Nội",14 tỷ,"lê trọng tấn, Phường Dương Nội, Quận Hà Đông, Hà Nội",50 m²,4 PN,4 WC,4,Sổ đỏ / Sổ hồng,21/08/202505:13
"Bán  Nhà riêng tạiTrích Sài, Phường Bưởi, Quận Tây Hồ, Hà Nội","34,50 tỷ","Trích Sài, Phường Bưởi, Quận Tây Hồ, Hà Nội",100 m²,3 PN,,4,Sổ đỏ / Sổ hồng,20/08/202510:28
"Bán  Nhà riêng tạiTrích Sài, Phường Bưởi, Quận Tây Hồ, Hà Nội","30,99 tỷ","Trích Sài, Phường Bưởi, Quận Tây Hồ, Hà Nội",99 m²,,,4,Sổ đỏ / Sổ hồng,21/08/202511:40
"Bán  Nhà riêng tạiVõng Thị, Phường Bưởi, Quận Tây Hồ, Hà Nội","20,90 tỷ","Võng Thị, Phường Bưởi, Quận Tây Hồ, Hà Nội",90 m²,,,3,Sổ đỏ / Sổ hồng,21/08/202505:55
"Bán  Nhà biệt thự, liền kề tạitống tất thắng, Phường Phú La, Quận Hà Đông, Hà Nội",22 tỷ,"tống tất thắng, Phường Phú La, Quận Hà Đông, Hà Nội",73 m²,4 PN,4 WC,5,Sổ đỏ / Sổ hồng,20/08/202506:52
"Bán Nhà mặt phố theo dự ánKhu đô thị mới Văn Phú tại Khu đô thị mới Văn Phú, hà cầu, Phường Phú La, Quận Hà Đông, Hà Nội","21,80 tỷ","Khu đô thị mới Văn Phú, hà cầu, Phường Phú La, Quận Hà Đông, Hà Nội",90 m²,5 PN,5 WC,5,Sổ đỏ / Sổ hồng,19/08/202500:00
"Bán  Nhà mặt phố tạinguyễn văn trác, Phường Yên Nghĩa, Quận Hà Đông, Hà Nội",17 tỷ,"nguyễn văn trác, Phường Yên Nghĩa, Quận Hà Đông, Hà Nội",100 m²,5 PN,5 WC,5,Sổ đỏ / Sổ hồng,19/08/202500:00
"Bán  Nhà riêng tạicổng đồng, Phường La Khê, Quận Hà Đông, Hà Nội","15,10 tỷ","cổng đồng, Phường La Khê, Quận Hà Đông, Hà Nội",50 m²,5 PN,6 WC,7,Sổ đỏ / Sổ hồng,19/08/202508:30
"Bán  Nhà riêng tạiTrích Sài, Phường Bưởi, Quận Tây Hồ, Hà Nội","34,45 tỷ","Trích Sài, Phường Bưởi, Quận Tây Hồ, Hà Nội",99 m²,,,4,Sổ đỏ / Sổ hồng,19/08/202510:58
"Bán  Nhà mặt phố tạingô thì nhậm, Phường Hà Cầu, Quận Hà Đông, Hà Nội","19,90 tỷ","ngô thì nhậm, Phường Hà Cầu, Quận Hà Đông, Hà Nội",45 m²,5 PN,5 WC,6,Sổ đỏ / Sổ hồng,19/08/202515:43
"Bán  Nhà riêng tạiPhúc Lợi, Long Biê, Hà nội, Phường Phúc Lợi, Quận Long Biên, Hà Nội","5,80 tỷ","Phúc Lợi, Long Biê, Hà nội, Phường Phúc Lợi, Quận Long Biên, Hà Nội","52,2 m²",3 PN,4 WC,6,Sổ đỏ / Sổ hồng,19/08/202515:04
"Bán  Nhà riêng tạinông quốc chấn, Phường La Khê, Quận Hà Đông, Hà Nội","14,30 tỷ","nông quốc chấn, Phường La Khê, Quận Hà Đông, Hà Nội",48 m²,5 PN,4 WC,5,Sổ đỏ / Sổ hồng,17/08/202509:22
"Bán  Nhà riêng tạiHồng Tiến , Phường Gia Thụy, Quận Long Biên, Hà Nội",12 tỷ,"Hồng Tiến , Phường Gia Thụy, Quận Long Biên, Hà Nội",46 m²,,,6,Sổ đỏ / Sổ hồng,18/08/202509:17
"Bán  Nhà riêng tạiVõng Thị, Phường Bưởi, Quận Tây Hồ, Hà Nội","34,50 tỷ","Võng Thị, Phường Bưởi, Quận Tây Hồ, Hà Nội",100 m²,3 PN,,4,Sổ đỏ / Sổ hồng,18/08/202511:28
"Bán  Nhà riêng tạiPhường Xuân La, Quận Tây Hồ, Hà Nội","25,50 tỷ","Phường Xuân La, Quận Tây Hồ, Hà Nội",60 m²,11 PN,,5,Sổ đỏ / Sổ hồng,17/08/202511:28
"Bán  Nhà mặt phố tạiPhường Tương Mai, Quận Hoàng Mai, Hà Nội","21,50 tỷ","Phường Tương Mai, Quận Hoàng Mai, Hà Nội",60 m²,,,4,Sổ đỏ / Sổ hồng,17/08/202511:27
"Bán  Nhà riêng tạiphố văn quán, Phường Văn Quán, Quận Hà Đông, Hà Nội","18,20 tỷ","phố văn quán, Phường Văn Quán, Quận Hà Đông, Hà Nội",70 m²,4 PN,4 WC,,Sổ đỏ / Sổ hồng,18/08/202504:36
"Bán  Nhà biệt thự, liền kề tạinghĩa lộ, Phường Yên Nghĩa, Quận Hà Đông, Hà Nội","16,90 tỷ","nghĩa lộ, Phường Yên Nghĩa, Quận Hà Đông, Hà Nội",75 m²,5 PN,5 WC,5,Sổ đỏ / Sổ hồng,18/08/202503:20
"Bán  Nhà riêng tạinông quốc chấn, Phường Vạn Phúc, Quận Hà Đông, Hà Nội","17,80 tỷ","nông quốc chấn, Phường Vạn Phúc, Quận Hà Đông, Hà Nội",50 m²,5 PN,4 WC,,Sổ đỏ / Sổ hồng,17/08/202509:43
"Bán  Nhà riêng tạiVũ Trọng Khánh, Phường Mộ Lao, Quận Hà Đông, Hà Nội","17,80 tỷ","Vũ Trọng Khánh, Phường Mộ Lao, Quận Hà Đông, Hà Nội",60 m²,5 PN,5 WC,5,Sổ đỏ / Sổ hồng,16/08/202509:07
"Bán  Nhà riêng tạihà trì, Phường Hà Cầu, Quận Hà Đông, Hà Nội","8,10 tỷ","hà trì, Phường Hà Cầu, Quận Hà Đông, Hà Nội",52 m²,4 PN,4 WC,,Sổ đỏ / Sổ hồng,16/08/202509:07
"Bán  Nhà riêng tạiVõng Thị, Phường Bưởi, Quận Tây Hồ, Hà Nội","30,90 tỷ","Võng Thị, Phường Bưởi, Quận Tây Hồ, Hà Nội",95 m²,3 PN,,3,Sổ đỏ / Sổ hồng,16/08/202515:03
"Bán  Nhà riêng tạitrần phú, Phường Văn Quán, Quận Hà Đông, Hà Nội","15,40 tỷ","trần phú, Phường Văn Quán, Quận Hà Đông, Hà Nội",58 m²,5 PN,5 WC,5,Sổ đỏ / Sổ hồng,16/08/202509:06
"Bán Nhà biệt thự, liền kề theo dự ánLa Casta Văn Phú tại La Casta Văn Phú, lacasta văn phú, Phường Phú La, Quận Hà Đông, Hà Nội","22,70 tỷ","La Casta Văn Phú, lacasta văn phú, Phường Phú La, Quận Hà Đông, Hà Nội",73 m²,5 PN,5 WC,5,Sổ đỏ / Sổ hồng,16/08/202509:07
"Bán  Nhà riêng tạiXuân La, Phường Xuân La, Quận Tây Hồ, Hà Nội","17,10 tỷ","Xuân La, Phường Xuân La, Quận Tây Hồ, Hà Nội",110 m²,4 PN,,4,Sổ đỏ / Sổ hồng,16/08/202516:12
"Bán Nhà biệt thự, liền kề theo dự ánThe Terra An Hưng tại The Terra An Hưng, an hưng, Phường Dương Nội, Quận Hà Đông, Hà Nội","25,90 tỷ","The Terra An Hưng, an hưng, Phường Dương Nội, Quận Hà Đông, Hà Nội",83 m²,4 PN,5 WC,,Sổ đỏ / Sổ hồng,16/08/202509:09
"Bán  Nhà riêng tạiPhố Nguyễn Khuyến, Phường Văn Quán, Quận Hà Đông, Hà Nội",55 tỷ,"Phố Nguyễn Khuyến, Phường Văn Quán, Quận Hà Đông, Hà Nội",231 m²,4 PN,,4,,16/08/202509:08
"Bán  Nhà mặt phố tạiQUANG TRUNG, Phường La Khê, Quận Hà Đông, Hà Nội","15,60 tỷ","QUANG TRUNG, Phường La Khê, Quận Hà Đông, Hà Nội",54 m²,6 PN,5 WC,,Sổ đỏ / Sổ hồng,16/08/202509:09
"Bán  Nhà riêng tạiVõng Thị , Phường Bưởi, Quận Tây Hồ, Hà Nội","20,90 tỷ","Võng Thị , Phường Bưởi, Quận Tây Hồ, Hà Nội",85 m²,4 PN,,3,Sổ đỏ / Sổ hồng,15/08/202507:26
"Bán  Nhà riêng tạivạn phúc, Phường Vạn Phúc, Quận Hà Đông, Hà Nội",15 tỷ,"vạn phúc, Phường Vạn Phúc, Quận Hà Đông, Hà Nội",44 m²,4 PN,4 WC,,Sổ đỏ / Sổ hồng,16/08/202509:08
"Bán  Nhà riêng tạiLạc Long Quân, Phường Xuân La, Quận Tây Hồ, Hà Nội","13,20 tỷ","Lạc Long Quân, Phường Xuân La, Quận Tây Hồ, Hà Nội",86 m²,3 PN,2 WC,3,Sổ đỏ / Sổ hồng,15/08/202507:28
"Bán  Nhà riêng tạimậu lương, Phường Kiến Hưng, Quận Hà Đông, Hà Nội",12 tỷ,"mậu lương, Phường Kiến Hưng, Quận Hà Đông, Hà Nội",50 m²,4 PN,4 WC,5,Sổ đỏ / Sổ hồng,12/08/202511:25
"Bán  Nhà riêng tạiLê Quang Đạo, Phường Phú Đô, Quận Nam Từ Liêm, Hà Nội","2,50 tỷ","Lê Quang Đạo, Phường Phú Đô, Quận Nam Từ Liêm, Hà Nội",50 m²,3 PN,2 WC,,Đang chờ sổ,13/08/202514:00
"Bán  Nhà riêng tạiPhố Tân Mai, Phường Tân Mai, Quận Hoàng Mai, Hà Nội","2,86 tỷ","Phố Tân Mai, Phường Tân Mai, Quận Hoàng Mai, Hà Nội",60 m²,2 PN,1 WC,1,Sổ đỏ / Sổ hồng,14/08/202514:00
"Bán  Nhà riêng tạiĐường Phú Đô, Phường Phú Đô, Quận Nam Từ Liêm, Hà Nội",11 tỷ,"Đường Phú Đô, Phường Phú Đô, Quận Nam Từ Liêm, Hà Nội",55 m²,13 PN,14 WC,7,Sổ đỏ / Sổ hồng,13/08/202512:18
"Bán  Nhà riêng tạiPhố Tân Mai, Phường Tân Mai, Quận Hoàng Mai, Hà Nội","4,95 tỷ","Phố Tân Mai, Phường Tân Mai, Quận Hoàng Mai, Hà Nội",85 m²,2 PN,1 WC,1,Sổ đỏ / Sổ hồng,14/08/202514:00
"Bán  Nhà riêng tạiPhố Phú Đô, Phường Phú Đô, Quận Nam Từ Liêm, Hà Nội","15,90 tỷ","Phố Phú Đô, Phường Phú Đô, Quận Nam Từ Liêm, Hà Nội",46 m²,5 PN,4 WC,4,Sổ đỏ / Sổ hồng,13/08/202514:00
"Bán  Nhà riêng tạiHồng Tiến , Phường Bồ Đề, Quận Long Biên, Hà Nội","7,98 tỷ","Hồng Tiến , Phường Bồ Đề, Quận Long Biên, Hà Nội",50 m²,,,,Sổ đỏ / Sổ hồng,13/08/202513:05
"Bán  Nhà riêng tạiĐường Lĩnh Nam, Phường Vĩnh Hưng, Quận Hoàng Mai, Hà Nội","6,20 tỷ","Đường Lĩnh Nam, Phường Vĩnh Hưng, Quận Hoàng Mai, Hà Nội",38 m²,20 PN,21 WC,6,Sổ đỏ / Sổ hồng,12/08/202515:33
"Bán  Nhà riêng tạiLạc Long Quân, Phường Xuân La, Quận Tây Hồ, Hà Nội","19,45 tỷ","Lạc Long Quân, Phường Xuân La, Quận Tây Hồ, Hà Nội",80 m²,4 PN,,4,Sổ đỏ / Sổ hồng,12/08/202514:08
"Bán  Nhà riêng tạiLạc Long Quân, Phường Bưởi, Quận Tây Hồ, Hà Nội","20,90 tỷ","Lạc Long Quân, Phường Bưởi, Quận Tây Hồ, Hà Nội",90 m²,3 PN,,4,Sổ đỏ / Sổ hồng,12/08/202514:11
"Bán  Nhà riêng tạiPhố Định Công, Phường Định Công, Quận Hoàng Mai, Hà Nội","2,50 tỷ","Phố Định Công, Phường Định Công, Quận Hoàng Mai, Hà Nội",35 m²,2 PN,2 WC,2,Đang chờ sổ,11/08/202511:52
"Bán  Nhà riêng tạiPhố Nam Dư, Phường Vĩnh Hưng, Quận Hoàng Mai, Hà Nội","2,80 tỷ","Phố Nam Dư, Phường Vĩnh Hưng, Quận Hoàng Mai, Hà Nội",25 m²,2 PN,3 WC,3,Đang chờ sổ,11/08/202506:47
"Bán  Nhà riêng tạiĐền Lừ, Phường Hoàng Văn Thụ, Quận Hoàng Mai, Hà Nội","6,50 tỷ","Đền Lừ, Phường Hoàng Văn Thụ, Quận Hoàng Mai, Hà Nội",35 m²,3 PN,4 WC,5,Sổ đỏ / Sổ hồng,10/08/202506:27
"Bán  Nhà riêng tạiTrần Phú, Phường Văn Quán, Quận Hà Đông, Hà Nội",9 tỷ,"Trần Phú, Phường Văn Quán, Quận Hà Đông, Hà Nội",35 m²,3 PN,3 WC,4,Sổ đỏ / Sổ hồng,11/08/202517:03
"Bán  Nhà riêng tạiNgọc Trì, Phường Thạch Bàn, Quận Long Biên, Hà Nội","6,30 tỷ","Ngọc Trì, Phường Thạch Bàn, Quận Long Biên, Hà Nội","30,5 m²",4 PN,4 WC,5,Sổ đỏ / Sổ hồng,05/08/202511:33
"Bán  Nhà riêng tạiPhường Gia Thụy, Quận Long Biên, Hà Nội",16 tỷ,"Phường Gia Thụy, Quận Long Biên, Hà Nội",48 m²,,,5,Sổ đỏ / Sổ hồng,08/08/202508:42
"Bán  Nhà riêng tạiGiathuy, Phường Gia Thụy, Quận Long Biên, Hà Nội",12 tỷ,"Giathuy, Phường Gia Thụy, Quận Long Biên, Hà Nội",46 m²,,,6,Sổ đỏ / Sổ hồng,07/08/202508:45
"Bán  Nhà riêng tạiPhường Bồ Đề, Quận Long Biên, Hà Nội",12 tỷ,"Phường Bồ Đề, Quận Long Biên, Hà Nội",50 m²,3 PN,,6,Sổ đỏ / Sổ hồng,04/08/202509:50
"Bán  Nhà riêng tạiDo Nha, Phường Tây Mỗ, Quận Nam Từ Liêm, Hà Nội","5,56 tỷ","Do Nha, Phường Tây Mỗ, Quận Nam Từ Liêm, Hà Nội","50,2 m²",4 PN,3 WC,4,Sổ đỏ / Sổ hồng,05/08/202509:12
"Bán Nhà biệt thự, liền kề theo dự ánTây Nam Hồ Linh Đàm tại Tây Nam Hồ Linh Đàm, Nguyễn Hữu Thọ, Phường Hoàng Liệt, Quận Hoàng Mai, Hà Nội","83,80 tỷ","Tây Nam Hồ Linh Đàm, Nguyễn Hữu Thọ, Phường Hoàng Liệt, Quận Hoàng Mai, Hà Nội",300 m²,4 PN,4 WC,,Sổ đỏ / Sổ hồng,01/08/202516:17
"Bán  Nhà riêng tạiDo Nha, Phường Xuân Phương, Quận Nam Từ Liêm, Hà Nội","5,25 tỷ","Do Nha, Phường Xuân Phương, Quận Nam Từ Liêm, Hà Nội",33 m²,4 PN,3 WC,1,Sổ đỏ / Sổ hồng,31/07/202509:36
"Bán Nhà biệt thự, liền kề theo dự ánLàng Việt Kiều Châu Âu Euroland tại Làng Việt Kiều Châu Âu Euroland, nguyễn văn lộc, Phường Mộ Lao, Quận Hà Đông, Hà Nội","72,80 tỷ","Làng Việt Kiều Châu Âu Euroland, nguyễn văn lộc, Phường Mộ Lao, Quận Hà Đông, Hà Nội",250 m²,4 PN,4 WC,,Sổ đỏ / Sổ hồng,02/08/202515:58
"Bán  Nhà riêng tạiPhường Tương Mai, Quận Hoàng Mai, Hà Nội","7,90 tỷ","Phường Tương Mai, Quận Hoàng Mai, Hà Nội",38 m²,,,6,Sổ đỏ / Sổ hồng,01/08/202513:23
"Bán  Nhà riêng tạiKim Giang, Phường Đại Kim, Quận Hoàng Mai, Hà Nội","7,30 tỷ","Kim Giang, Phường Đại Kim, Quận Hoàng Mai, Hà Nội",38 m²,,,4,Sổ đỏ / Sổ hồng,31/07/202500:12
"Bán  Nhà riêng tạiKim Giang, Phường Đại Kim, Quận Hoàng Mai, Hà Nội",13 tỷ,"Kim Giang, Phường Đại Kim, Quận Hoàng Mai, Hà Nội",110 m²,,,4,Sổ đỏ / Sổ hồng,31/07/202500:16
"Bán  Nhà riêng tạiKim Giang, Phường Đại Kim, Quận Hoàng Mai, Hà Nội",8 tỷ,"Kim Giang, Phường Đại Kim, Quận Hoàng Mai, Hà Nội",57 m²,,,4,Sổ đỏ / Sổ hồng,31/07/202500:26
"Bán  Nhà biệt thự, liền kề tạiNguyễn Cảnh Dị, Phường Định Công, Quận Hoàng Mai, Hà Nội","16,99 tỷ","Nguyễn Cảnh Dị, Phường Định Công, Quận Hoàng Mai, Hà Nội",54 m²,4 PN,4 WC,4,Sổ đỏ / Sổ hồng,31/07/202500:17
"Bán  Nhà riêng tạiNgõ 168 Kim Giang, Phường Đại Kim, Quận Hoàng Mai, Hà Nội","8,50 tỷ","Ngõ 168 Kim Giang, Phường Đại Kim, Quận Hoàng Mai, Hà Nội",40 m²,6 PN,4 WC,5,Sổ đỏ / Sổ hồng,31/07/202500:17
"Bán  Nhà riêng tạilạc long quân, Phường Xuân La, Quận Tây Hồ, Hà Nội","11,90 tỷ","lạc long quân, Phường Xuân La, Quận Tây Hồ, Hà Nội",65 m²,4 PN,,5,Sổ đỏ / Sổ hồng,29/07/202516:43
"Bán  Nhà riêng tạiPhường Thịnh Liệt, Quận Hoàng Mai, Hà Nội","11,50 tỷ","Phường Thịnh Liệt, Quận Hoàng Mai, Hà Nội",41 m²,5 PN,4 WC,5,Sổ đỏ / Sổ hồng,30/07/202515:32
"Bán  Nhà riêng tạiđịnh công thượng, Phường Định Công, Quận Hoàng Mai, Hà Nội","6,79 tỷ","định công thượng, Phường Định Công, Quận Hoàng Mai, Hà Nội",38 m²,,,4,Sổ đỏ / Sổ hồng,30/07/202523:55
"Bán  Nhà riêng tạiKim Giang, Phường Đại Kim, Quận Hoàng Mai, Hà Nội","5,90 tỷ","Kim Giang, Phường Đại Kim, Quận Hoàng Mai, Hà Nội",40 m²,,,6,Sổ đỏ / Sổ hồng,31/07/202500:00
"Bán  Nhà riêng tạiDo Nha, Phường Xuân Phương, Quận Nam Từ Liêm, Hà Nội",6 tỷ,"Do Nha, Phường Xuân Phương, Quận Nam Từ Liêm, Hà Nội",38 m²,4 PN,3 WC,5,Sổ đỏ / Sổ hồng,28/07/202510:33
"Bán  Nhà riêng tạiPhường Phương Canh, Quận Nam Từ Liêm, Hà Nội","7,40 tỷ","Phường Phương Canh, Quận Nam Từ Liêm, Hà Nội",51 m²,1 PN,1 WC,,Sổ đỏ / Sổ hồng,28/07/202510:33
"Bán  Nhà riêng tạiPhường Đại Kim, Quận Hoàng Mai, Hà Nội","25,50 tỷ","Phường Đại Kim, Quận Hoàng Mai, Hà Nội",72 m²,,,5,Sổ đỏ / Sổ hồng,26/07/202519:38
"Bán  Nhà riêng tạiPhường Định Công, Quận Hoàng Mai, Hà Nội","8,40 tỷ","Phường Định Công, Quận Hoàng Mai, Hà Nội",31 m²,,,6,Sổ đỏ / Sổ hồng,26/07/202510:30
"Bán  Nhà biệt thự, liền kề tạiPhường Kiến Hưng, Quận Hà Đông, Hà Nội",Thỏa thuận,"Phường Kiến Hưng, Quận Hà Đông, Hà Nội",100 m²,,,,Hợp đồng mua bán,28/07/202509:00
"Bán  Nhà biệt thự, liền kề tạiPhường Kiến Hưng, Quận Hà Đông, Hà Nội","10,50 tỷ","Phường Kiến Hưng, Quận Hà Đông, Hà Nội",100 m²,,,,Hợp đồng mua bán,28/07/202509:00
"Bán  Nhà riêng tạiLĩnh Nam, Phường Lĩnh Nam, Quận Hoàng Mai, Hà Nội","10,80 tỷ","Lĩnh Nam, Phường Lĩnh Nam, Quận Hoàng Mai, Hà Nội",48 m²,6 PN,,4,Sổ đỏ / Sổ hồng,25/07/202508:24
"Bán  Nhà riêng tạiĐại Từ, Phường Đại Kim, Quận Hoàng Mai, Hà Nội","8,60 tỷ","Đại Từ, Phường Đại Kim, Quận Hoàng Mai, Hà Nội",40 m²,4 PN,,5,Sổ đỏ / Sổ hồng,25/07/202512:29
"Bán  Nhà riêng tạiPhường Xuân Phương, Quận Nam Từ Liêm, Hà Nội","5,40 tỷ","Phường Xuân Phương, Quận Nam Từ Liêm, Hà Nội",30 m²,,,,Sổ đỏ / Sổ hồng,18/07/202522:41
"Bán Nhà biệt thự, liền kề theo dự ánThành phố Giao Lưu tại Thành phố Giao Lưu, Phạm Văn Đồng, Phường Cổ Nhuế 1, Quận Bắc Từ Liêm, Hà Nội","74,80 tỷ","Thành phố Giao Lưu, Phạm Văn Đồng, Phường Cổ Nhuế 1, Quận Bắc Từ Liêm, Hà Nội",250 m²,4 PN,4 WC,,Sổ đỏ / Sổ hồng,20/07/202515:33
"Bán  Nhà riêng tạitu hoàng, Phường Xuân Phương, Quận Nam Từ Liêm, Hà Nội","6,60 tỷ","tu hoàng, Phường Xuân Phương, Quận Nam Từ Liêm, Hà Nội",37 m²,,,4,Sổ đỏ / Sổ hồng,19/07/202515:56
"Bán Nhà biệt thự, liền kề theo dự ánTây Nam Hồ Linh Đàm tại Tây Nam Hồ Linh Đàm, Nguyễn Hữu Thọ, Phường Hoàng Liệt, Quận Hoàng Mai, Hà Nội","51,90 tỷ","Tây Nam Hồ Linh Đàm, Nguyễn Hữu Thọ, Phường Hoàng Liệt, Quận Hoàng Mai, Hà Nội",180 m²,4 PN,4 WC,,Sổ đỏ / Sổ hồng,19/07/202521:23
"Bán  Nhà riêng tạiPhường Định Công, Quận Hoàng Mai, Hà Nội","4,45 tỷ","Phường Định Công, Quận Hoàng Mai, Hà Nội",25 m²,3 PN,3 WC,4,Sổ đỏ / Sổ hồng,16/07/202508:48
"Bán  Nhà riêng tạiQuang trung, Phường Quang Trung, Quận Hà Đông, Hà Nội",12 tỷ,"Quang trung, Phường Quang Trung, Quận Hà Đông, Hà Nội",56 m²,5 PN,5 WC,5,Đang chờ sổ,17/07/202514:55
"Bán  Nhà riêng tạithịnh , Phường Thịnh Liệt, Quận Hoàng Mai, Hà Nội","4,20 tỷ","thịnh , Phường Thịnh Liệt, Quận Hoàng Mai, Hà Nội",38 m²,4 PN,3 WC,,Sổ đỏ / Sổ hồng,17/07/202508:47
"Bán  Nhà riêng tạiPhường Hoàng Liệt, Quận Hoàng Mai, Hà Nội",5 tỷ,"Phường Hoàng Liệt, Quận Hoàng Mai, Hà Nội",24 m²,3 PN,3 WC,4,Sổ đỏ / Sổ hồng,16/07/202509:19
"Bán  Nhà biệt thự, liền kề tại18M, Phường Mộ Lao, Quận Hà Đông, Hà Nội",18 tỷ,"18M, Phường Mộ Lao, Quận Hà Đông, Hà Nội",60 m²,4 PN,4 WC,5,Sổ đỏ / Sổ hồng,16/07/202521:41
"Bán  Nhà riêng tạitân mai, Phường Tân Mai, Quận Hoàng Mai, Hà Nội","6,65 tỷ","tân mai, Phường Tân Mai, Quận Hoàng Mai, Hà Nội",30 m²,3 PN,,5,Sổ đỏ / Sổ hồng,14/07/202515:15
"Bán  Nhà riêng tạiKim Giang, Phường Đại Kim, Quận Hoàng Mai, Hà Nội","8,90 tỷ","Kim Giang, Phường Đại Kim, Quận Hoàng Mai, Hà Nội",45 m²,,,6,Sổ đỏ / Sổ hồng,12/07/202514:01
"Bán  Nhà riêng tạiHoàng mai, Phường Mai Động, Quận Hoàng Mai, Hà Nội","6,68 tỷ","Hoàng mai, Phường Mai Động, Quận Hoàng Mai, Hà Nội",30 m²,3 PN,3 WC,5,Sổ đỏ / Sổ hồng,15/07/202508:41
"Bán  Nhà riêng tạiDo Nha, Phường Xuân Phương, Quận Nam Từ Liêm, Hà Nội",Thỏa thuận,"Do Nha, Phường Xuân Phương, Quận Nam Từ Liêm, Hà Nội",30 m²,5 PN,3 WC,5,Sổ đỏ / Sổ hồng,15/07/202510:08
"Bán  Nhà riêng tạiPhường Việt Hưng, Quận Long Biên, Hà Nội","7,25 tỷ","Phường Việt Hưng, Quận Long Biên, Hà Nội",35 m²,,,5,Sổ đỏ / Sổ hồng,14/07/202520:02
"Bán  Nhà riêng tạiPhường Bồ Đề, Quận Long Biên, Hà Nội",8 tỷ,"Phường Bồ Đề, Quận Long Biên, Hà Nội",50 m²,,,3,Sổ đỏ / Sổ hồng,14/07/202516:19
"Bán  Nhà riêng tạingọc thụy, Phường Ngọc Thụy, Quận Long Biên, Hà Nội","7,90 tỷ","ngọc thụy, Phường Ngọc Thụy, Quận Long Biên, Hà Nội",40 m²,4 PN,4 WC,5,Sổ đỏ / Sổ hồng,12/07/202501:51
"Bán  Nhà riêng tạinguyễn đức cảnh, Phường Tương Mai, Quận Hoàng Mai, Hà Nội","6,15 tỷ","nguyễn đức cảnh, Phường Tương Mai, Quận Hoàng Mai, Hà Nội",27 m²,3 PN,,4,Sổ đỏ / Sổ hồng,12/07/202511:43
"Bán  Nhà riêng tạiĐịnh Công, Phường Định Công, Quận Hoàng Mai, Hà Nội","7,30 tỷ","Định Công, Phường Định Công, Quận Hoàng Mai, Hà Nội",46 m²,,,5,Sổ đỏ / Sổ hồng,12/07/202513:57
"Bán  Nhà biệt thự, liền kề tạiHàng bè, Phường Kiến Hưng, Quận Hà Đông, Hà Nội",13 tỷ,"Hàng bè, Phường Kiến Hưng, Quận Hà Đông, Hà Nội",55 m²,,,6,Sổ đỏ / Sổ hồng,12/07/202513:19
"Bán  Nhà riêng tạiĐịnh công, Phường Định Công, Quận Hoàng Mai, Hà Nội",8 tỷ,"Định công, Phường Định Công, Quận Hoàng Mai, Hà Nội",35 m²,4 PN,5 WC,23,Sổ đỏ / Sổ hồng,12/07/202513:08
"Bán  Nhà riêng tạiĐông Thiên, Phường Vĩnh Hưng, Quận Hoàng Mai, Hà Nội","7,10 tỷ","Đông Thiên, Phường Vĩnh Hưng, Quận Hoàng Mai, Hà Nội",45 m²,4 PN,5 WC,5,Sổ đỏ / Sổ hồng,12/07/202513:22
"Bán  Nhà riêng tạiĐịnh công, Phường Định Công, Quận Hoàng Mai, Hà Nội","2,90 tỷ","Định công, Phường Định Công, Quận Hoàng Mai, Hà Nội",46 m²,3 PN,2 WC,2,Hợp đồng mua bán,12/07/202512:38
"Bán  Nhà riêng tạiĐịnh Công, Phường Định Công, Quận Hoàng Mai, Hà Nội","6,50 tỷ","Định Công, Phường Định Công, Quận Hoàng Mai, Hà Nội",36 m²,4 PN,5 WC,5,Sổ đỏ / Sổ hồng,12/07/202513:14
"Bán  Nhà riêng tạiKim Giang, Phường Đại Kim, Quận Hoàng Mai, Hà Nội",14 tỷ,"Kim Giang, Phường Đại Kim, Quận Hoàng Mai, Hà Nội",82 m²,,,6,Sổ đỏ / Sổ hồng,12/07/202513:47
"Bán  Nhà mặt phố tạikẻ tạnh, Phường Giang Biên, Quận Long Biên, Hà Nội","6,30 tỷ","kẻ tạnh, Phường Giang Biên, Quận Long Biên, Hà Nội",32 m²,3 PN,4 WC,6,Sổ đỏ / Sổ hồng,12/07/202500:00
"Bán  Nhà mặt phố tạigiang biên, Phường Giang Biên, Quận Long Biên, Hà Nội","6,25 tỷ","giang biên, Phường Giang Biên, Quận Long Biên, Hà Nội",33 m²,4 PN,4 WC,6,Sổ đỏ / Sổ hồng,12/07/202500:00
"Bán  Nhà mặt phố tạikẻ tạnh, Phường Giang Biên, Quận Long Biên, Hà Nội","6,20 tỷ","kẻ tạnh, Phường Giang Biên, Quận Long Biên, Hà Nội",32 m²,3 PN,4 WC,6,Sổ đỏ / Sổ hồng,12/07/202501:51
"Bán  Nhà riêng tạiQuốc lộ 6, Phường Đồng Mai, Quận Hà Đông, Hà Nội","3,45 tỷ","Quốc lộ 6, Phường Đồng Mai, Quận Hà Đông, Hà Nội",33 m²,3 PN,3 WC,5,Sổ đỏ / Sổ hồng,09/07/202521:30
"Bán  Nhà riêng tạiAn thắng, Phường Biên Giang, Quận Hà Đông, Hà Nội","3,25 tỷ","An thắng, Phường Biên Giang, Quận Hà Đông, Hà Nội",30 m²,3 PN,3 WC,4,Sổ đỏ / Sổ hồng,09/07/202521:07
"Bán  Nhà mặt phố tạibát khối, Phường Cự Khối, Quận Long Biên, Hà Nội","7,85 tỷ","bát khối, Phường Cự Khối, Quận Long Biên, Hà Nội",32 m²,4 PN,4 WC,6,Sổ đỏ / Sổ hồng,12/07/202500:00
"Bán  Nhà riêng tạihoàng mai, Phường Hoàng Văn Thụ, Quận Hoàng Mai, Hà Nội","7,15 tỷ","hoàng mai, Phường Hoàng Văn Thụ, Quận Hoàng Mai, Hà Nội",42 m²,4 PN,,4,Sổ đỏ / Sổ hồng,09/07/202520:22
"Bán  Nhà mặt phố tạibát khối, Phường Cự Khối, Quận Long Biên, Hà Nội","7,80 tỷ","bát khối, Phường Cự Khối, Quận Long Biên, Hà Nội",30 m²,4 PN,5 WC,6,Sổ đỏ / Sổ hồng,12/07/202501:51
"Bán  Nhà riêng tạiDo Nha, Phường Xuân Phương, Quận Nam Từ Liêm, Hà Nội","14,80 tỷ","Do Nha, Phường Xuân Phương, Quận Nam Từ Liêm, Hà Nội",60 m²,2 PN,2 WC,4,Sổ đỏ / Sổ hồng,10/07/202509:15
"Bán  Nhà mặt phố tạingọc lâm, Phường Ngọc Lâm, Quận Long Biên, Hà Nội","7,90 tỷ","ngọc lâm, Phường Ngọc Lâm, Quận Long Biên, Hà Nội",40 m²,3 PN,4 WC,5,Sổ đỏ / Sổ hồng,08/07/202515:35
"Bán  Nhà mặt phố tạingọc thụy, Phường Ngọc Thụy, Quận Long Biên, Hà Nội","7,80 tỷ","ngọc thụy, Phường Ngọc Thụy, Quận Long Biên, Hà Nội",40 m²,4 PN,4 WC,5,Sổ đỏ / Sổ hồng,08/07/202515:25
"Bán  Nhà mặt phố tạingọc thụy, Phường Ngọc Thụy, Quận Long Biên, Hà Nội","8,70 tỷ","ngọc thụy, Phường Ngọc Thụy, Quận Long Biên, Hà Nội",50 m²,4 PN,4 WC,4,Sổ đỏ / Sổ hồng,08/07/202515:35
"Bán  Nhà mặt phố tạingọc thụy, Phường Ngọc Thụy, Quận Long Biên, Hà Nội","8,65 tỷ","ngọc thụy, Phường Ngọc Thụy, Quận Long Biên, Hà Nội",50 m²,4 PN,4 WC,4,Sổ đỏ / Sổ hồng,08/07/202515:35
"Bán  Nhà mặt phố tạingọc thụy, Phường Ngọc Thụy, Quận Long Biên, Hà Nội","8,60 tỷ","ngọc thụy, Phường Ngọc Thụy, Quận Long Biên, Hà Nội",48 m²,6 PN,6 WC,4,Sổ đỏ / Sổ hồng,08/07/202515:35
"Bán  Nhà mặt phố tạiHồng Tiến, Phường Ngọc Thụy, Quận Long Biên, Hà Nội","24,50 tỷ","Hồng Tiến, Phường Ngọc Thụy, Quận Long Biên, Hà Nội",50 m²,5 PN,6 WC,5,Sổ đỏ / Sổ hồng,06/07/202516:33
"Bán  Nhà riêng tạiPhường Gia Thụy, Quận Long Biên, Hà Nội",9 tỷ,"Phường Gia Thụy, Quận Long Biên, Hà Nội",46 m²,,,6,Sổ đỏ / Sổ hồng,06/07/202505:48
"Bán  Nhà riêng tạixuân phương, Phường Xuân Phương, Quận Nam Từ Liêm, Hà Nội","11,50 tỷ","xuân phương, Phường Xuân Phương, Quận Nam Từ Liêm, Hà Nội",98 m²,3 PN,2 WC,3,Sổ đỏ / Sổ hồng,05/07/202517:23
"Bán  Nhà riêng tạiDO Nha, Phường Xuân Phương, Quận Nam Từ Liêm, Hà Nội","8,90 tỷ","DO Nha, Phường Xuân Phương, Quận Nam Từ Liêm, Hà Nội",56 m²,4 PN,2 WC,4,Sổ đỏ / Sổ hồng,05/07/202509:01
"Bán  Nhà riêng tạiPhường Phú La, Quận Hà Đông, Hà Nội",13 tỷ,"Phường Phú La, Quận Hà Đông, Hà Nội",55 m²,5 PN,5 WC,5,Sổ đỏ / Sổ hồng,05/07/202520:05
"Bán  Nhà riêng tạiDo Nha, Phường Xuân Phương, Quận Nam Từ Liêm, Hà Nội","5,70 tỷ","Do Nha, Phường Xuân Phương, Quận Nam Từ Liêm, Hà Nội",60 m²,3 PN,2 WC,3,Sổ đỏ / Sổ hồng,03/07/202509:27
"Bán  Nhà riêng tạiDo Nha, Phường Xuân Phương, Quận Nam Từ Liêm, Hà Nội","5,70 tỷ","Do Nha, Phường Xuân Phương, Quận Nam Từ Liêm, Hà Nội",60 m²,,,3,Sổ đỏ / Sổ hồng,05/07/202508:47
"Bán  Nhà mặt phố tạibát khối, Phường Cự Khối, Quận Long Biên, Hà Nội","7,90 tỷ","bát khối, Phường Cự Khối, Quận Long Biên, Hà Nội",30 m²,4 PN,5 WC,6,Sổ đỏ / Sổ hồng,03/07/202516:00
"Bán  Nhà riêng tạiPhường Gia Thụy, Quận Long Biên, Hà Nội","7,75 tỷ","Phường Gia Thụy, Quận Long Biên, Hà Nội",40 m²,,,5,Sổ đỏ / Sổ hồng,29/06/202508:44
"Bán  Nhà riêng tạiPhường Gia Thụy, Quận Long Biên, Hà Nội",16 tỷ,"Phường Gia Thụy, Quận Long Biên, Hà Nội",50 m²,,,5,Sổ đỏ / Sổ hồng,27/06/202514:18
"Bán  Nhà riêng tạiPhường Gia Thụy, Quận Long Biên, Hà Nội",11 tỷ,"Phường Gia Thụy, Quận Long Biên, Hà Nội",60 m²,,,4,,29/06/202511:24
"Bán  Nhà riêng tạiPhường Bồ Đề, Quận Long Biên, Hà Nội",13 tỷ,"Phường Bồ Đề, Quận Long Biên, Hà Nội",50 m²,,,5,Sổ đỏ / Sổ hồng,26/06/202515:51
"Bán  Nhà mặt phố tạingọc thụy, Phường Ngọc Thụy, Quận Long Biên, Hà Nội","8,60 tỷ","ngọc thụy, Phường Ngọc Thụy, Quận Long Biên, Hà Nội",50 m²,4 PN,4 WC,4,Sổ đỏ / Sổ hồng,27/06/202514:00
"Bán  Nhà riêng tạiPhường Cự Khối, Quận Long Biên, Hà Nội","5,45 tỷ","Phường Cự Khối, Quận Long Biên, Hà Nội",30 m²,,,4,,26/06/202514:22
"Bán  Nhà mặt phố tạiNguyễn Văn Cừ, Phường Ngọc Lâm, Quận Long Biên, Hà Nội","9,50 tỷ","Nguyễn Văn Cừ, Phường Ngọc Lâm, Quận Long Biên, Hà Nội",40 m²,3 PN,4 WC,4,Sổ đỏ / Sổ hồng,27/06/202501:36
"Bán  Nhà riêng tạiPhường Long Biên, Quận Long Biên, Hà Nội","6,45 tỷ","Phường Long Biên, Quận Long Biên, Hà Nội",36 m²,,,5,Sổ đỏ / Sổ hồng,25/06/202518:08
"Bán  Nhà riêng tạiPhường Sài Đồng, Quận Long Biên, Hà Nội",8 tỷ,"Phường Sài Đồng, Quận Long Biên, Hà Nội",40 m²,,,6,Sổ đỏ / Sổ hồng,25/06/202507:21
"Bán  Nhà riêng tạiNgô quyền, Phường Quang Trung, Quận Hà Đông, Hà Nội","8,50 tỷ","Ngô quyền, Phường Quang Trung, Quận Hà Đông, Hà Nội",58 m²,4 PN,3 WC,,Sổ đỏ / Sổ hồng,25/06/202508:30
"Bán  Nhà riêng tạiPhường Thạch Bàn, Quận Long Biên, Hà Nội","7,90 tỷ","Phường Thạch Bàn, Quận Long Biên, Hà Nội",40 m²,,,5,Sổ đỏ / Sổ hồng,25/06/202521:56
"Bán  Nhà riêng tạiGiang chính, Phường Biên Giang, Quận Hà Đông, Hà Nội","3,90 tỷ","Giang chính, Phường Biên Giang, Quận Hà Đông, Hà Nội",33 m²,4 PN,3 WC,,Sổ đỏ / Sổ hồng,10/06/202508:15
"Bán  Nhà riêng tạiPhường Thạch Bàn, Quận Long Biên, Hà Nội",7 tỷ,"Phường Thạch Bàn, Quận Long Biên, Hà Nội",36 m²,,,6,Sổ đỏ / Sổ hồng,26/06/202506:36
"Bán  Nhà riêng tạiPhường Bồ Đề, Quận Long Biên, Hà Nội","11,50 tỷ","Phường Bồ Đề, Quận Long Biên, Hà Nội",60 m²,,,5,Sổ đỏ / Sổ hồng,26/06/202511:36
"Bán  Nhà riêng tạiPhường Bồ Đề, Quận Long Biên, Hà Nội","16,50 tỷ","Phường Bồ Đề, Quận Long Biên, Hà Nội",86 m²,,,5,Sổ đỏ / Sổ hồng,26/06/202510:03
"Bán  Nhà riêng tạiXuân la, Phường Xuân La, Quận Tây Hồ, Hà Nội","12,50 tỷ","Xuân la, Phường Xuân La, Quận Tây Hồ, Hà Nội",30 m²,5 PN,4 WC,,Sổ đỏ / Sổ hồng,25/06/202508:35
"Bán  Nhà riêng tạiQuyết thắng, Phường Yên Nghĩa, Quận Hà Đông, Hà Nội","5,15 tỷ","Quyết thắng, Phường Yên Nghĩa, Quận Hà Đông, Hà Nội",30 m²,3 PN,3 WC,,Sổ đỏ / Sổ hồng,25/06/202508:30
"Bán  Nhà riêng tạiPhường Gia Thụy, Quận Long Biên, Hà Nội",16 tỷ,"Phường Gia Thụy, Quận Long Biên, Hà Nội",45 m²,,,7,Sổ đỏ / Sổ hồng,25/06/202515:33
"Bán  Nhà mặt phố tạiHoàng Như Tiếp, Phường Bồ Đề, Quận Long Biên, Hà Nội","9,30 tỷ","Hoàng Như Tiếp, Phường Bồ Đề, Quận Long Biên, Hà Nội",35 m²,3 PN,6 WC,6,Sổ đỏ / Sổ hồng,25/06/202511:06
"Bán  Nhà phố thương mại tạiMiêu Nha, Phường Tây Mỗ, Quận Nam Từ Liêm, Hà Nội","21,50 tỷ","Miêu Nha, Phường Tây Mỗ, Quận Nam Từ Liêm, Hà Nội",103 m²,,,7,Sổ đỏ / Sổ hồng,21/06/202516:02
"Bán  Nhà riêng tạiTrạm, Phường Long Biên, Quận Long Biên, Hà Nội","8,49 tỷ","Trạm, Phường Long Biên, Quận Long Biên, Hà Nội",80 m²,,,4,Sổ đỏ / Sổ hồng,23/06/202516:03
"Bán  Nhà riêng tạiBồ đề, Phường Bồ Đề, Quận Long Biên, Hà Nội",11 tỷ,"Bồ đề, Phường Bồ Đề, Quận Long Biên, Hà Nội",50 m²,,,4,Sổ đỏ / Sổ hồng,22/06/202518:26
"Bán  Nhà mặt phố tạiPhường Đại Mỗ, Quận Nam Từ Liêm, Hà Nội",15 tỷ,"Phường Đại Mỗ, Quận Nam Từ Liêm, Hà Nội",68 m²,,,2,Sổ đỏ / Sổ hồng,14/06/202523:13
"Bán  Nhà riêng tạiNguyễn Văn Cừ, Phường Ngọc Lâm, Quận Long Biên, Hà Nội","10,20 tỷ","Nguyễn Văn Cừ, Phường Ngọc Lâm, Quận Long Biên, Hà Nội",47 m²,4 PN,5 WC,4,Sổ đỏ / Sổ hồng,21/06/202514:55
"Bán  Nhà riêng tạiNgõ 154 Ngọc lâm, Phường Ngọc Lâm, Quận Long Biên, Hà Nội","16,90 tỷ","Ngõ 154 Ngọc lâm, Phường Ngọc Lâm, Quận Long Biên, Hà Nội",67 m²,5 PN,4 WC,5,Sổ đỏ / Sổ hồng,21/06/202523:39
"Bán  Nhà riêng tạiPhường Việt Hưng, Quận Long Biên, Hà Nội","7,50 tỷ","Phường Việt Hưng, Quận Long Biên, Hà Nội",50 m²,,,5,Sổ đỏ / Sổ hồng,23/06/202516:09
"Bán  Nhà riêng tạiĐường Nguyễn Văn Cừ, Phường Ngọc Lâm, Quận Long Biên, Hà Nội","6,35 tỷ","Đường Nguyễn Văn Cừ, Phường Ngọc Lâm, Quận Long Biên, Hà Nội",38 m²,4 PN,,5,Sổ đỏ / Sổ hồng,18/06/202510:45
"Bán  Nhà mặt phố tạiĐường Phú Gia, Phường Phú Thượng, Quận Tây Hồ, Hà Nội",230 tỷ,"Đường Phú Gia, Phường Phú Thượng, Quận Tây Hồ, Hà Nội",350 m²,9 PN,9 WC,9,Sổ đỏ / Sổ hồng,19/06/202519:05
"Bán  Nhà riêng tạido nha, Phường Tây Mỗ, Quận Nam Từ Liêm, Hà Nội","7,65 tỷ","do nha, Phường Tây Mỗ, Quận Nam Từ Liêm, Hà Nội",38 m²,,,5,Sổ đỏ / Sổ hồng,13/06/202509:07
"Bán  Nhà biệt thự, liền kề tạivạn phúc, Phường Vạn Phúc, Quận Hà Đông, Hà Nội",17 tỷ,"vạn phúc, Phường Vạn Phúc, Quận Hà Đông, Hà Nội",75 m²,,,6,Sổ đỏ / Sổ hồng,14/06/202509:41
"Bán  Nhà mặt phố tạiTl 70, Phường Đại Mỗ, Quận Nam Từ Liêm, Hà Nội",13 tỷ,"Tl 70, Phường Đại Mỗ, Quận Nam Từ Liêm, Hà Nội",50 m²,1 PN,1 WC,,Sổ đỏ / Sổ hồng,16/06/202511:40
"Bán  Nhà riêng tạiTrinh lương, Phường Phú Lương, Quận Hà Đông, Hà Nội","4,88 tỷ","Trinh lương, Phường Phú Lương, Quận Hà Đông, Hà Nội",35 m²,1 PN,1 WC,,Sổ đỏ / Sổ hồng,17/06/202506:20
"Bán  Nhà riêng tạiđịnh công thượng, Phường Định Công, Quận Hoàng Mai, Hà Nội","7,65 tỷ","định công thượng, Phường Định Công, Quận Hoàng Mai, Hà Nội",36 m²,3 PN,,5,Sổ đỏ / Sổ hồng,18/06/202518:01
"Bán Nhà biệt thự, liền kề theo dự ánLouis City Hoàng Mai tại Louis City Hoàng Mai, yên sở, Phường Hoàng Văn Thụ, Quận Hoàng Mai, Hà Nội",41 tỷ,"Louis City Hoàng Mai, yên sở, Phường Hoàng Văn Thụ, Quận Hoàng Mai, Hà Nội",108 m²,3 PN,5 WC,5,Sổ đỏ / Sổ hồng,16/06/202509:05
"Bán  Nhà biệt thự, liền kề tạiTrịnh Văn Bô, Phường Phương Canh, Quận Nam Từ Liêm, Hà Nội","23,90 tỷ","Trịnh Văn Bô, Phường Phương Canh, Quận Nam Từ Liêm, Hà Nội",80 m²,4 PN,4 WC,5,Sổ đỏ / Sổ hồng,16/06/202516:01
"Bán  Nhà biệt thự, liền kề tạiLê Quang Đạo, Phường Đại Mỗ, Quận Nam Từ Liêm, Hà Nội",34 tỷ,"Lê Quang Đạo, Phường Đại Mỗ, Quận Nam Từ Liêm, Hà Nội",100 m²,6 PN,5 WC,5,Sổ đỏ / Sổ hồng,10/06/202510:50
"Bán Nhà biệt thự, liền kề theo dự ánLouis City Hoàng Mai tại Louis City Hoàng Mai, yên sở, Phường Hoàng Văn Thụ, Quận Hoàng Mai, Hà Nội","9,18 tỷ","Louis City Hoàng Mai, yên sở, Phường Hoàng Văn Thụ, Quận Hoàng Mai, Hà Nội",108 m²,,,5,Sổ đỏ / Sổ hồng,13/06/202511:40
"Bán  Nhà riêng tạiGiáp Bát, Phường Giáp Bát, Quận Hoàng Mai, Hà Nội","6,85 tỷ","Giáp Bát, Phường Giáp Bát, Quận Hoàng Mai, Hà Nội",39 m²,3 PN,4 WC,5,Sổ đỏ / Sổ hồng,27/05/202514:15
"Bán  Nhà riêng tạiTrương Định, Phường Tương Mai, Quận Hoàng Mai, Hà Nội","6,75 tỷ","Trương Định, Phường Tương Mai, Quận Hoàng Mai, Hà Nội",36 m²,3 PN,4 WC,5,Sổ đỏ / Sổ hồng,27/05/202514:10
"Bán  Nhà riêng tạiTrương Định, Phường Tương Mai, Quận Hoàng Mai, Hà Nội","6,90 tỷ","Trương Định, Phường Tương Mai, Quận Hoàng Mai, Hà Nội",52 m²,5 PN,5 WC,5,Sổ đỏ / Sổ hồng,27/05/202514:15
"Bán  Nhà riêng tạiGiáp Bát, Phường Giáp Bát, Quận Hoàng Mai, Hà Nội","7,50 tỷ","Giáp Bát, Phường Giáp Bát, Quận Hoàng Mai, Hà Nội",46 m²,5 PN,4 WC,5,Sổ đỏ / Sổ hồng,27/05/202514:15
"Bán  Nhà riêng tạiGiáp Bát, Phường Giáp Bát, Quận Hoàng Mai, Hà Nội","7,50 tỷ","Giáp Bát, Phường Giáp Bát, Quận Hoàng Mai, Hà Nội","46,5 m²",5 PN,4 WC,5,Sổ đỏ / Sổ hồng,27/05/202514:10
"Bán  Nhà riêng tạiTrương Định, Phường Tương Mai, Quận Hoàng Mai, Hà Nội","7,56 tỷ","Trương Định, Phường Tương Mai, Quận Hoàng Mai, Hà Nội",42 m²,4 PN,3 WC,4,Sổ đỏ / Sổ hồng,27/05/202514:10
"Bán  Nhà riêng tạiGiáp Bát, Phường Giáp Bát, Quận Hoàng Mai, Hà Nội","7,60 tỷ","Giáp Bát, Phường Giáp Bát, Quận Hoàng Mai, Hà Nội",46 m²,4 PN,4 WC,4,Sổ đỏ / Sổ hồng,27/05/202514:15
"Bán  Nhà riêng tạiGiáp Bát, Phường Giáp Bát, Quận Hoàng Mai, Hà Nội","6,95 tỷ","Giáp Bát, Phường Giáp Bát, Quận Hoàng Mai, Hà Nội",38 m²,3 PN,4 WC,5,Sổ đỏ / Sổ hồng,27/05/202514:15
"Bán  Nhà riêng tạiNguyễn Đình Thi, Phường Thụy Khuê, Quận Tây Hồ, Hà Nội",14 tỷ,"Nguyễn Đình Thi, Phường Thụy Khuê, Quận Tây Hồ, Hà Nội",50 m²,4 PN,5 WC,6,Sổ đỏ / Sổ hồng,31/05/202510:47
"Bán  Nhà riêng tạihuỳnh tấn phát, Phường Phúc Đồng, Quận Long Biên, Hà Nội","5,95 tỷ","huỳnh tấn phát, Phường Phúc Đồng, Quận Long Biên, Hà Nội",33 m²,5 PN,5 WC,5,Sổ đỏ / Sổ hồng,08/05/202508:10
"Bán  Nhà riêng tạiCạnh PCC1 , ĐH Đại Nam, Phường Phú Lương, Quận Hà Đông, Hà Nội","5,70 tỷ","Cạnh PCC1 , ĐH Đại Nam, Phường Phú Lương, Quận Hà Đông, Hà Nội",41 m²,6 PN,4 WC,5,Sổ đỏ / Sổ hồng,28/05/202514:23
"Bán  Nhà riêng tạiLệ Mật, Phường Việt Hưng, Quận Long Biên, Hà Nội","6,46 tỷ","Lệ Mật, Phường Việt Hưng, Quận Long Biên, Hà Nội",35 m²,5 PN,5 WC,5,Sổ đỏ / Sổ hồng,08/05/202508:10
"Bán  Nhà mặt phố tại70, Phường Xuân Phương, Quận Nam Từ Liêm, Hà Nội","14,50 tỷ","70, Phường Xuân Phương, Quận Nam Từ Liêm, Hà Nội",70 m²,1 PN,1 WC,,Sổ đỏ / Sổ hồng,13/05/202512:27
"Bán  Nhà riêng tạiphạm tuấn tài, Phường Cổ Nhuế 1, Quận Bắc Từ Liêm, Hà Nội","17,90 tỷ","phạm tuấn tài, Phường Cổ Nhuế 1, Quận Bắc Từ Liêm, Hà Nội",60 m²,5 PN,6 WC,6,Sổ đỏ / Sổ hồng,26/05/202510:14
"Bán  Nhà riêng tạiphúc lợi, Phường Phúc Lợi, Quận Long Biên, Hà Nội","5,50 tỷ","phúc lợi, Phường Phúc Lợi, Quận Long Biên, Hà Nội",36 m²,4 PN,4 WC,5,Sổ đỏ / Sổ hồng,02/05/202508:58
"Bán  Nhà riêng tạiphúc lợi, Phường Phúc Lợi, Quận Long Biên, Hà Nội","4,80 tỷ","phúc lợi, Phường Phúc Lợi, Quận Long Biên, Hà Nội",30 m²,5 PN,4 WC,5,Sổ đỏ / Sổ hồng,08/05/202508:15
"Bán  Nhà biệt thự, liền kề tạiPhường Kiến Hưng, Quận Hà Đông, Hà Nội",Thỏa thuận,"Phường Kiến Hưng, Quận Hà Đông, Hà Nội",100 m²,,,,Hợp đồng mua bán,10/06/202510:30
"Bán  Nhà biệt thự, liền kề tạiPhường Kiến Hưng, Quận Hà Đông, Hà Nội",Thỏa thuận,"Phường Kiến Hưng, Quận Hà Đông, Hà Nội",100 m²,,,,Hợp đồng mua bán,08/05/202508:20
"Bán  Nhà riêng tạiphúc lợi, Phường Phúc Lợi, Quận Long Biên, Hà Nội","5,35 tỷ","phúc lợi, Phường Phúc Lợi, Quận Long Biên, Hà Nội",36 m²,3 PN,3 WC,5,Sổ đỏ / Sổ hồng,08/05/202508:15
"Bán  Nhà riêng tạiPhúc Lợi, Phường Phúc Lợi, Quận Long Biên, Hà Nội","4,90 tỷ","Phúc Lợi, Phường Phúc Lợi, Quận Long Biên, Hà Nội",31 m²,3 PN,4 WC,5,Sổ đỏ / Sổ hồng,08/05/202508:10
"Bán  Nhà riêng tạihồ tùng mậu, Phường Phú Diễn, Quận Bắc Từ Liêm, Hà Nội","15,88 tỷ","hồ tùng mậu, Phường Phú Diễn, Quận Bắc Từ Liêm, Hà Nội",48 m²,3 PN,5 WC,7,Sổ đỏ / Sổ hồng,23/05/202509:01
"Bán  Nhà biệt thự, liền kề tạihồng tiến, Phường Bồ Đề, Quận Long Biên, Hà Nội",115 tỷ,"hồng tiến, Phường Bồ Đề, Quận Long Biên, Hà Nội",225 m²,5 PN,5 WC,,Sổ đỏ / Sổ hồng,08/05/202508:15
"Bán  Nhà riêng tạiDo Nha, Phường Tây Mỗ, Quận Nam Từ Liêm, Hà Nội","3,69 tỷ","Do Nha, Phường Tây Mỗ, Quận Nam Từ Liêm, Hà Nội",34 m²,1 PN,,,Sổ đỏ / Sổ hồng,07/05/202514:24
"Bán  Nhà riêng tạido nha, Phường Tây Mỗ, Quận Nam Từ Liêm, Hà Nội","7,83 tỷ","do nha, Phường Tây Mỗ, Quận Nam Từ Liêm, Hà Nội",36 m²,,,5,Sổ đỏ / Sổ hồng,12/05/202509:20
"Bán  Nhà riêng tạiphương canh, Phường Phương Canh, Quận Nam Từ Liêm, Hà Nội","8,50 tỷ","phương canh, Phường Phương Canh, Quận Nam Từ Liêm, Hà Nội",42 m²,,,5,Sổ đỏ / Sổ hồng,06/05/202516:31
"Bán  Nhà riêng tạitu hoàng, Phường Xuân Phương, Quận Nam Từ Liêm, Hà Nội","6,50 tỷ","tu hoàng, Phường Xuân Phương, Quận Nam Từ Liêm, Hà Nội",38 m²,7 PN,4 WC,5,Sổ đỏ / Sổ hồng,06/05/202510:47
"Bán  Nhà biệt thự, liền kề tạiPhường Định Công, Quận Hoàng Mai, Hà Nội","5,20 tỷ","Phường Định Công, Quận Hoàng Mai, Hà Nội",80 m²,,,,Đang chờ sổ,26/04/202515:21
"Bán  Nhà riêng tạiVạn Phúc, Phường Vạn Phúc, Quận Hà Đông, Hà Nội","8,30 tỷ","Vạn Phúc, Phường Vạn Phúc, Quận Hà Đông, Hà Nội",30 m²,3 PN,3 WC,5,Sổ đỏ / Sổ hồng,20/04/202516:02
"Bán  Nhà riêng tạiHà trì 3, Phường Hà Cầu, Quận Hà Đông, Hà Nội","5,55 tỷ","Hà trì 3, Phường Hà Cầu, Quận Hà Đông, Hà Nội",40 m²,1 PN,1 WC,,Sổ đỏ / Sổ hồng,10/04/202511:40
"Bán  Nhà riêng tạiPhường Lĩnh Nam, Quận Hoàng Mai, Hà Nội",4 tỷ,"Phường Lĩnh Nam, Quận Hoàng Mai, Hà Nội",30 m²,3 PN,4 WC,5,Sổ đỏ / Sổ hồng,15/04/202520:11
"Bán  Nhà riêng tạiLĩnh Nam, Phường Lĩnh Nam, Quận Hoàng Mai, Hà Nội",6 tỷ,"Lĩnh Nam, Phường Lĩnh Nam, Quận Hoàng Mai, Hà Nội",47 m²,4 PN,3 WC,4,Sổ đỏ / Sổ hồng,15/04/202515:48
"Bán  Nhà riêng tạiPhường Vĩnh Hưng, Quận Hoàng Mai, Hà Nội",5 tỷ,"Phường Vĩnh Hưng, Quận Hoàng Mai, Hà Nội",40 m²,,,4,Sổ đỏ / Sổ hồng,12/04/202507:51
"Bán  Nhà riêng tạiHuyền kỳ, Phường Phú Lãm, Quận Hà Đông, Hà Nội","4,98 tỷ","Huyền kỳ, Phường Phú Lãm, Quận Hà Đông, Hà Nội",30 m²,4 PN,3 WC,,Sổ đỏ / Sổ hồng,25/06/202508:35
"Bán  Nhà riêng tạiPhường Lĩnh Nam, Quận Hoàng Mai, Hà Nội",7 tỷ,"Phường Lĩnh Nam, Quận Hoàng Mai, Hà Nội",40 m²,6 PN,4 WC,5,Sổ đỏ / Sổ hồng,18/04/202506:55
"Bán  Nhà riêng tạiPhường Lĩnh Nam, Quận Hoàng Mai, Hà Nội",6 tỷ,"Phường Lĩnh Nam, Quận Hoàng Mai, Hà Nội",50 m²,4 PN,4 WC,4,Sổ đỏ / Sổ hồng,12/04/202507:21
"Bán  Nhà mặt phố tạingõ 207, Phường Xuân Đỉnh, Quận Bắc Từ Liêm, Hà Nội","6,60 tỷ","ngõ 207, Phường Xuân Đỉnh, Quận Bắc Từ Liêm, Hà Nội",30 m²,1 PN,2 WC,1,Sổ đỏ / Sổ hồng,10/04/202500:00
"Bán  Nhà riêng tạiNgõ 6 Miêu nha, Phường Tây Mỗ, Quận Nam Từ Liêm, Hà Nội","6,68 tỷ","Ngõ 6 Miêu nha, Phường Tây Mỗ, Quận Nam Từ Liêm, Hà Nội",31 m²,4 PN,5 WC,6,Sổ đỏ / Sổ hồng,03/04/202500:00
"Bán  Nhà riêng tạiNgõ 6 Miêu nha, Phường Tây Mỗ, Quận Nam Từ Liêm, Hà Nội","6,30 tỷ","Ngõ 6 Miêu nha, Phường Tây Mỗ, Quận Nam Từ Liêm, Hà Nội",31 m²,3 PN,4 WC,5,Sổ đỏ / Sổ hồng,03/04/202500:00
"Bán  Nhà riêng tạiMậu lương, Phường Kiến Hưng, Quận Hà Đông, Hà Nội","4,85 tỷ","Mậu lương, Phường Kiến Hưng, Quận Hà Đông, Hà Nội",38 m²,,,,,04/04/202506:43
"Bán  Nhà riêng tạiVạn phúc, Phường Vạn Phúc, Quận Hà Đông, Hà Nội","8,30 tỷ","Vạn phúc, Phường Vạn Phúc, Quận Hà Đông, Hà Nội",30 m²,3 PN,3 WC,5,Sổ đỏ / Sổ hồng,27/03/202500:00
"Bán  Nhà riêng tạiMinh Khai, Phường Mai Động, Quận Hoàng Mai, Hà Nội","7,75 tỷ","Minh Khai, Phường Mai Động, Quận Hoàng Mai, Hà Nội",59 m²,4 PN,4 WC,5,Sổ đỏ / Sổ hồng,25/02/202500:00
"Bán  Nhà riêng tạiMinh Khai, Phường Mai Động, Quận Hoàng Mai, Hà Nội","7,80 tỷ","Minh Khai, Phường Mai Động, Quận Hoàng Mai, Hà Nội",40 m²,4 PN,4 WC,5,Sổ đỏ / Sổ hồng,26/02/202500:00
"Bán  Nhà riêng tạiMinh Khai, Phường Mai Động, Quận Hoàng Mai, Hà Nội","7,80 tỷ","Minh Khai, Phường Mai Động, Quận Hoàng Mai, Hà Nội",60 m²,4 PN,3 WC,4,Sổ đỏ / Sổ hồng,25/02/202500:00
"Bán  Nhà riêng tạiPhường Ngọc Lâm, Quận Long Biên, Hà Nội","10,88 tỷ","Phường Ngọc Lâm, Quận Long Biên, Hà Nội",47 m²,4 PN,,4,Hợp đồng mua bán,22/03/202500:00
"Bán  Nhà riêng tạiTrương Định, Phường Tương Mai, Quận Hoàng Mai, Hà Nội","6,65 tỷ","Trương Định, Phường Tương Mai, Quận Hoàng Mai, Hà Nội",52 m²,4 PN,4 WC,4,Sổ đỏ / Sổ hồng,27/02/202500:00
"Bán  Nhà riêng tạiPhường Ngọc Thụy, Quận Long Biên, Hà Nội","14,20 tỷ","Phường Ngọc Thụy, Quận Long Biên, Hà Nội","51,5 m²",3 PN,,5,Sổ đỏ / Sổ hồng,22/03/202500:00
"Bán  Nhà riêng tạiPhường Ngọc Thụy, Quận Long Biên, Hà Nội","9,20 tỷ","Phường Ngọc Thụy, Quận Long Biên, Hà Nội",61 m²,4 PN,5 WC,4,Sổ đỏ / Sổ hồng,22/03/202500:00
"Bán  Nhà riêng tạiMinh Khai, Phường Mai Động, Quận Hoàng Mai, Hà Nội","7,70 tỷ","Minh Khai, Phường Mai Động, Quận Hoàng Mai, Hà Nội",57 m²,4 PN,4 WC,4,Sổ đỏ / Sổ hồng,26/02/202500:00
"Bán  Nhà riêng tạiPhường Ngọc Lâm, Quận Long Biên, Hà Nội","10,90 tỷ","Phường Ngọc Lâm, Quận Long Biên, Hà Nội",30 m²,,,5,Sổ đỏ / Sổ hồng,22/03/202500:00
"Bán  Nhà riêng tạiYên lộ, Phường Yên Nghĩa, Quận Hà Đông, Hà Nội","6,15 tỷ","Yên lộ, Phường Yên Nghĩa, Quận Hà Đông, Hà Nội",30 m²,3 PN,3 WC,5,Sổ đỏ / Sổ hồng,23/03/202500:00
"Bán  Nhà riêng tạiPhường Bồ Đề, Quận Long Biên, Hà Nội","6,15 tỷ","Phường Bồ Đề, Quận Long Biên, Hà Nội",30 m²,3 PN,,5,Sổ đỏ / Sổ hồng,22/03/202500:00
"Bán  Nhà riêng tạiPhường Ngọc Lâm, Quận Long Biên, Hà Nội",8 tỷ,"Phường Ngọc Lâm, Quận Long Biên, Hà Nội",41 m²,6 PN,,5,Sổ đỏ / Sổ hồng,22/03/202500:00
"Bán  Nhà riêng tạiNgọc Lâm, Phường Ngọc Lâm, Quận Long Biên, Hà Nội",12 tỷ,"Ngọc Lâm, Phường Ngọc Lâm, Quận Long Biên, Hà Nội",40 m²,4 PN,4 WC,5,Sổ đỏ / Sổ hồng,21/03/202500:00
"Bán  Nhà riêng tạiPhường Bồ Đề, Quận Long Biên, Hà Nội","11,50 tỷ","Phường Bồ Đề, Quận Long Biên, Hà Nội",60 m²,,,6,Sổ đỏ / Sổ hồng,22/03/202500:00
"Bán  Nhà riêng tạiĐịnh công thượng, Phường Định Công, Quận Hoàng Mai, Hà Nội","10,30 tỷ","Định công thượng, Phường Định Công, Quận Hoàng Mai, Hà Nội",63 m²,6 PN,,5,Sổ đỏ / Sổ hồng,21/03/202500:00
"Bán  Nhà riêng tạiPhố ô cách, Phường Đức Giang, Quận Long Biên, Hà Nội",11 tỷ,"Phố ô cách, Phường Đức Giang, Quận Long Biên, Hà Nội",67 m²,,,2,Sổ đỏ / Sổ hồng,21/03/202500:00
"Bán  Nhà riêng tạiBát khối, Phường Long Biên, Quận Long Biên, Hà Nội","12,50 tỷ","Bát khối, Phường Long Biên, Quận Long Biên, Hà Nội",63 m²,6 PN,,5,Sổ đỏ / Sổ hồng,21/03/202500:00
"Bán  Nhà riêng tạiHồng Tiến, Phường Bồ Đề, Quận Long Biên, Hà Nội","13,85 tỷ","Hồng Tiến, Phường Bồ Đề, Quận Long Biên, Hà Nội","43,8 m²",3 PN,4 WC,6,Sổ đỏ / Sổ hồng,21/03/202500:00
"Bán  Nhà riêng tạiGiải phóng, Phường Thịnh Liệt, Quận Hoàng Mai, Hà Nội","16,50 tỷ","Giải phóng, Phường Thịnh Liệt, Quận Hoàng Mai, Hà Nội",77 m²,5 PN,,5,Sổ đỏ / Sổ hồng,20/03/202500:00
"Bán  Nhà riêng tạivũ xuân thiều, Phường Sài Đồng, Quận Long Biên, Hà Nội","7,50 tỷ","vũ xuân thiều, Phường Sài Đồng, Quận Long Biên, Hà Nội",45 m²,3 PN,5 WC,,Sổ đỏ / Sổ hồng,17/03/202500:00
"Bán  Nhà riêng tạiMinh Khai, Phường Mai Động, Quận Hoàng Mai, Hà Nội","6,85 tỷ","Minh Khai, Phường Mai Động, Quận Hoàng Mai, Hà Nội","47,5 m²",4 PN,2 WC,4,Sổ đỏ / Sổ hồng,24/02/202500:00
"Bán  Nhà riêng tạiMiêu Nha, Phường Tây Mỗ, Quận Nam Từ Liêm, Hà Nội","7,50 tỷ","Miêu Nha, Phường Tây Mỗ, Quận Nam Từ Liêm, Hà Nội",64 m²,,,,Sổ đỏ / Sổ hồng,11/03/202500:00
"Bán  Nhà riêng tạiPhường Minh Khai, Quận Bắc Từ Liêm, Hà Nội","5,10 tỷ","Phường Minh Khai, Quận Bắc Từ Liêm, Hà Nội",34 m²,,,,Sổ đỏ / Sổ hồng,19/03/202500:00
"Bán  Nhà riêng tạiNguyễn đức cảnh, Phường Tương Mai, Quận Hoàng Mai, Hà Nội","14,50 tỷ","Nguyễn đức cảnh, Phường Tương Mai, Quận Hoàng Mai, Hà Nội",55 m²,8 PN,7 WC,6,Sổ đỏ / Sổ hồng,20/03/202500:00
"Bán  Nhà riêng tạiĐịnh công thượng, Phường Định Công, Quận Hoàng Mai, Hà Nội","12,60 tỷ","Định công thượng, Phường Định Công, Quận Hoàng Mai, Hà Nội",50 m²,4 PN,,5,Sổ đỏ / Sổ hồng,20/03/202500:00
"Bán  Nhà riêng tạiTrịnh đình cửu, Phường Định Công, Quận Hoàng Mai, Hà Nội","11,70 tỷ","Trịnh đình cửu, Phường Định Công, Quận Hoàng Mai, Hà Nội",40 m²,4 PN,,7,Sổ đỏ / Sổ hồng,20/03/202500:00
"Bán  Nhà riêng tạiGốc đề, Phường Hoàng Văn Thụ, Quận Hoàng Mai, Hà Nội","17,90 tỷ","Gốc đề, Phường Hoàng Văn Thụ, Quận Hoàng Mai, Hà Nội",56 m²,3 PN,,3,Sổ đỏ / Sổ hồng,20/03/202500:00
"Bán  Nhà riêng tạiĐịnh công thượng, Phường Định Công, Quận Hoàng Mai, Hà Nội","8,55 tỷ","Định công thượng, Phường Định Công, Quận Hoàng Mai, Hà Nội",44 m²,4 PN,,5,Sổ đỏ / Sổ hồng,20/03/202500:00
"Bán  Nhà riêng tạiPhường Minh Khai, Quận Bắc Từ Liêm, Hà Nội","5,10 tỷ","Phường Minh Khai, Quận Bắc Từ Liêm, Hà Nội",38 m²,,,4,Sổ đỏ / Sổ hồng,14/03/202500:00
"Bán  Nhà riêng tạiPhường Minh Khai, Quận Bắc Từ Liêm, Hà Nội","5,10 tỷ","Phường Minh Khai, Quận Bắc Từ Liêm, Hà Nội",38 m²,,,4,,10/03/202500:00
"Bán  Nhà riêng tạitựu liệt , Phường Hoàng Liệt, Quận Hoàng Mai, Hà Nội","5,70 tỷ","tựu liệt , Phường Hoàng Liệt, Quận Hoàng Mai, Hà Nội",30 m²,4 PN,4 WC,5,Sổ đỏ / Sổ hồng,14/03/202500:00
"Bán  Nhà riêng tạiPhường Minh Khai, Quận Bắc Từ Liêm, Hà Nội","5,10 tỷ","Phường Minh Khai, Quận Bắc Từ Liêm, Hà Nội",38 m²,,,4,Sổ đỏ / Sổ hồng,14/03/202500:00
"Bán  Nhà riêng tạiPhường Minh Khai, Quận Bắc Từ Liêm, Hà Nội","5,10 tỷ","Phường Minh Khai, Quận Bắc Từ Liêm, Hà Nội",38 m²,,,4,Sổ đỏ / Sổ hồng,13/03/202500:00
"Bán  Nhà riêng tạiđường Cầu Diễn, Phường Cầu Diễn, Quận Nam Từ Liêm, Hà Nội","8,75 tỷ","đường Cầu Diễn, Phường Cầu Diễn, Quận Nam Từ Liêm, Hà Nội",50 m²,1 PN,1 WC,,Sổ đỏ / Sổ hồng,12/03/202500:00
"Bán  Nhà riêng tạiPhường Minh Khai, Quận Bắc Từ Liêm, Hà Nội","5,10 tỷ","Phường Minh Khai, Quận Bắc Từ Liêm, Hà Nội",38 m²,,,4,Sổ đỏ / Sổ hồng,06/03/202500:00
"Bán  Nhà riêng tạiPhường Minh Khai, Quận Bắc Từ Liêm, Hà Nội","5,10 tỷ","Phường Minh Khai, Quận Bắc Từ Liêm, Hà Nội",38 m²,,,4,Sổ đỏ / Sổ hồng,08/03/202500:00
"Bán  Nhà riêng tạiPhường Minh Khai, Quận Bắc Từ Liêm, Hà Nội","5,10 tỷ","Phường Minh Khai, Quận Bắc Từ Liêm, Hà Nội",38 m²,,,4,Sổ đỏ / Sổ hồng,07/03/202500:00
"Bán  Nhà riêng tạiPhường Minh Khai, Quận Bắc Từ Liêm, Hà Nội","5,10 tỷ","Phường Minh Khai, Quận Bắc Từ Liêm, Hà Nội",38 m²,,,,Sổ đỏ / Sổ hồng,02/03/202500:00
"Bán  Nhà riêng tạiPhường Minh Khai, Quận Bắc Từ Liêm, Hà Nội","5,10 tỷ","Phường Minh Khai, Quận Bắc Từ Liêm, Hà Nội",38 m²,,,4,Sổ đỏ / Sổ hồng,05/03/202500:00
"Bán  Nhà riêng tạiPhường Minh Khai, Quận Bắc Từ Liêm, Hà Nội","5,10 tỷ","Phường Minh Khai, Quận Bắc Từ Liêm, Hà Nội",38 m²,,,,Sổ đỏ / Sổ hồng,04/03/202500:00
"Bán  Nhà riêng tạiPhường Minh Khai, Quận Bắc Từ Liêm, Hà Nội","5,10 tỷ","Phường Minh Khai, Quận Bắc Từ Liêm, Hà Nội",38 m²,,,4,,05/03/202500:00
"Bán  Nhà riêng tạiPhường Minh Khai, Quận Bắc Từ Liêm, Hà Nội","5,10 tỷ","Phường Minh Khai, Quận Bắc Từ Liêm, Hà Nội",38 m²,,,4,Sổ đỏ / Sổ hồng,01/03/202500:00
"Bán  Nhà riêng tạiPhường Minh Khai, Quận Bắc Từ Liêm, Hà Nội","5,10 tỷ","Phường Minh Khai, Quận Bắc Từ Liêm, Hà Nội",38 m²,,,4,Sổ đỏ / Sổ hồng,07/03/202500:00
"Bán  Nhà riêng tạiPhường Minh Khai, Quận Bắc Từ Liêm, Hà Nội","5,10 tỷ","Phường Minh Khai, Quận Bắc Từ Liêm, Hà Nội",38 m²,,,4,Sổ đỏ / Sổ hồng,08/03/202500:00
"Bán  Nhà riêng tạibế văn đàn, Phường Hà Cầu, Quận Hà Đông, Hà Nội","1,45 tỷ","bế văn đàn, Phường Hà Cầu, Quận Hà Đông, Hà Nội",68 m²,6 PN,4 WC,7,Sổ đỏ / Sổ hồng,22/02/202500:00
"Bán  Nhà riêng tạiĐức Thắng, Phường Đức Thắng, Quận Bắc Từ Liêm, Hà Nội","8,80 tỷ","Đức Thắng, Phường Đức Thắng, Quận Bắc Từ Liêm, Hà Nội",50 m²,4 PN,4 WC,4,Sổ đỏ / Sổ hồng,15/03/202500:00
"Bán  Nhà mặt phố tạiHoàng Quốc Việt, Phường Cổ Nhuế 1, Quận Bắc Từ Liêm, Hà Nội",22 tỷ,"Hoàng Quốc Việt, Phường Cổ Nhuế 1, Quận Bắc Từ Liêm, Hà Nội",65 m²,6 PN,8 WC,6,Sổ đỏ / Sổ hồng,16/03/202500:00
"Bán  Nhà riêng tạiđường Ngọc Lâm, Phường Ngọc Lâm, Quận Long Biên, Hà Nội",12 tỷ,"đường Ngọc Lâm, Phường Ngọc Lâm, Quận Long Biên, Hà Nội",70 m²,4 PN,3 WC,6,Sổ đỏ / Sổ hồng,06/03/202500:00
"Bán  Nhà riêng tạiPhố Ngõ Trạm, Phường Long Biên, Quận Long Biên, Hà Nội","5,50 tỷ","Phố Ngõ Trạm, Phường Long Biên, Quận Long Biên, Hà Nội",87 m²,1 PN,,1,Sổ đỏ / Sổ hồng,06/03/202500:00
"Bán  Nhà biệt thự, liền kề tạiĐại lộ Thăng Long, Phường Tây Mỗ, Quận Nam Từ Liêm, Hà Nội",62 tỷ,"Đại lộ Thăng Long, Phường Tây Mỗ, Quận Nam Từ Liêm, Hà Nội",372 m²,7 PN,9 WC,4,Sổ đỏ / Sổ hồng,15/03/202500:00
"Bán  Nhà riêng tạiAn Dương Vương, Phường Phú Thượng, Quận Tây Hồ, Hà Nội",Thỏa thuận,"An Dương Vương, Phường Phú Thượng, Quận Tây Hồ, Hà Nội",32 m²,3 PN,4 WC,5,Sổ đỏ / Sổ hồng,06/03/202500:00
"Bán  Nhà riêng tạiPhường Văn Quán, Quận Hà Đông, Hà Nội","20,50 tỷ","Phường Văn Quán, Quận Hà Đông, Hà Nội",85 m²,8 PN,6 WC,6,Sổ đỏ / Sổ hồng,21/02/202500:00
"Bán  Nhà biệt thự, liền kề tại216 ngõ 65 đường An Thắng, Phường Biên Giang, Quận Hà Đông, Hà Nội",3 tỷ,"216 ngõ 65 đường An Thắng, Phường Biên Giang, Quận Hà Đông, Hà Nội",30 m²,3 PN,3 WC,4,Sổ đỏ / Sổ hồng,08/03/202500:00
"Bán  Nhà riêng tạiPhường Cổ Nhuế 2, Quận Bắc Từ Liêm, Hà Nội",14 tỷ,"Phường Cổ Nhuế 2, Quận Bắc Từ Liêm, Hà Nội",50 m²,2 PN,3 WC,4,Sổ đỏ / Sổ hồng,06/03/202500:00
"Bán  Nhà riêng tạiđường 50, Phường Đồng Mai, Quận Hà Đông, Hà Nội","5,70 tỷ","đường 50, Phường Đồng Mai, Quận Hà Đông, Hà Nội",180 m²,4 PN,3 WC,3,Sổ đỏ / Sổ hồng,06/03/202500:00
"Bán  Nhà riêng tạiPhường Ngọc Thụy, Quận Long Biên, Hà Nội",6 tỷ,"Phường Ngọc Thụy, Quận Long Biên, Hà Nội",40 m²,3 PN,3 WC,4,Sổ đỏ / Sổ hồng,06/03/202500:00
"Bán  Nhà riêng tạiPhường Hoàng Văn Thụ, Quận Hoàng Mai, Hà Nội",6 tỷ,"Phường Hoàng Văn Thụ, Quận Hoàng Mai, Hà Nội",30 m²,3 PN,3 WC,4,Sổ đỏ / Sổ hồng,06/03/202500:00
"Bán  Nhà riêng tạiđường Nguyễn Đức Cảnh, Phường Tương Mai, Quận Hoàng Mai, Hà Nội","5,55 tỷ","đường Nguyễn Đức Cảnh, Phường Tương Mai, Quận Hoàng Mai, Hà Nội",56 m²,5 PN,4 WC,5,Sổ đỏ / Sổ hồng,06/03/202500:00
"Bán  Nhà riêng tạiPhường Tân Mai, Quận Hoàng Mai, Hà Nội",11 tỷ,"Phường Tân Mai, Quận Hoàng Mai, Hà Nội",50 m²,,,,Sổ đỏ / Sổ hồng,06/03/202500:00
"Bán  Nhà mặt phố tạiPhường Mỹ Đình 1, Quận Nam Từ Liêm, Hà Nội",11 tỷ,"Phường Mỹ Đình 1, Quận Nam Từ Liêm, Hà Nội",40 m²,4 PN,4 WC,5,Sổ đỏ / Sổ hồng,06/03/202500:00
"Bán  Nhà riêng tạiPhường Phúc Lợi, Quận Long Biên, Hà Nội","6,55 tỷ","Phường Phúc Lợi, Quận Long Biên, Hà Nội",63 m²,4 PN,1 WC,4,Sổ đỏ / Sổ hồng,06/03/202500:00
"Bán  Nhà mặt phố tại24 Phú Thượng, Phường Phú Thượng, Quận Tây Hồ, Hà Nội","17,20 tỷ","24 Phú Thượng, Phường Phú Thượng, Quận Tây Hồ, Hà Nội",83 m²,4 PN,4 WC,3,Sổ đỏ / Sổ hồng,06/03/202500:00
"Bán  Nhà riêng tạiTrích Sài, Phường Bưởi, Quận Tây Hồ, Hà Nội","17,20 tỷ","Trích Sài, Phường Bưởi, Quận Tây Hồ, Hà Nội",43 m²,6 PN,6 WC,5,Sổ đỏ / Sổ hồng,06/03/202500:00
"Bán  Nhà riêng tạiPhường Mỹ Đình 2, Quận Nam Từ Liêm, Hà Nội","8,50 tỷ","Phường Mỹ Đình 2, Quận Nam Từ Liêm, Hà Nội",45 m²,5 PN,,6,Sổ đỏ / Sổ hồng,06/03/202500:00
"Bán  Nhà riêng tạiphố Lụa, Phường Vạn Phúc, Quận Hà Đông, Hà Nội",6 tỷ,"phố Lụa, Phường Vạn Phúc, Quận Hà Đông, Hà Nội",35 m²,5 PN,4 WC,5,Sổ đỏ / Sổ hồng,06/03/202500:00
"Bán  Nhà mặt phố tạiPhan Đình Giót, Phường La Khê, Quận Hà Đông, Hà Nội","9,20 tỷ","Phan Đình Giót, Phường La Khê, Quận Hà Đông, Hà Nội",41 m²,3 PN,3 WC,5,Sổ đỏ / Sổ hồng,06/03/202500:00
"Bán  Nhà riêng tạiHà Trì 4, Phường Hà Cầu, Quận Hà Đông, Hà Nội","6,50 tỷ","Hà Trì 4, Phường Hà Cầu, Quận Hà Đông, Hà Nội",33 m²,3 PN,4 WC,5,Sổ đỏ / Sổ hồng,06/03/202500:00
"Bán  Nhà riêng tạiKim Giang, Phường Đại Kim, Quận Hoàng Mai, Hà Nội",65 tỷ,"Kim Giang, Phường Đại Kim, Quận Hoàng Mai, Hà Nội",36 m²,4 PN,3 WC,4,Sổ đỏ / Sổ hồng,06/03/202500:00
"Bán  Nhà riêng tạiThanh Bình, Phường Mộ Lao, Quận Hà Đông, Hà Nội",10 tỷ,"Thanh Bình, Phường Mộ Lao, Quận Hà Đông, Hà Nội",38 m²,3 PN,4 WC,5,Sổ đỏ / Sổ hồng,06/03/202500:00
"Bán  Nhà riêng tạiđường Ao Sen , Phường Mộ Lao, Quận Hà Đông, Hà Nội","12,80 tỷ","đường Ao Sen , Phường Mộ Lao, Quận Hà Đông, Hà Nội",60 m²,4 PN,2 WC,4,Sổ đỏ / Sổ hồng,06/03/202500:00
"Bán  Nhà riêng tạiđường Phú Mỹ, Phường Mỹ Đình 2, Quận Nam Từ Liêm, Hà Nội","5,70 tỷ","đường Phú Mỹ, Phường Mỹ Đình 2, Quận Nam Từ Liêm, Hà Nội",31 m²,3 PN,4 WC,5,Sổ đỏ / Sổ hồng,06/03/202500:00
"Bán  Nhà riêng tạiPhường Phúc Lợi, Quận Long Biên, Hà Nội","7,90 tỷ","Phường Phúc Lợi, Quận Long Biên, Hà Nội",36 m²,4 PN,4 WC,6,Sổ đỏ / Sổ hồng,06/03/202500:00
"Bán  Nhà riêng tạiXuân Phương, Phường Xuân Phương, Quận Nam Từ Liêm, Hà Nội","6,35 tỷ","Xuân Phương, Phường Xuân Phương, Quận Nam Từ Liêm, Hà Nội",51 m²,3 PN,2 WC,5,Sổ đỏ / Sổ hồng,06/03/202500:00
"Bán Nhà biệt thự, liền kề theo dự ánKhu đô thị Kiến Hưng tại Khu đô thị Kiến Hưng, phố Phúc La, Phường Kiến Hưng, Quận Hà Đông, Hà Nội","18,50 tỷ","Khu đô thị Kiến Hưng, phố Phúc La, Phường Kiến Hưng, Quận Hà Đông, Hà Nội",70 m²,4 PN,5 WC,5,Sổ đỏ / Sổ hồng,05/03/202500:00
"Bán  Nhà riêng tạiđường Lụa, Phường Vạn Phúc, Quận Hà Đông, Hà Nội","6,90 tỷ","đường Lụa, Phường Vạn Phúc, Quận Hà Đông, Hà Nội",35 m²,2 PN,3 WC,5,Sổ đỏ / Sổ hồng,06/03/202500:00
"Bán  Nhà riêng tạiTrần Cung, Phường Cổ Nhuế 1, Quận Bắc Từ Liêm, Hà Nội","6,55 tỷ","Trần Cung, Phường Cổ Nhuế 1, Quận Bắc Từ Liêm, Hà Nội",34 m²,3 PN,4 WC,5,Sổ đỏ / Sổ hồng,06/03/202500:00
"Bán  Nhà riêng tạiPhường Đức Giang, Quận Long Biên, Hà Nội","16,50 tỷ","Phường Đức Giang, Quận Long Biên, Hà Nội",90 m²,5 PN,6 WC,4,Sổ đỏ / Sổ hồng,05/03/202500:00
"Bán  Nhà riêng tạiĐại Từ, Phường Đại Kim, Quận Hoàng Mai, Hà Nội","6,28 tỷ","Đại Từ, Phường Đại Kim, Quận Hoàng Mai, Hà Nội",35 m²,3 PN,,5,Sổ đỏ / Sổ hồng,05/03/202500:00
"Bán  Nhà riêng tạiđường Nguyễn Văn Cừ, Phường Bồ Đề, Quận Long Biên, Hà Nội",55 tỷ,"đường Nguyễn Văn Cừ, Phường Bồ Đề, Quận Long Biên, Hà Nội",115 m²,5 PN,,8,Sổ đỏ / Sổ hồng,05/03/202500:00
"Bán  Nhà riêng tạiđường Nguyễn Văn Cừ, Phường Gia Thụy, Quận Long Biên, Hà Nội",Thỏa thuận,"đường Nguyễn Văn Cừ, Phường Gia Thụy, Quận Long Biên, Hà Nội",70 m²,5 PN,5 WC,6,Sổ đỏ / Sổ hồng,05/03/202500:00
"Bán  Nhà riêng tạiđường Mậu Lương, Phường Kiến Hưng, Quận Hà Đông, Hà Nội","5,30 tỷ","đường Mậu Lương, Phường Kiến Hưng, Quận Hà Đông, Hà Nội",37 m²,3 PN,4 WC,4,Sổ đỏ / Sổ hồng,05/03/202500:00
"Bán  Nhà riêng tạiXuân đỉnh, Phường Xuân Đỉnh, Quận Bắc Từ Liêm, Hà Nội","7,35 tỷ","Xuân đỉnh, Phường Xuân Đỉnh, Quận Bắc Từ Liêm, Hà Nội",42 m²,,,6,Sổ đỏ / Sổ hồng,05/03/202500:00
"Bán  Nhà riêng tạiNam Dư, Phường Lĩnh Nam, Quận Hoàng Mai, Hà Nội","2,98 tỷ","Nam Dư, Phường Lĩnh Nam, Quận Hoàng Mai, Hà Nội",30 m²,3 PN,4 WC,5,Sổ đỏ / Sổ hồng,05/03/202500:00
"Bán  Nhà riêng tạiPhường Hoàng Liệt, Quận Hoàng Mai, Hà Nội","4,50 tỷ","Phường Hoàng Liệt, Quận Hoàng Mai, Hà Nội",32 m²,3 PN,,5,Sổ đỏ / Sổ hồng,05/03/202500:00
"Bán  Nhà mặt phố tạiVõ Chí Công, Phường Xuân La, Quận Tây Hồ, Hà Nội",175 tỷ,"Võ Chí Công, Phường Xuân La, Quận Tây Hồ, Hà Nội",396 m²,2 PN,1 WC,8,Sổ đỏ / Sổ hồng,05/03/202500:00
"Bán  Nhà riêng tạiNgõ 264 Ngách 21 Tỏ 36 Phường Ngọc Thuỵ đường Bắc Cầu, Phường Long Biên, Quận Long Biên, Hà Nội","5,90 tỷ","Ngõ 264 Ngách 21 Tỏ 36 Phường Ngọc Thuỵ đường Bắc Cầu, Phường Long Biên, Quận Long Biên, Hà Nội",87 m²,,,1,Sổ đỏ / Sổ hồng,04/03/202500:00
"Bán  Nhà riêng tạiLĩnh Nam, Phường Vĩnh Hưng, Quận Hoàng Mai, Hà Nội","3,90 tỷ","Lĩnh Nam, Phường Vĩnh Hưng, Quận Hoàng Mai, Hà Nội",30 m²,4 PN,4 WC,4,Hợp đồng mua bán,05/03/202500:00
"Bán  Nhà riêng tạiPhường Quang Trung, Quận Hà Đông, Hà Nội","5,10 tỷ","Phường Quang Trung, Quận Hà Đông, Hà Nội",58 m²,2 PN,3 WC,4,Sổ đỏ / Sổ hồng,05/03/202500:00
"Bán  Nhà riêng tạiVăn Phú, Phường Phú La, Quận Hà Đông, Hà Nội","4,10 tỷ","Văn Phú, Phường Phú La, Quận Hà Đông, Hà Nội",30 m²,2 PN,3 WC,4,Sổ đỏ / Sổ hồng,05/03/202500:00
"Bán  Nhà riêng tạiPhường Ngọc Thụy, Quận Long Biên, Hà Nội","5,75 tỷ","Phường Ngọc Thụy, Quận Long Biên, Hà Nội",41 m²,,,,Sổ đỏ / Sổ hồng,04/03/202500:00
"Bán  Nhà riêng tạiThanh Lâm, Phường Phú Lãm, Quận Hà Đông, Hà Nội","4,80 tỷ","Thanh Lâm, Phường Phú Lãm, Quận Hà Đông, Hà Nội",34 m²,3 PN,,4,Sổ đỏ / Sổ hồng,05/03/202500:00
"Bán  Nhà riêng tạiĐường Thụy Khuê, Phường Thụy Khuê, Quận Tây Hồ, Hà Nội","7,90 tỷ","Đường Thụy Khuê, Phường Thụy Khuê, Quận Tây Hồ, Hà Nội",30 m²,,,6,,21/02/202500:00
"Bán  Nhà riêng tạiVũ Xuân Thiều, Phường Sài Đồng, Quận Long Biên, Hà Nội",8 tỷ,"Vũ Xuân Thiều, Phường Sài Đồng, Quận Long Biên, Hà Nội",45 m²,,,5,,21/02/202500:00
"Bán  Nhà riêng tạiPhố Vĩnh Hưng, Phường Vĩnh Hưng, Quận Hoàng Mai, Hà Nội","2,65 tỷ","Phố Vĩnh Hưng, Phường Vĩnh Hưng, Quận Hoàng Mai, Hà Nội",25 m²,3 PN,3 WC,3,Giấy viết tay,04/03/202500:00
"Bán  Nhà riêng tạisố 20, Phường Phú Đô, Quận Nam Từ Liêm, Hà Nội","4,80 tỷ","số 20, Phường Phú Đô, Quận Nam Từ Liêm, Hà Nội",35 m²,3 PN,3 WC,4,Sổ đỏ / Sổ hồng,04/03/202500:00
"Bán  Nhà mặt phố tạiPhường Yên Sở, Quận Hoàng Mai, Hà Nội",Thỏa thuận,"Phường Yên Sở, Quận Hoàng Mai, Hà Nội",60 m²,,,,Sổ đỏ / Sổ hồng,04/03/202500:00
"Bán  Nhà riêng tạiPhố Trần Phú, Phường Mộ Lao, Quận Hà Đông, Hà Nội","11,75 tỷ","Phố Trần Phú, Phường Mộ Lao, Quận Hà Đông, Hà Nội",52 m²,,,3,,21/02/202500:00
"Bán  Nhà mặt phố tạiĐường Phố Trạm, Phường Long Biên, Quận Long Biên, Hà Nội","14,50 tỷ","Đường Phố Trạm, Phường Long Biên, Quận Long Biên, Hà Nội",52 m²,,,8,,21/02/202500:00
"Bán  Nhà riêng tạiPhường Yên Nghĩa, Quận Hà Đông, Hà Nội","6,75 tỷ","Phường Yên Nghĩa, Quận Hà Đông, Hà Nội",50 m²,4 PN,4 WC,4,Sổ đỏ / Sổ hồng,03/03/202500:00
"Bán  Nhà mặt phố tạiPhường Xuân La, Quận Tây Hồ, Hà Nội",1 tỷ,"Phường Xuân La, Quận Tây Hồ, Hà Nội",500 m²,10 PN,10 WC,10,Sổ đỏ / Sổ hồng,21/02/202500:00
"Bán  Nhà mặt phố tạiĐường Cầu Diễn, Phường Phú Diễn, Quận Bắc Từ Liêm, Hà Nội","27,50 tỷ","Đường Cầu Diễn, Phường Phú Diễn, Quận Bắc Từ Liêm, Hà Nội",70 m²,,,8,,17/02/202500:00
"Bán  Nhà riêng tạiĐường Họa Mi, Phường Giáp Bát, Quận Hoàng Mai, Hà Nội",21 tỷ,"Đường Họa Mi, Phường Giáp Bát, Quận Hoàng Mai, Hà Nội",103 m²,,,5,,17/02/202500:00
"Bán  Nhà riêng tạiĐường Nguyễn Chính, Phường Hoàng Liệt, Quận Hoàng Mai, Hà Nội","14,20 tỷ","Đường Nguyễn Chính, Phường Hoàng Liệt, Quận Hoàng Mai, Hà Nội",46 m²,,,5,,17/02/202500:00
"Bán  Nhà riêng tạiĐường Bát Khối, Phường Long Biên, Quận Long Biên, Hà Nội","7,45 tỷ","Đường Bát Khối, Phường Long Biên, Quận Long Biên, Hà Nội",36 m²,,,6,,17/02/202500:00
"Bán Nhà biệt thự, liền kề theo dự ánFLC Premier Parc Đại Mỗ tại Dự án FLC Premier Parc Đại Mỗ, Đường 70, Phường Đại Mỗ, Nam Từ Liêm, Hà Nội",38 tỷ,"Dự án FLC Premier Parc Đại Mỗ, Đường 70, Phường Đại Mỗ, Nam Từ Liêm, Hà Nội",100 m²,,,,Hợp đồng mua bán,24/10/202509:14
"Bán Nhà biệt thự, liền kề theo dự ánFLC Premier Parc Đại Mỗ tại FLC Premier Parc Đại Mỗ, 70, Đại Mỗ, Nam Từ Liêm, Hà Nội",30 tỷ,"FLC Premier Parc Đại Mỗ, 70, Đại Mỗ, Nam Từ Liêm, Hà Nội",120 m²,4 PN,,,Hợp đồng mua bán,24/10/202509:38
"Bán Nhà biệt thự, liền kề theo dự ánFLC Premier Parc Đại Mỗ tại FLC Premier Parc Đại Mỗ, Đường 70, Phường Đại Mỗ, Nam Từ Liêm, Hà Nội",28 tỷ,"FLC Premier Parc Đại Mỗ, Đường 70, Phường Đại Mỗ, Nam Từ Liêm, Hà Nội",100 m²,5 PN,5 WC,5,Sổ đỏ / Sổ hồng,24/10/202509:07
"Bán Nhà biệt thự, liền kề theo dự ánFLC Premier Parc Đại Mỗ tại FLC Premier Parc Đại Mỗ, 70, Đại Mỗ, Nam Từ Liêm, Hà Nội",25 tỷ,"FLC Premier Parc Đại Mỗ, 70, Đại Mỗ, Nam Từ Liêm, Hà Nội",90 m²,5 PN,5 WC,5,Hợp đồng mua bán,24/10/202509:04
"Bán  Nhà biệt thự, liền kề tạiPhường Xuân Tảo, Quận Bắc Từ Liêm, Hà Nội",200 tỷ,"Phường Xuân Tảo, Quận Bắc Từ Liêm, Hà Nội",303 m²,8 PN,5 WC,4,Sổ đỏ / Sổ hồng,24/10/202511:00
"Bán Nhà biệt thự, liền kề theo dự ánKĐT Tây Hồ Tây - Starlake Hà Nội tại Đường Nguyễn Văn Huyên, Xuân La, Tây Hồ, Hà Nội",186 tỷ,"Đường Nguyễn Văn Huyên, Xuân La, Tây Hồ, Hà Nội",227 m²,8 PN,8 WC,,Sổ đỏ / Sổ hồng,24/10/202511:38
"Bán Nhà biệt thự, liền kề theo dự ánFLC Premier Parc Đại Mỗ tại Dự án FLC Premier Parc Đại Mỗ, Đường 70, Phường Đại Mỗ, Nam Từ Liêm, Hà Nội","21,60 tỷ","Dự án FLC Premier Parc Đại Mỗ, Đường 70, Phường Đại Mỗ, Nam Từ Liêm, Hà Nội",110 m²,4 PN,6 WC,5,Sổ đỏ / Sổ hồng,24/10/202509:11
"Bán Nhà biệt thự, liền kề theo dự ánKĐT Tây Hồ Tây - Starlake Hà Nội tại Đường Nguyễn Văn Huyên, Xuân La, Tây Hồ, Hà Nội","61,50 tỷ","Đường Nguyễn Văn Huyên, Xuân La, Tây Hồ, Hà Nội",142 m²,6 PN,8 WC,,Sổ đỏ / Sổ hồng,24/10/202511:41
"Bán Nhà biệt thự, liền kề theo dự ánFLC Premier Parc Đại Mỗ tại Dự án FLC Premier Parc Đại Mỗ, Đường 70, Phường Đại Mỗ, Nam Từ Liêm, Hà Nội",Thỏa thuận,"Dự án FLC Premier Parc Đại Mỗ, Đường 70, Phường Đại Mỗ, Nam Từ Liêm, Hà Nội",120 m²,,,,,24/10/202509:36
"Bán Nhà biệt thự, liền kề theo dự ánFLC Premier Parc Đại Mỗ tại Dự án FLC Premier Parc Đại Mỗ, Đường 70, Phường Đại Mỗ, Nam Từ Liêm, Hà Nội",37 tỷ,"Dự án FLC Premier Parc Đại Mỗ, Đường 70, Phường Đại Mỗ, Nam Từ Liêm, Hà Nội",96 m²,6 PN,5 WC,5,Hợp đồng mua bán,24/10/202509:32
"Bán Nhà biệt thự, liền kề theo dự ánFLC Premier Parc Đại Mỗ tại FLC Premier Parc Đại Mỗ, Đường 70, Phường Đại Mỗ, Nam Từ Liêm, Hà Nội",Thỏa thuận,"FLC Premier Parc Đại Mỗ, Đường 70, Phường Đại Mỗ, Nam Từ Liêm, Hà Nội",96 m²,,,6,Hợp đồng mua bán,24/10/202509:17
"Bán Nhà biệt thự, liền kề theo dự ánFLC Premier Parc Đại Mỗ tại Dự án FLC Premier Parc Đại Mỗ, Đường 70, Phường Đại Mỗ, Nam Từ Liêm, Hà Nội","23,50 tỷ","Dự án FLC Premier Parc Đại Mỗ, Đường 70, Phường Đại Mỗ, Nam Từ Liêm, Hà Nội",90 m²,5 PN,5 WC,5,Hợp đồng mua bán,24/10/202509:42
"Bán  Nhà riêng tạiXuân La, Phường Bưởi, Quận Tây Hồ, Hà Nội","19,20 tỷ","Xuân La, Phường Bưởi, Quận Tây Hồ, Hà Nội",65 m²,,,5,Sổ đỏ / Sổ hồng,13/10/202516:18
"Bán  Nhà mặt phố tạiPhường Phú Đô, Quận Nam Từ Liêm, Hà Nội",Thỏa thuận,"Phường Phú Đô, Quận Nam Từ Liêm, Hà Nội",45 m²,6 PN,,5,Sổ đỏ / Sổ hồng,13/10/202516:22
"Bán Nhà biệt thự, liền kề theo dự ánFLC Premier Parc Đại Mỗ tại Dự án FLC Premier Parc Đại Mỗ, Đường 70, Phường Đại Mỗ, Nam Từ Liêm, Hà Nội",25 tỷ,"Dự án FLC Premier Parc Đại Mỗ, Đường 70, Phường Đại Mỗ, Nam Từ Liêm, Hà Nội",90 m²,,,4,,23/10/202508:27
"Bán Nhà biệt thự, liền kề theo dự ánFLC Premier Parc Đại Mỗ tại Dự án FLC Premier Parc Đại Mỗ, Đường 70, Phường Đại Mỗ, Nam Từ Liêm, Hà Nội",23 tỷ,"Dự án FLC Premier Parc Đại Mỗ, Đường 70, Phường Đại Mỗ, Nam Từ Liêm, Hà Nội",120 m²,,,,Hợp đồng mua bán,24/10/202508:27
"Bán Nhà biệt thự, liền kề theo dự ánFLC Premier Parc Đại Mỗ tại Dự án FLC Premier Parc Đại Mỗ, Đường 70, Phường Đại Mỗ, Nam Từ Liêm, Hà Nội",Thỏa thuận,"Dự án FLC Premier Parc Đại Mỗ, Đường 70, Phường Đại Mỗ, Nam Từ Liêm, Hà Nội",192 m²,,,6,Hợp đồng mua bán,23/10/202516:04
"Bán Nhà biệt thự, liền kề theo dự ánFLC Premier Parc Đại Mỗ tại FLC Premier Parc Đại Mỗ, 70, Đại Mỗ, Nam Từ Liêm, Hà Nội",Thỏa thuận,"FLC Premier Parc Đại Mỗ, 70, Đại Mỗ, Nam Từ Liêm, Hà Nội",96 m²,,,5,,24/10/202508:32
"Bán Nhà biệt thự, liền kề theo dự ánFLC Premier Parc Đại Mỗ tại FLC Premier Parc Đại Mỗ, 70, Đại Mỗ, Nam Từ Liêm, Hà Nội",23 tỷ,"FLC Premier Parc Đại Mỗ, 70, Đại Mỗ, Nam Từ Liêm, Hà Nội",90 m²,3 PN,,,Hợp đồng mua bán,24/10/202508:21
"Bán Nhà biệt thự, liền kề theo dự ánFLC Premier Parc Đại Mỗ tại FLC Premier Parc Đại Mỗ, Đường 70, Phường Đại Mỗ, Nam Từ Liêm, Hà Nội",Thỏa thuận,"FLC Premier Parc Đại Mỗ, Đường 70, Phường Đại Mỗ, Nam Từ Liêm, Hà Nội",192 m²,8 PN,,6,Hợp đồng mua bán,23/10/202516:26
"Bán Nhà biệt thự, liền kề theo dự ánFLC Premier Parc Đại Mỗ tại FLC Premier Parc Đại Mỗ, 70, Đại Mỗ, Nam Từ Liêm, Hà Nội",26 tỷ,"FLC Premier Parc Đại Mỗ, 70, Đại Mỗ, Nam Từ Liêm, Hà Nội",100 m²,4 PN,4 WC,4,Hợp đồng mua bán,24/10/202508:19
"Bán Nhà biệt thự, liền kề theo dự ánFLC Premier Parc Đại Mỗ tại Dự án FLC Premier Parc Đại Mỗ, Đường 70, Phường Đại Mỗ, Nam Từ Liêm, Hà Nội",39 tỷ,"Dự án FLC Premier Parc Đại Mỗ, Đường 70, Phường Đại Mỗ, Nam Từ Liêm, Hà Nội",96 m²,,,6,Hợp đồng mua bán,24/10/202508:16
"Bán  Nhà biệt thự, liền kề tạiPhường Dương Nội, Quận Hà Đông, Hà Nội","57,89 tỷ","Phường Dương Nội, Quận Hà Đông, Hà Nội",239 m²,4 PN,4 WC,4,Sổ đỏ / Sổ hồng,13/10/202515:45
"Bán Nhà biệt thự, liền kề theo dự ánFLC Premier Parc Đại Mỗ tại FLC Premier Parc Đại Mỗ, Đường 70, Phường Đại Mỗ, Nam Từ Liêm, Hà Nội",120 tỷ,"FLC Premier Parc Đại Mỗ, Đường 70, Phường Đại Mỗ, Nam Từ Liêm, Hà Nội",320 m²,,,3,Sổ đỏ / Sổ hồng,22/10/202508:45
"Bán  Nhà mặt phố tạiPhường Cự Khối, Quận Long Biên, Hà Nội","28,50 tỷ","Phường Cự Khối, Quận Long Biên, Hà Nội",140 m²,,,8,,13/10/202515:23
"Bán  Nhà riêng tạiPhường Xuân La, Quận Tây Hồ, Hà Nội",25 tỷ,"Phường Xuân La, Quận Tây Hồ, Hà Nội",70 m²,5 PN,4 WC,4,Sổ đỏ / Sổ hồng,11/10/202515:11
"Bán Nhà biệt thự, liền kề theo dự ánLouis City tại Louis City Đại mỗ, Phường Đại Mỗ, Quận Nam Từ Liêm, Hà Nội",63 tỷ,"Louis City Đại mỗ, Phường Đại Mỗ, Quận Nam Từ Liêm, Hà Nội",180 m²,5 PN,6 WC,5,Sổ đỏ / Sổ hồng,13/10/202514:57
"Bán  Nhà biệt thự, liền kề tạiKđt Văn Phú, Phường Phú La, Quận Hà Đông, Hà Nội",21 tỷ,"Kđt Văn Phú, Phường Phú La, Quận Hà Đông, Hà Nội",90 m²,,,5,Sổ đỏ / Sổ hồng,11/10/202515:53
"Bán  Nhà biệt thự, liền kề tạiKđt Văn Phú, Phường Phú La, Quận Hà Đông, Hà Nội",29 tỷ,"Kđt Văn Phú, Phường Phú La, Quận Hà Đông, Hà Nội",123 m²,,,5,Sổ đỏ / Sổ hồng,11/10/202516:00
"Bán  Nhà riêng tạiĐường Bát Khối, Long Biên, Long Biên, Hà Nội","10,85 tỷ","Đường Bát Khối, Long Biên, Long Biên, Hà Nội",40 m²,3 PN,4 WC,5,Sổ đỏ / Sổ hồng,11/10/202513:46
"Bán  Nhà riêng tạiPhường Bồ Đề, Quận Long Biên, Hà Nội","14,50 tỷ","Phường Bồ Đề, Quận Long Biên, Hà Nội",43 m²,4 PN,,6,Sổ đỏ / Sổ hồng,11/10/202514:35
"Bán  Nhà riêng tạiĐường Phú Lương, Phú Lãm, Hà Đông, Hà Nội","8,90 tỷ","Đường Phú Lương, Phú Lãm, Hà Đông, Hà Nội",46 m²,4 PN,5 WC,6,Sổ đỏ / Sổ hồng,11/10/202513:50
"Bán  Nhà riêng tạiPhường Xuân La, Quận Tây Hồ, Hà Nội",13 tỷ,"Phường Xuân La, Quận Tây Hồ, Hà Nội",51 m²,7 PN,6 WC,6,Sổ đỏ / Sổ hồng,11/10/202514:43
"Bán  Nhà riêng tạiPhường Phú Đô, Quận Nam Từ Liêm, Hà Nội","7,75 tỷ","Phường Phú Đô, Quận Nam Từ Liêm, Hà Nội",32 m²,,,5,Sổ đỏ / Sổ hồng,11/10/202514:33
"Bán  Nhà riêng tạiĐường Cổ Linh, Phường Long Biên, Quận Long Biên, Hà Nội","9,60 tỷ","Đường Cổ Linh, Phường Long Biên, Quận Long Biên, Hà Nội",40 m²,4 PN,3 WC,6,,11/10/202508:52
"Bán  Nhà riêng tạiLê Quang Đạo, Phường Phú Đô, Quận Nam Từ Liêm, Hà Nội","8,60 tỷ","Lê Quang Đạo, Phường Phú Đô, Quận Nam Từ Liêm, Hà Nội",45 m²,7 PN,,5,,10/10/202516:58
"Bán  Nhà riêng tạiLê Quang Đạo, Phường Phú Đô, Quận Nam Từ Liêm, Hà Nội","8,60 tỷ","Lê Quang Đạo, Phường Phú Đô, Quận Nam Từ Liêm, Hà Nội",45 m²,,,5,,10/10/202516:55
"Bán  Nhà riêng tạiNam Dư, Hoàng Mai, Hà Nội","6,85 tỷ","Nam Dư, Hoàng Mai, Hà Nội",36 m²,,,5,Sổ đỏ / Sổ hồng,11/10/202510:08
"Bán  Nhà riêng tạiPhố Tân Mai, Phường Tân Mai, Quận Hoàng Mai, Hà Nội","1,60 tỷ","Phố Tân Mai, Phường Tân Mai, Quận Hoàng Mai, Hà Nội",17 m²,2 PN,2 WC,5,,11/10/202508:21
"Bán  Nhà riêng tạiPhường Giang Biên, Quận Long Biên, Hà Nội","16,55 tỷ","Phường Giang Biên, Quận Long Biên, Hà Nội",55 m²,,,7,,10/10/202515:54
"Bán  Nhà riêng tạiMỹ Đình II, Phường Mỹ Đình 1, Quận Nam Từ Liêm, Hà Nội","10,80 tỷ","Mỹ Đình II, Phường Mỹ Đình 1, Quận Nam Từ Liêm, Hà Nội",48 m²,,,6,,10/10/202516:03
"Bán  Nhà riêng tạiPhường Đại Kim, Quận Hoàng Mai, Hà Nội","4,25 tỷ","Phường Đại Kim, Quận Hoàng Mai, Hà Nội",42 m²,3 PN,2 WC,3,,10/10/202511:43
"Bán  Nhà riêng tạiPhường Phú Lương, Quận Hà Đông, Hà Nội","4,70 tỷ","Phường Phú Lương, Quận Hà Đông, Hà Nội",30 m²,3 PN,4 WC,4,Sổ đỏ / Sổ hồng,10/10/202514:44
"Bán  Nhà riêng tạiPhố Hồng Tiến, Phường Bồ Đề, Quận Long Biên, Hà Nội","14,50 tỷ","Phố Hồng Tiến, Phường Bồ Đề, Quận Long Biên, Hà Nội",45 m²,4 PN,6 WC,7,Sổ đỏ / Sổ hồng,09/10/202516:54
"Bán  Nhà riêng tạiĐường Phố Trạm, Long Biên, Long Biên, Hà Nội","22,80 tỷ","Đường Phố Trạm, Long Biên, Long Biên, Hà Nội",80 m²,5 PN,7 WC,7,Sổ đỏ / Sổ hồng,09/10/202516:44
"Bán  Nhà riêng tạiĐường Tư Đình, Long Biên, Long Biên, Hà Nội","22,50 tỷ","Đường Tư Đình, Long Biên, Long Biên, Hà Nội",79 m²,5 PN,7 WC,7,Sổ đỏ / Sổ hồng,09/10/202517:04
"Bán  Nhà riêng tạiĐường Lạc Long Quân, Phường Xuân La, Quận Tây Hồ, Hà Nội",9 tỷ,"Đường Lạc Long Quân, Phường Xuân La, Quận Tây Hồ, Hà Nội",39 m²,4 PN,,6,Sổ đỏ / Sổ hồng,09/10/202516:38
"Bán  Nhà riêng tạiĐường Thanh Lãm, Phú Lãm, Hà Đông, Hà Nội",9 tỷ,"Đường Thanh Lãm, Phú Lãm, Hà Đông, Hà Nội",49 m²,4 PN,5 WC,5,Sổ đỏ / Sổ hồng,09/10/202515:56
"Bán  Nhà riêng tạiĐường Hồ Tùng Mậu, Phú Diễn, Bắc Từ Liêm, Hà Nội","9,50 tỷ","Đường Hồ Tùng Mậu, Phú Diễn, Bắc Từ Liêm, Hà Nội",34 m²,4 PN,4 WC,4,Sổ đỏ / Sổ hồng,09/10/202516:12
"Bán  Nhà riêng tạiPhố An Dương, Phường Yên Phụ, Quận Tây Hồ, Hà Nội","5,60 tỷ","Phố An Dương, Phường Yên Phụ, Quận Tây Hồ, Hà Nội",25 m²,4 PN,4 WC,6,Sổ đỏ / Sổ hồng,09/10/202516:28
"Bán  Nhà riêng tạiĐường Đa Sỹ, Phường Kiến Hưng, Quận Hà Đông, Hà Nội",12 tỷ,"Đường Đa Sỹ, Phường Kiến Hưng, Quận Hà Đông, Hà Nội",102 m²,4 PN,3 WC,,,09/10/202516:19
"Bán Nhà biệt thự, liền kề theo dự ánSolasta Mansion Dương Nội tại Phường Dương Nội, Quận Hà Đông, Hà Nội","40,39 tỷ","Phường Dương Nội, Quận Hà Đông, Hà Nội",171 m²,,,4,Sổ đỏ / Sổ hồng,09/10/202515:25
"Bán  Nhà mặt phố tạiPhường Văn Quán, Quận Hà Đông, Hà Nội",18 tỷ,"Phường Văn Quán, Quận Hà Đông, Hà Nội",75 m²,11 PN,11 WC,7,Sổ đỏ / Sổ hồng,09/10/202515:30
"Bán  Nhà riêng tạiĐường Tân Mai, Tân Mai, Hoàng Mai, Hà Nội",24 tỷ,"Đường Tân Mai, Tân Mai, Hoàng Mai, Hà Nội",60 m²,7 PN,7 WC,7,Sổ đỏ / Sổ hồng,09/10/202516:02
"Bán  Nhà riêng tạiThuỵ Khuê, Phường Thụy Khuê, Quận Tây Hồ, Hà Nội","12,60 tỷ","Thuỵ Khuê, Phường Thụy Khuê, Quận Tây Hồ, Hà Nội","43,8 m²",6 PN,7 WC,5,,09/10/202515:47
"Bán  Nhà riêng tạiĐường Cổ Bản - Nhân Sơn, Phường Đồng Mai, Quận Hà Đông, Hà Nội","4,85 tỷ","Đường Cổ Bản - Nhân Sơn, Phường Đồng Mai, Quận Hà Đông, Hà Nội",34 m²,5 PN,3 WC,4,Sổ đỏ / Sổ hồng,09/10/202515:38
"Bán  Nhà riêng tạiĐường Bát Khối, Long Biên, Long Biên, Hà Nội","5,80 tỷ","Đường Bát Khối, Long Biên, Long Biên, Hà Nội",32 m²,3 PN,,5,Sổ đỏ / Sổ hồng,09/10/202516:14
"Bán  Nhà riêng tạiĐường Đức Giang, Đức Giang, Long Biên, Hà Nội","6,50 tỷ","Đường Đức Giang, Đức Giang, Long Biên, Hà Nội",42 m²,,,,Sổ đỏ / Sổ hồng,09/10/202508:58
"Bán  Nhà riêng tạiPhường Quảng An, Quận Tây Hồ, Hà Nội","1,80 tỷ","Phường Quảng An, Quận Tây Hồ, Hà Nội",63 m²,,,,,09/10/202509:45
"Bán  Nhà riêng tạiĐường Hoàng Mai, Phường Hoàng Văn Thụ, Quận Hoàng Mai, Hà Nội","10,50 tỷ","Đường Hoàng Mai, Phường Hoàng Văn Thụ, Quận Hoàng Mai, Hà Nội",42 m²,4 PN,4 WC,5,,09/10/202509:20
"Bán  Nhà riêng tạiPhường Ngọc Thụy, Quận Long Biên, Hà Nội","17,50 tỷ","Phường Ngọc Thụy, Quận Long Biên, Hà Nội",50 m²,,,7,,09/10/202510:36
"Bán  Nhà riêng tạiĐường Ngọc Thụy, Ngọc Thụy, Long Biên, Hà Nội","7,65 tỷ","Đường Ngọc Thụy, Ngọc Thụy, Long Biên, Hà Nội",38 m²,5 PN,5 WC,5,Sổ đỏ / Sổ hồng,09/10/202513:36
"Bán  Nhà riêng tạiĐường Phúc Lợi, Phúc Lợi, Long Biên, Hà Nội","5,80 tỷ","Đường Phúc Lợi, Phúc Lợi, Long Biên, Hà Nội",36 m²,,,,Sổ đỏ / Sổ hồng,08/10/202517:21
"Bán  Nhà riêng tạiPhường Lĩnh Nam, Quận Hoàng Mai, Hà Nội","4,50 tỷ","Phường Lĩnh Nam, Quận Hoàng Mai, Hà Nội",23 m²,3 PN,3 WC,4,Sổ đỏ / Sổ hồng,09/10/202509:48
"Bán  Nhà riêng tạiĐường Hồng Tiến, Bồ Đề, Long Biên, Hà Nội","11,90 tỷ","Đường Hồng Tiến, Bồ Đề, Long Biên, Hà Nội",40 m²,4 PN,,7,Sổ đỏ / Sổ hồng,08/10/202515:00
"Bán  Nhà riêng tạiKhu 918, Phúc Đồng, Long Biên, Hà Nội","16,50 tỷ","Khu 918, Phúc Đồng, Long Biên, Hà Nội",59 m²,5 PN,5 WC,4,Sổ đỏ / Sổ hồng,08/10/202514:58
"Bán  Nhà riêng tạiĐường Bà Triệu, Hà Cầu, Hà Đông, Hà Nội","9,80 tỷ","Đường Bà Triệu, Hà Cầu, Hà Đông, Hà Nội",47 m²,8 PN,8 WC,5,Sổ đỏ / Sổ hồng,08/10/202510:50
"Bán  Nhà riêng tạiĐường Gia Quất, Thượng Thanh, Long Biên, Hà Nội","18,50 tỷ","Đường Gia Quất, Thượng Thanh, Long Biên, Hà Nội",95 m²,6 PN,,4,Sổ đỏ / Sổ hồng,07/10/202517:30
"Bán  Nhà mặt phố tạiPhường Văn Quán, Hà Đông, Hà Nội","27,50 tỷ","Phường Văn Quán, Hà Đông, Hà Nội",100 m²,6 PN,4 WC,6,Sổ đỏ / Sổ hồng,08/10/202514:48
"Bán  Nhà riêng tạiĐường Mễ Trì, Mễ Trì, Nam Từ Liêm, Hà Nội","7,95 tỷ","Đường Mễ Trì, Mễ Trì, Nam Từ Liêm, Hà Nội",39 m²,3 PN,4 WC,5,Sổ đỏ / Sổ hồng,08/10/202513:59
"Bán  Nhà riêng tạiLàng Phú Mỹ, Phường Mỹ Đình 2, Quận Nam Từ Liêm, Hà Nội",15 tỷ,"Làng Phú Mỹ, Phường Mỹ Đình 2, Quận Nam Từ Liêm, Hà Nội",80 m²,22 PN,,7,Sổ đỏ / Sổ hồng,08/10/202509:51
"Bán  Nhà mặt phố tại527 Giải Phóng, Tương Mai, Hoàng Mai, Hà Nội",400 tỷ,"527 Giải Phóng, Tương Mai, Hoàng Mai, Hà Nội",815 m²,,,2,Sổ đỏ / Sổ hồng,08/10/202514:39
"Bán  Nhà riêng tạiĐường Thanh Lãm, Phú Lãm, Hà Đông, Hà Nội","8,90 tỷ","Đường Thanh Lãm, Phú Lãm, Hà Đông, Hà Nội",44 m²,3 PN,4 WC,5,Sổ đỏ / Sổ hồng,08/10/202511:05
"Bán  Nhà riêng tạiĐường Hồng Tiến, Bồ Đề, Long Biên, Hà Nội","15,50 tỷ","Đường Hồng Tiến, Bồ Đề, Long Biên, Hà Nội",63 m²,6 PN,,5,Sổ đỏ / Sổ hồng,07/10/202514:18
"Bán  Nhà riêng tạiĐường Nguyễn Hoàng, Mỹ Đình 1, Nam Từ Liêm, Hà Nội","9,50 tỷ","Đường Nguyễn Hoàng, Mỹ Đình 1, Nam Từ Liêm, Hà Nội",42 m²,4 PN,3 WC,4,Sổ đỏ / Sổ hồng,07/10/202516:44
"Bán  Nhà riêng tạiĐường Giải Phóng, Thịnh Liệt, Hoàng Mai, Hà Nội","7,18 tỷ","Đường Giải Phóng, Thịnh Liệt, Hoàng Mai, Hà Nội",30 m²,4 PN,4 WC,5,Sổ đỏ / Sổ hồng,07/10/202514:22
"Bán  Nhà riêng tạiĐường 1, Phú Lương, Hà Đông, Hà Nội","5,18 tỷ","Đường 1, Phú Lương, Hà Đông, Hà Nội",32 m²,3 PN,3 WC,5,Sổ đỏ / Sổ hồng,07/10/202514:29
"Bán  Nhà mặt phố tạiĐường Cổ Nhuế, Cổ Nhuế 2, Bắc Từ Liêm, Hà Nội","14,60 tỷ","Đường Cổ Nhuế, Cổ Nhuế 2, Bắc Từ Liêm, Hà Nội",54 m²,6 PN,5 WC,6,Sổ đỏ / Sổ hồng,07/10/202517:28
"Bán  Nhà riêng tạiĐường Lạc Long Quân, Xuân La, Tây Hồ, Hà Nội","10,50 tỷ","Đường Lạc Long Quân, Xuân La, Tây Hồ, Hà Nội",56 m²,2 PN,2 WC,3,Sổ đỏ / Sổ hồng,07/10/202515:25
"Bán  Nhà riêng tạiĐường 1, Phú Lương, Hà Đông, Hà Nội","6,60 tỷ","Đường 1, Phú Lương, Hà Đông, Hà Nội",36 m²,6 PN,4 WC,5,Sổ đỏ / Sổ hồng,07/10/202515:48
"Bán  Nhà riêng tạiĐường Bát Khối, Long Biên, Long Biên, Hà Nội","16,50 tỷ","Đường Bát Khối, Long Biên, Long Biên, Hà Nội",93 m²,,,,Sổ đỏ / Sổ hồng,07/10/202515:27
"Bán  Nhà riêng tạiĐường Thụy Khuê, phường Bưởi, Tây Hồ, Hà Nội","28,80 tỷ","Đường Thụy Khuê, phường Bưởi, Tây Hồ, Hà Nội",41 m²,6 PN,5 WC,5,Sổ đỏ / Sổ hồng,07/10/202516:00
"Bán  Nhà riêng tạiĐường Hồ Tùng Mậu, Phú Diễn, Bắc Từ Liêm, Hà Nội","7,20 tỷ","Đường Hồ Tùng Mậu, Phú Diễn, Bắc Từ Liêm, Hà Nội",40 m²,5 PN,5 WC,5,Sổ đỏ / Sổ hồng,07/10/202514:26
"Bán  Nhà mặt phố tạiĐường Nguyễn Sơn, Bồ Đề, Long Biên Hà Nội","8,80 tỷ","Đường Nguyễn Sơn, Bồ Đề, Long Biên Hà Nội",41 m²,4 PN,3 WC,4,Sổ đỏ / Sổ hồng,06/10/202513:57
"Bán  Nhà riêng tạiĐường Mễ Trì Thượng, Mễ Trì, Nam Từ Liêm Hà Nội","10,80 tỷ","Đường Mễ Trì Thượng, Mễ Trì, Nam Từ Liêm Hà Nội",52 m²,8 PN,5 WC,5,Sổ đỏ / Sổ hồng,06/10/202511:13
"Bán  Nhà riêng tạiĐường Đa Sỹ, Biên Giang Hà Đông Hà Nội","8,50 tỷ","Đường Đa Sỹ, Biên Giang Hà Đông Hà Nội",30 m²,3 PN,4 WC,5,Sổ đỏ / Sổ hồng,06/10/202511:12
"Bán  Nhà mặt phố tạiĐường Trường Lâm, Đức Giang, Long Biên, Hà Nội",26 tỷ,"Đường Trường Lâm, Đức Giang, Long Biên, Hà Nội",86 m²,3 PN,2 WC,7,Sổ đỏ / Sổ hồng,06/10/202515:58
"Bán  Nhà riêng tạiĐường Bồ Đề, phường Bồ Đề, quận Long Biên, Hà Nội","7,90 tỷ","Đường Bồ Đề, phường Bồ Đề, quận Long Biên, Hà Nội",35 m²,4 PN,4 WC,5,Sổ đỏ / Sổ hồng,06/10/202511:40
"Bán  Nhà riêng tạiĐường Võng Thị, Bưởi, Tây Hồ Hà Nội",21 tỷ,"Đường Võng Thị, Bưởi, Tây Hồ Hà Nội",81 m²,4 PN,3 WC,3,Sổ đỏ / Sổ hồng,06/10/202511:37
"Bán  Nhà riêng tạiĐường Phúc Diễn, Phú Diễn, Bắc Từ Liêm Hà Nội","9,55 tỷ","Đường Phúc Diễn, Phú Diễn, Bắc Từ Liêm Hà Nội",36 m²,6 PN,5 WC,6,Sổ đỏ / Sổ hồng,06/10/202514:05
"Bán  Nhà riêng tạiĐường Chiến Thắng, Văn Quán, Hà Đông Hà Nội","12,50 tỷ","Đường Chiến Thắng, Văn Quán, Hà Đông Hà Nội",40 m²,5 PN,3 WC,5,Sổ đỏ / Sổ hồng,06/10/202515:32
"Bán  Nhà riêng tạiĐường Phú Lương, Phú Lương, Hà Đông, Hà Nội",12 tỷ,"Đường Phú Lương, Phú Lương, Hà Đông, Hà Nội",52 m²,1 PN,1 WC,3,Sổ đỏ / Sổ hồng,07/10/202511:54
"Bán  Nhà biệt thự, liền kề tạiĐường Đại lộ Thăng Long, Mễ Trì, Nam Từ Liêm, Hà Nội","36,60 tỷ","Đường Đại lộ Thăng Long, Mễ Trì, Nam Từ Liêm, Hà Nội",132 m²,6 PN,6 WC,4,Sổ đỏ / Sổ hồng,06/10/202510:20
"Bán  Nhà biệt thự, liền kề tạiPhú Lương Kiến Hưng, Hà Đông, Hà Nội","23,60 tỷ","Phú Lương Kiến Hưng, Hà Đông, Hà Nội",200 m²,,,,Hợp đồng mua bán,06/10/202510:28
"Bán  Nhà mặt phố tạiĐường Cương Kiên, Đại Mỗ Nam Từ Liêm Hà Nội","24,80 tỷ","Đường Cương Kiên, Đại Mỗ Nam Từ Liêm Hà Nội",65 m²,10 PN,10 WC,7,Sổ đỏ / Sổ hồng,06/10/202510:48
"Bán  Nhà riêng tạiĐường Nguyễn Văn Cừ, Bồ Đề, Long Biên Hà Nội","13,90 tỷ","Đường Nguyễn Văn Cừ, Bồ Đề, Long Biên Hà Nội",64 m²,3 PN,,4,Sổ đỏ / Sổ hồng,06/10/202511:09
"Bán  Nhà mặt phố tạiĐường Lạc Long Quân, Xuân La, Tây Hồ Hà Nội","46,50 tỷ","Đường Lạc Long Quân, Xuân La, Tây Hồ Hà Nội",63 m²,5 PN,5 WC,,Sổ đỏ / Sổ hồng,06/10/202510:34
"Bán  Nhà riêng tạiĐường Phan Đình Giót, La Khê Hà Đông Hà Nội","8,80 tỷ","Đường Phan Đình Giót, La Khê Hà Đông Hà Nội",50 m²,,,,Sổ đỏ / Sổ hồng,06/10/202510:26
"Bán  Nhà riêng tạiĐường 1, Phú Lãm, Hà Đông Hà Nội","4,50 tỷ","Đường 1, Phú Lãm, Hà Đông Hà Nội",51 m²,4 PN,3 WC,,Sổ đỏ / Sổ hồng,06/10/202511:05
"Bán  Nhà riêng tạiĐường Sài Đồng, Phúc Đồng, Long Biên Hà Nội","11,50 tỷ","Đường Sài Đồng, Phúc Đồng, Long Biên Hà Nội",34 m²,4 PN,6 WC,7,Sổ đỏ / Sổ hồng,06/10/202510:22
"Bán  Nhà mặt phố tạiPhố Hoàng Mai, phường Hoàng Văn Thụ, quận Hoàng Mai, Hà Nội","7,50 tỷ","Phố Hoàng Mai, phường Hoàng Văn Thụ, quận Hoàng Mai, Hà Nội",30 m²,4 PN,4 WC,,Sổ đỏ / Sổ hồng,06/10/202509:20
"Bán  Nhà riêng tạiĐường Thụy Khuê, Tây Hồ Hà Nội","28,80 tỷ","Đường Thụy Khuê, Tây Hồ Hà Nội",41 m²,6 PN,5 WC,5,Sổ đỏ / Sổ hồng,06/10/202508:44
"Bán  Nhà mặt phố tạiĐường Võng Thị, phường Bưởi, Tây Hồ Hà Nội",52 tỷ,"Đường Võng Thị, phường Bưởi, Tây Hồ Hà Nội",101 m²,4 PN,10 WC,9,Sổ đỏ / Sổ hồng,06/10/202508:40
"Bán  Nhà riêng tạiNam Từ Liêm Hà Nội                             Đường Mỹ Đình, Mỹ Đình 2","6,50 tỷ","Nam Từ Liêm Hà Nội                             Đường Mỹ Đình, Mỹ Đình 2",51 m²,3 PN,3 WC,4,Sổ đỏ / Sổ hồng,06/10/202509:18
"Bán  Nhà riêng tạiĐường Lê Trọng Tấn, La Khê, Hà Đông Hà Nội","8,60 tỷ","Đường Lê Trọng Tấn, La Khê, Hà Đông Hà Nội",50 m²,,,,Sổ đỏ / Sổ hồng,06/10/202508:56
"Bán  Nhà riêng tạiĐường 48 Ngô Gia Tự, Việt Hưng, Long Biên Hà Nội",7 tỷ,"Đường 48 Ngô Gia Tự, Việt Hưng, Long Biên Hà Nội",32 m²,3 PN,4 WC,5,Sổ đỏ / Sổ hồng,06/10/202508:59
"Bán  Nhà riêng tạiĐường Việt Hưng, Việt Hưng, Long Biên Hà Nội","7,90 tỷ","Đường Việt Hưng, Việt Hưng, Long Biên Hà Nội",40 m²,4 PN,5 WC,6,Sổ đỏ / Sổ hồng,06/10/202508:27
"Bán  Nhà riêng tạiĐường Nguyễn Văn Linh, Thạch Bàn, Long Biên Hà Nội",13 tỷ,"Đường Nguyễn Văn Linh, Thạch Bàn, Long Biên Hà Nội",52 m²,4 PN,5 WC,7,Sổ đỏ / Sổ hồng,06/10/202508:30
"Bán  Nhà riêng tạiAn Dương, Phường Yên Phụ, Quận Tây Hồ, Hà Nội","7,80 tỷ","An Dương, Phường Yên Phụ, Quận Tây Hồ, Hà Nội",30 m²,3 PN,,5,Sổ đỏ / Sổ hồng,04/10/202517:29
"Bán  Nhà riêng tạiAn Dương, Phường Yên Phụ, Quận Tây Hồ, Hà Nội","11,80 tỷ","An Dương, Phường Yên Phụ, Quận Tây Hồ, Hà Nội",47 m²,3 PN,3 WC,3,Sổ đỏ / Sổ hồng,04/10/202517:25
"Bán  Nhà riêng tạiĐường Lĩnh Nam, Phường Lĩnh Nam, Quận Hoàng Mai, Hà Nội","7,95 tỷ","Đường Lĩnh Nam, Phường Lĩnh Nam, Quận Hoàng Mai, Hà Nội","35,3 m²",3 PN,4 WC,5,Sổ đỏ / Sổ hồng,04/10/202517:33
"Bán  Nhà riêng tạiBắc Từ Liêm Hà Nội                             Đường Cổ Nhuế, Cổ Nhuế 2",13 tỷ,"Bắc Từ Liêm Hà Nội                             Đường Cổ Nhuế, Cổ Nhuế 2",50 m²,5 PN,5 WC,5,Sổ đỏ / Sổ hồng,06/10/202508:31
"Bán  Nhà riêng tạiLong Biên Hà Nội                             Đường Gia Quất, Thượng Thanh","8,30 tỷ","Long Biên Hà Nội                             Đường Gia Quất, Thượng Thanh",58 m²,3 PN,4 WC,4,Sổ đỏ / Sổ hồng,06/10/202508:07
"Bán  Nhà riêng tạiPhố Sài Đồng, Phường Sài Đồng, Quận Long Biên, Hà Nội","24,90 tỷ","Phố Sài Đồng, Phường Sài Đồng, Quận Long Biên, Hà Nội",75 m²,3 PN,3 WC,4,,04/10/202516:24
"Bán  Nhà riêng tạiĐường Trần Phú, Phường Mộ Lao, Quận Hà Đông, Hà Nội","4,80 tỷ","Đường Trần Phú, Phường Mộ Lao, Quận Hà Đông, Hà Nội",20 m²,3 PN,4 WC,5,Sổ đỏ / Sổ hồng,04/10/202515:52
"Bán  Nhà biệt thự, liền kề tạiĐường Xuân Đỉnh, Phường Xuân Đỉnh, Quận Bắc Từ Liêm Hà Nội","25,80 tỷ","Đường Xuân Đỉnh, Phường Xuân Đỉnh, Quận Bắc Từ Liêm Hà Nội",105 m²,6 PN,5 WC,6,Sổ đỏ / Sổ hồng,04/10/202515:01
"Bán  Nhà riêng tạiĐường Thạch Bàn, Thạch Bàn, Long Biên Hà Nội","7,70 tỷ","Đường Thạch Bàn, Thạch Bàn, Long Biên Hà Nội",52 m²,4 PN,4 WC,6,Sổ đỏ / Sổ hồng,04/10/202516:23
"Bán  Nhà riêng tạiNam Từ Liêm Hà Nội                             Đường Miêu Nha, Tây Mỗ","6,85 tỷ","Nam Từ Liêm Hà Nội                             Đường Miêu Nha, Tây Mỗ",37 m²,5 PN,5 WC,6,Sổ đỏ / Sổ hồng,04/10/202516:31
"Bán  Nhà riêng tạiĐường Xuân La, Xuân La, Tây Hồ Hà Nội","26,50 tỷ","Đường Xuân La, Xuân La, Tây Hồ Hà Nội",62 m²,,,5,Sổ đỏ / Sổ hồng,04/10/202516:27
"Bán  Nhà riêng tạiPhường Cự Khối, Quận Long Biên, Hà Nội","16,10 tỷ","Phường Cự Khối, Quận Long Biên, Hà Nội",90 m²,4 PN,,5,,04/10/202515:15
"Bán  Nhà riêng tạiĐường Tứ Liên, Tứ Liên Tây Hồ Hà Nội","15,20 tỷ","Đường Tứ Liên, Tứ Liên Tây Hồ Hà Nội",48 m²,5 PN,4 WC,7,Sổ đỏ / Sổ hồng,04/10/202517:15
"Bán  Nhà riêng tạiĐường Bát khối, Cự Khối, Long Biên Hà Nội","5,90 tỷ","Đường Bát khối, Cự Khối, Long Biên Hà Nội",32 m²,3 PN,4 WC,5,Sổ đỏ / Sổ hồng,04/10/202516:21
"Bán  Nhà riêng tạiĐường Ao Sen, phường Mộ Lao, quận Hà Đông, Hà Nội","14,80 tỷ","Đường Ao Sen, phường Mộ Lao, quận Hà Đông, Hà Nội",40 m²,4 PN,4 WC,4,Sổ đỏ / Sổ hồng,04/10/202515:33
"Bán  Nhà riêng tạiPhố Sài Đồng, Phường Sài Đồng, Quận Long Biên, Hà Nội",36 tỷ,"Phố Sài Đồng, Phường Sài Đồng, Quận Long Biên, Hà Nội",85 m²,2 PN,2 WC,2,,04/10/202515:39
"Bán  Nhà riêng tạiĐường Xuân La, Phường Xuân La, Quận Tây Hồ, Hà Nội",10 tỷ,"Đường Xuân La, Phường Xuân La, Quận Tây Hồ, Hà Nội",40 m²,3 PN,,6,,04/10/202514:37
"Bán  Nhà riêng tạiĐường Nguyễn Đổng Chi, Cầu Diễn, Nam Từ Liêm","10,80 tỷ","Đường Nguyễn Đổng Chi, Cầu Diễn, Nam Từ Liêm",38 m²,4 PN,4 WC,4,Sổ đỏ / Sổ hồng,04/10/202514:53
"Bán  Nhà riêng tạiĐường Tân Xuân, Xuân Đỉnh, Bắc Từ Liêm Hà Nội","12,50 tỷ","Đường Tân Xuân, Xuân Đỉnh, Bắc Từ Liêm Hà Nội",82 m²,3 PN,2 WC,3,Sổ đỏ / Sổ hồng,04/10/202514:37
"Bán  Nhà riêng tạiBắc Từ Liêm Hà Nội                             Đường Trung Tựu, Tây Tựu","6,30 tỷ","Bắc Từ Liêm Hà Nội                             Đường Trung Tựu, Tây Tựu",36 m²,4 PN,4 WC,5,Sổ đỏ / Sổ hồng,04/10/202514:41
"Bán  Nhà riêng tạiPhường Phú Diễn, Quận Bắc Từ Liêm, Hà Nội","21,60 tỷ","Phường Phú Diễn, Quận Bắc Từ Liêm, Hà Nội",94 m²,26 PN,,7,Sổ đỏ / Sổ hồng,04/10/202510:49
"Bán  Nhà riêng tạiĐường Thạch Bàn, phường Thạch Bàn, quận Long Biên, Hà Nội","6,60 tỷ","Đường Thạch Bàn, phường Thạch Bàn, quận Long Biên, Hà Nội",48 m²,4 PN,4 WC,6,Sổ đỏ / Sổ hồng,04/10/202511:22
"Bán  Nhà biệt thự, liền kề tạiPhường Đại Kim, Quận Hoàng Mai, Hà Nội","19,50 tỷ","Phường Đại Kim, Quận Hoàng Mai, Hà Nội",66 m²,4 PN,4 WC,5,Sổ đỏ / Sổ hồng,04/10/202510:23
"Bán  Nhà riêng tạiNgô Gia Tự, Phường Việt Hưng, Quận Long Biên, Hà Nội","11,80 tỷ","Ngô Gia Tự, Phường Việt Hưng, Quận Long Biên, Hà Nội",58 m²,5 PN,6 WC,4,,04/10/202511:42
"Bán  Nhà riêng tạiVạn Phúc, Phường Vạn Phúc, Quận Hà Đông, Hà Nội",13 tỷ,"Vạn Phúc, Phường Vạn Phúc, Quận Hà Đông, Hà Nội",45 m²,4 PN,4 WC,5,,04/10/202510:36
"Bán  Nhà riêng tạiĐường Thụy Phương, Thụy Phương, Bắc Từ Liêm Hà Nội",7 tỷ,"Đường Thụy Phương, Thụy Phương, Bắc Từ Liêm Hà Nội",40 m²,4 PN,4 WC,5,Sổ đỏ / Sổ hồng,04/10/202511:30
Bán  Nhà riêng tạiPhan Đình Giót La Khê Hà Đông Hà Nội,"7,20 tỷ",Phan Đình Giót La Khê Hà Đông Hà Nội,34 m²,3 PN,4 WC,5,Sổ đỏ / Sổ hồng,04/10/202511:06
"Bán  Nhà riêng tạiPhường Xuân Đỉnh, Quận Bắc Từ Liêm, Hà Nội","4,63 tỷ","Phường Xuân Đỉnh, Quận Bắc Từ Liêm, Hà Nội",193 m²,3 PN,2 WC,2,Sổ đỏ / Sổ hồng,04/10/202510:27
"Bán  Nhà riêng tạiPhường Ngọc Lâm, Quận Long Biên, Hà Nội",11 tỷ,"Phường Ngọc Lâm, Quận Long Biên, Hà Nội",65 m²,3 PN,,2,Sổ đỏ / Sổ hồng,04/10/202511:36
"Bán  Nhà riêng tạiPhường Giang Biên, Quận Long Biên, Hà Nội",7 tỷ,"Phường Giang Biên, Quận Long Biên, Hà Nội",55 m²,,,2,Sổ đỏ / Sổ hồng,04/10/202509:44
"Bán  Nhà riêng tạiĐường Ngọc Thụy, Bồ Đề, Long Biên Hà Nội","8,10 tỷ","Đường Ngọc Thụy, Bồ Đề, Long Biên Hà Nội",38 m²,3 PN,4 WC,5,Sổ đỏ / Sổ hồng,04/10/202509:15
"Bán  Nhà riêng tạiĐường Thạch bàn, Thạch Bàn, Long Biên, Hà Nội",8 tỷ,"Đường Thạch bàn, Thạch Bàn, Long Biên, Hà Nội",42 m²,5 PN,4 WC,6,Sổ đỏ / Sổ hồng,04/10/202509:20
"Bán  Nhà riêng tạiĐường Khuyến Lương, Trần Phú Hoàng Mai Hà Nội","6,80 tỷ","Đường Khuyến Lương, Trần Phú Hoàng Mai Hà Nội",32 m²,3 PN,5 WC,5,Sổ đỏ / Sổ hồng,04/10/202509:39
"Bán  Nhà riêng tạiĐường 1, Phú Lãm, Hà Đông, Hà Nội","7,46 tỷ","Đường 1, Phú Lãm, Hà Đông, Hà Nội",40 m²,6 PN,4 WC,5,Sổ đỏ / Sổ hồng,04/10/202509:12
"Bán  Nhà riêng tạiKđt Việt Hưng, Phường Việt Hưng, Quận Long Biên, Hà Nội","6,40 tỷ","Kđt Việt Hưng, Phường Việt Hưng, Quận Long Biên, Hà Nội",32 m²,3 PN,4 WC,5,Sổ đỏ / Sổ hồng,03/10/202517:13
"Bán  Nhà biệt thự, liền kề tạiKđt Mậu Lương - Kiến Hưng, Phường Kiến Hưng, Quận Hà Đông, Hà Nội",16 tỷ,"Kđt Mậu Lương - Kiến Hưng, Phường Kiến Hưng, Quận Hà Đông, Hà Nội",63 m²,4 PN,4 WC,6,,04/10/202508:13
"Bán  Nhà riêng tạiPhường Thanh Trì, Quận Hoàng Mai, Hà Nội","14,50 tỷ","Phường Thanh Trì, Quận Hoàng Mai, Hà Nội",175 m²,3 PN,4 WC,4,Sổ đỏ / Sổ hồng,03/10/202517:15
"Bán  Nhà riêng tạiĐường Cầu Diễn, Minh Khai, Bắc Từ Liêm Hà Nội",11 tỷ,"Đường Cầu Diễn, Minh Khai, Bắc Từ Liêm Hà Nội",50 m²,8 PN,8 WC,7,Sổ đỏ / Sổ hồng,03/10/202517:37
"Bán  Nhà riêng tạiĐường Đặng Thai Mai, Quảng An, Tây Hồ, Hà Nôi","8,35 tỷ","Đường Đặng Thai Mai, Quảng An, Tây Hồ, Hà Nôi",33 m²,,,6,Sổ đỏ / Sổ hồng,04/10/202508:54
"Bán  Nhà riêng tạiĐường Phú Đô, Phú Đô, Nam Từ Liêm Hà Nội","6,20 tỷ","Đường Phú Đô, Phú Đô, Nam Từ Liêm Hà Nội",36 m²,4 PN,4 WC,5,Sổ đỏ / Sổ hồng,03/10/202517:34
"Bán  Nhà riêng tạiPhường Phú Thượng, Quận Tây Hồ, Hà Nội","47,50 tỷ","Phường Phú Thượng, Quận Tây Hồ, Hà Nội",100 m²,4 PN,5 WC,8,Sổ đỏ / Sổ hồng,03/10/202516:38
"Bán  Nhà riêng tại16, Đông Thiên, Phường Lĩnh Nam, Quận Hoàng Mai, Hà Nội","7,80 tỷ","16, Đông Thiên, Phường Lĩnh Nam, Quận Hoàng Mai, Hà Nội",40 m²,4 PN,4 WC,5,Sổ đỏ / Sổ hồng,03/10/202516:43
"Bán  Nhà riêng tạiPhường Bưởi, Quận Tây Hồ, Hà Nội",121 tỷ,"Phường Bưởi, Quận Tây Hồ, Hà Nội",290 m²,9 PN,8 WC,8,,03/10/202516:52
"Bán  Nhà riêng tạiĐường Ngọc Thụy, Ngọc Thụy, Long Biên Hà Nội","34,50 tỷ","Đường Ngọc Thụy, Ngọc Thụy, Long Biên Hà Nội",140 m²,3 PN,2 WC,5,Sổ đỏ / Sổ hồng,03/10/202516:39
"Bán  Nhà riêng tạiPhường Đức Giang, Quận Long Biên, Hà Nội",3 tỷ,"Phường Đức Giang, Quận Long Biên, Hà Nội",32 m²,3 PN,3 WC,2,,03/10/202514:28
"Bán Nhà biệt thự, liền kề theo dự ánHim Lam Vạn Phúc tại Kđt Vạn Phúc, Phường Vạn Phúc, Quận Hà Đông, Hà Nội","16,85 tỷ","Kđt Vạn Phúc, Phường Vạn Phúc, Quận Hà Đông, Hà Nội",45 m²,,,4,Sổ đỏ / Sổ hồng,03/10/202514:09
"Bán  Nhà mặt phố tạiPhố Hoàng Thế Thiện, Phường Sài Đồng, Quận Long Biên, Hà Nội",30 tỷ,"Phố Hoàng Thế Thiện, Phường Sài Đồng, Quận Long Biên, Hà Nội",101 m²,2 PN,2 WC,2,,03/10/202514:03
"Bán  Nhà riêng tạiHà Đông Hà Nội                             Đường 1, Phú Lương","6,80 tỷ","Hà Đông Hà Nội                             Đường 1, Phú Lương",45 m²,3 PN,4 WC,5,Sổ đỏ / Sổ hồng,03/10/202511:07
"Bán  Nhà mặt phố tạiQuang Trung, Phường Quang Trung, Quận Hà Đông, Hà Nội","13,40 tỷ","Quang Trung, Phường Quang Trung, Quận Hà Đông, Hà Nội",55 m²,,6 WC,5,Sổ đỏ / Sổ hồng,03/10/202511:35
"Bán  Nhà riêng tạiNam Từ Liêm Hà Nội                             Đường Lê Quang Đạo, Phú Đô","6,30 tỷ","Nam Từ Liêm Hà Nội                             Đường Lê Quang Đạo, Phú Đô",37 m²,4 PN,4 WC,5,Sổ đỏ / Sổ hồng,03/10/202511:17
"Bán  Nhà riêng tạiKđt Mỗ Lao, Phường Mộ Lao, Quận Hà Đông, Hà Nội","17,20 tỷ","Kđt Mỗ Lao, Phường Mộ Lao, Quận Hà Đông, Hà Nội",76 m²,11 PN,11 WC,7,,03/10/202511:35
"Bán  Nhà riêng tạiĐường Kim Giang, Phường Đại Kim, Quận Hoàng Mai, Hà Nội","7,60 tỷ","Đường Kim Giang, Phường Đại Kim, Quận Hoàng Mai, Hà Nội",35 m²,4 PN,3 WC,4,Sổ đỏ / Sổ hồng,03/10/202510:39
"Bán Nhà biệt thự, liền kề theo dự ánVinhomes Gardenia tại Phường Mỹ Đình 2, Quận Nam Từ Liêm, Hà Nội","41,89 tỷ","Phường Mỹ Đình 2, Quận Nam Từ Liêm, Hà Nội",95 m²,5 PN,5 WC,5,Sổ đỏ / Sổ hồng,03/10/202514:14
"Bán  Nhà riêng tạiPhường Ngọc Lâm, Quận Long Biên, Hà Nội","4,70 tỷ","Phường Ngọc Lâm, Quận Long Biên, Hà Nội",25 m²,,,5,,03/10/202508:45
"Bán  Nhà riêng tạiPhường Yên Nghĩa, Quận Hà Đông, Hà Nội","12,93 tỷ","Phường Yên Nghĩa, Quận Hà Đông, Hà Nội",51 m²,4 PN,2 WC,4,Sổ đỏ / Sổ hồng,03/10/202508:42
"Bán  Nhà riêng tạiLạc Long Quân, Phường Tứ Liên, Quận Tây Hồ, Hà Nội","2,80 tỷ","Lạc Long Quân, Phường Tứ Liên, Quận Tây Hồ, Hà Nội",71 m²,,,,,03/10/202508:48
"Bán  Nhà biệt thự, liền kề tạiPhường Tây Mỗ, Quận Nam Từ Liêm, Hà Nội","6,70 tỷ","Phường Tây Mỗ, Quận Nam Từ Liêm, Hà Nội",42 m²,3 PN,4 WC,5,,03/10/202508:47
"Bán  Nhà riêng tạiPhường Định Công, Quận Hoàng Mai, Hà Nội","6,35 tỷ","Phường Định Công, Quận Hoàng Mai, Hà Nội",41 m²,,,6,,03/10/202508:49
"Bán  Nhà biệt thự, liền kề tạiPhường Phú Lương, Quận Hà Đông, Hà Nội","54,39 tỷ","Phường Phú Lương, Quận Hà Đông, Hà Nội",201 m²,,,4,Sổ đỏ / Sổ hồng,03/10/202508:28
"Bán  Nhà riêng tạiTô Hiến Thành, Phường Văn Quán, Quận Hà Đông, Hà Nội","12,80 tỷ","Tô Hiến Thành, Phường Văn Quán, Quận Hà Đông, Hà Nội",57 m²,,,4,,03/10/202508:03
"Bán  Nhà riêng tạiĐường Quang Trung, Phường Yên Nghĩa, Quận Hà Đông, Hà Nội",12 tỷ,"Đường Quang Trung, Phường Yên Nghĩa, Quận Hà Đông, Hà Nội",50 m²,4 PN,4 WC,5,Sổ đỏ / Sổ hồng,03/10/202510:35
"Bán  Nhà riêng tạiMễ Trì, Phường Mễ Trì, Quận Nam Từ Liêm, Hà Nội","18,40 tỷ","Mễ Trì, Phường Mễ Trì, Quận Nam Từ Liêm, Hà Nội",61 m²,11 PN,11 WC,7,,02/10/202517:27
"Bán  Nhà riêng tạiLạc Long Quân, Phường Phú Thượng, Quận Tây Hồ, Hà Nội","16,80 tỷ","Lạc Long Quân, Phường Phú Thượng, Quận Tây Hồ, Hà Nội",50 m²,5 PN,4 WC,5,Sổ đỏ / Sổ hồng,02/10/202517:32
"Bán  Nhà mặt phố tạiQuang Trung, Phường Phú La, Quận Hà Đông, Hà Nội","13,50 tỷ","Quang Trung, Phường Phú La, Quận Hà Đông, Hà Nội",55 m²,5 PN,,5,Sổ đỏ / Sổ hồng,02/10/202515:43
"Bán  Nhà riêng tạiPhường Hà Cầu, Quận Hà Đông, Hà Nội",12 tỷ,"Phường Hà Cầu, Quận Hà Đông, Hà Nội",40 m²,4 PN,4 WC,5,Sổ đỏ / Sổ hồng,02/10/202516:05
"Bán  Nhà riêng tạiLong Biên Hà Nội                             Đường Ngọc Thụy, Ngọc Thụy","7,83 tỷ","Long Biên Hà Nội                             Đường Ngọc Thụy, Ngọc Thụy",37 m²,3 PN,3 WC,3,Sổ đỏ / Sổ hồng,02/10/202515:45
"Bán  Nhà riêng tạiĐường Trần Phú, Văn Quán, Hà Đông, Hà Nội","8,90 tỷ","Đường Trần Phú, Văn Quán, Hà Đông, Hà Nội",43 m²,3 PN,4 WC,4,Sổ đỏ / Sổ hồng,02/10/202517:19
"Bán  Nhà riêng tạiLê Lợi, Phường Nguyễn Trãi, Quận Hà Đông, Hà Nội",10 tỷ,"Lê Lợi, Phường Nguyễn Trãi, Quận Hà Đông, Hà Nội",40 m²,4 PN,,4,Sổ đỏ / Sổ hồng,02/10/202514:29
"Bán  Nhà riêng tạiĐường 70, Đại Mỗ, Nam Từ Liêm, Hà Nội","9,85 tỷ","Đường 70, Đại Mỗ, Nam Từ Liêm, Hà Nội",35 m²,4 PN,5 WC,6,Sổ đỏ / Sổ hồng,02/10/202515:16
"Bán  Nhà riêng tạiĐường Xuân Đỉnh, Phường Xuân Tảo, Quận Bắc Từ Liêm, Hà Nội",9 tỷ,"Đường Xuân Đỉnh, Phường Xuân Tảo, Quận Bắc Từ Liêm, Hà Nội",43 m²,4 PN,2 WC,5,Sổ đỏ / Sổ hồng,02/10/202512:00
"Bán  Nhà riêng tại108 Trần Phú, Phường Mộ Lao, Quận Hà Đông, Hà Nội","12,50 tỷ","108 Trần Phú, Phường Mộ Lao, Quận Hà Đông, Hà Nội",40 m²,6 PN,,5,Sổ đỏ / Sổ hồng,02/10/202514:18
"Bán  Nhà riêng tạiĐường Hoàng Mai, Hoàng Văn Thụ, Hoàng Mai, Hà Nội",16 tỷ,"Đường Hoàng Mai, Hoàng Văn Thụ, Hoàng Mai, Hà Nội",65 m²,4 PN,4 WC,,Sổ đỏ / Sổ hồng,02/10/202513:46
"Bán  Nhà riêng tạiĐường Định Công, Hoàng Mai Hà Nội","8,60 tỷ","Đường Định Công, Hoàng Mai Hà Nội",38 m²,4 PN,5 WC,6,Sổ đỏ / Sổ hồng,02/10/202510:30
"Bán  Nhà riêng tạiTrần Đăng Ninh, Phường Phú La, Quận Hà Đông, Hà Nội","10,90 tỷ","Trần Đăng Ninh, Phường Phú La, Quận Hà Đông, Hà Nội",30 m²,,,5,,02/10/202510:56
"Bán  Nhà riêng tạiTrần Đăng Ninh, Phường Hà Cầu, Quận Hà Đông, Hà Nội",14 tỷ,"Trần Đăng Ninh, Phường Hà Cầu, Quận Hà Đông, Hà Nội",45 m²,,,5,Sổ đỏ / Sổ hồng,02/10/202510:29
"Bán  Nhà biệt thự, liền kề tạiKđt Ngô Thì Nhậm, Phường Quang Trung, Quận Hà Đông, Hà Nội","16,80 tỷ","Kđt Ngô Thì Nhậm, Phường Quang Trung, Quận Hà Đông, Hà Nội",60 m²,,,4,Sổ đỏ / Sổ hồng,02/10/202510:46
"Bán  Nhà mặt phố tạiPhường Phúc Đồng, Quận Long Biên, Hà Nội",Thỏa thuận,"Phường Phúc Đồng, Quận Long Biên, Hà Nội",90 m²,,,7,,02/10/202509:50
"Bán  Nhà mặt phố tạiKđt Mậu Lương - Kiến Hưng, Phường Kiến Hưng, Quận Hà Đông, Hà Nội","12,40 tỷ","Kđt Mậu Lương - Kiến Hưng, Phường Kiến Hưng, Quận Hà Đông, Hà Nội",60 m²,,,5,Sổ đỏ / Sổ hồng,02/10/202511:01
"Bán  Nhà riêng tạiPhường Đức Giang, Quận Long Biên, Hà Nội",11 tỷ,"Phường Đức Giang, Quận Long Biên, Hà Nội",35 m²,,,5,,02/10/202511:20
"Bán  Nhà riêng tạiLong Biên Hà Nội                             Đường Ngọc Thụy, Ngọc Thụy","9,70 tỷ","Long Biên Hà Nội                             Đường Ngọc Thụy, Ngọc Thụy",36 m²,3 PN,5 WC,6,Sổ đỏ / Sổ hồng,02/10/202510:19
"Bán  Nhà riêng tạiPhường Tương Mai, Quận Hoàng Mai, Hà Nội","8,95 tỷ","Phường Tương Mai, Quận Hoàng Mai, Hà Nội",45 m²,,,5,,02/10/202508:18
"Bán  Nhà riêng tạiPhường Giáp Bát, Quận Hoàng Mai, Hà Nội","9,10 tỷ","Phường Giáp Bát, Quận Hoàng Mai, Hà Nội",30 m²,3 PN,4 WC,5,Sổ đỏ / Sổ hồng,02/10/202508:26
"Bán  Nhà riêng tạiLạc Long Quân, Phường Xuân La, Quận Tây Hồ, Hà Nội","15,50 tỷ","Lạc Long Quân, Phường Xuân La, Quận Tây Hồ, Hà Nội",58 m²,4 PN,3 WC,4,,02/10/202508:31
"Bán  Nhà riêng tạiTrần Phú, Phường Mộ Lao, Quận Hà Đông, Hà Nội",14 tỷ,"Trần Phú, Phường Mộ Lao, Quận Hà Đông, Hà Nội",60 m²,,,4,,02/10/202508:40
"Bán  Nhà riêng tạiĐường Hàm Nghi, Mỹ Đình 1, Nam Từ Liêm Hà Nội","14,80 tỷ","Đường Hàm Nghi, Mỹ Đình 1, Nam Từ Liêm Hà Nội",45 m²,5 PN,6 WC,6,Sổ đỏ / Sổ hồng,02/10/202508:39
"Bán  Nhà riêng tạiĐường Đàm Quang Trung, Phường Long Biên, Quận Long Biên",7 tỷ,"Đường Đàm Quang Trung, Phường Long Biên, Quận Long Biên",32 m²,3 PN,4 WC,5,Sổ đỏ / Sổ hồng,02/10/202508:35
"Bán  Nhà riêng tạiPhường Phúc Đồng, Quận Long Biên, Hà Nội","2,59 tỷ","Phường Phúc Đồng, Quận Long Biên, Hà Nội",92 m²,6 PN,,7,,02/10/202508:30
"Bán  Nhà riêng tạiLong Biên Hà Nội                             Đường Ngô Gia Tự, Đức Giang","9,50 tỷ","Long Biên Hà Nội                             Đường Ngô Gia Tự, Đức Giang",50 m²,4 PN,5 WC,6,Sổ đỏ / Sổ hồng,02/10/202509:42
"Bán  Nhà riêng tạiPhường Mỹ Đình 1, Quận Nam Từ Liêm, Hà Nội","7,99 tỷ","Phường Mỹ Đình 1, Quận Nam Từ Liêm, Hà Nội",35 m²,,,4,,02/10/202508:15
"Bán  Nhà riêng tạiĐường Ngọc Thụy, Long Biên, Long Biên Hà Nội","5,80 tỷ","Đường Ngọc Thụy, Long Biên, Long Biên Hà Nội",32 m²,3 PN,3 WC,4,Sổ đỏ / Sổ hồng,02/10/202509:38
"Bán  Nhà riêng tạiPhường Long Biên, Quận Long Biên, Hà Nội",Thỏa thuận,"Phường Long Biên, Quận Long Biên, Hà Nội",31 m²,,,,Sổ đỏ / Sổ hồng,01/10/202517:01
"Bán Nhà riêng theo dự ánKhu dân cư Vạn Phú tại 289 Lacasta Văn Phú, Phú La, Hà Đông, Hà Nội","22,90 tỷ","289 Lacasta Văn Phú, Phú La, Hà Đông, Hà Nội",73 m²,6 PN,6 WC,5,Sổ đỏ / Sổ hồng,01/10/202517:36
"Bán  Nhà mặt phố tạiPhường Tương Mai, Quận Hoàng Mai, Hà Nội","18,50 tỷ","Phường Tương Mai, Quận Hoàng Mai, Hà Nội",60 m²,,,5,Sổ đỏ / Sổ hồng,01/10/202517:21
"Bán  Nhà riêng tạiTrần Phú, Phường Văn Quán, Quận Hà Đông, Hà Nội",7 tỷ,"Trần Phú, Phường Văn Quán, Quận Hà Đông, Hà Nội",35 m²,3 PN,4 WC,6,Sổ đỏ / Sổ hồng,02/10/202507:53
"Bán  Nhà riêng tạiKim Đồng, Phường Giáp Bát, Quận Hoàng Mai, Hà Nội","23,90 tỷ","Kim Đồng, Phường Giáp Bát, Quận Hoàng Mai, Hà Nội",54 m²,4 PN,6 WC,7,,02/10/202508:13
"Bán  Nhà riêng tạiĐường Tư Đình, Long Biên, Long Biên Hà Nội","6,80 tỷ","Đường Tư Đình, Long Biên, Long Biên Hà Nội",37 m²,3 PN,4 WC,3,Sổ đỏ / Sổ hồng,01/10/202509:20
"Bán  Nhà biệt thự, liền kề tạiĐịnh Công, Phường Định Công, Quận Hoàng Mai, Hà Nội","48,30 tỷ","Định Công, Phường Định Công, Quận Hoàng Mai, Hà Nội",152 m²,5 PN,5 WC,5,Sổ đỏ / Sổ hồng,01/10/202514:44
"Bán  Nhà mặt phố tạiLê Lợi, Phường Nguyễn Trãi, Quận Hà Đông, Hà Nội","14,90 tỷ","Lê Lợi, Phường Nguyễn Trãi, Quận Hà Đông, Hà Nội",90 m²,4 PN,4 WC,3,Sổ đỏ / Sổ hồng,01/10/202510:35
"Bán  Nhà riêng tạiAn Dương, Phường Yên Phụ, Quận Tây Hồ, Hà Nội","2,10 tỷ","An Dương, Phường Yên Phụ, Quận Tây Hồ, Hà Nội",47 m²,2 PN,1 WC,2,Hợp đồng mua bán,01/10/202514:18
"Bán  Nhà riêng tạiLàng Đình Thôn, Phường Mỹ Đình 1, Quận Nam Từ Liêm, Hà Nội",Thỏa thuận,"Làng Đình Thôn, Phường Mỹ Đình 1, Quận Nam Từ Liêm, Hà Nội",55 m²,,,,,01/10/202511:37
"Bán  Nhà mặt phố tạiLê Lợi, Phường Nguyễn Trãi, Quận Hà Đông, Hà Nội",Thỏa thuận,"Lê Lợi, Phường Nguyễn Trãi, Quận Hà Đông, Hà Nội",59 m²,4 PN,4 WC,5,,01/10/202508:38
"Bán  Nhà mặt phố tạiĐường Cổ Nhuế, Cổ Nhuế 2, Bắc Từ Liêm Hà Nội","7,90 tỷ","Đường Cổ Nhuế, Cổ Nhuế 2, Bắc Từ Liêm Hà Nội",46 m²,4 PN,4 WC,7,Sổ đỏ / Sổ hồng,01/10/202508:16
"Bán  Nhà riêng tạiĐường Kẻ Tạnh, Giang Biên, Long Biên, Hà Nội","6,10 tỷ","Đường Kẻ Tạnh, Giang Biên, Long Biên, Hà Nội",36 m²,3 PN,,6,Sổ đỏ / Sổ hồng,01/10/202508:25
"Bán  Nhà riêng tạiĐường Ngọc Thụy, Ngọc Thụy, Long Biên, Hà Nội","11,90 tỷ","Đường Ngọc Thụy, Ngọc Thụy, Long Biên, Hà Nội",63 m²,,,,Sổ đỏ / Sổ hồng,01/10/202508:24
"Bán  Nhà riêng tạiKđt Mậu Lương - Kiến Hưng, Phường Kiến Hưng, Quận Hà Đông, Hà Nội",19 tỷ,"Kđt Mậu Lương - Kiến Hưng, Phường Kiến Hưng, Quận Hà Đông, Hà Nội","58,8 m²",3 PN,3 WC,4,,01/10/202508:44
"Bán  Nhà biệt thự, liền kề tạiĐường 1, Biên Giang, Hà Đông Hà Nội","22,50 tỷ","Đường 1, Biên Giang, Hà Đông Hà Nội",90 m²,4 PN,3 WC,4,Sổ đỏ / Sổ hồng,01/10/202508:42
"Bán  Nhà biệt thự, liền kề tạiPhường Văn Quán, Quận Hà Đông, Hà Nội","78,89 tỷ","Phường Văn Quán, Quận Hà Đông, Hà Nội",212 m²,,,4,Sổ đỏ / Sổ hồng,30/09/202517:31
"Bán  Nhà riêng tạiĐường Vào Thanh Am, Phường Việt Hưng, Quận Long Biên, Hà Nội","9,90 tỷ","Đường Vào Thanh Am, Phường Việt Hưng, Quận Long Biên, Hà Nội",40 m²,4 PN,5 WC,6,Sổ đỏ / Sổ hồng,30/09/202517:26
"Bán  Nhà mặt phố tạiĐường Quảng An, Quảng An, Tây Hồ Hà Nội",327 tỷ,"Đường Quảng An, Quảng An, Tây Hồ Hà Nội",356 m²,5 PN,5 WC,5,Sổ đỏ / Sổ hồng,30/09/202517:43
"Bán  Nhà riêng tạiĐường Bát Khối, Cự Khối, Long Biên, Hà Nội","5,10 tỷ","Đường Bát Khối, Cự Khối, Long Biên, Hà Nội",32 m²,5 PN,4 WC,,Sổ đỏ / Sổ hồng,01/10/202508:11
"Bán  Nhà riêng tạiPhường Sài Đồng, Quận Long Biên, Hà Nội",4 tỷ,"Phường Sài Đồng, Quận Long Biên, Hà Nội",80 m²,3 PN,,1,Sổ đỏ / Sổ hồng,30/09/202517:35
"Bán  Nhà riêng tạiĐường Đa sĩ, Phường Kiến Hưng, Quận Hà Đông, Hà Nội","12,40 tỷ","Đường Đa sĩ, Phường Kiến Hưng, Quận Hà Đông, Hà Nội",39 m²,,,5,,01/10/202508:09
"Bán  Nhà riêng tạiĐường Văn Tiến Dũng, Phường Phúc Diễn, Quận Bắc Từ Liêm, Hà Nội",7 tỷ,"Đường Văn Tiến Dũng, Phường Phúc Diễn, Quận Bắc Từ Liêm, Hà Nội",48 m²,,,,Sổ đỏ / Sổ hồng,30/09/202517:17
"Bán  Nhà riêng tạiĐường Cổ Linh, Phường Thạch Bàn, Quận Long Biên, Hà Nội",5 tỷ,"Đường Cổ Linh, Phường Thạch Bàn, Quận Long Biên, Hà Nội",38 m²,3 PN,4 WC,5,Sổ đỏ / Sổ hồng,30/09/202514:02
"Bán  Nhà riêng tạiĐường Lạc Long Quân, Thụy Khuê, Tây Hồ Hà Nội","18,50 tỷ","Đường Lạc Long Quân, Thụy Khuê, Tây Hồ Hà Nội",52 m²,6 PN,5 WC,6,Sổ đỏ / Sổ hồng,30/09/202516:48
"Bán  Nhà riêng tạiĐường Kẻ Tạnh, Giang Biên, Long Biên, Hà Nội","5,90 tỷ","Đường Kẻ Tạnh, Giang Biên, Long Biên, Hà Nội",36 m²,3 PN,4 WC,5,Sổ đỏ / Sổ hồng,30/09/202517:04
"Bán  Nhà riêng tạiĐường Kim Giang, Đại Kim, Hoàng Mai, Hà Nội","7,60 tỷ","Đường Kim Giang, Đại Kim, Hoàng Mai, Hà Nội",36 m²,4 PN,3 WC,4,Sổ đỏ / Sổ hồng,30/09/202514:01
"Bán  Nhà riêng tạisố nhà 25 ngõ 281/75 Trương Định Hoàng, Hoàng Mai, Hà Nội","2,30 tỷ","số nhà 25 ngõ 281/75 Trương Định Hoàng, Hoàng Mai, Hà Nội",44 m²,2 PN,1 WC,,Sổ đỏ / Sổ hồng,30/09/202516:40
"Bán  Nhà riêng tạiÂu Cơ, Phường Nhật Tân, Quận Tây Hồ, Hà Nội","2,95 tỷ","Âu Cơ, Phường Nhật Tân, Quận Tây Hồ, Hà Nội",36 m²,2 PN,,2,,30/09/202517:08
"Bán  Nhà riêng tạiKđt Mậu Lương - Kiến Hưng, Phường Kiến Hưng, Quận Hà Đông, Hà Nội",19 tỷ,"Kđt Mậu Lương - Kiến Hưng, Phường Kiến Hưng, Quận Hà Đông, Hà Nội",50 m²,3 PN,4 WC,5,,30/09/202508:45
"Bán  Nhà riêng tạiĐường Thạch Bàn, Thạch Bàn, Long Biên, Hà Nội","7,90 tỷ","Đường Thạch Bàn, Thạch Bàn, Long Biên, Hà Nội",42 m²,3 PN,4 WC,6,Sổ đỏ / Sổ hồng,30/09/202509:42
"Bán  Nhà riêng tạiTrương Định, Phường Tân Mai, Quận Hoàng Mai, Hà Nội","7,50 tỷ","Trương Định, Phường Tân Mai, Quận Hoàng Mai, Hà Nội",46 m²,4 PN,5 WC,6,Sổ đỏ / Sổ hồng,30/09/202508:38
"Bán Nhà biệt thự, liền kề theo dự ánKhu đô thị mới Văn Quán tại Bt6 Kđt Văn Quán, Văn Quán, Hà Đông, Hà Nội","84,50 tỷ","Bt6 Kđt Văn Quán, Văn Quán, Hà Đông, Hà Nội",225 m²,5 PN,6 WC,3,Sổ đỏ / Sổ hồng,30/09/202508:11
"Bán  Nhà riêng tạiThạch Bàn, Thạch Bàn, Long Biên, Hà Nội","4,85 tỷ","Thạch Bàn, Thạch Bàn, Long Biên, Hà Nội",33 m²,3 PN,4 WC,5,Sổ đỏ / Sổ hồng,30/09/202507:55
"Bán  Nhà biệt thự, liền kề tạiHoàng Mai Hà Nội                             Đường Nguyễn Chính, Thịnh Liệt","14,20 tỷ","Hoàng Mai Hà Nội                             Đường Nguyễn Chính, Thịnh Liệt",46 m²,5 PN,5 WC,5,Sổ đỏ / Sổ hồng,29/09/202518:29
"Bán  Nhà riêng tạiNguyễn Thời Trung, Thạch Bàn, Long Biên, Hà Nội","6,85 tỷ","Nguyễn Thời Trung, Thạch Bàn, Long Biên, Hà Nội",40 m²,3 PN,4 WC,3,Sổ đỏ / Sổ hồng,30/09/202507:56
"Bán  Nhà biệt thự, liền kề tạiPhường Phú La, Quận Hà Đông, Hà Nội","45,89 tỷ","Phường Phú La, Quận Hà Đông, Hà Nội",201 m²,,,4,,30/09/202508:05
"Bán  Nhà riêng tạiXuân đỉnh, Xuân Đỉnh, Bắc Từ Liêm, Hà Nội","5,90 tỷ","Xuân đỉnh, Xuân Đỉnh, Bắc Từ Liêm, Hà Nội",50 m²,4 PN,5 WC,5,Sổ đỏ / Sổ hồng,30/09/202508:14
"Bán  Nhà riêng tạiThạch Bàn, Thạch Bàn, Long Biên, Hà Nội",7 tỷ,"Thạch Bàn, Thạch Bàn, Long Biên, Hà Nội",50 m²,4 PN,4 WC,5,Sổ đỏ / Sổ hồng,30/09/202508:01
"Bán  Nhà riêng tạiĐại an, Phường Văn Quán, Quận Hà Đông, Hà Nội",20 tỷ,"Đại an, Phường Văn Quán, Quận Hà Đông, Hà Nội",55 m²,4 PN,3 WC,4,,30/09/202508:25
"Bán  Nhà riêng tạiPhường Nhật Tân, Quận Tây Hồ, Hà Nội",Thỏa thuận,"Phường Nhật Tân, Quận Tây Hồ, Hà Nội",110 m²,,,7,,29/09/202517:44
"Bán Nhà riêng theo dự ánKhu đô thị mới An Hưng tại Kđt An Hưng, Phường La Khê, Quận Hà Đông, Hà Nội",Thỏa thuận,"Kđt An Hưng, Phường La Khê, Quận Hà Đông, Hà Nội",45 m²,4 PN,4 WC,7,Sổ đỏ / Sổ hồng,29/09/202517:21
"Bán  Nhà riêng tạiPhường Thịnh Liệt, Quận Hoàng Mai, Hà Nội",9 tỷ,"Phường Thịnh Liệt, Quận Hoàng Mai, Hà Nội",42 m²,3 PN,4 WC,5,,29/09/202517:30
"Bán  Nhà riêng tạiĐường Kim Giang, Phường Định Công, Quận Hoàng Mai, Hà Nội",28 tỷ,"Đường Kim Giang, Phường Định Công, Quận Hoàng Mai, Hà Nội",82 m²,3 PN,6 WC,7,Sổ đỏ / Sổ hồng,29/09/202517:25
"Bán  Nhà riêng tạiPhường Văn Quán, Quận Hà Đông, Hà Nội","18,50 tỷ","Phường Văn Quán, Quận Hà Đông, Hà Nội",88 m²,,,8,,29/09/202517:11
"Bán  Nhà riêng tạiVũ Hữu, Phường Trung Văn, Quận Nam Từ Liêm, Hà Nội",17 tỷ,"Vũ Hữu, Phường Trung Văn, Quận Nam Từ Liêm, Hà Nội",55 m²,5 PN,4 WC,5,Sổ đỏ / Sổ hồng,29/09/202517:35
"Bán  Nhà biệt thự, liền kề tạiKđt Mậu Lương - Kiến Hưng, Phường Kiến Hưng, Quận Hà Đông, Hà Nội",20 tỷ,"Kđt Mậu Lương - Kiến Hưng, Phường Kiến Hưng, Quận Hà Đông, Hà Nội",75 m²,4 PN,4 WC,5,,29/09/202511:40
"Bán  Nhà riêng tạiPhường Phú Lãm, Quận Hà Đông, Hà Nội","4,55 tỷ","Phường Phú Lãm, Quận Hà Đông, Hà Nội",32 m²,3 PN,2 WC,3,,29/09/202514:07
"Bán  Nhà biệt thự, liền kề tạiPhường Tây Mỗ, Quận Nam Từ Liêm, Hà Nội","7,40 tỷ","Phường Tây Mỗ, Quận Nam Từ Liêm, Hà Nội",35 m²,3 PN,3 WC,6,,29/09/202511:45
"Bán  Nhà riêng tạiVõ Chí Công, Phường Xuân La, Quận Tây Hồ, Hà Nội","82,50 tỷ","Võ Chí Công, Phường Xuân La, Quận Tây Hồ, Hà Nội",202 m²,1 PN,1 WC,,,29/09/202511:51
"Bán  Nhà riêng tạiPhú Thượng, Phường Phú Thượng, Quận Tây Hồ, Hà Nội","12,70 tỷ","Phú Thượng, Phường Phú Thượng, Quận Tây Hồ, Hà Nội",83 m²,1 PN,2 WC,1,,29/09/202508:51
"Bán  Nhà biệt thự, liền kề tạiĐường Văn Khê, La Khê, Hà Đông, Hà Nội","20,50 tỷ","Đường Văn Khê, La Khê, Hà Đông, Hà Nội",50 m²,8 PN,6 WC,7,Sổ đỏ / Sổ hồng,26/09/202514:41
"Bán  Nhà riêng tạiĐường Hoàng Mai, Hoàng Văn Thụ, Hoàng Mai, Hà Nội","7,50 tỷ","Đường Hoàng Mai, Hoàng Văn Thụ, Hoàng Mai, Hà Nội",45 m²,3 PN,3 WC,,Sổ đỏ / Sổ hồng,26/09/202513:46
"Bán  Nhà riêng tạiĐường Ngọc Thụy, Ngọc Thụy, Long Biên, Hà Nội",16 tỷ,"Đường Ngọc Thụy, Ngọc Thụy, Long Biên, Hà Nội",51 m²,4 PN,4 WC,6,Sổ đỏ / Sổ hồng,26/09/202517:17
"Bán  Nhà biệt thự, liền kề tạiKđt Văn Quán, Phường Văn Quán, Quận Hà Đông, Hà Nội","25,80 tỷ","Kđt Văn Quán, Phường Văn Quán, Quận Hà Đông, Hà Nội",76 m²,4 PN,3 WC,4,,29/09/202508:11
"Bán  Nhà riêng tạiPhường Cầu Diễn, Quận Nam Từ Liêm, Hà Nội","13,60 tỷ","Phường Cầu Diễn, Quận Nam Từ Liêm, Hà Nội",40 m²,,,5,,29/09/202508:15
"Bán  Nhà riêng tạiLong Biên Hà Nội                             Đường Đàm Quang Trung, Long Biên","31,40 tỷ","Long Biên Hà Nội                             Đường Đàm Quang Trung, Long Biên",88 m²,4 PN,6 WC,8,Sổ đỏ / Sổ hồng,27/09/202508:39
"Bán  Nhà riêng tạiPhường Phú Diễn, Quận Bắc Từ Liêm, Hà Nội","13,90 tỷ","Phường Phú Diễn, Quận Bắc Từ Liêm, Hà Nội","36,6 m²",,,6,,29/09/202508:14
"Bán  Nhà riêng tạiĐường Xuân Đỉnh, Xuân Đỉnh, Bắc Từ Liêm, Hà Nội","7,60 tỷ","Đường Xuân Đỉnh, Xuân Đỉnh, Bắc Từ Liêm, Hà Nội",31 m²,,,5,Sổ đỏ / Sổ hồng,27/09/202508:26
"Bán Nhà riêng theo dự ánThe Terra An Hưng tại Nguyễn Thanh Bình- Phan Kế Toại, La Khê, Hà Đông, Hà Nội","163,90 tỷ","Nguyễn Thanh Bình- Phan Kế Toại, La Khê, Hà Đông, Hà Nội",318 m²,,,8,Sổ đỏ / Sổ hồng,26/09/202509:04
"Bán  Nhà riêng tạiĐường Ngọc Thụy, Ngọc Thụy, Long Biên, Hà Nội","14,20 tỷ","Đường Ngọc Thụy, Ngọc Thụy, Long Biên, Hà Nội",75 m²,,,,Sổ đỏ / Sổ hồng,26/09/202511:45
"Bán  Nhà mặt phố tạiPhú La, Hà Đông, Hà Nội","26,90 tỷ","Phú La, Hà Đông, Hà Nội",73 m²,4 PN,,5,Sổ đỏ / Sổ hồng,25/09/202519:59
"Bán  Nhà riêng tạiđường Nam Dư, Lĩnh Nam, Hoàng Mai, Hà Nội",Thỏa thuận,"đường Nam Dư, Lĩnh Nam, Hoàng Mai, Hà Nội",58 m²,9 PN,9 WC,6,Sổ đỏ / Sổ hồng,25/09/202516:36
"Bán  Nhà riêng tạiĐường Ngọc Thụy, Ngọc Thụy, Long Biên, Hà Nội",15 tỷ,"Đường Ngọc Thụy, Ngọc Thụy, Long Biên, Hà Nội",65 m²,4 PN,4 WC,4,Sổ đỏ / Sổ hồng,25/09/202514:19
"Bán  Nhà riêng tạiThạch Bàn Long Biên, Thạch Bàn, Long Biên, Hà Nội","5,85 tỷ","Thạch Bàn Long Biên, Thạch Bàn, Long Biên, Hà Nội",36 m²,4 PN,4 WC,4,,25/09/202520:05
"Bán  Nhà riêng tạiHoàng Văn Thụ, Hoàng Mai, Hà Nội",Thỏa thuận,"Hoàng Văn Thụ, Hoàng Mai, Hà Nội",48 m²,,,5,,25/09/202519:55
"Bán  Nhà riêng tạiĐường 1, Phú Lãm, Hà Đông, Hà Nội","7,50 tỷ","Đường 1, Phú Lãm, Hà Đông, Hà Nội",41 m²,7 PN,4 WC,,Sổ đỏ / Sổ hồng,26/09/202511:36
"Bán  Nhà riêng tạiBát Khối Long Biên, Long Biên, Long Biên, Hà Nội","11,20 tỷ","Bát Khối Long Biên, Long Biên, Long Biên, Hà Nội",38 m²,3 PN,4 WC,5,Sổ đỏ / Sổ hồng,25/09/202520:04
"Bán  Nhà riêng tạiPhố Vũ Xuân Thiều, Sài Đồng, Long Biên, Hà Nội","3,70 tỷ","Phố Vũ Xuân Thiều, Sài Đồng, Long Biên, Hà Nội",32 m²,4 PN,4 WC,5,Sổ đỏ / Sổ hồng,25/09/202520:06
"Bán  Nhà riêng tạiĐường Tây Hồ, Quảng An, Tây Hồ, Hà Nội","12,90 tỷ","Đường Tây Hồ, Quảng An, Tây Hồ, Hà Nội",38 m²,5 PN,4 WC,7,Sổ đỏ / Sổ hồng,23/09/202513:54
"Bán  Nhà riêng tạiĐường Thạch Bàn, Thạch Bàn, Long Biên, Hà Nội","7,80 tỷ","Đường Thạch Bàn, Thạch Bàn, Long Biên, Hà Nội",46 m²,3 PN,4 WC,6,Sổ đỏ / Sổ hồng,23/09/202514:07
"Bán  Nhà riêng tạiVạn Phúc, Vạn Phúc, Hà Đông, Hà Nội","8,40 tỷ","Vạn Phúc, Vạn Phúc, Hà Đông, Hà Nội",40 m²,3 PN,3 WC,4,Sổ đỏ / Sổ hồng,25/09/202514:06
"Bán  Nhà riêng tạiĐường Văn Quán, Văn Quán, Hà Đông, Hà Nội","10,50 tỷ","Đường Văn Quán, Văn Quán, Hà Đông, Hà Nội",50 m²,4 PN,3 WC,5,Sổ đỏ / Sổ hồng,23/09/202512:01
"Bán  Nhà biệt thự, liền kề tạiĐường Vũ Quỳnh, Mỹ Đình 1, Nam Từ Liêm, Hà Nội",14 tỷ,"Đường Vũ Quỳnh, Mỹ Đình 1, Nam Từ Liêm, Hà Nội",40 m²,4 PN,4 WC,5,Sổ đỏ / Sổ hồng,23/09/202508:18
"Bán  Nhà mặt phố tạiĐường Đồng Cổ, Bưởi, Tây Hồ, Hà Nội","28,50 tỷ","Đường Đồng Cổ, Bưởi, Tây Hồ, Hà Nội",40 m²,6 PN,5 WC,5,Sổ đỏ / Sổ hồng,22/09/202517:25
"Bán  Nhà riêng tạiĐường Kim Giang, Đại Kim, Hoàng Mai, Hà Nội","11,50 tỷ","Đường Kim Giang, Đại Kim, Hoàng Mai, Hà Nội",50 m²,10 PN,10 WC,6,Sổ đỏ / Sổ hồng,22/09/202508:47
"Bán  Nhà riêng tạiĐường Ngọc Thụy, Ngọc Thụy, Long Biên, Hà Nội","7,40 tỷ","Đường Ngọc Thụy, Ngọc Thụy, Long Biên, Hà Nội",46 m²,,,4,Sổ đỏ / Sổ hồng,23/09/202508:30
"Bán  Nhà riêng tạiHà Nội Hà Đông                             Đường Quang Trung, Quang Trung",23 tỷ,"Hà Nội Hà Đông                             Đường Quang Trung, Quang Trung",80 m²,8 PN,4 WC,6,Sổ đỏ / Sổ hồng,20/09/202517:37
"Bán  Nhà riêng tạiĐường Ngọc Thụy, Ngọc Thụy, Long Biên, Hà Nội","8,30 tỷ","Đường Ngọc Thụy, Ngọc Thụy, Long Biên, Hà Nội",50 m²,3 PN,,5,Sổ đỏ / Sổ hồng,23/09/202508:28
"Bán  Nhà riêng tạiĐường Nguyễn Văn Cừ, Gia Thụy, Long Biên, Hà Nội","16,70 tỷ","Đường Nguyễn Văn Cừ, Gia Thụy, Long Biên, Hà Nội",60 m²,4 PN,6 WC,7,Sổ đỏ / Sổ hồng,23/09/202508:06
"Bán  Nhà riêng tạiĐường Xuân La, Xuân Tảo, Bắc Từ Liêm, Hà Nội","14,20 tỷ","Đường Xuân La, Xuân Tảo, Bắc Từ Liêm, Hà Nội",58 m²,5 PN,4 WC,6,Sổ đỏ / Sổ hồng,19/09/202508:33
"Bán  Nhà riêng tạiđường Nguyễn đức Cảnh, Tương Mai, Bình Mỹ, Hoàng Mai, Hà Nội","5,55 tỷ","đường Nguyễn đức Cảnh, Tương Mai, Bình Mỹ, Hoàng Mai, Hà Nội",56 m²,5 PN,4 WC,5,Sổ đỏ / Sổ hồng,16/09/202517:13
"Bán  Nhà riêng tạiBát Khối Long Biên, Long Biên, Long Biên, Hà Nội","5,15 tỷ","Bát Khối Long Biên, Long Biên, Long Biên, Hà Nội",33 m²,3 PN,4 WC,5,Sổ đỏ / Sổ hồng,15/09/202517:07
"Bán  Nhà mặt phố tạiPhố Sài đồng, Sài Đồng, Long Biên, Hà Nội","11,50 tỷ","Phố Sài đồng, Sài Đồng, Long Biên, Hà Nội",46 m²,3 PN,3 WC,3,Sổ đỏ / Sổ hồng,15/09/202516:49
"Bán  Nhà riêng tạiĐường Xuân La, Xuân La, Tây Hồ, Hà Nội","14,50 tỷ","Đường Xuân La, Xuân La, Tây Hồ, Hà Nội",54 m²,5 PN,4 WC,6,Sổ đỏ / Sổ hồng,18/09/202514:11
"Bán  Nhà riêng tạiĐường Mỹ Đình, Mỹ Đình 1, Nam Từ Liêm, Hà Nội","6,80 tỷ","Đường Mỹ Đình, Mỹ Đình 1, Nam Từ Liêm, Hà Nội",30 m²,3 PN,4 WC,5,Sổ đỏ / Sổ hồng,18/09/202514:13
"Bán  Nhà riêng tạiNgõ 3 Thạch Bàn, Thạch Bàn, Long Biên, Hà Nội","5,85 tỷ","Ngõ 3 Thạch Bàn, Thạch Bàn, Long Biên, Hà Nội",39 m²,,3 WC,4,Sổ đỏ / Sổ hồng,13/09/202519:07
"Bán  Nhà riêng tạiPhố Sài đồng, Sài Đồng, Long Biên, Hà Nội","7,50 tỷ","Phố Sài đồng, Sài Đồng, Long Biên, Hà Nội",38 m²,3 PN,4 WC,7,Sổ đỏ / Sổ hồng,15/09/202515:44
"Bán  Nhà riêng tạiCổ Linh, Thạch Bàn, Long Biên, Hà Nội","7,50 tỷ","Cổ Linh, Thạch Bàn, Long Biên, Hà Nội",35 m²,3 PN,4 WC,7,Sổ đỏ / Sổ hồng,13/09/202517:12
"Bán  Nhà riêng tạiPhố Ngọc Trì, Thạch Bàn, Long Biên, Hà Nội","6,70 tỷ","Phố Ngọc Trì, Thạch Bàn, Long Biên, Hà Nội",40 m²,4 PN,4 WC,5,,15/09/202516:47
"Bán  Nhà riêng tạiđường Phúc Lợi, Phúc Lợi, Long Biên, Hà Nội","7,90 tỷ","đường Phúc Lợi, Phúc Lợi, Long Biên, Hà Nội",42 m²,3 PN,4 WC,6,Sổ đỏ / Sổ hồng,13/09/202519:07
"Bán  Nhà riêng tạiNguyễn Thời Trung, Thạch Bàn, Long Biên, Hà Nội","7,50 tỷ","Nguyễn Thời Trung, Thạch Bàn, Long Biên, Hà Nội",38 m²,3 PN,4 WC,6,Sổ đỏ / Sổ hồng,13/09/202519:08
"Bán  Nhà riêng tạiNgõ 68 Nguyễn Văn Linh, Thạch Bàn, Long Biên, Hà Nội","5,50 tỷ","Ngõ 68 Nguyễn Văn Linh, Thạch Bàn, Long Biên, Hà Nội",48 m²,3 PN,4 WC,5,Sổ đỏ / Sổ hồng,13/09/202519:06
"Bán  Nhà biệt thự, liền kề tạiNguyễn Thanh Bình, La Khê, Hà Đông, Hà Nội","55,50 tỷ","Nguyễn Thanh Bình, La Khê, Hà Đông, Hà Nội",225 m²,4 PN,6 WC,4,Sổ đỏ / Sổ hồng,13/09/202517:18
"Bán  Nhà biệt thự, liền kề tại180 Thanh Bình, Mộ Lao, Hà Đông, Hà Nội","31,90 tỷ","180 Thanh Bình, Mộ Lao, Hà Đông, Hà Nội",165 m²,4 PN,3 WC,6,Sổ đỏ / Sổ hồng,15/09/202515:56
"Bán  Nhà riêng tại146 Trần Phú- Mỗ Lao- Hà đông- Hà Nội, Mộ Lao, Hà Đông, Hà Nội","25,90 tỷ","146 Trần Phú- Mỗ Lao- Hà đông- Hà Nội, Mộ Lao, Hà Đông, Hà Nội",90 m²,6 PN,6 WC,6,Sổ đỏ / Sổ hồng,15/09/202516:03
"Bán  Nhà riêng tạiĐường Hồ Tùng Mậu, Phú Diễn, Bắc Từ Liêm, Hà Nội",14 tỷ,"Đường Hồ Tùng Mậu, Phú Diễn, Bắc Từ Liêm, Hà Nội",60 m²,6 PN,6 WC,6,Sổ đỏ / Sổ hồng,15/09/202509:12
"Bán  Nhà riêng tạiĐường Cầu Diễn, Minh Khai, Bắc Từ Liêm, Hà Nội","7,40 tỷ","Đường Cầu Diễn, Minh Khai, Bắc Từ Liêm, Hà Nội",36 m²,5 PN,6 WC,,Sổ đỏ / Sổ hồng,13/09/202513:52
"Bán  Nhà riêng tạiĐường Hoàng Như Tiếp, Bồ Đề, Long Biên",94 tỷ,"Đường Hoàng Như Tiếp, Bồ Đề, Long Biên",120 m²,4 PN,,4,Sổ đỏ / Sổ hồng,12/09/202516:57
"Bán  Nhà riêng tạiĐường 1, Phú Lãm, Hà Đông, Hà Nội","6,40 tỷ","Đường 1, Phú Lãm, Hà Đông, Hà Nội",41 m²,4 PN,,,Sổ đỏ / Sổ hồng,12/09/202516:50
"Bán  Nhà riêng tạiĐường Phú Diễn, Phú Diễn, Bắc Từ Liêm, Hà Nội","13,50 tỷ","Đường Phú Diễn, Phú Diễn, Bắc Từ Liêm, Hà Nội",57 m²,6 PN,6 WC,6,Sổ đỏ / Sổ hồng,13/09/202514:09
"Bán  Nhà riêng tạiĐường Phúc Lợi, Phúc Lợi, Long Biên","6,70 tỷ","Đường Phúc Lợi, Phúc Lợi, Long Biên",35 m²,3 PN,,6,Sổ đỏ / Sổ hồng,12/09/202515:32
"Bán  Nhà riêng tạiĐường Mỹ Đình, Mỹ Đình 2, Nam Từ Liêm, Hà Nội",7 tỷ,"Đường Mỹ Đình, Mỹ Đình 2, Nam Từ Liêm, Hà Nội",31 m²,2 PN,2 WC,5,Sổ đỏ / Sổ hồng,12/09/202517:01
"Bán  Nhà riêng tạiĐường Hoàng Mai, Hoàng Văn Thụ, Hà Nội","8,10 tỷ","Đường Hoàng Mai, Hoàng Văn Thụ, Hà Nội",51 m²,3 PN,,5,Sổ đỏ / Sổ hồng,12/09/202516:45
"Bán  Nhà riêng tạiĐường Ngũ Nhạc, Vĩnh Hưng, Hoàng Mai, Hà Nội","6,00 tỷ","Đường Ngũ Nhạc, Vĩnh Hưng, Hoàng Mai, Hà Nội",32 m²,8 PN,4 WC,5,Sổ đỏ / Sổ hồng,13/09/202513:46
"Bán  Nhà riêng tạiMậu Lương, Kiến Hưng, Hà Đông, Hà Nội","7,30 tỷ","Mậu Lương, Kiến Hưng, Hà Đông, Hà Nội","32,5 m²",4 PN,3 WC,4,Sổ đỏ / Sổ hồng,10/09/202517:10
"Bán  Nhà riêng tạiĐường Kẻ Vẽ, Đông Ngạc, Bắc Từ Liêm, Hà Nội","6,80 tỷ","Đường Kẻ Vẽ, Đông Ngạc, Bắc Từ Liêm, Hà Nội",37 m²,4 PN,4 WC,5,Sổ đỏ / Sổ hồng,11/09/202508:31
"Bán  Nhà riêng tạiĐường đường Ngọc thuỵ, Ngọc Thụy, Long Biên, Hà Nội","13,80 tỷ","Đường đường Ngọc thuỵ, Ngọc Thụy, Long Biên, Hà Nội",52 m²,4 PN,3 WC,6,Sổ đỏ / Sổ hồng,11/09/202508:23
"Bán  Nhà riêng tạiHà Nội Tây Hồ                             Đường Tứ Liên, Tứ Liên","9,68 tỷ","Hà Nội Tây Hồ                             Đường Tứ Liên, Tứ Liên",40 m²,4 PN,2 WC,5,Sổ đỏ / Sổ hồng,12/09/202514:03
"Bán  Nhà mặt phố tạiĐường Trịnh Đình Cửu, Định Công, Hoàng Mai, Hà Nội","23,50 tỷ","Đường Trịnh Đình Cửu, Định Công, Hoàng Mai, Hà Nội",55 m²,4 PN,4 WC,5,Sổ đỏ / Sổ hồng,11/09/202508:40
"Bán  Nhà riêng tạiHà Nội Long Biên                             Đường Ngọc Thụy, Ngọc Thụy",10 tỷ,"Hà Nội Long Biên                             Đường Ngọc Thụy, Ngọc Thụy",45 m²,,,6,Sổ đỏ / Sổ hồng,11/09/202508:22
"Bán  Nhà riêng tạiĐường Kẻ Vẽ, Đông Ngạc, Bắc Từ Liêm, Hà Nội","6,80 tỷ","Đường Kẻ Vẽ, Đông Ngạc, Bắc Từ Liêm, Hà Nội",39 m²,4 PN,4 WC,5,Sổ đỏ / Sổ hồng,11/09/202508:31
"Bán  Nhà riêng tạiĐường Thượng Thanh, Thượng Thanh, Long Biên, Hà Nội","6,70 tỷ","Đường Thượng Thanh, Thượng Thanh, Long Biên, Hà Nội",30 m²,4 PN,5 WC,6,Sổ đỏ / Sổ hồng,11/09/202508:33
"Bán  Nhà riêng tạiHoàng Hoa Thám, Vĩnh Phúc, Tây Hồ, Hà Nội","4,35 tỷ","Hoàng Hoa Thám, Vĩnh Phúc, Tây Hồ, Hà Nội",36 m²,,,5,,10/09/202509:15
"Bán  Nhà riêng tạiThạch Bàn, Thạch Bàn, Long Biên, Hà Nội","8,85 tỷ","Thạch Bàn, Thạch Bàn, Long Biên, Hà Nội",42 m²,3 PN,4 WC,6,Sổ đỏ / Sổ hồng,10/09/202509:08
"Bán  Nhà riêng tạiĐường Nguyễn Văn Linh, Phúc Đồng, Long Biên, Hà Nội","7,19 tỷ","Đường Nguyễn Văn Linh, Phúc Đồng, Long Biên, Hà Nội",30 m²,2 PN,3 WC,5,Sổ đỏ / Sổ hồng,10/09/202511:51
"Bán  Nhà riêng tạiĐường Hoàng Hoa Thám, Bưởi, Tây Hồ, Hà Nội","5,90 tỷ","Đường Hoàng Hoa Thám, Bưởi, Tây Hồ, Hà Nội",37 m²,4 PN,4 WC,5,Sổ đỏ / Sổ hồng,10/09/202508:51
"Bán  Nhà biệt thự, liền kề tạiĐường Nguyễn Cơ Thạch, Cầu Diễn, Nam Từ Liêm, Hà Nội","18,90 tỷ","Đường Nguyễn Cơ Thạch, Cầu Diễn, Nam Từ Liêm, Hà Nội",55 m²,6 PN,5 WC,6,Sổ đỏ / Sổ hồng,10/09/202514:23
"Bán  Nhà riêng tạiĐường Nguyễn Văn Linh, Thạch Bàn, Long Biên, Hà Nội","7,70 tỷ","Đường Nguyễn Văn Linh, Thạch Bàn, Long Biên, Hà Nội",48 m²,3 PN,5 WC,6,Sổ đỏ / Sổ hồng,10/09/202514:24
"Bán  Nhà riêng tạiNguyễn Văn Linh, Thạch Bàn, Long Biên, Hà Nội","10,80 tỷ","Nguyễn Văn Linh, Thạch Bàn, Long Biên, Hà Nội",43 m²,,,6,Sổ đỏ / Sổ hồng,10/09/202509:11
"Bán  Nhà riêng tạiHuỳnh Tấn Phát, Thạch Bàn, Long Biên, Hà Nội","10,39 tỷ","Huỳnh Tấn Phát, Thạch Bàn, Long Biên, Hà Nội",48 m²,4 PN,,6,Sổ đỏ / Sổ hồng,10/09/202509:09
"Bán  Nhà riêng tạiPhố Vũ Xuân Thiều, Sài Đồng, Long Biên, Hà Nội","7,50 tỷ","Phố Vũ Xuân Thiều, Sài Đồng, Long Biên, Hà Nội",38 m²,,,6,,10/09/202509:08
"Bán  Nhà riêng tạiĐường Hoàng Mai, Giáp Bát, Hoàng Mai, Hà Nội","13,65 tỷ","Đường Hoàng Mai, Giáp Bát, Hoàng Mai, Hà Nội",90 m²,4 PN,4 WC,4,Sổ đỏ / Sổ hồng,09/09/202514:22
"Bán  Nhà riêng tạiĐường Bằng A, Hoàng Liệt, Hoàng Mai, Hà Nội","6,38 tỷ","Đường Bằng A, Hoàng Liệt, Hoàng Mai, Hà Nội",40 m²,3 PN,4 WC,5,Sổ đỏ / Sổ hồng,10/09/202508:30
"Bán  Nhà riêng tạiVạn Phúc, Vạn Phúc, Hà Đông, Hà Nội","23,50 tỷ","Vạn Phúc, Vạn Phúc, Hà Đông, Hà Nội",55 m²,5 PN,5 WC,5,Sổ đỏ / Sổ hồng,09/09/202520:01
"Bán  Nhà mặt phố tạiVăn Phúc, Phú La, Hà Đông, Hà Nội","10,90 tỷ","Văn Phúc, Phú La, Hà Đông, Hà Nội",30 m²,2 PN,5 WC,5,Sổ đỏ / Sổ hồng,09/09/202520:02
"Bán  Nhà riêng tạiLk23 Kđt Văn Khê đường Nguyễn Thanh Bình, La Khê, Hà Đông, Hà Nội","23,90 tỷ","Lk23 Kđt Văn Khê đường Nguyễn Thanh Bình, La Khê, Hà Đông, Hà Nội",100 m²,,,4,Sổ đỏ / Sổ hồng,09/09/202520:03
"Bán  Nhà riêng tại228 Thanh Bình, Mộ Lao, Hà Đông, Hà Nội","9,25 tỷ","228 Thanh Bình, Mộ Lao, Hà Đông, Hà Nội",35 m²,4 PN,4 WC,5,Sổ đỏ / Sổ hồng,09/09/202520:02
"Bán  Nhà riêng tại682 Quang Trung, La Khê, Hà Đông, Hà Nội","216,90 tỷ","682 Quang Trung, La Khê, Hà Đông, Hà Nội",460 m²,,,2,Sổ đỏ / Sổ hồng,09/09/202520:00
"Bán  Nhà mặt phố tạiđường Bạch Thái Bưởi, Văn Quán, Hà Đông, Hà Nội","26,90 tỷ","đường Bạch Thái Bưởi, Văn Quán, Hà Đông, Hà Nội",90 m²,6 PN,6 WC,6,Sổ đỏ / Sổ hồng,09/09/202520:01
"Bán  Nhà riêng tạiLê Quý đôn 2, Hà Cầu, Hà Đông, Hà Nội","14,90 tỷ","Lê Quý đôn 2, Hà Cầu, Hà Đông, Hà Nội",90 m²,4 PN,4 WC,7,Sổ đỏ / Sổ hồng,09/09/202520:02
"Bán  Nhà riêng tại21 Lý Thường Kiệt, Quang Trung, Hà Đông, Hà Nội",Thỏa thuận,"21 Lý Thường Kiệt, Quang Trung, Hà Đông, Hà Nội",40 m²,4 PN,4 WC,5,Sổ đỏ / Sổ hồng,09/09/202520:03
"Bán  Nhà mặt phố tạiSa đôi, Đại Mỗ, Nam Từ Liêm, Hà Nội","63,90 tỷ","Sa đôi, Đại Mỗ, Nam Từ Liêm, Hà Nội",210 m²,,6 WC,4,Sổ đỏ / Sổ hồng,09/09/202520:01
"Bán  Nhà riêng tạiĐường Thanh Am, Đức Giang, Long Biên, Hà Nội","15,60 tỷ","Đường Thanh Am, Đức Giang, Long Biên, Hà Nội",85 m²,3 PN,3 WC,3,Sổ đỏ / Sổ hồng,09/09/202514:15
"Bán  Nhà mặt phố tạiPhố Lụa, Vạn Phúc, Hà Đông, Hà Nội","35,90 tỷ","Phố Lụa, Vạn Phúc, Hà Đông, Hà Nội",100 m²,2 PN,,8,Sổ đỏ / Sổ hồng,09/09/202520:04
"Bán Nhà biệt thự, liền kề theo dự ánKhai Sơn Hill tại Dự án Khai Sơn Hill, Đường Ngọc Thụy, Phường Ngọc Thụy, Long Biên, Hà Nội","56,50 tỷ","Dự án Khai Sơn Hill, Đường Ngọc Thụy, Phường Ngọc Thụy, Long Biên, Hà Nội",158 m²,,,4,Sổ đỏ / Sổ hồng,18/07/202500:00
"Bán  Nhà riêng tạiĐường Tu Hoàng, Phường Phương Canh, Nam Từ Liêm, Hà Nội","19,50 tỷ","Đường Tu Hoàng, Phường Phương Canh, Nam Từ Liêm, Hà Nội",80 m²,8 PN,10 WC,6,Sổ đỏ / Sổ hồng,09/09/202513:52
"Bán  Nhà riêng tạiĐường Phúc Đồng, Phúc Đồng, Long Biên, Hà Nội",13 tỷ,"Đường Phúc Đồng, Phúc Đồng, Long Biên, Hà Nội",50 m²,,,4,Sổ đỏ / Sổ hồng,09/09/202511:43
"Bán  Nhà riêng tạiHà Nội Long Biên                             Đường Ngọc Trì, Long Biên","12,80 tỷ","Hà Nội Long Biên                             Đường Ngọc Trì, Long Biên",47 m²,3 PN,6 WC,7,Sổ đỏ / Sổ hồng,09/09/202514:07
"Bán  Nhà biệt thự, liền kề tạiDự án KĐT Tây Hồ Tây - Starlake Hà Nội, Phường Xuân La, Tây Hồ, Hà Nội",Thỏa thuận,"Dự án KĐT Tây Hồ Tây - Starlake Hà Nội, Phường Xuân La, Tây Hồ, Hà Nội",193 m²,,,4,Sổ đỏ / Sổ hồng,18/07/202500:00
"Bán  Nhà riêng tạiĐường Nguyễn Chính, Thịnh Liệt, Hoàng Mai, Hà Nội","15,90 tỷ","Đường Nguyễn Chính, Thịnh Liệt, Hoàng Mai, Hà Nội",48 m²,3 PN,4 WC,5,Sổ đỏ / Sổ hồng,09/09/202513:53
"Bán  Nhà biệt thự, liền kề tạiDự án KĐT Tây Hồ Tây - Starlake Hà Nội, Phường Xuân La, Tây Hồ, Hà Nội",98 tỷ,"Dự án KĐT Tây Hồ Tây - Starlake Hà Nội, Phường Xuân La, Tây Hồ, Hà Nội",280 m²,,,4,,18/07/202500:00
"Bán  Nhà biệt thự, liền kề tạiDự án Ciputra Hà Nội, Phường Phú Thượng, Tây Hồ, Hà Nội",62 tỷ,"Dự án Ciputra Hà Nội, Phường Phú Thượng, Tây Hồ, Hà Nội",150 m²,,,4,Sổ đỏ / Sổ hồng,16/07/202500:00
"Bán  Nhà phố thương mại tạiDự án IA20 Ciputra, Phường Đông Ngạc, Bắc Từ Liêm, Hà Nội",30 tỷ,"Dự án IA20 Ciputra, Phường Đông Ngạc, Bắc Từ Liêm, Hà Nội",120 m²,10 PN,6 WC,6,Sổ đỏ / Sổ hồng,16/07/202500:00
"Bán  Nhà biệt thự, liền kề tạiPhường Phú Lương, Hà Đông , Hà Nội",15 tỷ,"Phường Phú Lương, Hà Đông , Hà Nội",87 m²,,,5,,15/07/202500:00
"Bán  Nhà biệt thự, liền kề tạiH6 Starlake, Phường Cổ Nhuế 1, Bắc Từ Liêm, Hà Nội",60 tỷ,"H6 Starlake, Phường Cổ Nhuế 1, Bắc Từ Liêm, Hà Nội",154 m²,6 PN,5 WC,5,Sổ đỏ / Sổ hồng,16/07/202500:00
"Bán  Nhà biệt thự, liền kề tạiKhu đô thị mới Nghĩa Đô, Đường Nguyễn Văn Huyên, Phường Cổ Nhuế 1, Bắc Từ Liêm, Hà Nội",120 tỷ,"Khu đô thị mới Nghĩa Đô, Đường Nguyễn Văn Huyên, Phường Cổ Nhuế 1, Bắc Từ Liêm, Hà Nội",300 m²,5 PN,6 WC,5,Sổ đỏ / Sổ hồng,15/07/202500:00
"Bán  Nhà biệt thự, liền kề tạiDự án Ciputra Hà Nội, Phường Phú Thượng, Tây Hồ, Hà Nội","110,25 tỷ","Dự án Ciputra Hà Nội, Phường Phú Thượng, Tây Hồ, Hà Nội",441 m²,5 PN,5 WC,3,Hợp đồng mua bán,14/07/202500:00
"Bán  Nhà riêng tạiPhường Phú Thượng, Tây Hồ, Hà Nội","16,50 tỷ","Phường Phú Thượng, Tây Hồ, Hà Nội",65 m²,8 PN,6 WC,7,Sổ đỏ / Sổ hồng,14/07/202500:00
"Bán  Nhà biệt thự, liền kề tạiPhường Xuân La, Tây Hồ, Hà Nội",109 tỷ,"Phường Xuân La, Tây Hồ, Hà Nội",296 m²,6 PN,8 WC,4,Sổ đỏ / Sổ hồng,14/07/202500:00
"Bán  Nhà phố thương mại tạiDự án IA20 Ciputra, Phường Đông Ngạc, Bắc Từ Liêm, Hà Nội",Thỏa thuận,"Dự án IA20 Ciputra, Phường Đông Ngạc, Bắc Từ Liêm, Hà Nội",229 m²,,,,Hợp đồng mua bán,15/07/202500:00
"Bán  Nhà biệt thự, liền kề tạiDự án Ciputra Hà Nội, Phường Phú Thượng, Tây Hồ, Hà Nội",59 tỷ,"Dự án Ciputra Hà Nội, Phường Phú Thượng, Tây Hồ, Hà Nội",150 m²,6 PN,5 WC,5,Sổ đỏ / Sổ hồng,11/07/202500:00
"Bán  Nhà riêng tạiPhường Phú Thượng, Tây Hồ, Hà Nội","6,10 tỷ","Phường Phú Thượng, Tây Hồ, Hà Nội",35 m²,2 PN,2 WC,3,Sổ đỏ / Sổ hồng,11/07/202500:00
"Bán  Nhà riêng tạiĐường Phúc Lợi, Phường Phúc Lợi, Long Biên, Hà Nội","3,54 tỷ","Đường Phúc Lợi, Phường Phúc Lợi, Long Biên, Hà Nội",48 m²,3 PN,2 WC,3,Sổ đỏ / Sổ hồng,12/07/202500:00
"Bán Nhà biệt thự, liền kề theo dự ánKhu đô thị Thanh Hà tại Khu đô thị Thanh Hà Mường Thanh, Kiến Hưng, Hà Đông, Hà Nội",Thỏa thuận,"Khu đô thị Thanh Hà Mường Thanh, Kiến Hưng, Hà Đông, Hà Nội",240 m²,,,,Hợp đồng mua bán,11/07/202500:00
"Bán  Nhà riêng tạiĐường Lương Khánh Thiện, Phường Tương Mai, Hoàng Mai, Hà Nội","7,95 tỷ","Đường Lương Khánh Thiện, Phường Tương Mai, Hoàng Mai, Hà Nội",34 m²,3 PN,,5,Sổ đỏ / Sổ hồng,14/07/202500:00
"Bán  Nhà riêng tạiNgõ 335, Đường An Dương Vương, Phường Phú Thượng, Tây Hồ, Hà Nội",16 tỷ,"Ngõ 335, Đường An Dương Vương, Phường Phú Thượng, Tây Hồ, Hà Nội",70 m²,7 PN,6 WC,7,Sổ đỏ / Sổ hồng,11/07/202500:00
"Bán  Nhà biệt thự, liền kề tạiDự án Ciputra Hà Nội, Đường Lạc Long Quân, Phường Phú Thượng, Tây Hồ, Hà Nội",54 tỷ,"Dự án Ciputra Hà Nội, Đường Lạc Long Quân, Phường Phú Thượng, Tây Hồ, Hà Nội",180 m²,5 PN,5 WC,10,Sổ đỏ / Sổ hồng,11/07/202500:00
"Bán  Nhà riêng tạiĐường Xuân Đỉnh, Phường Xuân Đỉnh, Bắc Từ Liêm, Hà Nội","6,80 tỷ","Đường Xuân Đỉnh, Phường Xuân Đỉnh, Bắc Từ Liêm, Hà Nội",32 m²,3 PN,4 WC,5,Sổ đỏ / Sổ hồng,12/07/202500:00
"Bán Nhà biệt thự, liền kề theo dự ánKhu đô thị Thanh Hà tại Dự án Thanh Hà Mường Thanh, Phường Kiến Hưng, Hà Đông, Hà Nội","9,60 tỷ","Dự án Thanh Hà Mường Thanh, Phường Kiến Hưng, Hà Đông, Hà Nội",100 m²,,,,Hợp đồng mua bán,11/07/202500:00
"Bán  Nhà biệt thự, liền kề tạiDự án Ciputra Hà Nội, Đường Lạc Long Quân, Phường Phú Thượng, Tây Hồ, Hà Nội","114,75 tỷ","Dự án Ciputra Hà Nội, Đường Lạc Long Quân, Phường Phú Thượng, Tây Hồ, Hà Nội",450 m²,6 PN,6 WC,6,,11/07/202500:00
"Bán  Nhà mặt phố tạiĐường Trần Đăng Ninh, Phường Phú La, Hà Đông, Hà Nội","8,90 tỷ","Đường Trần Đăng Ninh, Phường Phú La, Hà Đông, Hà Nội",35 m²,,,,Sổ đỏ / Sổ hồng,08/07/202500:00
"Bán  Nhà biệt thự, liền kề tạiDự án KĐT Tây Hồ Tây - Starlake Hà Nội, Đường Xuân Tảo, Phường Xuân La, Tây Hồ, Hà Nội",63 tỷ,"Dự án KĐT Tây Hồ Tây - Starlake Hà Nội, Đường Xuân Tảo, Phường Xuân La, Tây Hồ, Hà Nội",132 m²,4 PN,5 WC,4,Sổ đỏ / Sổ hồng,10/07/202500:00
"Bán Nhà biệt thự, liền kề theo dự ánKhu đô thị Thanh Hà tại Dự án Thanh Hà Mường Thanh, Phường Kiến Hưng, Hà Đông, Hà Nội",Thỏa thuận,"Dự án Thanh Hà Mường Thanh, Phường Kiến Hưng, Hà Đông, Hà Nội",100 m²,,,,Hợp đồng mua bán,11/07/202500:00
"Bán  Nhà riêng tạiĐường Xuân La, Phường Xuân La, Tây Hồ, Hà Nội",18 tỷ,"Đường Xuân La, Phường Xuân La, Tây Hồ, Hà Nội",96 m²,6 PN,6 WC,5,Sổ đỏ / Sổ hồng,10/07/202500:00
"Bán  Nhà riêng tạiĐường Xuân La, Phường Xuân La, Tây Hồ, Hà Nội","9,30 tỷ","Đường Xuân La, Phường Xuân La, Tây Hồ, Hà Nội",45 m²,4 PN,5 WC,6,Sổ đỏ / Sổ hồng,10/07/202500:00
"Bán  Nhà biệt thự, liền kề tạiNguyễn Hoàng Tôn quận Tây Hồ, Hà Nội",96 tỷ,"Nguyễn Hoàng Tôn quận Tây Hồ, Hà Nội",320 m²,5 PN,5 WC,4,Sổ đỏ / Sổ hồng,09/07/202500:00
"Bán  Nhà riêng tạiĐường Xuân Đỉnh, Phường Xuân Đỉnh, Bắc Từ Liêm, Hà Nội","6,60 tỷ","Đường Xuân Đỉnh, Phường Xuân Đỉnh, Bắc Từ Liêm, Hà Nội",33 m²,4 PN,5 WC,5,Sổ đỏ / Sổ hồng,10/07/202500:00
"Bán Nhà biệt thự, liền kề theo dự ánKhu đô thị Thanh Hà tại Dự án Thanh Hà Mường Thanh, Phường Kiến Hưng, Hà Đông, Hà Nội","9,60 tỷ","Dự án Thanh Hà Mường Thanh, Phường Kiến Hưng, Hà Đông, Hà Nội",100 m²,,,,Hợp đồng mua bán,11/07/202500:00
"Bán  Nhà riêng tạiĐường Chu Huy Mân, Phường Phúc Đồng, Long Biên, Hà Nội","5,25 tỷ","Đường Chu Huy Mân, Phường Phúc Đồng, Long Biên, Hà Nội",34 m²,3 PN,4 WC,5,Sổ đỏ / Sổ hồng,09/07/202500:00
"Bán  Nhà biệt thự, liền kề tạiDự án Vạn Phúc - Simco Sông Đà, Đường Tố Hữu, Phường Vạn Phúc, Hà Đông, Hà Nội",15 tỷ,"Dự án Vạn Phúc - Simco Sông Đà, Đường Tố Hữu, Phường Vạn Phúc, Hà Đông, Hà Nội",55 m²,,,5,Sổ đỏ / Sổ hồng,09/07/202500:00
"Bán  Nhà riêng tạiĐường Châu Đài, Phường Thượng Cát, Bắc Từ Liêm, Hà Nội","5,25 tỷ","Đường Châu Đài, Phường Thượng Cát, Bắc Từ Liêm, Hà Nội",48 m²,6 PN,4 WC,5,Sổ đỏ / Sổ hồng,09/07/202500:00
"Bán  Nhà riêng tạiĐường Xuân La, Phường Xuân La, Tây Hồ, Hà Nội","13,50 tỷ","Đường Xuân La, Phường Xuân La, Tây Hồ, Hà Nội",70 m²,4 PN,,4,Sổ đỏ / Sổ hồng,10/07/202500:00
"Bán  Nhà riêng tạiĐường Võ Chí Công, Phường Xuân La, Tây Hồ, Hà Nội","27,50 tỷ","Đường Võ Chí Công, Phường Xuân La, Tây Hồ, Hà Nội",79 m²,4 PN,9 WC,12,Sổ đỏ / Sổ hồng,08/07/202500:00
"Bán  Nhà riêng tạiĐường Võ Chí Công, Phường Xuân La, Tây Hồ, Hà Nội","21,50 tỷ","Đường Võ Chí Công, Phường Xuân La, Tây Hồ, Hà Nội",53 m²,4 PN,4 WC,6,Sổ đỏ / Sổ hồng,08/07/202500:00
"Bán  Nhà biệt thự, liền kề tạiDự án Tây Hồ Residence, Đường Võ Chí Công, Phường Xuân La, Tây Hồ, Hà Nội",50 tỷ,"Dự án Tây Hồ Residence, Đường Võ Chí Công, Phường Xuân La, Tây Hồ, Hà Nội",135 m²,4 PN,4 WC,4,Sổ đỏ / Sổ hồng,08/07/202500:00
"Bán  Nhà biệt thự, liền kề tạiDự án Ciputra Hà Nội, Đường Lạc Long Quân, Phường Phú Thượng, Tây Hồ, Hà Nội",100 tỷ,"Dự án Ciputra Hà Nội, Đường Lạc Long Quân, Phường Phú Thượng, Tây Hồ, Hà Nội",441 m²,,,4,,08/07/202500:00
"Bán  Nhà riêng tạiĐường Võ Chí Công, Phường Xuân La, Tây Hồ, Hà Nội","16,50 tỷ","Đường Võ Chí Công, Phường Xuân La, Tây Hồ, Hà Nội",85 m²,,,8,Sổ đỏ / Sổ hồng,08/07/202500:00
"Bán  Nhà riêng tạiĐường Võ Chí Công, Phường Xuân La, Tây Hồ, Hà Nội","12,50 tỷ","Đường Võ Chí Công, Phường Xuân La, Tây Hồ, Hà Nội",40 m²,3 PN,,5,Sổ đỏ / Sổ hồng,08/07/202500:00
"Bán  Nhà riêng tạiĐường Võ Chí Công, Phường Xuân La, Tây Hồ, Hà Nội",20 tỷ,"Đường Võ Chí Công, Phường Xuân La, Tây Hồ, Hà Nội",60 m²,,,6,Sổ đỏ / Sổ hồng,08/07/202500:00
"Bán  Nhà biệt thự, liền kề tạiDự án Louis City, Đường 70, Phường Đại Mỗ, Nam Từ Liêm, Hà Nội","28,90 tỷ","Dự án Louis City, Đường 70, Phường Đại Mỗ, Nam Từ Liêm, Hà Nội",105 m²,5 PN,4 WC,6,Sổ đỏ / Sổ hồng,08/07/202500:00
"Bán  Nhà riêng tạiĐường Võ Chí Công, Phường Thụy Khuê, Tây Hồ, Hà Nội","5,90 tỷ","Đường Võ Chí Công, Phường Thụy Khuê, Tây Hồ, Hà Nội",40 m²,,,4,Sổ đỏ / Sổ hồng,08/07/202500:00
"Bán  Nhà riêng tạiĐường Võ Chí Công, Phường Xuân La, Tây Hồ, Hà Nội",Thỏa thuận,"Đường Võ Chí Công, Phường Xuân La, Tây Hồ, Hà Nội",42 m²,,,7,,08/07/202500:00
"Bán Nhà biệt thự, liền kề theo dự ánAn Khang Villa tại Dự án An Khang Villa, Đường Tố Hữu, Phường La Khê, Hà Đông, Hà Nội",32 tỷ,"Dự án An Khang Villa, Đường Tố Hữu, Phường La Khê, Hà Đông, Hà Nội",200 m²,,,4,Sổ đỏ / Sổ hồng,05/07/202500:00
"Bán Nhà biệt thự, liền kề theo dự ánTây Nam Hồ Linh Đàm tại Tây Nam Hồ Linh Đàm, Đường Bằng A, Phường Hoàng Liệt, Quận Hoàng Mai, Hà Nội","19,98 tỷ","Tây Nam Hồ Linh Đàm, Đường Bằng A, Phường Hoàng Liệt, Quận Hoàng Mai, Hà Nội",60 m²,4 PN,5 WC,6,Sổ đỏ / Sổ hồng,07/07/202500:00
"Bán  Nhà riêng tạiĐường Đình Thôn, Phường Mỹ Đình 2, Nam Từ Liêm, Hà Nội",20 tỷ,"Đường Đình Thôn, Phường Mỹ Đình 2, Nam Từ Liêm, Hà Nội",108 m²,16 PN,16 WC,9,Sổ đỏ / Sổ hồng,05/07/202500:00
"Bán  Nhà phố thương mại tạiDự án KĐT Tây Hồ Tây - Starlake Hà Nội, Phường Xuân La, Tây Hồ, Hà Nội",Thỏa thuận,"Dự án KĐT Tây Hồ Tây - Starlake Hà Nội, Phường Xuân La, Tây Hồ, Hà Nội",132 m²,,,4,Sổ đỏ / Sổ hồng,05/07/202500:00
"Bán  Nhà riêng tạiĐường Vĩnh Hưng, Phường Vĩnh Hưng, Hoàng Mai, Hà Nội","5,85 tỷ","Đường Vĩnh Hưng, Phường Vĩnh Hưng, Hoàng Mai, Hà Nội",41 m²,3 PN,4 WC,5,Sổ đỏ / Sổ hồng,07/07/202500:00
"Bán Nhà biệt thự, liền kề theo dự ánTây Nam Hồ Linh Đàm tại Dự án Tây Nam Hồ Linh Đàm, Đường Bằng A, Phường Hoàng Liệt, Hoàng Mai, Hà Nội","17,50 tỷ","Dự án Tây Nam Hồ Linh Đàm, Đường Bằng A, Phường Hoàng Liệt, Hoàng Mai, Hà Nội",90 m²,,,,Sổ đỏ / Sổ hồng,07/07/202500:00
"Bán  Nhà biệt thự, liền kề tạiDự án Ciputra Hà Nội, Phường Phú Thượng, Tây Hồ, Hà Nội",90 tỷ,"Dự án Ciputra Hà Nội, Phường Phú Thượng, Tây Hồ, Hà Nội",300 m²,4 PN,4 WC,,,05/07/202500:00
"Bán Nhà biệt thự, liền kề theo dự ánTây Nam Hồ Linh Đàm tại Dự án Tây Nam Hồ Linh Đàm, Đường Bằng A, Phường Hoàng Liệt, Hoàng Mai, Hà Nội","40,70 tỷ","Dự án Tây Nam Hồ Linh Đàm, Đường Bằng A, Phường Hoàng Liệt, Hoàng Mai, Hà Nội",220 m²,5 PN,6 WC,4,Sổ đỏ / Sổ hồng,07/07/202500:00
"Bán  Nhà biệt thự, liền kề tạiKhu đô thị Nam Thăng Long - Ciputra, Phú Thượng, Tây Hồ, Hà Nội",189 tỷ,"Khu đô thị Nam Thăng Long - Ciputra, Phú Thượng, Tây Hồ, Hà Nội",380 m²,4 PN,3 WC,,Sổ đỏ / Sổ hồng,07/07/202500:00
"Bán Nhà biệt thự, liền kề theo dự ánTây Nam Hồ Linh Đàm tại Dự án Tây Nam Hồ Linh Đàm, Đường Linh Đàm, Phường Hoàng Liệt, Hoàng Mai, Hà Nội",32 tỷ,"Dự án Tây Nam Hồ Linh Đàm, Đường Linh Đàm, Phường Hoàng Liệt, Hoàng Mai, Hà Nội",200 m²,5 PN,5 WC,3,Sổ đỏ / Sổ hồng,07/07/202500:00
"Bán  Nhà biệt thự, liền kề tạiDự án Kita Capital Ciputra, Phường Phú Thượng, Tây Hồ, Hà Nội",66 tỷ,"Dự án Kita Capital Ciputra, Phường Phú Thượng, Tây Hồ, Hà Nội",230 m²,6 PN,,4,Sổ đỏ / Sổ hồng,05/07/202500:00
"Bán  Nhà biệt thự, liền kề tạiDự án An Quý Villa - KĐT Dương Nội, Phường Dương Nội, Hà Đông, Hà Nội","68,40 tỷ","Dự án An Quý Villa - KĐT Dương Nội, Phường Dương Nội, Hà Đông, Hà Nội",221 m²,5 PN,5 WC,4,Sổ đỏ / Sổ hồng,03/07/202500:00
"Bán  Nhà riêng tạiĐường Hoàng Quốc Việt, Phường Cổ Nhuế 1, Bắc Từ Liêm, Hà Nội",8 tỷ,"Đường Hoàng Quốc Việt, Phường Cổ Nhuế 1, Bắc Từ Liêm, Hà Nội",30 m²,2 PN,2 WC,2,Sổ đỏ / Sổ hồng,03/07/202500:00
"Bán  Nhà biệt thự, liền kề tạiDự án Ciputra Hà Nội, Đường Lạc Long Quân, Phường Phú Thượng, Tây Hồ, Hà Nội","157,50 tỷ","Dự án Ciputra Hà Nội, Đường Lạc Long Quân, Phường Phú Thượng, Tây Hồ, Hà Nội",450 m²,,,4,Sổ đỏ / Sổ hồng,04/07/202500:00
"Bán Nhà riêng theo dự ánVinhomes Smart City tại Đường 70, Phường Tây Mỗ, Nam Từ Liêm, Hà Nội","4,50 tỷ","Đường 70, Phường Tây Mỗ, Nam Từ Liêm, Hà Nội",35 m²,5 PN,3 WC,5,Sổ đỏ / Sổ hồng,04/07/202500:00
"Bán  Nhà riêng tạiĐường Xuân Đỉnh, Phường Xuân La, Tây Hồ, Hà Nội","12,50 tỷ","Đường Xuân Đỉnh, Phường Xuân La, Tây Hồ, Hà Nội",60 m²,2 PN,2 WC,2,Sổ đỏ / Sổ hồng,04/07/202500:00
"Bán  Nhà mặt phố tạiĐường Mai Chí Thọ, Phường Giang Biên, Long Biên, Hà Nội",36 tỷ,"Đường Mai Chí Thọ, Phường Giang Biên, Long Biên, Hà Nội",160 m²,,,5,Sổ đỏ / Sổ hồng,03/07/202500:00
"Bán  Nhà riêng tạiĐường 70A, Phường Tây Mỗ, Nam Từ Liêm, Hà Nội",Thỏa thuận,"Đường 70A, Phường Tây Mỗ, Nam Từ Liêm, Hà Nội",38 m²,4 PN,4 WC,4,Sổ đỏ / Sổ hồng,04/07/202500:00
"Bán  Nhà riêng tạiĐường Ngọc Thụy, Phường Ngọc Thụy, Long Biên, Hà Nội","12,90 tỷ","Đường Ngọc Thụy, Phường Ngọc Thụy, Long Biên, Hà Nội",54 m²,3 PN,6 WC,6,Sổ đỏ / Sổ hồng,03/07/202500:00
"Bán  Nhà biệt thự, liền kề tạiĐường Võ Chí Công, Phường Phú Thượng, Tây Hồ, Hà Nội",115 tỷ,"Đường Võ Chí Công, Phường Phú Thượng, Tây Hồ, Hà Nội",511 m²,6 PN,10 WC,4,Sổ đỏ / Sổ hồng,04/07/202500:00
"Bán  Nhà riêng tạiPhường Cự Khối, Long Biên, Hà Nội","7,80 tỷ","Phường Cự Khối, Long Biên, Hà Nội",50 m²,3 PN,4 WC,5,Sổ đỏ / Sổ hồng,01/07/202500:00
"Bán  Nhà riêng tạiĐường Xuân Đỉnh, Phường Xuân Đỉnh, Bắc Từ Liêm, Hà Nội","15,66 tỷ","Đường Xuân Đỉnh, Phường Xuân Đỉnh, Bắc Từ Liêm, Hà Nội",54 m²,6 PN,4 WC,4,Sổ đỏ / Sổ hồng,02/07/202500:00
"Bán  Nhà mặt phố tạiĐường Lạc Long Quân, Phường Bưởi, Tây Hồ, Hà Nội","30,50 tỷ","Đường Lạc Long Quân, Phường Bưởi, Tây Hồ, Hà Nội",55 m²,,,7,Sổ đỏ / Sổ hồng,01/07/202500:00
"Bán  Nhà riêng tạiĐường Xuân Đỉnh, Phường Xuân Đỉnh, Bắc Từ Liêm, Hà Nội.","14,80 tỷ","Đường Xuân Đỉnh, Phường Xuân Đỉnh, Bắc Từ Liêm, Hà Nội.",55 m²,3 PN,2 WC,3,Sổ đỏ / Sổ hồng,02/07/202500:00
"Bán  Nhà biệt thự, liền kề tạiDự án Ciputra Hà Nội, Đường Lạc Long Quân, Phường Phú Thượng, Tây Hồ, Hà Nội","112,50 tỷ","Dự án Ciputra Hà Nội, Đường Lạc Long Quân, Phường Phú Thượng, Tây Hồ, Hà Nội",450 m²,,,,Sổ đỏ / Sổ hồng,02/07/202500:00
"Bán  Nhà riêng tạiĐường Khuyến Lương, Phường Trần Phú, Hoàng Mai, Hà Nội","5,50 tỷ","Đường Khuyến Lương, Phường Trần Phú, Hoàng Mai, Hà Nội",30 m²,4 PN,3 WC,5,Sổ đỏ / Sổ hồng,03/07/202500:00
"Bán  Nhà riêng tạiĐường Xuân Đỉnh, Phường Xuân Đỉnh, Bắc Từ Liêm, Hà Nội","6,50 tỷ","Đường Xuân Đỉnh, Phường Xuân Đỉnh, Bắc Từ Liêm, Hà Nội",35 m²,3 PN,4 WC,5,Sổ đỏ / Sổ hồng,30/06/202500:00
"Bán  Nhà riêng tạiĐường Bằng A, Phường Hoàng Liệt, Hoàng Mai, Hà Nội","5,70 tỷ","Đường Bằng A, Phường Hoàng Liệt, Hoàng Mai, Hà Nội",30 m²,4 PN,4 WC,5,Sổ đỏ / Sổ hồng,30/06/202500:00
"Bán  Nhà biệt thự, liền kề tạiDự án H6 Starlake, Phường Cổ Nhuế 1, Bắc Từ Liêm, Hà Nội","108,79 tỷ","Dự án H6 Starlake, Phường Cổ Nhuế 1, Bắc Từ Liêm, Hà Nội",270 m²,4 PN,5 WC,4,Sổ đỏ / Sổ hồng,27/06/202500:00
"Bán  Nhà biệt thự, liền kề tạiDự án The Manor Central Park, Đường Nguyễn Xiển, Phường Đại Kim, Hoàng Mai, Hà Nội.",65 tỷ,"Dự án The Manor Central Park, Đường Nguyễn Xiển, Phường Đại Kim, Hoàng Mai, Hà Nội.",200 m²,5 PN,5 WC,4,,27/06/202500:00
"Bán  Nhà biệt thự, liền kề tạiDự án La Casta Văn Phú, Đường Lê Trọng Tấn, Phường Phú La, Hà Đông, Hà Nội","26,50 tỷ","Dự án La Casta Văn Phú, Đường Lê Trọng Tấn, Phường Phú La, Hà Đông, Hà Nội",73 m²,,,,Sổ đỏ / Sổ hồng,28/06/202500:00
"Bán  Nhà biệt thự, liền kề tạiDự án Geleximco Lê Trọng Tấn, Đường Lê Trọng Tấn, Phường Dương Nội, Hà Đông, Hà Nội",18 tỷ,"Dự án Geleximco Lê Trọng Tấn, Đường Lê Trọng Tấn, Phường Dương Nội, Hà Đông, Hà Nội",100 m²,,,4,Sổ đỏ / Sổ hồng,27/06/202500:00
"Bán  Nhà biệt thự, liền kề tạiCiputra Hà Nội, Nguyễn Hoàng Tôn, Phú Thượng, Tây Hồ, Hà Nội",109 tỷ,"Ciputra Hà Nội, Nguyễn Hoàng Tôn, Phú Thượng, Tây Hồ, Hà Nội",300 m²,6 PN,6 WC,4,Sổ đỏ / Sổ hồng,26/06/202500:00
"Bán  Nhà riêng tạiPhố Phú Lương, Phường Phú Lương, Hà Đông, Hà Nội","5,88 tỷ","Phố Phú Lương, Phường Phú Lương, Hà Đông, Hà Nội",33 m²,6 PN,5 WC,5,Sổ đỏ / Sổ hồng,27/06/202500:00
"Bán  Nhà biệt thự, liền kề tạiDự án An Khang Villa, Đường Tố Hữu, Phường La Khê, Hà Đông, Hà Nội",37 tỷ,"Dự án An Khang Villa, Đường Tố Hữu, Phường La Khê, Hà Đông, Hà Nội",225 m²,,,4,Sổ đỏ / Sổ hồng,27/06/202500:00
"Bán  Nhà biệt thự, liền kề tạiDự án KĐT Phú Lương, Đường Quang Trung, Phường Phú Lương, Hà Đông, Hà Nội",13 tỷ,"Dự án KĐT Phú Lương, Đường Quang Trung, Phường Phú Lương, Hà Đông, Hà Nội",62 m²,5 PN,6 WC,5,Sổ đỏ / Sổ hồng,27/06/202500:00
"Bán  Nhà riêng tạiĐường Nguyễn Đức Cảnh, Phường Tương Mai, Hoàng Mai, Hà Nội","13,50 tỷ","Đường Nguyễn Đức Cảnh, Phường Tương Mai, Hoàng Mai, Hà Nội",548 m²,,,6,,27/06/202500:00
"Bán  Nhà biệt thự, liền kề tạiDự án Ciputra Hà Nội, Phường Phú Thượng, Tây Hồ, Hà Nội",85 tỷ,"Dự án Ciputra Hà Nội, Phường Phú Thượng, Tây Hồ, Hà Nội",200 m²,4 PN,4 WC,3,Sổ đỏ / Sổ hồng,26/06/202500:00
"Bán  Nhà riêng tạiĐường Đàm Quang Trung, Phường Long Biên, Long Biên, Hà Nội",19 tỷ,"Đường Đàm Quang Trung, Phường Long Biên, Long Biên, Hà Nội",85 m²,4 PN,5 WC,7,Sổ đỏ / Sổ hồng,24/06/202500:00
"Bán  Nhà riêng tạiĐường Thụy Phương, Phường Thụy Phương, Bắc Từ Liêm, Hà Nội","6,10 tỷ","Đường Thụy Phương, Phường Thụy Phương, Bắc Từ Liêm, Hà Nội",45 m²,5 PN,4 WC,5,Sổ đỏ / Sổ hồng,26/06/202500:00
"Bán  Nhà biệt thự, liền kề tạiDự án KĐT Tây Hồ Tây - Starlake Hà Nội, Phường Xuân La, Tây Hồ, Hà Nội",165 tỷ,"Dự án KĐT Tây Hồ Tây - Starlake Hà Nội, Phường Xuân La, Tây Hồ, Hà Nội",300 m²,3 PN,3 WC,3,Sổ đỏ / Sổ hồng,24/06/202500:00
"Bán Nhà biệt thự, liền kề theo dự ánThe Terra An Hưng tại The Terra An Hưng, La Khê, Hà Đông, Hà Nội",27 tỷ,"The Terra An Hưng, La Khê, Hà Đông, Hà Nội",65 m²,,,7,Sổ đỏ / Sổ hồng,25/06/202500:00
"Bán  Nhà biệt thự, liền kề tạiDự án KĐT Tây Hồ Tây - Starlake Hà Nội, Phường Xuân La, Tây Hồ, Hà Nội",102 tỷ,"Dự án KĐT Tây Hồ Tây - Starlake Hà Nội, Phường Xuân La, Tây Hồ, Hà Nội",270 m²,4 PN,4 WC,4,Sổ đỏ / Sổ hồng,25/06/202500:00
"Bán  Nhà riêng tạiĐường Phú Diễn, Phường Phú Diễn, Bắc Từ Liêm, Hà Nội","6,10 tỷ","Đường Phú Diễn, Phường Phú Diễn, Bắc Từ Liêm, Hà Nội",38 m²,,,5,Sổ đỏ / Sổ hồng,25/06/202500:00
"Bán  Nhà biệt thự, liền kề tạiDự án Tây Nam Hồ Linh Đàm, Đường Bùi Quốc Khái, Phường Hoàng Liệt, Hoàng Mai, Hà Nội",83 tỷ,"Dự án Tây Nam Hồ Linh Đàm, Đường Bùi Quốc Khái, Phường Hoàng Liệt, Hoàng Mai, Hà Nội",307 m²,10 PN,10 WC,4,Sổ đỏ / Sổ hồng,24/06/202500:00
"Bán  Nhà biệt thự, liền kề tạiPhường Xuân Tảo, Bắc Từ Liêm, Hà Nội",Thỏa thuận,"Phường Xuân Tảo, Bắc Từ Liêm, Hà Nội",270 m²,5 PN,8 WC,4,,25/06/202500:00
"Bán Nhà biệt thự, liền kề theo dự ánThe Terra An Hưng tại Phường La Khê, Hà Đông, Hà Nội",25 tỷ,"Phường La Khê, Hà Đông, Hà Nội",100 m²,4 PN,,5,Sổ đỏ / Sổ hồng,25/06/202500:00
"Bán  Nhà riêng tạiĐường Xuân Đỉnh, Phường Xuân La, Tây Hồ, Hà Nội","7,20 tỷ","Đường Xuân Đỉnh, Phường Xuân La, Tây Hồ, Hà Nội",43 m²,3 PN,3 WC,5,Sổ đỏ / Sổ hồng,24/06/202500:00
"Bán  Nhà biệt thự, liền kề tạiDự án An Vượng Villa, Đường Tố Hữu, Phường Dương Nội, Hà Đông, Hà Nội",108 tỷ,"Dự án An Vượng Villa, Đường Tố Hữu, Phường Dương Nội, Hà Đông, Hà Nội",360 m²,,,,Sổ đỏ / Sổ hồng,25/06/202500:00
"Bán  Nhà biệt thự, liền kề tạiH7 Starlake , Xuân Tảo, Bắc Từ Liêm, Hà Nội","79,92 tỷ","H7 Starlake , Xuân Tảo, Bắc Từ Liêm, Hà Nội",222 m²,,,,Sổ đỏ / Sổ hồng,24/06/202500:00
"Bán  Nhà riêng tạiĐường Cổ Linh, Phường Long Biên, Quận Long Biên, Hà Nội","6,40 tỷ","Đường Cổ Linh, Phường Long Biên, Quận Long Biên, Hà Nội",42 m²,4 PN,3 WC,3,Sổ đỏ / Sổ hồng,18/06/202511:06
"Bán  Nhà biệt thự, liền kề tạiDự án Ciputra Hà Nội, Đường Võ Chí Công, Phường Phú Thượng, Tây Hồ, Hà Nội",Thỏa thuận,"Dự án Ciputra Hà Nội, Đường Võ Chí Công, Phường Phú Thượng, Tây Hồ, Hà Nội",198 m²,6 PN,4 WC,3,Sổ đỏ / Sổ hồng,20/06/202500:00
"Bán Nhà biệt thự, liền kề theo dự ánFLC Premier Parc Đại Mỗ tại FLC Premier Parc Đại Mỗ, 70, Đại Mỗ, Nam Từ Liêm, Hà Nội",23 tỷ,"FLC Premier Parc Đại Mỗ, 70, Đại Mỗ, Nam Từ Liêm, Hà Nội",90 m²,5 PN,5 WC,12,Hợp đồng mua bán,20/06/202500:00
"Bán  Nhà riêng tạiđường Ngọc Thụy, Phường Ngọc Thụy, Quận Long Biên, Hà Nội","7,45 tỷ","đường Ngọc Thụy, Phường Ngọc Thụy, Quận Long Biên, Hà Nội",45 m²,,,4,Sổ đỏ / Sổ hồng,18/06/202511:06
"Bán  Nhà riêng tạiĐường Phố Lụa, Phường Vạn Phúc, Hà Đông, Hà Nội","7,59 tỷ","Đường Phố Lụa, Phường Vạn Phúc, Hà Đông, Hà Nội",45 m²,4 PN,5 WC,6,Sổ đỏ / Sổ hồng,19/06/202500:00
"Bán  Nhà riêng tạiđường Sài Đồng, Phường Sài Đồng, quận Long Biên, Hà Nội","2,46 tỷ","đường Sài Đồng, Phường Sài Đồng, quận Long Biên, Hà Nội",48 m²,,,1,Sổ đỏ / Sổ hồng,18/06/202511:06
"Bán  Nhà mặt phố tạiĐường Nguyễn Văn Hưởng, Phường Giang Biên, Long Biên, Hà Nội",22 tỷ,"Đường Nguyễn Văn Hưởng, Phường Giang Biên, Long Biên, Hà Nội",75 m²,4 PN,8 WC,6,Sổ đỏ / Sổ hồng,21/06/202500:00
"Bán  Nhà riêng tạiđường Nguyễn Văn Cừ, Phường Ngọc Lâm, Quận Long Biên, Hà Nội","14,20 tỷ","đường Nguyễn Văn Cừ, Phường Ngọc Lâm, Quận Long Biên, Hà Nội",47 m²,,,5,Sổ đỏ / Sổ hồng,21/06/202500:03
"Bán  Nhà biệt thự, liền kề tạiVinhomes Riverside, Đường Hoa Sữa 9, Phường Phúc Lợi, Long Biên, Hà Nội",95 tỷ,"Vinhomes Riverside, Đường Hoa Sữa 9, Phường Phúc Lợi, Long Biên, Hà Nội",227 m²,4 PN,4 WC,3,Sổ đỏ / Sổ hồng,19/06/202500:00
"Bán Nhà biệt thự, liền kề theo dự ánVinhomes Riverside tại Dự án Vinhomes Riverside, Phường Phúc Lợi, Long Biên, Hà Nội","85,18 tỷ","Dự án Vinhomes Riverside, Phường Phúc Lợi, Long Biên, Hà Nội",301 m²,,,3,Sổ đỏ / Sổ hồng,17/06/202500:00
"Bán  Nhà riêng tạiPhường Đại Kim, Hoàng Mai, Hà Nội","8,30 tỷ","Phường Đại Kim, Hoàng Mai, Hà Nội",50 m²,4 PN,5 WC,7,Sổ đỏ / Sổ hồng,16/06/202500:00
"Bán Nhà biệt thự, liền kề theo dự ánKhu đô thị Sài Đồng tại Dự án Sài Đồng, Đường Huỳnh Văn Nghệ, Phường Sài Đồng, Long Biên, Hà Nội",29 tỷ,"Dự án Sài Đồng, Đường Huỳnh Văn Nghệ, Phường Sài Đồng, Long Biên, Hà Nội",131 m²,,,4,Sổ đỏ / Sổ hồng,17/06/202500:00
"Bán  Nhà riêng tạiđường Nguyễn Văn Cừ, Phường Ngọc Lâm, Quận Long Biên, Hà Nội","6,35 tỷ","đường Nguyễn Văn Cừ, Phường Ngọc Lâm, Quận Long Biên, Hà Nội",38 m²,,,5,Sổ đỏ / Sổ hồng,18/06/202511:06
"Bán Nhà biệt thự, liền kề theo dự ánHà Đông Park View tại Hà Đông Park View, Đường Lê Trọng Tấn, Phường Phú La, Hà Đông, Hà Nội",108 tỷ,"Hà Đông Park View, Đường Lê Trọng Tấn, Phường Phú La, Hà Đông, Hà Nội",360 m²,5 PN,5 WC,3,Sổ đỏ / Sổ hồng,16/06/202500:00
"Bán Nhà biệt thự, liền kề theo dự ánVinhomes Riverside tại Vinhomes Riverside, Phường Phúc Lợi, Long Biên, Hà Nội",72 tỷ,"Vinhomes Riverside, Phường Phúc Lợi, Long Biên, Hà Nội",192 m²,4 PN,5 WC,4,Sổ đỏ / Sổ hồng,17/06/202500:00
"Bán Nhà biệt thự, liền kề theo dự ánKhu đô thị Đại Kim tại Dự án KĐT Đại Kim, Đường Nghiêm Xuân Yêm, Phường Đại Kim, Hoàng Mai, Hà Nội","23,60 tỷ","Dự án KĐT Đại Kim, Đường Nghiêm Xuân Yêm, Phường Đại Kim, Hoàng Mai, Hà Nội",78 m²,4 PN,3 WC,5,Sổ đỏ / Sổ hồng,16/06/202500:00
"Bán Nhà biệt thự, liền kề theo dự ánLàng Việt Kiều Châu Âu Euroland tại Dự án Làng Việt Kiều Châu Âu Euroland, Đường Nguyễn Văn Lộc, Phường Mỗ Lao, Hà Đông, Hà Nội",47 tỷ,"Dự án Làng Việt Kiều Châu Âu Euroland, Đường Nguyễn Văn Lộc, Phường Mỗ Lao, Hà Đông, Hà Nội",180 m²,6 PN,3 WC,5,Sổ đỏ / Sổ hồng,13/06/202500:00
"Bán Nhà biệt thự, liền kề theo dự ánVinhomes Green Villas tại Dự án Vinhomes Green Villas, Phường Đại Mỗ, Nam Từ Liêm, Hà Nội","43,50 tỷ","Dự án Vinhomes Green Villas, Phường Đại Mỗ, Nam Từ Liêm, Hà Nội",273 m²,5 PN,5 WC,5,Sổ đỏ / Sổ hồng,12/06/202500:00
"Bán Nhà biệt thự, liền kề theo dự ánIA20 Ciputra tại Dự án Ciputra Hà Nội, Đường Lạc Long Quân, Phường Phú Thượng, Tây Hồ, Hà Nội","86,80 tỷ","Dự án Ciputra Hà Nội, Đường Lạc Long Quân, Phường Phú Thượng, Tây Hồ, Hà Nội",217 m²,4 PN,4 WC,3,Sổ đỏ / Sổ hồng,11/06/202500:00
"Bán  Nhà riêng tạiBạch Thái Bưởi, Văn Quán, Hà Đông, Hà Nội",18 tỷ,"Bạch Thái Bưởi, Văn Quán, Hà Đông, Hà Nội",88 m²,6 PN,4 WC,4,Sổ đỏ / Sổ hồng,09/06/202500:00
"Bán Nhà biệt thự, liền kề theo dự ánLàng Việt Kiều Châu Âu Euroland tại Dự án Làng Việt Kiều Châu Âu Euroland, Đường Nguyễn Văn Lộc, Phường Mỗ Lao, Hà Đông, Hà Nội",21 tỷ,"Dự án Làng Việt Kiều Châu Âu Euroland, Đường Nguyễn Văn Lộc, Phường Mỗ Lao, Hà Đông, Hà Nội",88 m²,,,5,Sổ đỏ / Sổ hồng,13/06/202500:00
"Bán Nhà mặt phố theo dự ánLàng Việt Kiều Châu Âu Euroland tại Dự án Làng Việt Kiều Châu Âu Euroland, Đường Nguyễn Văn Lộc, Phường Mỗ Lao, Hà Đông, Hà Nội","43,50 tỷ","Dự án Làng Việt Kiều Châu Âu Euroland, Đường Nguyễn Văn Lộc, Phường Mỗ Lao, Hà Đông, Hà Nội","86,8 m²",5 PN,4 WC,4,Sổ đỏ / Sổ hồng,13/06/202500:00
"Bán  Nhà biệt thự, liền kề tạiVinhomes The Harmony, Việt Hưng, Long Biên, Hà Nội",Thỏa thuận,"Vinhomes The Harmony, Việt Hưng, Long Biên, Hà Nội",390 m²,5 PN,3 WC,5,Sổ đỏ / Sổ hồng,12/06/202500:00
"Bán  Nhà biệt thự, liền kề tạiKhu đô thị Nam Thăng Long - Ciputra, Phú Thượng, Tây Hồ, Hà Nội",63 tỷ,"Khu đô thị Nam Thăng Long - Ciputra, Phú Thượng, Tây Hồ, Hà Nội",180 m²,5 PN,4 WC,3,Sổ đỏ / Sổ hồng,12/06/202500:00
"Bán  Nhà riêng tạiHồ Tùng Mậu, phường Phú Diễn, quận Bắc Từ Liêm, Hà Nội.",Thỏa thuận,"Hồ Tùng Mậu, phường Phú Diễn, quận Bắc Từ Liêm, Hà Nội.",32 m²,4 PN,4 WC,4,Sổ đỏ / Sổ hồng,09/06/202500:00
"Bán  Nhà biệt thự, liền kề tạiCiputra Hà Nội, đường Nguyễn Hoàng Tôn, Phường Phú Thượng, Tây Hồ, Hà Nội",120 tỷ,"Ciputra Hà Nội, đường Nguyễn Hoàng Tôn, Phường Phú Thượng, Tây Hồ, Hà Nội",442 m²,6 PN,8 WC,5,Hợp đồng mua bán,11/06/202500:00
"Bán Nhà biệt thự, liền kề theo dự ánLàng Việt Kiều Châu Âu Euroland tại Làng Việt Kiều Châu Âu Euroland, Đường Nguyễn Văn Lộc, Phường Mỗ Lao, Hà Đông, Hà Nội",23 tỷ,"Làng Việt Kiều Châu Âu Euroland, Đường Nguyễn Văn Lộc, Phường Mỗ Lao, Hà Đông, Hà Nội","79,5 m²",,,5,Sổ đỏ / Sổ hồng,13/06/202500:00
"Bán  Nhà riêng tạiĐường Trần Cung, Cổ Nhuế 1, Bắc Từ Liêm, Hồ Chí Minh","4,95 tỷ","Đường Trần Cung, Cổ Nhuế 1, Bắc Từ Liêm, Hồ Chí Minh",26 m²,4 PN,5 WC,5,Sổ đỏ / Sổ hồng,09/06/202500:00
"Bán  Nhà mặt phố tạiĐường Bắc Cầu, Long Biên, Long Biên, Hà Nội","12,80 tỷ","Đường Bắc Cầu, Long Biên, Long Biên, Hà Nội",115 m²,4 PN,3 WC,2,Sổ đỏ / Sổ hồng,07/06/202500:00
"Bán  Nhà riêng tạiĐường Mậu Lương, Kiến Hưng, Hà Đông, Hà Nội","15,45 tỷ","Đường Mậu Lương, Kiến Hưng, Hà Đông, Hà Nội",60 m²,,,5,Sổ đỏ / Sổ hồng,07/06/202500:00
"Bán  Nhà riêng tạiĐường Định Công Thượng, Định Công, Hoàng Mai, Hà Nội","9,60 tỷ","Đường Định Công Thượng, Định Công, Hoàng Mai, Hà Nội",48 m²,5 PN,4 WC,4,Sổ đỏ / Sổ hồng,09/06/202500:00
"Bán  Nhà biệt thự, liền kề tạiĐường Lê Đức Thọ, Mỹ Đình 2, Nam Từ Liêm, Hà Nội",130 tỷ,"Đường Lê Đức Thọ, Mỹ Đình 2, Nam Từ Liêm, Hà Nội",295 m²,5 PN,6 WC,5,Sổ đỏ / Sổ hồng,09/06/202500:00
"Bán  Nhà riêng tạiĐường Kim Giang, Đại Kim, Hoàng Mai, Hà Nội","8,80 tỷ","Đường Kim Giang, Đại Kim, Hoàng Mai, Hà Nội",38 m²,4 PN,5 WC,7,Sổ đỏ / Sổ hồng,09/06/202500:00
"Bán  Nhà riêng tạiNguyễn Hữu Thọ, Hoàng Liệt, Hoàng Mai, Hà Nội, Việt Nam","4,50 tỷ","Nguyễn Hữu Thọ, Hoàng Liệt, Hoàng Mai, Hà Nội, Việt Nam",43 m²,,4 WC,4,Sổ đỏ / Sổ hồng,09/06/202500:00
"Bán  Nhà riêng tạiNguyễn Văn Cừ, Phường Bồ Đề, Long Biên, Hà Nội","11,50 tỷ","Nguyễn Văn Cừ, Phường Bồ Đề, Long Biên, Hà Nội",75 m²,4 PN,3 WC,4,Sổ đỏ / Sổ hồng,07/06/202500:00
"Bán  Nhà riêng tạiĐường Lê Trọng Tấn, Định Công, Hoàng Mai, Hà Nộ","6,30 tỷ","Đường Lê Trọng Tấn, Định Công, Hoàng Mai, Hà Nộ",33 m²,6 PN,4 WC,5,Sổ đỏ / Sổ hồng,07/06/202500:00
"Bán  Nhà riêng tạiĐường Bát Khối, Cự Khối, Long Biên, Hà Nội","4,80 tỷ","Đường Bát Khối, Cự Khối, Long Biên, Hà Nội",30 m²,3 PN,3 WC,5,Sổ đỏ / Sổ hồng,07/06/202500:00
"Bán  Nhà riêng tạiĐường Hoàng Mai, Hoàng Văn Thụ, Hoàng Mai, Hà Nội",6 tỷ,"Đường Hoàng Mai, Hoàng Văn Thụ, Hoàng Mai, Hà Nội",30 m²,3 PN,4 WC,5,Sổ đỏ / Sổ hồng,07/06/202500:00
"Bán  Nhà riêng tạiĐường Kim Giang, phường Đại Kim, quận Hoàng Mai, TP. Hà Nội",16 tỷ,"Đường Kim Giang, phường Đại Kim, quận Hoàng Mai, TP. Hà Nội",72 m²,4 PN,5 WC,6,Sổ đỏ / Sổ hồng,07/06/202500:00
"Bán  Nhà riêng tạiĐường Mậu Lương, phường Kiến Hưng, quận Hà Đông, Hà Nội","15,45 tỷ","Đường Mậu Lương, phường Kiến Hưng, quận Hà Đông, Hà Nội",60 m²,,,5,Sổ đỏ / Sổ hồng,07/06/202500:00
"Bán  Nhà riêng tạiĐường Phú Diễn, Phường Phú Diễn, Quận Bắc Từ Liêm, Hà Nội",20 tỷ,"Đường Phú Diễn, Phường Phú Diễn, Quận Bắc Từ Liêm, Hà Nội",55 m²,8 PN,9 WC,6,Sổ đỏ / Sổ hồng,06/06/202500:00
"Bán  Nhà riêng tạiĐường AC, Quảng An, Tây Hồ, Hà Nội","4,60 tỷ","Đường AC, Quảng An, Tây Hồ, Hà Nội",58 m²,3 PN,3 WC,2,Sổ đỏ / Sổ hồng,06/06/202500:00
"Bán  Nhà riêng tạiPhường Giáp Bát, quận Hoàng Mai, Hà Nội","5,40 tỷ","Phường Giáp Bát, quận Hoàng Mai, Hà Nội",28 m²,3 PN,4 WC,5,Sổ đỏ / Sổ hồng,07/06/202500:00
"Bán  Nhà riêng tạiBạch Thái Bưởi, Văn Quán, Hà Đông, Hà Nội","19,50 tỷ","Bạch Thái Bưởi, Văn Quán, Hà Đông, Hà Nội",86 m²,6 PN,,5,Sổ đỏ / Sổ hồng,06/06/202500:00
"Bán  Nhà riêng tạiPhú Minh, Minh Khai, Bắc Từ Liêm, Hà Nội","7,85 tỷ","Phú Minh, Minh Khai, Bắc Từ Liêm, Hà Nội",34 m²,4 PN,4 WC,6,Sổ đỏ / Sổ hồng,06/06/202500:00
"Bán  Nhà mặt phố tạiđường Nguyễn Văn Cừ, Bồ đề, Quảng Thủy, Long Biên, Hà Nội",18 tỷ,"đường Nguyễn Văn Cừ, Bồ đề, Quảng Thủy, Long Biên, Hà Nội",45 m²,6 PN,4 WC,5,Sổ đỏ / Sổ hồng,06/06/202500:00
"Bán  Nhà riêng tạiĐường Đức Thắng, Đức Thắng, Bắc Từ Liêm, Hà Nội","8,80 tỷ","Đường Đức Thắng, Đức Thắng, Bắc Từ Liêm, Hà Nội",50 m²,4 PN,4 WC,4,Sổ đỏ / Sổ hồng,06/06/202500:00
"Bán  Nhà riêng tạiNgọc Lâm, quận Long Biên, Hà Nội","18,40 tỷ","Ngọc Lâm, quận Long Biên, Hà Nội",50 m²,4 PN,4 WC,6,Sổ đỏ / Sổ hồng,06/06/202500:00
"Bán  Nhà riêng tạiĐường Nguyễn Văn Cừ, Long Biên, Hà Nội","13,90 tỷ","Đường Nguyễn Văn Cừ, Long Biên, Hà Nội",42 m²,3 PN,,,Sổ đỏ / Sổ hồng,06/06/202500:00
"Bán  Nhà riêng tạiĐường Phố Trạm, phường Sài Đồng, quận Long Biên, thành phố Hà Nội","13,20 tỷ","Đường Phố Trạm, phường Sài Đồng, quận Long Biên, thành phố Hà Nội",52 m²,6 PN,5 WC,6,Sổ đỏ / Sổ hồng,06/06/202500:00
"Bán  Nhà riêng tạiĐường Đàm Quang Trung, Long Biên, Hà Nội","5,85 tỷ","Đường Đàm Quang Trung, Long Biên, Hà Nội",35 m²,3 PN,4 WC,5,Sổ đỏ / Sổ hồng,05/06/202500:00
"Bán  Nhà riêng tạiĐường Hoàng Mai, Hoàng Văn Thụ, Hoàng Mai, Hà Nội","7,50 tỷ","Đường Hoàng Mai, Hoàng Văn Thụ, Hoàng Mai, Hà Nội",42 m²,5 PN,,4,Sổ đỏ / Sổ hồng,06/06/202500:00
"Bán  Nhà riêng tạiĐường Trương Định, Thịnh Liệt, quận Hoàng Mai, Hà Nội","7,80 tỷ","Đường Trương Định, Thịnh Liệt, quận Hoàng Mai, Hà Nội",35 m²,3 PN,4 WC,5,Sổ đỏ / Sổ hồng,06/06/202500:00
"Bán  Nhà riêng tạiĐường Trương Định, Tương Mai, Hoàng Mai, jhn","6,65 tỷ","Đường Trương Định, Tương Mai, Hoàng Mai, jhn",35 m²,4 PN,3 WC,4,Sổ đỏ / Sổ hồng,06/06/202500:00
"Bán  Nhà riêng tạiĐường Lĩnh Nam, Lĩnh Nam,Hoàng Mai Hà Nội","5,70 tỷ","Đường Lĩnh Nam, Lĩnh Nam,Hoàng Mai Hà Nội",30 m²,3 PN,3 WC,5,Sổ đỏ / Sổ hồng,05/06/202500:00
"Bán  Nhà riêng tạiPhố Hoàng Như Tiếp, Long Biên, Hà Nội","1754,40 tỷ","Phố Hoàng Như Tiếp, Long Biên, Hà Nội",102 m²,3 PN,4 WC,3,Sổ đỏ / Sổ hồng,05/06/202500:00
"Bán  Nhà riêng tạiĐường An Dương Vương, Nhật Tân, Tây Hồ, Hà Nội","4,50 tỷ","Đường An Dương Vương, Nhật Tân, Tây Hồ, Hà Nội",30 m²,3 PN,3 WC,4,Sổ đỏ / Sổ hồng,05/06/202500:00
"Bán  Nhà riêng tạiĐường Bùi Xương Trạch, Định Công, Hoàng Mai, Hà Nội","8,10 tỷ","Đường Bùi Xương Trạch, Định Công, Hoàng Mai, Hà Nội",44 m²,4 PN,,4,Sổ đỏ / Sổ hồng,05/06/202500:00
"Bán  Nhà riêng tạiĐường Hồng Tiến, Bồ Đề, Long Biên, Hà Nội",13 tỷ,"Đường Hồng Tiến, Bồ Đề, Long Biên, Hà Nội",45 m²,6 PN,5 WC,7,Sổ đỏ / Sổ hồng,05/06/202500:00
"Bán  Nhà riêng tạiĐường Kim Giang, Đại Kim, Hoàng Mai, Hà Nội","6,80 tỷ","Đường Kim Giang, Đại Kim, Hoàng Mai, Hà Nội",31 m²,4 PN,5 WC,4,Sổ đỏ / Sổ hồng,05/06/202500:00
"Bán Nhà riêng theo dự án4S Riverside Garden Bình Triệu tại Đường Lê Trọng Tấn, Quang Trung,Hà Đông, Hà Nội","8,20 tỷ","Đường Lê Trọng Tấn, Quang Trung,Hà Đông, Hà Nội",38 m²,4 PN,,4,Sổ đỏ / Sổ hồng,04/06/202500:00
"Bán  Nhà riêng tạiĐường Lạc Long Quân, Bưởi, Tây Hồ, Hà Nội","7,90 tỷ","Đường Lạc Long Quân, Bưởi, Tây Hồ, Hà Nội",35 m²,3 PN,4 WC,6,Sổ đỏ / Sổ hồng,04/06/202500:00
"Bán  Nhà riêng tạiHà Nội Long Biên, Đường Nguyễn Văn Cừ, Gia Thụy","6,75 tỷ","Hà Nội Long Biên, Đường Nguyễn Văn Cừ, Gia Thụy",34 m²,3 PN,,4,Sổ đỏ / Sổ hồng,04/06/202500:00
"Bán  Nhà riêng tạiHà Nội Hoàng Mai                             Đường Bằng Liệt, Hoàng Liệt","6,55 tỷ","Hà Nội Hoàng Mai                             Đường Bằng Liệt, Hoàng Liệt",31 m²,3 PN,4 WC,6,Sổ đỏ / Sổ hồng,04/06/202500:00
"Bán  Nhà riêng tạiĐường 1, Việt Hưng, Long Biên, Hà Nội","17,50 tỷ","Đường 1, Việt Hưng, Long Biên, Hà Nội",120 m²,20 PN,23 WC,6,Sổ đỏ / Sổ hồng,05/06/202500:00
"Bán  Nhà riêng tạiĐường Giáp Nhị, Thịnh Liệt, Hoàng Mai, Hà Nội","7,80 tỷ","Đường Giáp Nhị, Thịnh Liệt, Hoàng Mai, Hà Nội",35 m²,3 PN,4 WC,5,Sổ đỏ / Sổ hồng,04/06/202500:00
"Bán  Nhà riêng tạiĐường Nguyễn Văn Linh, Long Biên, Hà Nội",15 tỷ,"Đường Nguyễn Văn Linh, Long Biên, Hà Nội",110 m²,2 PN,3 WC,3,Sổ đỏ / Sổ hồng,04/06/202500:00
"Bán  Nhà riêng tạiĐường Tư Đình, Thạch Bàn, Long Biên, Hà Nội","5,80 tỷ","Đường Tư Đình, Thạch Bàn, Long Biên, Hà Nội",32 m²,3 PN,4 WC,5,Sổ đỏ / Sổ hồng,04/06/202500:00
"Bán  Nhà riêng tạiĐường Đại Kim, Đại Kim, Hoàng Mai, Hà Nội","7,60 tỷ","Đường Đại Kim, Đại Kim, Hoàng Mai, Hà Nội",36 m²,8 PN,8 WC,5,Sổ đỏ / Sổ hồng,04/06/202500:00
"Bán  Nhà riêng tạiĐường Kim Giang, Đại Kim, Hoàng Mai, Hà Nội","7,80 tỷ","Đường Kim Giang, Đại Kim, Hoàng Mai, Hà Nội",52 m²,4 PN,3 WC,5,Sổ đỏ / Sổ hồng,04/06/202500:00
"Bán  Nhà riêng tạiPhúc Lợi, Long Biên, Hà Nội",7 tỷ,"Phúc Lợi, Long Biên, Hà Nội",54 m²,4 PN,,6,Sổ đỏ / Sổ hồng,04/06/202500:00
"Bán  Nhà riêng tạiHà Nội Long Biên                             Đường Lâm Du Bồ Đề, Long Biên, Hà Nội","6,60 tỷ","Hà Nội Long Biên                             Đường Lâm Du Bồ Đề, Long Biên, Hà Nội",30 m²,3 PN,1 WC,5,Sổ đỏ / Sổ hồng,03/06/202500:00
"Bán  Nhà riêng tạiĐường Trương Định, Tương Mai, Hoàng Mai, Hà Nội","6,60 tỷ","Đường Trương Định, Tương Mai, Hoàng Mai, Hà Nội",31 m²,4 PN,5 WC,5,Sổ đỏ / Sổ hồng,03/06/202500:00
"Bán  Nhà riêng tạiĐường 4, Phường Ngọc Lâm, Quận Long Biên, Thành phố Hà Nội","8,50 tỷ","Đường 4, Phường Ngọc Lâm, Quận Long Biên, Thành phố Hà Nội",33 m²,3 PN,4 WC,6,Sổ đỏ / Sổ hồng,03/06/202500:00
"Bán  Nhà riêng tạiĐường Bồ đề, Bồ Đề, Long Biên, Hà Nội","11,00 tỷ","Đường Bồ đề, Bồ Đề, Long Biên, Hà Nội",55 m²,4 PN,4 WC,5,Sổ đỏ / Sổ hồng,03/06/202500:00
"Bán  Nhà riêng tạiĐường Bồ Đề, Phường Bồ Đề, Quận Long Biên, Hà Nội","11,00 tỷ","Đường Bồ Đề, Phường Bồ Đề, Quận Long Biên, Hà Nội",46 m²,3 PN,5 WC,6,Sổ đỏ / Sổ hồng,02/06/202500:00
"Bán  Nhà riêng tạiĐường Thanh Am, Thượng Thanh, Long Biên, Hà Nội","5,95 tỷ","Đường Thanh Am, Thượng Thanh, Long Biên, Hà Nội",35 m²,3 PN,3 WC,5,Sổ đỏ / Sổ hồng,02/06/202500:00
"Bán  Nhà riêng tạiĐường Kim Gaing, Đại Kim, Hoàng Mai, Hà Nội","6,80 tỷ","Đường Kim Gaing, Đại Kim, Hoàng Mai, Hà Nội",31 m²,4 PN,3 WC,4,Sổ đỏ / Sổ hồng,02/06/202500:00
"Bán  Nhà biệt thự, liền kề tạiHà Nội Hoàng Mai,Đường Linh Đàm, Hoàng Liệt","66,50 tỷ","Hà Nội Hoàng Mai,Đường Linh Đàm, Hoàng Liệt",254 m²,10 PN,5 WC,4,Sổ đỏ / Sổ hồng,02/06/202500:00
"Bán  Nhà riêng tạiPhố Hoàng Như Tiếp, Long Biên, Hà Nội",11 tỷ,"Phố Hoàng Như Tiếp, Long Biên, Hà Nội",50 m²,4 PN,6 WC,6,Sổ đỏ / Sổ hồng,02/06/202500:00
"Bán  Nhà riêng tạiHà Nội Long Biên, Đường Ngô Gia Tự, Đức Giang","5,50 tỷ","Hà Nội Long Biên, Đường Ngô Gia Tự, Đức Giang",48 m²,3 PN,3 WC,3,Sổ đỏ / Sổ hồng,02/06/202500:00
"Bán  Nhà riêng tạiPhố Thượng Thanh,Long Biên, Hà Nội","6,30 tỷ","Phố Thượng Thanh,Long Biên, Hà Nội",63 m²,2 PN,4 WC,3,Sổ đỏ / Sổ hồng,02/06/202500:00
"Bán  Nhà riêng tạiĐường Giáp Bát, Giáp Bát, Hoàng Mai, Hà Nội","8,60 tỷ","Đường Giáp Bát, Giáp Bát, Hoàng Mai, Hà Nội",35 m²,3 PN,4 WC,6,Sổ đỏ / Sổ hồng,02/06/202500:00
"Bán  Nhà riêng tạiNgõ 324, Xuân Phương, Nam Từ Liêm, Hà Nội","5,45 tỷ","Ngõ 324, Xuân Phương, Nam Từ Liêm, Hà Nội",32 m²,3 PN,4 WC,5,Sổ đỏ / Sổ hồng,02/06/202500:00
"Bán  Nhà riêng tạiĐường Hoàng Mai, Mai Động, Hoàng Mai, Hà Nội","6,20 tỷ","Đường Hoàng Mai, Mai Động, Hoàng Mai, Hà Nội",30 m²,3 PN,4 WC,5,Sổ đỏ / Sổ hồng,02/06/202500:00
"Bán  Nhà riêng tạiĐường Định Công Thượng, Định Công, Hoàng Mai, Hà Nội",11 tỷ,"Đường Định Công Thượng, Định Công, Hoàng Mai, Hà Nội",42 m²,4 PN,3 WC,5,Sổ đỏ / Sổ hồng,02/06/202500:00
"Bán  Nhà riêng tạiĐường Trần Cung, Cổ Nhuế 1, Bắc Từ Liêm, Hồ Chí Minh","10,70 tỷ","Đường Trần Cung, Cổ Nhuế 1, Bắc Từ Liêm, Hồ Chí Minh",48 m²,7 PN,8 WC,6,Sổ đỏ / Sổ hồng,31/05/202500:00
"Bán  Nhà riêng tạiĐường Nguyễn An Ninh, Tương Mai, Hoàng Mai, Hà Nội",24 tỷ,"Đường Nguyễn An Ninh, Tương Mai, Hoàng Mai, Hà Nội",85 m²,6 PN,5 WC,5,Sổ đỏ / Sổ hồng,31/05/202500:00
"Bán  Nhà riêng tạiĐường Đại Linh, Trung Văn, Nam Từ Liêm, Hà Nội","8,50 tỷ","Đường Đại Linh, Trung Văn, Nam Từ Liêm, Hà Nội",35 m²,9 PN,10 WC,6,Sổ đỏ / Sổ hồng,31/05/202500:00
"Bán  Nhà riêng tạiĐường 1, Vạn Phúc, Hà Đông, Hà Nội",Thỏa thuận,"Đường 1, Vạn Phúc, Hà Đông, Hà Nội",35 m²,3 PN,4 WC,5,Sổ đỏ / Sổ hồng,31/05/202500:00
"Bán  Nhà biệt thự, liền kề tạiĐường Tố Hữu, Trung Văn,Nam Từ Liêm, Hà Nội",22 tỷ,"Đường Tố Hữu, Trung Văn,Nam Từ Liêm, Hà Nội",75 m²,6 PN,5 WC,5,Sổ đỏ / Sổ hồng,31/05/202500:00
"Bán  Nhà riêng tạiĐường Nguyễn Công Thái, Tương Mai, Hoàng Mai, Hồ Chí Minh","5,85 tỷ","Đường Nguyễn Công Thái, Tương Mai, Hoàng Mai, Hồ Chí Minh",27 m²,3 PN,4 WC,5,Sổ đỏ / Sổ hồng,31/05/202500:00
"Bán  Nhà riêng tạiĐường Phương Canh, Phương Canh, Nam Từ Liêm, Hồ Chí Minh","10,80 tỷ","Đường Phương Canh, Phương Canh, Nam Từ Liêm, Hồ Chí Minh",41 m²,8 PN,8 WC,5,Sổ đỏ / Sổ hồng,31/05/202500:00
"Bán  Nhà riêng tạiTổ 5 Giang Biên, Long Biên, Hà Nội","16,50 tỷ","Tổ 5 Giang Biên, Long Biên, Hà Nội",75 m²,5 PN,5 WC,5,Sổ đỏ / Sổ hồng,31/05/202500:00
"Bán  Nhà mặt phố tạiĐường Đình Thôn, Phường Mỹ Đình 1, Nam Từ Liêm, Hà Nội","35,90 tỷ","Đường Đình Thôn, Phường Mỹ Đình 1, Nam Từ Liêm, Hà Nội",112 m²,,,9,Sổ đỏ / Sổ hồng,31/05/202500:00
"Bán  Nhà riêng tạiĐường Kim Giang, Đại Kim, Hoàng Mai, Hà Nội",6 tỷ,"Đường Kim Giang, Đại Kim, Hoàng Mai, Hà Nội",36 m²,3 PN,5 WC,4,Sổ đỏ / Sổ hồng,31/05/202500:00
"Bán  Nhà riêng tạiĐường phúc lợi, Phúc Lợi, Long Biên, Hà Nội","5,50 tỷ","Đường phúc lợi, Phúc Lợi, Long Biên, Hà Nội",36 m²,3 PN,4 WC,,Sổ đỏ / Sổ hồng,31/05/202500:00
"Bán  Nhà riêng tạiĐường Hoàng Mai, Hoàng Văn Thụ, Hoàng Mai, Hà Nội",5 tỷ,"Đường Hoàng Mai, Hoàng Văn Thụ, Hoàng Mai, Hà Nội",20 m²,3 PN,3 WC,5,Sổ đỏ / Sổ hồng,31/05/202500:00
"Bán  Nhà riêng tạiĐường Bùi Quốc Khái, Hoàng Liệt, Hoàng Mai, Hà Nội",11 tỷ,"Đường Bùi Quốc Khái, Hoàng Liệt, Hoàng Mai, Hà Nội",58 m²,6 PN,4 WC,5,Sổ đỏ / Sổ hồng,30/05/202500:00
"Bán  Nhà riêng tạiĐường Nguyễn Văn Cừ, Long Biên, Hà Nội","5,50 tỷ","Đường Nguyễn Văn Cừ, Long Biên, Hà Nội",34 m²,3 PN,,,Sổ đỏ / Sổ hồng,31/05/202500:00
"Bán  Nhà riêng tạiHà Nội Long Biên                             Đường Ngô Gia Tự, Long Biên","10,50 tỷ","Hà Nội Long Biên                             Đường Ngô Gia Tự, Long Biên",87 m²,7 PN,,4,Sổ đỏ / Sổ hồng,30/05/202500:00
"Bán  Nhà riêng tạiĐường Phương Canh, Phương Canh, Nam Từ Liêm, Hà Nội","13,50 tỷ","Đường Phương Canh, Phương Canh, Nam Từ Liêm, Hà Nội",67 m²,20 PN,20 WC,7,Sổ đỏ / Sổ hồng,31/05/202500:00
"Bán  Nhà riêng tạiĐường Ngọc Thụy, Ngọc Thụy, Long Biên, Hà Nội","6,80 tỷ","Đường Ngọc Thụy, Ngọc Thụy, Long Biên, Hà Nội",41 m²,3 PN,4 WC,5,Sổ đỏ / Sổ hồng,31/05/202500:00
"Bán  Nhà riêng tạiĐường Nguyễn An Ninh, Tương Mai, Hoàng Mai, Hà Nội",12 tỷ,"Đường Nguyễn An Ninh, Tương Mai, Hoàng Mai, Hà Nội",50 m²,4 PN,5 WC,6,Sổ đỏ / Sổ hồng,29/05/202500:00
"Bán Nhà riêng theo dự án4S Riverside Linh Đông tại Đường Giải Phóng, Giáp Bát, Hoàng Mai, Hà Nội","6,60 tỷ","Đường Giải Phóng, Giáp Bát, Hoàng Mai, Hà Nội",35 m²,3 PN,4 WC,5,Sổ đỏ / Sổ hồng,29/05/202500:00
"Bán  Nhà biệt thự, liền kề tạiĐường Thụy Khuê, Thụy Khuê, Tây Hồ, Hà Nội","37,50 tỷ","Đường Thụy Khuê, Thụy Khuê, Tây Hồ, Hà Nội",219 m²,6 PN,6 WC,9,Sổ đỏ / Sổ hồng,29/05/202500:00
"Bán  Nhà riêng tạiXuân Đỉnh, Bắc Từ Liêm, Hà Nội",6 tỷ,"Xuân Đỉnh, Bắc Từ Liêm, Hà Nội",30 m²,4 PN,4 WC,5,Sổ đỏ / Sổ hồng,30/05/202500:00
"Bán  Nhà riêng tạiĐường 5, Ngọc Thụy, Long Biên, Hà Nội",15 tỷ,"Đường 5, Ngọc Thụy, Long Biên, Hà Nội",56 m²,,,5,Sổ đỏ / Sổ hồng,30/05/202500:00
"Bán  Nhà riêng tạiĐường Tân Mai, Tân Mai, Hoàng Mai, Hà Nội",9 tỷ,"Đường Tân Mai, Tân Mai, Hoàng Mai, Hà Nội",46 m²,,,5,Sổ đỏ / Sổ hồng,30/05/202500:00
"Bán  Nhà riêng tạiĐường Đền Lừ 1, Hoàng Văn Thụ, Hoàng Mai, Hà Nội",5 tỷ,"Đường Đền Lừ 1, Hoàng Văn Thụ, Hoàng Mai, Hà Nội",30 m²,3 PN,3 WC,5,Sổ đỏ / Sổ hồng,29/05/202500:00
"Bán  Nhà riêng tạiTương Mai, Hoàng Mai, Hà Nội",12 tỷ,"Tương Mai, Hoàng Mai, Hà Nội",55 m²,,,6,Sổ đỏ / Sổ hồng,28/05/202500:00
"Bán  Nhà riêng tạiĐường phúc lợi, Phúc Lợi, Long Biên, Hà Nội","6,20 tỷ","Đường phúc lợi, Phúc Lợi, Long Biên, Hà Nội",50 m²,5 PN,4 WC,5,Sổ đỏ / Sổ hồng,28/05/202500:00
"Bán  Nhà riêng tạiĐường Đặng Thai Mai, Quảng An, Tây Hồ, Hà Nội",8 tỷ,"Đường Đặng Thai Mai, Quảng An, Tây Hồ, Hà Nội",70 m²,7 PN,4 WC,4,Sổ đỏ / Sổ hồng,29/05/202500:00
"Bán  Nhà riêng tạiĐường nguyễn văn cừ, Bồ Đề, Long Biên, Hà Nội","8,00 tỷ","Đường nguyễn văn cừ, Bồ Đề, Long Biên, Hà Nội",37 m²,3 PN,4 WC,5,Sổ đỏ / Sổ hồng,28/05/202500:00
"Bán  Nhà riêng tạiĐường Xuân La, Xuân La, Tây Hồ, Hà Nội","11,20 tỷ","Đường Xuân La, Xuân La, Tây Hồ, Hà Nội",47 m²,,,5,Sổ đỏ / Sổ hồng,29/05/202500:00
"Bán  Nhà riêng tạiĐường Quang Trung, La Khê, Hà Đông, Hà Nội",21 tỷ,"Đường Quang Trung, La Khê, Hà Đông, Hà Nội",50 m²,,,6,Sổ đỏ / Sổ hồng,29/05/202500:00
"Bán  Nhà riêng tạiĐường Ngọc Hồi, Hoàng Văn Thụ, Hoàng Mai, Hà Nội","8,30 tỷ","Đường Ngọc Hồi, Hoàng Văn Thụ, Hoàng Mai, Hà Nội",46 m²,4 PN,5 WC,6,Sổ đỏ / Sổ hồng,28/05/202500:00
"Bán  Nhà riêng tạiĐường Ngọc Thụy, Ngọc Thụy, Long Biên, Hà Nội","9,70 tỷ","Đường Ngọc Thụy, Ngọc Thụy, Long Biên, Hà Nội",41 m²,3 PN,4 WC,6,Sổ đỏ / Sổ hồng,29/05/202500:00
"Bán  Nhà riêng tạiTứ Liên, Tây Hồ, Hà Nội","7,10 tỷ","Tứ Liên, Tây Hồ, Hà Nội",48 m²,4 PN,4 WC,4,Sổ đỏ / Sổ hồng,28/05/202500:00
"Bán  Nhà riêng tạiđường Nguyễn Chính, Thịnh Liệt, Hoàng Mai, Hà Nội","5,75 tỷ","đường Nguyễn Chính, Thịnh Liệt, Hoàng Mai, Hà Nội",30 m²,3 PN,4 WC,5,Sổ đỏ / Sổ hồng,27/05/202500:00
"Bán  Nhà riêng tạiĐường Minh Khai, Hoàng Văn Thụ, Hoàng Mai, Hà Nội","12,80 tỷ","Đường Minh Khai, Hoàng Văn Thụ, Hoàng Mai, Hà Nội",62 m²,12 PN,12 WC,6,Sổ đỏ / Sổ hồng,27/05/202500:00
"Bán  Nhà riêng tạiĐường Kim Đồng, Giáp Bát, Hoàng Mai, Hà Nội","7,90 tỷ","Đường Kim Đồng, Giáp Bát, Hoàng Mai, Hà Nội",60 m²,6 PN,6 WC,5,Sổ đỏ / Sổ hồng,27/05/202500:00
"Bán  Nhà riêng tạiĐường Giải Phóng, Thịnh Liệt, Hoàng Mai, Hồ Chí Minh","12,40 tỷ","Đường Giải Phóng, Thịnh Liệt, Hoàng Mai, Hồ Chí Minh",38 m²,,,7,Sổ đỏ / Sổ hồng,27/05/202500:00
"Bán  Nhà riêng tạiĐường Tam Trinh, Mai Động, Hoàng Mai, Hà Nội",7 tỷ,"Đường Tam Trinh, Mai Động, Hoàng Mai, Hà Nội",65 m²,,,5,Sổ đỏ / Sổ hồng,27/05/202500:00
"Bán  Nhà riêng tạiĐường Giáp Bát, Thịnh Liệt, Hoàng Mai, Hà Nội",8 tỷ,"Đường Giáp Bát, Thịnh Liệt, Hoàng Mai, Hà Nội",45 m²,,,4,Sổ đỏ / Sổ hồng,27/05/202500:00
"Bán  Nhà riêng tạiTrần Phú, Văn Quán, Hà Đông, Hà Nội","6,10 tỷ","Trần Phú, Văn Quán, Hà Đông, Hà Nội",34 m²,3 PN,4 WC,5,Sổ đỏ / Sổ hồng,24/05/202500:00
"Bán  Nhà biệt thự, liền kề tạiĐường 1, Ngọc Thụy, Long Biên, Hà Nội",25 tỷ,"Đường 1, Ngọc Thụy, Long Biên, Hà Nội",200 m²,56 PN,3 WC,4,Sổ đỏ / Sổ hồng,27/05/202500:00
"Bán  Nhà riêng tạiĐường 19/5 Văn Quán, Hà Đông, Hà Nội",7 tỷ,"Đường 19/5 Văn Quán, Hà Đông, Hà Nội",30 m²,,4 WC,5,,24/05/202500:00
"Bán  Nhà riêng tạiNgô Thi Sỹ, Vạn Phúc, Hà Đông, Hà Nội","7,35 tỷ","Ngô Thi Sỹ, Vạn Phúc, Hà Đông, Hà Nội",31 m²,3 PN,4 WC,5,Sổ đỏ / Sổ hồng,24/05/202500:00
"Bán  Nhà riêng tạiĐường Thanh Am, Thượng Thanh, Long Biên, Hà Nội","5,65 tỷ","Đường Thanh Am, Thượng Thanh, Long Biên, Hà Nội",40 m²,3 PN,4 WC,5,Sổ đỏ / Sổ hồng,27/05/202500:00
"Bán  Nhà riêng tạiĐường Hoàng Như Tiếp, Bồ Đề, Long Biên, Hà Nội","13,10 tỷ","Đường Hoàng Như Tiếp, Bồ Đề, Long Biên, Hà Nội",46 m²,3 PN,4 WC,6,Sổ đỏ / Sổ hồng,27/05/202500:00
"Bán  Nhà riêng tạiĐường Yên Phụ, Phường Tứ Liên, Tây Hồ, Hà Nội","7,50 tỷ","Đường Yên Phụ, Phường Tứ Liên, Tây Hồ, Hà Nội",40 m²,,,,Sổ đỏ / Sổ hồng,24/05/202500:00
"Bán  Nhà riêng tạiĐường 19/5, Văn Quán, Hà Đông, Hà Nội",7 tỷ,"Đường 19/5, Văn Quán, Hà Đông, Hà Nội",30 m²,,4 WC,5,Sổ đỏ / Sổ hồng,24/05/202500:00
"Bán  Nhà riêng tạiNgô Quyền, La Khê, Hà Đông, Hà Nội",Thỏa thuận,"Ngô Quyền, La Khê, Hà Đông, Hà Nội",50 m²,,3 WC,4,Sổ đỏ / Sổ hồng,24/05/202500:00
"Bán  Nhà riêng tạiĐường An Dương Vương, Phường Phú Thượng, Tây Hồ, Hà Nội","9,40 tỷ","Đường An Dương Vương, Phường Phú Thượng, Tây Hồ, Hà Nội",35 m²,4 PN,6 WC,8,Sổ đỏ / Sổ hồng,24/05/202500:00
"Bán  Nhà riêng tạiĐường Trương Định, Hoàng Văn Thụ, Hoàng Mai, Hà Nội","5,60 tỷ","Đường Trương Định, Hoàng Văn Thụ, Hoàng Mai, Hà Nội",28 m²,3 PN,4 WC,5,Sổ đỏ / Sổ hồng,24/05/202500:00
"Bán  Nhà biệt thự, liền kề tạiKĐT Đô Nghĩa, Hà Đông, Hà Nội","8,20 tỷ","KĐT Đô Nghĩa, Hà Đông, Hà Nội",75 m²,,4 WC,5,Sổ đỏ / Sổ hồng,24/05/202500:00
"Bán  Nhà biệt thự, liền kề tạiĐường Bạch Thái Bưởi, Văn Quán, Hà Đông","17,50 tỷ","Đường Bạch Thái Bưởi, Văn Quán, Hà Đông",86 m²,6 PN,4 WC,5,Sổ đỏ / Sổ hồng,24/05/202500:00
"Bán  Nhà riêng tạiĐường Tân Mai, Tân Mai, Hoàng Mai, Hà Nội",6 tỷ,"Đường Tân Mai, Tân Mai, Hoàng Mai, Hà Nội",28 m²,3 PN,4 WC,5,Sổ đỏ / Sổ hồng,24/05/202500:00
"Bán  Nhà mặt phố tạiQuang Trung, Hà Đông, Hà Nội","12,70 tỷ","Quang Trung, Hà Đông, Hà Nội",37 m²,,4 WC,5,Sổ đỏ / Sổ hồng,23/05/202500:00
"Bán  Nhà mặt phố tạiPhường Ngọc Lâm, Long Biên, Hà Nội",36 tỷ,"Phường Ngọc Lâm, Long Biên, Hà Nội",144 m²,,,5,Sổ đỏ / Sổ hồng,23/05/202500:00
"Bán  Nhà riêng tạiPhố Lụa, Vạn Phúc, Hà Đông, Hà Nội","7,20 tỷ","Phố Lụa, Vạn Phúc, Hà Đông, Hà Nội",40 m²,3 PN,2 WC,3,Sổ đỏ / Sổ hồng,23/05/202500:00
"Bán  Nhà riêng tạiĐường Kim Giang, Phường Đại Kim, Hoàng Mai, Hà Nội","8,30 tỷ","Đường Kim Giang, Phường Đại Kim, Hoàng Mai, Hà Nội",57 m²,4 PN,3 WC,4,Sổ đỏ / Sổ hồng,23/05/202500:00
"Bán  Nhà riêng tạiQuang Trung, Phường Quang Trung, Quận Hà Đông, Hà Nội","8,50 tỷ","Quang Trung, Phường Quang Trung, Quận Hà Đông, Hà Nội",51 m²,,3 WC,4,Sổ đỏ / Sổ hồng,23/05/202500:00
"Bán  Nhà riêng tạiPhố Từ Hoa, Phường Quảng An, Tây Hồ, Hà Nội",137 tỷ,"Phố Từ Hoa, Phường Quảng An, Tây Hồ, Hà Nội",310 m²,3 PN,2 WC,3,Sổ đỏ / Sổ hồng,23/05/202500:00
"Bán  Nhà mặt phố tạiĐường Giáp Bát, Phường Giáp Bát, Quận Hoàng Mai, Hà Nội",33 tỷ,"Đường Giáp Bát, Phường Giáp Bát, Quận Hoàng Mai, Hà Nội",112 m²,,,8,Sổ đỏ / Sổ hồng,23/05/202500:00
"Bán  Nhà biệt thự, liền kề tạiLê Trọng Tấn, Dương Nội, Hà Đông, Hà Nội","15,40 tỷ","Lê Trọng Tấn, Dương Nội, Hà Đông, Hà Nội",60 m²,,3 WC,4,Sổ đỏ / Sổ hồng,23/05/202500:00
"Bán  Nhà riêng tạiYên Lộ, Yên Nghĩa, Hà Đông, Hà Nội","5,88 tỷ","Yên Lộ, Yên Nghĩa, Hà Đông, Hà Nội",38 m²,,3 WC,4,Sổ đỏ / Sổ hồng,23/05/202500:00
"Bán  Nhà mặt phố tạiĐại Mỗ, Phường Đại Mỗ, Quận Nam Từ Liêm, Hà Nội","10,30 tỷ","Đại Mỗ, Phường Đại Mỗ, Quận Nam Từ Liêm, Hà Nội",63 m²,,4 WC,5,Sổ đỏ / Sổ hồng,23/05/202500:00
"Bán Nhà riêng theo dự ánParkCity Hà Nội tại Phường La Khê, Hà Đông, Hà Nội","8,50 tỷ","Phường La Khê, Hà Đông, Hà Nội",50 m²,3 PN,4 WC,5,Sổ đỏ / Sổ hồng,23/05/202500:00
"Bán  Nhà biệt thự, liền kề tạiĐường Bạch Thái Bưởi, Văn Quán, Hà Đông","19,50 tỷ","Đường Bạch Thái Bưởi, Văn Quán, Hà Đông","85,5 m²",6 PN,4 WC,5,Sổ đỏ / Sổ hồng,22/05/202500:00
"Bán  Nhà riêng tạiNgõ 1, Tổ 12 Do Lộ, Yên Nghĩa, Hà Đông","5,88 tỷ","Ngõ 1, Tổ 12 Do Lộ, Yên Nghĩa, Hà Đông",38 m²,,3 WC,4,Sổ đỏ / Sổ hồng,23/05/202500:00
"Bán  Nhà riêng tại94 Tân Mai,phường Thịnh Liệt, quận Hoàng Mai, Hà Nội",7 tỷ,"94 Tân Mai,phường Thịnh Liệt, quận Hoàng Mai, Hà Nội",35 m²,3 PN,5 WC,6,Sổ đỏ / Sổ hồng,22/05/202500:00
"Bán  Nhà riêng tạiHàm Nghi, Nam Từ Liêm, Hà Nội","10,65 tỷ","Hàm Nghi, Nam Từ Liêm, Hà Nội",38 m²,3 PN,5 WC,6,Sổ đỏ / Sổ hồng,22/05/202500:00
"Bán  Nhà riêng tạiMậu Lương, Kiến Hưng, Hà Đông, Hà Nội","13,20 tỷ","Mậu Lương, Kiến Hưng, Hà Đông, Hà Nội",50 m²,,3 WC,4,Sổ đỏ / Sổ hồng,23/05/202500:00
"Bán  Nhà riêng tạiVăn Quán, Hà Đông, Hà Nội","7,15 tỷ","Văn Quán, Hà Đông, Hà Nội",31 m²,3 PN,4 WC,6,Sổ đỏ / Sổ hồng,23/05/202500:00
"Bán  Nhà riêng tại143 Nguyễn Chính, phường Thịnh Liệt, quận Hoàng Mai, Hà Nội","10,90 tỷ","143 Nguyễn Chính, phường Thịnh Liệt, quận Hoàng Mai, Hà Nội",38 m²,3 PN,4 WC,5,Sổ đỏ / Sổ hồng,22/05/202500:00
"Bán  Nhà mặt phố tạiĐường Phú Mỹ, Phường Mỹ Đình 2, Quận Nam Từ Liêm, Hà Nội",25 tỷ,"Đường Phú Mỹ, Phường Mỹ Đình 2, Quận Nam Từ Liêm, Hà Nội",98 m²,,,8,Sổ đỏ / Sổ hồng,22/05/202500:00
"Bán  Nhà mặt phố tạiTrần Phú, Văn Quán, Hà Đông, Hà Nội","20,50 tỷ","Trần Phú, Văn Quán, Hà Đông, Hà Nội",40 m²,,4 WC,5,Sổ đỏ / Sổ hồng,22/05/202500:00
"Bán  Nhà mặt phố tạiĐường Yên Bình, Văn Quán, Hà Đông","17,70 tỷ","Đường Yên Bình, Văn Quán, Hà Đông",73 m²,,3 WC,3,Sổ đỏ / Sổ hồng,22/05/202500:00
"Bán  Nhà riêng tạiNgõ 163 Đại Mỗ, Nam Từ Liêm, Hà Nội","9,70 tỷ","Ngõ 163 Đại Mỗ, Nam Từ Liêm, Hà Nội",52 m²,,4 WC,4,Sổ đỏ / Sổ hồng,22/05/202500:00
"Bán  Nhà riêng tạiĐường Tây Tựu, Bắc Từ Liêm, Hà Nội","5,35 tỷ","Đường Tây Tựu, Bắc Từ Liêm, Hà Nội",34 m²,6 PN,4 WC,5,Sổ đỏ / Sổ hồng,22/05/202500:00
"Bán  Nhà riêng tại143 Nguyễn Chính, phường Thịnh Liệt, quận Hoàng Mai, Hà Nội","6,94 tỷ","143 Nguyễn Chính, phường Thịnh Liệt, quận Hoàng Mai, Hà Nội",30 m²,3 PN,4 WC,5,Sổ đỏ / Sổ hồng,22/05/202500:00
"Bán  Nhà riêng tạiTân Mai, Phường Tân Mai, Quận Hoàng Mai, Hà Nội","4,55 tỷ","Tân Mai, Phường Tân Mai, Quận Hoàng Mai, Hà Nội",13 m²,,,5,Sổ đỏ / Sổ hồng,22/05/202500:00
"Bán  Nhà mặt phố tạiĐường Hồ Tùng Mậu, Phường Cầu Diễn, Quận Nam Từ Liêm, Hà Nội",39 tỷ,"Đường Hồ Tùng Mậu, Phường Cầu Diễn, Quận Nam Từ Liêm, Hà Nội",96 m²,,,7,Sổ đỏ / Sổ hồng,22/05/202500:00
"Bán  Nhà riêng tạiĐường Ngô Quyền, Hà Đông, Hà Nội",7 tỷ,"Đường Ngô Quyền, Hà Đông, Hà Nội",30 m²,,3 WC,5,Sổ đỏ / Sổ hồng,22/05/202500:00
"Bán  Nhà riêng tạiNgõ Hà Trì, Hà Cầu, Hà Đông, Hà Nội","6,20 tỷ","Ngõ Hà Trì, Hà Cầu, Hà Đông, Hà Nội",31 m²,3 PN,4 WC,5,Sổ đỏ / Sổ hồng,22/05/202500:00
"Bán  Nhà mặt phố tạiNguyễn Khuyến, Văn Quán, Hà Đông, Hà Nội","31,30 tỷ","Nguyễn Khuyến, Văn Quán, Hà Đông, Hà Nội",85 m²,,3 WC,4,Sổ đỏ / Sổ hồng,22/05/202500:00
"Bán  Nhà mặt phố tạiĐường Mỹ Đình, Phường Mỹ Đình 1, Quận Nam Từ Liêm, Hà Nội",22 tỷ,"Đường Mỹ Đình, Phường Mỹ Đình 1, Quận Nam Từ Liêm, Hà Nội",75 m²,,,7,Sổ đỏ / Sổ hồng,22/05/202500:00
"Bán  Nhà riêng tạiMỹ Đình, Nam Từ Liêm, Hà Nội","7,20 tỷ","Mỹ Đình, Nam Từ Liêm, Hà Nội",40 m²,5 PN,5 WC,5,Sổ đỏ / Sổ hồng,22/05/202500:00
"Bán  Nhà riêng tạiDương Nội, Hà Đông, Hà Nội","5,75 tỷ","Dương Nội, Hà Đông, Hà Nội",42 m²,,3 WC,4,Sổ đỏ / Sổ hồng,22/05/202500:00
"Bán  Nhà mặt phố tạiĐường Văn Phú, Phường Phú La, Quận Hà Đông, Hà Nội","29,85 tỷ","Đường Văn Phú, Phường Phú La, Quận Hà Đông, Hà Nội",58 m²,,,8,Sổ đỏ / Sổ hồng,22/05/202500:00
"Bán  Nhà mặt phố tạiĐường Quang Trung, Phường Quang Trung, Quận Hà Đông, Hà Nội",55 tỷ,"Đường Quang Trung, Phường Quang Trung, Quận Hà Đông, Hà Nội",200 m²,,,7,Sổ đỏ / Sổ hồng,22/05/202500:00
"Bán  Nhà riêng tạiNguyễn Viết Xuân, Phường Quang Trung, Quận Hà Đông, Hà Nội","7,45 tỷ","Nguyễn Viết Xuân, Phường Quang Trung, Quận Hà Đông, Hà Nội",33 m²,6 PN,4 WC,5,Sổ đỏ / Sổ hồng,22/05/202500:00
"Bán  Nhà riêng tại143 Nguyễn Chính, phường Thịnh Liệt, quận Hoàng Mai, Hà Nội","6,95 tỷ","143 Nguyễn Chính, phường Thịnh Liệt, quận Hoàng Mai, Hà Nội",30 m²,,,5,Sổ đỏ / Sổ hồng,22/05/202500:00
"Bán  Nhà mặt phố tạiXa La, Phúc La, Hà Đông, Hà Nội","13,50 tỷ","Xa La, Phúc La, Hà Đông, Hà Nội",42 m²,,3 WC,5,Sổ đỏ / Sổ hồng,21/05/202500:00
"Bán  Nhà mặt phố tạiLý Thường Kiệt, Phú La, Hà Đông, Hà Nội","12,60 tỷ","Lý Thường Kiệt, Phú La, Hà Đông, Hà Nội",33 m²,4 PN,5 WC,5,Sổ đỏ / Sổ hồng,21/05/202500:00
"Bán  Nhà mặt phố tạiĐường Hoàng Mai, Phường Hoàng Văn Thụ, Quận Hoàng Mai, Hà Nội",32 tỷ,"Đường Hoàng Mai, Phường Hoàng Văn Thụ, Quận Hoàng Mai, Hà Nội",81 m²,,,7,Sổ đỏ / Sổ hồng,22/05/202500:00
"Bán  Nhà mặt phố tạiYết Kiêu, Hà Đông, Hà Nội","6,30 tỷ","Yết Kiêu, Hà Đông, Hà Nội",30 m²,4 PN,4 WC,5,Sổ đỏ / Sổ hồng,21/05/202500:00
"Bán  Nhà mặt phố tạiĐuờng Nguyễn Hoàng, Phường Mỹ Đình 2, Quận Nam Từ Liêm, Hà Nội",32 tỷ,"Đuờng Nguyễn Hoàng, Phường Mỹ Đình 2, Quận Nam Từ Liêm, Hà Nội",70 m²,6 PN,,7,Sổ đỏ / Sổ hồng,21/05/202500:00
"Bán  Nhà mặt phố tạiLý Thường Kiệt, Hà Đông, Hà Nội","13,50 tỷ","Lý Thường Kiệt, Hà Đông, Hà Nội",41 m²,,3 WC,4,Sổ đỏ / Sổ hồng,21/05/202500:00
"Bán  Nhà mặt phố tạiYết Kiêu, Hà Đông, Hà Nội","17,50 tỷ","Yết Kiêu, Hà Đông, Hà Nội",85 m²,,,4,Sổ đỏ / Sổ hồng,21/05/202500:00
"Bán  Nhà mặt phố tạiĐường Thụy Khuê, Phường Thụy Khuê, Quận Tây Hồ, Hà Nội","29,90 tỷ","Đường Thụy Khuê, Phường Thụy Khuê, Quận Tây Hồ, Hà Nội",86 m²,,,4,Sổ đỏ / Sổ hồng,20/05/202500:00
"Bán  Nhà riêng tạiYên Lộ, Do Lộ, Yên Nghĩa, Hà Đông, Hà Nội","5,88 tỷ","Yên Lộ, Do Lộ, Yên Nghĩa, Hà Đông, Hà Nội",38 m²,,4 WC,4,Sổ đỏ / Sổ hồng,20/05/202500:00
"Bán  Nhà riêng tạiPhố Phúc Lợi, Long Biên, Hà Nội","6,40 tỷ","Phố Phúc Lợi, Long Biên, Hà Nội",32 m²,3 PN,4 WC,5,Sổ đỏ / Sổ hồng,20/05/202500:00
"Bán  Nhà riêng tạiVăn La, Phú La, Hà Đông, Hà Nội","10,20 tỷ","Văn La, Phú La, Hà Đông, Hà Nội",33 m²,4 PN,4 WC,6,Sổ đỏ / Sổ hồng,20/05/202500:00
"Bán  Nhà riêng tạiVăn Quán, Hà Đông, Hà Nội","7,60 tỷ","Văn Quán, Hà Đông, Hà Nội",33 m²,3 PN,4 WC,5,Sổ đỏ / Sổ hồng,20/05/202500:00
"Bán  Nhà riêng tạiHà Trì, Hà Cầu, Hà Đông, Hà Nội","6,55 tỷ","Hà Trì, Hà Cầu, Hà Đông, Hà Nội",33 m²,3 PN,4 WC,5,Sổ đỏ / Sổ hồng,20/05/202500:00
"Bán  Nhà riêng tạiAn Thắng, Biên Giang, Hà Đông, Hà Nội","5,10 tỷ","An Thắng, Biên Giang, Hà Đông, Hà Nội",62 m²,5 PN,2 WC,3,Sổ đỏ / Sổ hồng,20/05/202500:00
"Bán  Nhà riêng tạiVạn Phúc, Hà Đông, Hà Nội","10,60 tỷ","Vạn Phúc, Hà Đông, Hà Nội",45 m²,6 PN,5 WC,5,Sổ đỏ / Sổ hồng,20/05/202500:00
"Bán  Nhà riêng tạiLê Đức Thọ, Mỹ Đình, Nam Từ Liêm, Hà Nội",12 tỷ,"Lê Đức Thọ, Mỹ Đình, Nam Từ Liêm, Hà Nội",66 m²,4 PN,5 WC,5,Sổ đỏ / Sổ hồng,20/05/202500:00
"Bán  Nhà riêng tạiĐường Ngọc Thụy, Long Biên, Hà Nội","5,90 tỷ","Đường Ngọc Thụy, Long Biên, Hà Nội",30 m²,3 PN,,5,Sổ đỏ / Sổ hồng,20/05/202500:00
"Bán  Nhà riêng tạiQuang Trung, Phường Quang Trung, Quận Hà Đông, Hà Nội",Thỏa thuận,"Quang Trung, Phường Quang Trung, Quận Hà Đông, Hà Nội",30 m²,3 PN,4 WC,5,,19/05/202500:00
"Bán  Nhà riêng tạiĐường 1, Phú Lương, Hà Đông, Hà Nội","6,90 tỷ","Đường 1, Phú Lương, Hà Đông, Hà Nội",50 m²,2 PN,3 WC,3,Sổ đỏ / Sổ hồng,19/05/202500:00
"Bán  Nhà mặt phố tạiTô Hiệu, Nguyễn Trãi, Hà Đông, Hà Nội","8,75 tỷ","Tô Hiệu, Nguyễn Trãi, Hà Đông, Hà Nội",40 m²,,,4,Sổ đỏ / Sổ hồng,20/05/202500:00
"Bán  Nhà riêng tạiNgô Thì Sỹ, phường Vạn Phúc, Hà Đông, Hà Nội","10,50 tỷ","Ngô Thì Sỹ, phường Vạn Phúc, Hà Đông, Hà Nội",36 m²,3 PN,4 WC,5,Sổ đỏ / Sổ hồng,20/05/202500:00
"Bán  Nhà riêng tạiĐường 32, Mỹ Đình 1, Nam Từ Liêm, Hà Nội","11,60 tỷ","Đường 32, Mỹ Đình 1, Nam Từ Liêm, Hà Nội",50 m²,2 PN,2 WC,6,Sổ đỏ / Sổ hồng,19/05/202500:00
"Bán  Nhà riêng tạiĐại Mỗ, Phường Đại Mỗ, Quận Nam Từ Liêm, Hà Nội",5 tỷ,"Đại Mỗ, Phường Đại Mỗ, Quận Nam Từ Liêm, Hà Nội",30 m²,3 PN,4 WC,5,Sổ đỏ / Sổ hồng,19/05/202500:00
"Bán  Nhà mặt phố tạiđường Tứ Liên, Tứ Liên, Hà Nội, , Tây Hồ, Hà Nội","12,90 tỷ","đường Tứ Liên, Tứ Liên, Hà Nội, , Tây Hồ, Hà Nội",94 m²,,,,Sổ đỏ / Sổ hồng,17/05/202500:00
"Bán  Nhà riêng tạiĐường Giải Phóng, Giáp Bát, Hoàng Mai, Hà Nội","8,98 tỷ","Đường Giải Phóng, Giáp Bát, Hoàng Mai, Hà Nội",40 m²,,,,Sổ đỏ / Sổ hồng,17/05/202500:00
"Bán  Nhà riêng tạiđường Chiến Thắng, Phường Văn Quán, Quận Hà Đông, Hà Nội","12,90 tỷ","đường Chiến Thắng, Phường Văn Quán, Quận Hà Đông, Hà Nội",35 m²,4 PN,3 WC,4,Sổ đỏ / Sổ hồng,17/05/202500:00
"Bán  Nhà riêng tạiĐường Lạc Long Quân, Thụy Khuê, Tây Hồ, Hà Nội","6,50 tỷ","Đường Lạc Long Quân, Thụy Khuê, Tây Hồ, Hà Nội",45 m²,7 PN,8 WC,5,Sổ đỏ / Sổ hồng,17/05/202500:00
"Bán  Nhà biệt thự, liền kề tạiđường Tố Hữu, Vạn Phúc, Hà Nội, , Hà Đông, Hà Nội",11 tỷ,"đường Tố Hữu, Vạn Phúc, Hà Nội, , Hà Đông, Hà Nội",50 m²,5 PN,6 WC,7,Sổ đỏ / Sổ hồng,17/05/202500:00
"Bán Nhà biệt thự, liền kề theo dự ánKhu đô thị Văn Khê tại Đường Văn Khê, La Khê, Hà Đông, Hà Nội","18,90 tỷ","Đường Văn Khê, La Khê, Hà Đông, Hà Nội",83 m²,,,4,Sổ đỏ / Sổ hồng,17/05/202500:00
"Bán  Nhà riêng tạiĐường Bà Triệu, Hà Cầu, Hà Đông, Hà Nội","10,50 tỷ","Đường Bà Triệu, Hà Cầu, Hà Đông, Hà Nội",58 m²,4 PN,,4,Sổ đỏ / Sổ hồng,17/05/202500:00
"Bán  Nhà biệt thự, liền kề tạiĐường Thụy Khuê, Thụy Khuê, Tây Hồ, Hà Nội",65 tỷ,"Đường Thụy Khuê, Thụy Khuê, Tây Hồ, Hà Nội",250 m²,8 PN,8 WC,9,Sổ đỏ / Sổ hồng,17/05/202500:00
"Bán  Nhà riêng tạiĐường Nguyễn An Ninh, Tương Mai, Hoàng Mai, Hà Nội",15 tỷ,"Đường Nguyễn An Ninh, Tương Mai, Hoàng Mai, Hà Nội",55 m²,5 PN,5 WC,5,Sổ đỏ / Sổ hồng,17/05/202500:00
"Bán  Nhà biệt thự, liền kề tạiĐường Đại lộ Thăng Long, Mễ Trì, Nam Từ Liêm, Hà Nội",20 tỷ,"Đường Đại lộ Thăng Long, Mễ Trì, Nam Từ Liêm, Hà Nội",75 m²,5 PN,4 WC,4,Sổ đỏ / Sổ hồng,17/05/202500:00
"Bán  Nhà biệt thự, liền kề tạiĐường Vĩnh Hưng, Vĩnh Hưng, Hoàng Mai, Hồ Chí Minh",25 tỷ,"Đường Vĩnh Hưng, Vĩnh Hưng, Hoàng Mai, Hồ Chí Minh",85 m²,,,6,Sổ đỏ / Sổ hồng,17/05/202500:00
"Bán  Nhà riêng tạiĐường Nam Dư, Lĩnh Nam, Hoàng Mai, Hà Nội","4,58 tỷ","Đường Nam Dư, Lĩnh Nam, Hoàng Mai, Hà Nội",31 m²,3 PN,4 WC,4,Sổ đỏ / Sổ hồng,17/05/202500:00
"Bán  Nhà riêng tạiÂu Cơ, Tây Hồ, Hà Nội",7 tỷ,"Âu Cơ, Tây Hồ, Hà Nội",44 m²,4 PN,3 WC,5,Sổ đỏ / Sổ hồng,17/05/202500:00
"Bán  Nhà riêng tạiĐường Lạc Long Quân, Nhật Tân, Tây Hồ, Hà Nội",14 tỷ,"Đường Lạc Long Quân, Nhật Tân, Tây Hồ, Hà Nội",60 m²,,,6,Sổ đỏ / Sổ hồng,17/05/202500:00
"Bán  Nhà riêng tạiHà Nội Hà Đông                             Đường Hòa Bình, Yên Nghĩa","4,38 tỷ","Hà Nội Hà Đông                             Đường Hòa Bình, Yên Nghĩa",52 m²,3 PN,2 WC,3,Sổ đỏ / Sổ hồng,17/05/202500:00
"Bán  Nhà phố thương mại tạiKđt Vạn Phúc, Phường Vạn Phúc, Quận Hà Đông, Hà Nội","15,80 tỷ","Kđt Vạn Phúc, Phường Vạn Phúc, Quận Hà Đông, Hà Nội",55 m²,4 PN,4 WC,7,Sổ đỏ / Sổ hồng,16/05/202500:00
"Bán  Nhà riêng tạiThạch Bàn, Long Biên, Hà Nội","5,90 tỷ","Thạch Bàn, Long Biên, Hà Nội",38 m²,4 PN,,5,Sổ đỏ / Sổ hồng,16/05/202500:00
"Bán  Nhà mặt phố tạiPhường Ngọc Lâm, Quận Long Biên, Hà Nội","27,50 tỷ","Phường Ngọc Lâm, Quận Long Biên, Hà Nội",100 m²,5 PN,5 WC,5,Sổ đỏ / Sổ hồng,16/05/202500:00
"Bán  Nhà riêng tạiPhường Giáp Bát, Quận Hoàng Mai, Hà Nội",9 tỷ,"Phường Giáp Bát, Quận Hoàng Mai, Hà Nội",43 m²,6 PN,4 WC,5,Sổ đỏ / Sổ hồng,16/05/202500:00
"Bán  Nhà riêng tạiĐường Xuân La, Phường Xuân La, Tây Hồ, Hà Nội","12,50 tỷ","Đường Xuân La, Phường Xuân La, Tây Hồ, Hà Nội",38 m²,3 PN,2 WC,5,Sổ đỏ / Sổ hồng,16/05/202500:00
"Bán  Nhà riêng tạiPhường Long Biên, Long Biên, Hà Nội",26 tỷ,"Phường Long Biên, Long Biên, Hà Nội",100 m²,4 PN,3 WC,4,Sổ đỏ / Sổ hồng,16/05/202500:00
"Bán  Nhà riêng tạiLạc Long Quân, Phường Bưởi, Quận Tây Hồ, Hà Nội","8,60 tỷ","Lạc Long Quân, Phường Bưởi, Quận Tây Hồ, Hà Nội",38 m²,3 PN,3 WC,6,Sổ đỏ / Sổ hồng,16/05/202500:00
"Bán  Nhà biệt thự, liền kề tạiđường Dương Lâm, Văn Quán, Hà Nội, , Hà Đông, Hà Nội","11,80 tỷ","đường Dương Lâm, Văn Quán, Hà Nội, , Hà Đông, Hà Nội",66 m²,6 PN,4 WC,5,Sổ đỏ / Sổ hồng,16/05/202500:00
"Bán Nhà biệt thự, liền kề theo dự ánKhu đô thị Nam Thăng Long - Ciputra tại Nguyễn Hoàng Tôn, Xuân Đỉnh, Bắc Từ Liêm, Hà Nội",65 tỷ,"Nguyễn Hoàng Tôn, Xuân Đỉnh, Bắc Từ Liêm, Hà Nội",230 m²,5 PN,4 WC,3,Hợp đồng mua bán,16/05/202500:00
"Bán  Nhà riêng tạiPhường Xuân La, Quận Tây Hồ, Hà Nội","8,50 tỷ","Phường Xuân La, Quận Tây Hồ, Hà Nội",35 m²,3 PN,4 WC,5,Sổ đỏ / Sổ hồng,15/05/202500:00
"Bán  Nhà riêng tạiTrương định, Tương Mai, Hoàng Mai, Hà Nội","6,85 tỷ","Trương định, Tương Mai, Hoàng Mai, Hà Nội",38 m²,5 PN,4 WC,4,Sổ đỏ / Sổ hồng,16/05/202500:00
"Bán  Nhà riêng tạiPhường Văn Quán, Quận Hà Đông, Hà Nội","8,95 tỷ","Phường Văn Quán, Quận Hà Đông, Hà Nội",40 m²,4 PN,3 WC,4,,15/05/202500:00
"Bán  Nhà riêng tạiPhường Bồ Đề, Quận Long Biên, Hà Nội","7,35 tỷ","Phường Bồ Đề, Quận Long Biên, Hà Nội",35 m²,3 PN,3 WC,4,Sổ đỏ / Sổ hồng,15/05/202500:00
"Bán  Nhà biệt thự, liền kề tạiđường Nguyệt Quế, Việt Hưng, Long Biên, Hà Nội",38 tỷ,"đường Nguyệt Quế, Việt Hưng, Long Biên, Hà Nội",180 m²,4 PN,4 WC,4,Sổ đỏ / Sổ hồng,16/05/202500:00
"Bán  Nhà riêng tạiPhường Bồ Đề, Quận Long Biên, Hà Nội","7,80 tỷ","Phường Bồ Đề, Quận Long Biên, Hà Nội",38 m²,3 PN,3 WC,4,Sổ đỏ / Sổ hồng,15/05/202500:00
"Bán  Nhà biệt thự, liền kề tạiđường Kim Quan Thượng, Việt Hưng, Long Biên, Hà Nội",39 tỷ,"đường Kim Quan Thượng, Việt Hưng, Long Biên, Hà Nội",234 m²,,,4,Sổ đỏ / Sổ hồng,16/05/202500:00
"Bán  Nhà riêng tạiPhường Bồ Đề, Quận Long Biên, Hà Nội","11,50 tỷ","Phường Bồ Đề, Quận Long Biên, Hà Nội",48 m²,4 PN,4 WC,4,Sổ đỏ / Sổ hồng,15/05/202500:00
"Bán  Nhà riêng tạiPhường Bồ Đề, Quận Long Biên, Hà Nội","10,50 tỷ","Phường Bồ Đề, Quận Long Biên, Hà Nội",50 m²,4 PN,4 WC,5,Đang chờ sổ,15/05/202500:00
"Bán  Nhà riêng tạiPhường Bồ Đề, Quận Long Biên, Hà Nội","7,80 tỷ","Phường Bồ Đề, Quận Long Biên, Hà Nội",38 m²,3 PN,3 WC,4,Sổ đỏ / Sổ hồng,15/05/202500:00
"Bán  Nhà riêng tạiĐường Kim Giang, Phường Đại Kim, Quận Hoàng Mai, Hà Nội","6,50 tỷ","Đường Kim Giang, Phường Đại Kim, Quận Hoàng Mai, Hà Nội",31 m²,4 PN,3 WC,4,Sổ đỏ / Sổ hồng,15/05/202500:00
"Bán  Nhà riêng tạiKđt Định Công, Phường Định Công, Quận Hoàng Mai, Hà Nội","6,68 tỷ","Kđt Định Công, Phường Định Công, Quận Hoàng Mai, Hà Nội",30 m²,3 PN,3 WC,5,Sổ đỏ / Sổ hồng,15/05/202500:00
"Bán  Nhà riêng tạiPhường Liên Mạc, Quận Bắc Từ Liêm, Hà Nội","6,15 tỷ","Phường Liên Mạc, Quận Bắc Từ Liêm, Hà Nội","36,8 m²",,,4,Sổ đỏ / Sổ hồng,15/05/202500:00
"Bán  Nhà riêng tạiPhường Minh Khai, Quận Bắc Từ Liêm, Hà Nội","5,60 tỷ","Phường Minh Khai, Quận Bắc Từ Liêm, Hà Nội",30 m²,3 PN,4 WC,5,Sổ đỏ / Sổ hồng,15/05/202500:00
"Bán  Nhà riêng tạiPhường Phúc Diễn, Quận Bắc Từ Liêm, Hà Nội","10,90 tỷ","Phường Phúc Diễn, Quận Bắc Từ Liêm, Hà Nội","47,8 m²",8 PN,,5,,15/05/202500:00
"Bán  Nhà riêng tạiPhường Định Công, Quận Hoàng Mai, Hà Nội","9,50 tỷ","Phường Định Công, Quận Hoàng Mai, Hà Nội",49 m²,,,4,Sổ đỏ / Sổ hồng,15/05/202500:00
"Bán  Nhà riêng tạiPhường Liên Mạc, Quận Bắc Từ Liêm, Hà Nội","5,15 tỷ","Phường Liên Mạc, Quận Bắc Từ Liêm, Hà Nội",32 m²,3 PN,4 WC,5,,15/05/202500:00
"Bán  Nhà riêng tạiPhường Tân Mai, Quận Hoàng Mai, Hà Nội","6,85 tỷ","Phường Tân Mai, Quận Hoàng Mai, Hà Nội","33,1 m²",3 PN,3 WC,5,Sổ đỏ / Sổ hồng,14/05/202500:00
"Bán  Nhà riêng tạiTân Mai, Phường Tân Mai, Quận Hoàng Mai, Hà Nội","8,80 tỷ","Tân Mai, Phường Tân Mai, Quận Hoàng Mai, Hà Nội",45 m²,6 PN,4 WC,5,Sổ đỏ / Sổ hồng,14/05/202500:00
"Bán  Nhà riêng tạiPhường Đức Thắng, Quận Bắc Từ Liêm, Hà Nội",8 tỷ,"Phường Đức Thắng, Quận Bắc Từ Liêm, Hà Nội",48 m²,4 PN,3 WC,4,Sổ đỏ / Sổ hồng,14/05/202500:00
"Bán  Nhà riêng tạiĐịnh Công, Phường Định Công, Quận Hoàng Mai, Hà Nội","8,80 tỷ","Định Công, Phường Định Công, Quận Hoàng Mai, Hà Nội",46 m²,4 PN,4 WC,4,Sổ đỏ / Sổ hồng,15/05/202500:00
"Bán  Nhà riêng tạiPhường Định Công, Quận Hoàng Mai, Hà Nội","6,50 tỷ","Phường Định Công, Quận Hoàng Mai, Hà Nội",42 m²,4 PN,4 WC,4,Sổ đỏ / Sổ hồng,14/05/202500:00
"Bán  Nhà riêng tạiNguyễn Viết Xuân, Phường Quang Trung, Quận Hà Đông, Hà Nội","7,50 tỷ","Nguyễn Viết Xuân, Phường Quang Trung, Quận Hà Đông, Hà Nội",35 m²,6 PN,4 WC,5,Sổ đỏ / Sổ hồng,15/05/202500:00
"Bán  Nhà riêng tạiPhường Long Biên, Quận Long Biên, Hà Nội","5,70 tỷ","Phường Long Biên, Quận Long Biên, Hà Nội",40 m²,5 PN,6 WC,5,Sổ đỏ / Sổ hồng,14/05/202500:00
"Bán  Nhà riêng tạiĐường Thụy Phương, Phường Thụy Phương, Quận Bắc Từ Liêm, Hà Nội","7,45 tỷ","Đường Thụy Phương, Phường Thụy Phương, Quận Bắc Từ Liêm, Hà Nội",36 m²,3 PN,4 WC,6,Sổ đỏ / Sổ hồng,14/05/202500:00
"Bán  Nhà riêng tạiPhường Ngọc Lâm, Quận Long Biên, Hà Nội","9,80 tỷ","Phường Ngọc Lâm, Quận Long Biên, Hà Nội",48 m²,4 PN,4 WC,4,Sổ đỏ / Sổ hồng,13/05/202500:00
"Bán  Nhà riêng tạiPhường Nguyễn Trãi, Quận Hà Đông, Hà Nội",Thỏa thuận,"Phường Nguyễn Trãi, Quận Hà Đông, Hà Nội",45 m²,5 PN,3 WC,4,Sổ đỏ / Sổ hồng,14/05/202500:00
"Bán  Nhà riêng tạiPhường Lĩnh Nam, Quận Hoàng Mai, Hà Nội","6,50 tỷ","Phường Lĩnh Nam, Quận Hoàng Mai, Hà Nội",41 m²,3 PN,,4,Sổ đỏ / Sổ hồng,13/05/202500:00
"Bán  Nhà riêng tạiÂu Cơ, Phường Quảng An, Quận Tây Hồ, Hà Nội","21,50 tỷ","Âu Cơ, Phường Quảng An, Quận Tây Hồ, Hà Nội",98 m²,5 PN,,6,Sổ đỏ / Sổ hồng,13/05/202500:00
"Bán  Nhà riêng tạiĐường Xuân Đỉnh, Phường Xuân Đỉnh, Quận Bắc Từ Liêm, Hà Nội","8,20 tỷ","Đường Xuân Đỉnh, Phường Xuân Đỉnh, Quận Bắc Từ Liêm, Hà Nội",32 m²,3 PN,4 WC,6,Sổ đỏ / Sổ hồng,13/05/202500:00
"Bán  Nhà riêng tạiPhường Định Công, Quận Hoàng Mai, Hà Nội","7,80 tỷ","Phường Định Công, Quận Hoàng Mai, Hà Nội",47 m²,4 PN,4 WC,4,Sổ đỏ / Sổ hồng,13/05/202500:00
"Bán  Nhà riêng tạiPhường Tân Mai, Quận Hoàng Mai, Hà Nội","10,50 tỷ","Phường Tân Mai, Quận Hoàng Mai, Hà Nội",40 m²,,,5,Sổ đỏ / Sổ hồng,13/05/202500:00
"Bán  Nhà riêng tạiNghi Tàm, Phường Quảng An, Quận Tây Hồ, Hà Nội","6,90 tỷ","Nghi Tàm, Phường Quảng An, Quận Tây Hồ, Hà Nội",31 m²,4 PN,5 WC,6,,13/05/202500:00
"Bán  Nhà riêng tạiPhường Đại Kim, Quận Hoàng Mai, Hà Nội","6,80 tỷ","Phường Đại Kim, Quận Hoàng Mai, Hà Nội",35 m²,4 PN,3 WC,5,Sổ đỏ / Sổ hồng,13/05/202500:00
"Bán  Nhà riêng tạiTrương Định, Phường Giáp Bát, Quận Hoàng Mai, Hà Nội","6,60 tỷ","Trương Định, Phường Giáp Bát, Quận Hoàng Mai, Hà Nội",30 m²,4 PN,4 WC,5,Sổ đỏ / Sổ hồng,13/05/202500:00
"Bán  Nhà riêng tạiPhường Văn Quán, Quận Hà Đông, Hà Nội",Thỏa thuận,"Phường Văn Quán, Quận Hà Đông, Hà Nội",40 m²,6 PN,4 WC,5,Sổ đỏ / Sổ hồng,13/05/202500:00
"Bán  Nhà mặt phố tạiPhường Thạch Bàn, Quận Long Biên, Hà Nội","14,50 tỷ","Phường Thạch Bàn, Quận Long Biên, Hà Nội",70 m²,3 PN,3 WC,4,Sổ đỏ / Sổ hồng,12/05/202500:00
"Bán  Nhà riêng tạiTrương Định, Phường Tân Mai, Quận Hoàng Mai, Hà Nội","5,70 tỷ","Trương Định, Phường Tân Mai, Quận Hoàng Mai, Hà Nội",31 m²,3 PN,4 WC,5,Sổ đỏ / Sổ hồng,12/05/202500:00
"Bán  Nhà riêng tạiĐường 19/5, Phường Văn Quán, Quận Hà Đông, Hà Nội","7,65 tỷ","Đường 19/5, Phường Văn Quán, Quận Hà Đông, Hà Nội",35 m²,3 PN,3 WC,4,Sổ đỏ / Sổ hồng,13/05/202500:00
"Bán  Nhà riêng tạiHoàng Mai, Phường Hoàng Văn Thụ, Quận Hoàng Mai, Hà Nội","6,80 tỷ","Hoàng Mai, Phường Hoàng Văn Thụ, Quận Hoàng Mai, Hà Nội",30 m²,3 PN,4 WC,5,Sổ đỏ / Sổ hồng,12/05/202500:00
"Bán  Nhà riêng tạiPhường Ngọc Lâm, Quận Long Biên, Hà Nội","9,45 tỷ","Phường Ngọc Lâm, Quận Long Biên, Hà Nội",45 m²,4 PN,4 WC,5,Sổ đỏ / Sổ hồng,13/05/202500:00
"Bán  Nhà riêng tạiYên sở, Phường Yên Sở, Quận Hoàng Mai, Hà Nội","10,50 tỷ","Yên sở, Phường Yên Sở, Quận Hoàng Mai, Hà Nội",50 m²,4 PN,4 WC,5,Sổ đỏ / Sổ hồng,13/05/202500:00
"Bán  Nhà riêng tạiPhường Định Công, Quận Hoàng Mai, Hà Nội","6,50 tỷ","Phường Định Công, Quận Hoàng Mai, Hà Nội",52 m²,6 PN,6 WC,5,Sổ đỏ / Sổ hồng,12/05/202500:00
"Bán Nhà biệt thự, liền kề theo dự ánLouis City tại Phường Đại Mỗ, Quận Nam Từ Liêm, Hà Nội","46,50 tỷ","Phường Đại Mỗ, Quận Nam Từ Liêm, Hà Nội",109 m²,4 PN,3 WC,6,Sổ đỏ / Sổ hồng,12/05/202500:00
"Bán  Nhà biệt thự, liền kề tạiPhường Kiến Hưng, Quận Hà Đông, Hà Nội",14 tỷ,"Phường Kiến Hưng, Quận Hà Đông, Hà Nội",60 m²,6 PN,4 WC,5,Sổ đỏ / Sổ hồng,12/05/202500:00
"Bán  Nhà riêng tạiLê Quang Đạo, Phường Phú Đô, Quận Nam Từ Liêm, Hà Nội","7,47 tỷ","Lê Quang Đạo, Phường Phú Đô, Quận Nam Từ Liêm, Hà Nội",35 m²,3 PN,4 WC,5,Sổ đỏ / Sổ hồng,12/05/202500:00
"Bán  Nhà riêng tạiĐường Lĩnh Nam, Phường Lĩnh Nam, Quận Hoàng Mai, Hà Nội","8,90 tỷ","Đường Lĩnh Nam, Phường Lĩnh Nam, Quận Hoàng Mai, Hà Nội",45 m²,8 PN,8 WC,6,Sổ đỏ / Sổ hồng,12/05/202500:00
"Bán  Nhà biệt thự, liền kề tạiPhường Phú La, Quận Hà Đông, Hà Nội","16,70 tỷ","Phường Phú La, Quận Hà Đông, Hà Nội",50 m²,6 PN,,5,Sổ đỏ / Sổ hồng,12/05/202500:00
"Bán Nhà biệt thự, liền kề theo dự ánKhu đô thị Xuân Phương tại Phường Xuân Phương, Quận Nam Từ Liêm, Hà Nội",19 tỷ,"Phường Xuân Phương, Quận Nam Từ Liêm, Hà Nội",90 m²,3 PN,2 WC,3,Sổ đỏ / Sổ hồng,12/05/202500:00
"Bán  Nhà riêng tạiPhường Kiến Hưng, Quận Hà Đông, Hà Nội","12,60 tỷ","Phường Kiến Hưng, Quận Hà Đông, Hà Nội",50 m²,5 PN,4 WC,4,Sổ đỏ / Sổ hồng,12/05/202500:00
"Bán  Nhà riêng tạiPhường Bồ Đề, Quận Long Biên, Hà Nội",12 tỷ,"Phường Bồ Đề, Quận Long Biên, Hà Nội",50 m²,4 PN,4 WC,4,Sổ đỏ / Sổ hồng,12/05/202500:00
"Bán  Nhà riêng tạiPhường Định Công, Quận Hoàng Mai, Hà Nội","9,90 tỷ","Phường Định Công, Quận Hoàng Mai, Hà Nội",53 m²,,,5,Sổ đỏ / Sổ hồng,12/05/202500:00
"Bán  Nhà riêng tạiPhường Kiến Hưng, Quận Hà Đông, Hà Nội","5,95 tỷ","Phường Kiến Hưng, Quận Hà Đông, Hà Nội",31 m²,3 PN,4 WC,5,Sổ đỏ / Sổ hồng,12/05/202500:00
"Bán  Nhà riêng tạiPhường Hoàng Văn Thụ, Quận Hoàng Mai, Hà Nội",14 tỷ,"Phường Hoàng Văn Thụ, Quận Hoàng Mai, Hà Nội",45 m²,,,5,Sổ đỏ / Sổ hồng,12/05/202500:00
"Bán  Nhà riêng tạiĐường Kim Giang, Hoàng Liệt, Hoàng Mai, Hà Nội","6,15 tỷ","Đường Kim Giang, Hoàng Liệt, Hoàng Mai, Hà Nội",40 m²,,,,Sổ đỏ / Sổ hồng,10/05/202500:00
"Bán  Nhà riêng tạiPhố Thạch Bàn, Long Biên, Hà Nội","6,80 tỷ","Phố Thạch Bàn, Long Biên, Hà Nội",48 m²,4 PN,5 WC,5,Sổ đỏ / Sổ hồng,10/05/202500:00
"Bán  Nhà riêng tạiĐường Hồ Tùng Mậu, Phường Phú Diễn, Quận Bắc Từ Liêm, Hà Nội","12,60 tỷ","Đường Hồ Tùng Mậu, Phường Phú Diễn, Quận Bắc Từ Liêm, Hà Nội",43 m²,4 PN,3 WC,4,Sổ đỏ / Sổ hồng,10/05/202500:00
"Bán  Nhà riêng tạiĐường Lĩnh Nam, Phường Lĩnh Nam, Quận Hoàng Mai, Hà Nội","6,80 tỷ","Đường Lĩnh Nam, Phường Lĩnh Nam, Quận Hoàng Mai, Hà Nội",45 m²,7 PN,4 WC,5,Sổ đỏ / Sổ hồng,10/05/202500:00
"Bán  Nhà riêng tạiQuang Trung, Phường Quang Trung, Quận Hà Đông, Hà Nội","8,50 tỷ","Quang Trung, Phường Quang Trung, Quận Hà Đông, Hà Nội",51 m²,3 PN,2 WC,3,Sổ đỏ / Sổ hồng,10/05/202500:00
"Bán  Nhà riêng tạiPhường Dương Nội, Quận Hà Đông, Hà Nội","4,64 tỷ","Phường Dương Nội, Quận Hà Đông, Hà Nội",30 m²,3 PN,4 WC,5,Sổ đỏ / Sổ hồng,10/05/202500:00
"Bán  Nhà riêng tạiVõng Thị, Phường Bưởi, Quận Tây Hồ, Hà Nội","26,60 tỷ","Võng Thị, Phường Bưởi, Quận Tây Hồ, Hà Nội",80 m²,8 PN,8 WC,6,Sổ đỏ / Sổ hồng,10/05/202500:00
"Bán  Nhà riêng tạiĐường Nguyễn Chính, Thịnh Liệt, Hoàng Mai, Hà Nội","10,90 tỷ","Đường Nguyễn Chính, Thịnh Liệt, Hoàng Mai, Hà Nội",40 m²,3 PN,4 WC,5,Sổ đỏ / Sổ hồng,10/05/202500:00
"Bán  Nhà riêng tạiHoàng Mai, Phường Hoàng Văn Thụ, Quận Hoàng Mai, Hà Nội","5,50 tỷ","Hoàng Mai, Phường Hoàng Văn Thụ, Quận Hoàng Mai, Hà Nội",25 m²,3 PN,4 WC,5,Sổ đỏ / Sổ hồng,10/05/202500:00
"Bán  Nhà riêng tạiPhường Long Biên, Quận Long Biên, Hà Nội","7,60 tỷ","Phường Long Biên, Quận Long Biên, Hà Nội",40 m²,5 PN,4 WC,5,Sổ đỏ / Sổ hồng,10/05/202500:00
"Bán  Nhà riêng tạiPhường Vạn Phúc, Quận Hà Đông, Hà Nội","16,90 tỷ","Phường Vạn Phúc, Quận Hà Đông, Hà Nội",70 m²,4 PN,4 WC,5,Sổ đỏ / Sổ hồng,10/05/202500:00
"Bán  Nhà riêng tạiPhường Phúc Diễn, Quận Bắc Từ Liêm, Hà Nội","12,90 tỷ","Phường Phúc Diễn, Quận Bắc Từ Liêm, Hà Nội",66 m²,4 PN,3 WC,4,Sổ đỏ / Sổ hồng,10/05/202500:00
"Bán  Nhà riêng tạiPhường Xuân La, Quận Tây Hồ, Hà Nội","7,20 tỷ","Phường Xuân La, Quận Tây Hồ, Hà Nội",35 m²,,,,Sổ đỏ / Sổ hồng,10/05/202500:00
"Bán  Nhà riêng tạiGốc đề, Phường Hoàng Văn Thụ, Quận Hoàng Mai, Hà Nội","6,80 tỷ","Gốc đề, Phường Hoàng Văn Thụ, Quận Hoàng Mai, Hà Nội",42 m²,5 PN,4 WC,5,Sổ đỏ / Sổ hồng,10/05/202500:00
"Bán  Nhà riêng tạiPhường Tương Mai, Quận Hoàng Mai, Hà Nội","3,35 tỷ","Phường Tương Mai, Quận Hoàng Mai, Hà Nội",34 m²,2 PN,3 WC,4,Sổ đỏ / Sổ hồng,09/05/202500:00
"Bán  Nhà riêng tạiPhường Quang Trung, Quận Hà Đông, Hà Nội","5,45 tỷ","Phường Quang Trung, Quận Hà Đông, Hà Nội",34 m²,2 PN,1 WC,2,Sổ đỏ / Sổ hồng,10/05/202500:00
"Bán Nhà biệt thự, liền kề theo dự ánGamuda Gardens tại Khu Biệt Thự Gamuda Gardens, Phường Yên Sở, Quận Hoàng Mai, Hà Nội",33 tỷ,"Khu Biệt Thự Gamuda Gardens, Phường Yên Sở, Quận Hoàng Mai, Hà Nội",90 m²,4 PN,5 WC,4,Sổ đỏ / Sổ hồng,10/05/202500:00
"Bán  Nhà riêng tạiPhường Phúc Lợi, Quận Long Biên, Hà Nội","4,86 tỷ","Phường Phúc Lợi, Quận Long Biên, Hà Nội",30 m²,3 PN,3 WC,4,Sổ đỏ / Sổ hồng,09/05/202500:00
"Bán  Nhà mặt phố tạiPhường Kiến Hưng, Quận Hà Đông, Hà Nội","15,20 tỷ","Phường Kiến Hưng, Quận Hà Đông, Hà Nội",50 m²,4 PN,6 WC,7,Sổ đỏ / Sổ hồng,10/05/202500:00
"Bán  Nhà riêng tạiPhường Mộ Lao, Quận Hà Đông, Hà Nội","18,60 tỷ","Phường Mộ Lao, Quận Hà Đông, Hà Nội",50 m²,,,5,Sổ đỏ / Sổ hồng,10/05/202500:00
"Bán  Nhà riêng tạiTrương Định, Phường Tương Mai, Quận Hoàng Mai, Hà Nội","8,50 tỷ","Trương Định, Phường Tương Mai, Quận Hoàng Mai, Hà Nội",52 m²,3 PN,4 WC,5,Sổ đỏ / Sổ hồng,09/05/202500:00
"Bán Nhà riêng theo dự ánKhu đô thị mới Văn Quán tại Kđt Văn Quán, Phường Văn Quán, Quận Hà Đông, Hà Nội","28,50 tỷ","Kđt Văn Quán, Phường Văn Quán, Quận Hà Đông, Hà Nội",112 m²,4 PN,5 WC,4,Sổ đỏ / Sổ hồng,10/05/202500:00
"Bán  Nhà biệt thự, liền kề tạiPhường Phú Thượng, Quận Tây Hồ, Hà Nội",129 tỷ,"Phường Phú Thượng, Quận Tây Hồ, Hà Nội",232 m²,6 PN,6 WC,6,Sổ đỏ / Sổ hồng,10/05/202500:00
"Bán  Nhà riêng tạiLàng Phú Mỹ, Phường Mỹ Đình 2, Quận Nam Từ Liêm, Hà Nội","9,20 tỷ","Làng Phú Mỹ, Phường Mỹ Đình 2, Quận Nam Từ Liêm, Hà Nội",47 m²,4 PN,,4,Sổ đỏ / Sổ hồng,09/05/202500:00
"Bán  Nhà riêng tạiPhường Trần Phú, Quận Hoàng Mai, Hà Nội","10,80 tỷ","Phường Trần Phú, Quận Hoàng Mai, Hà Nội",45 m²,4 PN,5 WC,6,Sổ đỏ / Sổ hồng,09/05/202500:00
"Bán  Nhà riêng tạiPhường Vạn Phúc, Quận Hà Đông, Hà Nội","6,50 tỷ","Phường Vạn Phúc, Quận Hà Đông, Hà Nội",33 m²,3 PN,4 WC,5,Sổ đỏ / Sổ hồng,09/05/202500:00
"Bán  Nhà riêng tạiPhường Bồ Đề, Quận Long Biên, Hà Nội","10,10 tỷ","Phường Bồ Đề, Quận Long Biên, Hà Nội",48 m²,4 PN,4 WC,4,Sổ đỏ / Sổ hồng,09/05/202500:00
"Bán  Nhà riêng tạiPhường Bồ Đề, Quận Long Biên, Hà Nội","10,50 tỷ","Phường Bồ Đề, Quận Long Biên, Hà Nội",50 m²,4 PN,4 WC,5,Sổ đỏ / Sổ hồng,09/05/202500:00
"Bán  Nhà riêng tạiPhường Phúc Lợi, Quận Long Biên, Hà Nội","4,50 tỷ","Phường Phúc Lợi, Quận Long Biên, Hà Nội",30 m²,,5 WC,5,Sổ đỏ / Sổ hồng,09/05/202500:00
"Bán  Nhà riêng tạiPhường Cổ Nhuế 1, Quận Bắc Từ Liêm, Hà Nội","8,65 tỷ","Phường Cổ Nhuế 1, Quận Bắc Từ Liêm, Hà Nội",36 m²,3 PN,4 WC,6,Sổ đỏ / Sổ hồng,09/05/202500:00
"Bán  Nhà riêng tạiTô Hiệu, Phường Hà Cầu, Quận Hà Đông, Hà Nội","8,80 tỷ","Tô Hiệu, Phường Hà Cầu, Quận Hà Đông, Hà Nội",43 m²,4 PN,3 WC,4,Sổ đỏ / Sổ hồng,08/05/202500:00
"Bán  Nhà riêng tạiNguyễn Văn Cừ, Phường Ngọc Lâm, Quận Long Biên, Hà Nội","13,90 tỷ","Nguyễn Văn Cừ, Phường Ngọc Lâm, Quận Long Biên, Hà Nội",40 m²,,,7,Sổ đỏ / Sổ hồng,08/05/202500:00
"Bán Nhà riêng theo dự ánNam Đô Complex 609 Trương Định tại Chung Cư Nam Đô Complex, Phường Tương Mai, Quận Hoàng Mai, Hà Nội","5,66 tỷ","Chung Cư Nam Đô Complex, Phường Tương Mai, Quận Hoàng Mai, Hà Nội",40 m²,3 PN,3 WC,4,Sổ đỏ / Sổ hồng,08/05/202500:00
"Bán  Nhà riêng tạiPhường Quảng An, Quận Tây Hồ, Hà Nội","26,70 tỷ","Phường Quảng An, Quận Tây Hồ, Hà Nội",80 m²,4 PN,4 WC,4,Sổ đỏ / Sổ hồng,08/05/202500:00
"Bán Nhà riêng theo dự ánHà Nội Melody Residences tại HaNoi Melody Residences, Phường Tân Mai, Quận Hoàng Mai, Hà Nội",8050 tỷ,"HaNoi Melody Residences, Phường Tân Mai, Quận Hoàng Mai, Hà Nội",45 m²,3 PN,4 WC,5,Sổ đỏ / Sổ hồng,08/05/202500:00
"Bán  Nhà riêng tạiPhường Yên Sở, Quận Hoàng Mai, Hà Nội",9400 tỷ,"Phường Yên Sở, Quận Hoàng Mai, Hà Nội",74 m²,3 PN,3 WC,3,Sổ đỏ / Sổ hồng,08/05/202500:00
"Bán  Nhà riêng tạiĐường Xuân Đỉnh, Phường Xuân Đỉnh, Quận Bắc Từ Liêm, Hà Nội",11 tỷ,"Đường Xuân Đỉnh, Phường Xuân Đỉnh, Quận Bắc Từ Liêm, Hà Nội",41 m²,6 PN,4 WC,6,Sổ đỏ / Sổ hồng,09/05/202500:00
"Bán  Nhà mặt phố tạiPhường Hoàng Liệt, Quận Hoàng Mai, Hà Nội","12,70 tỷ","Phường Hoàng Liệt, Quận Hoàng Mai, Hà Nội",58 m²,3 PN,3 WC,3,Sổ đỏ / Sổ hồng,08/05/202500:00
"Bán  Nhà riêng tạiNgô Gia Tự, Phường Đức Giang, Quận Long Biên, Hà Nội","9,80 tỷ","Ngô Gia Tự, Phường Đức Giang, Quận Long Biên, Hà Nội",48 m²,6 PN,5 WC,6,Sổ đỏ / Sổ hồng,07/05/202500:00
"Bán  Nhà riêng tạiThanh Bình, Phường Mộ Lao, Quận Hà Đông, Hà Nội","8,20 tỷ","Thanh Bình, Phường Mộ Lao, Quận Hà Đông, Hà Nội",42 m²,4 PN,3 WC,4,Sổ đỏ / Sổ hồng,08/05/202500:00
"Bán  Nhà riêng tạiPhường Kiến Hưng, Quận Hà Đông, Hà Nội",8 tỷ,"Phường Kiến Hưng, Quận Hà Đông, Hà Nội",40 m²,3 PN,4 WC,5,Sổ đỏ / Sổ hồng,08/05/202500:00
"Bán  Nhà riêng tạiPhường Hoàng Văn Thụ, Quận Hoàng Mai, Hà Nội","11,50 tỷ","Phường Hoàng Văn Thụ, Quận Hoàng Mai, Hà Nội",50 m²,4 PN,4 WC,7,Sổ đỏ / Sổ hồng,08/05/202500:00
"Bán  Nhà riêng tạiPhường Hoàng Văn Thụ, Quận Hoàng Mai, Hà Nội","5,66 tỷ","Phường Hoàng Văn Thụ, Quận Hoàng Mai, Hà Nội",39 m²,2 PN,3 WC,3,Sổ đỏ / Sổ hồng,08/05/202500:00
"Bán  Nhà riêng tạiGiáp Nhị, Phường Thịnh Liệt, Quận Hoàng Mai, Hà Nội","7,80 tỷ","Giáp Nhị, Phường Thịnh Liệt, Quận Hoàng Mai, Hà Nội",40 m²,3 PN,,5,Sổ đỏ / Sổ hồng,07/05/202500:00
"Bán  Nhà riêng tạiPhường Thanh Trì, Quận Hoàng Mai, Hà Nội","6,45 tỷ","Phường Thanh Trì, Quận Hoàng Mai, Hà Nội",40 m²,4 PN,5 WC,4,Sổ đỏ / Sổ hồng,08/05/202500:00
"Bán  Nhà riêng tạiPhường Đại Mỗ, Quận Nam Từ Liêm, Hà Nội",Thỏa thuận,"Phường Đại Mỗ, Quận Nam Từ Liêm, Hà Nội",35 m²,3 PN,2 WC,5,Sổ đỏ / Sổ hồng,08/05/202500:00
"Bán  Nhà riêng tạiPhường Phú La, Quận Hà Đông, Hà Nội","4,30 tỷ","Phường Phú La, Quận Hà Đông, Hà Nội",40 m²,4 PN,,5,Sổ đỏ / Sổ hồng,08/05/202500:00
"Bán  Nhà riêng tạiQuảng An, Phường Tứ Liên, Quận Tây Hồ, Hà Nội","9,20 tỷ","Quảng An, Phường Tứ Liên, Quận Tây Hồ, Hà Nội",33 m²,4 PN,,5,Sổ đỏ / Sổ hồng,08/05/202500:00
"Bán  Nhà mặt phố tạiNgọc Thụy, Phường Ngọc Thụy, Quận Long Biên, Hà Nội",75 tỷ,"Ngọc Thụy, Phường Ngọc Thụy, Quận Long Biên, Hà Nội",65 m²,4 PN,4 WC,5,Sổ đỏ / Sổ hồng,07/05/202500:00
"Bán  Nhà riêng tạiPhường Tân Mai, Quận Hoàng Mai, Hà Nội","6,95 tỷ","Phường Tân Mai, Quận Hoàng Mai, Hà Nội",30 m²,3 PN,4 WC,5,Sổ đỏ / Sổ hồng,06/05/202500:00
"Bán  Nhà riêng tạiPhường Phú La, Quận Hà Đông, Hà Nội","10,50 tỷ","Phường Phú La, Quận Hà Đông, Hà Nội",35 m²,3 PN,4 WC,6,Sổ đỏ / Sổ hồng,07/05/202500:00
"Bán  Nhà riêng tạiNguyễn Viết Xuân, Phường Quang Trung, Quận Hà Đông, Hà Nội",Thỏa thuận,"Nguyễn Viết Xuân, Phường Quang Trung, Quận Hà Đông, Hà Nội",30 m²,3 PN,4 WC,5,Sổ đỏ / Sổ hồng,06/05/202500:00
"Bán  Nhà riêng tạiNguyễn Đức Cảnh, Phường Lĩnh Nam, Quận Hoàng Mai, Hà Nội","5,80 tỷ","Nguyễn Đức Cảnh, Phường Lĩnh Nam, Quận Hoàng Mai, Hà Nội",30 m²,3 PN,3 WC,5,Sổ đỏ / Sổ hồng,06/05/202500:00
"Bán  Nhà riêng tạiYên sở, Phường Yên Sở, Quận Hoàng Mai, Hà Nội",6 tỷ,"Yên sở, Phường Yên Sở, Quận Hoàng Mai, Hà Nội",35 m²,3 PN,4 WC,5,Sổ đỏ / Sổ hồng,07/05/202500:00
"Bán  Nhà riêng tạiPhường Tân Mai, Quận Hoàng Mai, Hà Nội","5,75 tỷ","Phường Tân Mai, Quận Hoàng Mai, Hà Nội",30 m²,3 PN,4 WC,5,Sổ đỏ / Sổ hồng,06/05/202500:00
"Bán  Nhà riêng tạiLê Trọng Tấn, Phường Dương Nội, Quận Hà Đông, Hà Nội","5,78 tỷ","Lê Trọng Tấn, Phường Dương Nội, Quận Hà Đông, Hà Nội",32 m²,3 PN,4 WC,5,Sổ đỏ / Sổ hồng,07/05/202500:00
"Bán  Nhà mặt phố tạiPhường Tân Mai, Quận Hoàng Mai, Hà Nội","14,20 tỷ","Phường Tân Mai, Quận Hoàng Mai, Hà Nội",46 m²,5 PN,,5,Sổ đỏ / Sổ hồng,07/05/202500:00
"Bán  Nhà riêng tạiPhường Hoàng Văn Thụ, Quận Hoàng Mai, Hà Nội","7,35 tỷ","Phường Hoàng Văn Thụ, Quận Hoàng Mai, Hà Nội",38 m²,4 PN,3 WC,4,Sổ đỏ / Sổ hồng,06/05/202500:00
"Bán  Nhà riêng tạiPhường Giáp Bát, Quận Hoàng Mai, Hà Nội","6,45 tỷ","Phường Giáp Bát, Quận Hoàng Mai, Hà Nội",34 m²,4 PN,4 WC,5,Sổ đỏ / Sổ hồng,06/05/202500:00
"Bán  Nhà riêng tạiĐường Thượng Cát, Phường Thượng Cát, Quận Bắc Từ Liêm, Hà Nội","4,25 tỷ","Đường Thượng Cát, Phường Thượng Cát, Quận Bắc Từ Liêm, Hà Nội",54 m²,,,,,06/05/202500:00
"Bán  Nhà riêng tạiTây Mỗ, Phường Đại Mỗ, Quận Nam Từ Liêm, Hà Nội","11,50 tỷ","Tây Mỗ, Phường Đại Mỗ, Quận Nam Từ Liêm, Hà Nội",50 m²,5 PN,,5,Sổ đỏ / Sổ hồng,06/05/202500:00
"Bán  Nhà riêng tạiPhường Phương Canh, Quận Nam Từ Liêm, Hà Nội","12,50 tỷ","Phường Phương Canh, Quận Nam Từ Liêm, Hà Nội",48 m²,12 PN,12 WC,7,Sổ đỏ / Sổ hồng,06/05/202500:00
"Bán  Nhà riêng tạiĐường Liên Mạc, Phường Liên Mạc, Quận Bắc Từ Liêm, Hà Nội","6,30 tỷ","Đường Liên Mạc, Phường Liên Mạc, Quận Bắc Từ Liêm, Hà Nội",35 m²,3 PN,3 WC,4,Sổ đỏ / Sổ hồng,06/05/202500:00
"Bán  Nhà riêng tạiPhường Tân Mai, Quận Hoàng Mai, Hà Nội","5,75 tỷ","Phường Tân Mai, Quận Hoàng Mai, Hà Nội",30 m²,2 PN,3 WC,4,Sổ đỏ / Sổ hồng,06/05/202500:00
"Bán  Nhà riêng tạiPhường Ngọc Thụy, Quận Long Biên, Hà Nội","8,15 tỷ","Phường Ngọc Thụy, Quận Long Biên, Hà Nội",41 m²,4 PN,4 WC,5,Sổ đỏ / Sổ hồng,05/05/202500:00
"Bán  Nhà riêng tạiMễ Trì, Phường Mễ Trì, Quận Nam Từ Liêm, Hà Nội","10,70 tỷ","Mễ Trì, Phường Mễ Trì, Quận Nam Từ Liêm, Hà Nội",43 m²,3 PN,4 WC,5,Sổ đỏ / Sổ hồng,05/05/202500:00
"Bán  Nhà riêng tạiPhường Bồ Đề, Quận Long Biên, Hà Nội","7,80 tỷ","Phường Bồ Đề, Quận Long Biên, Hà Nội",37 m²,3 PN,3 WC,4,Sổ đỏ / Sổ hồng,05/05/202500:00
"Bán  Nhà riêng tạiPhường Định Công, Quận Hoàng Mai, Hà Nội","4,10 tỷ","Phường Định Công, Quận Hoàng Mai, Hà Nội",29 m²,4 PN,3 WC,4,Sổ đỏ / Sổ hồng,05/05/202500:00
"Bán  Nhà riêng tạiĐường Kim Giang, Phường Định Công, Quận Hoàng Mai, Hà Nội","14,50 tỷ","Đường Kim Giang, Phường Định Công, Quận Hoàng Mai, Hà Nội","52,8 m²",6 PN,4 WC,6,Sổ đỏ / Sổ hồng,05/05/202500:00
"Bán  Nhà riêng tạiPhường Giáp Bát, Quận Hoàng Mai, Hà Nội","24,80 tỷ","Phường Giáp Bát, Quận Hoàng Mai, Hà Nội",90 m²,,,5,Sổ đỏ / Sổ hồng,05/05/202500:00
"Bán  Nhà riêng tạiPhường Minh Khai, Quận Bắc Từ Liêm, Hà Nội","5,50 tỷ","Phường Minh Khai, Quận Bắc Từ Liêm, Hà Nội",32 m²,3 PN,,4,Sổ đỏ / Sổ hồng,05/05/202500:00
"Bán  Nhà riêng tạiHoàng Mai, Phường Hoàng Văn Thụ, Quận Hoàng Mai, Hà Nội",8 tỷ,"Hoàng Mai, Phường Hoàng Văn Thụ, Quận Hoàng Mai, Hà Nội",40 m²,3 PN,4 WC,5,Sổ đỏ / Sổ hồng,05/05/202500:00
"Bán  Nhà riêng tạiPhường Ngọc Lâm, Quận Long Biên, Hà Nội","6,40 tỷ","Phường Ngọc Lâm, Quận Long Biên, Hà Nội",37 m²,3 PN,3 WC,4,Sổ đỏ / Sổ hồng,03/05/202500:00
"Bán  Nhà riêng tạiPhường Ngọc Thụy, Quận Long Biên, Hà Nội","7,45 tỷ","Phường Ngọc Thụy, Quận Long Biên, Hà Nội",40 m²,3 PN,4 WC,5,Sổ đỏ / Sổ hồng,05/05/202500:00
"Bán  Nhà riêng tạiGiáp Bát, Phường Giáp Bát, Quận Hoàng Mai, Hà Nội","6,50 tỷ","Giáp Bát, Phường Giáp Bát, Quận Hoàng Mai, Hà Nội",36 m²,4 PN,4 WC,5,Sổ đỏ / Sổ hồng,05/05/202500:00
"Bán  Nhà riêng tạiPhường Xuân La, Quận Tây Hồ, Hà Nội",11 tỷ,"Phường Xuân La, Quận Tây Hồ, Hà Nội",38 m²,,,5,Sổ đỏ / Sổ hồng,05/05/202500:00
"Bán  Nhà riêng tạiPhường Cự Khối, Quận Long Biên, Hà Nội",7900 tỷ,"Phường Cự Khối, Quận Long Biên, Hà Nội",50 m²,3 PN,4 WC,5,Sổ đỏ / Sổ hồng,05/05/202500:00
"Bán  Nhà riêng tạiPhường Tân Mai, Quận Hoàng Mai, Hà Nội","6,50 tỷ","Phường Tân Mai, Quận Hoàng Mai, Hà Nội",32 m²,3 PN,4 WC,5,Sổ đỏ / Sổ hồng,05/05/202500:00
"Bán  Nhà riêng tạiĐường Đức Diễn, Phường Phúc Diễn, Quận Bắc Từ Liêm, Hà Nội","8,90 tỷ","Đường Đức Diễn, Phường Phúc Diễn, Quận Bắc Từ Liêm, Hà Nội",45 m²,9 PN,9 WC,6,Sổ đỏ / Sổ hồng,05/05/202500:00
"Bán  Nhà riêng tạiPhường Phú Diễn, Quận Bắc Từ Liêm, Hà Nội","7,60 tỷ","Phường Phú Diễn, Quận Bắc Từ Liêm, Hà Nội",42 m²,7 PN,4 WC,5,Sổ đỏ / Sổ hồng,05/05/202500:00
"Bán  Nhà riêng tạiPhường Phú Diễn, Quận Bắc Từ Liêm, Hà Nội","7,90 tỷ","Phường Phú Diễn, Quận Bắc Từ Liêm, Hà Nội",40 m²,7 PN,4 WC,5,Sổ đỏ / Sổ hồng,03/05/202500:00
"Bán  Nhà riêng tạiPhường Ngọc Thụy, Quận Long Biên, Hà Nội","7,85 tỷ","Phường Ngọc Thụy, Quận Long Biên, Hà Nội",39 m²,3 PN,3 WC,4,Sổ đỏ / Sổ hồng,03/05/202500:00
"Bán  Nhà riêng tạiPhúc Diễn Phúc Diễn, Phường Phúc Diễn, Quận Bắc Từ Liêm, Hà Nội","6,35 tỷ","Phúc Diễn Phúc Diễn, Phường Phúc Diễn, Quận Bắc Từ Liêm, Hà Nội",42 m²,,,5,Sổ đỏ / Sổ hồng,03/05/202500:00
"Bán  Nhà riêng tạiHoàng Mai, Phường Hoàng Liệt, Quận Hoàng Mai, Hà Nội","8,50 tỷ","Hoàng Mai, Phường Hoàng Liệt, Quận Hoàng Mai, Hà Nội",36 m²,4 PN,4 WC,4,Sổ đỏ / Sổ hồng,03/05/202500:00
"Bán  Nhà riêng tạiVạn Phúc, Phường Vạn Phúc, Quận Hà Đông, Hà Nội","16,96 tỷ","Vạn Phúc, Phường Vạn Phúc, Quận Hà Đông, Hà Nội",60 m²,5 PN,4 WC,5,Sổ đỏ / Sổ hồng,03/05/202500:00
"Bán  Nhà riêng tạiPhường Ngọc Lâm, Quận Long Biên, Hà Nội","8,65 tỷ","Phường Ngọc Lâm, Quận Long Biên, Hà Nội",35 m²,5 PN,5 WC,6,Sổ đỏ / Sổ hồng,03/05/202500:00
"Bán  Nhà riêng tạiPhường Ngọc Thụy, Quận Long Biên, Hà Nội","7,30 tỷ","Phường Ngọc Thụy, Quận Long Biên, Hà Nội",49 m²,3 PN,3 WC,4,Sổ đỏ / Sổ hồng,03/05/202500:00
"Bán  Nhà riêng tạiPhường Ngọc Lâm, Quận Long Biên, Hà Nội","9,45 tỷ","Phường Ngọc Lâm, Quận Long Biên, Hà Nội",45 m²,4 PN,4 WC,5,,03/05/202500:00
"Bán  Nhà riêng tạiPhường Mai Động, Quận Hoàng Mai, Hà Nội","17,90 tỷ","Phường Mai Động, Quận Hoàng Mai, Hà Nội",61 m²,,,6,Sổ đỏ / Sổ hồng,03/05/202500:00
"Bán  Nhà riêng tạiNguyễn Văn Cừ, Phường Ngọc Lâm, Quận Long Biên, Hà Nội","13,55 tỷ","Nguyễn Văn Cừ, Phường Ngọc Lâm, Quận Long Biên, Hà Nội",50 m²,3 PN,3 WC,7,Sổ đỏ / Sổ hồng,03/05/202500:00
"Bán  Nhà riêng tạiPhường Mỹ Đình 2, Quận Nam Từ Liêm, Hà Nội","7,50 tỷ","Phường Mỹ Đình 2, Quận Nam Từ Liêm, Hà Nội",30 m²,,,6,Sổ đỏ / Sổ hồng,03/05/202500:00
"Bán  Nhà riêng tạiMễ Trì, Phường Mễ Trì, Quận Nam Từ Liêm, Hà Nội","11,50 tỷ","Mễ Trì, Phường Mễ Trì, Quận Nam Từ Liêm, Hà Nội",63 m²,10 PN,10 WC,6,,03/05/202500:00
"Bán  Nhà riêng tạiNghi Tàm, Phường Yên Phụ, Quận Tây Hồ, Hà Nội","7,85 tỷ","Nghi Tàm, Phường Yên Phụ, Quận Tây Hồ, Hà Nội",38 m²,2 PN,,3,Sổ đỏ / Sổ hồng,03/05/202500:00
"Bán  Nhà riêng tạiVạn Phúc, Phường Vạn Phúc, Quận Hà Đông, Hà Nội","7,50 tỷ","Vạn Phúc, Phường Vạn Phúc, Quận Hà Đông, Hà Nội",40 m²,3 PN,4 WC,5,Sổ đỏ / Sổ hồng,03/05/202500:00
"Bán  Nhà riêng tạiLạc Long Quân, Phường Bưởi, Quận Tây Hồ, Hà Nội","7,65 tỷ","Lạc Long Quân, Phường Bưởi, Quận Tây Hồ, Hà Nội",30 m²,3 PN,5 WC,6,Sổ đỏ / Sổ hồng,03/05/202500:00
"Bán  Nhà riêng tạiYên Nghĩa, Phường Yên Nghĩa, Quận Hà Đông, Hà Nội","3,90 tỷ","Yên Nghĩa, Phường Yên Nghĩa, Quận Hà Đông, Hà Nội",33 m²,4 PN,3 WC,5,Sổ đỏ / Sổ hồng,03/05/202500:00
"Bán  Nhà riêng tạiPhường Cổ Nhuế 2, Quận Bắc Từ Liêm, Hà Nội",12 tỷ,"Phường Cổ Nhuế 2, Quận Bắc Từ Liêm, Hà Nội",53 m²,6 PN,,6,,03/05/202500:00
"Bán  Nhà riêng tạiPhường Hoàng Liệt, Quận Hoàng Mai, Hà Nội","10,20 tỷ","Phường Hoàng Liệt, Quận Hoàng Mai, Hà Nội",38 m²,4 PN,2 WC,5,Sổ đỏ / Sổ hồng,03/05/202500:00
"Bán  Nhà riêng tạiPhường Ngọc Lâm, Quận Long Biên, Hà Nội","11,30 tỷ","Phường Ngọc Lâm, Quận Long Biên, Hà Nội",50 m²,4 PN,4 WC,5,Sổ đỏ / Sổ hồng,03/05/202500:00
"Bán  Nhà riêng tạiPhường Hoàng Văn Thụ, Quận Hoàng Mai, Hà Nội","6,50 tỷ","Phường Hoàng Văn Thụ, Quận Hoàng Mai, Hà Nội",34 m²,3 PN,3 WC,5,Sổ đỏ / Sổ hồng,03/05/202500:00
"Bán  Nhà riêng tạiPhường Ngọc Thụy, Quận Long Biên, Hà Nội","10,40 tỷ","Phường Ngọc Thụy, Quận Long Biên, Hà Nội",62 m²,4 PN,4 WC,4,Sổ đỏ / Sổ hồng,03/05/202500:00
"Bán  Nhà riêng tạiPhường Kiến Hưng, Quận Hà Đông, Hà Nội",12 tỷ,"Phường Kiến Hưng, Quận Hà Đông, Hà Nội",50 m²,,,,Sổ đỏ / Sổ hồng,03/05/202500:00
"Bán  Nhà riêng tạiPhường Cự Khối, Quận Long Biên, Hà Nội","7,20 tỷ","Phường Cự Khối, Quận Long Biên, Hà Nội",30 m²,3 PN,3 WC,6,Sổ đỏ / Sổ hồng,03/05/202500:00
"Bán  Nhà riêng tạiPhố Thanh Lân, Phường Thanh Trì, Quận Hoàng Mai, Hà Nội","5,60 tỷ","Phố Thanh Lân, Phường Thanh Trì, Quận Hoàng Mai, Hà Nội",32 m²,3 PN,4 WC,5,Sổ đỏ / Sổ hồng,03/05/202500:00
"Bán  Nhà biệt thự, liền kề tạiLê Trọng Tấn, Phường Dương Nội, Quận Hà Đông, Hà Nội","17,30 tỷ","Lê Trọng Tấn, Phường Dương Nội, Quận Hà Đông, Hà Nội",61 m²,4 PN,2 WC,4,Sổ đỏ / Sổ hồng,03/05/202500:00
"Bán  Nhà biệt thự, liền kề tạiPhường Bồ Đề, Quận Long Biên, Hà Nội",19 tỷ,"Phường Bồ Đề, Quận Long Biên, Hà Nội",60 m²,,,7,,03/05/202500:00
"Bán  Nhà biệt thự, liền kề tạiPhường Cầu Diễn, Quận Nam Từ Liêm, Hà Nội",110 tỷ,"Phường Cầu Diễn, Quận Nam Từ Liêm, Hà Nội",300 m²,5 PN,4 WC,4,Sổ đỏ / Sổ hồng,03/05/202500:00
"Bán  Nhà riêng tạiPhường Tương Mai, Quận Hoàng Mai, Hà Nội","3,80 tỷ","Phường Tương Mai, Quận Hoàng Mai, Hà Nội",27 m²,2 PN,2 WC,4,Sổ đỏ / Sổ hồng,02/05/202500:00
"Bán  Nhà biệt thự, liền kề tạiPhường Ngọc Lâm, Quận Long Biên, Hà Nội","2,76 tỷ","Phường Ngọc Lâm, Quận Long Biên, Hà Nội",35 m²,3 PN,4 WC,5,Sổ đỏ / Sổ hồng,03/05/202500:00
"Bán  Nhà riêng tạiPhường Thượng Cát, Quận Bắc Từ Liêm, Hà Nội","5,40 tỷ","Phường Thượng Cát, Quận Bắc Từ Liêm, Hà Nội","38,6 m²",3 PN,4 WC,5,Sổ đỏ / Sổ hồng,02/05/202500:00
"Bán  Nhà biệt thự, liền kề tạiLạc Long Quân, Phường Xuân La, Quận Tây Hồ, Hà Nội","29,86 tỷ","Lạc Long Quân, Phường Xuân La, Quận Tây Hồ, Hà Nội",110 m²,6 PN,5 WC,5,Sổ đỏ / Sổ hồng,02/05/202500:00
"Bán  Nhà riêng tạiPhường Ngọc Thụy, Quận Long Biên, Hà Nội","7,95 tỷ","Phường Ngọc Thụy, Quận Long Biên, Hà Nội",60 m²,4 PN,4 WC,4,Sổ đỏ / Sổ hồng,02/05/202500:00
"Bán  Nhà riêng tạiVõng Thị, Phường Bưởi, Quận Tây Hồ, Hà Nội","14,35 tỷ","Võng Thị, Phường Bưởi, Quận Tây Hồ, Hà Nội",50 m²,5 PN,6 WC,7,Sổ đỏ / Sổ hồng,02/05/202500:00
"Bán  Nhà riêng tạiLê Trọng Tấn, Phường Dương Nội, Quận Hà Đông, Hà Nội","5,50 tỷ","Lê Trọng Tấn, Phường Dương Nội, Quận Hà Đông, Hà Nội",40 m²,6 PN,4 WC,5,Sổ đỏ / Sổ hồng,02/05/202500:00
"Bán  Nhà riêng tạiBerriver Long Biên, Phường Long Biên, Quận Long Biên, Hà Nội",7500 tỷ,"Berriver Long Biên, Phường Long Biên, Quận Long Biên, Hà Nội",39 m²,3 PN,3 WC,4,Sổ đỏ / Sổ hồng,02/05/202500:00
"Bán  Nhà riêng tạiNguyễn Văn Cừ, Phường Ngọc Lâm, Quận Long Biên, Hà Nội","12,75 tỷ","Nguyễn Văn Cừ, Phường Ngọc Lâm, Quận Long Biên, Hà Nội",46 m²,3 PN,6 WC,7,Sổ đỏ / Sổ hồng,02/05/202500:00
"Bán  Nhà riêng tạiPhường Vĩnh Hưng, Quận Hoàng Mai, Hà Nội","5,40 tỷ","Phường Vĩnh Hưng, Quận Hoàng Mai, Hà Nội",32 m²,4 PN,3 WC,4,,02/05/202500:00
"Bán  Nhà riêng tạiPhường Quang Trung, Quận Hà Đông, Hà Nội","9,70 tỷ","Phường Quang Trung, Quận Hà Đông, Hà Nội",41 m²,3 PN,4 WC,5,Sổ đỏ / Sổ hồng,02/05/202500:00
"Bán  Nhà riêng tạiPhường Vĩnh Hưng, Quận Hoàng Mai, Hà Nội","5,46 tỷ","Phường Vĩnh Hưng, Quận Hoàng Mai, Hà Nội",34 m²,6 PN,4 WC,5,,02/05/202500:00
"Bán  Nhà riêng tạiLê Trọng Tấn, Phường Dương Nội, Quận Hà Đông, Hà Nội","6,95 tỷ","Lê Trọng Tấn, Phường Dương Nội, Quận Hà Đông, Hà Nội",45 m²,6 PN,4 WC,5,Sổ đỏ / Sổ hồng,02/05/202500:00
"Bán  Nhà riêng tạiHoàng Văn Thụ, Phường Hoàng Văn Thụ, Quận Hoàng Mai, Hà Nội","7,60 tỷ","Hoàng Văn Thụ, Phường Hoàng Văn Thụ, Quận Hoàng Mai, Hà Nội",36 m²,3 PN,4 WC,5,Sổ đỏ / Sổ hồng,02/05/202500:00
"Bán  Nhà riêng tạiMễ Trì Hạ Mễ Trì, Nam Từ Liêm, Hà Nội","8,10 tỷ","Mễ Trì Hạ Mễ Trì, Nam Từ Liêm, Hà Nội",55 m²,,,5,,29/04/202500:00
"Bán  Nhà riêng tạiĐường Lê Hồng Phong, Hà Cầu, Hà Đông, Hà Nội","7,15 tỷ","Đường Lê Hồng Phong, Hà Cầu, Hà Đông, Hà Nội",50 m²,4 PN,3 WC,4,Sổ đỏ / Sổ hồng,02/05/202500:00
"Bán  Nhà riêng tạiPhường Xuân La, Quận Tây Hồ, Hà Nội","7,50 tỷ","Phường Xuân La, Quận Tây Hồ, Hà Nội",32 m²,3 PN,4 WC,5,Sổ đỏ / Sổ hồng,29/04/202500:00
"Bán  Nhà riêng tạiPhú Diễn, Bắc Từ Liêm, Hà Nội","4,20 tỷ","Phú Diễn, Bắc Từ Liêm, Hà Nội",48 m²,,,4,,29/04/202500:00
"Bán  Nhà riêng tạiPhường Vĩnh Hưng, Quận Hoàng Mai, Hà Nội","6,30 tỷ","Phường Vĩnh Hưng, Quận Hoàng Mai, Hà Nội",30 m²,3 PN,4 WC,5,Sổ đỏ / Sổ hồng,02/05/202500:00
"Bán  Nhà riêng tạiđình Thôn Mỹ đình 1, Nam Từ Liêm, Hà Nội","6,50 tỷ","đình Thôn Mỹ đình 1, Nam Từ Liêm, Hà Nội",58 m²,,,2,,29/04/202500:00
"Bán  Nhà biệt thự, liền kề tạiÂu Cơ, Phường Nhật Tân, Quận Tây Hồ, Hà Nội",30 tỷ,"Âu Cơ, Phường Nhật Tân, Quận Tây Hồ, Hà Nội",136 m²,3 PN,4 WC,3,Sổ đỏ / Sổ hồng,29/04/202500:00
"Bán  Nhà riêng tạiPhường Ngọc Thụy, Quận Long Biên, Hà Nội","8,50 tỷ","Phường Ngọc Thụy, Quận Long Biên, Hà Nội",45 m²,3 PN,3 WC,4,Sổ đỏ / Sổ hồng,29/04/202500:00
"Bán  Nhà riêng tạiPhường Thanh Trì, Quận Hoàng Mai, Hà Nội","6,20 tỷ","Phường Thanh Trì, Quận Hoàng Mai, Hà Nội",31 m²,3 PN,4 WC,5,Sổ đỏ / Sổ hồng,29/04/202500:00
"Bán  Nhà riêng tạiTam Trinh, Phường Mai Động, Quận Hoàng Mai, Hà Nội",7 tỷ,"Tam Trinh, Phường Mai Động, Quận Hoàng Mai, Hà Nội",45 m²,3 PN,4 WC,5,Sổ đỏ / Sổ hồng,29/04/202500:00
"Bán  Nhà riêng tạiPhường Bồ Đề, Quận Long Biên, Hà Nội","7,35 tỷ","Phường Bồ Đề, Quận Long Biên, Hà Nội",35 m²,3 PN,3 WC,4,Sổ đỏ / Sổ hồng,29/04/202500:00
"Bán  Nhà riêng tạiPhường Tân Mai, Quận Hoàng Mai, Hà Nội","5,60 tỷ","Phường Tân Mai, Quận Hoàng Mai, Hà Nội",30 m²,3 PN,3 WC,5,Sổ đỏ / Sổ hồng,29/04/202500:00
"Bán  Nhà riêng tạiđại Từ, Đại Kim, Hoàng Mai, Hà Nội","11,90 tỷ","đại Từ, Đại Kim, Hoàng Mai, Hà Nội",45 m²,4 PN,3 WC,4,Sổ đỏ / Sổ hồng,29/04/202500:00
"Bán  Nhà riêng tạiPhường Long Biên, Quận Long Biên, Hà Nội",5 tỷ,"Phường Long Biên, Quận Long Biên, Hà Nội",30 m²,,,5,Sổ đỏ / Sổ hồng,29/04/202500:00
"Bán  Nhà riêng tạiGiáp Nhị, Phường Thịnh Liệt, Quận Hoàng Mai, Hà Nội","5,60 tỷ","Giáp Nhị, Phường Thịnh Liệt, Quận Hoàng Mai, Hà Nội",32 m²,4 PN,4 WC,5,Sổ đỏ / Sổ hồng,29/04/202500:00
"Bán  Nhà riêng tạiPhường Vạn Phúc, Quận Hà Đông, Hà Nội","7,80 tỷ","Phường Vạn Phúc, Quận Hà Đông, Hà Nội",35 m²,4 PN,3 WC,4,Sổ đỏ / Sổ hồng,29/04/202500:00
"Bán  Nhà riêng tạiĐịnh Công, Phường Định Công, Quận Hoàng Mai, Hà Nội","9,39 tỷ","Định Công, Phường Định Công, Quận Hoàng Mai, Hà Nội",48 m²,4 PN,3 WC,4,Sổ đỏ / Sổ hồng,28/04/202500:00
"Bán  Nhà riêng tạiPhường Định Công, Quận Hoàng Mai, Hà Nội","3,10 tỷ","Phường Định Công, Quận Hoàng Mai, Hà Nội",30 m²,2 PN,2 WC,2,Sổ đỏ / Sổ hồng,28/04/202500:00
"Bán  Nhà riêng tạiPhường Đại Kim, Quận Hoàng Mai, Hà Nội","11,30 tỷ","Phường Đại Kim, Quận Hoàng Mai, Hà Nội",44 m²,5 PN,3 WC,4,Sổ đỏ / Sổ hồng,28/04/202500:00
"Bán  Nhà riêng tạiĐường Đa sĩ, Phường Kiến Hưng, Quận Hà Đông, Hà Nội","8,80 tỷ","Đường Đa sĩ, Phường Kiến Hưng, Quận Hà Đông, Hà Nội",72 m²,5 PN,6 WC,5,Sổ đỏ / Sổ hồng,28/04/202500:00
"Bán  Nhà riêng tạiPhường Ngọc Thụy, Quận Long Biên, Hà Nội","7,65 tỷ","Phường Ngọc Thụy, Quận Long Biên, Hà Nội",50 m²,3 PN,,5,Sổ đỏ / Sổ hồng,28/04/202500:00
"Bán  Nhà riêng tạiđỗ đức Dục Mễ Trì, Nam từ Liêm, Hà Nội","18,50 tỷ","đỗ đức Dục Mễ Trì, Nam từ Liêm, Hà Nội",126 m²,,,6,,28/04/202500:00
"Bán  Nhà riêng tạiPhường Ngọc Thụy, Quận Long Biên, Hà Nội","6,15 tỷ","Phường Ngọc Thụy, Quận Long Biên, Hà Nội",35 m²,3 PN,3 WC,4,Sổ đỏ / Sổ hồng,28/04/202500:00
"Bán  Nhà riêng tạiPhường Ngọc Thụy, Quận Long Biên, Hà Nội","7,30 tỷ","Phường Ngọc Thụy, Quận Long Biên, Hà Nội",49 m²,3 PN,3 WC,4,Sổ đỏ / Sổ hồng,28/04/202500:00
"Bán  Nhà biệt thự, liền kề tạiKđt Ciputra, Phường Phú Thượng, Quận Tây Hồ, Hà Nội",45 tỷ,"Kđt Ciputra, Phường Phú Thượng, Quận Tây Hồ, Hà Nội",140 m²,5 PN,5 WC,5,,28/04/202500:00
"Bán  Nhà riêng tạiPhường Quang Trung, Quận Hà Đông, Hà Nội",Thỏa thuận,"Phường Quang Trung, Quận Hà Đông, Hà Nội",45 m²,5 PN,3 WC,4,Sổ đỏ / Sổ hồng,28/04/202500:00
"Bán  Nhà riêng tạiĐường Xuân Đỉnh, Phường Xuân Đỉnh, Quận Bắc Từ Liêm, Hà Nội","9,20 tỷ","Đường Xuân Đỉnh, Phường Xuân Đỉnh, Quận Bắc Từ Liêm, Hà Nội",57 m²,4 PN,3 WC,5,Sổ đỏ / Sổ hồng,28/04/202500:00
"Bán  Nhà riêng tạiĐường Lĩnh Nam, Phường Thanh Trì, Quận Hoàng Mai, Hà Nội","8,50 tỷ","Đường Lĩnh Nam, Phường Thanh Trì, Quận Hoàng Mai, Hà Nội",35 m²,3 PN,4 WC,5,Sổ đỏ / Sổ hồng,28/04/202500:00
"Bán  Nhà riêng tạiAn Dương, Phường Yên Phụ, Quận Tây Hồ, Hà Nội","7,95 tỷ","An Dương, Phường Yên Phụ, Quận Tây Hồ, Hà Nội",39 m²,3 PN,,5,Sổ đỏ / Sổ hồng,28/04/202500:00
"Bán  Nhà riêng tạiPhường Bồ Đề, Quận Long Biên, Hà Nội","28,50 tỷ","Phường Bồ Đề, Quận Long Biên, Hà Nội",110 m²,3 PN,,5,,26/04/202500:00
"Bán  Nhà riêng tạiPremier Berriver Long Biên, Phường Phúc Đồng, Quận Long Biên, Hà Nội",5200 tỷ,"Premier Berriver Long Biên, Phường Phúc Đồng, Quận Long Biên, Hà Nội",30 m²,3 PN,4 WC,5,,26/04/202500:00
"Bán  Nhà riêng tạiĐường Đa sĩ, Phường Kiến Hưng, Quận Hà Đông, Hà Nội","5,60 tỷ","Đường Đa sĩ, Phường Kiến Hưng, Quận Hà Đông, Hà Nội",30 m²,3 PN,3 WC,5,Sổ đỏ / Sổ hồng,26/04/202500:00
"Bán  Nhà riêng tạiPhường Phú Thượng, Quận Tây Hồ, Hà Nội","7,95 tỷ","Phường Phú Thượng, Quận Tây Hồ, Hà Nội",43 m²,,,7,,26/04/202500:00
"Bán  Nhà riêng tạiPhường Thịnh Liệt, Quận Hoàng Mai, Hà Nội","7,50 tỷ","Phường Thịnh Liệt, Quận Hoàng Mai, Hà Nội",38 m²,4 PN,4 WC,5,Sổ đỏ / Sổ hồng,26/04/202500:00
"Bán  Nhà riêng tạiBerriver Long Biên, Phường Cự Khối, Quận Long Biên, Hà Nội",6850 tỷ,"Berriver Long Biên, Phường Cự Khối, Quận Long Biên, Hà Nội",30 m²,3 PN,4 WC,6,Sổ đỏ / Sổ hồng,26/04/202500:00
"Bán  Nhà riêng tạiPhường Ngọc Thụy, Quận Long Biên, Hà Nội","15,50 tỷ","Phường Ngọc Thụy, Quận Long Biên, Hà Nội",87 m²,6 PN,,5,,26/04/202500:00
"Bán  Nhà riêng tạiPhường Định Công, Quận Hoàng Mai, Hà Nội","2,80 tỷ","Phường Định Công, Quận Hoàng Mai, Hà Nội",31 m²,2 PN,2 WC,3,,26/04/202500:00
"Bán  Nhà riêng tạiPhường Định Công, Quận Hoàng Mai, Hà Nội","6,98 tỷ","Phường Định Công, Quận Hoàng Mai, Hà Nội",33 m²,4 PN,3 WC,4,Sổ đỏ / Sổ hồng,26/04/202500:00
"Bán  Nhà riêng tạiTân Mai, Phường Tân Mai, Quận Hoàng Mai, Hà Nội","6,30 tỷ","Tân Mai, Phường Tân Mai, Quận Hoàng Mai, Hà Nội",33 m²,4 PN,4 WC,5,Sổ đỏ / Sổ hồng,26/04/202500:00
"Bán  Nhà riêng tạiPhường Cổ Nhuế 2, Quận Bắc Từ Liêm, Hà Nội","25,50 tỷ","Phường Cổ Nhuế 2, Quận Bắc Từ Liêm, Hà Nội",80 m²,6 PN,3 WC,5,Sổ đỏ / Sổ hồng,26/04/202500:00
"Bán  Nhà riêng tạiPhường Hoàng Văn Thụ, Quận Hoàng Mai, Hà Nội","6,95 tỷ","Phường Hoàng Văn Thụ, Quận Hoàng Mai, Hà Nội",31 m²,3 PN,4 WC,5,Sổ đỏ / Sổ hồng,26/04/202500:00
"Bán  Nhà riêng tạiGiáp Nhị, Phường Thịnh Liệt, Quận Hoàng Mai, Hà Nội","6,30 tỷ","Giáp Nhị, Phường Thịnh Liệt, Quận Hoàng Mai, Hà Nội",32 m²,3 PN,4 WC,5,Sổ đỏ / Sổ hồng,26/04/202500:00
"Bán  Nhà riêng tạiThịnh Liệt, Phường Thịnh Liệt, Quận Hoàng Mai, Hà Nội","6,30 tỷ","Thịnh Liệt, Phường Thịnh Liệt, Quận Hoàng Mai, Hà Nội",33 m²,4 PN,4 WC,5,Sổ đỏ / Sổ hồng,26/04/202500:00
"Bán  Nhà riêng tạiPhường Xuân La, Quận Tây Hồ, Hà Nội","7,10 tỷ","Phường Xuân La, Quận Tây Hồ, Hà Nội",34 m²,,,,Sổ đỏ / Sổ hồng,26/04/202500:00
"Bán  Nhà riêng tạiĐường Lĩnh Nam, Phường Lĩnh Nam, Quận Hoàng Mai, Hà Nội","5,75 tỷ","Đường Lĩnh Nam, Phường Lĩnh Nam, Quận Hoàng Mai, Hà Nội",35 m²,3 PN,4 WC,5,Sổ đỏ / Sổ hồng,26/04/202500:00
"Bán  Nhà riêng tạiPhường Hoàng Liệt, Quận Hoàng Mai, Hà Nội","7,50 tỷ","Phường Hoàng Liệt, Quận Hoàng Mai, Hà Nội",45 m²,,,2,,26/04/202500:00
"Bán  Nhà riêng tạiPhường Phú Thượng, Quận Tây Hồ, Hà Nội","9,20 tỷ","Phường Phú Thượng, Quận Tây Hồ, Hà Nội",42 m²,4 PN,4 WC,5,Sổ đỏ / Sổ hồng,26/04/202500:00
"Bán  Nhà riêng tạiPhường Nguyễn Trãi, Quận Hà Đông, Hà Nội","8,10 tỷ","Phường Nguyễn Trãi, Quận Hà Đông, Hà Nội",35 m²,3 PN,4 WC,5,Sổ đỏ / Sổ hồng,26/04/202500:00
"Bán  Nhà riêng tạiPhường Thụy Khuê, Quận Tây Hồ, Hà Nội","14,68 tỷ","Phường Thụy Khuê, Quận Tây Hồ, Hà Nội",60 m²,4 PN,3 WC,5,Sổ đỏ / Sổ hồng,26/04/202500:00
"Bán  Nhà riêng tạiPhường Ngọc Thụy, Quận Long Biên, Hà Nội","7,90 tỷ","Phường Ngọc Thụy, Quận Long Biên, Hà Nội",47 m²,4 PN,4 WC,4,Sổ đỏ / Sổ hồng,26/04/202500:00
"Bán  Nhà riêng tạiPhường Mộ Lao, Quận Hà Đông, Hà Nội","55,98 tỷ","Phường Mộ Lao, Quận Hà Đông, Hà Nội",105 m²,3 PN,4 WC,4,Sổ đỏ / Sổ hồng,26/04/202500:00
"Bán  Nhà riêng tạiPhường Vĩnh Hưng, Quận Hoàng Mai, Hà Nội","1,85 tỷ","Phường Vĩnh Hưng, Quận Hoàng Mai, Hà Nội",20 m²,5 PN,4 WC,4,Sổ đỏ / Sổ hồng,26/04/202500:00
"Bán  Nhà riêng tạiĐường Lĩnh Nam, Phường Lĩnh Nam, Quận Hoàng Mai, Hà Nội","5,65 tỷ","Đường Lĩnh Nam, Phường Lĩnh Nam, Quận Hoàng Mai, Hà Nội",33 m²,3 PN,4 WC,5,,26/04/202500:00
"Bán  Nhà riêng tạiKhu đô thị Định Công, Phường Thịnh Liệt, Quận Hoàng Mai, Hà Nội",6600 tỷ,"Khu đô thị Định Công, Phường Thịnh Liệt, Quận Hoàng Mai, Hà Nội",30 m²,4 PN,4 WC,5,,26/04/202500:00
"Bán  Nhà riêng tạiPhường Bồ Đề, Quận Long Biên, Hà Nội","8,90 tỷ","Phường Bồ Đề, Quận Long Biên, Hà Nội",40 m²,3 PN,3 WC,4,,26/04/202500:00
"Bán  Nhà riêng tạiPhường Đại Kim, Quận Hoàng Mai, Hà Nội","6,80 tỷ","Phường Đại Kim, Quận Hoàng Mai, Hà Nội",32 m²,,,4,,26/04/202500:00
"Bán  Nhà riêng tạiTrương Định, Phường Mai Động, Quận Hoàng Mai, Hà Nội",8 tỷ,"Trương Định, Phường Mai Động, Quận Hoàng Mai, Hà Nội",34 m²,3 PN,4 WC,5,,26/04/202500:00
"Bán  Nhà riêng tạiPhường Phương Canh, Quận Nam Từ Liêm, Hà Nội","7,50 tỷ","Phường Phương Canh, Quận Nam Từ Liêm, Hà Nội",60 m²,,,,,26/04/202500:00
"Bán  Nhà riêng tạiTrương Định, Phường Tương Mai, Quận Hoàng Mai, Hà Nội","6,30 tỷ","Trương Định, Phường Tương Mai, Quận Hoàng Mai, Hà Nội",36 m²,5 PN,4 WC,4,,26/04/202500:00
"Bán  Nhà riêng tạiHoàng Diệu, Phường Hà Cầu, Quận Hà Đông, Hà Nội",11 tỷ,"Hoàng Diệu, Phường Hà Cầu, Quận Hà Đông, Hà Nội",58 m²,4 PN,3 WC,4,,26/04/202500:00
"Bán  Nhà riêng tạiPhường Cầu Diễn, Quận Nam Từ Liêm, Hà Nội","7,95 tỷ","Phường Cầu Diễn, Quận Nam Từ Liêm, Hà Nội",32 m²,5 PN,,10,,26/04/202500:00
"Bán  Nhà riêng tạiPhường Ngọc Thụy, Quận Long Biên, Hà Nội","8,50 tỷ","Phường Ngọc Thụy, Quận Long Biên, Hà Nội",45 m²,3 PN,3 WC,4,,26/04/202500:00
"Bán  Nhà riêng tạiđường Mỹ Đình, Phường Mỹ Đình 2, Nam Từ Liêm, Hà Nội",40 tỷ,"đường Mỹ Đình, Phường Mỹ Đình 2, Nam Từ Liêm, Hà Nội",125 m²,16 PN,17 WC,9,Sổ đỏ / Sổ hồng,25/04/202500:00
"Bán Nhà biệt thự, liền kề theo dự ánKhu đô thị Văn Khê tại Phường La Khê, Quận Hà Đông, Hà Nội","19,50 tỷ","Phường La Khê, Quận Hà Đông, Hà Nội",83 m²,6 PN,6 WC,7,Sổ đỏ / Sổ hồng,26/04/202500:00
"Bán  Nhà riêng tạiPhường Mễ Trì, Quận Nam Từ Liêm, Hà Nội","21,60 tỷ","Phường Mễ Trì, Quận Nam Từ Liêm, Hà Nội",56 m²,,,5,,26/04/202500:00
"Bán  Nhà riêng tạiPhường Việt Hưng, Quận Long Biên, Hà Nội","5,75 tỷ","Phường Việt Hưng, Quận Long Biên, Hà Nội",39 m²,5 PN,,5,,25/04/202500:00
"Bán  Nhà riêng tạiPhường Bồ Đề, Quận Long Biên, Hà Nội","10,50 tỷ","Phường Bồ Đề, Quận Long Biên, Hà Nội",50 m²,4 PN,4 WC,5,Sổ đỏ / Sổ hồng,26/04/202500:00
"Bán Nhà biệt thự, liền kề theo dự ánLouis City tại Louis City Đại mỗ, Phường Đại Mỗ, Quận Nam Từ Liêm, Hà Nội",60 tỷ,"Louis City Đại mỗ, Phường Đại Mỗ, Quận Nam Từ Liêm, Hà Nội",220 m²,3 PN,,5,Sổ đỏ / Sổ hồng,26/04/202500:00
"Bán  Nhà riêng tạiThuỵ Khuê, Phường Thụy Khuê, Quận Tây Hồ, Hà Nội","7,50 tỷ","Thuỵ Khuê, Phường Thụy Khuê, Quận Tây Hồ, Hà Nội",45 m²,4 PN,3 WC,4,,25/04/202500:00
"Bán  Nhà mặt phố tạiĐường Âu Cơ, Phường Nhật Tân, Tây Hồ, Hà Nội",335 tỷ,"Đường Âu Cơ, Phường Nhật Tân, Tây Hồ, Hà Nội",961 m²,6 PN,6 WC,2,Sổ đỏ / Sổ hồng,25/04/202500:00
"Bán  Nhà riêng tạiĐường Liên Mạc, Phường Liên Mạc, Quận Bắc Từ Liêm, Hà Nội","6,05 tỷ","Đường Liên Mạc, Phường Liên Mạc, Quận Bắc Từ Liêm, Hà Nội",58 m²,3 PN,4 WC,5,,25/04/202500:00
"Bán  Nhà riêng tạiPhường Bồ Đề, Quận Long Biên, Hà Nội","10,90 tỷ","Phường Bồ Đề, Quận Long Biên, Hà Nội",48 m²,3 PN,3 WC,4,Sổ đỏ / Sổ hồng,25/04/202500:00
"Bán  Nhà riêng tạiPhường Dương Nội, Quận Hà Đông, Hà Nội","6,60 tỷ","Phường Dương Nội, Quận Hà Đông, Hà Nội",52 m²,3 PN,3 WC,4,Sổ đỏ / Sổ hồng,25/04/202500:00
"Bán  Nhà riêng tạiXuân La, Phường Xuân La, Quận Tây Hồ, Hà Nội","12,50 tỷ","Xuân La, Phường Xuân La, Quận Tây Hồ, Hà Nội",35 m²,3 PN,,5,Sổ đỏ / Sổ hồng,25/04/202500:00
"Bán  Nhà riêng tạiLạc Long Quân, Phường Xuân La, Quận Tây Hồ, Hà Nội",31 tỷ,"Lạc Long Quân, Phường Xuân La, Quận Tây Hồ, Hà Nội",75 m²,12 PN,12 WC,8,Sổ đỏ / Sổ hồng,25/04/202500:00
"Bán  Nhà riêng tạiĐường Hoàng Tăng Bí, Phường Thụy Phương, Quận Bắc Từ Liêm, Hà Nội","18,50 tỷ","Đường Hoàng Tăng Bí, Phường Thụy Phương, Quận Bắc Từ Liêm, Hà Nội",97 m²,4 PN,4 WC,3,Sổ đỏ / Sổ hồng,25/04/202500:00
"Bán  Nhà riêng tạiĐường Đa sĩ, Phường Kiến Hưng, Quận Hà Đông, Hà Nội","5,98 tỷ","Đường Đa sĩ, Phường Kiến Hưng, Quận Hà Đông, Hà Nội",34 m²,3 PN,2 WC,3,,25/04/202500:00
"Bán  Nhà riêng tạiKđt Mậu Lương - Kiến Hưng, Phường Kiến Hưng, Quận Hà Đông, Hà Nội","15,30 tỷ","Kđt Mậu Lương - Kiến Hưng, Phường Kiến Hưng, Quận Hà Đông, Hà Nội",65 m²,3 PN,3 WC,3,Sổ đỏ / Sổ hồng,25/04/202500:00
"Bán  Nhà riêng tạiPhường Lĩnh Nam, Quận Hoàng Mai, Hà Nội","5,20 tỷ","Phường Lĩnh Nam, Quận Hoàng Mai, Hà Nội",31 m²,3 PN,3 WC,4,,25/04/202500:00
"Bán  Nhà riêng tạiPhường Tương Mai, Quận Hoàng Mai, Hà Nội","8,80 tỷ","Phường Tương Mai, Quận Hoàng Mai, Hà Nội",47 m²,6 PN,6 WC,5,Sổ đỏ / Sổ hồng,25/04/202500:00
"Bán  Nhà biệt thự, liền kề tạiĐường Đặng Xuân Bảng, Đại Kim, Hoàng Mai",13 tỷ,"Đường Đặng Xuân Bảng, Đại Kim, Hoàng Mai",75 m²,4 PN,5 WC,4,Sổ đỏ / Sổ hồng,25/04/202500:00
"Bán  Nhà riêng tạiPhường Đại Mỗ, Quận Nam Từ Liêm, Hà Nội","4,75 tỷ","Phường Đại Mỗ, Quận Nam Từ Liêm, Hà Nội",30 m²,,,1,,25/04/202500:00
"Bán  Nhà biệt thự, liền kề tạiPhường Xuân Phương, Quận Nam Từ Liêm, Hà Nội",17 tỷ,"Phường Xuân Phương, Quận Nam Từ Liêm, Hà Nội",62 m²,,,4,,25/04/202500:00
"Bán  Nhà riêng tạiPhường Thượng Cát, Quận Bắc Từ Liêm, Hà Nội","5,50 tỷ","Phường Thượng Cát, Quận Bắc Từ Liêm, Hà Nội","38,4 m²",,,5,Sổ đỏ / Sổ hồng,25/04/202500:00
"Bán  Nhà riêng tạiPhường Định Công, Quận Hoàng Mai, Hà Nội","2,38 tỷ","Phường Định Công, Quận Hoàng Mai, Hà Nội",44 m²,2 PN,2 WC,2,Sổ đỏ / Sổ hồng,25/04/202500:00
"Bán  Nhà riêng tạiPhường Ngọc Lâm, Quận Long Biên, Hà Nội","6,10 tỷ","Phường Ngọc Lâm, Quận Long Biên, Hà Nội",55 m²,4 PN,3 WC,4,Sổ đỏ / Sổ hồng,25/04/202500:00
"Bán  Nhà riêng tạiPhường Dương Nội, Quận Hà Đông, Hà Nội","5,20 tỷ","Phường Dương Nội, Quận Hà Đông, Hà Nội",32 m²,3 PN,,5,Sổ đỏ / Sổ hồng,25/04/202500:00
"Bán  Nhà riêng tạiPhường Hoàng Văn Thụ, Quận Hoàng Mai, Hà Nội","5,68 tỷ","Phường Hoàng Văn Thụ, Quận Hoàng Mai, Hà Nội",42 m²,2 PN,2 WC,3,Sổ đỏ / Sổ hồng,24/04/202500:00
"Bán  Nhà riêng tạiLê Trọng Tấn, Phường Dương Nội, Quận Hà Đông, Hà Nội","6,50 tỷ","Lê Trọng Tấn, Phường Dương Nội, Quận Hà Đông, Hà Nội",40 m²,5 PN,6 WC,5,Sổ đỏ / Sổ hồng,24/04/202500:00
"Bán  Nhà mặt phố tạiĐường Nguyễn Văn Cừ, Phường Ngọc Lâm, Quận Long Biên, Hà Nội",220 tỷ,"Đường Nguyễn Văn Cừ, Phường Ngọc Lâm, Quận Long Biên, Hà Nội",910 m²,,,2,Sổ đỏ / Sổ hồng,24/04/202500:00
"Bán  Nhà mặt phố tạiĐường Định Công Thượng, Phường Định Công, Quận Hoàng Mai, Hà Nội",23 tỷ,"Đường Định Công Thượng, Phường Định Công, Quận Hoàng Mai, Hà Nội",98 m²,,,2,Sổ đỏ / Sổ hồng,24/04/202500:00
"Bán  Nhà riêng tạiPhường Tương Mai, Quận Hoàng Mai, Hà Nội","7,70 tỷ","Phường Tương Mai, Quận Hoàng Mai, Hà Nội",40 m²,3 PN,3 WC,3,Sổ đỏ / Sổ hồng,24/04/202500:00
"Bán  Nhà mặt phố tạiPhường Hoàng Văn Thụ, Quận Hoàng Mai, Hà Nội","6,10 tỷ","Phường Hoàng Văn Thụ, Quận Hoàng Mai, Hà Nội",30 m²,,,4,Sổ đỏ / Sổ hồng,24/04/202500:00
"Bán  Nhà riêng tạiPhường Hoàng Văn Thụ, Quận Hoàng Mai, Hà Nội","7,70 tỷ","Phường Hoàng Văn Thụ, Quận Hoàng Mai, Hà Nội",40 m²,3 PN,3 WC,3,Sổ đỏ / Sổ hồng,24/04/202500:00
"Bán  Nhà mặt phố tạiĐường Lạc Long Quân, Phường Xuân La, Quận Tây Hồ, Hà Nội","24,20 tỷ","Đường Lạc Long Quân, Phường Xuân La, Quận Tây Hồ, Hà Nội",51 m²,,,7,Sổ đỏ / Sổ hồng,24/04/202500:00
"Bán  Nhà riêng tạiTây Mỗ, Phường Đại Mỗ, Quận Nam Từ Liêm, Hà Nội","7,20 tỷ","Tây Mỗ, Phường Đại Mỗ, Quận Nam Từ Liêm, Hà Nội",50 m²,6 PN,5 WC,5,Sổ đỏ / Sổ hồng,24/04/202500:00
"Bán  Nhà biệt thự, liền kề tạiĐường Lý Sơn, Thượng Thanh, Long Biên",69 tỷ,"Đường Lý Sơn, Thượng Thanh, Long Biên","118,7 m²",,5 WC,5,Sổ đỏ / Sổ hồng,24/04/202500:00
"Bán  Nhà biệt thự, liền kề tạiĐường Yên Sở, Yên Sở, Hoàng Mai",65 tỷ,"Đường Yên Sở, Yên Sở, Hoàng Mai",335 m²,5 PN,4 WC,3,,24/04/202500:00
"Bán  Nhà riêng tạiPhường Văn Quán, Quận Hà Đông, Hà Nội","9,45 tỷ","Phường Văn Quán, Quận Hà Đông, Hà Nội",35 m²,3 PN,4 WC,5,Sổ đỏ / Sổ hồng,24/04/202500:00
"Bán  Nhà mặt phố tạiPhường Mai Động, Quận Hoàng Mai, Hà Nội","7,90 tỷ","Phường Mai Động, Quận Hoàng Mai, Hà Nội",45 m²,,,4,Sổ đỏ / Sổ hồng,24/04/202500:00
"Bán  Nhà riêng tạiPhường Mộ Lao, Quận Hà Đông, Hà Nội","10,60 tỷ","Phường Mộ Lao, Quận Hà Đông, Hà Nội",40 m²,,,5,Sổ đỏ / Sổ hồng,24/04/202500:00
"Bán  Nhà riêng tạiPhường Phú Diễn, Quận Bắc Từ Liêm, Hà Nội","24,50 tỷ","Phường Phú Diễn, Quận Bắc Từ Liêm, Hà Nội",120 m²,5 PN,,8,Sổ đỏ / Sổ hồng,24/04/202500:00
"Bán  Nhà riêng tạiTây Hồ, Phường Quảng An, Quận Tây Hồ, Hà Nội",14 tỷ,"Tây Hồ, Phường Quảng An, Quận Tây Hồ, Hà Nội",43 m²,5 PN,6 WC,7,Sổ đỏ / Sổ hồng,24/04/202500:00
"Bán  Nhà riêng tạiĐường An Dương Vương, Phường Đông Ngạc, Quận Bắc Từ Liêm, Hà Nội","11,20 tỷ","Đường An Dương Vương, Phường Đông Ngạc, Quận Bắc Từ Liêm, Hà Nội",50 m²,6 PN,4 WC,5,,24/04/202500:00
"Bán  Nhà riêng tạiPhường Định Công, Quận Hoàng Mai, Hà Nội","9,50 tỷ","Phường Định Công, Quận Hoàng Mai, Hà Nội",54 m²,6 PN,5 WC,6,Sổ đỏ / Sổ hồng,24/04/202500:00
"Bán Nhà biệt thự, liền kề theo dự ánTiểu khu đô thị Nam La Khê tại Kđt Nam La Khê, Phường Quang Trung, Quận Hà Đông, Hà Nội","17,30 tỷ","Kđt Nam La Khê, Phường Quang Trung, Quận Hà Đông, Hà Nội",61 m²,4 PN,3 WC,4,Sổ đỏ / Sổ hồng,24/04/202500:00
"Bán  Nhà riêng tạiPhường Dương Nội, Quận Hà Đông, Hà Nội","6,25 tỷ","Phường Dương Nội, Quận Hà Đông, Hà Nội",31 m²,3 PN,4 WC,4,Sổ đỏ / Sổ hồng,24/04/202500:00
"Bán  Nhà riêng tạiPhường Ngọc Thụy, Quận Long Biên, Hà Nội","6,15 tỷ","Phường Ngọc Thụy, Quận Long Biên, Hà Nội",35 m²,3 PN,3 WC,4,Sổ đỏ / Sổ hồng,24/04/202500:00
"Bán  Nhà riêng tạiPhường Thụy Khuê, Quận Tây Hồ, Hà Nội","14,66 tỷ","Phường Thụy Khuê, Quận Tây Hồ, Hà Nội",65 m²,4 PN,4 WC,4,Sổ đỏ / Sổ hồng,24/04/202500:00
"Bán  Nhà riêng tạiPhường Minh Khai, Quận Bắc Từ Liêm, Hà Nội","6,80 tỷ","Phường Minh Khai, Quận Bắc Từ Liêm, Hà Nội","40,5 m²",,,4,Sổ đỏ / Sổ hồng,24/04/202500:00
"Bán  Nhà riêng tạiHoàng Mai, Phường Hoàng Văn Thụ, Quận Hoàng Mai, Hà Nội","6,90 tỷ","Hoàng Mai, Phường Hoàng Văn Thụ, Quận Hoàng Mai, Hà Nội",35 m²,3 PN,4 WC,5,Sổ đỏ / Sổ hồng,24/04/202500:00
"Bán  Nhà riêng tạiPhường Xuân Đỉnh, Quận Bắc Từ Liêm, Hà Nội","6,60 tỷ","Phường Xuân Đỉnh, Quận Bắc Từ Liêm, Hà Nội",30 m²,3 PN,4 WC,5,Sổ đỏ / Sổ hồng,24/04/202500:00
"Bán  Nhà riêng tạiPhường Tương Mai, Quận Hoàng Mai, Hà Nội","6,35 tỷ","Phường Tương Mai, Quận Hoàng Mai, Hà Nội",50 m²,,,4,Sổ đỏ / Sổ hồng,24/04/202500:00
"Bán  Nhà mặt phố tạiPhường Thụy Khuê, Quận Tây Hồ, Hà Nội",Thỏa thuận,"Phường Thụy Khuê, Quận Tây Hồ, Hà Nội",55 m²,,,,Sổ đỏ / Sổ hồng,24/04/202500:00
"Bán  Nhà riêng tạiĐường Cổ Nhuế, Phường Cổ Nhuế 2, Quận Bắc Từ Liêm, Hà Nội","4,55 tỷ","Đường Cổ Nhuế, Phường Cổ Nhuế 2, Quận Bắc Từ Liêm, Hà Nội",24 m²,3 PN,5 WC,5,Sổ đỏ / Sổ hồng,24/04/202500:00
"Bán  Nhà riêng tạiPhường Đại Kim, Quận Hoàng Mai, Hà Nội","20,05 tỷ","Phường Đại Kim, Quận Hoàng Mai, Hà Nội",139 m²,,,7,Sổ đỏ / Sổ hồng,24/04/202500:00
"Bán  Nhà riêng tạiPhường Bưởi, Quận Tây Hồ, Hà Nội","6,80 tỷ","Phường Bưởi, Quận Tây Hồ, Hà Nội",31 m²,3 PN,4 WC,5,Sổ đỏ / Sổ hồng,23/04/202500:00
"Bán  Nhà riêng tạiGiáp Nhị, Phường Thịnh Liệt, Quận Hoàng Mai, Hà Nội","5,90 tỷ","Giáp Nhị, Phường Thịnh Liệt, Quận Hoàng Mai, Hà Nội",32 m²,4 PN,4 WC,5,Sổ đỏ / Sổ hồng,23/04/202500:00
"Bán  Nhà riêng tạiKđt Mậu Lương - Kiến Hưng, Phường Kiến Hưng, Quận Hà Đông, Hà Nội","16,20 tỷ","Kđt Mậu Lương - Kiến Hưng, Phường Kiến Hưng, Quận Hà Đông, Hà Nội",65 m²,5 PN,4 WC,5,Sổ đỏ / Sổ hồng,23/04/202500:00
"Bán  Nhà riêng tạiVõ Chí Công, Phường Xuân La, Quận Tây Hồ, Hà Nội","11,70 tỷ","Võ Chí Công, Phường Xuân La, Quận Tây Hồ, Hà Nội",40 m²,3 PN,5 WC,6,Sổ đỏ / Sổ hồng,23/04/202500:00
"Bán  Nhà mặt phố tạiPhường Tân Mai, Quận Hoàng Mai, Hà Nội",55 tỷ,"Phường Tân Mai, Quận Hoàng Mai, Hà Nội",86 m²,,,8,Sổ đỏ / Sổ hồng,23/04/202500:00
"Bán  Nhà riêng tạiViệt Hưng, Long Biên, Hà Nội",49 tỷ,"Việt Hưng, Long Biên, Hà Nội",35 m²,,,5,Sổ đỏ / Sổ hồng,23/04/202500:00
"Bán  Nhà riêng tạiNguyễn Đức Cảnh, Phường Tương Mai, Quận Hoàng Mai, Hà Nội","7,90 tỷ","Nguyễn Đức Cảnh, Phường Tương Mai, Quận Hoàng Mai, Hà Nội",36 m²,4 PN,5 WC,6,Sổ đỏ / Sổ hồng,24/04/202500:00
"Bán  Nhà riêng tạiPhường Kiến Hưng, Quận Hà Đông, Hà Nội","5,60 tỷ","Phường Kiến Hưng, Quận Hà Đông, Hà Nội",33 m²,5 PN,5 WC,5,Sổ đỏ / Sổ hồng,23/04/202500:00
"Bán  Nhà biệt thự, liền kề tạiĐường Nguyễn Xiển, Đại Kim, Hoàng Mai",28 tỷ,"Đường Nguyễn Xiển, Đại Kim, Hoàng Mai",125 m²,,4 WC,4,Sổ đỏ / Sổ hồng,23/04/202500:00
"Bán  Nhà riêng tạiPhường Phú Thượng, Quận Tây Hồ, Hà Nội","10,60 tỷ","Phường Phú Thượng, Quận Tây Hồ, Hà Nội",50 m²,4 PN,3 WC,7,Sổ đỏ / Sổ hồng,23/04/202500:00
"Bán  Nhà mặt phố tạiNgô Thì Nhậm, Phường Quang Trung, Quận Hà Đông, Hà Nội","13,50 tỷ","Ngô Thì Nhậm, Phường Quang Trung, Quận Hà Đông, Hà Nội",40 m²,6 PN,4 WC,6,,23/04/202500:00
"Bán  Nhà biệt thự, liền kề tạiĐường 1, Kiến Hưng, Hà Đông, Hà Nội",9 tỷ,"Đường 1, Kiến Hưng, Hà Đông, Hà Nội",60 m²,3 PN,4 WC,4,Sổ đỏ / Sổ hồng,23/04/202500:00
"Bán  Nhà biệt thự, liền kề tạiĐường Nguyễn Văn Lộc, Mộ Lao, Hà Đông","48,50 tỷ","Đường Nguyễn Văn Lộc, Mộ Lao, Hà Đông",180 m²,5 PN,5 WC,4,Sổ đỏ / Sổ hồng,23/04/202500:00
"Bán  Nhà riêng tạitổ 6 Kiến Hưng, quận Hà Đông, Hà Nội","5,85 tỷ","tổ 6 Kiến Hưng, quận Hà Đông, Hà Nội",33 m²,3 PN,4 WC,5,Sổ đỏ / Sổ hồng,23/04/202500:00
"Bán  Nhà riêng tạiPhường Kiến Hưng, Quận Hà Đông, Hà Nội","6,82 tỷ","Phường Kiến Hưng, Quận Hà Đông, Hà Nội",31 m²,3 PN,4 WC,5,Sổ đỏ / Sổ hồng,23/04/202500:00
"Bán Nhà mặt phố theo dự ánThe Manor Central Park tại Đường Nguyễn Xiển, Phường Đại Kim, Quận Hoàng Mai, Hà Nội","38,90 tỷ","Đường Nguyễn Xiển, Phường Đại Kim, Quận Hoàng Mai, Hà Nội",100 m²,,,4,Sổ đỏ / Sổ hồng,23/04/202500:00
"Bán  Nhà mặt phố tạiĐường Lạc Long Quân, Phường Xuân La, Quận Tây Hồ, Hà Nội",125 tỷ,"Đường Lạc Long Quân, Phường Xuân La, Quận Tây Hồ, Hà Nội",200 m²,,,1,Sổ đỏ / Sổ hồng,23/04/202500:00
"Bán  Nhà mặt phố tạiPhường Mỹ Đình 2, Quận Nam Từ Liêm, Hà Nội",33 tỷ,"Phường Mỹ Đình 2, Quận Nam Từ Liêm, Hà Nội",70 m²,5 PN,3 WC,7,Sổ đỏ / Sổ hồng,23/04/202500:00
"Bán  Nhà mặt phố tạiĐường Chiến Thắng, Phường Văn Quán, Quận Hà Đông, Hà Nội",30 tỷ,"Đường Chiến Thắng, Phường Văn Quán, Quận Hà Đông, Hà Nội",72 m²,9 PN,9 WC,6,Sổ đỏ / Sổ hồng,22/04/202500:00
"Bán  Nhà mặt phố tạiĐường Chiến Thắng, Phường Văn Quán, Quận Hà Đông, Hà Nội","27,50 tỷ","Đường Chiến Thắng, Phường Văn Quán, Quận Hà Đông, Hà Nội",83 m²,4 PN,4 WC,5,Sổ đỏ / Sổ hồng,22/04/202500:00
"Bán  Nhà mặt phố tạiPhố Yên Hoa, Phường Yên Phụ, Tây Hồ, Hà Nội",22 tỷ,"Phố Yên Hoa, Phường Yên Phụ, Tây Hồ, Hà Nội",55 m²,5 PN,6 WC,9,Sổ đỏ / Sổ hồng,22/04/202500:00
"Bán  Nhà mặt phố tạiPhố Lộc, Phường Xuân Đỉnh, Bắc Từ Liêm, Hà Nội",Thỏa thuận,"Phố Lộc, Phường Xuân Đỉnh, Bắc Từ Liêm, Hà Nội",55 m²,,,6,Sổ đỏ / Sổ hồng,22/04/202500:00
"Bán  Nhà tái định cư tạiĐường Phạm Văn Đồng, Phường Cổ Nhuế 1, Quận Bắc Từ Liêm, Hà Nội","2,85 tỷ","Đường Phạm Văn Đồng, Phường Cổ Nhuế 1, Quận Bắc Từ Liêm, Hà Nội",75 m²,3 PN,2 WC,17,,22/04/202500:00
"Bán  Nhà biệt thự, liền kề tạiđường Tứ Liên, Tứ Liên, Hà Nội, , Tây Hồ, Hà Nội","17,50 tỷ","đường Tứ Liên, Tứ Liên, Hà Nội, , Tây Hồ, Hà Nội",128 m²,6 PN,,,Sổ đỏ / Sổ hồng,22/04/202500:00
"Bán  Nhà riêng tạiĐại Linh, Trung Văn, Nam Từ Liêm, Hà Nội","1,38 tỷ","Đại Linh, Trung Văn, Nam Từ Liêm, Hà Nội",45 m²,2 PN,1 WC,,Sổ đỏ / Sổ hồng,22/04/202500:00
"Bán  Nhà mặt phố tạiCổ Linh, phường Long Biên, quận Long Biên, Hà Nội",26 tỷ,"Cổ Linh, phường Long Biên, quận Long Biên, Hà Nội",82 m²,,,6,Sổ đỏ / Sổ hồng,22/04/202500:00
"Bán  Nhà riêng tạiĐường Âu Cơ, Phường Nhật Tân, Tây Hồ, Hà Nội","6,30 tỷ","Đường Âu Cơ, Phường Nhật Tân, Tây Hồ, Hà Nội",37 m²,2 PN,3 WC,3,Sổ đỏ / Sổ hồng,22/04/202500:00
"Bán  Nhà biệt thự, liền kề tạiĐường 1, Văn Quán, Hà Đông, Hà Nội","12,60 tỷ","Đường 1, Văn Quán, Hà Đông, Hà Nội","61,5 m²",5 PN,6 WC,7,Sổ đỏ / Sổ hồng,22/04/202500:00
"Bán  Nhà mặt phố tạiAn Dương Vương, Phú Thượng, Tây Hồ, Hà Nội",11 tỷ,"An Dương Vương, Phú Thượng, Tây Hồ, Hà Nội",77 m²,3 PN,4 WC,6,Sổ đỏ / Sổ hồng,22/04/202500:00
"Bán  Nhà biệt thự, liền kề tạiĐường Định Công, Định Công, Hoàng Mai",58 tỷ,"Đường Định Công, Định Công, Hoàng Mai",200 m²,7 PN,6 WC,5,Sổ đỏ / Sổ hồng,22/04/202500:00
"Bán  Nhà mặt phố tạiQuang Trung, Hà Đông, Hà Nội","14,20 tỷ","Quang Trung, Hà Đông, Hà Nội","40,2 m²",,,1,Sổ đỏ / Sổ hồng,22/04/202500:00
"Bán  Nhà riêng tạiĐường Minh Khai, Phường Hoàng Văn Thụ, Hoàng Mai, Hà Nội","6,90 tỷ","Đường Minh Khai, Phường Hoàng Văn Thụ, Hoàng Mai, Hà Nội",40 m²,4 PN,5 WC,5,Sổ đỏ / Sổ hồng,21/04/202500:00
"Bán  Nhà riêng tạiPhường Kiến Hưng, Quận Hà Đông, Hà Nội","6,60 tỷ","Phường Kiến Hưng, Quận Hà Đông, Hà Nội",35 m²,3 PN,,5,Sổ đỏ / Sổ hồng,21/04/202500:00
"Bán  Nhà riêng tạiĐường Nguyễn Văn Cừ, Phường Ngọc Lâm, Long Biên, Hà Nội","36,70 tỷ","Đường Nguyễn Văn Cừ, Phường Ngọc Lâm, Long Biên, Hà Nội",100 m²,6 PN,8 WC,8,Sổ đỏ / Sổ hồng,21/04/202500:00
"Bán  Nhà biệt thự, liền kề tạiKĐT Đô Nghĩa, Hà Đông, Hà Nội","18,80 tỷ","KĐT Đô Nghĩa, Hà Đông, Hà Nội",200 m²,,4 WC,4,Sổ đỏ / Sổ hồng,21/04/202500:00
"Bán  Nhà riêng tạiđường Võng Thị, Phường Bưởi, Tây Hồ, Hà Nội","14,35 tỷ","đường Võng Thị, Phường Bưởi, Tây Hồ, Hà Nội",51 m²,4 PN,4 WC,7,Sổ đỏ / Sổ hồng,21/04/202500:00
"Bán  Nhà riêng tạiPhường Thụy Phương, Bắc Từ Liêm, Hà Nội",Thỏa thuận,"Phường Thụy Phương, Bắc Từ Liêm, Hà Nội","30,7 m²",3 PN,4 WC,5,Sổ đỏ / Sổ hồng,21/04/202500:00
"Bán  Nhà mặt phố tạiĐường Lĩnh Nam, Phường Lĩnh Nam, Hoàng Mai, Hà Nội","5,40 tỷ","Đường Lĩnh Nam, Phường Lĩnh Nam, Hoàng Mai, Hà Nội",35 m²,4 PN,3 WC,4,Sổ đỏ / Sổ hồng,21/04/202500:00
"Bán  Nhà riêng tạiĐường Trương Định, Phường Thịnh Liệt, Hoàng Mai, Hà Nội","6,35 tỷ","Đường Trương Định, Phường Thịnh Liệt, Hoàng Mai, Hà Nội",20 m²,2 PN,3 WC,5,Sổ đỏ / Sổ hồng,21/04/202500:00
"Bán  Nhà riêng tạiĐường Đỗ Đức Dục, Phường Mễ Trì, Nam Từ Liêm, Hà Nội","6,80 tỷ","Đường Đỗ Đức Dục, Phường Mễ Trì, Nam Từ Liêm, Hà Nội",50 m²,,,3,Sổ đỏ / Sổ hồng,21/04/202500:00
"Bán  Nhà riêng tạiPhường Văn Quán, Quận Hà Đông, Hà Nội",20 tỷ,"Phường Văn Quán, Quận Hà Đông, Hà Nội",83 m²,4 PN,2 WC,4,Sổ đỏ / Sổ hồng,21/04/202500:00
"Bán  Nhà riêng tạiPhường Văn Quán, Quận Hà Đông, Hà Nội","6,70 tỷ","Phường Văn Quán, Quận Hà Đông, Hà Nội",34 m²,,,4,Sổ đỏ / Sổ hồng,21/04/202500:00
"Bán  Nhà riêng tạiPhường Kiến Hưng, Quận Hà Đông, Hà Nội","5,20 tỷ","Phường Kiến Hưng, Quận Hà Đông, Hà Nội",30 m²,3 PN,4 WC,5,Sổ đỏ / Sổ hồng,21/04/202500:00
"Bán  Nhà riêng tạiĐường Khuyến Lương, Phường Trần Phú, Hoàng Mai, Hà Nội","6,20 tỷ","Đường Khuyến Lương, Phường Trần Phú, Hoàng Mai, Hà Nội",32 m²,3 PN,3 WC,4,Sổ đỏ / Sổ hồng,21/04/202500:00
"Bán  Nhà riêng tạiPhường Nguyễn Trãi, Quận Hà Đông, Hà Nội","8,66 tỷ","Phường Nguyễn Trãi, Quận Hà Đông, Hà Nội",30 m²,3 PN,4 WC,5,,21/04/202500:00
"Bán  Nhà riêng tạiKđt Văn Quán, Phường Văn Quán, Quận Hà Đông, Hà Nội",46 tỷ,"Kđt Văn Quán, Phường Văn Quán, Quận Hà Đông, Hà Nội",150 m²,3 PN,5 WC,5,Sổ đỏ / Sổ hồng,21/04/202500:00
"Bán  Nhà riêng tạiAn Dương, Phường Yên Phụ, Quận Tây Hồ, Hà Nội","9,70 tỷ","An Dương, Phường Yên Phụ, Quận Tây Hồ, Hà Nội",24 m²,3 PN,,6,Sổ đỏ / Sổ hồng,21/04/202500:00
"Bán  Nhà riêng tạiĐường Cổ Linh, Phường Long Biên, Long Biên, Hà Nội","8,50 tỷ","Đường Cổ Linh, Phường Long Biên, Long Biên, Hà Nội",52 m²,5 PN,4 WC,4,Sổ đỏ / Sổ hồng,21/04/202500:00
"Bán  Nhà riêng tạiĐường Nguyễn Đức Cảnh, Phường Tương Mai, Hoàng Mai, Hà Nội","8,30 tỷ","Đường Nguyễn Đức Cảnh, Phường Tương Mai, Hoàng Mai, Hà Nội",31 m²,3 PN,4 WC,5,Sổ đỏ / Sổ hồng,21/04/202500:00
"Bán  Nhà riêng tạiTrương Định, Phường Tân Mai, Quận Hoàng Mai, Hà Nội","5,90 tỷ","Trương Định, Phường Tân Mai, Quận Hoàng Mai, Hà Nội",32 m²,4 PN,4 WC,5,Sổ đỏ / Sổ hồng,21/04/202500:00
"Bán  Nhà riêng tạiĐường Ngọc Thụy, Phường Long Biên, Long Biên, Hà Nội","5,85 tỷ","Đường Ngọc Thụy, Phường Long Biên, Long Biên, Hà Nội",30 m²,3 PN,4 WC,5,Sổ đỏ / Sổ hồng,21/04/202500:00
"Bán  Nhà riêng tạiĐịnh Công, Phường Định Công, Quận Hoàng Mai, Hà Nội",6 tỷ,"Định Công, Phường Định Công, Quận Hoàng Mai, Hà Nội",40 m²,,,5,Sổ đỏ / Sổ hồng,21/04/202500:00
"Bán  Nhà mặt phố tạiĐường Lạc Long Quân, Phường Nhật Tân, Tây Hồ, Hà Nội","38,50 tỷ","Đường Lạc Long Quân, Phường Nhật Tân, Tây Hồ, Hà Nội",110 m²,3 PN,2 WC,2,Sổ đỏ / Sổ hồng,21/04/202500:00
"Bán  Nhà riêng tạiĐường Kim Đồng, Phường Giáp Bát, Hoàng Mai, Hà Nội","12,50 tỷ","Đường Kim Đồng, Phường Giáp Bát, Hoàng Mai, Hà Nội",46 m²,8 PN,8 WC,6,Sổ đỏ / Sổ hồng,21/04/202500:00
"Bán  Nhà riêng tạiđường Mỹ Đình, Phường Mỹ Đình 1, Nam Từ Liêm, Hà Nội","5,20 tỷ","đường Mỹ Đình, Phường Mỹ Đình 1, Nam Từ Liêm, Hà Nội",33 m²,7 PN,4 WC,4,Sổ đỏ / Sổ hồng,19/04/202500:00
"Bán  Nhà riêng tạiPhường Định Công, Quận Hoàng Mai, Hà Nội","9,60 tỷ","Phường Định Công, Quận Hoàng Mai, Hà Nội",48 m²,,,4,Sổ đỏ / Sổ hồng,19/04/202500:00
"Bán  Nhà riêng tạiTrần Phú, phường Mộ Lao, Quận Hà Đông, Hà Nội","12,90 tỷ","Trần Phú, phường Mộ Lao, Quận Hà Đông, Hà Nội",38 m²,,3 WC,4,,19/04/202500:00
"Bán  Nhà riêng tạiPhường Giáp Bát, Quận Hoàng Mai, Hà Nội","5,30 tỷ","Phường Giáp Bát, Quận Hoàng Mai, Hà Nội",24 m²,3 PN,2 WC,4,,19/04/202500:00
"Bán  Nhà riêng tạiĐường Xuân Diệu, Phường Quảng An, Tây Hồ, Hà Nội","12,50 tỷ","Đường Xuân Diệu, Phường Quảng An, Tây Hồ, Hà Nội",56 m²,4 PN,4 WC,4,Sổ đỏ / Sổ hồng,19/04/202500:00
"Bán  Nhà riêng tạiPhường Phú Thượng, Quận Tây Hồ, Hà Nội","15,50 tỷ","Phường Phú Thượng, Quận Tây Hồ, Hà Nội",50 m²,4 PN,4 WC,5,Sổ đỏ / Sổ hồng,19/04/202500:00
"Bán  Nhà riêng tạiPhường Giáp Bát, Quận Hoàng Mai, Hà Nội","7,90 tỷ","Phường Giáp Bát, Quận Hoàng Mai, Hà Nội",45 m²,4 PN,5 WC,6,Sổ đỏ / Sổ hồng,19/04/202500:00
"Bán  Nhà mặt phố tạiđường Đông Ngạc, Phường Đông Ngạc, Bắc Từ Liêm, Hà Nội","13,80 tỷ","đường Đông Ngạc, Phường Đông Ngạc, Bắc Từ Liêm, Hà Nội","106,6 m²",2 PN,2 WC,2,Sổ đỏ / Sổ hồng,19/04/202500:00
"Bán  Nhà riêng tạiĐường Cổ Linh, Phường Thạch Bàn, Long Biên, Hà Nội","8,70 tỷ","Đường Cổ Linh, Phường Thạch Bàn, Long Biên, Hà Nội",42 m²,3 PN,4 WC,6,Sổ đỏ / Sổ hồng,19/04/202500:00
"Bán  Nhà riêng tạiPhường Bồ Đề, Quận Long Biên, Hà Nội",12 tỷ,"Phường Bồ Đề, Quận Long Biên, Hà Nội",50 m²,4 PN,4 WC,4,Sổ đỏ / Sổ hồng,19/04/202500:00
"Bán  Nhà riêng tạiĐường Tứ Liên, Phường Tứ Liên, Tây Hồ, Hà Nội",26 tỷ,"Đường Tứ Liên, Phường Tứ Liên, Tây Hồ, Hà Nội",131 m²,3 PN,3 WC,3,Sổ đỏ / Sổ hồng,19/04/202500:00
"Bán  Nhà mặt phố tạiÂu Cơ, Phường Quảng An, Quận Tây Hồ, Hà Nội",30 tỷ,"Âu Cơ, Phường Quảng An, Quận Tây Hồ, Hà Nội",100 m²,3 PN,3 WC,4,Sổ đỏ / Sổ hồng,19/04/202500:00
"Bán  Nhà riêng tạiPhường Ngọc Thụy, Quận Long Biên, Hà Nội","11,40 tỷ","Phường Ngọc Thụy, Quận Long Biên, Hà Nội",62 m²,4 PN,4 WC,4,,19/04/202500:00
"Bán  Nhà riêng tạiĐường Xuân Đỉnh, Phường Xuân Đỉnh, Quận Bắc Từ Liêm, Hà Nội","9,20 tỷ","Đường Xuân Đỉnh, Phường Xuân Đỉnh, Quận Bắc Từ Liêm, Hà Nội",57 m²,4 PN,3 WC,4,,19/04/202500:00
"Bán  Nhà mặt phố tạiĐường Thụy Khuê, Phường Bưởi, Quận Tây Hồ, Hà Nội","37,50 tỷ","Đường Thụy Khuê, Phường Bưởi, Quận Tây Hồ, Hà Nội",105 m²,9 PN,9 WC,7,Sổ đỏ / Sổ hồng,19/04/202500:00
"Bán  Nhà mặt phố tạiđường Nghi Tàm, Phường Quảng An, Quận Tây Hồ, Hà Nội",81 tỷ,"đường Nghi Tàm, Phường Quảng An, Quận Tây Hồ, Hà Nội",126 m²,11 PN,11 WC,7,Sổ đỏ / Sổ hồng,19/04/202500:00
"Bán  Nhà mặt phố tạiĐường Phan Đình Giót, Phường La Khê, Quận Hà Đông, Hà Nội",14 tỷ,"Đường Phan Đình Giót, Phường La Khê, Quận Hà Đông, Hà Nội",54 m²,,,4,Sổ đỏ / Sổ hồng,19/04/202500:00
"Bán  Nhà mặt phố tạiGiáp Bát, Hoàng Mai, Hà Nội","32,39 tỷ","Giáp Bát, Hoàng Mai, Hà Nội",141 m²,5 PN,3 WC,3,,19/04/202500:00
"Bán  Nhà riêng tạiTân Mai, Phường Tân Mai, Quận Hoàng Mai, Hà Nội","5,90 tỷ","Tân Mai, Phường Tân Mai, Quận Hoàng Mai, Hà Nội",33 m²,4 PN,4 WC,5,Sổ đỏ / Sổ hồng,19/04/202500:00
"Bán  Nhà mặt phố tạiĐường Giáp Nhị, Phường Thịnh Liệt, Quận Hoàng Mai, Hà Nội","19,88 tỷ","Đường Giáp Nhị, Phường Thịnh Liệt, Quận Hoàng Mai, Hà Nội",90 m²,8 PN,8 WC,8,Sổ đỏ / Sổ hồng,19/04/202500:00
"Bán  Nhà riêng tạiNgõ 102, Đường Âu Cơ, Phường Tứ Liên, Tây Hồ, Hà Nội","11,20 tỷ","Ngõ 102, Đường Âu Cơ, Phường Tứ Liên, Tây Hồ, Hà Nội",64 m²,4 PN,5 WC,5,Sổ đỏ / Sổ hồng,19/04/202500:00
"Bán  Nhà riêng tạiMễ Trì, Phường Mễ Trì, Quận Nam Từ Liêm, Hà Nội","16,90 tỷ","Mễ Trì, Phường Mễ Trì, Quận Nam Từ Liêm, Hà Nội",55 m²,4 PN,3 WC,5,Sổ đỏ / Sổ hồng,19/04/202500:00
"Bán  Nhà riêng tạiPhường Ngọc Lâm, Quận Long Biên, Hà Nội","4,80 tỷ","Phường Ngọc Lâm, Quận Long Biên, Hà Nội",24 m²,2 PN,2 WC,5,Sổ đỏ / Sổ hồng,19/04/202500:00
"Bán  Nhà riêng tạiĐường Tư Đình, Phường Long Biên, Long Biên, Hà Nội","26,30 tỷ","Đường Tư Đình, Phường Long Biên, Long Biên, Hà Nội",53 m²,4 PN,4 WC,7,Sổ đỏ / Sổ hồng,19/04/202500:00
"Bán  Nhà mặt phố tạiĐường Xuân Đỉnh, Phường Xuân Đỉnh, Quận Bắc Từ Liêm, Hà Nội",15 tỷ,"Đường Xuân Đỉnh, Phường Xuân Đỉnh, Quận Bắc Từ Liêm, Hà Nội",60 m²,,,6,Sổ đỏ / Sổ hồng,19/04/202500:00
"Bán  Nhà mặt phố tạiĐường Ngô Gia Tự, Phường Đức Giang, Quận Long Biên, Hà Nội","29,50 tỷ","Đường Ngô Gia Tự, Phường Đức Giang, Quận Long Biên, Hà Nội",97 m²,,,5,,19/04/202500:00
"Bán  Nhà mặt phố tạiĐường Yên Phụ, Phường Yên Phụ, Quận Tây Hồ, Hà Nội",26 tỷ,"Đường Yên Phụ, Phường Yên Phụ, Quận Tây Hồ, Hà Nội",68 m²,,,5,Sổ đỏ / Sổ hồng,19/04/202500:00
"Bán  Nhà riêng tạiĐường Cầu Diễn, Phường Phú Diễn, Bắc Từ Liêm, Hà Nội","9,90 tỷ","Đường Cầu Diễn, Phường Phú Diễn, Bắc Từ Liêm, Hà Nội",52 m²,,,1,Sổ đỏ / Sổ hồng,19/04/202500:00
"Bán  Nhà riêng tạiPhố Phạm Tuấn Tài, Phường Cổ Nhuế 1, Bắc Từ Liêm, Hà Nội",19 tỷ,"Phố Phạm Tuấn Tài, Phường Cổ Nhuế 1, Bắc Từ Liêm, Hà Nội",50 m²,4 PN,4 WC,4,Sổ đỏ / Sổ hồng,19/04/202500:00
"Bán  Nhà riêng tạiĐường Cổ Nhuế, Phường Cổ Nhuế 1, Bắc Từ Liêm, Hà Nội","5,50 tỷ","Đường Cổ Nhuế, Phường Cổ Nhuế 1, Bắc Từ Liêm, Hà Nội",38 m²,4 PN,3 WC,4,Sổ đỏ / Sổ hồng,19/04/202500:00
"Bán  Nhà riêng tạiphố Dốc Tam Đa, Phường Bưởi, Tây Hồ, Hà Nội","10,70 tỷ","phố Dốc Tam Đa, Phường Bưởi, Tây Hồ, Hà Nội",43 m²,6 PN,4 WC,5,Sổ đỏ / Sổ hồng,19/04/202500:00
"Bán  Nhà riêng tạiĐường Lĩnh Nam, Phường Lĩnh Nam, Quận Hoàng Mai, Hà Nội","3,85 tỷ","Đường Lĩnh Nam, Phường Lĩnh Nam, Quận Hoàng Mai, Hà Nội",46 m²,3 PN,3 WC,2,Sổ đỏ / Sổ hồng,19/04/202500:00
"Bán  Nhà riêng tạiLê Trọng Tấn, Phường La Khê, Quận Hà Đông, Hà Nội",9 tỷ,"Lê Trọng Tấn, Phường La Khê, Quận Hà Đông, Hà Nội",35 m²,4 PN,4 WC,5,Sổ đỏ / Sổ hồng,19/04/202500:00
"Bán  Nhà mặt phố tạiPhường Mỹ Đình 1, Quận Nam Từ Liêm, Hà Nội","37,50 tỷ","Phường Mỹ Đình 1, Quận Nam Từ Liêm, Hà Nội",100 m²,21 PN,,9,Sổ đỏ / Sổ hồng,19/04/202500:00
"Bán  Nhà riêng tạiĐường Ngô Thì Nhậm, Phường Hà Cầu, Hà Đông, Hà Nội","10,80 tỷ","Đường Ngô Thì Nhậm, Phường Hà Cầu, Hà Đông, Hà Nội",42 m²,4 PN,4 WC,,Sổ đỏ / Sổ hồng,19/04/202500:00
"Bán  Nhà biệt thự, liền kề tạiLê Đức Thọ - Nam Từ Liêm, phường Mỹ Đình 1, Nam Từ Liêm, Hà Nội",Thỏa thuận,"Lê Đức Thọ - Nam Từ Liêm, phường Mỹ Đình 1, Nam Từ Liêm, Hà Nội",78 m²,,,8,Sổ đỏ / Sổ hồng,19/04/202500:00
"Bán  Nhà riêng tạiPhường Đại Mỗ, Quận Nam Từ Liêm, Hà Nội","7,30 tỷ","Phường Đại Mỗ, Quận Nam Từ Liêm, Hà Nội",46 m²,16 PN,3 WC,4,Giấy viết tay,19/04/202500:00
"Bán  Nhà riêng tạiPhường La Khê, Hà Đông, Hà Nội","12,45 tỷ","Phường La Khê, Hà Đông, Hà Nội",50 m²,4 PN,4 WC,5,Sổ đỏ / Sổ hồng,19/04/202500:00
"Bán  Nhà riêng tạiPhường La Khê, Quận Hà Đông, Hà Nội","6,50 tỷ","Phường La Khê, Quận Hà Đông, Hà Nội",31 m²,3 PN,4 WC,5,Sổ đỏ / Sổ hồng,18/04/202500:00
"Bán  Nhà riêng tạiPhường Minh Khai, Quận Bắc Từ Liêm, Hà Nội","5,20 tỷ","Phường Minh Khai, Quận Bắc Từ Liêm, Hà Nội",30 m²,3 PN,2 WC,5,Sổ đỏ / Sổ hồng,19/04/202500:00
"Bán  Nhà riêng tạiPhường Hà Cầu, Quận Hà Đông, Hà Nội","5,95 tỷ","Phường Hà Cầu, Quận Hà Đông, Hà Nội",30 m²,3 PN,4 WC,5,Sổ đỏ / Sổ hồng,18/04/202500:00
"Bán  Nhà riêng tạiPhường Vạn Phúc, Hà Đông, Hà Nội","17,80 tỷ","Phường Vạn Phúc, Hà Đông, Hà Nội",55 m²,,,7,Sổ đỏ / Sổ hồng,18/04/202500:00
"Bán  Nhà riêng tạiAqh Riverside, Phường Phúc Đồng, Quận Long Biên, Hà Nội",5200 tỷ,"Aqh Riverside, Phường Phúc Đồng, Quận Long Biên, Hà Nội",40 m²,3 PN,3 WC,6,Sổ đỏ / Sổ hồng,19/04/202500:00
"Bán  Nhà mặt phố tạiPhường Phúc Diễn, Quận Bắc Từ Liêm, Hà Nội",Thỏa thuận,"Phường Phúc Diễn, Quận Bắc Từ Liêm, Hà Nội",119 m²,,,8,,19/04/202500:00
"Bán  Nhà riêng tạiĐường Huyền Kỳ, Phường Phú Lãm, Hà Đông, Hà Nội","5,60 tỷ","Đường Huyền Kỳ, Phường Phú Lãm, Hà Đông, Hà Nội",33 m²,6 PN,3 WC,4,Sổ đỏ / Sổ hồng,18/04/202500:00
"Bán  Nhà riêng tạiSố 335, Đường An Dương Vương, Phường Phú Thượng, Tây Hồ, Hà Nội","16,20 tỷ","Số 335, Đường An Dương Vương, Phường Phú Thượng, Tây Hồ, Hà Nội",63 m²,7 PN,7 WC,7,Sổ đỏ / Sổ hồng,18/04/202500:00
"Bán  Nhà riêng tạiPhường Ngọc Lâm, Quận Long Biên, Hà Nội","9,80 tỷ","Phường Ngọc Lâm, Quận Long Biên, Hà Nội",48 m²,4 PN,4 WC,4,Sổ đỏ / Sổ hồng,18/04/202500:00
"Bán  Nhà mặt phố tạiPhường Đức Giang, Quận Long Biên, Hà Nội","9,80 tỷ","Phường Đức Giang, Quận Long Biên, Hà Nội",48 m²,3 PN,4 WC,6,Sổ đỏ / Sổ hồng,18/04/202500:00
"Bán  Nhà riêng tạiSố 37A, Đường Ngọc Lâm, Phường Ngọc Lâm, Long Biên, Hà Nội","8,65 tỷ","Số 37A, Đường Ngọc Lâm, Phường Ngọc Lâm, Long Biên, Hà Nội",35 m²,3 PN,4 WC,6,Sổ đỏ / Sổ hồng,18/04/202500:00
"Bán  Nhà riêng tạiPhường Dương Nội, Quận Hà Đông, Hà Nội",538 triệu,"Phường Dương Nội, Quận Hà Đông, Hà Nội",32 m²,4 PN,4 WC,5,Sổ đỏ / Sổ hồng,18/04/202500:00
"Bán  Nhà mặt phố tạiNghi Tàm, Phường Quảng An, Quận Tây Hồ, Hà Nội","44,80 tỷ","Nghi Tàm, Phường Quảng An, Quận Tây Hồ, Hà Nội",90 m²,5 PN,5 WC,6,Sổ đỏ / Sổ hồng,18/04/202500:00
"Bán  Nhà riêng tạiĐường An Dương Vương, Phường Phú Thượng, Tây Hồ, Hà Nội","6,50 tỷ","Đường An Dương Vương, Phường Phú Thượng, Tây Hồ, Hà Nội",40 m²,3 PN,4 WC,5,Sổ đỏ / Sổ hồng,18/04/202500:00
"Bán  Nhà mặt phố tạiĐường 19/5, Văn Quán, Hà Đông, Hà Nội",31 tỷ,"Đường 19/5, Văn Quán, Hà Đông, Hà Nội",55 m²,,9 WC,10,Sổ đỏ / Sổ hồng,18/04/202500:00
"Bán  Nhà riêng tạiPhường Hà Cầu, Quận Hà Đông, Hà Nội","6,25 tỷ","Phường Hà Cầu, Quận Hà Đông, Hà Nội",33 m²,4 PN,4 WC,4,Sổ đỏ / Sổ hồng,18/04/202500:00
"Bán  Nhà riêng tạiĐường Phố Trạm, Phường Long Biên, Long Biên, Hà Nội","16,80 tỷ","Đường Phố Trạm, Phường Long Biên, Long Biên, Hà Nội",57 m²,4 PN,6 WC,7,Sổ đỏ / Sổ hồng,18/04/202500:00
"Bán  Nhà riêng tạiPhường Ngọc Lâm, Quận Long Biên, Hà Nội","6,40 tỷ","Phường Ngọc Lâm, Quận Long Biên, Hà Nội",37 m²,3 PN,3 WC,4,Sổ đỏ / Sổ hồng,18/04/202500:00
"Bán  Nhà mặt phố tạiĐường Nghi Tàm, Phường Yên Phụ, Quận Tây Hồ, Hà Nội",25 tỷ,"Đường Nghi Tàm, Phường Yên Phụ, Quận Tây Hồ, Hà Nội",40 m²,6 PN,,7,Sổ đỏ / Sổ hồng,18/04/202500:00
"Bán  Nhà riêng tạiPhường Tương Mai, Quận Hoàng Mai, Hà Nội",12 tỷ,"Phường Tương Mai, Quận Hoàng Mai, Hà Nội",46 m²,,,3,Sổ đỏ / Sổ hồng,18/04/202500:00
"Bán  Nhà riêng tạiPhường Mai Động, Quận Hoàng Mai, Hà Nội","5,70 tỷ","Phường Mai Động, Quận Hoàng Mai, Hà Nội",35 m²,3 PN,2 WC,3,,18/04/202500:00
"Bán  Nhà riêng tạiPhường Hà Cầu, Quận Hà Đông, Hà Nội","7,95 tỷ","Phường Hà Cầu, Quận Hà Đông, Hà Nội",32 m²,3 PN,4 WC,5,Sổ đỏ / Sổ hồng,18/04/202500:00
"Bán  Nhà biệt thự, liền kề tạiĐường Nguyễn Duy Trinh, Hoàng Liệt, Hoàng Mai",78 tỷ,"Đường Nguyễn Duy Trinh, Hoàng Liệt, Hoàng Mai",254 m²,6 PN,8 WC,5,Sổ đỏ / Sổ hồng,18/04/202500:00
"Bán  Nhà riêng tạiTổ 2, Đường Đa Sỹ, Phường Kiến Hưng, Hà Đông, Hà Nội","7,30 tỷ","Tổ 2, Đường Đa Sỹ, Phường Kiến Hưng, Hà Đông, Hà Nội",40 m²,3 PN,,4,Sổ đỏ / Sổ hồng,18/04/202500:00
"Bán  Nhà riêng tạiPhường Lĩnh Nam, Hoàng Mai, Hà Nội","6,20 tỷ","Phường Lĩnh Nam, Hoàng Mai, Hà Nội",33 m²,4 PN,2 WC,4,Sổ đỏ / Sổ hồng,18/04/202500:00
"Bán  Nhà mặt phố tạiPhường Quang Trung, Quận Hà Đông, Hà Nội","15,50 tỷ","Phường Quang Trung, Quận Hà Đông, Hà Nội",40 m²,3 PN,3 WC,4,Sổ đỏ / Sổ hồng,18/04/202500:00
"Bán  Nhà riêng tạiLạc Long Quân, Phường Bưởi, Quận Tây Hồ, Hà Nội","21,50 tỷ","Lạc Long Quân, Phường Bưởi, Quận Tây Hồ, Hà Nội",57 m²,5 PN,7 WC,7,,18/04/202500:00
"Bán  Nhà mặt phố tạiĐường Phố Trạm, Phường Thạch Bàn, Long Biên, Hà Nội","7,30 tỷ","Đường Phố Trạm, Phường Thạch Bàn, Long Biên, Hà Nội",45 m²,4 PN,,4,Sổ đỏ / Sổ hồng,18/04/202500:00
"Bán  Nhà riêng tạiPhường Ngọc Lâm, Long Biên, Hà Nội","10,93 tỷ","Phường Ngọc Lâm, Long Biên, Hà Nội","46,5 m²",4 PN,2 WC,3,Sổ đỏ / Sổ hồng,18/04/202500:00
"Bán  Nhà mặt phố tạiPhường Nhật Tân, Quận Tây Hồ, Hà Nội",95 tỷ,"Phường Nhật Tân, Quận Tây Hồ, Hà Nội",93 m²,8 PN,8 WC,5,Sổ đỏ / Sổ hồng,18/04/202500:00
"Bán  Nhà mặt phố tạiGiáp Bát, Phường Giáp Bát, Quận Hoàng Mai, Hà Nội","18,90 tỷ","Giáp Bát, Phường Giáp Bát, Quận Hoàng Mai, Hà Nội",132 m²,8 PN,8 WC,5,Sổ đỏ / Sổ hồng,18/04/202500:00
"Bán  Nhà riêng tạiPhường Thạch Bàn, Long Biên, Hà Nội","6,89 tỷ","Phường Thạch Bàn, Long Biên, Hà Nội",40 m²,3 PN,2 WC,6,Sổ đỏ / Sổ hồng,18/04/202500:00
"Bán  Nhà riêng tạiĐường Xuân Đỉnh, Phường Minh Khai, Bắc Từ Liêm, Hà Nội","6,85 tỷ","Đường Xuân Đỉnh, Phường Minh Khai, Bắc Từ Liêm, Hà Nội",35 m²,3 PN,4 WC,5,Sổ đỏ / Sổ hồng,18/04/202500:00
"Bán  Nhà riêng tạiPhường Mỗ Lao, Hà Đông, Hà Nội","30,45 tỷ","Phường Mỗ Lao, Hà Đông, Hà Nội",105 m²,4 PN,4 WC,6,Sổ đỏ / Sổ hồng,18/04/202500:00
"Bán  Nhà riêng tạiĐường Hồ Tùng Mậu, Phường Cầu Diễn, Nam Từ Liêm, Hà Nội","9,85 tỷ","Đường Hồ Tùng Mậu, Phường Cầu Diễn, Nam Từ Liêm, Hà Nội",38 m²,3 PN,3 WC,7,Sổ đỏ / Sổ hồng,18/04/202500:00
"Bán  Nhà riêng tạiPhường La Khê, Quận Hà Đông, Hà Nội","13,60 tỷ","Phường La Khê, Quận Hà Đông, Hà Nội",50 m²,7 PN,6 WC,7,,18/04/202500:00
"Bán  Nhà riêng tạiĐường Tu Hoàng, Phường Phương Canh, Nam Từ Liêm, Hà Nội",10 tỷ,"Đường Tu Hoàng, Phường Phương Canh, Nam Từ Liêm, Hà Nội",41 m²,6 PN,4 WC,5,Sổ đỏ / Sổ hồng,18/04/202500:00
"Bán  Nhà riêng tạiĐường Đền Lừ 1, Phường Hoàng Văn Thụ, Hoàng Mai, Hà Nội","7,55 tỷ","Đường Đền Lừ 1, Phường Hoàng Văn Thụ, Hoàng Mai, Hà Nội",38 m²,4 PN,3 WC,5,Sổ đỏ / Sổ hồng,18/04/202500:00
"Bán  Nhà riêng tạiPhường Phú Diễn, Bắc Từ Liêm, Hà Nội","14,30 tỷ","Phường Phú Diễn, Bắc Từ Liêm, Hà Nội",59 m²,17 PN,17 WC,7,Sổ đỏ / Sổ hồng,18/04/202500:00
"Bán  Nhà riêng tạiNgõ 406, Đường Âu Cơ, Phường Nhật Tân, Tây Hồ, Hà Nội","12,80 tỷ","Ngõ 406, Đường Âu Cơ, Phường Nhật Tân, Tây Hồ, Hà Nội",84 m²,3 PN,3 WC,3,Sổ đỏ / Sổ hồng,18/04/202500:00
"Bán  Nhà riêng tạiĐường Lê Hồng Phong, Phường Hà Cầu, Hà Đông, Hà Nội","10,30 tỷ","Đường Lê Hồng Phong, Phường Hà Cầu, Hà Đông, Hà Nội",40 m²,5 PN,5 WC,5,Sổ đỏ / Sổ hồng,18/04/202500:00
"Bán  Nhà riêng tạiĐường An Dương Vương, Phường Phú Thượng, Tây Hồ, Hà Nội","8,50 tỷ","Đường An Dương Vương, Phường Phú Thượng, Tây Hồ, Hà Nội",46 m²,4 PN,2 WC,4,Sổ đỏ / Sổ hồng,18/04/202500:00
"Bán  Nhà riêng tạiĐường Miếu Đầm, Phường Mễ Trì, Nam Từ Liêm, Hà Nội.","6,30 tỷ","Đường Miếu Đầm, Phường Mễ Trì, Nam Từ Liêm, Hà Nội.",30 m²,4 PN,5 WC,5,Sổ đỏ / Sổ hồng,18/04/202500:00
"Bán  Nhà riêng tạiĐường Hoàng Quốc Việt, Phường Cổ Nhuế 1, Bắc Từ Liêm, Hà Nội",15 tỷ,"Đường Hoàng Quốc Việt, Phường Cổ Nhuế 1, Bắc Từ Liêm, Hà Nội",60 m²,5 PN,5 WC,2,Sổ đỏ / Sổ hồng,18/04/202500:00
"Bán  Nhà riêng tạiPhường Thịnh Liệt, Hoàng Mai, Hà Nội","7,40 tỷ","Phường Thịnh Liệt, Hoàng Mai, Hà Nội",40 m²,6 PN,4 WC,5,Sổ đỏ / Sổ hồng,18/04/202500:00
"Bán  Nhà riêng tạiPhường Yên Nghĩa, Quận Hà Đông, Hà Nội","5,05 tỷ","Phường Yên Nghĩa, Quận Hà Đông, Hà Nội","31,7 m²",3 PN,4 WC,5,,18/04/202500:00
"Bán  Nhà riêng tạiPhường Trung Văn, Quận Nam Từ Liêm, Hà Nội","9,95 tỷ","Phường Trung Văn, Quận Nam Từ Liêm, Hà Nội",83 m²,10 PN,4 WC,4,Sổ đỏ / Sổ hồng,18/04/202500:00
"Bán  Nhà riêng tạiĐường An Dương, Phường Yên Phụ, Tây Hồ, Hà Nội","12,40 tỷ","Đường An Dương, Phường Yên Phụ, Tây Hồ, Hà Nội",62 m²,3 PN,3 WC,2,Sổ đỏ / Sổ hồng,18/04/202500:00
"Bán  Nhà riêng tạiĐường Đại Cát, Phường Liên Mạc, Bắc Từ Liêm, Hà Nội","4,35 tỷ","Đường Đại Cát, Phường Liên Mạc, Bắc Từ Liêm, Hà Nội",35 m²,3 PN,4 WC,5,Sổ đỏ / Sổ hồng,18/04/202500:00
"Bán  Nhà riêng tạiĐịnh Công, Phường Định Công, Quận Hoàng Mai, Hà Nội",6 tỷ,"Định Công, Phường Định Công, Quận Hoàng Mai, Hà Nội",37 m²,2 PN,3 WC,4,,18/04/202500:00
"Bán  Nhà riêng tạiHoàng Mai, Phường Giáp Bát, Quận Hoàng Mai, Hà Nội",7 tỷ,"Hoàng Mai, Phường Giáp Bát, Quận Hoàng Mai, Hà Nội",34 m²,3 PN,4 WC,5,,18/04/202500:00
"Bán  Nhà riêng tạiPhường Đại Kim, Quận Hoàng Mai, Hà Nội","5,60 tỷ","Phường Đại Kim, Quận Hoàng Mai, Hà Nội",36 m²,4 PN,4 WC,5,Sổ đỏ / Sổ hồng,18/04/202500:00
"Bán  Nhà riêng tạiPhường Nhật Tân, Quận Tây Hồ, Hà Nội","6,25 tỷ","Phường Nhật Tân, Quận Tây Hồ, Hà Nội",31 m²,3 PN,3 WC,5,Sổ đỏ / Sổ hồng,18/04/202500:00
"Bán  Nhà riêng tạiPhường Xuân La, Quận Tây Hồ, Hà Nội",Thỏa thuận,"Phường Xuân La, Quận Tây Hồ, Hà Nội",53 m²,4 PN,5 WC,6,,18/04/202500:00
"Bán  Nhà riêng tạiThượng Thanh, Phường Thượng Thanh, Quận Long Biên, Hà Nội","4,85 tỷ","Thượng Thanh, Phường Thượng Thanh, Quận Long Biên, Hà Nội",33 m²,2 PN,3 WC,3,Sổ đỏ / Sổ hồng,18/04/202500:00
"Bán  Nhà riêng tạiGiáp Nhị, Phường Giáp Bát, Quận Hoàng Mai, Hà Nội",6 tỷ,"Giáp Nhị, Phường Giáp Bát, Quận Hoàng Mai, Hà Nội",36 m²,3 PN,4 WC,5,Sổ đỏ / Sổ hồng,18/04/202500:00
"Bán  Nhà riêng tạiAn Dương, Phường Yên Phụ, Quận Tây Hồ, Hà Nội","7,95 tỷ","An Dương, Phường Yên Phụ, Quận Tây Hồ, Hà Nội",41 m²,3 PN,3 WC,5,,18/04/202500:00
"Bán  Nhà riêng tạiLạc Long Quân, Phường Thụy Khuê, Quận Tây Hồ, Hà Nội","21,50 tỷ","Lạc Long Quân, Phường Thụy Khuê, Quận Tây Hồ, Hà Nội",65 m²,6 PN,4 WC,6,,18/04/202500:00
"Bán  Nhà riêng tạiPhường Quang Trung, Quận Hà Đông, Hà Nội",638 triệu,"Phường Quang Trung, Quận Hà Đông, Hà Nội",40 m²,4 PN,4 WC,5,,18/04/202500:00
"Bán  Nhà riêng tạiPhường Phú Diễn, Bắc Từ Liêm, Hà Nội",10 tỷ,"Phường Phú Diễn, Bắc Từ Liêm, Hà Nội",55 m²,,,,Sổ đỏ / Sổ hồng,18/04/202500:00
"Bán  Nhà riêng tạiPhường Phú Diễn, Quận Bắc Từ Liêm, Hà Nội","11,30 tỷ","Phường Phú Diễn, Quận Bắc Từ Liêm, Hà Nội",54 m²,4 PN,,4,,18/04/202500:00
"Bán  Nhà riêng tạiKđt Kim Giang, Phường Đại Kim, Quận Hoàng Mai, Hà Nội","6,50 tỷ","Kđt Kim Giang, Phường Đại Kim, Quận Hoàng Mai, Hà Nội",35 m²,4 PN,4 WC,4,,18/04/202500:00
"Bán  Nhà riêng tạiPhường Yên Phụ, Quận Tây Hồ, Hà Nội","7,90 tỷ","Phường Yên Phụ, Quận Tây Hồ, Hà Nội",40 m²,3 PN,3 WC,5,Sổ đỏ / Sổ hồng,18/04/202500:00
"Bán  Nhà mặt phố tạiĐường Phố Trạm, Phường Long Biên, Long Biên, Hà Nội","7,20 tỷ","Đường Phố Trạm, Phường Long Biên, Long Biên, Hà Nội","60,4 m²",3 PN,3 WC,3,Sổ đỏ / Sổ hồng,18/04/202500:00
"Bán  Nhà riêng tạiPhường Văn Quán, Quận Hà Đông, Hà Nội","11,50 tỷ","Phường Văn Quán, Quận Hà Đông, Hà Nội",50 m²,,,6,Sổ đỏ / Sổ hồng,18/04/202500:00
"Bán  Nhà riêng tạiLạc Long Quân, Phường Bưởi, Quận Tây Hồ, Hà Nội",19 tỷ,"Lạc Long Quân, Phường Bưởi, Quận Tây Hồ, Hà Nội",75 m²,6 PN,4 WC,5,,18/04/202500:00
"Bán  Nhà riêng tạiTrần Phú, Phường Văn Quán, Quận Hà Đông, Hà Nội",678 triệu,"Trần Phú, Phường Văn Quán, Quận Hà Đông, Hà Nội",30 m²,4 PN,4 WC,5,,18/04/202500:00
"Bán  Nhà riêng tạiPhường Kiến Hưng, Quận Hà Đông, Hà Nội","5,95 tỷ","Phường Kiến Hưng, Quận Hà Đông, Hà Nội",30 m²,3 PN,4 WC,5,Sổ đỏ / Sổ hồng,18/04/202500:00
"Bán  Nhà riêng tạiTân Mai, Phường Thịnh Liệt, Quận Hoàng Mai, Hà Nội","6,30 tỷ","Tân Mai, Phường Thịnh Liệt, Quận Hoàng Mai, Hà Nội",30 m²,,,5,Sổ đỏ / Sổ hồng,18/04/202500:00
"Bán  Nhà riêng tạiNghĩa Lộ, Yên Nghĩa, Hà Đông, Hà Nội","5,80 tỷ","Nghĩa Lộ, Yên Nghĩa, Hà Đông, Hà Nội",38 m²,,4 WC,5,Sổ đỏ / Sổ hồng,18/04/202500:00
"Bán  Nhà riêng tạiĐường Phạm Văn Đồng, Phường Xuân Đỉnh, Quận Bắc Từ Liêm, Hà Nội","15,80 tỷ","Đường Phạm Văn Đồng, Phường Xuân Đỉnh, Quận Bắc Từ Liêm, Hà Nội",54 m²,4 PN,,7,,18/04/202500:00
"Bán  Nhà mặt phố tạiĐường Ngọc Thụy, Phường Ngọc Thụy, Long Biên, Hà Nội","13,50 tỷ","Đường Ngọc Thụy, Phường Ngọc Thụy, Long Biên, Hà Nội",44 m²,3 PN,5 WC,7,Sổ đỏ / Sổ hồng,18/04/202500:00
"Bán  Nhà riêng tạiĐường Trần Cung, Phường Cổ Nhuế 1, Quận Bắc Từ Liêm, Hà Nội",11 tỷ,"Đường Trần Cung, Phường Cổ Nhuế 1, Quận Bắc Từ Liêm, Hà Nội",50 m²,4 PN,4 WC,5,Sổ đỏ / Sổ hồng,18/04/202500:00
"Bán  Nhà riêng tạiVõ Chí Công, Phường Xuân La, Tây Hồ, Hà Nội","7,60 tỷ","Võ Chí Công, Phường Xuân La, Tây Hồ, Hà Nội",38 m²,3 PN,4 WC,5,Sổ đỏ / Sổ hồng,18/04/202500:00
"Bán  Nhà mặt phố tạiĐường Nguyễn Văn Cừ, Phường Ngọc Lâm, Long Biên, Hà Nội","11,80 tỷ","Đường Nguyễn Văn Cừ, Phường Ngọc Lâm, Long Biên, Hà Nội",52 m²,6 PN,6 WC,5,Sổ đỏ / Sổ hồng,17/04/202500:00
"Bán  Nhà riêng tạiĐường Phúc Diễn, Phường Xuân Phương, Nam Từ Liêm, Hà Nội",Thỏa thuận,"Đường Phúc Diễn, Phường Xuân Phương, Nam Từ Liêm, Hà Nội",76 m²,5 PN,,,Hợp đồng mua bán,17/04/202500:00
"Bán  Nhà riêng tạiPhường Sài Đồng, Long Biên, Hà Nội","7,60 tỷ","Phường Sài Đồng, Long Biên, Hà Nội",45 m²,4 PN,3 WC,5,Sổ đỏ / Sổ hồng,17/04/202500:00
"Bán  Nhà riêng tạiNgõ 12, Đường Quang Trung, Phường Quang Trung, Hà Đông, Hà Nội","6,95 tỷ","Ngõ 12, Đường Quang Trung, Phường Quang Trung, Hà Đông, Hà Nội",37 m²,4 PN,4 WC,5,Sổ đỏ / Sổ hồng,17/04/202500:00
"Bán  Nhà riêng tạiĐường Yên Lộ, Phường Yên Nghĩa, Hà Đông, Hà Nội","4,60 tỷ","Đường Yên Lộ, Phường Yên Nghĩa, Hà Đông, Hà Nội",35 m²,2 PN,4 WC,5,Sổ đỏ / Sổ hồng,17/04/202500:00
"Bán Nhà biệt thự, liền kề theo dự ánLouis City Hoàng Mai tại Dự án Louis City Hoàng Mai, Đường Tân Mai, Phường Hoàng Văn Thụ, Hoàng Mai, Hà Nội",Thỏa thuận,"Dự án Louis City Hoàng Mai, Đường Tân Mai, Phường Hoàng Văn Thụ, Hoàng Mai, Hà Nội","112,8 m²",6 PN,6 WC,5,Sổ đỏ / Sổ hồng,17/04/202500:00
"Bán  Nhà riêng tạiĐường Nguyễn Sơn, Phường Bồ Đề, Long Biên, Hà Nội","24,90 tỷ","Đường Nguyễn Sơn, Phường Bồ Đề, Long Biên, Hà Nội",110 m²,,,4,Sổ đỏ / Sổ hồng,17/04/202500:00
"Bán  Nhà riêng tạiđường Mỹ Đình, Phường Mỹ Đình 1, Nam Từ Liêm, Hà Nội","11,70 tỷ","đường Mỹ Đình, Phường Mỹ Đình 1, Nam Từ Liêm, Hà Nội",75 m²,8 PN,6 WC,5,Sổ đỏ / Sổ hồng,17/04/202500:00
"Bán  Nhà riêng tạiĐường Trịnh Đình Cửu, Phường Định Công, Hoàng Mai, Hà Nội","1,95 tỷ","Đường Trịnh Đình Cửu, Phường Định Công, Hoàng Mai, Hà Nội",33 m²,2 PN,2 WC,2,,17/04/202500:00
"Bán  Nhà riêng tạiPhố Vạn Phúc, Phường Vạn Phúc, Hà Đông, Hà Nội","7,20 tỷ","Phố Vạn Phúc, Phường Vạn Phúc, Hà Đông, Hà Nội",38 m²,4 PN,3 WC,5,Sổ đỏ / Sổ hồng,17/04/202500:00
"Bán  Nhà riêng tạiĐường Đàm Quang Trung, Phường Thạch Bàn, Long Biên, Hà Nội","9,20 tỷ","Đường Đàm Quang Trung, Phường Thạch Bàn, Long Biên, Hà Nội",45 m²,4 PN,5 WC,6,Sổ đỏ / Sổ hồng,17/04/202500:00
"Bán  Nhà riêng tạiĐường Tô Hiệu, Phường Hà Cầu, Hà Đông, Hà Nội","7,90 tỷ","Đường Tô Hiệu, Phường Hà Cầu, Hà Đông, Hà Nội",37 m²,7 PN,4 WC,5,Sổ đỏ / Sổ hồng,17/04/202500:00
"Bán  Nhà riêng tạiĐường Cổ Nhuế, Phường Cổ Nhuế 2, Bắc Từ Liêm, Hà Nội","9,08 tỷ","Đường Cổ Nhuế, Phường Cổ Nhuế 2, Bắc Từ Liêm, Hà Nội",62 m²,4 PN,3 WC,4,Sổ đỏ / Sổ hồng,17/04/202500:00
"Bán  Nhà riêng tạiĐường Võ Chí Công, Phường Xuân La, Tây Hồ, Hà Nội",Thỏa thuận,"Đường Võ Chí Công, Phường Xuân La, Tây Hồ, Hà Nội",41 m²,3 PN,,5,Sổ đỏ / Sổ hồng,17/04/202500:00
"Bán  Nhà riêng tạiĐường Ngọc Thụy, Phường Ngọc Thụy, Long Biên, Hà Nội","20,50 tỷ","Đường Ngọc Thụy, Phường Ngọc Thụy, Long Biên, Hà Nội","73,4 m²",3 PN,3 WC,4,Sổ đỏ / Sổ hồng,17/04/202500:00
"Bán  Nhà riêng tạiĐường Đàm Quang Trung, Phường Long Biên, Long Biên, Hà Nội","9,20 tỷ","Đường Đàm Quang Trung, Phường Long Biên, Long Biên, Hà Nội",45 m²,4 PN,4 WC,6,Sổ đỏ / Sổ hồng,17/04/202500:00
"Bán  Nhà mặt phố tạiĐường Nguyễn Văn Cừ, Phường Gia Thụy, Long Biên, Hà Nội","9,80 tỷ","Đường Nguyễn Văn Cừ, Phường Gia Thụy, Long Biên, Hà Nội",55 m²,4 PN,,6,Sổ đỏ / Sổ hồng,17/04/202500:00
"Bán  Nhà riêng tạiĐường Xuân Đỉnh, Phường Xuân La, Tây Hồ, Hà Nội","10,80 tỷ","Đường Xuân Đỉnh, Phường Xuân La, Tây Hồ, Hà Nội",45 m²,4 PN,4 WC,4,Sổ đỏ / Sổ hồng,17/04/202500:00
"Bán  Nhà riêng tạiPhường Thạch Bàn, Long Biên, Hà Nội","6,95 tỷ","Phường Thạch Bàn, Long Biên, Hà Nội",45 m²,6 PN,4 WC,5,Sổ đỏ / Sổ hồng,17/04/202500:00
"Bán  Nhà riêng tạiĐường Giáp Nhị, Phường Thịnh Liệt, Hoàng Mai, Hà Nội","11,30 tỷ","Đường Giáp Nhị, Phường Thịnh Liệt, Hoàng Mai, Hà Nội","88,5 m²",,,2,,17/04/202500:00
"Bán  Nhà mặt phố tạiĐường Tựu Liệt, Phường Thanh Trì, Hoàng Mai, Hà Nội","8,60 tỷ","Đường Tựu Liệt, Phường Thanh Trì, Hoàng Mai, Hà Nội",51 m²,4 PN,4 WC,5,Sổ đỏ / Sổ hồng,17/04/202500:00
"Bán  Nhà riêng tạiĐường Xuân Phương, Phường Xuân Phương, Nam Từ Liêm, Hà Nội","19,80 tỷ","Đường Xuân Phương, Phường Xuân Phương, Nam Từ Liêm, Hà Nội",90 m²,,,5,Sổ đỏ / Sổ hồng,17/04/202500:00
"Bán  Nhà riêng tạiPhường Phúc Lợi, Long Biên, Hà Nội","11,50 tỷ","Phường Phúc Lợi, Long Biên, Hà Nội",50 m²,5 PN,7 WC,7,Sổ đỏ / Sổ hồng,17/04/202500:00
"Bán  Nhà riêng tạiĐường Nguyễn Văn Linh, Phường Thạch Bàn, Long Biên, Hà Nội","12,79 tỷ","Đường Nguyễn Văn Linh, Phường Thạch Bàn, Long Biên, Hà Nội",58 m²,4 PN,4 WC,5,Sổ đỏ / Sổ hồng,17/04/202500:00
"Bán  Nhà riêng tạiPhường Bồ Đề, Quận Long Biên, Hà Nội","10,10 tỷ","Phường Bồ Đề, Quận Long Biên, Hà Nội",48 m²,4 PN,4 WC,4,,17/04/202500:00
"Bán  Nhà riêng tạiPhường Bồ Đề, Quận Long Biên, Hà Nội","8,90 tỷ","Phường Bồ Đề, Quận Long Biên, Hà Nội",40 m²,3 PN,3 WC,4,Sổ đỏ / Sổ hồng,17/04/202500:00
"Bán  Nhà riêng tạiPhường Tây Mỗ, Quận Nam Từ Liêm, Hà Nội","6,65 tỷ","Phường Tây Mỗ, Quận Nam Từ Liêm, Hà Nội",40 m²,5 PN,4 WC,5,Sổ đỏ / Sổ hồng,17/04/202500:00
"Bán  Nhà riêng tạiĐường Vĩnh Hưng, Phường Vĩnh Hưng, Hoàng Mai, Hà Nội","1,60 tỷ","Đường Vĩnh Hưng, Phường Vĩnh Hưng, Hoàng Mai, Hà Nội",22 m²,2 PN,2 WC,3,Hợp đồng mua bán,17/04/202500:00
"Bán  Nhà riêng tạiĐường Phú Mỹ, Phường Mỹ Đình 2, Nam Từ Liêm, Hà Nội",Thỏa thuận,"Đường Phú Mỹ, Phường Mỹ Đình 2, Nam Từ Liêm, Hà Nội",45 m²,9 PN,9 WC,5,Sổ đỏ / Sổ hồng,17/04/202500:00
"Bán  Nhà riêng tạiĐường Võ Chí Công, Phường Xuân La, Tây Hồ, Hà Nội",Thỏa thuận,"Đường Võ Chí Công, Phường Xuân La, Tây Hồ, Hà Nội",50 m²,6 PN,,5,Sổ đỏ / Sổ hồng,17/04/202500:00
"Bán  Nhà mặt phố tạiĐường Mậu Lương, Phường Kiến Hưng, Hà Đông, Hà Nội",24 tỷ,"Đường Mậu Lương, Phường Kiến Hưng, Hà Đông, Hà Nội",113 m²,3 PN,3 WC,3,Sổ đỏ / Sổ hồng,17/04/202500:00
"Bán  Nhà riêng tạiĐường Yên Lộ, Phường Yên Nghĩa, Hà Đông, Hà Nội","6,10 tỷ","Đường Yên Lộ, Phường Yên Nghĩa, Hà Đông, Hà Nội",36 m²,3 PN,3 WC,4,Sổ đỏ / Sổ hồng,17/04/202500:00
"Bán  Nhà riêng tạiĐường Kim Giang, Phường Đại Kim, Hoàng Mai, Hà Nội","12,50 tỷ","Đường Kim Giang, Phường Đại Kim, Hoàng Mai, Hà Nội",46 m²,4 PN,3 WC,4,Sổ đỏ / Sổ hồng,17/04/202500:00
"Bán  Nhà riêng tạiĐường Cổ Nhuế, Phường Đức Thắng, Bắc Từ Liêm, Hà Nội","14,80 tỷ","Đường Cổ Nhuế, Phường Đức Thắng, Bắc Từ Liêm, Hà Nội",64 m²,3 PN,4 WC,3,Sổ đỏ / Sổ hồng,17/04/202500:00
"Bán  Nhà riêng tạiĐường Lê Đức Thọ, Phường Mỹ Đình 2, Nam Từ Liêm, Hà Nội",11 tỷ,"Đường Lê Đức Thọ, Phường Mỹ Đình 2, Nam Từ Liêm, Hà Nội",45 m²,6 PN,4 WC,4,Sổ đỏ / Sổ hồng,17/04/202500:00
"Bán Nhà biệt thự, liền kề theo dự ánVinhomes Riverside tại Dự án Vinhomes Riverside, Đường Hoa Phượng 7, Phường Phúc Lợi, Long Biên, Hà Nội","45,50 tỷ","Dự án Vinhomes Riverside, Đường Hoa Phượng 7, Phường Phúc Lợi, Long Biên, Hà Nội","170,5 m²",4 PN,4 WC,3,,17/04/202500:00
"Bán  Nhà riêng tạiNguyễn Văn Trỗi, Phường Mộ Lao, Quận Hà Đông, Hà Nội",15 tỷ,"Nguyễn Văn Trỗi, Phường Mộ Lao, Quận Hà Đông, Hà Nội",60 m²,2 PN,1 WC,2,Sổ đỏ / Sổ hồng,17/04/202500:00
"Bán  Nhà riêng tạiĐường Hồ Tùng Mậu, Phường Cầu Diễn, Nam Từ Liêm, Hà Nội","9,60 tỷ","Đường Hồ Tùng Mậu, Phường Cầu Diễn, Nam Từ Liêm, Hà Nội",55 m²,4 PN,4 WC,4,Sổ đỏ / Sổ hồng,17/04/202500:00
"Bán  Nhà riêng tạiLê Hồng Phong, Phường Hà Cầu, Quận Hà Đông, Hà Nội","6,95 tỷ","Lê Hồng Phong, Phường Hà Cầu, Quận Hà Đông, Hà Nội",36 m²,3 PN,4 WC,5,Sổ đỏ / Sổ hồng,17/04/202500:00
"Bán  Nhà biệt thự, liền kề tạiKđt Văn Quán, Phường Văn Quán, Quận Hà Đông, Hà Nội","1,40 tỷ","Kđt Văn Quán, Phường Văn Quán, Quận Hà Đông, Hà Nội","83,2 m²",4 PN,4 WC,4,Sổ đỏ / Sổ hồng,17/04/202500:00
"Bán  Nhà riêng tạiĐường Hoàng Mai, Phường Mai Động, Hoàng Mai, Hà Nội","6,95 tỷ","Đường Hoàng Mai, Phường Mai Động, Hoàng Mai, Hà Nội",40 m²,4 PN,3 WC,4,Sổ đỏ / Sổ hồng,17/04/202500:00
"Bán  Nhà riêng tạiĐường Đình Thôn, Phường Mỹ Đình 1, Nam Từ Liêm, Hà Nội",Thỏa thuận,"Đường Đình Thôn, Phường Mỹ Đình 1, Nam Từ Liêm, Hà Nội",46 m²,2 PN,1 WC,5,Sổ đỏ / Sổ hồng,17/04/202500:00
"Bán  Nhà riêng tạiĐường Ngọc Lâm, Phường Ngọc Lâm, Long Biên, Hà Nội","12,50 tỷ","Đường Ngọc Lâm, Phường Ngọc Lâm, Long Biên, Hà Nội",75 m²,6 PN,6 WC,5,Sổ đỏ / Sổ hồng,17/04/202500:00
"Bán  Nhà riêng tạiĐường Kim Giang, Phường Đại Kim, Hoàng Mai, Hà Nội","12,60 tỷ","Đường Kim Giang, Phường Đại Kim, Hoàng Mai, Hà Nội",55 m²,4 PN,5 WC,6,Sổ đỏ / Sổ hồng,17/04/202500:00
"Bán  Nhà riêng tạiPhường Tương Mai, Quận Hoàng Mai, Hà Nội","12,50 tỷ","Phường Tương Mai, Quận Hoàng Mai, Hà Nội",60 m²,5 PN,6 WC,6,Sổ đỏ / Sổ hồng,17/04/202500:00
"Bán  Nhà riêng tạiPhường Quang Trung, Quận Hà Đông, Hà Nội","12,60 tỷ","Phường Quang Trung, Quận Hà Đông, Hà Nội",45 m²,3 PN,3 WC,5,Sổ đỏ / Sổ hồng,17/04/202500:00
"Bán  Nhà riêng tạiLạc Long Quân, Phường Nhật Tân, Quận Tây Hồ, Hà Nội","9,60 tỷ","Lạc Long Quân, Phường Nhật Tân, Quận Tây Hồ, Hà Nội",64 m²,8 PN,8 WC,6,Sổ đỏ / Sổ hồng,17/04/202500:00
"Bán  Nhà riêng tạiNgõ 401, Đường Xuân Đỉnh, Phường Xuân Đỉnh, Bắc Từ Liêm, Hà Nội","6,68 tỷ","Ngõ 401, Đường Xuân Đỉnh, Phường Xuân Đỉnh, Bắc Từ Liêm, Hà Nội",30 m²,,,5,Sổ đỏ / Sổ hồng,17/04/202500:00
"Bán Nhà biệt thự, liền kề theo dự ánFLC Premier Parc Đại Mỗ tại Dự án FLC Premier Parc Đại Mỗ, Đường 70, Phường Đại Mỗ, Nam Từ Liêm, Hà Nội","26,50 tỷ","Dự án FLC Premier Parc Đại Mỗ, Đường 70, Phường Đại Mỗ, Nam Từ Liêm, Hà Nội",100 m²,,,4,,17/04/202500:00
"Bán  Nhà riêng tạiPhố Trần Điền, Phường Định Công, Hoàng Mai, Hà Nội",16 tỷ,"Phố Trần Điền, Phường Định Công, Hoàng Mai, Hà Nội",65 m²,8 PN,7 WC,5,Sổ đỏ / Sổ hồng,17/04/202500:00
"Bán  Nhà riêng tạiĐường Kim Đồng, Phường Giáp Bát, Hoàng Mai, Hà Nội","7,38 tỷ","Đường Kim Đồng, Phường Giáp Bát, Hoàng Mai, Hà Nội",42 m²,4 PN,3 WC,4,Sổ đỏ / Sổ hồng,17/04/202500:00
"Bán  Nhà mặt phố tạiĐường Cổ Linh, Phường Long Biên, Long Biên, Hà Nội","18,50 tỷ","Đường Cổ Linh, Phường Long Biên, Long Biên, Hà Nội",85 m²,4 PN,6 WC,8,Sổ đỏ / Sổ hồng,17/04/202500:00
"Bán  Nhà riêng tạiđường Tây Mỗ, Phường Tây Mỗ, Nam Từ Liêm, Hà Nội","4,30 tỷ","đường Tây Mỗ, Phường Tây Mỗ, Nam Từ Liêm, Hà Nội",31 m²,3 PN,3 WC,3,Sổ đỏ / Sổ hồng,17/04/202500:00
"Bán  Nhà riêng tạiKđt Mậu Lương - Kiến Hưng, Phường Kiến Hưng, Quận Hà Đông, Hà Nội","13,60 tỷ","Kđt Mậu Lương - Kiến Hưng, Phường Kiến Hưng, Quận Hà Đông, Hà Nội",55 m²,4 PN,4 WC,4,Sổ đỏ / Sổ hồng,17/04/202500:00
"Bán  Nhà riêng tạiĐường Ngọc Lâm, Phường Ngọc Lâm, Long Biên, Hà Nội","9,50 tỷ","Đường Ngọc Lâm, Phường Ngọc Lâm, Long Biên, Hà Nội",68 m²,4 PN,2 WC,4,Sổ đỏ / Sổ hồng,17/04/202500:00
"Bán  Nhà riêng tạiNgõ 276, Đường Đại Từ, Phường Hoàng Liệt, Hoàng Mai, Hà Nội","5,60 tỷ","Ngõ 276, Đường Đại Từ, Phường Hoàng Liệt, Hoàng Mai, Hà Nội",35 m²,3 PN,3 WC,5,Sổ đỏ / Sổ hồng,17/04/202500:00
"Bán  Nhà riêng tạiĐường Bế Văn Đàn, Phường Quang Trung, Hà Đông, Hà Nội","14,50 tỷ","Đường Bế Văn Đàn, Phường Quang Trung, Hà Đông, Hà Nội",68 m²,6 PN,6 WC,4,Sổ đỏ / Sổ hồng,17/04/202500:00
"Bán  Nhà riêng tạiPhường Ngọc Thụy, Quận Long Biên, Hà Nội","8,15 tỷ","Phường Ngọc Thụy, Quận Long Biên, Hà Nội",41 m²,4 PN,4 WC,5,Sổ đỏ / Sổ hồng,17/04/202500:00
"Bán  Nhà riêng tạiPhường Cổ Nhuế 1, Bắc Từ Liêm, Hà Nội",21 tỷ,"Phường Cổ Nhuế 1, Bắc Từ Liêm, Hà Nội",65 m²,,,8,Sổ đỏ / Sổ hồng,17/04/202500:00
"Bán  Nhà riêng tạiPhố Trần Cung, Phường Cổ Nhuế 1, Bắc Từ Liêm, Hà Nội","13,60 tỷ","Phố Trần Cung, Phường Cổ Nhuế 1, Bắc Từ Liêm, Hà Nội",51 m²,4 PN,2 WC,3,Sổ đỏ / Sổ hồng,17/04/202500:00
"Bán  Nhà riêng tạiPhường Ngọc Lâm, Long Biên, Hà Nội",12 tỷ,"Phường Ngọc Lâm, Long Biên, Hà Nội",70 m²,6 PN,7 WC,5,Sổ đỏ / Sổ hồng,17/04/202500:00
"Bán  Nhà riêng tạiĐường Nguyễn Cảnh Dị, Phường Đại Kim, Hoàng Mai, Hà Nội","17,80 tỷ","Đường Nguyễn Cảnh Dị, Phường Đại Kim, Hoàng Mai, Hà Nội",54 m²,,,4,Sổ đỏ / Sổ hồng,17/04/202500:00
"Bán  Nhà riêng tạiPhường Long Biên, Quận Long Biên, Hà Nội",10 tỷ,"Phường Long Biên, Quận Long Biên, Hà Nội",52 m²,4 PN,4 WC,6,Sổ đỏ / Sổ hồng,17/04/202500:00
"Bán  Nhà riêng tạiĐường Lĩnh Nam, Phường Lĩnh Nam, Hoàng Mai, Hà Nội","6,85 tỷ","Đường Lĩnh Nam, Phường Lĩnh Nam, Hoàng Mai, Hà Nội",33 m²,,,6,Sổ đỏ / Sổ hồng,17/04/202500:00
"Bán  Nhà riêng tạiĐường Tam Trinh, Phường Yên Sở, Hoàng Mai, Hà Nội","6,20 tỷ","Đường Tam Trinh, Phường Yên Sở, Hoàng Mai, Hà Nội",42 m²,5 PN,4 WC,4,Sổ đỏ / Sổ hồng,17/04/202500:00
"Bán  Nhà riêng tạiPhường Ngọc Thụy, Quận Long Biên, Hà Nội","7,85 tỷ","Phường Ngọc Thụy, Quận Long Biên, Hà Nội",39 m²,3 PN,3 WC,4,Sổ đỏ / Sổ hồng,17/04/202500:00
"Bán  Nhà riêng tạiĐường Nguyễn Cơ Thạch, Phường Mỹ Đình 2, Nam Từ Liêm, Hà Nội","20,50 tỷ","Đường Nguyễn Cơ Thạch, Phường Mỹ Đình 2, Nam Từ Liêm, Hà Nội",55 m²,10 PN,10 WC,5,Sổ đỏ / Sổ hồng,17/04/202500:00
"Bán  Nhà riêng tạiPhường Đại Mỗ, Quận Nam Từ Liêm, Hà Nội","7,30 tỷ","Phường Đại Mỗ, Quận Nam Từ Liêm, Hà Nội",36 m²,3 PN,4 WC,5,Sổ đỏ / Sổ hồng,17/04/202500:00
"Bán  Nhà riêng tạiPhố Bà Triệu, Phường Quang Trung, Hà Đông, Hà Nội",18 tỷ,"Phố Bà Triệu, Phường Quang Trung, Hà Đông, Hà Nội",58 m²,4 PN,,7,Sổ đỏ / Sổ hồng,17/04/202500:00
"Bán  Nhà riêng tạiPhường Hoàng Văn Thụ, Quận Hoàng Mai, Hà Nội","8,60 tỷ","Phường Hoàng Văn Thụ, Quận Hoàng Mai, Hà Nội",43 m²,6 PN,,5,Sổ đỏ / Sổ hồng,17/04/202500:00
"Bán  Nhà riêng tạiĐường Phúc Lợi, Phường Phúc Lợi, Long Biên, Hà Nội","7,30 tỷ","Đường Phúc Lợi, Phường Phúc Lợi, Long Biên, Hà Nội",45 m²,5 PN,2 WC,5,Sổ đỏ / Sổ hồng,17/04/202500:00
"Bán  Nhà riêng tạiÂu Cơ, Quảng An, Tây Hồ, Hà Nội",8 tỷ,"Âu Cơ, Quảng An, Tây Hồ, Hà Nội","41,5 m²",3 PN,,5,Sổ đỏ / Sổ hồng,17/04/202500:00
"Bán  Nhà riêng tạiĐường Kim Giang, Phường Đại Kim, Hoàng Mai, Hà Nội","12,60 tỷ","Đường Kim Giang, Phường Đại Kim, Hoàng Mai, Hà Nội",50 m²,,,,,17/04/202500:00
"Bán  Nhà riêng tạiPhường La Khê, Quận Hà Đông, Hà Nội","8,85 tỷ","Phường La Khê, Quận Hà Đông, Hà Nội",47 m²,2 PN,1 WC,1,Sổ đỏ / Sổ hồng,17/04/202500:00
"Bán  Nhà riêng tạiPhường Đại Kim, Hoàng Mai, Hà Nội","10,88 tỷ","Phường Đại Kim, Hoàng Mai, Hà Nội",70 m²,6 PN,7 WC,5,Sổ đỏ / Sổ hồng,17/04/202500:00
"Bán  Nhà riêng tạiTổ 16, Phường Thạch Bàn, Long Biên, Hà Nội","14,44 tỷ","Tổ 16, Phường Thạch Bàn, Long Biên, Hà Nội","80,2 m²",,,,Sổ đỏ / Sổ hồng,17/04/202500:00
"Bán  Nhà riêng tạiPhường Cầu Diễn, Quận Nam Từ Liêm, Hà Nội","10,90 tỷ","Phường Cầu Diễn, Quận Nam Từ Liêm, Hà Nội",60 m²,10 PN,10 WC,5,Sổ đỏ / Sổ hồng,17/04/202500:00
"Bán  Nhà riêng tạiNgõ 514, Đường Thụy Khuê, Phường Bưởi, Tây Hồ, Hà Nội","9,06 tỷ","Ngõ 514, Đường Thụy Khuê, Phường Bưởi, Tây Hồ, Hà Nội",38 m²,4 PN,3 WC,4,Sổ đỏ / Sổ hồng,17/04/202500:00
"Bán  Nhà biệt thự, liền kề tạiDự án Ciputra Hà Nội, đường Nguyễn Hoàng Tôn, Phường Phú Thượng, Tây Hồ, Hà Nội",96 tỷ,"Dự án Ciputra Hà Nội, đường Nguyễn Hoàng Tôn, Phường Phú Thượng, Tây Hồ, Hà Nội",198 m²,8 PN,9 WC,4,Sổ đỏ / Sổ hồng,17/04/202500:00
"Bán  Nhà riêng tạiĐường Tô Hiệu, Phường Hà Cầu, Hà Đông, Hà Nội","8,20 tỷ","Đường Tô Hiệu, Phường Hà Cầu, Hà Đông, Hà Nội",35 m²,3 PN,4 WC,5,Sổ đỏ / Sổ hồng,17/04/202500:00
"Bán  Nhà riêng tạiPhường Văn Quán, Quận Hà Đông, Hà Nội","5,35 tỷ","Phường Văn Quán, Quận Hà Đông, Hà Nội",32 m²,3 PN,4 WC,5,Sổ đỏ / Sổ hồng,17/04/202500:00
"Bán  Nhà riêng tạiPhường Tân Mai, Quận Hoàng Mai, Hà Nội",6 tỷ,"Phường Tân Mai, Quận Hoàng Mai, Hà Nội",30 m²,,,5,Sổ đỏ / Sổ hồng,17/04/202500:00
"Bán  Nhà riêng tạiĐường Hoàng Mai, Phường Hoàng Văn Thụ, Hoàng Mai, Hà Nội","5,68 tỷ","Đường Hoàng Mai, Phường Hoàng Văn Thụ, Hoàng Mai, Hà Nội",42 m²,2 PN,2 WC,3,Sổ đỏ / Sổ hồng,17/04/202500:00
"Bán  Nhà riêng tạiĐường Xuân Đỉnh, Phường Xuân Đỉnh, Bắc Từ Liêm, Hà Nội","9,20 tỷ","Đường Xuân Đỉnh, Phường Xuân Đỉnh, Bắc Từ Liêm, Hà Nội",60 m²,4 PN,3 WC,4,Sổ đỏ / Sổ hồng,17/04/202500:00
"Bán  Nhà riêng tạiĐường Võ Chí Công, Phường Xuân La, Tây Hồ, Hà Nội","21,50 tỷ","Đường Võ Chí Công, Phường Xuân La, Tây Hồ, Hà Nội",62 m²,5 PN,6 WC,7,Sổ đỏ / Sổ hồng,17/04/202500:00
"Bán  Nhà riêng tạiNgõ 514/22/8, Phố Trần Cung, Phường Cổ Nhuế 1, Bắc Từ Liêm, Hà Nội","7,10 tỷ","Ngõ 514/22/8, Phố Trần Cung, Phường Cổ Nhuế 1, Bắc Từ Liêm, Hà Nội",33 m²,4 PN,4 WC,5,Sổ đỏ / Sổ hồng,17/04/202500:00
"Bán  Nhà mặt phố tạiĐường Bế Văn Đàn, Phường Quang Trung, Hà Đông, Hà Nội","9,50 tỷ","Đường Bế Văn Đàn, Phường Quang Trung, Hà Đông, Hà Nội",51 m²,,,3,Sổ đỏ / Sổ hồng,17/04/202500:00
"Bán  Nhà riêng tạiĐồng Mai, Hà Đông, Hà Nội","7,60 tỷ","Đồng Mai, Hà Đông, Hà Nội",49 m²,,,3,Sổ đỏ / Sổ hồng,17/04/202500:00
"Bán  Nhà riêng tạiĐường Vũ Xuân Thiều, Phường Phúc Lợi, Long Biên, Hà Nội",10 tỷ,"Đường Vũ Xuân Thiều, Phường Phúc Lợi, Long Biên, Hà Nội",60 m²,3 PN,4 WC,4,Sổ đỏ / Sổ hồng,17/04/202500:00
"Bán  Nhà riêng tạiĐường Phan Đình Giót, Phường La Khê, Hà Đông, Hà Nội",9 tỷ,"Đường Phan Đình Giót, Phường La Khê, Hà Đông, Hà Nội",45 m²,4 PN,4 WC,5,Sổ đỏ / Sổ hồng,17/04/202500:00
"Bán  Nhà riêng tạiĐường Phúc Đồng, Phường Phúc Đồng, Long Biên, Hà Nội",13 tỷ,"Đường Phúc Đồng, Phường Phúc Đồng, Long Biên, Hà Nội",61 m²,3 PN,3 WC,4,Sổ đỏ / Sổ hồng,17/04/202500:00
"Bán  Nhà riêng tạiĐường Ngọc Trục, Phường Đại Mỗ, Nam Từ Liêm, Hà Nội",Thỏa thuận,"Đường Ngọc Trục, Phường Đại Mỗ, Nam Từ Liêm, Hà Nội",36 m²,,,,Sổ đỏ / Sổ hồng,17/04/202500:00
"Bán  Nhà biệt thự, liền kề tạiĐường Ngô Thì Nhậm, Phường Hà Cầu, Hà Đông, Hà Nội","19,50 tỷ","Đường Ngô Thì Nhậm, Phường Hà Cầu, Hà Đông, Hà Nội",205 m²,6 PN,7 WC,5,Sổ đỏ / Sổ hồng,17/04/202500:00
"Bán  Nhà riêng tạiĐường Phú Mỹ, Phường Mỹ Đình 2, Nam Từ Liêm, Hà Nội","13,20 tỷ","Đường Phú Mỹ, Phường Mỹ Đình 2, Nam Từ Liêm, Hà Nội",68 m²,4 PN,,4,Sổ đỏ / Sổ hồng,17/04/202500:00
"Bán  Nhà riêng tạiĐường Vĩnh Hưng, Phường Vĩnh Hưng, Hoàng Mai, Hà Nội","5,75 tỷ","Đường Vĩnh Hưng, Phường Vĩnh Hưng, Hoàng Mai, Hà Nội",35 m²,3 PN,,5,Sổ đỏ / Sổ hồng,17/04/202500:00
"Bán  Nhà riêng tạiNgõ 181, Đường Trần Phú, Phường Văn Quán, Hà Đông, Hà Nội",5 tỷ,"Ngõ 181, Đường Trần Phú, Phường Văn Quán, Hà Đông, Hà Nội",28 m²,3 PN,4 WC,5,Sổ đỏ / Sổ hồng,17/04/202500:00
"Bán  Nhà riêng tạiĐường Phạm Văn Đồng, Phường Cổ Nhuế 2, Bắc Từ Liêm, Hà Nội",30 tỷ,"Đường Phạm Văn Đồng, Phường Cổ Nhuế 2, Bắc Từ Liêm, Hà Nội","126,5 m²",22 PN,22 WC,7,Sổ đỏ / Sổ hồng,17/04/202500:00
"Bán  Nhà riêng tạiPhố Vạn Phúc, Phường Vạn Phúc, Hà Đông, Hà Nội","9,35 tỷ","Phố Vạn Phúc, Phường Vạn Phúc, Hà Đông, Hà Nội",60 m²,5 PN,4 WC,4,Sổ đỏ / Sổ hồng,17/04/202500:00
"Bán  Nhà riêng tạiĐường Cổ Linh, Phường Long Biên, Long Biên, Hà Nội","6,55 tỷ","Đường Cổ Linh, Phường Long Biên, Long Biên, Hà Nội",35 m²,3 PN,4 WC,5,Sổ đỏ / Sổ hồng,17/04/202500:00
"Bán  Nhà riêng tạiĐường Cầu Đơ 4, Phường Hà Cầu, Hà Đông, Hà Nội","5,45 tỷ","Đường Cầu Đơ 4, Phường Hà Cầu, Hà Đông, Hà Nội",34 m²,2 PN,1 WC,2,Sổ đỏ / Sổ hồng,17/04/202500:00
"Bán  Nhà riêng tạiĐường Nguyễn Văn Cừ, Phường Gia Thụy, Long Biên, Hà Nội","25,90 tỷ","Đường Nguyễn Văn Cừ, Phường Gia Thụy, Long Biên, Hà Nội",80 m²,4 PN,2 WC,3,Sổ đỏ / Sổ hồng,17/04/202500:00
"Bán  Nhà riêng tạiđường Tây Mỗ, Phường Tây Mỗ, Nam Từ Liêm, Hà Nội","5,50 tỷ","đường Tây Mỗ, Phường Tây Mỗ, Nam Từ Liêm, Hà Nội",47 m²,,,4,Sổ đỏ / Sổ hồng,17/04/202500:00
"Bán  Nhà riêng tạiPhố Sở Thượng, Phường Yên Sở, Hoàng Mai, Hà Nội","9,30 tỷ","Phố Sở Thượng, Phường Yên Sở, Hoàng Mai, Hà Nội",62 m²,4 PN,2 WC,3,Sổ đỏ / Sổ hồng,17/04/202500:00
"Bán  Nhà riêng tạiĐường Vĩnh Hưng, Phường Vĩnh Hưng, Hoàng Mai, Hà Nội","6,80 tỷ","Đường Vĩnh Hưng, Phường Vĩnh Hưng, Hoàng Mai, Hà Nội",30 m²,,,,Sổ đỏ / Sổ hồng,17/04/202500:00
"Bán  Nhà riêng tạiPhố Cầu Cốc, Phường Tây Mỗ, Nam Từ Liêm, Hà Nội",10 tỷ,"Phố Cầu Cốc, Phường Tây Mỗ, Nam Từ Liêm, Hà Nội",50 m²,12 PN,12 WC,7,Sổ đỏ / Sổ hồng,17/04/202500:00
"Bán  Nhà riêng tạiĐường Xuân Đỉnh, Phường Xuân Đỉnh, Bắc Từ Liêm, Hà Nội","6,50 tỷ","Đường Xuân Đỉnh, Phường Xuân Đỉnh, Bắc Từ Liêm, Hà Nội",33 m²,3 PN,,5,,17/04/202500:00
"Bán  Nhà riêng tạiĐường Kim Giang, Phường Đại Kim, Hoàng Mai, Hà Nội","14,50 tỷ","Đường Kim Giang, Phường Đại Kim, Hoàng Mai, Hà Nội",56 m²,,,6,,17/04/202500:00
"Bán  Nhà riêng tạiĐường Quang Trung, Phường Quang Trung, Hà Đông, Hà Nội","7,50 tỷ","Đường Quang Trung, Phường Quang Trung, Hà Đông, Hà Nội",40 m²,6 PN,4 WC,5,Sổ đỏ / Sổ hồng,17/04/202500:00
"Bán  Nhà riêng tạiĐường Xuân La, Phường Xuân La, Tây Hồ, Hà Nội","13,50 tỷ","Đường Xuân La, Phường Xuân La, Tây Hồ, Hà Nội",70 m²,4 PN,5 WC,5,Sổ đỏ / Sổ hồng,17/04/202500:00
"Bán  Nhà riêng tạiPhường Liên Mạc, Quận Bắc Từ Liêm, Hà Nội",4 tỷ,"Phường Liên Mạc, Quận Bắc Từ Liêm, Hà Nội",32 m²,3 PN,4 WC,5,Sổ đỏ / Sổ hồng,17/04/202500:00
"Bán  Nhà riêng tạiĐường Hoàng Như Tiếp, Phường Bồ Đề, Long Biên, Hà Nội","17,90 tỷ","Đường Hoàng Như Tiếp, Phường Bồ Đề, Long Biên, Hà Nội",80 m²,5 PN,,6,Sổ đỏ / Sổ hồng,17/04/202500:00
"Bán  Nhà riêng tạiPhường Đồng Mai, Hà Đông, Hà Nội",4 tỷ,"Phường Đồng Mai, Hà Đông, Hà Nội",36 m²,4 PN,,4,Sổ đỏ / Sổ hồng,17/04/202500:00
"Bán  Nhà mặt phố tạiĐường Chiến Thắng, Phường Văn Quán, Hà Đông, Hà Nội",14 tỷ,"Đường Chiến Thắng, Phường Văn Quán, Hà Đông, Hà Nội",35 m²,,,4,Sổ đỏ / Sổ hồng,17/04/202500:00
"Bán Nhà biệt thự, liền kề theo dự ánJade Square tại Dự án Jade Square, Đường Nguyễn Đình Tứ, Phường Xuân Đỉnh, Bắc Từ Liêm, Hà Nội","36,50 tỷ","Dự án Jade Square, Đường Nguyễn Đình Tứ, Phường Xuân Đỉnh, Bắc Từ Liêm, Hà Nội",120 m²,7 PN,4 WC,4,Hợp đồng mua bán,17/04/202500:00
"Bán  Nhà riêng tạiĐường Thanh Am, Phường Thượng Thanh, Long Biên, Hà Nội","4,70 tỷ","Đường Thanh Am, Phường Thượng Thanh, Long Biên, Hà Nội",37 m²,3 PN,4 WC,4,Sổ đỏ / Sổ hồng,17/04/202500:00
"Bán  Nhà riêng tạiPhường Thạch Bàn, Long Biên, Hà Nội","8,40 tỷ","Phường Thạch Bàn, Long Biên, Hà Nội",70 m²,4 PN,,3,Sổ đỏ / Sổ hồng,17/04/202500:00
"Bán  Nhà riêng tạiPhường Hoàng Liệt, Hoàng Mai, Hà Nội",16 tỷ,"Phường Hoàng Liệt, Hoàng Mai, Hà Nội",60 m²,3 PN,,4,Sổ đỏ / Sổ hồng,17/04/202500:00
"Bán  Nhà riêng tạiĐường Định Công Hạ, Phường Định Công, Hoàng Mai, Hà Nội","5,85 tỷ","Đường Định Công Hạ, Phường Định Công, Hoàng Mai, Hà Nội",32 m²,3 PN,4 WC,5,Sổ đỏ / Sổ hồng,17/04/202500:00
"Bán  Nhà riêng tạiĐường Lĩnh Nam, Phường Lĩnh Nam, Hoàng Mai, Hà Nội","5,45 tỷ","Đường Lĩnh Nam, Phường Lĩnh Nam, Hoàng Mai, Hà Nội",45 m²,4 PN,3 WC,4,Sổ đỏ / Sổ hồng,17/04/202500:00
"Bán  Nhà riêng tạiĐường Phú Diễn, Phường Cầu Diễn, Nam Từ Liêm, Hà Nội.","17,30 tỷ","Đường Phú Diễn, Phường Cầu Diễn, Nam Từ Liêm, Hà Nội.",115 m²,6 PN,,4,Sổ đỏ / Sổ hồng,17/04/202500:00
"Bán  Nhà riêng tạiĐường Đại Từ, Phường Đại Kim, Hoàng Mai, Hà Nội","5,98 tỷ","Đường Đại Từ, Phường Đại Kim, Hoàng Mai, Hà Nội",32 m²,3 PN,4 WC,5,Sổ đỏ / Sổ hồng,17/04/202500:00
"Bán  Nhà riêng tạiđường Mỹ Đình, Phường Mỹ Đình 2, Nam Từ Liêm, Hà Nội",Thỏa thuận,"đường Mỹ Đình, Phường Mỹ Đình 2, Nam Từ Liêm, Hà Nội",55 m²,,,,Sổ đỏ / Sổ hồng,17/04/202500:00
"Bán  Nhà riêng tạiPhường Cổ Nhuế 2, Bắc Từ Liêm, Hà Nội",15 tỷ,"Phường Cổ Nhuế 2, Bắc Từ Liêm, Hà Nội",71 m²,5 PN,,4,Sổ đỏ / Sổ hồng,17/04/202500:00
"Bán  Nhà biệt thự, liền kề tạiSố 1, đường Nguyễn Hoàng Tôn, Phường Xuân La, Tây Hồ, Hà Nội",42 tỷ,"Số 1, đường Nguyễn Hoàng Tôn, Phường Xuân La, Tây Hồ, Hà Nội",95 m²,4 PN,4 WC,4,Sổ đỏ / Sổ hồng,17/04/202500:00
"Bán  Nhà riêng tạiĐường Phùng Khoang, Phường Trung Văn, Nam Từ Liêm, Hà Nội","9,50 tỷ","Đường Phùng Khoang, Phường Trung Văn, Nam Từ Liêm, Hà Nội",48 m²,10 PN,10 WC,6,Sổ đỏ / Sổ hồng,17/04/202500:00
"Bán  Nhà riêng tạiĐường Ngọc Thụy, Phường Ngọc Thụy, Long Biên, Hà Nội","6,65 tỷ","Đường Ngọc Thụy, Phường Ngọc Thụy, Long Biên, Hà Nội",32 m²,3 PN,4 WC,5,Sổ đỏ / Sổ hồng,17/04/202500:00
"Bán  Nhà riêng tạiĐường Ngô Gia Tự, Phường Cự Khối, Long Biên, Hà Nội","9,80 tỷ","Đường Ngô Gia Tự, Phường Cự Khối, Long Biên, Hà Nội",48 m²,3 PN,,6,,17/04/202500:00
"Bán  Nhà riêng tạiĐường Bồ Đề, Phường Bồ Đề, Long Biên, Hà Nội","5,80 tỷ","Đường Bồ Đề, Phường Bồ Đề, Long Biên, Hà Nội",33 m²,3 PN,4 WC,5,Sổ đỏ / Sổ hồng,17/04/202500:00
"Bán  Nhà riêng tạiĐường Bồ Đề, Phường Bồ Đề, Long Biên, Hà Nội","6,50 tỷ","Đường Bồ Đề, Phường Bồ Đề, Long Biên, Hà Nội",30 m²,4 PN,4 WC,5,Sổ đỏ / Sổ hồng,17/04/202500:00
"Bán  Nhà riêng tạiTổ 15, Đường Yên Bình, Phường Yên Nghĩa, Hà Đông, Hà Nội",9 tỷ,"Tổ 15, Đường Yên Bình, Phường Yên Nghĩa, Hà Đông, Hà Nội",95 m²,4 PN,2 WC,3,Sổ đỏ / Sổ hồng,17/04/202500:00
"Bán  Nhà riêng tạiĐường Phúc Lợi, Phường Phúc Lợi, Long Biên, Hà Nội","5,90 tỷ","Đường Phúc Lợi, Phường Phúc Lợi, Long Biên, Hà Nội",40 m²,3 PN,4 WC,6,Sổ đỏ / Sổ hồng,17/04/202500:00
"Bán  Nhà riêng tạiĐường Kim Giang, Phường Đại Kim, Hoàng Mai, Hà Nội",16 tỷ,"Đường Kim Giang, Phường Đại Kim, Hoàng Mai, Hà Nội",72 m²,2 PN,5 WC,6,Sổ đỏ / Sổ hồng,17/04/202500:00
"Bán  Nhà riêng tạiĐường Ngọc Thụy, Phường Ngọc Thụy, Long Biên, Hà Nội","4,20 tỷ","Đường Ngọc Thụy, Phường Ngọc Thụy, Long Biên, Hà Nội",52 m²,1 PN,1 WC,1,Sổ đỏ / Sổ hồng,17/04/202500:00
"Bán  Nhà riêng tạiĐường Hoàng Như Tiếp, Phường Bồ Đề, Long Biên, Hà Nội","8,50 tỷ","Đường Hoàng Như Tiếp, Phường Bồ Đề, Long Biên, Hà Nội",35 m²,3 PN,4 WC,5,Sổ đỏ / Sổ hồng,17/04/202500:00
"Bán  Nhà riêng tạiĐường Tây Trà, Phường Lĩnh Nam, Hoàng Mai, Hà Nội","13,50 tỷ","Đường Tây Trà, Phường Lĩnh Nam, Hoàng Mai, Hà Nội",42 m²,4 PN,3 WC,4,Sổ đỏ / Sổ hồng,17/04/202500:00
"Bán  Nhà riêng tạiPhường Hoàng Liệt, Hoàng Mai, Hà Nội",24 tỷ,"Phường Hoàng Liệt, Hoàng Mai, Hà Nội",80 m²,,,4,Sổ đỏ / Sổ hồng,17/04/202500:00
"Bán  Nhà riêng tạiĐường Phố Trạm, Phường Long Biên, Long Biên, Hà Nội","7,30 tỷ","Đường Phố Trạm, Phường Long Biên, Long Biên, Hà Nội",50 m²,3 PN,2 WC,3,Sổ đỏ / Sổ hồng,17/04/202500:00
"Bán  Nhà riêng tạiĐường Lê Trọng Tấn, Phường Tương Mai, Hoàng Mai, Hà Nội","6,50 tỷ","Đường Lê Trọng Tấn, Phường Tương Mai, Hoàng Mai, Hà Nội",30 m²,,,5,Sổ đỏ / Sổ hồng,17/04/202500:00
"Bán  Nhà riêng tạiPhố Nguyễn Đổng Chi, Phường Cầu Diễn, Nam Từ Liêm, Hà Nội.","8,50 tỷ","Phố Nguyễn Đổng Chi, Phường Cầu Diễn, Nam Từ Liêm, Hà Nội.",40 m²,3 PN,3 WC,5,Sổ đỏ / Sổ hồng,17/04/202500:00
"Bán  Nhà riêng tạiNgõ 51, Đường Cầu Diễn, Phường Minh Khai, Bắc Từ Liêm, Hà Nội","13,50 tỷ","Ngõ 51, Đường Cầu Diễn, Phường Minh Khai, Bắc Từ Liêm, Hà Nội",57 m²,5 PN,6 WC,5,Sổ đỏ / Sổ hồng,17/04/202500:00
"Bán  Nhà riêng tạiPhố Cầu Cốc, Phường Tây Mỗ, Nam Từ Liêm, Hà Nội.","4,50 tỷ","Phố Cầu Cốc, Phường Tây Mỗ, Nam Từ Liêm, Hà Nội.",35 m²,4 PN,4 WC,5,Sổ đỏ / Sổ hồng,17/04/202500:00
"Bán  Nhà mặt phố tạiĐường Hoàng Mai, Phường Hoàng Văn Thụ, Hoàng Mai, Hà Nội","10,80 tỷ","Đường Hoàng Mai, Phường Hoàng Văn Thụ, Hoàng Mai, Hà Nội",65 m²,5 PN,4 WC,4,Sổ đỏ / Sổ hồng,17/04/202500:00
"Bán  Nhà riêng tạiĐường Tô Ngọc Vân, Phường Quảng An, Tây Hồ, Hà Nội","21,10 tỷ","Đường Tô Ngọc Vân, Phường Quảng An, Tây Hồ, Hà Nội",68 m²,4 PN,4 WC,3,Sổ đỏ / Sổ hồng,17/04/202500:00
"Bán  Nhà mặt phố tạiĐường Trịnh Công Sơn, Phường Nhật Tân, Tây Hồ, Hà Nội","14,80 tỷ","Đường Trịnh Công Sơn, Phường Nhật Tân, Tây Hồ, Hà Nội",56 m²,5 PN,5 WC,4,Sổ đỏ / Sổ hồng,17/04/202500:00
"Bán  Nhà riêng tạiĐường Giải Phóng, Phường Thịnh Liệt, Hoàng Mai, Hà Nội",16 tỷ,"Đường Giải Phóng, Phường Thịnh Liệt, Hoàng Mai, Hà Nội",77 m²,6 PN,4 WC,5,Sổ đỏ / Sổ hồng,17/04/202500:00
"Bán  Nhà riêng tạiPhố Việt Hưng, Phường Đức Giang, Long Biên, Hà Nội","5,60 tỷ","Phố Việt Hưng, Phường Đức Giang, Long Biên, Hà Nội",30 m²,3 PN,4 WC,5,Sổ đỏ / Sổ hồng,17/04/202500:00
"Bán  Nhà riêng tạiĐường Phạm Văn Đồng, Phường Xuân Đỉnh, Bắc Từ Liêm, Hà Nội",6 tỷ,"Đường Phạm Văn Đồng, Phường Xuân Đỉnh, Bắc Từ Liêm, Hà Nội","34,5 m²",3 PN,4 WC,6,Sổ đỏ / Sổ hồng,17/04/202500:00
"Bán  Nhà riêng tạiĐường Hoàng Công, Phường Kiến Hưng, Hà Đông, Hà Nội","13,60 tỷ","Đường Hoàng Công, Phường Kiến Hưng, Hà Đông, Hà Nội",50 m²,4 PN,3 WC,4,Sổ đỏ / Sổ hồng,17/04/202500:00
"Bán  Nhà riêng tạiPhường Thạch Bàn, Long Biên, Hà Nội","4,65 tỷ","Phường Thạch Bàn, Long Biên, Hà Nội",32 m²,3 PN,,7,Sổ đỏ / Sổ hồng,17/04/202500:00
"Bán  Nhà riêng tạiPhố Hưng Phúc, Phường Yên Sở, Hoàng Mai, Hà Nội","11,80 tỷ","Phố Hưng Phúc, Phường Yên Sở, Hoàng Mai, Hà Nội",48 m²,5 PN,5 WC,5,Sổ đỏ / Sổ hồng,17/04/202500:00
"Bán  Nhà riêng tạiĐường Ngọc Thụy, Phường Ngọc Thụy, Long Biên, Hà Nội","5,35 tỷ","Đường Ngọc Thụy, Phường Ngọc Thụy, Long Biên, Hà Nội","38,2 m²",4 PN,3 WC,4,Sổ đỏ / Sổ hồng,17/04/202500:00
"Bán  Nhà riêng tạiPhố Đại Đồng, Phường Thanh Trì, Hoàng Mai, Hà Nội","6,50 tỷ","Phố Đại Đồng, Phường Thanh Trì, Hoàng Mai, Hà Nội",50 m²,5 PN,5 WC,5,Sổ đỏ / Sổ hồng,17/04/202500:00
"Bán  Nhà riêng tạiPhường La Khê, Hà Đông, Hà Nội","14,30 tỷ","Phường La Khê, Hà Đông, Hà Nội",84 m²,,,4,,16/04/202500:00
"Bán  Nhà riêng tạiĐường Mậu Lương, Phường Kiến Hưng, Hà Đông, Hà Nội","5,40 tỷ","Đường Mậu Lương, Phường Kiến Hưng, Hà Đông, Hà Nội",35 m²,3 PN,4 WC,5,Sổ đỏ / Sổ hồng,17/04/202500:00
"Bán  Nhà riêng tạiPhường Ngọc Thụy, Long Biên, Hà Nội","5,55 tỷ","Phường Ngọc Thụy, Long Biên, Hà Nội",32 m²,3 PN,4 WC,4,Sổ đỏ / Sổ hồng,17/04/202500:00
"Bán  Nhà riêng tạiĐường Lạc Long Quân, Phường Bưởi, Tây Hồ, Hà Nội","7,50 tỷ","Đường Lạc Long Quân, Phường Bưởi, Tây Hồ, Hà Nội",40 m²,3 PN,4 WC,5,Sổ đỏ / Sổ hồng,17/04/202500:00
"Bán  Nhà riêng tạiĐường Trịnh Văn Bô, Phường Phương Canh, Nam Từ Liêm, Hà Nội",25 tỷ,"Đường Trịnh Văn Bô, Phường Phương Canh, Nam Từ Liêm, Hà Nội",105 m²,35 PN,,7,,16/04/202500:00
"Bán  Nhà riêng tạiNgõ 35, Phố Kẻ Vẽ, Phường Đông Ngạc, Bắc Từ Liêm, Hà Nội","5,50 tỷ","Ngõ 35, Phố Kẻ Vẽ, Phường Đông Ngạc, Bắc Từ Liêm, Hà Nội",50 m²,,,,Sổ đỏ / Sổ hồng,16/04/202500:00
"Bán  Nhà riêng tạiĐường Đại Mỗ, Phường Tây Mỗ, Nam Từ Liêm, Hà Nội.","6,10 tỷ","Đường Đại Mỗ, Phường Tây Mỗ, Nam Từ Liêm, Hà Nội.",60 m²,7 PN,8 WC,5,Sổ đỏ / Sổ hồng,17/04/202500:00
"Bán Nhà biệt thự, liền kề theo dự ánAn Quý Villa - KĐT Dương Nội tại Dự án An Quý Villa - KĐT Dương Nội, Phường Dương Nội, Hà Đông, Hà Nội",36 tỷ,"Dự án An Quý Villa - KĐT Dương Nội, Phường Dương Nội, Hà Đông, Hà Nội",198 m²,,,,,16/04/202500:00
"Bán Nhà biệt thự, liền kề theo dự ánKhu đô thị mới Đại Kim - Định Công tại Dự án KĐTM Đại Kim - Định Công, Phường Đại Kim, Hoàng Mai, Hà Nội","16,50 tỷ","Dự án KĐTM Đại Kim - Định Công, Phường Đại Kim, Hoàng Mai, Hà Nội",54 m²,6 PN,4 WC,5,Sổ đỏ / Sổ hồng,16/04/202500:00
"Bán  Nhà riêng tạiĐường Tây Mỗ, Phường Tây Mỗ, Nam Từ Liêm, Hà Nội.",Thỏa thuận,"Đường Tây Mỗ, Phường Tây Mỗ, Nam Từ Liêm, Hà Nội.",32 m²,,,5,Sổ đỏ / Sổ hồng,16/04/202500:00
"Bán  Nhà riêng tạiPhố Xốm, Phường Phú Lãm, Hà Đông, Hà Nội","4,15 tỷ","Phố Xốm, Phường Phú Lãm, Hà Đông, Hà Nội",41 m²,2 PN,2 WC,4,Sổ đỏ / Sổ hồng,16/04/202500:00
"Bán  Nhà riêng tạiPhường Mỗ Lao, Hà Đông, Hà Nội","13,30 tỷ","Phường Mỗ Lao, Hà Đông, Hà Nội",45 m²,5 PN,5 WC,5,Sổ đỏ / Sổ hồng,16/04/202500:00
"Bán  Nhà riêng tạiĐường Võ Chí Công, Phường Bưởi, Tây Hồ, Hà Nội","8,80 tỷ","Đường Võ Chí Công, Phường Bưởi, Tây Hồ, Hà Nội",48 m²,,,,Sổ đỏ / Sổ hồng,16/04/202500:00
"Bán  Nhà riêng tạiĐường Tân Mai, Phường Tân Mai, Hoàng Mai, Hà Nội","4,60 tỷ","Đường Tân Mai, Phường Tân Mai, Hoàng Mai, Hà Nội",30 m²,3 PN,3 WC,4,Hợp đồng mua bán,16/04/202500:00
"Bán  Nhà riêng tạiĐường Phùng Khoang, Phường Trung Văn, Nam Từ Liêm, Hà Nội","5,70 tỷ","Đường Phùng Khoang, Phường Trung Văn, Nam Từ Liêm, Hà Nội",30 m²,5 PN,3 WC,5,Sổ đỏ / Sổ hồng,16/04/202500:00
"Bán  Nhà riêng tạiPhường Phúc Đồng, Long Biên, Hà Nội","19,50 tỷ","Phường Phúc Đồng, Long Biên, Hà Nội",85 m²,4 PN,4 WC,5,Sổ đỏ / Sổ hồng,16/04/202500:00
"Bán  Nhà riêng tạiĐường Phú Mỹ, Phường Mỹ Đình 2, Nam Từ Liêm, Hà Nội","8,50 tỷ","Đường Phú Mỹ, Phường Mỹ Đình 2, Nam Từ Liêm, Hà Nội",45 m²,6 PN,5 WC,5,Sổ đỏ / Sổ hồng,16/04/202500:00
"Bán  Nhà riêng tạiĐường Trương Định, Phường Thịnh Liệt, Hoàng Mai, Hà Nội","15,50 tỷ","Đường Trương Định, Phường Thịnh Liệt, Hoàng Mai, Hà Nội",66 m²,,,7,Sổ đỏ / Sổ hồng,16/04/202500:00
"Bán  Nhà riêng tạiPhố Yên Hoa, Phường Yên Phụ, Tây Hồ, Hà Nội",22 tỷ,"Phố Yên Hoa, Phường Yên Phụ, Tây Hồ, Hà Nội",60 m²,10 PN,8 WC,9,Sổ đỏ / Sổ hồng,16/04/202500:00
"Bán  Nhà riêng tạiĐường Nam Dư, Phường Lĩnh Nam, Hoàng Mai, Hà Nội","5,39 tỷ","Đường Nam Dư, Phường Lĩnh Nam, Hoàng Mai, Hà Nội",31 m²,4 PN,4 WC,5,Sổ đỏ / Sổ hồng,16/04/202500:00
"Bán  Nhà riêng tạiPhường Ngọc Thụy, Long Biên, Hà Nội","6,55 tỷ","Phường Ngọc Thụy, Long Biên, Hà Nội",35 m²,3 PN,,5,Sổ đỏ / Sổ hồng,16/04/202500:00
"Bán  Nhà riêng tạiĐường Quang Trung, Phường Phú La, Hà Đông, Hà Nội","6,40 tỷ","Đường Quang Trung, Phường Phú La, Hà Đông, Hà Nội",34 m²,5 PN,5 WC,5,Sổ đỏ / Sổ hồng,16/04/202500:00
"Bán  Nhà riêng tạiĐường Lạc Long Quân, Phường Xuân La, Tây Hồ, Hà Nội",42 tỷ,"Đường Lạc Long Quân, Phường Xuân La, Tây Hồ, Hà Nội",95 m²,4 PN,4 WC,4,Sổ đỏ / Sổ hồng,16/04/202500:00
"Bán  Nhà riêng tạiĐường Hà Trì, Phường Hà Cầu, Hà Đông, Hà Nội","7,35 tỷ","Đường Hà Trì, Phường Hà Cầu, Hà Đông, Hà Nội",54 m²,3 PN,3 WC,3,Sổ đỏ / Sổ hồng,16/04/202500:00
"Bán  Nhà riêng tạiPhố Đỗ Nhuận, Phường Xuân Đỉnh, Bắc Từ Liêm, Hà Nội","56,90 tỷ","Phố Đỗ Nhuận, Phường Xuân Đỉnh, Bắc Từ Liêm, Hà Nội",145 m²,,,9,Sổ đỏ / Sổ hồng,16/04/202500:00
"Bán Nhà biệt thự, liền kề theo dự ánKhu đô thị Xuân Phương tại Dự án Khu đô thị Xuân Phương, Đường 70, Phường Xuân Phương, Nam Từ Liêm, Hà Nội.",15 tỷ,"Dự án Khu đô thị Xuân Phương, Đường 70, Phường Xuân Phương, Nam Từ Liêm, Hà Nội.",75 m²,6 PN,,5,Sổ đỏ / Sổ hồng,16/04/202500:00
"Bán  Nhà riêng tạiPhố Thượng Cát, Phường Tây Tựu, Bắc Từ Liêm, Hà Nội","4,35 tỷ","Phố Thượng Cát, Phường Tây Tựu, Bắc Từ Liêm, Hà Nội",35 m²,5 PN,,5,Sổ đỏ / Sổ hồng,16/04/202500:00
"Bán  Nhà riêng tạiĐường Xuân Đỉnh, Phường Xuân Đỉnh, Bắc Từ Liêm, Hà Nội","7,80 tỷ","Đường Xuân Đỉnh, Phường Xuân Đỉnh, Bắc Từ Liêm, Hà Nội",33 m²,4 PN,3 WC,6,Sổ đỏ / Sổ hồng,16/04/202500:00
"Bán  Nhà mặt phố tạiĐường Yên Phụ, Phường Yên Phụ, Tây Hồ, Hà Nội","34,90 tỷ","Đường Yên Phụ, Phường Yên Phụ, Tây Hồ, Hà Nội",85 m²,,,6,Sổ đỏ / Sổ hồng,16/04/202500:00
"Bán  Nhà riêng tạiPhường Xuân La, Tây Hồ, Hà Nội",Thỏa thuận,"Phường Xuân La, Tây Hồ, Hà Nội",85 m²,,,7,Sổ đỏ / Sổ hồng,16/04/202500:00
"Bán  Nhà riêng tạiĐường Ngô Quyền, Phường Quang Trung, Hà Đông, Hà Nội","9,50 tỷ","Đường Ngô Quyền, Phường Quang Trung, Hà Đông, Hà Nội",55 m²,4 PN,3 WC,4,Sổ đỏ / Sổ hồng,16/04/202500:00
"Bán Nhà biệt thự, liền kề theo dự ánKhu A - Geleximco Lê Trọng Tấn tại Dự án Geleximco Lê Trọng Tấn, Đường Lê Trọng Tấn, Phường Dương Nội, Hà Đông, Hà Nội","20,50 tỷ","Dự án Geleximco Lê Trọng Tấn, Đường Lê Trọng Tấn, Phường Dương Nội, Hà Đông, Hà Nội",102 m²,6 PN,6 WC,4,Sổ đỏ / Sổ hồng,16/04/202500:00
"Bán Nhà riêng theo dự ánKhu đô thị Đại Kim tại KĐT Đại Kim, Đường Nghiêm Xuân Yêm, Phường Đại Kim, Hoàng Mai, Hà Nội","21,50 tỷ","KĐT Đại Kim, Đường Nghiêm Xuân Yêm, Phường Đại Kim, Hoàng Mai, Hà Nội",52 m²,4 PN,3 WC,4,Sổ đỏ / Sổ hồng,16/04/202500:00
"Bán Nhà biệt thự, liền kề theo dự ánSol Lake Villa tại Dự án Sol Lake Villa, Phường Yên Nghĩa, Hà Đông, Hà Nội",Thỏa thuận,"Dự án Sol Lake Villa, Phường Yên Nghĩa, Hà Đông, Hà Nội",250 m²,4 PN,4 WC,4,Sổ đỏ / Sổ hồng,16/04/202500:00
"Bán  Nhà riêng tạiPhố Văn Hội, Phường Đức Thắng, Bắc Từ Liêm, Hà Nội","9,30 tỷ","Phố Văn Hội, Phường Đức Thắng, Bắc Từ Liêm, Hà Nội",52 m²,,,4,Sổ đỏ / Sổ hồng,16/04/202500:00
"Bán  Nhà mặt phố tạiPhố Vũ Miên, Phường Yên Phụ, Tây Hồ, Hà Nội",42 tỷ,"Phố Vũ Miên, Phường Yên Phụ, Tây Hồ, Hà Nội",150 m²,4 PN,4 WC,4,Sổ đỏ / Sổ hồng,16/04/202500:00
"Bán  Nhà riêng tạiĐường Thụy Phương, Phường Thụy Phương, Bắc Từ Liêm, Hà Nội","9,50 tỷ","Đường Thụy Phương, Phường Thụy Phương, Bắc Từ Liêm, Hà Nội",43 m²,3 PN,4 WC,7,Sổ đỏ / Sổ hồng,16/04/202500:00
"Bán  Nhà riêng tạiđường Mỹ Đình, Phường Mỹ Đình 1, Nam Từ Liêm, Hà Nội","12,30 tỷ","đường Mỹ Đình, Phường Mỹ Đình 1, Nam Từ Liêm, Hà Nội",50 m²,12 PN,12 WC,8,Sổ đỏ / Sổ hồng,16/04/202500:00
"Bán  Nhà mặt phố tạiĐường Bát Khối, Phường Long Biên, Long Biên, Hà Nội","7,50 tỷ","Đường Bát Khối, Phường Long Biên, Long Biên, Hà Nội",40 m²,4 PN,5 WC,6,Sổ đỏ / Sổ hồng,16/04/202500:00
"Bán  Nhà riêng tạiĐường Trịnh Văn Bô, Phường Phương Canh, Nam Từ Liêm, Hà Nội","9,20 tỷ","Đường Trịnh Văn Bô, Phường Phương Canh, Nam Từ Liêm, Hà Nội",51 m²,,,5,Sổ đỏ / Sổ hồng,16/04/202500:00
"Bán  Nhà riêng tạiĐường Kim Đồng, Phường Giáp Bát, Hoàng Mai, Hà Nội","22,50 tỷ","Đường Kim Đồng, Phường Giáp Bát, Hoàng Mai, Hà Nội",60 m²,6 PN,3 WC,5,Sổ đỏ / Sổ hồng,16/04/202500:00
"Bán  Nhà riêng tạiĐường Quang Lãm, Phường Phú Lãm, Hà Đông, Hà Nội","4,85 tỷ","Đường Quang Lãm, Phường Phú Lãm, Hà Đông, Hà Nội",34 m²,2 PN,,3,Sổ đỏ / Sổ hồng,16/04/202500:00
"Bán  Nhà riêng tạiĐường 32, Phường Phương Canh, Nam Từ Liêm, Hà Nội","7,70 tỷ","Đường 32, Phường Phương Canh, Nam Từ Liêm, Hà Nội",40 m²,4 PN,5 WC,6,Sổ đỏ / Sổ hồng,16/04/202500:00
"Bán  Nhà riêng tạiĐường Quang Trung, Phường La Khê, Hà Đông, Hà Nội","6,90 tỷ","Đường Quang Trung, Phường La Khê, Hà Đông, Hà Nội",35 m²,4 PN,4 WC,5,Sổ đỏ / Sổ hồng,16/04/202500:00
"Bán  Nhà riêng tạiĐường Lĩnh Nam, Phường Vĩnh Hưng, Hoàng Mai, Hà Nội","6,50 tỷ","Đường Lĩnh Nam, Phường Vĩnh Hưng, Hoàng Mai, Hà Nội",41 m²,5 PN,4 WC,5,Sổ đỏ / Sổ hồng,16/04/202500:00
"Bán  Nhà riêng tạiĐường Kim Giang, Phường Đại Kim, Hoàng Mai, Hà Nội",6 tỷ,"Đường Kim Giang, Phường Đại Kim, Hoàng Mai, Hà Nội",35 m²,6 PN,3 WC,5,Sổ đỏ / Sổ hồng,16/04/202500:00
"Bán  Nhà riêng tạiĐường Trương Định, Phường Thịnh Liệt, Hoàng Mai, Hà Nội","7,50 tỷ","Đường Trương Định, Phường Thịnh Liệt, Hoàng Mai, Hà Nội",75 m²,4 PN,3 WC,4,Sổ đỏ / Sổ hồng,16/04/202500:00
"Bán  Nhà mặt phố tạiĐường Xuân La, Phường Xuân La, Tây Hồ, Hà Nội","11,30 tỷ","Đường Xuân La, Phường Xuân La, Tây Hồ, Hà Nội",50 m²,6 PN,4 WC,5,Sổ đỏ / Sổ hồng,16/04/202500:00
"Bán  Nhà mặt phố tạiĐường Quang Trung, Phường Quang Trung, Hà Đông, Hà Nội",22 tỷ,"Đường Quang Trung, Phường Quang Trung, Hà Đông, Hà Nội",75 m²,8 PN,6 WC,6,Sổ đỏ / Sổ hồng,16/04/202500:00
"Bán  Nhà riêng tạiĐường Hà Trì 4, Phường Hà Cầu, Hà Đông, Hà Nội","4,85 tỷ","Đường Hà Trì 4, Phường Hà Cầu, Hà Đông, Hà Nội",38 m²,4 PN,3 WC,3,Sổ đỏ / Sổ hồng,16/04/202500:00
"Bán Nhà biệt thự, liền kề theo dự ánKhu đô thị mới Văn Phú tại KĐT Văn Phú, Đường Lê Trọng Tấn, Phường Phú La, Quận Hà Đông, Hà Nội",34 tỷ,"KĐT Văn Phú, Đường Lê Trọng Tấn, Phường Phú La, Quận Hà Đông, Hà Nội",200 m²,5 PN,5 WC,3,Sổ đỏ / Sổ hồng,16/04/202500:00
"Bán  Nhà riêng tạiNgõ 447, Đường Ngọc Lâm, Phường Ngọc Lâm, Long Biên, Hà Nội","13,40 tỷ","Ngõ 447, Đường Ngọc Lâm, Phường Ngọc Lâm, Long Biên, Hà Nội",48 m²,4 PN,4 WC,5,Sổ đỏ / Sổ hồng,16/04/202500:00
"Bán  Nhà riêng tạiĐường Quốc lộ 70, Phường Tây Tựu, Bắc Từ Liêm, Hà Nội",24 tỷ,"Đường Quốc lộ 70, Phường Tây Tựu, Bắc Từ Liêm, Hà Nội",130 m²,39 PN,36 WC,7,Sổ đỏ / Sổ hồng,16/04/202500:00
"Bán  Nhà riêng tạiĐường Ngọc Thụy, Phường Ngọc Thụy, Long Biên, Hà Nội","11,80 tỷ","Đường Ngọc Thụy, Phường Ngọc Thụy, Long Biên, Hà Nội",39 m²,4 PN,3 WC,4,Sổ đỏ / Sổ hồng,16/04/202500:00
"Bán  Nhà riêng tạiĐường Đức Diễn, Phường Phú Diễn, Bắc Từ Liêm, Hà Nội","6,69 tỷ","Đường Đức Diễn, Phường Phú Diễn, Bắc Từ Liêm, Hà Nội",43 m²,5 PN,4 WC,5,Sổ đỏ / Sổ hồng,16/04/202500:00
"Bán  Nhà riêng tạiĐường Nam Dư, Phường Lĩnh Nam, Hoàng Mai, Hà Nội","5,20 tỷ","Đường Nam Dư, Phường Lĩnh Nam, Hoàng Mai, Hà Nội",30 m²,2 PN,2 WC,4,Sổ đỏ / Sổ hồng,16/04/202500:00
